# CAD visual only; metres; body-local coordinates
v 0.0722097434 -0.0270454656 -0.024499998
v 0.0722097434 -0.0270454656 0.009499998
v 0.0721328014 -0.0267770816 -0.024499998
v 0.0721328014 -0.0267770816 0.009499998
v 0.0720747414 -0.0265039876 -0.024499998
v 0.0720747414 -0.0265039876 0.009499998
v 0.0720437854 -0.0262968786 -0.024499998
v 0.0720437854 -0.0262968786 0.009499998
v 0.0720194664 -0.0260187396 -0.024499998
v 0.0720194664 -0.0260187396 0.009499998
v 0.0720139734 -0.0258093986 -0.024499998
v 0.0720139734 -0.0258093986 0.009499998
v 0.0720237204 -0.0255303726 -0.024499998
v 0.0720237204 -0.0255303726 0.009499998
v 0.0720529024 -0.0252527006 -0.024499998
v 0.0720529024 -0.0252527006 0.009499998
v 0.0720874634 -0.0250461636 -0.024499998
v 0.0720874634 -0.0250461636 0.009499998
v 0.0721502724 -0.0247741176 -0.024499998
v 0.0721502724 -0.0247741176 0.009499998
v 0.0722319074 -0.0245071276 -0.024499998
v 0.0722319074 -0.0245071276 0.009499998
v 0.0724188084 -0.0275628816 -0.024499998
v 0.0724188084 -0.0275628816 0.009499998
v 0.0723052444 -0.0273078206 -0.024499998
v 0.0723052444 -0.0273078206 0.009499998
v 0.0722552154 -0.0271774826 -0.024499998
v 0.0722552154 -0.0271774826 0.009499998
v 0.0723052444 -0.0243109756 -0.024499998
v 0.0723052444 -0.0243109756 0.009499998
v 0.0724188084 -0.0240559156 -0.024499998
v 0.0724188084 -0.0240559156 0.009499998
v 0.0724821894 -0.0239315086 -0.024499998
v 0.0724821894 -0.0239315086 0.009499998
v 0.0726978344 -0.0280461656 -0.024499998
v 0.0726978344 -0.0280461656 0.009499998
v 0.0725498814 -0.0278093966 -0.024499998
v 0.0725498814 -0.0278093966 0.009499998
v 0.0725154914 -0.0277486376 -0.024499998
v 0.0725154914 -0.0277486376 0.009499998
v 0.0725498814 -0.0238094006 -0.024499998
v 0.0725498814 -0.0238094006 0.009499998
v 0.0727373734 -0.0235150966 -0.024499998
v 0.0727373734 -0.0235150966 0.009499998
v 0.0728619424 -0.0282720426 -0.024499998
v 0.0728619424 -0.0282720426 0.009499998
v 0.0727779044 -0.0281605396 -0.024499998
v 0.0727779044 -0.0281605396 0.009499998
v 0.0729053924 -0.0232921176 -0.024499998
v 0.0729053924 -0.0232921176 0.009499998
v 0.0729951324 -0.0231851636 -0.024499998
v 0.0729951324 -0.0231851636 0.009499998
v 0.0731855434 -0.0286378246 -0.024499998
v 0.0731855434 -0.0286378246 0.009499998
v 0.0730414054 -0.0284859236 -0.024499998
v 0.0730414054 -0.0284859236 0.009499998
v 0.0731366204 -0.0230307636 -0.024499998
v 0.0731366204 -0.0230307636 0.009499998
v 0.0732353444 -0.0229320386 -0.024499998
v 0.0732353444 -0.0229320386 0.009499998
v 0.0733374634 -0.0287819726 -0.024499998
v 0.0733374634 -0.0287819726 0.009499998
v 0.0732859844 -0.0287348136 -0.024499998
v 0.0732859844 -0.0287348136 0.009499998
v 0.0733897444 -0.0227905616 -0.024499998
v 0.0733897444 -0.0227905616 0.009499998
v 0.0734966894 -0.0227008106 -0.024499998
v 0.0734966894 -0.0227008106 0.009499998
v 0.0736067244 -0.0290039406 -0.024499998
v 0.0736067244 -0.0290039406 0.009499998
v 0.0735513344 -0.0289614446 -0.024499998
v 0.0735513344 -0.0289614446 0.009499998
v 0.0737196774 -0.0225327926 -0.024499998
v 0.0737196774 -0.0225327926 0.009499998
v 0.0737772034 -0.0291255436 -0.024499998
v 0.0737772034 -0.0291255436 0.009499998
v 0.0739538234 -0.0223807296 -0.024499998
v 0.0739538234 -0.0223807296 0.009499998
v 0.0740139814 -0.0292734966 -0.024499998
v 0.0740139814 -0.0292734966 0.009499998
v 0.0741360894 -0.0222776086 -0.024499998
v 0.0741360894 -0.0222776086 0.009499998
v 0.0741980214 -0.0222453746 -0.024499998
v 0.0741980214 -0.0222453746 0.009499998
v 0.0742604874 -0.0294045696 -0.024499998
v 0.0742604874 -0.0294045696 0.009499998
v 0.0744992684 -0.0265811786 -0.024499998
v 0.0744992684 -0.0265811786 0.009499998
v 0.0744491234 -0.0264736416 -0.024499998
v 0.0744491234 -0.0264736416 0.009499998
v 0.0743719144 -0.0262493856 -0.024499998
v 0.0743719144 -0.0262493856 0.009499998
v 0.0743232964 -0.0259870966 -0.024499998
v 0.0743232964 -0.0259870966 0.009499998
v 0.0743163154 -0.0257204296 -0.024499998
v 0.0743163154 -0.0257204296 0.009499998
v 0.0743452114 -0.0254850246 -0.024499998
v 0.0743452114 -0.0254850246 0.009499998
v 0.0744165084 -0.0252279626 -0.024499998
v 0.0744165084 -0.0252279626 0.009499998
v 0.0744510504 -0.0221273766 -0.024499998
v 0.0744510504 -0.0221273766 0.009499998
v 0.0745155564 -0.0295181326 -0.024499998
v 0.0745155564 -0.0295181326 0.009499998
v 0.0747309724 -0.0269247016 -0.024499998
v 0.0747309724 -0.0269247016 0.009499998
v 0.0745882454 -0.0267352826 -0.024499998
v 0.0745882454 -0.0267352826 0.009499998
v 0.0745129624 -0.0250112966 -0.024499998
v 0.0745129624 -0.0250112966 0.009499998
v 0.0745271344 -0.0249852236 -0.024499998
v 0.0745271344 -0.0249852236 0.009499998
v 0.0746928254 -0.0247395566 -0.024499998
v 0.0746928254 -0.0247395566 0.009499998
v 0.0747117084 -0.0220273266 -0.024499998
v 0.0747117084 -0.0220273266 0.009499998
v 0.0747779124 -0.0296136246 -0.024499998
v 0.0747779124 -0.0296136246 0.009499998
v 0.0749908874 -0.0271670776 -0.024499998
v 0.0749908874 -0.0271670776 0.009499998
v 0.0747910924 -0.0269903146 -0.024499998
v 0.0747910924 -0.0269903146 0.009499998
v 0.0747506374 -0.0246718746 -0.024499998
v 0.0747506374 -0.0246718746 0.009499998
v 0.0749441384 -0.0244882446 -0.024499998
v 0.0749441384 -0.0244882446 0.009499998
v 0.0747779124 -0.0220051726 -0.024499998
v 0.0747779124 -0.0220051726 0.009499998
v 0.0749786994 -0.0219456916 -0.024499998
v 0.0749786994 -0.0219456916 0.009499998
v 0.0750462954 -0.0296905766 -0.024499998
v 0.0750462954 -0.0296905766 0.009499998
v 0.0752421994 -0.0273241096 -0.024499998
v 0.0752421994 -0.0273241096 0.009499998
v 0.0750880854 -0.0272351416 -0.024499998
v 0.0750880854 -0.0272351416 0.009499998
v 0.0750147484 -0.0244340666 -0.024499998
v 0.0750147484 -0.0244340666 0.009499998
v 0.0751823274 -0.0218968066 -0.024499998
v 0.0751823274 -0.0218968066 0.009499998
v 0.0753882454 -0.0297601466 -0.024499998
v 0.0753882454 -0.0297601466 0.009499998
v 0.0752507444 -0.0297359046 -0.024499998
v 0.0752507444 -0.0297359046 0.009499998
v 0.0754886474 -0.0274261906 -0.024499998
v 0.0754886474 -0.0274261906 0.009499998
v 0.0752687494 -0.0242814496 -0.024499998
v 0.0752687494 -0.0242814496 0.009499998
v 0.0753497354 -0.0242445426 -0.024499998
v 0.0753497354 -0.0242445426 0.009499998
v 0.0754572914 -0.0218483216 -0.024499998
v 0.0754572914 -0.0218483216 0.009499998
v 0.0755265084 -0.0297795826 -0.024499998
v 0.0755265084 -0.0297795826 0.009499998
v 0.0757480474 -0.0274884656 -0.024499998
v 0.0757480474 -0.0274884656 0.009499998
v 0.0755169524 -0.0241836796 -0.024499998
v 0.0755169524 -0.0241836796 0.009499998
v 0.0757349434 -0.0218191396 -0.024499998
v 0.0757349434 -0.0218191396 0.009499998
v 0.0758046384 -0.0298039206 -0.024499998
v 0.0758046384 -0.0298039206 0.009499998
v 0.0759843104 -0.0275091416 -0.024499998
v 0.0759843104 -0.0275091416 0.009499998
v 0.0758067934 -0.0274967246 -0.024499998
v 0.0758067934 -0.0274967246 0.009499998
v 0.0757773824 -0.0241259436 -0.024499998
v 0.0757773824 -0.0241259436 0.009499998
v 0.0759441604 -0.0218100026 -0.024499998
v 0.0759441604 -0.0218100026 0.009499998
v 0.0760139694 -0.0298093946 -0.024499998
v 0.0760139694 -0.0298093946 0.009499998
v 0.0761916774 -0.0275000816 -0.024499998
v 0.0761916774 -0.0275000816 0.009499998
v 0.0762211654 -0.0274967246 -0.024499998
v 0.0762211654 -0.0274967246 0.009499998
v 0.0760139694 -0.0241093976 -0.024499998
v 0.0760139694 -0.0241093976 0.009499998
v 0.0762233204 -0.0218148766 -0.024499998
v 0.0762233204 -0.0218148766 0.009499998
v 0.0762929954 -0.0297996576 -0.024499998
v 0.0762929954 -0.0297996576 0.009499998
v 0.0764825674 -0.0274435386 -0.024499998
v 0.0764825674 -0.0274435386 0.009499998
v 0.0762505764 -0.0241259436 -0.024499998
v 0.0762505764 -0.0241259436 0.009499998
v 0.0764320984 -0.0218313076 -0.024499998
v 0.0764320984 -0.0218313076 0.009499998
v 0.0765014504 -0.0297795826 -0.024499998
v 0.0765014504 -0.0297795826 0.009499998
v 0.0767085694 -0.0297486266 -0.024499998
v 0.0767085694 -0.0297486266 0.009499998
v 0.0767324294 -0.0273501166 -0.024499998
v 0.0767324294 -0.0273501166 0.009499998
v 0.0767054214 -0.0242563686 -0.024499998
v 0.0767054214 -0.0242563686 0.009499998
v 0.0765110054 -0.0241836796 -0.024499998
v 0.0765110054 -0.0241836796 0.009499998
v 0.0767085694 -0.0218701706 -0.024499998
v 0.0767085694 -0.0218701706 0.009499998
v 0.0767772144 -0.0297359046 -0.024499998
v 0.0767772144 -0.0297359046 0.009499998
v 0.0769148484 -0.0272510776 -0.024499998
v 0.0769148484 -0.0272510776 0.009499998
v 0.0769890634 -0.0272019536 -0.024499998
v 0.0769890634 -0.0272019536 0.009499998
v 0.0767592094 -0.0242814496 -0.024499998
v 0.0767592094 -0.0242814496 0.009499998
v 0.0769816634 -0.0219282106 -0.024499998
v 0.0769816634 -0.0219282106 0.009499998
v 0.0770492594 -0.0296731046 -0.024499998
v 0.0770492594 -0.0296731046 0.009499998
v 0.0772160574 -0.0270114766 -0.024499998
v 0.0772160574 -0.0270114766 0.009499998
v 0.0772368474 -0.0269903146 -0.024499998
v 0.0772368474 -0.0269903146 0.009499998
v 0.0772160574 -0.0246073206 -0.024499998
v 0.0772160574 -0.0246073206 0.009499998
v 0.0770132104 -0.0244340666 -0.024499998
v 0.0770132104 -0.0244340666 0.009499998
v 0.0771834604 -0.0219841816 -0.024499998
v 0.0771834604 -0.0219841816 0.009499998
v 0.0772500464 -0.0296136246 -0.024499998
v 0.0772500464 -0.0296136246 0.009499998
v 0.0774233474 -0.0267600206 -0.024499998
v 0.0774233474 -0.0267600206 0.009499998
v 0.0774862144 -0.0266593986 -0.024499998
v 0.0774862144 -0.0266593986 0.009499998
v 0.0773535964 -0.0247627696 -0.024499998
v 0.0773535964 -0.0247627696 0.009499998
v 0.0772572754 -0.0246499976 -0.024499998
v 0.0772572754 -0.0246499976 0.009499998
v 0.0774474564 -0.0220750766 -0.024499998
v 0.0774474564 -0.0220750766 0.009499998
v 0.0775124024 -0.0295181326 -0.024499998
v 0.0775124024 -0.0295181326 0.009499998
v 0.0775769084 -0.0294914206 -0.024499998
v 0.0775769084 -0.0294914206 0.009499998
v 0.0775670094 -0.0265008506 -0.024499998
v 0.0775670094 -0.0265008506 0.009499998
v 0.0776481284 -0.0262779766 -0.024499998
v 0.0776481284 -0.0262779766 0.009499998
v 0.0777013054 -0.0260165746 -0.024499998
v 0.0777013054 -0.0260165746 0.009499998
v 0.0777129404 -0.0257500706 -0.024499998
v 0.0777129404 -0.0257500706 0.009499998
v 0.0776881454 -0.0255141976 -0.024499998
v 0.0776881454 -0.0255141976 0.009499998
v 0.0776213684 -0.0252559336 -0.024499998
v 0.0776213684 -0.0252559336 0.009499998
v 0.0775149964 -0.0250112966 -0.024499998
v 0.0775149964 -0.0250112966 0.009499998
v 0.0775008244 -0.0249852236 -0.024499998
v 0.0775008244 -0.0249852236 0.009499998
v 0.0777044524 -0.0221841676 -0.024499998
v 0.0777044524 -0.0221841676 0.009499998
v 0.0777674714 -0.0294045696 -0.024499998
v 0.0777674714 -0.0294045696 0.009499998
v 0.0779532094 -0.0223109206 -0.024499998
v 0.0779532094 -0.0223109206 0.009499998
v 0.0778299374 -0.0222453746 -0.024499998
v 0.0778299374 -0.0222453746 0.009499998
v 0.0780139774 -0.0292734966 -0.024499998
v 0.0780139774 -0.0292734966 0.009499998
v 0.0780741354 -0.0292380676 -0.024499998
v 0.0780741354 -0.0292380676 0.009499998
v 0.0781925434 -0.0224547156 -0.024499998
v 0.0781925434 -0.0224547156 0.009499998
v 0.0782507554 -0.0291255436 -0.024499998
v 0.0782507554 -0.0291255436 0.009499998
v 0.0784766234 -0.0289614446 -0.024499998
v 0.0784766234 -0.0289614446 0.009499998
v 0.0784766234 -0.0226573516 -0.024499998
v 0.0784766234 -0.0226573516 0.009499998
v 0.0782507554 -0.0224932436 -0.024499998
v 0.0782507554 -0.0224932436 0.009499998
v 0.0785312694 -0.0289179856 -0.024499998
v 0.0785312694 -0.0289179856 0.009499998
v 0.0787419744 -0.0287348136 -0.024499998
v 0.0787419744 -0.0287348136 0.009499998
v 0.0787419744 -0.0228839836 -0.024499998
v 0.0787419744 -0.0228839836 0.009499998
v 0.0785851334 -0.0227452236 -0.024499998
v 0.0785851334 -0.0227452236 0.009499998
v 0.0787926144 -0.0286867576 -0.024499998
v 0.0787926144 -0.0286867576 0.009499998
v 0.0789865534 -0.0284859236 -0.024499998
v 0.0789865534 -0.0284859236 0.009499998
v 0.0789865534 -0.0231328736 -0.024499998
v 0.0789865534 -0.0231328736 0.009499998
v 0.0788424154 -0.0229809716 -0.024499998
v 0.0788424154 -0.0229809716 0.009499998
v 0.0790328254 -0.0284336336 -0.024499998
v 0.0790328254 -0.0284336336 0.009499998
v 0.0792085114 -0.0282166536 -0.024499998
v 0.0792085114 -0.0282166536 0.009499998
v 0.0792085114 -0.0234021336 -0.024499998
v 0.0792085114 -0.0234021336 0.009499998
v 0.0790781634 -0.0232382446 -0.024499998
v 0.0790781634 -0.0232382446 0.009499998
v 0.0792500534 -0.0281605396 -0.024499998
v 0.0792500534 -0.0281605396 0.009499998
v 0.0793686524 -0.0279879526 -0.024499998
v 0.0793686524 -0.0279879526 0.009499998
v 0.0794780774 -0.0238094006 -0.024499998
v 0.0794780774 -0.0238094006 0.009499998
v 0.0794426384 -0.0237492426 -0.024499998
v 0.0794426384 -0.0237492426 0.009499998
v 0.0792500534 -0.0234582576 -0.024499998
v 0.0792500534 -0.0234582576 0.009499998
v 0.0795124664 -0.0277486376 -0.024499998
v 0.0795124664 -0.0277486376 0.009499998
v 0.0796392104 -0.0274998716 -0.024499998
v 0.0796392104 -0.0274998716 0.009499998
v 0.0797482914 -0.0272428666 -0.024499998
v 0.0797482914 -0.0272428666 0.009499998
v 0.0797482914 -0.0243759306 -0.024499998
v 0.0797482914 -0.0243759306 0.009499998
v 0.0796959914 -0.0242464696 -0.024499998
v 0.0796959914 -0.0242464696 0.009499998
v 0.0795780034 -0.0239934406 -0.024499998
v 0.0795780034 -0.0239934406 0.009499998
v 0.0797727434 -0.0271774826 -0.024499998
v 0.0797727434 -0.0271774826 0.009499998
v 0.0798391954 -0.0269788896 -0.024499998
v 0.0798391954 -0.0269788896 0.009499998
v 0.0799114654 -0.0267091996 -0.024499998
v 0.0799114654 -0.0267091996 0.009499998
v 0.0799647374 -0.0264351326 -0.024499998
v 0.0799647374 -0.0264351326 0.009499998
v 0.0799920694 -0.0262275086 -0.024499998
v 0.0799920694 -0.0262275086 0.009499998
v 0.0799987644 -0.0254607736 -0.024499998
v 0.0799987644 -0.0254607736 0.009499998
v 0.0799647374 -0.0251836636 -0.024499998
v 0.0799647374 -0.0251836636 0.009499998
v 0.0799265714 -0.0249777466 -0.024499998
v 0.0799265714 -0.0249777466 0.009499998
v 0.0798590324 -0.0247068456 -0.024499998
v 0.0798590324 -0.0247068456 0.009499998
v 0.0797727434 -0.0244413146 -0.024499998
v 0.0797727434 -0.0244413146 0.009499998
v 0.0800042384 -0.0260884246 -0.024499998
v 0.0800042384 -0.0260884246 0.009499998
v 0.0800115434 -0.0259489976 -0.024499998
v 0.0800115434 -0.0259489976 0.009499998
v 0.0800133744 -0.0257395896 -0.024499998
v 0.0800133744 -0.0257395896 0.009499998
v 0.0352499054 -0.0627882916 -0.024499998
v 0.0352499054 -0.0627882916 0.009499998
v 0.0352468624 -0.0627185396 -0.024499998
v 0.0352468624 -0.0627185396 0.009499998
v 0.0352468624 -0.0624393616 -0.024499998
v 0.0352468624 -0.0624393616 0.009499998
v 0.0354856534 -0.0639470246 -0.024499998
v 0.0354856534 -0.0639470246 0.009499998
v 0.0354192104 -0.0637484316 -0.024499998
v 0.0354192104 -0.0637484316 0.009499998
v 0.0353469414 -0.0634787516 -0.024499998
v 0.0353469414 -0.0634787516 0.009499998
v 0.0352936694 -0.0632046846 -0.024499998
v 0.0352936694 -0.0632046846 0.009499998
v 0.0352663364 -0.0629970696 -0.024499998
v 0.0352663364 -0.0629970696 0.009499998
v 0.0352541684 -0.0622999146 -0.024499998
v 0.0352541684 -0.0622999146 0.009499998
v 0.0352596514 -0.0622303346 -0.024499998
v 0.0352596514 -0.0622303346 0.009499998
v 0.0352936694 -0.0619532166 -0.024499998
v 0.0352936694 -0.0619532166 0.009499998
v 0.0353318354 -0.0617472986 -0.024499998
v 0.0353318354 -0.0617472986 0.009499998
v 0.0353993844 -0.0614763986 -0.024499998
v 0.0353993844 -0.0614763986 0.009499998
v 0.0354856534 -0.0612108766 -0.024499998
v 0.0354856534 -0.0612108766 0.009499998
v 0.0357459494 -0.0645181806 -0.024499998
v 0.0357459494 -0.0645181806 0.009499998
v 0.0357126374 -0.0644568406 -0.024499998
v 0.0357126374 -0.0644568406 0.009499998
v 0.0355902424 -0.0642058906 -0.024499998
v 0.0355902424 -0.0642058906 0.009499998
v 0.0355101054 -0.0611454736 -0.024499998
v 0.0355101054 -0.0611454736 0.009499998
v 0.0355902424 -0.0609520106 -0.024499998
v 0.0355902424 -0.0609520106 0.009499998
v 0.0357126374 -0.0607010606 -0.024499998
v 0.0357126374 -0.0607010606 0.009499998
v 0.0359678214 -0.0648732526 -0.024499998
v 0.0359678214 -0.0648732526 0.009499998
v 0.0358522364 -0.0646986346 -0.024499998
v 0.0358522364 -0.0646986346 0.009499998
v 0.0357803294 -0.0605789526 -0.024499998
v 0.0357803294 -0.0605789526 0.009499998
v 0.0358522364 -0.0604592666 -0.024499998
v 0.0358522364 -0.0604592666 0.009499998
v 0.0362255904 -0.0652031856 -0.024499998
v 0.0362255904 -0.0652031856 0.009499998
v 0.0360498854 -0.0649862056 -0.024499998
v 0.0360498854 -0.0649862056 0.009499998
v 0.0360083624 -0.0602278096 -0.024499998
v 0.0360083624 -0.0602278096 0.009499998
v 0.0362255904 -0.0599547156 -0.024499998
v 0.0362255904 -0.0599547156 0.009499998
v 0.0364160004 -0.0654073866 -0.024499998
v 0.0364160004 -0.0654073866 0.009499998
v 0.0362718434 -0.0599024346 -0.024499998
v 0.0362718434 -0.0599024346 0.009499998
v 0.0364657924 -0.0597015916 -0.024499998
v 0.0364657924 -0.0597015916 0.009499998
v 0.0367271464 -0.0656875376 -0.024499998
v 0.0367271464 -0.0656875376 0.009499998
v 0.0365164324 -0.0596535256 -0.024499998
v 0.0365164324 -0.0596535256 0.009499998
v 0.0367271464 -0.0594703636 -0.024499998
v 0.0367271464 -0.0594703636 0.009499998
v 0.0369501254 -0.0658555566 -0.024499998
v 0.0369501254 -0.0658555566 0.009499998
v 0.0367817824 -0.0657309876 -0.024499998
v 0.0367817824 -0.0657309876 0.009499998
v 0.0367817824 -0.0594269136 -0.024499998
v 0.0367817824 -0.0594269136 0.009499998
v 0.0372444294 -0.0660430486 -0.024499998
v 0.0372444294 -0.0660430486 0.009499998
v 0.0371247524 -0.0659711416 -0.024499998
v 0.0371247524 -0.0659711416 0.009499998
v 0.0370076504 -0.0592628056 -0.024499998
v 0.0370076504 -0.0592628056 0.009499998
v 0.0370658724 -0.0592242776 -0.024499998
v 0.0370658724 -0.0592242776 0.009499998
v 0.0374909444 -0.0661741216 -0.024499998
v 0.0374909444 -0.0661741216 0.009499998
v 0.0373051874 -0.0590804626 -0.024499998
v 0.0373051874 -0.0590804626 0.009499998
v 0.0374909444 -0.0589837796 -0.024499998
v 0.0374909444 -0.0589837796 0.009499998
v 0.0377460044 -0.0662876846 -0.024499998
v 0.0377460044 -0.0662876846 0.009499998
v 0.0376174774 -0.0662331346 -0.024499998
v 0.0376174774 -0.0662331346 0.009499998
v 0.0376913974 -0.0632703926 -0.024499998
v 0.0377434204 -0.0633770516 0.009499998
v 0.0376023524 -0.0630189476 -0.024499998
v 0.0376795714 -0.0632431946 0.009499998
v 0.0375537434 -0.0627566486 -0.024499998
v 0.0375949234 -0.0629902226 0.009499998
v 0.0375454654 -0.0625196226 -0.024499998
v 0.0375508924 -0.0627271226 0.009499998
v 0.0375756594 -0.0622545776 -0.024499998
v 0.0375467534 -0.0624899826 0.009499998
v 0.0376370474 -0.0620254856 -0.024499998
v 0.0375815724 -0.0622255096 0.009499998
v 0.0377434204 -0.0617808486 -0.024499998
v 0.0376469464 -0.0619975236 0.009499998
v 0.0375539534 -0.0589537196 -0.024499998
v 0.0375539534 -0.0589537196 0.009499998
v 0.0379421564 -0.0663610226 -0.024499998
v 0.0379421564 -0.0663610226 0.009499998
v 0.0378186844 -0.0635048446 -0.024499998
v 0.0379810754 -0.0637164646 0.009499998
v 0.0377575724 -0.0634031256 -0.024499998
v 0.0378027484 -0.0634798196 0.009499998
v 0.0377575724 -0.0617547756 -0.024499998
v 0.0377575724 -0.0617547756 0.009499998
v 0.0379232734 -0.0615091096 -0.024499998
v 0.0377721824 -0.0617289506 0.009499998
v 0.0379810754 -0.0614414366 -0.024499998
v 0.0379421464 -0.0614862016 0.009499998
v 0.0378109594 -0.0588446196 -0.024499998
v 0.0378109594 -0.0588446196 0.009499998
v 0.0382091464 -0.0664426576 -0.024499998
v 0.0382091464 -0.0664426576 0.009499998
v 0.0380215494 -0.0637598756 -0.024499998
v 0.0382451954 -0.0639542726 0.009499998
v 0.0380011214 -0.0637383416 -0.024499998
v 0.0380011214 -0.0637383416 0.009499998
v 0.0381745854 -0.0612577966 -0.024499998
v 0.0380011214 -0.0614195596 0.009499998
v 0.0382451954 -0.0612036286 -0.024499998
v 0.0381977984 -0.0612393336 0.009499998
v 0.0380083604 -0.0587747146 -0.024499998
v 0.0380083604 -0.0587747146 0.009499998
v 0.0381418744 -0.0587338976 -0.024499998
v 0.0381418744 -0.0587338976 0.009499998
v 0.0384811924 -0.0665054656 -0.024499998
v 0.0384811924 -0.0665054656 0.009499998
v 0.0384127754 -0.0664915426 -0.024499998
v 0.0384127754 -0.0664915426 0.009499998
v 0.0383185424 -0.0640046836 -0.024499998
v 0.0384991974 -0.0641068986 0.009499998
v 0.0382693424 -0.0639715156 -0.024499998
v 0.0382937954 -0.0639883186 0.009499998
v 0.0384991974 -0.0610510026 -0.024499998
v 0.0382693424 -0.0611863856 0.009499998
v 0.0382767434 -0.0586977726 -0.024499998
v 0.0382767434 -0.0586977726 0.009499998
v 0.0386877294 -0.0665400276 -0.024499998
v 0.0386877294 -0.0665400276 0.009499998
v 0.0385259764 -0.0641196786 -0.024499998
v 0.0387473914 -0.0642046696 0.009499998
v 0.0386075924 -0.0610027466 -0.024499998
v 0.0385259764 -0.0610382226 0.009499998
v 0.0387473914 -0.0609532316 -0.024499998
v 0.0386352004 -0.0609918556 0.009499998
v 0.0385498374 -0.0586397126 -0.024499998
v 0.0385498374 -0.0586397126 0.009499998
v 0.0389654014 -0.0665692096 -0.024499998
v 0.0389654014 -0.0665692096 0.009499998
v 0.0389492264 -0.0642531166 -0.024499998
v 0.0389784854 -0.0642580186 0.009499998
v 0.0387758394 -0.0642130996 -0.024499998
v 0.0389200534 -0.0642477186 0.009499998
v 0.0389784854 -0.0608998826 -0.024499998
v 0.0387758394 -0.0609448006 0.009499998
v 0.0387569474 -0.0586087566 -0.024499998
v 0.0387569474 -0.0586087566 0.009499998
v 0.0392444274 -0.0665789566 -0.024499998
v 0.0392444274 -0.0665789566 0.009499998
v 0.0390078304 -0.0642624046 -0.024499998
v 0.0392444274 -0.0642789416 0.009499998
v 0.0392444274 -0.0608789596 -0.024499998
v 0.0390078304 -0.0608954956 0.009499998
v 0.0390350864 -0.0585844376 -0.024499998
v 0.0390350864 -0.0585844376 0.009499998
v 0.0394537684 -0.0665734626 -0.024499998
v 0.0394537684 -0.0665734626 0.009499998
v 0.0392740954 -0.0642786936 -0.024499998
v 0.0394810244 -0.0642624046 0.009499998
v 0.0394810244 -0.0608954956 -0.024499998
v 0.0392740954 -0.0608792076 0.009499998
v 0.0393142364 -0.0585795556 -0.024499998
v 0.0393142364 -0.0585795556 0.009499998
v 0.0397319074 -0.0665491256 -0.024499998
v 0.0397319074 -0.0665491256 0.009499998
v 0.0395103684 -0.0642580186 -0.024499998
v 0.0395396274 -0.0642531166 0.009499998
v 0.0395688004 -0.0642477186 -0.024499998
v 0.0397414534 -0.0642046696 0.009499998
v 0.0397414534 -0.0609532316 -0.024499998
v 0.0395103684 -0.0608998826 0.009499998
v 0.0395234534 -0.0585886916 -0.024499998
v 0.0395234534 -0.0585886916 0.009499998
v 0.0399390164 -0.0665181886 -0.024499998
v 0.0399390164 -0.0665181886 0.009499998
v 0.0397697584 -0.0641957436 -0.024499998
v 0.0399896564 -0.0641068986 0.009499998
v 0.0399896564 -0.0610510026 -0.024499998
v 0.0398812624 -0.0610027466 0.009499998
v 0.0398536534 -0.0609918556 -0.024499998
v 0.0397697584 -0.0609621576 0.009499998
v 0.0398011154 -0.0586178736 -0.024499998
v 0.0398011154 -0.0586178736 0.009499998
v 0.0400076624 -0.0665054656 -0.024499998
v 0.0400076624 -0.0665054656 0.009499998
v 0.0402121104 -0.0664601286 -0.024499998
v 0.0402121104 -0.0664601286 0.009499998
v 0.0400162074 -0.0640936616 -0.024499998
v 0.0401703114 -0.0640046836 0.009499998
v 0.0401950494 -0.0639883186 -0.024499998
v 0.0402436584 -0.0639542726 0.009499998
v 0.0402436584 -0.0612036286 -0.024499998
v 0.0400162074 -0.0610642396 0.009499998
v 0.0400076624 -0.0586524346 -0.024499998
v 0.0400076624 -0.0586524346 0.009499998
v 0.0404804944 -0.0663831666 -0.024499998
v 0.0404804944 -0.0663831666 0.009499998
v 0.0402675094 -0.0639366296 -0.024499998
v 0.0404673044 -0.0637598756 0.009499998
v 0.0404877324 -0.0637383416 -0.024499998
v 0.0404877324 -0.0637383416 0.009499998
v 0.0404465054 -0.0613768726 -0.024499998
v 0.0404465054 -0.0613768726 0.009499998
v 0.0402910464 -0.0612393336 -0.024499998
v 0.0402675094 -0.0612212716 0.009499998
v 0.0404139184 -0.0587537346 -0.024499998
v 0.0404139184 -0.0587537346 0.009499998
v 0.0402796974 -0.0587152436 -0.024499998
v 0.0402796974 -0.0587152436 0.009499998
v 0.0407428494 -0.0662876846 -0.024499998
v 0.0407428494 -0.0662876846 0.009499998
v 0.0405077694 -0.0637164646 -0.024499998
v 0.0406701704 -0.0635048446 0.009499998
v 0.0406861064 -0.0634798196 -0.024499998
v 0.0407454344 -0.0633770516 0.009499998
v 0.0407454344 -0.0617808486 -0.024499998
v 0.0407312814 -0.0617547756 0.009499998
v 0.0407166714 -0.0617289506 -0.024499998
v 0.0405655714 -0.0615091096 0.009499998
v 0.0405466984 -0.0614862016 -0.024499998
v 0.0405077694 -0.0614414366 0.009499998
v 0.0405466984 -0.0587968786 -0.024499998
v 0.0405466984 -0.0587968786 0.009499998
v 0.0408073464 -0.0662609626 -0.024499998
v 0.0408073464 -0.0662609626 0.009499998
v 0.0409979104 -0.0661741216 -0.024499998
v 0.0409979104 -0.0661741216 0.009499998
v 0.0407591384 -0.0633507306 -0.024499998
v 0.0407974574 -0.0632703926 0.009499998
v 0.0408092824 -0.0632431946 -0.024499998
v 0.0408865014 -0.0630189476 0.009499998
v 0.0408939304 -0.0629902226 -0.024499998
v 0.0409351104 -0.0627566486 0.009499998
v 0.0409379624 -0.0627271226 -0.024499998
v 0.0409433884 -0.0625196226 0.009499998
v 0.0409421004 -0.0624899826 -0.024499998
v 0.0409131954 -0.0622545776 0.009499998
v 0.0409072724 -0.0622255096 -0.024499998
v 0.0408518074 -0.0620254856 0.009499998
v 0.0408419074 -0.0619975236 -0.024499998
v 0.0407591384 -0.0618071706 0.009499998
v 0.0408073464 -0.0588969376 -0.024499998
v 0.0408073464 -0.0588969376 0.009499998
v 0.0412444254 -0.0660430486 -0.024499998
v 0.0412444254 -0.0660430486 0.009499998
v 0.0410603854 -0.0590149266 -0.024499998
v 0.0410603854 -0.0590149266 0.009499998
v 0.0413045834 -0.0660076096 -0.024499998
v 0.0413045834 -0.0660076096 0.009499998
v 0.0414811944 -0.0658950956 -0.024499998
v 0.0414811944 -0.0658950956 0.009499998
v 0.0414811944 -0.0592628056 -0.024499998
v 0.0414811944 -0.0592628056 0.009499998
v 0.0413045834 -0.0591502716 -0.024499998
v 0.0413045834 -0.0591502716 0.009499998
v 0.0416516824 -0.0657734826 -0.024499998
v 0.0416516824 -0.0657734826 0.009499998
v 0.0417070714 -0.0657309876 -0.024499998
v 0.0417070714 -0.0657309876 0.009499998
v 0.0415387294 -0.0593023446 -0.024499998
v 0.0415387294 -0.0593023446 0.009499998
v 0.0419724224 -0.0655043556 -0.024499998
v 0.0419724224 -0.0655043556 0.009499998
v 0.0418155804 -0.0595147666 -0.024499998
v 0.0418155804 -0.0595147666 0.009499998
v 0.0417617074 -0.0594703636 -0.024499998
v 0.0417617074 -0.0594703636 0.009499998
v 0.0422170014 -0.0652554656 -0.024499998
v 0.0422170014 -0.0652554656 0.009499998
v 0.0420728534 -0.0597505146 -0.024499998
v 0.0420728534 -0.0597505146 0.009499998
v 0.0420230624 -0.0597015916 -0.024499998
v 0.0420230624 -0.0597015916 0.009499998
v 0.0423964734 -0.0650415946 -0.024499998
v 0.0423964734 -0.0650415946 0.009499998
v 0.0424804924 -0.0649300916 -0.024499998
v 0.0424804924 -0.0649300916 0.009499998
v 0.0423086014 -0.0600077966 -0.024499998
v 0.0423086014 -0.0600077966 0.009499998
v 0.0422632644 -0.0599547156 -0.024499998
v 0.0422632644 -0.0599547156 0.009499998
v 0.0425991104 -0.0647575146 -0.024499998
v 0.0425991104 -0.0647575146 0.009499998
v 0.0427429054 -0.0645181806 -0.024499998
v 0.0427429054 -0.0645181806 0.009499998
v 0.0426730964 -0.0605187946 -0.024499998
v 0.0426730964 -0.0605187946 0.009499998
v 0.0425210324 -0.0602846486 -0.024499998
v 0.0425210324 -0.0602846486 0.009499998
v 0.0428696574 -0.0642694236 -0.024499998
v 0.0428696574 -0.0642694236 0.009499998
v 0.0429787484 -0.0640124276 -0.024499998
v 0.0429787484 -0.0640124276 0.009499998
v 0.0429264494 -0.0610160216 -0.024499998
v 0.0429264494 -0.0610160216 0.009499998
v 0.0428084514 -0.0607629926 -0.024499998
v 0.0428084514 -0.0607629926 0.009499998
v 0.0427762164 -0.0607010606 -0.024499998
v 0.0427762164 -0.0607010606 0.009499998
v 0.0430486534 -0.0638150176 -0.024499998
v 0.0430486534 -0.0638150176 0.009499998
v 0.0431256054 -0.0635466346 -0.024499998
v 0.0431256054 -0.0635466346 0.009499998
v 0.0431836554 -0.0632735406 -0.024499998
v 0.0431836554 -0.0632735406 0.009499998
v 0.0432146114 -0.0630664216 -0.024499998
v 0.0432146114 -0.0630664216 0.009499998
v 0.0432389494 -0.0627882916 -0.024499998
v 0.0432389494 -0.0627882916 0.009499998
v 0.0432438134 -0.0625091316 -0.024499998
v 0.0432438134 -0.0625091316 0.009499998
v 0.0432346864 -0.0622999146 -0.024499998
v 0.0432346864 -0.0622999146 0.009499998
v 0.0432054944 -0.0620222626 -0.024499998
v 0.0432054944 -0.0620222626 0.009499998
v 0.0431709334 -0.0618157156 -0.024499998
v 0.0431709334 -0.0618157156 0.009499998
v 0.0431081334 -0.0615436706 -0.024499998
v 0.0431081334 -0.0615436706 0.009499998
v 0.0430264994 -0.0612766796 -0.024499998
v 0.0430264994 -0.0612766796 0.009499998
v 0.0430032004 -0.0612108766 -0.024499998
v 0.0430032004 -0.0612108766 0.009499998
v 0.111714481 -0.0663071786 -0.024499998
v 0.11174826 -0.0664426576 0.009499998
v 0.111661209 -0.0660331116 -0.024499998
v 0.111699375 -0.0662390286 0.009499998
v 0.111627182 -0.0657559926 -0.024499998
v 0.11165089 -0.0659640656 0.009499998
v 0.111614403 -0.0655469666 -0.024499998
v 0.111621708 -0.0656864126 0.009499998
v 0.111614403 -0.0652677876 -0.024499998
v 0.111612572 -0.0654771956 0.009499998
v 0.111627182 -0.0650587616 -0.024499998
v 0.111617435 -0.0651980356 0.009499998
v 0.111661209 -0.0647816426 -0.024499998
v 0.111633877 -0.0649892576 0.009499998
v 0.111714481 -0.0645075756 -0.024499998
v 0.111672729 -0.0647127876 0.009499998
v 0.11174826 -0.0643720966 -0.024499998
v 0.11173077 -0.0644396926 0.009499998
v 0.111957783 -0.0670343166 -0.024499998
v 0.111986736 -0.0670978506 0.009499998
v 0.111853184 -0.0667754516 -0.024499998
v 0.111929935 -0.0669703056 0.009499998
v 0.111766914 -0.0665099296 -0.024499998
v 0.111829876 -0.0667096476 0.009499998
v 0.111766914 -0.0643048246 -0.024499998
v 0.111766914 -0.0643048246 0.009499998
v 0.111853184 -0.0640393026 -0.024499998
v 0.111786732 -0.0642378956 0.009499998
v 0.111957783 -0.0637804376 -0.024499998
v 0.111877636 -0.0639738996 0.009499998
v 0.111986736 -0.0637169036 -0.024499998
v 0.111986736 -0.0637169036 0.009499998
v 0.112219757 -0.0675270616 -0.024499998
v 0.112219757 -0.0675270616 0.009499998
v 0.112080177 -0.0672852666 -0.024499998
v 0.112183289 -0.0674675326 0.009499998
v 0.112016777 -0.0671608696 -0.024499998
v 0.112047924 -0.0672233346 0.009499998
v 0.112080177 -0.0635294876 -0.024499998
v 0.112016777 -0.0636538846 0.009499998
v 0.112219757 -0.0632876926 -0.024499998
v 0.11211348 -0.0634681466 0.009499998
v 0.112375893 -0.0677585176 -0.024499998
v 0.112459911 -0.0678700216 0.009499998
v 0.112257275 -0.0675859406 -0.024499998
v 0.112335342 -0.0677016786 0.009499998
v 0.112417416 -0.0630001216 -0.024499998
v 0.112257275 -0.0632288126 0.009499998
v 0.112459911 -0.0629447326 -0.024499998
v 0.112459911 -0.0629447326 0.009499998
v 0.112593121 -0.0680316116 -0.024499998
v 0.112734608 -0.0681860116 0.009499998
v 0.11250338 -0.0679246666 -0.024499998
v 0.112547783 -0.0679785306 0.009499998
v 0.112593121 -0.0627831416 -0.024499998
v 0.11250338 -0.0628900866 0.009499998
v 0.112734608 -0.0626287416 -0.024499998
v 0.112639374 -0.0627308616 0.009499998
v 0.112833332 -0.0682847366 -0.024499998
v 0.112987713 -0.0684262236 0.009499998
v 0.112783531 -0.0682358126 -0.024499998
v 0.112783531 -0.0682358126 0.009499998
v 0.112833332 -0.0625300176 -0.024499998
v 0.112783531 -0.0625789406 0.009499998
v 0.112987713 -0.0623885306 -0.024499998
v 0.112883972 -0.0624819716 0.009499998
v 0.113094677 -0.0685159646 -0.024499998
v 0.113204693 -0.0686019286 0.009499998
v 0.113040813 -0.0684715606 -0.024499998
v 0.113040813 -0.0684715606 0.009499998
v 0.113149303 -0.0622553406 -0.024499998
v 0.113040813 -0.0623431926 0.009499998
v 0.113204693 -0.0622128446 -0.024499998
v 0.113204693 -0.0622128446 0.009499998
v 0.113433403 -0.0687620506 -0.024499998
v 0.113492283 -0.0687995676 0.009499998
v 0.113260826 -0.0686434516 -0.024499998
v 0.113375191 -0.0687235216 0.009499998
v 0.113492283 -0.0620151856 -0.024499998
v 0.113260826 -0.0621713026 0.009499998
v 0.113551811 -0.0688360556 -0.024499998
v 0.113734077 -0.0689391666 0.009499998
v 0.113734077 -0.0618755876 -0.024499998
v 0.113551811 -0.0619787176 0.009499998
v 0.113858475 -0.0690025476 -0.024499998
v 0.113985008 -0.0690615616 0.009499998
v 0.11379599 -0.0689714006 -0.024499998
v 0.11379599 -0.0689714006 0.009499998
v 0.113995155 -0.0659327086 -0.024499998
v 0.113949112 -0.0657608186 0.009499998
v 0.113943199 -0.0657317506 -0.024499998
v 0.113916096 -0.0655259666 0.009499998
v 0.113914284 -0.0654963456 -0.024499998
v 0.113918423 -0.0652592046 0.009499998
v 0.113921265 -0.0652296786 -0.024499998
v 0.113955521 -0.0650249626 0.009499998
v 0.113962463 -0.0649961046 -0.024499998
v 0.113995155 -0.0648820456 0.009499998
v 0.113985008 -0.0617531926 -0.024499998
v 0.11379599 -0.0618433526 0.009499998
v 0.114049038 -0.0690893896 -0.024499998
v 0.114243874 -0.0691661416 0.009499998
v 0.114236626 -0.0664066086 -0.024499998
v 0.114139713 -0.0662573776 0.009499998
v 0.114125103 -0.0662315516 -0.024499998
v 0.114024872 -0.0660165936 0.009499998
v 0.114014477 -0.0659888036 -0.024499998
v 0.114004578 -0.0659608416 0.009499998
v 0.114004578 -0.0648539116 -0.024499998
v 0.114035744 -0.0647705416 0.009499998
v 0.114047092 -0.0647431336 -0.024499998
v 0.114170269 -0.0645065076 0.009499998
v 0.114186214 -0.0644814826 -0.024499998
v 0.114236626 -0.0644081456 0.009499998
v 0.114243874 -0.0616486126 -0.024499998
v 0.114049038 -0.0617253646 0.009499998
v 0.114309677 -0.0691894486 -0.024499998
v 0.114442467 -0.0692325936 0.009499998
v 0.114496654 -0.0666903836 -0.024499998
v 0.114309677 -0.0665001256 0.009499998
v 0.114290813 -0.0664772186 -0.024499998
v 0.114254269 -0.0664304696 0.009499998
v 0.114254269 -0.0643842846 -0.024499998
v 0.114348606 -0.0642698626 0.009499998
v 0.114368652 -0.0642479856 -0.024499998
v 0.114496654 -0.0641243706 0.009499998
v 0.114442467 -0.0615821606 -0.024499998
v 0.114309677 -0.0616253046 0.009499998
v 0.114509415 -0.0692524296 -0.024499998
v 0.114712147 -0.0693048626 0.009499998
v 0.114736389 -0.0668645626 -0.024499998
v 0.114588875 -0.0667650566 0.009499998
v 0.114565338 -0.0667469936 -0.024499998
v 0.114519218 -0.0667096476 0.009499998
v 0.114519218 -0.0641051056 -0.024499998
v 0.114636883 -0.0640148126 0.009499998
v 0.114661335 -0.0639980086 -0.024499998
v 0.114736389 -0.0639501916 0.009499998
v 0.114712147 -0.0615098916 -0.024499998
v 0.114509415 -0.0615623246 0.009499998
v 0.114780315 -0.0693199686 -0.024499998
v 0.114986214 -0.0693581346 0.009499998
v 0.114975132 -0.0669835816 -0.024499998
v 0.114761967 -0.0668796116 0.009499998
v 0.114761967 -0.0639351426 -0.024499998
v 0.114975132 -0.0638311726 0.009499998
v 0.114986214 -0.0614566186 -0.024499998
v 0.114780315 -0.0614947846 0.009499998
v 0.11505526 -0.0693684536 -0.024499998
v 0.115193848 -0.0693854676 0.009499998
v 0.115229534 -0.0670638046 -0.024499998
v 0.115030521 -0.0670048486 0.009499998
v 0.115002731 -0.0669944726 -0.024499998
v 0.115002731 -0.0669944726 0.009499998
v 0.115002731 -0.0638202816 -0.024499998
v 0.115229534 -0.0637509496 0.009499998
v 0.115193848 -0.0614292866 -0.024499998
v 0.11505526 -0.0614463006 0.009499998
v 0.115263332 -0.0693921616 -0.024499998
v 0.115472359 -0.0694049416 0.009499998
v 0.115493378 -0.0671032296 -0.024499998
v 0.115258507 -0.0670702316 0.009499998
v 0.115258507 -0.0637445216 -0.024499998
v 0.115493378 -0.0637115246 0.009499998
v 0.115472359 -0.0614098126 -0.024499998
v 0.115263332 -0.0614225916 0.009499998
v 0.115542149 -0.0694067726 -0.024499998
v 0.115681766 -0.0694067726 0.009499998
v 0.115730537 -0.0671032296 -0.024499998
v 0.11552298 -0.0671050416 0.009499998
v 0.11552298 -0.0637097126 -0.024499998
v 0.115730537 -0.0637115246 0.009499998
v 0.115681766 -0.0614079816 -0.024499998
v 0.115542149 -0.0614079816 0.009499998
v 0.115751556 -0.0694049416 -0.024499998
v 0.115960583 -0.0693921616 0.009499998
v 0.115994381 -0.0670638046 -0.024499998
v 0.11576012 -0.0671009026 0.009499998
v 0.115994381 -0.0637509496 -0.024499998
v 0.115994381 -0.0637509496 0.009499998
v 0.11576012 -0.0637138516 -0.024499998
v 0.115965408 -0.0637445216 0.009499998
v 0.115960583 -0.0614225916 -0.024499998
v 0.115751556 -0.0614098126 0.009499998
v 0.116030067 -0.0693854676 -0.024499998
v 0.116237701 -0.0693581346 0.009499998
v 0.116193394 -0.0670048486 -0.024499998
v 0.11602322 -0.0670568806 0.009499998
v 0.116248783 -0.0669835816 -0.024499998
v 0.116221184 -0.0669944726 0.009499998
v 0.11602322 -0.0637578736 -0.024499998
v 0.116248783 -0.0638311726 0.009499998
v 0.116237701 -0.0614566186 -0.024499998
v 0.116030067 -0.0614292866 0.009499998
v 0.116306557 -0.0693466146 -0.024499998
v 0.1164436 -0.0693199686 0.009499998
v 0.116487526 -0.0668645626 -0.024499998
v 0.116276211 -0.0669722326 0.009499998
v 0.116276211 -0.0638425216 -0.024499998
v 0.116487526 -0.0639501916 0.009499998
v 0.1164436 -0.0614947846 -0.024499998
v 0.116306557 -0.0614681396 0.009499998
v 0.116511768 -0.0693048626 -0.024499998
v 0.1167145 -0.0692524296 0.009499998
v 0.11663504 -0.0667650566 -0.024499998
v 0.116512817 -0.0668490556 0.009499998
v 0.116749481 -0.0666707186 -0.024499998
v 0.116658577 -0.0667469936 0.009499998
v 0.116587032 -0.0640148126 -0.024499998
v 0.116749481 -0.0641440346 0.009499998
v 0.116512817 -0.0639656976 -0.024499998
v 0.11656258 -0.0639980086 0.009499998
v 0.1167145 -0.0615623246 -0.024499998
v 0.116511768 -0.0615098916 0.009499998
v 0.116781448 -0.0692325936 -0.024499998
v 0.116980041 -0.0691661416 0.009499998
v 0.116914238 -0.0665001256 -0.024499998
v 0.116771358 -0.0666506726 0.009499998
v 0.116987289 -0.0664066086 -0.024499998
v 0.116933102 -0.0664772186 0.009499998
v 0.116875309 -0.0642698626 -0.024499998
v 0.116987289 -0.0644081456 0.009499998
v 0.116814045 -0.0642052986 -0.024499998
v 0.116814045 -0.0642052986 0.009499998
v 0.116980041 -0.0616486126 -0.024499998
v 0.116781448 -0.0615821606 0.009499998
v 0.117045425 -0.0691417076 -0.024499998
v 0.117238907 -0.0690615616 0.009499998
v 0.117084202 -0.0662573776 -0.024499998
v 0.117004513 -0.0663824616 0.009499998
v 0.117199043 -0.0660165936 -0.024499998
v 0.117098812 -0.0662315516 0.009499998
v 0.117246098 -0.0658759646 -0.024499998
v 0.117209438 -0.0659888036 0.009499998
v 0.117188171 -0.0647705416 -0.024499998
v 0.117246098 -0.0649387886 0.009499998
v 0.117053646 -0.0645065076 -0.024499998
v 0.117176823 -0.0647431336 0.009499998
v 0.117004513 -0.0644322926 -0.024499998
v 0.117037701 -0.0644814826 0.009499998
v 0.117238907 -0.0617531926 -0.024499998
v 0.117238907 -0.0617531926 0.009499998
v 0.117174877 -0.0617253646 -0.024499998
v 0.117045425 -0.0616730646 0.009499998
v 0.117302441 -0.0690326076 -0.024499998
v 0.11736544 -0.0690025476 0.009499998
v 0.117427925 -0.0689714006 -0.024499998
v 0.117489838 -0.0689391666 0.009499998
v 0.117274803 -0.0657608186 -0.024499998
v 0.117254032 -0.0658473736 0.009499998
v 0.117307819 -0.0655259666 -0.024499998
v 0.117280716 -0.0657317506 0.009499998
v 0.117305492 -0.0652592046 -0.024499998
v 0.117309631 -0.0654963456 0.009499998
v 0.117268394 -0.0650249626 -0.024499998
v 0.11730265 -0.0652296786 0.009499998
v 0.117254032 -0.0649673806 -0.024499998
v 0.117261452 -0.0649961046 0.009499998
v 0.117489838 -0.0618755876 -0.024499998
v 0.117302441 -0.0617821456 0.009499998
v 0.117551197 -0.0689058646 -0.024499998
v 0.117731632 -0.0687995676 0.009499998
v 0.117731632 -0.0620151856 -0.024499998
v 0.117731632 -0.0620151856 0.009499998
v 0.117672104 -0.0619787176 -0.024499998
v 0.117551197 -0.0619088896 0.009499998
v 0.117790512 -0.0687620506 -0.024499998
v 0.117790512 -0.0687620506 0.009499998
v 0.117848724 -0.0687235216 -0.024499998
v 0.117963108 -0.0686434516 0.009499998
v 0.117963108 -0.0621713026 -0.024499998
v 0.117790512 -0.0620527036 0.009499998
v 0.118019222 -0.0686019286 -0.024499998
v 0.118129238 -0.0685159646 0.009499998
v 0.118183102 -0.0684715606 -0.024499998
v 0.118236202 -0.0684262236 0.009499998
v 0.118236202 -0.0623885306 -0.024499998
v 0.118074612 -0.0622553406 0.009499998
v 0.118019222 -0.0622128446 -0.024499998
v 0.118019222 -0.0622128446 0.009499998
v 0.118288483 -0.0683799516 -0.024499998
v 0.118390583 -0.0682847366 0.009499998
v 0.118440384 -0.0682358126 -0.024499998
v 0.118489326 -0.0681860116 0.009499998
v 0.118489326 -0.0626287416 -0.024499998
v 0.118390583 -0.0625300176 0.009499998
v 0.118339943 -0.0624819716 -0.024499998
v 0.118288483 -0.0624348026 0.009499998
v 0.118537373 -0.0681353716 -0.024499998
v 0.118630794 -0.0680316116 0.009499998
v 0.118676132 -0.0679785306 -0.024499998
v 0.118720535 -0.0679246666 0.009499998
v 0.118720535 -0.0628900866 -0.024499998
v 0.118630794 -0.0627831416 0.009499998
v 0.118584541 -0.0627308616 -0.024499998
v 0.118537373 -0.0626793816 0.009499998
v 0.118764004 -0.0678700216 -0.024499998
v 0.118848022 -0.0677585176 0.009499998
v 0.118888573 -0.0677016786 -0.024499998
v 0.11896664 -0.0675859406 0.009499998
v 0.11896664 -0.0632288126 -0.024499998
v 0.118806499 -0.0630001216 0.009499998
v 0.118764004 -0.0629447326 -0.024499998
v 0.118764004 -0.0629447326 0.009499998
v 0.119004158 -0.0675270616 -0.024499998
v 0.119004158 -0.0675270616 0.009499998
v 0.119040626 -0.0674675326 -0.024499998
v 0.119143757 -0.0672852666 0.009499998
v 0.119175991 -0.0672233346 -0.024499998
v 0.119237198 -0.0670978506 0.009499998
v 0.119237198 -0.0637169036 -0.024499998
v 0.119143757 -0.0635294876 0.009499998
v 0.119110435 -0.0634681466 -0.024499998
v 0.119004158 -0.0632876926 0.009499998
v 0.119266132 -0.0670343166 -0.024499998
v 0.119266132 -0.0670343166 0.009499998
v 0.11929398 -0.0669703056 -0.024499998
v 0.119370731 -0.0667754516 0.009499998
v 0.119394039 -0.0667096476 -0.024499998
v 0.119457001 -0.0665099296 0.009499998
v 0.119475655 -0.0664426576 -0.024499998
v 0.119493145 -0.0663750606 0.009499998
v 0.119493145 -0.0644396926 -0.024499998
v 0.119457001 -0.0643048246 0.009499998
v 0.119437183 -0.0642378956 -0.024499998
v 0.119370731 -0.0640393026 0.009499998
v 0.119346279 -0.0639738996 -0.024499998
v 0.119266132 -0.0637804376 0.009499998
v 0.119509434 -0.0663071786 -0.024499998
v 0.119509434 -0.0663071786 0.009499998
v 0.11952454 -0.0662390286 -0.024499998
v 0.119562706 -0.0660331116 0.009499998
v 0.119573025 -0.0659640656 -0.024499998
v 0.119596733 -0.0657559926 0.009499998
v 0.119602207 -0.0656864126 -0.024499998
v 0.119609512 -0.0655469666 0.009499998
v 0.119611343 -0.0654771956 -0.024499998
v 0.119609512 -0.0652677876 0.009499998
v 0.11960648 -0.0651980356 -0.024499998
v 0.119596733 -0.0650587616 0.009499998
v 0.119590038 -0.0649892576 -0.024499998
v 0.119562706 -0.0647816426 0.009499998
v 0.119551186 -0.0647127876 -0.024499998
v 0.119509434 -0.0645075756 0.009499998
v 0.0749973534 -0.103279472 -0.024499998
v 0.0749973534 -0.103279472 0.009499998
v 0.0749786994 -0.1032122 -0.024499998
v 0.0749298134 -0.103008572 0.009499998
v 0.0749158904 -0.102940174 -0.024499998
v 0.0748916474 -0.102802673 0.009499998
v 0.0748813294 -0.102733627 -0.024499998
v 0.0748576204 -0.102525555 0.009499998
v 0.0748521464 -0.102455956 -0.024499998
v 0.0748448414 -0.102316528 0.009499998
v 0.0748430104 -0.102246738 -0.024499998
v 0.0748448414 -0.102037331 0.009499998
v 0.0748478934 -0.101967579 -0.024499998
v 0.0748643154 -0.10175882 0.009499998
v 0.0748722304 -0.101689449 -0.024499998
v 0.0748916474 -0.101551186 0.009499998
v 0.0749031684 -0.10148233 -0.024499998
v 0.0749449204 -0.101277119 0.009499998
v 0.0749612274 -0.101209236 -0.024499998
v 0.0749973534 -0.101074387 0.009499998
v 0.0752472344 -0.103930412 -0.024499998
v 0.0751882214 -0.103803879 0.009499998
v 0.0751603934 -0.103739849 -0.024499998
v 0.0750836414 -0.103545013 0.009499998
v 0.0750603334 -0.10347921 -0.024499998
v 0.0750171894 -0.10334642 0.009499998
v 0.0750171894 -0.101007439 -0.024499998
v 0.0750171894 -0.101007439 0.009499998
v 0.0750381894 -0.100940853 -0.024499998
v 0.0750836414 -0.100808846 0.009499998
v 0.0751080934 -0.100743462 -0.024499998
v 0.0751882214 -0.10054998 0.009499998
v 0.0752171744 -0.100486465 -0.024499998
v 0.0752472344 -0.100423447 0.009499998
v 0.0754877324 -0.104355484 -0.024499998
v 0.0754502144 -0.104296604 0.009499998
v 0.0754137464 -0.104237076 -0.024499998
v 0.0753106164 -0.10405481 0.009499998
v 0.0752783814 -0.103992897 -0.024499998
v 0.0752783814 -0.103992897 0.009499998
v 0.0752783814 -0.100360962 -0.024499998
v 0.0753106164 -0.100299049 0.009499998
v 0.0753439184 -0.10023769 -0.024499998
v 0.0754502144 -0.100057255 0.009499998
v 0.0754877324 -0.0999983746 -0.024499998
v 0.0754877324 -0.0999983746 0.009499998
v 0.0757338184 -0.10469421 -0.024499998
v 0.0756063314 -0.10452808 0.009499998
v 0.0755658004 -0.104471241 -0.024499998
v 0.0755262604 -0.104413696 0.009499998
v 0.0755262604 -0.0999401626 -0.024499998
v 0.0756478734 -0.0997696646 0.009499998
v 0.0756903694 -0.0997142746 -0.024499998
v 0.0757338184 -0.0996596486 0.009499998
v 0.0759650464 -0.104955555 -0.024499998
v 0.0758235594 -0.104801174 0.009499998
v 0.0757782214 -0.104748074 -0.024499998
v 0.0757782214 -0.104748074 0.009499998
v 0.0757782214 -0.0996057846 -0.024499998
v 0.0758698314 -0.0995004036 0.009499998
v 0.0759170004 -0.0994489436 -0.024499998
v 0.0759650464 -0.0993983036 0.009499998
v 0.0760139694 -0.105005356 -0.024499998
v 0.0760139694 -0.105005356 0.009499998
v 0.0760139694 -0.0993485026 -0.024499998
v 0.0761144104 -0.0992515136 0.009499998
v 0.0761658904 -0.0992043456 -0.024499998
v 0.0762181704 -0.0991580926 0.009499998
v 0.0764912644 -0.105412994 -0.024499998
v 0.0763251154 -0.105285507 0.009499998
v 0.0762712524 -0.105241104 -0.024499998
v 0.0762712524 -0.105241104 0.009499998
v 0.0762712524 -0.0991127546 -0.024499998
v 0.0763797614 -0.0990248826 0.009499998
v 0.0764351504 -0.0989823876 -0.024499998
v 0.0764912644 -0.0989408646 0.009499998
v 0.0767227214 -0.10556913 -0.024499998
v 0.0766638414 -0.105531612 0.009499998
v 0.0766056294 -0.105493084 -0.024499998
v 0.0765481034 -0.105453545 0.009499998
v 0.0765481034 -0.0989003136 -0.024499998
v 0.0767227214 -0.0987847286 0.009499998
v 0.0769645164 -0.105708729 -0.024499998
v 0.0767822494 -0.105605598 0.009499998
v 0.0767822494 -0.0987482606 -0.024499998
v 0.0769645164 -0.0986451486 0.009499998
v 0.0772154664 -0.105831104 -0.024499998
v 0.0770889134 -0.10577211 0.009499998
v 0.0770264474 -0.105740963 -0.024499998
v 0.0770264474 -0.105740963 0.009499998
v 0.0772449344 -0.102758366 -0.024499998
v 0.0772449344 -0.102758366 0.009499998
v 0.0771736374 -0.102501312 -0.024499998
v 0.0771736374 -0.102501312 0.009499998
v 0.0771447414 -0.102265907 -0.024499998
v 0.0771447414 -0.102265907 0.009499998
v 0.0771488804 -0.102028767 -0.024499998
v 0.0771488804 -0.102028767 0.009499998
v 0.0771929024 -0.101765667 -0.024499998
v 0.0771929024 -0.101765667 0.009499998
v 0.0772449344 -0.101595493 -0.024499998
v 0.0772449344 -0.101595493 0.009499998
v 0.0770264474 -0.0986128956 -0.024499998
v 0.0772154664 -0.0985227546 0.009499998
v 0.0774743314 -0.105935703 -0.024499998
v 0.0772794764 -0.105858952 0.009499998
v 0.0773555604 -0.103001114 -0.024499998
v 0.0773555604 -0.103001114 0.009499998
v 0.0772553104 -0.102786156 -0.024499998
v 0.0772553104 -0.102786156 0.009499998
v 0.0772775504 -0.101512695 -0.024499998
v 0.0772775504 -0.101512695 0.009499998
v 0.0774166724 -0.101251045 -0.024499998
v 0.0774166724 -0.101251045 0.009499998
v 0.0774847264 -0.101153847 -0.024499998
v 0.0774847264 -0.101153847 0.009499998
v 0.0772794764 -0.0984949066 -0.024499998
v 0.0774743314 -0.0984181556 0.009499998
v 0.0777398534 -0.106021973 -0.024499998
v 0.0776729244 -0.106002155 0.009499998
v 0.0776063384 -0.105981155 -0.024499998
v 0.0775401344 -0.105959011 0.009499998
v 0.0775401344 -0.103269669 -0.024499998
v 0.0775401344 -0.103269669 0.009499998
v 0.0775027894 -0.103223549 -0.024499998
v 0.0775027894 -0.103223549 0.009499998
v 0.0775991104 -0.101017529 -0.024499998
v 0.0775991104 -0.101017529 0.009499998
v 0.0777496764 -0.100874649 -0.024499998
v 0.0777496764 -0.100874649 0.009499998
v 0.0775401344 -0.0983948476 -0.024499998
v 0.0777398534 -0.0983318856 0.009499998
v 0.0779426044 -0.106074406 -0.024499998
v 0.0778071254 -0.106040627 0.009499998
v 0.0777957764 -0.103516556 -0.024499998
v 0.0777957764 -0.103516556 0.009499998
v 0.0777725644 -0.103498074 -0.024499998
v 0.0777725644 -0.103498074 0.009499998
v 0.0779165114 -0.100751186 -0.024499998
v 0.0779165114 -0.100751186 0.009499998
v 0.0779924054 -0.100704685 -0.024499998
v 0.0779924054 -0.100704685 0.009499998
v 0.0778071254 -0.0983132316 -0.024499998
v 0.0779426044 -0.0982794526 0.009499998
v 0.0782166714 -0.106127678 -0.024499998
v 0.0780107544 -0.106089512 0.009499998
v 0.0782055704 -0.103753143 -0.024499998
v 0.0782055704 -0.103753143 0.009499998
v 0.0780182304 -0.103663784 -0.024499998
v 0.0780182304 -0.103663784 0.009499998
v 0.0782331894 -0.100589844 -0.024499998
v 0.0782331894 -0.100589844 0.009499998
v 0.0780107544 -0.0982643466 -0.024499998
v 0.0780791704 -0.0982504226 0.009499998
v 0.0781478164 -0.0982377006 -0.024499998
v 0.0782166714 -0.0982261806 0.009499998
v 0.0784937904 -0.106161705 -0.024499998
v 0.0782857174 -0.106137997 0.009499998
v 0.0782609794 -0.10377441 -0.024499998
v 0.0782609794 -0.10377441 0.009499998
v 0.0784889644 -0.100514084 -0.024499998
v 0.0784889644 -0.100514084 0.009499998
v 0.0782857174 -0.0982158616 -0.024499998
v 0.0784937904 -0.0981921536 0.009499998
v 0.0787028164 -0.106174484 -0.024499998
v 0.0785633894 -0.106167179 0.009499998
v 0.0785180324 -0.103845688 -0.024499998
v 0.0785180324 -0.103845688 0.009499998
v 0.0785471954 -0.100502754 -0.024499998
v 0.0785471954 -0.100502754 0.009499998
v 0.0787238164 -0.100481068 -0.024499998
v 0.0787238164 -0.100481068 0.009499998
v 0.0785633894 -0.0981866796 -0.024499998
v 0.0787028164 -0.0981793746 0.009499998
v 0.0789819954 -0.106174484 -0.024499998
v 0.0787725874 -0.106176315 0.009499998
v 0.0787534374 -0.103874603 -0.024499998
v 0.0787534374 -0.103874603 0.009499998
v 0.0789905784 -0.100483395 -0.024499998
v 0.0789905784 -0.100483395 0.009499998
v 0.0787725874 -0.0981775436 -0.024499998
v 0.0789819954 -0.0981793746 0.009499998
v 0.0791910214 -0.106161705 -0.024499998
v 0.0790517464 -0.106171452 0.009499998
v 0.0790201034 -0.103867622 -0.024499998
v 0.0790201034 -0.103867622 0.009499998
v 0.0792248194 -0.100520493 -0.024499998
v 0.0792248194 -0.100520493 0.009499998
v 0.0791083374 -0.100497852 -0.024499998
v 0.0791083374 -0.100497852 0.009499998
v 0.0790517464 -0.0981824066 -0.024499998
v 0.0791910214 -0.0981921536 0.009499998
v 0.0794681404 -0.106127678 -0.024499998
v 0.0792605254 -0.10615501 0.009499998
v 0.0792536774 -0.103826424 -0.024499998
v 0.0792536774 -0.103826424 0.009499998
v 0.0794792404 -0.100600716 -0.024499998
v 0.0794792404 -0.100600716 0.009499998
v 0.0792605254 -0.0981988486 -0.024499998
v 0.0794681404 -0.0982261806 0.009499998
v 0.0797422074 -0.106074406 -0.024499998
v 0.0795369954 -0.106116158 0.009499998
v 0.0795066494 -0.103741795 -0.024499998
v 0.0795066494 -0.103741795 0.009499998
v 0.0797432754 -0.100735241 -0.024499998
v 0.0797432754 -0.100735241 0.009499998
v 0.0796056404 -0.0982504226 -0.024499998
v 0.0797422074 -0.0982794526 0.009499998
v 0.0795369954 -0.0982377006 -0.024499998
v 0.0795369954 -0.0982377006 0.009499998
v 0.0799449584 -0.106021973 -0.024499998
v 0.0798100894 -0.106058117 0.009499998
v 0.0797682994 -0.103602673 -0.024499998
v 0.0797682994 -0.103602673 0.009499998
v 0.0799122474 -0.103498074 -0.024499998
v 0.0799122474 -0.103498074 0.009499998
v 0.0799799194 -0.100913578 -0.024499998
v 0.0799799194 -0.100913578 0.009499998
v 0.0798100894 -0.0982957416 -0.024499998
v 0.0799449584 -0.0983318856 0.009499998
v 0.0800118874 -0.106002155 -0.024499998
v 0.0800118874 -0.106002155 0.009499998
v 0.0802104804 -0.105935703 -0.024499998
v 0.0800784724 -0.105981155 0.009499998
v 0.0800017974 -0.103420235 -0.024499998
v 0.0800017974 -0.103420235 0.009499998
v 0.0801635594 -0.10324678 -0.024499998
v 0.0801635594 -0.10324678 0.009499998
v 0.0802349704 -0.101201855 -0.024499998
v 0.0802349704 -0.101201855 0.009499998
v 0.0800444834 -0.100974842 -0.024499998
v 0.0800444834 -0.100974842 0.009499998
v 0.0800118874 -0.0983517036 -0.024499998
v 0.0802104804 -0.0984181556 0.009499998
v 0.0804693454 -0.105831104 -0.024499998
v 0.0802758834 -0.105911251 0.009499998
v 0.0802517744 -0.103127552 -0.024499998
v 0.0802517744 -0.103127552 0.009499998
v 0.0803434224 -0.10297504 -0.024499998
v 0.0803434224 -0.10297504 0.009499998
v 0.0804497954 -0.102730404 -0.024499998
v 0.0804497954 -0.102730404 0.009499998
v 0.0804988334 -0.101794506 -0.024499998
v 0.0804988334 -0.101794506 0.009499998
v 0.0804844704 -0.101736942 -0.024499998
v 0.0804844704 -0.101736942 0.009499998
v 0.0803954354 -0.101485477 -0.024499998
v 0.0803954354 -0.101485477 0.009499998
v 0.0802517744 -0.101226307 -0.024499998
v 0.0802517744 -0.101226307 0.009499998
v 0.0804693454 -0.0985227546 -0.024499998
v 0.0804693454 -0.0985227546 0.009499998
v 0.0802758834 -0.0984426076 -0.024499998
v 0.0804053344 -0.0984949066 0.009499998
v 0.0805958984 -0.10577211 -0.024499998
v 0.0805328794 -0.10580217 0.009499998
v 0.0807202954 -0.105708729 -0.024499998
v 0.0806583634 -0.105740963 0.009499998
v 0.0805052604 -0.10253038 -0.024499998
v 0.0805052604 -0.10253038 0.009499998
v 0.0805165714 -0.10247213 -0.024499998
v 0.0805165714 -0.10247213 0.009499998
v 0.0805413674 -0.102236267 -0.024499998
v 0.0805413674 -0.102236267 0.009499998
v 0.0805330894 -0.101999241 -0.024499998
v 0.0805330894 -0.101999241 0.009499998
v 0.0805328794 -0.0985517076 -0.024499998
v 0.0807202954 -0.0986451486 0.009499998
v 0.0809620904 -0.10556913 -0.024499998
v 0.0807816354 -0.105675407 0.009499998
v 0.0809620904 -0.0987847286 -0.024499998
v 0.0809620904 -0.0987847286 0.009499998
v 0.0807816354 -0.0986784516 -0.024499998
v 0.0809025614 -0.0987482606 0.009499998
v 0.0810209694 -0.105531612 -0.024499998
v 0.0810209694 -0.105531612 0.009499998
v 0.0812496604 -0.105371471 -0.024499998
v 0.0810791824 -0.105493084 0.009499998
v 0.0810209694 -0.0988222466 -0.024499998
v 0.0812496604 -0.0989823876 0.009499998
v 0.0813596954 -0.105285507 -0.024499998
v 0.0813050504 -0.105328976 0.009499998
v 0.0814666404 -0.105195766 -0.024499998
v 0.0814135594 -0.105241104 0.009499998
v 0.0813050504 -0.0990248826 -0.024499998
v 0.0814666404 -0.0991580926 0.009499998
v 0.0816708414 -0.105005356 -0.024499998
v 0.0815189214 -0.105149513 0.009499998
v 0.0817197654 -0.104955555 -0.024499998
v 0.0817197654 -0.104955555 0.009499998
v 0.0815704004 -0.0992515136 -0.024499998
v 0.0817197654 -0.0993983036 0.009499998
v 0.0815189214 -0.0992043456 -0.024499998
v 0.0815189214 -0.0992043456 0.009499998
v 0.0818612524 -0.104801174 -0.024499998
v 0.0817678304 -0.104904915 0.009499998
v 0.0819944424 -0.104639584 -0.024499998
v 0.0819065894 -0.104748074 0.009499998
v 0.0818149804 -0.0995004036 -0.024499998
v 0.0819944424 -0.0997142746 0.009499998
v 0.0817678304 -0.0994489436 -0.024499998
v 0.0817678304 -0.0994489436 0.009499998
v 0.0820784804 -0.10452808 -0.024499998
v 0.0820369574 -0.104584194 0.009499998
v 0.0822345964 -0.104296604 -0.024499998
v 0.0821190114 -0.104471241 0.009499998
v 0.0822345964 -0.100057255 -0.024499998
v 0.0822345964 -0.100057255 0.009499998
v 0.0820369574 -0.0997696646 -0.024499998
v 0.0821970794 -0.0999983746 0.009499998
v 0.0823741954 -0.10405481 -0.024499998
v 0.0822710844 -0.104237076 0.009499998
v 0.0824965904 -0.103803879 -0.024499998
v 0.0824064294 -0.103992897 0.009499998
v 0.0824965904 -0.10054998 -0.024499998
v 0.0824965904 -0.10054998 0.009499998
v 0.0823741954 -0.100299049 -0.024499998
v 0.0824676364 -0.100486465 0.009499998
v 0.0822710844 -0.100116783 -0.024499998
v 0.0823408934 -0.10023769 0.009499998
v 0.0826011704 -0.103545013 -0.024499998
v 0.0825244184 -0.103739849 0.009499998
v 0.0826874584 -0.103279472 -0.024499998
v 0.0826244774 -0.10347921 0.009499998
v 0.0827398914 -0.10307674 -0.024499998
v 0.0827061124 -0.1032122 0.009499998
v 0.0827398914 -0.101277119 -0.024499998
v 0.0827398914 -0.101277119 0.009499998
v 0.0826676224 -0.101007439 -0.024499998
v 0.0827235834 -0.101209236 0.009499998
v 0.0826011704 -0.100808846 -0.024499998
v 0.0826466414 -0.100940853 0.009499998
v 0.0825244184 -0.10061401 -0.024499998
v 0.0825767364 -0.100743462 0.009499998
v 0.0827549974 -0.103008572 -0.024499998
v 0.0827549974 -0.103008572 0.009499998
v 0.0827931634 -0.102802673 -0.024499998
v 0.0827689214 -0.102940174 0.009499998
v 0.0828271904 -0.102525555 -0.024499998
v 0.0828034824 -0.102733627 0.009499998
v 0.0828399704 -0.102316528 -0.024499998
v 0.0828326644 -0.102455956 0.009499998
v 0.0828399704 -0.102037331 -0.024499998
v 0.0828418014 -0.102246738 0.009499998
v 0.0828204964 -0.10175882 -0.024499998
v 0.0828369184 -0.101967579 0.009499998
v 0.0827931634 -0.101551186 -0.024499998
v 0.0828125994 -0.101689449 0.009499998
v 0.0827549974 -0.101345287 -0.024499998
v 0.0827816434 -0.10148233 0.009499998
v 0.0589985894 -0.0656055406 0.0225
v 0.0589985894 -0.0656055406 0.029499998
v 0.0589732594 -0.0652836566 0.0225
v 0.0589732594 -0.0652836566 0.029499998
v 0.0589535374 -0.0649613716 0.0225
v 0.0589535374 -0.0649613716 0.029499998
v 0.0589394614 -0.0646388016 0.0225
v 0.0589394614 -0.0646388016 0.029499998
v 0.0589310114 -0.0643160396 0.0225
v 0.0589310114 -0.0643160396 0.029499998
v 0.0589281884 -0.0639931636 0.0225
v 0.0589281884 -0.0639931636 0.029499998
v 0.0589310114 -0.0636702876 0.0225
v 0.0589310114 -0.0636702876 0.029499998
v 0.0589394614 -0.0633475266 0.0225
v 0.0589394614 -0.0633475266 0.029499998
v 0.0589535374 -0.0630249556 0.0225
v 0.0589535374 -0.0630249556 0.029499998
v 0.0589732594 -0.0627026706 0.0225
v 0.0589732594 -0.0627026706 0.029499998
v 0.0589985894 -0.0623807866 0.0225
v 0.0589985894 -0.0623807866 0.029499998
v 0.0592092554 -0.0672056536 0.0225
v 0.0592092554 -0.0672056536 0.029499998
v 0.0591559644 -0.0668872026 0.0225
v 0.0591559644 -0.0668872026 0.029499998
v 0.0591082424 -0.0665678746 0.0225
v 0.0591082424 -0.0665678746 0.029499998
v 0.0590660904 -0.0662477456 0.0225
v 0.0590660904 -0.0662477456 0.029499998
v 0.0590295454 -0.0659269486 0.0225
v 0.0590295454 -0.0659269486 0.029499998
v 0.0590295454 -0.0620593796 0.0225
v 0.0590295454 -0.0620593796 0.029499998
v 0.0590660904 -0.0617385826 0.0225
v 0.0590660904 -0.0617385826 0.029499998
v 0.0591082424 -0.0614184526 0.0225
v 0.0591082424 -0.0614184526 0.029499998
v 0.0591559644 -0.0610991246 0.0225
v 0.0591559644 -0.0610991246 0.029499998
v 0.0592092554 -0.0607806736 0.0225
v 0.0592092554 -0.0607806736 0.029499998
v 0.0594777154 -0.0684687196 0.0225
v 0.0594777154 -0.0684687196 0.029499998
v 0.0594023554 -0.0681547506 0.0225
v 0.0594023554 -0.0681547506 0.029499998
v 0.0593324704 -0.0678395226 0.0225
v 0.0593324704 -0.0678395226 0.029499998
v 0.0592680974 -0.0675231316 0.0225
v 0.0592680974 -0.0675231316 0.029499998
v 0.0592680974 -0.0604631956 0.0225
v 0.0592680974 -0.0604631956 0.029499998
v 0.0593324704 -0.0601468046 0.0225
v 0.0593324704 -0.0601468046 0.029499998
v 0.0594023554 -0.0598315766 0.0225
v 0.0594023554 -0.0598315766 0.029499998
v 0.0594777154 -0.0595176086 0.0225
v 0.0594777154 -0.0595176086 0.029499998
v 0.0597365614 -0.0694020416 0.0225
v 0.0597365614 -0.0694020416 0.029499998
v 0.0596448554 -0.0690924606 0.0225
v 0.0596448554 -0.0690924606 0.029499998
v 0.0595585674 -0.0687813146 0.0225
v 0.0595585674 -0.0687813146 0.029499998
v 0.0595585674 -0.0592050126 0.0225
v 0.0595585674 -0.0592050126 0.029499998
v 0.0596448554 -0.0588938676 0.0225
v 0.0596448554 -0.0588938676 0.029499998
v 0.0597365614 -0.0585842856 0.0225
v 0.0597365614 -0.0585842856 0.029499998
v 0.0599361084 -0.0700161706 0.0225
v 0.0599361084 -0.0700161706 0.029499998
v 0.0598336454 -0.0697099836 0.0225
v 0.0598336454 -0.0697099836 0.029499998
v 0.0598336454 -0.0582763436 0.0225
v 0.0598336454 -0.0582763436 0.029499998
v 0.0599361084 -0.0579701576 0.0225
v 0.0599361084 -0.0579701576 0.029499998
v 0.0601569594 -0.0706229736 0.0225
v 0.0601569594 -0.0706229736 0.029499998
v 0.0600438734 -0.0703205446 0.0225
v 0.0600438734 -0.0703205446 0.029499998
v 0.0600438734 -0.0576657826 0.0225
v 0.0600438734 -0.0576657826 0.029499998
v 0.0601569594 -0.0573633536 0.0225
v 0.0601569594 -0.0573633536 0.029499998
v 0.0603988494 -0.0712216906 0.0225
v 0.0603988494 -0.0712216906 0.029499998
v 0.0602752914 -0.0709233816 0.0225
v 0.0602752914 -0.0709233816 0.029499998
v 0.0602752914 -0.0570629456 0.0225
v 0.0602752914 -0.0570629456 0.029499998
v 0.0603988494 -0.0567646366 0.0225
v 0.0603988494 -0.0567646366 0.029499998
v 0.0606614914 -0.0718115956 0.0225
v 0.0606614914 -0.0718115956 0.029499998
v 0.0605275954 -0.0715177876 0.0225
v 0.0605275954 -0.0715177876 0.029499998
v 0.0605275954 -0.0564685396 0.0225
v 0.0605275954 -0.0564685396 0.029499998
v 0.0606614914 -0.0561747316 0.0225
v 0.0606614914 -0.0561747316 0.029499998
v 0.0609445804 -0.0723919826 0.0225
v 0.0609445804 -0.0723919826 0.029499998
v 0.0608004994 -0.0721030386 0.0225
v 0.0608004994 -0.0721030386 0.029499998
v 0.0608004994 -0.0558832886 0.0225
v 0.0608004994 -0.0558832886 0.029499998
v 0.0609445804 -0.0555943446 0.0225
v 0.0609445804 -0.0555943446 0.029499998
v 0.0612477344 -0.0729621466 0.0225
v 0.0612477344 -0.0729621466 0.029499998
v 0.0610936584 -0.0726783906 0.0225
v 0.0610936584 -0.0726783906 0.029499998
v 0.0610936584 -0.0553079376 0.0225
v 0.0610936584 -0.0553079376 0.029499998
v 0.0612477344 -0.0550241806 0.0225
v 0.0612477344 -0.0550241806 0.029499998
v 0.0614067314 -0.0732431556 0.0225
v 0.0614067314 -0.0732431556 0.029499998
v 0.0614067314 -0.0547431716 0.0225
v 0.0614067314 -0.0547431716 0.029499998
v 0.0617392964 -0.0737966686 0.0225
v 0.0617392964 -0.0737966686 0.029499998
v 0.0615705914 -0.0735213616 0.0225
v 0.0615705914 -0.0735213616 0.029499998
v 0.0615705914 -0.0544649656 0.0225
v 0.0615705914 -0.0544649656 0.029499998
v 0.0617392964 -0.0541896586 0.0225
v 0.0617392964 -0.0541896586 0.029499998
v 0.0619127884 -0.0740689806 0.0225
v 0.0619127884 -0.0740689806 0.029499998
v 0.0619127884 -0.0539173466 0.0225
v 0.0619127884 -0.0539173466 0.029499998
v 0.0620909924 -0.0743382416 0.0225
v 0.0620909924 -0.0743382416 0.029499998
v 0.0620909924 -0.0536480866 0.0225
v 0.0620909924 -0.0536480866 0.029499998
v 0.0624613804 -0.0748671876 0.0225
v 0.0624613804 -0.0748671876 0.029499998
v 0.0622738884 -0.0746043356 0.0225
v 0.0622738884 -0.0746043356 0.029499998
v 0.0622738884 -0.0533819916 0.0225
v 0.0622738884 -0.0533819916 0.029499998
v 0.0624613804 -0.0531191406 0.0225
v 0.0624613804 -0.0531191406 0.029499998
v 0.0626534314 -0.0751267396 0.0225
v 0.0626534314 -0.0751267396 0.029499998
v 0.0626534314 -0.0528595886 0.0225
v 0.0626534314 -0.0528595886 0.029499998
v 0.0628500024 -0.0753828956 0.0225
v 0.0628500024 -0.0753828956 0.029499998
v 0.0628500024 -0.0526034216 0.0225
v 0.0628500024 -0.0526034216 0.029499998
v 0.0630509994 -0.0756355816 0.0225
v 0.0630509994 -0.0756355816 0.029499998
v 0.0630509994 -0.0523507366 0.0225
v 0.0630509994 -0.0523507366 0.029499998
v 0.0634660574 -0.0761302526 0.0225
v 0.0634660574 -0.0761302526 0.029499998
v 0.0632563634 -0.0758847386 0.0225
v 0.0632563634 -0.0758847386 0.029499998
v 0.0632563634 -0.0521015886 0.0225
v 0.0632563634 -0.0521015886 0.029499998
v 0.0634660574 -0.0518560746 0.0225
v 0.0634660574 -0.0518560746 0.029499998
v 0.0636800044 -0.0763720856 0.0225
v 0.0636800044 -0.0763720856 0.029499998
v 0.0636800044 -0.0516142516 0.0225
v 0.0636800044 -0.0516142516 0.029499998
v 0.0638981484 -0.0766101416 0.0225
v 0.0638981484 -0.0766101416 0.029499998
v 0.0638981484 -0.0513761956 0.0225
v 0.0638981484 -0.0513761956 0.029499998
v 0.0641204114 -0.0768443446 0.0225
v 0.0641204114 -0.0768443446 0.029499998
v 0.0641204114 -0.0511419826 0.0225
v 0.0641204114 -0.0511419826 0.029499998
v 0.0643467184 -0.0770746376 0.0225
v 0.0643467184 -0.0770746376 0.029499998
v 0.0643467184 -0.0509116896 0.0225
v 0.0643467184 -0.0509116896 0.029499998
v 0.0645770114 -0.0773009446 0.0225
v 0.0645770114 -0.0773009446 0.029499998
v 0.0645770114 -0.0506853726 0.0225
v 0.0645770114 -0.0506853726 0.029499998
v 0.0648112144 -0.0775232086 0.0225
v 0.0648112144 -0.0775232086 0.029499998
v 0.0649966664 -0.0652997736 0.0225
v 0.0649966664 -0.0652997736 0.029499998
v 0.0649757614 -0.0650826026 0.0225
v 0.0649757614 -0.0650826026 0.029499998
v 0.0649586334 -0.0648651276 0.0225
v 0.0649586334 -0.0648651276 0.029499998
v 0.0649453204 -0.0646473656 0.0225
v 0.0649453204 -0.0646473656 0.029499998
v 0.0649358024 -0.0644294126 0.0225
v 0.0649358024 -0.0644294126 0.029499998
v 0.0649300994 -0.0642113266 0.0225
v 0.0649300994 -0.0642113266 0.029499998
v 0.0649281924 -0.0639931636 0.0225
v 0.0649281924 -0.0639931636 0.029499998
v 0.0649358024 -0.0635569146 0.0225
v 0.0649358024 -0.0635569146 0.029499998
v 0.0649453204 -0.0633389626 0.0225
v 0.0649453204 -0.0633389626 0.029499998
v 0.0649586334 -0.0631212006 0.0225
v 0.0649586334 -0.0631212006 0.029499998
v 0.0649757614 -0.0629037246 0.0225
v 0.0649757614 -0.0629037246 0.029499998
v 0.0649966664 -0.0626865536 0.0225
v 0.0649966664 -0.0626865536 0.029499998
v 0.0648112144 -0.0504631196 0.0225
v 0.0648112144 -0.0504631196 0.029499998
v 0.0650492714 -0.0777413516 0.0225
v 0.0650492714 -0.0777413516 0.029499998
v 0.0652485694 -0.0668050536 0.0225
v 0.0652485694 -0.0668050536 0.029499998
v 0.0652013434 -0.0665920596 0.0225
v 0.0652013434 -0.0665920596 0.029499998
v 0.0651578564 -0.0663782836 0.0225
v 0.0651578564 -0.0663782836 0.029499998
v 0.0651180884 -0.0661637646 0.0225
v 0.0651180884 -0.0661637646 0.029499998
v 0.0650820964 -0.0659485966 0.0225
v 0.0650820964 -0.0659485966 0.029499998
v 0.0650498434 -0.0657328186 0.0225
v 0.0650498434 -0.0657328186 0.029499998
v 0.0650213664 -0.0624698026 0.0225
v 0.0650213664 -0.0624698026 0.029499998
v 0.0650820964 -0.0620377306 0.0225
v 0.0650820964 -0.0620377306 0.029499998
v 0.0651180884 -0.0618225626 0.0225
v 0.0651180884 -0.0618225626 0.029499998
v 0.0651578564 -0.0616080436 0.0225
v 0.0651578564 -0.0616080436 0.029499998
v 0.0652013434 -0.0613942676 0.0225
v 0.0652013434 -0.0613942676 0.029499998
v 0.0652485694 -0.0611812736 0.0225
v 0.0652485694 -0.0611812736 0.029499998
v 0.0650492714 -0.0502449856 0.0225
v 0.0650492714 -0.0502449856 0.029499998
v 0.0652911034 -0.0779552986 0.0225
v 0.0652911034 -0.0779552986 0.029499998
v 0.0654743804 -0.0676478156 0.0225
v 0.0654743804 -0.0676478156 0.029499998
v 0.0654124304 -0.0674386366 0.0225
v 0.0654124304 -0.0674386366 0.029499998
v 0.0653541224 -0.0672284086 0.0225
v 0.0653541224 -0.0672284086 0.029499998
v 0.0652994964 -0.0609691386 0.0225
v 0.0652994964 -0.0609691386 0.029499998
v 0.0654124304 -0.0605476906 0.0225
v 0.0654124304 -0.0605476906 0.029499998
v 0.0654743804 -0.0603385116 0.0225
v 0.0654743804 -0.0603385116 0.029499998
v 0.0652911034 -0.0500310376 0.0225
v 0.0652911034 -0.0500310376 0.029499998
v 0.0655366174 -0.0781649926 0.0225
v 0.0655366174 -0.0781649926 0.029499998
v 0.0656820344 -0.0682684096 0.0225
v 0.0656820344 -0.0682684096 0.029499998
v 0.0656092114 -0.0680627586 0.0225
v 0.0656092114 -0.0680627586 0.029499998
v 0.0655399934 -0.0678558686 0.0225
v 0.0655399934 -0.0678558686 0.029499998
v 0.0655399934 -0.0601304586 0.0225
v 0.0655399934 -0.0601304586 0.029499998
v 0.0656092114 -0.0599235686 0.0225
v 0.0656092114 -0.0599235686 0.029499998
v 0.0656820344 -0.0597179176 0.0225
v 0.0656820344 -0.0597179176 0.029499998
v 0.0655366174 -0.0498213436 0.0225
v 0.0655366174 -0.0498213436 0.029499998
v 0.0657857744 -0.0783703576 0.0225
v 0.0657857744 -0.0783703576 0.029499998
v 0.0659218834 -0.0688773116 0.0225
v 0.0659218834 -0.0688773116 0.029499998
v 0.0658383984 -0.0686757426 0.0225
v 0.0658383984 -0.0686757426 0.029499998
v 0.0657584424 -0.0684727626 0.0225
v 0.0657584424 -0.0684727626 0.029499998
v 0.0657584424 -0.0595135646 0.0225
v 0.0657584424 -0.0595135646 0.029499998
v 0.0658383984 -0.0593105846 0.0225
v 0.0658383984 -0.0593105846 0.029499998
v 0.0659218834 -0.0591090156 0.0225
v 0.0659218834 -0.0591090156 0.029499998
v 0.0657857744 -0.0496159606 0.0225
v 0.0657857744 -0.0496159606 0.029499998
v 0.0660384604 -0.0785713536 0.0225
v 0.0660384604 -0.0785713536 0.029499998
v 0.0661932604 -0.0694728046 0.0225
v 0.0661932604 -0.0694728046 0.029499998
v 0.0660088774 -0.0690773736 0.0225
v 0.0660088774 -0.0690773736 0.029499998
v 0.0660088774 -0.0589089546 0.0225
v 0.0660088774 -0.0589089546 0.029499998
v 0.0660993424 -0.0587104376 0.0225
v 0.0660993424 -0.0587104376 0.029499998
v 0.0660384604 -0.0494149646 0.0225
v 0.0660384604 -0.0494149646 0.029499998
v 0.0662946174 -0.0787679246 0.0225
v 0.0662946174 -0.0787679246 0.029499998
v 0.0664954414 -0.0700532876 0.0225
v 0.0664954414 -0.0700532876 0.029499998
v 0.0663913384 -0.0698615606 0.0225
v 0.0663913384 -0.0698615606 0.029499998
v 0.0662906114 -0.0696680406 0.0225
v 0.0662906114 -0.0696680406 0.029499998
v 0.0662906114 -0.0583182866 0.0225
v 0.0662906114 -0.0583182866 0.029499998
v 0.0663913384 -0.0581247666 0.0225
v 0.0663913384 -0.0581247666 0.029499998
v 0.0664954414 -0.0579330406 0.0225
v 0.0664954414 -0.0579330406 0.029499998
v 0.0662946174 -0.0492184026 0.0225
v 0.0662946174 -0.0492184026 0.029499998
v 0.0665541694 -0.0789599756 0.0225
v 0.0665541694 -0.0789599756 0.029499998
v 0.0667136044 -0.0704311326 0.0225
v 0.0667136044 -0.0704311326 0.029499998
v 0.0666028824 -0.0702431636 0.0225
v 0.0666028824 -0.0702431636 0.029499998
v 0.0666028824 -0.0577431636 0.0225
v 0.0666028824 -0.0577431636 0.029499998
v 0.0665541694 -0.0490263516 0.0225
v 0.0665541694 -0.0490263516 0.029499998
v 0.0668170204 -0.0791474686 0.0225
v 0.0668170204 -0.0791474686 0.029499998
v 0.0669448134 -0.0708011586 0.0225
v 0.0669448134 -0.0708011586 0.029499998
v 0.0668275874 -0.0706171566 0.0225
v 0.0668275874 -0.0706171566 0.029499998
v 0.0668275874 -0.0573691706 0.0225
v 0.0668275874 -0.0573691706 0.029499998
v 0.0669448134 -0.0571851686 0.0225
v 0.0669448134 -0.0571851686 0.029499998
v 0.0668170204 -0.0488388496 0.0225
v 0.0668170204 -0.0488388496 0.029499998
v 0.0670831154 -0.0793303636 0.0225
v 0.0670831154 -0.0793303636 0.029499998
v 0.0671888014 -0.0711628686 0.0225
v 0.0671888014 -0.0711628686 0.029499998
v 0.0670652244 -0.0709830816 0.0225
v 0.0670652244 -0.0709830816 0.029499998
v 0.0670652244 -0.0570032456 0.0225
v 0.0670652244 -0.0570032456 0.029499998
v 0.0671888014 -0.0568234596 0.0225
v 0.0671888014 -0.0568234596 0.029499998
v 0.0670831154 -0.0486559726 0.0225
v 0.0670831154 -0.0486559726 0.029499998
v 0.0673523754 -0.0795085676 0.0225
v 0.0673523754 -0.0795085676 0.029499998
v 0.0674452444 -0.0715158416 0.0225
v 0.0674452444 -0.0715158416 0.029499998
v 0.0673154874 -0.0713404806 0.0225
v 0.0673154874 -0.0713404806 0.029499998
v 0.0673154874 -0.0566458466 0.0225
v 0.0673154874 -0.0566458466 0.029499998
v 0.0674452444 -0.0564704856 0.0225
v 0.0674452444 -0.0564704856 0.029499998
v 0.0673523754 -0.0484777596 0.0225
v 0.0673523754 -0.0484777596 0.029499998
v 0.0676246874 -0.0796820596 0.0225
v 0.0676246874 -0.0796820596 0.029499998
v 0.0677138754 -0.0718596606 0.0225
v 0.0677138754 -0.0718596606 0.029499998
v 0.0675780524 -0.0716889336 0.0225
v 0.0675780524 -0.0716889336 0.029499998
v 0.0675780524 -0.0562973936 0.0225
v 0.0675780524 -0.0562973936 0.029499998
v 0.0677138754 -0.0561266666 0.0225
v 0.0677138754 -0.0561266666 0.029499998
v 0.0676246874 -0.0483042766 0.0225
v 0.0676246874 -0.0483042766 0.029499998
v 0.0678999944 -0.0798507646 0.0225
v 0.0678999944 -0.0798507646 0.029499998
v 0.0679943314 -0.0721939046 0.0225
v 0.0679943314 -0.0721939046 0.029499998
v 0.0678526344 -0.0559583236 0.0225
v 0.0678526344 -0.0559583236 0.029499998
v 0.0678999944 -0.0481355716 0.0225
v 0.0678999944 -0.0481355716 0.029499998
v 0.0681782004 -0.0800146256 0.0225
v 0.0681782004 -0.0800146256 0.029499998
v 0.0681388894 -0.0723572876 0.0225
v 0.0681388894 -0.0723572876 0.029499998
v 0.0681388894 -0.0556290396 0.0225
v 0.0681388894 -0.0556290396 0.029499998
v 0.0681782004 -0.0479716926 0.0225
v 0.0681782004 -0.0479716926 0.029499998
v 0.0684592094 -0.0801736216 0.0225
v 0.0684592094 -0.0801736216 0.029499998
v 0.0684364364 -0.0726763876 0.0225
v 0.0684364364 -0.0726763876 0.029499998
v 0.0682862704 -0.0554681926 0.0225
v 0.0682862704 -0.0554681926 0.029499998
v 0.0684592094 -0.0478126956 0.0225
v 0.0684592094 -0.0478126956 0.029499998
v 0.0687429664 -0.0803276976 0.0225
v 0.0687429664 -0.0803276976 0.029499998
v 0.0687449684 -0.0729849206 0.0225
v 0.0687449684 -0.0729849206 0.029499998
v 0.0685893674 -0.0551543386 0.0225
v 0.0685893674 -0.0551543386 0.029499998
v 0.0687429664 -0.0476586296 0.0225
v 0.0687429664 -0.0476586296 0.029499998
v 0.0689032214 -0.0731350856 0.0225
v 0.0689032214 -0.0731350856 0.029499998
v 0.0689032214 -0.0548512416 0.0225
v 0.0689032214 -0.0548512416 0.029499998
v 0.0690293734 -0.0804767756 0.0225
v 0.0690293734 -0.0804767756 0.029499998
v 0.0692274514 -0.0734270246 0.0225
v 0.0692274514 -0.0734270246 0.029499998
v 0.0690640684 -0.0547038606 0.0225
v 0.0690640684 -0.0547038606 0.029499998
v 0.0690293734 -0.0475095426 0.0225
v 0.0690293734 -0.0475095426 0.029499998
v 0.0693183174 -0.0806208566 0.0225
v 0.0693183174 -0.0806208566 0.029499998
v 0.0693933524 -0.0735687216 0.0225
v 0.0693933524 -0.0735687216 0.029499998
v 0.0693933524 -0.0544176056 0.0225
v 0.0693933524 -0.0544176056 0.029499998
v 0.0693183174 -0.0473654706 0.0225
v 0.0693183174 -0.0473654706 0.029499998
v 0.0696097604 -0.0807598646 0.0225
v 0.0696097604 -0.0807598646 0.029499998
v 0.0697324224 -0.0738433036 0.0225
v 0.0697324224 -0.0738433036 0.029499998
v 0.0695616954 -0.0737074806 0.0225
v 0.0695616954 -0.0737074806 0.029499998
v 0.0695616954 -0.0542788466 0.0225
v 0.0695616954 -0.0542788466 0.029499998
v 0.0697324224 -0.0541430236 0.0225
v 0.0697324224 -0.0541430236 0.029499998
v 0.0696097604 -0.0472264726 0.0225
v 0.0696097604 -0.0472264726 0.029499998
v 0.0699035684 -0.0808937606 0.0225
v 0.0699035684 -0.0808937606 0.029499998
v 0.0699055144 -0.0739761116 0.0225
v 0.0699055144 -0.0739761116 0.029499998
v 0.0699055144 -0.0540102156 0.0225
v 0.0699055144 -0.0540102156 0.029499998
v 0.0699035684 -0.0470925766 0.0225
v 0.0699035684 -0.0470925766 0.029499998
v 0.0701996654 -0.0810225066 0.0225
v 0.0701996654 -0.0810225066 0.029499998
v 0.0700808754 -0.0741058686 0.0225
v 0.0700808754 -0.0741058686 0.029499998
v 0.0700808754 -0.0538804586 0.0225
v 0.0700808754 -0.0538804586 0.029499998
v 0.0701996654 -0.0469638206 0.0225
v 0.0701996654 -0.0469638206 0.029499998
v 0.0704979744 -0.0811460646 0.0225
v 0.0704979744 -0.0811460646 0.029499998
v 0.0704382744 -0.0743561326 0.0225
v 0.0704382744 -0.0743561326 0.029499998
v 0.0702584884 -0.0742325546 0.0225
v 0.0702584884 -0.0742325546 0.029499998
v 0.0702584884 -0.0537537726 0.0225
v 0.0702584884 -0.0537537726 0.029499998
v 0.0704382744 -0.0536301956 0.0225
v 0.0704382744 -0.0536301956 0.029499998
v 0.0704979744 -0.0468402626 0.0225
v 0.0704979744 -0.0468402626 0.029499998
v 0.0706201974 -0.0744765426 0.0225
v 0.0706201974 -0.0744765426 0.029499998
v 0.0706201974 -0.0535097846 0.0225
v 0.0706201974 -0.0535097846 0.029499998
v 0.0707983824 -0.0812643966 0.0225
v 0.0707983824 -0.0812643966 0.029499998
v 0.0709902234 -0.0747077516 0.0225
v 0.0709902234 -0.0747077516 0.029499998
v 0.0708041994 -0.0533925586 0.0225
v 0.0708041994 -0.0533925586 0.029499998
v 0.0707983824 -0.0467219216 0.0225
v 0.0707983824 -0.0467219216 0.029499998
v 0.0711008114 -0.0813774826 0.0225
v 0.0711008114 -0.0813774826 0.029499998
v 0.0711781924 -0.0748184736 0.0225
v 0.0711781924 -0.0748184736 0.029499998
v 0.0711781924 -0.0531678446 0.0225
v 0.0711781924 -0.0531678446 0.029499998
v 0.0711008114 -0.0466088536 0.0225
v 0.0711008114 -0.0466088536 0.029499998
v 0.0714051864 -0.0814852486 0.0225
v 0.0714051864 -0.0814852486 0.029499998
v 0.0713680694 -0.0749259146 0.0225
v 0.0713680694 -0.0749259146 0.029499998
v 0.0713680694 -0.0530604126 0.0225
v 0.0713680694 -0.0530604126 0.029499998
v 0.0714051864 -0.0465010696 0.0225
v 0.0714051864 -0.0465010696 0.029499998
v 0.0717113724 -0.0815877106 0.0225
v 0.0717113724 -0.0815877106 0.029499998
v 0.0715597954 -0.0750300176 0.0225
v 0.0715597954 -0.0750300176 0.029499998
v 0.0715597954 -0.0529563196 0.0225
v 0.0715597954 -0.0529563196 0.029499998
v 0.0717113724 -0.0463986166 0.0225
v 0.0717113724 -0.0463986166 0.029499998
v 0.0719485514 -0.0752280956 0.0225
v 0.0719485514 -0.0752280956 0.029499998
v 0.0717533154 -0.0528555826 0.0225
v 0.0717533154 -0.0528555826 0.029499998
v 0.0720193144 -0.0816847946 0.0225
v 0.0720193144 -0.0816847946 0.029499998
v 0.0721454664 -0.0753220136 0.0225
v 0.0721454664 -0.0753220136 0.029499998
v 0.0721454664 -0.0526643136 0.0225
v 0.0721454664 -0.0526643136 0.029499998
v 0.0720193144 -0.0463015226 0.0225
v 0.0720193144 -0.0463015226 0.029499998
v 0.0723288964 -0.0817765006 0.0225
v 0.0723288964 -0.0817765006 0.029499998
v 0.0723439834 -0.0754124786 0.0225
v 0.0723439834 -0.0754124786 0.029499998
v 0.0723439834 -0.0525738486 0.0225
v 0.0723439834 -0.0525738486 0.029499998
v 0.0723288964 -0.0462098266 0.0225
v 0.0723288964 -0.0462098266 0.029499998
v 0.0726400414 -0.0818627886 0.0225
v 0.0726400414 -0.0818627886 0.029499998
v 0.0727456134 -0.0755829576 0.0225
v 0.0727456134 -0.0755829576 0.029499998
v 0.0725440444 -0.0754994736 0.0225
v 0.0725440444 -0.0754994736 0.029499998
v 0.0725440444 -0.0524868546 0.0225
v 0.0725440444 -0.0524868546 0.029499998
v 0.0726400414 -0.0461235386 0.0225
v 0.0726400414 -0.0461235386 0.029499998
v 0.0729526374 -0.0819436416 0.0225
v 0.0729526374 -0.0819436416 0.029499998
v 0.0729485934 -0.0756629136 0.0225
v 0.0729485934 -0.0756629136 0.029499998
v 0.0729485934 -0.0523234036 0.0225
v 0.0729485934 -0.0523234036 0.029499998
v 0.0729526374 -0.0460426956 0.0225
v 0.0729526374 -0.0460426956 0.029499998
v 0.0731529464 -0.0757393226 0.0225
v 0.0731529464 -0.0757393226 0.029499998
v 0.0731529464 -0.0522470056 0.0225
v 0.0731529464 -0.0522470056 0.029499998
v 0.0732666054 -0.0820190006 0.0225
v 0.0732666054 -0.0820190006 0.029499998
v 0.0733585974 -0.0758121446 0.0225
v 0.0733585974 -0.0758121446 0.029499998
v 0.0733585974 -0.0521741826 0.0225
v 0.0733585974 -0.0521741826 0.029499998
v 0.0732666054 -0.0459673176 0.0225
v 0.0732666054 -0.0459673176 0.029499998
v 0.0735818334 -0.0820888856 0.0225
v 0.0735818334 -0.0820888856 0.029499998
v 0.0735654874 -0.0758813626 0.0225
v 0.0735654874 -0.0758813626 0.029499998
v 0.0735654874 -0.0521049556 0.0225
v 0.0735654874 -0.0521049556 0.029499998
v 0.0735818334 -0.0458974316 0.0225
v 0.0735818334 -0.0458974316 0.029499998
v 0.0738982244 -0.0821532586 0.0225
v 0.0738982244 -0.0821532586 0.029499998
v 0.0739827194 -0.0760089256 0.0225
v 0.0739827194 -0.0760089256 0.029499998
v 0.0737735404 -0.0759469756 0.0225
v 0.0737735404 -0.0759469756 0.029499998
v 0.0737735404 -0.0520393516 0.0225
v 0.0737735404 -0.0520393516 0.029499998
v 0.0739827194 -0.0519773916 0.0225
v 0.0739827194 -0.0519773916 0.029499998
v 0.0738982244 -0.0458330586 0.0225
v 0.0738982244 -0.0458330586 0.029499998
v 0.0742157024 -0.0822121006 0.0225
v 0.0742157024 -0.0822121006 0.029499998
v 0.0741929474 -0.0760672336 0.0225
v 0.0741929474 -0.0760672336 0.029499998
v 0.0741929474 -0.0519190936 0.0225
v 0.0741929474 -0.0519190936 0.029499998
v 0.0742157024 -0.0457742176 0.0225
v 0.0742157024 -0.0457742176 0.029499998
v 0.0744041674 -0.0761218606 0.0225
v 0.0744041674 -0.0761218606 0.029499998
v 0.0744041674 -0.0518644676 0.0225
v 0.0744041674 -0.0518644676 0.029499998
v 0.0745341534 -0.0822653916 0.0225
v 0.0745341534 -0.0822653916 0.029499998
v 0.0746163024 -0.0761727866 0.0225
v 0.0746163024 -0.0761727866 0.029499998
v 0.0746163024 -0.0518135406 0.0225
v 0.0746163024 -0.0518135406 0.029499998
v 0.0745341534 -0.0457209256 0.0225
v 0.0745341534 -0.0457209256 0.029499998
v 0.0748534814 -0.0823131136 0.0225
v 0.0748534814 -0.0823131136 0.029499998
v 0.0748292964 -0.0762200126 0.0225
v 0.0748292964 -0.0762200126 0.029499998
v 0.0748292964 -0.0517663146 0.0225
v 0.0748292964 -0.0517663146 0.029499998
v 0.0748534814 -0.0456732036 0.0225
v 0.0748534814 -0.0456732036 0.029499998
v 0.0751736114 -0.0823552666 0.0225
v 0.0751736114 -0.0823552666 0.029499998
v 0.0750430724 -0.0762634996 0.0225
v 0.0750430724 -0.0762634996 0.029499998
v 0.0750430724 -0.0517228276 0.0225
v 0.0750430724 -0.0517228276 0.029499998
v 0.0751736114 -0.0456310616 0.0225
v 0.0751736114 -0.0456310616 0.029499998
v 0.0754944084 -0.0823918106 0.0225
v 0.0754944084 -0.0823918106 0.029499998
v 0.0754727594 -0.0763392596 0.0225
v 0.0754727594 -0.0763392596 0.029499998
v 0.0752575914 -0.0516830686 0.0225
v 0.0752575914 -0.0516830686 0.029499998
v 0.0754944084 -0.0455945066 0.0225
v 0.0754944084 -0.0455945066 0.029499998
v 0.0756885384 -0.0763715126 0.0225
v 0.0756885384 -0.0763715126 0.029499998
v 0.0756885384 -0.0516148146 0.0225
v 0.0756885384 -0.0516148146 0.029499998
v 0.0758158154 -0.0824227676 0.0225
v 0.0758158154 -0.0824227676 0.029499998
v 0.0759048314 -0.0763999896 0.0225
v 0.0759048314 -0.0763999896 0.029499998
v 0.0759048314 -0.0515863376 0.0225
v 0.0759048314 -0.0515863376 0.029499998
v 0.0758158154 -0.0455635606 0.0225
v 0.0758158154 -0.0455635606 0.029499998
v 0.0761376994 -0.0824480966 0.0225
v 0.0761376994 -0.0824480966 0.029499998
v 0.0761215824 -0.0764246896 0.0225
v 0.0761215824 -0.0764246896 0.029499998
v 0.0761215824 -0.0515616376 0.0225
v 0.0761215824 -0.0515616376 0.029499998
v 0.0761376994 -0.0455382306 0.0225
v 0.0761376994 -0.0455382306 0.029499998
v 0.0764599844 -0.0824678186 0.0225
v 0.0764599844 -0.0824678186 0.029499998
v 0.0763387534 -0.0764455946 0.0225
v 0.0763387534 -0.0764455946 0.029499998
v 0.0763387534 -0.0515407326 0.0225
v 0.0763387534 -0.0515407326 0.029499998
v 0.0764599844 -0.0455185176 0.0225
v 0.0764599844 -0.0455185176 0.029499998
v 0.0765562294 -0.0764627226 0.0225
v 0.0765562294 -0.0764627226 0.029499998
v 0.0765562294 -0.0515236146 0.0225
v 0.0765562294 -0.0515236146 0.029499998
v 0.0767825554 -0.0824818946 0.0225
v 0.0767825554 -0.0824818946 0.029499998
v 0.0769919434 -0.0764855536 0.0225
v 0.0769919434 -0.0764855536 0.029499998
v 0.0767739914 -0.0515102916 0.0225
v 0.0767739914 -0.0515102916 0.029499998
v 0.0767825554 -0.0455044326 0.0225
v 0.0767825554 -0.0455044326 0.029499998
v 0.0771053164 -0.0824903446 0.0225
v 0.0771053164 -0.0824903446 0.029499998
v 0.0772100304 -0.0764912566 0.0225
v 0.0772100304 -0.0764912566 0.029499998
v 0.0772100304 -0.0514950706 0.0225
v 0.0772100304 -0.0514950706 0.029499998
v 0.0771053164 -0.0454959826 0.0225
v 0.0771053164 -0.0454959826 0.029499998
v 0.0774281924 -0.0824931676 0.0225
v 0.0774281924 -0.0824931676 0.029499998
v 0.0774281924 -0.0764931636 0.0225
v 0.0774281924 -0.0764931636 0.029499998
v 0.0774281924 -0.0514931636 0.0225
v 0.0774281924 -0.0514931636 0.029499998
v 0.0774281924 -0.0454931596 0.0225
v 0.0774281924 -0.0454931596 0.029499998
v 0.0776463554 -0.0764912566 0.0225
v 0.0776463554 -0.0764912566 0.029499998
v 0.0776463554 -0.0514950706 0.0225
v 0.0776463554 -0.0514950706 0.029499998
v 0.0777510684 -0.0824903446 0.0225
v 0.0777510684 -0.0824903446 0.029499998
v 0.0778644414 -0.0764855536 0.0225
v 0.0778644414 -0.0764855536 0.029499998
v 0.0778644414 -0.0515007736 0.0225
v 0.0778644414 -0.0515007736 0.029499998
v 0.0777510684 -0.0454959826 0.0225
v 0.0777510684 -0.0454959826 0.029499998
v 0.0780738304 -0.0824818946 0.0225
v 0.0780738304 -0.0824818946 0.029499998
v 0.0780823944 -0.0764760356 0.0225
v 0.0780823944 -0.0764760356 0.029499998
v 0.0780823944 -0.0515102916 0.0225
v 0.0780823944 -0.0515102916 0.029499998
v 0.0780738304 -0.0455044326 0.0225
v 0.0780738304 -0.0455044326 0.029499998
v 0.0783964004 -0.0824678186 0.0225
v 0.0783964004 -0.0824678186 0.029499998
v 0.0783001564 -0.0764627226 0.0225
v 0.0783001564 -0.0764627226 0.029499998
v 0.0783001564 -0.0515236146 0.0225
v 0.0783001564 -0.0515236146 0.029499998
v 0.0783964004 -0.0455185176 0.0225
v 0.0783964004 -0.0455185176 0.029499998
v 0.0787186854 -0.0824480966 0.0225
v 0.0787186854 -0.0824480966 0.029499998
v 0.0787348024 -0.0764246896 0.0225
v 0.0787348024 -0.0764246896 0.029499998
v 0.0785176314 -0.0515407326 0.0225
v 0.0785176314 -0.0515407326 0.029499998
v 0.0787186854 -0.0455382306 0.0225
v 0.0787186854 -0.0455382306 0.029499998
v 0.0789515534 -0.0763999896 0.0225
v 0.0789515534 -0.0763999896 0.029499998
v 0.0789515534 -0.0515863376 0.0225
v 0.0789515534 -0.0515863376 0.029499998
v 0.0790405694 -0.0824227676 0.0225
v 0.0790405694 -0.0824227676 0.029499998
v 0.0791678474 -0.0763715126 0.0225
v 0.0791678474 -0.0763715126 0.029499998
v 0.0791678474 -0.0516148146 0.0225
v 0.0791678474 -0.0516148146 0.029499998
v 0.0790405694 -0.0455635606 0.0225
v 0.0790405694 -0.0455635606 0.029499998
v 0.0793619774 -0.0823918106 0.0225
v 0.0793619774 -0.0823918106 0.029499998
v 0.0793836254 -0.0763392596 0.0225
v 0.0793836254 -0.0763392596 0.029499998
v 0.0793836254 -0.0516470586 0.0225
v 0.0793836254 -0.0516470586 0.029499998
v 0.0793619774 -0.0455945066 0.0225
v 0.0793619774 -0.0455945066 0.029499998
v 0.0796827744 -0.0823552666 0.0225
v 0.0796827744 -0.0823552666 0.029499998
v 0.0795987934 -0.0763032676 0.0225
v 0.0795987934 -0.0763032676 0.029499998
v 0.0795987934 -0.0516830686 0.0225
v 0.0795987934 -0.0516830686 0.029499998
v 0.0796827744 -0.0456310616 0.0225
v 0.0796827744 -0.0456310616 0.029499998
v 0.0798133124 -0.0762634996 0.0225
v 0.0798133124 -0.0762634996 0.029499998
v 0.0798133124 -0.0517228276 0.0225
v 0.0798133124 -0.0517228276 0.029499998
v 0.0800029034 -0.0823131136 0.0225
v 0.0800029034 -0.0823131136 0.029499998
v 0.0802400824 -0.0761727866 0.0225
v 0.0802400824 -0.0761727866 0.029499998
v 0.0800270884 -0.0517663146 0.0225
v 0.0800270884 -0.0517663146 0.029499998
v 0.0800029034 -0.0456732036 0.0225
v 0.0800029034 -0.0456732036 0.029499998
v 0.0803222314 -0.0822653916 0.0225
v 0.0803222314 -0.0822653916 0.029499998
v 0.0804522174 -0.0761218606 0.0225
v 0.0804522174 -0.0761218606 0.029499998
v 0.0804522174 -0.0518644676 0.0225
v 0.0804522174 -0.0518644676 0.029499998
v 0.0803222314 -0.0457209256 0.0225
v 0.0803222314 -0.0457209256 0.029499998
v 0.0806406824 -0.0822121006 0.0225
v 0.0806406824 -0.0822121006 0.029499998
v 0.0806634374 -0.0760672336 0.0225
v 0.0806634374 -0.0760672336 0.029499998
v 0.0806634374 -0.0519190936 0.0225
v 0.0806634374 -0.0519190936 0.029499998
v 0.0806406824 -0.0457742176 0.0225
v 0.0806406824 -0.0457742176 0.029499998
v 0.0809581604 -0.0821532586 0.0225
v 0.0809581604 -0.0821532586 0.029499998
v 0.0808736654 -0.0760089256 0.0225
v 0.0808736654 -0.0760089256 0.029499998
v 0.0808736654 -0.0519773916 0.0225
v 0.0808736654 -0.0519773916 0.029499998
v 0.0809581604 -0.0458330586 0.0225
v 0.0809581604 -0.0458330586 0.029499998
v 0.0810828444 -0.0759469756 0.0225
v 0.0810828444 -0.0759469756 0.029499998
v 0.0810828444 -0.0520393516 0.0225
v 0.0810828444 -0.0520393516 0.029499998
v 0.0812745514 -0.0820888856 0.0225
v 0.0812745514 -0.0820888856 0.029499998
v 0.0814977874 -0.0758121446 0.0225
v 0.0814977874 -0.0758121446 0.029499998
v 0.0812908974 -0.0521049556 0.0225
v 0.0812908974 -0.0521049556 0.029499998
v 0.0812745514 -0.0458974316 0.0225
v 0.0812745514 -0.0458974316 0.029499998
v 0.0815897794 -0.0820190006 0.0225
v 0.0815897794 -0.0820190006 0.029499998
v 0.0817034384 -0.0757393226 0.0225
v 0.0817034384 -0.0757393226 0.029499998
v 0.0817034384 -0.0522470056 0.0225
v 0.0817034384 -0.0522470056 0.029499998
v 0.0815897794 -0.0459673176 0.0225
v 0.0815897794 -0.0459673176 0.029499998
v 0.0819037484 -0.0819436416 0.0225
v 0.0819037484 -0.0819436416 0.029499998
v 0.0819077914 -0.0756629136 0.0225
v 0.0819077914 -0.0756629136 0.029499998
v 0.0819077914 -0.0523234036 0.0225
v 0.0819077914 -0.0523234036 0.029499998
v 0.0819037484 -0.0460426956 0.0225
v 0.0819037484 -0.0460426956 0.029499998
v 0.0822163434 -0.0818627886 0.0225
v 0.0822163434 -0.0818627886 0.029499998
v 0.0821107714 -0.0755829576 0.0225
v 0.0821107714 -0.0755829576 0.029499998
v 0.0821107714 -0.0524033696 0.0225
v 0.0821107714 -0.0524033696 0.029499998
v 0.0822163434 -0.0461235386 0.0225
v 0.0822163434 -0.0461235386 0.029499998
v 0.0823123404 -0.0754994736 0.0225
v 0.0823123404 -0.0754994736 0.029499998
v 0.0823123404 -0.0524868546 0.0225
v 0.0823123404 -0.0524868546 0.029499998
v 0.0825274894 -0.0817765006 0.0225
v 0.0825274894 -0.0817765006 0.029499998
v 0.0827109184 -0.0753220136 0.0225
v 0.0827109184 -0.0753220136 0.029499998
v 0.0825124024 -0.0525738486 0.0225
v 0.0825124024 -0.0525738486 0.029499998
v 0.0825274894 -0.0462098266 0.0225
v 0.0825274894 -0.0462098266 0.029499998
v 0.0828370704 -0.0816847946 0.0225
v 0.0828370704 -0.0816847946 0.029499998
v 0.0829078334 -0.0752280956 0.0225
v 0.0829078334 -0.0752280956 0.029499998
v 0.0829078334 -0.0527582416 0.0225
v 0.0829078334 -0.0527582416 0.029499998
v 0.0828370704 -0.0463015226 0.0225
v 0.0828370704 -0.0463015226 0.029499998
v 0.0831450124 -0.0815877106 0.0225
v 0.0831450124 -0.0815877106 0.029499998
v 0.0831030694 -0.0751307446 0.0225
v 0.0831030694 -0.0751307446 0.029499998
v 0.0831030694 -0.0528555826 0.0225
v 0.0831030694 -0.0528555826 0.029499998
v 0.0831450124 -0.0463986166 0.0225
v 0.0831450124 -0.0463986166 0.029499998
v 0.0834511994 -0.0814852486 0.0225
v 0.0834511994 -0.0814852486 0.029499998
v 0.0832965894 -0.0750300176 0.0225
v 0.0832965894 -0.0750300176 0.029499998
v 0.0834883164 -0.0749259146 0.0225
v 0.0834883164 -0.0749259146 0.029499998
v 0.0834883164 -0.0530604126 0.0225
v 0.0834883164 -0.0530604126 0.029499998
v 0.0832965894 -0.0529563196 0.0225
v 0.0832965894 -0.0529563196 0.029499998
v 0.0834511994 -0.0465010696 0.0225
v 0.0834511994 -0.0465010696 0.029499998
v 0.0836781924 -0.0748184736 0.0225
v 0.0836781924 -0.0748184736 0.029499998
v 0.0836781924 -0.0531678446 0.0225
v 0.0836781924 -0.0531678446 0.029499998
v 0.0837555734 -0.0813774826 0.0225
v 0.0837555734 -0.0813774826 0.029499998
v 0.0838661614 -0.0747077516 0.0225
v 0.0838661614 -0.0747077516 0.029499998
v 0.0838661614 -0.0532785756 0.0225
v 0.0838661614 -0.0532785756 0.029499998
v 0.0837555734 -0.0466088536 0.0225
v 0.0837555734 -0.0466088536 0.029499998
v 0.0840580024 -0.0812643966 0.0225
v 0.0840580024 -0.0812643966 0.029499998
v 0.0840521854 -0.0745937686 0.0225
v 0.0840521854 -0.0745937686 0.029499998
v 0.0842361874 -0.0744765426 0.0225
v 0.0842361874 -0.0744765426 0.029499998
v 0.0842361874 -0.0535097846 0.0225
v 0.0842361874 -0.0535097846 0.029499998
v 0.0840521854 -0.0533925586 0.0225
v 0.0840521854 -0.0533925586 0.029499998
v 0.0840580024 -0.0467219216 0.0225
v 0.0840580024 -0.0467219216 0.029499998
v 0.0843584104 -0.0811460646 0.0225
v 0.0843584104 -0.0811460646 0.029499998
v 0.0844181104 -0.0743561326 0.0225
v 0.0844181104 -0.0743561326 0.029499998
v 0.0844181104 -0.0536301956 0.0225
v 0.0844181104 -0.0536301956 0.029499998
v 0.0843584104 -0.0468402626 0.0225
v 0.0843584104 -0.0468402626 0.029499998
v 0.0846567194 -0.0810225066 0.0225
v 0.0846567194 -0.0810225066 0.029499998
v 0.0845978974 -0.0742325546 0.0225
v 0.0845978974 -0.0742325546 0.029499998
v 0.0845978974 -0.0537537726 0.0225
v 0.0845978974 -0.0537537726 0.029499998
v 0.0846567194 -0.0469638206 0.0225
v 0.0846567194 -0.0469638206 0.029499998
v 0.0849528164 -0.0808937606 0.0225
v 0.0849528164 -0.0808937606 0.029499998
v 0.0847755094 -0.0741058686 0.0225
v 0.0847755094 -0.0741058686 0.029499998
v 0.0849508704 -0.0739761116 0.0225
v 0.0849508704 -0.0739761116 0.029499998
v 0.0849508704 -0.0540102156 0.0225
v 0.0849508704 -0.0540102156 0.029499998
v 0.0847755094 -0.0538804586 0.0225
v 0.0847755094 -0.0538804586 0.029499998
v 0.0849528164 -0.0470925766 0.0225
v 0.0849528164 -0.0470925766 0.029499998
v 0.0852466244 -0.0807598646 0.0225
v 0.0852466244 -0.0807598646 0.029499998
v 0.0851239624 -0.0738433036 0.0225
v 0.0851239624 -0.0738433036 0.029499998
v 0.0851239624 -0.0541430236 0.0225
v 0.0851239624 -0.0541430236 0.029499998
v 0.0852466244 -0.0472264726 0.0225
v 0.0852466244 -0.0472264726 0.029499998
v 0.0854630324 -0.0735687216 0.0225
v 0.0854630324 -0.0735687216 0.029499998
v 0.0852946894 -0.0542788466 0.0225
v 0.0852946894 -0.0542788466 0.029499998
v 0.0855380674 -0.0806208566 0.0225
v 0.0855380674 -0.0806208566 0.029499998
v 0.0856289334 -0.0734270246 0.0225
v 0.0856289334 -0.0734270246 0.029499998
v 0.0856289334 -0.0545593026 0.0225
v 0.0856289334 -0.0545593026 0.029499998
v 0.0855380674 -0.0473654706 0.0225
v 0.0855380674 -0.0473654706 0.029499998
v 0.0858270114 -0.0804767756 0.0225
v 0.0858270114 -0.0804767756 0.029499998
v 0.0857923164 -0.0732824666 0.0225
v 0.0857923164 -0.0732824666 0.029499998
v 0.0859531634 -0.0731350856 0.0225
v 0.0859531634 -0.0731350856 0.029499998
v 0.0859531634 -0.0548512416 0.0225
v 0.0859531634 -0.0548512416 0.029499998
v 0.0857923164 -0.0547038606 0.0225
v 0.0857923164 -0.0547038606 0.029499998
v 0.0858270114 -0.0475095426 0.0225
v 0.0858270114 -0.0475095426 0.029499998
v 0.0861134194 -0.0803276976 0.0225
v 0.0861134194 -0.0803276976 0.029499998
v 0.0861114164 -0.0729849206 0.0225
v 0.0861114164 -0.0729849206 0.029499998
v 0.0861114164 -0.0550014076 0.0225
v 0.0861114164 -0.0550014076 0.029499998
v 0.0861134194 -0.0476586296 0.0225
v 0.0861134194 -0.0476586296 0.029499998
v 0.0863971754 -0.0801736216 0.0225
v 0.0863971754 -0.0801736216 0.029499998
v 0.0862670364 -0.0728320076 0.0225
v 0.0862670364 -0.0728320076 0.029499998
v 0.0864199494 -0.0726763876 0.0225
v 0.0864199494 -0.0726763876 0.029499998
v 0.0864199494 -0.0553099396 0.0225
v 0.0864199494 -0.0553099396 0.029499998
v 0.0862670364 -0.0551543386 0.0225
v 0.0862670364 -0.0551543386 0.029499998
v 0.0863971754 -0.0478126956 0.0225
v 0.0863971754 -0.0478126956 0.029499998
v 0.0866781844 -0.0800146256 0.0225
v 0.0866781844 -0.0800146256 0.029499998
v 0.0865701144 -0.0725181346 0.0225
v 0.0865701144 -0.0725181346 0.029499998
v 0.0867174954 -0.0723572876 0.0225
v 0.0867174954 -0.0723572876 0.029499998
v 0.0867174954 -0.0556290396 0.0225
v 0.0867174954 -0.0556290396 0.029499998
v 0.0865701144 -0.0554681926 0.0225
v 0.0865701144 -0.0554681926 0.029499998
v 0.0866781844 -0.0479716926 0.0225
v 0.0866781844 -0.0479716926 0.029499998
v 0.0869563904 -0.0798507646 0.0225
v 0.0869563904 -0.0798507646 0.029499998
v 0.0868620534 -0.0721939046 0.0225
v 0.0868620534 -0.0721939046 0.029499998
v 0.0868620534 -0.0557924226 0.0225
v 0.0868620534 -0.0557924226 0.029499998
v 0.0869563904 -0.0481355716 0.0225
v 0.0869563904 -0.0481355716 0.029499998
v 0.0872316974 -0.0796820596 0.0225
v 0.0872316974 -0.0796820596 0.029499998
v 0.0870037504 -0.0720280036 0.0225
v 0.0870037504 -0.0720280036 0.029499998
v 0.0871425094 -0.0718596606 0.0225
v 0.0871425094 -0.0718596606 0.029499998
v 0.0871425094 -0.0561266666 0.0225
v 0.0871425094 -0.0561266666 0.029499998
v 0.0870037504 -0.0559583236 0.0225
v 0.0870037504 -0.0559583236 0.029499998
v 0.0872316974 -0.0483042766 0.0225
v 0.0872316974 -0.0483042766 0.029499998
v 0.0874111404 -0.0715158416 0.0225
v 0.0874111404 -0.0715158416 0.029499998
v 0.0872783324 -0.0562973936 0.0225
v 0.0872783324 -0.0562973936 0.029499998
v 0.0875040094 -0.0795085676 0.0225
v 0.0875040094 -0.0795085676 0.029499998
v 0.0875408974 -0.0713404806 0.0225
v 0.0875408974 -0.0713404806 0.029499998
v 0.0876675834 -0.0711628686 0.0225
v 0.0876675834 -0.0711628686 0.029499998
v 0.0876675834 -0.0568234596 0.0225
v 0.0876675834 -0.0568234596 0.029499998
v 0.0875408974 -0.0566458466 0.0225
v 0.0875408974 -0.0566458466 0.029499998
v 0.0875040094 -0.0484777596 0.0225
v 0.0875040094 -0.0484777596 0.029499998
v 0.0877732704 -0.0793303636 0.0225
v 0.0877732704 -0.0793303636 0.029499998
v 0.0879115714 -0.0708011586 0.0225
v 0.0879115714 -0.0708011586 0.029499998
v 0.0877911614 -0.0570032456 0.0225
v 0.0877911614 -0.0570032456 0.029499998
v 0.0877732704 -0.0486559726 0.0225
v 0.0877732704 -0.0486559726 0.029499998
v 0.0880393644 -0.0791474686 0.0225
v 0.0880393644 -0.0791474686 0.029499998
v 0.0880287974 -0.0706171566 0.0225
v 0.0880287974 -0.0706171566 0.029499998
v 0.0881427804 -0.0704311326 0.0225
v 0.0881427804 -0.0704311326 0.029499998
v 0.0881427804 -0.0575551946 0.0225
v 0.0881427804 -0.0575551946 0.029499998
v 0.0880287974 -0.0573691706 0.0225
v 0.0880287974 -0.0573691706 0.029499998
v 0.0880393644 -0.0488388496 0.0225
v 0.0880393644 -0.0488388496 0.029499998
v 0.0883022164 -0.0789599756 0.0225
v 0.0883022164 -0.0789599756 0.029499998
v 0.0883609434 -0.0700532876 0.0225
v 0.0883609434 -0.0700532876 0.029499998
v 0.0884650464 -0.0698615606 0.0225
v 0.0884650464 -0.0698615606 0.029499998
v 0.0884650464 -0.0581247666 0.0225
v 0.0884650464 -0.0581247666 0.029499998
v 0.0883609434 -0.0579330406 0.0225
v 0.0883609434 -0.0579330406 0.029499998
v 0.0882535024 -0.0577431636 0.0225
v 0.0882535024 -0.0577431636 0.029499998
v 0.0883022164 -0.0490263516 0.0225
v 0.0883022164 -0.0490263516 0.029499998
v 0.0885617684 -0.0787679246 0.0225
v 0.0885617684 -0.0787679246 0.029499998
v 0.0885657734 -0.0696680406 0.0225
v 0.0885657734 -0.0696680406 0.029499998
v 0.0886631244 -0.0694728046 0.0225
v 0.0886631244 -0.0694728046 0.029499998
v 0.0886631244 -0.0585135226 0.0225
v 0.0886631244 -0.0585135226 0.029499998
v 0.0885657734 -0.0583182866 0.0225
v 0.0885657734 -0.0583182866 0.029499998
v 0.0885617684 -0.0492184026 0.0225
v 0.0885617684 -0.0492184026 0.029499998
v 0.0888179244 -0.0785713536 0.0225
v 0.0888179244 -0.0785713536 0.029499998
v 0.0887570424 -0.0692758896 0.0225
v 0.0887570424 -0.0692758896 0.029499998
v 0.0888475074 -0.0690773736 0.0225
v 0.0888475074 -0.0690773736 0.029499998
v 0.0889345024 -0.0688773116 0.0225
v 0.0889345024 -0.0688773116 0.029499998
v 0.0889345024 -0.0591090156 0.0225
v 0.0889345024 -0.0591090156 0.029499998
v 0.0888475074 -0.0589089546 0.0225
v 0.0888475074 -0.0589089546 0.029499998
v 0.0887570424 -0.0587104376 0.0225
v 0.0887570424 -0.0587104376 0.029499998
v 0.0888179244 -0.0494149646 0.0225
v 0.0888179244 -0.0494149646 0.029499998
v 0.0890706104 -0.0783703576 0.0225
v 0.0890706104 -0.0783703576 0.029499998
v 0.0890179864 -0.0686757426 0.0225
v 0.0890179864 -0.0686757426 0.029499998
v 0.0891743514 -0.0682684096 0.0225
v 0.0891743514 -0.0682684096 0.029499998
v 0.0892471734 -0.0680627586 0.0225
v 0.0892471734 -0.0680627586 0.029499998
v 0.0892471734 -0.0599235686 0.0225
v 0.0892471734 -0.0599235686 0.029499998
v 0.0890979424 -0.0595135646 0.0225
v 0.0890979424 -0.0595135646 0.029499998
v 0.0890179864 -0.0593105846 0.0225
v 0.0890179864 -0.0593105846 0.029499998
v 0.0890706104 -0.0496159606 0.0225
v 0.0890706104 -0.0496159606 0.029499998
v 0.0893197674 -0.0781649926 0.0225
v 0.0893197674 -0.0781649926 0.029499998
v 0.0893163914 -0.0678558686 0.0225
v 0.0893163914 -0.0678558686 0.029499998
v 0.0893820044 -0.0676478156 0.0225
v 0.0893820044 -0.0676478156 0.029499998
v 0.0894439544 -0.0674386366 0.0225
v 0.0894439544 -0.0674386366 0.029499998
v 0.0894439544 -0.0605476906 0.0225
v 0.0894439544 -0.0605476906 0.029499998
v 0.0893820044 -0.0603385116 0.0225
v 0.0893820044 -0.0603385116 0.029499998
v 0.0893163914 -0.0601304586 0.0225
v 0.0893163914 -0.0601304586 0.029499998
v 0.0893197674 -0.0498213436 0.0225
v 0.0893197674 -0.0498213436 0.029499998
v 0.0895652814 -0.0779552986 0.0225
v 0.0895652814 -0.0779552986 0.029499998
v 0.0895568894 -0.0670171886 0.0225
v 0.0895568894 -0.0670171886 0.029499998
v 0.0896078154 -0.0668050536 0.0225
v 0.0896078154 -0.0668050536 0.029499998
v 0.0896550414 -0.0665920596 0.0225
v 0.0896550414 -0.0665920596 0.029499998
v 0.0896985284 -0.0663782836 0.0225
v 0.0896985284 -0.0663782836 0.029499998
v 0.0897382964 -0.0661637646 0.0225
v 0.0897382964 -0.0661637646 0.029499998
v 0.0897382964 -0.0618225626 0.0225
v 0.0897382964 -0.0618225626 0.029499998
v 0.0896985284 -0.0616080436 0.0225
v 0.0896985284 -0.0616080436 0.029499998
v 0.0896550414 -0.0613942676 0.0225
v 0.0896550414 -0.0613942676 0.029499998
v 0.0896078154 -0.0611812736 0.0225
v 0.0896078154 -0.0611812736 0.029499998
v 0.0895022624 -0.0607579186 0.0225
v 0.0895022624 -0.0607579186 0.029499998
v 0.0895652814 -0.0500310376 0.0225
v 0.0895652814 -0.0500310376 0.029499998
v 0.0898071144 -0.0777413516 0.0225
v 0.0898071144 -0.0777413516 0.029499998
v 0.0897742884 -0.0659485966 0.0225
v 0.0897742884 -0.0659485966 0.029499998
v 0.0898350184 -0.0655165246 0.0225
v 0.0898350184 -0.0655165246 0.029499998
v 0.0898597184 -0.0652997736 0.0225
v 0.0898597184 -0.0652997736 0.029499998
v 0.0898806234 -0.0650826026 0.0225
v 0.0898806234 -0.0650826026 0.029499998
v 0.0898977514 -0.0648651276 0.0225
v 0.0898977514 -0.0648651276 0.029499998
v 0.0899110644 -0.0646473656 0.0225
v 0.0899110644 -0.0646473656 0.029499998
v 0.0899205824 -0.0644294126 0.0225
v 0.0899205824 -0.0644294126 0.029499998
v 0.0899262854 -0.0642113266 0.0225
v 0.0899262854 -0.0642113266 0.029499998
v 0.0899262854 -0.0637750016 0.0225
v 0.0899262854 -0.0637750016 0.029499998
v 0.0899205824 -0.0635569146 0.0225
v 0.0899205824 -0.0635569146 0.029499998
v 0.0899110644 -0.0633389626 0.0225
v 0.0899110644 -0.0633389626 0.029499998
v 0.0898977514 -0.0631212006 0.0225
v 0.0898977514 -0.0631212006 0.029499998
v 0.0898806234 -0.0629037246 0.0225
v 0.0898806234 -0.0629037246 0.029499998
v 0.0898597184 -0.0626865536 0.0225
v 0.0898597184 -0.0626865536 0.029499998
v 0.0898065414 -0.0622535096 0.0225
v 0.0898065414 -0.0622535096 0.029499998
v 0.0897742884 -0.0620377306 0.0225
v 0.0897742884 -0.0620377306 0.029499998
v 0.0898071144 -0.0502449856 0.0225
v 0.0898071144 -0.0502449856 0.029499998
v 0.0900451704 -0.0775232086 0.0225
v 0.0900451704 -0.0775232086 0.029499998
v 0.0900451704 -0.0504631196 0.0225
v 0.0900451704 -0.0504631196 0.029499998
v 0.0902793734 -0.0773009446 0.0225
v 0.0902793734 -0.0773009446 0.029499998
v 0.0902793734 -0.0506853726 0.0225
v 0.0902793734 -0.0506853726 0.029499998
v 0.0905096664 -0.0770746376 0.0225
v 0.0905096664 -0.0770746376 0.029499998
v 0.0907359734 -0.0768443446 0.0225
v 0.0907359734 -0.0768443446 0.029499998
v 0.0907359734 -0.0511419826 0.0225
v 0.0907359734 -0.0511419826 0.029499998
v 0.0905096664 -0.0509116896 0.0225
v 0.0905096664 -0.0509116896 0.029499998
v 0.0909582374 -0.0766101416 0.0225
v 0.0909582374 -0.0766101416 0.029499998
v 0.0909582374 -0.0513761956 0.0225
v 0.0909582374 -0.0513761956 0.029499998
v 0.0911763804 -0.0763720856 0.0225
v 0.0911763804 -0.0763720856 0.029499998
v 0.0911763804 -0.0516142516 0.0225
v 0.0911763804 -0.0516142516 0.029499998
v 0.0913903274 -0.0761302526 0.0225
v 0.0913903274 -0.0761302526 0.029499998
v 0.0913903274 -0.0518560746 0.0225
v 0.0913903274 -0.0518560746 0.029499998
v 0.0916000214 -0.0758847386 0.0225
v 0.0916000214 -0.0758847386 0.029499998
v 0.0916000214 -0.0521015886 0.0225
v 0.0916000214 -0.0521015886 0.029499998
v 0.0918053864 -0.0756355816 0.0225
v 0.0918053864 -0.0756355816 0.029499998
v 0.0918053864 -0.0523507366 0.0225
v 0.0918053864 -0.0523507366 0.029499998
v 0.0920063824 -0.0753828956 0.0225
v 0.0920063824 -0.0753828956 0.029499998
v 0.0922029534 -0.0751267396 0.0225
v 0.0922029534 -0.0751267396 0.029499998
v 0.0922029534 -0.0528595886 0.0225
v 0.0922029534 -0.0528595886 0.029499998
v 0.0920063824 -0.0526034216 0.0225
v 0.0920063824 -0.0526034216 0.029499998
v 0.0923950044 -0.0748671876 0.0225
v 0.0923950044 -0.0748671876 0.029499998
v 0.0923950044 -0.0531191406 0.0225
v 0.0923950044 -0.0531191406 0.029499998
v 0.0925824974 -0.0746043356 0.0225
v 0.0925824974 -0.0746043356 0.029499998
v 0.0925824974 -0.0533819916 0.0225
v 0.0925824974 -0.0533819916 0.029499998
v 0.0927653924 -0.0743382416 0.0225
v 0.0927653924 -0.0743382416 0.029499998
v 0.0929435964 -0.0740689806 0.0225
v 0.0929435964 -0.0740689806 0.029499998
v 0.0929435964 -0.0539173466 0.0225
v 0.0929435964 -0.0539173466 0.029499998
v 0.0927653924 -0.0536480866 0.0225
v 0.0927653924 -0.0536480866 0.029499998
v 0.0931170884 -0.0737966686 0.0225
v 0.0931170884 -0.0737966686 0.029499998
v 0.0931170884 -0.0541896586 0.0225
v 0.0931170884 -0.0541896586 0.029499998
v 0.0932857934 -0.0735213616 0.0225
v 0.0932857934 -0.0735213616 0.029499998
v 0.0934496544 -0.0732431556 0.0225
v 0.0934496544 -0.0732431556 0.029499998
v 0.0934496544 -0.0547431716 0.0225
v 0.0934496544 -0.0547431716 0.029499998
v 0.0932857934 -0.0544649656 0.0225
v 0.0932857934 -0.0544649656 0.029499998
v 0.0936086504 -0.0729621466 0.0225
v 0.0936086504 -0.0729621466 0.029499998
v 0.0936086504 -0.0550241806 0.0225
v 0.0936086504 -0.0550241806 0.029499998
v 0.0937627264 -0.0726783906 0.0225
v 0.0937627264 -0.0726783906 0.029499998
v 0.0939118044 -0.0723919826 0.0225
v 0.0939118044 -0.0723919826 0.029499998
v 0.0939118044 -0.0555943446 0.0225
v 0.0939118044 -0.0555943446 0.029499998
v 0.0937627264 -0.0553079376 0.0225
v 0.0937627264 -0.0553079376 0.029499998
v 0.0940558854 -0.0721030386 0.0225
v 0.0940558854 -0.0721030386 0.029499998
v 0.0941948934 -0.0718115956 0.0225
v 0.0941948934 -0.0718115956 0.029499998
v 0.0941948934 -0.0561747316 0.0225
v 0.0941948934 -0.0561747316 0.029499998
v 0.0940558854 -0.0558832886 0.0225
v 0.0940558854 -0.0558832886 0.029499998
v 0.0943287894 -0.0715177876 0.0225
v 0.0943287894 -0.0715177876 0.029499998
v 0.0944575354 -0.0712216906 0.0225
v 0.0944575354 -0.0712216906 0.029499998
v 0.0944575354 -0.0567646366 0.0225
v 0.0944575354 -0.0567646366 0.029499998
v 0.0943287894 -0.0564685396 0.0225
v 0.0943287894 -0.0564685396 0.029499998
v 0.0945810934 -0.0709233816 0.0225
v 0.0945810934 -0.0709233816 0.029499998
v 0.0946994254 -0.0706229736 0.0225
v 0.0946994254 -0.0706229736 0.029499998
v 0.0946994254 -0.0573633536 0.0225
v 0.0946994254 -0.0573633536 0.029499998
v 0.0945810934 -0.0570629456 0.0225
v 0.0945810934 -0.0570629456 0.029499998
v 0.0948125114 -0.0703205446 0.0225
v 0.0948125114 -0.0703205446 0.029499998
v 0.0949202774 -0.0700161706 0.0225
v 0.0949202774 -0.0700161706 0.029499998
v 0.0949202774 -0.0579701576 0.0225
v 0.0949202774 -0.0579701576 0.029499998
v 0.0948125114 -0.0576657826 0.0225
v 0.0948125114 -0.0576657826 0.029499998
v 0.0950227394 -0.0697099836 0.0225
v 0.0950227394 -0.0697099836 0.029499998
v 0.0951198234 -0.0694020416 0.0225
v 0.0951198234 -0.0694020416 0.029499998
v 0.0952115294 -0.0690924606 0.0225
v 0.0952115294 -0.0690924606 0.029499998
v 0.0952115294 -0.0588938676 0.0225
v 0.0952115294 -0.0588938676 0.029499998
v 0.0951198234 -0.0585842856 0.0225
v 0.0951198234 -0.0585842856 0.029499998
v 0.0950227394 -0.0582763436 0.0225
v 0.0950227394 -0.0582763436 0.029499998
v 0.0952978174 -0.0687813146 0.0225
v 0.0952978174 -0.0687813146 0.029499998
v 0.0953786704 -0.0684687196 0.0225
v 0.0953786704 -0.0684687196 0.029499998
v 0.0954540294 -0.0681547506 0.0225
v 0.0954540294 -0.0681547506 0.029499998
v 0.0954540294 -0.0598315766 0.0225
v 0.0954540294 -0.0598315766 0.029499998
v 0.0953786704 -0.0595176086 0.0225
v 0.0953786704 -0.0595176086 0.029499998
v 0.0952978174 -0.0592050126 0.0225
v 0.0952978174 -0.0592050126 0.029499998
v 0.0955239144 -0.0678395226 0.0225
v 0.0955239144 -0.0678395226 0.029499998
v 0.0955882874 -0.0675231316 0.0225
v 0.0955882874 -0.0675231316 0.029499998
v 0.0956471294 -0.0672056536 0.0225
v 0.0956471294 -0.0672056536 0.029499998
v 0.0957004204 -0.0668872026 0.0225
v 0.0957004204 -0.0668872026 0.029499998
v 0.0957481424 -0.0665678746 0.0225
v 0.0957481424 -0.0665678746 0.029499998
v 0.0957481424 -0.0614184526 0.0225
v 0.0957481424 -0.0614184526 0.029499998
v 0.0957004204 -0.0610991246 0.0225
v 0.0957004204 -0.0610991246 0.029499998
v 0.0956471294 -0.0607806736 0.0225
v 0.0956471294 -0.0607806736 0.029499998
v 0.0955882874 -0.0604631956 0.0225
v 0.0955882874 -0.0604631956 0.029499998
v 0.0955239144 -0.0601468046 0.0225
v 0.0955239144 -0.0601468046 0.029499998
v 0.0957902954 -0.0662477456 0.0225
v 0.0957902954 -0.0662477456 0.029499998
v 0.0958268394 -0.0659269486 0.0225
v 0.0958268394 -0.0659269486 0.029499998
v 0.0958577964 -0.0656055406 0.0225
v 0.0958577964 -0.0656055406 0.029499998
v 0.0958831254 -0.0652836566 0.0225
v 0.0958831254 -0.0652836566 0.029499998
v 0.0959028474 -0.0649613716 0.0225
v 0.0959028474 -0.0649613716 0.029499998
v 0.0959169234 -0.0646388016 0.0225
v 0.0959169234 -0.0646388016 0.029499998
v 0.0959253734 -0.0643160396 0.0225
v 0.0959253734 -0.0643160396 0.029499998
v 0.0959281964 -0.0639931636 0.0225
v 0.0959281964 -0.0639931636 0.029499998
v 0.0959253734 -0.0636702876 0.0225
v 0.0959253734 -0.0636702876 0.029499998
v 0.0959169234 -0.0633475266 0.0225
v 0.0959169234 -0.0633475266 0.029499998
v 0.0959028474 -0.0630249556 0.0225
v 0.0959028474 -0.0630249556 0.029499998
v 0.0958831254 -0.0627026706 0.0225
v 0.0958831254 -0.0627026706 0.029499998
v 0.0958577964 -0.0623807866 0.0225
v 0.0958577964 -0.0623807866 0.029499998
v 0.0958268394 -0.0620593796 0.0225
v 0.0958268394 -0.0620593796 0.029499998
v 0.0957902954 -0.0617385826 0.0225
v 0.0957902954 -0.0617385826 0.029499998
v 0.0694878234 -0.0649681236 -0.029499998
v 0.0694720124 -0.0648293836 -0.024499998
v 0.0694586414 -0.0646904136 -0.029499998
v 0.0694476744 -0.0645512156 -0.024499998
v 0.0694391484 -0.0644118456 -0.029499998
v 0.0694330634 -0.0642723616 -0.024499998
v 0.0694294014 -0.0641327816 -0.029499998
v 0.0694294014 -0.0641327816 -0.024499998
v 0.0694282004 -0.0639931636 -0.029499998
v 0.0694294014 -0.0638535456 -0.024499998
v 0.0694330634 -0.0637139656 -0.029499998
v 0.0694391484 -0.0635744816 -0.024499998
v 0.0694476744 -0.0634351116 -0.029499998
v 0.0694586414 -0.0632959136 -0.024499998
v 0.0694720124 -0.0631569436 -0.029499998
v 0.0694878234 -0.0630182036 -0.024499998
v 0.0697381064 -0.0661982686 -0.029499998
v 0.0697007794 -0.0660637246 -0.024499998
v 0.0696658174 -0.0659285316 -0.029499998
v 0.0696332404 -0.0657927666 -0.024499998
v 0.0696030084 -0.0656564476 -0.029499998
v 0.0695751804 -0.0655196336 -0.024499998
v 0.0695497364 -0.0653823426 -0.029499998
v 0.0695497364 -0.0653823426 -0.024499998
v 0.0695266764 -0.0652446326 -0.029499998
v 0.0695060394 -0.0651065406 -0.024499998
v 0.0695060394 -0.0628797866 -0.029499998
v 0.0695060394 -0.0628797866 -0.024499998
v 0.0695266764 -0.0627416946 -0.029499998
v 0.0695497364 -0.0626039846 -0.024499998
v 0.0695751804 -0.0624666936 -0.029499998
v 0.0696030084 -0.0623298796 -0.024499998
v 0.0696332404 -0.0621935616 -0.029499998
v 0.0696658174 -0.0620577966 -0.024499998
v 0.0697007794 -0.0619226036 -0.029499998
v 0.0697381064 -0.0617880586 -0.024499998
v 0.0699595494 -0.0668600996 -0.029499998
v 0.0699595494 -0.0668600996 -0.024499998
v 0.0699106444 -0.0667293316 -0.029499998
v 0.0698640484 -0.0665977056 -0.024499998
v 0.0698197404 -0.0664652976 -0.029499998
v 0.0697777604 -0.0663321456 -0.024499998
v 0.0697777604 -0.0616541816 -0.029499998
v 0.0698197404 -0.0615210296 -0.024499998
v 0.0698640484 -0.0613886216 -0.029499998
v 0.0699106444 -0.0612569956 -0.024499998
v 0.0699595494 -0.0611262276 -0.029499998
v 0.0699595494 -0.0611262276 -0.024499998
v 0.0702378314 -0.0675001296 -0.029499998
v 0.0702378314 -0.0675001296 -0.024499998
v 0.0701777314 -0.0673741106 -0.029499998
v 0.0701777314 -0.0673741106 -0.024499998
v 0.0701198234 -0.0672470626 -0.029499998
v 0.0700641484 -0.0671190216 -0.024499998
v 0.0700107234 -0.0669900086 -0.029499998
v 0.0700107234 -0.0669900086 -0.024499998
v 0.0700107234 -0.0609963186 -0.029499998
v 0.0700641484 -0.0608673056 -0.024499998
v 0.0701198234 -0.0607392646 -0.029499998
v 0.0701777314 -0.0606122166 -0.024499998
v 0.0702378314 -0.0604861976 -0.029499998
v 0.0702378314 -0.0604861976 -0.024499998
v 0.0704999964 -0.0679931596 -0.029499998
v 0.0704312364 -0.0678716426 -0.024499998
v 0.0703646134 -0.0677489426 -0.029499998
v 0.0703001444 -0.0676250796 -0.024499998
v 0.0703001444 -0.0603612476 -0.029499998
v 0.0703001444 -0.0603612476 -0.024499998
v 0.0703646134 -0.0602373846 -0.029499998
v 0.0704312364 -0.0601146846 -0.024499998
v 0.0704999964 -0.0599931676 -0.029499998
v 0.0704999964 -0.0599931676 -0.024499998
v 0.0707188264 -0.0683502726 -0.029499998
v 0.0707188264 -0.0683502726 -0.024499998
v 0.0706438104 -0.0682325126 -0.029499998
v 0.0705708544 -0.0681134756 -0.024499998
v 0.0705708544 -0.0598728516 -0.029499998
v 0.0706438104 -0.0597538146 -0.024499998
v 0.0707188264 -0.0596360546 -0.029499998
v 0.0707188264 -0.0596360546 -0.024499998
v 0.0709560624 -0.0686954456 -0.029499998
v 0.0708749814 -0.0685817676 -0.024499998
v 0.0707958834 -0.0684667166 -0.029499998
v 0.0707958834 -0.0684667166 -0.024499998
v 0.0707958834 -0.0595196106 -0.029499998
v 0.0707958834 -0.0595196106 -0.024499998
v 0.0708749814 -0.0594045596 -0.029499998
v 0.0709560624 -0.0592908816 -0.024499998
v 0.0712110184 -0.0690277246 -0.029499998
v 0.0712110184 -0.0690277246 -0.024499998
v 0.0711241004 -0.0689184526 -0.029499998
v 0.0710391084 -0.0688076936 -0.024499998
v 0.0710391084 -0.0591786346 -0.029499998
v 0.0711241004 -0.0590678746 -0.024499998
v 0.0712110184 -0.0589586026 -0.029499998
v 0.0712110184 -0.0589586026 -0.024499998
v 0.0714830254 -0.0693462136 -0.029499998
v 0.0714830254 -0.0693462136 -0.024499998
v 0.0713905184 -0.0692416336 -0.029499998
v 0.0712998434 -0.0691354706 -0.024499998
v 0.0712998434 -0.0588508566 -0.029499998
v 0.0712998434 -0.0588508566 -0.024499998
v 0.0713905184 -0.0587446936 -0.029499998
v 0.0714830254 -0.0586401136 -0.024499998
v 0.0716734734 -0.0695504336 -0.029499998
v 0.0716734734 -0.0695504336 -0.024499998
v 0.0715773624 -0.0694491536 -0.029499998
v 0.0715773624 -0.0694491536 -0.024499998
v 0.0715773624 -0.0585371736 -0.029499998
v 0.0715773624 -0.0585371736 -0.024499998
v 0.0716734734 -0.0584358936 -0.029499998
v 0.0716734734 -0.0584358936 -0.024499998
v 0.0719722024 -0.0698439936 -0.029499998
v 0.0719722024 -0.0698439936 -0.024499998
v 0.0717713394 -0.0696500166 -0.029499998
v 0.0717713394 -0.0696500166 -0.024499998
v 0.0717713394 -0.0583363106 -0.029499998
v 0.0717713394 -0.0583363106 -0.024499998
v 0.0718709224 -0.0582384446 -0.029499998
v 0.0719722024 -0.0581423336 -0.024499998
v 0.0721797224 -0.0700308376 -0.029499998
v 0.0721797224 -0.0700308376 -0.024499998
v 0.0720751424 -0.0699383316 -0.029499998
v 0.0720751424 -0.0699383316 -0.024499998
v 0.0720751424 -0.0580479966 -0.029499998
v 0.0720751424 -0.0580479966 -0.024499998
v 0.0721797224 -0.0579554896 -0.029499998
v 0.0721797224 -0.0579554896 -0.024499998
v 0.0723936314 -0.0702103386 -0.029499998
v 0.0722858854 -0.0701215126 -0.024499998
v 0.0722858854 -0.0578648146 -0.029499998
v 0.0723936314 -0.0577759896 -0.024499998
v 0.0727259104 -0.0704652936 -0.029499998
v 0.0725029034 -0.0702972566 -0.024499998
v 0.0725029034 -0.0576890716 -0.029499998
v 0.0727259104 -0.0575210336 -0.024499998
v 0.0729546394 -0.0706254726 -0.029499998
v 0.0728395884 -0.0705463746 -0.024499998
v 0.0728395884 -0.0574399526 -0.029499998
v 0.0729546394 -0.0573608546 -0.024499998
v 0.0731888434 -0.0707775456 -0.029499998
v 0.0731888434 -0.0707775456 -0.024499998
v 0.0730710834 -0.0707025296 -0.029499998
v 0.0730710834 -0.0707025296 -0.024499998
v 0.0730710834 -0.0572837976 -0.029499998
v 0.0730710834 -0.0572837976 -0.024499998
v 0.0731888434 -0.0572087816 -0.029499998
v 0.0731888434 -0.0572087816 -0.024499998
v 0.0734281964 -0.0709213596 -0.029499998
v 0.0733078804 -0.0708505016 -0.024499998
v 0.0734889644 -0.0646877626 -0.029499998
v 0.0734889644 -0.0646877626 -0.024499998
v 0.0734580084 -0.0644806436 -0.029499998
v 0.0734580084 -0.0644806436 -0.024499998
v 0.0734336704 -0.0642025146 -0.029499998
v 0.0734336704 -0.0642025146 -0.024499998
v 0.0734281964 -0.0639931636 -0.029499998
v 0.0734281964 -0.0639931636 -0.024499998
v 0.0734379424 -0.0637141376 -0.029499998
v 0.0734379424 -0.0637141376 -0.024499998
v 0.0734671254 -0.0634364656 -0.029499998
v 0.0734671254 -0.0634364656 -0.024499998
v 0.0733078804 -0.0571358256 -0.029499998
v 0.0734281964 -0.0570649676 -0.024499998
v 0.0736724134 -0.0710567436 -0.029499998
v 0.0736724134 -0.0710567436 -0.024499998
v 0.0735497134 -0.0709901196 -0.029499998
v 0.0735497134 -0.0709901196 -0.024499998
v 0.0737461704 -0.0655560836 -0.029499998
v 0.0737461704 -0.0655560836 -0.024499998
v 0.0737194484 -0.0654915956 -0.029499998
v 0.0737194484 -0.0654915956 -0.024499998
v 0.0736239664 -0.0652292396 -0.029499998
v 0.0736239664 -0.0652292396 -0.024499998
v 0.0735470054 -0.0649608566 -0.029499998
v 0.0735470054 -0.0649608566 -0.024499998
v 0.0735016864 -0.0632299186 -0.029499998
v 0.0735016864 -0.0632299186 -0.024499998
v 0.0735644954 -0.0629578926 -0.029499998
v 0.0735644954 -0.0629578926 -0.024499998
v 0.0736461104 -0.0626908836 -0.029499998
v 0.0736461104 -0.0626908836 -0.024499998
v 0.0737194484 -0.0624947316 -0.029499998
v 0.0737194484 -0.0624947316 -0.024499998
v 0.0735497134 -0.0569962076 -0.029499998
v 0.0736724134 -0.0569295846 -0.024499998
v 0.0739212264 -0.0711835246 -0.029499998
v 0.0737962764 -0.0711212116 -0.024499998
v 0.0739995234 -0.0660533096 -0.029499998
v 0.0739995234 -0.0660533096 -0.024499998
v 0.0739640854 -0.0659931716 -0.029499998
v 0.0739640854 -0.0659931716 -0.024499998
v 0.0738330124 -0.0657466466 -0.029499998
v 0.0738330124 -0.0657466466 -0.024499998
v 0.0737740174 -0.0623662146 -0.029499998
v 0.0737740174 -0.0623662146 -0.024499998
v 0.0738330124 -0.0622396806 -0.029499998
v 0.0738330124 -0.0622396806 -0.024499998
v 0.0739640854 -0.0619931556 -0.029499998
v 0.0739640854 -0.0619931556 -0.024499998
v 0.0737962764 -0.0568651156 -0.029499998
v 0.0739212264 -0.0568028026 -0.024499998
v 0.0741742934 -0.0713015326 -0.029499998
v 0.0741742934 -0.0713015326 -0.024499998
v 0.0740472454 -0.0712436256 -0.029499998
v 0.0740472454 -0.0712436256 -0.024499998
v 0.0742336504 -0.0664004286 -0.029499998
v 0.0742336504 -0.0664004286 -0.024499998
v 0.0741120384 -0.0662299306 -0.029499998
v 0.0741120384 -0.0662299306 -0.024499998
v 0.0740359924 -0.0618734886 -0.029499998
v 0.0740359924 -0.0618734886 -0.024499998
v 0.0741515774 -0.0616988526 -0.029499998
v 0.0741515774 -0.0616988526 -0.024499998
v 0.0740472454 -0.0567427026 -0.029499998
v 0.0741742934 -0.0566847946 -0.024499998
v 0.0744313474 -0.0714106326 -0.029499998
v 0.0743023344 -0.0713572076 -0.024499998
v 0.0744556084 -0.0666696886 -0.029499998
v 0.0744556084 -0.0666696886 -0.024499998
v 0.0742761464 -0.0664558176 -0.029499998
v 0.0742761464 -0.0664558176 -0.024499998
v 0.0742761464 -0.0615305096 -0.029499998
v 0.0742761464 -0.0615305096 -0.024499998
v 0.0743196144 -0.0614758836 -0.029499998
v 0.0743196144 -0.0614758836 -0.024499998
v 0.0743023344 -0.0566291196 -0.029499998
v 0.0744313474 -0.0565756946 -0.024499998
v 0.0746920244 -0.0715107116 -0.029499998
v 0.0746920244 -0.0715107116 -0.024499998
v 0.0745612564 -0.0714618066 -0.029499998
v 0.0745612564 -0.0714618066 -0.024499998
v 0.0747002074 -0.0669185786 -0.029499998
v 0.0747002074 -0.0669185786 -0.024499998
v 0.0745027774 -0.0667211486 -0.029499998
v 0.0745027774 -0.0667211486 -0.024499998
v 0.0745027774 -0.0612651786 -0.029499998
v 0.0745027774 -0.0612651786 -0.024499998
v 0.0745508424 -0.0612145386 -0.029499998
v 0.0745508424 -0.0612145386 -0.024499998
v 0.0745612564 -0.0565245206 -0.029499998
v 0.0745612564 -0.0565245206 -0.024499998
v 0.0746920244 -0.0564756156 -0.029499998
v 0.0746920244 -0.0564756156 -0.024499998
v 0.0749560584 -0.0716016156 -0.029499998
v 0.0748236504 -0.0715573076 -0.024499998
v 0.0749655384 -0.0671452096 -0.029499998
v 0.0749655384 -0.0671452096 -0.024499998
v 0.0747516674 -0.0669657476 -0.029499998
v 0.0747516674 -0.0669657476 -0.024499998
v 0.0747516674 -0.0610205796 -0.029499998
v 0.0747516674 -0.0610205796 -0.024499998
v 0.0748039474 -0.0609743266 -0.029499998
v 0.0748039474 -0.0609743266 -0.024499998
v 0.0748236504 -0.0564290196 -0.029499998
v 0.0749560584 -0.0563847116 -0.024499998
v 0.0752230874 -0.0716832496 -0.029499998
v 0.0750892104 -0.0716435966 -0.024499998
v 0.0752496384 -0.0673478466 -0.029499998
v 0.0752496384 -0.0673478466 -0.024499998
v 0.0750770424 -0.0672292286 -0.029499998
v 0.0750770424 -0.0672292286 -0.024499998
v 0.0750209274 -0.0607986216 -0.029499998
v 0.0750209274 -0.0607986216 -0.024499998
v 0.0751338814 -0.0607165486 -0.029499998
v 0.0751338814 -0.0607165486 -0.024499998
v 0.0750892104 -0.0563427316 -0.029499998
v 0.0752230874 -0.0563030776 -0.024499998
v 0.0754928254 -0.0717555386 -0.029499998
v 0.0754928254 -0.0717555386 -0.024499998
v 0.0753576324 -0.0717205766 -0.029499998
v 0.0753576324 -0.0717205766 -0.024499998
v 0.0754889534 -0.0674916416 -0.029499998
v 0.0754889534 -0.0674916416 -0.024499998
v 0.0753085174 -0.0606009636 -0.029499998
v 0.0753085174 -0.0606009636 -0.024499998
v 0.0754889534 -0.0604946856 -0.029499998
v 0.0754889534 -0.0604946856 -0.024499998
v 0.0753576324 -0.0562657506 -0.029499998
v 0.0753576324 -0.0562657506 -0.024499998
v 0.0754928254 -0.0562307886 -0.029499998
v 0.0754928254 -0.0562307886 -0.024499998
v 0.0756285904 -0.0717881156 -0.029499998
v 0.0756285904 -0.0717881156 -0.024499998
v 0.0757377284 -0.0676184036 -0.029499998
v 0.0757377284 -0.0676184036 -0.024499998
v 0.0755503124 -0.0604613646 -0.029499998
v 0.0755503124 -0.0604613646 -0.024499998
v 0.0756285904 -0.0561982116 -0.029499998
v 0.0756285904 -0.0561982116 -0.024499998
v 0.0759017224 -0.0718461756 -0.029499998
v 0.0757649084 -0.0718183476 -0.024499998
v 0.0759947244 -0.0677274856 -0.029499998
v 0.0759947244 -0.0677274856 -0.024499998
v 0.0758012434 -0.0603389886 -0.029499998
v 0.0758012434 -0.0603389886 -0.024499998
v 0.0757649084 -0.0561679796 -0.029499998
v 0.0759017224 -0.0561401516 -0.024499998
v 0.0761767234 -0.0718946796 -0.029499998
v 0.0760390134 -0.0718716196 -0.024499998
v 0.0761921164 -0.0677973896 -0.029499998
v 0.0761921164 -0.0677973896 -0.024499998
v 0.0760601084 -0.0602343896 -0.029499998
v 0.0760601084 -0.0602343896 -0.024499998
v 0.0760390134 -0.0561147076 -0.029499998
v 0.0761767234 -0.0560916476 -0.024499998
v 0.0764532324 -0.0719335326 -0.029499998
v 0.0763148154 -0.0719153176 -0.024499998
v 0.0764604994 -0.0678743516 -0.029499998
v 0.0764604994 -0.0678743516 -0.024499998
v 0.0762587014 -0.0601679376 -0.029499998
v 0.0762587014 -0.0601679376 -0.024499998
v 0.0763148154 -0.0560710106 -0.029499998
v 0.0764532324 -0.0560527946 -0.024499998
v 0.0767309424 -0.0719627146 -0.029499998
v 0.0765919724 -0.0719493446 -0.024499998
v 0.0767335934 -0.0679323916 -0.029499998
v 0.0767335934 -0.0679323916 -0.024499998
v 0.0765283814 -0.0600956876 -0.029499998
v 0.0765283814 -0.0600956876 -0.024499998
v 0.0765919724 -0.0560369836 -0.029499998
v 0.0767309424 -0.0560236126 -0.024499998
v 0.0768701404 -0.0719736816 -0.029499998
v 0.0768701404 -0.0719736816 -0.024499998
v 0.0769407124 -0.0679633476 -0.029499998
v 0.0769407124 -0.0679633476 -0.024499998
v 0.0768024484 -0.0600424156 -0.029499998
v 0.0768024484 -0.0600424156 -0.024499998
v 0.0768701404 -0.0560126456 -0.029499998
v 0.0768701404 -0.0560126456 -0.024499998
v 0.0771489944 -0.0719882926 -0.029499998
v 0.0770095104 -0.0719822076 -0.024499998
v 0.0772188424 -0.0679876856 -0.029499998
v 0.0772188424 -0.0679876856 -0.024499998
v 0.0770100824 -0.0600150826 -0.029499998
v 0.0770100824 -0.0600150826 -0.024499998
v 0.0772188424 -0.0599986416 -0.029499998
v 0.0772188424 -0.0599986416 -0.024499998
v 0.0770095104 -0.0560041196 -0.029499998
v 0.0770095104 -0.0560041196 -0.024499998
v 0.0771489944 -0.0559980346 -0.029499998
v 0.0771489944 -0.0559980346 -0.024499998
v 0.0774281924 -0.0719931556 -0.029499998
v 0.0772885744 -0.0719919546 -0.024499998
v 0.0774980014 -0.0679925496 -0.029499998
v 0.0774980014 -0.0679925496 -0.024499998
v 0.0772885934 -0.0599956086 -0.029499998
v 0.0772885934 -0.0599956086 -0.024499998
v 0.0772885744 -0.0559943726 -0.029499998
v 0.0774281924 -0.0559931716 -0.024499998
v 0.0777073904 -0.0719882926 -0.029499998
v 0.0775678104 -0.0719919546 -0.024499998
v 0.0777072184 -0.0679834136 -0.029499998
v 0.0777072184 -0.0679834136 -0.024499998
v 0.0777072184 -0.0600029136 -0.029499998
v 0.0777072184 -0.0600029136 -0.024499998
v 0.0775677914 -0.0599956086 -0.029499998
v 0.0775677914 -0.0599956086 -0.024499998
v 0.0775678104 -0.0559943726 -0.029499998
v 0.0777073904 -0.0559980346 -0.024499998
v 0.0779862444 -0.0719736816 -0.029499998
v 0.0778468744 -0.0719822076 -0.024499998
v 0.0779848904 -0.0679542306 -0.029499998
v 0.0779848904 -0.0679542306 -0.024499998
v 0.0777768174 -0.0600083886 -0.029499998
v 0.0777768174 -0.0600083886 -0.024499998
v 0.0778468744 -0.0560041196 -0.029499998
v 0.0779862444 -0.0560126456 -0.024499998
v 0.0781254424 -0.0719627146 -0.029499998
v 0.0781254424 -0.0719627146 -0.024499998
v 0.0781914374 -0.0679196696 -0.029499998
v 0.0781914374 -0.0679196696 -0.024499998
v 0.0780539364 -0.0600424156 -0.029499998
v 0.0780539364 -0.0600424156 -0.024499998
v 0.0781254424 -0.0560236126 -0.029499998
v 0.0781254424 -0.0560236126 -0.024499998
v 0.0784031524 -0.0719335326 -0.029499998
v 0.0782644124 -0.0719493446 -0.024499998
v 0.0784634634 -0.0678568606 -0.029499998
v 0.0784634634 -0.0678568606 -0.024499998
v 0.0782598344 -0.0600805816 -0.029499998
v 0.0782598344 -0.0600805816 -0.024499998
v 0.0782644124 -0.0560369836 -0.029499998
v 0.0784031524 -0.0560527946 -0.024499998
v 0.0786796614 -0.0718946796 -0.029499998
v 0.0785415694 -0.0719153176 -0.024499998
v 0.0787304734 -0.0677752456 -0.029499998
v 0.0787304734 -0.0677752456 -0.024499998
v 0.0785307354 -0.0601481206 -0.029499998
v 0.0785307354 -0.0601481206 -0.024499998
v 0.0785415694 -0.0560710106 -0.029499998
v 0.0786796614 -0.0560916476 -0.024499998
v 0.0789546624 -0.0718461756 -0.029499998
v 0.0788173714 -0.0718716196 -0.024499998
v 0.0787962764 -0.0677519376 -0.029499998
v 0.0787962764 -0.0677519376 -0.024499998
v 0.0789911124 -0.0676751856 -0.029499998
v 0.0789911124 -0.0676751856 -0.024499998
v 0.0788616604 -0.0602588426 -0.029499998
v 0.0788616604 -0.0602588426 -0.024499998
v 0.0787962764 -0.0602343896 -0.029499998
v 0.0787962764 -0.0602343896 -0.024499998
v 0.0788173714 -0.0561147076 -0.029499998
v 0.0789546624 -0.0561401516 -0.024499998
v 0.0792277954 -0.0717881156 -0.029499998
v 0.0790914764 -0.0718183476 -0.024499998
v 0.0792441604 -0.0675571976 -0.029499998
v 0.0792441604 -0.0675571976 -0.024499998
v 0.0790551414 -0.0603389886 -0.029499998
v 0.0790551414 -0.0603389886 -0.024499998
v 0.0790914764 -0.0561679796 -0.029499998
v 0.0792277954 -0.0561982116 -0.024499998
v 0.0793635604 -0.0717555386 -0.029499998
v 0.0793635604 -0.0717555386 -0.024499998
v 0.0794987534 -0.0717205766 -0.029499998
v 0.0794987534 -0.0717205766 -0.024499998
v 0.0793060724 -0.0675249626 -0.029499998
v 0.0793060724 -0.0675249626 -0.024499998
v 0.0794883384 -0.0674218326 -0.029499998
v 0.0794883384 -0.0674218326 -0.024499998
v 0.0794282004 -0.0605290566 -0.029499998
v 0.0794282004 -0.0605290566 -0.024499998
v 0.0793060724 -0.0604613646 -0.029499998
v 0.0793060724 -0.0604613646 -0.024499998
v 0.0794987534 -0.0562657506 -0.029499998
v 0.0794987534 -0.0562657506 -0.024499998
v 0.0793635604 -0.0562307886 -0.029499998
v 0.0793635604 -0.0562307886 -0.024499998
v 0.0796332974 -0.0716832496 -0.029499998
v 0.0796332974 -0.0716832496 -0.024499998
v 0.0797225044 -0.0672697786 -0.029499998
v 0.0797225044 -0.0672697786 -0.024499998
v 0.0795478674 -0.0606009636 -0.029499998
v 0.0795478674 -0.0606009636 -0.024499998
v 0.0796332974 -0.0563030776 -0.029499998
v 0.0796332974 -0.0563030776 -0.024499998
v 0.0799003264 -0.0716016156 -0.029499998
v 0.0797671744 -0.0716435966 -0.024499998
v 0.0799993364 -0.0670573386 -0.029499998
v 0.0799993364 -0.0670573386 -0.024499998
v 0.0797793434 -0.0607570986 -0.029499998
v 0.0797793434 -0.0607570986 -0.024499998
v 0.0797671744 -0.0563427316 -0.029499998
v 0.0799003264 -0.0563847116 -0.024499998
v 0.0801643604 -0.0715107116 -0.029499998
v 0.0800327344 -0.0715573076 -0.024499998
v 0.0800524374 -0.0670120006 -0.029499998
v 0.0800524374 -0.0670120006 -0.024499998
v 0.0802068184 -0.0668705136 -0.029499998
v 0.0802068184 -0.0668705136 -0.024499998
v 0.0801047174 -0.0610205796 -0.029499998
v 0.0801047174 -0.0610205796 -0.024499998
v 0.0800524374 -0.0609743266 -0.029499998
v 0.0800524374 -0.0609743266 -0.024499998
v 0.0800327344 -0.0564290196 -0.029499998
v 0.0801643604 -0.0564756156 -0.024499998
v 0.0804250374 -0.0714106326 -0.029499998
v 0.0802951284 -0.0714618066 -0.024499998
v 0.0803055424 -0.0667717896 -0.029499998
v 0.0803055424 -0.0667717896 -0.024499998
v 0.0804923674 -0.0665643076 -0.029499998
v 0.0804923674 -0.0665643076 -0.024499998
v 0.0803536074 -0.0612651786 -0.029499998
v 0.0803536074 -0.0612651786 -0.024499998
v 0.0802566184 -0.0611647376 -0.029499998
v 0.0802566184 -0.0611647376 -0.024499998
v 0.0802951284 -0.0565245206 -0.029499998
v 0.0804250374 -0.0565756946 -0.024499998
v 0.0806820914 -0.0713015326 -0.029499998
v 0.0805540504 -0.0713572076 -0.024499998
v 0.0805367704 -0.0665104446 -0.029499998
v 0.0805367704 -0.0665104446 -0.024499998
v 0.0807048074 -0.0662874756 -0.029499998
v 0.0807048074 -0.0662874756 -0.024499998
v 0.0807443474 -0.0662299306 -0.029499998
v 0.0807443474 -0.0662299306 -0.024499998
v 0.0807443474 -0.0617563966 -0.029499998
v 0.0807443474 -0.0617563966 -0.024499998
v 0.0805802384 -0.0615305096 -0.029499998
v 0.0805802384 -0.0615305096 -0.024499998
v 0.0805367704 -0.0614758836 -0.029499998
v 0.0805367704 -0.0614758836 -0.024499998
v 0.0805540504 -0.0566291196 -0.029499998
v 0.0806820914 -0.0566847946 -0.024499998
v 0.0809351584 -0.0711835246 -0.029499998
v 0.0808091394 -0.0712436256 -0.024499998
v 0.0808568614 -0.0660533096 -0.029499998
v 0.0808568614 -0.0660533096 -0.024499998
v 0.0809922264 -0.0658091316 -0.029499998
v 0.0809922264 -0.0658091316 -0.024499998
v 0.0809266704 -0.0620539246 -0.029499998
v 0.0809266704 -0.0620539246 -0.024499998
v 0.0807828754 -0.0618146096 -0.029499998
v 0.0807828754 -0.0618146096 -0.024499998
v 0.0809351584 -0.0568028026 -0.029499998
v 0.0809351584 -0.0568028026 -0.024499998
v 0.0808091394 -0.0567427026 -0.029499998
v 0.0808091394 -0.0567427026 -0.024499998
v 0.0811839714 -0.0710567436 -0.029499998
v 0.0810601084 -0.0711212116 -0.024499998
v 0.0811102144 -0.0655560836 -0.029499998
v 0.0811102144 -0.0655560836 -0.024499998
v 0.0812102744 -0.0652954446 -0.029499998
v 0.0812102744 -0.0652954446 -0.024499998
v 0.0812324184 -0.0652292396 -0.029499998
v 0.0812324184 -0.0652292396 -0.024499998
v 0.0812324184 -0.0627570876 -0.029499998
v 0.0812324184 -0.0627570876 -0.024499998
v 0.0811625144 -0.0625596956 -0.029499998
v 0.0811625144 -0.0625596956 -0.024499998
v 0.0810534324 -0.0623026996 -0.029499998
v 0.0810534324 -0.0623026996 -0.024499998
v 0.0810233734 -0.0622396806 -0.029499998
v 0.0810233734 -0.0622396806 -0.024499998
v 0.0810601084 -0.0568651156 -0.029499998
v 0.0811839714 -0.0569295846 -0.024499998
v 0.0814281884 -0.0709213596 -0.029499998
v 0.0813066714 -0.0709901196 -0.024499998
v 0.0812918894 -0.0650284346 -0.029499998
v 0.0812918894 -0.0650284346 -0.024499998
v 0.0813546984 -0.0647564086 -0.029499998
v 0.0813546984 -0.0647564086 -0.024499998
v 0.0813892594 -0.0645498616 -0.029499998
v 0.0813892594 -0.0645498616 -0.024499998
v 0.0814184424 -0.0642721896 -0.029499998
v 0.0814184424 -0.0642721896 -0.024499998
v 0.0814275784 -0.0640629726 -0.029499998
v 0.0814275784 -0.0640629726 -0.024499998
v 0.0814227144 -0.0637838136 -0.029499998
v 0.0814227144 -0.0637838136 -0.024499998
v 0.0813983764 -0.0635056836 -0.029499998
v 0.0813983764 -0.0635056836 -0.024499998
v 0.0813674204 -0.0632985646 -0.029499998
v 0.0813674204 -0.0632985646 -0.024499998
v 0.0813093804 -0.0630254706 -0.029499998
v 0.0813093804 -0.0630254706 -0.024499998
v 0.0812534184 -0.0628236726 -0.029499998
v 0.0812534184 -0.0628236726 -0.024499998
v 0.0814281884 -0.0570649676 -0.029499998
v 0.0814281884 -0.0570649676 -0.024499998
v 0.0813066714 -0.0569962076 -0.029499998
v 0.0813066714 -0.0569962076 -0.024499998
v 0.0816675414 -0.0707775456 -0.029499998
v 0.0815485044 -0.0708505016 -0.024499998
v 0.0815485044 -0.0571358256 -0.029499998
v 0.0816675414 -0.0572087816 -0.024499998
v 0.0819017454 -0.0706254726 -0.029499998
v 0.0817853014 -0.0707025296 -0.024499998
v 0.0817853014 -0.0572837976 -0.029499998
v 0.0819017454 -0.0573608546 -0.024499998
v 0.0820167964 -0.0705463746 -0.029499998
v 0.0820167964 -0.0705463746 -0.024499998
v 0.0822427224 -0.0703822476 -0.029499998
v 0.0821304744 -0.0704652936 -0.024499998
v 0.0821304744 -0.0575210336 -0.029499998
v 0.0822427224 -0.0576040796 -0.024499998
v 0.0820167964 -0.0574399526 -0.029499998
v 0.0820167964 -0.0574399526 -0.024499998
v 0.0823534814 -0.0702972566 -0.029499998
v 0.0823534814 -0.0702972566 -0.024499998
v 0.0824627534 -0.0702103386 -0.029499998
v 0.0824627534 -0.0702103386 -0.024499998
v 0.0824627534 -0.0577759896 -0.029499998
v 0.0824627534 -0.0577759896 -0.024499998
v 0.0823534814 -0.0576890716 -0.029499998
v 0.0823534814 -0.0576890716 -0.024499998
v 0.0826766624 -0.0700308376 -0.029499998
v 0.0825704994 -0.0701215126 -0.024499998
v 0.0825704994 -0.0578648146 -0.029499998
v 0.0826766624 -0.0579554896 -0.024499998
v 0.0828841824 -0.0698439936 -0.029499998
v 0.0827812424 -0.0699383316 -0.024499998
v 0.0829854624 -0.0697478826 -0.029499998
v 0.0829854624 -0.0697478826 -0.024499998
v 0.0827812424 -0.0580479966 -0.029499998
v 0.0829854624 -0.0582384446 -0.024499998
v 0.0831829114 -0.0695504336 -0.029499998
v 0.0830850454 -0.0696500166 -0.024499998
v 0.0830850454 -0.0583363106 -0.029499998
v 0.0831829114 -0.0584358936 -0.024499998
v 0.0833733604 -0.0693462136 -0.029499998
v 0.0832790224 -0.0694491536 -0.024499998
v 0.0834658664 -0.0692416336 -0.029499998
v 0.0834658664 -0.0692416336 -0.024499998
v 0.0832790224 -0.0585371736 -0.029499998
v 0.0834658664 -0.0587446936 -0.024499998
v 0.0836453674 -0.0690277246 -0.029499998
v 0.0835565414 -0.0691354706 -0.024499998
v 0.0837322854 -0.0689184526 -0.029499998
v 0.0837322854 -0.0689184526 -0.024499998
v 0.0837322854 -0.0590678746 -0.029499998
v 0.0837322854 -0.0590678746 -0.024499998
v 0.0835565414 -0.0588508566 -0.029499998
v 0.0836453674 -0.0589586026 -0.024499998
v 0.0838172764 -0.0688076936 -0.029499998
v 0.0838172764 -0.0688076936 -0.024499998
v 0.0839814034 -0.0685817676 -0.029499998
v 0.0839003224 -0.0686954456 -0.024499998
v 0.0839003224 -0.0592908816 -0.029499998
v 0.0839814034 -0.0594045596 -0.024499998
v 0.0838172764 -0.0591786346 -0.029499998
v 0.0838172764 -0.0591786346 -0.024499998
v 0.0841375584 -0.0683502726 -0.029499998
v 0.0840605014 -0.0684667166 -0.024499998
v 0.0842125744 -0.0682325126 -0.029499998
v 0.0842125744 -0.0682325126 -0.024499998
v 0.0842125744 -0.0597538146 -0.029499998
v 0.0842125744 -0.0597538146 -0.024499998
v 0.0840605014 -0.0595196106 -0.029499998
v 0.0841375584 -0.0596360546 -0.024499998
v 0.0842855304 -0.0681134756 -0.029499998
v 0.0842855304 -0.0681134756 -0.024499998
v 0.0844251484 -0.0678716426 -0.029499998
v 0.0843563884 -0.0679931596 -0.024499998
v 0.0844917724 -0.0677489426 -0.029499998
v 0.0844917724 -0.0677489426 -0.024499998
v 0.0844251484 -0.0601146846 -0.029499998
v 0.0844917724 -0.0602373846 -0.024499998
v 0.0842855304 -0.0598728516 -0.029499998
v 0.0843563884 -0.0599931676 -0.024499998
v 0.0846185534 -0.0675001296 -0.029499998
v 0.0845562404 -0.0676250796 -0.024499998
v 0.0846786544 -0.0673741106 -0.029499998
v 0.0846786544 -0.0673741106 -0.024499998
v 0.0847365614 -0.0672470626 -0.029499998
v 0.0847365614 -0.0672470626 -0.024499998
v 0.0846786544 -0.0606122166 -0.029499998
v 0.0847365614 -0.0607392646 -0.024499998
v 0.0845562404 -0.0603612476 -0.029499998
v 0.0846185534 -0.0604861976 -0.024499998
v 0.0847922364 -0.0671190216 -0.029499998
v 0.0847922364 -0.0671190216 -0.024499998
v 0.0848968354 -0.0668600996 -0.029499998
v 0.0848456614 -0.0669900086 -0.024499998
v 0.0849923364 -0.0665977056 -0.029499998
v 0.0849457404 -0.0667293316 -0.024499998
v 0.0849457404 -0.0612569956 -0.029499998
v 0.0849923364 -0.0613886216 -0.024499998
v 0.0848968354 -0.0611262276 -0.029499998
v 0.0848968354 -0.0611262276 -0.024499998
v 0.0847922364 -0.0608673056 -0.029499998
v 0.0848456614 -0.0609963186 -0.024499998
v 0.0850786254 -0.0663321456 -0.029499998
v 0.0850366444 -0.0664652976 -0.024499998
v 0.0851556054 -0.0660637246 -0.029499998
v 0.0851182784 -0.0661982686 -0.024499998
v 0.0852231444 -0.0657927666 -0.029499998
v 0.0851905674 -0.0659285316 -0.024499998
v 0.0851905674 -0.0620577966 -0.029499998
v 0.0852231444 -0.0621935616 -0.024499998
v 0.0851182784 -0.0617880586 -0.029499998
v 0.0851556054 -0.0619226036 -0.024499998
v 0.0850366444 -0.0615210296 -0.029499998
v 0.0850786254 -0.0616541816 -0.024499998
v 0.0852812044 -0.0655196336 -0.029499998
v 0.0852533764 -0.0656564476 -0.024499998
v 0.0853066484 -0.0653823426 -0.029499998
v 0.0853066484 -0.0653823426 -0.024499998
v 0.0853503464 -0.0651065406 -0.029499998
v 0.0853297084 -0.0652446326 -0.024499998
v 0.0853843734 -0.0648293836 -0.029499998
v 0.0853685614 -0.0649681236 -0.024499998
v 0.0854087104 -0.0645512156 -0.029499998
v 0.0853977434 -0.0646904136 -0.024499998
v 0.0854233214 -0.0642723616 -0.029499998
v 0.0854172364 -0.0644118456 -0.024499998
v 0.0854269834 -0.0641327816 -0.029499998
v 0.0854269834 -0.0641327816 -0.024499998
v 0.0854269834 -0.0638535456 -0.029499998
v 0.0854281844 -0.0639931636 -0.024499998
v 0.0854172364 -0.0635744816 -0.029499998
v 0.0854233214 -0.0637139656 -0.024499998
v 0.0853977434 -0.0632959136 -0.029499998
v 0.0854087104 -0.0634351116 -0.024499998
v 0.0853685614 -0.0630182036 -0.029499998
v 0.0853843734 -0.0631569436 -0.024499998
v 0.0853503464 -0.0628797866 -0.029499998
v 0.0853503464 -0.0628797866 -0.024499998
v 0.0853066484 -0.0626039846 -0.029499998
v 0.0853297084 -0.0627416946 -0.024499998
v 0.0852533764 -0.0623298796 -0.029499998
v 0.0852812044 -0.0624666936 -0.024499998
v 0.0644994014 -0.0653520356 -0.024499998
v 0.0644994014 -0.0653520356 -0.023500004
v 0.0644776574 -0.0651261856 -0.024499998
v 0.0644776574 -0.0651261856 -0.023500004
v 0.0644598624 -0.0648999936 -0.024499998
v 0.0644598624 -0.0648999936 -0.023500004
v 0.0644460144 -0.0646735336 -0.024499998
v 0.0644460144 -0.0646735336 -0.023500004
v 0.0644361154 -0.0644468646 -0.024499998
v 0.0644361154 -0.0644468646 -0.023500004
v 0.0644301644 -0.0642200426 -0.024499998
v 0.0644301644 -0.0642200426 -0.023500004
v 0.0644301644 -0.0637662846 -0.024499998
v 0.0644282004 -0.0639931636 -0.023500004
v 0.0644361154 -0.0635394626 -0.024499998
v 0.0644361154 -0.0635394626 -0.023500004
v 0.0644460144 -0.0633127936 -0.024499998
v 0.0644460144 -0.0633127936 -0.023500004
v 0.0644598624 -0.0630863336 -0.024499998
v 0.0644598624 -0.0630863336 -0.023500004
v 0.0644776574 -0.0628601416 -0.024499998
v 0.0644776574 -0.0628601416 -0.023500004
v 0.0644994014 -0.0626342926 -0.024499998
v 0.0644994014 -0.0626342926 -0.023500004
v 0.0647122804 -0.0666960106 -0.024499998
v 0.0647122804 -0.0666960106 -0.023500004
v 0.0646256874 -0.0662505876 -0.024499998
v 0.0646670384 -0.0664736896 -0.023500004
v 0.0645882454 -0.0660268166 -0.024499998
v 0.0645882454 -0.0660268166 -0.023500004
v 0.0645547144 -0.0658024176 -0.024499998
v 0.0645547144 -0.0658024176 -0.023500004
v 0.0645250934 -0.0655774646 -0.024499998
v 0.0645250934 -0.0655774646 -0.023500004
v 0.0645250934 -0.0624088626 -0.024499998
v 0.0645250934 -0.0624088626 -0.023500004
v 0.0645547144 -0.0621839096 -0.024499998
v 0.0645547144 -0.0621839096 -0.023500004
v 0.0645882454 -0.0619595106 -0.024499998
v 0.0645882454 -0.0619595106 -0.023500004
v 0.0646670384 -0.0615126376 -0.024499998
v 0.0646256874 -0.0617357406 -0.023500004
v 0.0647122804 -0.0612903176 -0.024499998
v 0.0647122804 -0.0612903176 -0.023500004
v 0.0649962274 -0.0677939946 -0.024499998
v 0.0649962274 -0.0677939946 -0.023500004
v 0.0649317974 -0.0675764426 -0.024499998
v 0.0649317974 -0.0675764426 -0.023500004
v 0.0648711624 -0.0673578026 -0.024499998
v 0.0648711624 -0.0673578026 -0.023500004
v 0.0648143424 -0.0671381526 -0.024499998
v 0.0648143424 -0.0671381526 -0.023500004
v 0.0647613754 -0.0669175296 -0.024499998
v 0.0647613754 -0.0669175296 -0.023500004
v 0.0647613754 -0.0610687976 -0.024499998
v 0.0647613754 -0.0610687976 -0.023500004
v 0.0648143424 -0.0608481746 -0.024499998
v 0.0648143424 -0.0608481746 -0.023500004
v 0.0648711624 -0.0606285246 -0.024499998
v 0.0648711624 -0.0606285246 -0.023500004
v 0.0649317974 -0.0604098846 -0.024499998
v 0.0649317974 -0.0604098846 -0.023500004
v 0.0649962274 -0.0601923326 -0.024499998
v 0.0649962274 -0.0601923326 -0.023500004
v 0.0652121964 -0.0684394226 -0.024499998
v 0.0652121964 -0.0684394226 -0.023500004
v 0.0650644534 -0.0680103836 -0.024499998
v 0.0651364554 -0.0682255516 -0.023500004
v 0.0651364554 -0.0597607766 -0.024499998
v 0.0650644534 -0.0599759446 -0.023500004
v 0.0652121964 -0.0595469056 -0.024499998
v 0.0652121964 -0.0595469056 -0.023500004
v 0.0654616204 -0.0690726616 -0.024499998
v 0.0654616204 -0.0690726616 -0.023500004
v 0.0653747984 -0.0688630446 -0.024499998
v 0.0653747984 -0.0688630446 -0.023500004
v 0.0652916374 -0.0686519386 -0.024499998
v 0.0652916374 -0.0686519386 -0.023500004
v 0.0652916374 -0.0593343886 -0.024499998
v 0.0652916374 -0.0593343886 -0.023500004
v 0.0653747984 -0.0591232826 -0.024499998
v 0.0653747984 -0.0591232826 -0.023500004
v 0.0654616204 -0.0589136656 -0.024499998
v 0.0654616204 -0.0589136656 -0.023500004
v 0.0657438704 -0.0696919976 -0.024499998
v 0.0657438704 -0.0696919976 -0.023500004
v 0.0655521054 -0.0692807346 -0.024499998
v 0.0656461944 -0.0694872056 -0.023500004
v 0.0655521054 -0.0587055926 -0.024499998
v 0.0655521054 -0.0587055926 -0.023500004
v 0.0657438704 -0.0582943306 -0.024499998
v 0.0656461944 -0.0584991226 -0.023500004
v 0.0659498824 -0.0700962976 -0.024499998
v 0.0659498824 -0.0700962976 -0.023500004
v 0.0658451124 -0.0698950346 -0.024499998
v 0.0658451124 -0.0698950346 -0.023500004
v 0.0658451124 -0.0580912926 -0.024499998
v 0.0658451124 -0.0580912926 -0.023500004
v 0.0659498824 -0.0578900296 -0.024499998
v 0.0659498824 -0.0578900296 -0.023500004
v 0.0660581444 -0.0702956916 -0.024499998
v 0.0661698574 -0.0704931596 -0.023500004
v 0.0660581444 -0.0576906356 -0.024499998
v 0.0660581444 -0.0576906356 -0.023500004
v 0.0661698574 -0.0574931676 -0.024499998
v 0.0661698574 -0.0574931676 -0.023500004
v 0.0664035644 -0.0708821066 -0.024499998
v 0.0664035644 -0.0708821066 -0.023500004
v 0.0662850234 -0.0706886636 -0.024499998
v 0.0662850234 -0.0706886636 -0.023500004
v 0.0662850234 -0.0572976646 -0.024499998
v 0.0662850234 -0.0572976646 -0.023500004
v 0.0664035644 -0.0571042206 -0.024499998
v 0.0664035644 -0.0571042206 -0.023500004
v 0.0666507004 -0.0712626796 -0.024499998
v 0.0666507004 -0.0712626796 -0.023500004
v 0.0665254824 -0.0710734706 -0.024499998
v 0.0665254824 -0.0710734706 -0.023500004
v 0.0665254824 -0.0569128566 -0.024499998
v 0.0665254824 -0.0569128566 -0.023500004
v 0.0666507004 -0.0567236476 -0.024499998
v 0.0666507004 -0.0567236476 -0.023500004
v 0.0669109764 -0.0716343646 -0.024499998
v 0.0669109764 -0.0716343646 -0.023500004
v 0.0667792174 -0.0714496566 -0.024499998
v 0.0667792174 -0.0714496566 -0.023500004
v 0.0667792174 -0.0565366706 -0.024499998
v 0.0667792174 -0.0565366706 -0.023500004
v 0.0669109764 -0.0563519626 -0.024499998
v 0.0669109764 -0.0563519626 -0.023500004
v 0.0670459214 -0.0718167646 -0.024499998
v 0.0671840514 -0.0719967606 -0.023500004
v 0.0670459214 -0.0561695626 -0.024499998
v 0.0670459214 -0.0561695626 -0.023500004
v 0.0671840514 -0.0559895666 -0.024499998
v 0.0671840514 -0.0559895666 -0.023500004
v 0.0674696204 -0.0723494106 -0.024499998
v 0.0674696204 -0.0723494106 -0.023500004
v 0.0673252914 -0.0721743356 -0.024499998
v 0.0673252914 -0.0721743356 -0.023500004
v 0.0673252914 -0.0558119926 -0.024499998
v 0.0673252914 -0.0558119926 -0.023500004
v 0.0674696204 -0.0556369166 -0.024499998
v 0.0674696204 -0.0556369166 -0.023500004
v 0.0676169624 -0.0725219306 -0.024499998
v 0.0676169624 -0.0725219306 -0.023500004
v 0.0676169624 -0.0554643966 -0.024499998
v 0.0676169624 -0.0554643966 -0.023500004
v 0.0679205934 -0.0728591496 -0.024499998
v 0.0679205934 -0.0728591496 -0.023500004
v 0.0677673194 -0.0726918556 -0.024499998
v 0.0677673194 -0.0726918556 -0.023500004
v 0.0677673194 -0.0552944716 -0.024499998
v 0.0677673194 -0.0552944716 -0.023500004
v 0.0679205934 -0.0551271776 -0.024499998
v 0.0679205934 -0.0551271776 -0.023500004
v 0.0682358024 -0.0731855546 -0.024499998
v 0.0682358024 -0.0731855546 -0.023500004
v 0.0682358024 -0.0548007736 -0.024499998
v 0.0680767674 -0.0549626116 -0.023500004
v 0.0683976404 -0.0733445886 -0.024499998
v 0.0683976404 -0.0733445886 -0.023500004
v 0.0683976404 -0.0546417386 -0.024499998
v 0.0683976404 -0.0546417386 -0.023500004
v 0.0685622064 -0.0735007626 -0.024499998
v 0.0687295004 -0.0736540376 -0.023500004
v 0.0687295004 -0.0543322906 -0.024499998
v 0.0685622064 -0.0544855646 -0.023500004
v 0.0688994254 -0.0738043936 -0.024499998
v 0.0688994254 -0.0738043936 -0.023500004
v 0.0688994254 -0.0541819336 -0.024499998
v 0.0688994254 -0.0541819336 -0.023500004
v 0.0692470214 -0.0740960656 -0.024499998
v 0.0692470214 -0.0740960656 -0.023500004
v 0.0690719454 -0.0739517356 -0.024499998
v 0.0690719454 -0.0739517356 -0.023500004
v 0.0690719454 -0.0540345916 -0.024499998
v 0.0690719454 -0.0540345916 -0.023500004
v 0.0692470214 -0.0538902626 -0.024499998
v 0.0692470214 -0.0538902626 -0.023500004
v 0.0694245954 -0.0742373046 -0.024499998
v 0.0694245954 -0.0742373046 -0.023500004
v 0.0694245954 -0.0537490226 -0.024499998
v 0.0694245954 -0.0537490226 -0.023500004
v 0.0696045914 -0.0743754346 -0.024499998
v 0.0696045914 -0.0743754346 -0.023500004
v 0.0696045914 -0.0536108926 -0.024499998
v 0.0696045914 -0.0536108926 -0.023500004
v 0.0697869914 -0.0745103796 -0.024499998
v 0.0699716994 -0.0746421386 -0.023500004
v 0.0699716994 -0.0533441886 -0.024499998
v 0.0697869914 -0.0534759476 -0.023500004
v 0.0701586764 -0.0747706566 -0.024499998
v 0.0701586764 -0.0747706566 -0.023500004
v 0.0701586764 -0.0532156716 -0.024499998
v 0.0701586764 -0.0532156716 -0.023500004
v 0.0703478854 -0.0748958736 -0.024499998
v 0.0703478854 -0.0748958736 -0.023500004
v 0.0703478854 -0.0530904446 -0.024499998
v 0.0703478854 -0.0530904446 -0.023500004
v 0.0705392494 -0.0750177916 -0.024499998
v 0.0707326934 -0.0751363336 -0.023500004
v 0.0707326934 -0.0528499846 -0.024499998
v 0.0705392494 -0.0529685356 -0.023500004
v 0.0709281964 -0.0752514986 -0.024499998
v 0.0709281964 -0.0752514986 -0.023500004
v 0.0709914444 -0.0648977806 -0.024499998
v 0.0709766434 -0.0647853236 -0.023500004
v 0.0709638064 -0.0646725996 -0.024499998
v 0.0709529344 -0.0645596846 -0.023500004
v 0.0709440274 -0.0644465786 -0.024499998
v 0.0709371034 -0.0643333396 -0.023500004
v 0.0709321444 -0.0642200046 -0.024499998
v 0.0709291884 -0.0641066126 -0.023500004
v 0.0709281964 -0.0639931636 -0.024499998
v 0.0709321444 -0.0637663226 -0.023500004
v 0.0709371034 -0.0636529876 -0.024499998
v 0.0709440274 -0.0635397486 -0.023500004
v 0.0709529344 -0.0634266426 -0.024499998
v 0.0709638064 -0.0633137276 -0.023500004
v 0.0709766434 -0.0632010036 -0.024499998
v 0.0709914444 -0.0630885466 -0.023500004
v 0.0709281964 -0.0527348386 -0.024499998
v 0.0709281964 -0.0527348386 -0.023500004
v 0.0711256644 -0.0753632126 -0.024499998
v 0.0711256644 -0.0753632126 -0.023500004
v 0.0712463234 -0.0660017736 -0.024499998
v 0.0712463234 -0.0660017736 -0.023500004
v 0.0712122194 -0.0658935886 -0.024499998
v 0.0711799854 -0.0657848126 -0.023500004
v 0.0711496774 -0.0656754836 -0.024499998
v 0.0711212774 -0.0655656586 -0.023500004
v 0.0710947844 -0.0654553376 -0.024499998
v 0.0710702364 -0.0653445966 -0.023500004
v 0.0710476154 -0.0652334176 -0.024499998
v 0.0710082094 -0.0650099906 -0.023500004
v 0.0710082094 -0.0629763366 -0.024499998
v 0.0710476154 -0.0627529106 -0.023500004
v 0.0710702364 -0.0626417306 -0.024499998
v 0.0710947844 -0.0625309906 -0.023500004
v 0.0711212774 -0.0624206696 -0.024499998
v 0.0711496774 -0.0623108436 -0.023500004
v 0.0711799854 -0.0622015146 -0.024499998
v 0.0712122194 -0.0620927386 -0.023500004
v 0.0712463234 -0.0619845536 -0.024499998
v 0.0712463234 -0.0619845536 -0.023500004
v 0.0711256644 -0.0526231056 -0.024499998
v 0.0711256644 -0.0526231056 -0.023500004
v 0.0713250584 -0.0754714736 -0.024499998
v 0.0713250584 -0.0754714736 -0.023500004
v 0.0714901394 -0.0666369586 -0.024499998
v 0.0714449164 -0.0665329126 -0.023500004
v 0.0714015044 -0.0664281036 -0.024499998
v 0.0713599244 -0.0663225516 -0.023500004
v 0.0713201944 -0.0662162926 -0.024499998
v 0.0712823144 -0.0661093476 -0.023500004
v 0.0712823144 -0.0618769796 -0.024499998
v 0.0713201944 -0.0617700346 -0.023500004
v 0.0713599244 -0.0616637756 -0.024499998
v 0.0714015044 -0.0615582236 -0.023500004
v 0.0714449164 -0.0614534146 -0.024499998
v 0.0714901394 -0.0613493686 -0.023500004
v 0.0713250584 -0.0525148446 -0.024499998
v 0.0713250584 -0.0525148446 -0.023500004
v 0.0715263214 -0.0755762436 -0.024499998
v 0.0717293594 -0.0756774856 -0.023500004
v 0.0717431684 -0.0671444276 -0.024499998
v 0.0716890374 -0.0670447306 -0.023500004
v 0.0716366424 -0.0669440986 -0.024499998
v 0.0715860214 -0.0668425706 -0.023500004
v 0.0715371934 -0.0667401846 -0.024499998
v 0.0715371934 -0.0667401846 -0.023500004
v 0.0715371934 -0.0612461426 -0.024499998
v 0.0716366424 -0.0610422286 -0.023500004
v 0.0716890374 -0.0609415966 -0.024499998
v 0.0717431684 -0.0608418996 -0.023500004
v 0.0717293594 -0.0523088416 -0.024499998
v 0.0715263214 -0.0524100836 -0.023500004
v 0.0719341514 -0.0757751616 -0.024499998
v 0.0719341514 -0.0757751616 -0.023500004
v 0.0719768374 -0.0675333176 -0.024499998
v 0.0719768374 -0.0675333176 -0.023500004
v 0.0719158784 -0.0674376446 -0.024499998
v 0.0718565984 -0.0673409036 -0.023500004
v 0.0717990344 -0.0672431716 -0.024499998
v 0.0717990344 -0.0672431716 -0.023500004
v 0.0717990344 -0.0607431556 -0.024499998
v 0.0719158784 -0.0605486826 -0.023500004
v 0.0719768374 -0.0604530106 -0.024499998
v 0.0719768374 -0.0604530106 -0.023500004
v 0.0719341514 -0.0522111656 -0.024499998
v 0.0719341514 -0.0522111656 -0.023500004
v 0.0721406214 -0.0758692506 -0.024499998
v 0.0721406214 -0.0758692506 -0.023500004
v 0.0722370574 -0.0679049636 -0.024499998
v 0.0721695754 -0.0678137736 -0.023500004
v 0.0721036954 -0.0677214196 -0.024499998
v 0.0720394554 -0.0676279216 -0.023500004
v 0.0720394554 -0.0603584056 -0.024499998
v 0.0721036954 -0.0602649076 -0.023500004
v 0.0721695754 -0.0601725536 -0.024499998
v 0.0722370574 -0.0600813636 -0.023500004
v 0.0721406214 -0.0521170766 -0.024499998
v 0.0721406214 -0.0521170766 -0.023500004
v 0.0723486944 -0.0759597356 -0.024499998
v 0.0723486944 -0.0759597356 -0.023500004
v 0.0724489064 -0.0681712876 -0.024499998
v 0.0723767514 -0.0680837396 -0.023500004
v 0.0723061224 -0.0679949716 -0.024499998
v 0.0723061224 -0.0679949716 -0.023500004
v 0.0723061224 -0.0599913556 -0.024499998
v 0.0724489064 -0.0598150406 -0.023500004
v 0.0723486944 -0.0520266016 -0.024499998
v 0.0723486944 -0.0520266016 -0.023500004
v 0.0725583114 -0.0760465576 -0.024499998
v 0.0725583114 -0.0760465576 -0.023500004
v 0.0726743934 -0.0684261466 -0.024499998
v 0.0725225874 -0.0682575566 -0.023500004
v 0.0725225874 -0.0597287706 -0.024499998
v 0.0726743934 -0.0595601806 -0.023500004
v 0.0725583114 -0.0519397696 -0.024499998
v 0.0725583114 -0.0519397696 -0.023500004
v 0.0727694174 -0.0761297186 -0.024499998
v 0.0729819344 -0.0762091596 -0.023500004
v 0.0729952094 -0.0687469636 -0.024499998
v 0.0727524804 -0.0685084496 -0.023500004
v 0.0727524804 -0.0594778786 -0.024499998
v 0.0729129074 -0.0593174516 -0.023500004
v 0.0729952094 -0.0592393646 -0.024499998
v 0.0729952094 -0.0592393646 -0.023500004
v 0.0729819344 -0.0517771586 -0.024499998
v 0.0727694174 -0.0518566186 -0.023500004
v 0.0731958054 -0.0762849006 -0.024499998
v 0.0731958054 -0.0762849006 -0.023500004
v 0.0731637994 -0.0688987686 -0.024499998
v 0.0730788464 -0.0688236006 -0.023500004
v 0.0730788464 -0.0591627266 -0.024499998
v 0.0731637994 -0.0590875586 -0.023500004
v 0.0731958054 -0.0517014176 -0.024499998
v 0.0731958054 -0.0517014176 -0.023500004
v 0.0734109734 -0.0763569026 -0.024499998
v 0.0734109734 -0.0763569026 -0.023500004
v 0.0734263844 -0.0691152336 -0.024499998
v 0.0733376164 -0.0690446046 -0.023500004
v 0.0732500694 -0.0689724496 -0.024499998
v 0.0732500694 -0.0689724496 -0.023500004
v 0.0732500694 -0.0590138776 -0.024499998
v 0.0732500694 -0.0590138776 -0.023500004
v 0.0733376164 -0.0589417226 -0.024499998
v 0.0734263844 -0.0588710936 -0.023500004
v 0.0734109734 -0.0516294246 -0.024499998
v 0.0734109734 -0.0516294246 -0.023500004
v 0.0736273614 -0.0764251286 -0.024499998
v 0.0736273614 -0.0764251286 -0.023500004
v 0.0736999364 -0.0693176606 -0.024499998
v 0.0736075824 -0.0692517816 -0.023500004
v 0.0735163924 -0.0691842996 -0.024499998
v 0.0735163924 -0.0691842996 -0.023500004
v 0.0735163924 -0.0588020286 -0.024499998
v 0.0735163924 -0.0588020286 -0.023500004
v 0.0736075824 -0.0587345466 -0.024499998
v 0.0736999364 -0.0586686666 -0.023500004
v 0.0736273614 -0.0515611986 -0.024499998
v 0.0736273614 -0.0515611986 -0.023500004
v 0.0738449134 -0.0764895586 -0.024499998
v 0.0738449134 -0.0764895586 -0.023500004
v 0.0739837114 -0.0695054776 -0.024499998
v 0.0739837114 -0.0695054776 -0.023500004
v 0.0738880394 -0.0694445186 -0.024499998
v 0.0737934344 -0.0693819006 -0.023500004
v 0.0737934344 -0.0586044266 -0.024499998
v 0.0738880394 -0.0585418086 -0.023500004
v 0.0739837114 -0.0584808496 -0.024499998
v 0.0739837114 -0.0584808496 -0.023500004
v 0.0738449134 -0.0514967586 -0.024499998
v 0.0738449134 -0.0514967586 -0.023500004
v 0.0740635534 -0.0765501936 -0.024499998
v 0.0740635534 -0.0765501936 -0.023500004
v 0.0741781844 -0.0696223216 -0.024499998
v 0.0740804524 -0.0695647576 -0.023500004
v 0.0740804524 -0.0584215696 -0.024499998
v 0.0741781844 -0.0583640056 -0.023500004
v 0.0740635534 -0.0514361246 -0.024499998
v 0.0740635534 -0.0514361246 -0.023500004
v 0.0742832034 -0.0766070136 -0.024499998
v 0.0742832034 -0.0766070136 -0.023500004
v 0.0744772574 -0.0697847136 -0.024499998
v 0.0744772574 -0.0697847136 -0.023500004
v 0.0743766254 -0.0697323186 -0.024499998
v 0.0742769284 -0.0696781876 -0.023500004
v 0.0742769284 -0.0583081396 -0.024499998
v 0.0743766254 -0.0582540086 -0.023500004
v 0.0744772574 -0.0582016136 -0.024499998
v 0.0744772574 -0.0582016136 -0.023500004
v 0.0742832034 -0.0513793236 -0.024499998
v 0.0742832034 -0.0513793236 -0.023500004
v 0.0745038264 -0.0766599806 -0.024499998
v 0.0747253464 -0.0767090756 -0.023500004
v 0.0746811714 -0.0698841626 -0.024499998
v 0.0745787854 -0.0698353346 -0.023500004
v 0.0745787854 -0.0581509926 -0.024499998
v 0.0746811714 -0.0581021646 -0.023500004
v 0.0747253464 -0.0512772426 -0.024499998
v 0.0745038264 -0.0513263566 -0.023500004
v 0.0749476664 -0.0767543176 -0.024499998
v 0.0749476664 -0.0767543176 -0.023500004
v 0.0749932524 -0.0700198516 -0.024499998
v 0.0749932524 -0.0700198516 -0.023500004
v 0.0748884434 -0.0699764396 -0.024499998
v 0.0747843974 -0.0699312166 -0.023500004
v 0.0747843974 -0.0580551106 -0.024499998
v 0.0748884434 -0.0580098876 -0.023500004
v 0.0749932524 -0.0579664756 -0.024499998
v 0.0749932524 -0.0579664756 -0.023500004
v 0.0749476664 -0.0512320096 -0.024499998
v 0.0749476664 -0.0512320096 -0.023500004
v 0.0751707694 -0.0767956696 -0.024499998
v 0.0751707694 -0.0767956696 -0.023500004
v 0.0752050634 -0.0701011616 -0.024499998
v 0.0750988044 -0.0700614316 -0.023500004
v 0.0750988044 -0.0579248956 -0.024499998
v 0.0752050634 -0.0578851656 -0.023500004
v 0.0751707694 -0.0511906586 -0.024499998
v 0.0751707694 -0.0511906586 -0.023500004
v 0.0753945394 -0.0768331106 -0.024499998
v 0.0753945394 -0.0768331106 -0.023500004
v 0.0754195824 -0.0701750336 -0.024499998
v 0.0753120084 -0.0701390416 -0.023500004
v 0.0753120084 -0.0578472856 -0.024499998
v 0.0754195824 -0.0578112946 -0.023500004
v 0.0753945394 -0.0511532166 -0.024499998
v 0.0753945394 -0.0511532166 -0.023500004
v 0.0756189384 -0.0768666416 -0.024499998
v 0.0756189384 -0.0768666416 -0.023500004
v 0.0757458724 -0.0702716786 -0.024499998
v 0.0757458724 -0.0702716786 -0.023500004
v 0.0756365434 -0.0702413706 -0.024499998
v 0.0755277674 -0.0702091366 -0.023500004
v 0.0755277674 -0.0577771906 -0.024499998
v 0.0755277674 -0.0577771906 -0.023500004
v 0.0756365434 -0.0577449566 -0.024499998
v 0.0757458724 -0.0577146486 -0.023500004
v 0.0756189384 -0.0511196766 -0.024499998
v 0.0756189384 -0.0511196766 -0.023500004
v 0.0758438914 -0.0768962626 -0.024499998
v 0.0758438914 -0.0768962626 -0.023500004
v 0.0759660194 -0.0703265716 -0.024499998
v 0.0758556984 -0.0703000786 -0.023500004
v 0.0758556984 -0.0576862486 -0.024499998
v 0.0759660194 -0.0576597556 -0.023500004
v 0.0758438914 -0.0510900646 -0.024499998
v 0.0758438914 -0.0510900646 -0.023500004
v 0.0760693214 -0.0769219546 -0.024499998
v 0.0760693214 -0.0769219546 -0.023500004
v 0.0761879394 -0.0703737406 -0.024499998
v 0.0760767594 -0.0703511196 -0.023500004
v 0.0760767594 -0.0576352076 -0.024499998
v 0.0761879394 -0.0576125866 -0.023500004
v 0.0760693214 -0.0510643826 -0.024499998
v 0.0760693214 -0.0510643826 -0.023500004
v 0.0762951704 -0.0769436986 -0.024499998
v 0.0762951704 -0.0769436986 -0.023500004
v 0.0764113654 -0.0704131466 -0.024499998
v 0.0762994804 -0.0703944166 -0.023500004
v 0.0762994804 -0.0575919106 -0.024499998
v 0.0764113654 -0.0575731806 -0.023500004
v 0.0762951704 -0.0510426286 -0.024499998
v 0.0762951704 -0.0510426286 -0.023500004
v 0.0765213624 -0.0769614936 -0.024499998
v 0.0767478224 -0.0769753416 -0.023500004
v 0.0767487564 -0.0704575496 -0.024499998
v 0.0765235754 -0.0704299126 -0.023500004
v 0.0765235754 -0.0575564156 -0.024499998
v 0.0767487564 -0.0575287776 -0.023500004
v 0.0767478224 -0.0510109766 -0.024499998
v 0.0765213624 -0.0510248336 -0.023500004
v 0.0769744914 -0.0769852406 -0.024499998
v 0.0769744914 -0.0769852406 -0.023500004
v 0.0769747774 -0.0704773286 -0.024499998
v 0.0768616714 -0.0704684216 -0.023500004
v 0.0768616714 -0.0575179056 -0.024499998
v 0.0769747774 -0.0575089986 -0.023500004
v 0.0769744914 -0.0510010866 -0.024499998
v 0.0769744914 -0.0510010866 -0.023500004
v 0.0772013134 -0.0769911916 -0.024499998
v 0.0772013134 -0.0769911916 -0.023500004
v 0.0772013514 -0.0704892116 -0.024499998
v 0.0770880164 -0.0704842526 -0.023500004
v 0.0770880164 -0.0575020746 -0.024499998
v 0.0770880164 -0.0575020746 -0.023500004
v 0.0772013514 -0.0574971156 -0.024499998
v 0.0772013514 -0.0574971156 -0.023500004
v 0.0772013134 -0.0509951456 -0.024499998
v 0.0772013134 -0.0509951456 -0.023500004
v 0.0774281924 -0.0769931556 -0.024499998
v 0.0774281924 -0.0769931556 -0.023500004
v 0.0774281924 -0.0704931596 -0.024499998
v 0.0773147434 -0.0704921676 -0.023500004
v 0.0773147434 -0.0574941596 -0.024499998
v 0.0774281924 -0.0574931676 -0.023500004
v 0.0774281924 -0.0509931616 -0.024499998
v 0.0774281924 -0.0509931616 -0.023500004
v 0.0776550714 -0.0769911916 -0.024499998
v 0.0776550714 -0.0769911916 -0.023500004
v 0.0776550334 -0.0704892116 -0.024499998
v 0.0775416414 -0.0704921676 -0.023500004
v 0.0775416414 -0.0574941596 -0.024499998
v 0.0776550334 -0.0574971156 -0.023500004
v 0.0776550714 -0.0509951456 -0.024499998
v 0.0776550714 -0.0509951456 -0.023500004
v 0.0778818934 -0.0769852406 -0.024499998
v 0.0778818934 -0.0769852406 -0.023500004
v 0.0779947134 -0.0704684216 -0.024499998
v 0.0777683684 -0.0704842526 -0.023500004
v 0.0777683684 -0.0575020746 -0.024499998
v 0.0779947134 -0.0575179056 -0.023500004
v 0.0778818934 -0.0510010866 -0.024499998
v 0.0778818934 -0.0510010866 -0.023500004
v 0.0781085624 -0.0769753416 -0.024499998
v 0.0781085624 -0.0769753416 -0.023500004
v 0.0782203524 -0.0704447136 -0.024499998
v 0.0781076284 -0.0704575496 -0.023500004
v 0.0781076284 -0.0575287776 -0.024499998
v 0.0782203524 -0.0575416146 -0.023500004
v 0.0781085624 -0.0510109766 -0.024499998
v 0.0781085624 -0.0510109766 -0.023500004
v 0.0783350224 -0.0769614936 -0.024499998
v 0.0783350224 -0.0769614936 -0.023500004
v 0.0784450194 -0.0704131466 -0.024499998
v 0.0783328094 -0.0704299126 -0.023500004
v 0.0783328094 -0.0575564156 -0.024499998
v 0.0784450194 -0.0575731806 -0.023500004
v 0.0783350224 -0.0510248336 -0.024499998
v 0.0783350224 -0.0510248336 -0.023500004
v 0.0785612144 -0.0769436986 -0.024499998
v 0.0785612144 -0.0769436986 -0.023500004
v 0.0786684464 -0.0703737406 -0.024499998
v 0.0785569044 -0.0703944166 -0.023500004
v 0.0785569044 -0.0575919106 -0.024499998
v 0.0786684464 -0.0576125866 -0.023500004
v 0.0785612144 -0.0510426286 -0.024499998
v 0.0785612144 -0.0510426286 -0.023500004
v 0.0787870644 -0.0769219546 -0.024499998
v 0.0787870644 -0.0769219546 -0.023500004
v 0.0788903664 -0.0703265716 -0.024499998
v 0.0787796254 -0.0703511196 -0.023500004
v 0.0787796254 -0.0576352076 -0.024499998
v 0.0788903664 -0.0576597556 -0.023500004
v 0.0787870644 -0.0510643826 -0.024499998
v 0.0787870644 -0.0510643826 -0.023500004
v 0.0790124934 -0.0768962626 -0.024499998
v 0.0792374464 -0.0768666416 -0.023500004
v 0.0791105124 -0.0702716786 -0.024499998
v 0.0790006874 -0.0703000786 -0.023500004
v 0.0792198414 -0.0702413706 -0.024499998
v 0.0792198414 -0.0702413706 -0.023500004
v 0.0790006874 -0.0576862486 -0.024499998
v 0.0792198414 -0.0577449566 -0.023500004
v 0.0792374464 -0.0511196766 -0.024499998
v 0.0790124934 -0.0510900646 -0.023500004
v 0.0794618454 -0.0768331106 -0.024499998
v 0.0794618454 -0.0768331106 -0.023500004
v 0.0794368024 -0.0701750336 -0.024499998
v 0.0793286174 -0.0702091366 -0.023500004
v 0.0793286174 -0.0577771906 -0.024499998
v 0.0794368024 -0.0578112946 -0.023500004
v 0.0794618454 -0.0511532166 -0.024499998
v 0.0794618454 -0.0511532166 -0.023500004
v 0.0796856164 -0.0767956696 -0.024499998
v 0.0796856164 -0.0767956696 -0.023500004
v 0.0796513214 -0.0701011616 -0.024499998
v 0.0795443764 -0.0701390416 -0.023500004
v 0.0795443764 -0.0578472856 -0.024499998
v 0.0796513214 -0.0578851656 -0.023500004
v 0.0796856164 -0.0511906586 -0.024499998
v 0.0796856164 -0.0511906586 -0.023500004
v 0.0799087184 -0.0767543176 -0.024499998
v 0.0799087184 -0.0767543176 -0.023500004
v 0.0798631324 -0.0700198516 -0.024499998
v 0.0797575804 -0.0700614316 -0.023500004
v 0.0799679414 -0.0699764396 -0.024499998
v 0.0799679414 -0.0699764396 -0.023500004
v 0.0799679414 -0.0580098876 -0.024499998
v 0.0799679414 -0.0580098876 -0.023500004
v 0.0797575804 -0.0579248956 -0.024499998
v 0.0798631324 -0.0579664756 -0.023500004
v 0.0799087184 -0.0512320096 -0.024499998
v 0.0799087184 -0.0512320096 -0.023500004
v 0.0801310394 -0.0767090756 -0.024499998
v 0.0801310394 -0.0767090756 -0.023500004
v 0.0801752134 -0.0698841626 -0.024499998
v 0.0800719874 -0.0699312166 -0.023500004
v 0.0800719874 -0.0580551106 -0.024499998
v 0.0801752134 -0.0581021646 -0.023500004
v 0.0801310394 -0.0512772426 -0.024499998
v 0.0801310394 -0.0512772426 -0.023500004
v 0.0803525584 -0.0766599806 -0.024499998
v 0.0803525584 -0.0766599806 -0.023500004
v 0.0803791274 -0.0697847136 -0.024499998
v 0.0802775994 -0.0698353346 -0.023500004
v 0.0804797594 -0.0697323186 -0.024499998
v 0.0804797594 -0.0697323186 -0.023500004
v 0.0804797594 -0.0582540086 -0.024499998
v 0.0804797594 -0.0582540086 -0.023500004
v 0.0802775994 -0.0581509926 -0.024499998
v 0.0803791274 -0.0582016136 -0.023500004
v 0.0803525584 -0.0513263566 -0.024499998
v 0.0803525584 -0.0513263566 -0.023500004
v 0.0805731814 -0.0766070136 -0.024499998
v 0.0805731814 -0.0766070136 -0.023500004
v 0.0806782004 -0.0696223216 -0.024499998
v 0.0805794564 -0.0696781876 -0.023500004
v 0.0805794564 -0.0583081396 -0.024499998
v 0.0806782004 -0.0583640056 -0.023500004
v 0.0805731814 -0.0513793236 -0.024499998
v 0.0805731814 -0.0513793236 -0.023500004
v 0.0807928314 -0.0765501936 -0.024499998
v 0.0807928314 -0.0765501936 -0.023500004
v 0.0808726734 -0.0695054776 -0.024499998
v 0.0807759324 -0.0695647576 -0.023500004
v 0.0809683464 -0.0694445186 -0.024499998
v 0.0809683464 -0.0694445186 -0.023500004
v 0.0809683464 -0.0585418086 -0.024499998
v 0.0809683464 -0.0585418086 -0.023500004
v 0.0807759324 -0.0584215696 -0.024499998
v 0.0808726734 -0.0584808496 -0.023500004
v 0.0807928314 -0.0514361246 -0.024499998
v 0.0807928314 -0.0514361246 -0.023500004
v 0.0810114714 -0.0764895586 -0.024499998
v 0.0812290234 -0.0764251286 -0.023500004
v 0.0812488024 -0.0692517816 -0.024499998
v 0.0810629504 -0.0693819006 -0.023500004
v 0.0810629504 -0.0586044266 -0.024499998
v 0.0812488024 -0.0587345466 -0.023500004
v 0.0812290234 -0.0515611986 -0.024499998
v 0.0812290234 -0.0515611986 -0.023500004
v 0.0810114714 -0.0514967586 -0.024499998
v 0.0810114714 -0.0514967586 -0.023500004
v 0.0814454124 -0.0763569026 -0.024499998
v 0.0814454124 -0.0763569026 -0.023500004
v 0.0814300004 -0.0691152336 -0.024499998
v 0.0813399924 -0.0691842996 -0.023500004
v 0.0813399924 -0.0588020286 -0.024499998
v 0.0814300004 -0.0588710936 -0.023500004
v 0.0814454124 -0.0516294246 -0.024499998
v 0.0814454124 -0.0516294246 -0.023500004
v 0.0816605804 -0.0762849006 -0.024499998
v 0.0816605804 -0.0762849006 -0.023500004
v 0.0815187684 -0.0690446046 -0.024499998
v 0.0815187684 -0.0690446046 -0.023500004
v 0.0816925854 -0.0688987686 -0.024499998
v 0.0816063164 -0.0689724496 -0.023500004
v 0.0816063164 -0.0590138776 -0.024499998
v 0.0816925854 -0.0590875586 -0.023500004
v 0.0815187684 -0.0589417226 -0.024499998
v 0.0815187684 -0.0589417226 -0.023500004
v 0.0816605804 -0.0517014176 -0.024499998
v 0.0816605804 -0.0517014176 -0.023500004
v 0.0818744514 -0.0762091596 -0.024499998
v 0.0818744514 -0.0762091596 -0.023500004
v 0.0817775384 -0.0688236006 -0.024499998
v 0.0817775384 -0.0688236006 -0.023500004
v 0.0819434784 -0.0686688766 -0.024499998
v 0.0818611754 -0.0687469636 -0.023500004
v 0.0819434784 -0.0593174516 -0.024499998
v 0.0819434784 -0.0593174516 -0.023500004
v 0.0817775384 -0.0591627266 -0.024499998
v 0.0818611754 -0.0592393646 -0.023500004
v 0.0818744514 -0.0517771586 -0.024499998
v 0.0818744514 -0.0517771586 -0.023500004
v 0.0820869674 -0.0761297186 -0.024499998
v 0.0820869674 -0.0761297186 -0.023500004
v 0.0821039054 -0.0685084496 -0.024499998
v 0.0820243874 -0.0685893586 -0.023500004
v 0.0821819924 -0.0684261466 -0.024499998
v 0.0821819924 -0.0684261466 -0.023500004
v 0.0821819924 -0.0595601806 -0.024499998
v 0.0821819924 -0.0595601806 -0.023500004
v 0.0820243874 -0.0593969686 -0.024499998
v 0.0820243874 -0.0593969686 -0.023500004
v 0.0820869674 -0.0518566186 -0.024499998
v 0.0820869674 -0.0518566186 -0.023500004
v 0.0822980734 -0.0760465576 -0.024499998
v 0.0822980734 -0.0760465576 -0.023500004
v 0.0823337974 -0.0682575566 -0.024499998
v 0.0822586294 -0.0683425096 -0.023500004
v 0.0824796334 -0.0680837396 -0.024499998
v 0.0824074784 -0.0681712876 -0.023500004
v 0.0824074784 -0.0598150406 -0.024499998
v 0.0824796334 -0.0599025876 -0.023500004
v 0.0822586294 -0.0596438176 -0.024499998
v 0.0823337974 -0.0597287706 -0.023500004
v 0.0822980734 -0.0519397696 -0.024499998
v 0.0822980734 -0.0519397696 -0.023500004
v 0.0825076904 -0.0759597356 -0.024499998
v 0.0827157634 -0.0758692506 -0.023500004
v 0.0826868104 -0.0678137736 -0.024499998
v 0.0825502624 -0.0679949716 -0.023500004
v 0.0826193284 -0.0600813636 -0.024499998
v 0.0826868104 -0.0601725536 -0.023500004
v 0.0825502624 -0.0599913556 -0.024499998
v 0.0825502624 -0.0599913556 -0.023500004
v 0.0827157634 -0.0521170766 -0.024499998
v 0.0825076904 -0.0520266016 -0.023500004
v 0.0829222344 -0.0757751616 -0.024499998
v 0.0829222344 -0.0757751616 -0.023500004
v 0.0828795474 -0.0675333176 -0.024499998
v 0.0827526894 -0.0677214196 -0.023500004
v 0.0829997864 -0.0673409036 -0.024499998
v 0.0829405064 -0.0674376446 -0.023500004
v 0.0829405064 -0.0605486826 -0.024499998
v 0.0829997864 -0.0606454236 -0.023500004
v 0.0827526894 -0.0602649076 -0.024499998
v 0.0828795474 -0.0604530106 -0.023500004
v 0.0829222344 -0.0522111656 -0.024499998
v 0.0829222344 -0.0522111656 -0.023500004
v 0.0831270264 -0.0756774856 -0.024499998
v 0.0831270264 -0.0756774856 -0.023500004
v 0.0831673474 -0.0670447306 -0.024499998
v 0.0830573504 -0.0672431716 -0.023500004
v 0.0832197424 -0.0669440986 -0.024499998
v 0.0832197424 -0.0669440986 -0.023500004
v 0.0832197424 -0.0610422286 -0.024499998
v 0.0832197424 -0.0610422286 -0.023500004
v 0.0831132164 -0.0608418996 -0.024499998
v 0.0831673474 -0.0609415966 -0.023500004
v 0.0830573504 -0.0607431556 -0.024499998
v 0.0830573504 -0.0607431556 -0.023500004
v 0.0831270264 -0.0523088416 -0.024499998
v 0.0831270264 -0.0523088416 -0.023500004
v 0.0833300634 -0.0755762436 -0.024499998
v 0.0833300634 -0.0755762436 -0.023500004
v 0.0832703634 -0.0668425706 -0.024499998
v 0.0832703634 -0.0668425706 -0.023500004
v 0.0834114684 -0.0665329126 -0.024499998
v 0.0833191914 -0.0667401846 -0.023500004
v 0.0834964604 -0.0663225516 -0.024499998
v 0.0834548804 -0.0664281036 -0.023500004
v 0.0834548804 -0.0615582236 -0.024499998
v 0.0834964604 -0.0616637756 -0.023500004
v 0.0833662454 -0.0613493686 -0.024499998
v 0.0834114684 -0.0614534146 -0.023500004
v 0.0832703634 -0.0611437566 -0.024499998
v 0.0833191914 -0.0612461426 -0.023500004
v 0.0833300634 -0.0524100836 -0.024499998
v 0.0833300634 -0.0524100836 -0.023500004
v 0.0835313264 -0.0754714736 -0.024499998
v 0.0837307204 -0.0753632126 -0.023500004
v 0.0836100624 -0.0660017736 -0.024499998
v 0.0835361904 -0.0662162926 -0.023500004
v 0.0836763994 -0.0657848126 -0.024499998
v 0.0836441654 -0.0658935886 -0.023500004
v 0.0837351074 -0.0655656586 -0.024499998
v 0.0837067074 -0.0656754836 -0.023500004
v 0.0837067074 -0.0623108436 -0.024499998
v 0.0837351074 -0.0624206696 -0.023500004
v 0.0836441654 -0.0620927386 -0.024499998
v 0.0836763994 -0.0622015146 -0.023500004
v 0.0835361904 -0.0617700346 -0.024499998
v 0.0836100624 -0.0619845536 -0.023500004
v 0.0837307204 -0.0526231056 -0.024499998
v 0.0835313264 -0.0525148446 -0.023500004
v 0.0839281884 -0.0752514986 -0.024499998
v 0.0839281884 -0.0752514986 -0.023500004
v 0.0837861484 -0.0653445966 -0.024499998
v 0.0837616004 -0.0654553376 -0.023500004
v 0.0838481754 -0.0650099906 -0.024499998
v 0.0838087694 -0.0652334176 -0.023500004
v 0.0838797424 -0.0647853236 -0.024499998
v 0.0838649414 -0.0648977806 -0.023500004
v 0.0839034504 -0.0645596846 -0.024499998
v 0.0838925784 -0.0646725996 -0.023500004
v 0.0839192814 -0.0643333396 -0.024499998
v 0.0839123574 -0.0644465786 -0.023500004
v 0.0839271964 -0.0641066126 -0.024499998
v 0.0839242404 -0.0642200046 -0.023500004
v 0.0839242404 -0.0637663226 -0.024499998
v 0.0839281884 -0.0639931636 -0.023500004
v 0.0839123574 -0.0635397486 -0.024499998
v 0.0839192814 -0.0636529876 -0.023500004
v 0.0838925784 -0.0633137276 -0.024499998
v 0.0839034504 -0.0634266426 -0.023500004
v 0.0838649414 -0.0630885466 -0.024499998
v 0.0838797424 -0.0632010036 -0.023500004
v 0.0838087694 -0.0627529106 -0.024499998
v 0.0838481754 -0.0629763366 -0.023500004
v 0.0837616004 -0.0625309906 -0.024499998
v 0.0837861484 -0.0626417306 -0.023500004
v 0.0839281884 -0.0527348386 -0.024499998
v 0.0839281884 -0.0527348386 -0.023500004
v 0.0841236924 -0.0751363336 -0.024499998
v 0.0841236924 -0.0751363336 -0.023500004
v 0.0841236924 -0.0528499846 -0.024499998
v 0.0841236924 -0.0528499846 -0.023500004
v 0.0843171354 -0.0750177916 -0.024499998
v 0.0843171354 -0.0750177916 -0.023500004
v 0.0843171354 -0.0529685356 -0.024499998
v 0.0843171354 -0.0529685356 -0.023500004
v 0.0845084994 -0.0748958736 -0.024499998
v 0.0846977084 -0.0747706566 -0.023500004
v 0.0846977084 -0.0532156716 -0.024499998
v 0.0845084994 -0.0530904446 -0.023500004
v 0.0848846854 -0.0746421386 -0.024499998
v 0.0848846854 -0.0746421386 -0.023500004
v 0.0848846854 -0.0533441886 -0.024499998
v 0.0848846854 -0.0533441886 -0.023500004
v 0.0850693934 -0.0745103796 -0.024499998
v 0.0850693934 -0.0745103796 -0.023500004
v 0.0850693934 -0.0534759476 -0.024499998
v 0.0850693934 -0.0534759476 -0.023500004
v 0.0852517934 -0.0743754346 -0.024499998
v 0.0852517934 -0.0743754346 -0.023500004
v 0.0854317894 -0.0742373046 -0.024499998
v 0.0854317894 -0.0742373046 -0.023500004
v 0.0854317894 -0.0537490226 -0.024499998
v 0.0852517934 -0.0536108926 -0.023500004
v 0.0856093644 -0.0740960656 -0.024499998
v 0.0856093644 -0.0740960656 -0.023500004
v 0.0856093644 -0.0538902626 -0.024499998
v 0.0856093644 -0.0538902626 -0.023500004
v 0.0857844394 -0.0739517356 -0.024499998
v 0.0859569594 -0.0738043936 -0.023500004
v 0.0859569594 -0.0541819336 -0.024499998
v 0.0857844394 -0.0540345916 -0.023500004
v 0.0861268844 -0.0736540376 -0.024499998
v 0.0861268844 -0.0736540376 -0.023500004
v 0.0861268844 -0.0543322906 -0.024499998
v 0.0861268844 -0.0543322906 -0.023500004
v 0.0862941784 -0.0735007626 -0.024499998
v 0.0862941784 -0.0735007626 -0.023500004
v 0.0864587444 -0.0733445886 -0.024499998
v 0.0864587444 -0.0733445886 -0.023500004
v 0.0864587444 -0.0546417386 -0.024499998
v 0.0864587444 -0.0546417386 -0.023500004
v 0.0862941784 -0.0544855646 -0.024499998
v 0.0862941784 -0.0544855646 -0.023500004
v 0.0866205834 -0.0731855546 -0.024499998
v 0.0866205834 -0.0731855546 -0.023500004
v 0.0866205834 -0.0548007736 -0.024499998
v 0.0866205834 -0.0548007736 -0.023500004
v 0.0867796174 -0.0730237156 -0.024499998
v 0.0867796174 -0.0730237156 -0.023500004
v 0.0869357914 -0.0728591496 -0.024499998
v 0.0869357914 -0.0728591496 -0.023500004
v 0.0869357914 -0.0551271776 -0.024499998
v 0.0869357914 -0.0551271776 -0.023500004
v 0.0867796174 -0.0549626116 -0.024499998
v 0.0867796174 -0.0549626116 -0.023500004
v 0.0870890664 -0.0726918556 -0.024499998
v 0.0872394224 -0.0725219306 -0.023500004
v 0.0872394224 -0.0554643966 -0.024499998
v 0.0870890664 -0.0552944716 -0.023500004
v 0.0873867644 -0.0723494106 -0.024499998
v 0.0873867644 -0.0723494106 -0.023500004
v 0.0873867644 -0.0556369166 -0.024499998
v 0.0873867644 -0.0556369166 -0.023500004
v 0.0875310944 -0.0721743356 -0.024499998
v 0.0875310944 -0.0721743356 -0.023500004
v 0.0876723334 -0.0719967606 -0.024499998
v 0.0876723334 -0.0719967606 -0.023500004
v 0.0876723334 -0.0559895666 -0.024499998
v 0.0875310944 -0.0558119926 -0.023500004
v 0.0878104634 -0.0718167646 -0.024499998
v 0.0878104634 -0.0718167646 -0.023500004
v 0.0879454084 -0.0716343646 -0.024499998
v 0.0879454084 -0.0716343646 -0.023500004
v 0.0879454084 -0.0563519626 -0.024499998
v 0.0879454084 -0.0563519626 -0.023500004
v 0.0878104634 -0.0561695626 -0.024499998
v 0.0878104634 -0.0561695626 -0.023500004
v 0.0880771674 -0.0714496566 -0.024499998
v 0.0882056854 -0.0712626796 -0.023500004
v 0.0882056854 -0.0567236476 -0.024499998
v 0.0880771674 -0.0565366706 -0.023500004
v 0.0883309024 -0.0710734706 -0.024499998
v 0.0883309024 -0.0710734706 -0.023500004
v 0.0884528204 -0.0708821066 -0.024499998
v 0.0884528204 -0.0708821066 -0.023500004
v 0.0884528204 -0.0571042206 -0.024499998
v 0.0884528204 -0.0571042206 -0.023500004
v 0.0883309024 -0.0569128566 -0.024499998
v 0.0883309024 -0.0569128566 -0.023500004
v 0.0885713624 -0.0706886636 -0.024499998
v 0.0885713624 -0.0706886636 -0.023500004
v 0.0886865274 -0.0704931596 -0.024499998
v 0.0886865274 -0.0704931596 -0.023500004
v 0.0886865274 -0.0574931676 -0.024499998
v 0.0885713624 -0.0572976646 -0.023500004
v 0.0887982414 -0.0702956916 -0.024499998
v 0.0887982414 -0.0702956916 -0.023500004
v 0.0889065024 -0.0700962976 -0.024499998
v 0.0889065024 -0.0700962976 -0.023500004
v 0.0889065024 -0.0578900296 -0.024499998
v 0.0889065024 -0.0578900296 -0.023500004
v 0.0887982414 -0.0576906356 -0.024499998
v 0.0887982414 -0.0576906356 -0.023500004
v 0.0890112724 -0.0698950346 -0.024499998
v 0.0890112724 -0.0698950346 -0.023500004
v 0.0891125144 -0.0696919976 -0.024499998
v 0.0891125144 -0.0696919976 -0.023500004
v 0.0892101904 -0.0694872056 -0.024499998
v 0.0892101904 -0.0694872056 -0.023500004
v 0.0892101904 -0.0584991226 -0.024499998
v 0.0891125144 -0.0582943306 -0.023500004
v 0.0890112724 -0.0580912926 -0.024499998
v 0.0890112724 -0.0580912926 -0.023500004
v 0.0893042794 -0.0692807346 -0.024499998
v 0.0893042794 -0.0692807346 -0.023500004
v 0.0893947644 -0.0690726616 -0.024499998
v 0.0893947644 -0.0690726616 -0.023500004
v 0.0894815864 -0.0688630446 -0.024499998
v 0.0894815864 -0.0688630446 -0.023500004
v 0.0894815864 -0.0591232826 -0.024499998
v 0.0894815864 -0.0591232826 -0.023500004
v 0.0893947644 -0.0589136656 -0.024499998
v 0.0893947644 -0.0589136656 -0.023500004
v 0.0893042794 -0.0587055926 -0.024499998
v 0.0893042794 -0.0587055926 -0.023500004
v 0.0895647474 -0.0686519386 -0.024499998
v 0.0895647474 -0.0686519386 -0.023500004
v 0.0896441884 -0.0684394226 -0.024499998
v 0.0896441884 -0.0684394226 -0.023500004
v 0.0897199294 -0.0682255516 -0.024499998
v 0.0897199294 -0.0682255516 -0.023500004
v 0.0897199294 -0.0597607766 -0.024499998
v 0.0897199294 -0.0597607766 -0.023500004
v 0.0896441884 -0.0595469056 -0.024499998
v 0.0896441884 -0.0595469056 -0.023500004
v 0.0895647474 -0.0593343886 -0.024499998
v 0.0895647474 -0.0593343886 -0.023500004
v 0.0897919314 -0.0680103836 -0.024499998
v 0.0897919314 -0.0680103836 -0.023500004
v 0.0898601574 -0.0677939946 -0.024499998
v 0.0898601574 -0.0677939946 -0.023500004
v 0.0899245874 -0.0675764426 -0.024499998
v 0.0899245874 -0.0675764426 -0.023500004
v 0.0899852224 -0.0673578026 -0.024499998
v 0.0899852224 -0.0673578026 -0.023500004
v 0.0899852224 -0.0606285246 -0.024499998
v 0.0899852224 -0.0606285246 -0.023500004
v 0.0899245874 -0.0604098846 -0.024499998
v 0.0899245874 -0.0604098846 -0.023500004
v 0.0898601574 -0.0601923326 -0.024499998
v 0.0898601574 -0.0601923326 -0.023500004
v 0.0897919314 -0.0599759446 -0.024499998
v 0.0897919314 -0.0599759446 -0.023500004
v 0.0900420424 -0.0671381526 -0.024499998
v 0.0900420424 -0.0671381526 -0.023500004
v 0.0900950094 -0.0669175296 -0.024499998
v 0.0900950094 -0.0669175296 -0.023500004
v 0.0901441044 -0.0666960106 -0.024499998
v 0.0901441044 -0.0666960106 -0.023500004
v 0.0901893464 -0.0664736896 -0.024499998
v 0.0902306984 -0.0662505876 -0.023500004
v 0.0902306984 -0.0617357406 -0.024499998
v 0.0901893464 -0.0615126376 -0.023500004
v 0.0901441044 -0.0612903176 -0.024499998
v 0.0901441044 -0.0612903176 -0.023500004
v 0.0900950094 -0.0610687976 -0.024499998
v 0.0900950094 -0.0610687976 -0.023500004
v 0.0900420424 -0.0608481746 -0.024499998
v 0.0900420424 -0.0608481746 -0.023500004
v 0.0902681394 -0.0660268166 -0.024499998
v 0.0902681394 -0.0660268166 -0.023500004
v 0.0903016704 -0.0658024176 -0.024499998
v 0.0903016704 -0.0658024176 -0.023500004
v 0.0903312914 -0.0655774646 -0.024499998
v 0.0903312914 -0.0655774646 -0.023500004
v 0.0903569834 -0.0653520356 -0.024499998
v 0.0903569834 -0.0653520356 -0.023500004
v 0.0903787274 -0.0651261856 -0.024499998
v 0.0903787274 -0.0651261856 -0.023500004
v 0.0903965224 -0.0648999936 -0.024499998
v 0.0903965224 -0.0648999936 -0.023500004
v 0.0904103704 -0.0646735336 -0.024499998
v 0.0904103704 -0.0646735336 -0.023500004
v 0.0904202694 -0.0644468646 -0.024499998
v 0.0904202694 -0.0644468646 -0.023500004
v 0.0904262204 -0.0642200426 -0.024499998
v 0.0904262204 -0.0642200426 -0.023500004
v 0.0904281844 -0.0639931636 -0.024499998
v 0.0904262204 -0.0637662846 -0.023500004
v 0.0904202694 -0.0635394626 -0.024499998
v 0.0904202694 -0.0635394626 -0.023500004
v 0.0904103704 -0.0633127936 -0.024499998
v 0.0904103704 -0.0633127936 -0.023500004
v 0.0903965224 -0.0630863336 -0.024499998
v 0.0903965224 -0.0630863336 -0.023500004
v 0.0903787274 -0.0628601416 -0.024499998
v 0.0903787274 -0.0628601416 -0.023500004
v 0.0903569834 -0.0626342926 -0.024499998
v 0.0903569834 -0.0626342926 -0.023500004
v 0.0903312914 -0.0624088626 -0.024499998
v 0.0903312914 -0.0624088626 -0.023500004
v 0.0903016704 -0.0621839096 -0.024499998
v 0.0903016704 -0.0621839096 -0.023500004
v 0.0902681394 -0.0619595106 -0.024499998
v 0.0902681394 -0.0619595106 -0.023500004
f 1 2 3
f 1 28 2
f 89 1 3
f 27 28 1
f 89 27 1
f 3 2 4
f 2 234 4
f 28 114 2
f 114 124 2
f 2 124 234
f 3 4 5
f 91 3 5
f 89 3 91
f 5 4 6
f 4 210 6
f 4 222 210
f 4 234 222
f 5 6 7
f 91 5 7
f 7 6 8
f 6 200 8
f 6 210 200
f 7 8 9
f 93 7 9
f 91 7 93
f 9 8 10
f 8 200 10
f 9 10 11
f 93 9 11
f 11 10 12
f 10 180 12
f 10 188 180
f 10 200 188
f 11 12 13
f 93 11 13
f 13 12 14
f 12 180 14
f 13 14 15
f 95 13 15
f 93 13 95
f 15 14 16
f 14 160 16
f 14 170 160
f 14 180 170
f 15 16 17
f 95 15 17
f 17 16 18
f 16 152 18
f 16 160 152
f 17 18 19
f 97 17 19
f 95 17 97
f 19 18 20
f 18 152 20
f 19 20 21
f 129 19 21
f 97 19 99
f 99 19 109
f 109 19 111
f 111 19 113
f 113 19 123
f 123 19 139
f 139 19 129
f 21 20 22
f 20 130 22
f 20 140 130
f 20 152 140
f 21 22 29
f 115 21 29
f 127 21 115
f 129 21 127
f 29 22 30
f 22 116 30
f 22 128 116
f 22 130 128
f 23 24 25
f 23 40 24
f 87 23 25
f 39 40 23
f 107 39 23
f 107 23 87
f 25 24 26
f 24 96 26
f 40 94 24
f 24 94 96
f 25 26 27
f 89 25 27
f 87 25 89
f 27 26 28
f 26 100 28
f 26 96 98
f 98 100 26
f 100 110 28
f 28 110 112
f 28 112 114
f 29 30 31
f 101 29 31
f 115 29 101
f 31 30 32
f 30 116 32
f 31 32 33
f 83 31 33
f 101 31 83
f 33 32 34
f 32 102 34
f 32 116 102
f 33 34 41
f 81 33 41
f 83 33 81
f 41 34 42
f 34 82 42
f 34 84 82
f 34 102 84
f 35 36 37
f 35 48 36
f 107 35 37
f 47 48 35
f 105 47 35
f 105 35 107
f 37 36 38
f 36 90 38
f 48 90 36
f 37 38 39
f 107 37 39
f 39 38 40
f 38 92 40
f 90 92 38
f 40 92 94
f 41 42 43
f 77 41 43
f 81 41 77
f 43 42 44
f 42 82 44
f 43 44 49
f 73 43 49
f 77 43 73
f 49 44 50
f 44 74 50
f 44 78 74
f 44 82 78
f 45 46 47
f 45 56 46
f 105 45 47
f 55 56 45
f 105 55 45
f 47 46 48
f 46 108 48
f 56 106 46
f 46 106 108
f 48 88 90
f 48 108 88
f 49 50 51
f 67 49 51
f 73 49 67
f 51 50 52
f 50 68 52
f 50 74 68
f 51 52 57
f 65 51 57
f 67 51 65
f 57 52 58
f 52 66 58
f 52 68 66
f 53 54 55
f 53 64 54
f 121 53 55
f 63 64 53
f 119 63 53
f 119 53 121
f 55 54 56
f 54 106 56
f 64 120 54
f 54 122 106
f 54 120 122
f 121 55 105
f 57 58 59
f 65 57 59
f 59 58 60
f 58 66 60
f 59 60 65
f 65 60 66
f 61 62 63
f 61 72 62
f 119 61 63
f 71 72 61
f 119 71 61
f 63 62 64
f 62 120 64
f 72 120 62
f 65 66 67
f 67 66 68
f 67 68 73
f 73 68 74
f 69 70 71
f 69 76 70
f 119 69 71
f 75 76 69
f 135 75 69
f 135 69 119
f 71 70 72
f 70 136 72
f 76 136 70
f 72 136 120
f 73 74 77
f 77 74 78
f 75 80 76
f 79 80 75
f 133 79 75
f 133 75 135
f 80 134 76
f 76 134 136
f 77 78 81
f 81 78 82
f 79 86 80
f 85 86 79
f 145 85 79
f 145 79 133
f 86 146 80
f 80 146 134
f 81 82 83
f 83 82 84
f 83 84 101
f 101 84 102
f 85 104 86
f 103 104 85
f 145 103 85
f 104 146 86
f 87 90 88
f 87 88 107
f 89 90 87
f 107 88 108
f 89 92 90
f 91 92 89
f 91 94 92
f 93 94 91
f 93 96 94
f 95 96 93
f 95 98 96
f 97 98 95
f 97 100 98
f 99 100 97
f 99 110 100
f 109 110 99
f 101 102 115
f 115 102 116
f 103 118 104
f 117 118 103
f 103 339 117
f 155 103 145
f 165 103 155
f 163 103 165
f 173 103 163
f 175 103 173
f 183 103 175
f 193 103 183
f 203 103 193
f 205 103 203
f 213 103 205
f 213 341 103
f 341 339 103
f 118 146 104
f 105 108 106
f 105 106 121
f 107 108 105
f 121 106 122
f 109 112 110
f 111 112 109
f 111 114 112
f 113 114 111
f 113 124 114
f 123 124 113
f 115 116 127
f 127 116 128
f 117 132 118
f 131 132 117
f 117 337 131
f 117 339 337
f 132 156 118
f 118 156 146
f 119 122 120
f 119 120 135
f 121 122 119
f 135 120 136
f 123 126 124
f 125 126 123
f 233 125 123
f 123 139 151
f 159 123 151
f 169 123 159
f 179 123 169
f 187 123 179
f 199 123 187
f 209 123 199
f 221 123 209
f 233 123 221
f 234 124 126
f 125 138 126
f 137 138 125
f 233 137 125
f 126 138 234
f 127 128 129
f 129 128 130
f 129 130 139
f 139 130 140
f 131 144 132
f 143 144 131
f 131 337 143
f 144 156 132
f 133 136 134
f 133 134 145
f 135 136 133
f 145 134 146
f 137 148 138
f 147 148 137
f 233 147 137
f 138 148 234
f 139 140 151
f 151 140 152
f 141 142 143
f 141 154 142
f 143 335 141
f 153 154 141
f 141 333 153
f 141 335 333
f 143 142 144
f 142 156 144
f 154 166 142
f 142 166 156
f 143 337 335
f 145 146 155
f 155 146 156
f 147 150 148
f 149 150 147
f 233 149 147
f 148 150 234
f 149 158 150
f 157 158 149
f 255 157 149
f 255 149 233
f 256 150 158
f 234 150 256
f 151 152 159
f 159 152 160
f 153 162 154
f 161 162 153
f 153 347 161
f 153 333 347
f 162 164 154
f 154 164 166
f 155 156 165
f 165 156 166
f 157 168 158
f 167 168 157
f 255 167 157
f 256 158 168
f 159 160 169
f 169 160 170
f 161 172 162
f 171 172 161
f 161 347 171
f 162 174 164
f 172 174 162
f 163 166 164
f 163 164 173
f 165 166 163
f 173 164 174
f 167 178 168
f 177 178 167
f 261 177 167
f 261 167 255
f 262 168 178
f 256 168 262
f 169 170 179
f 179 170 180
f 171 182 172
f 181 182 171
f 171 343 181
f 171 345 343
f 171 347 345
f 182 174 172
f 173 174 175
f 175 174 176
f 182 176 174
f 175 176 183
f 190 176 182
f 183 176 184
f 190 184 176
f 177 186 178
f 185 186 177
f 185 177 267
f 259 177 261
f 267 177 259
f 268 178 186
f 262 178 260
f 260 178 268
f 179 180 187
f 187 180 188
f 181 190 182
f 189 190 181
f 181 331 189
f 181 343 331
f 183 184 193
f 192 184 190
f 202 184 192
f 193 184 194
f 212 194 184
f 212 184 202
f 185 198 186
f 197 198 185
f 267 197 185
f 268 186 198
f 187 188 199
f 199 188 200
f 189 192 190
f 191 192 189
f 189 329 191
f 189 331 329
f 191 202 192
f 201 202 191
f 191 327 201
f 191 329 327
f 193 194 203
f 203 194 204
f 238 204 194
f 224 194 212
f 236 194 224
f 238 194 236
f 195 196 197
f 195 208 196
f 273 195 197
f 207 208 195
f 207 195 273
f 197 196 198
f 274 198 196
f 274 196 208
f 275 197 267
f 273 197 275
f 268 198 276
f 276 198 274
f 199 200 209
f 209 200 210
f 201 212 202
f 211 212 201
f 201 325 211
f 201 327 325
f 203 204 205
f 205 204 206
f 266 206 204
f 258 204 238
f 264 204 258
f 266 204 264
f 205 206 213
f 213 206 214
f 270 214 206
f 270 206 266
f 207 220 208
f 219 220 207
f 281 219 207
f 283 207 273
f 281 207 283
f 282 208 220
f 274 208 284
f 284 208 282
f 209 210 221
f 221 210 222
f 211 224 212
f 223 224 211
f 211 325 223
f 213 214 215
f 215 341 213
f 215 214 216
f 342 216 214
f 272 214 270
f 278 214 272
f 280 214 278
f 286 214 280
f 288 214 286
f 294 214 288
f 296 214 294
f 302 214 296
f 304 214 302
f 312 214 304
f 314 214 312
f 316 214 314
f 324 214 316
f 326 214 324
f 328 214 326
f 330 214 328
f 332 214 330
f 344 214 332
f 336 214 334
f 334 214 348
f 338 214 336
f 340 214 338
f 342 214 340
f 346 214 344
f 348 214 346
f 215 216 225
f 225 341 215
f 225 216 226
f 226 216 342
f 217 218 219
f 217 232 218
f 281 217 219
f 231 232 217
f 217 291 231
f 291 217 281
f 219 218 220
f 220 218 282
f 292 218 232
f 282 218 292
f 221 222 233
f 233 222 234
f 223 236 224
f 235 236 223
f 223 315 235
f 223 323 315
f 223 325 323
f 225 226 227
f 227 317 225
f 225 317 341
f 227 226 228
f 228 226 318
f 318 226 342
f 227 228 239
f 239 317 227
f 239 228 240
f 318 240 228
f 229 230 231
f 229 254 230
f 231 289 229
f 253 254 229
f 229 297 253
f 229 289 299
f 229 299 297
f 231 230 232
f 232 230 290
f 298 230 254
f 290 230 300
f 300 230 298
f 231 291 289
f 292 232 290
f 233 234 255
f 255 234 256
f 235 238 236
f 237 238 235
f 235 313 237
f 235 315 313
f 237 258 238
f 257 258 237
f 237 313 257
f 239 240 241
f 241 317 239
f 241 240 242
f 242 240 318
f 241 242 243
f 243 319 241
f 241 319 317
f 243 242 244
f 320 244 242
f 320 242 318
f 243 244 245
f 245 319 243
f 245 244 246
f 246 244 320
f 245 246 247
f 247 321 245
f 245 321 319
f 247 246 248
f 248 246 322
f 322 246 320
f 247 248 249
f 249 307 247
f 247 307 305
f 247 305 321
f 249 248 250
f 308 250 248
f 308 248 306
f 306 248 322
f 249 250 251
f 251 307 249
f 251 250 252
f 308 252 250
f 251 252 253
f 253 297 251
f 251 297 309
f 251 309 307
f 253 252 254
f 298 254 252
f 298 252 310
f 310 252 308
f 255 256 261
f 261 256 262
f 257 264 258
f 263 264 257
f 257 311 263
f 257 313 311
f 259 262 260
f 259 260 267
f 261 262 259
f 267 260 268
f 263 266 264
f 265 266 263
f 263 303 265
f 263 311 303
f 265 270 266
f 269 270 265
f 265 303 269
f 267 268 275
f 275 268 276
f 269 272 270
f 271 272 269
f 269 295 271
f 269 301 295
f 269 303 301
f 271 278 272
f 277 278 271
f 271 293 277
f 271 295 293
f 273 276 274
f 273 274 283
f 275 276 273
f 283 274 284
f 277 280 278
f 279 280 277
f 277 287 279
f 277 293 287
f 279 286 280
f 285 286 279
f 279 287 285
f 281 284 282
f 281 282 291
f 283 284 281
f 291 282 292
f 285 288 286
f 287 288 285
f 287 294 288
f 293 294 287
f 289 292 290
f 289 290 299
f 291 292 289
f 299 290 300
f 293 296 294
f 295 296 293
f 295 302 296
f 301 302 295
f 297 300 298
f 297 298 309
f 299 300 297
f 309 298 310
f 301 304 302
f 303 304 301
f 303 312 304
f 311 312 303
f 305 308 306
f 305 306 321
f 307 308 305
f 321 306 322
f 307 310 308
f 309 310 307
f 311 314 312
f 313 314 311
f 313 316 314
f 315 316 313
f 315 324 316
f 323 324 315
f 317 320 318
f 317 318 341
f 319 320 317
f 341 318 342
f 319 322 320
f 321 322 319
f 323 326 324
f 325 326 323
f 325 328 326
f 327 328 325
f 327 330 328
f 329 330 327
f 329 332 330
f 331 332 329
f 331 344 332
f 343 344 331
f 333 336 334
f 333 334 347
f 335 336 333
f 347 334 348
f 335 338 336
f 337 338 335
f 337 340 338
f 339 340 337
f 339 342 340
f 341 342 339
f 343 346 344
f 345 346 343
f 345 348 346
f 347 348 345
f 349 350 351
f 349 364 350
f 447 349 351
f 363 364 349
f 447 363 349
f 351 350 352
f 350 532 352
f 364 542 350
f 350 542 532
f 351 352 353
f 447 351 353
f 353 352 354
f 352 524 354
f 352 532 524
f 353 354 365
f 449 353 365
f 447 353 449
f 365 354 366
f 354 524 366
f 355 356 357
f 355 382 356
f 443 355 357
f 381 382 355
f 443 381 355
f 357 356 358
f 356 576 358
f 382 464 356
f 356 464 466
f 356 466 468
f 356 468 478
f 356 478 592
f 356 592 576
f 357 358 359
f 445 357 359
f 443 357 445
f 359 358 360
f 358 564 360
f 358 578 564
f 358 576 578
f 359 360 361
f 445 359 361
f 361 360 362
f 360 552 362
f 360 564 552
f 361 362 363
f 445 361 363
f 363 362 364
f 362 542 364
f 362 552 542
f 445 363 447
f 365 366 367
f 449 365 367
f 367 366 368
f 366 516 368
f 366 524 516
f 367 368 369
f 449 367 369
f 369 368 370
f 368 506 370
f 368 516 506
f 369 370 371
f 451 369 371
f 449 369 451
f 371 370 372
f 370 496 372
f 370 506 496
f 371 372 373
f 483 371 373
f 451 371 453
f 453 371 463
f 463 371 465
f 465 371 467
f 467 371 477
f 477 371 495
f 495 371 483
f 373 372 374
f 372 484 374
f 372 496 484
f 373 374 375
f 469 373 375
f 481 373 469
f 483 373 481
f 375 374 376
f 374 470 376
f 374 482 470
f 374 484 482
f 375 376 383
f 469 375 383
f 383 376 384
f 376 470 384
f 377 378 379
f 377 392 378
f 441 377 379
f 391 392 377
f 461 391 377
f 461 377 441
f 379 378 380
f 378 448 380
f 392 446 378
f 378 446 448
f 379 380 381
f 441 379 381
f 381 380 382
f 380 450 382
f 380 448 450
f 441 381 443
f 450 452 382
f 452 454 382
f 382 454 464
f 383 384 385
f 455 383 385
f 469 383 455
f 385 384 386
f 384 456 386
f 384 470 456
f 385 386 387
f 433 385 387
f 435 385 433
f 455 385 435
f 387 386 388
f 386 434 388
f 386 436 434
f 386 456 436
f 387 388 393
f 429 387 393
f 433 387 429
f 393 388 394
f 388 434 394
f 389 390 391
f 389 400 390
f 461 389 391
f 399 400 389
f 459 399 389
f 459 389 461
f 391 390 392
f 390 444 392
f 400 444 390
f 392 444 446
f 393 394 395
f 429 393 395
f 395 394 396
f 394 430 396
f 394 434 430
f 395 396 401
f 421 395 401
f 427 395 421
f 429 395 427
f 401 396 402
f 396 422 402
f 396 428 422
f 396 430 428
f 397 398 399
f 397 406 398
f 459 397 399
f 405 406 397
f 459 405 397
f 399 398 400
f 398 442 400
f 406 460 398
f 398 462 442
f 398 460 462
f 400 442 444
f 401 402 403
f 413 401 403
f 415 401 413
f 421 401 415
f 403 402 404
f 402 414 404
f 402 416 414
f 402 422 416
f 403 404 407
f 413 403 407
f 407 404 408
f 404 414 408
f 405 412 406
f 411 412 405
f 473 411 405
f 475 405 459
f 473 405 475
f 412 474 406
f 476 460 406
f 406 474 476
f 407 408 409
f 413 407 409
f 409 408 410
f 408 414 410
f 409 410 413
f 413 410 414
f 411 420 412
f 419 420 411
f 473 419 411
f 420 474 412
f 413 414 415
f 415 414 416
f 415 416 421
f 421 416 422
f 417 418 419
f 417 426 418
f 473 417 419
f 425 426 417
f 491 425 417
f 491 417 473
f 419 418 420
f 418 474 420
f 426 492 418
f 418 492 474
f 421 422 427
f 427 422 428
f 423 424 425
f 423 432 424
f 489 423 425
f 431 432 423
f 489 431 423
f 425 424 426
f 424 490 426
f 432 490 424
f 489 425 491
f 426 490 492
f 427 428 429
f 429 428 430
f 429 430 433
f 433 430 434
f 431 440 432
f 439 440 431
f 499 439 431
f 499 431 489
f 440 500 432
f 432 500 490
f 433 434 435
f 435 434 436
f 435 436 455
f 455 436 456
f 437 438 439
f 437 458 438
f 499 437 439
f 457 458 437
f 499 457 437
f 439 438 440
f 438 500 440
f 458 500 438
f 441 444 442
f 441 442 461
f 443 444 441
f 461 442 462
f 443 446 444
f 445 446 443
f 445 448 446
f 447 448 445
f 447 450 448
f 449 450 447
f 449 452 450
f 451 452 449
f 451 454 452
f 453 454 451
f 453 464 454
f 463 464 453
f 455 456 469
f 469 456 470
f 457 472 458
f 471 472 457
f 457 689 471
f 511 457 499
f 509 457 511
f 519 457 509
f 527 457 519
f 535 457 527
f 537 457 535
f 545 457 537
f 557 457 545
f 559 457 557
f 567 457 559
f 567 691 457
f 691 689 457
f 472 500 458
f 459 462 460
f 459 460 475
f 461 462 459
f 475 460 476
f 463 466 464
f 465 466 463
f 465 468 466
f 467 468 465
f 467 478 468
f 477 478 467
f 469 470 481
f 481 470 482
f 471 488 472
f 487 488 471
f 471 687 487
f 471 689 687
f 488 512 472
f 472 512 500
f 473 476 474
f 473 474 491
f 475 476 473
f 491 474 492
f 477 480 478
f 479 480 477
f 591 479 477
f 505 477 495
f 515 477 505
f 523 477 515
f 531 477 523
f 541 477 531
f 551 477 541
f 563 477 551
f 577 477 563
f 575 477 577
f 591 477 575
f 592 478 480
f 479 494 480
f 493 494 479
f 591 493 479
f 592 480 494
f 481 482 483
f 483 482 484
f 483 484 495
f 495 484 496
f 485 486 487
f 485 498 486
f 487 687 485
f 497 498 485
f 485 685 497
f 485 687 685
f 487 486 488
f 486 512 488
f 498 510 486
f 486 510 512
f 489 492 490
f 489 490 499
f 491 492 489
f 499 490 500
f 493 502 494
f 501 502 493
f 591 501 493
f 592 494 502
f 495 496 505
f 505 496 506
f 497 508 498
f 507 508 497
f 497 683 507
f 497 685 683
f 508 520 498
f 498 520 510
f 499 500 511
f 511 500 512
f 501 504 502
f 503 504 501
f 591 503 501
f 592 502 504
f 503 514 504
f 513 514 503
f 611 513 503
f 611 503 591
f 612 504 514
f 592 504 612
f 505 506 515
f 515 506 516
f 507 518 508
f 517 518 507
f 507 681 517
f 507 683 681
f 518 520 508
f 509 512 510
f 509 510 519
f 511 512 509
f 519 510 520
f 513 522 514
f 521 522 513
f 611 521 513
f 612 514 522
f 515 516 523
f 523 516 524
f 517 526 518
f 525 526 517
f 517 679 525
f 517 681 679
f 518 528 520
f 526 528 518
f 519 520 527
f 527 520 528
f 521 530 522
f 529 530 521
f 615 529 521
f 615 521 611
f 522 530 616
f 612 522 616
f 523 524 531
f 531 524 532
f 525 534 526
f 533 534 525
f 525 677 533
f 525 679 677
f 534 528 526
f 527 528 535
f 544 528 534
f 535 528 536
f 544 536 528
f 529 540 530
f 539 540 529
f 615 539 529
f 616 530 540
f 531 532 541
f 541 532 542
f 533 544 534
f 543 544 533
f 533 675 543
f 533 677 675
f 535 536 537
f 537 536 538
f 544 538 536
f 537 538 545
f 554 538 544
f 545 538 546
f 566 546 538
f 556 538 554
f 566 538 556
f 539 550 540
f 549 550 539
f 623 549 539
f 623 539 615
f 540 550 624
f 616 540 624
f 541 542 551
f 551 542 552
f 543 554 544
f 553 554 543
f 543 673 553
f 543 675 673
f 545 546 557
f 557 546 558
f 596 558 546
f 580 546 566
f 594 546 580
f 596 546 594
f 547 548 549
f 547 562 548
f 629 547 549
f 561 562 547
f 629 561 547
f 549 548 550
f 630 550 548
f 630 548 562
f 621 549 623
f 629 549 621
f 624 550 622
f 622 550 630
f 551 552 563
f 563 552 564
f 553 556 554
f 555 556 553
f 553 673 555
f 555 566 556
f 565 566 555
f 555 671 565
f 555 673 671
f 557 558 559
f 559 558 560
f 620 560 558
f 614 558 596
f 618 558 614
f 620 558 618
f 559 560 567
f 567 560 568
f 626 568 560
f 626 560 620
f 561 574 562
f 573 574 561
f 633 573 561
f 635 561 629
f 633 561 635
f 634 562 574
f 630 562 636
f 636 562 634
f 563 564 577
f 577 564 578
f 565 580 566
f 579 580 565
f 565 669 579
f 565 671 669
f 567 568 569
f 569 691 567
f 569 568 570
f 570 568 692
f 628 568 626
f 632 568 628
f 638 568 632
f 644 568 638
f 646 568 644
f 652 568 646
f 654 568 652
f 660 568 654
f 662 568 660
f 670 568 662
f 672 568 670
f 674 568 672
f 676 568 674
f 678 568 676
f 680 568 678
f 682 568 680
f 684 568 682
f 686 568 684
f 688 568 686
f 690 568 688
f 692 568 690
f 569 570 581
f 581 691 569
f 581 570 582
f 692 582 570
f 571 572 573
f 571 590 572
f 633 571 573
f 589 590 571
f 571 639 589
f 641 571 633
f 571 641 639
f 573 572 574
f 634 574 572
f 640 572 590
f 634 572 642
f 642 572 640
f 575 578 576
f 575 576 591
f 577 578 575
f 591 576 592
f 579 594 580
f 593 594 579
f 579 661 593
f 579 669 661
f 581 582 583
f 583 663 581
f 581 663 691
f 583 582 584
f 664 584 582
f 664 582 692
f 583 584 597
f 597 663 583
f 597 584 598
f 664 598 584
f 585 586 587
f 585 610 586
f 587 647 585
f 609 610 585
f 585 647 609
f 587 586 588
f 648 588 586
f 648 586 610
f 587 588 589
f 589 639 587
f 587 639 649
f 587 649 647
f 589 588 590
f 640 590 588
f 640 588 650
f 650 588 648
f 591 592 611
f 611 592 612
f 593 596 594
f 595 596 593
f 593 661 595
f 595 614 596
f 613 614 595
f 595 659 613
f 595 661 659
f 597 598 599
f 599 663 597
f 599 598 600
f 600 598 664
f 599 600 601
f 601 665 599
f 599 665 663
f 601 600 602
f 602 600 666
f 666 600 664
f 601 602 603
f 603 665 601
f 603 602 604
f 666 604 602
f 603 604 605
f 605 655 603
f 603 655 667
f 603 667 665
f 605 604 606
f 606 604 656
f 656 604 668
f 668 604 666
f 605 606 607
f 607 657 605
f 605 657 655
f 607 606 608
f 608 606 658
f 658 606 656
f 607 608 609
f 609 657 607
f 609 608 610
f 658 610 608
f 609 647 657
f 648 610 658
f 611 612 615
f 615 612 616
f 613 618 614
f 617 618 613
f 613 653 617
f 613 659 653
f 615 616 623
f 623 616 624
f 617 620 618
f 619 620 617
f 617 653 619
f 619 626 620
f 625 626 619
f 619 651 625
f 619 653 651
f 621 624 622
f 621 622 629
f 623 624 621
f 629 622 630
f 625 628 626
f 627 628 625
f 625 645 627
f 625 651 645
f 627 632 628
f 631 632 627
f 627 643 631
f 627 645 643
f 629 630 635
f 635 630 636
f 631 638 632
f 637 638 631
f 631 643 637
f 633 636 634
f 633 634 641
f 635 636 633
f 641 634 642
f 637 644 638
f 643 644 637
f 639 642 640
f 639 640 649
f 641 642 639
f 649 640 650
f 643 646 644
f 645 646 643
f 645 652 646
f 651 652 645
f 647 650 648
f 647 648 657
f 649 650 647
f 657 648 658
f 651 654 652
f 653 654 651
f 653 660 654
f 659 660 653
f 655 658 656
f 655 656 667
f 657 658 655
f 667 656 668
f 659 662 660
f 661 662 659
f 661 670 662
f 669 670 661
f 663 666 664
f 663 664 691
f 665 666 663
f 691 664 692
f 665 668 666
f 667 668 665
f 669 672 670
f 671 672 669
f 671 674 672
f 673 674 671
f 673 676 674
f 675 676 673
f 675 678 676
f 677 678 675
f 677 680 678
f 679 680 677
f 679 682 680
f 681 682 679
f 681 684 682
f 683 684 681
f 683 686 684
f 685 686 683
f 685 688 686
f 687 688 685
f 687 690 688
f 689 690 687
f 689 692 690
f 691 692 689
f 693 694 695
f 693 716 694
f 781 693 695
f 715 716 693
f 781 715 693
f 695 694 696
f 694 906 696
f 716 906 694
f 695 696 697
f 783 695 697
f 781 695 783
f 697 696 698
f 696 886 698
f 696 894 886
f 696 906 894
f 697 698 699
f 783 697 699
f 699 698 700
f 698 876 700
f 698 886 876
f 699 700 701
f 785 699 701
f 783 699 785
f 701 700 702
f 700 876 702
f 701 702 703
f 785 701 703
f 703 702 704
f 702 858 704
f 702 866 858
f 702 876 866
f 703 704 705
f 787 703 705
f 785 703 787
f 705 704 706
f 704 858 706
f 705 706 707
f 787 705 707
f 707 706 708
f 706 840 708
f 706 850 840
f 706 858 850
f 707 708 709
f 831 707 709
f 787 707 789
f 789 707 801
f 801 707 803
f 803 707 805
f 805 707 815
f 815 707 817
f 817 707 839
f 839 707 831
f 709 708 710
f 708 832 710
f 708 840 832
f 709 710 717
f 831 709 717
f 717 710 718
f 710 832 718
f 711 712 713
f 711 730 712
f 797 711 713
f 729 730 711
f 797 729 711
f 713 712 714
f 712 788 714
f 730 786 712
f 712 786 788
f 713 714 715
f 799 713 715
f 797 713 799
f 715 714 716
f 714 816 716
f 714 788 790
f 714 790 802
f 714 802 804
f 714 804 806
f 714 806 816
f 799 715 781
f 716 816 818
f 716 818 918
f 716 918 906
f 717 718 719
f 819 717 719
f 831 717 819
f 719 718 720
f 718 832 720
f 719 720 721
f 807 719 721
f 819 719 807
f 721 720 722
f 720 808 722
f 720 820 808
f 720 832 820
f 721 722 723
f 791 721 723
f 807 721 791
f 723 722 724
f 722 792 724
f 722 808 792
f 723 724 731
f 791 723 731
f 731 724 732
f 724 792 732
f 725 726 727
f 725 738 726
f 795 725 727
f 737 738 725
f 795 737 725
f 727 726 728
f 726 782 728
f 738 782 726
f 727 728 729
f 797 727 729
f 795 727 797
f 729 728 730
f 728 786 730
f 728 782 784
f 728 784 786
f 731 732 733
f 775 731 733
f 791 731 775
f 733 732 734
f 732 776 734
f 732 792 776
f 733 734 739
f 771 733 739
f 775 733 771
f 739 734 740
f 734 772 740
f 734 776 772
f 735 736 737
f 735 746 736
f 795 735 737
f 745 746 735
f 813 745 735
f 813 735 795
f 737 736 738
f 736 798 738
f 746 796 736
f 736 796 798
f 738 800 782
f 798 800 738
f 739 740 741
f 763 739 741
f 765 739 763
f 771 739 765
f 741 740 742
f 740 766 742
f 740 772 766
f 741 742 747
f 763 741 747
f 747 742 748
f 742 764 748
f 742 766 764
f 743 744 745
f 743 754 744
f 811 743 745
f 753 754 743
f 811 753 743
f 745 744 746
f 744 796 746
f 754 812 744
f 744 814 796
f 744 812 814
f 811 745 813
f 747 748 749
f 757 747 749
f 763 747 757
f 749 748 750
f 748 758 750
f 748 764 758
f 749 750 755
f 757 749 755
f 755 750 756
f 750 758 756
f 751 752 753
f 751 762 752
f 811 751 753
f 761 762 751
f 825 761 751
f 825 751 811
f 753 752 754
f 752 812 754
f 762 824 752
f 826 812 752
f 752 824 826
f 755 756 757
f 757 756 758
f 757 758 763
f 763 758 764
f 759 760 761
f 759 770 760
f 825 759 761
f 769 770 759
f 823 769 759
f 823 759 825
f 761 760 762
f 760 824 762
f 770 824 760
f 763 764 765
f 765 764 766
f 765 766 771
f 771 766 772
f 767 768 769
f 767 774 768
f 823 767 769
f 773 774 767
f 823 773 767
f 769 768 770
f 768 824 770
f 774 824 768
f 771 772 775
f 775 772 776
f 773 780 774
f 779 780 773
f 835 779 773
f 835 773 823
f 780 836 774
f 774 836 824
f 775 776 791
f 791 776 792
f 777 778 779
f 777 794 778
f 835 777 779
f 793 794 777
f 835 793 777
f 779 778 780
f 778 836 780
f 794 836 778
f 781 784 782
f 781 782 799
f 783 784 781
f 799 782 800
f 783 786 784
f 785 786 783
f 785 788 786
f 787 788 785
f 787 790 788
f 789 790 787
f 789 802 790
f 801 802 789
f 791 792 807
f 807 792 808
f 793 810 794
f 809 810 793
f 843 809 793
f 845 793 835
f 843 793 845
f 810 844 794
f 794 846 836
f 794 844 846
f 795 798 796
f 795 796 813
f 797 798 795
f 813 796 814
f 797 800 798
f 799 800 797
f 801 804 802
f 803 804 801
f 803 806 804
f 805 806 803
f 805 816 806
f 815 816 805
f 807 808 819
f 819 808 820
f 809 822 810
f 821 822 809
f 809 1017 821
f 853 809 843
f 861 809 853
f 869 809 861
f 879 809 869
f 881 809 879
f 889 809 881
f 897 809 889
f 899 809 897
f 909 809 899
f 909 1017 809
f 822 844 810
f 811 814 812
f 811 812 825
f 813 814 811
f 825 812 826
f 815 818 816
f 817 818 815
f 817 828 818
f 827 828 817
f 917 827 817
f 849 817 839
f 857 817 849
f 865 817 857
f 875 817 865
f 885 817 875
f 893 817 885
f 905 817 893
f 917 817 905
f 918 818 828
f 819 820 831
f 831 820 832
f 821 834 822
f 833 834 821
f 821 1035 833
f 821 1017 1015
f 821 1015 1035
f 834 854 822
f 822 854 844
f 823 826 824
f 823 824 835
f 825 826 823
f 835 824 836
f 827 830 828
f 829 830 827
f 829 827 917
f 918 828 830
f 829 838 830
f 837 838 829
f 917 837 829
f 830 838 918
f 831 832 839
f 839 832 840
f 833 842 834
f 841 842 833
f 833 1033 841
f 833 1035 1033
f 842 854 834
f 835 836 845
f 845 836 846
f 837 848 838
f 847 848 837
f 935 847 837
f 935 837 917
f 936 838 848
f 918 838 936
f 839 840 849
f 849 840 850
f 841 852 842
f 851 852 841
f 841 1033 851
f 852 854 842
f 843 846 844
f 843 844 853
f 845 846 843
f 853 844 854
f 847 856 848
f 855 856 847
f 933 855 847
f 933 847 935
f 934 848 856
f 936 848 934
f 849 850 857
f 857 850 858
f 851 860 852
f 859 860 851
f 851 1029 859
f 851 1031 1029
f 851 1033 1031
f 852 862 854
f 860 862 852
f 853 854 861
f 861 854 862
f 855 864 856
f 863 864 855
f 951 863 855
f 951 855 933
f 952 856 864
f 934 856 952
f 857 858 865
f 865 858 866
f 859 868 860
f 867 868 859
f 859 1029 867
f 868 862 860
f 861 862 869
f 868 870 862
f 869 862 870
f 863 874 864
f 873 874 863
f 873 863 957
f 957 863 951
f 958 864 874
f 952 864 958
f 865 866 875
f 875 866 876
f 867 878 868
f 877 878 867
f 867 1025 877
f 867 1027 1025
f 867 1029 1027
f 878 870 868
f 869 870 879
f 888 870 878
f 879 870 880
f 896 880 870
f 896 870 888
f 871 872 873
f 871 884 872
f 957 871 873
f 883 884 871
f 955 883 871
f 955 871 957
f 873 872 874
f 874 872 958
f 956 872 884
f 958 872 956
f 875 876 885
f 885 876 886
f 877 888 878
f 887 888 877
f 877 1023 887
f 877 1025 1023
f 879 880 881
f 881 880 882
f 908 882 880
f 908 880 896
f 881 882 889
f 889 882 890
f 920 890 882
f 920 882 908
f 883 892 884
f 891 892 883
f 963 891 883
f 963 883 955
f 884 892 964
f 956 884 964
f 885 886 893
f 893 886 894
f 887 896 888
f 895 896 887
f 887 1023 895
f 889 890 897
f 897 890 898
f 954 898 890
f 938 890 920
f 940 890 938
f 954 890 940
f 891 904 892
f 903 904 891
f 969 903 891
f 971 891 963
f 969 891 971
f 970 892 904
f 964 892 972
f 972 892 970
f 893 894 905
f 905 894 906
f 895 908 896
f 907 908 895
f 895 1011 907
f 895 1013 1011
f 895 1021 1013
f 895 1023 1021
f 897 898 899
f 899 898 900
f 966 900 898
f 960 898 954
f 962 898 960
f 966 898 962
f 899 900 909
f 909 900 910
f 974 910 900
f 968 900 966
f 974 900 968
f 901 902 903
f 901 916 902
f 969 901 903
f 915 916 901
f 977 915 901
f 979 901 969
f 977 901 979
f 903 902 904
f 970 904 902
f 978 902 916
f 970 902 980
f 980 902 978
f 905 906 917
f 917 906 918
f 907 920 908
f 919 920 907
f 907 1009 919
f 907 1011 1009
f 909 910 911
f 911 1017 909
f 911 910 912
f 1018 912 910
f 976 910 974
f 982 910 976
f 984 910 982
f 990 910 984
f 992 910 990
f 998 910 992
f 1000 910 998
f 1002 910 1000
f 1008 910 1002
f 1010 910 1008
f 1012 910 1010
f 1014 910 1012
f 1022 910 1014
f 1018 910 1016
f 1016 910 1036
f 1024 910 1022
f 1026 910 1024
f 1028 910 1026
f 1030 910 1028
f 1032 910 1030
f 1034 910 1032
f 1036 910 1034
f 911 912 921
f 921 1019 911
f 911 1019 1017
f 921 912 922
f 1020 922 912
f 1020 912 1018
f 913 914 915
f 913 932 914
f 915 977 913
f 931 932 913
f 913 985 931
f 913 977 987
f 913 987 985
f 915 914 916
f 978 916 914
f 986 914 932
f 978 914 988
f 988 914 986
f 917 918 935
f 935 918 936
f 919 938 920
f 937 938 919
f 919 1007 937
f 919 1009 1007
f 921 922 923
f 923 1019 921
f 923 922 924
f 1020 924 922
f 923 924 925
f 925 1019 923
f 925 924 926
f 1020 926 924
f 925 926 941
f 941 1019 925
f 941 926 942
f 1020 942 926
f 927 928 929
f 927 950 928
f 929 993 927
f 949 950 927
f 927 993 949
f 929 928 930
f 994 930 928
f 994 928 950
f 929 930 931
f 931 985 929
f 929 985 995
f 929 995 993
f 931 930 932
f 986 932 930
f 986 930 996
f 996 930 994
f 933 936 934
f 933 934 951
f 935 936 933
f 951 934 952
f 937 940 938
f 939 940 937
f 937 1001 939
f 937 1007 1001
f 939 954 940
f 953 954 939
f 939 999 953
f 939 1001 999
f 941 942 943
f 943 1003 941
f 941 1003 1019
f 943 942 944
f 1004 944 942
f 1004 942 1020
f 943 944 945
f 945 1003 943
f 945 944 946
f 946 944 1004
f 945 946 947
f 947 1005 945
f 945 1005 1003
f 947 946 948
f 948 946 1006
f 1006 946 1004
f 947 948 949
f 949 1005 947
f 949 948 950
f 1006 950 948
f 949 993 1005
f 994 950 1006
f 951 952 957
f 957 952 958
f 953 960 954
f 959 960 953
f 953 997 959
f 953 999 997
f 955 958 956
f 955 956 963
f 957 958 955
f 963 956 964
f 959 962 960
f 961 962 959
f 959 991 961
f 959 997 991
f 961 966 962
f 965 966 961
f 961 989 965
f 961 991 989
f 963 964 971
f 971 964 972
f 965 968 966
f 967 968 965
f 965 983 967
f 965 989 983
f 967 974 968
f 973 974 967
f 967 981 973
f 967 983 981
f 969 972 970
f 969 970 979
f 971 972 969
f 979 970 980
f 973 976 974
f 975 976 973
f 973 981 975
f 975 982 976
f 981 982 975
f 977 980 978
f 977 978 987
f 979 980 977
f 987 978 988
f 981 984 982
f 983 984 981
f 983 990 984
f 989 990 983
f 985 988 986
f 985 986 995
f 987 988 985
f 995 986 996
f 989 992 990
f 991 992 989
f 991 998 992
f 997 998 991
f 993 996 994
f 993 994 1005
f 995 996 993
f 1005 994 1006
f 997 1000 998
f 999 1000 997
f 999 1002 1000
f 1001 1002 999
f 1001 1008 1002
f 1007 1008 1001
f 1003 1006 1004
f 1003 1004 1019
f 1005 1006 1003
f 1019 1004 1020
f 1007 1010 1008
f 1009 1010 1007
f 1009 1012 1010
f 1011 1012 1009
f 1011 1014 1012
f 1013 1014 1011
f 1013 1022 1014
f 1021 1022 1013
f 1015 1018 1016
f 1015 1016 1035
f 1017 1018 1015
f 1035 1016 1036
f 1017 1020 1018
f 1019 1020 1017
f 1021 1024 1022
f 1023 1024 1021
f 1023 1026 1024
f 1025 1026 1023
f 1025 1028 1026
f 1027 1028 1025
f 1027 1030 1028
f 1029 1030 1027
f 1029 1032 1030
f 1031 1032 1029
f 1031 1034 1032
f 1033 1034 1031
f 1033 1036 1034
f 1035 1036 1033
f 1037 1038 1039
f 1037 1062 1038
f 1129 1037 1039
f 1061 1062 1037
f 1129 1061 1037
f 1039 1038 1040
f 1038 1256 1040
f 1062 1270 1038
f 1038 1270 1256
f 1039 1040 1041
f 1129 1039 1041
f 1041 1040 1042
f 1040 1244 1042
f 1040 1256 1244
f 1041 1042 1043
f 1131 1041 1043
f 1129 1041 1131
f 1043 1042 1044
f 1042 1236 1044
f 1042 1246 1236
f 1042 1244 1246
f 1043 1044 1045
f 1131 1043 1045
f 1045 1044 1046
f 1044 1228 1046
f 1044 1236 1228
f 1045 1046 1047
f 1133 1045 1047
f 1131 1045 1133
f 1047 1046 1048
f 1046 1218 1048
f 1046 1228 1218
f 1047 1048 1049
f 1133 1047 1049
f 1049 1048 1050
f 1048 1210 1050
f 1048 1218 1210
f 1049 1050 1051
f 1135 1049 1051
f 1133 1049 1135
f 1051 1050 1052
f 1050 1200 1052
f 1050 1210 1200
f 1051 1052 1053
f 1135 1051 1053
f 1053 1052 1054
f 1052 1192 1054
f 1052 1200 1192
f 1053 1054 1055
f 1179 1053 1055
f 1135 1053 1137
f 1137 1053 1147
f 1147 1053 1149
f 1149 1053 1151
f 1151 1053 1163
f 1163 1053 1165
f 1165 1053 1189
f 1189 1053 1179
f 1055 1054 1056
f 1054 1180 1056
f 1054 1190 1180
f 1054 1192 1190
f 1055 1056 1063
f 1167 1055 1063
f 1179 1055 1167
f 1063 1056 1064
f 1056 1168 1064
f 1056 1180 1168
f 1057 1058 1059
f 1057 1076 1058
f 1145 1057 1059
f 1075 1076 1057
f 1145 1075 1057
f 1059 1058 1060
f 1058 1136 1060
f 1076 1134 1058
f 1058 1134 1136
f 1059 1060 1061
f 1129 1059 1061
f 1127 1059 1129
f 1145 1059 1127
f 1061 1060 1062
f 1060 1164 1062
f 1060 1136 1138
f 1060 1138 1148
f 1060 1148 1150
f 1060 1150 1152
f 1152 1164 1060
f 1062 1164 1166
f 1062 1166 1270
f 1063 1064 1065
f 1167 1063 1065
f 1065 1064 1066
f 1064 1168 1066
f 1065 1066 1067
f 1153 1065 1067
f 1167 1065 1153
f 1067 1066 1068
f 1066 1154 1068
f 1066 1168 1154
f 1067 1068 1069
f 1139 1067 1069
f 1153 1067 1139
f 1069 1068 1070
f 1068 1140 1070
f 1068 1154 1140
f 1069 1070 1077
f 1139 1069 1077
f 1077 1070 1078
f 1070 1140 1078
f 1071 1072 1073
f 1071 1086 1072
f 1143 1071 1073
f 1085 1086 1071
f 1143 1085 1071
f 1073 1072 1074
f 1072 1130 1074
f 1086 1130 1072
f 1073 1074 1075
f 1145 1073 1075
f 1143 1073 1145
f 1075 1074 1076
f 1074 1134 1076
f 1130 1132 1074
f 1074 1132 1134
f 1077 1078 1079
f 1121 1077 1079
f 1139 1077 1121
f 1079 1078 1080
f 1078 1122 1080
f 1078 1140 1122
f 1079 1080 1081
f 1117 1079 1081
f 1121 1079 1117
f 1081 1080 1082
f 1080 1118 1082
f 1080 1122 1118
f 1081 1082 1087
f 1117 1081 1087
f 1087 1082 1088
f 1082 1118 1088
f 1083 1084 1085
f 1083 1094 1084
f 1143 1083 1085
f 1093 1094 1083
f 1161 1093 1083
f 1161 1083 1143
f 1085 1084 1086
f 1084 1146 1086
f 1094 1144 1084
f 1084 1144 1146
f 1086 1128 1130
f 1146 1128 1086
f 1087 1088 1089
f 1109 1087 1089
f 1111 1087 1109
f 1117 1087 1111
f 1089 1088 1090
f 1088 1112 1090
f 1088 1118 1112
f 1089 1090 1095
f 1109 1089 1095
f 1095 1090 1096
f 1090 1110 1096
f 1090 1112 1110
f 1091 1092 1093
f 1091 1100 1092
f 1159 1091 1093
f 1099 1100 1091
f 1159 1099 1091
f 1093 1092 1094
f 1092 1144 1094
f 1100 1160 1092
f 1162 1144 1092
f 1092 1160 1162
f 1159 1093 1161
f 1095 1096 1097
f 1101 1095 1097
f 1103 1095 1101
f 1109 1095 1103
f 1097 1096 1098
f 1096 1104 1098
f 1096 1110 1104
f 1097 1098 1101
f 1101 1098 1102
f 1098 1104 1102
f 1099 1108 1100
f 1107 1108 1099
f 1159 1107 1099
f 1108 1172 1100
f 1100 1174 1160
f 1100 1172 1174
f 1101 1102 1103
f 1103 1102 1104
f 1103 1104 1109
f 1109 1104 1110
f 1105 1106 1107
f 1105 1116 1106
f 1173 1105 1107
f 1115 1116 1105
f 1171 1115 1105
f 1171 1105 1173
f 1107 1106 1108
f 1106 1172 1108
f 1116 1172 1106
f 1173 1107 1159
f 1109 1110 1111
f 1111 1110 1112
f 1111 1112 1117
f 1117 1112 1118
f 1113 1114 1115
f 1113 1120 1114
f 1171 1113 1115
f 1119 1120 1113
f 1171 1119 1113
f 1115 1114 1116
f 1114 1172 1116
f 1120 1172 1114
f 1117 1118 1121
f 1121 1118 1122
f 1119 1126 1120
f 1125 1126 1119
f 1185 1125 1119
f 1185 1119 1171
f 1126 1186 1120
f 1120 1186 1172
f 1121 1122 1139
f 1139 1122 1140
f 1123 1124 1125
f 1123 1142 1124
f 1185 1123 1125
f 1141 1142 1123
f 1185 1141 1123
f 1125 1124 1126
f 1124 1186 1126
f 1142 1186 1124
f 1127 1130 1128
f 1127 1128 1145
f 1129 1130 1127
f 1145 1128 1146
f 1129 1132 1130
f 1131 1132 1129
f 1131 1134 1132
f 1133 1134 1131
f 1133 1136 1134
f 1135 1136 1133
f 1135 1138 1136
f 1137 1138 1135
f 1137 1148 1138
f 1147 1148 1137
f 1139 1140 1153
f 1153 1140 1154
f 1141 1158 1142
f 1157 1158 1141
f 1195 1157 1141
f 1183 1141 1185
f 1195 1141 1183
f 1158 1196 1142
f 1142 1184 1186
f 1142 1196 1184
f 1143 1146 1144
f 1143 1144 1161
f 1145 1146 1143
f 1161 1144 1162
f 1147 1150 1148
f 1149 1150 1147
f 1149 1152 1150
f 1151 1152 1149
f 1151 1164 1152
f 1163 1164 1151
f 1153 1154 1167
f 1167 1154 1168
f 1155 1156 1157
f 1155 1170 1156
f 1157 1367 1155
f 1169 1170 1155
f 1155 1365 1169
f 1155 1367 1365
f 1157 1156 1158
f 1156 1196 1158
f 1170 1196 1156
f 1203 1157 1195
f 1213 1157 1203
f 1221 1157 1213
f 1231 1157 1221
f 1239 1157 1231
f 1249 1157 1239
f 1251 1157 1249
f 1261 1157 1251
f 1261 1367 1157
f 1159 1162 1160
f 1159 1160 1173
f 1161 1162 1159
f 1173 1160 1174
f 1163 1166 1164
f 1165 1166 1163
f 1165 1176 1166
f 1175 1176 1165
f 1269 1175 1165
f 1191 1165 1189
f 1199 1165 1191
f 1209 1165 1199
f 1217 1165 1209
f 1227 1165 1217
f 1235 1165 1227
f 1245 1165 1235
f 1243 1165 1245
f 1255 1165 1243
f 1269 1165 1255
f 1270 1166 1176
f 1167 1168 1179
f 1179 1168 1180
f 1169 1182 1170
f 1181 1182 1169
f 1169 1363 1181
f 1169 1365 1363
f 1182 1196 1170
f 1171 1174 1172
f 1171 1172 1185
f 1173 1174 1171
f 1185 1172 1186
f 1175 1178 1176
f 1177 1178 1175
f 1269 1177 1175
f 1270 1176 1178
f 1177 1188 1178
f 1187 1188 1177
f 1269 1187 1177
f 1270 1178 1188
f 1179 1180 1189
f 1189 1180 1190
f 1181 1194 1182
f 1193 1194 1181
f 1181 1383 1193
f 1181 1363 1385
f 1181 1385 1383
f 1194 1204 1182
f 1182 1204 1196
f 1183 1186 1184
f 1183 1184 1195
f 1185 1186 1183
f 1195 1184 1196
f 1187 1198 1188
f 1197 1198 1187
f 1289 1197 1187
f 1289 1187 1269
f 1290 1188 1198
f 1270 1188 1290
f 1189 1190 1191
f 1191 1190 1192
f 1191 1192 1199
f 1199 1192 1200
f 1193 1202 1194
f 1201 1202 1193
f 1193 1381 1201
f 1193 1383 1381
f 1202 1204 1194
f 1195 1196 1203
f 1203 1196 1204
f 1197 1206 1198
f 1205 1206 1197
f 1205 1197 1287
f 1287 1197 1289
f 1288 1198 1206
f 1290 1198 1288
f 1199 1200 1209
f 1209 1200 1210
f 1201 1212 1202
f 1211 1212 1201
f 1201 1379 1211
f 1201 1381 1379
f 1202 1214 1204
f 1212 1214 1202
f 1203 1204 1213
f 1213 1204 1214
f 1205 1208 1206
f 1207 1208 1205
f 1287 1207 1205
f 1288 1206 1208
f 1207 1216 1208
f 1215 1216 1207
f 1303 1215 1207
f 1303 1207 1287
f 1304 1208 1216
f 1288 1208 1304
f 1209 1210 1217
f 1217 1210 1218
f 1211 1220 1212
f 1219 1220 1211
f 1211 1377 1219
f 1211 1379 1377
f 1220 1214 1212
f 1213 1214 1221
f 1220 1222 1214
f 1221 1214 1222
f 1215 1226 1216
f 1225 1226 1215
f 1309 1225 1215
f 1309 1215 1303
f 1310 1216 1226
f 1304 1216 1310
f 1217 1218 1227
f 1227 1218 1228
f 1219 1230 1220
f 1229 1230 1219
f 1219 1375 1229
f 1219 1377 1375
f 1230 1222 1220
f 1221 1222 1231
f 1238 1222 1230
f 1231 1222 1232
f 1238 1232 1222
f 1223 1224 1225
f 1223 1234 1224
f 1309 1223 1225
f 1233 1234 1223
f 1307 1233 1223
f 1307 1223 1309
f 1225 1224 1226
f 1226 1224 1310
f 1308 1224 1234
f 1310 1224 1308
f 1227 1228 1235
f 1235 1228 1236
f 1229 1238 1230
f 1237 1238 1229
f 1229 1373 1237
f 1229 1375 1373
f 1231 1232 1239
f 1248 1232 1238
f 1239 1232 1240
f 1272 1240 1232
f 1258 1232 1248
f 1260 1232 1258
f 1272 1232 1260
f 1233 1242 1234
f 1241 1242 1233
f 1315 1241 1233
f 1315 1233 1307
f 1234 1242 1316
f 1308 1234 1316
f 1235 1236 1245
f 1245 1236 1246
f 1237 1248 1238
f 1247 1248 1237
f 1237 1361 1247
f 1237 1371 1361
f 1237 1373 1371
f 1239 1240 1249
f 1249 1240 1250
f 1306 1250 1240
f 1292 1240 1272
f 1294 1240 1292
f 1306 1240 1294
f 1241 1254 1242
f 1253 1254 1241
f 1321 1253 1241
f 1321 1241 1315
f 1242 1254 1322
f 1316 1242 1322
f 1243 1246 1244
f 1243 1244 1255
f 1245 1246 1243
f 1255 1244 1256
f 1247 1258 1248
f 1257 1258 1247
f 1247 1359 1257
f 1247 1361 1359
f 1249 1250 1251
f 1251 1250 1252
f 1318 1252 1250
f 1312 1250 1306
f 1314 1250 1312
f 1318 1250 1314
f 1251 1252 1261
f 1261 1252 1262
f 1324 1262 1252
f 1320 1252 1318
f 1324 1252 1320
f 1253 1268 1254
f 1267 1268 1253
f 1327 1267 1253
f 1329 1253 1321
f 1327 1253 1329
f 1328 1254 1268
f 1322 1254 1330
f 1330 1254 1328
f 1255 1256 1269
f 1269 1256 1270
f 1257 1260 1258
f 1259 1260 1257
f 1257 1359 1259
f 1259 1272 1260
f 1271 1272 1259
f 1259 1357 1271
f 1259 1359 1357
f 1261 1262 1263
f 1263 1367 1261
f 1263 1262 1264
f 1368 1264 1262
f 1326 1262 1324
f 1332 1262 1326
f 1334 1262 1332
f 1340 1262 1334
f 1342 1262 1340
f 1348 1262 1342
f 1350 1262 1348
f 1358 1262 1350
f 1360 1262 1358
f 1362 1262 1360
f 1372 1262 1362
f 1366 1262 1364
f 1364 1262 1386
f 1368 1262 1366
f 1374 1262 1372
f 1376 1262 1374
f 1378 1262 1376
f 1380 1262 1378
f 1382 1262 1380
f 1384 1262 1382
f 1386 1262 1384
f 1263 1264 1273
f 1273 1369 1263
f 1263 1369 1367
f 1273 1264 1274
f 1370 1274 1264
f 1370 1264 1368
f 1265 1266 1267
f 1265 1286 1266
f 1267 1327 1265
f 1285 1286 1265
f 1265 1335 1285
f 1265 1327 1337
f 1265 1337 1335
f 1267 1266 1268
f 1328 1268 1266
f 1336 1266 1286
f 1328 1266 1338
f 1338 1266 1336
f 1269 1270 1289
f 1289 1270 1290
f 1271 1292 1272
f 1291 1292 1271
f 1271 1349 1291
f 1271 1357 1349
f 1273 1274 1275
f 1275 1369 1273
f 1275 1274 1276
f 1370 1276 1274
f 1275 1276 1277
f 1277 1369 1275
f 1277 1276 1278
f 1370 1278 1276
f 1277 1278 1295
f 1295 1351 1277
f 1277 1351 1369
f 1295 1278 1296
f 1352 1296 1278
f 1352 1278 1370
f 1279 1280 1281
f 1279 1302 1280
f 1281 1345 1279
f 1301 1302 1279
f 1279 1343 1301
f 1279 1345 1343
f 1281 1280 1282
f 1346 1282 1280
f 1344 1280 1302
f 1346 1280 1344
f 1281 1282 1283
f 1283 1345 1281
f 1283 1282 1284
f 1346 1284 1282
f 1283 1284 1285
f 1285 1335 1283
f 1283 1335 1345
f 1285 1284 1286
f 1336 1286 1284
f 1336 1284 1346
f 1287 1290 1288
f 1287 1288 1303
f 1289 1290 1287
f 1303 1288 1304
f 1291 1294 1292
f 1293 1294 1291
f 1291 1349 1293
f 1293 1306 1294
f 1305 1306 1293
f 1293 1347 1305
f 1293 1349 1347
f 1295 1296 1297
f 1297 1353 1295
f 1295 1353 1351
f 1297 1296 1298
f 1298 1296 1354
f 1354 1296 1352
f 1297 1298 1299
f 1299 1353 1297
f 1299 1298 1300
f 1354 1300 1298
f 1299 1300 1301
f 1301 1355 1299
f 1299 1355 1353
f 1301 1300 1302
f 1302 1300 1356
f 1356 1300 1354
f 1301 1343 1355
f 1344 1302 1356
f 1303 1304 1309
f 1309 1304 1310
f 1305 1312 1306
f 1311 1312 1305
f 1305 1341 1311
f 1305 1347 1341
f 1307 1310 1308
f 1307 1308 1315
f 1309 1310 1307
f 1315 1308 1316
f 1311 1314 1312
f 1313 1314 1311
f 1311 1341 1313
f 1313 1318 1314
f 1317 1318 1313
f 1313 1339 1317
f 1313 1341 1339
f 1315 1316 1321
f 1321 1316 1322
f 1317 1320 1318
f 1319 1320 1317
f 1317 1333 1319
f 1317 1339 1333
f 1319 1324 1320
f 1323 1324 1319
f 1319 1331 1323
f 1319 1333 1331
f 1321 1322 1329
f 1329 1322 1330
f 1323 1326 1324
f 1325 1326 1323
f 1323 1331 1325
f 1325 1332 1326
f 1331 1332 1325
f 1327 1330 1328
f 1327 1328 1337
f 1329 1330 1327
f 1337 1328 1338
f 1331 1334 1332
f 1333 1334 1331
f 1333 1340 1334
f 1339 1340 1333
f 1335 1338 1336
f 1335 1336 1345
f 1337 1338 1335
f 1345 1336 1346
f 1339 1342 1340
f 1341 1342 1339
f 1341 1348 1342
f 1347 1348 1341
f 1343 1346 1344
f 1343 1344 1355
f 1345 1346 1343
f 1355 1344 1356
f 1347 1350 1348
f 1349 1350 1347
f 1349 1358 1350
f 1357 1358 1349
f 1351 1354 1352
f 1351 1352 1369
f 1353 1354 1351
f 1369 1352 1370
f 1353 1356 1354
f 1355 1356 1353
f 1357 1360 1358
f 1359 1360 1357
f 1359 1362 1360
f 1361 1362 1359
f 1361 1372 1362
f 1371 1372 1361
f 1363 1366 1364
f 1363 1364 1385
f 1365 1366 1363
f 1385 1364 1386
f 1365 1368 1366
f 1367 1368 1365
f 1367 1370 1368
f 1369 1370 1367
f 1371 1374 1372
f 1373 1374 1371
f 1373 1376 1374
f 1375 1376 1373
f 1375 1378 1376
f 1377 1378 1375
f 1377 1380 1378
f 1379 1380 1377
f 1379 1382 1380
f 1381 1382 1379
f 1381 1384 1382
f 1383 1384 1381
f 1383 1386 1384
f 1385 1386 1383
f 1387 1388 1389
f 1387 1418 1388
f 1389 1579 1387
f 1417 1418 1387
f 1387 1577 1417
f 1387 1579 1577
f 1389 1388 1390
f 1388 1580 1390
f 1418 1578 1388
f 1388 1578 1580
f 1389 1390 1391
f 1391 1581 1389
f 1389 1581 1579
f 1391 1390 1392
f 1390 1582 1392
f 1390 1580 1582
f 1391 1392 1393
f 1393 1583 1391
f 1391 1583 1581
f 1393 1392 1394
f 1392 1584 1394
f 1392 1582 1584
f 1393 1394 1395
f 1395 1585 1393
f 1393 1585 1583
f 1395 1394 1396
f 1394 2080 1396
f 1394 1584 1586
f 1394 1586 1588
f 1394 1588 1590
f 1394 1590 1592
f 1592 1594 1394
f 1394 1594 1596
f 1394 1596 1598
f 1598 1616 1394
f 1394 1616 1618
f 1618 1620 1394
f 1394 1620 1622
f 1394 1622 1624
f 1624 1626 1394
f 1394 1626 1638
f 1638 1640 1394
f 1394 1640 1642
f 1394 1642 1654
f 1654 1656 1394
f 1394 1656 1658
f 1394 1658 1670
f 1670 1672 1394
f 1394 1672 1674
f 1394 1674 1684
f 1684 1686 1394
f 1394 1686 1698
f 1698 1700 1394
f 1394 1700 1702
f 1394 1702 1712
f 1394 1712 1722
f 1394 1722 1724
f 1724 1734 1394
f 1394 1734 1736
f 1394 1736 1746
f 1746 1748 1394
f 1394 1748 1758
f 1394 1758 1760
f 1760 1768 1394
f 1394 1768 1776
f 1776 1784 1394
f 1394 1784 1792
f 1394 1792 2080
f 1395 1396 1397
f 1397 1587 1395
f 1395 1587 1585
f 1397 1396 1398
f 1396 2072 1398
f 1396 2080 2072
f 1397 1398 1399
f 1399 1587 1397
f 1399 1398 1400
f 1398 2060 1400
f 1398 2072 2060
f 1399 1400 1401
f 1401 1589 1399
f 1399 1589 1587
f 1401 1400 1402
f 1400 2052 1402
f 1400 2060 2052
f 1401 1402 1403
f 1403 1591 1401
f 1401 1591 1589
f 1403 1402 1404
f 1402 2044 1404
f 1402 2052 2044
f 1403 1404 1405
f 1405 1593 1403
f 1403 1593 1591
f 1405 1404 1406
f 1404 2032 1406
f 1404 2044 2032
f 1405 1406 1407
f 1407 1595 1405
f 1405 1595 1593
f 1407 1406 1408
f 1406 2024 1408
f 1406 2032 2024
f 1407 1408 1419
f 1419 1597 1407
f 1407 1597 1595
f 1419 1408 1420
f 1408 2016 1420
f 1408 2024 2016
f 1409 1410 1411
f 1409 1436 1410
f 1411 1611 1409
f 1435 1436 1409
f 1409 1609 1435
f 1409 1611 1609
f 1411 1410 1412
f 1410 1612 1412
f 1436 1610 1410
f 1410 1610 1612
f 1411 1412 1413
f 1413 1613 1411
f 1411 1613 1611
f 1413 1412 1414
f 1412 1614 1414
f 1412 1612 1614
f 1413 1414 1415
f 1415 1613 1413
f 1415 1414 1416
f 1414 1614 1416
f 1415 1416 1417
f 1417 1575 1415
f 1415 1575 1613
f 1417 1416 1418
f 1416 1576 1418
f 1416 1614 1576
f 1417 1577 1575
f 1418 1576 1578
f 1419 1420 1421
f 1421 1615 1419
f 1419 1615 1597
f 1421 1420 1422
f 1420 2004 1422
f 1420 2016 2004
f 1421 1422 1423
f 1423 1615 1421
f 1423 1422 1424
f 1422 1996 1424
f 1422 2004 1996
f 1423 1424 1425
f 1425 1617 1423
f 1423 1617 1615
f 1425 1424 1426
f 1424 1988 1426
f 1424 1996 1988
f 1425 1426 1427
f 1427 1619 1425
f 1425 1619 1617
f 1427 1426 1428
f 1426 1980 1428
f 1426 1988 1980
f 1427 1428 1437
f 1437 1621 1427
f 1427 1621 1619
f 1437 1428 1438
f 1428 1968 1438
f 1428 1980 1968
f 1429 1430 1431
f 1429 1450 1430
f 1431 1603 1429
f 1449 1450 1429
f 1429 1635 1449
f 1429 1603 1635
f 1431 1430 1432
f 1430 1604 1432
f 1450 1636 1430
f 1430 1636 1604
f 1431 1432 1433
f 1433 1605 1431
f 1431 1605 1603
f 1433 1432 1434
f 1432 1606 1434
f 1432 1604 1606
f 1433 1434 1435
f 1435 1607 1433
f 1433 1607 1605
f 1435 1434 1436
f 1434 1608 1436
f 1434 1606 1608
f 1435 1609 1607
f 1436 1608 1610
f 1437 1438 1439
f 1439 1623 1437
f 1437 1623 1621
f 1439 1438 1440
f 1438 1960 1440
f 1438 1968 1960
f 1439 1440 1441
f 1441 1625 1439
f 1439 1625 1623
f 1441 1440 1442
f 1440 1948 1442
f 1440 1960 1948
f 1441 1442 1443
f 1443 1637 1441
f 1441 1637 1625
f 1443 1442 1444
f 1442 1940 1444
f 1442 1948 1940
f 1443 1444 1451
f 1451 1637 1443
f 1451 1444 1452
f 1444 1928 1452
f 1444 1940 1928
f 1445 1446 1447
f 1445 1460 1446
f 1447 1633 1445
f 1459 1460 1445
f 1445 1631 1459
f 1445 1633 1631
f 1447 1446 1448
f 1446 1634 1448
f 1460 1632 1446
f 1446 1632 1634
f 1447 1448 1449
f 1449 1635 1447
f 1447 1635 1633
f 1449 1448 1450
f 1448 1636 1450
f 1448 1634 1636
f 1451 1452 1453
f 1453 1639 1451
f 1451 1639 1637
f 1453 1452 1454
f 1452 1920 1454
f 1452 1928 1920
f 1453 1454 1455
f 1455 1641 1453
f 1453 1641 1639
f 1455 1454 1456
f 1454 1910 1456
f 1454 1920 1910
f 1455 1456 1461
f 1461 1653 1455
f 1455 1653 1641
f 1461 1456 1462
f 1456 1902 1462
f 1456 1910 1902
f 1457 1458 1459
f 1457 1468 1458
f 1459 1651 1457
f 1467 1468 1457
f 1457 1649 1467
f 1457 1651 1649
f 1459 1458 1460
f 1458 1652 1460
f 1468 1650 1458
f 1458 1650 1652
f 1459 1631 1651
f 1460 1652 1632
f 1461 1462 1463
f 1463 1655 1461
f 1461 1655 1653
f 1463 1462 1464
f 1462 1890 1464
f 1462 1902 1890
f 1463 1464 1469
f 1469 1657 1463
f 1463 1657 1655
f 1469 1464 1470
f 1464 1882 1470
f 1464 1890 1882
f 1465 1466 1467
f 1465 1476 1466
f 1467 1647 1465
f 1475 1476 1465
f 1465 1667 1475
f 1465 1647 1667
f 1467 1466 1468
f 1466 1648 1468
f 1476 1668 1466
f 1466 1668 1648
f 1467 1649 1647
f 1468 1648 1650
f 1469 1470 1471
f 1471 1669 1469
f 1469 1669 1657
f 1471 1470 1472
f 1470 1874 1472
f 1470 1882 1874
f 1471 1472 1477
f 1477 1671 1471
f 1471 1671 1669
f 1477 1472 1478
f 1472 1866 1478
f 1472 1874 1866
f 1473 1474 1475
f 1473 1484 1474
f 1475 1665 1473
f 1483 1484 1473
f 1473 1663 1483
f 1473 1665 1663
f 1475 1474 1476
f 1474 1666 1476
f 1484 1664 1474
f 1474 1664 1666
f 1475 1667 1665
f 1476 1666 1668
f 1477 1478 1479
f 1479 1673 1477
f 1477 1673 1671
f 1479 1478 1480
f 1478 1854 1480
f 1478 1866 1854
f 1479 1480 1485
f 1485 1683 1479
f 1479 1683 1673
f 1485 1480 1486
f 1480 1842 1486
f 1480 1854 1842
f 1481 1482 1483
f 1481 1492 1482
f 1483 1681 1481
f 1491 1492 1481
f 1481 1679 1491
f 1481 1681 1679
f 1483 1482 1484
f 1482 1682 1484
f 1492 1680 1482
f 1482 1680 1682
f 1483 1663 1681
f 1484 1682 1664
f 1485 1486 1487
f 1487 1685 1485
f 1485 1685 1683
f 1487 1486 1488
f 1486 1834 1488
f 1486 1842 1834
f 1487 1488 1493
f 1493 1685 1487
f 1493 1488 1494
f 1488 1826 1494
f 1488 1834 1826
f 1489 1490 1491
f 1489 1500 1490
f 1491 1679 1489
f 1499 1500 1489
f 1489 1695 1499
f 1489 1679 1695
f 1491 1490 1492
f 1490 1680 1492
f 1500 1696 1490
f 1490 1696 1680
f 1493 1494 1495
f 1495 1697 1493
f 1493 1697 1685
f 1495 1494 1496
f 1494 1814 1496
f 1494 1826 1814
f 1495 1496 1501
f 1501 1699 1495
f 1495 1699 1697
f 1501 1496 1502
f 1496 1806 1502
f 1496 1814 1806
f 1497 1498 1499
f 1497 1506 1498
f 1499 1693 1497
f 1505 1506 1497
f 1497 1691 1505
f 1497 1693 1691
f 1499 1498 1500
f 1498 1694 1500
f 1506 1692 1498
f 1498 1692 1694
f 1499 1695 1693
f 1500 1694 1696
f 1501 1502 1503
f 1503 1701 1501
f 1501 1701 1699
f 1503 1502 1504
f 1502 1794 1504
f 1502 1806 1794
f 1503 1504 1507
f 1507 1711 1503
f 1503 1711 1701
f 1507 1504 1508
f 1504 1786 1508
f 1504 1794 1786
f 1505 1512 1506
f 1511 1512 1505
f 1505 1709 1511
f 1505 1691 1709
f 1512 1710 1506
f 1506 1710 1692
f 1507 1508 1513
f 1513 1711 1507
f 1513 1508 1514
f 1508 1778 1514
f 1508 1786 1778
f 1509 1510 1511
f 1509 1518 1510
f 1511 1707 1509
f 1517 1518 1509
f 1509 1719 1517
f 1509 1707 1719
f 1511 1510 1512
f 1510 1708 1512
f 1518 1720 1510
f 1510 1720 1708
f 1511 1709 1707
f 1512 1708 1710
f 1513 1514 1515
f 1515 1721 1513
f 1513 1721 1711
f 1515 1514 1516
f 1514 1770 1516
f 1514 1778 1770
f 1515 1516 1519
f 1519 1723 1515
f 1515 1723 1721
f 1519 1516 1520
f 1516 1762 1520
f 1516 1770 1762
f 1517 1522 1518
f 1521 1522 1517
f 1517 1717 1521
f 1517 1719 1717
f 1522 1718 1518
f 1518 1718 1720
f 1519 1520 1523
f 1523 1733 1519
f 1519 1733 1723
f 1523 1520 1524
f 1520 1750 1524
f 1520 1762 1750
f 1521 1528 1522
f 1527 1528 1521
f 1521 1731 1527
f 1521 1717 1731
f 1528 1732 1522
f 1522 1732 1718
f 1523 1524 1529
f 1529 1735 1523
f 1523 1735 1733
f 1529 1524 1530
f 1524 1738 1530
f 1524 1750 1738
f 1525 1526 1527
f 1525 1534 1526
f 1527 1729 1525
f 1533 1534 1525
f 1525 1743 1533
f 1525 1729 1743
f 1527 1526 1528
f 1526 1730 1528
f 1534 1744 1526
f 1526 1744 1730
f 1527 1731 1729
f 1528 1730 1732
f 1529 1530 1531
f 1531 1745 1529
f 1529 1745 1735
f 1531 1530 1532
f 1530 1726 1532
f 1530 1738 1726
f 1531 1532 1535
f 1535 1747 1531
f 1531 1747 1745
f 1535 1532 1536
f 1532 1714 1536
f 1532 1726 1714
f 1533 1538 1534
f 1537 1538 1533
f 1533 1741 1537
f 1533 1743 1741
f 1538 1742 1534
f 1534 1742 1744
f 1535 1536 1539
f 1539 1757 1535
f 1535 1757 1747
f 1539 1536 1540
f 1536 1704 1540
f 1536 1714 1704
f 1537 1542 1538
f 1541 1542 1537
f 1537 1755 1541
f 1537 1741 1755
f 1542 1756 1538
f 1538 1756 1742
f 1539 1540 1543
f 1543 1759 1539
f 1539 1759 1757
f 1543 1540 1544
f 1540 1688 1544
f 1540 1704 1688
f 1541 1548 1542
f 1547 1548 1541
f 1541 1753 1547
f 1541 1755 1753
f 1548 1754 1542
f 1542 1754 1756
f 1543 1544 1549
f 1549 1767 1543
f 1543 1767 1759
f 1549 1544 1550
f 1544 1676 1550
f 1544 1688 1676
f 1545 1546 1547
f 1545 1554 1546
f 1547 1765 1545
f 1553 1554 1545
f 1545 1765 1553
f 1547 1546 1548
f 1546 1766 1548
f 1554 1766 1546
f 1547 1753 1765
f 1548 1766 1754
f 1549 1550 1551
f 1551 1767 1549
f 1551 1550 1552
f 1550 1660 1552
f 1550 1676 1660
f 1551 1552 1555
f 1555 1775 1551
f 1551 1775 1767
f 1555 1552 1556
f 1552 1644 1556
f 1552 1660 1644
f 1553 1558 1554
f 1557 1558 1553
f 1553 1773 1557
f 1553 1765 1773
f 1558 1774 1554
f 1554 1774 1766
f 1555 1556 1559
f 1559 1783 1555
f 1555 1783 1775
f 1559 1556 1560
f 1556 1628 1560
f 1556 1644 1628
f 1557 1562 1558
f 1561 1562 1557
f 1557 1781 1561
f 1557 1773 1781
f 1562 1782 1558
f 1558 1782 1774
f 1559 1560 1563
f 1563 1783 1559
f 1563 1560 1564
f 1560 1600 1564
f 1560 1628 1600
f 1561 1566 1562
f 1565 1566 1561
f 1561 1781 1565
f 1566 1790 1562
f 1562 1790 1782
f 1563 1564 1567
f 1567 1791 1563
f 1563 1791 1783
f 1567 1564 1568
f 1564 1572 1568
f 1564 1600 1572
f 1565 1570 1566
f 1569 1570 1565
f 1565 1789 1569
f 1565 1781 1789
f 1570 1790 1566
f 1567 1568 1571
f 1571 1791 1567
f 1571 1568 1572
f 1569 1574 1570
f 1573 1574 1569
f 1569 1795 1573
f 1569 1789 1795
f 1574 1796 1570
f 1570 1796 1790
f 1571 1572 1599
f 1599 1791 1571
f 1599 1572 1600
f 1573 1602 1574
f 1601 1602 1573
f 1573 1801 1601
f 1573 1795 1801
f 1602 1802 1574
f 1574 1802 1796
f 1575 1578 1576
f 1575 1576 1613
f 1577 1578 1575
f 1613 1576 1614
f 1577 1580 1578
f 1579 1580 1577
f 1579 1582 1580
f 1581 1582 1579
f 1581 1584 1582
f 1583 1584 1581
f 1583 1586 1584
f 1585 1586 1583
f 1585 1588 1586
f 1587 1588 1585
f 1587 1590 1588
f 1589 1590 1587
f 1589 1592 1590
f 1591 1592 1589
f 1591 1594 1592
f 1593 1594 1591
f 1593 1596 1594
f 1595 1596 1593
f 1595 1598 1596
f 1597 1598 1595
f 1597 1616 1598
f 1615 1616 1597
f 1599 1600 1627
f 1627 1791 1599
f 1627 1600 1628
f 1601 1630 1602
f 1629 1630 1601
f 1601 1801 1629
f 1630 1802 1602
f 1603 1606 1604
f 1603 1604 1635
f 1605 1606 1603
f 1635 1604 1636
f 1605 1608 1606
f 1607 1608 1605
f 1607 1610 1608
f 1609 1610 1607
f 1609 1612 1610
f 1611 1612 1609
f 1611 1614 1612
f 1613 1614 1611
f 1615 1618 1616
f 1617 1618 1615
f 1617 1620 1618
f 1619 1620 1617
f 1619 1622 1620
f 1621 1622 1619
f 1621 1624 1622
f 1623 1624 1621
f 1623 1626 1624
f 1625 1626 1623
f 1625 1638 1626
f 1637 1638 1625
f 1627 1628 1643
f 1643 1791 1627
f 1643 1628 1644
f 1629 1646 1630
f 1645 1646 1629
f 1629 1809 1645
f 1629 1801 1809
f 1646 1810 1630
f 1630 1810 1802
f 1631 1634 1632
f 1631 1632 1651
f 1633 1634 1631
f 1651 1632 1652
f 1633 1636 1634
f 1635 1636 1633
f 1637 1640 1638
f 1639 1640 1637
f 1639 1642 1640
f 1641 1642 1639
f 1641 1654 1642
f 1653 1654 1641
f 1643 1644 1659
f 1659 1791 1643
f 1659 1644 1660
f 1645 1662 1646
f 1661 1662 1645
f 1645 1819 1661
f 1645 1809 1819
f 1662 1820 1646
f 1646 1820 1810
f 1647 1650 1648
f 1647 1648 1667
f 1649 1650 1647
f 1667 1648 1668
f 1649 1652 1650
f 1651 1652 1649
f 1653 1656 1654
f 1655 1656 1653
f 1655 1658 1656
f 1657 1658 1655
f 1657 1670 1658
f 1669 1670 1657
f 1659 1660 1675
f 1675 1791 1659
f 1675 1660 1676
f 1661 1678 1662
f 1677 1678 1661
f 1661 1817 1677
f 1661 1819 1817
f 1678 1818 1662
f 1662 1818 1820
f 1663 1666 1664
f 1663 1664 1681
f 1665 1666 1663
f 1681 1664 1682
f 1665 1668 1666
f 1667 1668 1665
f 1669 1672 1670
f 1671 1672 1669
f 1671 1674 1672
f 1673 1674 1671
f 1673 1684 1674
f 1683 1684 1673
f 1675 1676 1687
f 1687 1791 1675
f 1687 1676 1688
f 1677 1690 1678
f 1689 1690 1677
f 1677 1829 1689
f 1677 1817 1829
f 1690 1830 1678
f 1678 1830 1818
f 1679 1682 1680
f 1679 1680 1695
f 1681 1682 1679
f 1695 1680 1696
f 1683 1686 1684
f 1685 1686 1683
f 1685 1698 1686
f 1697 1698 1685
f 1687 1688 1703
f 1703 1791 1687
f 1703 1688 1704
f 1689 1706 1690
f 1705 1706 1689
f 1689 1837 1705
f 1689 1829 1837
f 1706 1838 1690
f 1690 1838 1830
f 1691 1694 1692
f 1691 1692 1709
f 1693 1694 1691
f 1709 1692 1710
f 1693 1696 1694
f 1695 1696 1693
f 1697 1700 1698
f 1699 1700 1697
f 1699 1702 1700
f 1701 1702 1699
f 1701 1712 1702
f 1711 1712 1701
f 1703 1704 1713
f 1713 1791 1703
f 1713 1704 1714
f 1705 1716 1706
f 1715 1716 1705
f 1705 1847 1715
f 1705 1837 1847
f 1716 1848 1706
f 1706 1848 1838
f 1707 1710 1708
f 1707 1708 1719
f 1709 1710 1707
f 1719 1708 1720
f 1711 1722 1712
f 1721 1722 1711
f 1713 1714 1725
f 1725 1791 1713
f 1725 1714 1726
f 1715 1728 1716
f 1727 1728 1715
f 1715 1845 1727
f 1715 1847 1845
f 1728 1846 1716
f 1716 1846 1848
f 1717 1720 1718
f 1717 1718 1731
f 1719 1720 1717
f 1731 1718 1732
f 1721 1724 1722
f 1723 1724 1721
f 1723 1734 1724
f 1733 1734 1723
f 1725 1726 1737
f 1737 1791 1725
f 1737 1726 1738
f 1727 1740 1728
f 1739 1740 1727
f 1727 1855 1739
f 1727 1845 1855
f 1740 1856 1728
f 1728 1856 1846
f 1729 1732 1730
f 1729 1730 1743
f 1731 1732 1729
f 1743 1730 1744
f 1733 1736 1734
f 1735 1736 1733
f 1735 1746 1736
f 1745 1746 1735
f 1737 1738 1749
f 1749 1791 1737
f 1749 1738 1750
f 1739 1752 1740
f 1751 1752 1739
f 1739 1861 1751
f 1739 1855 1861
f 1752 1862 1740
f 1740 1862 1856
f 1741 1744 1742
f 1741 1742 1755
f 1743 1744 1741
f 1755 1742 1756
f 1745 1748 1746
f 1747 1748 1745
f 1747 1758 1748
f 1757 1758 1747
f 1749 1750 1761
f 1761 1791 1749
f 1761 1750 1762
f 1751 1764 1752
f 1763 1764 1751
f 1751 1861 1763
f 1764 1862 1752
f 1753 1756 1754
f 1753 1754 1765
f 1755 1756 1753
f 1765 1754 1766
f 1757 1760 1758
f 1759 1760 1757
f 1759 1768 1760
f 1767 1768 1759
f 1761 1762 1769
f 1769 1791 1761
f 1769 1762 1770
f 1763 1772 1764
f 1771 1772 1763
f 1763 1869 1771
f 1763 1861 1869
f 1772 1870 1764
f 1764 1870 1862
f 1765 1766 1773
f 1773 1766 1774
f 1767 1776 1768
f 1775 1776 1767
f 1769 1770 1777
f 1777 1791 1769
f 1777 1770 1778
f 1771 1780 1772
f 1779 1780 1771
f 1771 1877 1779
f 1771 1869 1877
f 1780 1878 1772
f 1772 1878 1870
f 1773 1774 1781
f 1781 1774 1782
f 1775 1784 1776
f 1783 1784 1775
f 1777 1778 1785
f 1785 1791 1777
f 1785 1778 1786
f 1779 1788 1780
f 1787 1788 1779
f 1779 1885 1787
f 1779 1877 1885
f 1788 1886 1780
f 1780 1886 1878
f 1781 1782 1789
f 1789 1782 1790
f 1783 1792 1784
f 1791 1792 1783
f 1785 1786 1793
f 1793 1791 1785
f 1793 1786 1794
f 1787 1800 1788
f 1799 1800 1787
f 1787 1891 1799
f 1787 1885 1891
f 1800 1892 1788
f 1788 1892 1886
f 1789 1790 1795
f 1795 1790 1796
f 1791 1798 1792
f 1805 1791 1793
f 1797 1798 1791
f 1797 1791 2079
f 1813 1791 1805
f 1825 1791 1813
f 1833 1791 1825
f 1841 1791 1833
f 1853 1791 1841
f 1865 1791 1853
f 1873 1791 1865
f 1881 1791 1873
f 1889 1791 1881
f 1901 1791 1889
f 1909 1791 1901
f 1919 1791 1909
f 1927 1791 1919
f 1939 1791 1927
f 1947 1791 1939
f 1959 1791 1947
f 1967 1791 1959
f 1979 1791 1967
f 1987 1791 1979
f 1995 1791 1987
f 2003 1791 1995
f 2015 1791 2003
f 2023 1791 2015
f 2031 1791 2023
f 2043 1791 2031
f 2051 1791 2043
f 2059 1791 2051
f 2071 1791 2059
f 2079 1791 2071
f 2080 1792 1798
f 1793 1794 1805
f 1805 1794 1806
f 1795 1796 1801
f 1801 1796 1802
f 1797 1804 1798
f 1803 1804 1797
f 2079 1803 1797
f 1798 1804 2080
f 1799 1808 1800
f 1807 1808 1799
f 1799 1891 1807
f 1808 1892 1800
f 1801 1802 1809
f 1809 1802 1810
f 1803 1812 1804
f 1811 1812 1803
f 1811 1803 2079
f 2080 1804 1812
f 1805 1806 1813
f 1813 1806 1814
f 1807 1816 1808
f 1815 1816 1807
f 1807 1897 1815
f 1807 1891 1897
f 1816 1898 1808
f 1808 1898 1892
f 1809 1810 1819
f 1819 1810 1820
f 1811 1822 1812
f 1821 1822 1811
f 2079 1821 1811
f 1812 1822 2080
f 1813 1814 1825
f 1825 1814 1826
f 1815 1828 1816
f 1827 1828 1815
f 1815 1905 1827
f 1815 1897 1905
f 1828 1906 1816
f 1816 1906 1898
f 1817 1820 1818
f 1817 1818 1829
f 1819 1820 1817
f 1829 1818 1830
f 1821 1824 1822
f 1823 1824 1821
f 2079 1823 1821
f 2080 1822 1824
f 1823 1832 1824
f 1831 1832 1823
f 1831 1823 2087
f 2087 1823 2079
f 2088 1824 1832
f 2080 1824 2088
f 1825 1826 1833
f 1833 1826 1834
f 1827 1836 1828
f 1835 1836 1827
f 1827 1915 1835
f 1827 1905 1915
f 1836 1916 1828
f 1828 1916 1906
f 1829 1830 1837
f 1837 1830 1838
f 1831 1840 1832
f 1839 1840 1831
f 2087 1839 1831
f 2088 1832 1840
f 1833 1834 1841
f 1841 1834 1842
f 1835 1844 1836
f 1843 1844 1835
f 1835 1913 1843
f 1835 1915 1913
f 1844 1914 1836
f 1836 1914 1916
f 1837 1838 1847
f 1847 1838 1848
f 1839 1850 1840
f 1849 1850 1839
f 2087 1849 1839
f 1840 1850 2088
f 1841 1842 1853
f 1853 1842 1854
f 1843 1860 1844
f 1859 1860 1843
f 1843 1923 1859
f 1843 1913 1923
f 1860 1924 1844
f 1844 1924 1914
f 1845 1848 1846
f 1845 1846 1855
f 1847 1848 1845
f 1855 1846 1856
f 1849 1852 1850
f 1851 1852 1849
f 1851 1849 2087
f 2088 1850 1852
f 1851 1858 1852
f 1857 1858 1851
f 2087 1857 1851
f 2088 1852 1858
f 1853 1854 1865
f 1865 1854 1866
f 1855 1856 1861
f 1861 1856 1862
f 1857 1864 1858
f 1863 1864 1857
f 2087 1863 1857
f 1858 1864 2088
f 1859 1868 1860
f 1867 1868 1859
f 1859 1929 1867
f 1859 1923 1929
f 1868 1930 1860
f 1860 1930 1924
f 1861 1862 1869
f 1869 1862 1870
f 1863 1872 1864
f 1871 1872 1863
f 1871 1863 2095
f 2095 1863 2087
f 2096 1864 1872
f 2088 1864 2096
f 1865 1866 1873
f 1873 1866 1874
f 1867 1876 1868
f 1875 1876 1867
f 1867 1935 1875
f 1867 1929 1935
f 1876 1936 1868
f 1868 1936 1930
f 1869 1870 1877
f 1877 1870 1878
f 1871 1880 1872
f 1879 1880 1871
f 2095 1879 1871
f 1872 1880 2096
f 1873 1874 1881
f 1881 1874 1882
f 1875 1884 1876
f 1883 1884 1875
f 1875 1943 1883
f 1875 1935 1943
f 1884 1944 1876
f 1876 1944 1936
f 1877 1878 1885
f 1885 1878 1886
f 1879 1888 1880
f 1887 1888 1879
f 2095 1887 1879
f 2096 1880 1888
f 1881 1882 1889
f 1889 1882 1890
f 1883 1896 1884
f 1895 1896 1883
f 1883 1953 1895
f 1883 1943 1953
f 1896 1954 1884
f 1884 1954 1944
f 1885 1886 1891
f 1891 1886 1892
f 1887 1894 1888
f 1893 1894 1887
f 2107 1893 1887
f 2107 1887 2095
f 2108 1888 1894
f 2096 1888 2108
f 1889 1890 1901
f 1901 1890 1902
f 1891 1892 1897
f 1897 1892 1898
f 1893 1900 1894
f 1899 1900 1893
f 2107 1899 1893
f 1894 1900 2108
f 1895 1904 1896
f 1903 1904 1895
f 1895 1951 1903
f 1895 1953 1951
f 1904 1952 1896
f 1896 1952 1954
f 1897 1898 1905
f 1905 1898 1906
f 1899 1908 1900
f 1907 1908 1899
f 2107 1907 1899
f 2108 1900 1908
f 1901 1902 1909
f 1909 1902 1910
f 1903 1912 1904
f 1911 1912 1903
f 1903 1963 1911
f 1903 1951 1963
f 1912 1964 1904
f 1904 1964 1952
f 1905 1906 1915
f 1915 1906 1916
f 1907 1918 1908
f 1917 1918 1907
f 1917 1907 2115
f 2115 1907 2107
f 2116 1908 1918
f 2108 1908 2116
f 1909 1910 1919
f 1919 1910 1920
f 1911 1922 1912
f 1921 1922 1911
f 1911 1969 1921
f 1911 1963 1969
f 1922 1970 1912
f 1912 1970 1964
f 1913 1916 1914
f 1913 1914 1923
f 1915 1916 1913
f 1923 1914 1924
f 1917 1926 1918
f 1925 1926 1917
f 2115 1925 1917
f 1918 1926 2116
f 1919 1920 1927
f 1927 1920 1928
f 1921 1934 1922
f 1933 1934 1921
f 1921 1975 1933
f 1921 1969 1975
f 1934 1976 1922
f 1922 1976 1970
f 1923 1924 1929
f 1929 1924 1930
f 1925 1932 1926
f 1931 1932 1925
f 1931 1925 2123
f 2123 1925 2115
f 2124 1926 1932
f 2116 1926 2124
f 1927 1928 1939
f 1939 1928 1940
f 1929 1930 1935
f 1935 1930 1936
f 1931 1938 1932
f 1937 1938 1931
f 2123 1937 1931
f 2124 1932 1938
f 1933 1942 1934
f 1941 1942 1933
f 1933 1983 1941
f 1933 1975 1983
f 1942 1984 1934
f 1934 1984 1976
f 1935 1936 1943
f 1943 1936 1944
f 1937 1946 1938
f 1945 1946 1937
f 2123 1945 1937
f 1938 1946 2124
f 1939 1940 1947
f 1947 1940 1948
f 1941 1950 1942
f 1949 1950 1941
f 1941 1991 1949
f 1941 1983 1991
f 1950 1992 1942
f 1942 1992 1984
f 1943 1944 1953
f 1953 1944 1954
f 1945 1956 1946
f 1955 1956 1945
f 2135 1955 1945
f 2135 1945 2123
f 2136 1946 1956
f 2124 1946 2136
f 1947 1948 1959
f 1959 1948 1960
f 1949 1962 1950
f 1961 1962 1949
f 1949 1999 1961
f 1949 1991 1999
f 1962 2000 1950
f 1950 2000 1992
f 1951 1954 1952
f 1951 1952 1963
f 1953 1954 1951
f 1963 1952 1964
f 1955 1958 1956
f 1957 1958 1955
f 2135 1957 1955
f 2136 1956 1958
f 1957 1966 1958
f 1965 1966 1957
f 2143 1965 1957
f 2143 1957 2135
f 2144 1958 1966
f 2136 1958 2144
f 1959 1960 1967
f 1967 1960 1968
f 1961 1974 1962
f 1973 1974 1961
f 1961 1999 1973
f 1974 2000 1962
f 1963 1964 1969
f 1969 1964 1970
f 1965 1972 1966
f 1971 1972 1965
f 2143 1971 1965
f 2144 1966 1972
f 1967 1968 1979
f 1979 1968 1980
f 1969 1970 1975
f 1975 1970 1976
f 1971 1978 1972
f 1977 1978 1971
f 1977 1971 2151
f 2151 1971 2143
f 2152 1972 1978
f 2144 1972 2152
f 1973 1982 1974
f 1981 1982 1973
f 1973 2005 1981
f 1973 1999 2005
f 1982 2006 1974
f 1974 2006 2000
f 1975 1976 1983
f 1983 1976 1984
f 1977 1986 1978
f 1985 1986 1977
f 2151 1985 1977
f 2152 1978 1986
f 1979 1980 1987
f 1987 1980 1988
f 1981 1990 1982
f 1989 1990 1981
f 1981 2011 1989
f 1981 2005 2011
f 1990 2012 1982
f 1982 2012 2006
f 1983 1984 1991
f 1991 1984 1992
f 1985 1994 1986
f 1993 1994 1985
f 2151 1993 1985
f 1986 1994 2152
f 1987 1988 1995
f 1995 1988 1996
f 1989 1998 1990
f 1997 1998 1989
f 1989 2019 1997
f 1989 2011 2019
f 1998 2020 1990
f 1990 2020 2012
f 1991 1992 1999
f 1999 1992 2000
f 1993 2002 1994
f 2001 2002 1993
f 2159 2001 1993
f 2159 1993 2151
f 2160 1994 2002
f 2152 1994 2160
f 1995 1996 2003
f 2003 1996 2004
f 1997 2010 1998
f 2009 2010 1997
f 1997 2027 2009
f 1997 2019 2027
f 2010 2028 1998
f 1998 2028 2020
f 1999 2000 2005
f 2005 2000 2006
f 2001 2008 2002
f 2007 2008 2001
f 2171 2007 2001
f 2171 2001 2159
f 2172 2002 2008
f 2160 2002 2172
f 2003 2004 2015
f 2015 2004 2016
f 2005 2006 2011
f 2011 2006 2012
f 2007 2014 2008
f 2013 2014 2007
f 2171 2013 2007
f 2172 2008 2014
f 2009 2018 2010
f 2017 2018 2009
f 2009 2033 2017
f 2009 2027 2033
f 2018 2034 2010
f 2010 2034 2028
f 2011 2012 2019
f 2019 2012 2020
f 2013 2022 2014
f 2021 2022 2013
f 2179 2021 2013
f 2179 2013 2171
f 2180 2014 2022
f 2172 2014 2180
f 2015 2016 2023
f 2023 2016 2024
f 2017 2026 2018
f 2025 2026 2017
f 2017 2039 2025
f 2017 2033 2039
f 2026 2040 2018
f 2018 2040 2034
f 2019 2020 2027
f 2027 2020 2028
f 2021 2030 2022
f 2029 2030 2021
f 2179 2029 2021
f 2180 2022 2030
f 2023 2024 2031
f 2031 2024 2032
f 2025 2038 2026
f 2037 2038 2025
f 2025 2039 2037
f 2038 2040 2026
f 2027 2028 2033
f 2033 2028 2034
f 2029 2036 2030
f 2035 2036 2029
f 2187 2035 2029
f 2187 2029 2179
f 2188 2030 2036
f 2180 2030 2188
f 2031 2032 2043
f 2043 2032 2044
f 2033 2034 2039
f 2039 2034 2040
f 2035 2042 2036
f 2041 2042 2035
f 2187 2041 2035
f 2188 2036 2042
f 2037 2046 2038
f 2037 2039 2047
f 2045 2046 2037
f 2045 2037 2331
f 2037 2047 2055
f 2055 2061 2037
f 2037 2061 2067
f 2037 2067 2075
f 2075 2083 2037
f 2037 2083 2091
f 2091 2097 2037
f 2037 2097 2103
f 2037 2103 2111
f 2111 2119 2037
f 2037 2119 2125
f 2037 2125 2131
f 2037 2131 2139
f 2037 2139 2147
f 2147 2155 2037
f 2037 2155 2161
f 2037 2161 2167
f 2037 2167 2175
f 2037 2175 2183
f 2183 2191 2037
f 2037 2191 2197
f 2037 2197 2203
f 2037 2203 2211
f 2037 2211 2219
f 2219 2227 2037
f 2037 2227 2229
f 2037 2229 2237
f 2237 2243 2037
f 2037 2243 2251
f 2037 2251 2253
f 2253 2263 2037
f 2037 2263 2271
f 2037 2271 2279
f 2279 2281 2037
f 2037 2281 2291
f 2037 2291 2297
f 2037 2297 2303
f 2037 2303 2311
f 2311 2313 2037
f 2037 2313 2323
f 2037 2323 2331
f 2038 2048 2040
f 2046 2048 2038
f 2039 2040 2047
f 2047 2040 2048
f 2041 2050 2042
f 2049 2050 2041
f 2195 2049 2041
f 2195 2041 2187
f 2196 2042 2050
f 2188 2042 2196
f 2043 2044 2051
f 2051 2044 2052
f 2045 2054 2046
f 2053 2054 2045
f 2331 2053 2045
f 2046 2056 2048
f 2054 2056 2046
f 2047 2048 2055
f 2055 2048 2056
f 2049 2058 2050
f 2057 2058 2049
f 2207 2057 2049
f 2207 2049 2195
f 2208 2050 2058
f 2196 2050 2208
f 2051 2052 2059
f 2059 2052 2060
f 2053 2066 2054
f 2065 2066 2053
f 2331 2065 2053
f 2054 2062 2056
f 2066 2062 2054
f 2055 2056 2061
f 2061 2056 2062
f 2057 2064 2058
f 2063 2064 2057
f 2215 2063 2057
f 2215 2057 2207
f 2216 2058 2064
f 2208 2058 2216
f 2059 2060 2071
f 2071 2060 2072
f 2061 2062 2067
f 2066 2068 2062
f 2067 2062 2068
f 2063 2070 2064
f 2069 2070 2063
f 2215 2069 2063
f 2216 2064 2070
f 2065 2074 2066
f 2073 2074 2065
f 2073 2065 2331
f 2074 2068 2066
f 2067 2068 2075
f 2074 2076 2068
f 2075 2068 2076
f 2069 2078 2070
f 2077 2078 2069
f 2223 2077 2069
f 2223 2069 2215
f 2224 2070 2078
f 2216 2070 2224
f 2071 2072 2079
f 2079 2072 2080
f 2073 2082 2074
f 2081 2082 2073
f 2331 2081 2073
f 2082 2076 2074
f 2075 2076 2083
f 2082 2084 2076
f 2083 2076 2084
f 2077 2086 2078
f 2085 2086 2077
f 2223 2085 2077
f 2224 2078 2086
f 2079 2080 2087
f 2087 2080 2088
f 2081 2090 2082
f 2089 2090 2081
f 2331 2089 2081
f 2090 2084 2082
f 2083 2084 2091
f 2090 2092 2084
f 2091 2084 2092
f 2085 2094 2086
f 2093 2094 2085
f 2235 2093 2085
f 2235 2085 2223
f 2236 2086 2094
f 2224 2086 2236
f 2087 2088 2095
f 2095 2088 2096
f 2089 2102 2090
f 2101 2102 2089
f 2101 2089 2331
f 2102 2092 2090
f 2091 2092 2097
f 2097 2092 2098
f 2110 2098 2092
f 2110 2092 2102
f 2093 2100 2094
f 2099 2100 2093
f 2247 2099 2093
f 2247 2093 2235
f 2248 2094 2100
f 2236 2094 2248
f 2095 2096 2107
f 2107 2096 2108
f 2097 2098 2103
f 2103 2098 2104
f 2118 2104 2098
f 2118 2098 2110
f 2099 2106 2100
f 2105 2106 2099
f 2259 2105 2099
f 2259 2099 2247
f 2260 2100 2106
f 2248 2100 2260
f 2101 2110 2102
f 2109 2110 2101
f 2331 2109 2101
f 2103 2104 2111
f 2111 2104 2112
f 2130 2112 2104
f 2130 2104 2118
f 2105 2114 2106
f 2113 2114 2105
f 2259 2113 2105
f 2260 2106 2114
f 2107 2108 2115
f 2115 2108 2116
f 2109 2118 2110
f 2117 2118 2109
f 2331 2117 2109
f 2111 2112 2119
f 2119 2112 2120
f 2138 2120 2112
f 2138 2112 2130
f 2113 2122 2114
f 2121 2122 2113
f 2267 2121 2113
f 2267 2113 2259
f 2268 2114 2122
f 2260 2114 2268
f 2115 2116 2123
f 2123 2116 2124
f 2117 2130 2118
f 2129 2130 2117
f 2129 2117 2331
f 2119 2120 2125
f 2125 2120 2126
f 2146 2126 2120
f 2146 2120 2138
f 2121 2128 2122
f 2127 2128 2121
f 2267 2127 2121
f 2268 2122 2128
f 2123 2124 2135
f 2135 2124 2136
f 2125 2126 2131
f 2131 2126 2132
f 2154 2132 2126
f 2154 2126 2146
f 2127 2134 2128
f 2133 2134 2127
f 2275 2133 2127
f 2275 2127 2267
f 2276 2128 2134
f 2268 2128 2276
f 2129 2138 2130
f 2137 2138 2129
f 2331 2137 2129
f 2131 2132 2139
f 2139 2132 2140
f 2174 2140 2132
f 2166 2132 2154
f 2174 2132 2166
f 2133 2142 2134
f 2141 2142 2133
f 2287 2141 2133
f 2287 2133 2275
f 2288 2134 2142
f 2276 2134 2288
f 2135 2136 2143
f 2143 2136 2144
f 2137 2146 2138
f 2145 2146 2137
f 2331 2145 2137
f 2139 2140 2147
f 2147 2140 2148
f 2182 2148 2140
f 2182 2140 2174
f 2141 2150 2142
f 2149 2150 2141
f 2295 2149 2141
f 2295 2141 2287
f 2296 2142 2150
f 2288 2142 2296
f 2143 2144 2151
f 2151 2144 2152
f 2145 2154 2146
f 2153 2154 2145
f 2153 2145 2331
f 2147 2148 2155
f 2155 2148 2156
f 2190 2156 2148
f 2190 2148 2182
f 2149 2158 2150
f 2157 2158 2149
f 2295 2157 2149
f 2296 2150 2158
f 2151 2152 2159
f 2159 2152 2160
f 2153 2166 2154
f 2165 2166 2153
f 2331 2165 2153
f 2155 2156 2161
f 2161 2156 2162
f 2202 2162 2156
f 2202 2156 2190
f 2157 2164 2158
f 2163 2164 2157
f 2307 2163 2157
f 2307 2157 2295
f 2308 2158 2164
f 2296 2158 2308
f 2159 2160 2171
f 2171 2160 2172
f 2161 2162 2167
f 2167 2162 2168
f 2210 2168 2162
f 2210 2162 2202
f 2163 2170 2164
f 2169 2170 2163
f 2319 2169 2163
f 2319 2163 2307
f 2320 2164 2170
f 2308 2164 2320
f 2165 2174 2166
f 2173 2174 2165
f 2331 2173 2165
f 2167 2168 2175
f 2175 2168 2176
f 2226 2176 2168
f 2218 2168 2210
f 2226 2168 2218
f 2169 2178 2170
f 2177 2178 2169
f 2327 2177 2169
f 2327 2169 2319
f 2328 2170 2178
f 2320 2170 2328
f 2171 2172 2179
f 2179 2172 2180
f 2173 2182 2174
f 2181 2182 2173
f 2181 2173 2331
f 2175 2176 2183
f 2183 2176 2184
f 2242 2184 2176
f 2242 2176 2226
f 2177 2186 2178
f 2185 2186 2177
f 2339 2185 2177
f 2339 2177 2327
f 2340 2178 2186
f 2328 2178 2340
f 2179 2180 2187
f 2187 2180 2188
f 2181 2190 2182
f 2189 2190 2181
f 2331 2189 2181
f 2183 2184 2191
f 2191 2184 2192
f 2250 2192 2184
f 2250 2184 2242
f 2185 2194 2186
f 2193 2194 2185
f 2339 2193 2185
f 2340 2186 2194
f 2187 2188 2195
f 2195 2188 2196
f 2189 2202 2190
f 2201 2202 2189
f 2331 2201 2189
f 2191 2192 2197
f 2197 2192 2198
f 2262 2198 2192
f 2262 2192 2250
f 2193 2200 2194
f 2199 2200 2193
f 2351 2199 2193
f 2351 2193 2339
f 2352 2194 2200
f 2340 2194 2352
f 2195 2196 2207
f 2207 2196 2208
f 2197 2198 2203
f 2203 2198 2204
f 2270 2204 2198
f 2270 2198 2262
f 2199 2206 2200
f 2205 2206 2199
f 2351 2205 2199
f 2352 2200 2206
f 2201 2210 2202
f 2209 2210 2201
f 2209 2201 2331
f 2203 2204 2211
f 2211 2204 2212
f 2290 2212 2204
f 2278 2204 2270
f 2290 2204 2278
f 2205 2214 2206
f 2213 2214 2205
f 2371 2213 2205
f 2359 2205 2351
f 2371 2205 2359
f 2372 2206 2214
f 2352 2206 2360
f 2360 2206 2372
f 2207 2208 2215
f 2215 2208 2216
f 2209 2218 2210
f 2217 2218 2209
f 2331 2217 2209
f 2211 2212 2219
f 2219 2212 2220
f 2302 2220 2212
f 2302 2212 2290
f 2213 2222 2214
f 2221 2222 2213
f 2371 2221 2213
f 2372 2214 2222
f 2215 2216 2223
f 2223 2216 2224
f 2217 2226 2218
f 2225 2226 2217
f 2331 2225 2217
f 2219 2220 2227
f 2227 2220 2228
f 2310 2228 2220
f 2310 2220 2302
f 2221 2234 2222
f 2233 2234 2221
f 2387 2233 2221
f 2387 2221 2371
f 2388 2222 2234
f 2372 2222 2388
f 2223 2224 2235
f 2235 2224 2236
f 2225 2242 2226
f 2241 2242 2225
f 2241 2225 2331
f 2227 2228 2229
f 2229 2228 2230
f 2322 2230 2228
f 2322 2228 2310
f 2229 2230 2237
f 2237 2230 2238
f 2330 2238 2230
f 2330 2230 2322
f 2231 2232 2233
f 2231 2240 2232
f 2395 2231 2233
f 2239 2240 2231
f 2395 2239 2231
f 2233 2232 2234
f 2396 2234 2232
f 2396 2232 2240
f 2395 2233 2387
f 2388 2234 2396
f 2235 2236 2247
f 2247 2236 2248
f 2237 2238 2243
f 2243 2238 2244
f 2342 2244 2238
f 2342 2238 2330
f 2239 2246 2240
f 2245 2246 2239
f 2407 2245 2239
f 2407 2239 2395
f 2408 2240 2246
f 2396 2240 2408
f 2241 2250 2242
f 2249 2250 2241
f 2331 2249 2241
f 2243 2244 2251
f 2251 2244 2252
f 2354 2252 2244
f 2354 2244 2342
f 2245 2258 2246
f 2257 2258 2245
f 2421 2257 2245
f 2421 2245 2407
f 2422 2246 2258
f 2408 2246 2422
f 2247 2248 2259
f 2259 2248 2260
f 2249 2262 2250
f 2261 2262 2249
f 2331 2261 2249
f 2251 2252 2253
f 2253 2252 2254
f 2362 2254 2252
f 2362 2252 2354
f 2253 2254 2263
f 2263 2254 2264
f 2378 2264 2254
f 2378 2254 2362
f 2255 2256 2257
f 2255 2266 2256
f 2421 2255 2257
f 2265 2266 2255
f 2433 2265 2255
f 2433 2255 2421
f 2257 2256 2258
f 2422 2258 2256
f 2434 2256 2266
f 2422 2256 2434
f 2259 2260 2267
f 2267 2260 2268
f 2261 2270 2262
f 2269 2270 2261
f 2269 2261 2331
f 2263 2264 2271
f 2271 2264 2272
f 2390 2272 2264
f 2390 2264 2378
f 2265 2274 2266
f 2273 2274 2265
f 2449 2273 2265
f 2449 2265 2433
f 2450 2266 2274
f 2434 2266 2450
f 2267 2268 2275
f 2275 2268 2276
f 2269 2278 2270
f 2277 2278 2269
f 2331 2277 2269
f 2271 2272 2279
f 2279 2272 2280
f 2398 2280 2272
f 2398 2272 2390
f 2273 2286 2274
f 2285 2286 2273
f 2449 2285 2273
f 2450 2274 2286
f 2275 2276 2287
f 2287 2276 2288
f 2277 2290 2278
f 2289 2290 2277
f 2331 2289 2277
f 2279 2280 2281
f 2281 2280 2282
f 2410 2282 2280
f 2410 2280 2398
f 2281 2282 2291
f 2291 2282 2292
f 2424 2292 2282
f 2424 2282 2410
f 2283 2284 2285
f 2283 2294 2284
f 2465 2283 2285
f 2293 2294 2283
f 2481 2293 2283
f 2481 2283 2465
f 2285 2284 2286
f 2466 2286 2284
f 2482 2284 2294
f 2466 2284 2482
f 2465 2285 2449
f 2450 2286 2466
f 2287 2288 2295
f 2295 2288 2296
f 2289 2302 2290
f 2301 2302 2289
f 2301 2289 2331
f 2291 2292 2297
f 2297 2292 2298
f 2436 2298 2292
f 2436 2292 2424
f 2293 2300 2294
f 2299 2300 2293
f 2481 2299 2293
f 2482 2294 2300
f 2295 2296 2307
f 2307 2296 2308
f 2297 2298 2303
f 2303 2298 2304
f 2468 2304 2298
f 2452 2298 2436
f 2468 2298 2452
f 2299 2306 2300
f 2305 2306 2299
f 2541 2305 2299
f 2505 2299 2481
f 2541 2299 2505
f 2542 2300 2306
f 2482 2300 2506
f 2506 2300 2542
f 2301 2310 2302
f 2309 2310 2301
f 2331 2309 2301
f 2303 2304 2311
f 2311 2304 2312
f 2484 2312 2304
f 2484 2304 2468
f 2305 2318 2306
f 2317 2318 2305
f 2541 2317 2305
f 2542 2306 2318
f 2307 2308 2319
f 2319 2308 2320
f 2309 2322 2310
f 2321 2322 2309
f 2331 2321 2309
f 2311 2312 2313
f 2313 2312 2314
f 2508 2314 2312
f 2508 2312 2484
f 2313 2314 2323
f 2323 2314 2324
f 2544 2324 2314
f 2544 2314 2508
f 2315 2316 2317
f 2315 2326 2316
f 2545 2315 2317
f 2325 2326 2315
f 2325 2315 2549
f 2549 2315 2545
f 2317 2316 2318
f 2546 2318 2316
f 2550 2316 2326
f 2546 2316 2550
f 2545 2317 2541
f 2542 2318 2546
f 2319 2320 2327
f 2327 2320 2328
f 2321 2330 2322
f 2329 2330 2321
f 2329 2321 2331
f 2323 2324 2331
f 2331 2324 2332
f 2324 2548 2332
f 2548 2324 2544
f 2325 2338 2326
f 2337 2338 2325
f 2325 2549 2337
f 2326 2338 2558
f 2550 2326 2558
f 2327 2328 2339
f 2339 2328 2340
f 2329 2342 2330
f 2331 2341 2329
f 2341 2342 2329
f 2331 2332 2333
f 2333 2553 2331
f 2331 2353 2341
f 2361 2353 2331
f 2331 2377 2361
f 2331 2389 2377
f 2397 2389 2331
f 2331 2409 2397
f 2331 2423 2409
f 2435 2423 2331
f 2331 2451 2435
f 2331 2467 2451
f 2483 2467 2331
f 2331 2507 2483
f 2331 2543 2507
f 2547 2543 2331
f 2331 2551 2547
f 2331 2553 2551
f 2333 2332 2334
f 2722 2334 2332
f 2332 2548 2552
f 2332 2552 2554
f 2554 2560 2332
f 2332 2560 2564
f 2332 2564 2568
f 2568 2572 2332
f 2332 2572 2576
f 2332 2576 2580
f 2580 2582 2332
f 2332 2582 2588
f 2332 2588 2592
f 2592 2596 2332
f 2332 2596 2598
f 2332 2598 2604
f 2604 2608 2332
f 2332 2608 2610
f 2332 2610 2616
f 2616 2620 2332
f 2332 2620 2622
f 2332 2622 2628
f 2628 2630 2332
f 2332 2630 2636
f 2332 2636 2638
f 2638 2644 2332
f 2332 2644 2646
f 2332 2646 2652
f 2652 2654 2332
f 2332 2654 2660
f 2332 2660 2662
f 2662 2664 2332
f 2332 2664 2672
f 2332 2672 2674
f 2674 2676 2332
f 2332 2676 2684
f 2332 2684 2686
f 2686 2688 2332
f 2332 2688 2690
f 2332 2690 2692
f 2692 2704 2332
f 2332 2704 2706
f 2332 2706 2708
f 2708 2710 2332
f 2332 2710 2712
f 2332 2712 2714
f 2714 2716 2332
f 2332 2716 2718
f 2332 2718 2720
f 2720 2722 2332
f 2333 2334 2343
f 2559 2333 2343
f 2553 2333 2559
f 2343 2334 2344
f 2722 2344 2334
f 2335 2336 2337
f 2335 2350 2336
f 2337 2557 2335
f 2349 2350 2335
f 2335 2555 2349
f 2335 2557 2555
f 2337 2336 2338
f 2558 2338 2336
f 2556 2336 2350
f 2558 2336 2556
f 2337 2549 2557
f 2339 2340 2351
f 2351 2340 2352
f 2341 2354 2342
f 2353 2354 2341
f 2343 2344 2345
f 2563 2343 2345
f 2559 2343 2563
f 2345 2344 2346
f 2346 2344 2722
f 2345 2346 2355
f 2591 2345 2355
f 2563 2345 2567
f 2567 2345 2571
f 2571 2345 2575
f 2575 2345 2579
f 2579 2345 2581
f 2581 2345 2587
f 2587 2345 2591
f 2355 2346 2356
f 2722 2356 2346
f 2347 2348 2349
f 2347 2358 2348
f 2349 2561 2347
f 2357 2358 2347
f 2347 2561 2357
f 2349 2348 2350
f 2562 2350 2348
f 2562 2348 2358
f 2349 2555 2561
f 2556 2350 2562
f 2351 2352 2359
f 2359 2352 2360
f 2353 2362 2354
f 2361 2362 2353
f 2355 2356 2363
f 2363 2723 2355
f 2591 2355 2595
f 2595 2355 2597
f 2597 2355 2603
f 2603 2355 2607
f 2607 2355 2609
f 2609 2355 2615
f 2615 2355 2619
f 2619 2355 2621
f 2621 2355 2627
f 2627 2355 2629
f 2629 2355 2635
f 2635 2355 2637
f 2637 2355 2643
f 2643 2355 2645
f 2645 2355 2651
f 2651 2355 2653
f 2653 2355 2659
f 2659 2355 2661
f 2661 2355 2663
f 2663 2355 2671
f 2671 2355 2673
f 2673 2355 2675
f 2675 2355 2683
f 2683 2355 2685
f 2685 2355 2687
f 2687 2355 2689
f 2689 2355 2691
f 2691 2355 2703
f 2703 2355 2705
f 2705 2355 2707
f 2707 2355 2709
f 2709 2355 2711
f 2711 2355 2713
f 2713 2355 2715
f 2715 2355 2717
f 2717 2355 2719
f 2355 2721 2719
f 2355 2723 2721
f 2363 2356 2364
f 2722 2364 2356
f 2357 2370 2358
f 2369 2370 2357
f 2357 2565 2369
f 2357 2561 2565
f 2566 2358 2370
f 2562 2358 2566
f 2359 2360 2371
f 2371 2360 2372
f 2361 2378 2362
f 2377 2378 2361
f 2363 2364 2365
f 2365 2723 2363
f 2365 2364 2366
f 2366 2364 2722
f 2365 2366 2373
f 2373 2723 2365
f 2373 2366 2374
f 2722 2374 2366
f 2367 2368 2369
f 2367 2376 2368
f 2369 2569 2367
f 2375 2376 2367
f 2367 2569 2375
f 2369 2368 2370
f 2570 2370 2368
f 2570 2368 2376
f 2369 2565 2569
f 2566 2370 2570
f 2371 2372 2387
f 2387 2372 2388
f 2373 2374 2379
f 2379 2725 2373
f 2373 2725 2723
f 2379 2374 2380
f 2380 2374 2722
f 2375 2386 2376
f 2385 2386 2375
f 2375 2577 2385
f 2375 2569 2573
f 2375 2573 2577
f 2578 2376 2386
f 2570 2376 2574
f 2574 2376 2578
f 2377 2390 2378
f 2389 2390 2377
f 2379 2380 2381
f 2381 2725 2379
f 2381 2380 2382
f 2722 2382 2380
f 2381 2382 2391
f 2391 2725 2381
f 2391 2382 2392
f 2722 2392 2382
f 2383 2384 2385
f 2383 2394 2384
f 2385 2577 2383
f 2393 2394 2383
f 2383 2585 2393
f 2383 2577 2585
f 2385 2384 2386
f 2578 2386 2384
f 2586 2384 2394
f 2578 2384 2586
f 2387 2388 2395
f 2395 2388 2396
f 2389 2398 2390
f 2397 2398 2389
f 2391 2392 2399
f 2399 2725 2391
f 2399 2392 2400
f 2722 2400 2392
f 2393 2406 2394
f 2405 2406 2393
f 2393 2583 2405
f 2393 2585 2583
f 2584 2394 2406
f 2586 2394 2584
f 2395 2396 2407
f 2407 2396 2408
f 2397 2410 2398
f 2409 2410 2397
f 2399 2400 2401
f 2401 2725 2399
f 2401 2400 2402
f 2722 2402 2400
f 2401 2402 2411
f 2411 2727 2401
f 2401 2727 2725
f 2411 2402 2412
f 2412 2402 2722
f 2403 2404 2405
f 2403 2420 2404
f 2405 2589 2403
f 2419 2420 2403
f 2403 2593 2419
f 2403 2589 2593
f 2405 2404 2406
f 2590 2406 2404
f 2594 2404 2420
f 2590 2404 2594
f 2405 2583 2589
f 2584 2406 2590
f 2407 2408 2421
f 2421 2408 2422
f 2409 2424 2410
f 2423 2424 2409
f 2411 2412 2413
f 2413 2727 2411
f 2413 2412 2414
f 2722 2414 2412
f 2413 2414 2425
f 2425 2727 2413
f 2425 2414 2426
f 2426 2414 2722
f 2415 2416 2417
f 2415 2432 2416
f 2417 2601 2415
f 2431 2432 2415
f 2415 2599 2431
f 2415 2601 2599
f 2417 2416 2418
f 2602 2418 2416
f 2600 2416 2432
f 2602 2416 2600
f 2417 2418 2419
f 2419 2593 2417
f 2417 2593 2601
f 2419 2418 2420
f 2594 2420 2418
f 2594 2418 2602
f 2421 2422 2433
f 2433 2422 2434
f 2423 2436 2424
f 2435 2436 2423
f 2425 2426 2427
f 2427 2729 2425
f 2425 2729 2727
f 2427 2426 2428
f 2722 2428 2426
f 2427 2428 2437
f 2437 2729 2427
f 2437 2428 2438
f 2722 2438 2428
f 2429 2430 2431
f 2429 2448 2430
f 2431 2599 2429
f 2447 2448 2429
f 2429 2605 2447
f 2429 2599 2605
f 2431 2430 2432
f 2600 2432 2430
f 2606 2430 2448
f 2600 2430 2606
f 2433 2434 2449
f 2449 2434 2450
f 2435 2452 2436
f 2451 2452 2435
f 2437 2438 2439
f 2439 2729 2437
f 2439 2438 2440
f 2440 2438 2722
f 2439 2440 2441
f 2441 2729 2439
f 2441 2440 2442
f 2722 2442 2440
f 2441 2442 2453
f 2453 2731 2441
f 2441 2731 2729
f 2453 2442 2454
f 2722 2454 2442
f 2443 2444 2445
f 2443 2464 2444
f 2445 2613 2443
f 2463 2464 2443
f 2443 2611 2463
f 2443 2613 2611
f 2445 2444 2446
f 2614 2446 2444
f 2612 2444 2464
f 2614 2444 2612
f 2445 2446 2447
f 2447 2613 2445
f 2447 2446 2448
f 2614 2448 2446
f 2447 2605 2613
f 2606 2448 2614
f 2449 2450 2465
f 2465 2450 2466
f 2451 2468 2452
f 2467 2468 2451
f 2453 2454 2455
f 2455 2731 2453
f 2455 2454 2456
f 2456 2454 2722
f 2455 2456 2457
f 2457 2693 2455
f 2455 2693 2731
f 2457 2456 2458
f 2722 2458 2456
f 2457 2458 2469
f 2469 2693 2457
f 2469 2458 2470
f 2470 2458 2722
f 2459 2460 2461
f 2459 2480 2460
f 2461 2625 2459
f 2479 2480 2459
f 2459 2625 2479
f 2461 2460 2462
f 2626 2462 2460
f 2626 2460 2480
f 2461 2462 2463
f 2463 2611 2461
f 2461 2611 2617
f 2461 2617 2625
f 2463 2462 2464
f 2612 2464 2462
f 2612 2462 2618
f 2618 2462 2626
f 2465 2466 2481
f 2481 2466 2482
f 2467 2484 2468
f 2483 2484 2467
f 2469 2470 2471
f 2471 2693 2469
f 2471 2470 2472
f 2722 2472 2470
f 2471 2472 2473
f 2473 2695 2471
f 2471 2695 2693
f 2473 2472 2474
f 2722 2474 2472
f 2473 2474 2485
f 2485 2695 2473
f 2485 2474 2486
f 2486 2474 2722
f 2475 2476 2477
f 2475 2504 2476
f 2477 2633 2475
f 2503 2504 2475
f 2475 2633 2503
f 2477 2476 2478
f 2634 2478 2476
f 2634 2476 2504
f 2477 2478 2479
f 2479 2623 2477
f 2477 2623 2633
f 2479 2478 2480
f 2624 2480 2478
f 2624 2478 2634
f 2479 2625 2623
f 2626 2480 2624
f 2481 2482 2505
f 2505 2482 2506
f 2483 2508 2484
f 2507 2508 2483
f 2485 2486 2487
f 2487 2697 2485
f 2485 2697 2695
f 2487 2486 2488
f 2722 2488 2486
f 2487 2488 2489
f 2489 2699 2487
f 2487 2699 2697
f 2489 2488 2490
f 2490 2488 2722
f 2489 2490 2491
f 2491 2699 2489
f 2491 2490 2492
f 2722 2492 2490
f 2491 2492 2493
f 2493 2699 2491
f 2493 2492 2494
f 2722 2494 2492
f 2493 2494 2509
f 2509 2701 2493
f 2493 2701 2699
f 2509 2494 2510
f 2510 2494 2722
f 2495 2496 2497
f 2495 2540 2496
f 2497 2639 2495
f 2539 2540 2495
f 2495 2649 2539
f 2495 2639 2649
f 2497 2496 2498
f 2640 2498 2496
f 2650 2496 2540
f 2640 2496 2650
f 2497 2498 2499
f 2499 2639 2497
f 2499 2498 2500
f 2640 2500 2498
f 2499 2500 2501
f 2501 2641 2499
f 2499 2641 2639
f 2501 2500 2502
f 2642 2502 2500
f 2642 2500 2640
f 2501 2502 2503
f 2503 2631 2501
f 2501 2631 2641
f 2503 2502 2504
f 2632 2504 2502
f 2632 2502 2642
f 2503 2633 2631
f 2634 2504 2632
f 2505 2506 2541
f 2541 2506 2542
f 2507 2544 2508
f 2543 2544 2507
f 2509 2510 2511
f 2511 2701 2509
f 2511 2510 2512
f 2722 2512 2510
f 2511 2512 2513
f 2513 2677 2511
f 2511 2677 2701
f 2513 2512 2514
f 2514 2512 2722
f 2513 2514 2515
f 2515 2679 2513
f 2513 2679 2677
f 2515 2514 2516
f 2722 2516 2514
f 2515 2516 2517
f 2517 2679 2515
f 2517 2516 2518
f 2722 2518 2516
f 2517 2518 2519
f 2519 2681 2517
f 2517 2681 2679
f 2519 2518 2520
f 2520 2518 2722
f 2519 2520 2521
f 2521 2681 2519
f 2521 2520 2522
f 2722 2522 2520
f 2521 2522 2523
f 2523 2665 2521
f 2521 2665 2681
f 2523 2522 2524
f 2722 2524 2522
f 2523 2524 2525
f 2525 2665 2523
f 2525 2524 2526
f 2526 2524 2722
f 2525 2526 2527
f 2527 2669 2525
f 2525 2667 2665
f 2525 2669 2667
f 2527 2526 2528
f 2722 2528 2526
f 2527 2528 2529
f 2529 2669 2527
f 2529 2528 2530
f 2724 2530 2528
f 2724 2528 2722
f 2529 2530 2531
f 2531 2655 2529
f 2529 2655 2669
f 2531 2530 2532
f 2726 2532 2530
f 2726 2530 2724
f 2531 2532 2533
f 2533 2655 2531
f 2533 2532 2534
f 2728 2534 2532
f 2728 2532 2726
f 2533 2534 2535
f 2535 2657 2533
f 2533 2657 2655
f 2535 2534 2536
f 2730 2536 2534
f 2730 2534 2728
f 2535 2536 2537
f 2537 2657 2535
f 2537 2536 2538
f 2732 2538 2536
f 2732 2536 2730
f 2537 2538 2539
f 2539 2649 2537
f 2537 2649 2647
f 2537 2647 2657
f 2539 2538 2540
f 2650 2540 2538
f 2650 2538 2648
f 2648 2538 2658
f 2658 2538 2656
f 2656 2538 2670
f 2668 2538 2666
f 2666 2538 2682
f 2670 2538 2668
f 2680 2538 2678
f 2678 2538 2702
f 2682 2538 2680
f 2696 2538 2694
f 2694 2538 2732
f 2698 2538 2696
f 2700 2538 2698
f 2702 2538 2700
f 2541 2542 2545
f 2545 2542 2546
f 2543 2548 2544
f 2547 2548 2543
f 2545 2546 2549
f 2549 2546 2550
f 2547 2552 2548
f 2551 2552 2547
f 2549 2550 2557
f 2557 2550 2558
f 2551 2554 2552
f 2553 2554 2551
f 2553 2560 2554
f 2559 2560 2553
f 2555 2558 2556
f 2555 2556 2561
f 2557 2558 2555
f 2561 2556 2562
f 2559 2564 2560
f 2563 2564 2559
f 2561 2562 2565
f 2565 2562 2566
f 2563 2568 2564
f 2567 2568 2563
f 2565 2566 2569
f 2569 2566 2570
f 2567 2572 2568
f 2571 2572 2567
f 2569 2570 2573
f 2573 2570 2574
f 2571 2576 2572
f 2575 2576 2571
f 2573 2574 2577
f 2577 2574 2578
f 2575 2580 2576
f 2579 2580 2575
f 2577 2578 2585
f 2585 2578 2586
f 2579 2582 2580
f 2581 2582 2579
f 2581 2588 2582
f 2587 2588 2581
f 2583 2586 2584
f 2583 2584 2589
f 2585 2586 2583
f 2589 2584 2590
f 2587 2592 2588
f 2591 2592 2587
f 2589 2590 2593
f 2593 2590 2594
f 2591 2596 2592
f 2595 2596 2591
f 2593 2594 2601
f 2601 2594 2602
f 2595 2598 2596
f 2597 2598 2595
f 2597 2604 2598
f 2603 2604 2597
f 2599 2602 2600
f 2599 2600 2605
f 2601 2602 2599
f 2605 2600 2606
f 2603 2608 2604
f 2607 2608 2603
f 2605 2606 2613
f 2613 2606 2614
f 2607 2610 2608
f 2609 2610 2607
f 2609 2616 2610
f 2615 2616 2609
f 2611 2614 2612
f 2611 2612 2617
f 2613 2614 2611
f 2617 2612 2618
f 2615 2620 2616
f 2619 2620 2615
f 2617 2618 2625
f 2625 2618 2626
f 2619 2622 2620
f 2621 2622 2619
f 2621 2628 2622
f 2627 2628 2621
f 2623 2626 2624
f 2623 2624 2633
f 2625 2626 2623
f 2633 2624 2634
f 2627 2630 2628
f 2629 2630 2627
f 2629 2636 2630
f 2635 2636 2629
f 2631 2634 2632
f 2631 2632 2641
f 2633 2634 2631
f 2641 2632 2642
f 2635 2638 2636
f 2637 2638 2635
f 2637 2644 2638
f 2643 2644 2637
f 2639 2642 2640
f 2639 2640 2649
f 2641 2642 2639
f 2649 2640 2650
f 2643 2646 2644
f 2645 2646 2643
f 2645 2652 2646
f 2651 2652 2645
f 2647 2650 2648
f 2647 2648 2657
f 2649 2650 2647
f 2657 2648 2658
f 2651 2654 2652
f 2653 2654 2651
f 2653 2660 2654
f 2659 2660 2653
f 2655 2658 2656
f 2655 2656 2669
f 2657 2658 2655
f 2669 2656 2670
f 2659 2662 2660
f 2661 2662 2659
f 2661 2664 2662
f 2663 2664 2661
f 2663 2672 2664
f 2671 2672 2663
f 2665 2668 2666
f 2665 2666 2681
f 2667 2668 2665
f 2681 2666 2682
f 2667 2670 2668
f 2669 2670 2667
f 2671 2674 2672
f 2673 2674 2671
f 2673 2676 2674
f 2675 2676 2673
f 2675 2684 2676
f 2683 2684 2675
f 2677 2680 2678
f 2677 2678 2701
f 2679 2680 2677
f 2701 2678 2702
f 2679 2682 2680
f 2681 2682 2679
f 2683 2686 2684
f 2685 2686 2683
f 2685 2688 2686
f 2687 2688 2685
f 2687 2690 2688
f 2689 2690 2687
f 2689 2692 2690
f 2691 2692 2689
f 2691 2704 2692
f 2703 2704 2691
f 2693 2696 2694
f 2693 2694 2731
f 2695 2696 2693
f 2731 2694 2732
f 2695 2698 2696
f 2697 2698 2695
f 2697 2700 2698
f 2699 2700 2697
f 2699 2702 2700
f 2701 2702 2699
f 2703 2706 2704
f 2705 2706 2703
f 2705 2708 2706
f 2707 2708 2705
f 2707 2710 2708
f 2709 2710 2707
f 2709 2712 2710
f 2711 2712 2709
f 2711 2714 2712
f 2713 2714 2711
f 2713 2716 2714
f 2715 2716 2713
f 2715 2718 2716
f 2717 2718 2715
f 2717 2720 2718
f 2719 2720 2717
f 2719 2722 2720
f 2721 2722 2719
f 2721 2724 2722
f 2723 2724 2721
f 2723 2726 2724
f 2725 2726 2723
f 2725 2728 2726
f 2727 2728 2725
f 2727 2730 2728
f 2729 2730 2727
f 2729 2732 2730
f 2731 2732 2729
f 2733 2734 2735
f 2733 2758 2734
f 3107 2733 2735
f 2757 2758 2733
f 3115 2757 2733
f 3115 2733 3107
f 2735 2734 2736
f 2734 2886 2736
f 2758 2886 2734
f 2735 2736 2737
f 3099 2735 2737
f 3107 2735 3099
f 2737 2736 2738
f 2736 2888 2738
f 2736 2886 2888
f 2737 2738 2739
f 3091 2737 2739
f 3099 2737 3091
f 2739 2738 2740
f 2738 2888 2740
f 2739 2740 2741
f 3081 2739 2741
f 3091 2739 3081
f 2741 2740 2742
f 2740 2890 2742
f 2740 2888 2890
f 2741 2742 2743
f 3073 2741 2743
f 3081 2741 3073
f 2743 2742 2744
f 2742 2890 2744
f 2743 2744 2745
f 3061 2743 2745
f 3071 2743 3061
f 3073 2743 3071
f 2745 2744 2746
f 2744 2892 2746
f 2744 2890 2892
f 2745 2746 2747
f 3053 2745 2747
f 3061 2745 3053
f 2747 2746 2748
f 2746 2892 2748
f 2747 2748 2759
f 3045 2747 2759
f 3053 2747 3045
f 2759 2748 2760
f 2748 2894 2760
f 2748 2892 2894
f 2749 2750 2751
f 2749 2774 2750
f 2749 2751 3159
f 2773 2774 2749
f 2749 2927 2773
f 2929 2927 2749
f 2749 2931 2929
f 2943 2931 2749
f 2945 2943 2749
f 2955 2945 2749
f 2749 2957 2955
f 2749 2969 2957
f 2971 2969 2749
f 2971 2749 3159
f 2751 2750 2752
f 2750 2908 2752
f 2774 2906 2750
f 2750 2906 2908
f 2751 2752 2753
f 3143 2751 2753
f 3159 2751 3143
f 2753 2752 2754
f 2752 2908 2754
f 2753 2754 2755
f 3135 2753 2755
f 3143 2753 3135
f 2755 2754 2756
f 2754 2884 2756
f 2754 2908 2884
f 2755 2756 2757
f 3123 2755 2757
f 3135 2755 3123
f 2757 2756 2758
f 2756 2884 2758
f 3123 2757 3115
f 2758 2884 2886
f 2759 2760 2761
f 3037 2759 2761
f 3045 2759 3037
f 2761 2760 2762
f 2760 2894 2762
f 2761 2762 2763
f 3029 2761 2763
f 3037 2761 3029
f 2763 2762 2764
f 2762 2910 2764
f 2762 2894 2910
f 2763 2764 2765
f 3021 2763 2765
f 3029 2763 3021
f 2765 2764 2766
f 2764 2910 2766
f 2765 2766 2767
f 3011 2765 2767
f 3013 2765 3011
f 3021 2765 3013
f 2767 2766 2768
f 2766 2912 2768
f 2766 2910 2912
f 2767 2768 2775
f 2999 2767 2775
f 3011 2767 2999
f 2775 2768 2776
f 2768 2912 2776
f 2769 2770 2771
f 2769 2788 2770
f 2771 2893 2769
f 2787 2788 2769
f 2769 2891 2787
f 2893 2891 2769
f 2771 2770 2772
f 2770 2904 2772
f 2788 2904 2770
f 2771 2772 2773
f 2773 2911 2771
f 2909 2893 2771
f 2911 2909 2771
f 2773 2772 2774
f 2772 2906 2774
f 2772 2904 2906
f 2913 2911 2773
f 2773 2915 2913
f 2773 2927 2915
f 2775 2776 2777
f 2987 2775 2777
f 2999 2775 2987
f 2777 2776 2778
f 2776 2914 2778
f 2776 2912 2914
f 2777 2778 2779
f 2973 2777 2779
f 2975 2777 2973
f 2987 2777 2975
f 2779 2778 2780
f 2778 2914 2780
f 2779 2780 2789
f 2959 2779 2789
f 2973 2779 2959
f 2789 2780 2790
f 2780 2916 2790
f 2780 2914 2916
f 2781 2782 2783
f 2781 2798 2782
f 2783 2925 2781
f 2797 2798 2781
f 2781 2925 2797
f 2783 2782 2784
f 2782 2926 2784
f 2798 2926 2782
f 2783 2784 2785
f 2785 2925 2783
f 2785 2784 2786
f 2784 2926 2786
f 2785 2786 2787
f 2787 2891 2785
f 2885 2883 2785
f 2883 2907 2785
f 2785 2887 2885
f 2785 2889 2887
f 2785 2891 2889
f 2903 2901 2785
f 2785 2901 2925
f 2785 2905 2903
f 2785 2907 2905
f 2787 2786 2788
f 2786 2904 2788
f 2786 2902 2904
f 2786 2926 2902
f 2789 2790 2791
f 2947 2789 2791
f 2959 2789 2947
f 2791 2790 2792
f 2790 2960 2792
f 2790 2916 2928
f 2928 2930 2790
f 2790 2930 2932
f 2932 2944 2790
f 2944 2946 2790
f 2946 2956 2790
f 2790 2956 2958
f 2790 2958 2970
f 2974 2960 2790
f 2970 2972 2790
f 2790 2972 2974
f 2791 2792 2793
f 2933 2791 2793
f 2947 2791 2933
f 2793 2792 2794
f 2792 2948 2794
f 2792 2960 2948
f 2793 2794 2799
f 2933 2793 2799
f 2799 2794 2800
f 2794 2934 2800
f 2794 2948 2934
f 2795 2796 2797
f 2795 2808 2796
f 2797 2923 2795
f 2807 2808 2795
f 2795 2923 2807
f 2797 2796 2798
f 2796 2924 2798
f 2808 2924 2796
f 2797 2925 2923
f 2798 2924 2926
f 2799 2800 2801
f 2917 2799 2801
f 2933 2799 2917
f 2801 2800 2802
f 2800 2934 2802
f 2801 2802 2803
f 2895 2801 2803
f 2917 2801 2895
f 2803 2802 2804
f 2802 2918 2804
f 2802 2934 2918
f 2803 2804 2809
f 2895 2803 2809
f 2809 2804 2810
f 2804 2896 2810
f 2804 2918 2896
f 2805 2806 2807
f 2805 2816 2806
f 2807 2941 2805
f 2815 2816 2805
f 2805 2941 2815
f 2807 2806 2808
f 2806 2942 2808
f 2816 2942 2806
f 2807 2923 2921
f 2807 2921 2941
f 2808 2922 2924
f 2808 2942 2922
f 2809 2810 2811
f 2877 2809 2811
f 2879 2809 2877
f 2895 2809 2879
f 2811 2810 2812
f 2810 2880 2812
f 2810 2896 2880
f 2811 2812 2817
f 2871 2811 2817
f 2877 2811 2871
f 2817 2812 2818
f 2812 2878 2818
f 2812 2880 2878
f 2813 2814 2815
f 2813 2824 2814
f 2815 2941 2813
f 2823 2824 2813
f 2813 2939 2823
f 2813 2941 2939
f 2815 2814 2816
f 2814 2942 2816
f 2824 2940 2814
f 2814 2940 2942
f 2817 2818 2819
f 2871 2817 2819
f 2819 2818 2820
f 2818 2872 2820
f 2818 2878 2872
f 2819 2820 2825
f 2867 2819 2825
f 2871 2819 2867
f 2825 2820 2826
f 2820 2868 2826
f 2820 2872 2868
f 2821 2822 2823
f 2821 2832 2822
f 2823 2953 2821
f 2831 2832 2821
f 2821 2951 2831
f 2821 2953 2951
f 2823 2822 2824
f 2822 2954 2824
f 2832 2952 2822
f 2822 2952 2954
f 2823 2939 2953
f 2824 2954 2940
f 2825 2826 2827
f 2863 2825 2827
f 2867 2825 2863
f 2827 2826 2828
f 2826 2868 2828
f 2827 2828 2833
f 2863 2827 2833
f 2833 2828 2834
f 2828 2864 2834
f 2828 2868 2864
f 2829 2830 2831
f 2829 2840 2830
f 2831 2951 2829
f 2839 2840 2829
f 2829 2951 2839
f 2831 2830 2832
f 2830 2952 2832
f 2840 2952 2830
f 2833 2834 2835
f 2859 2833 2835
f 2863 2833 2859
f 2835 2834 2836
f 2834 2864 2836
f 2835 2836 2841
f 2851 2835 2841
f 2857 2835 2851
f 2859 2835 2857
f 2841 2836 2842
f 2836 2858 2842
f 2836 2860 2858
f 2836 2864 2860
f 2837 2838 2839
f 2837 2848 2838
f 2839 2967 2837
f 2847 2848 2837
f 2837 2965 2847
f 2837 2967 2965
f 2839 2838 2840
f 2838 2968 2840
f 2848 2966 2838
f 2838 2966 2968
f 2839 2951 2967
f 2840 2968 2952
f 2841 2842 2843
f 2851 2841 2843
f 2843 2842 2844
f 2842 2852 2844
f 2842 2858 2852
f 2843 2844 2849
f 2851 2843 2849
f 2849 2844 2850
f 2844 2852 2850
f 2845 2846 2847
f 2845 2856 2846
f 2847 2965 2845
f 2855 2856 2845
f 2845 2981 2855
f 2845 2965 2981
f 2847 2846 2848
f 2846 2966 2848
f 2856 2982 2846
f 2846 2982 2966
f 2849 2850 2851
f 2851 2850 2852
f 2851 2852 2857
f 2857 2852 2858
f 2853 2854 2855
f 2853 2862 2854
f 2855 2979 2853
f 2861 2862 2853
f 2853 2979 2861
f 2855 2854 2856
f 2854 2980 2856
f 2862 2980 2854
f 2855 2981 2979
f 2856 2980 2982
f 2857 2858 2859
f 2859 2858 2860
f 2859 2860 2863
f 2863 2860 2864
f 2861 2866 2862
f 2865 2866 2861
f 2861 2979 2865
f 2866 2980 2862
f 2863 2864 2867
f 2867 2864 2868
f 2865 2870 2866
f 2869 2870 2865
f 2865 2991 2869
f 2865 2979 2993
f 2865 2993 2991
f 2870 2992 2866
f 2866 2994 2980
f 2866 2992 2994
f 2867 2868 2871
f 2871 2868 2872
f 2869 2876 2870
f 2875 2876 2869
f 2869 2991 2875
f 2876 2992 2870
f 2871 2872 2877
f 2877 2872 2878
f 2873 2874 2875
f 2873 2882 2874
f 2875 3005 2873
f 2881 2882 2873
f 2873 3005 2881
f 2875 2874 2876
f 2874 3006 2876
f 2882 3006 2874
f 2875 2991 3005
f 2876 3006 2992
f 2877 2878 2879
f 2879 2878 2880
f 2879 2880 2895
f 2895 2880 2896
f 2881 2900 2882
f 2899 2900 2881
f 2881 3005 2899
f 2900 3006 2882
f 2883 2886 2884
f 2883 2884 2907
f 2885 2886 2883
f 2907 2884 2908
f 2885 2888 2886
f 2887 2888 2885
f 2887 2890 2888
f 2889 2890 2887
f 2889 2892 2890
f 2891 2892 2889
f 2891 2894 2892
f 2893 2894 2891
f 2893 2910 2894
f 2909 2910 2893
f 2895 2896 2917
f 2917 2896 2918
f 2897 2898 2899
f 2897 2920 2898
f 2899 3017 2897
f 2919 2920 2897
f 2897 3017 2919
f 2899 2898 2900
f 2898 3018 2900
f 2920 3018 2898
f 2899 3005 3017
f 2900 3018 3006
f 2901 2904 2902
f 2901 2902 2925
f 2903 2904 2901
f 2925 2902 2926
f 2903 2906 2904
f 2905 2906 2903
f 2905 2908 2906
f 2907 2908 2905
f 2909 2912 2910
f 2911 2912 2909
f 2911 2914 2912
f 2913 2914 2911
f 2913 2916 2914
f 2915 2916 2913
f 2915 2928 2916
f 2927 2928 2915
f 2917 2918 2933
f 2933 2918 2934
f 2919 2938 2920
f 2937 2938 2919
f 2919 3017 2937
f 2938 3018 2920
f 2921 2924 2922
f 2921 2922 2941
f 2923 2924 2921
f 2941 2922 2942
f 2923 2926 2924
f 2925 2926 2923
f 2927 2930 2928
f 2929 2930 2927
f 2929 2932 2930
f 2931 2932 2929
f 2931 2944 2932
f 2943 2944 2931
f 2933 2934 2947
f 2947 2934 2948
f 2935 2936 2937
f 2935 2950 2936
f 2937 3025 2935
f 2949 2950 2935
f 2935 3025 2949
f 2937 2936 2938
f 2936 3026 2938
f 2950 3026 2936
f 2937 3017 3025
f 2938 3026 3018
f 2939 2942 2940
f 2939 2940 2953
f 2941 2942 2939
f 2953 2940 2954
f 2943 2946 2944
f 2945 2946 2943
f 2945 2956 2946
f 2955 2956 2945
f 2947 2948 2959
f 2959 2948 2960
f 2949 2964 2950
f 2963 2964 2949
f 2949 3025 2963
f 2964 3026 2950
f 2951 2954 2952
f 2951 2952 2967
f 2953 2954 2951
f 2967 2952 2968
f 2955 2958 2956
f 2957 2958 2955
f 2957 2970 2958
f 2969 2970 2957
f 2959 2960 2973
f 2973 2960 2974
f 2961 2962 2963
f 2961 2978 2962
f 2963 3033 2961
f 2977 2978 2961
f 2961 3033 2977
f 2963 2962 2964
f 2962 3034 2964
f 2978 3034 2962
f 2963 3025 3033
f 2964 3034 3026
f 2965 2968 2966
f 2965 2966 2981
f 2967 2968 2965
f 2981 2966 2982
f 2969 2972 2970
f 2971 2972 2969
f 2971 2984 2972
f 2983 2984 2971
f 2983 2971 3157
f 2971 3159 3157
f 2974 2972 2976
f 2976 2972 2988
f 2972 2984 3158
f 2988 2972 3000
f 3000 2972 3012
f 3012 2972 3014
f 3014 2972 3022
f 3022 2972 3030
f 3030 2972 3038
f 3038 2972 3046
f 3046 2972 3054
f 3054 2972 3062
f 3062 2972 3072
f 3072 2972 3074
f 3074 2972 3082
f 3082 2972 3092
f 3092 2972 3100
f 3100 2972 3108
f 3108 2972 3116
f 3116 2972 3124
f 3124 2972 3136
f 3136 2972 3144
f 3144 2972 3160
f 3160 2972 3158
f 2973 2974 2975
f 2975 2974 2976
f 2975 2976 2987
f 2987 2976 2988
f 2977 2990 2978
f 2989 2990 2977
f 2977 3041 2989
f 2977 3033 3041
f 2990 3042 2978
f 2978 3042 3034
f 2979 2982 2980
f 2979 2980 2993
f 2981 2982 2979
f 2993 2980 2994
f 2983 2986 2984
f 2985 2986 2983
f 3157 2985 2983
f 3158 2984 2986
f 2985 2996 2986
f 2995 2996 2985
f 3157 2995 2985
f 3158 2986 2996
f 2987 2988 2999
f 2999 2988 3000
f 2989 3004 2990
f 3003 3004 2989
f 2989 3041 3003
f 3004 3042 2990
f 2991 2994 2992
f 2991 2992 3005
f 2993 2994 2991
f 3005 2992 3006
f 2995 2998 2996
f 2997 2998 2995
f 3157 2997 2995
f 3158 2996 2998
f 2997 3008 2998
f 3007 3008 2997
f 3157 3007 2997
f 3158 2998 3008
f 2999 3000 3011
f 3011 3000 3012
f 3001 3002 3003
f 3001 3016 3002
f 3003 3041 3001
f 3015 3016 3001
f 3001 3049 3015
f 3001 3041 3049
f 3003 3002 3004
f 3382 3004 3002
f 3382 3002 3016
f 3004 3050 3042
f 3058 3050 3004
f 3066 3058 3004
f 3004 3078 3066
f 3004 3086 3078
f 3004 3096 3086
f 3104 3096 3004
f 3112 3104 3004
f 3004 3120 3112
f 3004 3128 3120
f 3130 3128 3004
f 3140 3130 3004
f 3004 3150 3140
f 3004 3152 3150
f 3004 3164 3152
f 3172 3164 3004
f 3004 3180 3172
f 3182 3180 3004
f 3192 3182 3004
f 3382 3192 3004
f 3005 3006 3017
f 3017 3006 3018
f 3007 3010 3008
f 3009 3010 3007
f 3167 3009 3007
f 3167 3007 3157
f 3168 3008 3010
f 3158 3008 3168
f 3009 3020 3010
f 3019 3020 3009
f 3167 3019 3009
f 3010 3020 3168
f 3011 3012 3013
f 3013 3012 3014
f 3013 3014 3021
f 3021 3014 3022
f 3015 3024 3016
f 3023 3024 3015
f 3015 3049 3023
f 3414 3016 3024
f 3382 3016 3414
f 3017 3018 3025
f 3025 3018 3026
f 3019 3028 3020
f 3027 3028 3019
f 3175 3027 3019
f 3175 3019 3167
f 3176 3020 3028
f 3168 3020 3176
f 3021 3022 3029
f 3029 3022 3030
f 3023 3032 3024
f 3031 3032 3023
f 3023 3049 3031
f 3412 3024 3032
f 3414 3024 3412
f 3025 3026 3033
f 3033 3026 3034
f 3027 3036 3028
f 3035 3036 3027
f 3175 3035 3027
f 3176 3028 3036
f 3029 3030 3037
f 3037 3030 3038
f 3031 3040 3032
f 3039 3040 3031
f 3031 3057 3039
f 3031 3049 3057
f 3410 3032 3040
f 3412 3032 3410
f 3033 3034 3041
f 3041 3034 3042
f 3035 3044 3036
f 3043 3044 3035
f 3175 3043 3035
f 3176 3036 3044
f 3037 3038 3045
f 3045 3038 3046
f 3039 3048 3040
f 3047 3048 3039
f 3039 3065 3047
f 3039 3057 3065
f 3408 3040 3048
f 3410 3040 3408
f 3041 3042 3049
f 3049 3042 3050
f 3043 3052 3044
f 3051 3052 3043
f 3187 3051 3043
f 3187 3043 3175
f 3188 3044 3052
f 3176 3044 3188
f 3045 3046 3053
f 3053 3046 3054
f 3047 3056 3048
f 3055 3056 3047
f 3047 3065 3055
f 3406 3048 3056
f 3408 3048 3406
f 3049 3050 3057
f 3057 3050 3058
f 3051 3060 3052
f 3059 3060 3051
f 3059 3051 3199
f 3199 3051 3187
f 3200 3052 3060
f 3188 3052 3200
f 3053 3054 3061
f 3061 3054 3062
f 3055 3064 3056
f 3063 3064 3055
f 3055 3065 3063
f 3404 3056 3064
f 3406 3056 3404
f 3057 3058 3065
f 3065 3058 3066
f 3059 3068 3060
f 3067 3068 3059
f 3067 3059 3199
f 3200 3060 3068
f 3061 3062 3071
f 3071 3062 3072
f 3063 3076 3064
f 3063 3065 3077
f 3075 3076 3063
f 3063 3077 3075
f 3402 3064 3076
f 3404 3064 3402
f 3065 3066 3077
f 3077 3066 3078
f 3067 3070 3068
f 3069 3070 3067
f 3069 3067 3215
f 3215 3067 3199
f 3216 3068 3070
f 3200 3068 3216
f 3069 3080 3070
f 3079 3080 3069
f 3215 3079 3069
f 3216 3070 3080
f 3071 3072 3073
f 3073 3072 3074
f 3073 3074 3081
f 3081 3074 3082
f 3075 3084 3076
f 3075 3077 3083
f 3083 3084 3075
f 3400 3076 3084
f 3402 3076 3400
f 3077 3078 3085
f 3083 3077 3085
f 3085 3078 3086
f 3079 3090 3080
f 3089 3090 3079
f 3089 3079 3229
f 3229 3079 3215
f 3230 3080 3090
f 3216 3080 3230
f 3081 3082 3091
f 3091 3082 3092
f 3083 3094 3084
f 3083 3085 3093
f 3093 3094 3083
f 3398 3084 3094
f 3400 3084 3398
f 3085 3086 3095
f 3093 3085 3095
f 3095 3086 3096
f 3087 3088 3089
f 3087 3098 3088
f 3229 3087 3089
f 3097 3098 3087
f 3227 3097 3087
f 3227 3087 3229
f 3089 3088 3090
f 3090 3088 3230
f 3228 3088 3098
f 3230 3088 3228
f 3091 3092 3099
f 3099 3092 3100
f 3093 3102 3094
f 3093 3095 3101
f 3101 3102 3093
f 3396 3094 3102
f 3398 3094 3396
f 3095 3096 3103
f 3101 3095 3109
f 3117 3095 3103
f 3109 3095 3117
f 3103 3096 3104
f 3097 3106 3098
f 3105 3106 3097
f 3247 3105 3097
f 3247 3097 3227
f 3098 3106 3248
f 3228 3098 3248
f 3099 3100 3107
f 3107 3100 3108
f 3101 3110 3102
f 3109 3110 3101
f 3394 3102 3110
f 3396 3102 3394
f 3103 3104 3111
f 3125 3103 3111
f 3117 3103 3125
f 3111 3104 3112
f 3105 3114 3106
f 3113 3114 3105
f 3273 3113 3105
f 3273 3105 3247
f 3274 3106 3114
f 3248 3106 3274
f 3107 3108 3115
f 3115 3108 3116
f 3109 3118 3110
f 3117 3118 3109
f 3392 3110 3118
f 3394 3110 3392
f 3111 3112 3119
f 3147 3111 3119
f 3125 3111 3137
f 3137 3111 3145
f 3145 3111 3147
f 3119 3112 3120
f 3113 3122 3114
f 3121 3122 3113
f 3271 3121 3113
f 3271 3113 3273
f 3114 3122 3272
f 3274 3114 3272
f 3115 3116 3123
f 3123 3116 3124
f 3117 3126 3118
f 3125 3126 3117
f 3390 3118 3126
f 3392 3118 3390
f 3119 3120 3127
f 3177 3119 3127
f 3147 3119 3161
f 3161 3119 3169
f 3169 3119 3177
f 3127 3120 3128
f 3121 3134 3122
f 3133 3134 3121
f 3277 3133 3121
f 3277 3121 3271
f 3278 3122 3134
f 3272 3122 3278
f 3123 3124 3135
f 3135 3124 3136
f 3125 3138 3126
f 3137 3138 3125
f 3388 3126 3138
f 3390 3126 3388
f 3127 3128 3129
f 3177 3127 3129
f 3129 3128 3130
f 3129 3130 3139
f 3201 3129 3139
f 3177 3129 3189
f 3189 3129 3201
f 3139 3130 3140
f 3131 3132 3133
f 3131 3142 3132
f 3281 3131 3133
f 3141 3142 3131
f 3281 3141 3131
f 3133 3132 3134
f 3282 3134 3132
f 3282 3132 3142
f 3281 3133 3277
f 3278 3134 3282
f 3135 3136 3143
f 3143 3136 3144
f 3137 3146 3138
f 3145 3146 3137
f 3380 3138 3146
f 3388 3138 3380
f 3139 3140 3149
f 3231 3139 3149
f 3201 3139 3217
f 3217 3139 3231
f 3149 3140 3150
f 3141 3156 3142
f 3155 3156 3141
f 3287 3155 3141
f 3289 3141 3281
f 3287 3141 3289
f 3288 3142 3156
f 3282 3142 3290
f 3290 3142 3288
f 3143 3144 3159
f 3159 3144 3160
f 3145 3148 3146
f 3147 3148 3145
f 3378 3146 3148
f 3380 3146 3378
f 3147 3162 3148
f 3161 3162 3147
f 3378 3148 3162
f 3149 3150 3151
f 3231 3149 3151
f 3151 3150 3152
f 3151 3152 3163
f 3275 3151 3163
f 3231 3151 3249
f 3249 3151 3275
f 3163 3152 3164
f 3153 3154 3155
f 3153 3166 3154
f 3287 3153 3155
f 3165 3166 3153
f 3297 3165 3153
f 3297 3153 3287
f 3155 3154 3156
f 3288 3156 3154
f 3298 3154 3166
f 3288 3154 3298
f 3157 3160 3158
f 3157 3158 3167
f 3159 3160 3157
f 3167 3158 3168
f 3161 3170 3162
f 3169 3170 3161
f 3376 3162 3170
f 3378 3162 3376
f 3163 3164 3171
f 3283 3163 3171
f 3275 3163 3279
f 3279 3163 3283
f 3171 3164 3172
f 3165 3174 3166
f 3173 3174 3165
f 3301 3173 3165
f 3295 3165 3297
f 3301 3165 3295
f 3302 3166 3174
f 3298 3166 3296
f 3296 3166 3302
f 3167 3168 3175
f 3175 3168 3176
f 3169 3178 3170
f 3177 3178 3169
f 3368 3170 3178
f 3376 3170 3368
f 3171 3172 3179
f 3299 3171 3179
f 3283 3171 3285
f 3285 3171 3291
f 3291 3171 3293
f 3293 3171 3299
f 3179 3172 3180
f 3173 3186 3174
f 3185 3186 3173
f 3307 3185 3173
f 3307 3173 3301
f 3308 3174 3186
f 3302 3174 3308
f 3175 3176 3187
f 3187 3176 3188
f 3177 3190 3178
f 3189 3190 3177
f 3366 3178 3190
f 3368 3178 3366
f 3179 3180 3181
f 3299 3179 3181
f 3181 3180 3182
f 3181 3182 3191
f 3305 3181 3191
f 3299 3181 3303
f 3303 3181 3305
f 3191 3182 3192
f 3183 3184 3185
f 3183 3198 3184
f 3307 3183 3185
f 3197 3198 3183
f 3183 3307 3197
f 3185 3184 3186
f 3308 3186 3184
f 3184 3198 3312
f 3308 3184 3312
f 3187 3188 3199
f 3199 3188 3200
f 3189 3202 3190
f 3201 3202 3189
f 3364 3190 3202
f 3366 3190 3364
f 3191 3192 3193
f 3193 3383 3191
f 3305 3191 3309
f 3309 3191 3313
f 3313 3191 3315
f 3315 3191 3319
f 3319 3191 3321
f 3321 3191 3327
f 3327 3191 3329
f 3329 3191 3335
f 3335 3191 3337
f 3337 3191 3343
f 3343 3191 3345
f 3345 3191 3347
f 3347 3191 3353
f 3353 3191 3355
f 3355 3191 3357
f 3357 3191 3363
f 3363 3191 3365
f 3365 3191 3367
f 3367 3191 3375
f 3375 3191 3377
f 3377 3191 3379
f 3379 3191 3387
f 3191 3383 3381
f 3413 3191 3381
f 3387 3191 3389
f 3389 3191 3391
f 3391 3191 3393
f 3393 3191 3395
f 3395 3191 3397
f 3397 3191 3399
f 3399 3191 3401
f 3401 3191 3403
f 3403 3191 3405
f 3405 3191 3407
f 3407 3191 3409
f 3409 3191 3411
f 3411 3191 3413
f 3193 3192 3194
f 3384 3194 3192
f 3384 3192 3382
f 3193 3194 3203
f 3203 3383 3193
f 3203 3194 3204
f 3384 3204 3194
f 3195 3196 3197
f 3195 3214 3196
f 3197 3311 3195
f 3213 3214 3195
f 3195 3317 3213
f 3195 3311 3317
f 3197 3196 3198
f 3312 3198 3196
f 3318 3196 3214
f 3312 3196 3318
f 3197 3307 3311
f 3199 3200 3215
f 3215 3200 3216
f 3201 3218 3202
f 3217 3218 3201
f 3356 3202 3218
f 3358 3202 3356
f 3364 3202 3358
f 3203 3204 3205
f 3205 3383 3203
f 3205 3204 3206
f 3206 3204 3384
f 3205 3206 3207
f 3207 3383 3205
f 3207 3206 3208
f 3384 3208 3206
f 3207 3208 3219
f 3219 3383 3207
f 3219 3208 3220
f 3384 3220 3208
f 3209 3210 3211
f 3209 3226 3210
f 3211 3325 3209
f 3225 3226 3209
f 3209 3325 3225
f 3211 3210 3212
f 3326 3212 3210
f 3326 3210 3226
f 3211 3212 3213
f 3213 3317 3211
f 3211 3317 3325
f 3213 3212 3214
f 3318 3214 3212
f 3318 3212 3326
f 3215 3216 3229
f 3229 3216 3230
f 3217 3232 3218
f 3231 3232 3217
f 3354 3218 3232
f 3356 3218 3354
f 3219 3220 3221
f 3221 3383 3219
f 3221 3220 3222
f 3384 3222 3220
f 3221 3222 3233
f 3233 3385 3221
f 3221 3385 3383
f 3233 3222 3234
f 3234 3222 3386
f 3386 3222 3384
f 3223 3224 3225
f 3223 3246 3224
f 3225 3323 3223
f 3245 3246 3223
f 3223 3331 3245
f 3223 3323 3333
f 3223 3333 3331
f 3225 3224 3226
f 3324 3226 3224
f 3332 3224 3246
f 3324 3224 3334
f 3334 3224 3332
f 3225 3325 3323
f 3326 3226 3324
f 3227 3230 3228
f 3227 3228 3247
f 3229 3230 3227
f 3247 3228 3248
f 3231 3250 3232
f 3249 3250 3231
f 3346 3232 3250
f 3348 3232 3346
f 3354 3232 3348
f 3233 3234 3235
f 3235 3385 3233
f 3235 3234 3236
f 3236 3234 3386
f 3235 3236 3237
f 3237 3369 3235
f 3235 3369 3385
f 3237 3236 3238
f 3238 3236 3370
f 3370 3236 3386
f 3237 3238 3251
f 3251 3369 3237
f 3251 3238 3252
f 3370 3252 3238
f 3239 3240 3241
f 3239 3270 3240
f 3241 3339 3239
f 3269 3270 3239
f 3239 3339 3269
f 3241 3240 3242
f 3340 3242 3240
f 3340 3240 3270
f 3241 3242 3243
f 3243 3341 3241
f 3241 3341 3339
f 3243 3242 3244
f 3342 3244 3242
f 3342 3242 3340
f 3243 3244 3245
f 3245 3331 3243
f 3243 3331 3341
f 3245 3244 3246
f 3332 3246 3244
f 3332 3244 3342
f 3247 3248 3273
f 3273 3248 3274
f 3249 3276 3250
f 3275 3276 3249
f 3344 3250 3276
f 3346 3250 3344
f 3251 3252 3253
f 3253 3369 3251
f 3253 3252 3254
f 3254 3252 3370
f 3253 3254 3255
f 3255 3371 3253
f 3253 3371 3369
f 3255 3254 3256
f 3372 3256 3254
f 3372 3254 3370
f 3255 3256 3257
f 3257 3373 3255
f 3255 3373 3371
f 3257 3256 3258
f 3374 3258 3256
f 3374 3256 3372
f 3257 3258 3259
f 3259 3373 3257
f 3259 3258 3260
f 3374 3260 3258
f 3259 3260 3261
f 3261 3359 3259
f 3259 3359 3373
f 3261 3260 3262
f 3360 3262 3260
f 3360 3260 3374
f 3261 3262 3263
f 3263 3361 3261
f 3261 3361 3359
f 3263 3262 3264
f 3362 3264 3262
f 3362 3262 3360
f 3263 3264 3265
f 3265 3349 3263
f 3263 3349 3361
f 3265 3264 3266
f 3266 3264 3350
f 3350 3264 3362
f 3265 3266 3267
f 3267 3349 3265
f 3267 3266 3268
f 3350 3268 3266
f 3267 3268 3269
f 3269 3351 3267
f 3267 3351 3349
f 3269 3268 3270
f 3270 3268 3352
f 3352 3268 3350
f 3269 3339 3351
f 3340 3270 3352
f 3271 3274 3272
f 3271 3272 3277
f 3273 3274 3271
f 3277 3272 3278
f 3275 3280 3276
f 3279 3280 3275
f 3336 3276 3280
f 3338 3276 3336
f 3344 3276 3338
f 3277 3278 3281
f 3281 3278 3282
f 3279 3284 3280
f 3283 3284 3279
f 3330 3280 3284
f 3336 3280 3330
f 3281 3282 3289
f 3289 3282 3290
f 3283 3286 3284
f 3285 3286 3283
f 3330 3284 3286
f 3285 3292 3286
f 3291 3292 3285
f 3322 3286 3292
f 3328 3286 3322
f 3330 3286 3328
f 3287 3290 3288
f 3287 3288 3297
f 3289 3290 3287
f 3297 3288 3298
f 3291 3294 3292
f 3293 3294 3291
f 3320 3292 3294
f 3322 3292 3320
f 3293 3300 3294
f 3299 3300 3293
f 3320 3294 3300
f 3295 3298 3296
f 3295 3296 3301
f 3297 3298 3295
f 3301 3296 3302
f 3299 3304 3300
f 3303 3304 3299
f 3314 3300 3304
f 3316 3300 3314
f 3320 3300 3316
f 3301 3302 3307
f 3307 3302 3308
f 3303 3306 3304
f 3305 3306 3303
f 3310 3304 3306
f 3314 3304 3310
f 3305 3310 3306
f 3309 3310 3305
f 3307 3308 3311
f 3311 3308 3312
f 3309 3314 3310
f 3313 3314 3309
f 3311 3312 3317
f 3317 3312 3318
f 3313 3316 3314
f 3315 3316 3313
f 3315 3320 3316
f 3319 3320 3315
f 3317 3318 3325
f 3325 3318 3326
f 3319 3322 3320
f 3321 3322 3319
f 3321 3328 3322
f 3327 3328 3321
f 3323 3326 3324
f 3323 3324 3333
f 3325 3326 3323
f 3333 3324 3334
f 3327 3330 3328
f 3329 3330 3327
f 3329 3336 3330
f 3335 3336 3329
f 3331 3334 3332
f 3331 3332 3341
f 3333 3334 3331
f 3341 3332 3342
f 3335 3338 3336
f 3337 3338 3335
f 3337 3344 3338
f 3343 3344 3337
f 3339 3342 3340
f 3339 3340 3351
f 3341 3342 3339
f 3351 3340 3352
f 3343 3346 3344
f 3345 3346 3343
f 3345 3348 3346
f 3347 3348 3345
f 3347 3354 3348
f 3353 3354 3347
f 3349 3352 3350
f 3349 3350 3361
f 3351 3352 3349
f 3361 3350 3362
f 3353 3356 3354
f 3355 3356 3353
f 3355 3358 3356
f 3357 3358 3355
f 3357 3364 3358
f 3363 3364 3357
f 3359 3362 3360
f 3359 3360 3373
f 3361 3362 3359
f 3373 3360 3374
f 3363 3366 3364
f 3365 3366 3363
f 3365 3368 3366
f 3367 3368 3365
f 3367 3376 3368
f 3375 3376 3367
f 3369 3372 3370
f 3369 3370 3385
f 3371 3372 3369
f 3385 3370 3386
f 3371 3374 3372
f 3373 3374 3371
f 3375 3378 3376
f 3377 3378 3375
f 3377 3380 3378
f 3379 3380 3377
f 3379 3388 3380
f 3387 3388 3379
f 3381 3384 3382
f 3381 3382 3413
f 3383 3384 3381
f 3413 3382 3414
f 3383 3386 3384
f 3385 3386 3383
f 3387 3390 3388
f 3389 3390 3387
f 3389 3392 3390
f 3391 3392 3389
f 3391 3394 3392
f 3393 3394 3391
f 3393 3396 3394
f 3395 3396 3393
f 3395 3398 3396
f 3397 3398 3395
f 3397 3400 3398
f 3399 3400 3397
f 3399 3402 3400
f 3401 3402 3399
f 3401 3404 3402
f 3403 3404 3401
f 3403 3406 3404
f 3405 3406 3403
f 3405 3408 3406
f 3407 3408 3405
f 3407 3410 3408
f 3409 3410 3407
f 3409 3412 3410
f 3411 3412 3409
f 3411 3414 3412
f 3413 3414 3411
f 3415 3416 3417
f 3415 3448 3416
f 3955 3415 3417
f 3447 3448 3415
f 3963 3447 3415
f 3963 3415 3955
f 3417 3416 3418
f 3416 3624 3418
f 3448 3624 3416
f 3417 3418 3419
f 3947 3417 3419
f 3955 3417 3947
f 3419 3418 3420
f 3418 3626 3420
f 3418 3624 3626
f 3419 3420 3421
f 3939 3419 3421
f 3947 3419 3939
f 3421 3420 3422
f 3420 3626 3422
f 3421 3422 3423
f 3931 3421 3423
f 3939 3421 3931
f 3423 3422 3424
f 3422 3628 3424
f 3422 3626 3628
f 3423 3424 3425
f 3923 3423 3425
f 3931 3423 3923
f 3425 3424 3426
f 3424 3628 3426
f 3425 3426 3427
f 3915 3425 3427
f 3923 3425 3915
f 3427 3426 3428
f 3426 3630 3428
f 3426 3628 3630
f 3427 3428 3429
f 3897 3427 3429
f 3907 3427 3897
f 3915 3427 3907
f 3429 3428 3430
f 3428 3630 3430
f 3429 3430 3431
f 3889 3429 3431
f 3897 3429 3889
f 3431 3430 3432
f 3430 3632 3432
f 3430 3630 3632
f 3431 3432 3433
f 3889 3431 3433
f 3433 3432 3434
f 3432 3632 3434
f 3433 3434 3435
f 3881 3433 3435
f 3889 3433 3881
f 3435 3434 3436
f 3434 3634 3436
f 3434 3632 3634
f 3435 3436 3437
f 3873 3435 3437
f 3881 3435 3873
f 3437 3436 3438
f 3436 3634 3438
f 3437 3438 3449
f 3865 3437 3449
f 3873 3437 3865
f 3449 3438 3450
f 3438 3636 3450
f 3438 3634 3636
f 3439 3440 3441
f 3439 3468 3440
f 4001 3439 3441
f 3467 3468 3439
f 4009 3467 3439
f 4009 3439 4001
f 3441 3440 3442
f 3440 3650 3442
f 3468 3648 3440
f 3440 3648 3650
f 3441 3442 3443
f 3981 3441 3443
f 3989 3441 3981
f 4001 3441 3989
f 3443 3442 3444
f 3442 3650 3444
f 3443 3444 3445
f 3973 3443 3445
f 3981 3443 3973
f 3445 3444 3446
f 3444 3622 3446
f 3444 3650 3622
f 3445 3446 3447
f 3973 3445 3447
f 3447 3446 3448
f 3446 3622 3448
f 3973 3447 3963
f 3448 3622 3624
f 3449 3450 3451
f 3857 3449 3451
f 3865 3449 3857
f 3451 3450 3452
f 3450 3636 3452
f 3451 3452 3453
f 3845 3451 3453
f 3857 3451 3845
f 3453 3452 3454
f 3452 3652 3454
f 3452 3636 3652
f 3453 3454 3455
f 3837 3453 3455
f 3845 3453 3837
f 3455 3454 3456
f 3454 3652 3456
f 3455 3456 3457
f 3817 3455 3457
f 3829 3455 3817
f 3837 3455 3829
f 3457 3456 3458
f 3456 3654 3458
f 3456 3652 3654
f 3457 3458 3469
f 3817 3457 3469
f 3469 3458 3470
f 3458 3654 3470
f 3459 3460 3461
f 3459 3482 3460
f 3461 3687 3459
f 3481 3482 3459
f 3459 3673 3481
f 3675 3673 3459
f 3459 3687 3675
f 3461 3460 3462
f 3460 3644 3462
f 3482 3644 3460
f 3461 3462 3463
f 3463 3701 3461
f 3461 3689 3687
f 3461 3701 3689
f 3463 3462 3464
f 3462 3646 3464
f 3462 3644 3646
f 3463 3464 3465
f 3463 3465 4029
f 3463 3703 3701
f 3463 3713 3703
f 3463 3715 3713
f 3725 3715 3463
f 3733 3725 3463
f 3741 3733 3463
f 3741 3463 4029
f 3465 3464 3466
f 3464 3646 3466
f 3465 3466 3467
f 4021 3465 3467
f 4029 3465 4021
f 3467 3466 3468
f 3466 3648 3468
f 3466 3646 3648
f 4021 3467 4009
f 3469 3470 3471
f 3809 3469 3471
f 3817 3469 3809
f 3471 3470 3472
f 3470 3656 3472
f 3470 3654 3656
f 3471 3472 3473
f 3797 3471 3473
f 3809 3471 3797
f 3473 3472 3474
f 3472 3656 3474
f 3473 3474 3475
f 3789 3473 3475
f 3797 3473 3789
f 3475 3474 3476
f 3474 3658 3476
f 3474 3656 3658
f 3475 3476 3477
f 3777 3475 3477
f 3789 3475 3777
f 3477 3476 3478
f 3476 3658 3478
f 3477 3478 3483
f 3765 3477 3483
f 3777 3477 3765
f 3483 3478 3484
f 3478 3660 3484
f 3478 3658 3660
f 3479 3480 3481
f 3479 3492 3480
f 3481 3653 3479
f 3491 3492 3479
f 3479 3651 3491
f 3479 3653 3651
f 3481 3480 3482
f 3480 3670 3482
f 3492 3670 3480
f 3481 3655 3653
f 3481 3657 3655
f 3481 3659 3657
f 3671 3659 3481
f 3481 3673 3671
f 3482 3642 3644
f 3482 3670 3642
f 3483 3484 3485
f 3745 3483 3485
f 3753 3483 3745
f 3765 3483 3753
f 3485 3484 3486
f 3484 3672 3486
f 3484 3660 3672
f 3485 3486 3493
f 3745 3485 3493
f 3493 3486 3494
f 3486 3674 3494
f 3486 3672 3674
f 3487 3488 3489
f 3487 3502 3488
f 3489 3631 3487
f 3501 3502 3487
f 3487 3669 3501
f 3487 3623 3621
f 3487 3621 3649
f 3625 3623 3487
f 3487 3627 3625
f 3487 3629 3627
f 3487 3631 3629
f 3487 3643 3641
f 3487 3641 3669
f 3487 3645 3643
f 3647 3645 3487
f 3487 3649 3647
f 3489 3488 3490
f 3488 3668 3490
f 3502 3666 3488
f 3488 3666 3668
f 3489 3490 3491
f 3491 3635 3489
f 3633 3631 3489
f 3489 3635 3633
f 3491 3490 3492
f 3490 3668 3492
f 3491 3651 3635
f 3492 3668 3670
f 3493 3494 3495
f 3735 3493 3495
f 3745 3493 3735
f 3495 3494 3496
f 3494 3676 3496
f 3494 3674 3676
f 3495 3496 3497
f 3727 3495 3497
f 3735 3495 3727
f 3497 3496 3498
f 3496 3736 3498
f 3496 3676 3688
f 3496 3688 3690
f 3496 3690 3702
f 3496 3702 3704
f 3496 3704 3714
f 3496 3714 3716
f 3716 3726 3496
f 3726 3734 3496
f 3734 3742 3496
f 3746 3736 3496
f 3496 3742 3746
f 3497 3498 3503
f 3717 3497 3503
f 3727 3497 3717
f 3503 3498 3504
f 3498 3728 3504
f 3498 3736 3728
f 3499 3500 3501
f 3499 3510 3500
f 3501 3685 3499
f 3509 3510 3499
f 3499 3683 3509
f 3499 3685 3683
f 3501 3500 3502
f 3500 3686 3502
f 3510 3684 3500
f 3500 3684 3686
f 3667 3665 3501
f 3501 3665 3685
f 3501 3669 3667
f 3502 3686 3666
f 3503 3504 3505
f 3705 3503 3505
f 3717 3503 3705
f 3505 3504 3506
f 3504 3718 3506
f 3504 3728 3718
f 3505 3506 3511
f 3691 3505 3511
f 3705 3505 3691
f 3511 3506 3512
f 3506 3692 3512
f 3506 3706 3692
f 3506 3718 3706
f 3507 3508 3509
f 3507 3516 3508
f 3509 3683 3507
f 3515 3516 3507
f 3507 3681 3515
f 3507 3683 3681
f 3509 3508 3510
f 3508 3684 3510
f 3516 3682 3508
f 3508 3682 3684
f 3511 3512 3513
f 3677 3511 3513
f 3691 3511 3677
f 3513 3512 3514
f 3512 3692 3514
f 3513 3514 3517
f 3661 3513 3517
f 3677 3513 3661
f 3517 3514 3518
f 3514 3678 3518
f 3514 3692 3678
f 3515 3524 3516
f 3523 3524 3515
f 3515 3699 3523
f 3515 3681 3699
f 3524 3700 3516
f 3516 3700 3682
f 3517 3518 3519
f 3637 3517 3519
f 3661 3517 3637
f 3519 3518 3520
f 3518 3662 3520
f 3518 3678 3662
f 3519 3520 3525
f 3617 3519 3525
f 3637 3519 3617
f 3525 3520 3526
f 3520 3638 3526
f 3520 3662 3638
f 3521 3522 3523
f 3521 3532 3522
f 3523 3697 3521
f 3531 3532 3521
f 3521 3697 3531
f 3523 3522 3524
f 3522 3698 3524
f 3532 3698 3522
f 3523 3699 3697
f 3524 3698 3700
f 3525 3526 3527
f 3617 3525 3527
f 3527 3526 3528
f 3526 3618 3528
f 3526 3638 3618
f 3527 3528 3533
f 3613 3527 3533
f 3617 3527 3613
f 3533 3528 3534
f 3528 3618 3534
f 3529 3530 3531
f 3529 3540 3530
f 3531 3695 3529
f 3539 3540 3529
f 3529 3711 3539
f 3529 3695 3711
f 3531 3530 3532
f 3530 3696 3532
f 3540 3712 3530
f 3530 3712 3696
f 3531 3697 3695
f 3532 3696 3698
f 3533 3534 3535
f 3609 3533 3535
f 3613 3533 3609
f 3535 3534 3536
f 3534 3614 3536
f 3534 3618 3614
f 3535 3536 3541
f 3605 3535 3541
f 3609 3535 3605
f 3541 3536 3542
f 3536 3610 3542
f 3536 3614 3610
f 3537 3538 3539
f 3537 3546 3538
f 3539 3711 3537
f 3545 3546 3537
f 3537 3709 3545
f 3537 3711 3709
f 3539 3538 3540
f 3538 3712 3540
f 3546 3710 3538
f 3538 3710 3712
f 3541 3542 3543
f 3605 3541 3543
f 3543 3542 3544
f 3542 3606 3544
f 3542 3610 3606
f 3543 3544 3547
f 3601 3543 3547
f 3605 3543 3601
f 3547 3544 3548
f 3544 3606 3548
f 3545 3554 3546
f 3553 3554 3545
f 3545 3723 3553
f 3545 3709 3723
f 3554 3724 3546
f 3546 3724 3710
f 3547 3548 3549
f 3597 3547 3549
f 3601 3547 3597
f 3549 3548 3550
f 3548 3602 3550
f 3548 3606 3602
f 3549 3550 3555
f 3593 3549 3555
f 3597 3549 3593
f 3555 3550 3556
f 3550 3598 3556
f 3550 3602 3598
f 3551 3552 3553
f 3551 3560 3552
f 3553 3721 3551
f 3559 3560 3551
f 3551 3721 3559
f 3553 3552 3554
f 3552 3722 3554
f 3560 3722 3552
f 3553 3723 3721
f 3554 3722 3724
f 3555 3556 3557
f 3591 3555 3557
f 3593 3555 3591
f 3557 3556 3558
f 3556 3594 3558
f 3556 3598 3594
f 3557 3558 3561
f 3585 3557 3561
f 3591 3557 3585
f 3561 3558 3562
f 3558 3592 3562
f 3558 3594 3592
f 3559 3566 3560
f 3565 3566 3559
f 3559 3731 3565
f 3559 3721 3731
f 3566 3732 3560
f 3560 3732 3722
f 3561 3562 3567
f 3581 3561 3567
f 3585 3561 3581
f 3567 3562 3568
f 3562 3586 3568
f 3562 3592 3586
f 3563 3564 3565
f 3563 3572 3564
f 3565 3731 3563
f 3571 3572 3563
f 3563 3731 3571
f 3565 3564 3566
f 3564 3732 3566
f 3572 3732 3564
f 3567 3568 3569
f 3581 3567 3569
f 3569 3568 3570
f 3568 3582 3570
f 3568 3586 3582
f 3569 3570 3573
f 3577 3569 3573
f 3581 3569 3577
f 3573 3570 3574
f 3570 3582 3574
f 3571 3576 3572
f 3575 3576 3571
f 3571 3739 3575
f 3571 3731 3739
f 3576 3740 3572
f 3572 3740 3732
f 3573 3574 3577
f 3577 3574 3578
f 3574 3582 3578
f 3575 3580 3576
f 3579 3580 3575
f 3575 3739 3579
f 3580 3740 3576
f 3577 3578 3581
f 3581 3578 3582
f 3579 3584 3580
f 3583 3584 3579
f 3579 3749 3583
f 3579 3739 3749
f 3584 3750 3580
f 3580 3750 3740
f 3581 3582 3585
f 3585 3582 3586
f 3583 3590 3584
f 3589 3590 3583
f 3583 3759 3589
f 3583 3749 3759
f 3590 3760 3584
f 3584 3760 3750
f 3585 3586 3591
f 3591 3586 3592
f 3587 3588 3589
f 3587 3596 3588
f 3589 3757 3587
f 3595 3596 3587
f 3587 3757 3595
f 3589 3588 3590
f 3588 3758 3590
f 3596 3758 3588
f 3589 3759 3757
f 3590 3758 3760
f 3591 3592 3593
f 3593 3592 3594
f 3593 3594 3597
f 3597 3594 3598
f 3595 3600 3596
f 3599 3600 3595
f 3595 3771 3599
f 3595 3757 3771
f 3600 3772 3596
f 3596 3772 3758
f 3597 3598 3601
f 3601 3598 3602
f 3599 3604 3600
f 3603 3604 3599
f 3599 3769 3603
f 3599 3771 3769
f 3604 3770 3600
f 3600 3770 3772
f 3601 3602 3605
f 3605 3602 3606
f 3603 3608 3604
f 3607 3608 3603
f 3603 3783 3607
f 3603 3769 3783
f 3608 3784 3604
f 3604 3784 3770
f 3605 3606 3609
f 3609 3606 3610
f 3607 3612 3608
f 3611 3612 3607
f 3607 3783 3611
f 3612 3784 3608
f 3609 3610 3613
f 3613 3610 3614
f 3611 3616 3612
f 3615 3616 3611
f 3611 3781 3615
f 3611 3783 3781
f 3616 3782 3612
f 3612 3782 3784
f 3613 3614 3617
f 3617 3614 3618
f 3615 3620 3616
f 3619 3620 3615
f 3615 3793 3619
f 3615 3781 3793
f 3620 3794 3616
f 3616 3794 3782
f 3617 3618 3637
f 3637 3618 3638
f 3619 3640 3620
f 3639 3640 3619
f 3619 3803 3639
f 3619 3793 3803
f 3640 3804 3620
f 3620 3804 3794
f 3621 3624 3622
f 3621 3622 3649
f 3623 3624 3621
f 3649 3622 3650
f 3623 3626 3624
f 3625 3626 3623
f 3625 3628 3626
f 3627 3628 3625
f 3627 3630 3628
f 3629 3630 3627
f 3629 3632 3630
f 3631 3632 3629
f 3631 3634 3632
f 3633 3634 3631
f 3633 3636 3634
f 3635 3636 3633
f 3635 3652 3636
f 3651 3652 3635
f 3637 3638 3661
f 3661 3638 3662
f 3639 3664 3640
f 3663 3664 3639
f 3639 3803 3663
f 3664 3804 3640
f 3641 3644 3642
f 3641 3642 3669
f 3643 3644 3641
f 3669 3642 3670
f 3643 3646 3644
f 3645 3646 3643
f 3645 3648 3646
f 3647 3648 3645
f 3647 3650 3648
f 3649 3650 3647
f 3651 3654 3652
f 3653 3654 3651
f 3653 3656 3654
f 3655 3656 3653
f 3655 3658 3656
f 3657 3658 3655
f 3657 3660 3658
f 3659 3660 3657
f 3659 3672 3660
f 3671 3672 3659
f 3661 3662 3677
f 3677 3662 3678
f 3663 3680 3664
f 3679 3680 3663
f 3663 3801 3679
f 3663 3803 3801
f 3680 3802 3664
f 3664 3802 3804
f 3665 3668 3666
f 3665 3666 3685
f 3667 3668 3665
f 3685 3666 3686
f 3667 3670 3668
f 3669 3670 3667
f 3671 3674 3672
f 3673 3674 3671
f 3673 3676 3674
f 3675 3676 3673
f 3675 3688 3676
f 3687 3688 3675
f 3677 3678 3691
f 3691 3678 3692
f 3679 3694 3680
f 3693 3694 3679
f 3679 3813 3693
f 3679 3801 3813
f 3694 3814 3680
f 3680 3814 3802
f 3681 3684 3682
f 3681 3682 3699
f 3683 3684 3681
f 3699 3682 3700
f 3683 3686 3684
f 3685 3686 3683
f 3687 3690 3688
f 3689 3690 3687
f 3689 3702 3690
f 3701 3702 3689
f 3691 3692 3705
f 3705 3692 3706
f 3693 3708 3694
f 3707 3708 3693
f 3693 3823 3707
f 3693 3813 3823
f 3708 3824 3694
f 3694 3824 3814
f 3695 3698 3696
f 3695 3696 3711
f 3697 3698 3695
f 3711 3696 3712
f 3697 3700 3698
f 3699 3700 3697
f 3701 3704 3702
f 3703 3704 3701
f 3703 3714 3704
f 3713 3714 3703
f 3705 3706 3717
f 3717 3706 3718
f 3707 3720 3708
f 3719 3720 3707
f 3707 3823 3719
f 3720 3824 3708
f 3709 3712 3710
f 3709 3710 3723
f 3711 3712 3709
f 3723 3710 3724
f 3713 3716 3714
f 3715 3716 3713
f 3715 3726 3716
f 3725 3726 3715
f 3717 3718 3727
f 3727 3718 3728
f 3719 3730 3720
f 3729 3730 3719
f 3719 3821 3729
f 3719 3823 3821
f 3730 3822 3720
f 3720 3822 3824
f 3721 3724 3722
f 3721 3722 3731
f 3723 3724 3721
f 3731 3722 3732
f 3725 3734 3726
f 3733 3734 3725
f 3727 3728 3735
f 3735 3728 3736
f 3729 3738 3730
f 3737 3738 3729
f 3729 3833 3737
f 3729 3821 3833
f 3738 3834 3730
f 3730 3834 3822
f 3731 3732 3739
f 3739 3732 3740
f 3733 3742 3734
f 3741 3742 3733
f 3735 3736 3745
f 3745 3736 3746
f 3737 3748 3738
f 3747 3748 3737
f 3737 3841 3747
f 3737 3833 3841
f 3748 3842 3738
f 3738 3842 3834
f 3739 3740 3749
f 3749 3740 3750
f 3741 3744 3742
f 3743 3744 3741
f 4041 3743 3741
f 3741 4029 4041
f 4042 3742 3744
f 3746 3742 3754
f 3754 3742 3766
f 3766 3742 3778
f 3778 3742 3790
f 3790 3742 3798
f 3798 3742 3810
f 3810 3742 3818
f 3818 3742 3830
f 3830 3742 3838
f 3838 3742 3846
f 3846 3742 3858
f 3858 3742 3866
f 3866 3742 3874
f 3874 3742 3882
f 3882 3742 3890
f 3890 3742 3898
f 3898 3742 3908
f 3908 3742 3916
f 3916 3742 3924
f 3924 3742 3932
f 3932 3742 3940
f 3940 3742 3948
f 3948 3742 3956
f 3956 3742 3964
f 3964 3742 3974
f 3974 3742 3982
f 3982 3742 3990
f 3990 3742 4002
f 4002 3742 4010
f 4010 3742 4022
f 4022 3742 4030
f 4030 3742 4042
f 3743 3752 3744
f 3751 3752 3743
f 3751 3743 4041
f 3744 3752 4042
f 3745 3746 3753
f 3753 3746 3754
f 3747 3756 3748
f 3755 3756 3747
f 3747 3841 3755
f 3756 3842 3748
f 3749 3750 3759
f 3759 3750 3760
f 3751 3762 3752
f 3761 3762 3751
f 4041 3761 3751
f 4042 3752 3762
f 3753 3754 3765
f 3765 3754 3766
f 3755 3768 3756
f 3767 3768 3755
f 3755 3851 3767
f 3755 3841 3851
f 3768 3852 3756
f 3756 3852 3842
f 3757 3760 3758
f 3757 3758 3771
f 3759 3760 3757
f 3771 3758 3772
f 3761 3764 3762
f 3763 3764 3761
f 3763 3761 4041
f 3762 3764 4042
f 3763 3774 3764
f 3773 3774 3763
f 4041 3773 3763
f 4042 3764 3774
f 3765 3766 3777
f 3777 3766 3778
f 3767 3780 3768
f 3779 3780 3767
f 3767 3851 3779
f 3780 3852 3768
f 3769 3772 3770
f 3769 3770 3783
f 3771 3772 3769
f 3783 3770 3784
f 3773 3776 3774
f 3775 3776 3773
f 3775 3773 4041
f 3774 3776 4042
f 3775 3786 3776
f 3785 3786 3775
f 4041 3785 3775
f 4042 3776 3786
f 3777 3778 3789
f 3789 3778 3790
f 3779 3792 3780
f 3791 3792 3779
f 3779 3849 3791
f 3779 3851 3849
f 3792 3850 3780
f 3780 3850 3852
f 3781 3784 3782
f 3781 3782 3793
f 3783 3784 3781
f 3793 3782 3794
f 3785 3788 3786
f 3787 3788 3785
f 4041 3787 3785
f 4042 3786 3788
f 3787 3796 3788
f 3795 3796 3787
f 4041 3795 3787
f 4042 3788 3796
f 3789 3790 3797
f 3797 3790 3798
f 3791 3800 3792
f 3799 3800 3791
f 3791 3861 3799
f 3791 3849 3861
f 4376 3792 3800
f 3792 3862 3850
f 3870 3862 3792
f 3792 3878 3870
f 3792 3886 3878
f 3792 3894 3886
f 3902 3894 3792
f 3792 3912 3902
f 3792 3920 3912
f 3928 3920 3792
f 3936 3928 3792
f 3792 3944 3936
f 3792 3952 3944
f 3960 3952 3792
f 3792 3968 3960
f 3792 3970 3968
f 3792 3978 3970
f 3792 3986 3978
f 3994 3986 3792
f 3792 3996 3994
f 4006 3996 3792
f 3792 4014 4006
f 3792 4016 4014
f 3792 4026 4016
f 3792 4034 4026
f 4036 4034 3792
f 3792 4046 4036
f 3792 4056 4046
f 4064 4056 3792
f 3792 4066 4064
f 4076 4066 3792
f 3792 4078 4076
f 4088 4078 3792
f 4376 4088 3792
f 3793 3794 3803
f 3803 3794 3804
f 3795 3806 3796
f 3805 3806 3795
f 4051 3805 3795
f 4051 3795 4041
f 4052 3796 3806
f 4042 3796 4052
f 3797 3798 3809
f 3809 3798 3810
f 3799 3812 3800
f 3811 3812 3799
f 3799 3861 3811
f 4374 3800 3812
f 4376 3800 4374
f 3801 3804 3802
f 3801 3802 3813
f 3803 3804 3801
f 3813 3802 3814
f 3805 3808 3806
f 3807 3808 3805
f 3807 3805 4051
f 4052 3806 3808
f 3807 3816 3808
f 3815 3816 3807
f 4051 3815 3807
f 4052 3808 3816
f 3809 3810 3817
f 3817 3810 3818
f 3811 3820 3812
f 3819 3820 3811
f 3811 3869 3819
f 3811 3861 3869
f 4370 3812 3820
f 4372 3812 4370
f 4374 3812 4372
f 3813 3814 3823
f 3823 3814 3824
f 3815 3826 3816
f 3825 3826 3815
f 4049 3825 3815
f 4049 3815 4051
f 4050 3816 3826
f 4052 3816 4050
f 3817 3818 3829
f 3829 3818 3830
f 3819 3832 3820
f 3831 3832 3819
f 3819 3877 3831
f 3819 3869 3877
f 4370 3820 3832
f 3821 3824 3822
f 3821 3822 3833
f 3823 3824 3821
f 3833 3822 3834
f 3825 3828 3826
f 3827 3828 3825
f 4049 3827 3825
f 3826 3828 4050
f 3827 3836 3828
f 3835 3836 3827
f 4049 3835 3827
f 4050 3828 3836
f 3829 3830 3837
f 3837 3830 3838
f 3831 3840 3832
f 3839 3840 3831
f 3831 3877 3839
f 4412 3832 3840
f 4370 3832 4412
f 3833 3834 3841
f 3841 3834 3842
f 3835 3844 3836
f 3843 3844 3835
f 3843 3835 4059
f 4059 3835 4049
f 4060 3836 3844
f 4050 3836 4060
f 3837 3838 3845
f 3845 3838 3846
f 3839 3848 3840
f 3847 3848 3839
f 3839 3885 3847
f 3839 3877 3885
f 4410 3840 3848
f 4412 3840 4410
f 3841 3842 3851
f 3851 3842 3852
f 3843 3854 3844
f 3853 3854 3843
f 4059 3853 3843
f 4060 3844 3854
f 3845 3846 3857
f 3857 3846 3858
f 3847 3860 3848
f 3859 3860 3847
f 3847 3885 3859
f 4408 3848 3860
f 4410 3848 4408
f 3849 3852 3850
f 3849 3850 3861
f 3851 3852 3849
f 3861 3850 3862
f 3853 3856 3854
f 3855 3856 3853
f 4071 3855 3853
f 4071 3853 4059
f 4072 3854 3856
f 4060 3854 4072
f 3855 3864 3856
f 3863 3864 3855
f 4071 3863 3855
f 3856 3864 4072
f 3857 3858 3865
f 3865 3858 3866
f 3859 3868 3860
f 3867 3868 3859
f 3859 3885 3867
f 4406 3860 3868
f 4408 3860 4406
f 3861 3862 3869
f 3869 3862 3870
f 3863 3872 3864
f 3871 3872 3863
f 3871 3863 4083
f 4083 3863 4071
f 4084 3864 3872
f 4072 3864 4084
f 3865 3866 3873
f 3873 3866 3874
f 3867 3876 3868
f 3875 3876 3867
f 3867 3893 3875
f 3867 3885 3893
f 4404 3868 3876
f 4406 3868 4404
f 3869 3870 3877
f 3877 3870 3878
f 3871 3880 3872
f 3879 3880 3871
f 4083 3879 3871
f 3872 3880 4084
f 3873 3874 3881
f 3881 3874 3882
f 3875 3884 3876
f 3883 3884 3875
f 3875 3893 3883
f 4402 3876 3884
f 4404 3876 4402
f 3877 3878 3885
f 3885 3878 3886
f 3879 3888 3880
f 3887 3888 3879
f 4095 3887 3879
f 4095 3879 4083
f 4096 3880 3888
f 4084 3880 4096
f 3881 3882 3889
f 3889 3882 3890
f 3883 3892 3884
f 3891 3892 3883
f 3883 3901 3891
f 3883 3893 3901
f 4398 3884 3892
f 4400 3884 4398
f 4402 3884 4400
f 3885 3886 3893
f 3893 3886 3894
f 3887 3896 3888
f 3895 3896 3887
f 4107 3895 3887
f 4107 3887 4095
f 4108 3888 3896
f 4096 3888 4108
f 3889 3890 3897
f 3897 3890 3898
f 3891 3900 3892
f 3899 3900 3891
f 3891 3911 3899
f 3891 3901 3911
f 4396 3892 3900
f 4398 3892 4396
f 3893 3894 3901
f 3901 3894 3902
f 3895 3904 3896
f 3903 3904 3895
f 3903 3895 4117
f 4117 3895 4107
f 4118 3896 3904
f 4108 3896 4118
f 3897 3898 3907
f 3907 3898 3908
f 3899 3910 3900
f 3909 3910 3899
f 3899 3911 3909
f 4396 3900 3910
f 3901 3902 3911
f 3911 3902 3912
f 3903 3906 3904
f 3905 3906 3903
f 4117 3905 3903
f 4118 3904 3906
f 3905 3914 3906
f 3913 3914 3905
f 4117 3913 3905
f 3906 3914 4118
f 3907 3908 3915
f 3915 3908 3916
f 3909 3918 3910
f 3909 3911 3919
f 3917 3918 3909
f 3909 3919 3917
f 4394 3910 3918
f 4396 3910 4394
f 3911 3912 3919
f 3919 3912 3920
f 3913 3922 3914
f 3921 3922 3913
f 4117 3921 3913
f 4118 3914 3922
f 3915 3916 3923
f 3923 3916 3924
f 3917 3926 3918
f 3917 3919 3925
f 3925 3926 3917
f 4392 3918 3926
f 4394 3918 4392
f 3919 3920 3927
f 3925 3919 3927
f 3927 3920 3928
f 3921 3930 3922
f 3929 3930 3921
f 4129 3929 3921
f 4129 3921 4117
f 4130 3922 3930
f 4118 3922 4130
f 3923 3924 3931
f 3931 3924 3932
f 3925 3934 3926
f 3925 3927 3933
f 3933 3934 3925
f 4390 3926 3934
f 4392 3926 4390
f 3927 3928 3935
f 3933 3927 3941
f 3949 3927 3935
f 3941 3927 3949
f 3935 3928 3936
f 3929 3938 3930
f 3937 3938 3929
f 4143 3937 3929
f 4143 3929 4129
f 4144 3930 3938
f 4130 3930 4144
f 3931 3932 3939
f 3939 3932 3940
f 3933 3942 3934
f 3941 3942 3933
f 4388 3934 3942
f 4390 3934 4388
f 3935 3936 3943
f 3965 3935 3943
f 3949 3935 3957
f 3957 3935 3965
f 3943 3936 3944
f 3937 3946 3938
f 3945 3946 3937
f 4159 3945 3937
f 4159 3937 4143
f 4160 3938 3946
f 4144 3938 4160
f 3939 3940 3947
f 3947 3940 3948
f 3941 3950 3942
f 3949 3950 3941
f 4386 3942 3950
f 4388 3942 4386
f 3943 3944 3951
f 3975 3943 3951
f 3965 3943 3975
f 3951 3944 3952
f 3945 3954 3946
f 3953 3954 3945
f 4175 3953 3945
f 4175 3945 4159
f 4176 3946 3954
f 4160 3946 4176
f 3947 3948 3955
f 3955 3948 3956
f 3949 3958 3950
f 3957 3958 3949
f 4384 3950 3958
f 4386 3950 4384
f 3951 3952 3959
f 3991 3951 3959
f 3975 3951 3983
f 3983 3951 3991
f 3959 3952 3960
f 3953 3962 3954
f 3961 3962 3953
f 4175 3961 3953
f 4176 3954 3962
f 3955 3956 3963
f 3963 3956 3964
f 3957 3966 3958
f 3965 3966 3957
f 4382 3958 3966
f 4384 3958 4382
f 3959 3960 3967
f 4011 3959 3967
f 3991 3959 4003
f 4003 3959 4011
f 3967 3960 3968
f 3961 3972 3962
f 3971 3972 3961
f 3971 3961 4203
f 4203 3961 4175
f 4204 3962 3972
f 4176 3962 4204
f 3963 3964 3973
f 3973 3964 3974
f 3965 3976 3966
f 3975 3976 3965
f 4378 3966 3976
f 4380 3966 4378
f 4382 3966 4380
f 3967 3968 3969
f 4031 3967 3969
f 4011 3967 4023
f 4023 3967 4031
f 3969 3968 3970
f 3969 3970 3977
f 4043 3969 3977
f 4031 3969 4043
f 3977 3970 3978
f 3971 3980 3972
f 3979 3980 3971
f 4207 3979 3971
f 4207 3971 4203
f 4208 3972 3980
f 4204 3972 4208
f 3973 3974 3981
f 3981 3974 3982
f 3975 3984 3976
f 3983 3984 3975
f 4368 3976 3984
f 4378 3976 4368
f 3977 3978 3985
f 4053 3977 3985
f 4043 3977 4053
f 3985 3978 3986
f 3979 3988 3980
f 3987 3988 3979
f 4211 3987 3979
f 4211 3979 4207
f 4212 3980 3988
f 4208 3980 4212
f 3981 3982 3989
f 3989 3982 3990
f 3983 3992 3984
f 3991 3992 3983
f 4368 3984 3992
f 3985 3986 3993
f 4073 3985 3993
f 4053 3985 4061
f 4061 3985 4073
f 3993 3986 3994
f 3987 4000 3988
f 3999 4000 3987
f 4215 3999 3987
f 4215 3987 4211
f 4216 3988 4000
f 4212 3988 4216
f 3989 3990 4001
f 4001 3990 4002
f 3991 4004 3992
f 4003 4004 3991
f 4366 3992 4004
f 4368 3992 4366
f 3993 3994 3995
f 4097 3993 3995
f 4073 3993 4085
f 4085 3993 4097
f 3995 3994 3996
f 3995 3996 4005
f 4109 3995 4005
f 4097 3995 4109
f 4005 3996 4006
f 3997 3998 3999
f 3997 4008 3998
f 4215 3997 3999
f 4007 4008 3997
f 4215 4007 3997
f 3999 3998 4000
f 4216 4000 3998
f 4216 3998 4008
f 4001 4002 4009
f 4009 4002 4010
f 4003 4012 4004
f 4011 4012 4003
f 4364 4004 4012
f 4366 4004 4364
f 4005 4006 4013
f 4119 4005 4013
f 4109 4005 4119
f 4013 4006 4014
f 4007 4020 4008
f 4019 4020 4007
f 4219 4019 4007
f 4219 4007 4215
f 4220 4008 4020
f 4216 4008 4220
f 4009 4010 4021
f 4021 4010 4022
f 4011 4024 4012
f 4023 4024 4011
f 4362 4012 4024
f 4364 4012 4362
f 4013 4014 4015
f 4145 4013 4015
f 4119 4013 4131
f 4131 4013 4145
f 4015 4014 4016
f 4015 4016 4025
f 4161 4015 4025
f 4145 4015 4161
f 4025 4016 4026
f 4017 4018 4019
f 4017 4028 4018
f 4223 4017 4019
f 4027 4028 4017
f 4229 4027 4017
f 4229 4017 4223
f 4019 4018 4020
f 4224 4020 4018
f 4230 4018 4028
f 4224 4018 4230
f 4223 4019 4219
f 4220 4020 4224
f 4021 4022 4029
f 4029 4022 4030
f 4023 4032 4024
f 4031 4032 4023
f 4352 4024 4032
f 4362 4024 4352
f 4025 4026 4033
f 4177 4025 4033
f 4161 4025 4177
f 4033 4026 4034
f 4027 4040 4028
f 4039 4040 4027
f 4229 4039 4027
f 4230 4028 4040
f 4029 4030 4041
f 4041 4030 4042
f 4031 4044 4032
f 4043 4044 4031
f 4350 4032 4044
f 4352 4032 4350
f 4033 4034 4035
f 4209 4033 4035
f 4177 4033 4205
f 4205 4033 4209
f 4035 4034 4036
f 4035 4036 4045
f 4213 4035 4045
f 4209 4035 4213
f 4045 4036 4046
f 4037 4038 4039
f 4037 4048 4038
f 4233 4037 4039
f 4047 4048 4037
f 4233 4047 4037
f 4039 4038 4040
f 4234 4040 4038
f 4234 4038 4048
f 4233 4039 4229
f 4230 4040 4234
f 4041 4042 4051
f 4051 4042 4052
f 4043 4054 4044
f 4053 4054 4043
f 4346 4044 4054
f 4348 4044 4346
f 4350 4044 4348
f 4045 4046 4055
f 4221 4045 4055
f 4213 4045 4217
f 4217 4045 4221
f 4055 4046 4056
f 4047 4058 4048
f 4057 4058 4047
f 4237 4057 4047
f 4237 4047 4233
f 4238 4048 4058
f 4234 4048 4238
f 4049 4052 4050
f 4049 4050 4059
f 4051 4052 4049
f 4059 4050 4060
f 4053 4062 4054
f 4061 4062 4053
f 4338 4054 4062
f 4346 4054 4338
f 4055 4056 4063
f 4227 4055 4063
f 4221 4055 4225
f 4225 4055 4227
f 4063 4056 4064
f 4057 4070 4058
f 4069 4070 4057
f 4241 4069 4057
f 4241 4057 4237
f 4242 4058 4070
f 4238 4058 4242
f 4059 4060 4071
f 4071 4060 4072
f 4061 4074 4062
f 4073 4074 4061
f 4336 4062 4074
f 4338 4062 4336
f 4063 4064 4065
f 4231 4063 4065
f 4227 4063 4231
f 4065 4064 4066
f 4065 4066 4075
f 4235 4065 4075
f 4231 4065 4235
f 4075 4066 4076
f 4067 4068 4069
f 4067 4082 4068
f 4241 4067 4069
f 4081 4082 4067
f 4249 4081 4067
f 4249 4067 4241
f 4069 4068 4070
f 4242 4070 4068
f 4250 4068 4082
f 4242 4068 4250
f 4071 4072 4083
f 4083 4072 4084
f 4073 4086 4074
f 4085 4086 4073
f 4334 4074 4086
f 4336 4074 4334
f 4075 4076 4077
f 4239 4075 4077
f 4235 4075 4239
f 4077 4076 4078
f 4077 4078 4087
f 4245 4077 4087
f 4239 4077 4243
f 4243 4077 4245
f 4087 4078 4088
f 4079 4080 4081
f 4079 4094 4080
f 4079 4081 4247
f 4093 4094 4079
f 4079 4247 4093
f 4081 4080 4082
f 4248 4082 4080
f 4080 4094 4254
f 4248 4080 4254
f 4247 4081 4249
f 4250 4082 4248
f 4083 4084 4095
f 4095 4084 4096
f 4085 4098 4086
f 4097 4098 4085
f 4326 4086 4098
f 4334 4086 4326
f 4087 4088 4089
f 4089 4355 4087
f 4245 4087 4251
f 4251 4087 4255
f 4255 4087 4257
f 4257 4087 4263
f 4263 4087 4267
f 4267 4087 4271
f 4271 4087 4273
f 4273 4087 4277
f 4277 4087 4279
f 4279 4087 4285
f 4285 4087 4289
f 4289 4087 4291
f 4291 4087 4297
f 4297 4087 4299
f 4299 4087 4303
f 4303 4087 4305
f 4305 4087 4311
f 4311 4087 4313
f 4313 4087 4315
f 4315 4087 4321
f 4321 4087 4323
f 4323 4087 4325
f 4325 4087 4333
f 4333 4087 4335
f 4335 4087 4337
f 4337 4087 4345
f 4345 4087 4347
f 4347 4087 4349
f 4349 4087 4351
f 4351 4087 4361
f 4087 4355 4353
f 4087 4353 4375
f 4361 4087 4363
f 4363 4087 4365
f 4365 4087 4367
f 4367 4087 4377
f 4369 4087 4371
f 4411 4087 4369
f 4371 4087 4373
f 4087 4375 4373
f 4377 4087 4379
f 4379 4087 4381
f 4381 4087 4383
f 4383 4087 4385
f 4385 4087 4387
f 4387 4087 4389
f 4389 4087 4391
f 4391 4087 4393
f 4393 4087 4395
f 4395 4087 4397
f 4397 4087 4399
f 4399 4087 4401
f 4401 4087 4403
f 4403 4087 4405
f 4405 4087 4407
f 4407 4087 4409
f 4409 4087 4411
f 4089 4088 4090
f 4356 4090 4088
f 4356 4088 4354
f 4354 4088 4376
f 4089 4090 4099
f 4099 4355 4089
f 4099 4090 4100
f 4356 4100 4090
f 4091 4092 4093
f 4091 4106 4092
f 4093 4253 4091
f 4105 4106 4091
f 4091 4261 4105
f 4091 4253 4261
f 4093 4092 4094
f 4254 4094 4092
f 4262 4092 4106
f 4254 4092 4262
f 4093 4247 4253
f 4095 4096 4107
f 4107 4096 4108
f 4097 4110 4098
f 4109 4110 4097
f 4324 4098 4110
f 4326 4098 4324
f 4099 4100 4101
f 4101 4355 4099
f 4101 4100 4102
f 4356 4102 4100
f 4101 4102 4111
f 4111 4355 4101
f 4111 4102 4112
f 4112 4102 4356
f 4103 4104 4105
f 4103 4116 4104
f 4105 4259 4103
f 4115 4116 4103
f 4103 4265 4115
f 4103 4259 4265
f 4105 4104 4106
f 4260 4106 4104
f 4266 4104 4116
f 4260 4104 4266
f 4105 4261 4259
f 4262 4106 4260
f 4107 4108 4117
f 4117 4108 4118
f 4109 4120 4110
f 4119 4120 4109
f 4316 4110 4120
f 4322 4110 4316
f 4324 4110 4322
f 4111 4112 4121
f 4121 4355 4111
f 4121 4112 4122
f 4122 4112 4356
f 4113 4114 4115
f 4113 4128 4114
f 4115 4265 4113
f 4127 4128 4113
f 4113 4265 4127
f 4115 4114 4116
f 4266 4116 4114
f 4266 4114 4128
f 4117 4118 4129
f 4129 4118 4130
f 4119 4132 4120
f 4131 4132 4119
f 4314 4120 4132
f 4316 4120 4314
f 4121 4122 4123
f 4123 4355 4121
f 4123 4122 4124
f 4124 4122 4356
f 4123 4124 4133
f 4133 4355 4123
f 4133 4124 4134
f 4356 4134 4124
f 4125 4126 4127
f 4125 4142 4126
f 4127 4275 4125
f 4141 4142 4125
f 4125 4275 4141
f 4127 4126 4128
f 4276 4128 4126
f 4276 4126 4142
f 4127 4265 4269
f 4127 4269 4275
f 4266 4128 4270
f 4270 4128 4276
f 4129 4130 4143
f 4143 4130 4144
f 4131 4146 4132
f 4145 4146 4131
f 4312 4132 4146
f 4314 4132 4312
f 4133 4134 4135
f 4135 4357 4133
f 4133 4357 4355
f 4135 4134 4136
f 4358 4136 4134
f 4358 4134 4356
f 4135 4136 4147
f 4147 4357 4135
f 4147 4136 4148
f 4148 4136 4358
f 4137 4138 4139
f 4137 4158 4138
f 4139 4283 4137
f 4157 4158 4137
f 4137 4281 4157
f 4137 4283 4281
f 4139 4138 4140
f 4284 4140 4138
f 4282 4138 4158
f 4284 4138 4282
f 4139 4140 4141
f 4141 4275 4139
f 4139 4275 4283
f 4141 4140 4142
f 4276 4142 4140
f 4276 4140 4284
f 4143 4144 4159
f 4159 4144 4160
f 4145 4162 4146
f 4161 4162 4145
f 4306 4146 4162
f 4312 4146 4306
f 4147 4148 4149
f 4149 4357 4147
f 4149 4148 4150
f 4358 4150 4148
f 4149 4150 4151
f 4151 4359 4149
f 4149 4359 4357
f 4151 4150 4152
f 4152 4150 4360
f 4360 4150 4358
f 4151 4152 4163
f 4163 4359 4151
f 4163 4152 4164
f 4360 4164 4152
f 4153 4154 4155
f 4153 4174 4154
f 4155 4287 4153
f 4173 4174 4153
f 4153 4295 4173
f 4153 4287 4295
f 4155 4154 4156
f 4288 4156 4154
f 4296 4154 4174
f 4288 4154 4296
f 4155 4156 4157
f 4157 4287 4155
f 4157 4156 4158
f 4288 4158 4156
f 4157 4281 4287
f 4282 4158 4288
f 4159 4160 4175
f 4175 4160 4176
f 4161 4178 4162
f 4177 4178 4161
f 4300 4162 4178
f 4304 4162 4300
f 4306 4162 4304
f 4163 4164 4165
f 4165 4339 4163
f 4163 4339 4359
f 4165 4164 4166
f 4340 4166 4164
f 4340 4164 4360
f 4165 4166 4167
f 4167 4341 4165
f 4165 4341 4339
f 4167 4166 4168
f 4342 4168 4166
f 4342 4166 4340
f 4167 4168 4179
f 4179 4341 4167
f 4179 4168 4180
f 4342 4180 4168
f 4169 4170 4171
f 4169 4202 4170
f 4171 4301 4169
f 4201 4202 4169
f 4169 4301 4201
f 4171 4170 4172
f 4302 4172 4170
f 4302 4170 4202
f 4171 4172 4173
f 4173 4293 4171
f 4171 4293 4301
f 4173 4172 4174
f 4294 4174 4172
f 4294 4172 4302
f 4173 4295 4293
f 4296 4174 4294
f 4175 4176 4203
f 4203 4176 4204
f 4177 4206 4178
f 4205 4206 4177
f 4298 4178 4206
f 4300 4178 4298
f 4179 4180 4181
f 4181 4343 4179
f 4179 4343 4341
f 4181 4180 4182
f 4182 4180 4344
f 4344 4180 4342
f 4181 4182 4183
f 4183 4327 4181
f 4181 4327 4343
f 4183 4182 4184
f 4184 4182 4328
f 4328 4182 4344
f 4183 4184 4185
f 4185 4327 4183
f 4185 4184 4186
f 4328 4186 4184
f 4185 4186 4187
f 4187 4329 4185
f 4185 4329 4327
f 4187 4186 4188
f 4330 4188 4186
f 4330 4186 4328
f 4187 4188 4189
f 4189 4331 4187
f 4187 4331 4329
f 4189 4188 4190
f 4190 4188 4332
f 4332 4188 4330
f 4189 4190 4191
f 4191 4331 4189
f 4191 4190 4192
f 4332 4192 4190
f 4191 4192 4193
f 4193 4317 4191
f 4191 4317 4331
f 4193 4192 4194
f 4194 4192 4318
f 4318 4192 4332
f 4193 4194 4195
f 4195 4317 4193
f 4195 4194 4196
f 4318 4196 4194
f 4195 4196 4197
f 4197 4319 4195
f 4195 4319 4317
f 4197 4196 4198
f 4320 4198 4196
f 4320 4196 4318
f 4197 4198 4199
f 4199 4307 4197
f 4197 4307 4319
f 4199 4198 4200
f 4308 4200 4198
f 4308 4198 4320
f 4199 4200 4201
f 4201 4309 4199
f 4199 4309 4307
f 4201 4200 4202
f 4310 4202 4200
f 4310 4200 4308
f 4201 4301 4309
f 4302 4202 4310
f 4203 4204 4207
f 4207 4204 4208
f 4205 4210 4206
f 4209 4210 4205
f 4292 4206 4210
f 4298 4206 4292
f 4207 4208 4211
f 4211 4208 4212
f 4209 4214 4210
f 4213 4214 4209
f 4290 4210 4214
f 4292 4210 4290
f 4211 4212 4215
f 4215 4212 4216
f 4213 4218 4214
f 4217 4218 4213
f 4286 4214 4218
f 4290 4214 4286
f 4215 4216 4219
f 4219 4216 4220
f 4217 4222 4218
f 4221 4222 4217
f 4280 4218 4222
f 4286 4218 4280
f 4219 4220 4223
f 4223 4220 4224
f 4221 4226 4222
f 4225 4226 4221
f 4278 4222 4226
f 4280 4222 4278
f 4223 4224 4229
f 4229 4224 4230
f 4225 4228 4226
f 4227 4228 4225
f 4274 4226 4228
f 4278 4226 4274
f 4227 4232 4228
f 4231 4232 4227
f 4272 4228 4232
f 4274 4228 4272
f 4229 4230 4233
f 4233 4230 4234
f 4231 4236 4232
f 4235 4236 4231
f 4268 4232 4236
f 4272 4232 4268
f 4233 4234 4237
f 4237 4234 4238
f 4235 4240 4236
f 4239 4240 4235
f 4264 4236 4240
f 4268 4236 4264
f 4237 4238 4241
f 4241 4238 4242
f 4239 4244 4240
f 4243 4244 4239
f 4258 4240 4244
f 4264 4240 4258
f 4241 4242 4249
f 4249 4242 4250
f 4243 4246 4244
f 4245 4246 4243
f 4256 4244 4246
f 4258 4244 4256
f 4245 4252 4246
f 4251 4252 4245
f 4256 4246 4252
f 4247 4250 4248
f 4247 4248 4253
f 4249 4250 4247
f 4253 4248 4254
f 4251 4256 4252
f 4255 4256 4251
f 4253 4254 4261
f 4261 4254 4262
f 4255 4258 4256
f 4257 4258 4255
f 4257 4264 4258
f 4263 4264 4257
f 4259 4262 4260
f 4259 4260 4265
f 4261 4262 4259
f 4265 4260 4266
f 4263 4268 4264
f 4267 4268 4263
f 4265 4266 4269
f 4269 4266 4270
f 4267 4272 4268
f 4271 4272 4267
f 4269 4270 4275
f 4275 4270 4276
f 4271 4274 4272
f 4273 4274 4271
f 4273 4278 4274
f 4277 4278 4273
f 4275 4276 4283
f 4283 4276 4284
f 4277 4280 4278
f 4279 4280 4277
f 4279 4286 4280
f 4285 4286 4279
f 4281 4284 4282
f 4281 4282 4287
f 4283 4284 4281
f 4287 4282 4288
f 4285 4290 4286
f 4289 4290 4285
f 4287 4288 4295
f 4295 4288 4296
f 4289 4292 4290
f 4291 4292 4289
f 4291 4298 4292
f 4297 4298 4291
f 4293 4296 4294
f 4293 4294 4301
f 4295 4296 4293
f 4301 4294 4302
f 4297 4300 4298
f 4299 4300 4297
f 4299 4304 4300
f 4303 4304 4299
f 4301 4302 4309
f 4309 4302 4310
f 4303 4306 4304
f 4305 4306 4303
f 4305 4312 4306
f 4311 4312 4305
f 4307 4310 4308
f 4307 4308 4319
f 4309 4310 4307
f 4319 4308 4320
f 4311 4314 4312
f 4313 4314 4311
f 4313 4316 4314
f 4315 4316 4313
f 4315 4322 4316
f 4321 4322 4315
f 4317 4320 4318
f 4317 4318 4331
f 4319 4320 4317
f 4331 4318 4332
f 4321 4324 4322
f 4323 4324 4321
f 4323 4326 4324
f 4325 4326 4323
f 4325 4334 4326
f 4333 4334 4325
f 4327 4330 4328
f 4327 4328 4343
f 4329 4330 4327
f 4343 4328 4344
f 4329 4332 4330
f 4331 4332 4329
f 4333 4336 4334
f 4335 4336 4333
f 4335 4338 4336
f 4337 4338 4335
f 4337 4346 4338
f 4345 4346 4337
f 4339 4342 4340
f 4339 4340 4359
f 4341 4342 4339
f 4359 4340 4360
f 4341 4344 4342
f 4343 4344 4341
f 4345 4348 4346
f 4347 4348 4345
f 4347 4350 4348
f 4349 4350 4347
f 4349 4352 4350
f 4351 4352 4349
f 4351 4362 4352
f 4361 4362 4351
f 4353 4356 4354
f 4353 4354 4375
f 4355 4356 4353
f 4375 4354 4376
f 4355 4358 4356
f 4357 4358 4355
f 4357 4360 4358
f 4359 4360 4357
f 4361 4364 4362
f 4363 4364 4361
f 4363 4366 4364
f 4365 4366 4363
f 4365 4368 4366
f 4367 4368 4365
f 4367 4378 4368
f 4377 4378 4367
f 4369 4372 4370
f 4369 4370 4411
f 4371 4372 4369
f 4411 4370 4412
f 4371 4374 4372
f 4373 4374 4371
f 4373 4376 4374
f 4375 4376 4373
f 4377 4380 4378
f 4379 4380 4377
f 4379 4382 4380
f 4381 4382 4379
f 4381 4384 4382
f 4383 4384 4381
f 4383 4386 4384
f 4385 4386 4383
f 4385 4388 4386
f 4387 4388 4385
f 4387 4390 4388
f 4389 4390 4387
f 4389 4392 4390
f 4391 4392 4389
f 4391 4394 4392
f 4393 4394 4391
f 4393 4396 4394
f 4395 4396 4393
f 4395 4398 4396
f 4397 4398 4395
f 4397 4400 4398
f 4399 4400 4397
f 4399 4402 4400
f 4401 4402 4399
f 4401 4404 4402
f 4403 4404 4401
f 4403 4406 4404
f 4405 4406 4403
f 4405 4408 4406
f 4407 4408 4405
f 4407 4410 4408
f 4409 4410 4407
f 4409 4412 4410
f 4411 4412 4409
