# CAD visual only; metres; body-local coordinates
v -0.0424264004 0.00848527341 -0.0519999999
v -0.0424264004 0.00848527341 -0.044
v -0.0348057034 0.000864576386 -0.0482598895
v -0.0348250058 0.000883878754 -0.0480000001
v -0.0348087742 0.000867647218 -0.0477614889
v -0.034754739 0.000813612031 -0.047511586
v -0.0346470311 0.000705904053 -0.0487522689
v -0.0346907093 0.000749582337 -0.0486623991
v -0.0346562054 0.0007150784 -0.0472652684
v -0.0345092823 0.000568155335 -0.0470424445
v -0.0347485974 0.000807470368 -0.0485084209
v -0.0346987584 0.000757631348 -0.0473562025
v -0.0344353917 0.000494264649 -0.0490362969
v -0.0342578747 0.000316747712 -0.0468330245
v -0.034460664 0.000519537019 -0.0490112713
v -0.0344973805 0.00055625348 -0.0489714324
v -0.0344730618 0.000531934785 -0.0470017056
v -0.0344480946 0.000506967591 -0.04697606
v -0.034184766 0.000243639039 -0.049201577
v -0.0340027859 6.16589058e-05 -0.0467530449
v -0.0342434361 0.000302309083 -0.0491746157
v -0.034199548 0.000258420991 -0.046804619
v -0.0339411213 -5.67551867e-09 -0.0492500001
v -0.0339256909 -1.54170525e-05 -0.0492498097
v -0.0337573483 -0.000183778716 -0.0467773154
v -0.0339411213 -5.67551867e-09 -0.04675
v -0.0339873936 4.62666023e-05 -0.0492482868
v -0.0339565518 1.54247749e-05 -0.0467501904
v -0.0339411213 0.00848527341 -0.0519999999
v -0.0339411213 0.00848527341 -0.05
v -0.0336826947 -0.000258413268 -0.0491953808
v -0.0335126164 -0.000428510619 -0.0469067253
v -0.0337422993 -0.000198827697 -0.0492179626
v -0.0336974957 -0.000243631316 -0.0467984229
v -0.0334341481 -0.000506978942 -0.04902394
v -0.0334091999 -0.000531927062 -0.0489982945
v -0.0332542279 -0.000686899139 -0.0472133495
v -0.0334215977 -0.000519529296 -0.0469887288
v -0.0334991887 -0.000441938354 -0.0490825316
v -0.0334468701 -0.000494256927 -0.046963703
v -0.0331834843 -0.000757642699 -0.0486437976
v -0.0331275036 -0.000813623382 -0.048488414
v -0.0330734875 -0.000867639495 -0.0482385114
v -0.0330573704 -0.000883756591 -0.0479781845
v -0.0330765583 -0.000864568664 -0.0477401105
v -0.0331336644 -0.000807462646 -0.0474915792
v -0.0332446148 -0.000696512176 -0.0487695768
v -0.0332260563 -0.000715070678 -0.0487347317
v -0.0331915524 -0.000749574615 -0.0473376009
v -0.0332352307 -0.000705896331 -0.0472477312
v -0.0325269177 0.00848527341 -0.047
v -0.0325269177 0.00848527341 -0.044
v -0.0297880413 0.00574641614 -0.0485414106
v -0.0297553875 0.00571374326 -0.0473714252
v -0.0298008969 0.00575927167 -0.0485018638
v -0.0298568966 0.00581525235 -0.0482535341
v -0.0298751881 0.0058335629 -0.0480159411
v -0.0298583081 0.00581668286 -0.0477563861
v -0.0298037388 0.00576211362 -0.0475074235
v -0.029797559 0.00575593381 -0.0474874996
v -0.0295159581 0.00547433286 -0.0490060407
v -0.0295404103 0.00549878507 -0.0489796066
v -0.0295216992 0.00548007398 -0.047
v -0.0295093396 0.00546769528 -0.046987108
v -0.0296913388 0.00564971356 -0.0487632918
v -0.0297437909 0.00570216565 -0.048655926
v -0.0297048809 0.00566323666 -0.0472622021
v -0.0295459988 0.0055043736 -0.0470267132
v -0.0295274975 0.0059258595 -0.0519999999
v -0.0295125058 0.00578736691 -0.05
v -0.0295502331 0.00620353131 -0.0519999999
v -0.029540067 0.00606460004 -0.05
v -0.0295632794 0.00648183255 -0.0519999999
v -0.029557977 0.00634261517 -0.05
v -0.0295661786 0.00662110715 -0.0519999999
v -0.0295661786 0.00662110715 -0.05
v -0.0295646908 0.00689971356 -0.0519999999
v -0.0295666363 0.00676041989 -0.05
v -0.0295534947 0.0071780911 -0.0519999999
v -0.0295603039 0.00703895001 -0.05
v -0.0295326092 0.00745589642 -0.0519999999
v -0.0295442631 0.00731707959 -0.05
v -0.0295020726 0.00773282437 -0.0519999999
v -0.0295185521 0.00759450345 -0.05
v -0.0293063595 0.00469304471 -0.0519999999
v -0.0292699292 0.00455857663 -0.05
v -0.0293721631 0.0049637547 -0.0519999999
v -0.0293404438 0.00482812314 -0.05
v -0.0294284871 0.00523660092 -0.0519999999
v -0.0294015171 0.00509993939 -0.05
v -0.0292856839 0.00524405866 -0.0491786674
v -0.0292635777 0.00522195248 -0.0468107533
v -0.0294530919 0.00537372022 -0.0519999999
v -0.0294530919 0.00537372022 -0.05
v -0.0294908764 0.00544925122 -0.0490312555
v -0.0292926648 0.00525103955 -0.0468248604
v -0.0294950917 0.00564914136 -0.0519999999
v -0.0294752934 0.00551125913 -0.05
v -0.0294831898 0.00787084012 -0.0519999999
v -0.0294831898 0.00787084012 -0.05
v -0.0294382336 0.0081458035 -0.0519999999
v -0.0294619038 0.00800851254 -0.05
v -0.0293837216 0.00841901212 -0.0519999999
v -0.0294121602 0.00828265576 -0.05
v -0.02931973 0.00869017987 -0.0519999999
v -0.0293528988 0.00855487256 -0.05
v -0.0292842152 0.00882487683 -0.0519999999
v -0.0292842152 0.00882487683 -0.05
v -0.0290530255 0.00389689832 -0.0519999999
v -0.0290027668 0.00376696973 -0.05
v -0.0291466954 0.00415929227 -0.0519999999
v -0.0291009953 0.00402768521 -0.05
v -0.0292311718 0.00442477612 -0.0519999999
v -0.0291900876 0.00429166226 -0.05
v -0.0290298321 0.00498820691 -0.0492488164
v -0.0290067532 0.00496512799 -0.0467501891
v -0.0292417767 0.00520015149 -0.0491987878
v -0.0290528157 0.00501119046 -0.0467530236
v -0.0292463353 0.00895894437 -0.0519999999
v -0.0292463353 0.00895894437 -0.05
v -0.0291636326 0.00922498135 -0.0519999999
v -0.0292061474 0.00909232526 -0.05
v -0.0290717175 0.00948798566 -0.0519999999
v -0.029118829 0.00935689359 -0.05
v -0.0290223362 0.0096182385 -0.0519999999
v -0.0290223362 0.0096182385 -0.05
v -0.0288385632 0.00338271527 -0.0519999999
v -0.0288385632 0.00338271527 -0.05
v -0.0289502766 0.00363793759 -0.0519999999
v -0.0288955166 0.00350984006 -0.05
v -0.028785558 0.00474393277 -0.0492156395
v -0.0287633946 0.00472176938 -0.0467922954
v -0.0289990666 0.00495744138 -0.0492499527
v -0.0287932255 0.00475160031 -0.0467818135
v -0.02899138 0.00494975476 -0.04675
v -0.0289707043 0.00974763303 -0.0519999999
v -0.0289707043 0.00974763303 -0.05
v -0.0289168217 0.00987609296 -0.0519999999
v -0.0289168217 0.00987609296 -0.05
v -0.0288023808 0.0101301136 -0.0519999999
v -0.0288607075 0.0100035992 -0.05
v -0.0285306218 0.00448899655 -0.0490667248
v -0.0285114911 0.00446984677 -0.0469502851
v -0.0287409642 0.00469933896 -0.0491987878
v -0.0285508397 0.00450921445 -0.0469163194
v -0.0285249951 0.00595408826 -0.047
v -0.0285109189 0.0058350697 -0.044
v -0.0285458043 0.00617619901 -0.047
v -0.028537431 0.00607751279 -0.044
v -0.0285624936 0.00647317319 -0.047
v -0.0285554936 0.00632073789 -0.044
v -0.0285667279 0.00669621854 -0.047
v -0.0285650876 0.00656443982 -0.044
v -0.028561311 0.00699361234 -0.047
v -0.0285661747 0.00680833249 -0.044
v -0.0285489514 0.00721635251 -0.047
v -0.0285587552 0.00705211072 -0.044
v -0.0285295155 0.00743859677 -0.047
v -0.0285428479 0.0072954884 -0.044
v -0.0285030034 0.00766009717 -0.047
v -0.028518491 0.00753816037 -0.044
v -0.0286791661 0.0103799763 -0.0519999999
v -0.0287418606 0.010255579 -0.05
v -0.0285473301 0.0106254139 -0.0519999999
v -0.0286143162 0.0105032673 -0.05
v -0.0282914212 0.00424979596 -0.0487632918
v -0.0282821324 0.00424050717 -0.0487459448
v -0.0282516148 0.00420998959 -0.047315881
v -0.0282870724 0.00424544721 -0.0472447492
v -0.0284918644 0.00445023923 -0.0490312555
v -0.0284544804 0.00441285519 -0.0489929742
v -0.0284610417 0.00441941647 -0.047
v -0.0284734204 0.00443179517 -0.046987108
v -0.0282747128 0.00471665769 -0.047
v -0.0282528355 0.00464475064 -0.044
v -0.0283350613 0.00493142514 -0.047
v -0.0282879307 0.0047615376 -0.044
v -0.028404813 0.00522056012 -0.047
v -0.028380933 0.0051153317 -0.044
v -0.0284490445 0.00543921857 -0.047
v -0.0284326222 0.00535369305 -0.044
v -0.0284971478 0.00573274045 -0.047
v -0.0284759572 0.00559369473 -0.044
v -0.0284926083 0.00773372083 -0.047
v -0.0284566929 0.00795390515 -0.047
v -0.0284856846 0.00777982144 -0.044
v -0.0283979657 0.00824548154 -0.047
v -0.0284444668 0.00802022366 -0.044
v -0.0283457997 0.00846238522 -0.047
v -0.0283949139 0.00825902371 -0.044
v -0.0282655575 0.00874879269 -0.047
v -0.0283050587 0.0086136189 -0.044
v -0.0284782078 0.010746378 -0.0519999999
v -0.0284782078 0.010746378 -0.05
v -0.0283337452 0.0109845868 -0.0519999999
v -0.0284070065 0.0108661023 -0.05
v -0.028258405 0.0111017743 -0.0519999999
v -0.028258405 0.0111017743 -0.05
v -0.0280000737 0.00395842938 -0.047
v -0.0280000737 0.00395842938 -0.044
v -0.0282471516 0.0042055264 -0.0486743495
v -0.0281757977 0.00413417249 -0.048481859
v -0.0281228688 0.00408124356 -0.0482321888
v -0.0281074955 0.00406587033 -0.0479941812
v -0.0281275799 0.00408593564 -0.047735081
v -0.0281852009 0.00414357571 -0.0474874996
v -0.0281094983 0.00422902493 -0.047
v -0.0280471661 0.00407092481 -0.044
v -0.0281840947 0.00443480878 -0.047
v -0.0281354191 0.00429828076 -0.044
v -0.0282306721 0.00457459836 -0.047
v -0.0282157185 0.00452859311 -0.044
v -0.028197427 0.00896123319 -0.047
v -0.0282349255 0.00884721188 -0.044
v -0.0280961277 0.00924088864 -0.047
v -0.0281566861 0.00907821088 -0.044
v -0.0280123951 0.00944766431 -0.047
v -0.0280704358 0.00930634885 -0.044
v -0.028181062 0.0112176266 -0.0519999999
v -0.028181062 0.0112176266 -0.05
v -0.0280203488 0.0114452115 -0.0519999999
v -0.0281016972 0.0113321248 -0.05
v -0.0278905919 0.0097190228 -0.047
v -0.0279763081 0.00953133969 -0.044
v -0.0277573826 0.00998496442 -0.047
v -0.0278743985 0.00975291638 -0.044
v -0.0278518155 0.0116670552 -0.0519999999
v -0.0279370549 0.0115568676 -0.05
v -0.0277646878 0.011775755 -0.0519999999
v -0.0277646878 0.011775755 -0.05
v -0.0276129773 0.0102449933 -0.047
v -0.0277072003 0.010078291 -0.044
v -0.0275366833 0.0103726521 -0.047
v -0.0275864079 0.0102901593 -0.044
v -0.0275847866 0.0119885006 -0.0519999999
v -0.0276756718 0.0118829098 -0.05
v -0.0274576809 0.0104986706 -0.047
v -0.0274582913 0.0104976979 -0.044
v -0.0272917225 0.0107455006 -0.047
v -0.0273915341 0.0105997601 -0.044
v -0.0272527554 0.0108003178 -0.044
v -0.0273976185 0.0121948376 -0.0519999999
v -0.0274921086 0.0120924893 -0.05
v -0.0273013546 0.0122955456 -0.0519999999
v -0.0273013546 0.0122955456 -0.05
v -0.0271154454 0.0109850827 -0.047
v -0.0271807721 0.0108987561 -0.044
v -0.0270235302 0.0111020031 -0.047
v -0.0270317128 0.0110917988 -0.044
v -0.0271036389 0.0124918499 -0.0519999999
v -0.0272033551 0.0123945561 -0.05
v -0.0270022633 0.01258737 -0.0519999999
v -0.0270022633 0.01258737 -0.05
v -0.0269291356 0.01121694 -0.047
v -0.026954675 0.011186327 -0.044
v -0.0267830327 0.0113855305 -0.047
v -0.0268760159 0.0112795201 -0.044
v -0.0268992283 0.0126811352 -0.0519999999
v -0.0268992283 0.0126811352 -0.05
v -0.0267945721 0.0127730885 -0.0519999999
v -0.0267945721 0.0127730885 -0.05
v -0.026682687 0.0114952984 -0.047
v -0.0267138531 0.01146171 -0.044
v -0.0265278485 0.0116558972 -0.047
v -0.0266304257 0.0115506497 -0.044
v -0.0265805485 0.0129514447 -0.0519999999
v -0.0266883328 0.0128631917 -0.05
v -0.0264751103 0.0117083302 -0.047
v -0.0264589932 0.011724123 -0.044
v -0.0262586453 0.0119123211 -0.047
v -0.0263710263 0.0118085804 -0.044
v -0.0263604405 0.0131222477 -0.0519999999
v -0.0264712384 0.0130378094 -0.05
v -0.0262031987 0.0119618741 -0.047
v -0.0261907628 0.0119728604 -0.044
v -0.0260337307 0.0121069661 -0.047
v -0.0260985043 0.0120526066 -0.044
v -0.026248193 0.0132047406 -0.0519999999
v -0.026248193 0.0132047406 -0.05
v -0.0260194638 0.0133638134 -0.0519999999
v -0.026134515 0.0132852879 -0.05
v -0.0258597233 0.0122465649 -0.047
v -0.0259099057 0.0122072354 -0.044
v -0.0258007481 0.0122918644 -0.047
v -0.0258136036 0.0122820797 -0.044
v -0.0259030583 0.0134403553 -0.0519999999
v -0.0259030583 0.0134403553 -0.05
v -0.0257853367 0.0135148373 -0.0519999999
v -0.0257853367 0.0135148373 -0.05
v -0.025560117 0.012466692 -0.047
v -0.0257160237 0.0123552075 -0.044
v -0.025546098 0.0136576024 -0.0519999999
v -0.0256663372 0.0135872593 -0.05
v -0.0253122761 0.0126311436 -0.047
v -0.0254158261 0.012564272 -0.044
v -0.0254246571 0.0137258473 -0.0519999999
v -0.0254246571 0.0137258473 -0.05
v -0.0253020337 0.013791956 -0.0519999999
v -0.0253020337 0.013791956 -0.05
v -0.0251219418 0.0127474919 -0.047
v -0.0252098134 0.0126948109 -0.044
v -0.0250576832 0.0127849331 -0.047
v -0.0251051381 0.0127573719 -0.044
v -0.0250534298 0.0139177266 -0.0519999999
v -0.0251782849 0.0138559285 -0.05
v -0.0249015477 -0.000554281188 -0.0519999999
v -0.0249015477 -0.000554281188 -0.05
v -0.024796777 0.0129277554 -0.047
v -0.0249993756 0.0128181019 -0.044
v -0.0249275258 0.0139773503 -0.0519999999
v -0.0249275258 0.0139773503 -0.05
v -0.0248006108 0.0140347615 -0.0519999999
v -0.0248006108 0.0140347615 -0.05
v -0.0246463253 -0.000665994598 -0.0519999999
v -0.0245172932 -0.000718503905 -0.05
v -0.0246641018 0.0129949704 -0.047
v -0.0246759846 0.0129890957 -0.044
v -0.0245300343 0.0130593625 -0.047
v -0.0245662548 0.0130423108 -0.044
v -0.0245438626 0.0141429272 -0.0519999999
v -0.024672704 0.0140899601 -0.05
v -0.0243873646 -0.000768743468 -0.0519999999
v -0.0242565777 -0.00081673236 -0.05
v -0.0243258336 0.000284208344 -0.047
v -0.0243258336 0.000284208344 -0.044
v -0.024257951 0.0131795254 -0.047
v -0.0244556286 0.0130935994 -0.044
v -0.0242834904 0.0142420903 -0.0519999999
v -0.0244141056 0.0141936436 -0.05
v -0.0241249897 -0.000862432433 -0.0519999999
v -0.0241249897 -0.000862432433 -0.05
v -0.0241885235 0.000227045106 -0.047
v -0.0241000416 0.000191988038 -0.044
v -0.0241200497 0.0132352391 -0.047
v -0.024231744 0.0131903592 -0.044
v -0.0240506604 0.0132619992 -0.047
v -0.024004636 0.0132792798 -0.044
v -0.0240198376 0.0143321362 -0.0519999999
v -0.024152055 0.0142882672 -0.05
v -0.0239926007 -0.000905824615 -0.0519999999
v -0.0238595059 -0.000946908904 -0.05
v -0.0239803746 0.000146783875 -0.047
v -0.0237556889 6.85635078e-05 -0.044
v -0.0237546971 0.0064875546 -0.0519999999
v -0.0237503674 0.00644940762 -0.044
v -0.0237667515 0.00671752362 -0.0519999999
v -0.0237583783 0.00652577786 -0.044
v -0.0237503674 0.00698562055 -0.0519999999
v -0.0237664273 0.00675591855 -0.044
v -0.0237704136 0.0133616009 -0.047
v -0.0238899662 0.0133207455 -0.044
v -0.0237532093 0.0144129315 -0.0519999999
v -0.0238868763 0.0143736973 -0.05
v -0.0235113003 -0.0104298267 -0.0480000001
v -0.0235004094 -0.0104406986 -0.0478044569
v -0.0235912373 -0.00102209659 -0.0519999999
v -0.0235912373 -0.00102209659 -0.05
v -0.0237256863 -0.000985666228 -0.0519999999
v -0.0237256863 -0.000985666228 -0.05
v -0.0235227253 -3.66778489e-06 -0.044
v -0.0236990597 5.0176667e-05 -0.047
v -0.0236395314 3.142743e-05 -0.044
v -0.0235269787 0.00571874051 -0.0519999999
v -0.0235092404 0.00568467526 -0.044
v -0.0236340764 0.00596507459 -0.0519999999
v -0.0235441067 0.00575309186 -0.044
v -0.0237103703 0.00622262387 -0.0519999999
v -0.0236468937 0.00600125699 -0.044
v -0.0237453511 0.00641133695 -0.0519999999
v -0.0237186863 0.00626010327 -0.044
v -0.0237014058 0.00724975018 -0.0519999999
v -0.0237453511 0.00702369122 -0.044
v -0.0236340764 0.00746995358 -0.0519999999
v -0.0236917927 0.00728692441 -0.044
v -0.0235269787 0.00771628766 -0.0519999999
v -0.0236206295 0.00750592618 -0.044
v -0.0235092404 0.00775035291 -0.0519999999
v -0.0235092404 0.00775035291 -0.044
v -0.0235575726 0.0134284535 -0.047
v -0.0236585095 0.0133976689 -0.044
v -0.0236188939 0.0144498387 -0.0519999999
v -0.0236188939 0.0144498387 -0.05
v -0.0233333256 -0.0106078014 -0.0487522689
v -0.0234348919 -0.0105062351 -0.0485084209
v -0.0234410336 -0.0105000934 -0.048488414
v -0.0234410336 -0.0105000934 -0.047511586
v -0.0233425 -0.010598627 -0.0472652684
v -0.0232524159 -0.0106887111 -0.0471161166
v -0.0234919789 -0.0104491481 -0.0482598895
v -0.0234978726 -0.0104432544 -0.0482170603
v -0.0234950688 -0.0104460582 -0.0477614889
v -0.0234469464 -0.0104941806 -0.0475317419
v -0.0234561589 -0.00105616183 -0.0519999999
v -0.0233205082 -0.00108790012 -0.05
v -0.023485532 -1.43680107e-05 -0.047
v -0.0232873967 -6.7716552e-05 -0.044
v -0.0233906414 0.00548728375 -0.0519999999
v -0.0232520535 0.0053033772 -0.044
v -0.0234909108 0.00565093427 -0.0519999999
v -0.0234118321 0.00551930814 -0.044
v -0.0233688977 0.00797938733 -0.0519999999
v -0.0234909108 0.0077840939 -0.044
v -0.0232520535 0.00813165097 -0.0519999999
v -0.0233466008 0.00801064877 -0.044
v -0.0233427098 0.0134884778 -0.047
v -0.023424535 0.013466486 -0.044
v -0.0232706883 0.01350696 -0.047
v -0.0234839299 0.0144843998 -0.0519999999
v -0.0234839299 0.0144843998 -0.05
v -0.0233483937 0.0145165959 -0.0519999999
v -0.0233483937 0.0145165959 -0.05
v -0.0231469586 -0.0107941684 -0.0490112713
v -0.023183656 -0.010757471 -0.0489714324
v -0.0231593564 -0.0107817707 -0.0470017056
v -0.0230009701 -0.0109401569 -0.0468671152
v -0.0232414105 -0.0106997165 -0.0488991746
v -0.0231955578 -0.0107455501 -0.0470424445
v -0.0231843235 -0.00111725421 -0.0519999999
v -0.023047662 -0.00114422412 -0.05
v -0.0231978085 -8.98036492e-05 -0.047
v -0.023049989 -0.000123544646 -0.044
v -0.0231223919 0.005161871 -0.0519999999
v -0.0231223919 0.005161871 -0.044
v -0.0232271244 0.00527417569 -0.0519999999
v -0.0232271244 0.00527417569 -0.044
v -0.0231493046 0.00824576764 -0.0519999999
v -0.0232271244 0.00816085248 -0.044
v -0.0230100872 0.00837787061 -0.0519999999
v -0.0231223919 0.00827315717 -0.044
v -0.0230534604 0.0135578099 -0.047
v -0.0231882908 0.0135271206 -0.044
v -0.0230757573 0.0145739117 -0.0519999999
v -0.0232123234 0.0145464459 -0.05
v -0.0229297306 -0.0110113964 -0.0491746157
v -0.0227504208 -0.0111906871 -0.046762165
v -0.022986932 -0.010954195 -0.0491419318
v -0.0229441693 -0.0109969577 -0.0468330245
v -0.0229105427 -0.00116880984 -0.0519999999
v -0.0227730229 -0.00119103046 -0.05
v -0.0229800656 -0.000138326598 -0.047
v -0.0228107693 -0.000171056701 -0.044
v -0.0229212048 0.0049838963 -0.0519999999
v -0.0227649548 0.00487243085 -0.044
v -0.0229808857 0.00503220944 -0.0519999999
v -0.0229512646 0.00500779538 -0.044
v -0.0228598835 0.00849734692 -0.0519999999
v -0.0229808857 0.00840281873 -0.044
v -0.0227649548 0.00856259732 -0.0519999999
v -0.0228286221 0.00851964383 -0.044
v -0.0227615406 0.0136148015 -0.047
v -0.0229500821 0.0135794583 -0.044
v -0.0228012898 0.0146216908 -0.0519999999
v -0.0229387333 0.0145989933 -0.05
v -0.0226274159 -0.0113137111 -0.0492500001
v -0.0226890805 -0.0112520465 -0.0492469549
v -0.0226428463 -0.0112982807 -0.0467501904
v -0.0226274159 -0.0113137111 -0.04675
v -0.0227351429 -0.0112059841 -0.0492406827
v -0.0227044537 -0.0112366733 -0.0467547566
v -0.0226351216 -0.00121082873 -0.0519999999
v -0.0226351216 -0.00121082873 -0.05
v -0.0226875355 -0.00019217105 -0.047
v -0.0225700428 -0.000210214568 -0.044
v -0.0225311711 0.00474017529 -0.0519999999
v -0.0225311711 0.00474017529 -0.044
v -0.0227325871 0.00485181241 -0.0519999999
v -0.0225655415 0.00475730328 -0.044
v -0.0225311711 0.00869485288 -0.0519999999
v -0.0227325871 0.00858321576 -0.044
v -0.0225411465 0.0136493626 -0.047
v -0.0227102139 0.013623499 -0.044
v -0.0225253155 0.0146598759 -0.0519999999
v -0.0226634648 0.014641985 -0.05
v -0.0224285939 -0.0115125331 -0.0492179626
v -0.0222538807 -0.0116872463 -0.0468671152
v -0.0224891522 -0.0114519748 -0.0492346105
v -0.0224436429 -0.0114974842 -0.0467773154
v -0.0224969151 -0.00122822375 -0.0519999999
v -0.0223584034 -0.00124321551 -0.05
v -0.0224667981 -0.000224386169 -0.047
v -0.0223280957 -0.000240961028 -0.044
v -0.0224965146 0.00472363858 -0.0519999999
v -0.0222830059 0.0046373692 -0.044
v -0.0224263623 0.00874263196 -0.0519999999
v -0.0224965146 0.00871138959 -0.044
v -0.0222830059 0.00879765897 -0.0519999999
v -0.0223908856 0.00875731854 -0.044
v -0.0223197606 0.0136768857 -0.047
v -0.0224689343 0.0136591282 -0.044
v -0.0223868611 0.0146753636 -0.0519999999
v -0.0223868611 0.0146753636 -0.05
v -0.0221854832 -0.0117556438 -0.0490825316
v -0.0220954754 -0.0118456516 -0.0489982945
v -0.0220024159 -0.0119387111 -0.0471161166
v -0.0221078923 -0.0118332347 -0.0469887288
v -0.0222399571 -0.0117011699 -0.0491234925
v -0.0221989109 -0.0117422161 -0.0469067253
v -0.022219682 -0.00125580402 -0.0519999999
v -0.0220807316 -0.00126595111 -0.05
v -0.0221710827 -0.000256353332 -0.047
v -0.0220852139 -0.000263257934 -0.044
v -0.022245126 -0.000249544097 -0.047
v -0.0222465947 0.00462518124 -0.0519999999
v -0.0220241597 0.00456559567 -0.044
v -0.0220241597 0.0088694325 -0.0519999999
v -0.0222465947 0.00880984692 -0.044
v -0.0220234349 0.0137025967 -0.047
v -0.0222265675 0.0136863461 -0.044
v -0.0221092656 0.014699091 -0.0519999999
v -0.0222481778 0.014688448 -0.05
v -0.0219405034 -0.0120006237 -0.0487866506
v -0.0219123318 -0.0120287761 -0.0487347317
v -0.0218137982 -0.0121273288 -0.048488414
v -0.0217597821 -0.0121813449 -0.0482385114
v -0.0217501309 -0.0121909961 -0.0478476635
v -0.0217628529 -0.0121782741 -0.0477401105
v -0.0218199398 -0.0121211681 -0.0474915792
v -0.0219215252 -0.0120196018 -0.0472477312
v -0.0219916012 -0.0119495258 -0.048868323
v -0.0219503262 -0.0119908008 -0.0471965155
v -0.0219416478 -0.00127369495 -0.0519999999
v -0.0218024495 -0.00127901645 -0.05
v -0.0219485524 -0.000272069885 -0.047
v -0.0218417218 -0.000277086211 -0.044
v -0.0219865277 0.00455792813 -0.0519999999
v -0.0217585041 0.00452588467 -0.044
v -0.0217585041 0.00890914349 -0.0519999999
v -0.0219865277 0.00887710004 -0.044
v -0.0218006184 0.0137136021 -0.047
v -0.0219833996 0.0137050953 -0.044
v -0.0218310215 0.0147131482 -0.0519999999
v -0.0219702198 0.0147073308 -0.05
v -0.0217483761 -0.0121927509 -0.0481306607
v -0.021743665 -0.012197462 -0.0479781845
v -0.0216631558 -0.00128189654 -0.0519999999
v -0.0215238621 -0.00128237338 -0.05
v -0.0217256215 -0.0002806911 -0.047
v -0.0215978863 -0.000282407714 -0.044
v -0.0217202237 0.00452287106 -0.0519999999
v -0.0215283635 0.00451785474 -0.044
v -0.0215283635 0.00891717343 -0.0519999999
v -0.0217202237 0.00891215711 -0.044
v -0.0215032055 0.0137172261 -0.047
v -0.0217397168 0.0137153759 -0.044
v -0.0215524533 0.0147174969 -0.0519999999
v -0.021691766 0.0147165432 -0.05
v -0.0213845684 -0.00128040881 -0.0519999999
v -0.0213845684 -0.00128040881 -0.05
v -0.0214281895 -0.000281110717 -0.047
v -0.0213540127 -0.000279260589 -0.044
v -0.0214899685 0.00451884656 -0.0519999999
v -0.0212605717 0.00453893094 -0.044
v -0.0212605717 0.00889609723 -0.0519999999
v -0.0214899685 0.00891618161 -0.044
v -0.0212801983 0.0137116375 -0.047
v -0.0214958432 0.0137171498 -0.044
v -0.0212739041 0.0147121563 -0.0519999999
v -0.0214131596 0.0147160473 -0.05
v -0.021245332 -0.00127602191 -0.0519999999
v -0.0211061909 -0.00126921268 -0.05
v -0.0212052395 -0.000273138 -0.047
v -0.0211104062 -0.000267587615 -0.044
v -0.0212225964 0.00454459576 -0.0519999999
v -0.0210345318 0.00458285718 -0.044
v -0.0210345318 0.00885217099 -0.0519999999
v -0.0212225964 0.0088904324 -0.044
v -0.0210574582 0.0136989537 -0.047
v -0.0211302617 0.0137038937 -0.044
v -0.0211347439 0.014705843 -0.0519999999
v -0.0211347439 0.014705843 -0.05
v -0.0209671833 -0.00125998111 -0.0519999999
v -0.0209671833 -0.00125998111 -0.05
v -0.0208283665 -0.00124832721 -0.0519999999
v -0.0208283665 -0.00124832721 -0.05
v -0.020982671 -0.000258069946 -0.047
v -0.0209887936 -0.00025858493 -0.044
v -0.0208346035 -0.00024408908 -0.047
v -0.0208673527 -0.000247465087 -0.044
v -0.0209973576 0.00459247022 -0.0519999999
v -0.0207783558 0.00466363339 -0.044
v -0.0207783558 0.00877139478 -0.0519999999
v -0.0209973576 0.00884255795 -0.044
v -0.0207613423 0.0136710301 -0.047
v -0.020887151 0.0136844388 -0.044
v -0.0208568432 0.0146859494 -0.0519999999
v -0.0209957173 0.0146971074 -0.05
v -0.0206897786 -0.00123427005 -0.0519999999
v -0.0205514386 -0.00121779056 -0.05
v -0.0206868603 -0.000226961089 -0.047
v -0.0205044415 -0.000201402618 -0.044
v -0.0207426312 0.00467770963 -0.0519999999
v -0.0206023457 0.00474017529 -0.044
v -0.0205679753 0.00475730328 -0.0519999999
v -0.020500169 0.00479335217 -0.044
v -0.020500169 0.008641676 -0.0519999999
v -0.0207071545 0.00874263196 -0.044
v -0.0207426312 0.00875731854 -0.0519999999
v -0.0207426312 0.00875731854 -0.044
v -0.0205401661 0.0136418286 -0.047
v -0.0206448605 0.0136565342 -0.044
v -0.0205798199 0.0146564045 -0.0519999999
v -0.0207181981 0.0146723881 -0.05
v -0.0204134228 -0.00119890781 -0.0519999999
v -0.0202757504 -0.00117762179 -0.05
v -0.0204660084 -0.000195394469 -0.047
v -0.0202640583 -0.000160203887 -0.044
v -0.0204667523 0.004812254 -0.0519999999
v -0.0202736332 0.00493768124 -0.044
v -0.0202736332 0.00849734692 -0.0519999999
v -0.0202736332 0.00849734692 -0.044
v -0.0203048947 0.00851964383 -0.0519999999
v -0.0204667523 0.00862277417 -0.044
v -0.0203200581 0.013605608 -0.047
v -0.0204036763 0.0136202183 -0.044
v -0.0203039792 0.0146172276 -0.0519999999
v -0.0204417279 0.0146380177 -0.05
v -0.0201384785 -0.0011539516 -0.0519999999
v -0.0200016262 -0.00112789722 -0.05
v -0.0202462819 -0.000156808807 -0.047
v -0.0200252583 -0.00011065097 -0.044
v -0.0202427723 0.00496051221 -0.0519999999
v -0.0202122929 0.0049838963 -0.044
v -0.0201822522 0.00500779538 -0.0519999999
v -0.0200111248 0.005161871 -0.044
v -0.0200111248 0.00827315717 -0.0519999999
v -0.0202427723 0.00847451596 -0.044
v -0.020028558 0.013546423 -0.047
v -0.0201639225 0.0135755101 -0.044
v -0.0200296833 0.0145684567 -0.0519999999
v -0.0201666119 0.0145940342 -0.05
v -0.0198652508 -0.00109943957 -0.0519999999
v -0.0198652508 -0.00109943957 -0.05
v -0.0199554493 -9.45148003e-05 -0.047
v -0.0197883275 -5.28010857e-05 -0.044
v -0.0199842122 0.00518926053 -0.0519999999
v -0.0199318364 0.00524543195 -0.044
v -0.0199063923 0.00527417569 -0.0519999999
v -0.0197646191 0.00545564084 -0.044
v -0.0197646191 0.00797938733 -0.0519999999
v -0.0197646191 0.00797938733 -0.044
v -0.019786916 0.00801064877 -0.0519999999
v -0.0199842122 0.00824576764 -0.044
v -0.0198117306 0.0134939328 -0.047
v -0.0198075726 0.0134928647 -0.044
v -0.0198838284 0.0135122052 -0.047
v -0.0199258664 0.0135224667 -0.044
v -0.0197572377 0.0145101872 -0.0519999999
v -0.0198932126 0.014540514 -0.05
v -0.0197293904 -0.00106863589 -0.0519999999
v -0.0195941021 -0.0010354671 -0.05
v -0.0197391942 -3.96976006e-05 -0.047
v -0.019670644 -2.07957756e-05 -0.044
v -0.0195960476 6.42823016e-07 -0.047
v -0.0195535519 1.3269471e-05 -0.044
v -0.0197428753 0.00548728375 -0.0519999999
v -0.0197428753 0.00548728375 -0.044
v -0.0197216847 0.00551930814 -0.0519999999
v -0.0196065381 0.00571874051 -0.044
v -0.0195894101 0.00575309186 -0.0519999999
v -0.0195128872 0.00592910199 -0.044
v -0.0195128872 0.00750592618 -0.0519999999
v -0.0196065381 0.00771628766 -0.044
v -0.0196242764 0.00775035291 -0.0519999999
v -0.0197428753 0.00794774442 -0.044
v -0.0195254376 0.013413271 -0.047
v -0.0196898129 0.0134611836 -0.044
v -0.0196218159 0.0144774952 -0.0519999999
v -0.0196218159 0.0144774952 -0.05
v -0.0194593861 -0.000999933196 -0.0519999999
v -0.0193253376 -0.000962072326 -0.05
v -0.0194537976 4.40350044e-05 -0.047
v -0.0193212178 8.74653328e-05 -0.044
v -0.0194994404 0.00596507459 -0.0519999999
v -0.0194994404 0.00596507459 -0.044
v -0.019486623 0.00600125699 -0.0519999999
v -0.0194231465 0.00622262387 -0.044
v -0.0194148304 0.00626010327 -0.0519999999
v -0.0193788006 0.0064875546 -0.044
v -0.0193751194 0.00652577786 -0.0519999999
v -0.0193667653 0.00671752362 -0.044
v -0.0193670895 0.00675591855 -0.0519999999
v -0.0193831494 0.00698562055 -0.044
v -0.0193881657 0.00702369122 -0.0519999999
v -0.019432111 0.00724975018 -0.044
v -0.0194417241 0.00728692441 -0.0519999999
v -0.0194994404 0.00746995358 -0.044
v -0.0193131115 0.0133448163 -0.047
v -0.0194560101 0.0133916989 -0.044
v -0.0193528035 0.0144050541 -0.0519999999
v -0.0194870045 0.0144424572 -0.05
v -0.0191919568 -0.00092188449 -0.0519999999
v -0.0190592816 -0.000879369689 -0.05
v -0.0192422154 0.000114759492 -0.047
v -0.0190916111 0.000169710206 -0.044
v -0.0190336087 0.0132430974 -0.047
v -0.0191030743 0.0132696286 -0.047
v -0.0192248013 0.013314127 -0.044
v -0.0190864613 0.0143233052 -0.0519999999
v -0.01921927 0.0143653431 -0.05
v -0.0189273884 -0.000834546996 -0.0519999999
v -0.0187962773 -0.000787454559 -0.05
v -0.0189638188 0.000219453858 -0.047
v -0.0189779141 0.00021382718 -0.044
v -0.0188263562 0.000276235627 -0.047
v -0.0187529232 0.000307954835 -0.044
v -0.0187586834 0.013129591 -0.047
v -0.0189964154 0.0132285252 -0.044
v -0.0188231327 0.0142323437 -0.0519999999
v -0.0188231327 0.0142323437 -0.05
v -0.0189543965 0.0142789784 -0.0519999999
v -0.0189543965 0.0142789784 -0.05
v -0.0185046055 -0.00553701968 -0.0484414181
v -0.0185414746 -0.00550015063 -0.047735081
v -0.0185431721 -0.00549845309 -0.0482535341
v -0.0185461667 -0.00549545856 -0.0482321888
v -0.0185615399 -0.00548008533 -0.0479941812
v -0.0186660244 -0.000738073302 -0.0519999999
v -0.018536649 -0.000686422301 -0.05
v -0.0186901143 0.000335897492 -0.047
v -0.0185313466 0.000409883546 -0.044
v -0.0185557797 0.0130368557 -0.047
v -0.0186597874 0.0130853596 -0.044
v -0.018563123 0.0141322461 -0.0519999999
v -0.0186926892 0.0141834202 -0.05
v -0.0182504895 -0.00579115481 -0.0489519849
v -0.0182900288 -0.00575161548 -0.0470985831
v -0.0182959225 -0.0057457027 -0.0488933152
v -0.0183869221 -0.00565472217 -0.0487459448
v -0.0184932377 -0.00554838748 -0.048481859
v -0.0184959652 -0.00554565997 -0.0475274968
v -0.0184838536 -0.00555779071 -0.0474874996
v -0.0183819821 -0.0056596622 -0.0472447492
v -0.01840817 -0.000632539703 -0.0519999999
v -0.0182806637 -0.000576425506 -0.05
v -0.0184882214 0.00043080716 -0.047
v -0.018421922 0.000463708924 -0.044
v -0.0182894566 0.000532106446 -0.047
v -0.018313451 0.000519441651 -0.044
v -0.0182900479 0.012903246 -0.047
v -0.0184397175 0.0129802266 -0.044
v -0.0184888127 0.0130045071 -0.047
v -0.0183067753 0.0140231648 -0.0519999999
v -0.0184344723 0.0140788212 -0.05
v -0.0180008175 -0.00604080768 -0.0491634646
v -0.018035989 -0.00600563617 -0.0468573205
v -0.0180433323 -0.00599831195 -0.0491380224
v -0.018214555 -0.00582707019 -0.0489929742
v -0.0182441952 -0.00579744907 -0.0470405143
v -0.018195615 -0.00584601016 -0.046987108
v -0.0181541684 -0.000518098785 -0.0519999999
v -0.0181541684 -0.000518098785 -0.05
v -0.0180286839 -0.000457578613 -0.0519999999
v -0.0180286839 -0.000457578613 -0.05
v -0.0182239392 0.000567258881 -0.047
v -0.0180995038 0.000636533784 -0.044
v -0.0180112317 0.0127472821 -0.044
v -0.0180302288 0.0127584591 -0.047
v -0.0182234433 0.0128675023 -0.044
v -0.0180543568 0.0139052144 -0.0519999999
v -0.0181800511 0.0139652958 -0.05
v -0.0177621701 -0.00627945514 -0.0492442748
v -0.0177850201 -0.00625662418 -0.046759252
v -0.0177927449 -0.00624888034 -0.049239361
v -0.0179933598 -0.00604826541 -0.0468324481
v -0.0179042866 -0.000394884063 -0.0519999999
v -0.0177809956 -0.000330034209 -0.05
v -0.0179656842 0.000714830445 -0.047
v -0.0179941037 0.000697874116 -0.044
v -0.0179021122 0.000753416108 -0.047
v -0.0177865651 0.00082597165 -0.044
v -0.0177767804 0.0126027623 -0.047
v -0.017906728 0.0126844349 -0.044
v -0.0178062108 0.0137785664 -0.0519999999
v -0.0179297306 0.0138429776 -0.05
v -0.0175018933 -0.00653973193 -0.0492250347
v -0.0175398877 -0.00650175662 -0.0467652817
v -0.0175473645 -0.00649427981 -0.0492363405
v -0.0177391102 -0.00630251498 -0.0467530236
v -0.0176776745 -0.00636396976 -0.04675
v -0.017658849 -0.000263048125 -0.0519999999
v -0.017658849 -0.000263048125 -0.05
v -0.017537904 -0.000193944885 -0.0519999999
v -0.017537904 -0.000193944885 -0.05
v -0.0177139332 0.000873235749 -0.047
v -0.0175836232 0.000961240815 -0.044
v -0.0175301983 0.0124364415 -0.047
v -0.0176000073 0.0124850789 -0.044
v -0.017652612 0.0125209179 -0.047
v -0.0177010777 0.0125533047 -0.044
v -0.0175626233 0.0136433354 -0.0519999999
v -0.0176838353 0.0137119999 -0.05
v -0.0172569134 -0.00678471179 -0.0490992853
v -0.0172914746 -0.00675016971 -0.0468756345
v -0.0172980549 -0.00674357028 -0.0491288483
v -0.0174945309 -0.0065470943 -0.0467771244
v -0.0174181607 -0.00012274356 -0.0519999999
v -0.0172996762 -4.94632256e-05 -0.05
v -0.017469125 0.00104216962 -0.047
v -0.0172883465 0.00117719083 -0.044
v -0.0172908833 0.0122598019 -0.047
v -0.0174014904 0.012343401 -0.044
v -0.0173238995 0.013499712 -0.0519999999
v -0.0173238995 0.013499712 -0.05
v -0.017442632 0.0135725537 -0.0519999999
v -0.017442632 0.0135725537 -0.05
v -0.0170068409 -0.00703478427 -0.0488139248
v -0.0170328762 -0.00700874896 -0.047145018
v -0.0171530774 -0.00688854785 -0.0490060407
v -0.0170485165 -0.00699312778 -0.0488779598
v -0.0171473362 -0.00689428897 -0.047
v -0.0172371342 -0.006804491 -0.0469163194
v -0.0171824887 2.58579719e-05 -0.0519999999
v -0.0170666363 0.000103220032 -0.05
v -0.0172317364 0.00122136502 -0.047
v -0.0171735814 0.00126773267 -0.047
v -0.0170047619 0.00140826611 -0.044
v -0.0170026638 0.0120249691 -0.047
v -0.0172080281 0.0121948758 -0.044
v -0.0170903256 0.013347868 -0.0519999999
v -0.017206445 0.0134248105 -0.05
v -0.0169777157 -0.00706392856 -0.0487632918
v -0.0168681576 -0.00717348666 -0.0485018638
v -0.0168121579 -0.00722946735 -0.0482535341
v -0.0167938664 -0.00724777789 -0.0480159411
v -0.0168107274 -0.00723089786 -0.0477563861
v -0.0168653157 -0.00717632861 -0.0475074235
v -0.0169641736 -0.00707745166 -0.0472622021
v -0.0169923832 -0.00704924197 -0.0472105351
v -0.0169521573 0.000182584809 -0.0519999999
v -0.0169521573 0.000182584809 -0.05
v -0.0168390515 0.000263914155 -0.0519999999
v -0.0168390515 0.000263914155 -0.05
v -0.0169460347 0.00145928769 -0.047
v -0.0169129612 0.00148854642 -0.044
v -0.0168904355 0.00150866895 -0.047
v -0.016822572 0.00157040982 -0.044
v -0.016781316 0.0118262806 -0.047
v -0.0169278386 0.0119596997 -0.044
v -0.0167502072 0.0131050625 -0.0519999999
v -0.0168621685 0.013187975 -0.05
v -0.0169755413 0.0132689038 -0.0519999999
v -0.0169755413 0.0132689038 -0.05
v -0.0167273953 0.000347227143 -0.0519999999
v -0.0166172078 0.00043244748 -0.05
v -0.016508527 0.000519594239 -0.0519999999
v -0.016508527 0.000519594239 -0.05
v -0.0167268231 0.00166032224 -0.047
v -0.0166461422 0.00173880963 -0.044
v -0.0166204884 0.00176429181 -0.047
v -0.016560159 0.00182528882 -0.044
v -0.016516824 0.011565012 -0.047
v -0.0166603138 0.0117101994 -0.044
v -0.016727319 0.0117751637 -0.047
v -0.0167480328 0.0117949048 -0.044
v -0.0165307095 0.0129334774 -0.0519999999
v -0.0165307095 0.0129334774 -0.05
v -0.0166397145 0.0130202237 -0.0519999999
v -0.0166397145 0.0130202237 -0.05
v -0.0164013722 0.0006086102 -0.0519999999
v -0.0162957814 0.000699476289 -0.05
v -0.0164651539 0.0019244328 -0.047
v -0.0164756825 0.00191323666 -0.044
v -0.0163644841 0.00203389554 -0.047
v -0.0163114216 0.00209351926 -0.044
v -0.0162665799 0.0112900486 -0.047
v -0.0164061978 0.0114470616 -0.044
v -0.0164656117 0.0115110913 -0.047
v -0.0164893582 0.0115362301 -0.044
v -0.0163173344 0.0127543583 -0.0519999999
v -0.0164232304 0.012844843 -0.05
v -0.0161917927 0.000792173432 -0.0519999999
v -0.0160894253 0.000886663483 -0.05
v -0.0162178662 0.00220204739 -0.047
v -0.0162316563 0.00218575864 -0.044
v -0.0161702015 0.00225913434 -0.047
v -0.0160022023 0.0024706593 -0.044
v -0.0160142949 0.0109801617 -0.044
v -0.0160312893 0.0110022107 -0.047
v -0.016166158 0.0111709919 -0.044
v -0.0162445691 0.0112644139 -0.044
v -0.0160092595 0.0124720135 -0.0519999999
v -0.0160092595 0.0124720135 -0.05
v -0.0161103108 0.012567915 -0.0519999999
v -0.0162130024 0.0126620427 -0.05
v -0.0159887173 0.000982927369 -0.0519999999
v -0.0159887173 0.000982927369 -0.05
v -0.0158897068 0.00108092694 -0.0519999999
v -0.0157924321 0.00118062405 -0.05
v -0.0159856846 0.00249240308 -0.047
v -0.0159411099 0.00255193143 -0.047
v -0.0158576252 0.00266709714 -0.044
v -0.0157692196 0.00279467969 -0.047
v -0.0157879307 0.00276717572 -0.044
v -0.0157696011 0.0106409016 -0.047
v -0.0157991841 0.0106842747 -0.044
v -0.0158542683 0.0107631817 -0.047
v -0.015940881 0.0108827916 -0.044
v -0.0158122685 0.0122750035 -0.0519999999
v -0.0159099057 0.0123743763 -0.05
v -0.0155563405 -0.0098994884 -0.0519999999
v -0.0155563405 -0.0098994884 -0.05
v -0.015696893 0.00128201871 -0.0519999999
v -0.0155111935 0.00148969083 -0.05
v -0.0157278874 0.00285649686 -0.047
v -0.015653825 0.00297088055 -0.044
v -0.0156078007 0.00304450421 -0.047
v -0.015526891 0.00317914395 -0.044
v -0.0155314496 0.0102636662 -0.047
v -0.0156645062 0.0104809514 -0.044
v -0.015687547 0.0105168477 -0.047
v -0.0157309582 0.0105831852 -0.044
v -0.0155299237 0.0119669476 -0.0519999999
v -0.0155299237 0.0119669476 -0.05
v -0.0156222393 0.0120712605 -0.0519999999
v -0.015716367 0.0121739712 -0.05
v -0.0154210713 0.00159593015 -0.0519999999
v -0.0153328183 0.00170371442 -0.05
v -0.0154937985 0.00323626904 -0.047
v -0.0154571583 0.00330096631 -0.047
v -0.0153502896 0.00349950223 -0.044
v -0.0153175213 0.00356360822 -0.047
v -0.0152951863 0.00360827832 -0.044
v -0.0152522137 0.00973855405 -0.047
v -0.0152505162 0.00973498731 -0.044
v -0.0152846768 0.00980546384 -0.047
v -0.0153594639 0.00995318799 -0.044
v -0.0153862622 0.0100040761 -0.047
v -0.0154759457 0.0101674595 -0.044
v -0.0152640393 0.0116445675 -0.0519999999
v -0.0152640393 0.0116445675 -0.05
v -0.0153507855 0.0117535534 -0.0519999999
v -0.01543942 0.0118610325 -0.05
v -0.0152464726 0.00181302457 -0.0519999999
v -0.0151620343 0.00192382245 -0.05
v -0.0150795224 0.00203608899 -0.0519999999
v -0.0150795224 0.00203608899 -0.05
v -0.0152419712 0.00371800809 -0.044
v -0.0152202084 0.00376433759 -0.047
v -0.0151413205 0.00394015698 -0.044
v -0.0151004841 0.0040366116 -0.047
v -0.0150484517 0.00416568189 -0.044
v -0.0150050023 0.00427962689 -0.044
v -0.0150185635 0.00919162183 -0.047
v -0.015011945 0.00917403607 -0.044
v -0.0150452282 0.00926104932 -0.047
v -0.0151015141 0.00940089612 -0.044
v -0.0151591542 0.00953580289 -0.047
v -0.0151989033 0.0096244946 -0.044
v -0.0150153592 0.0113087216 -0.0519999999
v -0.015096307 0.0114221135 -0.05
v -0.0151792004 0.0115340558 -0.0519999999
v -0.0151792004 0.0115340558 -0.05
v -0.0148492482 -0.00919239612 -0.047
v -0.0148492482 -0.00919239612 -0.044
v -0.0149989941 0.0021497479 -0.0519999999
v -0.0149989941 0.0021497479 -0.05
v -0.0149204495 0.00226479916 -0.0519999999
v -0.0147694447 0.00249892621 -0.05
v -0.0149924328 0.00431373029 -0.047
v -0.0149635174 0.00439431577 -0.044
v -0.0149191716 0.00452445416 -0.047
v -0.0148511746 0.00474244504 -0.044
v -0.0148320057 0.00480882077 -0.047
v -0.0147864392 0.00497758298 -0.044
v -0.0147745945 0.00502440839 -0.047
v -0.0147571614 0.00509597211 -0.044
v -0.0147571423 0.00833901791 -0.047
v -0.0147914174 0.00847670941 -0.044
v -0.0148122837 0.00855517774 -0.047
v -0.0148568013 0.00871165662 -0.044
v -0.0148742726 0.00876948743 -0.047
v -0.0149303486 0.00894420056 -0.044
v -0.0149674847 0.00905194669 -0.047
v -0.014970155 0.00905948071 -0.044
v -0.01478457 0.0109603634 -0.0519999999
v -0.01478457 0.0109603634 -0.05
v -0.0148594716 0.011077818 -0.0519999999
v -0.014936414 0.0111939564 -0.05
v -0.0146970036 0.00261792569 -0.0519999999
v -0.0146266606 0.00273816495 -0.05
v -0.0145584347 0.00285962491 -0.0519999999
v -0.0145584347 0.00285962491 -0.05
v -0.0147401669 0.00516909985 -0.047
v -0.0147299435 0.00521485715 -0.044
v -0.0147088101 0.00531447797 -0.047
v -0.0146817448 0.00545392423 -0.044
v -0.0146675732 0.00553372769 -0.047
v -0.0146419003 0.00569455533 -0.044
v -0.0146333554 0.00575415997 -0.047
v -0.0146104672 0.00593640714 -0.044
v -0.0145986988 0.00604957013 -0.047
v -0.0145874836 0.00617921262 -0.044
v -0.0145809605 0.00627194791 -0.047
v -0.0145729687 0.0064226666 -0.044
v -0.0145683339 0.0065691319 -0.047
v -0.0145669415 0.00666648297 -0.044
v -0.0145671513 0.00679221539 -0.047
v -0.014569421 0.00691035657 -0.044
v -0.0145730832 0.0070152226 -0.047
v -0.0145803883 0.00715400128 -0.044
v -0.0145920422 0.00731204419 -0.047
v -0.0145998242 0.00739713101 -0.044
v -0.0146145298 0.00753400235 -0.047
v -0.0146277287 0.00763942151 -0.044
v -0.0146440937 0.00775512128 -0.047
v -0.0146640637 0.00788058667 -0.044
v -0.0146944096 0.00804828076 -0.047
v -0.014734235 0.0082396069 -0.044
v -0.0147403195 0.00826659589 -0.047
v -0.0145057156 0.0104780522 -0.0519999999
v -0.0145057156 0.0104780522 -0.05
v -0.014572263 0.0106004467 -0.0519999999
v -0.0146409466 0.0107216397 -0.05
v -0.0147117093 0.010841631 -0.0519999999
v -0.0147117093 0.010841631 -0.05
v -0.0144923069 0.00298224835 -0.0519999999
v -0.0144923069 0.00298224835 -0.05
v -0.0144283535 0.00310599713 -0.0519999999
v -0.0143665364 0.0032308331 -0.05
v -0.0143069127 0.00335673718 -0.0519999999
v -0.0143069127 0.00335673718 -0.05
v -0.0142611172 0.00997750668 -0.0519999999
v -0.0142611172 0.00997750668 -0.05
v -0.0143189862 0.0101042119 -0.0519999999
v -0.0143790486 0.0102299061 -0.05
v -0.0144413044 0.0103545323 -0.0519999999
v -0.0144413044 0.0103545323 -0.05
v -0.0142495015 0.00348367123 -0.0519999999
v -0.0142495015 0.00348367123 -0.05
v -0.0141943028 0.00361155896 -0.0519999999
v -0.0141413357 0.00374041943 -0.05
v -0.0140906193 0.00387015729 -0.0519999999
v -0.0140906193 0.00387015729 -0.05
v -0.0140421727 0.00400077252 -0.0519999999
v -0.0140421727 0.00400077252 -0.05
v -0.0140053036 0.00932986646 -0.0519999999
v -0.0140519383 0.00946113019 -0.05
v -0.0141008427 0.00959157376 -0.0519999999
v -0.0141520359 0.00972113995 -0.05
v -0.0142054608 0.00984979062 -0.0519999999
v -0.0142054608 0.00984979062 -0.05
v -0.0139960148 0.00413220792 -0.0519999999
v -0.0139960148 0.00413220792 -0.05
v -0.0139521458 0.00426442532 -0.0519999999
v -0.0139105847 0.0043973866 -0.05
v -0.0138713505 0.00453105359 -0.0519999999
v -0.0138344433 0.00466538815 -0.05
v -0.0137998822 0.00480033307 -0.0519999999
v -0.0137676671 0.00493586926 -0.05
v -0.0137740948 0.00852702527 -0.0519999999
v -0.0138067868 0.00866244702 -0.05
v -0.0138418248 0.0087972775 -0.0519999999
v -0.0138792088 0.00893147855 -0.05
v -0.0139189198 0.00906499295 -0.0519999999
v -0.0139609578 0.00919780164 -0.05
v -0.0137378361 0.00507193951 -0.0519999999
v -0.0137103703 0.00520850568 -0.05
v -0.0136852696 0.00534554868 -0.0519999999
v -0.0136625912 0.00548299222 -0.05
v -0.013642278 0.00562081723 -0.0519999999
v -0.013642278 0.00562081723 -0.05
v -0.013624387 0.00575896649 -0.0519999999
v -0.0136088994 0.00589740186 -0.05
v -0.013595834 0.00603610425 -0.0519999999
v -0.0135851719 0.00617499738 -0.05
v -0.0135769322 0.00631406217 -0.0519999999
v -0.0135711148 0.00645324139 -0.05
v -0.0135677388 0.00659251599 -0.0519999999
v -0.013566766 0.00673180966 -0.05
v -0.0135682347 0.00687112241 -0.0519999999
v -0.0135682347 0.00687112241 -0.05
v -0.0135721257 0.00701035886 -0.0519999999
v -0.013578439 0.00714953809 -0.05
v -0.0135871556 0.00728856473 -0.0519999999
v -0.0135983136 0.00742741971 -0.05
v -0.0136118939 0.00756606488 -0.0519999999
v -0.0136278775 0.0077044621 -0.05
v -0.0136462643 0.00784253507 -0.0519999999
v -0.0136670544 0.00798028378 -0.05
v -0.0136902287 0.00811765103 -0.0519999999
v -0.0136902287 0.00811765103 -0.05
v -0.0137158062 0.00825459866 -0.0519999999
v -0.013743768 0.00839106946 -0.05
v -0.0120196011 -0.0219215068 -0.0487522689
v -0.0121211674 -0.0218199405 -0.0485084209
v -0.0121782734 -0.0217628536 -0.0482598895
v -0.0121909955 -0.0217501125 -0.0481523368
v -0.0121813443 -0.0217597637 -0.0477614889
v -0.0121273282 -0.0218137989 -0.047511586
v -0.0120287945 -0.0219123325 -0.0472652684
v -0.012000623 -0.021940504 -0.0472133495
v -0.0121975949 -0.0217435321 -0.0480000001
v -0.0121927502 -0.0217483768 -0.0478693393
v -0.0118332341 -0.0221078739 -0.0490112713
v -0.0119387104 -0.0220024166 -0.0488838834
v -0.0118456509 -0.0220954761 -0.0470017056
v -0.0117556431 -0.0221854839 -0.0469174683
v -0.0119908001 -0.0219503269 -0.0488034844
v -0.0119495251 -0.0219916019 -0.047131677
v -0.0116872456 -0.0222538623 -0.0491328847
v -0.0115125325 -0.0224285945 -0.0467820375
v -0.0117422154 -0.0221988925 -0.0490932748
v -0.0117011692 -0.0222399387 -0.0468765074
v -0.0113137104 -0.0226274166 -0.0492500001
v -0.0114367154 -0.0225044117 -0.0492378351
v -0.0113291409 -0.0226119861 -0.0467501904
v -0.0113137104 -0.0226274166 -0.04675
v -0.0114974835 -0.0224436435 -0.0492226845
v -0.0114519741 -0.0224891529 -0.0467653896
v -0.0111906865 -0.0227504215 -0.0492378351
v -0.0110113957 -0.0229297313 -0.0468253842
v -0.0112366726 -0.0227044544 -0.0492452434
v -0.0112059834 -0.0227351436 -0.0467593174
v -0.0109401562 -0.0230009708 -0.0491328847
v -0.01078177 -0.023159357 -0.0489982945
v -0.0107574704 -0.0231836566 -0.0470285675
v -0.0107941678 -0.0231469593 -0.0469887288
v -0.0109969571 -0.02294417 -0.0491669756
v -0.0109541943 -0.0229869327 -0.0468580681
v -0.0106887104 -0.0232524166 -0.0488838834
v -0.0105986264 -0.0233425006 -0.0487347317
v -0.0105000927 -0.0234410343 -0.048488414
v -0.0105000927 -0.0234410343 -0.047511586
v -0.0105062344 -0.0234348926 -0.0474915792
v -0.0106078007 -0.0233333263 -0.0472477312
v -0.0107455685 -0.0231955585 -0.0489575556
v -0.0106997158 -0.0232414112 -0.0471008253
v -0.0104406979 -0.02350041 -0.048195543
v -0.0104299595 -0.0235111675 -0.0479781845
v -0.01049418 -0.0234469471 -0.0484682584
v -0.0104460576 -0.0234950695 -0.0482385114
v -0.0104432538 -0.0234978733 -0.0477829397
v -0.0104491475 -0.0234919796 -0.0477401105
v -0.00989948773 -0.0155563411 -0.0519999999
v -0.00989948773 -0.0155563411 -0.05
v -0.00919239544 -0.0148492488 -0.047
v -0.00919239544 -0.0148492488 -0.044
v -0.0070347836 -0.0170068416 -0.0488139248
v -0.00700874829 -0.0170328769 -0.047145018
v -0.00706392788 -0.0169777164 -0.0487632918
v -0.00717348599 -0.0168681583 -0.0485018638
v -0.00722946667 -0.0168121585 -0.0482535341
v -0.00724777722 -0.0167938671 -0.0480159411
v -0.00723089718 -0.016810728 -0.0477563861
v -0.00717632794 -0.0168652973 -0.0475074235
v -0.00707745099 -0.0169641742 -0.0472622021
v -0.00704926037 -0.0169923839 -0.0472105351
v -0.00678471112 -0.0172569141 -0.0490992853
v -0.00675016903 -0.0172914752 -0.0468756345
v -0.00688854718 -0.017153078 -0.0490060407
v -0.0069931271 -0.0170485172 -0.0488779598
v -0.0068942883 -0.0171473369 -0.047
v -0.00680449032 -0.0172371349 -0.0469163194
v -0.00653973126 -0.017501894 -0.0492250347
v -0.00650175595 -0.0175398883 -0.0467652817
v -0.00674356961 -0.0172980556 -0.0491288483
v -0.00654709363 -0.0174945316 -0.0467771244
v -0.00627945447 -0.0177621707 -0.0492442748
v -0.0062566235 -0.0177850017 -0.046759252
v -0.00649427914 -0.0175473651 -0.0492363405
v -0.00630251431 -0.0177391109 -0.0467530236
v -0.00636396908 -0.0176776752 -0.04675
v -0.006040807 -0.0180008182 -0.0491634646
v -0.0060056355 -0.0180359897 -0.0468573205
v -0.00624887967 -0.0177927455 -0.049239361
v -0.00604826474 -0.0179933605 -0.0468324481
v -0.00579115414 -0.0182504711 -0.0489519849
v -0.0057516148 -0.0182900295 -0.0470985831
v -0.00599831128 -0.0180433139 -0.0491380224
v -0.00582706952 -0.0182145557 -0.0489929742
v -0.0058336308 -0.0182079944 -0.047
v -0.00584600949 -0.0181956157 -0.046987108
v -0.00553701901 -0.0185046062 -0.0484414181
v -0.00550014996 -0.0185414752 -0.047735081
v -0.00574570202 -0.0182959232 -0.0488933152
v -0.00565472149 -0.0183869228 -0.0487459448
v -0.00554838681 -0.0184932384 -0.048481859
v -0.0055456593 -0.0184959659 -0.0475274968
v -0.00555779004 -0.0184838542 -0.0474874996
v -0.00565966153 -0.0183819828 -0.0472447492
v -0.00549845242 -0.0185431728 -0.0482535341
v -0.00549545788 -0.0185461673 -0.0482321888
v -0.00548008465 -0.0185615406 -0.0479941812
v -0.00325245404 0.00594304471 -0.0519999999
v -0.00325245404 0.00594304471 -0.05
v -0.00326443219 0.00611695676 -0.0519999999
v -0.00326443219 0.00611695676 -0.05
v -0.00327930951 0.00646527676 -0.0519999999
v -0.00327930951 0.00646527676 -0.05
v -0.0032821896 0.00663958936 -0.0519999999
v -0.0032821896 0.00663958936 -0.05
v -0.0032788136 0.00698821454 -0.0519999999
v -0.0032788136 0.00698821454 -0.05
v -0.00327257657 0.00716241269 -0.0519999999
v -0.00327257657 0.00716241269 -0.05
v -0.00326330685 0.0073364964 -0.0519999999
v -0.00326330685 0.0073364964 -0.05
v -0.00325100445 0.00751038937 -0.0519999999
v -0.00325100445 0.00751038937 -0.05
v -0.00300898098 0.00439473538 -0.0519999999
v -0.00300898098 0.00439473538 -0.05
v -0.00308403515 0.00473519711 -0.0519999999
v -0.00308403515 0.00473519711 -0.05
v -0.00311710858 0.00490636258 -0.0519999999
v -0.00311710858 0.00490636258 -0.05
v -0.00314718747 0.0050780621 -0.0519999999
v -0.00314718747 0.0050780621 -0.05
v -0.00319834256 0.00542292981 -0.0519999999
v -0.00319834256 0.00542292981 -0.05
v -0.00321939969 0.00559598355 -0.0519999999
v -0.00321939969 0.00559598355 -0.05
v -0.0032374432 0.00576938062 -0.0519999999
v -0.0032374432 0.00576938062 -0.05
v -0.00323566937 0.00768403439 -0.0519999999
v -0.00323566937 0.00768403439 -0.05
v -0.0032173016 0.00785739331 -0.0519999999
v -0.0032173016 0.00785739331 -0.05
v -0.00317152524 0.00820302396 -0.0519999999
v -0.00317152524 0.00820302396 -0.05
v -0.00314413571 0.00837518124 -0.0519999999
v -0.00314413571 0.00837518124 -0.05
v -0.00308035397 0.00871793179 -0.0519999999
v -0.00308035397 0.00871793179 -0.05
v -0.00304399991 0.00888842969 -0.0519999999
v -0.00304399991 0.00888842969 -0.05
v -0.00300467038 0.00905826001 -0.0519999999
v -0.00300467038 0.00905826001 -0.05
v -0.0028235104 0.00372268109 -0.0519999999
v -0.0028235104 0.00372268109 -0.05
v -0.00287426495 0.00388945966 -0.0519999999
v -0.00287426495 0.00388945966 -0.05
v -0.00296701931 0.00422553449 -0.0519999999
v -0.00296701931 0.00422553449 -0.05
v -0.00296238446 0.00922736554 -0.0519999999
v -0.00296238446 0.00922736554 -0.05
v -0.0029171803 0.0093957272 -0.0519999999
v -0.0029171803 0.0093957272 -0.05
v -0.00281796002 0.00972995191 -0.0519999999
v -0.00281796002 0.00972995191 -0.05
v -0.00276400113 0.00989571957 -0.0519999999
v -0.00276400113 0.00989571957 -0.05
v -0.0025916531 0.00306519894 -0.0519999999
v -0.0025916531 0.00306519894 -0.05
v -0.0027133038 0.00339192777 -0.0519999999
v -0.0027133038 0.00339192777 -0.05
v -0.00264744305 0.0102242985 -0.0519999999
v -0.00264744305 0.0102242985 -0.05
v -0.00258490109 0.0103870144 -0.0519999999
v -0.00258490109 0.0103870144 -0.05
v -0.00251951718 0.010548605 -0.0519999999
v -0.00251951718 0.010548605 -0.05
v -0.00245132947 0.0107090512 -0.0519999999
v -0.00245132947 0.0107090512 -0.05
v -0.00238035702 0.0108682766 -0.0519999999
v -0.00238035702 0.0108682766 -0.05
v -0.00230661892 0.0110262433 -0.0519999999
v -0.00230661892 0.0110262433 -0.05
v -0.00223013424 0.0111828938 -0.0519999999
v -0.00223013424 0.0111828938 -0.05
v -0.00206903958 0.011492075 -0.0519999999
v -0.00206903958 0.011492075 -0.05
v -0.00198446774 0.0116445103 -0.0519999999
v -0.00198446774 0.0116445103 -0.05
v -0.00180744671 0.0119448605 -0.0519999999
v -0.00180744671 0.0119448605 -0.05
v -0.00162004971 0.0122388592 -0.0519999999
v -0.00162004971 0.0122388592 -0.05
v -0.00152252697 0.01238336 -0.0519999999
v -0.00152252697 0.01238336 -0.05
v -0.00126595044 -0.0220807323 -0.0519999999
v -0.00125580334 -0.0222196826 -0.05
v -0.00127901577 -0.0218024501 -0.0519999999
v -0.00127369427 -0.0219416484 -0.05
v -0.00128237271 -0.0215238628 -0.0519999999
v -0.00128189587 -0.0216631565 -0.05
v -0.00128040814 -0.0213845691 -0.0519999999
v -0.00128040814 -0.0213845691 -0.05
v -0.001269212 -0.0211061916 -0.0519999999
v -0.00127602124 -0.0212453327 -0.05
v -0.00125998044 -0.020967184 -0.0519999999
v -0.00125998044 -0.020967184 -0.05
v -0.00126299405 0.00615947156 -0.047
v -0.00125204587 0.00602027326 -0.044
v -0.00127760434 0.00643832593 -0.047
v -0.00127151989 0.00629882245 -0.044
v -0.00128248715 0.00671752362 -0.047
v -0.00128126645 0.00657788663 -0.044
v -0.00127760434 0.00699670224 -0.047
v -0.00128126645 0.00685714154 -0.044
v -0.00127151989 0.00713620572 -0.047
v -0.00127151989 0.00713620572 -0.044
v -0.00125204587 0.00741475491 -0.047
v -0.00126299405 0.00727557568 -0.044
v -0.00132002377 0.0126671353 -0.0519999999
v -0.00132002377 0.0126671353 -0.05
v -0.00125204587 0.0343045369 -0.0519999999
v -0.00126299405 0.0344437352 -0.05
v -0.00127151989 0.0345831051 -0.0519999999
v -0.00127760434 0.0347225895 -0.05
v -0.00128126645 0.0348621693 -0.0519999999
v -0.00128126645 0.0348621693 -0.05
v -0.00128248715 0.0350017872 -0.0519999999
v -0.00128126645 0.0351414052 -0.05
v -0.00127760434 0.0352809849 -0.0519999999
v -0.00127151989 0.0354204693 -0.05
v -0.00126299405 0.0355598393 -0.0519999999
v -0.00125204587 0.0356990376 -0.05
v -0.00102209591 -0.023591238 -0.0519999999
v -0.00102209591 -0.023591238 -0.05
v -0.00108789944 -0.0233205089 -0.0519999999
v -0.00105616116 -0.0234561595 -0.05
v -0.00114422345 -0.0230476627 -0.0519999999
v -0.00111725354 -0.0231843242 -0.05
v -0.00119102978 -0.0227730236 -0.0519999999
v -0.00116880917 -0.0229105434 -0.05
v -0.00121082806 -0.0226351223 -0.0519999999
v -0.00121082806 -0.0226351223 -0.05
v -0.00124321484 -0.0223584041 -0.0519999999
v -0.00122822308 -0.0224969158 -0.05
v -0.00124834561 -0.0208283672 -0.0519999999
v -0.00124834561 -0.0208283672 -0.05
v -0.00121778988 -0.0205514392 -0.0519999999
v -0.00123426938 -0.0206897792 -0.05
v -0.00117762112 -0.0202757511 -0.0519999999
v -0.00119890713 -0.0204134235 -0.05
v -0.00112789654 -0.0200016269 -0.0519999999
v -0.00115395093 -0.0201384792 -0.05
v -0.0010994389 -0.0198652515 -0.0519999999
v -0.0010994389 -0.0198652515 -0.05
v -0.00103546643 -0.0195941028 -0.0519999999
v -0.00106863522 -0.0197293911 -0.05
v -0.00100988888 0.00464696317 -0.047
v -0.00100988888 0.00464696317 -0.044
v -0.00107744717 0.00491790204 -0.047
v -0.00104485058 0.00478213696 -0.044
v -0.00113550686 0.00519103436 -0.047
v -0.00110765957 0.00505422025 -0.044
v -0.00118399167 0.00546603589 -0.047
v -0.00116095089 0.00532832532 -0.044
v -0.00122286343 0.00574256329 -0.047
v -0.00120462918 0.00560412793 -0.044
v -0.00123865628 0.00588128476 -0.047
v -0.00123865628 0.00588128476 -0.044
v -0.00122286343 0.00769246488 -0.047
v -0.00123865628 0.00755374341 -0.044
v -0.00118399167 0.00796899228 -0.047
v -0.00120462918 0.00783090024 -0.044
v -0.00113550686 0.00824399381 -0.047
v -0.00116095089 0.00810670285 -0.044
v -0.00110765957 0.00838080792 -0.047
v -0.00110765957 0.00838080792 -0.044
v -0.00104485058 0.00865289121 -0.047
v -0.00107744717 0.00851712613 -0.044
v -0.00100988888 0.008788065 -0.047
v -0.00100988888 0.008788065 -0.044
v -0.00110773587 0.0129437008 -0.0519999999
v -0.00110773587 0.0129437008 -0.05
v -0.00100988888 0.0329312268 -0.0519999999
v -0.00100988888 0.0329312268 -0.05
v -0.00104485058 0.0330664196 -0.0519999999
v -0.00107744717 0.0332021847 -0.05
v -0.00110765957 0.0333384839 -0.0519999999
v -0.00113550686 0.033475317 -0.05
v -0.00116095089 0.033612608 -0.0519999999
v -0.00116095089 0.033612608 -0.05
v -0.00118399167 0.0337503186 -0.0519999999
v -0.00120462918 0.0338883915 -0.05
v -0.00122286343 0.0340268269 -0.0519999999
v -0.00123865628 0.0341655674 -0.05
v -0.00123865628 0.035838007 -0.0519999999
v -0.00122286343 0.0359767476 -0.05
v -0.00120462918 0.0361151638 -0.0519999999
v -0.00120462918 0.0361151638 -0.05
v -0.00118399167 0.0362532559 -0.0519999999
v -0.00116095089 0.0363909665 -0.05
v -0.00113550686 0.0365282574 -0.0519999999
v -0.00110765957 0.0366650715 -0.05
v -0.00107744717 0.0368013897 -0.0519999999
v -0.00104485058 0.0369371548 -0.05
v -0.00100988888 0.0370723286 -0.0519999999
v -0.00100988888 0.0370723286 -0.05
v -0.000807461972 -0.033133665 -0.0485084209
v -0.00086456799 -0.033076559 -0.0482598895
v -0.000883889432 -0.0330572376 -0.0480000001
v -0.000867638822 -0.0330734882 -0.0477614889
v -0.000813622708 -0.0331275043 -0.047511586
v -0.000757642026 -0.033183485 -0.0473562025
v -0.000816731687 -0.0242565784 -0.0519999999
v -0.000768742795 -0.0243873653 -0.05
v -0.00086243176 -0.0241249904 -0.0519999999
v -0.00086243176 -0.0241249904 -0.05
v -0.000946908231 -0.0238595066 -0.0519999999
v -0.000905823941 -0.0239926013 -0.05
v -0.000985665555 -0.023725687 -0.0519999999
v -0.000985665555 -0.023725687 -0.05
v -0.000962071653 -0.0193253383 -0.0519999999
v -0.000999932523 -0.0194593868 -0.05
v -0.000879369016 -0.0190592823 -0.0519999999
v -0.000921883817 -0.0191919574 -0.05
v -0.000787453885 -0.018796278 -0.0519999999
v -0.000834546323 -0.0189273891 -0.05
v -0.000972581144 0.00892260938 -0.047
v -0.000972581144 0.00892260938 -0.044
v -0.000890946622 0.00918965726 -0.047
v -0.000932927365 0.00905648618 -0.044
v -0.000800023313 0.00945367246 -0.047
v -0.000846638913 0.0093220654 -0.044
v -0.000751137967 0.00958445935 -0.047
v -0.000751137967 0.00958445935 -0.044
v -0.000885949369 0.0132126942 -0.0519999999
v -0.000885949369 0.0132126942 -0.05
v -0.000771565671 0.013344244 -0.0519999999
v -0.000771565671 0.013344244 -0.05
v -0.000751137967 0.0321348515 -0.0519999999
v -0.000751137967 0.0321348515 -0.05
v -0.000800023313 0.0322656193 -0.0519999999
v -0.000846638913 0.0323972455 -0.05
v -0.000890946622 0.0325296536 -0.0519999999
v -0.000932927365 0.0326628056 -0.05
v -0.000972581144 0.0327966824 -0.0519999999
v -0.000972581144 0.0327966824 -0.05
v -0.000972581144 0.0372068921 -0.0519999999
v -0.000972581144 0.0372068921 -0.05
v -0.000932927365 0.0373407498 -0.0519999999
v -0.000890946622 0.0374739209 -0.05
v -0.000846638913 0.037606329 -0.0519999999
v -0.000800023313 0.0377379551 -0.05
v -0.000751137967 0.037868723 -0.0519999999
v -0.000751137967 0.037868723 -0.05
v -0.000519528623 -0.0334215984 -0.0490112713
v -0.000686898465 -0.0332542285 -0.0487866506
v -0.000531926389 -0.0334092006 -0.0470017056
v -0.000506978269 -0.0334341487 -0.04697606
v -0.000705895658 -0.0332352314 -0.0487522689
v -0.000749573941 -0.0331915531 -0.0486623991
v -0.000715070005 -0.033226057 -0.0472652684
v -0.000696511502 -0.0332446155 -0.0472304231
v -0.000611253019 -0.0247744236 -0.0519999999
v -0.000554280515 -0.0249015483 -0.05
v -0.000718503232 -0.0245172939 -0.0519999999
v -0.000665993924 -0.024646326 -0.05
v -0.000686421628 -0.0185366497 -0.0519999999
v -0.000738072629 -0.0186660251 -0.05
v -0.000576424833 -0.0182806644 -0.0519999999
v -0.000632539029 -0.0184081707 -0.05
v -0.000518098111 -0.018154169 -0.0519999999
v -0.000518098111 -0.018154169 -0.05
v -0.000699963803 0.00971436887 -0.047
v -0.000699963803 0.00971436887 -0.044
v -0.000590844388 0.00997140317 -0.047
v -0.000646519895 0.00984336285 -0.044
v -0.000532956357 0.0100984517 -0.047
v -0.000532956357 0.0100984517 -0.044
v -0.000654912229 0.0134737912 -0.0519999999
v -0.000654912229 0.0134737912 -0.05
v -0.000536008115 0.0136012784 -0.0519999999
v -0.000536008115 0.0136012784 -0.05
v -0.000532956357 0.0316208401 -0.0519999999
v -0.000590844388 0.0317478886 -0.05
v -0.000646519895 0.0318759289 -0.0519999999
v -0.000646519895 0.0318759289 -0.05
v -0.000699963803 0.032004942 -0.0519999999
v -0.000699963803 0.032004942 -0.05
v -0.000699963803 0.0379986325 -0.0519999999
v -0.000699963803 0.0379986325 -0.05
v -0.000646519895 0.0381276265 -0.0519999999
v -0.000646519895 0.0381276265 -0.05
v -0.000590844388 0.0382556859 -0.0519999999
v -0.000532956357 0.0383827343 -0.05
v -0.000428509946 -0.0335126171 -0.0490932748
v -0.000258431668 -0.0336826953 -0.046804619
v -0.000494256253 -0.0334468708 -0.0490362969
v -0.00044193768 -0.0334991893 -0.0469174683
v -0.000256352658 -0.0221710834 -0.047
v -0.000253167386 -0.0222067508 -0.044
v -0.000272069211 -0.021948534 -0.047
v -0.000271229978 -0.0219635257 -0.044
v -0.000280690427 -0.0217256221 -0.047
v -0.000280804868 -0.0217198238 -0.044
v -0.000281110044 -0.0214281902 -0.047
v -0.000281892057 -0.0214759311 -0.044
v -0.000273137326 -0.0212052402 -0.047
v -0.000274491544 -0.0212321529 -0.044
v -0.000258069272 -0.0209826717 -0.047
v -0.000258584256 -0.0209887943 -0.044
v -0.000457577939 -0.0180286846 -0.0519999999
v -0.000457577939 -0.0180286846 -0.05
v -0.000330033536 -0.0177809963 -0.0519999999
v -0.00039488339 -0.0179042873 -0.05
v -0.000263047452 -0.0176588497 -0.0519999999
v -0.000263047452 -0.0176588497 -0.05
v -0.000472836728 0.0102244893 -0.047
v -0.000472836728 0.0102244893 -0.044
v -0.000346074338 0.0104732838 -0.047
v -0.000410542722 0.0103494397 -0.044
v -0.00027945065 0.0105959836 -0.047
v -0.00027945065 0.0105959836 -0.044
v -0.00041491055 0.0137266865 -0.0519999999
v -0.00041491055 0.0137266865 -0.05
v -0.000291657682 0.0138499394 -0.0519999999
v -0.000291657682 0.0138499394 -0.05
v -0.00027945065 0.0311233082 -0.0519999999
v -0.000346074338 0.031246008 -0.05
v -0.000410542722 0.0313698712 -0.0519999999
v -0.000472836728 0.0314948216 -0.05
v -0.000255856748 0.0343917027 -0.047
v -0.000255856748 0.0343917027 -0.044
v -0.000272889371 0.0346354428 -0.047
v -0.000265431638 0.0345134869 -0.044
v -0.000281415219 0.0348796216 -0.047
v -0.000278229947 0.034757494 -0.044
v -0.000278229947 0.0352460804 -0.047
v -0.000282483335 0.0350017872 -0.044
v -0.000265431638 0.0354900876 -0.047
v -0.000272889371 0.0353681317 -0.044
v -0.000255856748 0.0356118718 -0.047
v -0.000255856748 0.0356118718 -0.044
v -0.000472836728 0.0385087529 -0.0519999999
v -0.000410542722 0.0386337033 -0.05
v -0.000346074338 0.0387575665 -0.0519999999
v -0.00027945065 0.0388802662 -0.05
v -5.0022006e-09 -0.033941122 -0.0492500001
v -0.000183778043 -0.033757349 -0.0492226845
v -1.54163792e-05 -0.0339256916 -0.0467501904
v -5.0022006e-09 -0.033941122 -0.04675
v -0.000243630643 -0.0336974964 -0.049201577
v -0.000198827024 -0.0337423 -0.0467820375
v -3.66711158e-06 -0.023522726 -0.044
v -1.43673374e-05 -0.0234855327 -0.047
v -3.67214634e-05 -0.0234053478 -0.044
v -8.98029758e-05 -0.0231978092 -0.047
v -9.66694309e-05 -0.0231689319 -0.044
v -0.000138325925 -0.0229800663 -0.047
v -0.000148339505 -0.0229305896 -0.044
v -0.000192170377 -0.0226875362 -0.047
v -0.00019169354 -0.0226905689 -0.044
v -0.000224385495 -0.0224667987 -0.047
v -0.000226636167 -0.0224491939 -0.044
v -0.000249543424 -0.0222451267 -0.047
v -0.000244088407 -0.0208346042 -0.047
v -0.000247464414 -0.0208673534 -0.044
v -0.000226960416 -0.020686861 -0.047
v -0.000234208341 -0.0207461223 -0.044
v -0.000195393796 -0.0204660091 -0.047
v -0.000181851621 -0.0203840694 -0.044
v -0.000156808133 -0.0202462825 -0.047
v -0.000136456723 -0.0201444301 -0.044
v -9.4514127e-05 -0.01995545 -0.047
v -8.27457859e-05 -0.0199065265 -0.044
v -3.97160007e-05 -0.0197391948 -0.047
v -2.07951023e-05 -0.0196706447 -0.044
v -0.000193944211 -0.0175379047 -0.0519999999
v -0.000193944211 -0.0175379047 -0.05
v -4.94625522e-05 -0.0172996768 -0.0519999999
v -0.000122742887 -0.0174181613 -0.05
v -0.000210690732 0.0107175198 -0.047
v -0.000210690732 0.0107175198 -0.044
v -6.68766453e-05 0.010956873 -0.047
v -0.00013983273 0.0108378163 -0.044
v -0.000166249509 0.013971037 -0.0519999999
v -0.000166249509 0.013971037 -0.05
v -3.87623264e-05 0.0140899411 -0.0519999999
v -3.87623264e-05 0.0140899411 -0.05
v -6.68766453e-05 0.0307624379 -0.0519999999
v -0.00013983273 0.0308814755 -0.05
v -0.000210690732 0.031001791 -0.0519999999
v -0.000210690732 0.031001791 -0.05
v -4.39693882e-05 0.033190054 -0.047
v -1.13155796e-05 0.0330723324 -0.044
v -0.000103078122 0.0334271374 -0.047
v -7.45632603e-05 0.0333083287 -0.044
v -0.000153870816 0.0336661282 -0.047
v -0.000129513974 0.0335464039 -0.044
v -0.000196309323 0.0339067402 -0.047
v -0.000176148648 0.033786253 -0.044
v -0.00023031735 0.0341487065 -0.047
v -0.000214352842 0.0340275708 -0.044
v -0.000244145627 0.0342700901 -0.047
v -0.000244145627 0.0342700901 -0.044
v -0.000244145627 0.0357334843 -0.047
v -0.000244145627 0.0357334843 -0.044
v -0.000214352842 0.0359760037 -0.047
v -0.00023031735 0.035854868 -0.044
v -0.000176148648 0.0362173214 -0.047
v -0.000196309323 0.0360968342 -0.044
v -0.000129513974 0.0364571705 -0.047
v -0.000153870816 0.0363374463 -0.044
v -7.45632603e-05 0.0366952458 -0.047
v -0.000103078122 0.036576437 -0.044
v -1.13155796e-05 0.036931242 -0.047
v -4.39693882e-05 0.0368135205 -0.044
v -0.000210690732 0.0390017834 -0.0519999999
v -6.68766453e-05 0.0392411366 -0.05
v 6.16595791e-05 -0.0340027866 -0.0492469549
v 0.000243639712 -0.0341847476 -0.0467984229
v 1.54254482e-05 -0.0339565525 -0.0492498097
v 4.62672756e-05 -0.0339873752 -0.046751713
v 0.000227045779 -0.0241885242 -0.047
v 0.00023711658 -0.0242133388 -0.044
v 0.000146784549 -0.0239803752 -0.047
v 0.000148844485 -0.0239859828 -0.044
v 5.01773403e-05 -0.0236990604 -0.047
v 3.14281033e-05 -0.023639513 -0.044
v 6.43496335e-07 -0.0195960483 -0.047
v 1.32701443e-05 -0.0195535526 -0.044
v 4.40356777e-05 -0.0194537982 -0.047
v 4.93571804e-05 -0.0194370517 -0.044
v 0.000114741092 -0.0192422161 -0.047
v 0.000127596621 -0.0192060527 -0.044
v 0.000219454531 -0.0189638195 -0.047
v 0.000213827853 -0.0189779148 -0.044
v 0.000103220706 -0.017066637 -0.0519999999
v 2.58586453e-05 -0.0171824893 -0.05
v 0.000182585482 -0.0169521579 -0.0519999999
v 0.000182585482 -0.0169521579 -0.05
v 8.52153347e-05 0.0111910573 -0.047
v 8.15844995e-06 0.0110746327 -0.044
v 0.000245375399 0.0114198056 -0.047
v 0.000164294009 0.0113061276 -0.044
v 9.07847927e-05 0.0142065945 -0.0519999999
v 9.07847927e-05 0.0142065945 -0.05
v 0.000222334628 0.0143209782 -0.0519999999
v 0.000222334628 0.0143209782 -0.05
v 0.000245375399 0.0302995053 -0.0519999999
v 0.000164294009 0.0304131833 -0.05
v 8.52153347e-05 0.0305282345 -0.0519999999
v 8.15844995e-06 0.0306446782 -0.05
v 0.000182451968 0.0324932042 -0.047
v 0.000227236514 0.0323795453 -0.044
v 9.88910244e-05 0.0327228108 -0.047
v 0.000139670138 0.0326076451 -0.044
v 2.3379092e-05 0.0329551831 -0.047
v 6.01146267e-05 0.0328386631 -0.044
v 6.01146267e-05 0.0371649113 -0.047
v 2.3379092e-05 0.0370483914 -0.044
v 0.000139670138 0.0373959294 -0.047
v 9.88910244e-05 0.0372807637 -0.044
v 0.000227236514 0.0376240292 -0.047
v 0.000182451968 0.0375103703 -0.044
v 8.15844995e-06 0.0393588963 -0.0519999999
v 8.52153347e-05 0.0394753209 -0.05
v 0.000164294009 0.0395903912 -0.0519999999
v 0.000245375399 0.0397040692 -0.05
v 0.000316748385 -0.0342578754 -0.0491669756
v 0.000494265323 -0.0344353923 -0.046963703
v 0.000258421664 -0.0341995487 -0.0491953808
v 0.000302309756 -0.0342434368 -0.0468253842
v 0.000284209018 -0.0243258342 -0.047
v 0.000284209018 -0.0243258342 -0.044
v 0.0002762363 -0.0188263378 -0.047
v 0.000259909396 -0.0188650188 -0.044
v 0.000335898166 -0.0186901149 -0.047
v 0.000357947116 -0.0186416873 -0.044
v 0.000430807833 -0.0184882221 -0.047
v 0.000463709597 -0.0184219226 -0.044
v 0.000263914828 -0.0168390522 -0.0519999999
v 0.000263914828 -0.0168390522 -0.05
v 0.000432448153 -0.0166172084 -0.0519999999
v 0.000347227816 -0.016727396 -0.05
v 0.000413431887 0.0116428128 -0.047
v 0.000328421359 0.011532034 -0.044
v 0.000355868106 0.0144330349 -0.0519999999
v 0.000355868106 0.0144330349 -0.05
v 0.000491328006 0.0145427647 -0.0519999999
v 0.000491328006 0.0145427647 -0.05
v 0.000413431887 0.0300764981 -0.0519999999
v 0.000328421359 0.0301872578 -0.05
v 0.000425963168 0.0319331875 -0.047
v 0.000480475192 0.0318238583 -0.044
v 0.000322699313 0.0321546307 -0.047
v 0.000373358493 0.0320434514 -0.044
v 0.000273985629 0.0322666684 -0.047
v 0.000273985629 0.0322666684 -0.044
v 0.000273985629 0.0377369061 -0.047
v 0.000273985629 0.0377369061 -0.044
v 0.000373358493 0.037960104 -0.047
v 0.000322699313 0.0378489438 -0.044
v 0.000480475192 0.0381797162 -0.047
v 0.000425963168 0.0380703869 -0.044
v 0.000328421359 0.0398162976 -0.0519999999
v 0.000413431887 0.0399270764 -0.05
v 0.000568156009 -0.034509283 -0.0489575556
v 0.000715079074 -0.0346562061 -0.0487347317
v 0.00074958301 -0.03469071 -0.0473376009
v 0.000705904727 -0.0346470317 -0.0472477312
v 0.000506968264 -0.0344480953 -0.04902394
v 0.000531935458 -0.0344730625 -0.0489982945
v 0.000556254153 -0.0344973621 -0.0470285675
v 0.000519537692 -0.0344606647 -0.0469887288
v 0.000532107119 -0.0182894573 -0.047
v 0.000519442324 -0.0183134517 -0.044
v 0.000567259555 -0.0182239398 -0.047
v 0.000577063327 -0.0182059726 -0.044
v 0.000714831118 -0.0179656848 -0.047
v 0.000697874789 -0.0179941043 -0.044
v 0.000519594912 -0.0165085277 -0.0519999999
v 0.000519594912 -0.0165085277 -0.05
v 0.000699476962 -0.016295782 -0.0519999999
v 0.000608610873 -0.0164013729 -0.05
v 0.000679831271 0.0119659939 -0.047
v 0.000500349765 0.0117520848 -0.044
v 0.000628676181 0.0146501103 -0.0519999999
v 0.000628676181 0.0146501103 -0.05
v 0.000679831271 0.0297533169 -0.0519999999
v 0.000500349765 0.0299672261 -0.05
v 0.000717348819 0.0313965168 -0.047
v 0.000717348819 0.0313965168 -0.044
v 0.000536875491 0.0317154828 -0.047
v 0.000655340915 0.0315017834 -0.044
v 0.000595183139 0.0383954564 -0.047
v 0.000536875491 0.0382880917 -0.044
v 0.000717348819 0.0386070576 -0.047
v 0.000655340915 0.038501791 -0.044
v 0.000500349765 0.0400363484 -0.0519999999
v 0.000589155917 0.0401440945 -0.05
v 0.000679831271 0.0402502575 -0.0519999999
v 0.000679831271 0.0402502575 -0.05
v 0.000813612704 -0.0347547397 -0.048488414
v 0.000867647891 -0.0348087749 -0.0482385114
v 0.000883745913 -0.0348248729 -0.0479781845
v 0.00086457706 -0.034805685 -0.0477401105
v 0.000757632022 -0.034698759 -0.0486437976
v 0.000807471042 -0.0347485981 -0.0474915792
v 0.000753416781 -0.0179021129 -0.047
v 0.000761027102 -0.0178897724 -0.044
v 0.000873217349 -0.0177139339 -0.047
v 0.000892729525 -0.0176845035 -0.044
v 0.000886664157 -0.016089426 -0.0519999999
v 0.000792174105 -0.0161917934 -0.05
v 0.000982928042 -0.015988718 -0.0519999999
v 0.000982928042 -0.015988718 -0.05
v 0.000866694217 0.0121734944 -0.047
v 0.000772356753 0.0120705548 -0.044
v 0.000962805514 0.0122747746 -0.047
v 0.000962805514 0.0122747746 -0.044
v 0.000908903842 0.0148575345 -0.0519999999
v 0.000908903842 0.0148575345 -0.05
v 0.000962805514 0.0294445172 -0.0519999999
v 0.000962805514 0.0294445172 -0.05
v 0.000866694217 0.0295457974 -0.0519999999
v 0.000772356753 0.029648737 -0.05
v 0.000983443026 0.0309867421 -0.047
v 0.000983443026 0.0309867421 -0.044
v 0.000846819644 0.0311893216 -0.047
v 0.000914244418 0.031087431 -0.044
v 0.000781168704 0.0312923565 -0.047
v 0.000781168704 0.0312923565 -0.044
v 0.000781168704 0.0387112179 -0.047
v 0.000781168704 0.0387112179 -0.044
v 0.000914244418 0.0389161435 -0.047
v 0.000846819644 0.0388142529 -0.044
v 0.000983443026 0.0390168133 -0.047
v 0.000983443026 0.0390168133 -0.044
v 0.000772356753 0.0403548375 -0.0519999999
v 0.000866694217 0.0404577771 -0.05
v 0.000962805514 0.0405590573 -0.0519999999
v 0.000962805514 0.0405590573 -0.05
v 0.00104217029 -0.0174691257 -0.047
v 0.00103150821 -0.0174839458 -0.044
v 0.00122136569 -0.0172317371 -0.047
v 0.00118062473 -0.0157924327 -0.0519999999
v 0.00108092761 -0.0158897075 -0.05
v 0.00116025424 0.0124722233 -0.047
v 0.0010606525 0.0123743763 -0.044
v 0.00105166889 0.0149575558 -0.0519999999
v 0.00105166889 0.0149575558 -0.05
v 0.00119616962 0.0150550786 -0.0519999999
v 0.00119616962 0.0150550786 -0.05
v 0.00116025424 0.0292470685 -0.0519999999
v 0.00116025424 0.0292470685 -0.05
v 0.0010606525 0.0293449345 -0.0519999999
v 0.0010606525 0.0293449345 -0.05
v 0.0012014339 0.0306921521 -0.047
v 0.0012014339 0.0306921521 -0.044
v 0.0010543964 0.0308872929 -0.047
v 0.00112706638 0.0307890835 -0.044
v 0.00112706638 0.0392144909 -0.047
v 0.0010543964 0.0391162816 -0.044
v 0.0012014339 0.0393114224 -0.047
v 0.0012014339 0.0393114224 -0.044
v 0.0010606525 0.04065864 -0.0519999999
v 0.0010606525 0.04065864 -0.05
v 0.00116025424 0.040756506 -0.0519999999
v 0.00116025424 0.040756506 -0.05
v 0.00126773334 -0.017173582 -0.047
v 0.00125256992 -0.0171924839 -0.044
v 0.00145928836 -0.0169460353 -0.047
v 0.00148854709 -0.0169129619 -0.044
v 0.0014896915 -0.0155111942 -0.0519999999
v 0.00128201938 -0.0156968936 -0.05
v 0.00136447406 0.0126626721 -0.047
v 0.00126153446 0.0125683346 -0.044
v 0.00146903491 0.0127551976 -0.047
v 0.00146903491 0.0127551976 -0.044
v 0.00149016834 0.0152424756 -0.0519999999
v 0.00149016834 0.0152424756 -0.05
v 0.00146903491 0.0289641133 -0.0519999999
v 0.00146903491 0.0289641133 -0.05
v 0.00136447406 0.0290566197 -0.0519999999
v 0.00126153446 0.0291509572 -0.05
v 0.00143455005 0.0304093686 -0.047
v 0.00143455005 0.0304093686 -0.044
v 0.00127749897 0.0305965367 -0.047
v 0.00135520435 0.0305022755 -0.044
v 0.00127749897 0.0394070378 -0.047
v 0.00127749897 0.0394070378 -0.044
v 0.00143455005 0.0395942059 -0.047
v 0.00135520435 0.039501299 -0.044
v 0.00126153446 0.0408526173 -0.0519999999
v 0.00136447406 0.0409469357 -0.05
v 0.00146903491 0.0410394612 -0.0519999999
v 0.00146903491 0.0410394612 -0.05
v 0.00150866962 -0.0168904361 -0.047
v 0.00157041049 -0.0168225727 -0.044
v 0.00166032291 -0.0167268238 -0.047
v 0.00165383792 -0.0167336139 -0.044
v 0.00170371509 -0.0153328189 -0.0519999999
v 0.00159593082 -0.015421072 -0.05
v 0.00168294406 0.0129346791 -0.047
v 0.00157521701 0.0128458729 -0.044
v 0.00163957096 0.0153322926 -0.0519999999
v 0.00163957096 0.0153322926 -0.05
v 0.00168294406 0.0287846127 -0.0519999999
v 0.00157521701 0.0288734379 -0.05
v 0.00159804798 0.030227789 -0.047
v 0.00168214298 0.0301391736 -0.044
v 0.00151549793 0.030317873 -0.047
v 0.00151549793 0.030317873 -0.044
v 0.00151549793 0.0396857014 -0.047
v 0.00151549793 0.0396857014 -0.044
v 0.00168214298 0.0398644009 -0.047
v 0.00159804798 0.0397757664 -0.044
v 0.00157521701 0.0411301365 -0.0519999999
v 0.00168294406 0.0412189618 -0.05
v 0.00176429248 -0.0166204891 -0.047
v 0.00182528949 -0.0165601596 -0.044
v 0.00192443347 -0.0164651546 -0.047
v 0.00191323734 -0.0164756832 -0.044
v 0.00192382312 -0.0151620159 -0.0519999999
v 0.00181302524 -0.0152464733 -0.05
v 0.00190299488 0.0131066075 -0.047
v 0.00179221607 0.013021597 -0.044
v 0.00179051853 0.0154194966 -0.0519999999
v 0.00179051853 0.0154194966 -0.05
v 0.00194295383 0.0155040684 -0.0519999999
v 0.00194295383 0.0155040684 -0.05
v 0.00190299488 0.0286127034 -0.0519999999
v 0.00179221607 0.0286976948 -0.05
v 0.00185491062 0.0299664059 -0.047
v 0.00194352603 0.0298823109 -0.044
v 0.00176776386 0.0300520459 -0.047
v 0.00176776386 0.0300520459 -0.044
v 0.00176776386 0.0399515286 -0.047
v 0.00176776386 0.0399515286 -0.044
v 0.00194352603 0.0401212636 -0.047
v 0.00185491062 0.0400371685 -0.044
v 0.00179221607 0.0413058796 -0.0519999999
v 0.00190299488 0.0413908711 -0.05
v 0.00203389621 -0.0163644847 -0.047
v 0.00200265384 -0.0163927707 -0.044
v 0.00220204807 -0.0162178669 -0.047
v 0.00218575931 -0.016231657 -0.044
v 0.00203608966 -0.015079523 -0.0519999999
v 0.00203608966 -0.015079523 -0.05
v 0.00214974857 -0.0149989948 -0.0519999999
v 0.00214974857 -0.0149989948 -0.05
v 0.00201522327 0.0131896534 -0.047
v 0.00201522327 0.0131896534 -0.044
v 0.00224397159 0.0133498135 -0.047
v 0.00212890125 0.0132707348 -0.044
v 0.00209683872 0.01558597 -0.0519999999
v 0.00209683872 0.01558597 -0.05
v 0.00224397159 0.0283694783 -0.0519999999
v 0.00212890125 0.028448576 -0.05
v 0.00201522327 0.0285296574 -0.0519999999
v 0.00201522327 0.0285296574 -0.05
v 0.00212510562 0.029718813 -0.047
v 0.0022179935 0.0296394673 -0.044
v 0.00203359104 0.0297997799 -0.047
v 0.00203359104 0.0297997799 -0.044
v 0.00203359104 0.0402037945 -0.047
v 0.00203359104 0.0402037945 -0.044
v 0.0022179935 0.0403640881 -0.047
v 0.00212510562 0.0402847615 -0.044
v 0.00201522327 0.0414739171 -0.0519999999
v 0.00201522327 0.0414739171 -0.05
v 0.00212890125 0.0415549984 -0.0519999999
v 0.00224397159 0.0416340771 -0.05
v 0.00225913501 -0.0161702022 -0.047
v 0.00227939105 -0.0161535129 -0.044
v 0.00249240375 -0.0159856853 -0.047
v 0.00249892688 -0.0147694454 -0.0519999999
v 0.00226479984 -0.0149204502 -0.05
v 0.00236039615 0.0134268704 -0.047
v 0.00236039615 0.0134268704 -0.044
v 0.00247815586 0.0135019055 -0.047
v 0.00247815586 0.0135019055 -0.044
v 0.00240878559 0.0157416478 -0.0519999999
v 0.00240878559 0.0157416478 -0.05
v 0.00247815586 0.0282174054 -0.0519999999
v 0.00247815586 0.0282174054 -0.05
v 0.00236039615 0.0282924214 -0.0519999999
v 0.00236039615 0.0282924214 -0.05
v 0.00240788913 0.0294857159 -0.047
v 0.00240788913 0.0294857159 -0.044
v 0.00231227375 0.0295617619 -0.047
v 0.00231227375 0.0295617619 -0.044
v 0.00231227375 0.0404418126 -0.047
v 0.00231227375 0.0404418126 -0.044
v 0.00240788913 0.0405178586 -0.047
v 0.00240788913 0.0405178586 -0.044
v 0.00236039615 0.0417111531 -0.0519999999
v 0.00236039615 0.0417111531 -0.05
v 0.00247815586 0.0417861691 -0.0519999999
v 0.00247815586 0.0417861691 -0.05
v 0.0025519321 -0.0159411106 -0.047
v 0.00256825901 -0.0159290561 -0.044
v 0.00273816562 -0.0146266613 -0.0519999999
v 0.00261792636 -0.0146970043 -0.05
v 0.0027473209 0.00623004346 -0.0519999999
v 0.0027473209 0.00623004346 -0.044
v 0.00273942447 0.00629939465 -0.0519999999
v 0.00272725559 0.00643849759 -0.044
v 0.0027230022 0.00650817304 -0.0519999999
v 0.00271750904 0.00671752362 -0.044
v 0.00271811939 0.00678733258 -0.0519999999
v 0.00272725559 0.00699654965 -0.044
v 0.00273272968 0.00706612973 -0.0519999999
v 0.0027473209 0.00720498471 -0.044
v 0.00271750904 0.0136457196 -0.047
v 0.00259721256 0.0135748616 -0.044
v 0.00272597766 0.0158863583 -0.0519999999
v 0.00272597766 0.0158863583 -0.05
v 0.00271750904 0.0280735913 -0.0519999999
v 0.00259721256 0.0281444493 -0.05
v 0.00250480152 0.0294113293 -0.047
v 0.00270247913 0.029267725 -0.044
v 0.00270247913 0.0407358494 -0.047
v 0.00250480152 0.0405922261 -0.044
v 0.00259721256 0.0418591252 -0.0519999999
v 0.00271750904 0.0419299832 -0.05
v 0.00279468036 -0.0157692203 -0.047
v 0.00276715732 -0.0157879314 -0.044
v 0.00285649753 -0.015727869 -0.047
v 0.00286843753 -0.0157199916 -0.044
v 0.00285962558 -0.0145584354 -0.0519999999
v 0.00285962558 -0.0145584354 -0.05
v 0.00298222995 -0.0144923076 -0.0519999999
v 0.00298222995 -0.0144923076 -0.05
v 0.00298318363 0.00528403668 -0.0519999999
v 0.0029132793 0.00548144727 -0.044
v 0.00289229846 0.00554803281 -0.0519999999
v 0.00283633686 0.00574983029 -0.044
v 0.00282002902 0.00581771283 -0.0519999999
v 0.00279099918 0.00595427899 -0.044
v 0.00277827716 0.00602292447 -0.0519999999
v 0.00275643802 0.00616082578 -0.044
v 0.00275643802 0.00727420239 -0.0519999999
v 0.00279099918 0.00748074918 -0.044
v 0.00280492282 0.00754916577 -0.0519999999
v 0.00283633686 0.00768519788 -0.044
v 0.00285380817 0.00775279431 -0.0519999999
v 0.0029132793 0.0079535809 -0.044
v 0.00293544269 0.00801978497 -0.0519999999
v 0.00298318363 0.00815099149 -0.044
v 0.00283904529 0.0137144795 -0.047
v 0.00283904529 0.0137144795 -0.044
v 0.00296174503 0.0137811032 -0.047
v 0.00296174503 0.0137811032 -0.044
v 0.00288642383 0.015954546 -0.0519999999
v 0.00288642383 0.015954546 -0.05
v 0.00296174503 0.0279382077 -0.0519999999
v 0.00296174503 0.0279382077 -0.05
v 0.00283904529 0.0280048314 -0.0519999999
v 0.00283904529 0.0280048314 -0.05
v 0.00280316806 0.0291985264 -0.047
v 0.00290503955 0.0291310826 -0.044
v 0.00290503955 0.0408724728 -0.047
v 0.00280316806 0.040805048 -0.044
v 0.00283904529 0.0419987431 -0.0519999999
v 0.00283904529 0.0419987431 -0.05
v 0.00296174503 0.0420653668 -0.0519999999
v 0.00296174503 0.0420653668 -0.05
v 0.00304450489 -0.0156078014 -0.047
v 0.00307445026 -0.0155894527 -0.044
v 0.00323626972 -0.0154937992 -0.047
v 0.00323083377 -0.014366537 -0.0519999999
v 0.00310599781 -0.0144283542 -0.05
v 0.00306519962 -0.00259165378 -0.0519999999
v 0.00322802997 -0.00265390964 -0.05
v 0.00321902729 0.00477828412 -0.0519999999
v 0.00312234378 0.00496402173 -0.044
v 0.00309228397 0.00502704053 -0.0519999999
v 0.00300878025 0.00521909146 -0.044
v 0.00300878025 0.00821593671 -0.0519999999
v 0.00300878025 0.00821593671 -0.044
v 0.0030355022 0.00828044324 -0.0519999999
v 0.00312234378 0.00847100644 -0.044
v 0.00315349079 0.00853347211 -0.0519999999
v 0.00321902729 0.00865674405 -0.044
v 0.00321053958 0.0139078656 -0.047
v 0.00308558918 0.0138455716 -0.044
v 0.00321073032 0.0160824719 -0.0519999999
v 0.00321073032 0.0160824719 -0.05
v 0.00321053958 0.0278114262 -0.0519999999
v 0.00308558918 0.0278737393 -0.05
v 0.00321752048 0.0289396039 -0.047
v 0.00321752048 0.0289396039 -0.044
v 0.00300807453 0.0290654507 -0.047
v 0.00311225391 0.0290016118 -0.044
v 0.00300807453 0.0409381237 -0.047
v 0.00300807453 0.0409381237 -0.044
v 0.00321752048 0.0410639706 -0.047
v 0.00311225391 0.0410019627 -0.044
v 0.00308558918 0.0421298352 -0.0519999999
v 0.00321053958 0.0421921292 -0.05
v 0.00338271595 -0.0288385639 -0.0519999999
v 0.00338271595 -0.0288385639 -0.05
v 0.00330096698 -0.015457159 -0.047
v 0.00328488803 -0.0154661808 -0.044
v 0.00335673786 -0.0143069133 -0.0519999999
v 0.00335673786 -0.0143069133 -0.05
v 0.00348367191 -0.0142495021 -0.0519999999
v 0.00348367191 -0.0142495021 -0.05
v 0.00339192844 -0.00271330447 -0.0519999999
v 0.00339192844 -0.00271330447 -0.05
v 0.00348144031 0.00436637311 -0.0519999999
v 0.00340136981 0.00448073773 -0.044
v 0.00336284137 0.00453895001 -0.0519999999
v 0.00325341678 0.00471751599 -0.044
v 0.00325341678 0.00871751218 -0.0519999999
v 0.00325341678 0.00871751218 -0.044
v 0.00328883625 0.00877766995 -0.0519999999
v 0.00340136981 0.00895429044 -0.044
v 0.00344090915 0.00901181607 -0.0519999999
v 0.00348144031 0.00906865506 -0.044
v 0.00333657718 0.0139679852 -0.047
v 0.00333657718 0.0139679852 -0.044
v 0.00346362567 0.0140258732 -0.047
v 0.00346362567 0.0140258732 -0.044
v 0.00337451435 0.016142191 -0.0519999999
v 0.00337451435 0.016142191 -0.05
v 0.00346362567 0.0276934185 -0.0519999999
v 0.00346362567 0.0276934185 -0.05
v 0.00333657718 0.0277513257 -0.0519999999
v 0.00333657718 0.0277513257 -0.05
v 0.00332385517 0.0288794461 -0.047
v 0.00343121982 0.0288211575 -0.044
v 0.00343121982 0.041182417 -0.047
v 0.00332385517 0.0411241284 -0.044
v 0.00333657718 0.0422522488 -0.0519999999
v 0.00346362567 0.0423101559 -0.05
v 0.00350984073 -0.0288955173 -0.0519999999
v 0.00363793827 -0.0289502773 -0.05
v 0.00356360889 -0.015317522 -0.047
v 0.00360827899 -0.0152951869 -0.044
v 0.00371800876 -0.0152419719 -0.044
v 0.00374042011 -0.0141413364 -0.0519999999
v 0.00361155963 -0.0141943035 -0.05
v 0.00355681873 -0.00276985736 -0.0519999999
v 0.00372268177 -0.00282351108 -0.05
v 0.00374494052 0.00404099851 -0.0519999999
v 0.00360892749 0.00420022397 -0.044
v 0.00356547809 0.00425486951 -0.0519999999
v 0.00352296329 0.00431025891 -0.044
v 0.00352296329 0.00912476926 -0.0519999999
v 0.00360892749 0.0092348042 -0.044
v 0.00365333057 0.00928866773 -0.0519999999
v 0.00374494052 0.00939402966 -0.044
v 0.00372065998 0.0141349926 -0.047
v 0.00359166599 0.0140815487 -0.044
v 0.00353930927 0.01619903 -0.0519999999
v 0.00353930927 0.01619903 -0.05
v 0.00370507694 0.0162529889 -0.0519999999
v 0.00370507694 0.0162529889 -0.05
v 0.00372065998 0.0275843182 -0.0519999999
v 0.00359166599 0.027637743 -0.05
v 0.00364892459 0.0287102261 -0.047
v 0.00364892459 0.0287102261 -0.044
v 0.0035395763 0.0287647381 -0.047
v 0.0035395763 0.0287647381 -0.044
v 0.0035395763 0.0412388363 -0.047
v 0.0035395763 0.0412388363 -0.044
v 0.00364892459 0.0412933484 -0.047
v 0.00364892459 0.0412933484 -0.044
v 0.00359166599 0.0423658314 -0.0519999999
v 0.00372065998 0.0424192563 -0.05
v 0.0037669704 -0.0290027675 -0.0519999999
v 0.00389689899 -0.0290530262 -0.05
v 0.00395843006 -0.0280000743 -0.047
v 0.00395843006 -0.0280000743 -0.044
v 0.00376433826 -0.0152202091 -0.047
v 0.00382865406 -0.0151906642 -0.044
v 0.00387015796 -0.01409062 -0.0519999999
v 0.00387015796 -0.01409062 -0.05
v 0.00388946033 -0.00287426562 -0.0519999999
v 0.00388946033 -0.00287426562 -0.05
v 0.00388907886 0.00388907819 -0.0519999999
v 0.00388907886 0.00388907819 -0.044
v 0.00379209018 0.009445509 -0.0519999999
v 0.00384015537 0.00949614911 -0.044
v 0.00388907886 0.00954594998 -0.0519999999
v 0.00398951984 0.00964293866 -0.044
v 0.00398135639 0.0142350522 -0.047
v 0.00385056949 0.0141861668 -0.044
v 0.00387176013 0.0163040486 -0.0519999999
v 0.00387176013 0.0163040486 -0.05
v 0.00398135639 0.0274842396 -0.0519999999
v 0.00398135639 0.0274842396 -0.05
v 0.00385056949 0.027533144 -0.0519999999
v 0.00385056949 0.027533144 -0.05
v 0.00375918842 0.0286576405 -0.047
v 0.00398240543 0.0285582486 -0.044
v 0.00398240543 0.0414453259 -0.047
v 0.00375918842 0.041345934 -0.044
v 0.00385056949 0.0424704304 -0.0519999999
v 0.00385056949 0.0424704304 -0.05
v 0.00398135639 0.0425193348 -0.0519999999
v 0.00398135639 0.0425193348 -0.05
v 0.00402768589 -0.029100996 -0.0519999999
v 0.00415929294 -0.029146696 -0.05
v 0.00424979663 -0.0282914218 -0.0487632918
v 0.00421393848 -0.0282555637 -0.0486925685
v 0.00423625446 -0.0282778797 -0.0472622021
v 0.00424544788 -0.0282870731 -0.0472447492
v 0.00414023853 -0.0281818637 -0.0485018638
v 0.00408423877 -0.028125864 -0.0482535341
v 0.00406592823 -0.0281075725 -0.0480159411
v 0.00408280826 -0.0281244525 -0.0477563861
v 0.00413737751 -0.0281790218 -0.0475074235
v 0.00420167423 -0.0282433185 -0.0473341957
v 0.00422900653 -0.0281094989 -0.047
v 0.00418422199 -0.0280922756 -0.044
v 0.00403661228 -0.0151004848 -0.047
v 0.00405251956 -0.0150939044 -0.044
v 0.0040007732 -0.0140421733 -0.0519999999
v 0.0040007732 -0.0140421733 -0.05
v 0.00413220859 -0.0139960155 -0.0519999999
v 0.00413220859 -0.0139960155 -0.05
v 0.0040570972 -0.00292210193 -0.0519999999
v 0.00422553516 -0.00296701999 -0.05
v 0.00420022464 0.00360892682 -0.0519999999
v 0.00404099918 0.00374493985 -0.044
v 0.00404099918 0.00969008832 -0.0519999999
v 0.0040932796 0.0097363606 -0.044
v 0.00414636112 0.00978169827 -0.0519999999
v 0.00420022464 0.00982610135 -0.044
v 0.00424537158 0.0143259755 -0.047
v 0.00411296344 0.0142816678 -0.044
v 0.0042076633 0.0163974133 -0.0519999999
v 0.0042076633 0.0163974133 -0.05
v 0.00424537158 0.0273933354 -0.0519999999
v 0.00411296344 0.0274376431 -0.05
v 0.00420894123 0.0284667149 -0.047
v 0.00420894123 0.0284667149 -0.044
v 0.00409526325 0.0285114995 -0.047
v 0.00409526325 0.0285114995 -0.044
v 0.00409526325 0.041492075 -0.047
v 0.00409526325 0.041492075 -0.044
v 0.00420894123 0.0415368405 -0.047
v 0.00420894123 0.0415368405 -0.044
v 0.00411296344 0.0425659314 -0.0519999999
v 0.00424537158 0.0426102391 -0.05
v 0.00429166294 -0.0291900882 -0.0519999999
v 0.0044247768 -0.0292311725 -0.05
v 0.00446301914 -0.0285046443 -0.0490433958
v 0.00449595905 -0.0285375843 -0.046927318
v 0.00442515827 -0.0284667835 -0.0490060407
v 0.00425929523 -0.0283009204 -0.0487804079
v 0.00441941715 -0.0284610424 -0.047
v 0.00445701099 -0.0284986553 -0.0469622467
v 0.00443480945 -0.0281840953 -0.047
v 0.00441308475 -0.0281765613 -0.044
v 0.00427962757 -0.0150050029 -0.044
v 0.00431373096 -0.0149924335 -0.047
v 0.00439431644 -0.0149635181 -0.044
v 0.00439738727 -0.0139105854 -0.0519999999
v 0.004264426 -0.0139521465 -0.05
v 0.00439473606 -0.00300898166 -0.0519999999
v 0.00439473606 -0.00300898166 -0.05
v 0.00448073841 0.00340136914 -0.0519999999
v 0.00436637378 0.00348143964 -0.044
v 0.00431025959 0.00352298169 -0.0519999999
v 0.00425487018 0.00356547742 -0.044
v 0.00425487018 0.00986955075 -0.0519999999
v 0.00442321277 0.00999411969 -0.044
v 0.00448073841 0.010033659 -0.0519999999
v 0.00448073841 0.010033659 -0.044
v 0.00437854267 0.0143679562 -0.047
v 0.00437854267 0.0143679562 -0.044
v 0.00437676883 0.0164396992 -0.0519999999
v 0.00437676883 0.0164396992 -0.05
v 0.00437854267 0.0273513546 -0.0519999999
v 0.00437854267 0.0273513546 -0.05
v 0.00432338214 0.0284239331 -0.047
v 0.00443852878 0.028383154 -0.044
v 0.00443852878 0.0416204205 -0.047
v 0.00432338214 0.0415796414 -0.044
v 0.00437854267 0.0426522198 -0.0519999999
v 0.00437854267 0.0426522198 -0.05
v 0.0045585773 -0.0292699298 -0.0519999999
v 0.00469304538 -0.0293063602 -0.05
v 0.00471414066 -0.0287557659 -0.0492047706
v 0.00473664737 -0.0287782917 -0.046786871
v 0.00450219608 -0.0285438213 -0.049077906
v 0.00470694995 -0.0287485752 -0.0467980851
v 0.00471665836 -0.0282747135 -0.047
v 0.00464475131 -0.0282528362 -0.044
v 0.00457459903 -0.0282306728 -0.047
v 0.00452859378 -0.0282157192 -0.044
v 0.00474017597 -0.0225311718 -0.0519999999
v 0.00474017597 -0.0225311718 -0.044
v 0.00472363925 -0.0224965152 -0.0519999999
v 0.00463736988 -0.0222830066 -0.044
v 0.00462518192 -0.0222465953 -0.0519999999
v 0.00456559635 -0.0220241603 -0.044
v 0.00455792881 -0.0219865284 -0.0519999999
v 0.00452588535 -0.0217585048 -0.044
v 0.00452287174 -0.0217202243 -0.0519999999
v 0.00451785541 -0.0215283641 -0.044
v 0.00451884723 -0.0214899692 -0.0519999999
v 0.00453893161 -0.0212605724 -0.044
v 0.00454459644 -0.0212225971 -0.0519999999
v 0.00458285785 -0.0210345325 -0.044
v 0.00459247089 -0.0209973583 -0.0519999999
v 0.00466363407 -0.0207783565 -0.044
v 0.0046777103 -0.0207426128 -0.0519999999
v 0.00474017597 -0.0206023464 -0.044
v 0.00452445484 -0.0149191722 -0.047
v 0.00450969196 -0.0149240551 -0.044
v 0.00466538883 -0.013834444 -0.0519999999
v 0.00453105426 -0.0138713512 -0.05
v 0.00456464267 -0.00304798694 -0.0519999999
v 0.00473519779 -0.00308403583 -0.05
v 0.00464696384 -0.00100988956 -0.047
v 0.00464696384 -0.00100988956 -0.044
v 0.00471751667 0.00325341611 -0.0519999999
v 0.00453895069 0.0033628407 -0.044
v 0.00453895069 0.0100721875 -0.0519999999
v 0.00471751667 0.0101816121 -0.044
v 0.00464696384 0.0144449177 -0.047
v 0.00451241947 0.01440761 -0.044
v 0.00454659915 0.0164790287 -0.0519999999
v 0.00454659915 0.0164790287 -0.05
v 0.00471709705 0.0165153828 -0.0519999999
v 0.00471709705 0.0165153828 -0.05
v 0.00464696384 0.0272743741 -0.0519999999
v 0.00451241947 0.0273117009 -0.05
v 0.00455440021 0.0283443966 -0.047
v 0.00467092014 0.0283076611 -0.044
v 0.00465018726 0.0342493382 -0.0519999999
v 0.00465018726 0.0342493382 -0.044
v 0.00458285785 0.0344695607 -0.0519999999
v 0.00458285785 0.0344695607 -0.044
v 0.00453391529 0.0347336712 -0.0519999999
v 0.00453391529 0.0347336712 -0.044
v 0.00451785541 0.0349633923 -0.0519999999
v 0.00451785541 0.0349633923 -0.044
v 0.00452956653 0.0352317563 -0.0519999999
v 0.00452956653 0.0352317563 -0.044
v 0.00457389331 0.035496687 -0.0519999999
v 0.00457389331 0.035496687 -0.044
v 0.00463736988 0.0357180348 -0.0519999999
v 0.00463736988 0.0357180348 -0.044
v 0.00474017597 0.0359661999 -0.0519999999
v 0.00474017597 0.0359661999 -0.044
v 0.00467092014 0.0416959134 -0.047
v 0.00455440021 0.0416591778 -0.044
v 0.00451241947 0.0426918736 -0.0519999999
v 0.00464696384 0.0427292004 -0.05
v 0.00482810474 -0.0293404445 -0.0519999999
v 0.00496375537 -0.0293721637 -0.05
v 0.00497283435 -0.0290144596 -0.0492495739
v 0.00499583698 -0.0290374813 -0.0467517011
v 0.0047589252 -0.0288005504 -0.049220522
v 0.0049343822 -0.0289760074 -0.0467501891
v 0.00494975543 -0.0289913806 -0.04675
v 0.00493142581 -0.028335062 -0.047
v 0.00499686695 -0.0283519802 -0.044
v 0.00498389698 -0.0229212055 -0.0519999999
v 0.00487243152 -0.0227649555 -0.044
v 0.00485181308 -0.0227325878 -0.0519999999
v 0.00475730396 -0.0225655422 -0.044
v 0.00475730396 -0.020567976 -0.0519999999
v 0.00479335285 -0.0205001697 -0.044
v 0.00481225467 -0.020466753 -0.0519999999
v 0.00493768192 -0.0202736339 -0.044
v 0.00496051288 -0.020242773 -0.0519999999
v 0.00498389698 -0.0202122936 -0.044
v 0.00480882144 -0.0148320064 -0.047
v 0.00485972858 -0.0148177776 -0.044
v 0.00493586994 -0.0137676677 -0.0519999999
v 0.00480033374 -0.0137998828 -0.05
v 0.00490636325 -0.00311710925 -0.0519999999
v 0.00490636325 -0.00311710925 -0.05
v 0.00478213764 -0.00104485126 -0.047
v 0.00491790271 -0.00107744784 -0.044
v 0.0049640224 0.00312234311 -0.0519999999
v 0.00477828479 0.00321902661 -0.044
v 0.00477828479 0.0102160016 -0.0519999999
v 0.00483962512 0.0102493039 -0.044
v 0.00490155673 0.0102815381 -0.0519999999
v 0.0049640224 0.0103126851 -0.044
v 0.00478213764 0.0144798794 -0.047
v 0.00478213764 0.0144798794 -0.044
v 0.00491790271 0.014512476 -0.047
v 0.00491790271 0.014512476 -0.044
v 0.00488820529 0.0165487805 -0.0519999999
v 0.00488820529 0.0165487805 -0.05
v 0.00491790271 0.0272068158 -0.0519999999
v 0.00478213764 0.0272394124 -0.05
v 0.00490577198 0.0282403126 -0.047
v 0.00490577198 0.0282403126 -0.044
v 0.00478805042 0.0282729474 -0.047
v 0.00478805042 0.0282729474 -0.044
v 0.00491538501 0.0337399235 -0.0519999999
v 0.00491538501 0.0337399235 -0.044
v 0.00477502323 0.0339689389 -0.0519999999
v 0.00477502323 0.0339689389 -0.044
v 0.00475730396 0.0340030041 -0.0519999999
v 0.00475730396 0.0340030041 -0.044
v 0.00489364124 0.036232008 -0.0519999999
v 0.00489364124 0.036232008 -0.044
v 0.00498389698 0.0363562336 -0.0519999999
v 0.00498389698 0.0363562336 -0.044
v 0.00478805042 0.041730608 -0.047
v 0.00478805042 0.041730608 -0.044
v 0.00490577198 0.0417632618 -0.047
v 0.00490577198 0.0417632618 -0.044
v 0.00478213764 0.042764143 -0.0519999999
v 0.00491790271 0.0427967396 -0.05
v 0.00509994007 -0.0294015178 -0.0519999999
v 0.0052366016 -0.0294284877 -0.05
v 0.00521487689 -0.0292565021 -0.0491924417
v 0.00523654438 -0.0292781696 -0.046817628
v 0.00500356174 -0.029045206 -0.0492476806
v 0.00520728565 -0.0292489109 -0.0468042384
v 0.00522056079 -0.0284048137 -0.047
v 0.0052342937 -0.0284078083 -0.044
v 0.00516187168 -0.0231223926 -0.0519999999
v 0.00516187168 -0.0231223926 -0.044
v 0.00503221012 -0.0229808864 -0.0519999999
v 0.00500779605 -0.0229512653 -0.044
v 0.00500779605 -0.0201822528 -0.0519999999
v 0.00516187168 -0.0200111255 -0.044
v 0.0051892612 -0.0199842128 -0.0519999999
v 0.00524543262 -0.019931837 -0.044
v 0.00502440906 -0.0147745952 -0.047
v 0.00509597278 -0.014757162 -0.044
v 0.00516908145 -0.0147401676 -0.047
v 0.00521485782 -0.0147299442 -0.044
v 0.00520850635 -0.013710371 -0.0519999999
v 0.00507194019 -0.0137378368 -0.05
v 0.00507806278 -0.00314718814 -0.0519999999
v 0.00507806278 -0.00314718814 -0.05
v 0.00505422092 -0.00110766025 -0.047
v 0.00519103504 -0.00113550754 -0.044
v 0.00521909214 0.00300877957 -0.0519999999
v 0.0050270412 0.0030922833 -0.044
v 0.0050270412 0.0103427449 -0.0519999999
v 0.00521909214 0.0104262486 -0.044
v 0.00519103504 0.0145705357 -0.047
v 0.00505422092 0.0145426884 -0.044
v 0.00523200489 0.0166065541 -0.0519999999
v 0.00523200489 0.0166065541 -0.05
v 0.00519103504 0.0271487751 -0.0519999999
v 0.00505422092 0.0271766034 -0.05
v 0.00502406574 0.0282097188 -0.047
v 0.00514285541 0.0281812039 -0.044
v 0.00516187168 0.0334461537 -0.0519999999
v 0.00516187168 0.0334461537 -0.044
v 0.00500779605 0.033617281 -0.0519999999
v 0.00500779605 0.033617281 -0.044
v 0.00508260227 0.0364738789 -0.0519999999
v 0.00508260227 0.0364738789 -0.044
v 0.00524543262 0.0366367093 -0.0519999999
v 0.00524543262 0.0366367093 -0.044
v 0.00514285541 0.0418223706 -0.047
v 0.00502406574 0.0417938557 -0.044
v 0.00505422092 0.0428269711 -0.0519999999
v 0.00519103504 0.0428547993 -0.05
v 0.00546187854 -0.0295035038 -0.0490188023
v 0.00548663593 -0.0295282611 -0.0489929742
v 0.00548007465 -0.0295216999 -0.047
v 0.00546769596 -0.0295093212 -0.046987108
v 0.00537372089 -0.0294530925 -0.0519999999
v 0.00537372089 -0.0294530925 -0.05
v 0.00525851703 -0.0293001613 -0.0491712436
v 0.00545516468 -0.0294967899 -0.0469745223
v 0.00543921924 -0.0284490451 -0.047
v 0.00547351337 -0.0284553394 -0.044
v 0.00548728443 -0.0233906421 -0.0519999999
v 0.00530337787 -0.0232520542 -0.044
v 0.00527417636 -0.0232271251 -0.0519999999
v 0.00527417636 -0.0232271251 -0.044
v 0.00527417636 -0.019906393 -0.0519999999
v 0.00545564151 -0.0197646198 -0.044
v 0.00548728443 -0.019742876 -0.0519999999
v 0.00548728443 -0.019742876 -0.044
v 0.00531447864 -0.0147088108 -0.047
v 0.00533418155 -0.0147048053 -0.044
v 0.00548299289 -0.0136625919 -0.0519999999
v 0.00534554935 -0.0136852703 -0.05
v 0.00525027729 -0.00317425342 -0.0519999999
v 0.00542293048 -0.00319834323 -0.05
v 0.00532832599 -0.00116095157 -0.047
v 0.00546603656 -0.00118399234 -0.044
v 0.00548144794 0.0029132977 -0.0519999999
v 0.00528403736 0.00298320203 -0.044
v 0.00528403736 0.0104518452 -0.0519999999
v 0.00541524387 0.0104995862 -0.044
v 0.00548144794 0.0105217495 -0.0519999999
v 0.00548144794 0.0105217495 -0.044
v 0.00546603656 0.0146190205 -0.047
v 0.00532832599 0.0145959797 -0.044
v 0.00540461994 0.0166309491 -0.0519999999
v 0.00540461994 0.0166309491 -0.05
v 0.00546603656 0.0271002713 -0.0519999999
v 0.00532832599 0.0271233311 -0.05
v 0.00526214099 0.028154749 -0.047
v 0.00538184619 0.0281303921 -0.044
v 0.00539351917 0.0332447949 -0.0519999999
v 0.00539351917 0.0332447949 -0.044
v 0.00527417636 0.0333414212 -0.0519999999
v 0.00527417636 0.0333414212 -0.044
v 0.00536305881 0.0367354146 -0.0519999999
v 0.00536305881 0.0367354146 -0.044
v 0.00548728443 0.0368256703 -0.0519999999
v 0.00548728443 0.0368256703 -0.044
v 0.00538184619 0.0418731823 -0.047
v 0.00526214099 0.0418488255 -0.044
v 0.00532832599 0.0428802433 -0.0519999999
v 0.00546603656 0.0429032841 -0.05
v 0.00571011997 -0.0297517452 -0.0486373037
v 0.00574948764 -0.0297911319 -0.0474677309
v 0.00551074481 -0.0295523891 -0.0489659423
v 0.00565900302 -0.0297006282 -0.0487459448
v 0.00570588565 -0.0297475299 -0.0473527123
v 0.00565406299 -0.0296956882 -0.0472447492
v 0.0055112598 -0.0294752941 -0.0519999999
v 0.00564914203 -0.0294950923 -0.05
v 0.00573274112 -0.0284971485 -0.047
v 0.00571423984 -0.0284944782 -0.044
v 0.00571874118 -0.0235269794 -0.0519999999
v 0.00568467594 -0.0235092411 -0.044
v 0.00565093494 -0.0234909114 -0.0519999999
v 0.00551930881 -0.0234118328 -0.044
v 0.00551930881 -0.0197216854 -0.0519999999
v 0.00571874118 -0.0196065387 -0.044
v 0.00553372837 -0.0146675739 -0.047
v 0.00557406879 -0.0146607837 -0.044
v 0.0056208179 -0.0136422786 -0.0519999999
v 0.0056208179 -0.0136422786 -0.05
v 0.00559598423 -0.00321940036 -0.0519999999
v 0.00559598423 -0.00321940036 -0.05
v 0.0056041286 -0.00120462985 -0.047
v 0.00574256397 -0.0012228641 -0.044
v 0.00574983097 0.00283633618 -0.0519999999
v 0.00554803348 0.00289229779 -0.044
v 0.00554803348 0.0105427304 -0.0519999999
v 0.00574983097 0.010598692 -0.044
v 0.00574256397 0.0146578923 -0.047
v 0.0056041286 0.014639658 -0.044
v 0.00557763553 0.0166523304 -0.0519999999
v 0.00557763553 0.0166523304 -0.05
v 0.00574256397 0.0270614186 -0.0519999999
v 0.0056041286 0.0270796338 -0.05
v 0.00550197101 0.0281081334 -0.047
v 0.00574330783 0.0280699101 -0.044
v 0.00551930881 0.0331567135 -0.0519999999
v 0.00551930881 0.0331567135 -0.044
v 0.00571874118 0.0369620076 -0.0519999999
v 0.00571874118 0.0369620076 -0.044
v 0.00574330783 0.0419336644 -0.047
v 0.00550197101 0.0418954411 -0.044
v 0.0056041286 0.0429239216 -0.0519999999
v 0.00574256397 0.0429421559 -0.05
v 0.00575295902 -0.0297946033 -0.048521716
v 0.00576531864 -0.0298069438 -0.048481859
v 0.00581824756 -0.0298598728 -0.0482321888
v 0.00583362079 -0.029875246 -0.0479941812
v 0.00581355548 -0.0298551807 -0.047735081
v 0.00575591541 -0.0297975597 -0.0474874996
v 0.00578736759 -0.0295125064 -0.0519999999
v 0.00592586017 -0.0295274982 -0.05
v 0.00595408893 -0.0285249958 -0.047
v 0.00595618701 -0.0285252246 -0.044
v 0.00596507526 -0.023634077 -0.0519999999
v 0.00575309253 -0.0235441074 -0.044
v 0.00575309253 -0.0195894107 -0.0519999999
v 0.00592910266 -0.0195128879 -0.044
v 0.00596507526 -0.0194994411 -0.0519999999
v 0.00596507526 -0.0194994411 -0.044
v 0.00575416065 -0.014633356 -0.047
v 0.00581532932 -0.0146251354 -0.044
v 0.00589740253 -0.0136089 -0.0519999999
v 0.00575896717 -0.0136243877 -0.05
v 0.00594304538 -0.00325245471 -0.0519999999
v 0.00594304538 -0.00325245471 -0.05
v 0.00576936222 -0.00323744388 -0.0519999999
v 0.00576936222 -0.00323744388 -0.05
v 0.00588128543 -0.00123865695 -0.047
v 0.00588128543 -0.00123865695 -0.044
v 0.00595427967 0.00279099851 -0.0519999999
v 0.0058177135 0.00282002835 -0.044
v 0.0058177135 0.0106149998 -0.0519999999
v 0.00595427967 0.0106440297 -0.044
v 0.00588128543 0.0146736851 -0.047
v 0.00588128543 0.0146736851 -0.044
v 0.00592463947 0.0166860333 -0.0519999999
v 0.00592463947 0.0166860333 -0.05
v 0.00588128543 0.0270456067 -0.0519999999
v 0.00588128543 0.0270456067 -0.05
v 0.00586442447 0.0280539647 -0.047
v 0.00598580814 0.0280401364 -0.044
v 0.00582269168 0.0329919949 -0.0519999999
v 0.00582269168 0.0329919949 -0.044
v 0.00575309253 0.0330244389 -0.0519999999
v 0.00575309253 0.0330244389 -0.044
v 0.00578774906 0.0369956723 -0.0519999999
v 0.00578774906 0.0369956723 -0.044
v 0.00596507526 0.0370691052 -0.0519999999
v 0.00596507526 0.0370691052 -0.044
v 0.00598580814 0.0419634381 -0.047
v 0.00586442447 0.0419496098 -0.044
v 0.00588128543 0.0429579678 -0.0519999999
v 0.00588128543 0.0429579678 -0.05
v 0.00606460071 -0.0295400676 -0.0519999999
v 0.00620353199 -0.0295502338 -0.05
v 0.00617619968 -0.0285458049 -0.047
v 0.00619904972 -0.0285475215 -0.044
v 0.00622262454 -0.023710371 -0.0519999999
v 0.00600125766 -0.0236468944 -0.044
v 0.00600125766 -0.0194866237 -0.0519999999
v 0.00622262454 -0.0194231472 -0.044
v 0.0060495708 -0.0145986995 -0.047
v 0.00605771518 -0.0145979175 -0.044
v 0.00617499805 -0.0135851726 -0.0519999999
v 0.00603610492 -0.0135958347 -0.05
v 0.00611695743 -0.00326443286 -0.0519999999
v 0.00611695743 -0.00326443286 -0.05
v 0.00602027393 -0.00125204654 -0.047
v 0.00615945316 -0.00126299472 -0.044
v 0.00623004413 0.0027473393 -0.0519999999
v 0.00623004413 0.0027473393 -0.044
v 0.00616082645 0.00275643735 -0.0519999999
v 0.00602292514 0.00277827649 -0.044
v 0.00602292514 0.0106567517 -0.0519999999
v 0.00623004413 0.0106877079 -0.044
v 0.00615945316 0.0146980229 -0.047
v 0.00602027393 0.0146870747 -0.044
v 0.00609853244 0.0166983357 -0.0519999999
v 0.00609853244 0.0166983357 -0.05
v 0.00615945316 0.0270212689 -0.0519999999
v 0.00602027393 0.0270322361 -0.05
v 0.00610742069 0.0280284253 -0.047
v 0.00622922397 0.0280188313 -0.044
v 0.00600125766 0.0329216519 -0.0519999999
v 0.00600125766 0.0329216519 -0.044
v 0.00622262454 0.0371453991 -0.0519999999
v 0.00622262454 0.0371453991 -0.044
v 0.00622922397 0.0419847432 -0.047
v 0.00610742069 0.0419751492 -0.044
v 0.00602027393 0.0429713383 -0.0519999999
v 0.00615945316 0.0429823056 -0.05
v 0.00634261585 -0.0295579776 -0.0519999999
v 0.00648183322 -0.0295632801 -0.05
v 0.00647317386 -0.0285624942 -0.047
v 0.00644254184 -0.0285613498 -0.044
v 0.00648755527 -0.0237546978 -0.0519999999
v 0.0064494083 -0.023750349 -0.044
v 0.00641133762 -0.0237453517 -0.0519999999
v 0.00626010395 -0.023718687 -0.044
v 0.00626010395 -0.0194148311 -0.0519999999
v 0.00648755527 -0.0193788013 -0.044
v 0.00627194858 -0.0145809421 -0.047
v 0.00630088306 -0.0145791683 -0.044
v 0.00645324207 -0.0135711154 -0.0519999999
v 0.00631406284 -0.0135769329 -0.05
v 0.00629106021 -0.0032733974 -0.0519999999
v 0.00646527744 -0.00327931018 -0.05
v 0.00629882312 -0.00127152057 -0.047
v 0.0064383266 -0.00127760501 -0.044
v 0.00643847919 0.00272725491 -0.0519999999
v 0.00629939533 0.0027394238 -0.044
v 0.00629939533 0.0106956044 -0.0519999999
v 0.00643847919 0.0107077733 -0.044
v 0.0064383266 0.0147126332 -0.047
v 0.00629882312 0.0147065487 -0.044
v 0.0064468143 0.0167138424 -0.0519999999
v 0.0064468143 0.0167138424 -0.05
v 0.0064383266 0.0270066586 -0.0519999999
v 0.00629882312 0.027012743 -0.05
v 0.00635116077 0.0280113736 -0.047
v 0.00647321201 0.0280060521 -0.044
v 0.00626010395 0.0328498593 -0.0519999999
v 0.00626010395 0.0328498593 -0.044
v 0.00648755527 0.0371897259 -0.0519999999
v 0.00648755527 0.0371897259 -0.044
v 0.00647321201 0.0419975224 -0.047
v 0.00635116077 0.0419922009 -0.044
v 0.00629882312 0.0429908314 -0.0519999999
v 0.0064383266 0.0429969159 -0.05
v 0.00662110782 -0.0295661792 -0.0519999999
v 0.00662110782 -0.0295661792 -0.05
v 0.00669621921 -0.0285667285 -0.047
v 0.00668637729 -0.0285666904 -0.044
v 0.00671750522 -0.0237667522 -0.0519999999
v 0.00652577854 -0.0237583789 -0.044
v 0.00652577854 -0.0193751201 -0.0519999999
v 0.00671750522 -0.0193667659 -0.044
v 0.00656913257 -0.0145683345 -0.047
v 0.00654454685 -0.0145688877 -0.044
v 0.00673181034 -0.0135667667 -0.0519999999
v 0.00659251667 -0.0135677394 -0.05
v 0.00663959003 -0.00328219028 -0.0519999999
v 0.00663959003 -0.00328219028 -0.05
v 0.0065778873 -0.00128126712 -0.047
v 0.00671750522 -0.00128248782 -0.044
v 0.00671750522 0.00271750836 -0.0519999999
v 0.00650817371 0.00272300153 -0.044
v 0.00650817371 0.0107120266 -0.0519999999
v 0.00671750522 0.0107175198 -0.044
v 0.00671750522 0.014717516 -0.047
v 0.0065778873 0.0147162953 -0.044
v 0.00662112689 0.0167170468 -0.0519999999
v 0.00662112689 0.0167170468 -0.05
v 0.00671750522 0.0270017949 -0.0519999999
v 0.0065778873 0.0270029965 -0.05
v 0.00659533954 0.0280028477 -0.047
v 0.00671750522 0.0280017796 -0.044
v 0.00652577854 0.0328101483 -0.0519999999
v 0.00652577854 0.0328101483 -0.044
v 0.00671750522 0.0372017804 -0.0519999999
v 0.00671750522 0.0372017804 -0.044
v 0.00671750522 0.0420017949 -0.047
v 0.00659533954 0.0420007267 -0.044
v 0.0065778873 0.0430005589 -0.0519999999
v 0.00671750522 0.0430017796 -0.05
v 0.00676042057 -0.029566637 -0.0519999999
v 0.00689971424 -0.0295646724 -0.05
v 0.00699361301 -0.0285613117 -0.047
v 0.00693025089 -0.0285635242 -0.044
v 0.00698562122 -0.023750349 -0.0519999999
v 0.00675591922 -0.0237664279 -0.044
v 0.00675591922 -0.0193670902 -0.0519999999
v 0.00698562122 -0.0193831501 -0.044
v 0.00679221607 -0.014567152 -0.047
v 0.00678843952 -0.0145671138 -0.044
v 0.00687110401 -0.0135682354 -0.0519999999
v 0.00687110401 -0.0135682354 -0.05
v 0.00681390262 -0.00328201861 -0.0519999999
v 0.00698821521 -0.00327881427 -0.05
v 0.00685714221 -0.00128126712 -0.047
v 0.00699670291 -0.00127760501 -0.044
v 0.00699653125 0.00272725491 -0.0519999999
v 0.00678733325 0.00271811871 -0.044
v 0.00678733325 0.0107169095 -0.0519999999
v 0.00699653125 0.0107077733 -0.044
v 0.00699670291 0.0147126332 -0.047
v 0.00685714221 0.0147162953 -0.044
v 0.00696975208 0.0167143383 -0.0519999999
v 0.00696975208 0.0167143383 -0.05
v 0.00699670291 0.0270066586 -0.0519999999
v 0.00685714221 0.0270029965 -0.05
v 0.00683968997 0.0280028477 -0.047
v 0.00696181751 0.0280060521 -0.044
v 0.00675591922 0.0328021183 -0.0519999999
v 0.00675591922 0.0328021183 -0.044
v 0.00698562122 0.0371853962 -0.0519999999
v 0.00698562122 0.0371853962 -0.044
v 0.00696181751 0.0419975224 -0.047
v 0.00696181751 0.0419975224 -0.044
v 0.00683968997 0.0420007267 -0.047
v 0.00683968997 0.0420007267 -0.044
v 0.00699670291 0.0429969159 -0.0519999999
v 0.00699670291 0.0429969159 -0.05
v 0.00685714221 0.0430005589 -0.0519999999
v 0.00685714221 0.0430005589 -0.05
v 0.00703895069 -0.0295603046 -0.0519999999
v 0.00717809177 -0.0295534954 -0.05
v 0.00721635318 -0.0285489521 -0.047
v 0.00717385746 -0.0285518703 -0.044
v 0.00724975086 -0.0237014064 -0.0519999999
v 0.0070236919 -0.0237453517 -0.044
v 0.0070236919 -0.0193881664 -0.0519999999
v 0.00724975086 -0.0194321117 -0.044
v 0.00701522327 -0.0145730838 -0.047
v 0.00703223682 -0.0145738277 -0.044
v 0.00714953876 -0.0135784397 -0.0519999999
v 0.00701035953 -0.0135721263 -0.05
v 0.00716241336 -0.00327257724 -0.0519999999
v 0.00716241336 -0.00327257724 -0.05
v 0.00713620639 -0.00127152057 -0.047
v 0.00713620639 -0.00127152057 -0.044
v 0.00720498538 0.0027473393 -0.0519999999
v 0.0070661304 0.002732729 -0.044
v 0.0070661304 0.0107022992 -0.0519999999
v 0.00720498538 0.0106877079 -0.044
v 0.00713620639 0.0147065487 -0.047
v 0.00713620639 0.0147065487 -0.044
v 0.0071439693 0.0167084256 -0.0519999999
v 0.0071439693 0.0167084256 -0.05
v 0.00713620639 0.027012743 -0.0519999999
v 0.00713620639 0.027012743 -0.05
v 0.00708386875 0.0280113736 -0.047
v 0.00720580554 0.0280188313 -0.044
v 0.0070236919 0.0328231946 -0.0519999999
v 0.0070236919 0.0328231946 -0.044
v 0.00724975086 0.0371364346 -0.0519999999
v 0.00724975086 0.0371364346 -0.044
v 0.00720580554 0.0419847432 -0.047
v 0.00708386875 0.0419922009 -0.044
v 0.00713620639 0.0429908314 -0.0519999999
v 0.00713620639 0.0429908314 -0.05
v 0.00707107044 0.0494974652 -0.044
v 0.00707107044 0.0494974652 0.0233238077
v 0.00731708026 -0.0295442638 -0.0519999999
v 0.0074558971 -0.0295326099 -0.05
v 0.00743859745 -0.0285295162 -0.047
v 0.00741692996 -0.0285317287 -0.044
v 0.00746995426 -0.023634077 -0.0519999999
v 0.00728692508 -0.0236917934 -0.044
v 0.00728692508 -0.0194417247 -0.0519999999
v 0.00746995426 -0.0194994411 -0.044
v 0.00731204486 -0.0145920429 -0.047
v 0.00727565265 -0.0145890483 -0.044
v 0.00742742038 -0.0135983142 -0.0519999999
v 0.0072885654 -0.0135871562 -0.05
v 0.00733649707 -0.00326330752 -0.0519999999
v 0.00733649707 -0.00326330752 -0.05
v 0.00727555728 -0.00126299472 -0.047
v 0.00741475559 -0.00125204654 -0.044
v 0.00748074985 0.00279099851 -0.0519999999
v 0.00727420307 0.00275643735 -0.044
v 0.00727420307 0.0106785908 -0.0519999999
v 0.00748074985 0.0106440297 -0.044
v 0.00741475559 0.0146870747 -0.047
v 0.00727555728 0.0146980229 -0.044
v 0.00749198413 0.0166874829 -0.0519999999
v 0.00749198413 0.0166874829 -0.05
v 0.00741475559 0.0270322361 -0.0519999999
v 0.00727555728 0.0270212689 -0.05
v 0.00732760883 0.0280284253 -0.047
v 0.00744922138 0.0280401364 -0.044
v 0.00728692508 0.0328767529 -0.0519999999
v 0.00728692508 0.0328767529 -0.044
v 0.00746995426 0.0370691052 -0.0519999999
v 0.00746995426 0.0370691052 -0.044
v 0.00744922138 0.0419634381 -0.047
v 0.00732760883 0.0419751492 -0.044
v 0.00727555728 0.0429823056 -0.0519999999
v 0.00741475559 0.0429713383 -0.05
v 0.00735034442 0.0492181912 0.0238231373
v 0.00759450412 -0.0295185337 -0.0519999999
v 0.00773282505 -0.0295020732 -0.05
v 0.00766009784 -0.028503004 -0.047
v 0.00765912509 -0.0285031375 -0.044
v 0.0077337215 -0.028492609 -0.047
v 0.00771628833 -0.0235269794 -0.0519999999
v 0.00750592685 -0.0236206302 -0.044
v 0.00750592685 -0.0195128879 -0.0519999999
v 0.00771628833 -0.0196065387 -0.044
v 0.00753400302 -0.0146145305 -0.047
v 0.00751840091 -0.0146127185 -0.044
v 0.0077044437 -0.0136278591 -0.0519999999
v 0.00756606555 -0.0136118946 -0.05
v 0.00751039005 -0.00325100513 -0.0519999999
v 0.00751039005 -0.00325100513 -0.05
v 0.00768403507 -0.00323567004 -0.0519999999
v 0.00768403507 -0.00323567004 -0.05
v 0.00755374408 -0.00123865695 -0.047
v 0.00769246555 -0.0012228641 -0.044
v 0.00768519855 0.00283633618 -0.0519999999
v 0.00754916645 0.00280492215 -0.044
v 0.00754916645 0.010630106 -0.0519999999
v 0.00768519855 0.010598692 -0.044
v 0.00769246555 0.0146578923 -0.047
v 0.00755374408 0.0146736851 -0.044
v 0.00766564823 0.016672472 -0.0519999999
v 0.00766564823 0.016672472 -0.05
v 0.00769246555 0.0270614186 -0.0519999999
v 0.00755374408 0.0270456067 -0.05
v 0.00757060504 0.0280539647 -0.047
v 0.00769172168 0.0280699101 -0.044
v 0.00750592685 0.0329479161 -0.0519999999
v 0.00750592685 0.0329479161 -0.044
v 0.00764728046 0.0330079022 -0.0519999999
v 0.00764728046 0.0330079022 -0.044
v 0.00771628833 0.0369620076 -0.0519999999
v 0.00771628833 0.0369620076 -0.044
v 0.00761233783 0.0370115796 -0.0519999999
v 0.00761233783 0.0370115796 -0.044
v 0.00769172168 0.0419336644 -0.047
v 0.00757060504 0.0419496098 -0.044
v 0.00755374408 0.0429579678 -0.0519999999
v 0.00769246555 0.0429421559 -0.05
v 0.00763551212 0.0489330426 0.0243157768
v 0.00787084079 -0.0294831905 -0.0519999999
v 0.00787084079 -0.0294831905 -0.05
v 0.00795390583 -0.0284566936 -0.047
v 0.00790019489 -0.0284661159 -0.044
v 0.00775035358 -0.0235092411 -0.0519999999
v 0.00775035358 -0.0235092411 -0.044
v 0.007979388 -0.0233688983 -0.0519999999
v 0.00778409458 -0.0234909114 -0.044
v 0.007979388 -0.0197646198 -0.0519999999
v 0.007979388 -0.0197646198 -0.044
v 0.00775035358 -0.0196242771 -0.0519999999
v 0.00794774509 -0.019742876 -0.044
v 0.00775512195 -0.0146440944 -0.047
v 0.00776015735 -0.0146448383 -0.044
v 0.00798028446 -0.0136670551 -0.0519999999
v 0.00784253574 -0.013646265 -0.05
v 0.00785739398 -0.00321730228 -0.0519999999
v 0.00785739398 -0.00321730228 -0.05
v 0.00783090091 -0.00120462985 -0.047
v 0.00796899295 -0.00118399234 -0.044
v 0.00795358158 0.0029132977 -0.0519999999
v 0.00775279499 0.0028538075 -0.044
v 0.00775279499 0.0105812207 -0.0519999999
v 0.00795358158 0.0105217495 -0.044
v 0.00796899295 0.0146190205 -0.047
v 0.00783090091 0.014639658 -0.044
v 0.00783904529 0.0166544285 -0.0519999999
v 0.00783904529 0.0166544285 -0.05
v 0.00796899295 0.0271002713 -0.0519999999
v 0.00783090091 0.0270796338 -0.05
v 0.00781255222 0.0280879727 -0.047
v 0.0079330585 0.0281081334 -0.044
v 0.00775035358 0.0330593052 -0.0519999999
v 0.00775035358 0.0330593052 -0.044
v 0.007979388 0.0368039265 -0.0519999999
v 0.007979388 0.0368039265 -0.044
v 0.0079330585 0.0418954411 -0.047
v 0.00781255222 0.0419156018 -0.044
v 0.00783090091 0.0429239216 -0.0519999999
v 0.00796899295 0.0429032841 -0.05
v 0.00792645908 0.0486420765 0.0248015976
v 0.0077781818 0.0487903729 -0.044
v 0.0077781818 0.0487903729 -0.043
v 0.00800851322 -0.0294619045 -0.0519999999
v 0.00814580417 -0.0294382152 -0.05
v 0.00824548221 -0.0283979663 -0.047
v 0.00813983417 -0.0284207401 -0.044
v 0.00813165164 -0.0232520542 -0.0519999999
v 0.00801064945 -0.0233466014 -0.044
v 0.00824576831 -0.0231493053 -0.0519999999
v 0.00816085315 -0.0232271251 -0.044
v 0.00801064945 -0.0197869167 -0.0519999999
v 0.00824576831 -0.0199842128 -0.044
v 0.00804828144 -0.0146944103 -0.047
v 0.00800065494 -0.0146853694 -0.044
v 0.00811765171 -0.0136902294 -0.0519999999
v 0.00811765171 -0.0136902294 -0.05
v 0.00803040958 -0.0031959209 -0.0519999999
v 0.00820300556 -0.00317152591 -0.05
v 0.00810670352 -0.00116095157 -0.047
v 0.00824399448 -0.00113550754 -0.044
v 0.00815099216 0.00298320203 -0.0519999999
v 0.00801978565 0.00293544202 -0.044
v 0.00821593738 0.00300877957 -0.0519999999
v 0.00821593738 0.00300877957 -0.044
v 0.00801978565 0.0104995862 -0.0519999999
v 0.00821593738 0.0104262486 -0.044
v 0.00824399448 0.0145705357 -0.047
v 0.00810670352 0.0145959797 -0.044
v 0.00818475223 0.0166092816 -0.0519999999
v 0.00818475223 0.0166092816 -0.05
v 0.00824399448 0.0271487751 -0.0519999999
v 0.00810670352 0.0271233311 -0.05
v 0.00805318332 0.0281303921 -0.047
v 0.00817288852 0.028154749 -0.044
v 0.00801064945 0.0332219449 -0.0519999999
v 0.00801064945 0.0332219449 -0.044
v 0.00807197071 0.0332681599 -0.0519999999
v 0.00807197071 0.0332681599 -0.044
v 0.00824576831 0.0365843335 -0.0519999999
v 0.00824576831 0.0365843335 -0.044
v 0.00804151035 0.0367587796 -0.0519999999
v 0.00804151035 0.0367587796 -0.044
v 0.00817288852 0.0418488255 -0.047
v 0.00805318332 0.0418731823 -0.044
v 0.00810670352 0.0428802433 -0.0519999999
v 0.00824399448 0.0428547993 -0.05
v 0.00822312808 0.0483454075 0.0252804518
v 0.00848527408 -0.0424264202 -0.0519999999
v 0.00848527408 -0.0424264202 -0.044
v 0.00848527408 -0.033941122 -0.0519999999
v 0.00848527408 -0.033941122 -0.05
v 0.00848527408 -0.0325269184 -0.047
v 0.00848527408 -0.0325269184 -0.044
v 0.00828265644 -0.0294121608 -0.0519999999
v 0.00841901279 -0.0293837223 -0.05
v 0.0084623859 -0.0283458004 -0.047
v 0.00849595523 -0.0283370647 -0.044
v 0.00837787128 -0.0230100879 -0.0519999999
v 0.00827315784 -0.0231223926 -0.044
v 0.0084973476 -0.0228598842 -0.0519999999
v 0.0084028194 -0.0229808864 -0.044
v 0.0084973476 -0.0202736339 -0.0519999999
v 0.0084973476 -0.0202736339 -0.044
v 0.00827315784 -0.0200111255 -0.0519999999
v 0.00847451663 -0.020242773 -0.044
v 0.00833901859 -0.014757143 -0.047
v 0.00835839725 -0.0147617969 -0.044
v 0.00826657749 -0.0147403011 -0.047
v 0.00839107013 -0.0137437686 -0.0519999999
v 0.00825459934 -0.0137158069 -0.05
v 0.00837518192 -0.00314413638 -0.0519999999
v 0.00837518192 -0.00314413638 -0.05
v 0.0083808086 -0.00110766025 -0.047
v 0.0083808086 -0.00110766025 -0.044
v 0.00847100711 0.00312234311 -0.0519999999
v 0.00828044391 0.00303550153 -0.044
v 0.00828044391 0.0103995266 -0.0519999999
v 0.00847100711 0.0103126851 -0.044
v 0.0083808086 0.0145426884 -0.047
v 0.0083808086 0.0145426884 -0.044
v 0.00835696674 0.0165822163 -0.0519999999
v 0.00835696674 0.0165822163 -0.05
v 0.0083808086 0.0271766034 -0.0519999999
v 0.0083808086 0.0271766034 -0.05
v 0.00829217411 0.0281812039 -0.047
v 0.00841096378 0.0282097188 -0.044
v 0.00827315784 0.0334461537 -0.0519999999
v 0.00827315784 0.0334461537 -0.044
v 0.00832648731 0.0335013905 -0.0519999999
v 0.00832648731 0.0335013905 -0.044
v 0.0084973476 0.0362949124 -0.0519999999
v 0.0084973476 0.0362949124 -0.044
v 0.00832648731 0.036502184 -0.0519999999
v 0.00832648731 0.036502184 -0.044
v 0.00841096378 0.0417938557 -0.047
v 0.00829217411 0.0418223706 -0.044
v 0.0083808086 0.0428269711 -0.0519999999
v 0.0083808086 0.0428269711 -0.05
v 0.00848527408 0.0494974652 -0.047
v 0.00848527408 0.0494974652 -0.043
v 0.00848527408 0.0509116879 -0.0519999999
v 0.00848527408 0.0509116879 -0.05
v 0.00848527408 0.059396967 -0.0519999999
v 0.00848527408 0.059396967 -0.044
v 0.00855487323 -0.0293528995 -0.0519999999
v 0.00869018054 -0.0293197307 -0.05
v 0.00874879337 -0.0282655582 -0.047
v 0.00873073078 -0.0282710132 -0.044
v 0.00856259799 -0.0227649555 -0.0519999999
v 0.0085196445 -0.0228286228 -0.044
v 0.00869485355 -0.0225311718 -0.0519999999
v 0.00858321643 -0.0227325878 -0.044
v 0.00874263263 -0.0224263629 -0.0519999999
v 0.00871139026 -0.0224965152 -0.044
v 0.00864167667 -0.0205001697 -0.0519999999
v 0.00874263263 -0.0207071552 -0.044
v 0.0085196445 -0.0203048954 -0.0519999999
v 0.00862277484 -0.020466753 -0.044
v 0.00855517841 -0.0148122844 -0.047
v 0.00859446979 -0.01482308 -0.044
v 0.0086624477 -0.0138067874 -0.0519999999
v 0.00852702594 -0.0137740955 -0.05
v 0.00854682422 -0.00311373325 -0.0519999999
v 0.00871793247 -0.00308035464 -0.05
v 0.0085171268 -0.00107744784 -0.047
v 0.00865289188 -0.00104485126 -0.044
v 0.00865674472 0.00321902661 -0.0519999999
v 0.00853347278 0.00315349011 -0.044
v 0.00871751285 0.00325341611 -0.0519999999
v 0.00871751285 0.00325341611 -0.044
v 0.00859540439 0.0102493039 -0.0519999999
v 0.00871751285 0.0101816121 -0.044
v 0.00853347278 0.0102815381 -0.0519999999
v 0.00853347278 0.0102815381 -0.044
v 0.00865289188 0.0144798794 -0.047
v 0.00865289188 0.0144798794 -0.044
v 0.0085171268 0.014512476 -0.047
v 0.0085171268 0.014512476 -0.044
v 0.00869983173 0.016519064 -0.0519999999
v 0.00869983173 0.016519064 -0.05
v 0.00865289188 0.0272394124 -0.0519999999
v 0.0085171268 0.0272068158 -0.05
v 0.00852923847 0.0282403126 -0.047
v 0.00852923847 0.0282403126 -0.044
v 0.0086469791 0.0282729474 -0.047
v 0.0086469791 0.0282729474 -0.044
v 0.0085196445 0.0337399235 -0.0519999999
v 0.0085196445 0.0337399235 -0.044
v 0.00854138828 0.0337715664 -0.0519999999
v 0.00854138828 0.0337715664 -0.044
v 0.00867772556 0.0340030041 -0.0519999999
v 0.00867772556 0.0340030041 -0.044
v 0.00874263263 0.0358613911 -0.0519999999
v 0.00874263263 0.0358613911 -0.044
v 0.00867772556 0.0360005703 -0.0519999999
v 0.00867772556 0.0360005703 -0.044
v 0.0085196445 0.0362636509 -0.0519999999
v 0.0085196445 0.0362636509 -0.044
v 0.0086469791 0.041730608 -0.047
v 0.0086469791 0.041730608 -0.044
v 0.00852923847 0.0417632618 -0.047
v 0.00852923847 0.0417632618 -0.044
v 0.0085171268 0.0427967396 -0.0519999999
v 0.00865289188 0.042764143 -0.05
v 0.00852542377 0.0480431118 0.0257522106
v 0.00882487751 -0.0292842159 -0.0519999999
v 0.00882487751 -0.0292842159 -0.05
v 0.00895894504 -0.0292463359 -0.0519999999
v 0.00895894504 -0.0292463359 -0.05
v 0.00896123386 -0.0281974277 -0.047
v 0.00896304584 -0.0281967983 -0.044
v 0.00879765964 -0.0222830066 -0.0519999999
v 0.00875731922 -0.0223908863 -0.044
v 0.00886943317 -0.0220241603 -0.0519999999
v 0.0088098476 -0.0222465953 -0.044
v 0.00890914417 -0.0217585048 -0.0519999999
v 0.00887710071 -0.0219865284 -0.044
v 0.00891717411 -0.0215283641 -0.0519999999
v 0.00891215778 -0.0217202243 -0.044
v 0.0088960979 -0.0212605724 -0.0519999999
v 0.00891618228 -0.0214899692 -0.044
v 0.00885217166 -0.0210345325 -0.0519999999
v 0.00889043308 -0.0212225971 -0.044
v 0.00877139545 -0.0207783565 -0.0519999999
v 0.00884255863 -0.0209973583 -0.044
v 0.00875731922 -0.0207426128 -0.0519999999
v 0.00875731922 -0.0207426128 -0.044
v 0.0087694881 -0.0148742733 -0.047
v 0.00882825351 -0.0148925647 -0.044
v 0.00893147922 -0.0138792095 -0.0519999999
v 0.00879727817 -0.0138418254 -0.05
v 0.00888841129 -0.00304400058 -0.0519999999
v 0.00888841129 -0.00304400058 -0.05
v 0.00878806568 -0.00100988956 -0.047
v 0.00878806568 -0.00100988956 -0.044
v 0.00892261005 -0.000972581817 -0.047
v 0.00892261005 -0.000972581817 -0.044
v 0.00895429111 0.00340136914 -0.0519999999
v 0.00877767063 0.00328885465 -0.044
v 0.00877767063 0.0101461926 -0.0519999999
v 0.00895429111 0.010033659 -0.044
v 0.00878806568 0.0144449177 -0.047
v 0.00878806568 0.0144449177 -0.044
v 0.00887038684 0.0164830151 -0.0519999999
v 0.00887038684 0.0164830151 -0.05
v 0.00892261005 0.0273117009 -0.0519999999
v 0.00878806568 0.0272743741 -0.05
v 0.00876410938 0.0283076611 -0.047
v 0.00899650074 0.028383154 -0.044
v 0.00875731922 0.03417766 -0.0519999999
v 0.00875731922 0.03417766 -0.044
v 0.00879765964 0.0342855397 -0.0519999999
v 0.00879765964 0.0342855397 -0.044
v 0.0088611362 0.0345068875 -0.0519999999
v 0.0088611362 0.0345068875 -0.044
v 0.00890546298 0.0347718182 -0.0519999999
v 0.00890546298 0.0347718182 -0.044
v 0.00891751743 0.0350017872 -0.0519999999
v 0.00891751743 0.0350017872 -0.044
v 0.00890111423 0.0352699032 -0.0519999999
v 0.00890111423 0.0352699032 -0.044
v 0.00885217166 0.0355340138 -0.0519999999
v 0.00885217166 0.0355340138 -0.044
v 0.00878484226 0.0357542363 -0.0519999999
v 0.00878484226 0.0357542363 -0.044
v 0.00899650074 0.0416204205 -0.047
v 0.00876410938 0.0416959134 -0.044
v 0.00878806568 0.0427292004 -0.0519999999
v 0.00892261005 0.0426918736 -0.05
v 0.00883326984 0.0477352658 0.0262167406
v 0.00909232593 -0.0292061481 -0.0519999999
v 0.00922498203 -0.0291636333 -0.05
v 0.00924088932 -0.0280961284 -0.047
v 0.00919265247 -0.0281145534 -0.044
v 0.0091916225 -0.0150185642 -0.047
v 0.00917403675 -0.0150119457 -0.044
v 0.00905194736 -0.0149674854 -0.047
v 0.00905948139 -0.0149701557 -0.044
v 0.00919780231 -0.0139609584 -0.0519999999
v 0.00906499362 -0.0139189205 -0.05
v 0.00905826068 -0.00300467105 -0.0519999999
v 0.00905826068 -0.00300467105 -0.05
v 0.00922736621 -0.00296238513 -0.0519999999
v 0.00922736621 -0.00296238513 -0.05
v 0.00905648685 -0.000932928039 -0.047
v 0.00918965793 -0.000890928222 -0.044
v 0.00906865573 0.00348143964 -0.0519999999
v 0.00901181674 0.00344090848 -0.044
v 0.00923480487 0.00360892682 -0.0519999999
v 0.00912476993 0.00352298169 -0.044
v 0.00901181674 0.00999411969 -0.0519999999
v 0.00923480487 0.00982610135 -0.044
v 0.00920949436 0.0164020482 -0.0519999999
v 0.00920949436 0.0164020482 -0.05
v 0.00918965793 0.0273933354 -0.0519999999
v 0.00905648685 0.0273513546 -0.05
v 0.00911164737 0.0284239331 -0.047
v 0.00922608829 0.0284667149 -0.044
v 0.00922608829 0.0415368405 -0.047
v 0.00911164737 0.0415796414 -0.044
v 0.00905648685 0.0426522198 -0.0519999999
v 0.00918965793 0.0426102391 -0.05
v 0.00914659 0.0474219647 0.026673913
v 0.00935687519 -0.0291188297 -0.0519999999
v 0.00948798633 -0.0290717182 -0.05
v 0.00944766498 -0.0280123958 -0.047
v 0.00941926456 -0.0280243549 -0.044
v 0.00926104999 -0.0150452289 -0.047
v 0.00928784824 -0.0150557384 -0.044
v 0.00946113086 -0.014051939 -0.0519999999
v 0.00932986713 -0.0140053043 -0.05
v 0.00939572788 -0.0029171619 -0.0519999999
v 0.00939572788 -0.0029171619 -0.05
v 0.00932206607 -0.000846639587 -0.047
v 0.00945367313 -0.000800023986 -0.044
v 0.00939403034 0.00374493985 -0.0519999999
v 0.0092886684 0.0036533299 -0.044
v 0.00949614978 0.00384015469 -0.0519999999
v 0.00944550968 0.00379210858 -0.044
v 0.00934174991 0.0097363606 -0.0519999999
v 0.00949614978 0.00959487347 -0.044
v 0.0092886684 0.00978169827 -0.0519999999
v 0.0092886684 0.00978169827 -0.044
v 0.00937793231 0.0163571301 -0.0519999999
v 0.00937793231 0.0163571301 -0.05
v 0.00945367313 0.0274842396 -0.0519999999
v 0.00932206607 0.0274376431 -0.05
v 0.00933976627 0.0285114995 -0.047
v 0.00945262409 0.0285582486 -0.044
v 0.00945262409 0.0414453259 -0.047
v 0.00933976627 0.041492075 -0.044
v 0.00932206607 0.0425659314 -0.0519999999
v 0.00945367313 0.0425193348 -0.05
v 0.00946525074 0.0471032849 0.0271235943
v 0.00961823917 -0.0290223369 -0.0519999999
v 0.00961823917 -0.0290223369 -0.05
v 0.0097476337 -0.028970705 -0.0519999999
v 0.0097476337 -0.028970705 -0.05
v 0.00971902347 -0.0278905925 -0.047
v 0.00964257694 -0.0279263172 -0.044
v 0.00973855472 -0.0152522144 -0.047
v 0.00973498798 -0.0152505168 -0.044
v 0.00953580356 -0.0151591548 -0.047
v 0.00951312519 -0.0151492366 -0.044
v 0.00972114063 -0.0141520175 -0.0519999999
v 0.00959157444 -0.0141008434 -0.05
v 0.00956326938 -0.00286902042 -0.0519999999
v 0.00972995258 -0.00281796069 -0.05
v 0.00958446002 -0.000751119567 -0.047
v 0.00958446002 -0.000751119567 -0.044
v 0.00971436954 -0.000699964477 -0.047
v 0.00971436954 -0.000699964477 -0.044
v 0.00964292026 0.00398951917 -0.0519999999
v 0.00954595066 0.00388907819 -0.044
v 0.00973636127 0.00409327893 -0.0519999999
v 0.00969008899 0.00404099851 -0.044
v 0.00959487415 0.00949614911 -0.0519999999
v 0.00973636127 0.00934174924 -0.044
v 0.00954595066 0.00954594998 -0.0519999999
v 0.00954595066 0.00954594998 -0.044
v 0.00971234775 0.0162585392 -0.0519999999
v 0.00971234775 0.0162585392 -0.05
v 0.00971436954 0.0275843182 -0.0519999999
v 0.00958446002 0.027533144 -0.05
v 0.00956466175 0.0286069623 -0.047
v 0.0096758411 0.0286576405 -0.044
v 0.0096758411 0.041345934 -0.047
v 0.00956466175 0.0413966122 -0.044
v 0.00958446002 0.0424704304 -0.0519999999
v 0.00971436954 0.0424192563 -0.05
v 0.00987609363 -0.0289168224 -0.0519999999
v 0.00987609363 -0.0289168224 -0.05
v 0.00998496509 -0.0277573833 -0.047
v 0.00997081256 -0.027764822 -0.044
v 0.00980546451 -0.0152846775 -0.047
v 0.00984456516 -0.015304037 -0.044
v 0.00997750736 -0.0142611179 -0.0519999999
v 0.00997750736 -0.0142611179 -0.05
v 0.00984979129 -0.0142054615 -0.0519999999
v 0.00984979129 -0.0142054615 -0.05
v 0.00989572025 -0.0027640018 -0.0519999999
v 0.00989572025 -0.0027640018 -0.05
v 0.00984336353 -0.000646520568 -0.047
v 0.00997140384 -0.000590845062 -0.044
v 0.00982610202 0.00420022397 -0.0519999999
v 0.00978169895 0.00414636044 -0.044
v 0.00999412036 0.0044232121 -0.0519999999
v 0.00986955142 0.00425486951 -0.044
v 0.00982610202 0.0092348042 -0.0519999999
v 0.00999412036 0.00901181607 -0.044
v 0.00978169895 0.00928866773 -0.0519999999
v 0.00978169895 0.00928866773 -0.044
v 0.00987821079 0.0162048855 -0.0519999999
v 0.00987821079 0.0162048855 -0.05
v 0.00997140384 0.0276934185 -0.0519999999
v 0.00984336353 0.027637743 -0.05
v 0.00978610492 0.0287102261 -0.047
v 0.00978610492 0.0287102261 -0.044
v 0.00989545322 0.0287647381 -0.047
v 0.00989545322 0.0287647381 -0.044
v 0.00989545322 0.0412388363 -0.047
v 0.00989545322 0.0412388363 -0.044
v 0.00978610492 0.0412933484 -0.047
v 0.00978610492 0.0412933484 -0.044
v 0.00984336353 0.0423658314 -0.0519999999
v 0.00997140384 0.0423101559 -0.05
v 0.0097892139 0.0467793217 0.0275656652
v 0.0100035999 -0.0288607082 -0.0519999999
v 0.0101301143 -0.0288023815 -0.05
v 0.0102449939 -0.0276129779 -0.047
v 0.0101847599 -0.0276477298 -0.044
v 0.0100040767 -0.0153862628 -0.047
v 0.0100608394 -0.0154167804 -0.044
v 0.0102299068 -0.0143790493 -0.0519999999
v 0.0101042125 -0.0143189868 -0.05
v 0.0100605152 -0.00270714374 -0.0519999999
v 0.0102242992 -0.00264744372 -0.05
v 0.0100984523 -0.00053295703 -0.047
v 0.0100984523 -0.00053295703 -0.044
v 0.0102244899 -0.000472837402 -0.047
v 0.0102244899 -0.000472837402 -0.044
v 0.0100336597 0.00448073773 -0.0519999999
v 0.0100336597 0.00448073773 -0.044
v 0.0101816127 0.00471751599 -0.0519999999
v 0.0100721881 0.00453895001 -0.044
v 0.0102493045 0.00483962445 -0.0519999999
v 0.0102160022 0.00477828412 -0.044
v 0.0101816127 0.00871751218 -0.0519999999
v 0.0102493045 0.00859540372 -0.044
v 0.0100336597 0.00895429044 -0.0519999999
v 0.0101461742 0.00877766995 -0.044
v 0.0102069995 0.0160889378 -0.0519999999
v 0.0102069995 0.0160889378 -0.05
v 0.0102244899 0.0278114262 -0.0519999999
v 0.0100984523 0.0277513257 -0.05
v 0.0100038097 0.0288211575 -0.047
v 0.010217509 0.0289396039 -0.044
v 0.010217509 0.0410639706 -0.047
v 0.0100038097 0.041182417 -0.044
v 0.0102244899 0.0421921292 -0.0519999999
v 0.0102244899 0.0421921292 -0.05
v 0.0100984523 0.0422522488 -0.0519999999
v 0.0100984523 0.0422522488 -0.05
v 0.0101183651 0.0464501706 0.0280000019
v 0.0102555797 -0.0287418613 -0.0519999999
v 0.010379977 -0.0286791667 -0.05
v 0.0103726528 -0.027536684 -0.047
v 0.0103944919 -0.0275232563 -0.044
v 0.0104986713 -0.0274576816 -0.047
v 0.0104976986 -0.027458292 -0.044
v 0.0102636669 -0.0155314502 -0.047
v 0.010273051 -0.0155369815 -0.044
v 0.0104780529 -0.0145057163 -0.0519999999
v 0.0104780529 -0.0145057163 -0.05
v 0.010354533 -0.0144413051 -0.0519999999
v 0.010354533 -0.0144413051 -0.05
v 0.0103870151 -0.00258490176 -0.0519999999
v 0.0103870151 -0.00258490176 -0.05
v 0.0103494403 -0.000410543395 -0.047
v 0.0104732845 -0.000346075011 -0.044
v 0.0103126857 0.00496402173 -0.0519999999
v 0.0102815387 0.00490155606 -0.044
v 0.0104262493 0.00521909146 -0.0519999999
v 0.0103427455 0.00502704053 -0.044
v 0.0104995868 0.0054152432 -0.0519999999
v 0.0104518268 0.00528403668 -0.044
v 0.0104262493 0.00821593671 -0.0519999999
v 0.0104995868 0.00801978497 -0.044
v 0.0103126857 0.00847100644 -0.0519999999
v 0.0103995273 0.00828044324 -0.044
v 0.0102815387 0.00853347211 -0.0519999999
v 0.0102815387 0.00853347211 -0.044
v 0.0103698299 0.0160266819 -0.0519999999
v 0.0103698299 0.0160266819 -0.05
v 0.0104732845 0.0279382077 -0.0519999999
v 0.0103494403 0.0278737393 -0.05
v 0.0103227756 0.0290016118 -0.047
v 0.010426955 0.0290654507 -0.044
v 0.010426955 0.0409381237 -0.047
v 0.010426955 0.0409381237 -0.044
v 0.0103227756 0.0410019627 -0.047
v 0.0103227756 0.0410019627 -0.044
v 0.0103494403 0.0421298352 -0.0519999999
v 0.0104732845 0.0420653668 -0.05
v 0.010503268 -0.0286143169 -0.0519999999
v 0.0106254146 -0.0285473308 -0.05
v 0.0107463787 -0.0284782085 -0.0519999999
v 0.0107463787 -0.0284782085 -0.05
v 0.0107455013 -0.0272917232 -0.047
v 0.0107006404 -0.0273230228 -0.044
v 0.0106409023 -0.0157696018 -0.047
v 0.0106842754 -0.0157991848 -0.044
v 0.0105168483 -0.0156875476 -0.047
v 0.0105831859 -0.0157309589 -0.044
v 0.0107216404 -0.0146409473 -0.0519999999
v 0.0106004283 -0.0145722637 -0.05
v 0.0105486057 -0.00251951785 -0.0519999999
v 0.0105486057 -0.00251951785 -0.05
v 0.0107090519 -0.00245133014 -0.0519999999
v 0.0107090519 -0.00245133014 -0.05
v 0.0105959842 -0.000279451324 -0.047
v 0.0105959842 -0.000279451324 -0.044
v 0.0107175205 -0.000210691405 -0.047
v 0.0107175205 -0.000210691405 -0.044
v 0.0105217311 0.00548144727 -0.0519999999
v 0.0105217311 0.00548144727 -0.044
v 0.0105986927 0.00574983029 -0.0519999999
v 0.0105427311 0.00554803281 -0.044
v 0.0106440303 0.00595427899 -0.0519999999
v 0.0106150005 0.00581771283 -0.044
v 0.0106876895 0.00623004346 -0.0519999999
v 0.0106567524 0.00602292447 -0.044
v 0.0107077739 0.00643849759 -0.0519999999
v 0.010695605 0.00629939465 -0.044
v 0.0107175205 0.00671752362 -0.0519999999
v 0.0107120273 0.00650817304 -0.044
v 0.0107077739 0.00699654965 -0.0519999999
v 0.0107169101 0.00678733258 -0.044
v 0.0106876895 0.00720498471 -0.0519999999
v 0.0107022998 0.00706612973 -0.044
v 0.0106440303 0.00748074918 -0.0519999999
v 0.0106785915 0.00727420239 -0.044
v 0.0105986927 0.00768519788 -0.0519999999
v 0.0106301067 0.00754916577 -0.044
v 0.0105217311 0.0079535809 -0.0519999999
v 0.0105812213 0.00775279431 -0.044
v 0.0107175205 0.0280735913 -0.0519999999
v 0.0105959842 0.0280048314 -0.05
v 0.01052999 0.0291310826 -0.047
v 0.0106318615 0.0291985264 -0.044
v 0.0107325504 0.029267725 -0.047
v 0.0107325504 0.029267725 -0.044
v 0.0107325504 0.0407358494 -0.047
v 0.0107325504 0.0407358494 -0.044
v 0.0106318615 0.040805048 -0.047
v 0.01052999 0.0408724728 -0.044
v 0.0105959842 0.0419987431 -0.0519999999
v 0.0107175205 0.0419299832 -0.05
v 0.0108661029 -0.0284070072 -0.0519999999
v 0.0109845874 -0.0283337459 -0.05
v 0.0108003185 -0.0272527561 -0.044
v 0.0109850833 -0.027115446 -0.047
v 0.0109959171 -0.0271070919 -0.044
v 0.0109801624 -0.0160142955 -0.044
v 0.0107631824 -0.015854269 -0.047
v 0.0107841442 -0.0158691654 -0.044
v 0.0109603641 -0.0147845706 -0.0519999999
v 0.0109603641 -0.0147845706 -0.05
v 0.0108416317 -0.0147117099 -0.0519999999
v 0.0108416317 -0.0147117099 -0.05
v 0.0108682773 -0.0023803577 -0.0519999999
v 0.0108682773 -0.0023803577 -0.05
v 0.010837817 -0.000139833404 -0.047
v 0.0109568737 -6.68773186e-05 -0.044
v 0.0109568737 0.0282174054 -0.0519999999
v 0.010837817 0.0281444493 -0.05
v 0.0108320186 0.0293386593 -0.047
v 0.010930228 0.0294113293 -0.044
v 0.010930228 0.0405922261 -0.047
v 0.0108320186 0.0406648961 -0.044
v 0.010837817 0.0418591252 -0.0519999999
v 0.0109568737 0.0417861691 -0.05
v 0.0111017749 -0.0282584056 -0.0519999999
v 0.0111017749 -0.0282584056 -0.05
v 0.0112176273 -0.0281810627 -0.0519999999
v 0.0112176273 -0.0281810627 -0.05
v 0.0111020038 -0.0270235309 -0.047
v 0.0110917995 -0.0270317134 -0.044
v 0.0112169406 -0.0269291362 -0.047
v 0.0111863277 -0.0269546756 -0.044
v 0.0110021923 -0.01603129 -0.047
v 0.0110762355 -0.0160893878 -0.044
v 0.0111939571 -0.0149364147 -0.0519999999
v 0.0110778186 -0.0148594722 -0.05
v 0.0110262439 -0.0023066196 -0.0519999999
v 0.0110262439 -0.0023066196 -0.05
v 0.0111828945 -0.00223013492 -0.0519999999
v 0.0111828945 -0.00223013492 -0.05
v 0.0110746334 8.15777663e-06 -0.047
v 0.0111910579 8.52146614e-05 -0.044
v 0.0111910579 0.0283694783 -0.0519999999
v 0.0110746334 0.0282924214 -0.05
v 0.0110271404 0.0294857159 -0.047
v 0.0110271404 0.0294857159 -0.044
v 0.0111227558 0.0295617619 -0.047
v 0.011217036 0.0296394673 -0.044
v 0.011217036 0.0403640881 -0.047
v 0.0111227558 0.0404418126 -0.044
v 0.0110271404 0.0405178586 -0.047
v 0.0110271404 0.0405178586 -0.044
v 0.0110746334 0.0417111531 -0.0519999999
v 0.0111910579 0.0416340771 -0.05
v 0.0113321254 -0.0281016979 -0.0519999999
v 0.0114452121 -0.0280203495 -0.05
v 0.0113855312 -0.0267830333 -0.047
v 0.0113713214 -0.0267957363 -0.044
v 0.0114952991 -0.0266826877 -0.047
v 0.0114617107 -0.0267138538 -0.044
v 0.0112900493 -0.0162665805 -0.047
v 0.0113564251 -0.016324583 -0.044
v 0.0112644146 -0.0162445697 -0.044
v 0.0114221141 -0.0150963077 -0.0519999999
v 0.0113087223 -0.0150153598 -0.05
v 0.0113381908 -0.0021509418 -0.0519999999
v 0.0114920757 -0.00206904025 -0.05
v 0.0113061283 0.000164293336 -0.047
v 0.0114197872 0.000245374726 -0.044
v 0.0113061283 0.028448576 -0.0519999999
v 0.0113061283 0.028448576 -0.05
v 0.0114197872 0.0285296574 -0.0519999999
v 0.0114197872 0.0285296574 -0.05
v 0.0113099239 0.029718813 -0.047
v 0.0113099239 0.029718813 -0.044
v 0.0114014194 0.0297997799 -0.047
v 0.0114915035 0.0298823109 -0.044
v 0.0114915035 0.0401212636 -0.047
v 0.0114014194 0.0402037945 -0.044
v 0.0113099239 0.0402847615 -0.047
v 0.0113099239 0.0402847615 -0.044
v 0.0114197872 0.0414739171 -0.0519999999
v 0.0114197872 0.0414739171 -0.05
v 0.0113061283 0.0415549984 -0.0519999999
v 0.0113061283 0.0415549984 -0.05
v 0.0113137004 0.0452548352 -0.04
v 0.0113137004 0.0452548352 0.0219999981
v 0.0115568683 -0.0279370555 -0.0519999999
v 0.0116670558 -0.0278518161 -0.05
v 0.0116558979 -0.0265278492 -0.047
v 0.0116381214 -0.0265454731 -0.044
v 0.0117083118 -0.026475111 -0.047
v 0.0117241237 -0.0264589939 -0.044
v 0.0115650127 -0.0165168247 -0.047
v 0.0116239498 -0.0165740833 -0.044
v 0.011511092 -0.0164656124 -0.047
v 0.0115362308 -0.0164893589 -0.044
v 0.0116445682 -0.0152640399 -0.0519999999
v 0.0116445682 -0.0152640399 -0.05
v 0.0115340564 -0.0151792011 -0.0519999999
v 0.0115340564 -0.0151792011 -0.05
v 0.011644511 -0.00198446841 -0.0519999999
v 0.011644511 -0.00198446841 -0.05
v 0.0115320346 0.000328439759 -0.047
v 0.0116428134 0.000413431214 -0.044
v 0.0116428134 0.0286976948 -0.0519999999
v 0.0115320346 0.0286127034 -0.05
v 0.0115801189 0.0299664059 -0.047
v 0.0115801189 0.0299664059 -0.044
v 0.0116672657 0.0300520459 -0.047
v 0.0116672657 0.0300520459 -0.044
v 0.0116672657 0.0399515286 -0.047
v 0.0116672657 0.0399515286 -0.044
v 0.0115801189 0.0400371685 -0.047
v 0.0115801189 0.0400371685 -0.044
v 0.0115320346 0.0413908711 -0.0519999999
v 0.0116428134 0.0413058796 -0.05
v 0.0117757556 -0.0277646884 -0.0519999999
v 0.0117757556 -0.0277646884 -0.05
v 0.0118829105 -0.0276756725 -0.0519999999
v 0.0119885013 -0.0275847873 -0.05
v 0.0119123218 -0.026258646 -0.047
v 0.0118915126 -0.0262816104 -0.044
v 0.0119618747 -0.0262031993 -0.047
v 0.0119728611 -0.0261907634 -0.044
v 0.0118262813 -0.0167813167 -0.047
v 0.0118780849 -0.0168372211 -0.044
v 0.0117751644 -0.0167273197 -0.047
v 0.0117949054 -0.0167480335 -0.044
v 0.0119669483 -0.0155299053 -0.0519999999
v 0.0119669483 -0.0155299053 -0.05
v 0.0118610332 -0.0154394207 -0.0519999999
v 0.0117535541 -0.0153507862 -0.05
v 0.0117954586 -0.00189726443 -0.0519999999
v 0.0119448612 -0.00180744739 -0.05
v 0.0117520855 0.000500349091 -0.047
v 0.0119659946 0.000679830598 -0.044
v 0.0119659946 0.0289641133 -0.0519999999
v 0.0117520855 0.0287846127 -0.05
v 0.0117528865 0.0301391736 -0.047
v 0.0118369815 0.030227789 -0.044
v 0.0119195316 0.030317873 -0.047
v 0.0119195316 0.030317873 -0.044
v 0.0119195316 0.0396857014 -0.047
v 0.0119195316 0.0396857014 -0.044
v 0.0118369815 0.0397757664 -0.047
v 0.0117528865 0.0398644009 -0.044
v 0.0117520855 0.0412189618 -0.0519999999
v 0.0119659946 0.0410394612 -0.05
v 0.01209249 -0.0274921093 -0.0519999999
v 0.0121948383 -0.0273976001 -0.05
v 0.0121069667 -0.0260337314 -0.047
v 0.0121307514 -0.0260048732 -0.044
v 0.0122465656 -0.025859724 -0.047
v 0.0122072361 -0.0259099063 -0.044
v 0.0120249698 -0.0170026645 -0.047
v 0.0120397136 -0.0170198688 -0.044
v 0.0121739719 -0.0157163677 -0.0519999999
v 0.0120712612 -0.01562224 -0.05
v 0.0120926807 -0.00171501727 -0.0519999999
v 0.0122388599 -0.00162005038 -0.05
v 0.0120705555 0.00077235608 -0.047
v 0.0121734951 0.000866693543 -0.044
v 0.0121734951 0.0291509572 -0.0519999999
v 0.0120705555 0.0290566197 -0.05
v 0.0120004795 0.0304093686 -0.047
v 0.0120004795 0.0304093686 -0.044
v 0.0120798252 0.0305022755 -0.047
v 0.0122335956 0.0306921521 -0.044
v 0.0122335956 0.0393114224 -0.047
v 0.0121575306 0.0394070378 -0.044
v 0.0120798252 0.039501299 -0.047
v 0.0120004795 0.0395942059 -0.044
v 0.0120705555 0.0409469357 -0.0519999999
v 0.0121734951 0.0408526173 -0.05
v 0.0122955463 -0.0273013553 -0.0519999999
v 0.0122955463 -0.0273013553 -0.05
v 0.0123945568 -0.0272033557 -0.0519999999
v 0.0124918506 -0.0271036396 -0.05
v 0.0122918651 -0.0258007488 -0.047
v 0.0122820804 -0.0258136043 -0.044
v 0.0124666927 -0.0255601177 -0.047
v 0.0124963329 -0.025517107 -0.044
v 0.0124364421 -0.017530199 -0.047
v 0.0124150989 -0.0175001201 -0.044
v 0.0122598026 -0.017290884 -0.047
v 0.0122699878 -0.017304121 -0.044
v 0.0124720142 -0.0160092601 -0.0519999999
v 0.0124720142 -0.0160092601 -0.05
v 0.012374377 -0.0159099063 -0.0519999999
v 0.0122750042 -0.0158122501 -0.05
v 0.0123833606 -0.00152252765 -0.0519999999
v 0.0123833606 -0.00152252765 -0.05
v 0.0122747753 0.000962804841 -0.047
v 0.0122747753 0.000962804841 -0.044
v 0.012374377 0.00106065183 -0.047
v 0.012472224 0.00116025357 -0.044
v 0.0122747753 0.0292470685 -0.0519999999
v 0.0122747753 0.0292470685 -0.05
v 0.012472224 0.0294445172 -0.0519999999
v 0.012374377 0.0293449345 -0.05
v 0.0123079631 0.0307890835 -0.047
v 0.0124515865 0.0309867421 -0.044
v 0.0124515865 0.0390168133 -0.047
v 0.0123079631 0.0392144909 -0.044
v 0.012374377 0.04065864 -0.0519999999
v 0.012472224 0.0405590573 -0.05
v 0.0122747753 0.040756506 -0.0519999999
v 0.0122747753 0.040756506 -0.05
v 0.012374377 0.0463154927 -0.04
v 0.012374377 0.0463154927 0.0219999981
v 0.0125873706 -0.027002264 -0.0519999999
v 0.0125873706 -0.027002264 -0.05
v 0.0126811359 -0.026899229 -0.0519999999
v 0.0126811359 -0.026899229 -0.05
v 0.0126311443 -0.0253122768 -0.047
v 0.0126304386 -0.0253134021 -0.044
v 0.0127474926 -0.0251219425 -0.047
v 0.0126948116 -0.025209814 -0.044
v 0.0127472827 -0.0180112323 -0.044
v 0.0126027629 -0.017776781 -0.047
v 0.0126197765 -0.0178033313 -0.044
v 0.0125209186 -0.0176526126 -0.047
v 0.0125533054 -0.0177010784 -0.044
v 0.0126620433 -0.0162130031 -0.0519999999
v 0.0125679157 -0.0161103115 -0.05
v 0.0125261257 -0.00142250629 -0.0519999999
v 0.012667136 -0.00132002444 -0.05
v 0.0125683353 0.00126153378 -0.047
v 0.0126626728 0.00136447339 -0.044
v 0.0126626728 0.029648737 -0.0519999999
v 0.0125683353 0.0295457974 -0.05
v 0.0125207851 0.031087431 -0.047
v 0.0125882099 0.0311893216 -0.044
v 0.0126538417 0.0312923565 -0.047
v 0.0127176807 0.0313965168 -0.044
v 0.0127176807 0.0386070576 -0.047
v 0.0126538417 0.0387112179 -0.044
v 0.0125882099 0.0388142529 -0.047
v 0.0125207851 0.0389161435 -0.044
v 0.0125683353 0.0404577771 -0.0519999999
v 0.0126626728 0.0403548375 -0.05
v 0.0127279232 0.055154337 -0.044
v 0.0127279232 0.055154337 0.0233238077
v 0.0127730892 -0.0267945728 -0.0519999999
v 0.0127730892 -0.0267945728 -0.05
v 0.0128631923 -0.0266883335 -0.0519999999
v 0.0129514453 -0.0265805492 -0.05
v 0.0127849338 -0.0250576839 -0.047
v 0.0127573726 -0.0251051387 -0.044
v 0.0129277561 -0.0247967777 -0.047
v 0.012933974 -0.0247847805 -0.044
v 0.012994971 -0.0246641025 -0.047
v 0.0129890964 -0.0246759853 -0.044
v 0.0129032466 -0.0182900486 -0.047
v 0.0129247997 -0.0183310947 -0.044
v 0.0127584598 -0.0180302295 -0.047
v 0.0128083179 -0.0181168041 -0.044
v 0.0129334781 -0.0165307102 -0.0519999999
v 0.0129334781 -0.0165307102 -0.05
v 0.0128448436 -0.0164232311 -0.0519999999
v 0.012754359 -0.016317316 -0.05
v 0.0128063533 -0.00121508212 -0.0519999999
v 0.0129437015 -0.00110773654 -0.05
v 0.0127551982 0.00146903424 -0.047
v 0.0127551982 0.00146903424 -0.044
v 0.0128458736 0.00157521634 -0.047
v 0.0129346798 0.00168294339 -0.044
v 0.0129346798 0.0299672261 -0.0519999999
v 0.0127551982 0.0297533169 -0.05
v 0.0127796886 0.0315017834 -0.047
v 0.012898154 0.0317154828 -0.044
v 0.0129545543 0.0318238583 -0.047
v 0.0129545543 0.0318238583 -0.044
v 0.0129545543 0.0381797162 -0.047
v 0.0129545543 0.0381797162 -0.044
v 0.012898154 0.0382880917 -0.047
v 0.0128398464 0.0383954564 -0.044
v 0.0127796886 0.038501791 -0.047
v 0.0127796886 0.038501791 -0.044
v 0.0128458736 0.0401440945 -0.0519999999
v 0.0129346798 0.0400363484 -0.05
v 0.0127551982 0.0402502575 -0.0519999999
v 0.0127551982 0.0402502575 -0.05
v 0.0130378101 -0.026471239 -0.0519999999
v 0.0131222484 -0.0263604412 -0.05
v 0.0132047412 -0.0262481937 -0.0519999999
v 0.0132047412 -0.0262481937 -0.05
v 0.0130593631 -0.024530035 -0.047
v 0.0130423114 -0.0245662555 -0.044
v 0.0131795261 -0.0242579517 -0.047
v 0.0131429622 -0.0243441066 -0.044
v 0.0132352397 -0.0241200504 -0.047
v 0.013235812 -0.0241185817 -0.044
v 0.013243098 -0.0190336093 -0.047
v 0.0131295917 -0.0187586841 -0.047
v 0.0131350467 -0.0187711582 -0.044
v 0.0130368564 -0.0185557804 -0.047
v 0.0130337474 -0.0185492954 -0.044
v 0.0130045078 -0.0184888134 -0.047
v 0.0131879756 -0.0168621692 -0.0519999999
v 0.0131050632 -0.0167502079 -0.05
v 0.0130202243 -0.0166397151 -0.0519999999
v 0.0130202243 -0.0166397151 -0.05
v 0.0130791614 -0.000998006774 -0.0519999999
v 0.0132126949 -0.000885950042 -0.05
v 0.0130215976 0.00179221539 -0.047
v 0.0131065891 0.0019029942 -0.044
v 0.0131896541 0.00201524167 -0.047
v 0.0131896541 0.00201524167 -0.044
v 0.0131065891 0.0301872578 -0.0519999999
v 0.0130215976 0.0300764981 -0.05
v 0.0131896541 0.0302995053 -0.0519999999
v 0.0131896541 0.0302995053 -0.05
v 0.0130090663 0.0319331875 -0.047
v 0.0130090663 0.0319331875 -0.044
v 0.013061671 0.0320434514 -0.047
v 0.0131123302 0.0321546307 -0.044
v 0.0131610439 0.0322666684 -0.047
v 0.013207793 0.0323795453 -0.044
v 0.013207793 0.0376240292 -0.047
v 0.0131610439 0.0377369061 -0.044
v 0.0131123302 0.0378489438 -0.047
v 0.013061671 0.037960104 -0.044
v 0.0130090663 0.0380703869 -0.047
v 0.0130090663 0.0380703869 -0.044
v 0.0131896541 0.0397040692 -0.0519999999
v 0.0131896541 0.0397040692 -0.05
v 0.0130215976 0.0399270764 -0.0519999999
v 0.0131065891 0.0398162976 -0.05
v 0.0130071971 0.0548750439 0.0238231373
v 0.0132852695 -0.0261345157 -0.0519999999
v 0.0133638141 -0.0260194644 -0.05
v 0.0134403369 -0.025903059 -0.0519999999
v 0.0134403369 -0.025903059 -0.05
v 0.0132619999 -0.024050661 -0.047
v 0.0132792804 -0.0240046367 -0.044
v 0.0133616016 -0.0237703952 -0.047
v 0.0133602283 -0.0237745723 -0.044
v 0.0134284542 -0.0235575733 -0.047
v 0.0134331081 -0.0235418186 -0.044
v 0.0134884784 -0.0233427104 -0.047
v 0.0134978244 -0.0233066806 -0.044
v 0.0134939334 -0.0198117313 -0.047
v 0.0134928653 -0.0198075733 -0.044
v 0.0134132717 -0.0195254383 -0.047
v 0.0134274623 -0.019572607 -0.044
v 0.0133448169 -0.0193131122 -0.047
v 0.013353915 -0.019340063 -0.044
v 0.0132696292 -0.019103075 -0.047
v 0.0132723186 -0.0191102275 -0.044
v 0.0134997127 -0.0173239002 -0.0519999999
v 0.0134997127 -0.0173239002 -0.05
v 0.0134247921 -0.0172064456 -0.0519999999
v 0.0133478687 -0.0170903072 -0.05
v 0.0132689045 -0.016975542 -0.0519999999
v 0.0132689045 -0.016975542 -0.05
v 0.0133442447 -0.000771566344 -0.0519999999
v 0.0133442447 -0.000771566344 -0.05
v 0.0134737918 -0.000654912902 -0.0519999999
v 0.0134737918 -0.000654912902 -0.05
v 0.0132707355 0.00212890057 -0.047
v 0.0133498142 0.00224397092 -0.044
v 0.0134268711 0.00236039548 -0.047
v 0.0134268711 0.00236039548 -0.044
v 0.0132707355 0.0304131833 -0.0519999999
v 0.0132707355 0.0304131833 -0.05
v 0.0134268711 0.0306446782 -0.0519999999
v 0.0133498142 0.0305282345 -0.05
v 0.0132525775 0.0324932042 -0.047
v 0.0132525775 0.0324932042 -0.044
v 0.0132953594 0.0326076451 -0.047
v 0.0133361385 0.0327228108 -0.044
v 0.0133749149 0.0328386631 -0.047
v 0.0134116504 0.0329551831 -0.044
v 0.0134463451 0.0330723324 -0.047
v 0.0134789989 0.033190054 -0.044
v 0.0134789989 0.0368135205 -0.047
v 0.0134463451 0.036931242 -0.044
v 0.0134116504 0.0370483914 -0.047
v 0.0133749149 0.0371649113 -0.044
v 0.0133361385 0.0372807637 -0.047
v 0.0132953594 0.0373959294 -0.044
v 0.0132525775 0.0375103703 -0.047
v 0.0132525775 0.0375103703 -0.044
v 0.0133498142 0.0394753209 -0.0519999999
v 0.0134268711 0.0393588963 -0.05
v 0.0132707355 0.0395903912 -0.0519999999
v 0.0132707355 0.0395903912 -0.05
v 0.0132923648 0.0545898953 0.0243157768
v 0.013514838 -0.0257853374 -0.0519999999
v 0.013514838 -0.0257853374 -0.05
v 0.01358726 -0.0256663379 -0.0519999999
v 0.013657603 -0.0255460987 -0.05
v 0.013725848 -0.0254246578 -0.0519999999
v 0.013725848 -0.0254246578 -0.05
v 0.0135069606 -0.023270689 -0.047
v 0.0135578105 -0.023053461 -0.047
v 0.0135543201 -0.0230694255 -0.044
v 0.0136148021 -0.0227615413 -0.047
v 0.0136025188 -0.0228303394 -0.044
v 0.0136493633 -0.0225411472 -0.047
v 0.0136423633 -0.0225897274 -0.044
v 0.0136768863 -0.0223197612 -0.047
v 0.0136737964 -0.0223478755 -0.044
v 0.0137025974 -0.0220234355 -0.047
v 0.01369678 -0.0221050701 -0.044
v 0.0137136028 -0.0218006191 -0.047
v 0.0137112949 -0.021861597 -0.044
v 0.0137172267 -0.0215032062 -0.047
v 0.0137173221 -0.0216177806 -0.044
v 0.0137116382 -0.021280199 -0.047
v 0.0137104366 -0.0212520275 -0.044
v 0.0136989543 -0.0210574588 -0.047
v 0.013695235 -0.0210086116 -0.044
v 0.0136710308 -0.020761343 -0.047
v 0.0136715457 -0.0207658824 -0.044
v 0.0136418293 -0.0205401668 -0.047
v 0.013639426 -0.0205241069 -0.044
v 0.0136056087 -0.0203200397 -0.047
v 0.0135989139 -0.0202836093 -0.044
v 0.0135464237 -0.0200285587 -0.047
v 0.0135500286 -0.0200446567 -0.044
v 0.0135122058 -0.0198838291 -0.047
v 0.0135224674 -0.019925867 -0.044
v 0.0137120006 -0.0176838359 -0.0519999999
v 0.0136433361 -0.0175626239 -0.05
v 0.0135725544 -0.0174426326 -0.0519999999
v 0.0135725544 -0.0174426326 -0.05
v 0.013601279 -0.000536008788 -0.0519999999
v 0.013601279 -0.000536008788 -0.05
v 0.0137266872 -0.000414911224 -0.0519999999
v 0.0137266872 -0.000414911224 -0.05
v 0.0135019062 0.00247815518 -0.047
v 0.0135019062 0.00247815518 -0.044
v 0.0135748622 0.00259721188 -0.047
v 0.0136457202 0.00271750836 -0.044
v 0.0137144802 0.00283904462 -0.047
v 0.0137144802 0.00283904462 -0.044
v 0.0135748622 0.0308814755 -0.0519999999
v 0.0135019062 0.0307624379 -0.05
v 0.0137144802 0.0311233082 -0.0519999999
v 0.0136457202 0.031001791 -0.05
v 0.0135095928 0.0333083287 -0.047
v 0.0135381076 0.0334271374 -0.044
v 0.0135645435 0.0335464039 -0.047
v 0.0135889003 0.0336661282 -0.044
v 0.0136111782 0.033786253 -0.047
v 0.0136313388 0.0339067402 -0.044
v 0.0136493824 0.0340275708 -0.047
v 0.0136653469 0.0341487065 -0.044
v 0.0136791751 0.0342700901 -0.047
v 0.0136908863 0.0343917027 -0.044
v 0.0137004612 0.0345134869 -0.047
v 0.0137079189 0.0346354428 -0.044
v 0.0137132595 0.034757494 -0.047
v 0.0137164447 0.0348796216 -0.044
v 0.0137175129 0.0350017872 -0.047
v 0.0137132595 0.0352460804 -0.044
v 0.0137079189 0.0353681317 -0.047
v 0.0137004612 0.0354900876 -0.044
v 0.0136908863 0.0356118718 -0.047
v 0.0136791751 0.0357334843 -0.044
v 0.0136653469 0.035854868 -0.047
v 0.0136493824 0.0359760037 -0.044
v 0.0136313388 0.0360968342 -0.047
v 0.0136111782 0.0362173214 -0.044
v 0.0135889003 0.0363374463 -0.047
v 0.0135645435 0.0364571705 -0.044
v 0.0135381076 0.036576437 -0.047
v 0.0135095928 0.0366952458 -0.044
v 0.0137144802 0.0388802662 -0.0519999999
v 0.0137144802 0.0388802662 -0.05
v 0.0135019062 0.0392411366 -0.0519999999
v 0.0136457202 0.0390017834 -0.05
v 0.0135833118 0.0542989293 0.0248015976
v 0.0137919567 -0.0253020343 -0.0519999999
v 0.0137919567 -0.0253020343 -0.05
v 0.0138559291 -0.0251782856 -0.0519999999
v 0.0139177272 -0.0250534305 -0.05
v 0.013977351 -0.0249275264 -0.0519999999
v 0.013977351 -0.0249275264 -0.05
v 0.0139652965 -0.0181800518 -0.0519999999
v 0.013905215 -0.0180543575 -0.05
v 0.0138429592 -0.0179297313 -0.0519999999
v 0.013778548 -0.0178062114 -0.05
v 0.0138499401 -0.000291658355 -0.0519999999
v 0.0138499401 -0.000291658355 -0.05
v 0.0139710376 -0.000166250182 -0.0519999999
v 0.0139710376 -0.000166250182 -0.05
v 0.0137811039 0.00296174435 -0.047
v 0.0137811039 0.00296174435 -0.044
v 0.0138455722 0.0030855885 -0.047
v 0.0139078662 0.00321053891 -0.044
v 0.0139679859 0.00333657651 -0.047
v 0.0139679859 0.00333657651 -0.044
v 0.0137811039 0.031246008 -0.0519999999
v 0.0137811039 0.031246008 -0.05
v 0.0139078662 0.0314948216 -0.0519999999
v 0.0138455722 0.0313698712 -0.05
v 0.0139679859 0.0316208401 -0.0519999999
v 0.0139679859 0.0316208401 -0.05
v 0.0139679859 0.0383827343 -0.0519999999
v 0.0139679859 0.0383827343 -0.05
v 0.0138455722 0.0386337033 -0.0519999999
v 0.0139078662 0.0385087529 -0.05
v 0.0137811039 0.0387575665 -0.0519999999
v 0.0137811039 0.0387575665 -0.05
v 0.0138799808 0.0540022603 0.0252804518
v 0.0140347621 -0.0248006114 -0.0519999999
v 0.0140347621 -0.0248006114 -0.05
v 0.0140899608 -0.0246727047 -0.0519999999
v 0.0141429279 -0.0245438632 -0.05
v 0.0141936443 -0.0244141063 -0.0519999999
v 0.0142420909 -0.0242834911 -0.05
v 0.0142323253 -0.0188231334 -0.0519999999
v 0.0142323253 -0.0188231334 -0.05
v 0.0141834209 -0.0186926898 -0.0519999999
v 0.0141322467 -0.0185631237 -0.05
v 0.0140788219 -0.018434473 -0.0519999999
v 0.0140231655 -0.018306776 -0.05
v 0.0140899417 -3.87629997e-05 -0.0519999999
v 0.0140899417 -3.87629997e-05 -0.05
v 0.0142065952 9.07841194e-05 -0.0519999999
v 0.0142065952 9.07841194e-05 -0.05
v 0.0140258739 0.003463625 -0.047
v 0.0140258739 0.003463625 -0.044
v 0.0140815494 0.00359166531 -0.047
v 0.0141349933 0.0037206593 -0.044
v 0.0141861484 0.00385056882 -0.047
v 0.0142350528 0.00398135571 -0.044
v 0.0140258739 0.0317478886 -0.0519999999
v 0.0140258739 0.0317478886 -0.05
v 0.0140815494 0.0318759289 -0.0519999999
v 0.0140815494 0.0318759289 -0.05
v 0.0141861484 0.0321348515 -0.0519999999
v 0.0141349933 0.032004942 -0.05
v 0.0142350528 0.0322656193 -0.0519999999
v 0.0142350528 0.0322656193 -0.05
v 0.0142350528 0.0377379551 -0.0519999999
v 0.0142350528 0.0377379551 -0.05
v 0.0141349933 0.0379986325 -0.0519999999
v 0.0141861484 0.037868723 -0.05
v 0.0140815494 0.0381276265 -0.0519999999
v 0.0140815494 0.0381276265 -0.05
v 0.0140258739 0.0382556859 -0.0519999999
v 0.0140258739 0.0382556859 -0.05
v 0.0141421268 0.0480832615 -0.0380000001
v 0.0141421268 0.0480832615 0.0219999981
v 0.0141822765 0.0536999646 0.0257522106
v 0.0142882679 -0.0241520557 -0.0519999999
v 0.0143321369 -0.0240198383 -0.05
v 0.014373698 -0.023886877 -0.0519999999
v 0.0144129322 -0.02375321 -0.05
v 0.0144498394 -0.0236188945 -0.0519999999
v 0.0144498394 -0.0236188945 -0.05
v 0.0144844005 -0.0234839305 -0.0519999999
v 0.0144844005 -0.0234839305 -0.05
v 0.0144774959 -0.0196218166 -0.0519999999
v 0.0144774959 -0.0196218166 -0.05
v 0.0144424388 -0.0194870052 -0.0519999999
v 0.0144050548 -0.0193528041 -0.05
v 0.0143653438 -0.0192192707 -0.0519999999
v 0.0143233058 -0.019086462 -0.05
v 0.01427896 -0.0189543972 -0.0519999999
v 0.01427896 -0.0189543972 -0.05
v 0.0143209789 0.000222333955 -0.0519999999
v 0.0143209789 0.000222333955 -0.05
v 0.0144330356 0.000355867432 -0.0519999999
v 0.0144330356 0.000355867432 -0.05
v 0.0142816684 0.00411296277 -0.047
v 0.0143259571 0.00424537091 -0.044
v 0.0143679569 0.00437854199 -0.047
v 0.0143679569 0.00437854199 -0.044
v 0.0144076107 0.00451241879 -0.047
v 0.0144449184 0.00464696317 -0.044
v 0.0144798801 0.00478213696 -0.047
v 0.0144798801 0.00478213696 -0.044
v 0.0144798801 0.00865289121 -0.047
v 0.0144798801 0.00865289121 -0.044
v 0.0144449184 0.008788065 -0.047
v 0.0144449184 0.008788065 -0.044
v 0.0142816684 0.0323972455 -0.0519999999
v 0.0142816684 0.0323972455 -0.05
v 0.0143679569 0.0326628056 -0.0519999999
v 0.0143259571 0.0325296536 -0.05
v 0.0144449184 0.0329312268 -0.0519999999
v 0.0144076107 0.0327966824 -0.05
v 0.0144798801 0.0330664196 -0.0519999999
v 0.0144798801 0.0330664196 -0.05
v 0.0144798801 0.0369371548 -0.0519999999
v 0.0144798801 0.0369371548 -0.05
v 0.0144076107 0.0372068921 -0.0519999999
v 0.0144449184 0.0370723286 -0.05
v 0.0143259571 0.0374739209 -0.0519999999
v 0.0143679569 0.0373407498 -0.05
v 0.0142816684 0.037606329 -0.0519999999
v 0.0142816684 0.037606329 -0.05
v 0.0144901226 0.0533921185 0.0262167406
v 0.0145165966 -0.0233483943 -0.0519999999
v 0.0145165966 -0.0233483943 -0.05
v 0.0145464466 -0.0232123241 -0.0519999999
v 0.0145739124 -0.0230757579 -0.05
v 0.014598994 -0.022938734 -0.0519999999
v 0.0146216915 -0.0228012905 -0.05
v 0.0146419857 -0.0226634655 -0.0519999999
v 0.0146598766 -0.0225253162 -0.05
v 0.0146753643 -0.0223868618 -0.0519999999
v 0.0146753643 -0.0223868618 -0.05
v 0.0146884487 -0.0222481784 -0.0519999999
v 0.0146990917 -0.0221092662 -0.05
v 0.0147073314 -0.0219702205 -0.0519999999
v 0.0147131488 -0.0218310222 -0.05
v 0.0147165439 -0.0216917667 -0.0519999999
v 0.0147174976 -0.0215524539 -0.05
v 0.014716048 -0.0214131603 -0.0519999999
v 0.014712157 -0.0212739048 -0.05
v 0.0147058437 -0.0211347446 -0.0519999999
v 0.0147058437 -0.0211347446 -0.05
v 0.014697108 -0.020995718 -0.0519999999
v 0.01468595 -0.0208568439 -0.05
v 0.0146723888 -0.0207181987 -0.0519999999
v 0.0146564052 -0.0205798206 -0.05
v 0.0146380184 -0.0204417285 -0.0519999999
v 0.0146172283 -0.0203039798 -0.05
v 0.0145940349 -0.0201666126 -0.0519999999
v 0.0145684574 -0.020029684 -0.05
v 0.0145405147 -0.0198932132 -0.0519999999
v 0.0145101879 -0.0197572383 -0.05
v 0.0145427654 0.000491327332 -0.0519999999
v 0.0145427654 0.000491327332 -0.05
v 0.014650111 0.000628675507 -0.0519999999
v 0.014650111 0.000628675507 -0.05
v 0.0145124767 0.00491790204 -0.047
v 0.0145124767 0.00491790204 -0.044
v 0.0145426891 0.00505422025 -0.047
v 0.0145705364 0.00519103436 -0.044
v 0.0145959804 0.00532832532 -0.047
v 0.0146190212 0.00546603589 -0.044
v 0.0146396587 0.00560412793 -0.047
v 0.0146578929 0.00574256329 -0.044
v 0.0146736858 0.00588128476 -0.047
v 0.0146736858 0.00588128476 -0.044
v 0.0146870754 0.00602027326 -0.047
v 0.0146980236 0.00615947156 -0.044
v 0.0147065494 0.00629882245 -0.047
v 0.0147126339 0.00643832593 -0.044
v 0.014716296 0.00657788663 -0.047
v 0.0147175167 0.00671752362 -0.044
v 0.014716296 0.00685714154 -0.047
v 0.0147126339 0.00699670224 -0.044
v 0.0147065494 0.00713620572 -0.047
v 0.0147065494 0.00713620572 -0.044
v 0.0146980236 0.00727557568 -0.047
v 0.0146870754 0.00741475491 -0.044
v 0.0146736858 0.00755374341 -0.047
v 0.0146578929 0.00769246488 -0.044
v 0.0146396587 0.00783090024 -0.047
v 0.0146190212 0.00796899228 -0.044
v 0.0145959804 0.00810670285 -0.047
v 0.0145705364 0.00824399381 -0.044
v 0.0145426891 0.00838080792 -0.047
v 0.0145426891 0.00838080792 -0.044
v 0.0145124767 0.00851712613 -0.047
v 0.0145124767 0.00851712613 -0.044
v 0.0145124767 0.0332021847 -0.0519999999
v 0.0145124767 0.0332021847 -0.05
v 0.0145705364 0.033475317 -0.0519999999
v 0.0145426891 0.0333384839 -0.05
v 0.0145959804 0.033612608 -0.0519999999
v 0.0145959804 0.033612608 -0.05
v 0.0146396587 0.0338883915 -0.0519999999
v 0.0146190212 0.0337503186 -0.05
v 0.0146736858 0.0341655674 -0.0519999999
v 0.0146578929 0.0340268269 -0.05
v 0.0146980236 0.0344437352 -0.0519999999
v 0.0146870754 0.0343045369 -0.05
v 0.0147126339 0.0347225895 -0.0519999999
v 0.0147065494 0.0345831051 -0.05
v 0.014716296 0.0348621693 -0.0519999999
v 0.014716296 0.0348621693 -0.05
v 0.014716296 0.0351414052 -0.0519999999
v 0.0147175167 0.0350017872 -0.05
v 0.0147065494 0.0354204693 -0.0519999999
v 0.0147126339 0.0352809849 -0.05
v 0.0146870754 0.0356990376 -0.0519999999
v 0.0146980236 0.0355598393 -0.05
v 0.0146578929 0.0359767476 -0.0519999999
v 0.0146736858 0.035838007 -0.05
v 0.0146396587 0.0361151638 -0.0519999999
v 0.0146396587 0.0361151638 -0.05
v 0.0145959804 0.0363909665 -0.0519999999
v 0.0146190212 0.0362532559 -0.05
v 0.0145426891 0.0366650715 -0.0519999999
v 0.0145705364 0.0365282574 -0.05
v 0.0145124767 0.0368013897 -0.0519999999
v 0.0145124767 0.0368013897 -0.05
v 0.0147550533 0.000767892884 -0.0519999999
v 0.0148575351 0.000908903168 -0.05
v 0.0149575565 0.00105166821 -0.0519999999
v 0.0149575565 0.00105166821 -0.05
v 0.0148034427 0.0530788174 0.026673913
v 0.0150550792 0.00119616895 -0.0519999999
v 0.0150550792 0.00119616895 -0.05
v 0.0151500461 0.00134234815 -0.0519999999
v 0.0152424762 0.00149016766 -0.05
v 0.0151221035 0.0527601376 0.0271235943
v 0.0153322933 0.00163957028 -0.0519999999
v 0.0153322933 0.00163957028 -0.05
v 0.0154194973 0.00179051785 -0.0519999999
v 0.0154194973 0.00179051785 -0.05
v 0.0154460666 0.0524361744 0.0275656652
v 0.0155040691 0.00194295316 -0.0519999999
v 0.0155040691 0.00194295316 -0.05
v 0.0155859706 0.00209683804 -0.0519999999
v 0.0155859706 0.00209683804 -0.05
v 0.0156651638 0.00225213437 -0.0519999999
v 0.0157416484 0.00240878491 -0.05
v 0.0158153865 0.00256675153 -0.0519999999
v 0.015886359 0.00272597699 -0.05
v 0.0159545467 0.00288642316 -0.0519999999
v 0.0159545467 0.00288642316 -0.05
v 0.0157752178 0.0521070233 0.0280000019
v 0.0160199306 0.00304801373 -0.0519999999
v 0.0160824726 0.00321072965 -0.05
v 0.0161421726 0.00337451367 -0.0519999999
v 0.0161421726 0.00337451367 -0.05
v 0.0161990306 0.00353930859 -0.0519999999
v 0.0161990306 0.00353930859 -0.05
v 0.0162048862 0.00987821011 -0.0519999999
v 0.0162048862 0.00987821011 -0.05
v 0.0161483333 0.0100431004 -0.0519999999
v 0.0160889385 0.0102069989 -0.05
v 0.0160266826 0.0103698292 -0.0519999999
v 0.0160266826 0.0103698292 -0.05
v 0.0162529895 0.00370507626 -0.0519999999
v 0.0162529895 0.00370507626 -0.05
v 0.0163040493 0.00387175946 -0.0519999999
v 0.0163040493 0.00387175946 -0.05
v 0.0163521907 0.00403930097 -0.0519999999
v 0.016397414 0.00420766263 -0.05
v 0.0164396999 0.00437676816 -0.0519999999
v 0.0164396999 0.00437676816 -0.05
v 0.0164790294 0.00454661755 -0.0519999999
v 0.0164790294 0.00454661755 -0.05
v 0.0164830158 0.00887038617 -0.0519999999
v 0.0164830158 0.00887038617 -0.05
v 0.0164440105 0.00904029279 -0.0519999999
v 0.0164020488 0.00920949368 -0.05
v 0.0163571308 0.00937793164 -0.0519999999
v 0.0163571308 0.00937793164 -0.05
v 0.0163092945 0.00954556851 -0.0519999999
v 0.0162585399 0.00971234708 -0.05
v 0.0165153835 0.00471709638 -0.0519999999
v 0.0165153835 0.00471709638 -0.05
v 0.0165487621 0.00488820462 -0.0519999999
v 0.0165487621 0.00488820462 -0.05
v 0.0165791652 0.00505984692 -0.0519999999
v 0.0166065548 0.00523202329 -0.05
v 0.0166309497 0.00540461926 -0.0519999999
v 0.0166309497 0.00540461926 -0.05
v 0.0166523311 0.00557763486 -0.0519999999
v 0.0166523311 0.00557763486 -0.05
v 0.0166706989 0.00575099378 -0.0519999999
v 0.016686034 0.00592463879 -0.05
v 0.0166983364 0.00609853177 -0.0519999999
v 0.0166983364 0.00609853177 -0.05
v 0.0167076061 0.00627261548 -0.0519999999
v 0.0167138431 0.00644681363 -0.05
v 0.0167170475 0.00662112622 -0.0519999999
v 0.0167170475 0.00662112622 -0.05
v 0.0167172191 0.00679543881 -0.0519999999
v 0.016714339 0.0069697514 -0.05
v 0.0167084262 0.00714396863 -0.0519999999
v 0.0167084262 0.00714396863 -0.05
v 0.0166994617 0.00731807141 -0.0519999999
v 0.0166874836 0.00749198346 -0.05
v 0.0166724727 0.00766566663 -0.0519999999
v 0.0166724727 0.00766566663 -0.05
v 0.0166544292 0.00783904462 -0.0519999999
v 0.0166544292 0.00783904462 -0.05
v 0.0166333721 0.00801209836 -0.0519999999
v 0.0166092823 0.00818475156 -0.05
v 0.016582217 0.00835696607 -0.0519999999
v 0.016582217 0.00835696607 -0.05
v 0.0165521381 0.00852866559 -0.0519999999
v 0.0165190647 0.00869983106 -0.05
v 0.0169705722 0.0509116879 -0.0380000001
v 0.0169705722 0.0509116879 0.0219999981
v 0.0184932087 0.038075327 -0.00206649303
v 0.0184692333 0.0380993023 -0.0018248558
v 0.0184482334 0.0381203022 -0.00158266544
v 0.018430228 0.0381383076 -0.00133999348
v 0.0184152172 0.0381533375 -0.00109691143
v 0.0184031818 0.0381653538 -0.000853500366
v 0.0183941791 0.0381743756 -0.000609827042
v 0.0183881519 0.0381803837 -0.000365972519
v 0.0183851574 0.0381833973 -0.000122003555
v 0.0183851574 0.0381833973 0.000122003555
v 0.0183881519 0.0381803837 0.000365972519
v 0.0183941791 0.0381743756 0.000609827042
v 0.0184031818 0.0381653538 0.000853500366
v 0.0184152172 0.0381533375 0.00109691143
v 0.018430228 0.0381383076 0.00133999348
v 0.0184482334 0.0381203022 0.00158266544
v 0.0184692333 0.0380993023 0.0018248558
v 0.0184932087 0.038075327 0.00206649303
v 0.0187438343 0.0378247204 -0.0037362957
v 0.0186575458 0.0379109898 -0.00326380253
v 0.0186187885 0.0379497471 -0.00302603245
v 0.0185829685 0.0379855862 -0.00278734684
v 0.0185829685 0.0379855862 0.00278734684
v 0.0186187885 0.0379497471 0.00302603245
v 0.0186575458 0.0379109898 0.00326380253
v 0.0186992405 0.0378693142 0.00350058079
v 0.0185500858 0.0380184498 -0.00254781246
v 0.0185201595 0.0380483761 -0.00230750561
v 0.0185201595 0.0380483761 0.00230750561
v 0.0185500858 0.0380184498 0.00254781246
v 0.0189510486 0.0376175061 -0.00466709137
v 0.0188949535 0.0376736012 -0.00443634033
v 0.0188417003 0.0377268353 -0.00420424461
v 0.0188417003 0.0377268353 0.00420424461
v 0.0188949535 0.0376736012 0.00443634033
v 0.0189510486 0.0376175061 0.00466709137
v 0.0187913272 0.0377772274 -0.00397087574
v 0.0187913272 0.0377772274 0.00397087574
v 0.0192036006 0.037364935 -0.00557521105
v 0.0191362712 0.0374322644 -0.00535054922
v 0.0190717266 0.0374968091 -0.00512426376
v 0.0190717266 0.0374968091 0.00512426376
v 0.0191362712 0.0374322644 0.00535055161
v 0.0192036006 0.037364935 0.00557520866
v 0.0190099857 0.037558569 -0.00489642143
v 0.0190099857 0.037558569 0.00489642143
v 0.0194220493 0.0371464863 -0.00623876095
v 0.0193465183 0.0372220364 0.00601938248
v 0.0192736957 0.037294859 -0.00579817772
v 0.0192736957 0.037294859 0.00579817772
v 0.0194908855 0.0391989842 -0.00133999348
v 0.0194758747 0.039213995 -0.00109691143
v 0.0194638584 0.0392260113 -0.000853500366
v 0.0194548366 0.0392350331 -0.000609827042
v 0.0194488285 0.0392410412 -0.000365972519
v 0.0194458149 0.0392440548 -0.000122003555
v 0.0194458149 0.0392440548 0.000122003555
v 0.0194488285 0.0392410412 0.000365972519
v 0.0194548366 0.0392350331 0.000609827042
v 0.0194638584 0.0392260113 0.000853500366
v 0.0194758747 0.039213995 0.00109691143
v 0.0194908855 0.0391989842 0.00133999348
v 0.0196647213 0.0369038144 -0.00688525915
v 0.0195811794 0.0369873562 -0.00667176485
v 0.0195811794 0.0369873562 0.00667176723
v 0.0196647213 0.0369038144 0.00688526154
v 0.0195002887 0.037068266 -0.00645624399
v 0.0195002887 0.037068266 0.00645624638
v 0.0197182033 0.0389716473 -0.00326380253
v 0.0197182033 0.0389716473 0.00326380253
v 0.019679446 0.0390104237 -0.00302603245
v 0.019643626 0.0390462437 -0.00278734684
v 0.0196107433 0.0390791073 -0.00254781246
v 0.0195808361 0.0391090336 -0.00230750561
v 0.0195538662 0.0391359845 -0.00206649303
v 0.0195298908 0.0391599598 -0.0018248558
v 0.0195088909 0.0391809597 -0.00158266544
v 0.0195088909 0.0391809597 0.00158266544
v 0.0195298908 0.0391599598 0.0018248558
v 0.0195538662 0.0391359845 0.00206649303
v 0.0195808361 0.0391090336 0.00230750561
v 0.0196107433 0.0390791073 0.00254781246
v 0.019643626 0.0390462437 0.00278734684
v 0.019679446 0.0390104237 0.00302603245
v 0.019930949 0.0366375866 -0.00751293898
v 0.0198396442 0.0367289105 -0.00730591059
v 0.0198396442 0.0367289105 0.00730591297
v 0.019930949 0.0366375866 0.00751293659
v 0.0197508762 0.0368176594 -0.00709666252
v 0.0197508762 0.0368176594 0.00709666252
v 0.019955611 0.0387342587 -0.00443634033
v 0.019955611 0.0387342587 0.00443634033
v 0.0199023578 0.0387875119 -0.00420424461
v 0.0198519847 0.0388378849 -0.00397087574
v 0.019759898 0.0389299717 -0.00350058079
v 0.0198044918 0.0388853779 0.0037362957
v 0.0198519847 0.0388378849 0.00397087574
v 0.0199023578 0.0387875119 0.00420424461
v 0.0202200267 0.036348528 -0.00812008142
v 0.0201211689 0.0364473668 -0.00792008638
v 0.0201211689 0.0364473668 0.007920084
v 0.0202200267 0.036348528 0.00812008381
v 0.0200248096 0.036543726 -0.00771768332
v 0.0200248096 0.036543726 0.0077176857
v 0.0201969287 0.0384929219 -0.00535054922
v 0.0201969287 0.0384929219 0.00535055161
v 0.0201323841 0.0385574666 -0.00512426376
v 0.0200706432 0.0386192265 -0.00489642143
v 0.0200117061 0.0386781636 -0.00466709137
v 0.0200117061 0.0386781636 0.00466709137
v 0.0200706432 0.0386192265 0.00489642143
v 0.0201323841 0.0385574666 0.00512426376
v 0.0204250286 0.0361435071 -0.00851261377
v 0.0203213069 0.0362472287 -0.00831761122
v 0.0203213069 0.0362472287 0.00831760883
v 0.0204250286 0.0361435071 0.00851261139
v 0.0204827068 0.0382071438 -0.00623876095
v 0.0204827068 0.0382071438 0.00623876095
v 0.0204071758 0.0382826939 -0.00601938486
v 0.0203343532 0.0383555165 -0.00579817772
v 0.0202642582 0.0384255925 -0.00557521105
v 0.0202642582 0.0384255925 0.00557520866
v 0.0203343532 0.0383555165 0.00579817772
v 0.0204071758 0.0382826939 0.00601938248
v 0.0207309482 0.0259381047 -0.00156292439
v 0.0206766651 0.0259923687 -0.00136807919
v 0.0207120464 0.0259569874 0.00149842739
v 0.0207309482 0.0259381047 0.00156292439
v 0.0206601856 0.0260088482 -0.00130227089
v 0.0206024692 0.0260665837 -0.00103527546
v 0.0205580661 0.0261109868 -0.000763235092
v 0.0205336139 0.0261354199 -0.000556693077
v 0.0205129955 0.0261560574 -0.000279026031
v 0.0205060909 0.0261629429 -6.9388939e-18
v 0.0205099819 0.026159071 0.000209345818
v 0.0205271862 0.0261418667 0.000487475395
v 0.0205490634 0.0261199894 0.000694594383
v 0.0205901096 0.0260789433 0.00096768856
v 0.0206445262 0.0260245266 0.00123606682
v 0.0206601856 0.0260088482 0.00130227089
v 0.0206395862 0.0359289685 -0.00889480114
v 0.0206395862 0.0359289685 0.00889480114
v 0.0205311344 0.0360374203 -0.00870502949
v 0.0205311344 0.0360374203 0.00870502949
v 0.0207253788 0.0379644719 -0.00688525915
v 0.0207253788 0.0379644719 0.00688526154
v 0.0206418369 0.0380480137 -0.00667176485
v 0.0205609462 0.0381289235 -0.00645624399
v 0.0205609462 0.0381289235 0.00645624638
v 0.0206418369 0.0380480137 0.00667176723
v 0.0209358738 0.0257331601 -0.00211967468
v 0.0209896419 0.0256793919 0.00223677158
v 0.0209100864 0.0257589665 -0.0020601511
v 0.0207923458 0.0258766881 -0.00175348282
v 0.0207506321 0.0259184208 -0.00162694454
v 0.0207710979 0.025897955 0.00169047356
v 0.0208850429 0.02578401 0.00199999809
v 0.0209100864 0.0257589665 0.0020601511
v 0.0209787509 0.0355898037 -0.00944767952
v 0.0208634327 0.035705122 0.00926618099
v 0.020750365 0.0358181897 -0.00908187151
v 0.020750365 0.0358181897 0.00908187389
v 0.0209916256 0.0376982441 -0.00751293898
v 0.0209916256 0.0376982441 0.00751293659
v 0.0209003017 0.037789568 -0.00730591059
v 0.0208115528 0.0378783169 -0.00709666252
v 0.0208115528 0.0378783169 0.00709666252
v 0.0209003017 0.037789568 0.00730591297
v 0.0211998889 0.0254691639 -0.00262423515
v 0.0212326 0.0254364529 0.00267652035
v 0.0211364315 0.0255326214 -0.00251728058
v 0.0210176036 0.0256514302 -0.00229430676
v 0.021105685 0.0255633488 0.00246264458
v 0.0211678264 0.0255012265 0.00257114887
v 0.021216006 0.0353525296 -0.00980201006
v 0.0210962818 0.0354722538 -0.00962630749
v 0.0210962818 0.0354722538 0.00962630749
v 0.021216006 0.0353525296 0.00980200768
v 0.0211818454 0.0375080243 -0.00792008638
v 0.0210854671 0.0376043835 -0.00771768332
v 0.0210854671 0.0376043835 0.0077176857
v 0.0211818454 0.0375080243 0.007920084
v 0.0212370441 0.0409883633 -0.000970935822
v 0.0212266109 0.0409987774 -0.000728459358
v 0.0212266109 0.0409987774 0.000728459358
v 0.0212370441 0.0409883633 0.000970935822
v 0.0212191722 0.0410062352 -0.000485758781
v 0.0212132022 0.0410121861 -6.9388939e-18
v 0.02121469 0.0410106984 0.000242915154
v 0.0212191722 0.0410062352 0.000485758781
v 0.021478915 0.0251901379 -0.00301883698
v 0.0214419315 0.0252271023 -0.002972579
v 0.0214419315 0.0252271023 0.002972579
v 0.021478915 0.0251901379 0.00301883698
v 0.0212999294 0.0253691235 -0.00277863503
v 0.0212659404 0.0254031125 -0.00272799492
v 0.0212659404 0.0254031125 0.00272799492
v 0.0214055393 0.0252635136 0.00292541504
v 0.0214618633 0.0351066723 -0.0101444292
v 0.0213378856 0.0352306691 -0.00997473478
v 0.0213378856 0.0352306691 0.0099747324
v 0.0214618633 0.0351066723 0.0101444292
v 0.0214856861 0.0372041836 -0.00851261377
v 0.0214856861 0.0372041836 0.00851261139
v 0.0213819835 0.0373078862 -0.00831761122
v 0.0212806842 0.0374091855 -0.00812008142
v 0.0212806842 0.0374091855 0.00812008381
v 0.0213819835 0.0373078862 0.00831760883
v 0.0214639995 0.0407613888 -0.00313136578
v 0.0214270351 0.0407983532 -0.00289412975
v 0.0213929889 0.0408323994 -0.00265602589
v 0.021361861 0.0408635273 -0.00241712093
v 0.0213336704 0.040891718 -0.00217748642
v 0.0213084362 0.0409169713 -0.00193719864
v 0.0212861393 0.0409392491 -0.00169632435
v 0.0212667987 0.0409585896 -0.00145494461
v 0.0212504337 0.0409749547 -0.00121312141
v 0.0212504337 0.0409749547 0.00121312141
v 0.0212667987 0.0409585896 0.00145494461
v 0.0212861393 0.0409392491 0.00169632435
v 0.0213084362 0.0409169713 0.00193719864
v 0.0213336704 0.040891718 0.00217748642
v 0.021361861 0.0408635273 0.00241712093
v 0.0213929889 0.0408323994 0.00265602589
v 0.0214270351 0.0407983532 0.00289412975
v 0.0214639995 0.0407613888 0.00313136578
v 0.0217122028 0.0249568501 -0.00327661037
v 0.021672015 0.0249970379 -0.00323606968
v 0.021672015 0.0249970379 0.00323606968
v 0.0217122028 0.0249568501 0.00327661037
v 0.0215164516 0.0251526013 -0.00306417942
v 0.0216323421 0.0250367108 0.00319454193
v 0.0217159984 0.0348525372 -0.0104745245
v 0.02158792 0.0349806347 0.0103110409
v 0.0217002437 0.036989626 -0.00889480114
v 0.0217002437 0.036989626 0.00889480114
v 0.0215917919 0.0370980778 -0.00870502949
v 0.0215917919 0.0370980778 0.00870502949
v 0.0217463634 0.040479044 -0.00453248978
v 0.0217463634 0.040479044 0.00453248978
v 0.0216921566 0.0405332318 -0.00430197239
v 0.0216407917 0.0405845967 -0.00407016277
v 0.0215922878 0.0406331006 -0.00383712292
v 0.0215466449 0.0406787625 -0.00360293388
v 0.0215038822 0.0407215252 -0.00336765289
v 0.0215038822 0.0407215252 0.00336765289
v 0.0215466449 0.0406787625 0.00360293388
v 0.0215922878 0.0406331006 0.00383712292
v 0.0216407917 0.0405845967 0.00407016277
v 0.0216921566 0.0405332318 0.00430197239
v 0.0219203136 0.0247487393 -0.00346410275
v 0.0219632671 0.0247057667 0.00349847794
v 0.0217528865 0.0249161664 -0.00331614971
v 0.0218777797 0.0247912732 0.00342866898
v 0.0219781253 0.0345904294 -0.010791893
v 0.0218460796 0.034722456 -0.0106348228
v 0.0218460796 0.034722456 0.0106348228
v 0.0219781253 0.0345904294 0.010791893
v 0.0219240902 0.0367657795 -0.00926618338
v 0.0218110225 0.0368788472 -0.00908187151
v 0.0218110225 0.0368788472 0.00908187389
v 0.0219240902 0.0367657795 0.00926618099
v 0.0219911907 0.0402342167 -0.00544022083
v 0.0219911907 0.0402342167 0.00544022083
v 0.0219258068 0.0402995816 -0.0052155757
v 0.0218033741 0.0404220143 -0.00476164341
v 0.0218632076 0.0403621998 0.00498936176
v 0.0219258068 0.0402995816 0.00521557808
v 0.0221840999 0.024484953 -0.00365417957
v 0.0222293613 0.0244396725 0.00368201733
v 0.0220066593 0.0246623936 -0.00353178978
v 0.0221391819 0.024529871 0.00362523079
v 0.0222479007 0.0343206349 -0.0110961485
v 0.0221120784 0.0344564763 -0.0109456825
v 0.0221120784 0.0344564763 0.0109456825
v 0.0222479007 0.0343206349 0.0110961485
v 0.0221569393 0.0365329113 -0.00962630749
v 0.0220394084 0.0366504612 -0.00944767952
v 0.0220394084 0.0366504612 0.00944767952
v 0.0221569393 0.0365329113 0.00962630749
v 0.0222037075 0.0400217 -0.0061040616
v 0.0221301601 0.0400952473 -0.00588453293
v 0.0220593021 0.0401660862 -0.00566323042
v 0.0220593021 0.0401660862 0.00566322803
v 0.0221301601 0.0400952473 0.00588453293
v 0.0222037075 0.0400217 0.00610406399
v 0.0224604938 0.0242085591 -0.00380422592
v 0.0224604938 0.0242085591 0.00380422592
v 0.0223671482 0.0243019047 -0.00375876904
v 0.0222749851 0.0243940678 -0.00370873451
v 0.022320914 0.0243481389 0.00373432159
v 0.0224136875 0.0242553654 0.00378207207
v 0.0223855732 0.0341829815 -0.0112432432
v 0.0223855732 0.0341829815 0.0112432432
v 0.0222766635 0.0364131871 -0.00980201006
v 0.0223985431 0.0362913266 0.0099747324
v 0.0224403522 0.0397850361 -0.00675136566
v 0.0223588321 0.0398665753 -0.00653754473
v 0.0222799442 0.0399454632 -0.00632175446
v 0.0222799442 0.0399454632 0.00632175446
v 0.0223588321 0.0398665753 0.00653754711
v 0.0224403522 0.0397850361 0.00675136566
v 0.0226982639 0.023970789 -0.00389748096
v 0.0227464626 0.0239225903 0.00391259193
v 0.0225075672 0.0241614666 -0.00382522106
v 0.0226502559 0.0240187779 0.00388118267
v 0.0226662204 0.0339023152 -0.0115271449
v 0.0226662204 0.0339023152 0.0115271425
v 0.0225250194 0.0340435162 -0.0113869238
v 0.0225250194 0.0340435162 0.0113869238
v 0.0226485775 0.0360412922 -0.0103110433
v 0.0225225208 0.0361673489 -0.0101444292
v 0.0225225208 0.0361673489 0.0101444292
v 0.0226485775 0.0360412922 0.0103110409
v 0.0227004955 0.0395248929 -0.00738037825
v 0.0226112125 0.0396141758 -0.00717284679
v 0.0225244854 0.039700903 -0.00696315527
v 0.0225244854 0.039700903 0.00696315289
v 0.0226112125 0.0396141758 0.00717284679
v 0.0227004955 0.0395248929 0.00738037586
v 0.0229408786 0.0237281743 -0.00396107197
v 0.0229898212 0.0236792317 0.00397018433
v 0.0227948329 0.0238742199 -0.00392651081
v 0.0228920696 0.0237769833 0.00395075321
v 0.022953696 0.0336148396 -0.0117970395
v 0.022953696 0.0336148396 0.0117970371
v 0.0228091381 0.0337594166 -0.0116638637
v 0.0228091381 0.0337594166 0.0116638613
v 0.0229067371 0.0357831135 -0.0106348228
v 0.0227766559 0.0359131947 -0.0104745245
v 0.0227766559 0.0359131947 0.0104745245
v 0.0229067371 0.0357831135 0.0106348228
v 0.0229834507 0.0392419568 -0.00798939466
v 0.0229834507 0.0392419568 0.00798939705
v 0.0228866527 0.0393387547 -0.00778871536
v 0.0227923152 0.0394330731 -0.00758568764
v 0.0227923152 0.0394330731 0.00758568764
v 0.0228866527 0.0393387547 0.00778871536
v 0.0231864879 0.0234825459 -0.00399451733
v 0.023235812 0.0234332409 0.00399756432
v 0.0230388782 0.0236301747 -0.00397808552
v 0.0231372211 0.0235318318 0.0039902544
v 0.0232476566 0.033320879 -0.0120526004
v 0.0230998943 0.0334686413 -0.0119266319
v 0.0230998943 0.0334686413 0.0119266319
v 0.0232476566 0.033320879 0.0120526028
v 0.0230387828 0.0356510869 -0.010791893
v 0.0231727359 0.0355171338 0.0109456825
v 0.0231843517 0.0390410367 -0.0083834815
v 0.02308269 0.0391426983 -0.00818767071
v 0.02308269 0.0391426983 0.00818767071
v 0.0231843517 0.0390410367 0.00838347912
v 0.0234332416 0.0232358113 -0.00399756432
v 0.0234825466 0.0231864872 0.00399451733
v 0.0233345172 0.0233345166 -0.00400000095
v 0.0233838794 0.0232851544 -0.0039993906
v 0.0233838794 0.0232851544 0.0039993906
v 0.0233345172 0.0233345166 0.00400000095
v 0.0233969638 0.0331715718 -0.0121749091
v 0.0233969638 0.0331715718 0.0121749115
v 0.0234462307 0.035243639 -0.0112432432
v 0.0234462307 0.035243639 0.0112432432
v 0.0233085582 0.0353812924 -0.0110961485
v 0.0233085582 0.0353812924 0.0110961485
v 0.0233948085 0.0388305798 -0.00876747131
v 0.0232884166 0.0389369908 -0.00857676744
v 0.0232884166 0.0389369908 0.00857676506
v 0.0233948085 0.0388305798 0.00876747131
v 0.0236792133 0.0229898205 -0.00397018433
v 0.0237281559 0.022940878 0.00396107197
v 0.0235318325 0.0231372204 -0.0039902544
v 0.0236301754 0.0230388775 0.00397808552
v 0.0236999652 0.0328685704 -0.0124083948
v 0.0236999652 0.0328685704 0.0124083948
v 0.0235477397 0.0330207959 -0.01229352
v 0.0235477397 0.0330207959 0.01229352
v 0.0237268779 0.0349629727 -0.0115271449
v 0.0237268779 0.0349629727 0.0115271425
v 0.0235856769 0.0351041928 -0.0113869238
v 0.0235856769 0.0351041928 0.0113869238
v 0.0237278507 0.0384975567 -0.00932351828
v 0.0237278507 0.0384975567 0.00932351589
v 0.0236145732 0.0386108342 -0.00914090157
v 0.0235035465 0.0387218419 -0.00895553589
v 0.0235035465 0.0387218419 0.00895553589
v 0.0236145732 0.0386108342 0.00914090157
v 0.023922591 0.0227464619 -0.00391259193
v 0.0239707897 0.0226982632 0.00389748096
v 0.023776984 0.0228920689 -0.00395075321
v 0.0238742206 0.0227948323 0.00392651081
v 0.0238535831 0.0327149716 -0.0125195003
v 0.0238535831 0.0327149716 0.0125195026
v 0.0238697956 0.0348200741 -0.0116638637
v 0.0238697956 0.0348200741 0.0116638613
v 0.0238433597 0.0383820477 -0.00950332642
v 0.0239610431 0.0382643452 0.00968027115
v 0.0242085598 0.0224604931 -0.00380422592
v 0.0242085598 0.0224604931 0.00380422592
v 0.0240187786 0.0226502743 -0.00388118267
v 0.0241614673 0.0225075665 0.00382522106
v 0.0241647861 0.0324037495 -0.0127302718
v 0.0241647861 0.0324037495 0.0127302742
v 0.0240085361 0.0325599995 -0.0126268053
v 0.0240085361 0.0325599995 0.0126268053
v 0.0240143726 0.0346754971 -0.0117970395
v 0.0241605518 0.0345292988 0.0119266319
v 0.0242028568 0.0380225506 -0.0100253701
v 0.0240808818 0.0381445065 -0.00985430479
v 0.0240808818 0.0381445065 0.00985430717
v 0.0242028568 0.0380225506 0.0100253725
v 0.0242214153 0.0436608448 -0.00265602589
v 0.0241902874 0.0436919537 -0.00241712093
v 0.0241620967 0.0437201443 -0.00217748642
v 0.0241368625 0.0437453976 -0.00193719864
v 0.0241368625 0.0437453976 0.00193719864
v 0.0241620967 0.0437201443 0.00217748642
v 0.0241902874 0.0436919537 0.00241712093
v 0.0242214153 0.0436608448 0.00265602589
v 0.0241145656 0.0437676754 -0.00169632435
v 0.0240952251 0.043787016 -0.00145494461
v 0.02407886 0.043803381 -0.00121312141
v 0.0240654705 0.0438167897 -0.000970935822
v 0.0240550373 0.0438272038 -0.000728459358
v 0.0240475986 0.0438346615 -0.000485758781
v 0.0240416286 0.0438406125 -6.9388939e-18
v 0.0240431163 0.0438391247 0.000242915154
v 0.0240475986 0.0438346615 0.000485758781
v 0.0240550373 0.0438272038 0.000728459358
v 0.0240654705 0.0438167897 0.000970935822
v 0.02407886 0.043803381 0.00121312141
v 0.0240952251 0.043787016 0.00145494461
v 0.0241145656 0.0437676754 0.00169632435
v 0.0244396732 0.0222293606 -0.00368201733
v 0.0244849536 0.0221840992 0.00365417957
v 0.0242553661 0.0224136868 -0.00378207207
v 0.0243481395 0.0223209134 -0.00373432159
v 0.0243940685 0.0222749844 0.00370873451
v 0.0243019054 0.0223671475 0.00375876904
v 0.0244810245 0.0320875302 -0.0129255748
v 0.024322295 0.0322462407 0.0128298712
v 0.0244576213 0.0342322484 -0.0121749091
v 0.0244576213 0.0342322484 0.0121749115
v 0.0243083332 0.0343815365 -0.0120526004
v 0.0243083332 0.0343815365 0.0120526028
v 0.0244529865 0.0377724209 -0.0103583956
v 0.0243268917 0.0378984967 -0.0101934171
v 0.0243268917 0.0378984967 0.0101934195
v 0.0244529865 0.0377724209 0.0103583956
v 0.024469218 0.043413023 -0.00407016277
v 0.0244207141 0.043461546 -0.00383712292
v 0.0244207141 0.043461546 0.00383712292
v 0.024469218 0.043413023 0.00407016277
v 0.0243750713 0.0435071888 -0.00360293388
v 0.0243323085 0.0435499516 -0.00336765289
v 0.0242924259 0.0435898152 -0.00313136578
v 0.0242554615 0.0436267796 -0.00289412975
v 0.0242554615 0.0436267796 0.00289412975
v 0.0242924259 0.0435898152 0.00313136578
v 0.0243323085 0.0435499516 0.00336765289
v 0.0243750713 0.0435071888 0.00360293388
v 0.0247057674 0.0219632664 -0.00349847794
v 0.02474874 0.0219203129 0.00346410275
v 0.0245298717 0.0221391812 -0.00362523079
v 0.0246623943 0.0220066586 0.00353178978
v 0.0246408794 0.0319276562 -0.0130173516
v 0.0246408794 0.0319276562 0.013017354
v 0.0246083972 0.0340814534 -0.01229352
v 0.0246083972 0.0340814534 0.01229352
v 0.0245810649 0.0376443234 -0.0105202532
v 0.024711127 0.0375142613 0.0106789446
v 0.0246916339 0.0431906262 -0.00498936176
v 0.0246916339 0.0431906262 0.00498936176
v 0.0246318004 0.0432504406 -0.00476164341
v 0.0245747898 0.0433074704 -0.00453248978
v 0.0245205829 0.0433616581 -0.00430197239
v 0.0245205829 0.0433616581 0.00430197239
v 0.0245747898 0.0433074704 0.00453248978
v 0.0246318004 0.0432504406 0.00476164341
v 0.0249568508 0.0217122021 -0.00327661037
v 0.0249970386 0.0216720143 -0.00323606968
v 0.0249970386 0.0216720143 0.00323606968
v 0.0249568508 0.0217122021 0.00327661037
v 0.0247912738 0.0218777791 -0.00342866898
v 0.024916167 0.0217528859 0.00331614971
v 0.0249638889 0.0316046467 -0.0131890178
v 0.0249638889 0.0316046467 0.0131890154
v 0.0248018596 0.031766676 -0.0131051755
v 0.0248018596 0.031766676 0.0131051731
v 0.0249142406 0.0337756291 -0.0125195003
v 0.0247606227 0.0339292469 -0.0124083948
v 0.0247606227 0.0339292469 0.0124083948
v 0.0249142406 0.0337756291 0.0125195026
v 0.0249769924 0.037248415 -0.0109866357
v 0.0249769924 0.037248415 0.0109866333
v 0.0248431156 0.0373822728 -0.0108344221
v 0.0248431156 0.0373822728 0.0108344221
v 0.0249585865 0.0429236737 -0.00588453293
v 0.0248877285 0.0429945126 -0.00566323042
v 0.0248877285 0.0429945126 0.00566322803
v 0.0249585865 0.0429236737 0.00588453293
v 0.024819617 0.0430626431 -0.00544022083
v 0.0247542331 0.0431280079 -0.0052155757
v 0.0247542331 0.0431280079 0.00521557808
v 0.024819617 0.0430626431 0.00544022083
v 0.0251901386 0.0214789143 -0.00301883698
v 0.025227103 0.0214419308 -0.002972579
v 0.025227103 0.0214419308 0.002972579
v 0.0251901386 0.0214789143 0.00301883698
v 0.0250367115 0.0216323414 -0.00319454193
v 0.025152602 0.0215164509 0.00306417942
v 0.025126929 0.0314416066 -0.0132688522
v 0.025126929 0.0314416066 0.0132688522
v 0.0252254627 0.033464407 -0.0127302718
v 0.0252254627 0.033464407 0.0127302742
v 0.0250691936 0.033620657 -0.0126268053
v 0.0250691936 0.033620657 0.0126268053
v 0.0251127002 0.0371126881 -0.01113554
v 0.0251127002 0.0371126881 0.01113554
v 0.0251872585 0.0426950016 -0.00653754473
v 0.0251872585 0.0426950016 0.00653754711
v 0.0251083705 0.0427738896 -0.00632175446
v 0.0250321338 0.0428501263 -0.0061040616
v 0.0250321338 0.0428501263 0.00610406399
v 0.0251083705 0.0427738896 0.00632175446
v 0.0254364536 0.0212325993 -0.00267652035
v 0.0254691646 0.0211998883 0.00262423515
v 0.0252635143 0.0214055386 -0.00292541504
v 0.0254031131 0.0212659398 -0.00272799492
v 0.0254031131 0.0212659398 0.00272799492
v 0.0253691242 0.0212999287 0.00277863503
v 0.0254558513 0.0311127034 -0.044
v 0.0254558513 0.0311127034 -0.043
v 0.0254558513 0.0311127034 -0.04
v 0.0254558513 0.0311127034 -0.0134164071
v 0.0254988048 0.0310697308 -0.000694594383
v 0.0254769275 0.0310916081 -0.000487475395
v 0.0254597232 0.0311088315 -0.000209345818
v 0.0254562709 0.0311122647 6.980896e-05
v 0.0254627368 0.0311058178 0.000279026031
v 0.0254833744 0.0310851803 0.000556693077
v 0.0254558513 0.0311127034 0.0134164095
v 0.0254558513 0.0311127034 0.0219999981
v 0.025290942 0.0312776127 -0.0133446574
v 0.025290942 0.0312776127 0.013344655
v 0.0253829715 0.0333068982 -0.0128298736
v 0.0253829715 0.0333068982 0.0128298712
v 0.0252502391 0.0369751683 -0.0112810946
v 0.0253895328 0.0368358746 0.0114232492
v 0.0254396389 0.0424426022 -0.00717284679
v 0.0254396389 0.0424426022 0.00717284679
v 0.0252687786 0.0426134625 -0.00675136566
v 0.0253529308 0.0425293293 0.00696315289
v 0.0256793926 0.0209896603 -0.00223677158
v 0.0257331607 0.0209358731 0.00211967468
v 0.0255012271 0.0211678257 -0.00257114887
v 0.0255633495 0.0211056843 -0.00246264458
v 0.0256514308 0.021017603 0.00229430676
v 0.0255326221 0.0211364308 0.00251728058
v 0.0257421062 0.0308264485 -0.00175348282
v 0.0257208393 0.0308476964 -0.00169047356
v 0.0256618068 0.0309067479 -0.00149842739
v 0.0255942867 0.030974268 -0.00123606682
v 0.0255794284 0.0309891072 0.00116948605
v 0.025609946 0.0309586087 0.00130227089
v 0.0256806896 0.030887846 0.00156292439
v 0.0257421062 0.0308264485 0.00175348282
v 0.0255654094 0.0310031262 -0.00110254765
v 0.02553987 0.0310286847 -0.00096768856
v 0.0255078075 0.0310607281 0.000763235092
v 0.0255522296 0.031016325 0.00103527546
v 0.0257015369 0.0329883137 -0.0130173516
v 0.0257015369 0.0329883137 0.013017354
v 0.025541682 0.0331481877 -0.0129255748
v 0.025541682 0.0331481877 0.0129255772
v 0.0255305431 0.0366948452 -0.0115619683
v 0.0256732318 0.0365521565 0.0116972065
v 0.0257150791 0.0421671811 -0.00778871536
v 0.0257150791 0.0421671811 0.00778871536
v 0.0256207416 0.0422614995 -0.00758568764
v 0.0255289409 0.0423533192 -0.00738037825
v 0.0255289409 0.0423533192 0.00738037586
v 0.0256207416 0.0422614995 0.00758568764
v 0.0259381053 0.0207309475 -0.00156292439
v 0.0259569881 0.0207120457 -0.00149842739
v 0.0259923694 0.0206766644 0.00136807919
v 0.0259381053 0.0207309475 0.00156292439
v 0.0257589672 0.0209100857 -0.0020601511
v 0.0257840107 0.0208850422 -0.00199999809
v 0.0258979557 0.0207710972 -0.00169047356
v 0.0259184215 0.0207506314 0.00162694454
v 0.0258766887 0.0207923451 0.00175348282
v 0.0257589672 0.0209100857 0.0020601511
v 0.0259960315 0.0305725232 -0.00235114098
v 0.0259394023 0.0306291523 -0.00223677158
v 0.0258347843 0.0307337704 -0.00199999809
v 0.0258347843 0.0307337704 0.00199999809
v 0.0258598278 0.0307087079 0.0020601511
v 0.0259673641 0.0306011906 0.00229430676
v 0.0258104656 0.03075807 -0.0019392395
v 0.025764117 0.0308044186 0.00181596279
v 0.0258625171 0.0328273335 -0.0131051755
v 0.0258625171 0.0328273335 0.0131051731
v 0.02581758 0.0364078274 -0.0118289185
v 0.0259635112 0.0362618962 0.0119570732
v 0.0259111164 0.0419711247 -0.00818767071
v 0.0259111164 0.0419711247 0.00818767071
v 0.025811877 0.0420703831 -0.00798939466
v 0.025811877 0.0420703831 0.00798939705
v 0.0260088489 0.0206601849 -0.00130227089
v 0.0260245273 0.0206445256 -0.00123606682
v 0.026078944 0.0205901089 -0.00096768856
v 0.0261199901 0.0205490628 -0.000694594383
v 0.0261418674 0.0205271855 -0.000487475395
v 0.0261590717 0.0205099812 -0.000209345818
v 0.026162524 0.0205065289 6.980896e-05
v 0.0261560581 0.0205129948 0.000279026031
v 0.0261354206 0.0205336133 0.000556693077
v 0.0261109874 0.0205580655 0.000763235092
v 0.0260665653 0.0206024685 0.00103527546
v 0.0260088489 0.0206601849 0.00130227089
v 0.0262496707 0.0303188649 -0.00277863503
v 0.0262156818 0.0303528538 -0.00272799492
v 0.0260861728 0.0304823628 0.00251728058
v 0.0262496707 0.0303188649 0.00277863503
v 0.0260554454 0.0305131093 -0.00246264458
v 0.0260253856 0.03054315 0.00240725994
v 0.0261629436 0.0318197957 -0.047
v 0.0261629436 0.0318197957 -0.043
v 0.0261875866 0.0325022641 -0.0132688522
v 0.0260245464 0.0326653042 -0.0131890178
v 0.0260245464 0.0326653042 0.0131890154
v 0.0261875866 0.0325022641 0.0132688522
v 0.0261109874 0.03611442 -0.0120816231
v 0.0261109874 0.03611442 0.0120816231
v 0.0262232349 0.0416590062 -0.00876747131
v 0.0262232349 0.0416590062 0.00876747131
v 0.026116843 0.0417654171 -0.00857676744
v 0.026012778 0.041869463 -0.0083834815
v 0.026012778 0.041869463 0.00838347912
v 0.026116843 0.0417654171 0.00857676506
v 0.026466193 0.0301023427 -0.00306417942
v 0.0263916919 0.0301768628 -0.002972579
v 0.0263194797 0.0302490559 0.00287735939
v 0.0264286563 0.0301398793 0.00301883698
v 0.0262842701 0.0302842656 -0.00282842636
v 0.0262842701 0.0302842656 0.00282842636
v 0.0263515995 0.0323382702 -0.0133446574
v 0.0263515995 0.0323382702 0.013344655
v 0.026410403 0.0358149853 -0.0123197794
v 0.0262599704 0.035965437 -0.0122025394
v 0.0262599704 0.035965437 0.0122025394
v 0.026410403 0.0358149853 0.0123197794
v 0.0264429996 0.0414392605 -0.00914090157
v 0.0264429996 0.0414392605 0.00914090157
v 0.0263319728 0.0415502873 -0.00895553589
v 0.0263319728 0.0415502873 0.00895553589
v 0.0267438076 0.0298247471 -0.00335468292
v 0.0266217563 0.0299467793 -0.00323606968
v 0.0265820835 0.0299864521 0.00319454193
v 0.0266619442 0.0299065915 0.00327661037
v 0.0265429256 0.0300256291 -0.00315204144
v 0.0265042827 0.0300642529 0.0031085825
v 0.0265165088 0.0321733609 -0.04
v 0.0265165088 0.0321733609 -0.0134164071
v 0.0265165088 0.0321733609 0.0134164095
v 0.0265165088 0.0321733609 0.0219999981
v 0.0267155025 0.0355098858 -0.0125430989
v 0.0265622661 0.0356631222 -0.0124333119
v 0.0265622661 0.0356631222 0.0124333096
v 0.0267155025 0.0355098858 0.0125431013
v 0.0266717861 0.0412104741 -0.00950332642
v 0.0266717861 0.0412104741 0.00950332642
v 0.026556277 0.0413259831 -0.00932351828
v 0.026556277 0.0413259831 0.00932351589
v 0.0269564006 0.029612135 -0.00353178978
v 0.0269130275 0.0296555272 -0.00349847794
v 0.0268275211 0.0297410145 0.00342866898
v 0.0269564006 0.029612135 0.00353178978
v 0.0267854259 0.0297831097 -0.00339219093
v 0.0267854259 0.0297831097 0.00339219093
v 0.026870055 0.032526907 -0.0519999999
v 0.026870055 0.032526907 -0.05
v 0.026870055 0.0353553334 -0.0380000001
v 0.026870055 0.0353553334 -0.0126491117
v 0.026870055 0.0353553334 0.0126491117
v 0.026870055 0.0353553334 0.0219999981
v 0.0269093082 0.0409729329 -0.00985430479
v 0.0269093082 0.0409729329 0.00985430717
v 0.0267894695 0.0410927716 -0.00968027353
v 0.0267894695 0.0410927716 0.00968027115
v 0.0272068164 0.00491790204 -0.0519999999
v 0.0272068164 0.00491790204 -0.05
v 0.0271487758 0.00519103436 -0.0519999999
v 0.0271487758 0.00519103436 -0.05
v 0.0271002719 0.00546603589 -0.0519999999
v 0.0271002719 0.00546603589 -0.05
v 0.0270614193 0.00574256329 -0.0519999999
v 0.0270614193 0.00574256329 -0.05
v 0.0270456073 0.00588128476 -0.0519999999
v 0.0270456073 0.00588128476 -0.05
v 0.0270212696 0.00615947156 -0.0519999999
v 0.0270212696 0.00615947156 -0.05
v 0.0270066593 0.00643832593 -0.0519999999
v 0.0270066593 0.00643832593 -0.05
v 0.0270017765 0.00671752362 -0.0519999999
v 0.0270017765 0.00671752362 -0.05
v 0.0270066593 0.00699670224 -0.0519999999
v 0.0270066593 0.00699670224 -0.05
v 0.0270127437 0.00713620572 -0.0519999999
v 0.0270127437 0.00713620572 -0.05
v 0.0270322368 0.00741475491 -0.0519999999
v 0.0270322368 0.00741475491 -0.05
v 0.0270614193 0.00769246488 -0.0519999999
v 0.0270614193 0.00769246488 -0.05
v 0.0271002719 0.00796899228 -0.0519999999
v 0.0271002719 0.00796899228 -0.05
v 0.0271487758 0.00824399381 -0.0519999999
v 0.0271487758 0.00824399381 -0.05
v 0.027176604 0.00838080792 -0.0519999999
v 0.027176604 0.00838080792 -0.05
v 0.027239413 0.00865289121 -0.0519999999
v 0.027239413 0.00865289121 -0.05
v 0.0272247264 0.0293438092 -0.00370873451
v 0.0270889232 0.0294796124 0.00362523079
v 0.0270443676 0.0295241681 -0.00359517574
v 0.0270001934 0.0295683423 0.00356402397
v 0.027155318 0.040726923 -0.0101934171
v 0.027155318 0.040726923 0.0101934195
v 0.0270312831 0.040850977 -0.0100253701
v 0.0270312831 0.040850977 0.0100253725
v 0.0274842403 0.00398135571 -0.0519999999
v 0.0274842403 0.00398135571 -0.05
v 0.0273933361 0.00424537091 -0.0519999999
v 0.0273933361 0.00424537091 -0.05
v 0.0273513553 0.00437854199 -0.0519999999
v 0.0273513553 0.00437854199 -0.05
v 0.0272743747 0.00464696317 -0.0519999999
v 0.0272743747 0.00464696317 -0.05
v 0.0273117015 0.00892260938 -0.0519999999
v 0.0273117015 0.00892260938 -0.05
v 0.0273933361 0.00918965726 -0.0519999999
v 0.0273933361 0.00918965726 -0.05
v 0.0274842403 0.00945367246 -0.0519999999
v 0.0274842403 0.00945367246 -0.05
v 0.0274573276 0.0291112271 -0.00382522106
v 0.0273634288 0.0292051259 0.00378207207
v 0.0273168895 0.0292516461 -0.00375876904
v 0.0272706554 0.0292978802 -0.00373432159
v 0.0272706554 0.0292978802 0.00373432159
v 0.0273168895 0.0292516461 0.00375876904
v 0.0274094913 0.0404727498 -0.0105202532
v 0.0274094913 0.0404727498 0.0105202532
v 0.0272814128 0.0406008473 -0.0103583956
v 0.0272814128 0.0406008473 0.0103583956
v 0.0276934192 0.003463625 -0.0519999999
v 0.0276934192 0.003463625 -0.05
v 0.0275843189 0.0037206593 -0.0519999999
v 0.0275843189 0.0037206593 -0.05
v 0.0275331447 0.00385056882 -0.0519999999
v 0.0275331447 0.00385056882 -0.05
v 0.0275843189 0.00971436887 -0.0519999999
v 0.0275843189 0.00971436887 -0.05
v 0.0276934192 0.00997140317 -0.0519999999
v 0.0276934192 0.00997140317 -0.05
v 0.0277445743 0.0288239613 -0.00392651081
v 0.0276000164 0.0289685383 0.00388118267
v 0.0275522182 0.0290163174 -0.00386370182
v 0.0275046489 0.0290638867 0.00384504795
v 0.0276715419 0.0402106991 -0.0108344221
v 0.0276715419 0.0402106991 0.0108344221
v 0.0275395534 0.0403426877 -0.0106789446
v 0.0275395534 0.0403426877 0.0106789446
v 0.0279382083 0.00296174435 -0.0519999999
v 0.0279382083 0.00296174435 -0.05
v 0.0278114269 0.00321053891 -0.0519999999
v 0.0278114269 0.00321053891 -0.05
v 0.0277513263 0.00333657651 -0.0519999999
v 0.0277513263 0.00333657651 -0.05
v 0.0278114269 0.0102244893 -0.0519999999
v 0.0278114269 0.0102244893 -0.05
v 0.0279382083 0.0104732838 -0.0519999999
v 0.0279382083 0.0104732838 -0.05
v 0.0279886196 0.028579916 -0.00397808552
v 0.0278418109 0.0287267437 0.00395075321
v 0.0277931163 0.0287754193 -0.00393923283
v 0.0277931163 0.0287754193 0.00393923283
v 0.0279411457 0.0399411145 -0.01113554
v 0.0279411457 0.0399411145 0.01113554
v 0.0278054187 0.0400768414 -0.0109866357
v 0.0278054187 0.0400768414 0.0109866333
v 0.028217406 0.00247815518 -0.0519999999
v 0.028217406 0.00247815518 -0.05
v 0.028073592 0.00271750836 -0.0519999999
v 0.028073592 0.00271750836 -0.05
v 0.028004832 0.00283904462 -0.0519999999
v 0.028004832 0.00283904462 -0.05
v 0.0282403133 0.00490579038 -0.047
v 0.0282403133 0.00490579038 -0.044
v 0.0281812046 0.00514285474 -0.047
v 0.0282097194 0.00502406506 -0.044
v 0.0281303928 0.00538184552 -0.047
v 0.0281547496 0.00526214032 -0.044
v 0.0280699108 0.00574330716 -0.047
v 0.028108134 0.00550197034 -0.044
v 0.0280401371 0.00598580747 -0.047
v 0.0280539653 0.0058644238 -0.044
v 0.028018832 0.0062292233 -0.047
v 0.0280284259 0.00610742001 -0.044
v 0.0280060527 0.00647321133 -0.047
v 0.0280113742 0.0063511601 -0.044
v 0.0280017803 0.00671752362 -0.047
v 0.0280028484 0.00659533887 -0.044
v 0.0280060527 0.00696181683 -0.047
v 0.0280028484 0.0068396893 -0.044
v 0.028018832 0.00720580487 -0.047
v 0.0280113742 0.00708386807 -0.044
v 0.0280401371 0.0074492207 -0.047
v 0.0280284259 0.00732760816 -0.044
v 0.0280699108 0.00769172101 -0.047
v 0.0280539653 0.00757060437 -0.044
v 0.028108134 0.00793305783 -0.047
v 0.0280879734 0.00781255154 -0.044
v 0.0281547496 0.00817288785 -0.047
v 0.0281303928 0.00805318265 -0.044
v 0.0282097194 0.0084109631 -0.047
v 0.0281812046 0.00829217343 -0.044
v 0.0282403133 0.00852925687 -0.047
v 0.0282403133 0.00852925687 -0.044
v 0.028073592 0.0107175198 -0.0519999999
v 0.028073592 0.0107175198 -0.05
v 0.028217406 0.010956873 -0.0519999999
v 0.028217406 0.010956873 -0.05
v 0.0282349155 0.0283336392 -0.0039993906
v 0.0280869625 0.0284815732 0.0039902544
v 0.0280377529 0.0285307827 -0.00398478031
v 0.0280377529 0.0285307827 0.00398478031
v 0.0282179592 0.039664301 -0.0114232516
v 0.0282179592 0.039664301 0.0114232492
v 0.0280786655 0.0398035946 -0.0112810946
v 0.0280786655 0.0398035946 0.0112810946
v 0.0283694789 0.00224397092 -0.0519999999
v 0.0283694789 0.00224397092 -0.05
v 0.0282924221 0.00236039548 -0.0519999999
v 0.0282924221 0.00236039548 -0.05
v 0.0284667156 0.00420894055 -0.047
v 0.0284667156 0.00420894055 -0.044
v 0.0283831546 0.00443852811 -0.047
v 0.0284239337 0.00432338147 -0.044
v 0.0283076618 0.00467091946 -0.047
v 0.0283443973 0.00455439954 -0.044
v 0.028272948 0.00478804974 -0.047
v 0.028272948 0.00478804974 -0.044
v 0.028272948 0.00864697842 -0.047
v 0.028272948 0.00864697842 -0.044
v 0.0283831546 0.00899650006 -0.047
v 0.0283076618 0.0087641087 -0.044
v 0.0284667156 0.00922608762 -0.047
v 0.0284239337 0.0091116467 -0.044
v 0.0283694789 0.0111910573 -0.0519999999
v 0.0283694789 0.0111910573 -0.05
v 0.0284485767 0.0113061276 -0.0519999999
v 0.0284485767 0.0113061276 -0.05
v 0.0284815738 0.0280869618 -0.0039902544
v 0.0283336399 0.0282349148 0.0039993906
v 0.0282842777 0.028284277 -0.00400000095
v 0.0282842777 0.028284277 0.00400000095
v 0.0283589695 0.0395232716 -0.0115619683
v 0.0283589695 0.0395232716 0.0115619659
v 0.028612704 0.0019029942 -0.0519999999
v 0.028612704 0.0019029942 -0.05
v 0.0285296581 0.00201524167 -0.0519999999
v 0.0285296581 0.00201524167 -0.05
v 0.0287102268 0.00364892392 -0.047
v 0.0287102268 0.00364892392 -0.044
v 0.0285582492 0.00398240476 -0.047
v 0.0286576221 0.00375918774 -0.044
v 0.0285115001 0.00409526257 -0.047
v 0.0285115001 0.00409526257 -0.044
v 0.0285582492 0.00945262341 -0.047
v 0.0285115001 0.0093397656 -0.044
v 0.0286576221 0.00967584042 -0.047
v 0.0286069629 0.00956468015 -0.044
v 0.0287102268 0.00978610425 -0.047
v 0.0287102268 0.00978610425 -0.044
v 0.0285296581 0.0114198056 -0.0519999999
v 0.0285296581 0.0114198056 -0.05
v 0.0286976955 0.0116428128 -0.0519999999
v 0.0286976955 0.0116428128 -0.05
v 0.0287267253 0.0278418103 -0.00395075321
v 0.0285799167 0.0279886189 0.00397808552
v 0.0285307834 0.0280377522 -0.00398478031
v 0.0285307834 0.0280377522 0.00398478031
v 0.0286460064 0.0392362538 -0.0118289185
v 0.0286460064 0.0392362538 0.0118289185
v 0.0285016582 0.0393805829 -0.0116972041
v 0.0285016582 0.0393805829 0.0116972065
v 0.028964114 0.00146903424 -0.0519999999
v 0.028964114 0.00146903424 -0.05
v 0.0287846134 0.00168294339 -0.0519999999
v 0.0287846134 0.00168294339 -0.05
v 0.0289396045 0.00321751981 -0.047
v 0.0289396045 0.00321751981 -0.044
v 0.0288211582 0.00343121915 -0.047
v 0.0288794467 0.00332385449 -0.044
v 0.0287647388 0.00353957562 -0.047
v 0.0287647388 0.00353957562 -0.044
v 0.0287647388 0.00989545255 -0.047
v 0.0287647388 0.00989545255 -0.044
v 0.0289396045 0.0102175084 -0.047
v 0.0288211582 0.010003809 -0.044
v 0.028964114 0.0119659939 -0.0519999999
v 0.028964114 0.0119659939 -0.05
v 0.028968539 0.0276000157 -0.00388118267
v 0.028823962 0.0277445736 0.00392651081
v 0.02877542 0.0277931157 -0.00393923283
v 0.02877542 0.0277931157 0.00393923283
v 0.0289394138 0.0389428463 -0.0120816231
v 0.0289394138 0.0389428463 0.0120816231
v 0.0287919376 0.0390903225 -0.0119570708
v 0.0287919376 0.0390903225 0.0119570732
v 0.0292470691 0.00116025357 -0.0519999999
v 0.0292470691 0.00116025357 -0.05
v 0.0290566204 0.00136447339 -0.0519999999
v 0.0290566204 0.00136447339 -0.05
v 0.0291310833 0.00290503888 -0.047
v 0.0291985271 0.00280316739 -0.044
v 0.0290016124 0.00311225324 -0.047
v 0.0290654514 0.00300807385 -0.044
v 0.0290654514 0.0104269543 -0.047
v 0.0290016124 0.0103227749 -0.044
v 0.0291985271 0.0106318608 -0.047
v 0.0291310833 0.0105299893 -0.044
v 0.0291509578 0.0121734944 -0.0519999999
v 0.0291509578 0.0121734944 -0.05
v 0.0292470691 0.0122747746 -0.0519999999
v 0.0292470691 0.0122747746 -0.05
v 0.0292051265 0.0273634282 -0.00378207207
v 0.0291112278 0.0274573269 0.00382522106
v 0.0290638874 0.0275046483 -0.00384504795
v 0.0290163181 0.0275522175 0.00386370182
v 0.0292388294 0.0386434117 -0.0123197794
v 0.0292388294 0.0386434117 0.0123197794
v 0.0290883968 0.0387938633 -0.0122025394
v 0.0290883968 0.0387938633 0.0122025394
v 0.0294445179 0.000962804841 -0.0519999999
v 0.0294445179 0.000962804841 -0.05
v 0.0293449352 0.00106065183 -0.0519999999
v 0.0293449352 0.00106065183 -0.05
v 0.0294857166 0.00240788846 -0.047
v 0.0294857166 0.00240788846 -0.044
v 0.0292677257 0.00270247846 -0.047
v 0.02941133 0.00250480084 -0.044
v 0.0292677257 0.0107325497 -0.047
v 0.0292677257 0.0107325497 -0.044
v 0.02941133 0.0109302273 -0.047
v 0.02933866 0.0108320179 -0.044
v 0.0294857166 0.0110271397 -0.047
v 0.0294857166 0.0110271397 -0.044
v 0.0294445179 0.0124722233 -0.0519999999
v 0.0294445179 0.0124722233 -0.05
v 0.0294796131 0.0270889225 -0.00362523079
v 0.0293438098 0.0272247258 0.00370873451
v 0.0292516468 0.0273168889 -0.00375876904
v 0.0292978809 0.0272706547 -0.00373432159
v 0.0292978809 0.0272706547 0.00373432159
v 0.0292516468 0.0273168889 0.00375876904
v 0.0293906925 0.0384915486 -0.0124333119
v 0.0293906925 0.0384915486 0.0124333096
v 0.0295457981 0.000866693543 -0.0519999999
v 0.0295457981 0.000866693543 -0.05
v 0.029639468 0.00221799283 -0.047
v 0.0297188137 0.00212510495 -0.044
v 0.0295617626 0.00231227307 -0.047
v 0.0295617626 0.00231227307 -0.044
v 0.029639468 0.0112170353 -0.047
v 0.0295617626 0.0111227551 -0.044
v 0.0297188137 0.0113099232 -0.047
v 0.0297188137 0.0113099232 -0.044
v 0.0296487377 0.0126626721 -0.0519999999
v 0.0296487377 0.0126626721 -0.05
v 0.0296121357 0.0269564 -0.00353178978
v 0.0297410152 0.0268275204 -0.00342866898
v 0.0296555278 0.0269130269 0.00349847794
v 0.0296121357 0.0269564 0.00353178978
v 0.0295683429 0.0270001927 -0.00356402397
v 0.0295241687 0.0270443669 0.00359517574
v 0.0296984813 0.0381837597 -0.0380000001
v 0.0296984813 0.0381837597 -0.0126491117
v 0.0296984813 0.0381837597 0.0126491117
v 0.0296984813 0.0381837597 0.0219999981
v 0.0295439289 0.0383383122 -0.0125430989
v 0.0295439289 0.0383383122 0.0125431013
v 0.0297533176 0.000679830598 -0.0519999999
v 0.0297533176 0.000679830598 -0.05
v 0.0298823116 0.00194352536 -0.047
v 0.0299664066 0.00185490994 -0.044
v 0.0297997806 0.00203360944 -0.047
v 0.0297997806 0.00203360944 -0.044
v 0.0298823116 0.0114915028 -0.047
v 0.0297997806 0.0114014378 -0.044
v 0.0299664066 0.0115801182 -0.047
v 0.0299664066 0.0115801182 -0.044
v 0.0299672267 0.0129346791 -0.0519999999
v 0.0299672267 0.0129346791 -0.05
v 0.0299065921 0.0266619435 -0.00327661037
v 0.0299864528 0.0265820828 -0.00319454193
v 0.02994678 0.0266217556 0.00323606968
v 0.0298247478 0.0267438069 0.00335468292
v 0.0297831104 0.0267854252 -0.00339219093
v 0.0297831104 0.0267854252 0.00339219093
v 0.0300764988 0.000413431214 -0.0519999999
v 0.0300764988 0.000413431214 -0.05
v 0.0301391742 0.0016821423 -0.047
v 0.0302277896 0.0015980473 -0.044
v 0.0300520465 0.00176776318 -0.047
v 0.0300520465 0.00176776318 -0.044
v 0.0300520465 0.011667265 -0.047
v 0.0300520465 0.011667265 -0.044
v 0.0302277896 0.0118369809 -0.047
v 0.0301391742 0.0117528859 -0.044
v 0.0301872585 0.0131066075 -0.0519999999
v 0.0301872585 0.0131066075 -0.05
v 0.0301398799 0.0264286557 -0.00301883698
v 0.0302490566 0.026319479 -0.00287735939
v 0.0301768634 0.0263916913 0.002972579
v 0.0301023433 0.0264661923 0.00306417942
v 0.0300642536 0.026504282 -0.0031085825
v 0.0300256298 0.0265429249 0.00315204144
v 0.030299506 0.000245374726 -0.0519999999
v 0.030299506 0.000245374726 -0.05
v 0.0304093692 0.00143454938 -0.047
v 0.0304093692 0.00143454938 -0.044
v 0.0303178737 0.00151549725 -0.047
v 0.0303178737 0.00151549725 -0.044
v 0.0303178737 0.0119195309 -0.047
v 0.0303178737 0.0119195309 -0.044
v 0.0304093692 0.0120004788 -0.047
v 0.0304093692 0.0120004788 -0.044
v 0.030299506 0.0131896534 -0.0519999999
v 0.030299506 0.0131896534 -0.05
v 0.0304131649 0.0132707348 -0.0519999999
v 0.0304131649 0.0132707348 -0.05
v 0.0303188655 0.0262496701 -0.00277863503
v 0.0304823635 0.0260861722 -0.00251728058
v 0.0303528545 0.0262156811 0.00272799492
v 0.0303188655 0.0262496701 0.00277863503
v 0.0302842662 0.0262842694 -0.00282842636
v 0.0302842662 0.0262842694 0.00282842636
v 0.0305282352 8.52146614e-05 -0.0519999999
v 0.0305282352 8.52146614e-05 -0.05
v 0.0306921527 0.00120143323 -0.047
v 0.0306921527 0.00120143323 -0.044
v 0.0305022762 0.00135520368 -0.047
v 0.0305965374 0.00127749829 -0.044
v 0.0306921527 0.0122335949 -0.047
v 0.0305022762 0.0120798245 -0.044
v 0.0306446788 0.0134268704 -0.0519999999
v 0.0306446788 0.0134268704 -0.05
v 0.0306011913 0.0259673634 -0.00229430676
v 0.0307087085 0.0258598271 -0.0020601511
v 0.030733752 0.0258347836 -0.00199999809
v 0.030733752 0.0258347836 0.00199999809
v 0.030629153 0.0259394017 0.00223677158
v 0.0305725238 0.0259960309 0.00235114098
v 0.0305431507 0.0260253849 -0.00240725994
v 0.0305131099 0.0260554448 0.00246264458
v 0.0307624385 -6.68773186e-05 -0.0519999999
v 0.0307624385 -6.68773186e-05 -0.05
v 0.0309867427 0.000983442353 -0.047
v 0.0309867427 0.000983442353 -0.044
v 0.0307890842 0.00112706571 -0.047
v 0.0308872936 0.00105439572 -0.044
v 0.0309867427 0.0124515858 -0.047
v 0.0307890842 0.0123079625 -0.044
v 0.0308814762 0.0135748616 -0.0519999999
v 0.0308814762 0.0135748616 -0.05
v 0.0308264492 0.0257421055 -0.00175348282
v 0.0308878467 0.0256806889 -0.00156292439
v 0.0309586093 0.0256099453 -0.00130227089
v 0.0309891079 0.0255794278 -0.00116948605
v 0.0309742687 0.025594286 0.00123606682
v 0.0309067485 0.0256618062 0.00149842739
v 0.030847697 0.0257208386 0.00169047356
v 0.0308264492 0.0257421055 0.00175348282
v 0.0308044193 0.0257641163 -0.00181596279
v 0.0307580707 0.0258104649 0.0019392395
v 0.0311233089 -0.000279451324 -0.0519999999
v 0.0311233089 -0.000279451324 -0.05
v 0.0310017917 -0.000210691405 -0.0519999999
v 0.0310017917 -0.000210691405 -0.05
v 0.0310874317 0.000914243745 -0.047
v 0.0311893032 0.00084681897 -0.044
v 0.0311893032 0.0125882092 -0.047
v 0.0310874317 0.0125207844 -0.044
v 0.0311233089 0.0137144795 -0.0519999999
v 0.0311233089 0.0137144795 -0.05
v 0.0312460086 0.0137811032 -0.0519999999
v 0.0312460086 0.0137811032 -0.05
v 0.031112704 0.0254558506 -0.044
v 0.031112704 0.0254558506 -0.043
v 0.031112704 0.0254558506 -0.04
v 0.031112704 0.0254558506 -0.0134164071
v 0.031085181 0.0254833737 -0.000556693077
v 0.0311057994 0.0254627362 -0.000279026031
v 0.031112704 0.0254558506 -6.9388939e-18
v 0.0311088131 0.0254597226 0.000209345818
v 0.0310916088 0.0254769269 0.000487475395
v 0.0310697315 0.0254988232 0.000694594383
v 0.031112704 0.0254558506 0.0134164095
v 0.031112704 0.0254558506 0.0219999981
v 0.0310163257 0.025552229 -0.00103527546
v 0.0310607288 0.0255078068 -0.000763235092
v 0.0310286853 0.0255398694 0.00096768856
v 0.0310031269 0.0255654088 0.00110254765
v 0.0313698528 -0.000410543395 -0.0519999999
v 0.0313698528 -0.000410543395 -0.05
v 0.0313965175 0.000717348145 -0.047
v 0.0313965175 0.000717348145 -0.044
v 0.0312923572 0.000781187104 -0.047
v 0.0312923572 0.000781187104 -0.044
v 0.0313965175 0.01271768 -0.047
v 0.0312923572 0.0126538601 -0.044
v 0.0314948223 0.0139078656 -0.0519999999
v 0.0314948223 0.0139078656 -0.05
v 0.0314416072 0.0251269284 -0.0132688522
v 0.0314416072 0.0251269284 0.0132688522
v 0.0312776134 0.0252909413 -0.0133446574
v 0.0312776134 0.0252909413 0.013344655
v 0.0316208408 -0.00053295703 -0.0519999999
v 0.0316208408 -0.00053295703 -0.05
v 0.0315017841 0.000655340241 -0.047
v 0.0317154834 0.000536874818 -0.044
v 0.0317154834 0.0128981534 -0.047
v 0.0315017841 0.0127796879 -0.044
v 0.0316208408 0.0139679852 -0.0519999999
v 0.0316208408 0.0139679852 -0.05
v 0.0317478893 0.0140258732 -0.0519999999
v 0.0317478893 0.0140258732 -0.05
v 0.0316046474 0.0249638882 -0.0131890178
v 0.0316046474 0.0249638882 0.0131890154
v 0.0318759296 -0.000646520568 -0.0519999999
v 0.0318759296 -0.000646520568 -0.05
v 0.031823859 0.000480474519 -0.047
v 0.0319331882 0.000425962495 -0.044
v 0.031823859 0.0129545537 -0.047
v 0.031823859 0.0129545537 -0.044
v 0.0319331882 0.0130090657 -0.047
v 0.0319331882 0.0130090657 -0.044
v 0.0318759296 0.0140815487 -0.0519999999
v 0.0318759296 0.0140815487 -0.05
v 0.0319276569 0.0246408787 -0.0130173516
v 0.0319276569 0.0246408787 0.013017354
v 0.0317666767 0.0248018589 -0.0131051755
v 0.0317666767 0.0248018589 0.0131051731
v 0.0318197963 0.0261629429 -0.047
v 0.0318197963 0.0261629429 -0.043
v 0.0321348331 -0.000751119567 -0.0519999999
v 0.0321348331 -0.000751119567 -0.05
v 0.0320049236 -0.000699964477 -0.0519999999
v 0.0320049236 -0.000699964477 -0.05
v 0.032043452 0.000373357819 -0.047
v 0.0321546314 0.00032269864 -0.044
v 0.0321546314 0.0131123295 -0.047
v 0.032043452 0.0130616703 -0.044
v 0.0321348331 0.0141861668 -0.0519999999
v 0.0321348331 0.0141861668 -0.05
v 0.0322462413 0.0243223134 -0.0128298736
v 0.0320875309 0.0244810238 0.0129255772
v 0.0321733615 0.0265165081 -0.04
v 0.0321733615 0.0265165081 -0.0134164071
v 0.0321733615 0.0265165081 0.0134164095
v 0.0321733615 0.0265165081 0.0219999981
v 0.03226562 -0.000800023986 -0.0519999999
v 0.03226562 -0.000800023986 -0.05
v 0.0323795459 0.000227235841 -0.047
v 0.0324932048 0.000182451295 -0.044
v 0.032266669 0.000273984956 -0.047
v 0.032266669 0.000273984956 -0.044
v 0.0323795459 0.0132077923 -0.047
v 0.032266669 0.0131610432 -0.044
v 0.0324932048 0.0132525769 -0.047
v 0.0324932048 0.0132525769 -0.044
v 0.03226562 0.0142350522 -0.0519999999
v 0.03226562 0.0142350522 -0.05
v 0.0323972461 0.0142816678 -0.0519999999
v 0.0323972461 0.0142816678 -0.05
v 0.0324037502 0.0241647854 -0.0127302718
v 0.0324037502 0.0241647854 0.0127302742
v 0.0323382709 0.0263515988 -0.0133446574
v 0.0323382709 0.0263515988 0.013344655
v 0.0325296543 -0.000890928222 -0.0519999999
v 0.0325296543 -0.000890928222 -0.05
v 0.0326076458 0.000139669465 -0.047
v 0.0327228115 9.88903511e-05 -0.044
v 0.0327228115 0.0133361378 -0.047
v 0.0326076458 0.0132953587 -0.044
v 0.0326628063 0.0143679562 -0.0519999999
v 0.0326628063 0.0143679562 -0.05
v 0.0327149723 0.0238535824 -0.0125195003
v 0.0327149723 0.0238535824 0.0125195026
v 0.0325600002 0.0240085354 -0.0126268053
v 0.0325600002 0.0240085354 0.0126268053
v 0.0325022647 0.0261875859 -0.0132688522
v 0.0326653049 0.0260245457 -0.0131890178
v 0.0326653049 0.0260245457 0.0131890154
v 0.0325022647 0.0261875859 0.0132688522
v 0.0325269077 0.0268700543 -0.0519999999
v 0.0325269077 0.0268700543 -0.05
v 0.0329312275 -0.00100988956 -0.0519999999
v 0.0329312275 -0.00100988956 -0.05
v 0.0327966831 -0.000972581817 -0.0519999999
v 0.0327966831 -0.000972581817 -0.05
v 0.0328386638 6.01139534e-05 -0.047
v 0.0329551837 2.33784187e-05 -0.044
v 0.0329919765 0.00582269101 -0.0519999999
v 0.0329344699 0.00596507459 -0.044
v 0.0329216526 0.00600125699 -0.0519999999
v 0.032858176 0.00622262387 -0.044
v 0.03284986 0.00626010327 -0.0519999999
v 0.0328138301 0.0064875546 -0.044
v 0.032810149 0.00652577786 -0.0519999999
v 0.0328017948 0.00671752362 -0.044
v 0.032802119 0.00675591855 -0.0519999999
v 0.0328181789 0.00698562055 -0.044
v 0.0328231952 0.00702369122 -0.0519999999
v 0.0328671405 0.00724975018 -0.044
v 0.0328767536 0.00728692441 -0.0519999999
v 0.0329344699 0.00746995358 -0.044
v 0.0329479168 0.00750592618 -0.0519999999
v 0.0329919765 0.00761233716 -0.044
v 0.0329551837 0.0134116498 -0.047
v 0.0328386638 0.0133749142 -0.044
v 0.0329312275 0.0144449177 -0.0519999999
v 0.0329312275 0.0144449177 -0.05
v 0.032868571 0.0236999646 -0.0124083948
v 0.032868571 0.0236999646 0.0124083948
v 0.0329883144 0.0257015362 -0.0130173516
v 0.0329883144 0.0257015362 0.013017354
v 0.0328273342 0.0258625164 -0.0131051755
v 0.0328273342 0.0258625164 0.0131051731
v 0.0330664012 -0.00104485126 -0.0519999999
v 0.0330664012 -0.00104485126 -0.05
v 0.0330723331 -1.13162529e-05 -0.047
v 0.0331900547 -4.39700615e-05 -0.044
v 0.0332447956 0.00539351849 -0.0519999999
v 0.0331779048 0.00548728375 -0.044
v 0.0331567142 0.00551930814 -0.0519999999
v 0.0330415676 0.00571874051 -0.044
v 0.0330244396 0.00575309186 -0.0519999999
v 0.0330079029 0.00578774838 -0.044
v 0.0330079029 0.00764727979 -0.0519999999
v 0.0330415676 0.00771628766 -0.044
v 0.0330593059 0.00775035291 -0.0519999999
v 0.0331996486 0.00797938733 -0.044
v 0.0332219455 0.00801064877 -0.0519999999
v 0.0332447956 0.00804150967 -0.044
v 0.0331900547 0.0134789982 -0.047
v 0.0330723331 0.0134463444 -0.044
v 0.0330664012 0.0144798794 -0.0519999999
v 0.0330664012 0.0144798794 -0.05
v 0.0332021854 0.014512476 -0.0519999999
v 0.0332021854 0.014512476 -0.05
v 0.0331715725 0.0233969632 -0.0121749091
v 0.0331715725 0.0233969632 0.0121749115
v 0.0330207965 0.0235477391 -0.01229352
v 0.0330207965 0.0235477391 0.01229352
v 0.0331481884 0.0255416813 -0.0129255748
v 0.0331481884 0.0255416813 0.0129255772
v 0.0333384845 -0.00110766025 -0.0519999999
v 0.0333384845 -0.00110766025 -0.05
v 0.0333083293 -7.45639336e-05 -0.047
v 0.033427119 -0.000103078796 -0.044
v 0.0334461544 0.005161871 -0.0519999999
v 0.0334461544 0.005161871 -0.044
v 0.0333414218 0.00527417569 -0.0519999999
v 0.0332681606 0.00536305814 -0.044
v 0.0332681606 0.00807197003 -0.0519999999
v 0.0334192417 0.00824576764 -0.044
v 0.0334461544 0.00827315717 -0.0519999999
v 0.0334735439 0.00830006986 -0.044
v 0.033427119 0.013538107 -0.047
v 0.0333083293 0.0135095921 -0.044
v 0.0334753177 0.0145705357 -0.0519999999
v 0.0334753177 0.0145705357 -0.05
v 0.0333208797 0.0232476559 -0.0120526004
v 0.033468642 0.0230998936 -0.0119266319
v 0.033468642 0.0230998936 0.0119266319
v 0.0333208797 0.0232476559 0.0120526028
v 0.0334644077 0.025225462 -0.0127302718
v 0.0334644077 0.025225462 0.0127302742
v 0.0333068988 0.0253829709 -0.0128298736
v 0.0333068988 0.0253829709 0.0128298712
v 0.0336126087 -0.00116095157 -0.0519999999
v 0.0336126087 -0.00116095157 -0.05
v 0.0335464046 -0.000129514648 -0.047
v 0.0336661289 -0.00015387149 -0.044
v 0.0337399242 0.00491538434 -0.0519999999
v 0.0336473224 0.0049838963 -0.044
v 0.0336172817 0.00500779538 -0.0519999999
v 0.0335013912 0.00510854154 -0.044
v 0.0335013912 0.00832648663 -0.0519999999
v 0.0337086628 0.00849734692 -0.044
v 0.0337399242 0.00851964383 -0.0519999999
v 0.0337399242 0.00851964383 -0.044
v 0.0336661289 0.0135888997 -0.047
v 0.0335464046 0.0135645428 -0.044
v 0.0336126087 0.0145959797 -0.0519999999
v 0.0336126087 0.0145959797 -0.05
v 0.0336148403 0.0229537144 -0.0117970395
v 0.0336148403 0.0229537144 0.0117970371
v 0.0336206577 0.0250691929 -0.0126268053
v 0.0336206577 0.0250691929 0.0126268053
v 0.0337503192 -0.00118399234 -0.0519999999
v 0.0337503192 -0.00118399234 -0.05
v 0.0337862537 -0.000176149322 -0.047
v 0.0339067409 -0.000196309997 -0.044
v 0.0339689395 0.00477502255 -0.0519999999
v 0.0337715671 0.00489364056 -0.044
v 0.0337715671 0.0085413876 -0.0519999999
v 0.0339689395 0.00866000562 -0.044
v 0.0339067409 0.0136313382 -0.047
v 0.0337862537 0.0136111775 -0.044
v 0.0338883922 0.014639658 -0.0519999999
v 0.0338883922 0.014639658 -0.05
v 0.0339023159 0.0226662198 -0.0115271449
v 0.0339023159 0.0226662198 0.0115271425
v 0.0337594173 0.0228091374 -0.0116638637
v 0.0337594173 0.0228091374 0.0116638613
v 0.0337756298 0.0249142399 -0.0125195003
v 0.0339292476 0.0247606221 -0.0124083948
v 0.0339292476 0.0247606221 0.0124083948
v 0.0337756298 0.0249142399 0.0125195026
v 0.0340268276 -0.0012228641 -0.0519999999
v 0.0340268276 -0.0012228641 -0.05
v 0.0340275714 -0.000214353515 -0.047
v 0.0341487072 -0.000230318023 -0.044
v 0.0342493389 0.00465018659 -0.0519999999
v 0.0340373752 0.00474017529 -0.044
v 0.0340030048 0.00475730328 -0.0519999999
v 0.0340030048 0.00475730328 -0.044
v 0.0340030048 0.00867772488 -0.0519999999
v 0.034142184 0.00874263196 -0.044
v 0.0341776416 0.00875731854 -0.0519999999
v 0.0342493389 0.00878484158 -0.044
v 0.0341487072 0.0136653462 -0.047
v 0.0340275714 0.0136493817 -0.044
v 0.034165549 0.0146736851 -0.0519999999
v 0.034165549 0.0146736851 -0.05
v 0.0341829822 0.0223855725 -0.0112432432
v 0.0341829822 0.0223855725 0.0112432432
v 0.0340435169 0.0225250187 -0.0113869238
v 0.0340435169 0.0225250187 0.0113869238
v 0.034232249 0.0244576207 -0.0121749091
v 0.034232249 0.0244576207 0.0121749115
v 0.034081454 0.0246083966 -0.01229352
v 0.034081454 0.0246083966 0.01229352
v 0.0343045375 -0.00125204654 -0.0519999999
v 0.0343045375 -0.00125204654 -0.05
v 0.0343917034 -0.000255857421 -0.047
v 0.0343917034 -0.000255857421 -0.044
v 0.0342700908 -0.000244146301 -0.047
v 0.0342700908 -0.000244146301 -0.044
v 0.0344695613 0.00458285718 -0.0519999999
v 0.0342855403 0.0046373692 -0.044
v 0.0342855403 0.00879765897 -0.0519999999
v 0.0344695613 0.00885217099 -0.044
v 0.0343917034 0.0136908856 -0.047
v 0.0342700908 0.0136791745 -0.044
v 0.0344437358 0.0146980229 -0.0519999999
v 0.0344437358 0.0146980229 -0.05
v 0.0343206356 0.0222479001 -0.0110961485
v 0.0344564769 0.0221120778 -0.0109456825
v 0.0344564769 0.0221120778 0.0109456825
v 0.0343206356 0.0222479001 0.0110961485
v 0.0343815372 0.0243083325 -0.0120526004
v 0.0343815372 0.0243083325 0.0120526028
v 0.0345831058 -0.00127152057 -0.0519999999
v 0.0345831058 -0.00127152057 -0.05
v 0.0345134876 -0.000265432311 -0.047
v 0.0346354435 -0.000272890044 -0.044
v 0.0347336719 0.00453391461 -0.0519999999
v 0.0345068882 0.00457389264 -0.044
v 0.0345068882 0.00886113553 -0.0519999999
v 0.0347336719 0.00890111356 -0.044
v 0.0346354435 0.0137079182 -0.047
v 0.0345134876 0.0137004605 -0.044
v 0.0347225902 0.0147126332 -0.0519999999
v 0.0347225902 0.0147126332 -0.05
v 0.03459043 0.0219781247 -0.010791893
v 0.0347224567 0.0218460789 -0.0106348228
v 0.0347224567 0.0218460789 0.0106348228
v 0.03459043 0.0219781247 0.010791893
v 0.0345292995 0.0241605511 -0.0119266319
v 0.0346754978 0.0240143719 0.0117970371
v 0.03486217 -0.00128126712 -0.0519999999
v 0.03486217 -0.00128126712 -0.05
v 0.0347574947 -0.000278230621 -0.047
v 0.0348796222 -0.000281415893 -0.044
v 0.034963393 0.00451785474 -0.0519999999
v 0.0347718189 0.00452956586 -0.044
v 0.0347718189 0.00890546231 -0.0519999999
v 0.034963393 0.00891717343 -0.044
v 0.0348796222 0.0137164441 -0.047
v 0.0347574947 0.0137132588 -0.044
v 0.03486217 0.0147162953 -0.0519999999
v 0.03486217 0.0147162953 -0.05
v 0.0349806354 0.0215879193 -0.0103110433
v 0.0348525379 0.0217159977 0.0104745245
v 0.0349629734 0.0237268773 -0.0115271449
v 0.0349629734 0.0237268773 0.0115271425
v 0.0348200748 0.0238697949 -0.0116638637
v 0.0348200748 0.0238697949 0.0116638613
v 0.0350017879 -0.00128248782 -0.0519999999
v 0.0350017879 -0.00128248782 -0.05
v 0.0350017879 -0.000282484008 -0.047
v 0.0352460811 -0.000278230621 -0.044
v 0.0352317569 0.00452956586 -0.0519999999
v 0.0350017879 0.00451751141 -0.044
v 0.0350017879 0.00891751675 -0.0519999999
v 0.0352317569 0.00890546231 -0.044
v 0.0352460811 0.0137132588 -0.047
v 0.0350017879 0.0137175122 -0.044
v 0.0351414058 0.0147162953 -0.0519999999
v 0.0351414058 0.0147162953 -0.05
v 0.035106673 0.0214618626 -0.0101444292
v 0.0352306697 0.0213378849 -0.00997473478
v 0.0352306697 0.0213378849 0.0099747324
v 0.035106673 0.0214618626 0.0101444292
v 0.0352436397 0.02344623 -0.0112432432
v 0.0352436397 0.02344623 0.0112432432
v 0.0351041935 0.0235856762 -0.0113869238
v 0.0351041935 0.0235856762 0.0113869238
v 0.0352809856 -0.00127760501 -0.0519999999
v 0.0352809856 -0.00127760501 -0.05
v 0.0353681324 -0.000272890044 -0.047
v 0.0354900882 -0.000265432311 -0.044
v 0.0354966686 0.00457389264 -0.0519999999
v 0.0352699039 0.00453391461 -0.044
v 0.0352699039 0.00890111356 -0.0519999999
v 0.0354966686 0.00886113553 -0.044
v 0.0354900882 0.0137004605 -0.047
v 0.0353681324 0.0137079182 -0.044
v 0.03542047 0.0147065487 -0.0519999999
v 0.03542047 0.0147065487 -0.05
v 0.0353525302 0.0212160054 -0.00980201006
v 0.0354722545 0.0210962811 -0.00962630749
v 0.0354722545 0.0210962811 0.00962630749
v 0.0353525302 0.0212160054 0.00980200768
v 0.0353812931 0.0233085576 -0.0110961485
v 0.0353812931 0.0233085576 0.0110961485
v 0.035355334 0.0268700543 -0.0380000001
v 0.035355334 0.0268700543 -0.0126491117
v 0.035355334 0.0268700543 0.0126491117
v 0.035355334 0.0268700543 0.0219999981
v 0.03555984 -0.00126299472 -0.0519999999
v 0.03555984 -0.00126299472 -0.05
v 0.0356118724 -0.000255857421 -0.047
v 0.0356118724 -0.000255857421 -0.044
v 0.035733485 -0.000244146301 -0.047
v 0.035733485 -0.000244146301 -0.044
v 0.0357180355 0.0046373692 -0.0519999999
v 0.0355340145 0.00458285718 -0.044
v 0.0355340145 0.00885217099 -0.0519999999
v 0.0357180355 0.00879765897 -0.044
v 0.035733485 0.0136791745 -0.047
v 0.0356118724 0.0136908856 -0.044
v 0.0356990383 0.0146870747 -0.0519999999
v 0.0356990383 0.0146870747 -0.05
v 0.0357051227 0.020863432 -0.00926618338
v 0.0355897853 0.0209787503 0.00944767952
v 0.0355171344 0.0231727353 -0.0109456825
v 0.0356510875 0.0230387822 0.010791893
v 0.0355098865 0.0267155018 -0.0125430989
v 0.0356631229 0.0265622654 -0.0124333119
v 0.0356631229 0.0265622654 0.0124333096
v 0.0355098865 0.0267155018 0.0125431013
v 0.0358380077 -0.00123865695 -0.0519999999
v 0.0358380077 -0.00123865695 -0.05
v 0.0358548687 -0.000230318023 -0.047
v 0.0359760044 -0.000214353515 -0.044
v 0.0359662006 0.00474017529 -0.0519999999
v 0.0357542369 0.00465018659 -0.044
v 0.0358613918 0.00874263196 -0.0519999999
v 0.0359662006 0.00869485288 -0.044
v 0.0357542369 0.00878484158 -0.0519999999
v 0.0358259151 0.00875731854 -0.044
v 0.0359760044 0.0136493817 -0.047
v 0.0358548687 0.0136653462 -0.044
v 0.0359767482 0.0146578923 -0.0519999999
v 0.0359767482 0.0146578923 -0.05
v 0.0359289501 0.0206395855 -0.00889480114
v 0.0359289501 0.0206395855 0.00889480114
v 0.0358181903 0.0207503644 -0.00908187151
v 0.0358181903 0.0207503644 0.00908187389
v 0.0357831142 0.0229067364 -0.0106348228
v 0.0359131954 0.0227766552 -0.0104745245
v 0.0359131954 0.0227766552 0.0104745245
v 0.0357831142 0.0229067364 0.0106348228
v 0.035814986 0.0264104023 -0.0123197794
v 0.0359654377 0.0262599698 -0.0122025394
v 0.0359654377 0.0262599698 0.0122025394
v 0.035814986 0.0264104023 0.0123197794
v 0.0361151645 -0.00120462985 -0.0519999999
v 0.0361151645 -0.00120462985 -0.05
v 0.0360968349 -0.000196309997 -0.047
v 0.0362173221 -0.000176149322 -0.044
v 0.0362320087 0.00489364056 -0.0519999999
v 0.036000571 0.00475730328 -0.044
v 0.036000571 0.00867772488 -0.0519999999
v 0.0362320087 0.0085413876 -0.044
v 0.0362173221 0.0136111775 -0.047
v 0.0360968349 0.0136313382 -0.044
v 0.0361151645 0.014639658 -0.0519999999
v 0.0361151645 0.014639658 -0.05
v 0.0361435077 0.0204250279 -0.00851261377
v 0.0362472293 0.0203213063 -0.00831761122
v 0.0362472293 0.0203213063 0.00831760883
v 0.0361435077 0.0204250279 0.00851261139
v 0.036037421 0.0205311337 -0.00870502949
v 0.036037421 0.0205311337 0.00870502949
v 0.0360412929 0.0226485768 -0.0103110433
v 0.0361673496 0.0225225201 -0.0101444292
v 0.0361673496 0.0225225201 0.0101444292
v 0.0360412929 0.0226485768 0.0103110409
v 0.0361144207 0.0261109868 -0.0120816231
v 0.0361144207 0.0261109868 0.0120816231
v 0.0362532566 -0.00118399234 -0.0519999999
v 0.0362532566 -0.00118399234 -0.05
v 0.0363374469 -0.00015387149 -0.047
v 0.0364571521 -0.000129514648 -0.044
v 0.0363562534 0.0049838963 -0.0519999999
v 0.0362636516 0.00491538434 -0.044
v 0.0364738605 0.00508260159 -0.0519999999
v 0.0363862751 0.00500779538 -0.044
v 0.0362949131 0.00849734692 -0.0519999999
v 0.0364738605 0.00835242658 -0.044
v 0.0362636516 0.00851964383 -0.0519999999
v 0.0362636516 0.00851964383 -0.044
v 0.0364571521 0.0135645428 -0.047
v 0.0363374469 0.0135888997 -0.044
v 0.0363909671 0.0145959797 -0.0519999999
v 0.0363909671 0.0145959797 -0.05
v 0.0363485286 0.0202200261 -0.00812008142
v 0.0364473484 0.0201211682 -0.00792008638
v 0.0364473484 0.0201211682 0.007920084
v 0.0363485286 0.0202200261 0.00812008381
v 0.0362913272 0.0223985425 -0.00997473478
v 0.0364132068 0.0222766629 0.00980200768
v 0.0364078281 0.0258175793 -0.0118289185
v 0.0362618969 0.0259635106 0.0119570732
v 0.0365282581 -0.00113550754 -0.0519999999
v 0.0365282581 -0.00113550754 -0.05
v 0.0365764377 -0.000103078796 -0.047
v 0.0366952274 -7.45639336e-05 -0.044
v 0.0366367099 0.00524543195 -0.0519999999
v 0.0365021656 0.00510854154 -0.044
v 0.0367353962 0.00536305814 -0.0519999999
v 0.036662154 0.00527417569 -0.044
v 0.0365843341 0.00824576764 -0.0519999999
v 0.0367353962 0.00807197003 -0.044
v 0.0365021656 0.00832648663 -0.0519999999
v 0.0365574024 0.00827315717 -0.044
v 0.0366952274 0.0135095921 -0.047
v 0.0365764377 0.013538107 -0.044
v 0.0366650913 0.0145426884 -0.0519999999
v 0.0366650913 0.0145426884 -0.05
v 0.0366375873 0.0199309483 -0.00751293898
v 0.0367289112 0.0198396435 -0.00730591059
v 0.0367289112 0.0198396435 0.00730591297
v 0.0366375873 0.0199309483 0.00751293659
v 0.0365437458 0.0200248089 -0.00771768332
v 0.0365437458 0.0200248089 0.0077176857
v 0.036532912 0.0221569386 -0.00962630749
v 0.0366504428 0.0220394078 -0.00944767952
v 0.0366504428 0.0220394078 0.00944767952
v 0.036532912 0.0221569386 0.00962630749
v 0.0366948459 0.0255305424 -0.0115619683
v 0.0365521381 0.0256732312 0.0116972065
v 0.0368013904 -0.00107744784 -0.0519999999
v 0.0368013904 -0.00107744784 -0.05
v 0.0368135212 -4.39700615e-05 -0.047
v 0.0369312427 -1.13162529e-05 -0.044
v 0.0368256519 0.00548728375 -0.0519999999
v 0.0367587802 0.00539351849 -0.044
v 0.0369619892 0.00571874051 -0.0519999999
v 0.0368468616 0.00551930814 -0.044
v 0.0369956729 0.00578774838 -0.0519999999
v 0.0369791172 0.00575309186 -0.044
v 0.0369619892 0.00771628766 -0.0519999999
v 0.0369956729 0.00764727979 -0.044
v 0.0368039081 0.00797938733 -0.0519999999
v 0.036944289 0.00775035291 -0.044
v 0.0367587802 0.00804150967 -0.0519999999
v 0.0367816303 0.00801064877 -0.044
v 0.0369312427 0.0134463444 -0.047
v 0.0368135212 0.0134789982 -0.044
v 0.0369371555 0.0144798794 -0.0519999999
v 0.0369371555 0.0144798794 -0.05
v 0.0368013904 0.014512476 -0.0519999999
v 0.0368013904 0.014512476 -0.05
v 0.036903815 0.0196647206 -0.00688525915
v 0.0369873569 0.0195811787 -0.00667176485
v 0.0369873569 0.0195811787 0.00667176723
v 0.036903815 0.0196647206 0.00688526154
v 0.036817641 0.0197508755 -0.00709666252
v 0.036817641 0.0197508755 0.00709666252
v 0.0369896076 0.021700243 -0.00889480114
v 0.0369896076 0.021700243 0.00889480114
v 0.0367657611 0.0219240895 -0.00926618338
v 0.0368788288 0.0218110219 -0.00908187151
v 0.0368788288 0.0218110219 0.00908187389
v 0.0367657611 0.0219240895 0.00926618099
v 0.0369751499 0.0252502385 -0.0112810946
v 0.0368358753 0.0253895321 0.0114232492
v 0.0370723484 -0.00100988956 -0.0519999999
v 0.0370723484 -0.00100988956 -0.05
v 0.0372068927 -0.000972581817 -0.0519999999
v 0.0372068927 -0.000972581817 -0.05
v 0.0370483921 2.33784187e-05 -0.047
v 0.0371648929 6.01139534e-05 -0.044
v 0.0370691059 0.00596507459 -0.0519999999
v 0.0370115802 0.00582269101 -0.044
v 0.0371453998 0.00622262387 -0.0519999999
v 0.0370819233 0.00600125699 -0.044
v 0.0371897266 0.0064875546 -0.0519999999
v 0.0371537159 0.00626010327 -0.044
v 0.037201781 0.00671752362 -0.0519999999
v 0.0371934269 0.00652577786 -0.044
v 0.0371853778 0.00698562055 -0.0519999999
v 0.0372014377 0.00675591855 -0.044
v 0.0371364353 0.00724975018 -0.0519999999
v 0.0371803806 0.00702369122 -0.044
v 0.0370691059 0.00746995358 -0.0519999999
v 0.0371268222 0.00728692441 -0.044
v 0.0370115802 0.00761233716 -0.0519999999
v 0.0370556781 0.00750592618 -0.044
v 0.0371648929 0.0133749142 -0.047
v 0.0370483921 0.0134116498 -0.044
v 0.0372068927 0.01440761 -0.0519999999
v 0.0372068927 0.01440761 -0.05
v 0.0372220371 0.0193465176 -0.00601938486
v 0.0371465061 0.0194220486 0.00623876095
v 0.0370682666 0.0195002881 -0.00645624399
v 0.0370682666 0.0195002881 0.00645624638
v 0.0372041843 0.0214856854 -0.00851261377
v 0.0372041843 0.0214856854 0.00851261139
v 0.0370980594 0.0215917912 -0.00870502949
v 0.0370980594 0.0215917912 0.00870502949
v 0.0372483966 0.0249769917 -0.0109866357
v 0.0372483966 0.0249769917 0.0109866333
v 0.0371126697 0.0251127186 -0.01113554
v 0.0371126697 0.0251127186 0.01113554
v 0.0373407505 -0.000932928039 -0.0519999999
v 0.0373407505 -0.000932928039 -0.05
v 0.0372807453 9.88903511e-05 -0.047
v 0.037395911 0.000139669465 -0.044
v 0.037395911 0.0132953587 -0.047
v 0.0372807453 0.0133361378 -0.044
v 0.0374739215 0.0143259755 -0.0519999999
v 0.0374739215 0.0143259755 -0.05
v 0.0373649356 0.0192036 -0.00557521105
v 0.037432265 0.0191362706 -0.00535054922
v 0.0374968097 0.0190717259 -0.00512426376
v 0.0374968097 0.0190717259 0.00512426376
v 0.037432265 0.0191362706 0.00535055161
v 0.0373649356 0.0192036 0.00557520866
v 0.0372948597 0.019273695 -0.00579817772
v 0.0372948597 0.019273695 0.00579817772
v 0.0373079059 0.0213819828 -0.00831761122
v 0.0374091861 0.0212806836 -0.00812008142
v 0.0374091861 0.0212806836 0.00812008381
v 0.0373079059 0.0213819828 0.00831760883
v 0.0373822925 0.0248431149 -0.0108344221
v 0.0373822925 0.0248431149 0.0108344221
v 0.0376063297 -0.000846639587 -0.0519999999
v 0.0376063297 -0.000846639587 -0.05
v 0.0375103519 0.000182451295 -0.047
v 0.0376240299 0.000227235841 -0.044
v 0.0377369068 0.000273984956 -0.047
v 0.0377369068 0.000273984956 -0.044
v 0.0377369068 0.0131610432 -0.047
v 0.0376240299 0.0132077923 -0.044
v 0.0375103519 0.0132525769 -0.047
v 0.0375103519 0.0132525769 -0.044
v 0.0377379367 0.0142350522 -0.0519999999
v 0.0377379367 0.0142350522 -0.05
v 0.0376063297 0.0142816678 -0.0519999999
v 0.0376063297 0.0142816678 -0.05
v 0.0376175067 0.0189510479 -0.00466709137
v 0.0376735828 0.0188949528 -0.00443634033
v 0.037726836 0.0188416996 -0.00420424461
v 0.037726836 0.0188416996 0.00420424461
v 0.0376735828 0.0188949528 0.00443634033
v 0.0376175067 0.0189510479 0.00466709137
v 0.0375585697 0.019009985 -0.00489642143
v 0.0375585697 0.019009985 0.00489642143
v 0.0376982639 0.0209916249 -0.00751293898
v 0.0376982639 0.0209916249 0.00751293659
v 0.0375080249 0.0211818448 -0.00792008638
v 0.0376043842 0.0210854664 -0.00771768332
v 0.0376043842 0.0210854664 0.0077176857
v 0.0375080249 0.0211818448 0.007920084
v 0.0376443241 0.0245810643 -0.0105202532
v 0.037514281 0.0247111264 0.0106789446
v 0.0378687427 -0.000751119567 -0.0519999999
v 0.0378687427 -0.000751119567 -0.05
v 0.0379986332 -0.000699964477 -0.0519999999
v 0.0379986332 -0.000699964477 -0.05
v 0.0378489444 0.00032269864 -0.047
v 0.0379601047 0.000373357819 -0.044
v 0.0379601047 0.0130616703 -0.047
v 0.0378489444 0.0131123295 -0.044
v 0.0379986332 0.0141349926 -0.0519999999
v 0.0379986332 0.0141349926 -0.05
v 0.0378693149 0.0186992398 -0.00350058079
v 0.0379110096 0.0186575451 -0.00326380253
v 0.0379497669 0.0186187878 -0.00302603245
v 0.0379855869 0.0185829678 -0.00278734684
v 0.0379855869 0.0185829678 0.00278734684
v 0.0379497669 0.0186187878 0.00302603245
v 0.0379110096 0.0186575451 0.00326380253
v 0.0378247211 0.0187438336 0.0037362957
v 0.0377772281 0.0187913266 -0.00397087574
v 0.0377772281 0.0187913266 0.00397087574
v 0.0379644916 0.0207253781 -0.00688525915
v 0.0379644916 0.0207253781 0.00688526154
v 0.0377895496 0.020900301 -0.00730591059
v 0.0378783176 0.0208115521 -0.00709666252
v 0.0378783176 0.0208115521 0.00709666252
v 0.0377895496 0.020900301 0.00730591297
v 0.0377724216 0.0244529858 -0.0103583956
v 0.0378984973 0.024326891 -0.0101934171
v 0.0378984973 0.024326891 0.0101934195
v 0.0377724216 0.0244529858 0.0103583956
v 0.0381276462 -0.000646520568 -0.0519999999
v 0.0381276462 -0.000646520568 -0.05
v 0.0380703876 0.000425962495 -0.047
v 0.0381797168 0.000480474519 -0.044
v 0.0381797168 0.0129545537 -0.047
v 0.0381797168 0.0129545537 -0.044
v 0.0380703876 0.0130090657 -0.047
v 0.0380703876 0.0130090657 -0.044
v 0.0381276462 0.0140815487 -0.0519999999
v 0.0381276462 0.0140815487 -0.05
v 0.0380753467 0.018493208 -0.00206649303
v 0.038099303 0.0184692326 -0.0018248558
v 0.038120322 0.0184482327 -0.00158266544
v 0.0381383274 0.0184302273 -0.00133999348
v 0.0381533191 0.0184152165 -0.00109691143
v 0.0381653354 0.0184031811 -0.000853500366
v 0.0381743763 0.0183941784 -0.000609827042
v 0.0381803653 0.0183881512 -0.000365972519
v 0.0381833789 0.0183851567 -0.000122003555
v 0.0381833789 0.0183851567 0.000122003555
v 0.0381803653 0.0183881512 0.000365972519
v 0.0381743763 0.0183941784 0.000609827042
v 0.0381653354 0.0184031811 0.000853500366
v 0.0381533191 0.0184152165 0.00109691143
v 0.0381383274 0.0184302273 0.00133999348
v 0.038120322 0.0184482327 0.00158266544
v 0.038099303 0.0184692326 0.0018248558
v 0.0380753467 0.018493208 0.00206649303
v 0.0380184696 0.0185500851 -0.00254781246
v 0.0380483768 0.0185201588 -0.00230750561
v 0.0380483768 0.0185201588 0.00230750561
v 0.0380184696 0.0185500851 0.00254781246
v 0.0382071445 0.0204827061 -0.00623876095
v 0.0382071445 0.0204827061 0.00623876095
v 0.0380480335 0.0206418362 -0.00667176485
v 0.0381289051 0.0205609456 -0.00645624399
v 0.0381289051 0.0205609456 0.00645624638
v 0.0380480335 0.0206418362 0.00667176723
v 0.0380225513 0.0242028561 -0.0100253701
v 0.0381445072 0.0240808812 -0.00985430479
v 0.0381445072 0.0240808812 0.00985430717
v 0.0380225513 0.0242028561 0.0100253725
v 0.0381837604 0.0296984807 -0.0380000001
v 0.0381837604 0.0296984807 -0.0126491117
v 0.0381837604 0.0296984807 0.0126491117
v 0.0381837604 0.0296984807 0.0219999981
v 0.0382556675 -0.000590845062 -0.0519999999
v 0.0382556675 -0.000590845062 -0.05
v 0.0382880924 0.000536874818 -0.047
v 0.038395438 0.000595182465 -0.044
v 0.038395438 0.0128398457 -0.047
v 0.0382880924 0.0128981534 -0.044
v 0.038382735 0.0139679852 -0.0519999999
v 0.038382735 0.0139679852 -0.05
v 0.0382556675 0.0140258732 -0.0519999999
v 0.0382556675 0.0140258732 -0.05
v 0.0384929416 0.0201969281 -0.00535054922
v 0.0384929416 0.0201969281 0.00535055161
v 0.0382826755 0.0204071751 -0.00601938486
v 0.0383554981 0.0203343525 -0.00579817772
v 0.0384256122 0.0202642575 -0.00557521105
v 0.0384256122 0.0202642575 0.00557520866
v 0.0383554981 0.0203343525 0.00579817772
v 0.0382826755 0.0204071751 0.00601938248
v 0.0384975574 0.02372785 -0.00932351828
v 0.0384975574 0.02372785 0.00932351589
v 0.0383820484 0.023843359 -0.00950332642
v 0.038264365 0.0239610425 0.00968027115
v 0.0384915683 0.0293906918 -0.0124333119
v 0.0384915683 0.0293906918 0.0124333096
v 0.0383383319 0.0295439282 -0.0125430989
v 0.0383383319 0.0295439282 0.0125431013
v 0.0385087726 -0.000472837402 -0.0519999999
v 0.0385087726 -0.000472837402 -0.05
v 0.0385017917 0.000655340241 -0.047
v 0.0386070392 0.000717348145 -0.044
v 0.0387112186 0.000781187104 -0.047
v 0.0387112186 0.000781187104 -0.044
v 0.0387112186 0.0126538601 -0.047
v 0.0386070392 0.01271768 -0.044
v 0.0385017917 0.0127796879 -0.047
v 0.0385017917 0.0127796879 -0.044
v 0.038633704 0.0138455716 -0.0519999999
v 0.038633704 0.0138455716 -0.05
v 0.0387342594 0.0199556103 -0.00443634033
v 0.0387342594 0.0199556103 0.00443634033
v 0.0385574863 0.0201323834 -0.00512426376
v 0.0386192081 0.0200706425 -0.00489642143
v 0.0386781452 0.0200117054 -0.00466709137
v 0.0386781452 0.0200117054 0.00466709137
v 0.0386192081 0.0200706425 0.00489642143
v 0.0385574863 0.0201323834 0.00512426376
v 0.0386108158 0.0236145726 -0.00914090157
v 0.0387218616 0.0235035458 -0.00895553589
v 0.0387218616 0.0235035458 0.00895553589
v 0.0386108158 0.0236145726 0.00914090157
v 0.0386434314 0.0292388287 -0.0123197794
v 0.0386434314 0.0292388287 0.0123197794
v 0.0387575672 -0.000346075011 -0.0519999999
v 0.0387575672 -0.000346075011 -0.05
v 0.0388142536 0.00084681897 -0.047
v 0.0389161441 0.000914243745 -0.044
v 0.0389161441 0.0125207844 -0.047
v 0.0388142536 0.0125882092 -0.044
v 0.0388802478 0.0137144795 -0.0519999999
v 0.0388802478 0.0137144795 -0.05
v 0.0387575672 0.0137811032 -0.0519999999
v 0.0387575672 0.0137811032 -0.05
v 0.038971648 0.0197182026 -0.00326380253
v 0.038971648 0.0197182026 0.00326380253
v 0.0387875125 0.0199023571 -0.00420424461
v 0.0388378665 0.0198519841 -0.00397087574
v 0.0388853595 0.0198044911 -0.0037362957
v 0.0389299533 0.0197598973 0.00350058079
v 0.0388378665 0.0198519841 0.00397087574
v 0.0387875125 0.0199023571 0.00420424461
v 0.0388305805 0.0233948079 -0.00876747131
v 0.0389369724 0.023288416 -0.00857676744
v 0.0389369724 0.023288416 0.00857676506
v 0.0388305805 0.0233948079 0.00876747131
v 0.038942847 0.0289394131 -0.0120816231
v 0.038942847 0.0289394131 0.0120816231
v 0.0387938449 0.0290883961 -0.0122025394
v 0.0387938449 0.0290883961 0.0122025394
v 0.0390017841 -0.000210691405 -0.0519999999
v 0.0390017841 -0.000210691405 -0.05
v 0.039016814 0.000983442353 -0.047
v 0.039016814 0.000983442353 -0.044
v 0.0391163013 0.00105439572 -0.047
v 0.0392144916 0.00112706571 -0.044
v 0.0392144916 0.0123079625 -0.047
v 0.039016814 0.0124515858 -0.044
v 0.0392411563 0.0135019055 -0.0519999999
v 0.0392411563 0.0135019055 -0.05
v 0.0391989658 0.0194908848 -0.00133999348
v 0.0392139957 0.019475874 -0.00109691143
v 0.039226012 0.0194638577 -0.000853500366
v 0.0392350147 0.0194548359 -0.000609827042
v 0.0392410419 0.0194488278 -0.000365972519
v 0.0392440555 0.0194458142 -0.000122003555
v 0.0392440555 0.0194458142 0.000122003555
v 0.0392410419 0.0194488278 0.000365972519
v 0.0392350147 0.0194548359 0.000609827042
v 0.039226012 0.0194638577 0.000853500366
v 0.0392139957 0.019475874 0.00109691143
v 0.0391989658 0.0194908848 0.00133999348
v 0.0390104053 0.0196794453 -0.00302603245
v 0.0390462253 0.0196436253 -0.00278734684
v 0.039079108 0.0196107426 -0.00254781246
v 0.0391090534 0.0195808354 -0.00230750561
v 0.0391359851 0.0195538655 -0.00206649303
v 0.0391599796 0.0195298901 -0.0018248558
v 0.0391809604 0.0195088902 -0.00158266544
v 0.0391809604 0.0195088902 0.00158266544
v 0.0391599796 0.0195298901 0.0018248558
v 0.0391359851 0.0195538655 0.00206649303
v 0.0391090534 0.0195808354 0.00230750561
v 0.039079108 0.0196107426 0.00254781246
v 0.0390462253 0.0196436253 0.00278734684
v 0.0390104053 0.0196794453 0.00302603245
v 0.0392419574 0.02298345 -0.00798939466
v 0.0392419574 0.02298345 0.00798939705
v 0.0390410373 0.023184351 -0.0083834815
v 0.039142699 0.0230826893 -0.00818767071
v 0.039142699 0.0230826893 0.00818767071
v 0.0390410373 0.023184351 0.00838347912
v 0.0392362354 0.0286460057 -0.0118289185
v 0.0392362354 0.0286460057 0.0118289185
v 0.0390903232 0.0287919369 -0.0119570708
v 0.0390903232 0.0287919369 0.0119570732
v 0.039358916 8.15777663e-06 -0.0519999999
v 0.039358916 8.15777663e-06 -0.05
v 0.0393114231 0.00120143323 -0.047
v 0.0393114231 0.00120143323 -0.044
v 0.0394070194 0.00127749829 -0.047
v 0.0394070194 0.00127749829 -0.044
v 0.0394070194 0.0121575299 -0.047
v 0.0393114231 0.0122335949 -0.044
v 0.0394753406 0.0133498135 -0.0519999999
v 0.0394753406 0.0133498135 -0.05
v 0.0393387363 0.022886652 -0.00778871536
v 0.0394330738 0.0227923146 -0.00758568764
v 0.0394330738 0.0227923146 0.00758568764
v 0.0393387363 0.022886652 0.00778871536
v 0.0393805835 0.0285016766 -0.0116972041
v 0.0393805835 0.0285016766 0.0116972065
v 0.0395903919 0.000164293336 -0.0519999999
v 0.0395903919 0.000164293336 -0.05
v 0.0395012806 0.00135520368 -0.047
v 0.0395942066 0.00143454938 -0.044
v 0.039685683 0.00151549725 -0.047
v 0.039685683 0.00151549725 -0.044
v 0.039685683 0.0119195309 -0.047
v 0.039685683 0.0119195309 -0.044
v 0.0395942066 0.0120004788 -0.047
v 0.0395012806 0.0120798245 -0.044
v 0.0397040699 0.0131896534 -0.0519999999
v 0.0397040699 0.0131896534 -0.05
v 0.0395903919 0.0132707348 -0.0519999999
v 0.0395903919 0.0132707348 -0.05
v 0.0395248935 0.0227004948 -0.00738037825
v 0.0396141956 0.0226112118 -0.00717284679
v 0.0397009037 0.0225245038 -0.00696315527
v 0.0397009037 0.0225245038 0.00696315289
v 0.0396141956 0.0226112118 0.00717284679
v 0.0395248935 0.0227004948 0.00738037586
v 0.0396642826 0.0282179585 -0.0114232516
v 0.0396642826 0.0282179585 0.0114232492
v 0.0395232914 0.0283589688 -0.0115619683
v 0.0395232914 0.0283589688 0.0115619659
v 0.0398162983 0.000328439759 -0.0519999999
v 0.0398162983 0.000328439759 -0.05
v 0.0397757862 0.0015980473 -0.047
v 0.0398644016 0.0016821423 -0.044
v 0.0399515293 0.00176776318 -0.047
v 0.0399515293 0.00176776318 -0.044
v 0.0399515293 0.011667265 -0.047
v 0.0399515293 0.011667265 -0.044
v 0.0398644016 0.0117528859 -0.047
v 0.0397757862 0.0118369809 -0.044
v 0.0399270771 0.013021597 -0.0519999999
v 0.0399270771 0.013021597 -0.05
v 0.0397850559 0.0224403515 -0.00675136566
v 0.039866576 0.0223588315 -0.00653754473
v 0.0399454639 0.0222799435 -0.00632175446
v 0.0399454639 0.0222799435 0.00632175446
v 0.039866576 0.0223588315 0.00653754711
v 0.0397850559 0.0224403515 0.00675136566
v 0.0399411151 0.027941145 -0.01113554
v 0.0399411151 0.027941145 0.01113554
v 0.0398035953 0.0280786648 -0.0112810946
v 0.0398035953 0.0280786648 0.0112810946
v 0.04003633 0.000500349091 -0.0519999999
v 0.04003633 0.000500349091 -0.05
v 0.0400371692 0.00185490994 -0.047
v 0.0401212452 0.00194352536 -0.044
v 0.0402037952 0.00203360944 -0.047
v 0.0402037952 0.00203360944 -0.044
v 0.0402037952 0.0114014378 -0.047
v 0.0401212452 0.0114915028 -0.044
v 0.0400371692 0.0115801182 -0.047
v 0.0400371692 0.0115801182 -0.044
v 0.0401440952 0.0128458729 -0.0519999999
v 0.0401440952 0.0128458729 -0.05
v 0.0402341983 0.02199119 -0.00544022083
v 0.0402341983 0.02199119 0.00544022083
v 0.0400216816 0.0222037068 -0.0061040616
v 0.0400952289 0.0221301594 -0.00588453293
v 0.040166106 0.0220593014 -0.00566323042
v 0.040166106 0.0220593014 0.00566322803
v 0.0400952289 0.0221301594 0.00588453293
v 0.0400216816 0.0222037068 0.00610406399
v 0.0402106998 0.0276715413 -0.0108344221
v 0.0402106998 0.0276715413 0.0108344221
v 0.0400768421 0.0278054181 -0.0109866357
v 0.0400768421 0.0278054181 0.0109866333
v 0.0402502582 0.000679830598 -0.0519999999
v 0.0402502582 0.000679830598 -0.05
v 0.0403548191 0.00077235608 -0.0519999999
v 0.0403548191 0.00077235608 -0.05
v 0.0402847431 0.00212510495 -0.047
v 0.0403640888 0.00221799283 -0.044
v 0.0404417942 0.00231227307 -0.047
v 0.0404417942 0.00231227307 -0.044
v 0.0404417942 0.0111227551 -0.047
v 0.0403640888 0.0112170353 -0.044
v 0.0402847431 0.0113099232 -0.047
v 0.0402847431 0.0113099232 -0.044
v 0.0404577777 0.0125683346 -0.0519999999
v 0.0404577777 0.0125683346 -0.05
v 0.0402502582 0.0127551976 -0.0519999999
v 0.0402502582 0.0127551976 -0.05
v 0.0404790256 0.0217463627 -0.00453248978
v 0.0404790256 0.0217463627 0.00453248978
v 0.0402995822 0.0219258061 -0.0052155757
v 0.040422034 0.0218033734 -0.00476164341
v 0.0403621814 0.0218632069 0.00498936176
v 0.0402995822 0.0219258061 0.00521557808
v 0.0404727695 0.0274094906 -0.0105202532
v 0.0404727695 0.0274094906 0.0105202532
v 0.0403426883 0.0275395527 -0.0106789446
v 0.0403426883 0.0275395527 0.0106789446
v 0.040559058 0.000962804841 -0.0519999999
v 0.040559058 0.000962804841 -0.05
v 0.0406586216 0.00106065183 -0.0519999999
v 0.0406586216 0.00106065183 -0.05
v 0.0405178592 0.00240788846 -0.047
v 0.0405178592 0.00240788846 -0.044
v 0.0405922458 0.00250480084 -0.047
v 0.040735831 0.00270247846 -0.044
v 0.040735831 0.0107325497 -0.047
v 0.040735831 0.0107325497 -0.044
v 0.0406649158 0.0108320179 -0.047
v 0.0405922458 0.0109302273 -0.044
v 0.0405178592 0.0110271397 -0.047
v 0.0405178592 0.0110271397 -0.044
v 0.0406586216 0.0123743763 -0.0519999999
v 0.0406586216 0.0123743763 -0.05
v 0.0405332325 0.0216921559 -0.00430197239
v 0.0405846164 0.021640791 -0.00407016277
v 0.0406331012 0.0215922871 -0.00383712292
v 0.0406787632 0.0215466443 -0.00360293388
v 0.0407215259 0.0215038815 -0.00336765289
v 0.0407215259 0.0215038815 0.00336765289
v 0.0406787632 0.0215466443 0.00360293388
v 0.0406331012 0.0215922871 0.00383712292
v 0.0405846164 0.021640791 0.00407016277
v 0.0405332325 0.0216921559 0.00430197239
v 0.0407269428 0.0271553174 -0.0101934171
v 0.0407269428 0.0271553174 0.0101934195
v 0.0406008289 0.0272814122 -0.0103583956
v 0.0406008289 0.0272814122 0.0103583956
v 0.0407565067 0.00116025357 -0.0519999999
v 0.0407565067 0.00116025357 -0.05
v 0.0408525989 0.00126153378 -0.0519999999
v 0.0408525989 0.00126153378 -0.05
v 0.0408050296 0.00280316739 -0.047
v 0.0408724735 0.00290503888 -0.044
v 0.0409381244 0.00300807385 -0.047
v 0.0409381244 0.00300807385 -0.044
v 0.0409381244 0.0104269543 -0.047
v 0.0409381244 0.0104269543 -0.044
v 0.0408724735 0.0105299893 -0.047
v 0.0408050296 0.0106318608 -0.044
v 0.0409469364 0.0120705548 -0.0519999999
v 0.0409469364 0.0120705548 -0.05
v 0.0407565067 0.0122747746 -0.0519999999
v 0.0407565067 0.0122747746 -0.05
v 0.040988364 0.0212370434 -0.000970935822
v 0.0409987781 0.0212266102 -0.000728459358
v 0.0409987781 0.0212266102 0.000728459358
v 0.040988364 0.0212370434 0.000970935822
v 0.0407613895 0.0214639988 -0.00313136578
v 0.0407983539 0.0214270344 -0.00289412975
v 0.0408324192 0.0213929883 -0.00265602589
v 0.0408635471 0.0213618603 -0.00241712093
v 0.0408917377 0.0213336697 -0.00217748642
v 0.0409169529 0.0213084355 -0.00193719864
v 0.0409392688 0.0212861386 -0.00169632435
v 0.0409585712 0.0212667981 -0.00145494461
v 0.0409749744 0.021250433 -0.00121312141
v 0.0409749744 0.021250433 0.00121312141
v 0.0409585712 0.0212667981 0.00145494461
v 0.0409392688 0.0212861386 0.00169632435
v 0.0409169529 0.0213084355 0.00193719864
v 0.0408917377 0.0213336697 0.00217748642
v 0.0408635471 0.0213618603 0.00241712093
v 0.0408324192 0.0213929883 0.00265602589
v 0.0407983539 0.0214270344 0.00289412975
v 0.0407613895 0.0214639988 0.00313136578
v 0.0409729526 0.0269093075 -0.00985430479
v 0.0409729526 0.0269093075 0.00985430717
v 0.0408509586 0.0270312825 -0.0100253701
v 0.0408509586 0.0270312825 0.0100253725
v 0.0410394809 0.00146903424 -0.0519999999
v 0.0410394809 0.00146903424 -0.05
v 0.0411301563 0.00157521634 -0.0519999999
v 0.0411301563 0.00157521634 -0.05
v 0.0410019443 0.00311225324 -0.047
v 0.0410639713 0.00321751981 -0.044
v 0.0411241291 0.00332385449 -0.047
v 0.0411824176 0.00343121915 -0.044
v 0.041238837 0.00353957562 -0.047
v 0.041238837 0.00353957562 -0.044
v 0.041238837 0.00989545255 -0.047
v 0.041238837 0.00989545255 -0.044
v 0.0411824176 0.010003809 -0.047
v 0.0410639713 0.0102175084 -0.044
v 0.0410019443 0.0103227749 -0.047
v 0.0410019443 0.0103227749 -0.044
v 0.0412189624 0.0117520848 -0.0519999999
v 0.0412189624 0.0117520848 -0.05
v 0.0410062168 0.0212191716 -0.000485758781
v 0.0410122058 0.0212132016 -6.9388939e-18
v 0.0410107181 0.0212146893 0.000242915154
v 0.0410062168 0.0212191716 0.000485758781
v 0.0412104557 0.0266717854 -0.00950332642
v 0.0412104557 0.0266717854 0.00950332642
v 0.0410927722 0.0267894688 -0.00968027353
v 0.0410927722 0.0267894688 0.00968027115
v 0.0413058612 0.00179221539 -0.0519999999
v 0.0413058612 0.00179221539 -0.05
v 0.0414739368 0.00201524167 -0.0519999999
v 0.0414739368 0.00201524167 -0.05
v 0.041293349 0.00364892392 -0.047
v 0.041293349 0.00364892392 -0.044
v 0.0413459537 0.00375918774 -0.047
v 0.0414453266 0.00398240476 -0.044
v 0.0414920566 0.00409526257 -0.047
v 0.0414920566 0.00409526257 -0.044
v 0.0414920566 0.0093397656 -0.047
v 0.0414453266 0.00945262341 -0.044
v 0.0413966129 0.00956468015 -0.047
v 0.0413459537 0.00967584042 -0.044
v 0.041293349 0.00978610425 -0.047
v 0.041293349 0.00978610425 -0.044
v 0.0414739368 0.0114198056 -0.0519999999
v 0.0414739368 0.0114198056 -0.05
v 0.0413908527 0.011532034 -0.0519999999
v 0.0413908527 0.011532034 -0.05
v 0.0414392612 0.0264429989 -0.00914090157
v 0.0414392612 0.0264429989 0.00914090157
v 0.0413259647 0.0265562764 -0.00932351828
v 0.0413259647 0.0265562764 0.00932351589
v 0.0415549991 0.00212890057 -0.0519999999
v 0.0415549991 0.00212890057 -0.05
v 0.0417111347 0.00236039548 -0.0519999999
v 0.0417111347 0.00236039548 -0.05
v 0.0415368412 0.00420894055 -0.047
v 0.0415368412 0.00420894055 -0.044
v 0.0415796421 0.00432338147 -0.047
v 0.0416204212 0.00443852811 -0.044
v 0.0416591785 0.00455439954 -0.047
v 0.041695914 0.00467091946 -0.044
v 0.0417306278 0.00478804974 -0.047
v 0.0417306278 0.00478804974 -0.044
v 0.0417306278 0.00864697842 -0.047
v 0.0417306278 0.00864697842 -0.044
v 0.041695914 0.0087641087 -0.047
v 0.0416204212 0.00899650006 -0.044
v 0.0415796421 0.0091116467 -0.047
v 0.0415368412 0.00922608762 -0.044
v 0.0417111347 0.0110746327 -0.0519999999
v 0.0417111347 0.0110746327 -0.05
v 0.0415549991 0.0113061276 -0.0519999999
v 0.0415549991 0.0113061276 -0.05
v 0.0416590259 0.0262232342 -0.00876747131
v 0.0416590259 0.0262232342 0.00876747131
v 0.0415502689 0.0263319722 -0.00895553589
v 0.0415502689 0.0263319722 0.00895553589
v 0.0417861698 0.00247815518 -0.0519999999
v 0.0417861698 0.00247815518 -0.05
v 0.0418591068 0.00259721188 -0.0519999999
v 0.0418591068 0.00259721188 -0.05
v 0.0419987247 0.00283904462 -0.0519999999
v 0.0419987247 0.00283904462 -0.05
v 0.0417632816 0.00490579038 -0.047
v 0.0417632816 0.00490579038 -0.044
v 0.0417938373 0.00502406506 -0.047
v 0.0418223712 0.00514285474 -0.044
v 0.0418488071 0.00526214032 -0.047
v 0.041873183 0.00538184552 -0.044
v 0.0418954227 0.00550197034 -0.047
v 0.041933646 0.00574330716 -0.044
v 0.0419495914 0.0058644238 -0.047
v 0.0419634388 0.00598580747 -0.044
v 0.0419751499 0.00610742001 -0.047
v 0.0419847248 0.0062292233 -0.044
v 0.0419922016 0.0063511601 -0.047
v 0.041997504 0.00647321133 -0.044
v 0.041997504 0.00696181683 -0.047
v 0.041997504 0.00696181683 -0.044
v 0.0419922016 0.00708386807 -0.047
v 0.0419847248 0.00720580487 -0.044
v 0.0419751499 0.00732760816 -0.047
v 0.0419634388 0.0074492207 -0.044
v 0.0419495914 0.00757060437 -0.047
v 0.041933646 0.00769172101 -0.044
v 0.0419156025 0.00781255154 -0.047
v 0.0418954227 0.00793305783 -0.044
v 0.041873183 0.00805318265 -0.047
v 0.0418488071 0.00817288785 -0.044
v 0.0418223712 0.00829217343 -0.047
v 0.0417938373 0.0084109631 -0.044
v 0.0417632816 0.00852925687 -0.047
v 0.0417632816 0.00852925687 -0.044
v 0.0419987247 0.0105959836 -0.0519999999
v 0.0419987247 0.0105959836 -0.05
v 0.0418591068 0.0108378163 -0.0519999999
v 0.0418591068 0.0108378163 -0.05
v 0.0419711444 0.0259111157 -0.00818767071
v 0.0419711444 0.0259111157 0.00818767071
v 0.0417654178 0.0261168423 -0.00857676744
v 0.0418694828 0.0260127774 -0.0083834815
v 0.0418694828 0.0260127774 0.00838347912
v 0.0417654178 0.0261168423 0.00857676506
v 0.0420653675 0.00296174435 -0.0519999999
v 0.0420653675 0.00296174435 -0.05
v 0.0421298358 0.0030855885 -0.0519999999
v 0.0421298358 0.0030855885 -0.05
v 0.0420007083 0.00659533887 -0.047
v 0.0420017765 0.00671752362 -0.044
v 0.0420007083 0.0068396893 -0.047
v 0.0420007083 0.0068396893 -0.044
v 0.0421921299 0.0102244893 -0.0519999999
v 0.0421921299 0.0102244893 -0.05
v 0.0421298358 0.0103494397 -0.0519999999
v 0.0421298358 0.0103494397 -0.05
v 0.0421671817 0.0257150784 -0.00778871536
v 0.0421671817 0.0257150784 0.00778871536
v 0.0420703647 0.0258118763 -0.00798939466
v 0.0420703647 0.0258118763 0.00798939705
v 0.0422522495 0.00333657651 -0.0519999999
v 0.0422522495 0.00333657651 -0.05
v 0.042365813 0.00359166531 -0.0519999999
v 0.042365813 0.00359166531 -0.05
v 0.042470412 0.00385056882 -0.0519999999
v 0.042470412 0.00385056882 -0.05
v 0.042470412 0.00958445935 -0.0519999999
v 0.042470412 0.00958445935 -0.05
v 0.042365813 0.00984336285 -0.0519999999
v 0.042365813 0.00984336285 -0.05
v 0.0422522495 0.0100984517 -0.0519999999
v 0.0422522495 0.0100984517 -0.05
v 0.0424426029 0.0254396382 -0.00717284679
v 0.0424426029 0.0254396382 0.00717284679
v 0.0422615192 0.0256207409 -0.00758568764
v 0.0423533008 0.0255289402 -0.00738037825
v 0.0423533008 0.0255289402 0.00738037586
v 0.0422615192 0.0256207409 0.00758568764
v 0.0425193164 0.00398135571 -0.0519999999
v 0.0425193164 0.00398135571 -0.05
v 0.042565932 0.00411296277 -0.0519999999
v 0.042565932 0.00411296277 -0.05
v 0.0426522205 0.00437854199 -0.0519999999
v 0.0426522205 0.00437854199 -0.05
v 0.0426918933 0.00451241879 -0.0519999999
v 0.0426918933 0.00451241879 -0.05
v 0.0427292011 0.008788065 -0.0519999999
v 0.0427292011 0.008788065 -0.05
v 0.0426522205 0.00905648618 -0.0519999999
v 0.0426522205 0.00905648618 -0.05
v 0.042565932 0.0093220654 -0.0519999999
v 0.042565932 0.0093220654 -0.05
v 0.0426949832 0.0251872578 -0.00653754473
v 0.0426949832 0.0251872578 0.00653754711
v 0.0425293109 0.0253529301 -0.00696315527
v 0.0426134632 0.0252687779 0.00675136566
v 0.0427641437 0.00478213696 -0.0519999999
v 0.0427641437 0.00478213696 -0.05
v 0.0428269718 0.00505422025 -0.0519999999
v 0.0428269718 0.00505422025 -0.05
v 0.0428802631 0.00532832532 -0.0519999999
v 0.0428802631 0.00532832532 -0.05
v 0.0429239414 0.00560412793 -0.0519999999
v 0.0429239414 0.00560412793 -0.05
v 0.0429579685 0.00588128476 -0.0519999999
v 0.0429579685 0.00588128476 -0.05
v 0.0429713581 0.00602027326 -0.0519999999
v 0.0429713581 0.00602027326 -0.05
v 0.042990813 0.00629882245 -0.0519999999
v 0.042990813 0.00629882245 -0.05
v 0.0429969165 0.00699670224 -0.0519999999
v 0.0429969165 0.00699670224 -0.05
v 0.042990813 0.00713620572 -0.0519999999
v 0.042990813 0.00713620572 -0.05
v 0.0429823062 0.00727557568 -0.0519999999
v 0.0429823062 0.00727557568 -0.05
v 0.0429579685 0.00755374341 -0.0519999999
v 0.0429579685 0.00755374341 -0.05
v 0.0429239414 0.00783090024 -0.0519999999
v 0.0429239414 0.00783090024 -0.05
v 0.0428802631 0.00810670285 -0.0519999999
v 0.0428802631 0.00810670285 -0.05
v 0.0428269718 0.00838080792 -0.0519999999
v 0.0428269718 0.00838080792 -0.05
v 0.0427967594 0.00851712613 -0.0519999999
v 0.0427967594 0.00851712613 -0.05
v 0.0429236743 0.0249585858 -0.00588453293
v 0.0429945133 0.0248877278 -0.00566323042
v 0.0429945133 0.0248877278 0.00566322803
v 0.0429236743 0.0249585858 0.00588453293
v 0.0427738712 0.0251083699 -0.00632175446
v 0.042850127 0.0250321331 -0.0061040616
v 0.042850127 0.0250321331 0.00610406399
v 0.0427738712 0.0251083699 0.00632175446
v 0.0430005786 0.00657788663 -0.0519999999
v 0.0430005786 0.00657788663 -0.05
v 0.0430005786 0.00685714154 -0.0519999999
v 0.0430005786 0.00685714154 -0.05
v 0.0431906269 0.0246916333 -0.00498936176
v 0.0431906269 0.0246916333 0.00498936176
v 0.0430626438 0.0248196164 -0.00544022083
v 0.0431280277 0.0247542325 -0.0052155757
v 0.0431280277 0.0247542325 0.00521557808
v 0.0430626438 0.0248196164 0.00544022083
v 0.0434130237 0.0244692173 -0.00407016277
v 0.0434615467 0.0244207135 -0.00383712292
v 0.0434615467 0.0244207135 0.00383712292
v 0.0434130237 0.0244692173 0.00407016277
v 0.0432504413 0.0246317997 -0.00476164341
v 0.043307471 0.0245747891 -0.00453248978
v 0.0433616779 0.0245205822 -0.00430197239
v 0.0433616779 0.0245205822 0.00430197239
v 0.043307471 0.0245747891 0.00453248978
v 0.0432504413 0.0246317997 0.00476164341
v 0.0436608264 0.0242214146 -0.00265602589
v 0.0436919544 0.0241902867 -0.00241712093
v 0.043720145 0.0241620961 -0.00217748642
v 0.0437453983 0.0241368618 -0.00193719864
v 0.0437453983 0.0241368618 0.00193719864
v 0.043720145 0.0241620961 0.00217748642
v 0.0436919544 0.0241902867 0.00241712093
v 0.0436608264 0.0242214146 0.00265602589
v 0.0435071704 0.0243750706 -0.00360293388
v 0.0435499332 0.0243323079 -0.00336765289
v 0.0435898349 0.0242924252 -0.00313136578
v 0.0436267993 0.0242554608 -0.00289412975
v 0.0436267993 0.0242554608 0.00289412975
v 0.0435898349 0.0242924252 0.00313136578
v 0.0435499332 0.0243323079 0.00336765289
v 0.0435071704 0.0243750706 0.00360293388
v 0.0437676761 0.0241145649 -0.00169632435
v 0.0437870166 0.0240952435 -0.00145494461
v 0.0438033817 0.0240788594 -0.00121312141
v 0.0438167713 0.0240654698 -0.000970935822
v 0.0438272235 0.0240550366 -0.000728459358
v 0.0438346622 0.0240475979 -0.000485758781
v 0.0438391254 0.0240431157 -0.000242915154
v 0.0438391254 0.0240431157 0.000242915154
v 0.0438346622 0.0240475979 0.000485758781
v 0.0438272235 0.0240550366 0.000728459358
v 0.0438167713 0.0240654698 0.000970935822
v 0.0438033817 0.0240788594 0.00121312141
v 0.0437870166 0.0240952435 0.00145494461
v 0.0437676761 0.0241145649 0.00169632435
v 0.0452548358 0.0113136998 -0.04
v 0.0452548358 0.0113136998 0.0219999981
v 0.0464501712 0.0101183644 0.0280000019
v 0.0463155124 0.0123743763 -0.04
v 0.0463155124 0.0123743763 0.0219999981
v 0.0467793415 0.00978921323 0.0275656652
v 0.0471032856 0.00946525006 0.0271235943
v 0.0474219654 0.00914658933 0.026673913
v 0.0477352665 0.00883326917 0.0262167406
v 0.0480431125 0.0085254231 0.0257522106
v 0.0480832431 0.0141421261 -0.0380000001
v 0.0480832431 0.0141421261 0.0219999981
v 0.0483454273 0.00822312741 0.0252804518
v 0.0486420963 0.00792645841 0.0248015976
v 0.0489330432 0.00763551144 0.0243157768
v 0.0487903736 0.00777818112 -0.044
v 0.0487903736 0.00777818112 -0.043
v 0.0492181919 0.00735034375 0.0238231373
v 0.0494974659 0.00707106976 -0.044
v 0.0494974659 0.00707106976 0.0233238077
v 0.0494974659 0.00848527341 -0.047
v 0.0494974659 0.00848527341 -0.043
v 0.0509116886 0.00848527341 -0.0519999999
v 0.0509116886 0.00848527341 -0.05
v 0.0509116886 0.0169705716 -0.0380000001
v 0.0509116886 0.0169705716 0.0219999981
v 0.052107024 0.0157752171 0.0280000019
v 0.0524361942 0.0154460659 0.0275656652
v 0.0527601383 0.0151221028 0.0271235943
v 0.0530788181 0.014803442 0.026673913
v 0.0533921192 0.0144901219 0.0262167406
v 0.0536999652 0.0141822758 0.0257522106
v 0.05400228 0.0138799801 0.0252804518
v 0.054298949 0.0135833111 0.0248015976
v 0.054589896 0.0132923642 0.0243157768
v 0.0548750446 0.0130071965 0.0238231373
v 0.0551543186 0.0127279225 -0.044
v 0.0551543186 0.0127279225 0.0233238077
v 0.0593969867 0.00848527341 -0.0519999999
v 0.0593969867 0.00848527341 -0.044
v -0.0438406231 -0.00141420932 -0.0519999999
v -0.0438406231 -0.00141420932 0.0233238077
v -0.0435613301 -0.00169350238 0.0238231373
v -0.0432761815 -0.001978651 0.0243157768
v -0.0429852345 -0.00226959796 0.0248015976
v -0.0426885655 -0.00256626697 0.0252804518
v -0.0423862507 -0.00286858173 0.0257522106
v -0.0420784047 -0.00317642779 0.0262167406
v -0.0417651036 -0.00348972888 0.026673913
v -0.0414464238 -0.00380840869 0.0271235943
v -0.0411224797 -0.00413237186 0.0275656652
v -0.0407535031 -0.00450134845 -0.0484685835
v -0.0407535031 -0.00450134845 -0.0475314164
v -0.0407852604 -0.00446957202 -0.0482659385
v -0.0408000615 -0.004454771 -0.0480000001
v -0.0407883694 -0.00446646304 -0.0477634057
v -0.0407591107 -0.00449574084 -0.0475600076
v -0.0407933285 -0.00446152301 0.0280000019
v -0.0405579998 -0.00469683261 -0.0490230855
v -0.0406690457 -0.00458578677 -0.0487717837
v -0.0407412198 -0.0045136127 -0.0485253289
v -0.0407475331 -0.00450729938 -0.0484970319
v -0.0407475331 -0.00450729938 -0.047502968
v -0.0406784108 -0.00457642169 -0.0472547691
v -0.040570493 -0.00468435855 -0.0470007651
v -0.0405052044 -0.00474962802 -0.0468846996
v -0.0402526715 -0.00500216098 -0.0494257399
v -0.0402526715 -0.00500216098 -0.04657426
v -0.040402322 -0.00485251041 -0.0492633462
v -0.0404912999 -0.00476353259 -0.049137522
v -0.0404177906 -0.00483704181 -0.0467566986
v -0.0402701809 -0.00498465152 -0.0465906361
v -0.0401623204 -0.00509251208 -0.0495010108
v -0.0402349904 -0.0050198421 -0.0494416818
v -0.0401807644 -0.00507406802 -0.0465131465
v -0.0400091221 -0.00524571033 -0.0464025225
v -0.0399893429 -0.00526548953 -0.0496073815
v -0.0397652867 -0.00548956485 -0.0463165443
v -0.0397444775 -0.00551035495 -0.0496873283
v -0.0395979741 -0.0056568584 -0.0463
v -0.0395979741 -0.0056568584 -0.0380000001
v -0.0395979741 -0.0056568584 0.0219999981
v -0.0394932034 -0.00576162906 -0.0496935311
v -0.0392666485 -0.00598818393 -0.0463658552
v -0.039246526 -0.00600830646 -0.049625718
v -0.0390152028 -0.0062396297 -0.0494868535
v -0.0390152028 -0.0062396297 -0.0465131465
v -0.0390336277 -0.00622120471 -0.0464989892
v -0.0389969304 -0.0062579021 -0.0494722432
v -0.0387781575 -0.00647667499 -0.0492433012
v -0.0387629368 -0.00649189563 -0.0467771223
v -0.0387936261 -0.00646120639 -0.0467366537
v -0.0387479832 -0.00650684924 -0.0492020816
v -0.0386254742 -0.00662935825 -0.048999235
v -0.0385175564 -0.00673727603 -0.048745231
v -0.0385085156 -0.00674631686 -0.047281549
v -0.0385269215 -0.00672791095 -0.0472282161
v -0.0386379483 -0.00661688419 -0.0469769144
v -0.0384998181 -0.00675501437 -0.0486914521
v -0.038448415 -0.00680641742 -0.0484970319
v -0.0384075978 -0.00684723468 -0.0482365942
v -0.0383960774 -0.00685875507 -0.047970331
v -0.0384107068 -0.00684414477 -0.0477340615
v -0.0384547284 -0.00680010409 -0.0474746712
v -0.0381837704 0.0042426434 -0.0519999999
v -0.0381837704 0.0042426434 0.0233238077
v -0.0379044774 0.00396335034 0.0238231373
v -0.0376193287 0.00367820172 0.0243157768
v -0.0373283818 0.00338725476 0.0248015976
v -0.0370317128 0.00309058576 0.0252804518
v -0.0367695477 -0.00282843204 -0.0380000001
v -0.0367695477 -0.00282843204 0.0219999981
v -0.036729398 0.002788271 0.0257522106
v -0.0364215519 0.00248042493 0.0262167406
v -0.0361082509 0.00216712384 0.026673913
v -0.035789571 0.00184844403 0.0271235943
v -0.0354656079 0.00152449994 0.0275656652
v -0.0350017788 -0.00106066318 -0.04
v -0.0350017788 -0.00106066318 0.0219999981
v -0.0350025036 0.00106137662 -0.0487981015
v -0.035021558 0.00108043103 -0.048745231
v -0.0350906804 0.00114955335 -0.0484970319
v -0.0351315167 0.00119038968 -0.0482365942
v -0.035143018 0.00120189099 -0.047970331
v -0.0351284077 0.0011872807 -0.0477340615
v -0.035084367 0.00114324002 -0.0474746712
v -0.035012193 0.00107106595 -0.0472282161
v -0.0351364567 0.00119534879 0.0280000019
v -0.0347609379 0.000819810914 -0.0492433012
v -0.0349136212 0.000972513245 -0.048999235
v -0.0349376919 0.000996564912 -0.047049372
v -0.0349011471 0.000960020112 -0.0469769144
v -0.0349492695 0.00100814252 -0.0489258865
v -0.03499249 0.00105136304 -0.0471758236
v -0.0345054676 0.000564340638 -0.0495010108
v -0.0345239117 0.000582784699 -0.0494868535
v -0.0346811917 0.000740083741 -0.0466603817
v -0.0345054676 0.000564340638 -0.0464989892
v -0.0346976139 0.000756486939 -0.0493211481
v -0.0347454693 0.000804342316 -0.0467366537
v -0.034252248 0.000311121033 -0.0496420738
v -0.0344300511 0.000488924073 -0.0464469728
v -0.0344491436 0.000508016633 -0.0495407233
v -0.0344868519 0.000545724915 -0.0464852889
v -0.0340040448 6.29177559e-05 -0.0496976703
v -0.0341910603 0.000249933289 -0.0463371491
v -0.0342115262 0.000270418214 -0.049656429
v -0.0342319348 0.000290807771 -0.0463504973
v -0.0337530758 -0.000188051177 -0.0496790701
v -0.0339411213 -5.67551867e-09 -0.0463
v -0.0339411213 -5.67551867e-09 -0.04
v -0.0339411213 -5.67551867e-09 0.0219999981
v -0.0339621022 2.09751594e-05 -0.049699741
v -0.033983083 4.19559944e-05 -0.0463010356
v -0.0335103466 -0.000430780364 -0.0495870867
v -0.0336707165 -0.000270410491 -0.0463435709
v -0.0336912014 -0.000249925567 -0.0496628508
v -0.0337323811 -0.00020874591 -0.0463258268
v -0.033376775 -0.000564351989 -0.0495010108
v -0.0332516339 -0.000689493133 -0.0493925583
v -0.03335835 -0.000582776977 -0.0465131465
v -0.033433099 -0.000508027984 -0.0464592768
v -0.0334521916 -0.000488935424 -0.0495530272
v -0.0334908154 -0.000450311614 -0.0464237875
v -0.0331367733 -0.000804353667 -0.0492633462
v -0.0330069401 -0.000934186889 -0.0490698448
v -0.0331213047 -0.000819822265 -0.0467566986
v -0.0331846287 -0.00075649829 -0.0466788518
v -0.033201051 -0.000740076019 -0.0493396184
v -0.0332345631 -0.000706563903 -0.0466246711
v -0.0328700688 -0.00107105823 -0.0487717837
v -0.0327978756 -0.00114325137 -0.0485253289
v -0.032753835 -0.00118727298 -0.0482659385
v -0.0327507451 -0.00119038196 -0.0482365942
v -0.0327507451 -0.00119038196 -0.0477634057
v -0.0327915623 -0.0011495647 -0.047502968
v -0.0328607037 -0.00108042331 -0.0472547691
v -0.0329329731 -0.00100815387 -0.0470741136
v -0.0329810955 -0.000960031463 -0.0490230855
v -0.0329445507 -0.000996576263 -0.048950628
v -0.0329686215 -0.000972505523 -0.0470007651
v -0.0329938748 -0.000947252227 -0.0469533755
v -0.0325030758 -0.0127517566 -0.000970935822
v -0.0325030758 -0.0127517566 0.000970935822
v -0.032513509 -0.0127413234 -0.000728459358
v -0.0325209477 -0.0127338848 -0.000485758781
v -0.03252543 -0.0127294216 -0.000242915154
v -0.03252543 -0.0127294216 0.000242915154
v -0.0325209477 -0.0127338848 0.000485758781
v -0.032513509 -0.0127413234 0.000728459358
v -0.032739053 -0.001202074 -0.0480000001
v -0.0327479985 -0.00119312854 -0.0477928221
v -0.0322761013 -0.0129787311 -0.00313136578
v -0.0323130848 -0.0129417476 -0.00289412975
v -0.032347131 -0.0129077014 -0.00265602589
v -0.0323782589 -0.0128765735 -0.00241712093
v -0.0324064305 -0.012848402 -0.00217748642
v -0.0324316838 -0.0128231487 -0.00193719864
v -0.0324539807 -0.0128008518 -0.00169632435
v -0.0324733021 -0.0127815303 -0.00145494461
v -0.0324896862 -0.0127651653 -0.00121312141
v -0.0324896862 -0.0127651653 0.00121312141
v -0.0324733021 -0.0127815303 0.00145494461
v -0.0324539807 -0.0128008518 0.00169632435
v -0.0324316838 -0.0128231487 0.00193719864
v -0.0324064305 -0.012848402 0.00217748642
v -0.0323782589 -0.0128765735 0.00241712093
v -0.032347131 -0.0129077014 0.00265602589
v -0.0323130848 -0.0129417476 0.00289412975
v -0.0322761013 -0.0129787311 0.00313136578
v -0.0320479443 -0.0132068882 -0.00430197239
v -0.0320993092 -0.0131555233 -0.00407016277
v -0.0321478322 -0.0131070003 -0.00383712292
v -0.032193475 -0.0130613575 -0.00360293388
v -0.0322362378 -0.0130185947 -0.00336765289
v -0.0322362378 -0.0130185947 0.00336765289
v -0.032193475 -0.0130613575 0.00360293388
v -0.0321478322 -0.0131070003 0.00383712292
v -0.0320993092 -0.0131555233 0.00407016277
v -0.0320479443 -0.0132068882 0.00430197239
v -0.0318142941 -0.0134405384 -0.0052155757
v -0.0318769124 -0.0133779201 -0.00498936176
v -0.0319937565 -0.0132610759 -0.00453248978
v -0.0319937565 -0.0132610759 0.00453248978
v -0.0319367268 -0.0133181057 0.00476164341
v -0.0318142941 -0.0134405384 0.00521557808
v -0.0315364125 -0.01371842 -0.0061040616
v -0.0316099598 -0.0136448726 -0.00588453293
v -0.0316808178 -0.0135740337 -0.00566323042
v -0.0317489293 -0.0135059032 -0.00544022083
v -0.0317489293 -0.0135059032 0.00544022083
v -0.0316808178 -0.0135740337 0.00566322803
v -0.0316099598 -0.0136448726 0.00588453293
v -0.0315364125 -0.01371842 0.00610406399
v -0.0312997677 -0.0139550647 -0.00675136566
v -0.0313812878 -0.0138735446 -0.00653754473
v -0.0314601757 -0.0137946567 -0.00632175446
v -0.0314601757 -0.0137946567 0.00632175446
v -0.0313812878 -0.0138735446 0.00653754711
v -0.0312997677 -0.0139550647 0.00675136566
v -0.0310396054 -0.0142152271 -0.00738037825
v -0.0311288884 -0.0141259441 -0.00717284679
v -0.0312156155 -0.0140392169 -0.00696315527
v -0.0312156155 -0.0140392169 0.00696315289
v -0.0311288884 -0.0141259441 0.00717284679
v -0.0310396054 -0.0142152271 0.00738037586
v -0.0307566693 -0.0144981632 -0.00798939466
v -0.0309477856 -0.0143070468 -0.00758568764
v -0.0309477856 -0.0143070468 0.00758568764
v -0.0308534672 -0.0144013652 0.00778871536
v -0.0305557682 -0.0146990833 -0.0083834815
v -0.0306574299 -0.0145974025 -0.00818767071
v -0.0306574299 -0.0145974025 0.00818767071
v -0.0305557682 -0.0146990833 0.00838347912
v -0.0303452923 -0.0149095401 -0.00876747131
v -0.0304517033 -0.0148031291 -0.00857676744
v -0.0304517033 -0.0148031291 0.00857676506
v -0.0303452923 -0.0149095401 0.00876747131
v -0.0300122693 -0.0152425632 -0.00932351828
v -0.0301255467 -0.0151292858 -0.00914090157
v -0.0302365735 -0.015018259 -0.00895553589
v -0.0302365735 -0.015018259 0.00895553589
v -0.0301255467 -0.0151292858 0.00914090157
v -0.0300122693 -0.0152425632 0.00932351589
v -0.0297790768 -0.0154757556 -0.00968027353
v -0.0298967602 -0.0153580722 0.00950332642
v -0.0295372632 -0.0157175693 -0.0100253701
v -0.029659219 -0.0155956134 -0.00985430479
v -0.029659219 -0.0155956134 0.00985430717
v -0.0295372632 -0.0157175693 0.0100253725
v -0.0295187046 -0.0100792751 -0.00265602589
v -0.0295498326 -0.0100481472 -0.00241712093
v -0.0295780041 -0.0100199756 -0.00217748642
v -0.0295780041 -0.0100199756 0.00217748642
v -0.0295498326 -0.0100481472 0.00241712093
v -0.0295187046 -0.0100792751 0.00265602589
v -0.0296032574 -0.00999472232 -0.00193719864
v -0.0296255543 -0.00997242541 -0.00169632435
v -0.0296448758 -0.00995310397 -0.00145494461
v -0.0296612408 -0.00993673892 -0.00121312141
v -0.0296746495 -0.00992333026 -0.000970935822
v -0.0296850827 -0.00991289706 -0.000728459358
v -0.0296925213 -0.0099054584 -0.000485758781
v -0.0296970036 -0.00990097613 -0.000242915154
v -0.0296970036 -0.00990097613 0.000242915154
v -0.0296925213 -0.0099054584 0.000485758781
v -0.0296850827 -0.00991289706 0.000728459358
v -0.0296746495 -0.00992333026 0.000970935822
v -0.0296612408 -0.00993673892 0.00121312141
v -0.0296448758 -0.00995310397 0.00145494461
v -0.0296255543 -0.00997242541 0.00169632435
v -0.0296032574 -0.00999472232 0.00193719864
v -0.0293553402 -0.0158994922 -0.0487717837
v -0.0294275143 -0.0158273181 -0.0485253289
v -0.029471555 -0.0157832775 -0.0482659385
v -0.029486356 -0.0157684764 -0.0480000001
v -0.0294746449 -0.0157801876 -0.0477634057
v -0.0294338276 -0.0158210048 -0.047502968
v -0.0293646862 -0.0158901462 -0.0472547691
v -0.0292567685 -0.015998064 -0.0470007651
v -0.0292871335 -0.015967699 -0.0103583956
v -0.0294132283 -0.0158416233 -0.0101934171
v -0.0294132283 -0.0158416233 0.0101934195
v -0.0292871335 -0.015967699 0.0103583956
v -0.0292708828 -0.0103270969 -0.00407016277
v -0.0293194058 -0.0102785739 -0.00383712292
v -0.0293194058 -0.0102785739 0.00383712292
v -0.0292708828 -0.0103270969 0.00407016277
v -0.0293650486 -0.0102329311 -0.00360293388
v -0.0294078114 -0.0101901683 -0.00336765289
v -0.029447675 -0.0101503047 -0.00313136578
v -0.0294846585 -0.0101133213 -0.00289412975
v -0.0294846585 -0.0101133213 0.00289412975
v -0.029447675 -0.0101503047 0.00313136578
v -0.0294078114 -0.0101901683 0.00336765289
v -0.0293650486 -0.0102329311 0.00360293388
v -0.0290886166 -0.0161662159 -0.0492633462
v -0.0292442944 -0.0160105381 -0.0490230855
v -0.0291040852 -0.0161507473 -0.0467566986
v -0.0290077069 -0.0162471256 -0.0466423196
v -0.0290289929 -0.0162258586 -0.0106789446
v -0.0291590359 -0.0160957965 0.0105202532
v -0.029048486 -0.0105494937 -0.00498936176
v -0.029048486 -0.0105494937 0.00498936176
v -0.0291083004 -0.0104896793 -0.00476164341
v -0.0291653302 -0.0104326496 -0.00453248978
v -0.0292195179 -0.0103784618 -0.00430197239
v -0.0292195179 -0.0103784618 0.00430197239
v -0.0291653302 -0.0104326496 0.00453248978
v -0.0291083004 -0.0104896793 0.00476164341
v -0.0287539532 -0.0165008792 -0.0495648584
v -0.0287539532 -0.0165008792 -0.0464351417
v -0.0288486149 -0.0164062175 -0.0495010108
v -0.0289908459 -0.0162640056 -0.049375329
v -0.028867059 -0.0163877735 -0.0465131465
v -0.0287731984 -0.0164816341 -0.0464469728
v -0.0287631276 -0.0164917049 -0.0109866357
v -0.0288970044 -0.0163578281 0.0108344221
v -0.0287815335 -0.0108164463 -0.00588453293
v -0.0287815335 -0.0108164463 0.00588453293
v -0.0288523915 -0.0107455883 -0.00566323042
v -0.0289205029 -0.0106774768 -0.00544022083
v -0.0289858677 -0.010612112 -0.0052155757
v -0.0289858677 -0.010612112 0.00521557808
v -0.0289205029 -0.0106774768 0.00544022083
v -0.0288523915 -0.0107455883 0.00566322803
v -0.0287345746 -0.0165202579 -0.0495762125
v -0.0285136464 -0.0167411861 -0.0463312338
v -0.0286274006 -0.0166274318 -0.01113554
v -0.0286274006 -0.0166274318 0.01113554
v -0.0285528614 -0.0110451183 -0.00653754473
v -0.0285528614 -0.0110451183 0.00653754711
v -0.0286317494 -0.0109662303 -0.00632175446
v -0.0287079861 -0.0108899936 -0.0061040616
v -0.0287079861 -0.0108899936 0.00610406399
v -0.0286317494 -0.0109662303 0.00632175446
v -0.0284930088 -0.0167618236 -0.0496741733
v -0.0282842686 -0.0169705638 -0.0463
v -0.0283505871 -0.0169042453 -0.0114232516
v -0.0284898808 -0.0167649517 0.0112810946
v -0.028300462 -0.0112975177 -0.00717284679
v -0.028300462 -0.0112975177 0.00717284679
v -0.0283871891 -0.0112107906 -0.00696315527
v -0.0284713414 -0.0111266384 0.00675136566
v -0.028242326 -0.0170125064 -0.0496989644
v -0.0280138638 -0.0172409687 -0.0463435709
v -0.028066869 -0.0171879634 -0.0116972041
v -0.0282095768 -0.0170452556 0.0115619659
v -0.0280250409 -0.0115729389 -0.00778871536
v -0.0280250409 -0.0115729389 0.00778871536
v -0.0281193593 -0.0114786205 -0.00758568764
v -0.028211179 -0.0113868007 -0.00738037825
v -0.028211179 -0.0113868007 0.00738037586
v -0.0281193593 -0.0114786205 0.00758568764
v -0.0279934552 -0.0172613773 -0.0496495026
v -0.0277573063 -0.0174975261 -0.0464720501
v -0.0277766087 -0.0174782238 -0.0119570708
v -0.0279225399 -0.0173322925 0.0118289185
v -0.0278290036 -0.0117689762 -0.00818767071
v -0.0278290036 -0.0117689762 0.00818767071
v -0.0279282429 -0.0116697368 -0.00798939466
v -0.0279282429 -0.0116697368 0.00798939705
v -0.0277654126 -0.00829704852 -0.00254781246
v -0.0277953198 -0.00826712222 -0.00230750561
v -0.0277953198 -0.00826712222 0.00230750561
v -0.0277654126 -0.00829704852 0.00254781246
v -0.0278222897 -0.00824017139 -0.00206649303
v -0.0278462651 -0.00821617694 -0.0018248558
v -0.027867265 -0.00819519611 -0.00158266544
v -0.0278852704 -0.00817717166 -0.00133999348
v -0.0279002812 -0.00816216083 -0.00109691143
v -0.0279122975 -0.00815014453 -0.000853500366
v -0.0279213192 -0.00814112277 -0.000609827042
v -0.0279273274 -0.00813511462 -0.000365972519
v -0.027930341 -0.00813210101 -0.000122003555
v -0.027930341 -0.00813210101 0.000122003555
v -0.0279273274 -0.00813511462 0.000365972519
v -0.0279213192 -0.00814112277 0.000609827042
v -0.0279122975 -0.00815014453 0.000853500366
v -0.0279002812 -0.00816216083 0.00109691143
v -0.0278852704 -0.00817717166 0.00133999348
v -0.027867265 -0.00819519611 0.00158266544
v -0.0278462651 -0.00821617694 0.0018248558
v -0.0278222897 -0.00824017139 0.00206649303
v -0.027738538 -0.0175162944 -0.0495147112
v -0.0277014973 -0.0175533351 -0.0494868535
v -0.0275115826 -0.0177432498 -0.0466977245
v -0.0277199223 -0.0175349102 -0.0464989892
v -0.0276291325 -0.0176257 -0.0120816231
v -0.0276291325 -0.0176257 0.0120816231
v -0.027516866 -0.0120811138 -0.00876747131
v -0.027516866 -0.0120811138 0.00876747131
v -0.0276232769 -0.0119747028 -0.00857676744
v -0.0277273419 -0.0118706378 -0.0083834815
v -0.0277273419 -0.0118706378 0.00838347912
v -0.0276232769 -0.0119747028 0.00857676506
v -0.0275241711 -0.0085382709 -0.00397087574
v -0.0275241711 -0.0085382709 0.00397087574
v -0.0275716641 -0.00849077792 -0.0037362957
v -0.0276579525 -0.00840450854 -0.00326380253
v -0.0276967099 -0.00836573215 -0.00302603245
v -0.0277325299 -0.00832991214 -0.00278734684
v -0.0277325299 -0.00832991214 0.00278734684
v -0.0276967099 -0.00836573215 0.00302603245
v -0.0276579525 -0.00840450854 0.00326380253
v -0.0276162579 -0.00844618411 0.00350058079
v -0.0272538807 -0.0180009517 -0.0488755646
v -0.0272538807 -0.0180009517 -0.0471244353
v -0.0274956372 -0.0177591953 -0.0492830062
v -0.027464452 -0.0177903804 -0.0492433012
v -0.0273117688 -0.0179430637 -0.048999235
v -0.027264848 -0.0179899845 -0.0470991373
v -0.0273242428 -0.0179305896 -0.0469769144
v -0.0274799206 -0.0177749118 -0.0467366537
v -0.0273296978 -0.0179251346 -0.0123197794
v -0.0274801495 -0.017774683 -0.0122025394
v -0.0274801495 -0.017774683 0.0122025394
v -0.0273296978 -0.0179251346 0.0123197794
v -0.0272971203 -0.0123008594 -0.00914090157
v -0.0272971203 -0.0123008594 0.00914090157
v -0.0274081471 -0.0121898326 -0.00895553589
v -0.0274081471 -0.0121898326 0.00895553589
v -0.0273055127 -0.00875692935 -0.00489642143
v -0.0273055127 -0.00875692935 0.00489642143
v -0.0273644497 -0.00869799228 -0.00466709137
v -0.0274205449 -0.00864189716 -0.00443634033
v -0.027473798 -0.00858864398 -0.00420424461
v -0.027473798 -0.00858864398 0.00420424461
v -0.0274205449 -0.00864189716 0.00443634033
v -0.0273644497 -0.00869799228 0.00466709137
v -0.0272432377 -0.0180115947 -0.0488499999
v -0.027203851 -0.0180509815 -0.048745231
v -0.0271347096 -0.0181201229 -0.0484970319
v -0.0270938923 -0.0181609401 -0.0482365942
v -0.0270823719 -0.0181724605 -0.047970331
v -0.0270969822 -0.0181578502 -0.0477340615
v -0.0271410229 -0.0181138095 -0.0474746712
v -0.0272132161 -0.0180416164 -0.0472282161
v -0.0270246174 -0.018230215 -0.0125430989
v -0.0271778347 -0.0180769977 -0.0124333119
v -0.0271778347 -0.0180769977 0.0124333096
v -0.0270246174 -0.018230215 0.0125431013
v -0.0270683339 -0.0125296459 -0.00950332642
v -0.0270683339 -0.0125296459 0.00950332642
v -0.0271838429 -0.0124141368 -0.00932351828
v -0.0271838429 -0.0124141368 0.00932351589
v -0.0270418026 -0.00902063937 -0.00579817772
v -0.0270418026 -0.00902063937 0.00579817772
v -0.0271118977 -0.00895056338 -0.00557521105
v -0.0271792271 -0.00888323398 -0.00535054922
v -0.0272437718 -0.00881867023 -0.00512426376
v -0.0272437718 -0.00881867023 0.00512426376
v -0.0271792271 -0.00888323398 0.00535055161
v -0.0271118977 -0.00895056338 0.00557520866
v -0.026870065 -0.0183847675 -0.0380000001
v -0.026870065 -0.0183847675 -0.0126491117
v -0.026870065 -0.0183847675 0.0126491117
v -0.026870065 -0.0183847675 0.0219999981
v -0.0268307927 -0.0127671871 -0.00985430479
v -0.0268307927 -0.0127671871 0.00985430717
v -0.0269506504 -0.0126473293 -0.00968027353
v -0.0269506504 -0.0126473293 0.00968027115
v -0.0268152096 -0.00924723239 -0.00645624399
v -0.0268934491 -0.00916901202 -0.00623876095
v -0.0269689801 -0.00909346194 0.00601938248
v -0.0268152096 -0.00924723239 0.00645624638
v -0.0267616131 -0.00717951388 -0.00206649303
v -0.0267856076 -0.00715551944 -0.0018248558
v -0.0268065884 -0.00713451953 -0.00158266544
v -0.0268246129 -0.00711651416 -0.00133999348
v -0.0268396237 -0.00710150333 -0.00109691143
v -0.02685164 -0.00708948703 -0.000853500366
v -0.0268606617 -0.00708046527 -0.000609827042
v -0.0268666699 -0.00707445712 -0.000365972519
v -0.0268696835 -0.00707144351 -0.000122003555
v -0.0268696835 -0.00707144351 0.000122003555
v -0.0268666699 -0.00707445712 0.000365972519
v -0.0268606617 -0.00708046527 0.000609827042
v -0.02685164 -0.00708948703 0.000853500366
v -0.0268396237 -0.00710150333 0.00109691143
v -0.0268246129 -0.00711651416 0.00133999348
v -0.0268065884 -0.00713451953 0.00158266544
v -0.0267856076 -0.00715551944 0.0018248558
v -0.0267616131 -0.00717951388 0.00206649303
v -0.0265848019 -0.0130131778 -0.0101934171
v -0.0265848019 -0.0130131778 0.0101934195
v -0.0267088368 -0.0128891429 -0.0100253701
v -0.0267088368 -0.0128891429 0.0100253725
v -0.0265646031 -0.00949783893 -0.00709666252
v -0.0266507771 -0.00941168399 -0.00688525915
v -0.026734319 -0.00932814212 -0.00667176485
v -0.026734319 -0.00932814212 0.00667176723
v -0.0266507771 -0.00941168399 0.00688526154
v -0.0265646031 -0.00949783893 0.00709666252
v -0.0265556004 -0.00738552661 -0.00350058079
v -0.026597295 -0.00734383197 -0.00326380253
v -0.0266360524 -0.00730507465 -0.00302603245
v -0.0266718724 -0.00726925464 -0.00278734684
v -0.0266718724 -0.00726925464 0.00278734684
v -0.0266360524 -0.00730507465 0.00302603245
v -0.026597295 -0.00734383197 0.00326380253
v -0.0265110066 -0.00743012042 0.0037362957
v -0.0267047551 -0.00723637195 -0.00254781246
v -0.0267346623 -0.00720646472 -0.00230750561
v -0.0267346623 -0.00720646472 0.00230750561
v -0.0267047551 -0.00723637195 0.00254781246
v -0.0263306096 -0.0132673702 -0.0105202532
v -0.0263306096 -0.0132673702 0.0105202532
v -0.0264587071 -0.0131392726 -0.0103583956
v -0.0264587071 -0.0131392726 0.0103583956
v -0.0262906887 -0.00977177234 -0.00771768332
v -0.0262906887 -0.00977177234 0.0077176857
v -0.0263845303 -0.00967791171 -0.00751293898
v -0.0264758542 -0.00958658786 -0.00730591059
v -0.0264758542 -0.00958658786 0.00730591297
v -0.0263845303 -0.00967791171 0.00751293659
v -0.0263037922 -0.00763733478 -0.00466709137
v -0.0263598874 -0.00758123965 -0.00443634033
v -0.0264131405 -0.00752798648 -0.00420424461
v -0.0264131405 -0.00752798648 0.00420424461
v -0.0263598874 -0.00758123965 0.00443634033
v -0.0263037922 -0.00763733478 0.00466709137
v -0.0264635136 -0.0074776134 -0.00397087574
v -0.0264635136 -0.0074776134 0.00397087574
v -0.026068578 -0.0135294017 -0.0108344221
v -0.026068578 -0.0135294017 0.0108344221
v -0.0262005665 -0.0133974132 -0.0106789446
v -0.0262005665 -0.0133974132 0.0106789446
v -0.0260954716 -0.0099669704 -0.00812008142
v -0.0261943104 -0.00986813159 -0.00792008638
v -0.0261943104 -0.00986813159 0.007920084
v -0.0260954716 -0.0099669704 0.00812008381
v -0.0260512211 -0.00788988681 -0.00557521105
v -0.0261185505 -0.00782257648 -0.00535054922
v -0.0261831143 -0.00775801273 -0.00512426376
v -0.0261831143 -0.00775801273 0.00512426376
v -0.0261185505 -0.00782257648 0.00535055161
v -0.0260512211 -0.00788988681 0.00557520866
v -0.0262448552 -0.00769627185 -0.00489642143
v -0.0262448552 -0.00769627185 0.00489642143
v -0.0257989743 -0.0137990055 -0.01113554
v -0.0257989743 -0.0137990055 0.01113554
v -0.0259347012 -0.0136632785 -0.0109866357
v -0.0259347012 -0.0136632785 0.0109866333
v -0.025784364 -0.010278078 -0.00870502949
v -0.025784364 -0.010278078 0.00870502949
v -0.0258904698 -0.0101719722 -0.00851261377
v -0.0259941723 -0.0100682697 -0.00831761122
v -0.0259941723 -0.0100682697 0.00831760883
v -0.0258904698 -0.0101719722 0.00851261139
v -0.0257545521 -0.00818657489 -0.00645624399
v -0.0259083226 -0.00803280444 -0.00601938486
v -0.0257609799 -0.00818014712 -0.00130660534
v -0.0257757618 -0.00816536517 -0.00108944893
v -0.0257878735 -0.00815325351 -0.000871953964
v -0.0257972767 -0.00814385028 -0.000654201508
v -0.0258040097 -0.00813711734 -0.000436244011
v -0.0258080533 -0.00813307376 -0.000218153
v -0.0258080533 -0.00813307376 0.000218153
v -0.0258040097 -0.00813711734 0.000436244011
v -0.0257972767 -0.00814385028 0.000654201508
v -0.0257878735 -0.00815325351 0.000871953964
v -0.0257757618 -0.00816536517 0.00108944893
v -0.0257609799 -0.00818014712 0.00130660534
v -0.0258327725 -0.00810833545 0.00623876095
v -0.0257545521 -0.00818657489 0.00645624638
v -0.0259811451 -0.00795998187 -0.00579817772
v -0.0259811451 -0.00795998187 0.00579817772
v -0.0255221608 -0.014075819 -0.0114232516
v -0.0255221608 -0.014075819 0.0114232492
v -0.0256614544 -0.0139365253 -0.0112810946
v -0.0256614544 -0.0139365253 0.0112810946
v -0.0255651333 -0.0104973087 -0.00908187151
v -0.0256759121 -0.0103865299 -0.00889480114
v -0.0256759121 -0.0103865299 0.00889480114
v -0.0255651333 -0.0104973087 0.00908187389
v -0.0255039456 -0.00843718143 -0.00709666252
v -0.0255901196 -0.00835100742 -0.00688525915
v -0.0256736615 -0.00826746554 -0.00667176485
v -0.025508218 -0.00843290897 -0.00323523998
v -0.0255828526 -0.00835827441 -0.00281188965
v -0.0256162503 -0.00832487674 -0.00259889603
v -0.0256469967 -0.00829413028 -0.00238511086
v -0.0256751111 -0.00826601596 -0.00217060089
v -0.0256751111 -0.00826601596 0.00217060089
v -0.0256469967 -0.00829413028 0.00238511086
v -0.0256162503 -0.00832487674 0.00259889603
v -0.0255828526 -0.00835827441 0.00281188965
v -0.0255468419 -0.00839428516 0.00302402496
v -0.0256736615 -0.00826746554 0.00667176723
v -0.0255901196 -0.00835100742 0.00688526154
v -0.0255039456 -0.00843718143 0.00709666252
v -0.0257005742 -0.00824055286 -0.00195543289
v -0.025723386 -0.00821774097 -0.00173966408
v -0.0257435086 -0.00819761844 0.00152336597
v -0.0257005742 -0.00824055286 0.00195543289
v -0.0252679875 -0.019986845 -0.00143347263
v -0.0253174069 -0.0199374256 -0.00123606682
v -0.0253718235 -0.0198830089 -0.00096768856
v -0.0254128697 -0.0198419628 -0.000694594383
v -0.025434766 -0.0198200664 -0.000487475395
v -0.0254519703 -0.0198028621 -0.000209345818
v -0.0254554226 -0.0197994289 6.980896e-05
v -0.0254489567 -0.0198058757 0.000279026031
v -0.0254283192 -0.0198265132 0.000556693077
v -0.0254038861 -0.0198509655 0.000763235092
v -0.0253594639 -0.0198953685 0.00103527546
v -0.0253017476 -0.0199530849 0.00130227089
v -0.0253811505 -0.0142168293 -0.0115619683
v -0.0253811505 -0.0142168293 0.0115619659
v -0.0253367474 -0.0107256946 -0.00944767952
v -0.0254520657 -0.0106103763 0.00926618099
v -0.0253238728 -0.00861725421 -0.00751293898
v -0.0254151967 -0.00852593036 -0.00730591059
v -0.0252763417 -0.00866476627 -0.00427525043
v -0.0253278401 -0.00861328693 -0.00406960011
v -0.0253768017 -0.00856432529 -0.00386271477
v -0.0254231884 -0.00851793857 -0.00365464687
v -0.0254231884 -0.00851793857 0.00365464687
v -0.0253768017 -0.00856432529 0.00386271477
v -0.0253278401 -0.00861328693 0.00406960011
v -0.0252763417 -0.00866476627 0.00427525043
v -0.0254151967 -0.00852593036 0.00730591297
v -0.0253238728 -0.00861725421 0.00751293659
v -0.0254670002 -0.00847412677 -0.00344546795
v -0.0254670002 -0.00847412677 0.00344546795
v -0.0250260594 -0.0202287731 -0.00211967468
v -0.0250769093 -0.0201779232 -0.00199999809
v -0.0251908352 -0.0200639972 -0.00169047356
v -0.0252498867 -0.0200049457 -0.00149842739
v -0.0252498867 -0.0200049457 0.00149842739
v -0.025231004 -0.0200238285 0.00156292439
v -0.0251695874 -0.0200852451 0.00175348282
v -0.0250518467 -0.0202029857 0.0020601511
v -0.0250941136 -0.0145038661 -0.0118289185
v -0.0250941136 -0.0145038661 0.0118289185
v -0.0252384427 -0.0143595371 -0.0116972041
v -0.0252384427 -0.0143595371 0.0116972065
v -0.0250994923 -0.0109629688 -0.00980201006
v -0.0252191975 -0.0108432445 -0.00962630749
v -0.0252191975 -0.0108432445 0.00962630749
v -0.0250994923 -0.0109629688 0.00980200768
v -0.0250348141 -0.0089063129 -0.00812008142
v -0.0251336529 -0.00880747409 -0.00792008638
v -0.0250452473 -0.0088958797 -0.00508420706
v -0.0251067593 -0.00883436771 -0.00488413811
v -0.0251657917 -0.00877533527 -0.00468258381
v -0.0251657917 -0.00877533527 0.00468258381
v -0.0251067593 -0.00883436771 0.00488413811
v -0.0250452473 -0.0088958797 0.00508420944
v -0.0251336529 -0.00880747409 0.007920084
v -0.0250348141 -0.0089063129 0.00812008381
v -0.0252300312 -0.00871109576 -0.00771768332
v -0.0252223256 -0.00871880145 -0.004479599
v -0.0252223256 -0.00871880145 0.004479599
v -0.0252300312 -0.00871109576 0.0077176857
v -0.0247620633 -0.0204927692 -0.00262423515
v -0.0248562481 -0.0203985843 -0.00246264458
v -0.0249722912 -0.0202825412 -0.00223677158
v -0.0249995282 -0.0202553043 0.00217855453
v -0.0249443295 -0.020310503 0.00229430676
v -0.0248255207 -0.0204293117 0.00251728058
v -0.0248007061 -0.0147972736 -0.0120816231
v -0.0248007061 -0.0147972736 0.0120816231
v -0.0249481823 -0.0146497974 -0.0119570708
v -0.0249481823 -0.0146497974 0.0119570732
v -0.0248536351 -0.0112088069 -0.0101444292
v -0.0249776127 -0.0110848293 -0.00997473478
v -0.0249776127 -0.0110848293 0.0099747324
v -0.0248536351 -0.0112088069 0.0101444292
v -0.0248298123 -0.00911131473 -0.00851261377
v -0.0249335148 -0.00900761218 -0.00831761122
v -0.0247747853 -0.00916634174 -0.00586839437
v -0.0248460247 -0.00909510226 -0.00567488194
v -0.024914861 -0.00902626605 -0.00547963858
v -0.024914861 -0.00902626605 0.00547964096
v -0.0248460247 -0.00909510226 0.00567488194
v -0.0247747853 -0.00916634174 0.00586839676
v -0.0249335148 -0.00900761218 0.00831760883
v -0.0248298123 -0.00911131473 0.00851261139
v -0.0249812748 -0.00895985217 -0.00528272867
v -0.0249812748 -0.00895985217 0.00528272629
v -0.0245200016 -0.0207348308 -0.002972579
v -0.0246959927 -0.0205588398 -0.00272799492
v -0.0247293522 -0.0205254802 0.00267652035
v -0.0246620228 -0.0205928096 0.00277863503
v -0.0245012715 -0.0150967083 -0.0123197794
v -0.0245012715 -0.0150967083 0.0123197794
v -0.0246517231 -0.0149462566 -0.0122025394
v -0.0246517231 -0.0149462566 0.0122025394
v -0.0245994999 -0.0114629612 -0.0104745245
v -0.0247275784 -0.0113348636 0.0103110409
v -0.0245044758 -0.00943665118 -0.00908187151
v -0.0246152546 -0.00932587237 -0.00889480114
v -0.0245469143 -0.0093941936 -0.00643797636
v -0.024625211 -0.00931591601 0.00625
v -0.0245469143 -0.0093941936 0.00643797398
v -0.0246152546 -0.00932587237 0.00889480114
v -0.0245044758 -0.00943665118 0.00908187389
v -0.0247237065 -0.00921742053 -0.00870502949
v -0.0247011807 -0.00923994632 -0.00606012106
v -0.0247011807 -0.00923994632 0.00606011868
v -0.0247237065 -0.00921742053 0.00870502949
v -0.0242899182 -0.0209649143 -0.00323606968
v -0.0244830372 -0.0207717952 0.00301883698
v -0.0243494084 -0.0152485713 -0.0124333119
v -0.0243494084 -0.0152485713 0.0124333096
v -0.024337373 -0.011725069 -0.010791893
v -0.0244694188 -0.0115930423 -0.0106348228
v -0.0244694188 -0.0115930423 0.0106348228
v -0.024337373 -0.011725069 0.010791893
v -0.0243914082 -0.00954971881 -0.00926618338
v -0.0242982914 -0.00964283557 -0.0069899106
v -0.0243834355 -0.00955769153 0.00680799007
v -0.0242760899 -0.00966503711 0.00944767952
v -0.0244663289 -0.00947479816 -0.00662399054
v -0.0244663289 -0.00947479816 0.00662399292
v -0.0240416386 -0.0212132129 -0.00346410275
v -0.0242497303 -0.0210051021 0.00327661037
v -0.0240416386 -0.0155563411 -0.0380000001
v -0.0240416386 -0.0155563411 -0.0126491117
v -0.0240416386 -0.0155563411 0.0126491117
v -0.0240416386 -0.0155563411 0.0219999981
v -0.0241961911 -0.0154017887 -0.0125430989
v -0.0241961911 -0.0154017887 0.0125431013
v -0.0240675976 -0.0119948635 -0.0110961485
v -0.0242034199 -0.0118590221 -0.0109456825
v -0.0242034199 -0.0118590221 0.0109456825
v -0.0240675976 -0.0119948635 0.0110961485
v -0.0240388157 -0.00990231128 -0.00980201006
v -0.02415854 -0.009782587 -0.00962630749
v -0.0240295651 -0.00991156192 -0.00752268791
v -0.0241213276 -0.00981979938 -0.00734731674
v -0.0241213276 -0.00981979938 0.00734731674
v -0.0240295651 -0.00991156192 0.00752268791
v -0.02415854 -0.009782587 0.00962630749
v -0.0240388157 -0.00990231128 0.00980200768
v -0.0242109158 -0.00973021121 -0.00716970444
v -0.0242109158 -0.00973021121 0.00716970444
v -0.0237778332 -0.0214769992 -0.00365417957
v -0.023998666 -0.0212561664 -0.00349847794
v -0.023998666 -0.0212561664 0.00349847794
v -0.0239552739 -0.0212995586 0.00353178978
v -0.0237904789 -0.0122719631 -0.0113869238
v -0.0237904789 -0.0122719631 0.0113869238
v -0.0239299252 -0.0121325168 -0.0112432432
v -0.0239299252 -0.0121325168 0.0112432432
v -0.023757005 -0.010184122 -0.0485814342
v -0.0237769749 -0.0101641521 -0.0484970319
v -0.0238177922 -0.0101233348 -0.0482365942
v -0.0238293126 -0.0101118145 -0.047970331
v -0.0238147023 -0.0101264247 -0.0477340615
v -0.0237706616 -0.0101704654 -0.0474746712
v -0.0237929776 -0.0101481494 -0.0101444292
v -0.0239169552 -0.0100241718 -0.00997473478
v -0.0238396313 -0.0101014957 -0.00786650419
v -0.0239356663 -0.0100054607 -0.00769576788
v -0.0239356663 -0.0100054607 0.00769577026
v -0.0238396313 -0.0101014957 0.00786650658
v -0.0239169552 -0.0100241718 0.0099747324
v -0.0237929776 -0.0101481494 0.0101444292
v -0.0235014584 -0.0217533931 -0.00380422592
v -0.0235014584 -0.0217533931 0.00380422592
v -0.0235482647 -0.0217065677 -0.00378207207
v -0.0236410382 -0.0216137943 -0.00373432159
v -0.0237325718 -0.0215222606 0.00368201733
v -0.023594804 -0.0216600284 0.00375876904
v -0.0235063603 -0.0125560817 -0.0116638637
v -0.0235063603 -0.0125560817 0.0116638613
v -0.0236492779 -0.0124131832 -0.0115271449
v -0.0236492779 -0.0124131832 0.0115271425
v -0.0235065701 -0.0104345569 -0.0491593972
v -0.0235999157 -0.0103412113 -0.048999235
v -0.0236887982 -0.0102523288 -0.0472018984
v -0.0235874417 -0.0103536853 -0.0469769144
v -0.0236669209 -0.0102742061 -0.0103110433
v -0.0235390904 -0.0104020366 -0.00836413145
v -0.0236413243 -0.0102998027 -0.00820073843
v -0.0236413243 -0.0102998027 0.00820073605
v -0.0235390904 -0.0104020366 0.00836413383
v -0.0235388424 -0.0104022846 0.0104745245
v -0.0236984875 -0.0102426395 -0.0487717837
v -0.0237078335 -0.0102332935 -0.048745231
v -0.0237496617 -0.0101914653 -0.0473907745
v -0.0236984875 -0.0102426395 -0.0472282161
v -0.0237414982 -0.0101996288 -0.0080348444
v -0.0237414982 -0.0101996288 0.0080348444
v -0.0232566884 -0.0219981441 -0.00864656448
v -0.023320451 -0.0219343814 -0.00849938869
v -0.0233853009 -0.0218695316 -0.00824744701
v -0.0234052327 -0.0218495998 -0.00799999952
v -0.0233821347 -0.0218726978 -0.00773388624
v -0.0233141949 -0.0219406375 -0.00748358011
v -0.0232636692 -0.0219911632 -0.00389748096
v -0.023454366 -0.0218004665 0.00382522106
v -0.0232566884 -0.0219981441 0.00735343456
v -0.023320451 -0.0219343814 0.00750061035
v -0.0233853009 -0.0218695316 0.00775255203
v -0.0234052327 -0.0218495998 0.00800000191
v -0.0233821347 -0.0218726978 0.00826611519
v -0.0233141949 -0.0219406375 0.00851641655
v -0.0233617833 -0.0127006588 -0.0117970395
v -0.0233617833 -0.0127006588 0.0117970371
v -0.0232644322 -0.0106766948 -0.0494416818
v -0.0234317639 -0.0105093631 -0.0467366537
v -0.0232767155 -0.0106644115 -0.010791893
v -0.0234087422 -0.0105323658 -0.0106348228
v -0.0233286908 -0.0106124362 -0.00868322849
v -0.0234348729 -0.0105062541 0.00852498055
v -0.0234087422 -0.0105323658 0.0106348228
v -0.0232767155 -0.0106644115 0.010791893
v -0.0234472325 -0.0104938945 -0.0492433012
v -0.0234921315 -0.0104489955 -0.0468190807
v -0.0230045178 -0.0222503147 -0.00896208286
v -0.0230045178 -0.0222503147 -0.00703791857
v -0.0230045178 -0.0222503147 0.00703791618
v -0.0230045178 -0.0222503147 0.00896208286
v -0.0230163243 -0.0222385082 -0.00895262718
v -0.023205457 -0.0220493946 -0.00873604298
v -0.0232486012 -0.0220062313 -0.00733800411
v -0.0231962826 -0.0220585498 -0.00724980116
v -0.0230210545 -0.022233778 -0.00396107197
v -0.0232154705 -0.0220393619 0.00391259193
v -0.0230163243 -0.0222385082 0.00704737186
v -0.023205457 -0.0220493946 0.00726395607
v -0.0232486012 -0.0220062313 0.00866199493
v -0.0231962826 -0.0220585498 0.00875020027
v -0.0230678227 -0.0129946193 -0.0120526004
v -0.0232156041 -0.012846857 -0.0119266319
v -0.0232156041 -0.012846857 0.0119266319
v -0.0230678227 -0.0129946193 0.0120526028
v -0.0230187848 -0.0109223423 -0.0496073815
v -0.0231731465 -0.0107679805 -0.0464852889
v -0.0230069401 -0.0109341869 -0.0110961485
v -0.0231427624 -0.0107983646 -0.0109456825
v -0.0231105282 -0.0108305988 -0.0089917469
v -0.0231105282 -0.0108305988 0.0089917469
v -0.0231427624 -0.0107983646 0.0109456825
v -0.0230069401 -0.0109341869 0.0110961485
v -0.0231917622 -0.0107493648 -0.0495010108
v -0.0232102063 -0.0107309207 -0.0494868535
v -0.0232465413 -0.0106945858 -0.0465428156
v -0.0231917622 -0.0107493648 -0.0464989892
v -0.0232205632 -0.0107205638 -0.00883883476
v -0.0232205632 -0.0107205638 0.00883883476
v -0.0227624752 -0.0224923572 -0.00908328772
v -0.0229561284 -0.0222987041 -0.00899693966
v -0.0229925778 -0.0222622547 -0.00702875853
v -0.0229437878 -0.0223110446 -0.00699510098
v -0.0227754452 -0.0224793872 -0.00399451733
v -0.0229721119 -0.0222827205 0.00397018433
v -0.0227624752 -0.0224923572 0.00691671371
v -0.0229561284 -0.0222987041 0.00700305939
v -0.0229925778 -0.0222622547 0.0089712429
v -0.0229437878 -0.0223110446 0.00900489807
v -0.0227677586 -0.0132947025 -0.01229352
v -0.0227677586 -0.0132947025 0.01229352
v -0.0229185345 -0.0131439075 -0.0121749091
v -0.0229185345 -0.0131439075 0.0121749115
v -0.022753072 -0.011188055 -0.0496906874
v -0.0229385426 -0.0110025844 -0.0463579261
v -0.0228692677 -0.0110718593 -0.0112432432
v -0.0227693608 -0.0111717662 -0.00943387032
v -0.0228848889 -0.0110562191 0.00928931236
v -0.0228692677 -0.0110718593 0.0112432432
v -0.0229587605 -0.0109823665 -0.0496341449
v -0.022998872 -0.0109422359 -0.0463832039
v -0.0229986241 -0.0109424839 -0.009141922
v -0.0229986241 -0.0109424839 0.009141922
v -0.0225057461 -0.0227490863 -0.0090864563
v -0.0226274159 -0.0226274166 -0.00690000057
v -0.0226274159 -0.0226274166 -0.00400000095
v -0.0225287106 -0.0227261219 -0.00399756432
v -0.0225780537 -0.0226767787 0.0039993906
v -0.0226274159 -0.0226274166 0.00400000095
v -0.0225057461 -0.0227490863 0.00691354275
v -0.0226274159 -0.0226274166 0.00909999847
v -0.0226155331 -0.0134469089 -0.0124083948
v -0.0226155331 -0.0134469089 0.0124083948
v -0.0225017598 -0.0114393672 -0.0496906874
v -0.0226274159 -0.0113137111 -0.0463
v -0.0225886204 -0.0113525066 -0.0115271449
v -0.0225330212 -0.0114081058 -0.00971432447
v -0.0226520588 -0.0112890682 0.00957555771
v -0.0225886204 -0.0113525066 0.0115271425
v -0.0227112629 -0.0112298641 -0.049695859
v -0.0227321866 -0.0112089405 -0.046306469
v -0.0227298214 -0.0112113056 -0.0113869238
v -0.0227298214 -0.0112113056 0.0113869238
v -0.0222503331 -0.0230045185 -0.00896208286
v -0.0222503331 -0.0230045185 -0.00703791857
v -0.0222503331 -0.0230045185 0.00703791618
v -0.0222503331 -0.0230045185 0.00896208286
v -0.022311044 -0.0229437885 -0.00900490046
v -0.022262254 -0.0229925785 -0.0089712429
v -0.0222987034 -0.022956129 -0.00700306177
v -0.0224923565 -0.0227624759 -0.00691671133
v -0.0222827198 -0.0229721126 -0.00397018433
v -0.0224793866 -0.0227754459 0.00399451733
v -0.022311044 -0.0229437885 0.00699510098
v -0.022262254 -0.0229925785 0.00702875614
v -0.0222987034 -0.022956129 0.00899693966
v -0.0224923565 -0.0227624759 0.0090832901
v -0.0223069622 -0.0137554798 -0.0126268053
v -0.0223069622 -0.0137554798 0.0126268053
v -0.0224619153 -0.0136005268 -0.0125195003
v -0.0224619153 -0.0136005268 0.0125195026
v -0.0222559597 -0.0116851673 -0.0496167961
v -0.0224393704 -0.0115017566 -0.0463209298
v -0.0223011258 -0.0116400013 -0.0117970395
v -0.0222899106 -0.0116512165 -0.00998294353
v -0.022412286 -0.011528841 0.00985013485
v -0.0223011258 -0.0116400013 0.0117970371
v -0.0224601223 -0.0114810047 -0.0496834558
v -0.0224809124 -0.0114602146 -0.0463126716
v -0.0224457028 -0.0114954242 -0.0116638637
v -0.0224457028 -0.0114954242 0.0116638613
v -0.0220585492 -0.0231962833 -0.00875019789
v -0.0220062306 -0.0232486019 -0.00866199732
v -0.0220493939 -0.0232054386 -0.00726395607
v -0.0222385075 -0.023016325 -0.00704737186
v -0.0220393612 -0.0232154712 -0.00391259193
v -0.0222337773 -0.0230210552 0.00396107197
v -0.0220585492 -0.0231962833 0.00724980354
v -0.0220062306 -0.0232486019 0.00733800411
v -0.0220493939 -0.0232054386 0.00873604298
v -0.0222385075 -0.023016325 0.00895262718
v -0.0221506932 -0.0139117488 -0.0127302718
v -0.0221506932 -0.0139117488 0.0127302742
v -0.0220630696 -0.0118780574 -0.0495010108
v -0.0220082905 -0.0119328174 -0.0494571844
v -0.0220446446 -0.0118964824 -0.0465131465
v -0.02217711 -0.0117640171 -0.0464237875
v -0.0220071652 -0.0119339618 -0.0120526004
v -0.0221549275 -0.0117861804 -0.0119266319
v -0.0220403149 -0.0119008121 -0.0102394009
v -0.0221658947 -0.0117752323 0.0101127148
v -0.0221549275 -0.0117861804 0.0119266319
v -0.0220071652 -0.0119339618 0.0120526028
v -0.0221966221 -0.0117445049 -0.0495870867
v -0.0222360661 -0.0117050609 -0.0463926184
v -0.0217533925 -0.02350144 -0.00380422592
v -0.0217533925 -0.02350144 0.00380422592
v -0.0219406369 -0.0233141956 -0.00851641893
v -0.0218726971 -0.0233821353 -0.00826611519
v -0.0218497136 -0.0234051189 -0.00801919699
v -0.0218695309 -0.0233853015 -0.00775255442
v -0.0219343808 -0.0233204517 -0.00750061035
v -0.0219981434 -0.023256689 -0.00735343695
v -0.0218004658 -0.0234543666 -0.00382522106
v -0.0219911625 -0.0232636699 0.00389748096
v -0.0219406369 -0.0233141956 0.0074835825
v -0.0218726971 -0.0233821353 0.00773388386
v -0.0218497136 -0.0234051189 0.00798080444
v -0.0218695309 -0.0233853015 0.00824744701
v -0.0219343808 -0.0233204517 0.00849938869
v -0.0219981434 -0.023256689 0.00864656448
v -0.0218344738 -0.0142279682 -0.0129255748
v -0.0219931843 -0.0140692577 0.0128298712
v -0.0218230679 -0.0121180591 -0.0492633462
v -0.0217627194 -0.0121784076 -0.0491809192
v -0.0218075993 -0.0121335277 -0.0467566986
v -0.0219379284 -0.0120031986 -0.0466074415
v -0.021857877 -0.01208325 -0.0121749091
v -0.0217845395 -0.0121565876 -0.0104833817
v -0.021913171 -0.012027956 0.0103629684
v -0.021857877 -0.01208325 0.0121749115
v -0.0219552281 -0.0119858989 -0.0494093639
v -0.0219904187 -0.0119507083 -0.0465583183
v -0.0216600468 -0.0235948047 -0.00375876904
v -0.0215222599 -0.0237325725 -0.00368201733
v -0.0216137936 -0.0236410388 0.00373432159
v -0.021706567 -0.0235482654 0.00378207207
v -0.0215136387 -0.0145488033 -0.0131051755
v -0.0215136387 -0.0145488033 0.0131051731
v -0.0216745999 -0.0143878421 -0.0130173516
v -0.0216745999 -0.0143878421 0.013017354
v -0.0216673901 -0.0122737369 -0.0490230855
v -0.0215563633 -0.0123847637 -0.0487717837
v -0.0215051701 -0.0124359569 -0.0486092255
v -0.0215469983 -0.0123941288 -0.0472547691
v -0.021654916 -0.012286211 -0.0470007651
v -0.0216801693 -0.0122609577 -0.0469533755
v -0.0215548756 -0.0123862514 -0.0124083948
v -0.0215229084 -0.0124182186 -0.0107145905
v -0.0216544392 -0.0122866878 0.0106006002
v -0.0215548756 -0.0123862514 0.0124083948
v -0.0216932156 -0.0122478923 -0.0490698448
v -0.0217482617 -0.0121928463 -0.0468406028
v -0.021707082 -0.0122340259 -0.01229352
v -0.021707082 -0.0122340259 0.01229352
v -0.0212995579 -0.0239552745 -0.00353178978
v -0.0212561657 -0.0239986667 -0.00349847794
v -0.0212561657 -0.0239986667 0.00349847794
v -0.0214769986 -0.0237778339 0.00365417957
v -0.0213516095 -0.0147108516 -0.0131890178
v -0.0213516095 -0.0147108516 0.0131890154
v -0.0214401295 -0.0125009975 -0.0482659385
v -0.0214253285 -0.0125157985 -0.0480000001
v -0.0214370396 -0.0125040874 -0.0477634057
v -0.0214401295 -0.0125009975 -0.0477340615
v -0.0214012577 -0.0125398693 -0.0125195003
v -0.021255708 -0.012685419 -0.0109327459
v -0.0213899853 -0.0125511417 0.0108253193
v -0.0214012577 -0.0125398693 0.0125195026
v -0.0214841702 -0.0124569568 -0.0485253289
v -0.0214436009 -0.0124975261 -0.048295202
v -0.0214778569 -0.0124632701 -0.047502968
v -0.0214978268 -0.0124433002 -0.0474185658
v -0.0210051014 -0.024249731 -0.00327661037
v -0.0212132122 -0.0240416393 0.00346410275
v -0.0210245564 -0.0150378856 -0.0133446574
v -0.0210245564 -0.0150378856 0.013344655
v -0.0211885693 -0.0148738918 -0.0132688522
v -0.0211885693 -0.0148738918 0.0132688522
v -0.0210900357 -0.0128510913 -0.0127302718
v -0.0211201527 -0.0128209743 -0.0110368443
v -0.0211201527 -0.0128209743 0.0110368443
v -0.0210900357 -0.0128510913 0.0127302742
v -0.0212463047 -0.0126948223 -0.0126268053
v -0.0212463047 -0.0126948223 0.0126268053
v -0.0207717946 -0.0244830379 -0.00301883698
v -0.0209649136 -0.0242899189 0.00323606968
v -0.020859647 -0.015202795 -0.04
v -0.020859647 -0.015202795 -0.0134164071
v -0.020859647 -0.015202795 0.0134164095
v -0.020859647 -0.015202795 0.0219999981
v -0.0209325268 -0.0130086002 -0.0128298736
v -0.0208452465 -0.0130958805 -0.0112349248
v -0.0208452465 -0.0130958805 0.0112349272
v -0.0207738163 -0.0131673107 0.0129255772
v -0.0209833004 -0.0129578075 -0.0111375809
v -0.0209833004 -0.0129578075 0.0111375809
v -0.020592809 -0.0246620235 -0.00277863503
v -0.0205254796 -0.0247293529 -0.00267652035
v -0.0205588391 -0.0246959934 0.00272799492
v -0.0207348301 -0.0245200023 0.002972579
v -0.0206139424 -0.0133271846 -0.0130173516
v -0.0205656483 -0.0133754787 -0.0114193177
v -0.0205656483 -0.0133754787 0.0114193201
v -0.0206139424 -0.0133271846 0.013017354
v -0.0207060101 -0.0132351169 -0.0113288474
v -0.0207060101 -0.0132351169 0.011328845
v -0.020429311 -0.0248255214 -0.00251728058
v -0.0203105023 -0.0249443302 -0.00229430676
v -0.0202553036 -0.0249995288 -0.00217855453
v -0.0202825406 -0.0249722919 0.00223677158
v -0.0203985836 -0.0248562488 0.00246264458
v -0.0204927685 -0.0247620639 0.00262423515
v -0.0202909329 -0.013650175 -0.0131890178
v -0.0202816441 -0.0136594829 -0.0115897989
v -0.0204241612 -0.0135169467 0.0115063095
v -0.0202909329 -0.013650175 0.0131890154
v -0.0204529812 -0.0134881458 -0.0131051755
v -0.0204529812 -0.0134881458 0.0131051731
v -0.020202985 -0.0250518474 -0.0020601511
v -0.0200852444 -0.025169588 -0.00175348282
v -0.0200238278 -0.0252310047 -0.00156292439
v -0.020004945 -0.0252498874 -0.00149842739
v -0.020004945 -0.0252498874 0.00149842739
v -0.0200639965 -0.0251908359 0.00169047356
v -0.0201779225 -0.02507691 0.00199999809
v -0.0202287724 -0.0250260601 0.00211967468
v -0.0201278927 -0.0138132343 -0.0132688522
v -0.0201381161 -0.0138030109 -0.011669755
v -0.0201381161 -0.0138030109 0.011669755
v -0.0201278927 -0.0138132343 0.0132688522
v -0.0199530842 -0.0253017482 -0.00130227089
v -0.0198953679 -0.0253594646 -0.00103527546
v -0.0198509648 -0.0254038867 -0.000763235092
v -0.0198265126 -0.0254283199 -0.000556693077
v -0.0198058751 -0.0254489574 -0.000279026031
v -0.0197989895 -0.0254558429 -6.9388939e-18
v -0.0198028614 -0.025451971 0.000209345818
v -0.0198200657 -0.0254347667 0.000487475395
v -0.0198419621 -0.0254128704 0.000694594383
v -0.0198830082 -0.0253718242 0.00096768856
v -0.0199374249 -0.0253174076 0.00123606682
v -0.0199868443 -0.0252679882 0.00143347263
v -0.0197989895 -0.0141421375 -0.04
v -0.0197989895 -0.0141421375 -0.0134164071
v -0.0198481991 -0.0140929279 -0.0118189812
v -0.0198481991 -0.0140929279 0.0118189812
v -0.0197989895 -0.0141421375 0.0134164095
v -0.0197989895 -0.0141421375 0.0219999981
v -0.0199638989 -0.0139772281 -0.0133446574
v -0.0199936154 -0.0139475116 -0.0117461586
v -0.0199936154 -0.0139475116 0.0117461586
v -0.0199638989 -0.0139772281 0.013344655
v -0.0195547917 -0.0143863353 -0.0119538093
v -0.0195547917 -0.0143863353 0.0119538116
v -0.0197019055 -0.0142392215 -0.011888206
v -0.0197019055 -0.0142392215 0.0118882084
v -0.019258218 -0.014682909 -0.0120740724
v -0.0194068768 -0.0145342502 0.0120157719
v -0.0191088726 -0.0148322544 -0.0121286964
v -0.0191088726 -0.0148322544 0.0121286964
v -0.0188082554 -0.0151328716 -0.0122268438
v -0.0188082554 -0.0151328716 0.0122268438
v -0.0189588597 -0.0149822483 -0.012179625
v -0.0189588597 -0.0149822483 0.0121796274
v -0.0185054066 -0.0154357204 -0.0123100972
v -0.0186570981 -0.015284029 0.0122703409
v -0.0183847668 -0.0268700656 -0.0380000001
v -0.0183847668 -0.0268700656 -0.0126491117
v -0.0183847668 -0.0268700656 0.0126491117
v -0.0183847668 -0.0268700656 0.0219999981
v -0.0183532574 -0.0155878696 -0.0123461032
v -0.0183532574 -0.0155878696 0.0123461056
v -0.018000951 -0.0272538814 -0.0488755646
v -0.018000951 -0.0272538814 -0.0471244353
v -0.0180115941 -0.0272432384 -0.0488499999
v -0.0180509808 -0.0272038517 -0.048745231
v -0.0181201222 -0.0271347103 -0.0484970319
v -0.0181609395 -0.027093893 -0.0482365942
v -0.0181724598 -0.0270823726 -0.047970331
v -0.0181578495 -0.0270969829 -0.0477340615
v -0.0181138089 -0.0271410236 -0.0474746712
v -0.0180416157 -0.0272132167 -0.0472282161
v -0.0182302144 -0.0270246181 -0.0125430989
v -0.018076997 -0.0271778354 -0.0124333119
v -0.018076997 -0.0271778354 0.0124333096
v -0.0182302144 -0.0270246181 0.0125431013
v -0.0180477383 -0.0158933887 -0.012406826
v -0.0180477383 -0.0158933887 0.012406826
v -0.0182006886 -0.0157404384 -0.0123783517
v -0.0182006886 -0.0157404384 0.0123783493
v -0.0177591946 -0.0274956378 -0.0492830062
v -0.0177903798 -0.0274644527 -0.0492433012
v -0.017943063 -0.0273117694 -0.048999235
v -0.0179899838 -0.0272648487 -0.0470991373
v -0.017930589 -0.0273242435 -0.0469769144
v -0.0177749112 -0.0274799213 -0.0467366537
v -0.0179251339 -0.0273296985 -0.0123197794
v -0.0177746823 -0.0274801502 -0.0122025394
v -0.0177746823 -0.0274801502 0.0122025394
v -0.0179251339 -0.0273296985 0.0123197794
v -0.0178944638 -0.0160466442 -0.0124315238
v -0.0178944638 -0.0160466442 0.0124315214
v -0.0175162938 -0.0277385387 -0.0495147112
v -0.0175533345 -0.027701498 -0.0494868535
v -0.0177432492 -0.0275115833 -0.0466977245
v -0.0175349095 -0.027719923 -0.0464989892
v -0.0176256993 -0.0276291332 -0.0120816231
v -0.0176256993 -0.0276291332 0.0120816231
v -0.0175871327 -0.0163539943 -0.0124695516
v -0.0175871327 -0.0163539943 0.0124695492
v -0.0177409222 -0.0162002048 -0.0124524331
v -0.0177409222 -0.0162002048 0.0124524355
v -0.0172613766 -0.0279934558 -0.0496495026
v -0.0174975254 -0.027757307 -0.0464720501
v -0.0174782231 -0.0277766094 -0.0119570708
v -0.0173322918 -0.0279225406 0.0118289185
v -0.0172790387 -0.0166620883 -0.0124923849
v -0.0174331524 -0.0165079746 0.0124828672
v -0.0172582295 0.000287660645 -0.00152336597
v -0.0172757008 0.000305131959 -0.00130660534
v -0.0172904828 0.000319913911 -0.00108944893
v -0.0173025944 0.000332025574 -0.000871953964
v -0.0173119976 0.000341447877 -0.000654201508
v -0.0173187306 0.000348161744 -0.000436244011
v -0.0173241093 0.000353559541 -6.9388939e-18
v -0.0173227742 0.000352205323 0.000218153
v -0.0173187306 0.000348161744 0.000436244011
v -0.0173119976 0.000341447877 0.000654201508
v -0.0173025944 0.000332025574 0.000871953964
v -0.0172904828 0.000319913911 0.00108944893
v -0.0172757008 0.000305131959 0.00130660534
v -0.0172582295 0.000287660645 0.00152336597
v -0.0170125058 -0.0282423267 -0.0496989644
v -0.017240968 -0.0280138645 -0.0463435709
v -0.0171879628 -0.0280668697 -0.0116972041
v -0.0170452549 -0.0282095775 0.0115619659
v -0.0171248295 -0.0168162975 -0.012498095
v -0.0171248295 -0.0168162975 0.0124980974
v -0.0170615628 9.09939278e-05 -0.00302402496
v -0.0170975735 0.000127023743 -0.00281188965
v -0.0171309712 0.000160402345 -0.00259889603
v -0.0171617176 0.000191167878 -0.00238511086
v -0.017189832 0.000219263123 -0.00217060089
v -0.0172152951 0.000244726228 -0.00195543289
v -0.0172152951 0.000244726228 0.00195543289
v -0.017189832 0.000219263123 0.00217060089
v -0.0171617176 0.000191167878 0.00238511086
v -0.0171309712 0.000160402345 0.00259889603
v -0.0170975735 0.000127023743 0.00281188965
v -0.017022939 5.23701179e-05 0.00323523998
v -0.0172380879 0.000267538117 -0.00173966408
v -0.0172380879 0.000267538117 0.00173966408
v -0.0167618229 -0.0284930095 -0.0496741733
v -0.0169705632 -0.0282842693 -0.0463
v -0.0169042447 -0.0283505878 -0.0114232516
v -0.016764951 -0.0284898815 0.0112810946
v -0.0168162968 -0.0171248302 -0.012498095
v -0.0168162968 -0.0171248302 0.0124980974
v -0.0169705632 -0.0169705638 -0.0125
v -0.0169705632 -0.0169705638 0.0125
v -0.0167910626 -0.000179487182 -0.00427525043
v -0.016842561 -0.000128007842 -0.00406960011
v -0.0168915036 -7.90462029e-05 -0.00386271477
v -0.0169379094 -3.26594841e-05 -0.00365464687
v -0.0169379094 -3.26594841e-05 0.00365464687
v -0.0168915036 -7.90462029e-05 0.00386271477
v -0.016842561 -0.000128007842 0.00406960011
v -0.0167910626 -0.000179487182 0.00427525043
v -0.0169817212 1.1152314e-05 -0.00344546795
v -0.0169817212 1.1152314e-05 0.00344546795
v -0.0165008786 -0.0287539539 -0.0495648584
v -0.0165008786 -0.0287539539 -0.0464351417
v -0.0165202572 -0.0287345752 -0.0495762125
v -0.0167411854 -0.028513647 -0.0463312338
v -0.0166274311 -0.0286274013 -0.01113554
v -0.0166274311 -0.0286274013 0.01113554
v -0.0165079739 -0.0174331531 -0.0124828696
v -0.0166620877 -0.0172790393 0.0124923849
v -0.0165599682 -0.000410600616 -0.00508420706
v -0.0166214802 -0.000349088622 -0.00488413811
v -0.0166805127 -0.000290056182 -0.00468258381
v -0.0166805127 -0.000290056182 0.00468258381
v -0.0166214802 -0.000349088622 0.00488413811
v -0.0165599682 -0.000410600616 0.00508420944
v -0.0167370465 -0.000233522369 -0.004479599
v -0.0167370465 -0.000233522369 0.004479599
v -0.0164062169 -0.0288486156 -0.0495010108
v -0.0162640049 -0.0289908275 -0.049375329
v -0.0163877728 -0.0288670597 -0.0465131465
v -0.0164816334 -0.028773199 -0.0464469728
v -0.0164917042 -0.0287631282 -0.0109866357
v -0.0163578274 -0.028897005 0.0108344221
v -0.0163539936 -0.0175871334 -0.0124695516
v -0.0163539936 -0.0175871334 0.0124695492
v -0.0162895062 -0.000681062652 -0.00586839437
v -0.0163607457 -0.00060982318 -0.00567488194
v -0.0164295819 -0.000540986968 -0.00547963858
v -0.0164295819 -0.000540986968 0.00547964096
v -0.0163607457 -0.00060982318 0.00567488194
v -0.0162895062 -0.000681062652 0.00586839676
v -0.0164959767 -0.000474573089 -0.00528272867
v -0.0164959767 -0.000474573089 0.00528272629
v -0.0161662152 -0.0290886173 -0.0492633462
v -0.0160105374 -0.0292442951 -0.0490230855
v -0.0161507466 -0.0291040859 -0.0467566986
v -0.0162471249 -0.0290077075 -0.0466423196
v -0.016225858 -0.0290289936 -0.0106789446
v -0.0160957959 -0.0291590366 0.0105202532
v -0.0160466435 -0.0178944644 -0.0124315238
v -0.0160466435 -0.0178944644 0.0124315214
v -0.0162002041 -0.0177409229 -0.0124524331
v -0.0162002041 -0.0177409229 0.0124524355
v -0.0161399319 -0.000830617858 -0.00625
v -0.0162159016 -0.000754667236 -0.00606012106
v -0.0161399319 -0.000830617858 0.00625
v -0.0160616353 -0.00090891452 0.00643797398
v -0.0158994915 -0.0293553409 -0.0487717837
v -0.0158273175 -0.029427515 -0.0485253289
v -0.0157832768 -0.0294715557 -0.0482659385
v -0.0157684758 -0.0294863567 -0.0480000001
v -0.0157801869 -0.0294746456 -0.0477634057
v -0.0158210041 -0.0294338283 -0.047502968
v -0.0158901455 -0.0293646869 -0.0472547691
v -0.0159980633 -0.0292567691 -0.0470007651
v -0.0159676983 -0.0292871341 -0.0103583956
v -0.0158416226 -0.0294132289 -0.0101934171
v -0.0158416226 -0.0294132289 0.0101934195
v -0.0159676983 -0.0292871341 0.0103583956
v -0.015893388 -0.018047739 -0.012406826
v -0.015893388 -0.018047739 0.012406826
v -0.0158981564 -0.00107241244 -0.00680798769
v -0.0158130124 -0.00115755649 0.00698991299
v -0.0159810307 -0.000989519073 -0.00662399054
v -0.0159810307 -0.000989519073 0.00662399292
v -0.0157175686 -0.0295372638 -0.0100253701
v -0.0155956128 -0.0296592197 -0.00985430479
v -0.0155956128 -0.0296592197 0.00985430717
v -0.0157175686 -0.0295372638 0.0100253725
v -0.0155563405 -0.0240416393 -0.0380000001
v -0.0155563405 -0.0240416393 -0.0126491117
v -0.0155563405 -0.0240416393 0.0126491117
v -0.0155563405 -0.0240416393 0.0219999981
v -0.0155878689 -0.0183532581 -0.0123461032
v -0.0155878689 -0.0183532581 0.0123461056
v -0.0157404377 -0.0182006893 -0.0123783517
v -0.0157404377 -0.0182006893 0.0123783493
v -0.015544286 -0.00142628284 -0.00752268791
v -0.0156360486 -0.00133452029 -0.00734731674
v -0.0156360486 -0.00133452029 0.00734731674
v -0.015544286 -0.00142628284 0.00752268791
v -0.0157256367 -0.00124493213 -0.00716970444
v -0.0157256367 -0.00124493213 0.00716970444
v -0.015475755 -0.0297790775 -0.00968027353
v -0.0153580716 -0.0298967609 0.00950332642
v -0.015401788 -0.0241961917 -0.0125430989
v -0.015401788 -0.0241961917 0.0125431013
v -0.0152840283 -0.0186570987 -0.0122703409
v -0.0154357197 -0.0185054073 0.0123100948
v -0.0152562191 -0.0017143497 -0.0080348444
v -0.0153543522 -0.00161621661 -0.00786650419
v -0.0154503872 -0.00152018161 -0.00769576788
v -0.0154503872 -0.00152018161 0.00769577026
v -0.0153543522 -0.00161621661 0.00786650658
v -0.0152562191 -0.0017143497 0.0080348444
v -0.0152425625 -0.0300122699 -0.00932351828
v -0.0151292851 -0.0301255474 -0.00914090157
v -0.0150182583 -0.0302365741 -0.00895553589
v -0.0150182583 -0.0302365741 0.00895553589
v -0.0151292851 -0.0301255474 0.00914090157
v -0.0152425625 -0.0300122699 0.00932351589
v -0.0150967076 -0.0245012722 -0.0123197794
v -0.0150967076 -0.0245012722 0.0123197794
v -0.0152485707 -0.0243494091 -0.0124333119
v -0.0152485707 -0.0243494091 0.0124333096
v -0.0150378849 -0.0210245571 -0.0133446574
v -0.0150378849 -0.0210245571 0.013344655
v -0.0152027943 -0.0208596477 -0.04
v -0.0152027943 -0.0208596477 -0.0134164071
v -0.0152027943 -0.0208596477 0.0134164095
v -0.0152027943 -0.0208596477 0.0219999981
v -0.0151328709 -0.0188082561 -0.0122268438
v -0.0151328709 -0.0188082561 0.0122268438
v -0.0150538113 -0.00191673846 -0.00836413145
v -0.0151560261 -0.00181452365 -0.00820073843
v -0.0151560261 -0.00181452365 0.00820073605
v -0.0150538113 -0.00191673846 0.00836413383
v -0.0149095395 -0.030345293 -0.00876747131
v -0.0148031285 -0.030451704 -0.00857676744
v -0.0148031285 -0.030451704 0.00857676506
v -0.0149095395 -0.030345293 0.00876747131
v -0.0147972729 -0.0248007068 -0.0120816231
v -0.0147972729 -0.0248007068 0.0120816231
v -0.0149462559 -0.0246517238 -0.0122025394
v -0.0149462559 -0.0246517238 0.0122025394
v -0.0148738911 -0.0211885509 -0.0132688522
v -0.0148738911 -0.0211885509 0.0132688522
v -0.0148322537 -0.0191088733 -0.0121286964
v -0.0148322537 -0.0191088733 0.0121286964
v -0.0149822667 -0.0189588604 -0.012179625
v -0.0149822667 -0.0189588604 0.0121796274
v -0.0149495938 -0.00202097507 -0.00852498055
v -0.0148434117 -0.00212715716 0.00868322849
v -0.0146990826 -0.0305557689 -0.0083834815
v -0.0145974019 -0.0306574306 -0.00818767071
v -0.0145974019 -0.0306574306 0.00818767071
v -0.0146990826 -0.0305557689 0.00838347912
v -0.0145038655 -0.0250941143 -0.0118289185
v -0.0145038655 -0.0250941143 0.0118289185
v -0.0146497967 -0.024948183 -0.0119570708
v -0.0146497967 -0.024948183 0.0119570732
v -0.0145488026 -0.0215136394 -0.0131051755
v -0.0145488026 -0.0215136394 0.0131051731
v -0.0147108509 -0.0213516101 -0.0131890178
v -0.0147108509 -0.0213516101 0.0131890154
v -0.0145342495 -0.0194068775 -0.0120157719
v -0.0146829083 -0.0192582187 0.0120740747
v -0.014513345 -0.00245720477 -0.009141922
v -0.0146252491 -0.0023453197 -0.0089917469
v -0.0146252491 -0.0023453197 0.0089917469
v -0.014513345 -0.00245720477 0.009141922
v -0.0147352841 -0.00223528476 -0.00883883476
v -0.0147352841 -0.00223528476 0.00883883476
v -0.0144981625 -0.03075667 -0.00798939466
v -0.0143070462 -0.0309477863 -0.00758568764
v -0.0143070462 -0.0309477863 0.00758568764
v -0.0144013646 -0.0308534679 0.00778871536
v -0.0143595364 -0.0252384433 -0.0116972041
v -0.0143595364 -0.0252384433 0.0116972065
v -0.0143878415 -0.0216746006 -0.0130173516
v -0.0143878415 -0.0216746006 0.013017354
v -0.0143863347 -0.0195547924 -0.0119538093
v -0.0143863347 -0.0195547924 0.0119538116
v -0.0143996098 -0.00257093997 -0.00928930998
v -0.0142840817 -0.00268648715 0.00943387032
v -0.0142152264 -0.031039606 -0.00738037825
v -0.0141259434 -0.031128889 -0.00717284679
v -0.0140392163 -0.0312156162 -0.00696315527
v -0.0140392163 -0.0312156162 0.00696315289
v -0.0141259434 -0.031128889 0.00717284679
v -0.0142152264 -0.031039606 0.00738037586
v -0.0140758183 -0.0255221614 -0.0114232516
v -0.0140758183 -0.0255221614 0.0114232492
v -0.0142168286 -0.0253811512 -0.0115619683
v -0.0142168286 -0.0253811512 0.0115619659
v -0.014069257 -0.021993185 -0.0128298736
v -0.0142279675 -0.0218344745 0.0129255772
v -0.0141421368 -0.0197989902 -0.04
v -0.0141421368 -0.0197989902 -0.0134164071
v -0.0140929272 -0.0198481998 -0.0118189812
v -0.0140929272 -0.0198481998 0.0118189812
v -0.0141421368 -0.0197989902 0.0134164095
v -0.0141421368 -0.0197989902 0.0219999981
v -0.0142392209 -0.0197019062 -0.011888206
v -0.0142392209 -0.0197019062 0.0118882084
v -0.0141667798 -0.00280378909 -0.00957555532
v -0.0140477421 -0.00292282672 0.00971432686
v -0.0139550831 -0.0312997684 -0.00675136566
v -0.013873544 -0.0313812885 -0.00653754473
v -0.013794656 -0.0314601764 -0.00632175446
v -0.013794656 -0.0314601764 0.00632175446
v -0.013873544 -0.0313812885 0.00653754711
v -0.0139550831 -0.0312997684 0.00675136566
v -0.0137990048 -0.0257989749 -0.01113554
v -0.0137990048 -0.0257989749 0.01113554
v -0.0139365246 -0.0256614551 -0.0112810946
v -0.0139365246 -0.0256614551 0.0112810946
v -0.0137554791 -0.0223069629 -0.0126268053
v -0.0137554791 -0.0223069629 0.0126268053
v -0.0139117482 -0.0221506938 -0.0127302718
v -0.0139117482 -0.0221506938 0.0127302742
v -0.0138132336 -0.0201278934 -0.0132688522
v -0.0138030102 -0.0201381168 -0.011669755
v -0.0138030102 -0.0201381168 0.011669755
v -0.0138132336 -0.0201278934 0.0132688522
v -0.0139772274 -0.0199638996 -0.0133446574
v -0.013947511 -0.0199936161 -0.0117461586
v -0.013947511 -0.0199936161 0.0117461586
v -0.0139772274 -0.0199638996 0.013344655
v -0.013927007 -0.00304354282 -0.00985013485
v -0.0138046315 -0.00316593738 0.00998294353
v -0.0137184193 -0.0315364131 -0.0061040616
v -0.0136448719 -0.0316099605 -0.00588453293
v -0.013574033 -0.0316808185 -0.00566323042
v -0.0135059025 -0.0317489299 -0.00544022083
v -0.0135059025 -0.0317489299 0.00544022083
v -0.013574033 -0.0316808185 0.00566322803
v -0.0136448719 -0.0316099605 0.00588453293
v -0.0137184193 -0.0315364131 0.00610406399
v -0.0135294011 -0.0260685787 -0.0108344221
v -0.0135294011 -0.0260685787 0.0108344221
v -0.0136632779 -0.0259347019 -0.0109866357
v -0.0136632779 -0.0259347019 0.0109866333
v -0.0136005261 -0.0224619159 -0.0125195003
v -0.0136005261 -0.0224619159 0.0125195026
v -0.0136501934 -0.0202909336 -0.0131890178
v -0.0135169461 -0.0204241619 -0.0115063095
v -0.0136594822 -0.0202816448 0.0115897989
v -0.0136501934 -0.0202909336 0.0131890154
v -0.0136806157 -0.00328995319 -0.0101127124
v -0.0135550358 -0.00341553302 0.0102394009
v -0.0134405377 -0.0318142948 -0.0052155757
v -0.0133779194 -0.031876913 -0.00498936176
v -0.0132610753 -0.0319937572 -0.00453248978
v -0.0132610753 -0.0319937572 0.00453248978
v -0.013318105 -0.0319367275 0.00476164341
v -0.0134405377 -0.0318142948 0.00521557808
v -0.0132673695 -0.0263306102 -0.0105202532
v -0.0132673695 -0.0263306102 0.0105202532
v -0.0133974316 -0.0262005481 -0.0106789446
v -0.0133974316 -0.0262005481 0.0106789446
v -0.0132947018 -0.0227677593 -0.01229352
v -0.0132947018 -0.0227677593 0.01229352
v -0.0134469082 -0.0226155338 -0.0124083948
v -0.0134469082 -0.0226155338 0.0124083948
v -0.013327184 -0.0206139431 -0.0130173516
v -0.013375478 -0.020565649 -0.0114193177
v -0.013375478 -0.020565649 0.0114193201
v -0.013327184 -0.0206139431 0.013017354
v -0.0134881451 -0.0204529819 -0.0131051755
v -0.0134881451 -0.0204529819 0.0131051731
v -0.013427892 -0.00354267688 -0.0103629708
v -0.0132992604 -0.00367130847 0.0104833841
v -0.0132068875 -0.032047945 -0.00430197239
v -0.0131555226 -0.0320993099 -0.00407016277
v -0.0131069996 -0.0321478328 -0.00383712292
v -0.0130613568 -0.0321934757 -0.00360293388
v -0.013018594 -0.0322362384 -0.00336765289
v -0.013018594 -0.0322362384 0.00336765289
v -0.0130613568 -0.0321934757 0.00360293388
v -0.0131069996 -0.0321478328 0.00383712292
v -0.0131555226 -0.0320993099 0.00407016277
v -0.0132068875 -0.032047945 0.00430197239
v -0.0130131962 -0.0265847835 -0.0101934171
v -0.0130131962 -0.0265847835 0.0101934195
v -0.013139272 -0.0264587078 -0.0103583956
v -0.013139272 -0.0264587078 0.0103583956
v -0.0131439068 -0.0229185352 -0.0121749091
v -0.0131439068 -0.0229185352 0.0121749115
v -0.01316731 -0.020773817 -0.0129255748
v -0.0130958798 -0.0208452472 -0.0112349248
v -0.0130958798 -0.0208452472 0.0112349272
v -0.0130085995 -0.0209325275 0.0128298712
v -0.0132351162 -0.0207060108 -0.0113288474
v -0.0132351162 -0.0207060108 0.011328845
v -0.013169141 -0.00380140872 -0.0106006002
v -0.0130376103 -0.00393293948 0.0107145929
v -0.0127517559 -0.0325030765 -0.000970935822
v -0.0127517559 -0.0325030765 0.000970935822
v -0.0129787304 -0.032276102 -0.00313136578
v -0.012941766 -0.0323130855 -0.00289412975
v -0.0129077008 -0.0323471317 -0.00265602589
v -0.0128765919 -0.0323782596 -0.00241712093
v -0.0128484013 -0.0324064312 -0.00217748642
v -0.012823148 -0.0324316844 -0.00193719864
v -0.0128008511 -0.0324539814 -0.00169632435
v -0.0127815297 -0.0324733028 -0.00145494461
v -0.0127651646 -0.0324896678 -0.00121312141
v -0.0127651646 -0.0324896678 0.00121312141
v -0.0127815297 -0.0324733028 0.00145494461
v -0.0128008511 -0.0324539814 0.00169632435
v -0.012823148 -0.0324316844 0.00193719864
v -0.0128484013 -0.0324064312 0.00217748642
v -0.0128765919 -0.0323782596 0.00241712093
v -0.0129077008 -0.0323471317 0.00265602589
v -0.012941766 -0.0323130855 0.00289412975
v -0.0129787304 -0.032276102 0.00313136578
v -0.0127671864 -0.0268307933 -0.00985430479
v -0.0127671864 -0.0268307933 0.00985430717
v -0.0128891423 -0.0267088375 -0.0100253701
v -0.0128891423 -0.0267088375 0.0100253725
v -0.0129946186 -0.0230678234 -0.0120526004
v -0.0128468564 -0.0232156047 -0.0119266319
v -0.0128468564 -0.0232156047 0.0119266319
v -0.0129946186 -0.0230678234 0.0120526028
v -0.0128510907 -0.0210900363 -0.0127302718
v -0.0128209736 -0.0211201534 -0.0110368443
v -0.0128209736 -0.0211201534 0.0110368443
v -0.0128510907 -0.0210900363 0.0127302742
v -0.0129578068 -0.0209833011 -0.0111375809
v -0.0129578068 -0.0209833011 0.0111375809
v -0.0129047062 -0.00406586261 -0.0108253169
v -0.0127704289 -0.00420012088 0.0109327459
v -0.0127413228 -0.0325135097 -0.000728459358
v -0.0127338841 -0.0325209484 -0.000485758781
v -0.0127294209 -0.0325254306 -0.000242915154
v -0.0127294209 -0.0325254306 0.000242915154
v -0.0127338841 -0.0325209484 0.000485758781
v -0.0127413228 -0.0325135097 0.000728459358
v -0.0125296452 -0.0270683345 -0.00950332642
v -0.0125296452 -0.0270683345 0.00950332642
v -0.0126473286 -0.0269506511 -0.00968027353
v -0.0126473286 -0.0269506511 0.00968027115
v -0.0125560811 -0.023506361 -0.0116638637
v -0.0125560811 -0.023506361 0.0116638613
v -0.0127006581 -0.0233617839 -0.0117970395
v -0.0127006581 -0.0233617839 0.0117970371
v -0.0125009968 -0.0214401302 -0.0482659385
v -0.0125157978 -0.0214253292 -0.0480000001
v -0.0125040867 -0.0214370403 -0.0477634057
v -0.0125009968 -0.0214401302 -0.0477340615
v -0.0125398686 -0.0214012584 -0.0125195003
v -0.012551141 -0.021389986 -0.0108253169
v -0.0126854184 -0.0212557086 0.0109327459
v -0.0125398686 -0.0214012584 0.0125195026
v -0.0126948216 -0.0212463054 -0.0126268053
v -0.0126948216 -0.0212463054 0.0126268053
v -0.0126348546 -0.00433569522 -0.0110368443
v -0.0126348546 -0.00433569522 0.0110368443
v -0.0123008587 -0.027297121 -0.00914090157
v -0.0123008587 -0.027297121 0.00914090157
v -0.0124141362 -0.0271838436 -0.00932351828
v -0.0124141362 -0.0271838436 0.00932351589
v -0.0122719624 -0.0237904796 -0.0113869238
v -0.0122719624 -0.0237904796 0.0113869238
v -0.0124131825 -0.0236492786 -0.0115271449
v -0.0124131825 -0.0236492786 0.0115271425
v -0.0122737362 -0.0216673908 -0.0490230855
v -0.012384763 -0.021556364 -0.0487717837
v -0.0124359562 -0.0215051708 -0.0486092255
v -0.0123941281 -0.0215469989 -0.0472547691
v -0.0122862103 -0.0216549167 -0.0470007651
v -0.012260957 -0.02168017 -0.0469533755
v -0.0123862507 -0.0215548763 -0.0124083948
v -0.0122866871 -0.0216544399 -0.0106006002
v -0.0124182179 -0.02152289 0.0107145929
v -0.0123862507 -0.0215548763 0.0124083948
v -0.0124569561 -0.0214841709 -0.0485253289
v -0.0124975254 -0.0214436016 -0.048295202
v -0.0124632695 -0.0214778575 -0.047502968
v -0.0124432995 -0.0214978275 -0.0474185658
v -0.0123599675 -0.00461058231 -0.0112349248
v -0.0123599675 -0.00461058231 0.0112349272
v -0.0124980214 -0.00447252841 -0.0111375809
v -0.0124980214 -0.00447252841 0.0111375809
v -0.0120811131 -0.0275168666 -0.00876747131
v -0.0120811131 -0.0275168666 0.00876747131
v -0.012189832 -0.0274081478 -0.00895553589
v -0.012189832 -0.0274081478 0.00895553589
v -0.0121325161 -0.0239299259 -0.0112432432
v -0.0121325161 -0.0239299259 0.0112432432
v -0.0121180584 -0.0218230686 -0.0492633462
v -0.0121784069 -0.0217627201 -0.0491809192
v -0.012133527 -0.0218076 -0.0467566986
v -0.0120031979 -0.0219379291 -0.0466074415
v -0.0120832493 -0.0218578777 -0.0121749091
v -0.0120279553 -0.0219131717 -0.0103629708
v -0.0121565869 -0.0217845401 0.0104833841
v -0.0120832493 -0.0218578777 0.0121749115
v -0.0122479107 -0.0216932163 -0.0490698448
v -0.0121928647 -0.0217482624 -0.0468406028
v -0.0122340443 -0.0217070827 -0.01229352
v -0.0122340443 -0.0217070827 0.01229352
v -0.0120803502 -0.00489019961 -0.0114193177
v -0.0120803502 -0.00489019961 0.0114193201
v -0.012220731 -0.00474983783 -0.0113288474
v -0.012220731 -0.00474983783 0.011328845
v -0.0117689755 -0.0278290042 -0.00818767071
v -0.0117689755 -0.0278290042 0.00818767071
v -0.0119747021 -0.0276232776 -0.00857676744
v -0.0118706562 -0.0277273235 -0.0083834815
v -0.0118706562 -0.0277273235 0.00838347912
v -0.0119747021 -0.0276232776 0.00857676506
v -0.0119948628 -0.0240675983 -0.0110961485
v -0.0118590214 -0.0242034206 -0.0109456825
v -0.0118590214 -0.0242034206 0.0109456825
v -0.0119948628 -0.0240675983 0.0110961485
v -0.0118780568 -0.0220630703 -0.0495010108
v -0.0119328167 -0.0220082912 -0.0494571844
v -0.0118964817 -0.0220446453 -0.0465131465
v -0.0117640164 -0.0221771106 -0.0464237875
v -0.0119339611 -0.0220071659 -0.0120526004
v -0.0117861798 -0.0221549282 -0.0119266319
v -0.0117752316 -0.0221658954 -0.0101127124
v -0.0119008114 -0.0220403156 0.0102394009
v -0.0117861798 -0.0221549282 0.0119266319
v -0.0119339611 -0.0220071659 0.0120526028
v -0.0119858983 -0.0219552288 -0.0494093639
v -0.0119507077 -0.0219904193 -0.0465583183
v -0.0119388821 -0.00503166766 -0.0115063095
v -0.011796365 -0.00517420383 0.0115897989
v -0.0115729382 -0.0280250415 -0.00778871536
v -0.0115729382 -0.0280250415 0.00778871536
v -0.0116697361 -0.0279282436 -0.00798939466
v -0.0116697361 -0.0279282436 0.00798939705
v -0.0117250683 -0.0243373737 -0.010791893
v -0.0115930417 -0.0244694194 -0.0106348228
v -0.0115930417 -0.0244694194 0.0106348228
v -0.0117250683 -0.0243373737 0.010791893
v -0.0116851666 -0.0222559604 -0.0496167961
v -0.0115017559 -0.0224393711 -0.0463209298
v -0.0116400006 -0.0223011264 -0.0117970395
v -0.0115288403 -0.0224122867 -0.00985013485
v -0.0116512158 -0.0222899112 0.00998294353
v -0.0116400006 -0.0223011264 0.0117970371
v -0.0117445042 -0.0221966228 -0.0495870867
v -0.0117050602 -0.0222360668 -0.0463926184
v -0.011652837 -0.00531773181 -0.011669755
v -0.0115083363 -0.00546221347 0.0117461586
v -0.0112975171 -0.0283004627 -0.00717284679
v -0.0112975171 -0.0283004627 0.00717284679
v -0.0114786198 -0.0281193599 -0.00758568764
v -0.0113868 -0.0282111797 -0.00738037825
v -0.0113868 -0.0282111797 0.00738037586
v -0.0114786198 -0.0281193599 0.00758568764
v -0.0113348629 -0.0247275791 -0.0103110433
v -0.0114629605 -0.0245995006 0.0104745245
v -0.0114393666 -0.0225017604 -0.0496906874
v -0.0113137104 -0.0226274166 -0.0463
v -0.0113525059 -0.0225886211 -0.0115271449
v -0.0112890675 -0.0226520595 -0.00957555532
v -0.0114081051 -0.0225330219 0.00971432686
v -0.0113525059 -0.0225886211 0.0115271425
v -0.011481004 -0.022460123 -0.0496834558
v -0.0114602139 -0.0224809131 -0.0463126716
v -0.0114954236 -0.0224457035 -0.0116638637
v -0.0114954236 -0.0224457035 0.0116638613
v -0.01136292 -0.00560762973 -0.0118189812
v -0.0112617352 -0.00570881457 -0.000763235092
v -0.0112861874 -0.00568438144 -0.000556693077
v -0.0113068249 -0.00566374393 -0.000279026031
v -0.0113137104 -0.0056568584 -6.9388939e-18
v -0.0113098385 -0.00566073032 0.000209345818
v -0.0112926342 -0.0056779346 0.000487475395
v -0.0112707379 -0.00569983096 0.000694594383
v -0.0112518933 -0.00571865649 0.000831646919
v -0.01136292 -0.00560762973 0.0118189812
v -0.0110451176 -0.0285528621 -0.00653754473
v -0.0110451176 -0.0285528621 0.00653754711
v -0.0112107899 -0.0283871898 -0.00696315527
v -0.0111266377 -0.028471342 0.00675136566
v -0.0112088063 -0.0248536357 -0.0101444292
v -0.0110848286 -0.0249776134 -0.00997473478
v -0.0110848286 -0.0249776134 0.0099747324
v -0.0112088063 -0.0248536357 0.0101444292
v -0.0111880543 -0.0227530727 -0.0496906874
v -0.0110025837 -0.0229385433 -0.0463579261
v -0.0110718586 -0.0228692684 -0.0112432432
v -0.0110562184 -0.0228848896 -0.00928930998
v -0.0111717656 -0.0227693614 0.00943387032
v -0.0110718586 -0.0228692684 0.0112432432
v -0.0112298634 -0.0227112636 -0.049695859
v -0.0112089398 -0.0227321872 -0.046306469
v -0.0112113049 -0.0227298221 -0.0113869238
v -0.0112113049 -0.0227298221 0.0113869238
v -0.0112166264 -0.00575392337 -0.011888206
v -0.0110274556 -0.00594311328 -0.00175348282
v -0.0110888531 -0.00588169665 -0.00156292439
v -0.0111596158 -0.00581095309 -0.00130227089
v -0.0112173321 -0.00575323672 -0.00103527546
v -0.0111752751 -0.00579529376 0.00123606682
v -0.0111077549 -0.0058628139 0.00149842739
v -0.0110487034 -0.00592184634 0.00169047356
v -0.0110054257 -0.00596514316 0.00181596279
v -0.0110695126 -0.00590105624 0.0119538116
v -0.0112412121 -0.00572933765 -0.000899806023
v -0.0112296917 -0.0057408771 0.00096768856
v -0.0108164456 -0.0287815341 -0.00588453293
v -0.0108164456 -0.0287815341 0.00588453293
v -0.0109662297 -0.0286317501 -0.00632175446
v -0.0108899929 -0.0287079868 -0.0061040616
v -0.0108899929 -0.0287079868 0.00610406399
v -0.0109662297 -0.0286317501 0.00632175446
v -0.0109629681 -0.025099493 -0.00980201006
v -0.0108432438 -0.0252191982 -0.00962630749
v -0.0108432438 -0.0252191982 0.00962630749
v -0.0109629681 -0.025099493 0.00980200768
v -0.0109223416 -0.0230187854 -0.0496073815
v -0.0107679799 -0.0231731472 -0.0464852889
v -0.0109341862 -0.0230069408 -0.0110961485
v -0.0107983639 -0.0231427631 -0.0109456825
v -0.0108305981 -0.0231105289 -0.0089917469
v -0.0108305981 -0.0231105289 0.0089917469
v -0.0107983639 -0.0231427631 0.0109456825
v -0.0109341862 -0.0230069408 0.0110961485
v -0.0109823658 -0.0229587612 -0.0496341449
v -0.0109422543 -0.0229988727 -0.0463832039
v -0.0109424832 -0.0229986248 -0.009141922
v -0.0109424832 -0.0229986248 0.009141922
v -0.0109215977 -0.00604897113 -0.0120157719
v -0.0108021977 -0.00616837115 -0.00229430676
v -0.0109097149 -0.00606085391 -0.0020601511
v -0.0109590771 -0.00601149173 -0.0019392395
v -0.0109347775 -0.00603579135 0.00199999809
v -0.0108301594 -0.00614040942 0.00223677158
v -0.0107735302 -0.0061970386 0.00235114098
v -0.010772939 -0.00619762988 0.0120740747
v -0.0109826329 -0.00598793597 -0.00187788486
v -0.0109826329 -0.00598793597 0.00187788486
v -0.0105494931 -0.0290484867 -0.00498936176
v -0.0105494931 -0.0290484867 0.00498936176
v -0.0107456067 -0.0288523731 -0.00566323042
v -0.0106774762 -0.0289205036 -0.00544022083
v -0.0106121113 -0.0289858684 -0.0052155757
v -0.0106121113 -0.0289858684 0.00521557808
v -0.0106774762 -0.0289205036 0.00544022083
v -0.0107456067 -0.0288523731 0.00566322803
v -0.0106103756 -0.0254520664 -0.00926618338
v -0.0107256939 -0.0253367481 0.00944767952
v -0.0106766942 -0.0232644138 -0.0494416818
v -0.0105093625 -0.0234317646 -0.0467366537
v -0.0106644108 -0.0232767162 -0.010791893
v -0.0105323651 -0.0234087429 -0.0106348228
v -0.0105062535 -0.0234348735 -0.00852498055
v -0.0106124356 -0.0233286914 0.00868322849
v -0.0105323651 -0.0234087429 0.0106348228
v -0.0106644108 -0.0232767162 0.010791893
v -0.0107493641 -0.0231917629 -0.0495010108
v -0.0107309201 -0.0232102069 -0.0494868535
v -0.0106945851 -0.0232465419 -0.0465428156
v -0.0107493641 -0.0231917629 -0.0464989892
v -0.0107205632 -0.0232205638 -0.00883883476
v -0.0107205632 -0.0232205638 0.00883883476
v -0.0106235936 -0.00634697528 -0.0121286964
v -0.010519891 -0.00645067783 -0.00277863503
v -0.0106833889 -0.0062871799 -0.00251728058
v -0.0107141163 -0.00625645251 -0.00246264458
v -0.0107141163 -0.00625645251 0.00246264458
v -0.0105538609 -0.00641670795 0.00272799492
v -0.010519891 -0.00645067783 0.00277863503
v -0.0106235936 -0.00634697528 0.0121286964
v -0.0107441571 -0.0062263927 -0.00240725994
v -0.0107441571 -0.0062263927 0.00240725994
v -0.0103270962 -0.0292708835 -0.00407016277
v -0.0102785733 -0.0293194065 -0.00383712292
v -0.0102785733 -0.0293194065 0.00383712292
v -0.0103270962 -0.0292708835 0.00407016277
v -0.0104896786 -0.0291083011 -0.00476164341
v -0.0104326489 -0.0291653308 -0.00453248978
v -0.0103784611 -0.0292195186 -0.00430197239
v -0.0103784611 -0.0292195186 0.00430197239
v -0.0104326489 -0.0291653308 0.00453248978
v -0.0104896786 -0.0291083011 0.00476164341
v -0.0102780774 -0.0257843647 -0.00870502949
v -0.0102780774 -0.0257843647 0.00870502949
v -0.010497308 -0.025565134 -0.00908187151
v -0.0103865292 -0.0256759128 -0.00889480114
v -0.0103865292 -0.0256759128 0.00889480114
v -0.010497308 -0.025565134 0.00908187389
v -0.0104345562 -0.0235065708 -0.0491593972
v -0.0103412106 -0.0235999164 -0.048999235
v -0.0102523282 -0.0236887989 -0.0472018984
v -0.0103536847 -0.0235874424 -0.0469769144
v -0.0104022839 -0.023538824 -0.0104745245
v -0.0104020359 -0.0235390911 -0.00836413145
v -0.0102998021 -0.023641325 -0.00820073843
v -0.0102998021 -0.023641325 0.00820073605
v -0.0104020359 -0.0235390911 0.00836413383
v -0.0102742054 -0.0236669216 0.0103110409
v -0.0104938939 -0.0234472332 -0.0492433012
v -0.0104489949 -0.0234921131 -0.0468190807
v -0.0103229763 -0.0066475925 -0.0122268438
v -0.0103409054 -0.00662966342 -0.00301883698
v -0.010450063 -0.00652048679 -0.00287735939
v -0.0103778698 -0.006592699 0.002972579
v -0.01026526 -0.00670528979 0.0031085825
v -0.0103229763 -0.0066475925 0.0122268438
v -0.0104735806 -0.00649696918 -0.012179625
v -0.0104852726 -0.00648527713 -0.00282842636
v -0.0104852726 -0.00648527713 0.00282842636
v -0.0104735806 -0.00649696918 0.0121796274
v -0.0100792744 -0.0295187053 -0.00265602589
v -0.0100481465 -0.0295498333 -0.00241712093
v -0.0100199749 -0.0295780048 -0.00217748642
v -0.0100199749 -0.0295780048 0.00217748642
v -0.0100481465 -0.0295498333 0.00241712093
v -0.0100792744 -0.0295187053 0.00265602589
v -0.0102329304 -0.0293650493 -0.00360293388
v -0.0101901677 -0.0294078121 -0.00336765289
v -0.0101503041 -0.0294476757 -0.00313136578
v -0.0101133206 -0.0294846591 -0.00289412975
v -0.0101133206 -0.0294846591 0.00289412975
v -0.0101503041 -0.0294476757 0.00313136578
v -0.0101901677 -0.0294078121 0.00336765289
v -0.0102329304 -0.0293650493 0.00360293388
v -0.0101719716 -0.0258904705 -0.00851261377
v -0.010068269 -0.025994173 -0.00831761122
v -0.010068269 -0.025994173 0.00831760883
v -0.0101719716 -0.0258904705 0.00851261139
v -0.0101841214 -0.0237570056 -0.0485814342
v -0.0101641514 -0.0237769756 -0.0484970319
v -0.0101233342 -0.0238177928 -0.0482365942
v -0.0101118138 -0.0238293132 -0.047970331
v -0.0101264241 -0.0238147029 -0.0477340615
v -0.0101704647 -0.0237706623 -0.0474746712
v -0.0101481488 -0.0237929782 -0.0101444292
v -0.0100241711 -0.0239169559 -0.00997473478
v -0.010101495 -0.023839632 -0.00786650419
v -0.01000546 -0.023935667 -0.00769576788
v -0.01000546 -0.023935667 0.00769577026
v -0.010101495 -0.023839632 0.00786650658
v -0.0100241711 -0.0239169559 0.0099747324
v -0.0101481488 -0.0237929782 0.0101444292
v -0.0102426388 -0.0236984882 -0.0487717837
v -0.0102332928 -0.0237078342 -0.048745231
v -0.0101914647 -0.0237496624 -0.0473907745
v -0.0102426388 -0.0236984882 -0.0472282161
v -0.0101996281 -0.0237414989 -0.0080348444
v -0.0101996281 -0.0237414989 0.0080348444
v -0.010171819 -0.00679874988 -0.0122703409
v -0.0101075985 -0.00686297031 -0.00327661037
v -0.0101874783 -0.00678309054 -0.00319454193
v -0.0101477864 -0.00682278247 0.00323606968
v -0.0100257542 -0.00694481464 0.00335468292
v -0.0100201275 -0.00695044131 0.0123100948
v -0.0102266362 -0.00674393268 -0.00315204144
v -0.0102266362 -0.00674393268 0.00315204144
v -0.00999472165 -0.0296032581 -0.00193719864
v -0.00997242474 -0.029625555 -0.00169632435
v -0.0099531033 -0.0296448764 -0.00145494461
v -0.00993673825 -0.0296612415 -0.00121312141
v -0.00992332959 -0.0296746501 -0.000970935822
v -0.00991289639 -0.0296850833 -0.000728459358
v -0.00990545773 -0.029692522 -0.000485758781
v -0.00990099453 -0.0296969852 -0.000242915154
v -0.00990099453 -0.0296969852 0.000242915154
v -0.00990545773 -0.029692522 0.000485758781
v -0.00991289639 -0.0296850833 0.000728459358
v -0.00992332959 -0.0296746501 0.000970935822
v -0.00993673825 -0.0296612415 0.00121312141
v -0.0099531033 -0.0296448764 0.00145494461
v -0.00997242474 -0.029625555 0.00169632435
v -0.00999472165 -0.0296032581 0.00193719864
v -0.00977177166 -0.0262906894 -0.00771768332
v -0.00977177166 -0.0262906894 0.0077176857
v -0.00996696972 -0.0260954723 -0.00812008142
v -0.00986813092 -0.0261943111 -0.00792008638
v -0.00986813092 -0.0261943111 0.007920084
v -0.00996696972 -0.0260954723 0.00812008381
v -0.00990231061 -0.0240388164 -0.00980201006
v -0.00978258633 -0.0241585407 -0.00962630749
v -0.00991156125 -0.0240295658 -0.00752268791
v -0.0098197987 -0.0241213283 -0.00734731674
v -0.0098197987 -0.0241213283 0.00734731674
v -0.00991156125 -0.0240295658 0.00752268791
v -0.00978258633 -0.0241585407 0.00962630749
v -0.00990231061 -0.0240388164 0.00980200768
v -0.00986797833 -0.00710259051 -0.0123461032
v -0.00981314206 -0.00715740771 -0.00353178978
v -0.0099420216 -0.00702852817 -0.00342866898
v -0.00985653424 -0.00711403461 0.00349847794
v -0.00976936841 -0.00720120044 0.00356402397
v -0.00986797833 -0.00710259051 0.0123461056
v -0.00998411679 -0.00698645206 -0.00339219093
v -0.00998411679 -0.00698645206 0.00339219093
v -0.00967791104 -0.026384531 -0.00751293898
v -0.00958658719 -0.0264758548 -0.00730591059
v -0.00958658719 -0.0264758548 0.00730591297
v -0.00967791104 -0.026384531 0.00751293659
v -0.00966503644 -0.0242760906 -0.00944767952
v -0.00955769085 -0.0243834362 -0.00680798769
v -0.0096428349 -0.0242982921 0.00698991299
v -0.00954971814 -0.0243914089 0.00926618099
v -0.00973021054 -0.0242109165 -0.00716970444
v -0.00973021054 -0.0242109165 0.00716970444
v -0.00971540951 -0.00725515933 -0.0123783517
v -0.00968061947 -0.0072899303 -0.00362523079
v -0.00954483532 -0.00742573352 0.00370873451
v -0.00956245923 -0.00740809054 0.012406826
v -0.00972517514 -0.00724537463 -0.00359517574
v -0.00972517514 -0.00724537463 0.00359517574
v -0.00949783825 -0.0265646038 -0.00709666252
v -0.00941168332 -0.0266507778 -0.00688525915
v -0.00932814145 -0.0267343196 -0.00667176485
v -0.00932814145 -0.0267343196 0.00667176723
v -0.00941168332 -0.0266507778 0.00688526154
v -0.00949783825 -0.0265646038 0.00709666252
v -0.00943665051 -0.0245044765 -0.00908187151
v -0.0093258717 -0.0246152553 -0.00889480114
v -0.00931591534 -0.0246252117 -0.00625
v -0.00931591534 -0.0246252117 0.00625
v -0.009394212 -0.024546915 0.00643797398
v -0.0093258717 -0.0246152553 0.00889480114
v -0.00943665051 -0.0245044765 0.00908187389
v -0.00947479748 -0.0244663105 -0.00662399054
v -0.00947479748 -0.0244663105 0.00662399292
v -0.00940918469 -0.00756136508 -0.0124315238
v -0.00926298642 -0.00770758243 -0.00801919699
v -0.0092512753 -0.00771927447 -0.00780898809
v -0.00945265317 -0.00751789661 -0.00375876904
v -0.00926489377 -0.00770565601 0.00384504795
v -0.00926298642 -0.00770758243 0.00798080444
v -0.0092512753 -0.00771927447 0.00819101334
v -0.00925564312 -0.00771492572 0.0124524355
v -0.00949890637 -0.00747166247 -0.00373432159
v -0.00949890637 -0.00747166247 0.00373432159
v -0.0090206387 -0.0270418033 -0.00579817772
v -0.0090206387 -0.0270418033 0.00579817772
v -0.00924723172 -0.0268152103 -0.00645624399
v -0.00909346127 -0.0269689807 -0.00601938486
v -0.00916901135 -0.0268934497 0.00623876095
v -0.00924723172 -0.0268152103 0.00645624638
v -0.00911131405 -0.024829813 -0.00851261377
v -0.00900761151 -0.0249335155 -0.00831761122
v -0.00916634106 -0.0247747859 -0.00586839437
v -0.00909510159 -0.0248460254 -0.00567488194
v -0.00902626538 -0.0249148616 -0.00547963858
v -0.00902626538 -0.0249148616 0.00547964096
v -0.00909510159 -0.0248460254 0.00567488194
v -0.00916634106 -0.0247747859 0.00586839676
v -0.00900761151 -0.0249335155 0.00831760883
v -0.00911131405 -0.024829813 0.00851261139
v -0.00921741986 -0.0247237072 -0.00870502949
v -0.00923994565 -0.0247011814 -0.00606012106
v -0.00923994565 -0.0247011814 0.00606011868
v -0.00921741986 -0.0247237072 0.00870502949
v -0.0091018536 -0.00786871524 -0.0124695516
v -0.00905413174 -0.00791641803 -0.00875019789
v -0.00917204403 -0.00779850574 -0.00851641893
v -0.00921619916 -0.00775436969 -0.00837622166
v -0.00917831921 -0.00779224963 -0.00750061035
v -0.00906330609 -0.00790724368 -0.00726395607
v -0.00900574231 -0.00796482654 -0.00718254089
v -0.00921732449 -0.00775322528 -0.00386370182
v -0.00902496838 -0.00794560046 0.00392651081
v -0.00905413174 -0.00791641803 0.00724980354
v -0.00917204403 -0.00779850574 0.0074835825
v -0.00921619916 -0.00775436969 0.00762377739
v -0.00917831921 -0.00779224963 0.00849938869
v -0.00906330609 -0.00790724368 0.00873604298
v -0.00900574231 -0.00796482654 0.00881745815
v -0.0091018536 -0.00786871524 0.0124695492
v -0.00924000287 -0.00773056598 -0.00826611519
v -0.00924881482 -0.00772175403 -0.00820988894
v -0.00924316906 -0.00772739978 -0.00775255442
v -0.00922071957 -0.00774984927 -0.00764187574
v -0.00924000287 -0.00773056598 0.00773388386
v -0.00924881482 -0.00772175403 0.00779010773
v -0.00924316906 -0.00772739978 0.00824744701
v -0.00922071957 -0.00774984927 0.00835812569
v -0.00875692868 -0.0273055133 -0.00489642143
v -0.00875692868 -0.0273055133 0.00489642143
v -0.00895056271 -0.0271118984 -0.00557521105
v -0.0088832333 -0.0271792087 -0.00535054922
v -0.00881868863 -0.0272437725 -0.00512426376
v -0.00881868863 -0.0272437725 0.00512426376
v -0.0088832333 -0.0271792087 0.00535055161
v -0.00895056271 -0.0271118984 0.00557520866
v -0.00890631222 -0.0250348148 -0.00812008142
v -0.00880747342 -0.0251336536 -0.00792008638
v -0.00889587903 -0.025045248 -0.00508420706
v -0.00883436703 -0.02510676 -0.00488413811
v -0.00877533459 -0.0251657924 -0.00468258381
v -0.00877533459 -0.0251657924 0.00468258381
v -0.00883436703 -0.02510676 0.00488413811
v -0.00889587903 -0.025045248 0.00508420944
v -0.00880747342 -0.0251336536 0.007920084
v -0.00890631222 -0.0250348148 0.00812008381
v -0.0089598515 -0.0249812755 -0.00528272867
v -0.0089598515 -0.0249812755 0.00528272629
v -0.00894787335 -0.00802269549 -0.0124828696
v -0.008801656 -0.00816891284 -0.00900490046
v -0.00896416211 -0.00800640674 -0.0088668108
v -0.00881399655 -0.00815655322 -0.00700306177
v -0.008751302 -0.00821924777 -0.00696633816
v -0.00892775082 -0.00804281802 -0.00395075321
v -0.00878092312 -0.00818962665 0.00397808552
v -0.008801656 -0.00816891284 0.00699510098
v -0.00896416211 -0.00800640674 0.00713318825
v -0.00881399655 -0.00815655322 0.00899693966
v -0.008751302 -0.00821924777 0.00903366089
v -0.00879375958 -0.00817680926 0.0124923849
v -0.00899557614 -0.00797499271 -0.00883018017
v -0.00897478604 -0.00799578281 -0.00714514017
v -0.00897642636 -0.00799412341 -0.00393923283
v -0.00897642636 -0.00799412341 0.00393923283
v -0.00899557614 -0.00797499271 0.00716981888
v -0.00897478604 -0.00799578281 0.00885486126
v -0.00853827023 -0.0275241718 -0.00397087574
v -0.00853827023 -0.0275241718 0.00397087574
v -0.0086979916 -0.0273644504 -0.00466709137
v -0.00864189648 -0.0274205455 -0.00443634033
v -0.00858864331 -0.0274737987 -0.00420424461
v -0.00858864331 -0.0274737987 0.00420424461
v -0.00864189648 -0.0274205455 0.00443634033
v -0.0086979916 -0.0273644504 0.00466709137
v -0.00861725354 -0.0253238735 -0.00751293898
v -0.00852592968 -0.0254151973 -0.00730591059
v -0.00866476559 -0.0252763423 -0.00427525043
v -0.00861328625 -0.0253278408 -0.00406960011
v -0.00856432461 -0.0253768024 -0.00386271477
v -0.00851793789 -0.0254231891 -0.00365464687
v -0.00851793789 -0.0254231891 0.00365464687
v -0.00856432461 -0.0253768024 0.00386271477
v -0.00861328625 -0.0253278408 0.00406960011
v -0.00866476559 -0.0252763423 0.00427525043
v -0.00852592968 -0.0254151973 0.00730591297
v -0.00861725354 -0.0253238735 0.00751293659
v -0.00871109509 -0.0252300128 -0.00771768332
v -0.00871880078 -0.0252223262 -0.004479599
v -0.00871880078 -0.0252223262 0.004479599
v -0.00871109509 -0.0252300128 0.0077176857
v -0.00863953137 -0.0083310184 -0.012498095
v -0.00871269726 -0.00825787158 -0.00905193567
v -0.00851242566 -0.00845814319 -0.00690067053
v -0.00868258023 -0.00828798862 -0.0039902544
v -0.00853464627 -0.00843592258 0.0039993906
v -0.00871269726 -0.00825787158 0.00694806576
v -0.00851242566 -0.00845814319 0.0090993309
v -0.00863953137 -0.0083310184 0.0124980974
v -0.00873852276 -0.00823204608 -0.00904006958
v -0.00872564816 -0.00824492068 -0.00695383787
v -0.00873178982 -0.00823875995 -0.00398478031
v -0.00873178982 -0.00823875995 0.00398478031
v -0.00873852276 -0.00823204608 0.00695992947
v -0.00872564816 -0.00824492068 0.00904616356
v -0.00829704785 -0.0277654132 -0.00254781246
v -0.00826712155 -0.0277953205 -0.00230750561
v -0.00826712155 -0.0277953205 0.00230750561
v -0.00829704785 -0.0277654132 0.00254781246
v -0.00844618344 -0.0276162586 -0.00350058079
v -0.00840450787 -0.0276579532 -0.00326380253
v -0.00836573147 -0.0276967105 -0.00302603245
v -0.00832991147 -0.0277325305 -0.00278734684
v -0.00832991147 -0.0277325305 0.00278734684
v -0.00836573147 -0.0276967105 0.00302603245
v -0.00840450787 -0.0276579532 0.00326380253
v -0.00849077725 -0.0275716648 0.0037362957
v -0.00843718075 -0.0255039463 -0.00709666252
v -0.00835100674 -0.0255901012 -0.00688525915
v -0.00826746487 -0.0256736431 -0.00667176485
v -0.00839428448 -0.0255468425 -0.00302402496
v -0.00835827374 -0.0255828533 -0.00281188965
v -0.00832487607 -0.0256162509 -0.00259889603
v -0.00829412961 -0.0256469974 -0.00238511086
v -0.00826601529 -0.0256751117 -0.00217060089
v -0.00826601529 -0.0256751117 0.00217060089
v -0.00829412961 -0.0256469974 0.00238511086
v -0.00832487607 -0.0256162509 0.00259889603
v -0.00835827374 -0.0255828533 0.00281188965
v -0.00843290829 -0.0255082187 0.00323523998
v -0.00826746487 -0.0256736431 0.00667176723
v -0.00835100674 -0.0255901012 0.00688526154
v -0.00843718075 -0.0255039463 0.00709666252
v -0.0084741261 -0.0254670009 -0.00344546795
v -0.0084741261 -0.0254670009 0.00344546795
v -0.00833101773 -0.00863953204 -0.012498095
v -0.00845814251 -0.00851242633 -0.0090993309
v -0.00825787091 -0.00871269794 -0.00694806576
v -0.0084359219 -0.00853464694 -0.0039993906
v -0.00828798794 -0.0086825809 0.0039902544
v -0.00845814251 -0.00851242633 0.00690066814
v -0.00825787091 -0.00871269794 0.00905193329
v -0.00833101773 -0.00863953204 0.0124980974
v -0.00848528409 -0.00848528476 -0.0125
v -0.00849886441 -0.00847170444 -0.00909983158
v -0.00848528409 -0.00848528476 -0.00690000057
v -0.00848528409 -0.00848528476 -0.00400000095
v -0.00848528409 -0.00848528476 0.00400000095
v -0.00849886441 -0.00847170444 0.00690016747
v -0.00848528409 -0.00848528476 0.00909999847
v -0.00848528409 -0.00848528476 0.0125
v -0.00824017071 -0.0278222713 -0.00206649303
v -0.00821619534 -0.0278462657 -0.0018248558
v -0.00819519543 -0.0278672657 -0.00158266544
v -0.00817717099 -0.027885271 -0.00133999348
v -0.00816216015 -0.0279002819 -0.00109691143
v -0.00815014386 -0.0279122982 -0.000853500366
v -0.0081411221 -0.0279213199 -0.000609827042
v -0.00813511395 -0.0279273281 -0.000365972519
v -0.00813210034 -0.0279303417 -0.000122003555
v -0.00813210034 -0.0279303417 0.000122003555
v -0.00813511395 -0.0279273281 0.000365972519
v -0.0081411221 -0.0279213199 0.000609827042
v -0.00815014386 -0.0279122982 0.000853500366
v -0.00816216015 -0.0279002819 0.00109691143
v -0.00817717099 -0.027885271 0.00133999348
v -0.00819519543 -0.0278672657 0.00158266544
v -0.00821619534 -0.0278462657 0.0018248558
v -0.00824017071 -0.0278222713 0.00206649303
v -0.00818657422 -0.0257545528 -0.00645624399
v -0.00810833478 -0.0258327732 -0.00623876095
v -0.00818014645 -0.0257609806 -0.00130660534
v -0.0081653645 -0.0257757625 -0.00108944893
v -0.00815325284 -0.0257878742 -0.000871953964
v -0.00814384961 -0.0257972774 -0.000654201508
v -0.00813711667 -0.0258040103 -0.000436244011
v -0.00813171887 -0.0258093891 -6.9388939e-18
v -0.00813307309 -0.0258080539 0.000218153
v -0.00813711667 -0.0258040103 0.000436244011
v -0.00814384961 -0.0257972774 0.000654201508
v -0.00815325284 -0.0257878742 0.000871953964
v -0.0081653645 -0.0257757625 0.00108944893
v -0.00818014645 -0.0257609806 0.00130660534
v -0.00803280377 -0.0259083232 0.00601938248
v -0.00818657422 -0.0257545528 0.00645624638
v -0.00824055218 -0.0257005748 -0.00195543289
v -0.00819761776 -0.0257435092 -0.00152336597
v -0.00821774029 -0.0257233867 0.00173966408
v -0.00824055218 -0.0257005748 0.00195543289
v -0.00817680859 -0.00879376025 -0.0124923849
v -0.0082192471 -0.00875130267 -0.00903366089
v -0.00815655255 -0.00881399722 -0.00899693966
v -0.00800640606 -0.00896416278 -0.00713318825
v -0.00816891217 -0.00880165668 -0.00699510098
v -0.00818962597 -0.0087809238 -0.00397808552
v -0.00804281735 -0.00892775149 0.00395075321
v -0.0082192471 -0.00875130267 0.00696633816
v -0.00815655255 -0.00881399722 0.00700305939
v -0.00800640606 -0.00896416278 0.0088668108
v -0.00816891217 -0.00880165668 0.00900489807
v -0.00802269482 -0.00894787402 0.0124828672
v -0.00824492001 -0.00872564883 -0.00904616117
v -0.00823204541 -0.00873852344 -0.00695992947
v -0.00823875927 -0.0087317905 -0.00398478031
v -0.00823875927 -0.0087317905 0.00398478031
v -0.00824492001 -0.00872564883 0.00695383549
v -0.00823204541 -0.00873852344 0.00904006958
v -0.00788990521 -0.0260512218 -0.00557521105
v -0.0078225758 -0.0261185512 -0.00535054922
v -0.00775801205 -0.026183115 -0.00512426376
v -0.00775801205 -0.026183115 0.00512426376
v -0.0078225758 -0.0261185512 0.00535055161
v -0.00788990521 -0.0260512218 0.00557520866
v -0.0079599812 -0.0259811458 -0.00579817772
v -0.0079599812 -0.0259811458 0.00579817772
v -0.00786871457 -0.00910185428 -0.0124695516
v -0.00796482586 -0.00900574298 -0.00881745815
v -0.00790724301 -0.00906330676 -0.00873604298
v -0.00779224896 -0.00917831988 -0.00849938869
v -0.00775436902 -0.00921619983 -0.00762377739
v -0.00779850506 -0.00917204471 -0.00748358011
v -0.00791641736 -0.00905413242 -0.00724980116
v -0.00794559979 -0.00902496905 -0.00392651081
v -0.00775322461 -0.00921732516 0.00386370182
v -0.00796482586 -0.00900574298 0.00718254089
v -0.00790724301 -0.00906330676 0.00726395607
v -0.00779224896 -0.00917831988 0.00750061035
v -0.00775436902 -0.00921619983 0.00837622166
v -0.00779850506 -0.00917204471 0.00851641655
v -0.00791641736 -0.00905413242 0.00875020027
v -0.00786871457 -0.00910185428 0.0124695492
v -0.00799578213 -0.00897478671 -0.00885486126
v -0.00797499203 -0.00899557681 -0.00716981888
v -0.00799412274 -0.00897642703 -0.00393923283
v -0.00799412274 -0.00897642703 0.00393923283
v -0.00799578213 -0.00897478671 0.00714513779
v -0.00797499203 -0.00899557681 0.00883018017
v -0.0076373341 -0.0263037929 -0.00466709137
v -0.00758123898 -0.026359888 -0.00443634033
v -0.00752798581 -0.0264131412 -0.00420424461
v -0.00752798581 -0.0264131412 0.00420424461
v -0.00758123898 -0.026359888 0.00443634033
v -0.0076373341 -0.0263037929 0.00466709137
v -0.00769627118 -0.0262448558 -0.00489642143
v -0.00769627118 -0.0262448558 0.00489642143
v -0.00771492505 -0.0092556438 -0.0124524331
v -0.0077192738 -0.00925127597 -0.00819101334
v -0.00770746731 -0.00926310153 -0.00799999952
v -0.00770565533 -0.00926489444 -0.00384504795
v -0.00751789593 -0.00945265384 0.00375876904
v -0.0077192738 -0.00925127597 0.00780898571
v -0.00770746731 -0.00926310153 0.00800000191
v -0.00756136441 -0.00940918536 0.0124315214
v -0.0077498486 -0.00922072024 -0.00835812569
v -0.00772739911 -0.00924316974 -0.00824744701
v -0.00772175335 -0.00924881549 -0.00779011011
v -0.0077305653 -0.00924000354 -0.00773388624
v -0.0077498486 -0.00922072024 0.00764187336
v -0.00772739911 -0.00924316974 0.00775255203
v -0.00772175335 -0.00924881549 0.00820989132
v -0.0077305653 -0.00924000354 0.00826611519
v -0.00743011975 -0.0265110073 -0.0037362957
v -0.0073438313 -0.0265972766 -0.00326380253
v -0.00730507397 -0.026636053 -0.00302603245
v -0.00726925396 -0.026671873 -0.00278734684
v -0.00726925396 -0.026671873 0.00278734684
v -0.00730507397 -0.026636053 0.00302603245
v -0.0073438313 -0.0265972766 0.00326380253
v -0.00738552594 -0.0265556011 0.00350058079
v -0.00747761273 -0.0264635143 -0.00397087574
v -0.00747761273 -0.0264635143 0.00397087574
v -0.00740808987 -0.0095624599 -0.012406826
v -0.00742573285 -0.009544836 -0.00370873451
v -0.00728992962 -0.00968062015 0.00362523079
v -0.00725515866 -0.00971541019 0.0123783493
v -0.0074716618 -0.00949890704 -0.00373432159
v -0.0074716618 -0.00949890704 0.00373432159
v -0.00717951321 -0.0267616138 -0.00206649303
v -0.00715551877 -0.0267856082 -0.0018248558
v -0.00713451886 -0.0268065891 -0.00158266544
v -0.00711651349 -0.0268246135 -0.00133999348
v -0.00710150265 -0.0268396244 -0.00109691143
v -0.00708948636 -0.0268516407 -0.000853500366
v -0.0070804646 -0.0268606624 -0.000609827042
v -0.00707445645 -0.0268666706 -0.000365972519
v -0.00707144284 -0.0268696842 -0.000122003555
v -0.00707144284 -0.0268696842 0.000122003555
v -0.00707445645 -0.0268666706 0.000365972519
v -0.0070804646 -0.0268606624 0.000609827042
v -0.00708948636 -0.0268516407 0.000853500366
v -0.00710150265 -0.0268396244 0.00109691143
v -0.00711651349 -0.0268246135 0.00133999348
v -0.00713451886 -0.0268065891 0.00158266544
v -0.00715551877 -0.0267856082 0.0018248558
v -0.00717951321 -0.0267616138 0.00206649303
v -0.00723637127 -0.0267047367 -0.00254781246
v -0.00720646405 -0.026734663 -0.00230750561
v -0.00720646405 -0.026734663 0.00230750561
v -0.00723637127 -0.0267047367 0.00254781246
v -0.00710258984 -0.009867979 -0.0123461032
v -0.00720119977 -0.00976936908 -0.00356402397
v -0.00711403393 -0.00985653491 -0.00349847794
v -0.00702852749 -0.00994202228 0.00342866898
v -0.00715740704 -0.00981314273 0.00353178978
v -0.00710258984 -0.009867979 0.0123461056
v -0.00724537396 -0.00972517581 -0.00359517574
v -0.00724537396 -0.00972517581 0.00359517574
v -0.0067550137 -0.0384998378 -0.0486914521
v -0.00680641675 -0.0384484157 -0.0484970319
v -0.00684723401 -0.0384075984 -0.0482365942
v -0.00685875439 -0.0383960781 -0.047970331
v -0.0068441441 -0.0384106884 -0.0477340615
v -0.00680010342 -0.0384547481 -0.0474746712
v -0.00695044064 -0.0100201282 -0.0123100972
v -0.00694481396 -0.0100257549 -0.00335468292
v -0.0068227818 -0.010147787 -0.00323606968
v -0.00678308987 -0.010187479 0.00319454193
v -0.00686296963 -0.0101075992 0.00327661037
v -0.0067987492 -0.0101718196 0.0122703409
v -0.00698645138 -0.00998411746 -0.00339219093
v -0.00698645138 -0.00998411746 0.00339219093
v -0.00650684857 -0.0387479839 -0.0492020816
v -0.00662935757 -0.038625494 -0.048999235
v -0.00673727536 -0.038517538 -0.048745231
v -0.00674631619 -0.0385085353 -0.047281549
v -0.00672791028 -0.0385269222 -0.0472282161
v -0.00661688351 -0.038637968 -0.0469769144
v -0.00664759182 -0.010322977 -0.0122268438
v -0.00670528912 -0.0102652606 -0.0031085825
v -0.00659269833 -0.0103778705 -0.002972579
v -0.00652048611 -0.0104500637 0.00287735939
v -0.00662966275 -0.010340887 0.00301883698
v -0.00664759182 -0.010322977 0.0122268438
v -0.006743932 -0.0102266368 -0.00315204144
v -0.006743932 -0.0102266368 0.00315204144
v -0.00625790143 -0.038996931 -0.0494722432
v -0.00647667431 -0.0387781581 -0.0492433012
v -0.00649189496 -0.0387629375 -0.0467771223
v -0.00646120572 -0.0387936458 -0.0467366537
v -0.00634697461 -0.0106235942 -0.0121286964
v -0.00645067715 -0.0105198726 -0.00277863503
v -0.00641670727 -0.0105538616 -0.00272799492
v -0.00625645184 -0.010714117 -0.00246264458
v -0.00625645184 -0.010714117 0.00246264458
v -0.00628717923 -0.0106833896 0.00251728058
v -0.00645067715 -0.0105198726 0.00277863503
v -0.00634697461 -0.0106235942 0.0121286964
v -0.0064969685 -0.0104735813 -0.012179625
v -0.00648527646 -0.0104852733 -0.00282842636
v -0.00648527646 -0.0104852733 0.00282842636
v -0.0064969685 -0.0104735813 0.0121796274
v -0.00600830578 -0.0392465267 -0.049625718
v -0.00623962903 -0.0390152034 -0.0494868535
v -0.00623962903 -0.0390152034 -0.0465131465
v -0.00622120404 -0.0390336284 -0.0464989892
v -0.00619762921 -0.0107729396 -0.0120740724
v -0.00619703793 -0.0107735309 -0.00235114098
v -0.00614040875 -0.0108301601 -0.00223677158
v -0.00603579068 -0.0109347782 -0.00199999809
v -0.00601149106 -0.0109590778 0.0019392395
v -0.00606085324 -0.0109097156 0.0020601511
v -0.00616837048 -0.0108021984 0.00229430676
v -0.00604897046 -0.0109215984 0.0120157719
v -0.00622639203 -0.0107441577 -0.00240725994
v -0.00622639203 -0.0107441577 0.00240725994
v -0.00576162838 -0.0394932231 -0.0496935311
v -0.00598820233 -0.0392666301 -0.0463658552
v -0.00590105557 -0.0110695133 -0.0119538093
v -0.00596514248 -0.0110054264 -0.00181596279
v -0.00592186474 -0.0110487041 -0.00169047356
v -0.00586281323 -0.0111077556 -0.00149842739
v -0.00579529309 -0.0111752758 -0.00123606682
v -0.00575323605 -0.0112173328 0.00103527546
v -0.00581095242 -0.0111596164 0.00130227089
v -0.00588169598 -0.0110888538 0.00156292439
v -0.00594311261 -0.0110274562 0.00175348282
v -0.0057539227 -0.0112166271 0.0118882084
v -0.0059879353 -0.0109826335 -0.00187788486
v -0.0059879353 -0.0109826335 0.00187788486
v -0.00551035428 -0.0397444591 -0.0496873283
v -0.00565685772 -0.0395979747 -0.0463
v -0.00565685772 -0.0395979747 -0.0380000001
v -0.00565685772 -0.0395979747 0.0219999981
v -0.00560762906 -0.0113629207 -0.0118189812
v -0.00571865582 -0.011251894 -0.000831646919
v -0.00569983029 -0.0112707386 -0.000694594383
v -0.00567793393 -0.0112926349 -0.000487475395
v -0.00566072964 -0.0113098392 -0.000209345818
v -0.00565727734 -0.0113132724 6.980896e-05
v -0.00566374325 -0.0113068256 0.000279026031
v -0.00568438077 -0.0112861881 0.000556693077
v -0.0057088139 -0.0112617359 0.000763235092
v -0.00560762906 -0.0113629207 0.0118189812
v -0.00574087643 -0.0112296924 -0.00096768856
v -0.00572935605 -0.0112412128 0.000899806023
v -0.00526548886 -0.0399893245 -0.0496073815
v -0.00548956418 -0.0397652874 -0.0463165443
v -0.0054622128 -0.011508337 -0.0117461586
v -0.00531773114 -0.0116528377 0.011669755
v -0.00500216031 -0.0402526912 -0.0494257399
v -0.00500216031 -0.0402526912 -0.04657426
v -0.00509251141 -0.040162321 -0.0495010108
v -0.00501984143 -0.040234991 -0.0494416818
v -0.00507406735 -0.040180746 -0.0465131465
v -0.00524570965 -0.0400091228 -0.0464025225
v -0.00517420315 -0.0117963657 -0.0115897989
v -0.00503166699 -0.0119388828 0.0115063095
v -0.00485250973 -0.0404023418 -0.0492633462
v -0.00476353192 -0.0404913005 -0.049137522
v -0.00483704114 -0.0404177913 -0.0467566986
v -0.00498465085 -0.0402701625 -0.0465906361
v -0.00489019894 -0.0120803508 -0.0114193177
v -0.00489019894 -0.0120803508 0.0114193201
v -0.00450134778 -0.0407534847 -0.0484685835
v -0.00450134778 -0.0407534847 -0.0475314164
v -0.00469683194 -0.0405580196 -0.0490230855
v -0.0045857861 -0.0406690273 -0.0487717837
v -0.00451361203 -0.0407412395 -0.0485253289
v -0.0045072987 -0.0407475338 -0.0484970319
v -0.0045072987 -0.0407475338 -0.047502968
v -0.00457642102 -0.0406784114 -0.0472547691
v -0.00468435788 -0.0405704937 -0.0470007651
v -0.00474962735 -0.040505186 -0.0468846996
v -0.00461060071 -0.0123599681 -0.0112349248
v -0.00461060071 -0.0123599681 0.0112349272
v -0.00474983716 -0.0122207317 -0.0113288474
v -0.00474983716 -0.0122207317 0.011328845
v -0.00446957135 -0.0407852611 -0.0482659385
v -0.00445477032 -0.0408000621 -0.0480000001
v -0.00446646237 -0.040788351 -0.0477634057
v -0.00449574017 -0.0407590923 -0.0475600076
v -0.00446152234 -0.0407933101 0.0280000019
v -0.00433569455 -0.0126348552 -0.0110368443
v -0.00433569455 -0.0126348552 0.0110368443
v -0.00447252774 -0.012498022 -0.0111375809
v -0.00447252774 -0.012498022 0.0111375809
v -0.00413237118 -0.0411224803 0.0275656652
v -0.00420012021 -0.0127704296 -0.0109327459
v -0.00406586194 -0.0129047069 0.0108253193
v -0.00380840802 -0.0414464244 0.0271235943
v -0.00393293881 -0.013037611 -0.0107145905
v -0.00380140805 -0.0131691417 0.0106006002
v -0.0036713078 -0.013299261 -0.0104833817
v -0.00354267621 -0.0134278926 0.0103629684
v -0.00348972821 -0.0417651042 0.026673913
v -0.00341553235 -0.0135550365 -0.0102394009
v -0.00328995251 -0.0136806163 0.0101127148
v -0.00317642712 -0.0420784053 0.0262167406
v -0.0031659367 -0.0138046321 -0.00998294353
v -0.00304354214 -0.0139270076 0.00985013485
v -0.00286858105 -0.0423862514 0.0257522106
v -0.00282843136 -0.0367695484 -0.0380000001
v -0.00282843136 -0.0367695484 0.0219999981
v -0.00292282605 -0.0140477428 -0.00971432447
v -0.00280378842 -0.0141667804 0.00957555771
v -0.00256626629 -0.0426885662 0.0252804518
v -0.00268648648 -0.0142840824 -0.00943387032
v -0.0025709393 -0.0143996105 0.00928931236
v -0.00226961636 -0.0429852352 0.0248015976
v -0.0024572041 -0.0145133457 -0.009141922
v -0.00234531903 -0.0146252498 -0.0089917469
v -0.00234531903 -0.0146252498 0.0089917469
v -0.0024572041 -0.0145133457 0.009141922
v -0.00212715649 -0.0148434124 -0.00868322849
v -0.00202097439 -0.0149495945 0.00852498055
v -0.00223528409 -0.0147352848 -0.00883883476
v -0.00223528409 -0.0147352848 0.00883883476
v -0.00197865033 -0.0432761821 0.0243157768
v -0.00191673779 -0.015053812 -0.00836413145
v -0.00181452298 -0.0151560268 -0.00820073843
v -0.00181452298 -0.0151560268 0.00820073605
v -0.00191673779 -0.015053812 0.00836413383
v -0.00169350171 -0.0435613307 0.0238231373
v -0.00171434903 -0.0152562198 -0.0080348444
v -0.00161621594 -0.0153543529 -0.00786650419
v -0.00152018094 -0.0154503688 -0.00769576788
v -0.00152018094 -0.0154503688 0.00769577026
v -0.00161621594 -0.0153543529 0.00786650658
v -0.00171434903 -0.0152562198 0.0080348444
v -0.00141420865 -0.0438406047 -0.0519999999
v -0.00141420865 -0.0438406047 0.0233238077
v -0.00142628216 -0.0155442867 -0.00752268791
v -0.00133451962 -0.0156360492 -0.00734731674
v -0.00133451962 -0.0156360492 0.00734731674
v -0.00142628216 -0.0155442867 0.00752268791
v -0.0010606625 -0.0350017795 -0.04
v -0.0010606625 -0.0350017795 0.0219999981
v -0.00107105755 -0.0328700695 -0.0487717837
v -0.0011432507 -0.0327978763 -0.0485253289
v -0.00118729138 -0.0327538356 -0.0482659385
v -0.00119038128 -0.0327507457 -0.0482365942
v -0.00119038128 -0.0327507457 -0.0477634057
v -0.00114956402 -0.032791563 -0.047502968
v -0.00108042264 -0.0328607044 -0.0472547691
v -0.0010081532 -0.0329329738 -0.0470741136
v -0.00120207333 -0.0327390346 -0.0480000001
v -0.00119312787 -0.0327479991 -0.0477928221
v -0.00115755581 -0.015813013 -0.0069899106
v -0.00107241177 -0.0158981571 0.00680799007
v -0.00124493145 -0.0157256374 -0.00716970444
v -0.00124493145 -0.0157256374 0.00716970444
v -0.000804352994 -0.033136774 -0.0492633462
v -0.000934186216 -0.0330069408 -0.0490698448
v -0.000819821592 -0.0331213054 -0.0467566986
v -0.000756497617 -0.0331846294 -0.0466788518
v -0.00096003079 -0.0329810962 -0.0490230855
v -0.000996575589 -0.0329445514 -0.048950628
v -0.00097250485 -0.0329686222 -0.0470007651
v -0.000947251554 -0.0329938755 -0.0469533755
v -0.000908913846 -0.0160616359 -0.00643797636
v -0.000754666562 -0.0162159023 -0.00606012106
v -0.000754666562 -0.0162159023 0.00606011868
v -0.000908913846 -0.0160616359 0.00643797398
v -0.000989518399 -0.0159810314 -0.00662399054
v -0.000989518399 -0.0159810314 0.00662399292
v -0.000564351316 -0.0333767757 -0.0495010108
v -0.000689492459 -0.0332516346 -0.0493925583
v -0.000582776303 -0.0333583507 -0.0465131465
v -0.000508027311 -0.0334330997 -0.0464592768
v -0.000740075345 -0.0332010517 -0.0493396184
v -0.00070656323 -0.0332345638 -0.0466246711
v -0.000681061979 -0.0162895069 -0.00586839437
v -0.000609822507 -0.0163607463 -0.00567488194
v -0.000540986295 -0.0164295825 -0.00547963858
v -0.000540986295 -0.0164295825 0.00547964096
v -0.000609822507 -0.0163607463 0.00567488194
v -0.000681061979 -0.0162895069 0.00586839676
v -0.000430779691 -0.0335103473 -0.0495870867
v -0.000270409818 -0.0336707172 -0.0463435709
v -0.000488934751 -0.0334521923 -0.0495530272
v -0.000450310941 -0.0334908161 -0.0464237875
v -0.000410599942 -0.0165599498 -0.00508420706
v -0.000349087949 -0.0166214809 -0.00488413811
v -0.000290055509 -0.0166805133 -0.00468258381
v -0.000290055509 -0.0166805133 0.00468258381
v -0.000349087949 -0.0166214809 0.00488413811
v -0.000410599942 -0.0165599498 0.00508420944
v -0.000474572416 -0.0164959774 -0.00528272867
v -0.000474572416 -0.0164959774 0.00528272629
v -0.000188050504 -0.0337530765 -0.0496790701
v -5.0022006e-09 -0.033941122 -0.0463
v -5.0022006e-09 -0.033941122 -0.04
v -5.0022006e-09 -0.033941122 0.0219999981
v -0.000249924894 -0.0336912021 -0.0496628508
v -0.000208745237 -0.0337323818 -0.0463258268
v -0.000179486509 -0.0167910633 -0.00427525043
v -0.000128007169 -0.0168425617 -0.00406960011
v -7.90455295e-05 -0.0168915042 -0.00386271477
v -3.26588108e-05 -0.01693791 -0.00365464687
v -3.26588108e-05 -0.01693791 0.00365464687
v -7.90455295e-05 -0.0168915042 0.00386271477
v -0.000128007169 -0.0168425617 0.00406960011
v -0.000179486509 -0.0167910633 0.00427525043
v -0.000233521695 -0.0167370471 -0.004479599
v -0.000233521695 -0.0167370471 0.004479599
v 6.29184292e-05 -0.0340040454 -0.0496976703
v 0.000249933963 -0.034191061 -0.0463371491
v 2.09758328e-05 -0.0339621028 -0.049699741
v 4.19566677e-05 -0.0339830837 -0.0463010356
v 5.23707913e-05 -0.0170229396 -0.00323523998
v 0.000127005343 -0.0170975742 -0.00281188965
v 0.000160403018 -0.0171309719 -0.00259889603
v 0.000191168551 -0.0171617183 -0.00238511086
v 0.000219263797 -0.0171898326 -0.00217060089
v 0.000244726901 -0.0172152957 -0.00195543289
v 0.000244726901 -0.0172152957 0.00195543289
v 0.000219263797 -0.0171898326 0.00217060089
v 0.000191168551 -0.0171617183 0.00238511086
v 0.000160403018 -0.0171309719 0.00259889603
v 0.000127005343 -0.0170975742 0.00281188965
v 9.09946011e-05 -0.0170615634 0.00302402496
v 1.11529873e-05 -0.0169817218 -0.00344546795
v 1.11529873e-05 -0.0169817218 0.00344546795
v 0.000311121707 -0.0342522487 -0.0496420738
v 0.000488924746 -0.0344300518 -0.0464469728
v 0.000270418887 -0.0342115268 -0.049656429
v 0.000290808444 -0.0342319355 -0.0463504973
v 0.000287661319 -0.0172582302 -0.00152336597
v 0.000305132632 -0.0172757015 -0.00130660534
v 0.000319914584 -0.0172904834 -0.00108944893
v 0.000332026248 -0.017302576 -0.000871953964
v 0.00034144855 -0.0173119983 -0.000654201508
v 0.000348162417 -0.0173187313 -0.000436244011
v 0.000352205996 -0.0173227748 -0.000218153
v 0.000352205996 -0.0173227748 0.000218153
v 0.000348162417 -0.0173187313 0.000436244011
v 0.00034144855 -0.0173119983 0.000654201508
v 0.000332026248 -0.017302576 0.000871953964
v 0.000319914584 -0.0172904834 0.00108944893
v 0.000305132632 -0.0172757015 0.00130660534
v 0.000287661319 -0.0172582302 0.00152336597
v 0.000267538791 -0.0172380886 -0.00173966408
v 0.000267538791 -0.0172380886 0.00173966408
v 0.000564341311 -0.0345054683 -0.0495010108
v 0.000582785373 -0.0345239124 -0.0494868535
v 0.000740084414 -0.0346811924 -0.0466603817
v 0.000564341311 -0.0345054683 -0.0464989892
v 0.000508017306 -0.0344491443 -0.0495407233
v 0.000545725589 -0.0344868526 -0.0464852889
v 0.000819811587 -0.0347609386 -0.0492433012
v 0.000972513919 -0.0349136219 -0.048999235
v 0.000996565585 -0.0349376926 -0.047049372
v 0.000960020785 -0.0349011478 -0.0469769144
v 0.000756487613 -0.0346976146 -0.0493211481
v 0.00080434299 -0.03474547 -0.0467366537
v 0.00106137729 -0.0350025043 -0.0487981015
v 0.0010804317 -0.0350215587 -0.048745231
v 0.00114955402 -0.035090681 -0.0484970319
v 0.00119039035 -0.0351315174 -0.0482365942
v 0.00120189167 -0.0351430187 -0.047970331
v 0.00118728137 -0.0351284084 -0.0477340615
v 0.00114324069 -0.0350843677 -0.0474746712
v 0.00107106662 -0.0350121936 -0.0472282161
v 0.00119533039 -0.0351364574 0.0280000019
v 0.00100814319 -0.0349492702 -0.0489258865
v 0.00105136371 -0.0349924907 -0.0471758236
v 0.00152448154 -0.0354656086 0.0275656652
v 0.0018484447 -0.0357895717 0.0271235943
v 0.00216712451 -0.0361082515 0.026673913
v 0.0024804256 -0.0364215526 0.0262167406
v 0.00278827167 -0.0367293987 0.0257522106
v 0.00309058643 -0.0370317134 0.0252804518
v 0.00338725543 -0.0373283634 0.0248015976
v 0.0036782024 -0.0376193294 0.0243157768
v 0.00396335102 -0.037904478 0.0238231373
v 0.00424264408 -0.038183752 -0.0519999999
v 0.00424264408 -0.038183752 0.0233238077
f 1 4 2
f 2 2943 1
f 1 3 4
f 1 11 3
f 1 7 8
f 1 16 7
f 8 11 1
f 13 15 1
f 1 21 13
f 1 15 16
f 19 21 1
f 1 27 19
f 1 24 23
f 1 23 27
f 1 33 24
f 127 1 29
f 29 1 2942
f 354 33 1
f 306 1 127
f 900 1 306
f 1 390 354
f 1 383 384
f 1 416 383
f 384 385 1
f 1 385 389
f 389 390 1
f 412 413 1
f 436 412 1
f 413 416 1
f 1 434 436
f 1 458 434
f 1 455 454
f 1 455 458
f 1105 455 1
f 1134 1 900
f 1105 1 2887
f 1134 2887 1
f 1 2943 2942
f 2 4 5
f 5 6 2
f 6 12 2
f 2 9 10
f 2 12 9
f 10 17 2
f 2 18 14
f 2 14 22
f 17 18 2
f 2 22 20
f 20 28 2
f 2 26 25
f 2 25 34
f 28 26 2
f 354 2 34
f 52 2 200
f 52 2716 2
f 200 2 325
f 2 954 325
f 355 2 354
f 391 2 355
f 387 2 386
f 386 2 392
f 388 2 387
f 417 2 388
f 392 2 391
f 415 2 414
f 414 2 417
f 437 2 415
f 435 2 437
f 459 2 435
f 456 2 457
f 456 2 459
f 456 1092 2
f 2 1137 954
f 2 1088 1089
f 1093 1088 2
f 2 1089 1090
f 1090 1091 2
f 1091 1099 2
f 1092 1093 2
f 2 1096 1097
f 2 1099 1096
f 1097 1103 2
f 2 1103 1101
f 2 1101 1109
f 1106 1107 2
f 1109 1106 2
f 1106 1386 2
f 2888 1137 2
f 2 1386 1387
f 2 1387 1436
f 2 1432 1433
f 2 1437 1432
f 2 1433 1473
f 1436 1437 2
f 1473 1471 2
f 2 1471 1527
f 1524 1525 2
f 2 1527 1524
f 2 1525 1597
f 2 1597 2888
f 2716 2943 2
f 56 4 3
f 55 3 11
f 56 3 55
f 58 5 4
f 57 4 56
f 58 4 57
f 58 6 5
f 59 12 6
f 59 6 58
f 66 8 7
f 65 7 16
f 66 7 65
f 66 11 8
f 67 10 9
f 67 9 12
f 68 17 10
f 68 10 67
f 55 11 53
f 53 11 66
f 54 12 60
f 67 12 54
f 60 12 59
f 95 15 13
f 95 13 21
f 96 14 18
f 96 22 14
f 61 16 15
f 61 15 95
f 62 16 61
f 65 16 62
f 63 18 17
f 63 17 68
f 64 18 63
f 96 18 64
f 117 21 19
f 117 19 27
f 118 20 22
f 118 28 20
f 95 21 91
f 91 21 117
f 92 22 96
f 118 22 92
f 133 23 24
f 133 27 23
f 133 24 33
f 134 25 26
f 134 34 25
f 28 116 26
f 26 116 135
f 26 135 134
f 117 27 115
f 115 27 133
f 116 28 118
f 29 30 127
f 29 2940 30
f 29 2942 2940
f 30 72 70
f 30 70 98
f 74 72 30
f 30 76 74
f 78 76 30
f 30 80 78
f 30 82 80
f 84 82 30
f 30 100 84
f 30 88 86
f 30 86 114
f 90 88 30
f 30 94 90
f 98 94 30
f 102 100 30
f 30 104 102
f 30 106 104
f 108 106 30
f 30 120 108
f 30 112 110
f 30 110 130
f 114 112 30
f 30 122 120
f 30 124 122
f 126 124 30
f 30 137 126
f 127 30 128
f 130 128 30
f 30 139 137
f 141 139 30
f 30 163 141
f 30 165 163
f 194 165 30
f 30 196 194
f 198 196 30
f 30 220 198
f 30 222 220
f 30 228 222
f 230 228 30
f 30 236 230
f 243 236 30
f 30 245 243
f 251 245 30
f 1782 251 30
f 1782 30 2941
f 30 2940 2941
f 144 33 31
f 354 31 33
f 144 31 39
f 354 39 31
f 145 32 34
f 354 34 32
f 145 40 32
f 32 40 354
f 133 33 131
f 131 33 144
f 132 34 134
f 145 34 132
f 170 35 36
f 36 35 354
f 170 39 35
f 354 35 39
f 171 36 47
f 47 36 354
f 170 36 171
f 172 37 38
f 354 38 37
f 172 50 37
f 354 37 50
f 173 38 40
f 354 40 38
f 172 38 173
f 144 39 142
f 142 39 170
f 143 40 145
f 173 40 143
f 201 41 42
f 42 41 354
f 201 48 41
f 354 41 48
f 202 42 43
f 43 42 354
f 201 42 202
f 204 43 44
f 44 43 354
f 202 43 203
f 203 43 204
f 204 44 45
f 354 45 44
f 205 45 46
f 354 46 45
f 204 45 205
f 206 46 49
f 354 49 46
f 205 46 206
f 167 47 48
f 354 48 47
f 166 47 167
f 171 47 166
f 167 48 201
f 168 49 50
f 50 49 354
f 206 49 168
f 168 50 169
f 169 50 172
f 52 96 51
f 52 51 2840
f 64 63 51
f 185 51 63
f 51 96 64
f 187 51 185
f 189 51 187
f 191 51 189
f 213 51 191
f 215 51 213
f 217 51 215
f 223 51 217
f 225 51 223
f 231 51 225
f 233 51 231
f 237 51 233
f 239 51 237
f 246 51 239
f 248 51 246
f 254 51 248
f 256 51 254
f 262 51 256
f 264 51 262
f 264 1853 51
f 51 1853 2938
f 2840 51 2938
f 92 96 52
f 52 118 92
f 200 118 52
f 2840 2716 52
f 53 54 55
f 53 67 54
f 66 67 53
f 55 54 60
f 55 59 56
f 55 60 59
f 56 58 57
f 56 59 58
f 63 62 61
f 61 95 63
f 62 63 68
f 62 68 65
f 95 91 63
f 91 117 63
f 63 117 115
f 63 115 133
f 133 131 63
f 131 144 63
f 144 142 63
f 142 170 63
f 148 63 146
f 146 63 182
f 150 63 148
f 152 63 150
f 154 63 152
f 156 63 154
f 158 63 156
f 160 63 158
f 184 63 160
f 63 170 172
f 178 63 172
f 180 63 178
f 182 63 180
f 185 63 184
f 65 68 66
f 66 68 67
f 70 71 69
f 70 69 98
f 346 69 71
f 98 69 97
f 344 97 69
f 344 69 346
f 72 71 70
f 72 73 71
f 346 71 73
f 74 73 72
f 74 75 73
f 346 73 75
f 76 75 74
f 76 77 75
f 346 75 77
f 78 77 76
f 78 79 77
f 348 77 79
f 346 77 348
f 80 79 78
f 80 81 79
f 348 79 81
f 82 81 80
f 82 83 81
f 348 81 83
f 84 83 82
f 84 99 83
f 371 83 99
f 348 83 371
f 100 99 84
f 86 87 85
f 86 85 114
f 367 85 87
f 114 85 113
f 367 113 85
f 88 87 86
f 88 89 87
f 369 87 89
f 367 87 369
f 90 89 88
f 90 93 89
f 369 89 93
f 94 93 90
f 94 97 93
f 369 93 97
f 98 97 94
f 369 97 344
f 100 101 99
f 371 99 101
f 102 101 100
f 102 103 101
f 371 101 103
f 104 103 102
f 104 105 103
f 371 103 105
f 106 105 104
f 106 107 105
f 373 105 107
f 371 105 373
f 108 107 106
f 108 119 107
f 373 107 119
f 120 119 108
f 110 111 109
f 110 109 130
f 365 109 111
f 130 109 129
f 365 129 109
f 112 111 110
f 112 113 111
f 367 111 113
f 365 111 367
f 114 113 112
f 200 116 118
f 200 135 116
f 120 121 119
f 373 119 121
f 122 121 120
f 122 123 121
f 373 121 123
f 124 123 122
f 124 125 123
f 375 123 125
f 373 123 375
f 126 125 124
f 126 136 125
f 375 125 136
f 137 136 126
f 128 129 127
f 365 127 129
f 306 127 422
f 363 127 365
f 399 127 363
f 397 127 399
f 424 127 397
f 422 127 424
f 130 129 128
f 132 134 200
f 200 145 132
f 200 134 135
f 137 138 136
f 375 136 138
f 139 138 137
f 139 140 138
f 375 138 140
f 141 140 139
f 141 162 140
f 375 140 162
f 163 162 141
f 143 145 199
f 173 143 199
f 199 145 200
f 146 147 148
f 146 183 147
f 182 183 146
f 148 147 149
f 345 149 147
f 370 147 183
f 345 147 370
f 148 149 150
f 150 149 151
f 347 151 149
f 347 149 345
f 150 151 153
f 150 153 152
f 347 153 151
f 152 153 154
f 154 153 155
f 155 153 376
f 349 153 347
f 372 153 349
f 374 153 372
f 376 153 374
f 154 155 157
f 154 157 156
f 376 157 155
f 156 157 159
f 156 159 158
f 376 159 157
f 158 159 160
f 160 159 161
f 161 159 376
f 160 161 184
f 184 161 186
f 376 186 161
f 163 164 162
f 377 162 164
f 375 162 377
f 165 164 163
f 165 193 164
f 401 164 193
f 377 164 401
f 194 193 165
f 169 166 167
f 172 166 169
f 172 171 166
f 169 167 168
f 168 167 206
f 202 167 201
f 203 167 202
f 204 167 203
f 205 167 204
f 206 167 205
f 172 170 171
f 172 173 199
f 176 172 174
f 174 172 211
f 178 172 176
f 207 172 199
f 209 172 207
f 211 172 209
f 174 175 177
f 211 175 174
f 174 177 176
f 368 177 175
f 211 212 175
f 368 175 212
f 176 177 178
f 178 177 179
f 368 179 177
f 178 179 180
f 180 179 181
f 370 181 179
f 370 179 368
f 180 181 182
f 182 181 183
f 370 183 181
f 184 186 185
f 185 186 188
f 185 188 187
f 376 188 186
f 187 188 190
f 187 190 189
f 376 190 188
f 189 190 191
f 191 190 192
f 376 192 190
f 191 192 213
f 213 192 214
f 376 214 192
f 194 195 193
f 401 193 195
f 196 195 194
f 196 197 195
f 401 195 197
f 198 197 196
f 198 219 197
f 401 197 219
f 220 219 198
f 199 200 207
f 207 200 208
f 366 208 200
f 200 325 423
f 366 200 364
f 364 200 400
f 400 200 398
f 398 200 425
f 425 200 423
f 207 208 210
f 207 210 209
f 366 210 208
f 209 210 211
f 211 210 212
f 368 212 210
f 368 210 366
f 213 214 215
f 215 214 216
f 216 214 376
f 215 216 218
f 215 218 217
f 376 218 216
f 217 218 224
f 217 224 223
f 376 224 218
f 220 221 219
f 401 219 221
f 222 221 220
f 222 227 221
f 403 221 227
f 401 221 403
f 228 227 222
f 223 224 226
f 223 226 225
f 376 226 224
f 225 226 231
f 231 226 232
f 378 232 226
f 378 226 376
f 228 229 227
f 403 227 229
f 230 229 228
f 230 235 229
f 403 229 235
f 236 235 230
f 231 232 234
f 231 234 233
f 402 234 232
f 402 232 378
f 233 234 237
f 237 234 238
f 402 238 234
f 236 242 235
f 426 235 242
f 403 235 426
f 243 242 236
f 237 238 239
f 239 238 240
f 402 240 238
f 239 240 241
f 239 241 246
f 402 241 240
f 246 241 247
f 404 247 241
f 404 241 402
f 243 244 242
f 426 242 244
f 245 244 243
f 245 250 244
f 428 244 250
f 426 244 428
f 251 250 245
f 246 247 248
f 248 247 249
f 404 249 247
f 248 249 254
f 254 249 255
f 404 255 249
f 251 252 250
f 252 428 250
f 253 252 251
f 1755 253 251
f 1755 251 1757
f 1757 251 1782
f 253 258 252
f 258 428 252
f 259 258 253
f 1755 259 253
f 254 255 257
f 254 257 256
f 404 257 255
f 256 257 262
f 262 257 263
f 427 263 257
f 427 257 404
f 259 260 258
f 260 428 258
f 261 260 259
f 1717 261 259
f 1717 259 1755
f 261 266 260
f 266 428 260
f 267 266 261
f 1715 267 261
f 1715 261 1717
f 262 263 265
f 262 265 264
f 427 265 263
f 264 265 269
f 264 269 268
f 268 1853 264
f 269 265 429
f 429 265 427
f 267 272 266
f 272 428 266
f 273 272 267
f 1681 273 267
f 1681 267 1715
f 268 269 270
f 270 1831 268
f 268 1831 1853
f 270 269 271
f 429 271 269
f 270 271 275
f 270 275 274
f 274 1829 270
f 270 1829 1831
f 275 271 429
f 273 278 272
f 278 428 272
f 279 278 273
f 1643 279 273
f 1643 273 1681
f 274 275 276
f 276 1807 274
f 274 1807 1829
f 276 275 277
f 429 277 275
f 276 277 282
f 282 1805 276
f 276 1805 1807
f 282 277 283
f 283 277 429
f 279 280 278
f 280 428 278
f 281 280 279
f 1643 281 279
f 281 286 280
f 286 428 280
f 287 286 281
f 1641 287 281
f 1641 281 1643
f 282 283 285
f 282 285 284
f 284 1779 282
f 282 1779 1805
f 429 285 283
f 284 285 290
f 290 1777 284
f 284 1777 1779
f 290 285 291
f 429 291 285
f 287 288 286
f 288 428 286
f 289 288 287
f 1593 289 287
f 1593 287 1641
f 289 292 288
f 292 428 288
f 293 292 289
f 1593 293 289
f 290 291 294
f 294 1750 290
f 290 1750 1752
f 290 1752 1777
f 294 291 295
f 429 295 291
f 293 296 292
f 296 428 292
f 297 296 293
f 1521 297 293
f 1521 293 1593
f 294 295 300
f 300 1748 294
f 294 1748 1750
f 300 295 301
f 429 301 295
f 297 298 296
f 298 428 296
f 299 298 297
f 1521 299 297
f 299 304 298
f 304 428 298
f 305 304 299
f 1519 305 299
f 1519 299 1521
f 300 301 303
f 300 303 302
f 302 1712 300
f 300 1712 1748
f 429 303 301
f 302 303 309
f 302 309 308
f 308 1712 302
f 309 303 429
f 305 310 304
f 310 428 304
f 311 310 305
f 1469 311 305
f 1469 305 1519
f 307 306 315
f 306 307 900
f 315 306 314
f 306 1040 314
f 306 422 444
f 444 442 306
f 442 466 306
f 466 464 306
f 306 464 482
f 306 482 503
f 503 525 306
f 306 525 539
f 306 539 551
f 306 551 563
f 306 563 579
f 579 591 306
f 306 591 593
f 306 593 607
f 607 621 306
f 306 621 623
f 306 623 1024
f 1024 1022 306
f 306 1022 1040
f 901 307 315
f 900 307 901
f 308 309 316
f 316 1678 308
f 308 1678 1710
f 308 1710 1712
f 316 309 317
f 317 309 429
f 311 312 310
f 312 428 310
f 313 312 311
f 1469 313 311
f 313 320 312
f 320 428 312
f 321 320 313
f 1467 321 313
f 1467 313 1469
f 315 314 323
f 323 314 322
f 314 1038 322
f 314 1040 1038
f 315 323 901
f 316 317 318
f 318 1678 316
f 318 317 319
f 429 319 317
f 318 319 327
f 318 327 326
f 326 1676 318
f 318 1676 1678
f 429 327 319
f 321 328 320
f 328 428 320
f 329 328 321
f 1429 329 321
f 1429 321 1465
f 1465 321 1467
f 323 322 331
f 331 322 330
f 322 1036 330
f 322 1038 1036
f 901 323 331
f 324 333 325
f 325 764 324
f 332 333 324
f 748 332 324
f 324 745 749
f 324 764 745
f 324 749 748
f 946 325 333
f 423 325 445
f 445 325 443
f 443 325 467
f 467 325 465
f 465 325 483
f 483 325 504
f 504 325 526
f 526 325 540
f 540 325 552
f 552 325 564
f 564 325 580
f 580 325 592
f 592 325 594
f 594 325 608
f 608 325 622
f 622 325 624
f 624 325 948
f 325 762 764
f 325 778 762
f 954 778 325
f 948 325 946
f 326 327 335
f 326 335 334
f 334 1638 326
f 326 1638 1674
f 326 1674 1676
f 429 335 327
f 329 338 328
f 338 428 328
f 339 338 329
f 1427 339 329
f 1427 329 1429
f 331 330 341
f 341 330 340
f 330 1054 340
f 330 1036 1054
f 331 341 901
f 332 343 333
f 342 343 332
f 748 342 332
f 944 333 343
f 946 333 944
f 334 335 336
f 336 1638 334
f 336 335 337
f 337 335 429
f 336 337 350
f 350 1636 336
f 336 1636 1638
f 350 337 351
f 429 351 337
f 339 352 338
f 352 428 338
f 353 352 339
f 1425 353 339
f 1425 339 1427
f 341 340 359
f 359 340 358
f 340 1052 358
f 340 1054 1052
f 901 341 359
f 361 343 342
f 748 361 342
f 361 362 343
f 972 343 362
f 944 343 974
f 974 343 972
f 345 344 347
f 345 369 344
f 347 344 346
f 370 369 345
f 347 346 349
f 349 346 348
f 349 348 372
f 372 348 371
f 350 351 379
f 379 1634 350
f 350 1634 1636
f 379 351 380
f 380 351 429
f 353 381 352
f 381 428 352
f 382 381 353
f 1381 382 353
f 1381 353 1423
f 1423 353 1425
f 716 355 354
f 715 354 390
f 716 354 715
f 716 391 355
f 357 358 356
f 357 356 394
f 358 1052 356
f 394 356 393
f 356 1050 393
f 356 1052 1050
f 359 358 357
f 359 357 901
f 901 357 394
f 361 360 362
f 395 360 361
f 970 362 360
f 395 396 360
f 970 360 396
f 748 395 361
f 972 362 970
f 364 363 366
f 364 399 363
f 366 363 365
f 400 399 364
f 366 365 368
f 368 365 367
f 368 367 370
f 370 367 369
f 372 371 374
f 374 371 373
f 374 373 376
f 376 373 375
f 376 375 378
f 378 375 377
f 378 377 402
f 402 377 401
f 379 380 405
f 405 1590 379
f 379 1590 1634
f 405 380 406
f 429 406 380
f 382 408 381
f 408 428 381
f 409 408 382
f 1379 409 382
f 1379 382 1381
f 728 384 383
f 727 383 416
f 728 383 727
f 728 385 384
f 729 389 385
f 729 385 728
f 730 387 386
f 730 386 392
f 731 388 387
f 731 387 730
f 732 417 388
f 732 388 731
f 714 390 389
f 714 389 712
f 712 389 729
f 715 390 714
f 716 392 391
f 713 392 716
f 730 392 713
f 394 393 419
f 419 393 418
f 393 1082 418
f 393 1050 1082
f 394 419 901
f 420 396 395
f 420 395 748
f 420 421 396
f 968 396 421
f 970 396 968
f 398 397 400
f 398 424 397
f 400 397 399
f 425 424 398
f 402 401 404
f 404 401 403
f 404 403 427
f 427 403 426
f 405 406 407
f 407 1588 405
f 405 1588 1590
f 407 406 431
f 429 431 406
f 407 431 430
f 430 1588 407
f 409 410 408
f 410 428 408
f 411 410 409
f 1379 411 409
f 411 432 410
f 432 428 410
f 433 432 411
f 1377 433 411
f 1377 411 1379
f 746 413 412
f 746 412 436
f 747 416 413
f 747 413 746
f 748 415 414
f 748 414 417
f 749 437 415
f 749 415 748
f 727 416 725
f 725 416 747
f 726 417 732
f 748 417 726
f 419 418 439
f 439 418 438
f 418 1080 438
f 418 1082 1080
f 901 419 439
f 440 421 420
f 440 420 748
f 440 441 421
f 1008 421 441
f 968 421 1008
f 423 422 425
f 423 444 422
f 425 422 424
f 445 444 423
f 427 426 429
f 429 426 428
f 429 428 447
f 452 428 432
f 447 428 446
f 790 446 428
f 472 428 452
f 490 428 472
f 509 428 490
f 531 428 509
f 545 428 531
f 557 428 545
f 569 428 557
f 585 428 569
f 601 428 585
f 615 428 601
f 629 428 615
f 647 428 629
f 667 428 647
f 689 428 667
f 698 428 689
f 710 428 698
f 708 428 710
f 723 428 708
f 742 428 723
f 759 428 742
f 773 428 759
f 790 428 773
f 451 431 429
f 447 740 429
f 429 471 451
f 429 489 471
f 508 489 429
f 429 530 508
f 429 544 530
f 556 544 429
f 568 556 429
f 429 584 568
f 429 600 584
f 614 600 429
f 429 628 614
f 429 646 628
f 429 644 646
f 666 644 429
f 429 688 666
f 429 697 688
f 707 697 429
f 722 707 429
f 429 740 722
f 430 431 450
f 450 1586 430
f 430 1586 1588
f 450 431 451
f 433 452 432
f 453 452 433
f 1375 453 433
f 1375 433 1377
f 763 436 434
f 763 434 458
f 764 435 437
f 764 459 435
f 746 436 744
f 744 436 763
f 745 437 749
f 764 437 745
f 439 438 461
f 461 438 460
f 438 1078 460
f 438 1080 1078
f 901 439 461
f 440 463 441
f 462 463 440
f 748 462 440
f 1006 441 463
f 1008 441 1006
f 443 442 445
f 443 466 442
f 445 442 444
f 467 466 443
f 447 446 449
f 449 446 448
f 448 446 790
f 449 740 447
f 449 448 469
f 469 448 468
f 468 448 790
f 469 740 449
f 450 451 471
f 450 471 470
f 470 1584 450
f 450 1584 1586
f 453 472 452
f 473 472 453
f 1373 473 453
f 1373 453 1375
f 777 455 454
f 777 458 455
f 777 455 476
f 455 1108 476
f 455 1105 1108
f 456 778 457
f 762 456 459
f 776 477 456
f 477 1092 456
f 778 456 762
f 776 456 778
f 457 778 779
f 763 458 761
f 761 458 777
f 762 459 764
f 461 460 479
f 479 460 478
f 460 1076 478
f 460 1078 1076
f 901 461 479
f 462 481 463
f 480 481 462
f 748 480 462
f 1004 463 481
f 1006 463 1004
f 465 464 467
f 465 482 464
f 467 464 466
f 483 482 465
f 469 468 485
f 485 468 484
f 790 484 468
f 485 740 469
f 470 471 489
f 470 489 488
f 488 1582 470
f 470 1582 1584
f 473 490 472
f 491 490 473
f 1371 491 473
f 1371 473 1373
f 794 476 474
f 476 1100 474
f 794 474 496
f 474 1102 496
f 474 1100 1102
f 795 475 477
f 475 1092 477
f 793 497 475
f 497 1092 475
f 793 475 795
f 777 476 775
f 775 476 794
f 476 1108 1100
f 795 477 776
f 479 478 499
f 499 478 498
f 478 1074 498
f 478 1076 1074
f 901 479 499
f 502 481 480
f 748 502 480
f 502 501 481
f 1002 481 501
f 1004 481 1002
f 483 503 482
f 504 503 483
f 485 484 487
f 487 484 486
f 790 486 484
f 487 740 485
f 487 486 506
f 506 486 505
f 790 505 486
f 506 740 487
f 488 489 508
f 488 508 507
f 507 1580 488
f 488 1580 1582
f 491 509 490
f 510 509 491
f 1307 510 491
f 1307 491 1371
f 808 492 493
f 492 1092 493
f 808 496 492
f 496 1094 492
f 1084 1085 492
f 1098 1084 492
f 492 1085 1086
f 492 1086 1087
f 1087 1092 492
f 492 1094 1095
f 492 1095 1098
f 809 493 519
f 493 1092 519
f 808 493 809
f 810 494 495
f 494 1092 495
f 810 520 494
f 520 1092 494
f 811 495 497
f 495 1092 497
f 810 495 811
f 794 496 792
f 792 496 808
f 496 1102 1094
f 811 497 793
f 499 498 522
f 522 498 521
f 498 1072 521
f 498 1074 1072
f 499 522 901
f 500 501 502
f 500 524 501
f 748 500 502
f 523 524 500
f 748 523 500
f 1000 501 524
f 1002 501 1000
f 504 525 503
f 526 525 504
f 506 505 528
f 528 505 527
f 527 505 790
f 528 740 506
f 507 508 530
f 507 530 529
f 529 1514 507
f 507 1514 1516
f 507 1516 1580
f 510 531 509
f 532 531 510
f 1305 532 510
f 1305 510 1307
f 822 511 512
f 511 1092 512
f 821 519 511
f 519 1092 511
f 821 511 822
f 822 512 513
f 512 1092 513
f 823 513 514
f 513 1092 514
f 822 513 823
f 824 514 533
f 514 1092 533
f 823 514 824
f 825 515 516
f 515 1092 516
f 825 534 515
f 534 1092 515
f 826 516 517
f 516 1092 517
f 825 516 826
f 827 517 518
f 517 1092 518
f 826 517 827
f 828 518 520
f 518 1092 520
f 827 518 828
f 809 519 806
f 806 519 821
f 807 520 810
f 828 520 807
f 522 521 536
f 536 521 535
f 521 1070 535
f 521 1072 1070
f 901 522 536
f 523 538 524
f 537 538 523
f 748 537 523
f 998 524 538
f 1000 524 998
f 526 539 525
f 540 539 526
f 528 527 542
f 542 527 541
f 790 541 527
f 542 740 528
f 529 530 544
f 529 544 543
f 543 1512 529
f 529 1512 1514
f 532 545 531
f 546 545 532
f 1303 546 532
f 1303 532 1305
f 825 533 534
f 533 1092 534
f 824 533 825
f 536 535 548
f 548 535 547
f 535 1068 547
f 535 1070 1068
f 901 536 548
f 537 550 538
f 549 550 537
f 549 537 748
f 996 538 550
f 998 538 996
f 540 551 539
f 552 551 540
f 542 541 554
f 554 541 553
f 790 553 541
f 554 740 542
f 543 544 556
f 543 556 555
f 555 1510 543
f 543 1510 1512
f 546 557 545
f 558 557 546
f 1301 558 546
f 1301 546 1303
f 548 547 560
f 560 547 559
f 547 1066 559
f 547 1068 1066
f 901 548 560
f 549 562 550
f 561 562 549
f 561 549 748
f 994 550 562
f 996 550 994
f 552 563 551
f 564 563 552
f 554 553 566
f 566 553 565
f 790 565 553
f 566 740 554
f 555 556 567
f 567 1508 555
f 555 1508 1510
f 567 556 568
f 558 569 557
f 570 569 558
f 1299 570 558
f 1299 558 1301
f 560 559 572
f 572 559 571
f 559 1064 571
f 559 1066 1064
f 901 560 572
f 561 576 562
f 575 576 561
f 575 561 748
f 992 562 576
f 994 562 992
f 564 579 563
f 580 579 564
f 566 565 582
f 582 565 581
f 790 581 565
f 582 740 566
f 567 568 583
f 583 1508 567
f 583 568 584
f 570 585 569
f 586 585 570
f 1297 586 570
f 1297 570 1299
f 572 571 574
f 574 571 573
f 571 1064 573
f 901 572 574
f 574 573 588
f 588 573 587
f 573 1062 587
f 573 1064 1062
f 574 588 901
f 575 578 576
f 577 578 575
f 748 577 575
f 992 576 578
f 577 590 578
f 589 590 577
f 748 589 577
f 990 578 590
f 992 578 990
f 580 591 579
f 592 591 580
f 582 581 598
f 598 581 597
f 597 581 790
f 598 740 582
f 583 584 599
f 599 1576 583
f 583 1506 1508
f 583 1578 1506
f 583 1576 1578
f 599 584 600
f 586 601 585
f 602 601 586
f 1369 602 586
f 1369 586 1297
f 588 587 604
f 604 587 603
f 587 1060 603
f 587 1062 1060
f 901 588 604
f 605 590 589
f 748 605 589
f 605 606 590
f 988 590 606
f 990 590 988
f 592 593 591
f 594 593 592
f 594 607 593
f 608 607 594
f 596 597 595
f 596 595 612
f 790 595 597
f 612 595 611
f 790 611 595
f 598 597 596
f 596 740 598
f 612 758 596
f 596 758 740
f 599 600 613
f 613 1574 599
f 599 1574 1576
f 613 600 614
f 602 615 601
f 616 615 602
f 1367 616 602
f 1367 602 1369
f 604 603 618
f 618 603 617
f 603 1058 617
f 603 1060 1058
f 901 604 618
f 619 606 605
f 748 619 605
f 619 620 606
f 986 606 620
f 988 606 986
f 608 621 607
f 622 621 608
f 610 611 609
f 610 609 626
f 841 609 611
f 626 609 625
f 839 625 609
f 839 609 841
f 612 611 610
f 610 787 612
f 626 801 610
f 610 801 787
f 804 611 790
f 802 611 804
f 819 611 802
f 841 611 819
f 612 756 758
f 612 772 756
f 612 789 772
f 612 787 789
f 613 614 627
f 627 1572 613
f 613 1572 1574
f 627 614 628
f 616 629 615
f 630 629 616
f 1365 630 616
f 1365 616 1367
f 618 617 632
f 632 617 631
f 617 1056 631
f 617 1058 1056
f 618 632 901
f 633 620 619
f 748 633 619
f 633 634 620
f 966 620 634
f 984 620 966
f 986 620 984
f 622 623 621
f 624 623 622
f 624 635 623
f 1024 623 635
f 636 635 624
f 624 926 636
f 624 924 926
f 948 924 624
f 626 625 642
f 642 625 641
f 898 641 625
f 857 625 839
f 855 625 857
f 869 625 855
f 883 625 869
f 881 625 883
f 898 625 881
f 642 852 626
f 626 818 801
f 626 838 818
f 626 854 838
f 626 852 854
f 627 628 645
f 645 1570 627
f 627 1570 1572
f 645 628 646
f 630 647 629
f 648 647 630
f 1363 648 630
f 1363 630 1365
f 632 631 650
f 650 631 649
f 631 1048 649
f 631 1056 1048
f 901 632 650
f 651 634 633
f 748 651 633
f 651 652 634
f 964 634 652
f 966 634 964
f 636 637 635
f 1024 635 637
f 638 637 636
f 636 926 638
f 638 655 637
f 1024 637 655
f 656 655 638
f 638 926 656
f 640 641 639
f 640 639 664
f 949 639 641
f 664 639 663
f 977 663 639
f 977 639 949
f 642 641 640
f 640 897 642
f 664 895 640
f 640 895 897
f 914 641 898
f 912 641 914
f 931 641 912
f 929 641 931
f 951 641 929
f 949 641 951
f 642 868 852
f 642 866 868
f 642 880 866
f 642 877 879
f 642 897 877
f 642 879 880
f 645 644 643
f 643 644 665
f 643 1570 645
f 665 1568 643
f 643 1568 1570
f 645 646 644
f 665 644 666
f 648 667 647
f 668 667 648
f 1361 668 648
f 1361 648 1363
f 650 649 670
f 670 649 669
f 649 1046 669
f 649 1048 1046
f 650 670 901
f 653 652 651
f 748 653 651
f 653 654 652
f 962 652 654
f 964 652 962
f 653 672 654
f 671 672 653
f 671 653 748
f 962 654 672
f 656 657 655
f 655 657 1024
f 658 657 656
f 656 926 658
f 658 659 657
f 1024 657 659
f 660 659 658
f 658 926 660
f 660 673 659
f 1024 659 673
f 674 673 660
f 660 926 674
f 662 663 661
f 662 661 686
f 1026 661 663
f 686 661 685
f 685 661 1024
f 1024 661 1026
f 664 663 662
f 662 926 664
f 686 926 662
f 975 663 977
f 1014 663 975
f 1010 663 1012
f 1026 663 1010
f 1012 663 1014
f 664 911 895
f 664 909 911
f 664 928 909
f 664 926 928
f 665 666 688
f 665 688 687
f 687 1632 665
f 665 1632 1568
f 668 689 667
f 690 689 668
f 1359 690 668
f 1359 668 1361
f 670 669 692
f 692 669 691
f 669 1044 691
f 669 1046 1044
f 901 670 692
f 693 672 671
f 693 671 748
f 693 694 672
f 960 672 694
f 962 672 960
f 674 675 673
f 1024 673 675
f 676 675 674
f 674 926 676
f 676 677 675
f 675 677 1024
f 678 677 676
f 676 926 678
f 678 679 677
f 1024 677 679
f 680 679 678
f 678 926 680
f 680 681 679
f 1024 679 681
f 682 681 680
f 680 926 682
f 682 683 681
f 1024 681 683
f 684 683 682
f 682 926 684
f 684 685 683
f 683 685 1024
f 686 685 684
f 684 926 686
f 687 688 697
f 687 697 696
f 696 1630 687
f 687 1630 1632
f 690 698 689
f 699 698 690
f 1419 699 690
f 1421 690 1359
f 1419 690 1421
f 692 691 701
f 701 691 700
f 691 1042 700
f 691 1044 1042
f 901 692 701
f 693 703 694
f 702 703 693
f 748 702 693
f 941 694 703
f 942 694 941
f 960 694 942
f 696 697 695
f 695 1628 696
f 695 697 707
f 695 707 706
f 706 1628 695
f 696 1628 1630
f 699 710 698
f 711 710 699
f 1417 711 699
f 1417 699 1419
f 701 700 718
f 718 700 717
f 700 1032 717
f 700 1034 1032
f 700 1042 1034
f 701 718 901
f 702 705 703
f 704 705 702
f 704 702 748
f 941 703 705
f 719 705 704
f 748 719 704
f 719 720 705
f 939 705 720
f 941 705 939
f 706 707 721
f 721 1670 706
f 706 1672 1628
f 706 1670 1672
f 721 707 722
f 709 708 711
f 709 723 708
f 711 708 710
f 1417 709 711
f 724 723 709
f 1415 724 709
f 1415 709 1417
f 712 713 714
f 729 713 712
f 714 713 716
f 729 730 713
f 714 716 715
f 718 717 734
f 734 717 733
f 717 1030 733
f 717 1032 1030
f 901 718 734
f 735 720 719
f 748 735 719
f 735 736 720
f 922 720 736
f 937 720 922
f 939 720 937
f 721 722 741
f 741 1668 721
f 721 1668 1670
f 741 722 740
f 724 742 723
f 743 742 724
f 1461 743 724
f 1463 724 1415
f 1461 724 1463
f 725 726 727
f 725 748 726
f 747 748 725
f 727 726 732
f 727 732 728
f 728 730 729
f 728 731 730
f 728 732 731
f 734 733 751
f 751 733 750
f 733 1020 750
f 733 1028 1020
f 733 1030 1028
f 901 734 751
f 735 738 736
f 737 738 735
f 748 737 735
f 920 736 738
f 922 736 920
f 737 755 738
f 754 737 748
f 754 755 737
f 920 738 755
f 741 740 739
f 739 740 758
f 739 1668 741
f 739 758 757
f 757 1708 739
f 739 1708 1668
f 743 759 742
f 760 759 743
f 1459 760 743
f 1459 743 1461
f 748 746 744
f 748 744 763
f 748 747 746
f 748 767 754
f 748 763 761
f 761 777 748
f 748 769 767
f 748 784 769
f 748 777 775
f 748 775 794
f 798 784 748
f 748 794 792
f 748 792 808
f 748 814 798
f 748 808 810
f 810 1290 748
f 748 815 814
f 833 815 748
f 748 835 833
f 748 847 835
f 849 847 748
f 861 849 748
f 748 863 861
f 748 873 863
f 875 873 748
f 748 889 875
f 748 890 889
f 1344 890 748
f 748 1290 1292
f 1292 1344 748
f 751 750 753
f 753 750 752
f 750 1018 752
f 750 1020 1018
f 901 751 753
f 753 752 766
f 766 752 765
f 752 1018 765
f 753 766 901
f 754 768 755
f 767 768 754
f 907 755 768
f 920 755 907
f 757 758 756
f 757 756 771
f 771 756 772
f 771 1706 757
f 757 1706 1708
f 760 773 759
f 774 773 760
f 1505 774 760
f 1505 760 1459
f 766 765 781
f 781 765 780
f 765 981 780
f 765 1016 981
f 765 1018 1016
f 901 766 781
f 767 770 768
f 769 770 767
f 907 768 770
f 784 770 769
f 784 785 770
f 905 770 785
f 907 770 905
f 771 772 789
f 771 789 788
f 788 1744 771
f 771 1746 1706
f 771 1744 1746
f 774 790 773
f 791 790 774
f 1503 791 774
f 1503 774 1505
f 953 776 778
f 953 795 776
f 954 778 779
f 953 778 954
f 781 780 783
f 783 780 782
f 780 979 782
f 780 981 979
f 781 783 901
f 783 782 797
f 797 782 796
f 782 979 796
f 901 783 797
f 784 799 785
f 798 799 784
f 891 785 799
f 893 785 891
f 905 785 893
f 788 787 786
f 786 787 800
f 786 1744 788
f 800 1775 786
f 786 1742 1744
f 786 1775 1742
f 788 789 787
f 800 787 801
f 791 804 790
f 805 804 791
f 1565 805 791
f 1567 791 1503
f 1565 791 1567
f 953 793 795
f 953 811 793
f 797 796 813
f 813 796 812
f 796 957 812
f 796 979 957
f 797 813 901
f 814 799 798
f 814 816 799
f 876 799 816
f 891 799 876
f 800 801 817
f 817 1773 800
f 800 1773 1775
f 817 801 818
f 803 802 805
f 803 819 802
f 805 802 804
f 1565 803 805
f 820 819 803
f 1627 820 803
f 1627 803 1565
f 810 806 807
f 807 806 821
f 810 809 806
f 807 821 828
f 810 808 809
f 810 811 953
f 953 1336 810
f 1282 1284 810
f 810 1342 1282
f 810 1284 1286
f 810 1286 1288
f 1288 1290 810
f 810 1336 1338
f 810 1338 1340
f 1340 1342 810
f 813 812 830
f 830 812 829
f 812 955 829
f 812 957 955
f 901 813 830
f 815 816 814
f 833 816 815
f 833 834 816
f 864 816 834
f 874 816 864
f 876 816 874
f 817 818 837
f 837 1801 817
f 817 1803 1773
f 817 1801 1803
f 837 818 838
f 820 841 819
f 842 841 820
f 1625 842 820
f 1625 820 1627
f 828 821 822
f 824 822 823
f 825 822 824
f 826 822 825
f 827 822 826
f 828 822 827
f 830 829 832
f 832 829 831
f 829 935 831
f 829 955 935
f 830 832 901
f 832 831 844
f 844 831 843
f 831 933 843
f 831 935 933
f 901 832 844
f 835 834 833
f 835 836 834
f 864 834 836
f 835 848 836
f 847 848 835
f 862 836 848
f 864 836 862
f 837 838 854
f 837 854 853
f 853 1825 837
f 837 1827 1801
f 837 1825 1827
f 840 839 842
f 840 857 839
f 842 839 841
f 1625 840 842
f 858 857 840
f 1667 858 840
f 1667 840 1625
f 844 843 846
f 846 843 845
f 843 916 845
f 843 933 916
f 844 846 901
f 846 845 860
f 860 845 859
f 845 916 859
f 901 846 860
f 849 848 847
f 849 850 848
f 862 848 850
f 849 862 850
f 861 862 849
f 853 852 851
f 851 852 868
f 851 1825 853
f 851 868 867
f 867 1849 851
f 1825 851 1851
f 851 1849 1851
f 853 854 852
f 856 855 858
f 856 869 855
f 858 855 857
f 1705 856 858
f 870 869 856
f 1705 870 856
f 1705 858 1667
f 860 859 872
f 872 859 871
f 859 902 871
f 859 916 902
f 860 872 901
f 861 864 862
f 863 864 861
f 863 874 864
f 873 874 863
f 867 866 865
f 865 866 880
f 865 1849 867
f 865 880 878
f 878 1877 865
f 865 1879 1849
f 865 1877 1879
f 867 868 866
f 870 883 869
f 884 883 870
f 1741 884 870
f 1741 870 1705
f 872 871 886
f 886 871 885
f 871 887 885
f 871 902 887
f 901 872 886
f 875 874 873
f 875 876 874
f 889 876 875
f 889 891 876
f 878 879 877
f 878 877 896
f 896 877 897
f 878 880 879
f 896 1936 878
f 878 1906 1877
f 878 1904 1906
f 878 1936 1904
f 882 881 884
f 882 898 881
f 884 881 883
f 1739 882 884
f 899 898 882
f 1772 899 882
f 1772 882 1739
f 1739 884 1741
f 886 885 888
f 888 885 887
f 886 888 901
f 888 887 903
f 903 887 902
f 901 888 903
f 890 891 889
f 890 893 891
f 892 893 890
f 1346 892 890
f 1346 890 1344
f 892 905 893
f 904 905 892
f 1346 904 892
f 896 895 894
f 894 895 911
f 894 1936 896
f 894 911 910
f 910 1976 894
f 894 1976 1936
f 896 897 895
f 899 914 898
f 915 914 899
f 1770 915 899
f 1770 899 1772
f 1243 900 901
f 900 1242 1134
f 1242 900 1243
f 903 1205 901
f 1203 1201 901
f 901 1201 1233
f 901 1205 1203
f 901 1231 1229
f 1229 1245 901
f 1233 1231 901
f 901 1245 1243
f 903 902 917
f 917 902 916
f 917 1211 903
f 903 1207 1205
f 903 1209 1207
f 903 1211 1209
f 906 905 904
f 1348 906 904
f 1348 904 1346
f 906 907 905
f 918 907 906
f 1700 918 906
f 1350 906 1348
f 1352 906 1350
f 1354 906 1352
f 1402 906 1354
f 1404 906 1402
f 1406 906 1404
f 1408 906 1406
f 1448 906 1408
f 1450 906 1448
f 1452 906 1450
f 1492 906 1452
f 1494 906 1492
f 1496 906 1494
f 1556 906 1496
f 1558 906 1556
f 1616 906 1558
f 1618 906 1616
f 1660 906 1618
f 1700 906 1660
f 918 920 907
f 910 909 908
f 908 909 927
f 908 1976 910
f 927 2007 908
f 908 2009 1976
f 908 2007 2009
f 910 911 909
f 927 909 928
f 913 912 915
f 913 931 912
f 915 912 914
f 1800 913 915
f 932 931 913
f 1798 932 913
f 1798 913 1800
f 1800 915 1770
f 917 916 934
f 934 916 933
f 934 1185 917
f 917 1185 1213
f 917 1213 1211
f 919 920 918
f 919 918 1700
f 921 920 919
f 1700 921 919
f 921 922 920
f 921 937 922
f 938 937 921
f 1700 938 921
f 925 924 923
f 923 924 947
f 923 2078 925
f 947 2112 923
f 923 2112 2078
f 925 926 924
f 947 924 948
f 927 926 925
f 925 2047 927
f 925 2080 2047
f 925 2078 2080
f 927 928 926
f 927 2047 2007
f 930 929 932
f 930 951 929
f 932 929 931
f 1824 930 932
f 952 951 930
f 1848 952 930
f 1848 930 1824
f 1824 932 1798
f 934 933 936
f 936 933 935
f 936 1189 934
f 934 1187 1185
f 934 1189 1187
f 936 935 956
f 956 935 955
f 956 1295 936
f 936 1191 1189
f 936 1193 1191
f 936 1195 1193
f 936 1197 1195
f 1199 1197 936
f 936 1215 1199
f 936 1217 1215
f 1219 1217 936
f 936 1221 1219
f 1223 1221 936
f 936 1225 1223
f 1227 1225 936
f 936 1235 1227
f 936 1237 1235
f 1239 1237 936
f 936 1241 1239
f 1247 1241 936
f 936 1249 1247
f 1251 1249 936
f 936 1253 1251
f 936 1255 1253
f 1257 1255 936
f 936 1259 1257
f 936 1261 1259
f 936 1263 1261
f 936 1265 1263
f 936 1267 1265
f 1269 1267 936
f 936 1295 1269
f 938 939 937
f 938 941 939
f 940 941 938
f 1700 940 938
f 940 942 941
f 959 942 940
f 959 940 1700
f 959 960 942
f 945 944 943
f 943 944 973
f 943 2154 945
f 973 2195 943
f 943 2195 2154
f 945 946 944
f 973 944 974
f 945 948 946
f 947 948 945
f 945 2112 947
f 945 2156 2112
f 945 2154 2156
f 950 949 952
f 950 977 949
f 952 949 951
f 1848 950 952
f 978 977 950
f 1874 978 950
f 1876 950 1848
f 1874 950 1876
f 954 1333 953
f 953 1333 1332
f 1332 1334 953
f 953 1334 1336
f 1137 2236 954
f 1333 954 2101
f 1923 954 1921
f 1921 954 1957
f 1925 954 1923
f 1927 954 1925
f 1929 954 1927
f 1959 954 1929
f 1953 954 1951
f 1951 954 1994
f 1955 954 1953
f 1957 954 1955
f 1961 954 1959
f 1963 954 1961
f 1965 954 1963
f 1996 954 1965
f 1994 954 1992
f 954 2236 1992
f 1998 954 1996
f 2000 954 1998
f 2032 954 2000
f 2034 954 2032
f 2036 954 2034
f 2067 954 2036
f 2069 954 2067
f 2101 954 2069
f 956 955 958
f 958 955 957
f 958 1295 956
f 958 957 980
f 980 957 979
f 980 1295 958
f 959 962 960
f 961 962 959
f 961 959 1700
f 963 962 961
f 1700 963 961
f 963 964 962
f 965 964 963
f 1700 965 963
f 965 966 964
f 983 966 965
f 983 965 1700
f 983 984 966
f 969 968 967
f 967 968 1009
f 967 2312 969
f 1009 2368 967
f 967 2368 2312
f 969 970 968
f 1009 968 1008
f 971 970 969
f 969 2249 971
f 969 2314 2249
f 969 2312 2314
f 971 972 970
f 971 974 972
f 973 974 971
f 971 2195 973
f 971 2249 2195
f 976 975 978
f 976 1014 975
f 978 975 977
f 1903 976 978
f 1015 1014 976
f 1901 1015 976
f 1901 976 1903
f 1903 978 1874
f 980 979 982
f 982 979 981
f 982 1295 980
f 982 981 1017
f 1017 981 1016
f 1017 1295 982
f 983 986 984
f 985 986 983
f 1700 985 983
f 987 986 985
f 1700 987 985
f 987 988 986
f 989 988 987
f 1700 989 987
f 989 990 988
f 989 992 990
f 991 992 989
f 991 989 1700
f 993 992 991
f 993 991 1700
f 993 994 992
f 993 996 994
f 995 996 993
f 1700 995 993
f 995 998 996
f 997 998 995
f 1700 997 995
f 997 1000 998
f 999 1000 997
f 1700 999 997
f 999 1002 1000
f 1001 1002 999
f 1700 1001 999
f 1001 1004 1002
f 1003 1004 1001
f 1732 1003 1001
f 1732 1001 1700
f 1003 1006 1004
f 1005 1006 1003
f 1732 1005 1003
f 1005 1008 1006
f 1007 1008 1005
f 1763 1007 1005
f 1734 1005 1732
f 1763 1005 1734
f 1009 1008 1007
f 1007 2420 1009
f 1763 2420 1007
f 1009 2420 2368
f 1011 1010 1013
f 1011 1026 1010
f 1013 1010 1012
f 1975 1011 1013
f 1027 1026 1011
f 1973 1027 1011
f 1973 1011 1975
f 1013 1012 1015
f 1015 1012 1014
f 1935 1013 1015
f 1975 1013 1935
f 1935 1015 1901
f 1017 1016 1019
f 1019 1016 1018
f 1019 1295 1017
f 1019 1018 1021
f 1021 1018 1020
f 1021 1295 1019
f 1021 1020 1029
f 1029 1020 1028
f 1029 1295 1021
f 1023 1022 1025
f 1023 1040 1022
f 1025 1022 1024
f 2046 1023 1025
f 1041 1040 1023
f 2044 1041 1023
f 2044 1023 2046
f 1025 1024 1027
f 1027 1024 1026
f 2006 1025 1027
f 2046 1025 2006
f 2006 1027 1973
f 1029 1028 1031
f 1031 1028 1030
f 1031 1295 1029
f 1031 1030 1033
f 1033 1030 1032
f 1033 1295 1031
f 1033 1032 1035
f 1035 1032 1034
f 1035 1295 1033
f 1035 1034 1043
f 1043 1034 1042
f 1043 1295 1035
f 1037 1036 1039
f 1037 1054 1036
f 1039 1036 1038
f 1499 1037 1039
f 1055 1054 1037
f 1457 1055 1037
f 1457 1037 1499
f 1039 1038 1041
f 1041 1038 1040
f 2077 1039 1041
f 1039 2111 1499
f 1039 2077 2111
f 2077 1041 2044
f 1043 1042 1045
f 1045 1042 1044
f 1045 1295 1043
f 1045 1044 1047
f 1047 1044 1046
f 1047 1295 1045
f 1047 1046 1049
f 1049 1046 1048
f 1049 1295 1047
f 1049 1048 1057
f 1057 1048 1056
f 1057 1295 1049
f 1051 1050 1053
f 1051 1082 1050
f 1053 1050 1052
f 1053 1413 1051
f 1083 1082 1051
f 1051 1411 1083
f 1051 1413 1411
f 1053 1052 1055
f 1055 1052 1054
f 1055 1455 1053
f 1053 1455 1413
f 1455 1055 1457
f 1057 1056 1059
f 1059 1056 1058
f 1059 1295 1057
f 1059 1058 1061
f 1061 1058 1060
f 1061 1295 1059
f 1061 1060 1063
f 1063 1060 1062
f 1063 1295 1061
f 1063 1062 1065
f 1065 1062 1064
f 1065 1295 1063
f 1065 1064 1067
f 1067 1064 1066
f 1067 1295 1065
f 1067 1066 1069
f 1069 1066 1068
f 1069 1295 1067
f 1069 1068 1071
f 1071 1068 1070
f 1071 1295 1069
f 1071 1070 1073
f 1073 1070 1072
f 1073 1295 1071
f 1073 1072 1075
f 1075 1072 1074
f 1075 1295 1073
f 1075 1074 1077
f 1077 1074 1076
f 1077 1295 1075
f 1077 1076 1079
f 1079 1076 1078
f 1079 1295 1077
f 1079 1078 1081
f 1081 1078 1080
f 1081 1357 1079
f 1079 1357 1295
f 1081 1080 1083
f 1083 1080 1082
f 1083 1357 1081
f 1083 1411 1357
f 1141 1085 1084
f 1140 1084 1098
f 1141 1084 1140
f 1141 1086 1085
f 1142 1087 1086
f 1142 1086 1141
f 1143 1092 1087
f 1143 1087 1142
f 1144 1089 1088
f 1144 1088 1093
f 1145 1090 1089
f 1145 1089 1144
f 1146 1091 1090
f 1146 1090 1145
f 1147 1099 1091
f 1147 1091 1146
f 1144 1093 1092
f 1144 1092 1143
f 1150 1095 1094
f 1150 1094 1102
f 1151 1098 1095
f 1151 1095 1150
f 1152 1097 1096
f 1152 1096 1099
f 1153 1103 1097
f 1153 1097 1152
f 1140 1098 1138
f 1138 1098 1151
f 1139 1099 1147
f 1152 1099 1139
f 1156 1102 1100
f 1156 1100 1108
f 1149 1101 1103
f 1157 1109 1101
f 1157 1101 1149
f 1150 1102 1148
f 1148 1102 1156
f 1149 1103 1153
f 1160 1105 1104
f 2887 1105 1104
f 1160 1108 1105
f 1160 1105 1112
f 1105 1523 1112
f 2887 1523 1105
f 1106 1161 1107
f 1155 1106 1109
f 1159 1113 1106
f 1113 1385 1106
f 1161 1106 1155
f 1159 1106 1161
f 1106 1385 1386
f 1107 1161 1162
f 1156 1108 1154
f 1154 1108 1160
f 1155 1109 1157
f 1165 1112 1110
f 1112 1523 1110
f 1165 1110 1118
f 1110 1470 1118
f 1110 1526 1470
f 1110 1523 1526
f 1166 1111 1113
f 1111 1384 1113
f 1166 1119 1111
f 1119 1384 1111
f 1160 1112 1158
f 1158 1112 1165
f 1166 1113 1159
f 1113 1384 1385
f 1169 1114 1115
f 1114 1431 1115
f 1169 1118 1114
f 1118 1470 1114
f 1114 1430 1431
f 1114 1472 1430
f 1114 1470 1472
f 1170 1115 1126
f 1115 1431 1126
f 1169 1115 1170
f 1171 1116 1117
f 1116 1384 1117
f 1171 1127 1116
f 1127 1384 1116
f 1172 1117 1119
f 1117 1384 1119
f 1171 1117 1172
f 1165 1118 1163
f 1163 1118 1169
f 1164 1119 1166
f 1172 1119 1164
f 1176 1120 1121
f 1120 1435 1121
f 1175 1126 1120
f 1126 1431 1120
f 1175 1120 1176
f 1120 1431 1434
f 1120 1434 1435
f 1176 1121 1122
f 1121 1383 1122
f 1121 1382 1383
f 1121 1435 1382
f 1177 1122 1130
f 1122 1383 1130
f 1176 1122 1177
f 1178 1123 1124
f 1123 1384 1124
f 1178 1133 1123
f 1133 1384 1123
f 1179 1124 1125
f 1124 1384 1125
f 1178 1124 1179
f 1180 1125 1127
f 1125 1384 1127
f 1179 1125 1180
f 1170 1126 1167
f 1167 1126 1175
f 1168 1127 1171
f 1180 1127 1168
f 1183 1128 1129
f 1128 1384 1129
f 1182 1131 1128
f 1131 1384 1128
f 1182 1128 1183
f 1183 1129 1132
f 1129 1384 1132
f 1181 1130 1131
f 1130 1384 1131
f 1177 1130 1173
f 1173 1130 1181
f 1130 1383 1384
f 1181 1131 1182
f 1183 1132 1133
f 1132 1384 1133
f 1174 1133 1178
f 1183 1133 1174
f 1134 1135 1438
f 1134 1989 1135
f 1242 2408 1134
f 1438 2887 1134
f 1134 3117 1989
f 1134 2408 2458
f 2458 2504 1134
f 2504 2546 1134
f 2546 2544 1134
f 1134 2544 2584
f 1134 2584 2620
f 1134 2620 2656
f 2656 2696 1134
f 2696 2734 1134
f 1134 2734 2774
f 1134 2774 2819
f 1134 2819 2860
f 1134 2860 2862
f 2862 2914 1134
f 1134 2914 2966
f 1134 2966 2968
f 1134 2968 3037
f 3037 3086 1134
f 1134 3086 3088
f 1134 3088 3115
f 1134 3115 3117
f 1135 1273 1271
f 1135 1271 1319
f 1275 1273 1135
f 1135 1277 1275
f 1279 1277 1135
f 1135 1281 1279
f 1321 1281 1135
f 1135 1311 1309
f 1135 1309 1395
f 1135 1313 1311
f 1315 1313 1135
f 1135 1317 1315
f 1319 1317 1135
f 1135 1323 1321
f 1325 1323 1135
f 1135 1327 1325
f 1135 1329 1327
f 1135 1331 1329
f 1135 1397 1331
f 1391 1389 1135
f 1135 1389 1441
f 1135 1393 1391
f 1395 1393 1135
f 1399 1397 1135
f 1135 1401 1399
f 1135 1443 1401
f 1438 1135 1439
f 1135 1441 1439
f 1445 1443 1135
f 1135 1447 1445
f 1487 1447 1135
f 1135 1489 1487
f 1491 1489 1135
f 1135 1553 1491
f 1135 1555 1553
f 1135 1613 1555
f 1615 1613 1135
f 1135 1657 1615
f 1135 1659 1657
f 1135 1697 1659
f 1135 1699 1697
f 1135 1729 1699
f 1731 1729 1135
f 1135 1762 1731
f 1790 1762 1135
f 1135 2295 1790
f 1135 1989 1990
f 1135 1990 2026
f 1135 2026 2061
f 1135 2061 2097
f 1135 2097 2141
f 1135 2141 2180
f 1135 2180 2234
f 1135 2234 2295
f 1137 1161 1136
f 2235 1137 1136
f 1136 1149 1153
f 1157 1149 1136
f 1136 1153 1152
f 2356 1136 1152
f 1136 1155 1157
f 1136 1161 1155
f 2235 1136 2296
f 2296 1136 2356
f 1137 1161 1162
f 1649 1161 1137
f 2888 1649 1137
f 2236 1137 2235
f 1138 1139 1140
f 1138 1152 1139
f 1151 1152 1138
f 1140 1139 1147
f 1140 1147 1141
f 1141 1145 1142
f 1141 1146 1145
f 1141 1147 1146
f 1142 1144 1143
f 1142 1145 1144
f 1150 1148 1152
f 1148 1156 1152
f 1152 1151 1150
f 1152 1156 1154
f 1152 1154 1160
f 1152 1160 1158
f 1158 1165 1152
f 1152 1165 1163
f 1152 1163 1169
f 1152 1169 1171
f 2694 1152 1171
f 2356 1152 2406
f 2406 1152 2456
f 2456 1152 2502
f 2502 1152 2542
f 2542 1152 2582
f 2582 1152 2618
f 2618 1152 2654
f 2654 1152 2694
f 1649 1159 1161
f 1649 1166 1159
f 1164 1166 1648
f 1172 1164 1648
f 1648 1166 1649
f 1171 1167 1168
f 1168 1167 1175
f 1171 1170 1167
f 1168 1175 1180
f 1171 1169 1170
f 1171 1172 1648
f 1171 1474 1476
f 1171 1539 1474
f 1171 1476 1478
f 1478 1480 1171
f 1480 1482 1171
f 1482 1484 1171
f 1171 1484 1540
f 1529 1531 1171
f 1171 1602 1529
f 1531 1533 1171
f 1171 1533 1535
f 1171 1535 1537
f 1171 1537 1539
f 1171 1540 1542
f 1171 1542 1544
f 1171 1544 1546
f 1171 1546 1548
f 1171 1548 1550
f 1171 1550 1604
f 1171 1598 1600
f 1171 1648 1598
f 1171 1600 1602
f 1604 1606 1171
f 1606 1608 1171
f 1171 1608 1610
f 1610 1650 1171
f 1171 1650 1652
f 1171 1652 1654
f 1171 1654 1690
f 1690 1692 1171
f 1171 1692 1694
f 1171 1694 1724
f 1171 1724 1726
f 1726 1758 1171
f 1171 1758 1760
f 1171 1760 1785
f 1785 1787 1171
f 1171 1787 1813
f 1171 1813 1815
f 1815 1835 1171
f 1835 1837 1171
f 1171 1837 1859
f 1171 1859 1861
f 1861 1889 1171
f 1171 1889 1891
f 1171 1891 1916
f 2772 1171 1916
f 2694 1171 2732
f 2732 1171 2772
f 1173 1176 1177
f 1181 1176 1173
f 1178 1176 1174
f 1174 1176 1183
f 1180 1175 1176
f 1179 1176 1178
f 1180 1176 1179
f 1182 1176 1181
f 1183 1176 1182
f 1185 1186 1184
f 1185 1184 1213
f 1186 2102 1184
f 1213 1184 1212
f 1184 2102 1212
f 1187 1186 1185
f 1187 1188 1186
f 1188 2102 1186
f 1189 1188 1187
f 1189 1190 1188
f 1190 2102 1188
f 1191 1190 1189
f 1191 1192 1190
f 1192 2102 1190
f 1193 1192 1191
f 1193 1194 1192
f 1194 2102 1192
f 1195 1194 1193
f 1195 1196 1194
f 1196 2102 1194
f 1197 1196 1195
f 1197 1198 1196
f 1198 2102 1196
f 1199 1198 1197
f 1199 1214 1198
f 1214 2102 1198
f 1215 1214 1199
f 1201 1202 1200
f 1201 1200 1233
f 1202 2102 1200
f 1233 1200 1232
f 1200 2102 1232
f 1203 1202 1201
f 1203 1204 1202
f 1204 2102 1202
f 1205 1204 1203
f 1205 1206 1204
f 1206 2102 1204
f 1207 1206 1205
f 1207 1208 1206
f 1208 2102 1206
f 1209 1208 1207
f 1209 1210 1208
f 1210 2102 1208
f 1211 1210 1209
f 1211 1212 1210
f 1212 2102 1210
f 1213 1212 1211
f 1215 1216 1214
f 1216 2102 1214
f 1217 1216 1215
f 1217 1218 1216
f 1218 2102 1216
f 1219 1218 1217
f 1219 1220 1218
f 1220 2102 1218
f 1221 1220 1219
f 1221 1222 1220
f 1222 2102 1220
f 1223 1222 1221
f 1223 1224 1222
f 1224 2102 1222
f 1225 1224 1223
f 1225 1226 1224
f 1226 2102 1224
f 1227 1226 1225
f 1227 1234 1226
f 1234 2102 1226
f 1235 1234 1227
f 1229 1230 1228
f 1229 1228 1245
f 1230 2102 1228
f 1245 1228 1244
f 1228 2102 1244
f 1231 1230 1229
f 1231 1232 1230
f 1232 2102 1230
f 1233 1232 1231
f 1235 1236 1234
f 1236 2102 1234
f 1237 1236 1235
f 1237 1238 1236
f 1238 2102 1236
f 1239 1238 1237
f 1239 1240 1238
f 1240 2102 1238
f 1241 1240 1239
f 1241 1246 1240
f 1246 2102 1240
f 1247 1246 1241
f 1243 1244 1242
f 1244 2102 1242
f 1242 1922 1920
f 1242 1920 1956
f 1242 1924 1922
f 1926 1924 1242
f 1242 1928 1926
f 1242 1958 1928
f 1952 1950 1242
f 1242 1950 1993
f 1242 1954 1952
f 1242 1956 1954
f 1242 1960 1958
f 1242 1962 1960
f 1964 1962 1242
f 1995 1964 1242
f 1242 1993 1991
f 1991 2029 1242
f 1242 1997 1995
f 1242 1999 1997
f 1242 2031 1999
f 1242 2029 2027
f 1242 2027 2064
f 2033 2031 1242
f 1242 2035 2033
f 2066 2035 1242
f 2064 2062 1242
f 1242 2062 2098
f 2068 2066 1242
f 2100 2068 1242
f 2098 2142 1242
f 1242 2102 2100
f 1242 2142 2183
f 2183 2181 1242
f 2181 2237 1242
f 1242 2237 2298
f 1242 2298 2358
f 2358 2408 1242
f 1245 1244 1243
f 1247 1248 1246
f 1248 2102 1246
f 1249 1248 1247
f 1249 1250 1248
f 1250 2102 1248
f 1251 1250 1249
f 1251 1252 1250
f 1252 2102 1250
f 1253 1252 1251
f 1253 1254 1252
f 1254 2102 1252
f 1255 1254 1253
f 1255 1256 1254
f 1256 2102 1254
f 1257 1256 1255
f 1257 1258 1256
f 1258 2102 1256
f 1259 1258 1257
f 1259 1260 1258
f 1260 2102 1258
f 1261 1260 1259
f 1261 1262 1260
f 1262 2102 1260
f 1263 1262 1261
f 1263 1264 1262
f 1264 2102 1262
f 1265 1264 1263
f 1265 1266 1264
f 1266 2102 1264
f 1267 1266 1265
f 1267 1268 1266
f 1268 2102 1266
f 1269 1268 1267
f 1269 1294 1268
f 1294 2102 1268
f 1295 1294 1269
f 1271 1272 1270
f 1271 1270 1319
f 2690 1270 1272
f 1319 1270 1318
f 2728 1318 1270
f 2728 1270 2690
f 1273 1272 1271
f 1273 1274 1272
f 2650 1272 1274
f 2690 1272 2650
f 1275 1274 1273
f 1275 1276 1274
f 2614 1274 1276
f 2650 1274 2614
f 1277 1276 1275
f 1277 1278 1276
f 2578 1276 1278
f 2614 1276 2578
f 1279 1278 1277
f 1279 1280 1278
f 2538 1278 1280
f 2578 1278 2538
f 1281 1280 1279
f 1281 1320 1280
f 2538 1280 1320
f 1321 1320 1281
f 1282 1283 1284
f 1282 1343 1283
f 1342 1343 1282
f 1284 1283 1285
f 1285 1283 2101
f 2101 1283 1343
f 1284 1285 1286
f 1286 1285 1287
f 2101 1287 1285
f 1286 1287 1288
f 1288 1287 1289
f 2101 1289 1287
f 1288 1289 1290
f 1290 1289 1291
f 1291 1289 2101
f 1290 1291 1292
f 1292 1291 1293
f 2101 1293 1291
f 1292 1293 1344
f 1344 1293 1345
f 1345 1293 2101
f 1295 1356 1294
f 1356 2102 1294
f 1357 1356 1295
f 1296 1297 1298
f 1296 1369 1297
f 2714 1296 1298
f 1368 1369 1296
f 2752 1368 1296
f 2752 1296 2714
f 1298 1297 1299
f 1298 1299 1300
f 2678 1298 1300
f 2676 1298 2678
f 2714 1298 2676
f 1300 1299 1301
f 1300 1301 1302
f 2638 1300 1302
f 2678 1300 2638
f 1302 1301 1303
f 1302 1303 1304
f 2602 1302 1304
f 2638 1302 2602
f 1304 1303 1305
f 1304 1305 1306
f 2564 1304 1306
f 2602 1304 2564
f 1306 1305 1307
f 1306 1307 1370
f 2526 1306 1370
f 2564 1306 2526
f 1370 1307 1371
f 1309 1310 1308
f 1309 1308 1395
f 2960 1308 1310
f 1395 1308 1394
f 3029 1394 1308
f 3029 1308 2960
f 1311 1310 1309
f 1311 1312 1310
f 2908 1310 1312
f 2960 1310 2908
f 1313 1312 1311
f 1313 1314 1312
f 2854 1312 1314
f 2908 1312 2854
f 1315 1314 1313
f 1315 1316 1314
f 2813 1314 1316
f 2854 1314 2813
f 1317 1316 1315
f 1317 1318 1316
f 2766 1316 1318
f 2813 1316 2766
f 1319 1318 1317
f 2766 1318 2728
f 1321 1322 1320
f 2496 1320 1322
f 2538 1320 2496
f 1323 1322 1321
f 1323 1324 1322
f 2452 1322 1324
f 2496 1322 2452
f 1325 1324 1323
f 1325 1326 1324
f 2402 1324 1326
f 2452 1324 2402
f 1327 1326 1325
f 1327 1328 1326
f 2352 1326 1328
f 2402 1326 2352
f 1329 1328 1327
f 1329 1330 1328
f 2292 1328 1330
f 2352 1328 2292
f 1331 1330 1329
f 1331 1396 1330
f 2231 1330 1396
f 2292 1330 2231
f 1397 1396 1331
f 1332 1333 1334
f 1334 1333 1335
f 2101 1335 1333
f 1334 1335 1336
f 1336 1335 1337
f 1337 1335 2101
f 1336 1337 1338
f 1338 1337 1339
f 2101 1339 1337
f 1338 1339 1340
f 1340 1339 1341
f 2101 1341 1339
f 1340 1341 1342
f 1342 1341 1343
f 1343 1341 2101
f 1344 1345 1346
f 1346 1345 1347
f 2101 1347 1345
f 1346 1347 1348
f 1348 1347 1349
f 2101 1349 1347
f 1348 1349 1350
f 1350 1349 1351
f 1351 1349 2101
f 1350 1351 1352
f 1352 1351 1353
f 2101 1353 1351
f 1352 1353 1354
f 1354 1353 1355
f 1355 1353 2101
f 1354 1355 1402
f 1402 1355 1403
f 2101 1403 1355
f 1357 1410 1356
f 1410 2102 1356
f 1411 1410 1357
f 1358 1359 1360
f 1358 1421 1359
f 3002 1358 1360
f 1420 1421 1358
f 3067 1420 1358
f 3067 1358 3002
f 1360 1359 1361
f 1360 1361 1362
f 2936 1360 1362
f 3002 1360 2936
f 1362 1361 1363
f 1362 1363 1364
f 2884 1362 1364
f 2936 1362 2884
f 1364 1363 1365
f 1364 1365 1366
f 2837 1364 1366
f 2884 1364 2837
f 1366 1365 1367
f 1366 1367 1368
f 2796 1366 1368
f 2837 1366 2796
f 1368 1367 1369
f 2796 1368 2752
f 1370 1371 1372
f 2476 1370 1372
f 2526 1370 2476
f 1372 1371 1373
f 1372 1373 1374
f 2432 1372 1374
f 2476 1372 2432
f 1374 1373 1375
f 1374 1375 1376
f 2380 1374 1376
f 2432 1374 2380
f 1376 1375 1377
f 1376 1377 1378
f 2330 1376 1378
f 2380 1376 2330
f 1378 1377 1379
f 1378 1379 1380
f 2269 1378 1380
f 2330 1378 2269
f 1380 1379 1381
f 1380 1381 1422
f 2269 1380 1422
f 1422 1381 1423
f 2126 1383 1382
f 2126 1382 1435
f 2127 1384 1383
f 2127 1383 2126
f 2129 1385 1384
f 2128 1384 2127
f 2129 1384 2128
f 2129 1386 1385
f 2130 1387 1386
f 2130 1386 2129
f 2131 1436 1387
f 2131 1387 2130
f 1389 1390 1388
f 1389 1388 1441
f 3109 1388 1390
f 1441 1388 1440
f 3144 1440 1388
f 3144 1388 3109
f 1391 1390 1389
f 1391 1392 1390
f 3078 1390 1392
f 3109 1390 3078
f 1393 1392 1391
f 1393 1394 1392
f 3029 1392 1394
f 3078 1392 3029
f 1395 1394 1393
f 1397 1398 1396
f 2177 1396 1398
f 2231 1396 2177
f 1399 1398 1397
f 1399 1400 1398
f 2138 1398 1400
f 2177 1398 2138
f 1401 1400 1399
f 1401 1442 1400
f 2094 1400 1442
f 2136 1400 2094
f 2138 1400 2136
f 1443 1442 1401
f 1402 1403 1404
f 1404 1403 1405
f 2101 1405 1403
f 1404 1405 1406
f 1406 1405 1407
f 2101 1407 1405
f 1406 1407 1408
f 1408 1407 1409
f 1409 1407 2101
f 1408 1409 1448
f 1448 1409 1449
f 2101 1449 1409
f 1411 1412 1410
f 1412 2102 1410
f 1413 1412 1411
f 1413 1454 1412
f 1454 2102 1412
f 1455 1454 1413
f 1414 1415 1416
f 1414 1463 1415
f 3131 1414 1416
f 1462 1463 1414
f 3168 1462 1414
f 3168 1414 3131
f 1416 1415 1417
f 1416 1417 1418
f 3100 1416 1418
f 3131 1416 3100
f 1418 1417 1419
f 1418 1419 1420
f 3067 1418 1420
f 3100 1418 3067
f 1420 1419 1421
f 1422 1423 1424
f 2199 1422 1424
f 2269 1422 2199
f 1424 1423 1425
f 1424 1425 1426
f 2162 1424 1426
f 2199 1424 2162
f 1426 1425 1427
f 1426 1427 1428
f 2116 1426 1428
f 2118 1426 2116
f 2162 1426 2118
f 1428 1427 1429
f 1428 1429 1464
f 2086 1428 1464
f 2116 1428 2086
f 1464 1429 1465
f 2168 1431 1430
f 2168 1430 1472
f 2169 1434 1431
f 2169 1431 2168
f 2170 1433 1432
f 2170 1432 1437
f 2171 1473 1433
f 2171 1433 2170
f 2123 1435 1434
f 2123 1434 2122
f 2122 1434 2169
f 2126 1435 2123
f 2124 1437 1436
f 2124 1436 2131
f 2125 1437 2124
f 2170 1437 2125
f 1439 1440 1438
f 3178 1438 1440
f 2017 1438 2340
f 2017 2887 1438
f 2211 1438 2213
f 2282 1438 2211
f 2213 1438 2215
f 2215 1438 2217
f 2217 1438 2219
f 2219 1438 2221
f 2221 1438 2223
f 2223 1438 2225
f 2225 1438 2227
f 2227 1438 2284
f 2280 1438 2282
f 2342 1438 2280
f 2284 1438 2286
f 2286 1438 2288
f 2288 1438 2344
f 2340 1438 2342
f 2344 1438 3213
f 3176 1438 3178
f 3213 1438 3176
f 1441 1440 1439
f 3178 1440 3144
f 1443 1444 1442
f 2058 1442 1444
f 2094 1442 2058
f 1445 1444 1443
f 1445 1446 1444
f 2021 1444 1446
f 2023 1444 2021
f 2058 1444 2023
f 1447 1446 1445
f 1447 1486 1446
f 1987 1446 1486
f 2021 1446 1987
f 1487 1486 1447
f 1448 1449 1450
f 1450 1449 1451
f 2101 1451 1449
f 1450 1451 1452
f 1452 1451 1453
f 2101 1453 1451
f 1452 1453 1492
f 1492 1453 1493
f 2101 1493 1453
f 1455 1456 1454
f 1456 2102 1454
f 1457 1456 1455
f 1457 1498 1456
f 1498 2102 1456
f 1499 1498 1457
f 1458 1459 1460
f 1458 1505 1459
f 3204 1458 1460
f 1504 1505 1458
f 3241 1504 1458
f 3241 1458 3204
f 1460 1459 1461
f 1460 1461 1462
f 3168 1460 1462
f 3204 1460 3168
f 1462 1461 1463
f 1464 1465 1466
f 2086 1464 1466
f 1466 1465 1467
f 1466 1467 1468
f 2051 1466 1468
f 2086 1466 2051
f 1468 1467 1469
f 1468 1469 1518
f 2015 1468 1518
f 2051 1468 2015
f 1518 1469 1519
f 2205 1472 1470
f 2205 1470 1526
f 2206 1471 1473
f 2206 1527 1471
f 2168 1472 2166
f 2166 1472 2205
f 2167 1473 2171
f 2206 1473 2167
f 1474 1475 1477
f 1539 1475 1474
f 1474 1477 1476
f 1475 2689 1477
f 1539 1538 1475
f 1538 2727 1475
f 1475 2727 2689
f 1476 1477 1479
f 1476 1479 1478
f 1477 2649 1479
f 1477 2689 2649
f 1478 1479 1481
f 1478 1481 1480
f 1479 2613 1481
f 1479 2649 2613
f 1480 1481 1483
f 1480 1483 1482
f 1481 2577 1483
f 1481 2613 2577
f 1482 1483 1485
f 1482 1485 1484
f 1483 2537 1485
f 1483 2577 2537
f 1484 1485 1541
f 1484 1541 1540
f 1485 2537 1541
f 1487 1488 1486
f 1987 1486 1488
f 1489 1488 1487
f 1489 1490 1488
f 1946 1488 1490
f 1948 1488 1946
f 1987 1488 1948
f 1491 1490 1489
f 1491 1552 1490
f 1918 1490 1552
f 1946 1490 1918
f 1553 1552 1491
f 1492 1493 1494
f 1494 1493 1495
f 1495 1493 2101
f 1494 1495 1496
f 1496 1495 1497
f 2101 1497 1495
f 1496 1497 1556
f 1556 1497 1557
f 1557 1497 2101
f 1499 1500 1498
f 1500 2102 1498
f 1501 1500 1499
f 3538 1501 1499
f 1499 2111 2109
f 1499 2109 2153
f 1499 2153 2194
f 1499 2194 2248
f 1499 2248 2311
f 2311 2367 1499
f 1499 2367 2419
f 1499 2419 2467
f 2467 2513 1499
f 1499 2513 2555
f 2555 2593 1499
f 1499 2593 2629
f 1499 2629 2665
f 2665 2705 1499
f 1499 2705 2743
f 2743 2783 1499
f 1499 2783 2828
f 1499 2828 2871
f 2871 2923 1499
f 1499 2923 2981
f 2981 3046 1499
f 1499 3046 3095
f 1499 3095 3126
f 3126 3163 1499
f 1499 3163 3195
f 1499 3195 3234
f 3234 3275 1499
f 1499 3275 3327
f 1499 3327 3355
f 3355 3381 1499
f 1499 3381 3408
f 3408 3410 1499
f 1499 3410 3444
f 3444 3476 1499
f 3476 3502 1499
f 1499 3502 3536
f 3536 3538 1499
f 1501 1560 1500
f 1560 2102 1500
f 1561 1560 1501
f 3538 1561 1501
f 1502 1503 1504
f 1502 1567 1503
f 3282 1502 1504
f 1566 1567 1502
f 1502 2265 1566
f 2322 2265 1502
f 1502 2324 2322
f 2374 2324 1502
f 1502 2376 2374
f 1502 3336 2376
f 1502 3282 3336
f 1504 1503 1505
f 3239 1504 3241
f 3282 1504 3239
f 1507 1508 1506
f 1507 1506 1579
f 1579 1506 1578
f 1509 1508 1507
f 2377 1509 1507
f 1507 1579 2377
f 1509 1510 1508
f 1511 1510 1509
f 1511 1509 2377
f 1511 1512 1510
f 1513 1512 1511
f 2377 1513 1511
f 1513 1514 1512
f 1515 1514 1513
f 2377 1515 1513
f 1515 1516 1514
f 1517 1516 1515
f 2377 1517 1515
f 1517 1580 1516
f 1581 1580 1517
f 1517 2563 1581
f 2377 2563 1517
f 1518 1519 1520
f 1982 1518 1520
f 2015 1518 1982
f 1520 1519 1521
f 1520 1521 1592
f 1940 1520 1592
f 1980 1520 1940
f 1982 1520 1980
f 1592 1521 1593
f 2275 1523 1522
f 2887 1522 1523
f 2275 1522 1596
f 1596 1522 2887
f 2275 1526 1523
f 1524 2276 1525
f 2276 1524 1527
f 2274 1597 1525
f 1525 2277 2274
f 1525 2276 2277
f 2205 1526 2203
f 2203 1526 2275
f 2204 1527 2206
f 2276 1527 2204
f 1529 1528 1530
f 1602 1528 1529
f 1528 2959 1530
f 1602 1603 1528
f 1603 2959 1528
f 1529 1530 1531
f 1531 1530 1532
f 1530 2906 1532
f 1530 2959 2906
f 1531 1532 1533
f 1533 1532 1534
f 1532 2853 1534
f 1532 2906 2853
f 1533 1534 1536
f 1533 1536 1535
f 1534 2812 1536
f 1534 2853 2812
f 1535 1536 1538
f 1535 1538 1537
f 1536 2765 1538
f 1536 2812 2765
f 1537 1538 1539
f 1538 2765 2727
f 1540 1541 1543
f 1540 1543 1542
f 1541 2495 1543
f 1541 2537 2495
f 1542 1543 1544
f 1544 1543 1545
f 1543 2451 1545
f 1543 2495 2451
f 1544 1545 1546
f 1546 1545 1547
f 1545 2401 1547
f 1545 2451 2401
f 1546 1547 1548
f 1548 1547 1549
f 1547 2349 1549
f 1547 2351 2349
f 1547 2401 2351
f 1548 1549 1550
f 1550 1549 1551
f 1549 2291 1551
f 1549 2349 2291
f 1550 1551 1604
f 1604 1551 1605
f 1551 2230 1605
f 1551 2291 2230
f 1553 1554 1552
f 1918 1552 1554
f 1555 1554 1553
f 1555 1612 1554
f 1892 1554 1612
f 1918 1554 1892
f 1613 1612 1555
f 1556 1557 1558
f 1558 1557 1559
f 2101 1559 1557
f 1558 1559 1616
f 1616 1559 1617
f 1617 1559 2101
f 1561 1562 1560
f 1562 2102 1560
f 1563 1562 1561
f 1563 1561 3538
f 1563 1620 1562
f 1620 2144 1562
f 1562 2144 2102
f 1621 1620 1563
f 3538 1621 1563
f 1564 1565 1566
f 1564 1627 1565
f 1566 2263 1564
f 1626 1627 1564
f 1564 2259 1626
f 1564 2261 2259
f 1564 2263 2261
f 1566 1565 1567
f 1566 2265 2263
f 1569 1570 1568
f 1569 1568 1633
f 1633 1568 1632
f 1571 1570 1569
f 1571 1569 2377
f 2377 1569 1633
f 1571 1572 1570
f 1573 1572 1571
f 2377 1573 1571
f 1573 1574 1572
f 1575 1574 1573
f 2377 1575 1573
f 1575 1576 1574
f 1577 1576 1575
f 1577 1575 2377
f 1577 1578 1576
f 1579 1578 1577
f 2377 1579 1577
f 1581 1582 1580
f 1583 1582 1581
f 1581 2525 1583
f 1581 2563 2525
f 1583 1584 1582
f 1585 1584 1583
f 1583 2475 1585
f 1583 2525 2475
f 1585 1586 1584
f 1587 1586 1585
f 1585 2475 1587
f 1587 1588 1586
f 1589 1588 1587
f 1587 2431 1589
f 1587 2475 2431
f 1589 1590 1588
f 1591 1590 1589
f 1589 2379 1591
f 1589 2431 2379
f 1591 1634 1590
f 1635 1634 1591
f 1591 2327 1635
f 1591 2329 2327
f 1591 2379 2329
f 1592 1593 1640
f 1912 1592 1640
f 1914 1592 1912
f 1940 1592 1914
f 1640 1593 1641
f 2336 1596 1594
f 1594 1596 2887
f 2336 1594 1646
f 2887 1646 1594
f 2337 1595 1597
f 2888 1597 1595
f 2337 1647 1595
f 2888 1595 1647
f 2275 1596 2273
f 2273 1596 2336
f 2337 1597 2274
f 1598 1599 1601
f 1648 1599 1598
f 1598 1601 1600
f 1599 3075 1601
f 1648 1649 1599
f 1649 3108 1599
f 1599 3108 3075
f 1600 1601 1602
f 1602 1601 1603
f 1601 3028 1603
f 1601 3077 3028
f 1601 3075 3077
f 1603 3028 2959
f 1604 1605 1607
f 1604 1607 1606
f 1605 2230 1607
f 1606 1607 1608
f 1608 1607 1609
f 1607 2176 1609
f 1607 2230 2176
f 1608 1609 1611
f 1608 1611 1610
f 1609 2135 1611
f 1609 2174 2135
f 1609 2176 2174
f 1610 1611 1651
f 1610 1651 1650
f 1611 2135 1651
f 1613 1614 1612
f 1865 1612 1614
f 1892 1612 1865
f 1615 1614 1613
f 1615 1656 1614
f 1863 1614 1656
f 1865 1614 1863
f 1657 1656 1615
f 1616 1617 1618
f 1618 1617 1619
f 2101 1619 1617
f 1618 1619 1660
f 1660 1619 1661
f 2101 1661 1619
f 1621 1622 1620
f 1622 2144 1620
f 1623 1622 1621
f 3538 1623 1621
f 1623 1662 1622
f 1662 2146 1622
f 1622 2146 2144
f 1663 1662 1623
f 1663 1623 3538
f 1624 1625 1626
f 1624 1667 1625
f 1626 2257 1624
f 1666 1667 1624
f 1624 2253 1666
f 1624 2255 2253
f 1624 2257 2255
f 1626 1625 1627
f 2259 2257 1626
f 1629 1630 1628
f 1629 1628 1673
f 1673 1628 1672
f 1631 1630 1629
f 1631 1629 2377
f 2377 1629 1673
f 1631 1632 1630
f 1633 1632 1631
f 2377 1633 1631
f 1635 1636 1634
f 1637 1636 1635
f 1635 2268 1637
f 1635 2327 2268
f 1637 1638 1636
f 1639 1638 1637
f 1637 2198 1639
f 1637 2268 2198
f 1639 1674 1638
f 1675 1674 1639
f 1639 2159 1675
f 1639 2161 2159
f 1639 2198 2161
f 1640 1641 1642
f 1887 1640 1642
f 1912 1640 1887
f 1642 1641 1643
f 1642 1643 1680
f 1857 1642 1680
f 1885 1642 1857
f 1887 1642 1885
f 1680 1643 1681
f 2388 1646 1644
f 2887 1644 1646
f 2388 1644 1686
f 2887 1686 1644
f 2389 1645 1647
f 1647 1645 2888
f 2389 1689 1645
f 2888 1645 1689
f 2336 1646 2334
f 2334 1646 2388
f 2335 1647 2337
f 2389 1647 2335
f 2341 1649 2091
f 2091 1649 2888
f 2214 1649 2212
f 2212 1649 2283
f 2216 1649 2214
f 2218 1649 2216
f 2220 1649 2218
f 2222 1649 2220
f 2224 1649 2222
f 2226 1649 2224
f 2228 1649 2226
f 2285 1649 2228
f 2283 1649 2281
f 2281 1649 2343
f 2287 1649 2285
f 2289 1649 2287
f 2345 1649 2289
f 2343 1649 2341
f 2345 3143 1649
f 3143 3108 1649
f 1650 1651 1652
f 1652 1651 1653
f 1651 2093 1653
f 1651 2135 2093
f 1652 1653 1654
f 1654 1653 1655
f 1653 2056 1655
f 1653 2057 2056
f 1653 2093 2057
f 1654 1655 1691
f 1654 1691 1690
f 1655 2020 1691
f 1655 2056 2020
f 1657 1658 1656
f 1839 1656 1658
f 1863 1656 1839
f 1659 1658 1657
f 1659 1696 1658
f 1817 1658 1696
f 1839 1658 1817
f 1697 1696 1659
f 1660 1661 1700
f 1700 1661 1701
f 1701 1661 2101
f 1663 1664 1662
f 1664 2146 1662
f 1665 1664 1663
f 3538 1665 1663
f 1665 1702 1664
f 2185 1664 1702
f 2146 1664 2185
f 1703 1702 1665
f 3538 1703 1665
f 1666 1705 1667
f 1704 1705 1666
f 1666 2251 1704
f 1666 2253 2251
f 1669 1670 1668
f 1669 1668 1709
f 1709 1668 1708
f 1671 1670 1669
f 2377 1671 1669
f 1709 2266 1669
f 2266 2323 1669
f 1669 2323 2325
f 1669 2325 2375
f 1669 2375 2377
f 1671 1672 1670
f 1673 1672 1671
f 1673 1671 2377
f 1675 1676 1674
f 1677 1676 1675
f 1675 2115 1677
f 1675 2159 2115
f 1677 1678 1676
f 1679 1678 1677
f 1677 2115 1679
f 1679 1710 1678
f 1711 1710 1679
f 1679 2083 1711
f 1679 2085 2083
f 1679 2115 2085
f 1680 1681 1714
f 1833 1680 1714
f 1857 1680 1833
f 1714 1681 1715
f 2437 1682 1683
f 2887 1683 1682
f 2436 1687 1682
f 1682 1687 2887
f 2436 1682 2437
f 2437 1683 1722
f 2887 1722 1683
f 2438 1684 1685
f 1685 1684 2888
f 2438 1723 1684
f 2888 1684 1723
f 2439 1685 1688
f 2888 1688 1685
f 2438 1685 2439
f 2382 1686 1687
f 1687 1686 2887
f 2388 1686 2382
f 2382 1687 2383
f 2383 1687 2436
f 2384 1688 1689
f 2888 1689 1688
f 2439 1688 2384
f 2384 1689 2385
f 2385 1689 2389
f 1690 1691 1693
f 1690 1693 1692
f 1691 2020 1693
f 1692 1693 1695
f 1692 1695 1694
f 1693 1985 1695
f 1693 2020 1985
f 1694 1695 1725
f 1694 1725 1724
f 1695 1985 1725
f 1697 1698 1696
f 1817 1696 1698
f 1699 1698 1697
f 1699 1728 1698
f 1789 1698 1728
f 1817 1698 1789
f 1729 1728 1699
f 1700 1701 1732
f 1732 1701 1733
f 1733 1701 2101
f 1703 1736 1702
f 2185 1702 1736
f 1737 1736 1703
f 1737 1703 3538
f 1704 1741 1705
f 1740 1741 1704
f 1704 2318 1740
f 1704 2251 2320
f 1704 2320 2318
f 1707 1708 1706
f 1707 1706 1747
f 1747 1706 1746
f 1709 1708 1707
f 1707 2260 1709
f 1747 2260 1707
f 1709 2260 2262
f 2262 2264 1709
f 2264 2266 1709
f 1711 1712 1710
f 1713 1712 1711
f 1711 2050 1713
f 1711 2083 2050
f 1713 1748 1712
f 1749 1748 1713
f 1713 2014 1749
f 1713 2050 2014
f 1714 1715 1716
f 1811 1714 1716
f 1833 1714 1811
f 1716 1715 1717
f 1716 1717 1754
f 1809 1716 1754
f 1811 1716 1809
f 1754 1717 1755
f 2479 1718 1719
f 1719 1718 2887
f 2478 1722 1718
f 1718 1722 2887
f 2478 1718 2479
f 2481 1719 1720
f 1720 1719 2888
f 2479 1719 2480
f 2480 1719 2481
f 2888 1719 2887
f 2481 1720 1721
f 2888 1721 1720
f 2482 1721 1723
f 2888 1723 1721
f 2481 1721 2482
f 2437 1722 2434
f 2434 1722 2478
f 2435 1723 2438
f 2483 1723 2435
f 2482 1723 2483
f 1724 1725 1726
f 1726 1725 1727
f 1725 1945 1727
f 1725 1985 1945
f 1726 1727 1759
f 1726 1759 1758
f 1727 1917 1759
f 1727 1943 1917
f 1727 1945 1943
f 1729 1730 1728
f 1761 1728 1730
f 1789 1728 1761
f 1731 1730 1729
f 1731 1761 1730
f 1762 1761 1731
f 1732 1733 1734
f 1734 1733 1735
f 2101 1735 1733
f 1734 1735 1763
f 1763 1735 1764
f 2103 1764 1735
f 2103 1735 2101
f 1737 1765 1736
f 2185 1736 1765
f 1766 1765 1737
f 3538 1766 1737
f 1738 1739 1740
f 1738 1772 1739
f 1740 2372 1738
f 1771 1772 1738
f 1738 2370 1771
f 2372 2370 1738
f 1740 1739 1741
f 1740 2318 2316
f 1740 2316 2372
f 1743 1744 1742
f 1743 1742 1776
f 1776 1742 1775
f 1745 1744 1743
f 1743 2256 1745
f 1776 2254 1743
f 1743 2254 2256
f 1745 1746 1744
f 1747 1746 1745
f 1745 2258 1747
f 1745 2256 2258
f 2258 2260 1747
f 1749 1750 1748
f 1751 1750 1749
f 1749 2012 1751
f 1749 2014 2012
f 1751 1752 1750
f 1753 1752 1751
f 1751 1979 1753
f 1751 2012 1979
f 1753 1777 1752
f 1778 1777 1753
f 1753 1939 1778
f 1753 1979 1939
f 1754 1755 1756
f 1783 1754 1756
f 1809 1754 1783
f 1756 1755 1757
f 1756 1757 1781
f 1783 1756 1781
f 1781 1757 1782
f 1758 1759 1760
f 1760 1759 1786
f 1759 1890 1786
f 1759 1917 1890
f 1760 1786 1785
f 1762 1789 1761
f 1790 1789 1762
f 1763 1764 1791
f 1791 2468 1763
f 1763 2468 2420
f 1791 1764 1792
f 2103 1792 1764
f 1766 1767 1765
f 2185 1765 1767
f 1768 1767 1766
f 1768 1766 3538
f 1768 1795 1767
f 1767 1795 2185
f 1796 1795 1768
f 3538 1796 1768
f 1769 1770 1771
f 1769 1800 1770
f 2370 1769 1771
f 1799 1800 1769
f 2424 1799 1769
f 2424 1769 2370
f 1771 1770 1772
f 1774 1775 1773
f 1774 1773 1804
f 1804 1773 1803
f 1776 1775 1774
f 1774 2252 1776
f 1804 2252 1774
f 2252 2254 1776
f 1778 1779 1777
f 1780 1779 1778
f 1778 1939 1780
f 1780 1805 1779
f 1806 1805 1780
f 1780 1911 1806
f 1780 1939 1911
f 1781 1782 1783
f 1783 1782 1784
f 1784 1782 2941
f 1783 1784 1809
f 1809 1784 1810
f 2941 1810 1784
f 1785 1786 1787
f 1787 1786 1788
f 1786 1860 1788
f 1786 1862 1860
f 1786 1890 1862
f 1787 1788 1813
f 1813 1788 1814
f 1788 1860 1814
f 1790 1817 1789
f 1818 1817 1790
f 1790 2455 1818
f 1790 2295 2355
f 1790 2355 2405
f 1790 2405 2455
f 1791 1792 1793
f 1793 2556 1791
f 1791 2514 2468
f 1791 2556 2514
f 1793 1792 1794
f 1794 1792 2103
f 1793 1794 1819
f 1819 2594 1793
f 1793 2594 2556
f 1819 1794 1820
f 2103 1820 1794
f 1796 1821 1795
f 2185 1795 1821
f 1822 1821 1796
f 1822 1796 3538
f 1797 1798 1799
f 1797 1824 1798
f 2470 1797 1799
f 1823 1824 1797
f 2470 1823 1797
f 1799 1798 1800
f 2422 1799 2424
f 2470 1799 2422
f 1802 1803 1801
f 1802 1801 1828
f 1828 1801 1827
f 1804 1803 1802
f 1802 2319 1804
f 1828 2317 1802
f 1802 2317 2319
f 1804 2321 2252
f 1804 2319 2321
f 1806 1807 1805
f 1808 1807 1806
f 1806 1909 1808
f 1806 1911 1909
f 1808 1829 1807
f 1830 1829 1808
f 1808 1884 1830
f 1808 1909 1884
f 1809 1810 1811
f 1811 1810 1812
f 1812 1810 2941
f 1811 1812 1833
f 1833 1812 1834
f 2941 1834 1812
f 1813 1814 1816
f 1813 1816 1815
f 1814 1838 1816
f 1814 1860 1838
f 1815 1816 1835
f 1835 1816 1836
f 1816 1838 1836
f 1818 1839 1817
f 1840 1839 1818
f 1818 2499 1840
f 1818 2455 2501
f 1818 2501 2499
f 1819 1820 1841
f 1841 2630 1819
f 1819 2630 2594
f 1841 1820 1842
f 1842 1820 2103
f 1822 1843 1821
f 1821 1843 2185
f 1844 1843 1822
f 3538 1844 1822
f 1823 1848 1824
f 1847 1848 1823
f 2558 1847 1823
f 2518 1823 2470
f 2516 1823 2518
f 2558 1823 2516
f 1826 1827 1825
f 1826 1825 1852
f 1852 1825 1851
f 1828 1827 1826
f 1826 2317 1828
f 1852 2371 1826
f 2373 2317 1826
f 1826 2371 2373
f 1830 1831 1829
f 1832 1831 1830
f 1830 1882 1832
f 1830 1884 1882
f 1832 1853 1831
f 1854 1853 1832
f 1832 1856 1854
f 1832 1882 1856
f 1833 1834 1857
f 1857 1834 1858
f 1858 1834 2941
f 1835 1836 1838
f 1835 1838 1837
f 1837 1838 1860
f 1837 1860 1859
f 1840 1863 1839
f 1864 1863 1840
f 1840 2581 1864
f 1840 2499 2541
f 1840 2541 2581
f 1841 1842 1867
f 1867 2706 1841
f 1841 2666 2630
f 1841 2706 2666
f 1867 1842 1868
f 2103 1868 1842
f 1844 1845 1843
f 2185 1843 1845
f 1846 1845 1844
f 3538 1846 1844
f 1846 1871 1845
f 2185 1845 1871
f 1872 1871 1846
f 1872 1846 3538
f 1847 1876 1848
f 1875 1876 1847
f 2596 1875 1847
f 2596 1847 2558
f 1850 1851 1849
f 1850 1849 1880
f 1880 1849 1879
f 1852 1851 1850
f 1850 2371 1852
f 1880 2423 1850
f 2425 2371 1850
f 1850 2423 2425
f 1854 1855 1853
f 2938 1853 1855
f 1856 1855 1854
f 1856 1881 1855
f 1855 1881 2938
f 1882 1881 1856
f 1857 1858 1885
f 1885 1858 1886
f 2941 1886 1858
f 1859 1860 1862
f 1859 1862 1861
f 1861 1862 1889
f 1889 1862 1890
f 1864 1865 1863
f 1866 1865 1864
f 1864 2617 1866
f 1864 2581 2617
f 1866 1892 1865
f 1893 1892 1866
f 1866 2653 1893
f 1866 2617 2653
f 1867 1868 1869
f 1869 2744 1867
f 1867 2744 2706
f 1869 1868 1870
f 1870 1868 2103
f 1869 1870 1894
f 1894 2784 1869
f 1869 2784 2744
f 1894 1870 1895
f 2103 1895 1870
f 1872 1898 1871
f 1871 1898 2185
f 1899 1898 1872
f 3538 1899 1872
f 1873 1874 1875
f 1873 1903 1874
f 2596 1873 1875
f 1902 1903 1873
f 2668 1902 1873
f 2632 1873 2596
f 2668 1873 2632
f 1875 1874 1876
f 1878 1879 1877
f 1878 1877 1907
f 1907 1877 1906
f 1880 1879 1878
f 1878 2471 1880
f 1907 2519 1878
f 1878 2519 2471
f 1880 2471 2423
f 1882 1883 1881
f 2938 1881 1883
f 1884 1883 1882
f 1884 1908 1883
f 1883 1908 2938
f 1909 1908 1884
f 1885 1886 1887
f 1887 1886 1888
f 1888 1886 2941
f 1887 1888 1912
f 1912 1888 1913
f 2941 1913 1888
f 1889 1890 1891
f 1891 1890 1917
f 1891 1917 1916
f 1893 1918 1892
f 1919 1918 1893
f 1893 2731 1919
f 1893 2653 2693
f 1893 2693 2731
f 1894 1895 1896
f 1896 2829 1894
f 1894 2829 2784
f 1896 1895 1897
f 1897 1895 2103
f 1896 1897 1930
f 1930 2872 1896
f 1896 2872 2829
f 1930 1897 1931
f 2103 1931 1897
f 1899 1932 1898
f 2185 1898 1932
f 1933 1932 1899
f 1933 1899 3538
f 1900 1901 1902
f 1900 1935 1901
f 2708 1900 1902
f 1934 1935 1900
f 2746 1934 1900
f 2746 1900 2708
f 1902 1901 1903
f 2708 1902 2668
f 1905 1906 1904
f 1905 1904 1937
f 1937 1904 1936
f 1907 1906 1905
f 1905 2517 1907
f 1937 2559 1905
f 1905 2559 2517
f 1907 2517 2519
f 1909 1910 1908
f 2938 1908 1910
f 1911 1910 1909
f 1911 1938 1910
f 2938 1910 1938
f 1939 1938 1911
f 1912 1913 1914
f 1914 1913 1915
f 1915 1913 2941
f 1914 1915 1940
f 1940 1915 1941
f 2941 1941 1915
f 1916 1917 1943
f 1916 1943 1942
f 2817 1916 1942
f 2772 1916 2817
f 1919 1946 1918
f 1947 1946 1919
f 1919 2771 1947
f 1919 2731 2769
f 1919 2769 2771
f 1921 1920 1923
f 1921 1956 1920
f 1923 1920 1922
f 1957 1956 1921
f 1923 1922 1925
f 1925 1922 1924
f 1925 1924 1927
f 1927 1924 1926
f 1927 1926 1929
f 1929 1926 1928
f 1929 1928 1959
f 1959 1928 1958
f 1930 1931 1966
f 1966 2924 1930
f 1930 2924 2872
f 1966 1931 1967
f 1967 1931 2103
f 1933 1970 1932
f 2185 1932 1970
f 1971 1970 1933
f 3538 1971 1933
f 1934 1975 1935
f 1974 1975 1934
f 2876 1974 1934
f 2786 1934 2746
f 2788 1934 2786
f 2831 1934 2788
f 2874 1934 2831
f 2876 1934 2874
f 1937 1936 1977
f 1977 1936 1976
f 1977 2597 1937
f 1937 2597 2559
f 1939 1978 1938
f 2938 1938 1978
f 1979 1978 1939
f 1940 1941 1980
f 1980 1941 1981
f 1981 1941 2941
f 1942 1943 1945
f 1942 1945 1944
f 2817 1942 1944
f 1944 1945 1984
f 2858 1944 1984
f 2817 1944 2858
f 1984 1945 1985
f 1947 1948 1946
f 1949 1948 1947
f 1947 2816 1949
f 1947 2771 2816
f 1949 1987 1948
f 1988 1987 1949
f 1949 2857 1988
f 1949 2816 2857
f 1951 1950 1953
f 1951 1993 1950
f 1953 1950 1952
f 1994 1993 1951
f 1953 1952 1955
f 1955 1952 1954
f 1955 1954 1957
f 1957 1954 1956
f 1959 1958 1961
f 1961 1958 1960
f 1961 1960 1963
f 1963 1960 1962
f 1963 1962 1965
f 1965 1962 1964
f 1965 1964 1996
f 1996 1964 1995
f 1966 1967 1968
f 1968 2982 1966
f 1966 2982 2924
f 1968 1967 1969
f 2103 1969 1967
f 1968 1969 2001
f 2001 2984 1968
f 1968 2984 2982
f 2001 1969 2002
f 2103 2002 1969
f 1971 2003 1970
f 2185 1970 2003
f 2004 2003 1971
f 2004 1971 3538
f 1972 1973 1974
f 1972 2006 1973
f 1972 1974 2926
f 2005 2006 1972
f 2926 2005 1972
f 1974 1973 1975
f 2926 1974 2876
f 1977 1976 2010
f 2010 1976 2009
f 2010 2633 1977
f 1977 2633 2597
f 1979 2011 1978
f 2938 1978 2011
f 2012 2011 1979
f 1980 1981 1982
f 1982 1981 1983
f 2941 1983 1981
f 1982 1983 2015
f 2015 1983 2016
f 2941 2016 1983
f 1984 1985 1986
f 2964 1984 1986
f 2858 1984 2912
f 2912 1984 2964
f 1986 1985 2020
f 1986 2020 2019
f 2964 1986 2019
f 1988 2021 1987
f 2022 2021 1988
f 1988 2911 2022
f 1988 2857 2911
f 1990 1989 2026
f 2026 1989 2025
f 1989 3117 2025
f 1992 1991 1994
f 1992 2029 1991
f 1994 1991 1993
f 2030 2029 1992
f 2236 2030 1992
f 1996 1995 1998
f 1998 1995 1997
f 1998 1997 2000
f 2000 1997 1999
f 2000 1999 2032
f 2032 1999 2031
f 2001 2002 2037
f 2037 3047 2001
f 2001 3047 2984
f 2037 2002 2038
f 2103 2038 2002
f 2004 2041 2003
f 2185 2003 2041
f 2042 2041 2004
f 3538 2042 2004
f 2005 2046 2006
f 2045 2046 2005
f 2045 2005 2926
f 2008 2009 2007
f 2008 2007 2048
f 2048 2007 2047
f 2010 2009 2008
f 2008 2709 2010
f 2048 2747 2008
f 2008 2747 2709
f 2010 2669 2633
f 2709 2669 2010
f 2012 2013 2011
f 2938 2011 2013
f 2014 2013 2012
f 2014 2049 2013
f 2938 2013 2049
f 2050 2049 2014
f 2015 2016 2051
f 2051 2016 2052
f 2941 2052 2016
f 2018 2017 2054
f 2017 2018 2889
f 2054 2017 2053
f 2017 3857 2053
f 2340 2394 2017
f 2017 2394 2392
f 2017 2392 2446
f 2017 2446 2444
f 2444 2488 2017
f 2017 2488 2532
f 2017 2532 2572
f 2017 2572 2570
f 2570 2608 2017
f 2608 2644 2017
f 2017 2644 2684
f 2017 2684 2722
f 2017 2722 2760
f 2760 2803 2017
f 2017 2803 2805
f 2017 2805 2846
f 2017 2846 2848
f 2017 2848 2897
f 2889 2887 2017
f 2897 3820 2017
f 2017 3820 3857
f 2018 2054 2890
f 2889 2018 2890
f 2019 2020 2055
f 3084 2019 2055
f 2964 2019 3033
f 3033 2019 3035
f 3035 2019 3084
f 2055 2020 2056
f 2022 2023 2021
f 2024 2023 2022
f 2022 2963 2024
f 2022 2911 2963
f 2024 2058 2023
f 2059 2058 2024
f 2024 2963 2059
f 2026 2025 2061
f 2061 2025 2060
f 2025 3117 2060
f 2028 2027 2030
f 2028 2064 2027
f 2030 2027 2029
f 2028 2030 2236
f 2065 2064 2028
f 2065 2028 2236
f 2032 2031 2034
f 2034 2031 2033
f 2034 2033 2036
f 2036 2033 2035
f 2036 2035 2067
f 2067 2035 2066
f 2037 2038 2039
f 2039 3047 2037
f 2039 2038 2040
f 2103 2040 2038
f 2039 2040 2070
f 2070 3096 2039
f 2039 3096 3047
f 2070 2040 2071
f 2071 2040 2103
f 2042 2072 2041
f 2185 2041 2072
f 2073 2072 2042
f 2073 2042 3538
f 2043 2044 2045
f 2043 2077 2044
f 2926 2043 2045
f 2076 2077 2043
f 2926 2076 2043
f 2045 2044 2046
f 2048 2047 2081
f 2081 2047 2080
f 2081 2832 2048
f 2787 2747 2048
f 2048 2789 2787
f 2048 2832 2789
f 2050 2082 2049
f 2049 2082 2938
f 2083 2082 2050
f 2051 2052 2086
f 2086 2052 2087
f 2087 2052 2941
f 2054 2053 2089
f 2089 2053 2088
f 2053 3855 2088
f 2053 3857 3855
f 2890 2054 2089
f 2055 2056 2057
f 2055 2057 2092
f 3113 2055 2092
f 3084 2055 3113
f 2092 2057 2093
f 2059 2094 2058
f 2095 2094 2059
f 2059 3081 2095
f 2059 2963 3032
f 2059 3032 3081
f 2061 2060 2097
f 2097 2060 2096
f 2060 3117 2096
f 2063 2062 2065
f 2063 2098 2062
f 2065 2062 2064
f 2236 2063 2065
f 2099 2098 2063
f 2099 2063 2236
f 2067 2066 2069
f 2069 2066 2068
f 2069 2068 2101
f 2101 2068 2100
f 2070 2071 2104
f 2104 3127 2070
f 2070 3127 3096
f 2103 2105 2071
f 2104 2071 2105
f 2073 2074 2072
f 2072 2074 2185
f 2075 2074 2073
f 3538 2075 2073
f 2075 2106 2074
f 2185 2074 2106
f 2107 2106 2075
f 3538 2107 2075
f 2076 2111 2077
f 2110 2111 2076
f 2926 2110 2076
f 2079 2080 2078
f 2079 2078 2113
f 2113 2078 2112
f 2081 2080 2079
f 2079 3663 2081
f 3661 2079 2113
f 3663 2079 3661
f 2081 2875 2832
f 2877 2875 2081
f 2081 2927 2877
f 2081 3663 2927
f 2083 2084 2082
f 2938 2082 2084
f 2085 2084 2083
f 2085 2114 2084
f 2938 2084 2114
f 2115 2114 2085
f 2086 2087 2116
f 2116 2087 2117
f 2941 2117 2087
f 2089 2088 2121
f 2121 2088 2120
f 2088 3853 2120
f 2088 3855 3853
f 2890 2089 2121
f 2132 2091 2090
f 2091 2206 2090
f 2170 2132 2090
f 2167 2171 2090
f 2206 2167 2090
f 2171 2170 2090
f 2132 2133 2091
f 2133 3634 2091
f 2204 2206 2091
f 2091 2276 2204
f 2091 2274 2277
f 2091 2337 2274
f 2277 2276 2091
f 2892 2337 2091
f 2341 2091 2395
f 2395 2091 2393
f 2393 2091 2447
f 2447 2091 2445
f 2445 2091 2489
f 2489 2091 2533
f 2533 2091 2573
f 2573 2091 2571
f 2571 2091 2609
f 2609 2091 2645
f 2645 2091 2685
f 2685 2091 2723
f 2723 2091 2761
f 2761 2091 2804
f 2804 2091 2806
f 2806 2091 2847
f 2847 2091 2849
f 2849 2091 2898
f 2888 2892 2091
f 2091 3634 2898
f 2092 2093 2135
f 2092 2135 2134
f 3148 2092 2134
f 3113 2092 3148
f 2095 2136 2094
f 2137 2136 2095
f 2095 3083 2137
f 2095 3081 3083
f 2097 2096 2141
f 2141 2096 2140
f 2096 3117 2140
f 2099 2142 2098
f 2143 2142 2099
f 2236 2143 2099
f 2101 2100 2103
f 2103 2100 2102
f 2103 2102 2145
f 2145 2102 2144
f 2103 2149 2105
f 2145 3042 2103
f 2190 2149 2103
f 2103 2242 2190
f 2305 2242 2103
f 2103 2307 2305
f 2103 2363 2307
f 2103 2415 2363
f 2463 2415 2103
f 2103 2509 2463
f 2551 2509 2103
f 2103 2589 2551
f 2103 2625 2589
f 2661 2625 2103
f 2103 2701 2661
f 2739 2701 2103
f 2103 2779 2739
f 2103 2824 2779
f 2867 2824 2103
f 2103 2919 2867
f 2977 2919 2103
f 2103 2975 2977
f 2103 3042 2975
f 2104 2105 2148
f 2148 3164 2104
f 2104 3164 3127
f 2148 2105 2149
f 2107 2150 2106
f 2185 2106 2150
f 2151 2150 2107
f 2151 2107 3538
f 2108 2109 2110
f 2108 2153 2109
f 2926 2108 2110
f 2152 2153 2108
f 2152 2108 2926
f 2110 2109 2111
f 2113 2112 2157
f 2157 2112 2156
f 3659 2113 2157
f 3661 2113 3659
f 2115 2158 2114
f 2938 2114 2158
f 2159 2158 2115
f 2116 2117 2118
f 2118 2117 2119
f 2119 2117 2941
f 2118 2119 2162
f 2162 2119 2163
f 2941 2163 2119
f 2121 2120 2165
f 2165 2120 2164
f 2120 3900 2164
f 2120 3853 3902
f 2120 3902 3900
f 2121 2165 2890
f 2122 2125 2123
f 2122 2170 2125
f 2169 2170 2122
f 2123 2125 2124
f 2123 2124 2126
f 2126 2124 2131
f 2126 2130 2127
f 2126 2131 2130
f 2127 2129 2128
f 2127 2130 2129
f 2132 2173 2133
f 2170 2172 2132
f 2172 2173 2132
f 3688 2133 2173
f 3634 2133 3688
f 2134 2135 2174
f 2134 2174 2175
f 3182 2134 2175
f 3148 2134 3150
f 3150 2134 3182
f 2137 2138 2136
f 2139 2138 2137
f 2137 3112 2139
f 2137 3083 3112
f 2139 2177 2138
f 2178 2177 2139
f 2139 3112 2178
f 2141 2140 2180
f 2180 2140 2179
f 2140 3117 2179
f 2143 2183 2142
f 2184 2183 2143
f 2184 2143 2236
f 2145 2144 2147
f 2147 2144 2146
f 2147 3042 2145
f 2147 2146 2186
f 2186 2146 2185
f 2186 3042 2147
f 2148 2149 2189
f 2189 3198 2148
f 2148 3196 3164
f 2148 3198 3196
f 2189 2149 2190
f 2151 2191 2150
f 2185 2150 2191
f 2192 2191 2151
f 3538 2192 2151
f 2152 2194 2153
f 2193 2194 2152
f 2926 2193 2152
f 2155 2156 2154
f 2155 2154 2196
f 2196 2154 2195
f 2157 2156 2155
f 3722 2157 2155
f 3720 2155 2196
f 3722 2155 3720
f 3659 2157 3722
f 2159 2160 2158
f 2158 2160 2938
f 2161 2160 2159
f 2161 2197 2160
f 2938 2160 2197
f 2198 2197 2161
f 2162 2163 2199
f 2199 2163 2200
f 2200 2163 2941
f 2165 2164 2202
f 2202 2164 2201
f 2164 3898 2201
f 2164 3900 3898
f 2890 2165 2202
f 2170 2168 2166
f 2170 2166 2205
f 2170 2169 2168
f 2170 2209 2172
f 2170 2205 2203
f 2170 2203 2275
f 2170 2207 2209
f 2278 2207 2170
f 2275 2273 2170
f 2170 2273 2336
f 2338 2278 2170
f 2170 2336 2334
f 2170 2334 2388
f 2384 2338 2170
f 2170 2382 2384
f 2170 2388 2382
f 2209 2173 2172
f 2209 2210 2173
f 3686 2173 2210
f 3688 2173 3686
f 2175 2174 2176
f 2175 2176 2230
f 2175 2230 2229
f 3217 2175 2229
f 3182 2175 3217
f 2178 2231 2177
f 2232 2231 2178
f 2178 3147 2232
f 2178 3112 3147
f 2180 2179 2234
f 2234 2179 2233
f 2179 3117 2233
f 2182 2181 2184
f 2182 2237 2181
f 2184 2181 2183
f 2236 2182 2184
f 2236 2238 2182
f 2238 2237 2182
f 2186 2185 2188
f 2188 2185 2187
f 2187 2185 3123
f 2185 2191 2243
f 2243 2245 2185
f 2185 2245 2308
f 2185 2308 2364
f 2185 2364 2416
f 2185 2416 2464
f 2464 2510 2185
f 2185 2510 2552
f 2552 2590 2185
f 2185 2590 2626
f 2626 2662 2185
f 2185 2662 2702
f 2702 2740 2185
f 2185 2740 2780
f 2780 2825 2185
f 2185 2825 2868
f 2868 2920 2185
f 2185 2920 2978
f 2978 3043 2185
f 2185 3043 3092
f 3092 3123 2185
f 2188 3042 2186
f 2188 2187 2240
f 2240 2187 2239
f 3123 2239 2187
f 2240 3042 2188
f 2189 2190 2241
f 2241 3198 2189
f 2241 2190 2242
f 2192 2243 2191
f 2244 2243 2192
f 2244 2192 3538
f 2193 2248 2194
f 2247 2248 2193
f 2247 2193 2926
f 2196 2195 2250
f 2250 2195 2249
f 3718 2196 2250
f 3720 2196 3718
f 2198 2267 2197
f 2197 2267 2938
f 2268 2267 2198
f 2199 2200 2269
f 2269 2200 2270
f 2941 2270 2200
f 2202 2201 2272
f 2272 2201 2271
f 2201 3896 2271
f 2201 3898 3896
f 2890 2202 2272
f 2207 2208 2209
f 2207 2279 2208
f 2278 2279 2207
f 2209 2208 2210
f 3686 2210 2208
f 3684 2208 2279
f 3686 2208 3684
f 2212 2211 2214
f 2212 2282 2211
f 2214 2211 2213
f 2283 2282 2212
f 2214 2213 2216
f 2216 2213 2215
f 2216 2215 2218
f 2218 2215 2217
f 2218 2217 2220
f 2220 2217 2219
f 2220 2219 2222
f 2222 2219 2221
f 2222 2221 2224
f 2224 2221 2223
f 2224 2223 2226
f 2226 2223 2225
f 2226 2225 2228
f 2228 2225 2227
f 2228 2227 2285
f 2285 2227 2284
f 2229 2230 2290
f 3258 2229 2290
f 3217 2229 3219
f 3219 2229 3258
f 2290 2230 2291
f 2232 2292 2231
f 2293 2292 2232
f 2232 3216 2293
f 2232 3147 3181
f 2232 3181 3216
f 2234 2233 2295
f 2295 2233 2294
f 2233 3117 2294
f 2235 2297 2236
f 2296 2297 2235
f 2299 2238 2236
f 2297 3153 2236
f 2236 2359 2299
f 2236 2409 2359
f 2459 2409 2236
f 2236 2505 2459
f 2236 2547 2505
f 2236 2545 2547
f 2236 2585 2545
f 2236 2621 2585
f 2657 2621 2236
f 2236 2697 2657
f 2236 2735 2697
f 2236 2775 2735
f 2236 2820 2775
f 2861 2820 2236
f 2863 2861 2236
f 2236 2915 2863
f 2236 2967 2915
f 2236 2969 2967
f 3038 2969 2236
f 2236 3087 3038
f 3089 3087 2236
f 3116 3089 2236
f 3118 3116 2236
f 2236 3153 3118
f 2238 2298 2237
f 2299 2298 2238
f 2240 2239 2301
f 2301 2239 2300
f 3123 2300 2239
f 2301 3042 2240
f 2241 2242 2304
f 2304 3235 2241
f 2241 3235 3198
f 2304 2242 2305
f 2244 2245 2243
f 2246 2245 2244
f 3538 2246 2244
f 2246 2308 2245
f 2309 2308 2246
f 3538 2309 2246
f 2247 2311 2248
f 2310 2311 2247
f 2926 2310 2247
f 2250 2249 2315
f 2315 2249 2314
f 3716 2250 2315
f 3718 2250 3716
f 2252 2251 2254
f 2252 2320 2251
f 2254 2251 2253
f 2321 2320 2252
f 2254 2253 2256
f 2256 2253 2255
f 2256 2255 2258
f 2258 2255 2257
f 2258 2257 2260
f 2260 2257 2259
f 2260 2259 2262
f 2262 2259 2261
f 2262 2261 2264
f 2264 2261 2263
f 2264 2263 2266
f 2266 2263 2265
f 2266 2265 2323
f 2323 2265 2322
f 2268 2326 2267
f 2938 2267 2326
f 2327 2326 2268
f 2269 2270 2330
f 2330 2270 2331
f 2331 2270 2941
f 2272 2271 2333
f 2333 2271 2332
f 2271 3965 2332
f 2271 3896 3965
f 2272 2333 2890
f 2338 2279 2278
f 2338 2339 2279
f 3762 2279 2339
f 3684 2279 3682
f 3682 2279 3762
f 2281 2280 2283
f 2281 2342 2280
f 2283 2280 2282
f 2343 2342 2281
f 2285 2284 2287
f 2287 2284 2286
f 2287 2286 2289
f 2289 2286 2288
f 2289 2288 2345
f 2345 2288 2344
f 2290 2291 2348
f 3300 2290 2348
f 3258 2290 3300
f 2348 2291 2349
f 2293 2352 2292
f 2353 2352 2293
f 2293 3257 2353
f 2293 3216 3257
f 2295 2294 2355
f 2355 2294 2354
f 2294 3117 2354
f 2296 2357 2297
f 2356 2357 2296
f 3153 2297 2357
f 2299 2358 2298
f 2359 2358 2299
f 2301 2300 2303
f 2303 2300 2302
f 3123 2302 2300
f 2303 3042 2301
f 2303 2302 2361
f 2361 2302 2360
f 2360 2302 3123
f 2361 3042 2303
f 2304 2305 2306
f 2306 3235 2304
f 2306 2305 2307
f 2306 2307 2362
f 2362 3276 2306
f 2306 3276 3235
f 2362 2307 2363
f 2309 2364 2308
f 2365 2364 2309
f 2365 2309 3538
f 2310 2367 2311
f 2366 2367 2310
f 2926 2366 2310
f 2313 2314 2312
f 2313 2312 2369
f 2369 2312 2368
f 2315 2314 2313
f 3716 2315 2313
f 3808 2313 2369
f 3716 2313 3808
f 2317 2316 2319
f 2317 2372 2316
f 2319 2316 2318
f 2373 2372 2317
f 2319 2318 2321
f 2321 2318 2320
f 2323 2322 2325
f 2325 2322 2324
f 2325 2324 2375
f 2375 2324 2374
f 2327 2328 2326
f 2326 2328 2938
f 2329 2328 2327
f 2329 2378 2328
f 2938 2328 2378
f 2379 2378 2329
f 2330 2331 2380
f 2380 2331 2381
f 2941 2381 2331
f 2333 2332 2387
f 2387 2332 2386
f 2332 3963 2386
f 2332 3965 3963
f 2890 2333 2387
f 2892 2335 2337
f 2389 2335 2892
f 2390 2339 2338
f 2384 2390 2338
f 2390 2391 2339
f 3760 2339 2391
f 3762 2339 3760
f 2341 2340 2343
f 2341 2394 2340
f 2343 2340 2342
f 2395 2394 2341
f 2345 2344 2347
f 2347 2344 2346
f 2346 2344 3294
f 3254 2344 3213
f 3252 2344 3254
f 3294 2344 3252
f 2347 3175 2345
f 2345 3141 3143
f 2345 3175 3141
f 2347 2346 2397
f 2397 2346 2396
f 2396 2346 3294
f 2397 3175 2347
f 2348 2349 2350
f 3302 2348 2350
f 3300 2348 3302
f 2350 2349 2351
f 2350 2351 2401
f 2350 2401 2400
f 3352 2350 2400
f 3302 2350 3352
f 2353 2402 2352
f 2403 2402 2353
f 2353 3297 2403
f 2353 3257 3297
f 2355 2354 2405
f 2405 2354 2404
f 2354 3117 2404
f 2356 2407 2357
f 2406 2407 2356
f 2357 2407 3153
f 2359 2408 2358
f 2409 2408 2359
f 2361 2360 2411
f 2411 2360 2410
f 3123 2410 2360
f 2411 3042 2361
f 2362 2363 2414
f 2414 3328 2362
f 2362 3328 3276
f 2414 2363 2415
f 2365 2416 2364
f 2417 2416 2365
f 3538 2417 2365
f 2366 2419 2367
f 2418 2419 2366
f 2418 2366 2926
f 2369 2368 2421
f 2421 2368 2420
f 3806 2369 2421
f 3808 2369 3806
f 2371 2370 2373
f 2371 2424 2370
f 2373 2370 2372
f 2425 2424 2371
f 2375 2374 2377
f 2377 2374 2376
f 2377 2376 2427
f 2427 2376 2426
f 2376 3336 2426
f 2427 2563 2377
f 2379 2430 2378
f 2378 2430 2938
f 2431 2430 2379
f 2380 2381 2432
f 2432 2381 2433
f 2941 2433 2381
f 2384 2382 2383
f 2384 2383 2439
f 2439 2383 2436
f 2384 2385 2891
f 2384 2442 2390
f 2384 2486 2442
f 2384 2530 2486
f 2384 2568 2530
f 2606 2568 2384
f 2642 2606 2384
f 2384 2682 2642
f 2384 2720 2682
f 2384 2757 2720
f 2384 2759 2757
f 2384 2801 2759
f 2891 2801 2384
f 2891 2385 2389
f 2387 2386 2441
f 2441 2386 2440
f 2386 3961 2440
f 2386 3963 3961
f 2387 2441 2890
f 2891 2389 2892
f 2442 2391 2390
f 2442 2443 2391
f 3758 2391 2443
f 3760 2391 3758
f 2393 2392 2395
f 2393 2446 2392
f 2395 2392 2394
f 2447 2446 2393
f 2397 2396 2399
f 2399 2396 2398
f 3294 2398 2396
f 2399 3175 2397
f 2399 2398 2449
f 2449 2398 2448
f 3294 2448 2398
f 2449 3175 2399
f 2400 2401 2450
f 3352 2400 2450
f 2450 2401 2451
f 2403 2452 2402
f 2453 2452 2403
f 2403 3351 2453
f 2403 3297 3299
f 2403 3299 3351
f 2405 2404 2455
f 2455 2404 2454
f 2404 3117 2454
f 2406 2457 2407
f 2456 2457 2406
f 3153 2407 2457
f 2409 2458 2408
f 2459 2458 2409
f 2411 2410 2413
f 2413 2410 2412
f 3123 2412 2410
f 2413 3042 2411
f 2413 2412 2461
f 2461 2412 2460
f 3123 2460 2412
f 2461 3042 2413
f 2414 2415 2462
f 2462 3328 2414
f 2462 2415 2463
f 2417 2464 2416
f 2465 2464 2417
f 2465 2417 3538
f 2418 2467 2419
f 2466 2467 2418
f 2926 2466 2418
f 2421 2420 2469
f 2469 2420 2468
f 3804 2421 2469
f 3806 2421 3804
f 2423 2422 2425
f 2423 2470 2422
f 2425 2422 2424
f 2471 2470 2423
f 2427 2426 2429
f 2429 2426 2428
f 2426 3336 2428
f 2429 2563 2427
f 2429 2428 2473
f 2473 2428 2472
f 2428 3336 2472
f 2473 2563 2429
f 2431 2474 2430
f 2938 2430 2474
f 2475 2474 2431
f 2432 2433 2476
f 2476 2433 2477
f 2477 2433 2941
f 2478 2437 2434
f 2438 2437 2435
f 2435 2437 2483
f 2439 2436 2437
f 2439 2437 2438
f 2479 2437 2478
f 2480 2437 2479
f 2481 2437 2480
f 2482 2437 2481
f 2483 2437 2482
f 2441 2440 2485
f 2485 2440 2484
f 2440 3959 2484
f 2440 3961 3959
f 2890 2441 2485
f 2486 2443 2442
f 2486 2487 2443
f 3756 2443 2487
f 3758 2443 3756
f 2445 2444 2447
f 2445 2488 2444
f 2447 2444 2446
f 2489 2488 2445
f 2449 2448 2491
f 2491 2448 2490
f 2490 2448 3294
f 2491 3175 2449
f 2450 2451 2494
f 3378 2450 2494
f 3352 2450 3378
f 2494 2451 2495
f 2453 2496 2452
f 2497 2496 2453
f 2453 3375 2497
f 2453 3351 3375
f 2455 2454 2501
f 2501 2454 2500
f 2454 3117 2500
f 2456 2503 2457
f 2502 2503 2456
f 3153 2457 2503
f 2459 2504 2458
f 2505 2504 2459
f 2461 2460 2507
f 2507 2460 2506
f 2506 2460 3123
f 2507 3042 2461
f 2462 2463 2508
f 2508 3356 2462
f 2462 3330 3328
f 2462 3356 3330
f 2508 2463 2509
f 2465 2510 2464
f 2511 2510 2465
f 3538 2511 2465
f 2466 2513 2467
f 2512 2513 2466
f 2926 2512 2466
f 2469 2468 2515
f 2515 2468 2514
f 3802 2469 2515
f 3804 2469 3802
f 2471 2518 2470
f 2519 2518 2471
f 2473 2472 2521
f 2521 2472 2520
f 2472 3336 2520
f 2521 2563 2473
f 2475 2524 2474
f 2938 2474 2524
f 2525 2524 2475
f 2476 2477 2526
f 2526 2477 2527
f 2941 2527 2477
f 2485 2484 2529
f 2529 2484 2528
f 2484 3957 2528
f 2484 3959 3957
f 2890 2485 2529
f 2530 2487 2486
f 2530 2531 2487
f 3754 2487 2531
f 3756 2487 3754
f 2489 2532 2488
f 2533 2532 2489
f 2491 2490 2493
f 2493 2490 2492
f 2492 2490 3294
f 2493 3175 2491
f 2493 2492 2535
f 2535 2492 2534
f 3294 2534 2492
f 2535 3175 2493
f 2494 2495 2537
f 2494 2537 2536
f 3405 2494 2536
f 3378 2494 3405
f 2497 2538 2496
f 2539 2538 2497
f 2497 3377 2539
f 2497 3375 3377
f 2499 2500 2498
f 2499 2498 2541
f 2500 3117 2498
f 2541 2498 2540
f 2498 3117 2540
f 2501 2500 2499
f 2502 2543 2503
f 2542 2543 2502
f 3153 2503 2543
f 2505 2546 2504
f 2547 2546 2505
f 2507 2506 2549
f 2549 2506 2548
f 2548 2506 3123
f 2549 3042 2507
f 2508 2509 2550
f 2550 3356 2508
f 2550 2509 2551
f 2511 2552 2510
f 2553 2552 2511
f 2553 2511 3538
f 2512 2555 2513
f 2554 2555 2512
f 2926 2554 2512
f 2515 2514 2557
f 2557 2514 2556
f 3800 2515 2557
f 3802 2515 3800
f 2517 2516 2519
f 2517 2558 2516
f 2519 2516 2518
f 2559 2558 2517
f 2521 2520 2523
f 2523 2520 2522
f 2520 3336 2522
f 2523 2563 2521
f 2523 2522 2561
f 2561 2522 2560
f 2522 3336 2560
f 2561 2563 2523
f 2525 2562 2524
f 2938 2524 2562
f 2563 2562 2525
f 2526 2527 2564
f 2564 2527 2565
f 2565 2527 2941
f 2529 2528 2567
f 2567 2528 2566
f 2528 3955 2566
f 2528 3957 3955
f 2529 2567 2890
f 2568 2531 2530
f 2568 2569 2531
f 3752 2531 2569
f 3754 2531 3752
f 2533 2572 2532
f 2573 2572 2533
f 2535 2534 2575
f 2575 2534 2574
f 3294 2574 2534
f 2575 3175 2535
f 2536 2537 2576
f 3405 2536 2576
f 2576 2537 2577
f 2539 2578 2538
f 2579 2578 2539
f 2539 3404 2579
f 2539 3377 3404
f 2541 2540 2581
f 2581 2540 2580
f 2540 3117 2580
f 2542 2583 2543
f 2582 2583 2542
f 3153 2543 2583
f 2545 2544 2547
f 2545 2584 2544
f 2547 2544 2546
f 2585 2584 2545
f 2549 2548 2587
f 2587 2548 2586
f 3123 2586 2548
f 2587 3042 2549
f 2550 2551 2588
f 2588 3382 2550
f 2550 3382 3356
f 2588 2551 2589
f 2553 2590 2552
f 2591 2590 2553
f 3538 2591 2553
f 2554 2593 2555
f 2592 2593 2554
f 2926 2592 2554
f 2557 2556 2595
f 2595 2556 2594
f 3798 2557 2595
f 3800 2557 3798
f 2559 2596 2558
f 2597 2596 2559
f 2561 2560 2599
f 2599 2560 2598
f 2560 3360 2598
f 2560 3336 3360
f 2599 2563 2561
f 2563 2600 2562
f 2562 2600 2938
f 2635 2563 2599
f 2601 2600 2563
f 2635 2601 2563
f 2564 2565 2602
f 2602 2565 2603
f 2941 2603 2565
f 2567 2566 2605
f 2605 2566 2604
f 2566 3953 2604
f 2566 3955 3953
f 2890 2567 2605
f 2568 2607 2569
f 2606 2607 2568
f 3750 2569 2607
f 3752 2569 3750
f 2571 2570 2573
f 2571 2608 2570
f 2573 2570 2572
f 2609 2608 2571
f 2575 2574 2611
f 2611 2574 2610
f 2610 2574 3294
f 2611 3175 2575
f 2576 2577 2613
f 2576 2613 2612
f 3441 2576 2612
f 3405 2576 3441
f 2579 2614 2578
f 2615 2614 2579
f 2579 3472 2615
f 2579 3404 3440
f 2579 3440 3472
f 2581 2580 2617
f 2617 2580 2616
f 2580 3117 2616
f 2582 2619 2583
f 2618 2619 2582
f 2583 2619 3153
f 2585 2620 2584
f 2621 2620 2585
f 2587 2586 2623
f 2623 2586 2622
f 3123 2622 2586
f 2623 3042 2587
f 2588 2589 2624
f 2624 3384 2588
f 2588 3384 3382
f 2624 2589 2625
f 2591 2626 2590
f 2627 2626 2591
f 2627 2591 3538
f 2592 2629 2593
f 2628 2629 2592
f 2628 2592 2926
f 2595 2594 2631
f 2631 2594 2630
f 3796 2595 2631
f 3798 2595 3796
f 2597 2632 2596
f 2633 2632 2597
f 2599 2598 2635
f 2635 2598 2634
f 2598 3360 2634
f 2601 2636 2600
f 2938 2600 2636
f 2635 2637 2601
f 2637 2636 2601
f 2602 2603 2638
f 2638 2603 2639
f 2941 2639 2603
f 2605 2604 2641
f 2641 2604 2640
f 2604 3951 2640
f 2604 3953 3951
f 2605 2641 2890
f 2642 2607 2606
f 2642 2643 2607
f 3748 2607 2643
f 3750 2607 3748
f 2609 2644 2608
f 2645 2644 2609
f 2611 2610 2647
f 2647 2610 2646
f 2646 2610 3294
f 2647 3175 2611
f 2612 2613 2649
f 2612 2649 2648
f 3473 2612 2648
f 3441 2612 3473
f 2615 2650 2614
f 2651 2650 2615
f 2615 3472 2651
f 2617 2616 2653
f 2653 2616 2652
f 2616 3117 2652
f 2618 2655 2619
f 2654 2655 2618
f 3153 2619 2655
f 2621 2656 2620
f 2657 2656 2621
f 2623 2622 2659
f 2659 2622 2658
f 3123 2658 2622
f 2659 3042 2623
f 2624 2625 2660
f 2660 3411 2624
f 2624 3411 3384
f 2660 2625 2661
f 2627 2662 2626
f 2663 2662 2627
f 3538 2663 2627
f 2628 2665 2629
f 2664 2665 2628
f 2926 2664 2628
f 2631 2630 2667
f 2667 2630 2666
f 3794 2631 2667
f 3796 2631 3794
f 2633 2668 2632
f 2669 2668 2633
f 2635 2634 2671
f 2671 2634 2670
f 2634 3390 2670
f 2634 3360 3390
f 2635 2675 2637
f 2671 2675 2635
f 2637 2674 2636
f 2938 2636 2674
f 2675 2674 2637
f 2638 2639 2678
f 2678 2639 2679
f 2679 2639 2941
f 2641 2640 2681
f 2681 2640 2680
f 2640 3949 2680
f 2640 3951 3949
f 2890 2641 2681
f 2642 2683 2643
f 2682 2683 2642
f 3746 2643 2683
f 3748 2643 3746
f 2645 2684 2644
f 2685 2684 2645
f 2647 2646 2687
f 2687 2646 2686
f 3294 2686 2646
f 2687 3175 2647
f 2648 2649 2689
f 2648 2689 2688
f 3473 2648 2688
f 2651 2690 2650
f 2691 2690 2651
f 2651 3498 2691
f 2651 3472 3498
f 2653 2652 2693
f 2693 2652 2692
f 2652 3117 2692
f 2654 2695 2655
f 2694 2695 2654
f 3153 2655 2695
f 2657 2696 2656
f 2697 2696 2657
f 2659 2658 2699
f 2699 2658 2698
f 2698 2658 3123
f 2699 3042 2659
f 2660 2661 2700
f 2700 3413 2660
f 2660 3413 3411
f 2700 2661 2701
f 2663 2702 2662
f 2703 2702 2663
f 2703 2663 3538
f 2664 2705 2665
f 2704 2705 2664
f 2926 2704 2664
f 2667 2666 2707
f 2707 2666 2706
f 3792 2667 2707
f 3794 2667 3792
f 2669 2708 2668
f 2709 2708 2669
f 2671 2670 2711
f 2711 2670 2710
f 2670 3421 2710
f 2670 3390 3421
f 2671 2673 2675
f 2671 2713 2673
f 2711 2795 2671
f 2671 2751 2713
f 2671 2795 2751
f 2673 2672 2675
f 2673 2712 2672
f 2675 2672 2674
f 2938 2674 2672
f 2672 2712 2938
f 2713 2712 2673
f 2676 2679 2677
f 2676 2677 2714
f 2678 2679 2676
f 2941 2677 2679
f 2714 2677 2715
f 2941 2715 2677
f 2681 2680 2719
f 2719 2680 2718
f 2680 3947 2718
f 2680 3949 3947
f 2890 2681 2719
f 2682 2721 2683
f 2720 2721 2682
f 3744 2683 2721
f 3746 2683 3744
f 2685 2722 2684
f 2723 2722 2685
f 2687 2686 2725
f 2725 2686 2724
f 3294 2724 2686
f 2725 3175 2687
f 2688 2689 2727
f 2688 2727 2726
f 2688 2726 3473
f 2691 2728 2690
f 2729 2728 2691
f 2691 3498 2729
f 2693 2692 2731
f 2731 2692 2730
f 2692 3117 2730
f 2694 2733 2695
f 2732 2733 2694
f 3153 2695 2733
f 2697 2734 2696
f 2735 2734 2697
f 2699 2698 2737
f 2737 2698 2736
f 2736 2698 3123
f 2737 3042 2699
f 2700 2701 2738
f 2738 3413 2700
f 2738 2701 2739
f 2703 2740 2702
f 2741 2740 2703
f 3538 2741 2703
f 2704 2743 2705
f 2742 2743 2704
f 2926 2742 2704
f 2707 2706 2745
f 2745 2706 2744
f 3790 2707 2745
f 3792 2707 3790
f 2709 2746 2708
f 2747 2746 2709
f 2711 2710 2749
f 2749 2710 2748
f 2710 3453 2748
f 2710 3421 3419
f 2710 3419 3453
f 2749 3001 2711
f 2711 2836 2795
f 2711 2883 2836
f 2711 2935 2883
f 2711 3001 2935
f 2713 2750 2712
f 2938 2712 2750
f 2751 2750 2713
f 2714 2715 2752
f 2752 2715 2753
f 2753 2715 2941
f 2716 2841 2717
f 2717 3581 2716
f 2840 2841 2716
f 3580 2943 2716
f 2716 3581 3580
f 2717 2841 2754
f 2754 3668 2717
f 2717 3668 3581
f 2719 2718 2756
f 2756 2718 2755
f 2718 3945 2755
f 2718 3947 3945
f 2719 2756 2890
f 2757 2721 2720
f 2757 2758 2721
f 3742 2721 2758
f 3744 2721 3742
f 2723 2760 2722
f 2761 2760 2723
f 2725 2724 2763
f 2763 2724 2762
f 3294 2762 2724
f 2763 3175 2725
f 2726 2727 2765
f 2726 2765 2764
f 2726 2764 3499
f 3473 2726 3499
f 2729 2766 2728
f 2767 2766 2729
f 2729 3565 2767
f 2729 3498 3530
f 2729 3530 3565
f 2731 2730 2769
f 2769 2730 2768
f 2730 3117 2768
f 2732 2773 2733
f 2772 2773 2732
f 3153 2733 2773
f 2735 2774 2734
f 2775 2774 2735
f 2737 2736 2777
f 2777 2736 2776
f 3123 2776 2736
f 2777 3042 2737
f 2738 2739 2778
f 3445 2738 2778
f 3413 2738 3445
f 2778 2739 2779
f 2741 2780 2740
f 2781 2780 2741
f 2781 2741 3538
f 2742 2783 2743
f 2782 2783 2742
f 2926 2782 2742
f 2745 2744 2785
f 2785 2744 2784
f 3788 2745 2785
f 3790 2745 3788
f 2747 2786 2746
f 2787 2786 2747
f 2749 2748 2793
f 2793 2748 2792
f 2748 3453 2792
f 2793 3099 2749
f 2749 2999 3001
f 2749 3066 2999
f 2749 3099 3066
f 2751 2794 2750
f 2938 2750 2794
f 2795 2794 2751
f 2752 2753 2796
f 2796 2753 2797
f 2941 2797 2753
f 2754 2841 2798
f 2798 3727 2754
f 2754 3727 3668
f 2756 2755 2800
f 2800 2755 2799
f 2755 3943 2799
f 2755 3945 3943
f 2890 2756 2800
f 2759 2758 2757
f 2759 2802 2758
f 3740 2758 2802
f 3742 2758 3740
f 2801 2802 2759
f 2761 2803 2760
f 2804 2803 2761
f 2763 2762 2810
f 2810 2762 2809
f 2809 2762 3294
f 2810 3175 2763
f 2764 2765 2812
f 2764 2812 2811
f 2764 2811 3499
f 2767 2813 2766
f 2814 2813 2767
f 2767 3565 2814
f 2769 2768 2771
f 2771 2768 2770
f 2768 3117 2770
f 2771 2770 2816
f 2816 2770 2815
f 2770 3117 2815
f 2772 2818 2773
f 2817 2818 2772
f 2773 2818 3153
f 2775 2819 2774
f 2820 2819 2775
f 2777 2776 2822
f 2822 2776 2821
f 3123 2821 2776
f 2822 3042 2777
f 2778 2779 2823
f 4753 2778 2823
f 3445 2778 4753
f 2823 2779 2824
f 2781 2825 2780
f 2826 2825 2781
f 3538 2826 2781
f 2782 2828 2783
f 2827 2828 2782
f 2827 2782 2926
f 2785 2784 2830
f 2830 2784 2829
f 3786 2785 2830
f 3788 2785 3786
f 2787 2788 2786
f 2789 2788 2787
f 2789 2831 2788
f 2832 2831 2789
f 2791 2792 2790
f 2791 2790 2834
f 2792 3485 2790
f 2834 2790 2833
f 2790 3485 2833
f 2793 2792 2791
f 2791 3167 2793
f 2834 3238 2791
f 2791 3203 3167
f 2791 3201 3203
f 2791 3238 3201
f 2792 3453 3485
f 2793 3130 3099
f 2793 3167 3130
f 2795 2835 2794
f 2794 2835 2938
f 2836 2835 2795
f 2796 2797 2837
f 2837 2797 2838
f 2941 2838 2797
f 3424 2839 2798
f 2839 3813 2798
f 3423 2798 2841
f 3424 2798 3423
f 2798 3813 3727
f 2800 2799 2843
f 2843 2799 2842
f 2799 3941 2842
f 2799 3943 3941
f 2800 2843 2890
f 2801 2845 2802
f 2844 2845 2801
f 2891 2844 2801
f 3738 2802 2845
f 3740 2802 3738
f 2804 2805 2803
f 2806 2805 2804
f 2806 2846 2805
f 2847 2846 2806
f 2808 2809 2807
f 2808 2807 2851
f 3372 2807 2809
f 2851 2807 2850
f 3401 2850 2807
f 3401 2807 3372
f 2810 2809 2808
f 2808 3291 2810
f 2851 3345 2808
f 2808 3345 3291
f 3348 2809 3294
f 3346 2809 3348
f 3372 2809 3346
f 2810 3212 3175
f 2810 3251 3212
f 2810 3293 3251
f 2810 3291 3293
f 2811 2812 2853
f 2811 2853 2852
f 3533 2811 2852
f 3499 2811 3531
f 3531 2811 3533
f 2814 2854 2813
f 2855 2854 2814
f 2814 3601 2855
f 2814 3565 3601
f 2816 2815 2857
f 2857 2815 2856
f 2815 3117 2856
f 2817 2859 2818
f 2858 2859 2817
f 3153 2818 2859
f 2820 2860 2819
f 2861 2860 2820
f 2822 2821 2865
f 2865 2821 2864
f 3192 2864 2821
f 3160 2821 3123
f 3192 2821 3160
f 2865 3042 2822
f 2823 2824 2866
f 2866 4753 2823
f 2866 2824 2867
f 2826 2868 2825
f 2869 2868 2826
f 3538 2869 2826
f 2827 2871 2828
f 2870 2871 2827
f 2926 2870 2827
f 2830 2829 2873
f 2873 2829 2872
f 3784 2830 2873
f 3786 2830 3784
f 2832 2874 2831
f 2875 2874 2832
f 2834 2833 2881
f 2881 2833 2880
f 2833 3511 2880
f 2833 3485 3511
f 2881 3359 2834
f 2834 3281 3238
f 2834 3279 3281
f 2834 3335 3279
f 2834 3333 3335
f 2834 3359 3333
f 2836 2882 2835
f 2938 2835 2882
f 2883 2882 2836
f 2837 2838 2884
f 2884 2838 2885
f 2885 2838 2941
f 3424 2886 2839
f 2886 3846 2839
f 2839 3846 3813
f 2939 2841 2840
f 2840 2938 2939
f 2841 2939 4658
f 3423 2841 4658
f 2843 2842 2894
f 2894 2842 2893
f 2842 3939 2893
f 2842 3941 3939
f 2890 2843 2894
f 2844 2896 2845
f 2891 2895 2844
f 2895 2896 2844
f 3736 2845 2896
f 3738 2845 3736
f 2847 2848 2846
f 2849 2848 2847
f 2849 2897 2848
f 2898 2897 2849
f 2851 2850 2904
f 2904 2850 2903
f 3527 2903 2850
f 3437 2850 3401
f 3435 2850 3437
f 3469 2850 3435
f 3467 2850 3469
f 3495 2850 3467
f 3527 2850 3495
f 2904 3432 2851
f 2851 3343 3345
f 2851 3371 3343
f 2851 3400 3371
f 2851 3399 3400
f 2851 3434 3399
f 2851 3432 3434
f 2852 2853 2907
f 2852 2907 4927
f 2852 4927 3533
f 2907 2853 2906
f 2855 2908 2854
f 2909 2908 2855
f 2855 3601 2909
f 2857 2856 2911
f 2911 2856 2910
f 2856 3117 2910
f 2858 2913 2859
f 2912 2913 2858
f 3153 2859 2913
f 2861 2862 2860
f 2863 2862 2861
f 2863 2914 2862
f 2915 2914 2863
f 2865 2864 2917
f 2917 2864 2916
f 3272 2916 2864
f 3231 2864 3192
f 3272 2864 3231
f 2917 3042 2865
f 2866 2867 2918
f 2918 4753 2866
f 2918 2867 2919
f 2869 2920 2868
f 2921 2920 2869
f 3538 2921 2869
f 2870 2923 2871
f 2922 2923 2870
f 2926 2922 2870
f 2873 2872 2925
f 2925 2872 2924
f 3782 2873 2925
f 3784 2873 3782
f 2875 2876 2874
f 2877 2876 2875
f 2877 2926 2876
f 2927 2926 2877
f 2879 2880 2878
f 2879 2878 2933
f 2880 3511 2878
f 2933 2878 2932
f 2878 3545 2932
f 2878 3511 3545
f 2881 2880 2879
f 2879 3389 2881
f 2933 3450 2879
f 2879 3387 3389
f 2879 3418 3387
f 2879 3416 3418
f 2879 3452 3416
f 2879 3450 3452
f 2881 3389 3359
f 2883 2934 2882
f 2938 2882 2934
f 2935 2934 2883
f 2884 2885 2936
f 2936 2885 2937
f 2941 2937 2885
f 3004 2886 3424
f 3004 3887 2886
f 2886 3887 3846
f 2887 6515 2888
f 6499 2887 2889
f 6499 6515 2887
f 2888 6495 2892
f 6516 6495 2888
f 2888 6515 6516
f 6500 2889 2890
f 6499 2889 6500
f 2890 2894 2945
f 2945 3006 2890
f 2890 3006 3008
f 2890 3008 3071
f 2890 3071 3104
f 3104 3135 2890
f 2890 3135 3137
f 2890 3137 3171
f 3171 3208 2890
f 2890 3208 3245
f 2890 3245 3285
f 3285 3287 2890
f 2890 3287 3339
f 3339 3363 2890
f 2890 3363 3365
f 2890 3365 3393
f 2890 3393 3426
f 3426 3456 2890
f 2890 3456 3458
f 3458 3488 2890
f 2890 3488 3514
f 3514 3516 2890
f 2890 3516 3550
f 3550 3552 2890
f 2890 3552 3583
f 2890 3583 3585
f 2890 3585 3623
f 3623 3625 2890
f 2890 3625 3670
f 3670 6048 2890
f 2890 6048 6072
f 2890 6072 6094
f 2890 6094 6500
f 2892 6492 2891
f 2891 2946 2895
f 3009 2946 2891
f 3072 3009 2891
f 2891 3105 3072
f 2891 3138 3105
f 2891 3172 3138
f 3209 3172 2891
f 2891 3246 3209
f 3248 3246 2891
f 2891 3288 3248
f 3341 3288 2891
f 2891 3366 3341
f 3368 3366 2891
f 2891 3394 3368
f 2891 3396 3394
f 2891 3427 3396
f 2891 3429 3427
f 2891 3459 3429
f 3461 3459 2891
f 2891 3489 3461
f 2891 3491 3489
f 2891 3517 3491
f 2891 3519 3517
f 3553 3519 2891
f 5961 3553 2891
f 2891 5987 5961
f 5989 5987 2891
f 2891 6033 5989
f 6497 6033 2891
f 2891 6492 6497
f 6495 6492 2892
f 2894 2893 2945
f 2945 2893 2944
f 2893 3937 2944
f 2893 3939 3937
f 2946 2896 2895
f 2946 2947 2896
f 3680 2896 2947
f 3736 2896 3680
f 2898 2899 2897
f 2897 2899 3763
f 2897 3763 3822
f 3822 3820 2897
f 2900 2899 2898
f 2898 3593 2900
f 3636 3593 2898
f 2898 3634 3636
f 2900 2948 2899
f 3763 2899 2948
f 2949 2948 2900
f 2900 3593 2949
f 2902 2903 2901
f 2902 2901 2957
f 3638 2901 2903
f 2957 2901 2956
f 3693 2956 2901
f 3693 2901 3638
f 2904 2903 2902
f 2902 3524 2904
f 2957 3522 2902
f 2902 3522 3524
f 3525 2903 3527
f 3562 2903 3525
f 3598 2903 3562
f 3596 2903 3598
f 3640 2903 3596
f 3638 2903 3640
f 2904 3466 3432
f 2904 3464 3466
f 2904 3494 3464
f 2904 3524 3494
f 2907 2906 2905
f 2905 2906 2958
f 4925 2907 2905
f 4923 2905 2958
f 4925 2905 4923
f 2958 2906 2959
f 4927 2907 4925
f 2909 2960 2908
f 2961 2960 2909
f 2909 3643 2961
f 2909 3601 3643
f 2911 2910 2963
f 2963 2910 2962
f 2910 3117 2962
f 2912 2965 2913
f 2964 2965 2912
f 3153 2913 2965
f 2915 2966 2914
f 2967 2966 2915
f 2917 2916 2973
f 2973 2916 2972
f 2972 2916 3272
f 2973 3042 2917
f 2918 2919 2976
f 2976 4753 2918
f 2976 2919 2977
f 2921 2978 2920
f 2979 2978 2921
f 3538 2979 2921
f 2922 2981 2923
f 2926 2980 2922
f 2980 2981 2922
f 2925 2924 2983
f 2983 2924 2982
f 3714 2925 2983
f 3782 2925 3714
f 2927 2928 2926
f 2928 3568 2926
f 2926 3045 2980
f 3094 3045 2926
f 2926 3125 3094
f 2926 3162 3125
f 3194 3162 2926
f 2926 3233 3194
f 2926 3274 3233
f 3326 3274 2926
f 2926 3354 3326
f 2926 3380 3354
f 3407 3380 2926
f 2926 3409 3407
f 2926 3443 3409
f 2926 3475 3443
f 2926 3501 3475
f 3535 3501 2926
f 2926 3537 3535
f 2926 3568 3537
f 2929 2928 2927
f 3663 2929 2927
f 2929 2986 2928
f 2986 3703 2928
f 2928 3606 3568
f 2928 3648 3606
f 2928 3650 3648
f 2928 3703 3650
f 2987 2986 2929
f 3663 2987 2929
f 2931 2932 2930
f 2931 2930 2997
f 2932 3543 2930
f 2997 2930 2996
f 2930 3578 2996
f 2930 3543 3578
f 2933 2932 2931
f 2931 3484 2933
f 2997 3542 2931
f 2931 3482 3484
f 2931 3510 3482
f 2931 3508 3510
f 2931 3542 3508
f 2932 3545 3543
f 2933 3484 3450
f 2935 3000 2934
f 2934 3000 2938
f 3001 3000 2935
f 2936 2937 3002
f 3003 2937 2941
f 3002 2937 3003
f 2938 4754 2939
f 2938 3000 2998
f 2938 2998 3065
f 2938 3065 3098
f 2938 3098 3129
f 3129 3166 2938
f 2938 3166 3202
f 3202 3200 2938
f 2938 3200 3237
f 2938 3237 3280
f 2938 3280 3278
f 3278 3334 2938
f 2938 3334 3332
f 3332 3358 2938
f 2938 3358 3388
f 3388 3386 2938
f 2938 3386 3417
f 3417 3415 2938
f 2938 3415 3451
f 3451 3449 2938
f 2938 3449 3483
f 3483 3481 2938
f 2938 3481 3509
f 3509 3507 2938
f 2938 3507 3541
f 2938 3541 4753
f 4753 4754 2938
f 4658 2939 4754
f 2940 4808 2941
f 2942 4807 2940
f 4807 4808 2940
f 2941 3068 3003
f 2941 3101 3068
f 3132 3101 2941
f 2941 3169 3132
f 2941 3205 3169
f 3242 3205 2941
f 2941 3240 3242
f 2941 3283 3240
f 2941 3337 3283
f 3361 3337 2941
f 2941 3391 3361
f 2941 3422 3391
f 2941 3420 3422
f 3454 3420 2941
f 2941 3486 3454
f 2941 3512 3486
f 2941 3546 3512
f 2941 3544 3546
f 2941 3579 3544
f 3621 3579 2941
f 2941 3619 3621
f 4808 3619 2941
f 3580 2942 2943
f 5113 2942 3580
f 2942 5333 4807
f 5113 5903 2942
f 6515 5333 2942
f 5903 6515 2942
f 2945 2944 3006
f 3006 2944 3005
f 2944 3892 3005
f 2944 3894 3892
f 2944 3937 3894
f 3009 2947 2946
f 3009 3010 2947
f 3678 2947 3010
f 3680 2947 3678
f 2949 2950 2948
f 3763 2948 2950
f 2951 2950 2949
f 2949 3593 2951
f 2951 2952 2950
f 2950 2952 3763
f 2953 2952 2951
f 2951 3593 2953
f 2953 3011 2952
f 2952 3011 3763
f 3012 3011 2953
f 2953 3593 3012
f 2955 2956 2954
f 2955 2954 3026
f 3763 2954 2956
f 3026 2954 3025
f 3025 2954 3763
f 2957 2956 2955
f 2955 3595 2957
f 3026 3593 2955
f 2955 3593 3595
f 3689 2956 3691
f 3765 2956 3689
f 3691 2956 3693
f 3763 2956 3765
f 2957 3561 3522
f 2957 3557 3559
f 2957 3595 3557
f 2957 3559 3561
f 2958 2959 3027
f 4975 2958 3027
f 4923 2958 4977
f 4977 2958 4975
f 3027 2959 3028
f 2961 3029 2960
f 3030 3029 2961
f 2961 3696 3030
f 2961 3643 3696
f 2963 2962 3032
f 3032 2962 3031
f 2962 3117 3031
f 2964 3034 2965
f 3033 3034 2964
f 3153 2965 3034
f 2967 2968 2966
f 2969 2968 2967
f 2969 3037 2968
f 3038 3037 2969
f 2971 2972 2970
f 2971 2970 3040
f 3272 2970 2972
f 3040 2970 3039
f 3272 3039 2970
f 2973 2972 2971
f 2971 3042 2973
f 3040 3042 2971
f 2974 2977 2975
f 2974 2975 3041
f 2976 2977 2974
f 2974 4753 2976
f 3041 4753 2974
f 3041 2975 3042
f 2979 3043 2978
f 3044 3043 2979
f 3538 3044 2979
f 2980 3046 2981
f 3045 3046 2980
f 2983 2982 2985
f 2985 2982 2984
f 3714 2983 2985
f 2985 2984 3048
f 3048 2984 3047
f 3712 2985 3048
f 3714 2985 3712
f 2987 2988 2986
f 2988 3705 2986
f 2986 3705 3703
f 2989 2988 2987
f 3663 2989 2987
f 2989 2990 2988
f 2990 3836 2988
f 2988 3777 3705
f 2988 3779 3777
f 2988 3834 3779
f 2988 3836 3834
f 2991 2990 2989
f 2991 2989 3663
f 2991 3049 2990
f 3049 3873 2990
f 2990 3838 3836
f 2990 3869 3838
f 2990 3871 3869
f 2990 3873 3871
f 3050 3049 2991
f 3663 3050 2991
f 2993 2994 2992
f 2993 2992 3064
f 2994 3618 2992
f 3064 2992 3063
f 2992 3618 3063
f 2995 2994 2993
f 2993 3613 2995
f 3663 2993 3064
f 3613 2993 3663
f 2995 2996 2994
f 2996 3578 2994
f 2994 3578 3620
f 2994 3620 3618
f 2997 2996 2995
f 2995 3542 2997
f 2995 3577 3542
f 2995 3575 3577
f 2995 3617 3575
f 2995 3613 3615
f 2995 3615 3617
f 2999 2998 3001
f 2999 3065 2998
f 3001 2998 3000
f 3066 3065 2999
f 3002 3003 3067
f 3067 3003 3068
f 3424 3069 3004
f 3069 3936 3004
f 3004 3936 3887
f 3006 3005 3008
f 3008 3005 3007
f 3005 3890 3007
f 3005 3892 3890
f 3008 3007 3071
f 3071 3007 3070
f 3007 3890 3070
f 3072 3010 3009
f 3072 3073 3010
f 3676 3010 3073
f 3678 3010 3676
f 3012 3013 3011
f 3763 3011 3013
f 3014 3013 3012
f 3012 3593 3014
f 3014 3015 3013
f 3763 3013 3015
f 3016 3015 3014
f 3014 3593 3016
f 3016 3017 3015
f 3015 3017 3763
f 3018 3017 3016
f 3016 3593 3018
f 3018 3019 3017
f 3017 3019 3763
f 3020 3019 3018
f 3018 3593 3020
f 3020 3021 3019
f 3763 3019 3021
f 3022 3021 3020
f 3020 3593 3022
f 3022 3023 3021
f 3763 3021 3023
f 3024 3023 3022
f 3022 3593 3024
f 3024 3025 3023
f 3763 3023 3025
f 3026 3025 3024
f 3024 3593 3026
f 3027 3028 3077
f 3027 3077 3076
f 4973 3027 3076
f 4975 3027 4973
f 3030 3078 3029
f 3079 3078 3030
f 3030 3698 3079
f 3030 3696 3698
f 3032 3031 3081
f 3081 3031 3080
f 3031 3117 3080
f 3033 3036 3034
f 3035 3036 3033
f 3153 3034 3036
f 3035 3085 3036
f 3084 3085 3035
f 3036 3085 3153
f 3038 3086 3037
f 3087 3086 3038
f 3040 3039 3091
f 3091 3039 3090
f 3272 3090 3039
f 3091 3042 3040
f 3041 3042 4657
f 4657 4753 3041
f 3122 3042 3091
f 3120 3042 3122
f 3159 3042 3120
f 3159 3919 3042
f 3919 4657 3042
f 3044 3092 3043
f 3093 3092 3044
f 3538 3093 3044
f 3045 3095 3046
f 3094 3095 3045
f 3048 3047 3097
f 3097 3047 3096
f 3710 3048 3097
f 3712 3048 3710
f 3050 3051 3049
f 3051 3920 3049
f 3049 3875 3873
f 3049 3920 3875
f 3052 3051 3050
f 3663 3052 3050
f 3052 3053 3051
f 3053 4003 3051
f 3051 3922 3920
f 3051 3924 3922
f 3051 3926 3924
f 3051 4003 3926
f 3054 3053 3052
f 3663 3054 3052
f 3054 3055 3053
f 3055 4011 3053
f 3053 4005 4003
f 3053 4007 4005
f 3053 4009 4007
f 3053 4011 4009
f 3056 3055 3054
f 3056 3054 3663
f 3056 3057 3055
f 3057 4019 3055
f 3055 4013 4011
f 3055 4015 4013
f 3055 4017 4015
f 3055 4019 4017
f 3058 3057 3056
f 3058 3056 3663
f 3058 3059 3057
f 3059 3664 3057
f 3057 3664 3725
f 3057 3725 3723
f 3723 3811 3057
f 3811 3809 3057
f 3057 3809 3844
f 3057 3842 3840
f 3057 3840 3883
f 3057 3844 3842
f 3879 3877 3057
f 3057 3877 3934
f 3057 3881 3879
f 3883 3881 3057
f 3930 3928 3057
f 3057 3928 4033
f 3057 3932 3930
f 3057 3934 3932
f 3057 4021 4019
f 3057 4023 4021
f 4025 4023 3057
f 3057 4027 4025
f 4029 4027 3057
f 3057 4031 4029
f 3057 4033 4031
f 3060 3059 3058
f 3663 3060 3058
f 3060 3061 3059
f 3061 3666 3059
f 3059 3666 3664
f 3062 3061 3060
f 3663 3062 3060
f 3062 3063 3061
f 3063 3618 3061
f 3061 3618 3666
f 3064 3063 3062
f 3663 3064 3062
f 3066 3098 3065
f 3099 3098 3066
f 3067 3068 3100
f 3100 3068 3101
f 3424 3102 3069
f 3102 4039 3069
f 3069 4039 3936
f 3071 3070 3104
f 3104 3070 3103
f 3070 3888 3103
f 3070 3890 3888
f 3072 3106 3073
f 3105 3106 3072
f 3631 3073 3106
f 3674 3073 3631
f 3676 3073 3674
f 3076 3075 3074
f 3074 3075 3107
f 4973 3076 3074
f 4971 3074 3107
f 4973 3074 4971
f 3076 3077 3075
f 3107 3075 3108
f 3079 3109 3078
f 3110 3109 3079
f 3079 3768 3110
f 3079 3698 3768
f 3081 3080 3083
f 3083 3080 3082
f 3080 3117 3082
f 3083 3082 3112
f 3112 3082 3111
f 3082 3117 3111
f 3084 3114 3085
f 3113 3114 3084
f 3153 3085 3114
f 3087 3088 3086
f 3089 3088 3087
f 3089 3115 3088
f 3116 3115 3089
f 3091 3090 3122
f 3122 3090 3121
f 3272 3121 3090
f 3093 3123 3092
f 3124 3123 3093
f 3124 3093 4808
f 3569 3093 3538
f 4808 3093 3569
f 3094 3126 3095
f 3125 3126 3094
f 3097 3096 3128
f 3128 3096 3127
f 3657 3097 3128
f 3708 3097 3657
f 3710 3097 3708
f 3099 3129 3098
f 3130 3129 3099
f 3100 3101 3131
f 3131 3101 3132
f 3133 3102 3424
f 3133 4044 3102
f 3102 4044 4039
f 3104 3103 3135
f 3135 3103 3134
f 3103 3851 3134
f 3103 3888 3851
f 3105 3139 3106
f 3138 3139 3105
f 3629 3106 3139
f 3631 3106 3629
f 3107 3108 3143
f 3107 3143 3142
f 5001 3107 3142
f 4971 3107 5003
f 5003 3107 5001
f 3110 3144 3109
f 3145 3144 3110
f 3110 3770 3145
f 3110 3768 3770
f 3112 3111 3147
f 3111 3117 3146
f 3147 3111 3146
f 3113 3149 3114
f 3148 3149 3113
f 3153 3114 3149
f 3116 3117 3115
f 3118 3117 3116
f 3118 3152 3117
f 3146 3117 3180
f 3769 3117 3152
f 3180 3117 3215
f 3215 3117 3256
f 3256 3117 3296
f 3296 3117 3298
f 3298 3117 3350
f 3350 3117 3374
f 3374 3117 3376
f 3376 3117 3403
f 3403 3117 3439
f 3439 3117 3471
f 3471 3117 3497
f 3497 3117 3529
f 3529 3117 3564
f 3564 3117 3600
f 3600 3117 3642
f 3642 3117 3695
f 3695 3117 3697
f 3697 3117 3767
f 3767 3117 3769
f 3153 3152 3118
f 3120 3121 3119
f 3120 3119 3159
f 3272 3119 3121
f 3159 3119 3158
f 3158 3119 3272
f 3122 3121 3120
f 3124 3160 3123
f 3161 3160 3124
f 4808 3161 3124
f 3125 3163 3126
f 3162 3163 3125
f 3128 3127 3165
f 3165 3127 3164
f 3655 3128 3165
f 3657 3128 3655
f 3130 3166 3129
f 3167 3166 3130
f 3131 3132 3168
f 3168 3132 3169
f 3424 3206 3133
f 3206 4049 3133
f 3133 4049 4044
f 3135 3134 3137
f 3137 3134 3136
f 3134 3849 3136
f 3134 3851 3849
f 3137 3136 3171
f 3171 3136 3170
f 3136 3849 3170
f 3138 3173 3139
f 3172 3173 3138
f 3627 3139 3173
f 3629 3139 3627
f 3142 3141 3140
f 3140 3141 3174
f 5001 3142 3140
f 4999 3140 3174
f 5001 3140 4999
f 3142 3143 3141
f 3174 3141 3175
f 3145 3178 3144
f 3179 3178 3145
f 3145 4884 3179
f 4886 3145 3770
f 4884 3145 4886
f 3147 3146 3181
f 3181 3146 3180
f 3148 3151 3149
f 3150 3151 3148
f 3153 3149 3151
f 3150 3183 3151
f 3182 3183 3150
f 3151 3183 3153
f 3153 3154 3152
f 3152 3154 4071
f 3769 3152 3824
f 3824 3152 3826
f 3826 3152 3859
f 3859 3152 3861
f 3861 3152 3904
f 3904 3152 3906
f 3906 3152 3967
f 3967 3152 3969
f 3969 3152 4035
f 4035 3152 4037
f 4037 3152 4040
f 4040 3152 4042
f 4042 3152 4045
f 4045 3152 4047
f 4047 3152 4050
f 4050 3152 4052
f 4052 3152 4054
f 4054 3152 4056
f 4056 3152 4058
f 4058 3152 4061
f 4061 3152 4063
f 4063 3152 4065
f 4065 3152 4073
f 4067 3152 4069
f 4089 3152 4067
f 4069 3152 4071
f 4073 3152 4075
f 4075 3152 4077
f 4077 3152 4079
f 4079 3152 4081
f 4081 3152 4091
f 4083 3152 4085
f 4123 3152 4083
f 4085 3152 4087
f 4087 3152 4089
f 4091 3152 4093
f 4093 3152 4095
f 4095 3152 4097
f 4097 3152 4099
f 4099 3152 4101
f 4101 3152 4103
f 4103 3152 4105
f 4105 3152 4107
f 4107 3152 4109
f 4109 3152 4111
f 4111 3152 4113
f 4113 3152 4115
f 4115 3152 4117
f 4117 3152 4119
f 4119 3152 4121
f 4121 3152 4123
f 3155 3154 3153
f 3153 3567 3155
f 3153 3183 3218
f 3218 3220 3153
f 3153 3220 3259
f 3259 3301 3153
f 3153 3301 3303
f 3153 3303 3353
f 3153 3353 3379
f 3379 3406 3153
f 3153 3406 3442
f 3153 3442 3474
f 3153 3474 3500
f 3500 3532 3153
f 3153 3532 3534
f 3153 3534 3567
f 3155 3184 3154
f 4071 3154 3184
f 3185 3184 3155
f 3155 3605 3185
f 3155 3567 3603
f 3155 3603 3605
f 3157 3158 3156
f 3157 3156 3191
f 3156 3158 4071
f 3191 3156 3190
f 4071 3190 3156
f 3159 3158 3157
f 3157 3919 3159
f 3191 3919 3157
f 4071 3158 3272
f 3161 3192 3160
f 3193 3192 3161
f 3193 3161 4808
f 3162 3195 3163
f 3194 3195 3162
f 3165 3164 3197
f 3197 3164 3196
f 3653 3165 3197
f 3655 3165 3653
f 3167 3202 3166
f 3203 3202 3167
f 3168 3169 3204
f 3204 3169 3205
f 3171 3170 3208
f 3208 3170 3207
f 3170 3847 3207
f 3170 3849 3847
f 3209 3173 3172
f 3209 3210 3173
f 3589 3173 3210
f 3591 3173 3589
f 3627 3173 3591
f 3174 3175 3211
f 5029 3174 3211
f 4999 3174 5031
f 5031 3174 5029
f 3211 3175 3212
f 3177 3176 3179
f 3177 3213 3176
f 3179 3176 3178
f 3179 4882 3177
f 3214 3213 3177
f 3177 4904 3214
f 3177 4882 4904
f 3179 4884 4882
f 3181 3180 3216
f 3216 3180 3215
f 3182 3218 3183
f 3217 3218 3182
f 3185 3186 3184
f 4071 3184 3186
f 3187 3186 3185
f 3185 3645 3187
f 3185 3605 3645
f 3187 3221 3186
f 4071 3186 3221
f 3222 3221 3187
f 3187 3700 3222
f 3187 3645 3647
f 3187 3647 3700
f 3189 3190 3188
f 3189 3188 3230
f 4071 3188 3190
f 3230 3188 3229
f 4071 3229 3188
f 3191 3190 3189
f 3189 3919 3191
f 3230 3919 3189
f 3193 3231 3192
f 3232 3231 3193
f 4808 3232 3193
f 3194 3234 3195
f 3233 3234 3194
f 3197 3196 3199
f 3199 3196 3198
f 3611 3197 3199
f 3653 3197 3611
f 3199 3198 3236
f 3236 3198 3235
f 3609 3199 3236
f 3611 3199 3609
f 3201 3200 3203
f 3201 3237 3200
f 3203 3200 3202
f 3238 3237 3201
f 3204 3205 3241
f 3241 3205 3242
f 3424 3243 3206
f 3243 4060 3206
f 3206 4060 4049
f 3208 3207 3245
f 3245 3207 3244
f 3207 3816 3244
f 3207 3818 3816
f 3207 3847 3818
f 3209 3247 3210
f 3246 3247 3209
f 3587 3210 3247
f 3589 3210 3587
f 3211 3212 3251
f 3211 3251 3250
f 5027 3211 3250
f 5029 3211 5027
f 3214 3254 3213
f 3255 3254 3214
f 3214 4902 3255
f 3214 4904 4902
f 3216 3215 3257
f 3257 3215 3256
f 3217 3220 3218
f 3219 3220 3217
f 3219 3259 3220
f 3258 3259 3219
f 3222 3223 3221
f 3221 3223 4071
f 3224 3223 3222
f 3222 3702 3224
f 3222 3700 3702
f 3224 3225 3223
f 4071 3223 3225
f 3226 3225 3224
f 3224 3776 3226
f 3224 3702 3772
f 3224 3772 3774
f 3224 3774 3776
f 3226 3260 3225
f 3225 3260 4071
f 3261 3260 3226
f 3226 3831 3261
f 3226 3776 3829
f 3226 3829 3831
f 3228 3229 3227
f 3228 3227 3271
f 4071 3227 3229
f 3271 3227 3270
f 4071 3270 3227
f 3230 3229 3228
f 3228 3919 3230
f 3271 3919 3228
f 3232 3272 3231
f 3273 3272 3232
f 3273 3232 4808
f 3233 3275 3234
f 3274 3275 3233
f 3236 3235 3277
f 3277 3235 3276
f 3573 3236 3277
f 3609 3236 3573
f 3238 3280 3237
f 3281 3280 3238
f 3239 3242 3240
f 3239 3240 3282
f 3241 3242 3239
f 3282 3240 3283
f 4668 3243 3424
f 3243 6503 4060
f 3243 4668 5236
f 3243 5236 6479
f 6479 6503 3243
f 3245 3244 3285
f 3285 3244 3284
f 3244 3814 3284
f 3244 3816 3814
f 3248 3247 3246
f 3248 3249 3247
f 3554 3247 3249
f 3556 3247 3554
f 3587 3247 3556
f 3288 3249 3248
f 3288 3289 3249
f 3554 3249 3289
f 3250 3251 3292
f 5051 3250 3292
f 5027 3250 5053
f 5053 3250 5051
f 3292 3251 3293
f 3253 3252 3255
f 3253 3294 3252
f 3255 3252 3254
f 3255 4900 3253
f 3295 3294 3253
f 3253 4922 3295
f 3253 4900 4922
f 3255 4902 4900
f 3257 3256 3297
f 3297 3256 3296
f 3258 3301 3259
f 3300 3301 3258
f 3261 3262 3260
f 4071 3260 3262
f 3263 3262 3261
f 3261 3833 3263
f 3261 3831 3833
f 3263 3264 3262
f 3262 3264 4071
f 3265 3264 3263
f 3263 3868 3265
f 3263 3833 3864
f 3263 3864 3866
f 3263 3866 3868
f 3265 3304 3264
f 3264 3304 4071
f 3305 3304 3265
f 3265 3909 3305
f 3265 3868 3909
f 3267 3268 3266
f 3267 3266 3325
f 4071 3266 3268
f 3325 3266 3324
f 4071 3324 3266
f 3269 3268 3267
f 3267 3919 3269
f 3325 3919 3267
f 3269 3270 3268
f 3268 3270 4071
f 3271 3270 3269
f 3269 3919 3271
f 4808 3272 3273
f 4071 3272 4807
f 4807 3272 4808
f 3274 3327 3275
f 3326 3327 3274
f 3277 3276 3329
f 3329 3276 3328
f 3571 3277 3329
f 3573 3277 3571
f 3279 3278 3281
f 3279 3334 3278
f 3281 3278 3280
f 3335 3334 3279
f 3282 3283 3336
f 3336 3283 3337
f 3285 3284 3287
f 3287 3284 3286
f 3284 3730 3286
f 3284 3732 3730
f 3284 3814 3732
f 3287 3286 3339
f 3339 3286 3338
f 3286 3730 3338
f 3288 3340 3289
f 3341 3340 3288
f 3520 3289 3340
f 3554 3289 3520
f 3290 3293 3291
f 3290 3291 3344
f 3292 3293 3290
f 5051 3292 3290
f 5077 3290 3344
f 5051 3290 5077
f 3344 3291 3345
f 3295 3348 3294
f 3349 3348 3295
f 3295 4920 3349
f 3295 4922 4920
f 3297 3296 3299
f 3299 3296 3298
f 3299 3298 3351
f 3351 3298 3350
f 3300 3303 3301
f 3302 3303 3300
f 3302 3353 3303
f 3352 3353 3302
f 3305 3306 3304
f 4071 3304 3306
f 3307 3306 3305
f 3305 3911 3307
f 3305 3909 3911
f 3307 3308 3306
f 4071 3306 3308
f 3309 3308 3307
f 3307 3972 3309
f 3307 3911 3913
f 3307 3913 3915
f 3307 3915 3972
f 3309 3310 3308
f 4071 3308 3310
f 3311 3310 3309
f 3309 3976 3311
f 3309 3972 3974
f 3309 3974 3976
f 3311 3312 3310
f 3310 3312 4071
f 3313 3312 3311
f 3311 3980 3313
f 3311 3976 3978
f 3311 3978 3980
f 3313 3314 3312
f 3312 3314 4071
f 3315 3314 3313
f 3313 3984 3315
f 3313 3980 3982
f 3313 3982 3984
f 3315 3316 3314
f 4071 3314 3316
f 3317 3316 3315
f 3315 3988 3317
f 3315 3984 3986
f 3315 3986 3988
f 3317 3318 3316
f 4071 3316 3318
f 3319 3318 3317
f 3317 3992 3319
f 3317 3988 3990
f 3317 3990 3992
f 3319 3320 3318
f 4071 3318 3320
f 3321 3320 3319
f 3319 3996 3321
f 3319 3992 3994
f 3319 3994 3996
f 3321 3322 3320
f 3320 3322 4071
f 3323 3322 3321
f 3321 4000 3323
f 3321 3996 3998
f 3321 3998 4000
f 3323 3324 3322
f 3322 3324 4071
f 3325 3324 3323
f 3323 3919 3325
f 3323 3917 3919
f 3323 4002 3917
f 3323 4000 4002
f 3326 3355 3327
f 3354 3355 3326
f 3329 3328 3331
f 3331 3328 3330
f 3540 3329 3331
f 3571 3329 3540
f 3331 3330 3357
f 3357 3330 3356
f 3540 3331 3357
f 3333 3332 3335
f 3333 3358 3332
f 3335 3332 3334
f 3359 3358 3333
f 3336 3337 3360
f 3360 3337 3361
f 3339 3338 3363
f 3363 3338 3362
f 3338 3671 3362
f 3338 3728 3671
f 3338 3730 3728
f 3341 3342 3340
f 3520 3340 3342
f 3366 3342 3341
f 3366 3367 3342
f 3492 3342 3367
f 3518 3342 3492
f 3520 3342 3518
f 3344 3345 3343
f 3344 3343 3370
f 3370 3343 3371
f 5077 3344 3370
f 3347 3346 3349
f 3347 3372 3346
f 3349 3346 3348
f 3349 4918 3347
f 3373 3372 3347
f 3347 4970 3373
f 3347 4918 4970
f 3349 4920 4918
f 3351 3350 3375
f 3375 3350 3374
f 3352 3379 3353
f 3378 3379 3352
f 3354 3381 3355
f 3380 3381 3354
f 3357 3356 3383
f 3383 3356 3382
f 3506 3357 3383
f 3540 3357 3506
f 3359 3388 3358
f 3389 3388 3359
f 3360 3361 3390
f 3390 3361 3391
f 3363 3362 3365
f 3365 3362 3364
f 3362 3669 3364
f 3362 3671 3669
f 3365 3364 3393
f 3393 3364 3392
f 3364 3669 3392
f 3368 3367 3366
f 3368 3369 3367
f 3490 3367 3369
f 3492 3367 3490
f 3368 3395 3369
f 3394 3395 3368
f 3490 3369 3395
f 3370 3371 3400
f 3370 3400 3398
f 5097 3370 3398
f 5077 3370 5075
f 5075 3370 5099
f 5099 3370 5097
f 3373 3401 3372
f 3402 3401 3373
f 3373 4968 3402
f 3373 4970 4968
f 3375 3374 3377
f 3377 3374 3376
f 3377 3376 3404
f 3404 3376 3403
f 3378 3406 3379
f 3405 3406 3378
f 3380 3408 3381
f 3407 3408 3380
f 3383 3382 3385
f 3385 3382 3384
f 3506 3383 3385
f 3385 3384 3412
f 3412 3384 3411
f 3504 3385 3412
f 3506 3385 3504
f 3387 3386 3389
f 3387 3417 3386
f 3389 3386 3388
f 3418 3417 3387
f 3390 3391 3421
f 3421 3391 3422
f 3393 3392 3426
f 3426 3392 3425
f 3392 3622 3425
f 3392 3624 3622
f 3392 3669 3624
f 3396 3395 3394
f 3396 3397 3395
f 3460 3395 3397
f 3462 3395 3460
f 3490 3395 3462
f 3396 3428 3397
f 3427 3428 3396
f 3460 3397 3428
f 3398 3400 3399
f 3398 3399 3433
f 5121 3398 3433
f 5097 3398 5123
f 5123 3398 5121
f 3433 3399 3434
f 3402 3437 3401
f 3438 3437 3402
f 3402 4996 3438
f 3402 4968 4998
f 3402 4998 4996
f 3404 3403 3440
f 3440 3403 3439
f 3405 3442 3406
f 3441 3442 3405
f 3407 3410 3408
f 3409 3410 3407
f 3409 3444 3410
f 3443 3444 3409
f 3412 3411 3414
f 3414 3411 3413
f 3480 3412 3414
f 3504 3412 3480
f 3414 3413 3446
f 3446 3413 3445
f 3478 3414 3446
f 3480 3414 3478
f 3416 3415 3418
f 3416 3451 3415
f 3418 3415 3417
f 3452 3451 3416
f 3419 3422 3420
f 3419 3420 3453
f 3421 3422 3419
f 3453 3420 3454
f 3423 3547 3424
f 3423 4789 3547
f 3423 4658 4659
f 4659 4789 3423
f 3424 3547 3548
f 3424 3548 4668
f 3426 3425 3456
f 3456 3425 3455
f 3425 3584 3455
f 3425 3622 3584
f 3427 3430 3428
f 3429 3430 3427
f 3460 3428 3430
f 3459 3430 3429
f 3459 3460 3430
f 3431 3434 3432
f 3431 3432 3465
f 3433 3434 3431
f 5121 3433 3431
f 5139 3431 3465
f 5121 3431 5141
f 5141 3431 5139
f 3465 3432 3466
f 3436 3435 3438
f 3436 3469 3435
f 3438 3435 3437
f 3438 4996 3436
f 3470 3469 3436
f 3436 5026 3470
f 3436 4996 5026
f 3440 3439 3472
f 3472 3439 3471
f 3441 3474 3442
f 3473 3474 3441
f 3443 3476 3444
f 3475 3476 3443
f 3446 3445 3448
f 3448 3445 3447
f 4753 3447 3445
f 3478 3446 3448
f 3448 3447 3478
f 3478 3447 3477
f 4753 3477 3447
f 3450 3449 3452
f 3450 3483 3449
f 3452 3449 3451
f 3484 3483 3450
f 3453 3454 3485
f 3485 3454 3486
f 3456 3455 3458
f 3458 3455 3457
f 3455 3584 3457
f 3458 3457 3488
f 3488 3457 3487
f 3457 3551 3487
f 3457 3582 3551
f 3457 3584 3582
f 3459 3462 3460
f 3461 3462 3459
f 3489 3462 3461
f 3489 3490 3462
f 3463 3466 3464
f 3463 3464 3494
f 3465 3466 3463
f 5139 3465 3463
f 3463 3494 3493
f 5157 3463 3493
f 5139 3463 5159
f 5159 3463 5157
f 3468 3467 3470
f 3468 3495 3467
f 3470 3467 3469
f 3470 5024 3468
f 3496 3495 3468
f 3468 5050 3496
f 3468 5024 5050
f 3470 5026 5024
f 3472 3471 3498
f 3498 3471 3497
f 3473 3500 3474
f 3499 3500 3473
f 3475 3502 3476
f 3501 3502 3475
f 3478 3477 3480
f 3480 3477 3479
f 4753 3479 3477
f 3480 3479 3504
f 3504 3479 3503
f 4753 3503 3479
f 3482 3481 3484
f 3482 3509 3481
f 3484 3481 3483
f 3510 3509 3482
f 3485 3486 3511
f 3511 3486 3512
f 3488 3487 3514
f 3514 3487 3513
f 3487 3515 3513
f 3487 3549 3515
f 3487 3551 3549
f 3491 3490 3489
f 3491 3492 3490
f 3491 3518 3492
f 3517 3518 3491
f 3493 3494 3524
f 3493 3524 3523
f 5177 3493 3523
f 5157 3493 5179
f 5179 3493 5177
f 3496 3527 3495
f 3528 3527 3496
f 3496 5048 3528
f 3496 5050 5048
f 3498 3497 3530
f 3530 3497 3529
f 3499 3532 3500
f 3531 3532 3499
f 3501 3536 3502
f 3535 3536 3501
f 3504 3503 3506
f 3506 3503 3505
f 3505 3503 4753
f 3506 3505 3540
f 3540 3505 3539
f 3539 3505 4753
f 3508 3507 3510
f 3508 3541 3507
f 3510 3507 3509
f 3542 3541 3508
f 3511 3512 3545
f 3545 3512 3546
f 3514 3513 3516
f 3516 3513 3515
f 3516 3515 3550
f 3550 3515 3549
f 3519 3518 3517
f 3519 3520 3518
f 3553 3520 3519
f 3553 3554 3520
f 3523 3522 3521
f 3521 3522 3560
f 5197 3523 3521
f 5217 3521 3560
f 5197 3521 5195
f 5195 3521 5217
f 3523 3524 3522
f 3560 3522 3561
f 5177 3523 5197
f 3526 3525 3528
f 3526 3562 3525
f 3528 3525 3527
f 5074 3526 3528
f 3563 3562 3526
f 3526 5072 3563
f 5072 3526 5074
f 3528 5048 5074
f 3530 3529 3565
f 3565 3529 3564
f 3531 3534 3532
f 3533 3534 3531
f 3533 3567 3534
f 3566 3567 3533
f 3533 4929 3566
f 3533 4927 4929
f 3535 3538 3536
f 3537 3538 3535
f 3537 3569 3538
f 3568 3569 3537
f 3540 3539 3571
f 3571 3539 3570
f 3570 3539 4753
f 3542 3576 3541
f 3541 3576 4753
f 3577 3576 3542
f 3543 3546 3544
f 3543 3544 3578
f 3545 3546 3543
f 3578 3544 3579
f 3547 4178 3548
f 3547 4177 4178
f 4203 4177 3547
f 3547 4195 4197
f 3547 4221 4195
f 4197 4198 3547
f 3547 4198 4199
f 3547 4199 4200
f 4200 4201 3547
f 3547 4201 4202
f 3547 4202 4203
f 4217 4219 3547
f 3547 4235 4217
f 3547 4219 4220
f 3547 4220 4221
f 3547 4231 4233
f 3547 4247 4231
f 4233 4234 3547
f 3547 4234 4235
f 3547 4243 4245
f 4274 4243 3547
f 3547 4245 4246
f 4246 4247 3547
f 3547 4271 4273
f 4292 4271 3547
f 3547 4273 4274
f 3547 4289 4291
f 4306 4289 3547
f 3547 4291 4292
f 3547 4305 4306
f 3547 4332 4305
f 3547 4329 4331
f 3547 4363 4329
f 4331 4332 3547
f 4361 4363 3547
f 3547 4386 4361
f 3547 4385 4386
f 4789 4385 3547
f 3548 4178 4179
f 3548 4179 4180
f 4180 4181 3548
f 3548 4181 4182
f 3548 4182 4183
f 4183 4184 3548
f 3548 4184 4185
f 3548 4185 4186
f 4186 4187 3548
f 3548 4187 4188
f 3548 4188 4204
f 4210 4196 3548
f 3548 4196 4222
f 4204 4205 3548
f 3548 4205 4206
f 3548 4206 4207
f 4207 4208 3548
f 3548 4208 4209
f 3548 4209 4210
f 3548 4224 4218
f 4218 4236 3548
f 4222 4223 3548
f 3548 4223 4224
f 4238 4232 3548
f 3548 4232 4248
f 3548 4236 4237
f 3548 4237 4238
f 3548 4250 4244
f 3548 4244 4275
f 3548 4248 4249
f 4249 4250 3548
f 3548 4276 4272
f 3548 4272 4293
f 4275 4276 3548
f 3548 4294 4290
f 3548 4290 4307
f 4293 4294 3548
f 4307 4308 3548
f 3548 4308 4333
f 4334 4330 3548
f 3548 4330 4364
f 3548 4333 4334
f 3548 4364 4362
f 4362 4387 3548
f 3548 4387 4388
f 3548 4388 4405
f 4405 4406 3548
f 3548 4406 4422
f 3548 4422 4792
f 4668 3548 4792
f 3550 3549 3552
f 3552 3549 3551
f 3552 3551 3583
f 3583 3551 3582
f 3555 3554 3553
f 5937 3555 3553
f 5937 3553 5961
f 3555 3556 3554
f 3555 3587 3556
f 3586 3587 3555
f 5935 3586 3555
f 5935 3555 5937
f 3558 3559 3557
f 3558 3557 3594
f 3594 3557 3595
f 3558 3561 3559
f 3560 3561 3558
f 5217 3560 3558
f 5243 3558 3594
f 5217 3558 5245
f 5245 3558 5243
f 3563 3598 3562
f 3599 3598 3563
f 3563 5096 3599
f 3563 5072 5096
f 3565 3564 3601
f 3601 3564 3600
f 3566 3603 3567
f 3602 3603 3566
f 4933 3602 3566
f 3566 4929 4931
f 4933 3566 4931
f 3568 3607 3569
f 3606 3607 3568
f 3569 3607 4808
f 3571 3570 3573
f 3573 3570 3572
f 4753 3572 3570
f 3573 3572 3609
f 3609 3572 3608
f 4753 3608 3572
f 3575 3574 3577
f 3575 3616 3574
f 3577 3574 3576
f 4753 3576 3574
f 4753 3574 3616
f 3617 3616 3575
f 3578 3579 3620
f 3620 3579 3621
f 3581 4125 3580
f 3580 4125 5113
f 3668 4126 3581
f 3581 4126 4125
f 3583 3582 3585
f 3585 3582 3584
f 3585 3584 3623
f 3623 3584 3622
f 3586 3589 3587
f 3588 3589 3586
f 5935 3588 3586
f 3590 3589 3588
f 5863 3590 3588
f 5863 3588 5909
f 5909 3588 5935
f 3590 3591 3589
f 3626 3591 3590
f 5863 3626 3590
f 3626 3627 3591
f 3592 3595 3593
f 3592 3593 3637
f 3594 3595 3592
f 5257 3594 3592
f 5269 3592 3637
f 5257 3592 5269
f 3637 3593 3636
f 5243 3594 5257
f 3597 3596 3599
f 3597 3640 3596
f 3599 3596 3598
f 3599 5120 3597
f 3641 3640 3597
f 3597 5120 3641
f 3599 5096 5120
f 3601 3600 3643
f 3643 3600 3642
f 3602 3605 3603
f 3604 3605 3602
f 4935 3604 3602
f 4935 3602 4933
f 3604 3645 3605
f 3644 3645 3604
f 4937 3644 3604
f 4937 3604 4935
f 3606 3649 3607
f 3648 3649 3606
f 3607 3649 4808
f 3609 3608 3611
f 3611 3608 3610
f 4753 3610 3608
f 3611 3610 3653
f 3653 3610 3652
f 4753 3652 3610
f 3613 3612 3615
f 3613 3662 3612
f 3615 3612 3614
f 4753 3614 3612
f 4753 3612 3662
f 3663 3662 3613
f 3615 3614 3617
f 3617 3614 3616
f 4753 3616 3614
f 3618 3621 3619
f 3618 3619 3666
f 3620 3621 3618
f 3666 3619 3667
f 4808 3667 3619
f 3623 3622 3625
f 3625 3622 3624
f 3625 3624 3670
f 3670 3624 3669
f 3626 3629 3627
f 3628 3629 3626
f 5835 3628 3626
f 5835 3626 5863
f 3628 3631 3629
f 3630 3631 3628
f 5803 3630 3628
f 5803 3628 5805
f 5805 3628 5835
f 3673 3631 3630
f 5803 3673 3630
f 3673 3674 3631
f 3633 3634 3632
f 5301 3633 3632
f 3632 3634 3688
f 3632 3688 3687
f 5301 3632 3687
f 3635 3634 3633
f 5287 3635 3633
f 5287 3633 5303
f 5303 3633 5301
f 3635 3636 3634
f 3637 3636 3635
f 5269 3637 3635
f 5269 3635 5287
f 3639 3638 3641
f 3639 3693 3638
f 3641 3638 3640
f 3641 5138 3639
f 3694 3693 3639
f 3639 5156 3694
f 3639 5138 5156
f 3641 5120 5138
f 3643 3642 3696
f 3696 3642 3695
f 3644 3647 3645
f 3646 3647 3644
f 4941 3646 3644
f 4939 3644 4937
f 4941 3644 4939
f 3646 3700 3647
f 3699 3700 3646
f 4943 3699 3646
f 4943 3646 4941
f 3648 3651 3649
f 3650 3651 3648
f 4808 3649 3651
f 3650 3704 3651
f 3703 3704 3650
f 3651 3704 4808
f 3653 3652 3655
f 3655 3652 3654
f 3654 3652 4753
f 3655 3654 3657
f 3657 3654 3656
f 4753 3656 3654
f 3657 3656 3708
f 3708 3656 3707
f 4753 3707 3656
f 3659 3658 3661
f 3659 3721 3658
f 3661 3658 3660
f 4753 3660 3658
f 4753 3658 3721
f 3722 3721 3659
f 3661 3660 3663
f 3663 3660 3662
f 3662 3660 4753
f 3664 3667 3665
f 3664 3665 3725
f 3666 3667 3664
f 3665 3667 4808
f 3725 3665 3726
f 4808 3726 3665
f 3727 4126 3668
f 3670 3669 3672
f 3672 3669 3671
f 3672 6032 3670
f 3670 6032 6048
f 3672 3671 3729
f 3729 3671 3728
f 3729 5986 3672
f 3672 5986 6032
f 3675 3674 3673
f 5781 3675 3673
f 5781 3673 5803
f 3675 3676 3674
f 3677 3676 3675
f 5745 3677 3675
f 5745 3675 5781
f 3677 3678 3676
f 3679 3678 3677
f 5707 3679 3677
f 5707 3677 5745
f 3679 3680 3678
f 3734 3680 3679
f 5679 3734 3679
f 5679 3679 5707
f 3734 3736 3680
f 3683 3682 3681
f 3681 3682 3761
f 5369 3683 3681
f 5397 3681 3761
f 5369 3681 5397
f 3683 3684 3682
f 3761 3682 3762
f 3683 3686 3684
f 3685 3686 3683
f 5339 3685 3683
f 5339 3683 5369
f 3685 3688 3686
f 3687 3688 3685
f 5319 3687 3685
f 5319 3685 5339
f 5301 3687 5319
f 3690 3689 3692
f 3690 3765 3689
f 3692 3689 3691
f 3692 5176 3690
f 3766 3765 3690
f 3690 5194 3766
f 3690 5176 5194
f 3692 3691 3694
f 3694 3691 3693
f 3694 5156 3692
f 3692 5156 5176
f 3696 3695 3698
f 3698 3695 3697
f 3698 3697 3768
f 3768 3697 3767
f 3699 3702 3700
f 3701 3702 3699
f 4945 3701 3699
f 4945 3699 4943
f 3701 3772 3702
f 3771 3772 3701
f 4947 3771 3701
f 4947 3701 4945
f 3703 3706 3704
f 3705 3706 3703
f 4808 3704 3706
f 3705 3778 3706
f 3777 3778 3705
f 3706 3778 4808
f 3708 3707 3710
f 3710 3707 3709
f 4753 3709 3707
f 3710 3709 3712
f 3712 3709 3711
f 4753 3711 3709
f 3712 3711 3714
f 3714 3711 3713
f 3713 3711 4753
f 3714 3713 3782
f 3782 3713 3781
f 4753 3781 3713
f 3716 3715 3718
f 3716 3807 3715
f 3718 3715 3717
f 3717 3715 4753
f 4753 3715 3807
f 3808 3807 3716
f 3718 3717 3720
f 3720 3717 3719
f 4753 3719 3717
f 3720 3719 3722
f 3722 3719 3721
f 4753 3721 3719
f 3723 3726 3724
f 3723 3724 3811
f 3725 3726 3723
f 4808 3724 3726
f 3811 3724 3812
f 4808 3812 3724
f 3813 4126 3727
f 3729 3728 3731
f 3731 3728 3730
f 3731 5986 3729
f 3731 3730 3733
f 3733 3730 3732
f 3733 5960 3731
f 3731 5960 5986
f 3733 3732 3815
f 3815 3732 3814
f 3815 5960 3733
f 3735 3736 3734
f 5679 3735 3734
f 3737 3736 3735
f 5655 3737 3735
f 5655 3735 5679
f 3737 3738 3736
f 3737 3740 3738
f 3739 3740 3737
f 5631 3739 3737
f 5631 3737 5655
f 3739 3742 3740
f 3741 3742 3739
f 5605 3741 3739
f 5605 3739 5631
f 3741 3744 3742
f 3743 3744 3741
f 5585 3743 3741
f 5585 3741 5605
f 3743 3746 3744
f 3745 3746 3743
f 5561 3745 3743
f 5561 3743 5583
f 5583 3743 5585
f 3745 3748 3746
f 3747 3748 3745
f 5541 3747 3745
f 5541 3745 5561
f 3747 3750 3748
f 3749 3750 3747
f 5523 3749 3747
f 5523 3747 5541
f 3751 3750 3749
f 5505 3751 3749
f 5505 3749 5523
f 3751 3752 3750
f 3753 3752 3751
f 5505 3753 3751
f 3753 3754 3752
f 3755 3754 3753
f 5461 3755 3753
f 5461 3753 5487
f 5487 3753 5485
f 5485 3753 5505
f 3755 3756 3754
f 3757 3756 3755
f 5441 3757 3755
f 5441 3755 5461
f 3757 3758 3756
f 3759 3758 3757
f 5421 3759 3757
f 5421 3757 5441
f 3759 3760 3758
f 3761 3760 3759
f 5397 3761 3759
f 5397 3759 5421
f 3761 3762 3760
f 3764 3763 3766
f 3764 3822 3763
f 3766 3763 3765
f 3766 5194 3764
f 3823 3822 3764
f 3764 5214 3823
f 3764 5194 5216
f 3764 5216 5214
f 3768 3767 3770
f 3770 3767 3769
f 3770 3769 3825
f 3825 3769 3824
f 4886 3770 3825
f 3771 3774 3772
f 3773 3774 3771
f 4949 3773 3771
f 4949 3771 4947
f 3773 3776 3774
f 3775 3776 3773
f 4951 3775 3773
f 4951 3773 4949
f 3775 3829 3776
f 3828 3829 3775
f 4953 3828 3775
f 4953 3775 4951
f 3777 3780 3778
f 3779 3780 3777
f 4808 3778 3780
f 3779 3835 3780
f 3834 3835 3779
f 4808 3780 3835
f 3782 3781 3784
f 3784 3781 3783
f 4753 3783 3781
f 3784 3783 3786
f 3786 3783 3785
f 3785 3783 4753
f 3786 3785 3788
f 3788 3785 3787
f 4753 3787 3785
f 3788 3787 3790
f 3790 3787 3789
f 4753 3789 3787
f 3790 3789 3792
f 3792 3789 3791
f 3791 3789 4753
f 3792 3791 3794
f 3794 3791 3793
f 4753 3793 3791
f 3794 3793 3796
f 3796 3793 3795
f 4753 3795 3793
f 3796 3795 3798
f 3798 3795 3797
f 4753 3797 3795
f 3798 3797 3800
f 3800 3797 3799
f 3799 3797 4753
f 3800 3799 3802
f 3802 3799 3801
f 4753 3801 3799
f 3802 3801 3804
f 3804 3801 3803
f 4753 3803 3801
f 3804 3803 3806
f 3806 3803 3805
f 3805 3803 4753
f 3806 3805 3808
f 3808 3805 3807
f 4753 3807 3805
f 3809 3812 3810
f 3809 3810 3844
f 3811 3812 3809
f 4808 3810 3812
f 3844 3810 3845
f 4808 3845 3810
f 3846 4126 3813
f 3815 3814 3817
f 3817 3814 3816
f 3817 5934 3815
f 3815 5934 5960
f 3817 3816 3819
f 3819 3816 3818
f 3819 5908 3817
f 3817 5908 5934
f 3819 3818 3848
f 3848 3818 3847
f 3848 5908 3819
f 3821 3820 3823
f 3821 3857 3820
f 3823 3820 3822
f 3823 5242 3821
f 3858 3857 3821
f 3821 5256 3858
f 3821 5242 5256
f 3823 5214 5242
f 3825 3824 3827
f 3827 3824 3826
f 3827 4860 3825
f 3825 4860 4858
f 3825 4858 4886
f 3827 3826 3860
f 3860 3826 3859
f 3860 4862 3827
f 3827 4862 4860
f 3828 3831 3829
f 3830 3831 3828
f 4979 3830 3828
f 4979 3828 4953
f 3830 3833 3831
f 3832 3833 3830
f 4981 3832 3830
f 4981 3830 4979
f 3832 3864 3833
f 3863 3864 3832
f 4981 3863 3832
f 3834 3837 3835
f 3836 3837 3834
f 4808 3835 3837
f 3836 3839 3837
f 3838 3839 3836
f 4808 3837 3839
f 3838 3870 3839
f 3869 3870 3838
f 4808 3839 3870
f 3840 3843 3841
f 3840 3841 3883
f 3842 3843 3840
f 4808 3841 3843
f 3883 3841 3884
f 3884 3841 4808
f 3842 3845 3843
f 3844 3845 3842
f 3843 3845 4808
f 3887 4126 3846
f 3848 3847 3850
f 3850 3847 3849
f 3850 5862 3848
f 3848 5862 5908
f 3850 3849 3852
f 3852 3849 3851
f 3852 5832 3850
f 3850 5832 5834
f 3850 5834 5862
f 3852 3851 3889
f 3889 3851 3888
f 3889 5802 3852
f 3852 5802 5832
f 3854 3853 3856
f 3854 3902 3853
f 3856 3853 3855
f 3856 5284 3854
f 3903 3902 3854
f 3854 5300 3903
f 3854 5284 5300
f 3856 3855 3858
f 3858 3855 3857
f 3858 5268 3856
f 3856 5268 5286
f 3856 5286 5284
f 3858 5256 5268
f 3860 3859 3862
f 3862 3859 3861
f 3862 4864 3860
f 3860 4864 4862
f 3862 3861 3905
f 3905 3861 3904
f 3905 4818 3862
f 3862 4818 4864
f 3863 3866 3864
f 3865 3866 3863
f 4983 3865 3863
f 4983 3863 4981
f 3865 3868 3866
f 3867 3868 3865
f 5005 3867 3865
f 5005 3865 4983
f 3867 3909 3868
f 3908 3909 3867
f 5007 3908 3867
f 5007 3867 5005
f 3869 3872 3870
f 3871 3872 3869
f 3870 3872 4808
f 3871 3874 3872
f 3873 3874 3871
f 4808 3872 3874
f 3873 3876 3874
f 3875 3876 3873
f 3874 3876 4808
f 3875 3921 3876
f 3920 3921 3875
f 4808 3876 3921
f 3877 3880 3878
f 3877 3878 3934
f 3879 3880 3877
f 4808 3878 3880
f 3934 3878 3935
f 4808 3935 3878
f 3879 3882 3880
f 3881 3882 3879
f 4808 3880 3882
f 3881 3884 3882
f 3883 3884 3881
f 4808 3882 3884
f 4125 3886 3885
f 4309 3885 3886
f 4125 3885 5113
f 4343 3885 4309
f 4335 3885 4336
f 4371 3885 4335
f 4336 3885 4337
f 4337 3885 4338
f 4338 3885 4339
f 4339 3885 4340
f 4340 3885 4341
f 4341 3885 4342
f 4342 3885 4343
f 4365 3885 4367
f 4392 3885 4365
f 4367 3885 4368
f 4368 3885 4369
f 4369 3885 4370
f 4370 3885 4371
f 4389 3885 4391
f 4409 3885 4389
f 4391 3885 4392
f 4407 3885 4408
f 4425 3885 4407
f 4408 3885 4409
f 4423 3885 4424
f 4443 3885 4423
f 4424 3885 4425
f 4441 3885 4442
f 4462 3885 4441
f 4442 3885 4443
f 4459 3885 4461
f 4459 4809 3885
f 4461 3885 4462
f 5113 3885 4809
f 4126 3886 4125
f 4126 4812 3886
f 4309 3886 4310
f 4310 3886 4313
f 4311 3886 4312
f 4316 3886 4311
f 4312 3886 4344
f 4313 3886 4314
f 4314 3886 4315
f 4315 3886 4316
f 4344 3886 4345
f 4345 3886 4346
f 4346 3886 4347
f 4347 3886 4348
f 4348 3886 4349
f 4349 3886 4350
f 4350 3886 4351
f 4351 3886 4352
f 4352 3886 4372
f 4376 3886 4366
f 4366 3886 4393
f 4372 3886 4373
f 4373 3886 4374
f 4374 3886 4375
f 4375 3886 4376
f 4394 3886 4390
f 4390 3886 4410
f 4393 3886 4394
f 4410 3886 4411
f 4411 3886 4412
f 4412 3886 4426
f 4426 3886 4427
f 4427 3886 4428
f 4428 3886 4444
f 4444 3886 4445
f 4445 3886 4446
f 4446 3886 4463
f 4464 3886 4460
f 4460 3886 4477
f 4463 3886 4464
f 4477 3886 4478
f 4478 3886 4493
f 4493 3886 4812
f 3936 4126 3887
f 3889 3888 3891
f 3891 3888 3890
f 3891 5780 3889
f 3889 5780 5802
f 3891 3890 3893
f 3893 3890 3892
f 3893 5742 3891
f 3891 5742 5744
f 3891 5744 5780
f 3893 3892 3895
f 3895 3892 3894
f 3895 5706 3893
f 3893 5706 5742
f 3895 3894 3938
f 3938 3894 3937
f 3938 5706 3895
f 3897 3896 3899
f 3897 3965 3896
f 3899 3896 3898
f 3899 5336 3897
f 3966 3965 3897
f 3897 5368 3966
f 3897 5336 5368
f 3899 3898 3901
f 3901 3898 3900
f 3901 5318 3899
f 3899 5318 5338
f 3899 5338 5336
f 3901 3900 3903
f 3903 3900 3902
f 3903 5300 3901
f 3901 5300 5318
f 3905 3904 3907
f 3907 3904 3906
f 3907 4818 3905
f 3907 3906 3968
f 3968 3906 3967
f 3968 5038 3907
f 4820 4818 3907
f 3907 4822 4820
f 3907 4824 4822
f 4826 4824 3907
f 3907 4828 4826
f 4830 4828 3907
f 3907 4832 4830
f 3907 4834 4832
f 4836 4834 3907
f 3907 4838 4836
f 4840 4838 3907
f 3907 4842 4840
f 3907 4844 4842
f 4846 4844 3907
f 3907 4848 4846
f 4866 4848 3907
f 3907 4868 4866
f 3907 4870 4868
f 4888 4870 3907
f 3907 4890 4888
f 3907 4906 4890
f 4908 4906 3907
f 3907 4956 4908
f 3907 4958 4956
f 4986 4958 3907
f 3907 4988 4986
f 5012 4988 3907
f 3907 5014 5012
f 5038 5014 3907
f 3908 3911 3909
f 3910 3911 3908
f 5033 3910 3908
f 5009 3908 5007
f 5033 3908 5009
f 3910 3913 3911
f 3912 3913 3910
f 5033 3912 3910
f 3912 3915 3913
f 3914 3915 3912
f 5035 3914 3912
f 5035 3912 5033
f 3914 3972 3915
f 3971 3972 3914
f 5035 3971 3914
f 3916 3919 3917
f 3916 3917 4001
f 3918 3919 3916
f 3918 3916 5281
f 5281 3916 4001
f 4001 3917 4002
f 3918 5225 3919
f 5281 5225 3918
f 5225 4657 3919
f 3920 3923 3921
f 3922 3923 3920
f 4808 3921 3923
f 3922 3925 3923
f 3924 3925 3922
f 4808 3923 3925
f 3924 3927 3925
f 3926 3927 3924
f 3925 3927 4808
f 3926 4004 3927
f 4003 4004 3926
f 4808 3927 4004
f 3928 3931 3929
f 3928 3929 4033
f 3930 3931 3928
f 4808 3929 3931
f 4033 3929 4034
f 4808 4034 3929
f 3930 3933 3931
f 3932 3933 3930
f 4808 3931 3933
f 3932 3935 3933
f 3934 3935 3932
f 3933 3935 4808
f 4039 4126 3936
f 3938 3937 3940
f 3940 3937 3939
f 3940 5678 3938
f 3938 5678 5706
f 3940 3939 3942
f 3942 3939 3941
f 3942 5654 3940
f 3940 5654 5678
f 3942 3941 3944
f 3944 3941 3943
f 3944 5630 3942
f 3942 5630 5654
f 3944 3943 3946
f 3946 3943 3945
f 3946 5604 3944
f 3944 5604 5630
f 3946 3945 3948
f 3948 3945 3947
f 3948 5582 3946
f 3946 5582 5604
f 3948 3947 3950
f 3950 3947 3949
f 3950 5560 3948
f 3948 5560 5582
f 3950 3949 3952
f 3952 3949 3951
f 3952 5540 3950
f 3950 5540 5560
f 3952 3951 3954
f 3954 3951 3953
f 3954 5522 3952
f 3952 5522 5540
f 3954 3953 3956
f 3956 3953 3955
f 3956 5504 3954
f 3954 5504 5522
f 3956 3955 3958
f 3958 3955 3957
f 3958 5484 3956
f 3956 5484 5504
f 3958 3957 3960
f 3960 3957 3959
f 3960 5460 3958
f 3958 5460 5484
f 3960 3959 3962
f 3962 3959 3961
f 3962 5440 3960
f 3960 5440 5460
f 3962 3961 3964
f 3964 3961 3963
f 3964 5420 3962
f 3962 5420 5440
f 3964 3963 3966
f 3966 3963 3965
f 3966 5396 3964
f 3964 5396 5420
f 3966 5368 5396
f 3968 3967 3970
f 3970 3967 3969
f 3970 5038 3968
f 3970 3969 4036
f 4036 3969 4035
f 4036 5038 3970
f 3971 3974 3972
f 3973 3974 3971
f 5055 3973 3971
f 5055 3971 5035
f 3973 3976 3974
f 3975 3976 3973
f 5057 3975 3973
f 5057 3973 5055
f 3975 3978 3976
f 3977 3978 3975
f 5057 3977 3975
f 3977 3980 3978
f 3979 3980 3977
f 5081 3979 3977
f 5079 3977 5057
f 5081 3977 5079
f 3979 3982 3980
f 3981 3982 3979
f 5081 3981 3979
f 3981 3984 3982
f 3983 3984 3981
f 5083 3983 3981
f 5083 3981 5081
f 3983 3986 3984
f 3985 3986 3983
f 5101 3985 3983
f 5101 3983 5083
f 3985 3988 3986
f 3987 3988 3985
f 5103 3987 3985
f 5103 3985 5101
f 3987 3990 3988
f 3989 3990 3987
f 5125 3989 3987
f 5125 3987 5103
f 3989 3992 3990
f 3991 3992 3989
f 5125 3991 3989
f 3991 3994 3992
f 3993 3994 3991
f 5127 3993 3991
f 5127 3991 5125
f 3993 3996 3994
f 3995 3996 3993
f 5281 3995 3993
f 5281 3993 5127
f 3995 3998 3996
f 3997 3998 3995
f 5281 3997 3995
f 3997 4000 3998
f 3999 4000 3997
f 3999 3997 5281
f 3999 4002 4000
f 4001 4002 3999
f 5281 4001 3999
f 4003 4006 4004
f 4005 4006 4003
f 4808 4004 4006
f 4005 4008 4006
f 4007 4008 4005
f 4808 4006 4008
f 4007 4010 4008
f 4009 4010 4007
f 4808 4008 4010
f 4009 4012 4010
f 4011 4012 4009
f 4808 4010 4012
f 4011 4014 4012
f 4013 4014 4011
f 4012 4014 4808
f 4013 4016 4014
f 4015 4016 4013
f 4808 4014 4016
f 4015 4018 4016
f 4017 4018 4015
f 4808 4016 4018
f 4017 4020 4018
f 4019 4020 4017
f 4808 4018 4020
f 4019 4022 4020
f 4021 4022 4019
f 4808 4020 4022
f 4021 4024 4022
f 4023 4024 4021
f 4022 4024 4808
f 4023 4026 4024
f 4025 4026 4023
f 4808 4024 4026
f 4025 4028 4026
f 4027 4028 4025
f 4808 4026 4028
f 4027 4030 4028
f 4029 4030 4027
f 4808 4028 4030
f 4029 4032 4030
f 4031 4032 4029
f 4808 4030 4032
f 4031 4034 4032
f 4033 4034 4031
f 4032 4034 4808
f 4036 4035 4038
f 4038 4035 4037
f 4038 5038 4036
f 4038 4037 4041
f 4041 4037 4040
f 4041 5038 4038
f 4044 4126 4039
f 4041 4040 4043
f 4043 4040 4042
f 4043 5038 4041
f 4043 4042 4046
f 4046 4042 4045
f 4046 5038 4043
f 4049 4126 4044
f 4046 4045 4048
f 4048 4045 4047
f 4048 5038 4046
f 4048 4047 4051
f 4051 4047 4050
f 4051 5038 4048
f 4060 4126 4049
f 4051 4050 4053
f 4053 4050 4052
f 4053 5038 4051
f 4053 4052 4055
f 4055 4052 4054
f 4055 5038 4053
f 4055 4054 4057
f 4057 4054 4056
f 4057 5038 4055
f 4057 4056 4059
f 4059 4056 4058
f 4059 5038 4057
f 4059 4058 4062
f 4062 4058 4061
f 4062 5038 4059
f 5116 4126 4060
f 5906 5116 4060
f 5906 4060 6503
f 4062 4061 4064
f 4064 4061 4063
f 4064 5038 4062
f 4064 4063 4066
f 4066 4063 4065
f 4066 5038 4064
f 4066 4065 4074
f 4074 4065 4073
f 4074 5038 4066
f 4068 4067 4070
f 4068 4089 4067
f 4070 4067 4069
f 5334 4068 4070
f 4090 4089 4068
f 4090 4068 5334
f 4070 4069 4072
f 4072 4069 4071
f 4070 4072 5334
f 4071 5333 4072
f 5333 4071 4807
f 4072 5333 5334
f 4074 4073 4076
f 4076 4073 4075
f 4076 5038 4074
f 4076 4075 4078
f 4078 4075 4077
f 4078 5038 4076
f 4078 4077 4080
f 4080 4077 4079
f 4080 5038 4078
f 4080 4079 4082
f 4082 4079 4081
f 4082 5038 4080
f 4082 4081 4092
f 4092 4081 4091
f 4092 5038 4082
f 4084 4083 4086
f 4084 4123 4083
f 4086 4083 4085
f 4086 5086 4084
f 4124 4123 4084
f 4084 5086 4124
f 4086 4085 4088
f 4088 4085 4087
f 4086 4088 5334
f 4086 5106 5086
f 5334 5106 4086
f 4088 4087 4090
f 4090 4087 4089
f 5334 4088 4090
f 4092 4091 4094
f 4094 4091 4093
f 4094 5038 4092
f 4094 4093 4096
f 4096 4093 4095
f 4096 5038 4094
f 4096 4095 4098
f 4098 4095 4097
f 4098 5038 4096
f 4098 4097 4100
f 4100 4097 4099
f 4100 5038 4098
f 4100 4099 4102
f 4102 4099 4101
f 4102 5038 4100
f 4102 4101 4104
f 4104 4101 4103
f 4104 5038 4102
f 4104 4103 4106
f 4106 4103 4105
f 4106 5038 4104
f 4106 4105 4108
f 4108 4105 4107
f 4108 5038 4106
f 4108 4107 4110
f 4110 4107 4109
f 4110 5038 4108
f 4110 4109 4112
f 4112 4109 4111
f 4112 5038 4110
f 4112 4111 4114
f 4114 4111 4113
f 4114 5038 4112
f 4114 4113 4116
f 4116 4113 4115
f 4116 5038 4114
f 4116 4115 4118
f 4118 4115 4117
f 4118 5038 4116
f 4118 4117 4120
f 4120 4117 4119
f 4120 5038 4118
f 4120 4119 4122
f 4122 4119 4121
f 4122 5060 4120
f 4120 5060 5038
f 4122 4121 4124
f 4124 4121 4123
f 4124 5060 4122
f 4124 5062 5060
f 4124 5086 5062
f 5116 4812 4126
f 4127 4144 4128
f 4202 4127 4128
f 4127 4155 4144
f 4154 4155 4127
f 4201 4154 4127
f 4201 4127 4202
f 4128 4143 4129
f 4203 4128 4129
f 4128 4144 4143
f 4202 4128 4203
f 4129 4142 4130
f 4177 4129 4130
f 4129 4143 4142
f 4203 4129 4177
f 4130 4141 4131
f 4178 4130 4131
f 4130 4142 4141
f 4177 4130 4178
f 4131 4140 4132
f 4179 4131 4132
f 4131 4141 4140
f 4178 4131 4179
f 4132 4139 4133
f 4180 4132 4133
f 4132 4140 4139
f 4179 4132 4180
f 4133 4138 4134
f 4181 4133 4134
f 4133 4139 4138
f 4180 4133 4181
f 4134 4137 4135
f 4182 4134 4135
f 4134 4138 4137
f 4181 4134 4182
f 4135 4137 4136
f 4183 4135 4136
f 4182 4135 4183
f 4184 4136 4137
f 4183 4136 4184
f 4185 4137 4138
f 4184 4137 4185
f 4186 4138 4139
f 4185 4138 4186
f 4187 4139 4140
f 4186 4139 4187
f 4188 4140 4141
f 4187 4140 4188
f 4204 4141 4142
f 4188 4141 4204
f 4205 4142 4143
f 4204 4142 4205
f 4206 4143 4144
f 4205 4143 4206
f 4207 4144 4155
f 4206 4144 4207
f 4145 4152 4146
f 4195 4145 4146
f 4145 4164 4152
f 4163 4164 4145
f 4221 4163 4145
f 4221 4145 4195
f 4146 4151 4147
f 4197 4146 4147
f 4146 4152 4151
f 4195 4146 4197
f 4147 4150 4148
f 4198 4147 4148
f 4147 4151 4150
f 4197 4147 4198
f 4148 4150 4149
f 4148 4149 4153
f 4199 4148 4153
f 4198 4148 4199
f 4210 4149 4150
f 4153 4149 4156
f 4209 4156 4149
f 4209 4149 4210
f 4196 4150 4151
f 4210 4150 4196
f 4222 4151 4152
f 4196 4151 4222
f 4223 4152 4164
f 4222 4152 4223
f 4153 4156 4154
f 4200 4153 4154
f 4199 4153 4200
f 4154 4156 4155
f 4200 4154 4201
f 4208 4155 4156
f 4207 4155 4208
f 4208 4156 4209
f 4157 4162 4158
f 4217 4157 4158
f 4157 4172 4162
f 4171 4172 4157
f 4235 4171 4157
f 4235 4157 4217
f 4158 4161 4159
f 4219 4158 4159
f 4158 4162 4161
f 4217 4158 4219
f 4159 4161 4160
f 4159 4160 4163
f 4220 4159 4163
f 4219 4159 4220
f 4218 4160 4161
f 4163 4160 4164
f 4224 4164 4160
f 4224 4160 4218
f 4236 4161 4162
f 4218 4161 4236
f 4237 4162 4172
f 4236 4162 4237
f 4220 4163 4221
f 4223 4164 4224
f 4165 4170 4166
f 4231 4165 4166
f 4165 4176 4170
f 4175 4176 4165
f 4247 4175 4165
f 4247 4165 4231
f 4166 4169 4167
f 4233 4166 4167
f 4166 4170 4169
f 4231 4166 4233
f 4167 4169 4168
f 4167 4168 4171
f 4234 4167 4171
f 4233 4167 4234
f 4232 4168 4169
f 4171 4168 4172
f 4238 4172 4168
f 4238 4168 4232
f 4248 4169 4170
f 4232 4169 4248
f 4249 4170 4176
f 4248 4170 4249
f 4234 4171 4235
f 4237 4172 4238
f 4173 4174 4175
f 4173 4194 4174
f 4246 4173 4175
f 4193 4194 4173
f 4243 4193 4173
f 4243 4173 4245
f 4245 4173 4246
f 4175 4174 4176
f 4250 4176 4174
f 4275 4174 4194
f 4250 4174 4244
f 4244 4174 4275
f 4246 4175 4247
f 4249 4176 4250
f 4189 4192 4190
f 4273 4189 4190
f 4189 4216 4192
f 4215 4216 4189
f 4271 4215 4189
f 4271 4189 4273
f 4190 4192 4191
f 4190 4191 4193
f 4274 4190 4193
f 4273 4190 4274
f 4272 4191 4192
f 4193 4191 4194
f 4276 4194 4191
f 4276 4191 4272
f 4293 4192 4216
f 4272 4192 4293
f 4274 4193 4243
f 4275 4194 4276
f 4211 4214 4212
f 4291 4211 4212
f 4211 4230 4214
f 4229 4230 4211
f 4289 4229 4211
f 4289 4211 4291
f 4212 4214 4213
f 4212 4213 4215
f 4292 4212 4215
f 4291 4212 4292
f 4290 4213 4214
f 4215 4213 4216
f 4294 4216 4213
f 4294 4213 4290
f 4307 4214 4230
f 4290 4214 4307
f 4292 4215 4271
f 4293 4216 4294
f 4225 4228 4226
f 4305 4225 4226
f 4225 4241 4228
f 4240 4241 4225
f 4332 4240 4225
f 4332 4225 4305
f 4226 4228 4227
f 4226 4227 4229
f 4306 4226 4229
f 4305 4226 4306
f 4333 4227 4228
f 4229 4227 4230
f 4308 4230 4227
f 4308 4227 4333
f 4334 4228 4241
f 4333 4228 4334
f 4306 4229 4289
f 4307 4230 4308
f 4239 4242 4240
f 4331 4239 4240
f 4239 4270 4242
f 4269 4270 4239
f 4329 4269 4239
f 4329 4239 4331
f 4240 4242 4241
f 4331 4240 4332
f 4330 4241 4242
f 4334 4241 4330
f 4364 4242 4270
f 4330 4242 4364
f 4251 4254 4252
f 4687 4251 4252
f 4251 4282 4254
f 4281 4282 4251
f 4686 4281 4251
f 4686 4251 4687
f 4252 4254 4253
f 4252 4253 4255
f 4687 4252 4255
f 4691 4253 4254
f 4255 4253 4266
f 4690 4266 4253
f 4690 4253 4691
f 4691 4254 4282
f 4255 4266 4256
f 4688 4255 4256
f 4687 4255 4688
f 4256 4265 4257
f 4694 4256 4257
f 4256 4266 4265
f 4688 4256 4693
f 4693 4256 4694
f 4257 4264 4258
f 4661 4257 4258
f 4257 4265 4264
f 4694 4257 4661
f 4258 4263 4259
f 4662 4258 4259
f 4258 4264 4263
f 4661 4258 4662
f 4259 4262 4260
f 4663 4259 4260
f 4259 4263 4262
f 4662 4259 4663
f 4260 4262 4261
f 4664 4260 4261
f 4663 4260 4664
f 4665 4261 4262
f 4664 4261 4665
f 4666 4262 4263
f 4665 4262 4666
f 4695 4263 4264
f 4666 4263 4695
f 4696 4264 4265
f 4695 4264 4696
f 4690 4265 4266
f 4689 4265 4690
f 4696 4265 4689
f 4267 4268 4269
f 4267 4288 4268
f 4363 4267 4269
f 4287 4288 4267
f 4361 4287 4267
f 4361 4267 4363
f 4269 4268 4270
f 4362 4270 4268
f 4387 4268 4288
f 4362 4268 4387
f 4363 4269 4329
f 4364 4270 4362
f 4277 4278 4279
f 4277 4299 4278
f 4720 4277 4279
f 4298 4299 4277
f 4720 4298 4277
f 4279 4278 4284
f 4723 4284 4278
f 4724 4278 4299
f 4723 4278 4724
f 4279 4284 4280
f 4721 4279 4280
f 4720 4279 4721
f 4280 4283 4281
f 4686 4280 4281
f 4280 4284 4283
f 4685 4280 4686
f 4725 4280 4685
f 4721 4280 4725
f 4281 4283 4282
f 4692 4282 4283
f 4691 4282 4692
f 4723 4283 4284
f 4692 4283 4726
f 4722 4283 4723
f 4726 4283 4722
f 4285 4286 4287
f 4285 4303 4286
f 4386 4285 4287
f 4302 4303 4285
f 4404 4302 4285
f 4385 4285 4386
f 4404 4285 4385
f 4287 4286 4288
f 4388 4288 4286
f 4406 4286 4303
f 4388 4286 4405
f 4405 4286 4406
f 4386 4287 4361
f 4387 4288 4388
f 4295 4296 4297
f 4295 4323 4296
f 4748 4295 4297
f 4322 4323 4295
f 4748 4322 4295
f 4297 4296 4300
f 4749 4300 4296
f 4749 4296 4323
f 4297 4300 4298
f 4751 4297 4298
f 4748 4297 4751
f 4298 4300 4299
f 4719 4298 4720
f 4751 4298 4719
f 4749 4299 4300
f 4724 4299 4752
f 4752 4299 4749
f 4301 4304 4302
f 4403 4301 4302
f 4301 4327 4304
f 4421 4326 4301
f 4326 4720 4301
f 4663 4327 4301
f 4421 4301 4403
f 4301 4661 4662
f 4301 4694 4661
f 4662 4663 4301
f 4301 4685 4686
f 4301 4725 4685
f 4301 4686 4687
f 4687 4688 4301
f 4301 4688 4693
f 4301 4693 4694
f 4720 4721 4301
f 4301 4721 4725
f 4302 4304 4303
f 4403 4302 4404
f 4422 4303 4304
f 4406 4303 4422
f 4422 4304 4327
f 4310 4549 4309
f 4309 4548 4343
f 4309 4549 4548
f 4313 4550 4310
f 4310 4550 4549
f 4312 4555 4311
f 4311 4554 4316
f 4311 4555 4554
f 4344 4556 4312
f 4312 4556 4555
f 4314 4551 4313
f 4313 4551 4550
f 4315 4552 4314
f 4314 4552 4551
f 4316 4553 4315
f 4315 4553 4552
f 4316 4554 4553
f 4317 4320 4318
f 4768 4317 4318
f 4317 4358 4320
f 4357 4358 4317
f 4767 4357 4317
f 4767 4317 4768
f 4318 4320 4319
f 4318 4319 4321
f 4768 4318 4321
f 4770 4319 4320
f 4321 4319 4324
f 4769 4324 4319
f 4769 4319 4770
f 4770 4320 4358
f 4321 4324 4322
f 4748 4321 4322
f 4747 4321 4748
f 4771 4321 4747
f 4768 4321 4771
f 4322 4324 4323
f 4750 4323 4324
f 4749 4323 4750
f 4750 4324 4772
f 4772 4324 4769
f 4421 4325 4326
f 4720 4326 4325
f 4438 4359 4325
f 4719 4325 4359
f 4438 4325 4421
f 4720 4325 4719
f 4439 4327 4328
f 4663 4328 4327
f 4422 4327 4439
f 4440 4328 4360
f 4360 4328 4663
f 4439 4328 4440
f 4336 4582 4335
f 4335 4581 4371
f 4335 4582 4581
f 4337 4537 4336
f 4336 4537 4582
f 4338 4538 4337
f 4337 4538 4537
f 4339 4539 4338
f 4338 4539 4538
f 4340 4540 4339
f 4339 4540 4539
f 4341 4545 4340
f 4340 4545 4540
f 4342 4546 4341
f 4341 4546 4545
f 4343 4547 4342
f 4342 4547 4546
f 4343 4548 4547
f 4345 4557 4344
f 4344 4557 4556
f 4346 4558 4345
f 4345 4558 4557
f 4347 4541 4346
f 4346 4541 4558
f 4348 4542 4347
f 4347 4542 4541
f 4349 4543 4348
f 4348 4543 4542
f 4350 4544 4349
f 4349 4544 4543
f 4351 4583 4350
f 4350 4583 4544
f 4352 4584 4351
f 4351 4584 4583
f 4372 4585 4352
f 4352 4585 4584
f 4353 4356 4354
f 4784 4353 4354
f 4353 4380 4356
f 4379 4380 4353
f 4783 4379 4353
f 4783 4353 4784
f 4354 4356 4355
f 4354 4355 4357
f 4784 4354 4357
f 4786 4355 4356
f 4357 4355 4358
f 4785 4358 4355
f 4785 4355 4786
f 4786 4356 4380
f 4787 4357 4767
f 4784 4357 4787
f 4770 4358 4788
f 4788 4358 4785
f 4456 4382 4359
f 4751 4359 4382
f 4437 4359 4438
f 4456 4359 4437
f 4719 4359 4751
f 4458 4360 4383
f 4663 4383 4360
f 4440 4360 4457
f 4457 4360 4458
f 4367 4601 4365
f 4365 4600 4392
f 4365 4601 4600
f 4366 4603 4376
f 4393 4604 4366
f 4366 4604 4603
f 4368 4575 4367
f 4367 4575 4601
f 4369 4576 4368
f 4368 4576 4575
f 4370 4579 4369
f 4369 4579 4576
f 4371 4580 4370
f 4370 4580 4579
f 4371 4581 4580
f 4373 4586 4372
f 4372 4586 4585
f 4374 4577 4373
f 4373 4577 4586
f 4375 4578 4374
f 4374 4578 4577
f 4376 4602 4375
f 4375 4602 4578
f 4376 4603 4602
f 4377 4378 4379
f 4377 4398 4378
f 4802 4377 4379
f 4397 4398 4377
f 4802 4397 4377
f 4379 4378 4380
f 4803 4380 4378
f 4804 4378 4398
f 4803 4378 4804
f 4805 4379 4783
f 4802 4379 4805
f 4786 4380 4806
f 4806 4380 4803
f 4455 4381 4382
f 4748 4382 4381
f 4473 4400 4381
f 4748 4381 4400
f 4473 4381 4455
f 4455 4382 4456
f 4751 4382 4748
f 4474 4383 4384
f 4384 4383 4663
f 4458 4383 4474
f 4474 4384 4401
f 4663 4401 4384
f 4789 4404 4385
f 4391 4628 4389
f 4389 4627 4409
f 4389 4628 4627
f 4390 4630 4394
f 4410 4625 4390
f 4390 4625 4630
f 4392 4597 4391
f 4391 4597 4628
f 4392 4599 4597
f 4392 4600 4599
f 4394 4629 4393
f 4393 4598 4604
f 4393 4629 4598
f 4394 4630 4629
f 4395 4396 4397
f 4395 4417 4396
f 4849 4395 4397
f 4416 4417 4395
f 4849 4416 4395
f 4397 4396 4398
f 4850 4398 4396
f 4850 4396 4417
f 4801 4397 4802
f 4851 4397 4801
f 4849 4397 4851
f 4804 4398 4852
f 4852 4398 4850
f 4473 4399 4400
f 4748 4400 4399
f 4489 4419 4399
f 4748 4399 4419
f 4489 4399 4473
f 4490 4401 4402
f 4663 4402 4401
f 4474 4401 4490
f 4488 4402 4420
f 4420 4402 4663
f 4490 4402 4488
f 4403 4404 4789
f 4789 4421 4403
f 4408 4623 4407
f 4407 4648 4425
f 4407 4623 4648
f 4409 4624 4408
f 4408 4624 4623
f 4409 4627 4624
f 4411 4626 4410
f 4410 4626 4625
f 4412 4649 4411
f 4411 4649 4626
f 4426 4650 4412
f 4412 4650 4649
f 4413 4414 4415
f 4413 4432 4414
f 4871 4413 4415
f 4431 4432 4413
f 4871 4431 4413
f 4415 4414 4418
f 4872 4418 4414
f 4872 4414 4432
f 4415 4418 4416
f 4874 4415 4416
f 4871 4415 4873
f 4873 4415 4874
f 4416 4418 4417
f 4874 4416 4849
f 4876 4417 4418
f 4850 4417 4875
f 4875 4417 4876
f 4876 4418 4872
f 4487 4435 4419
f 4748 4419 4435
f 4487 4419 4489
f 4506 4420 4436
f 4663 4436 4420
f 4488 4420 4506
f 4438 4421 4789
f 4792 4422 4439
f 4424 4645 4423
f 4423 4677 4443
f 4423 4645 4677
f 4425 4647 4424
f 4424 4647 4645
f 4425 4648 4647
f 4427 4646 4426
f 4426 4646 4650
f 4428 4678 4427
f 4427 4678 4646
f 4444 4678 4428
f 4429 4430 4431
f 4429 4450 4430
f 4891 4429 4431
f 4449 4450 4429
f 4891 4449 4429
f 4431 4430 4432
f 4892 4432 4430
f 4892 4430 4450
f 4893 4431 4871
f 4891 4431 4893
f 4872 4432 4894
f 4894 4432 4892
f 4505 4433 4435
f 4747 4435 4433
f 4503 4453 4433
f 4771 4433 4453
f 4503 4433 4505
f 4747 4433 4771
f 4504 4436 4434
f 4663 4434 4436
f 4520 4434 4454
f 4454 4434 4663
f 4504 4434 4520
f 4505 4435 4487
f 4748 4435 4747
f 4506 4436 4504
f 4789 4437 4438
f 4789 4456 4437
f 4439 4440 4792
f 4792 4440 4457
f 4442 4675 4441
f 4441 4706 4462
f 4441 4675 4706
f 4443 4677 4442
f 4442 4677 4675
f 4445 4676 4444
f 4444 4676 4678
f 4446 4707 4445
f 4445 4707 4676
f 4463 4708 4446
f 4446 4708 4707
f 4447 4448 4449
f 4447 4468 4448
f 4909 4447 4449
f 4467 4468 4447
f 4909 4467 4447
f 4449 4448 4450
f 4910 4450 4448
f 4910 4448 4468
f 4911 4449 4891
f 4909 4449 4911
f 4892 4450 4912
f 4912 4450 4910
f 4519 4451 4453
f 4768 4453 4451
f 4531 4470 4451
f 4768 4451 4470
f 4531 4451 4519
f 4532 4454 4452
f 4663 4452 4454
f 4532 4452 4471
f 4663 4471 4452
f 4519 4453 4503
f 4771 4453 4768
f 4520 4454 4532
f 4455 4456 4789
f 4789 4473 4455
f 4792 4457 4458
f 4458 4474 4792
f 4461 4703 4459
f 4459 4733 4476
f 4476 4809 4459
f 4459 4703 4733
f 4460 4734 4464
f 4477 4732 4460
f 4460 4732 4734
f 4462 4705 4461
f 4461 4705 4703
f 4462 4706 4705
f 4464 4704 4463
f 4463 4704 4708
f 4464 4734 4704
f 4465 4466 4467
f 4465 4483 4466
f 4959 4465 4467
f 4482 4483 4465
f 4959 4482 4465
f 4467 4466 4468
f 4960 4468 4466
f 4960 4466 4483
f 4961 4467 4909
f 4959 4467 4961
f 4910 4468 4962
f 4962 4468 4960
f 4531 4469 4470
f 4767 4470 4469
f 4569 4485 4469
f 4767 4469 4485
f 4569 4469 4531
f 4768 4470 4767
f 4570 4471 4472
f 4472 4471 4663
f 4532 4471 4570
f 4568 4472 4486
f 4663 4486 4472
f 4570 4472 4568
f 4489 4473 4789
f 4792 4474 4490
f 4476 4731 4475
f 4475 4809 4476
f 4475 4764 4492
f 4492 4809 4475
f 4475 4731 4764
f 4476 4733 4731
f 4478 4765 4477
f 4477 4765 4732
f 4493 4766 4478
f 4478 4766 4765
f 4480 4482 4479
f 4480 4479 4498
f 4989 4479 4482
f 4498 4479 4497
f 4989 4497 4479
f 4483 4482 4480
f 4990 4483 4480
f 4990 4480 4498
f 4482 4483 4481
f 4481 4484 4482
f 4959 4481 4482
f 4991 4482 4481
f 4481 4483 4484
f 4991 4481 4959
f 4482 4484 4483
f 4989 4482 4991
f 4990 4484 4483
f 4992 4483 4484
f 4960 4483 4992
f 4992 4484 4990
f 4567 4501 4485
f 4787 4485 4501
f 4567 4485 4569
f 4767 4485 4787
f 4594 4486 4502
f 4663 4502 4486
f 4568 4486 4594
f 4789 4487 4489
f 4789 4505 4487
f 4490 4488 4792
f 4792 4488 4506
f 4492 4763 4491
f 4491 4809 4492
f 4491 4761 4510
f 4510 4809 4491
f 4491 4763 4761
f 4492 4764 4763
f 4494 4762 4493
f 4493 4812 4494
f 4493 4762 4766
f 4511 4782 4494
f 4494 4812 4511
f 4494 4782 4762
f 4496 4497 4495
f 4496 4495 4516
f 5015 4495 4497
f 4516 4495 4515
f 5015 4515 4495
f 4498 4497 4496
f 5016 4498 4496
f 5016 4496 4516
f 5017 4497 4989
f 5015 4497 5017
f 4990 4498 5018
f 5018 4498 5016
f 4593 4499 4501
f 4787 4501 4499
f 4616 4517 4499
f 4784 4499 4517
f 4616 4499 4593
f 4787 4499 4784
f 4617 4502 4500
f 4500 4502 4663
f 4618 4500 4518
f 4663 4518 4500
f 4617 4500 4618
f 4593 4501 4567
f 4594 4502 4617
f 4503 4505 4789
f 4789 4519 4503
f 4792 4506 4504
f 4504 4520 4792
f 4509 4779 4507
f 4507 4809 4509
f 4507 4799 4521
f 4521 4809 4507
f 4507 4779 4799
f 4508 4800 4512
f 4512 4812 4508
f 4522 4798 4508
f 4508 4812 4522
f 4508 4798 4800
f 4510 4781 4509
f 4509 4809 4510
f 4509 4781 4779
f 4510 4761 4781
f 4512 4780 4511
f 4511 4812 4512
f 4511 4780 4782
f 4512 4800 4780
f 4514 4515 4513
f 4514 4513 4526
f 5039 4513 4515
f 4526 4513 4525
f 5039 4525 4513
f 4516 4515 4514
f 5040 4516 4514
f 5040 4514 4526
f 5041 4515 5015
f 5039 4515 5041
f 5016 4516 5042
f 5042 4516 5040
f 4615 4529 4517
f 4783 4517 4529
f 4615 4517 4616
f 4784 4517 4783
f 4642 4518 4530
f 4663 4530 4518
f 4618 4518 4642
f 4789 4531 4519
f 4792 4520 4532
f 4534 4809 4521
f 4521 4815 4534
f 4521 4799 4797
f 4521 4797 4815
f 4522 4812 4535
f 4535 4814 4522
f 4522 4816 4798
f 4522 4814 4816
f 4524 4525 4523
f 4524 4523 4564
f 5063 4523 4525
f 4564 4523 4561
f 5063 4561 4523
f 4526 4525 4524
f 5064 4526 4524
f 5064 4524 4564
f 5065 4525 5039
f 5063 4525 5065
f 5040 4526 5066
f 5066 4526 5064
f 4641 4527 4529
f 4783 4529 4527
f 4639 4565 4527
f 4783 4527 4565
f 4639 4527 4641
f 4640 4530 4528
f 4528 4530 4663
f 4663 4566 4528
f 4672 4528 4566
f 4640 4528 4672
f 4641 4529 4615
f 4642 4530 4640
f 4789 4569 4531
f 4532 4570 4792
f 4533 4809 4534
f 4534 4813 4533
f 4572 4809 4533
f 4533 4855 4572
f 4533 4813 4855
f 4534 4815 4813
f 4535 4812 4536
f 4536 4856 4535
f 4535 4856 4814
f 4536 4812 4573
f 4573 4854 4536
f 4536 4854 4856
f 4543 4537 4538
f 4544 4537 4543
f 4544 4582 4537
f 4542 4538 4539
f 4543 4538 4542
f 4541 4539 4540
f 4542 4539 4541
f 4541 4540 4558
f 4558 4540 4545
f 4583 4582 4544
f 4557 4545 4546
f 4558 4545 4557
f 4556 4546 4547
f 4557 4546 4556
f 4555 4547 4548
f 4556 4547 4555
f 4554 4548 4549
f 4555 4548 4554
f 4553 4549 4550
f 4554 4549 4553
f 4552 4550 4551
f 4553 4550 4552
f 4560 4562 4559
f 4560 4559 4590
f 5087 4559 4562
f 4590 4559 4589
f 5087 4589 4559
f 4563 4562 4560
f 5088 4563 4560
f 5088 4560 4590
f 4563 4561 4562
f 5089 4562 4561
f 4564 4561 4563
f 5089 4561 5063
f 5087 4562 5090
f 5090 4562 5089
f 5091 4564 4563
f 5091 4563 5088
f 5064 4564 5092
f 5092 4564 5091
f 4699 4591 4565
f 4802 4565 4591
f 4671 4565 4639
f 4699 4565 4671
f 4783 4565 4805
f 4805 4565 4802
f 4592 4566 4663
f 4698 4566 4592
f 4672 4566 4700
f 4700 4566 4698
f 4789 4567 4569
f 4593 4567 4789
f 4792 4570 4568
f 4792 4568 4594
f 4571 4809 4572
f 4572 4853 4571
f 4595 4809 4571
f 4571 4879 4595
f 4571 4853 4879
f 4572 4855 4853
f 4573 4812 4574
f 4574 4880 4573
f 4573 4880 4854
f 4574 4812 4596
f 4596 4878 4574
f 4574 4878 4880
f 4577 4575 4576
f 4578 4575 4577
f 4578 4601 4575
f 4577 4576 4586
f 4586 4576 4579
f 4602 4601 4578
f 4585 4579 4580
f 4586 4579 4585
f 4584 4580 4581
f 4585 4580 4584
f 4583 4581 4582
f 4584 4581 4583
f 4588 4589 4587
f 4588 4587 4610
f 5107 4587 4589
f 4610 4587 4609
f 5108 4609 4587
f 5108 4587 5107
f 4590 4589 4588
f 5109 4590 4588
f 5109 4588 4610
f 5111 4589 5087
f 5107 4589 5111
f 5088 4590 5112
f 5110 4590 5109
f 5112 4590 5110
f 4697 4613 4591
f 4802 4591 4613
f 4697 4591 4699
f 4663 4614 4592
f 4728 4592 4614
f 4698 4592 4728
f 4789 4616 4593
f 4594 4617 4792
f 4621 4809 4595
f 4595 4897 4621
f 4595 4879 4877
f 4595 4877 4897
f 4596 4812 4622
f 4622 4896 4596
f 4596 4898 4878
f 4596 4896 4898
f 4598 4597 4604
f 4598 4628 4597
f 4604 4597 4599
f 4629 4628 4598
f 4603 4599 4600
f 4604 4599 4603
f 4602 4600 4601
f 4603 4600 4602
f 4607 4605 4606
f 5131 4606 4605
f 4608 4605 4607
f 4608 4609 4605
f 5131 4605 4609
f 4607 4606 4636
f 4636 4606 4635
f 5132 4635 4606
f 5132 4606 5131
f 5133 4608 4607
f 5133 4607 4636
f 4610 4609 4608
f 5134 4610 4608
f 5134 4608 5133
f 5135 4609 5108
f 5131 4609 5135
f 5109 4610 5136
f 5136 4610 5134
f 4727 4611 4613
f 4801 4613 4611
f 4756 4637 4611
f 4851 4611 4637
f 4756 4611 4727
f 4801 4611 4851
f 4663 4612 4614
f 4757 4614 4612
f 4638 4612 4663
f 4758 4612 4638
f 4757 4612 4758
f 4727 4613 4697
f 4802 4613 4801
f 4728 4614 4757
f 4789 4615 4616
f 4641 4615 4789
f 4792 4617 4618
f 4792 4618 4642
f 4619 4809 4621
f 4621 4895 4619
f 4643 4809 4619
f 4619 4915 4643
f 4619 4895 4915
f 4622 4812 4620
f 4620 4916 4622
f 4620 4812 4644
f 4644 4914 4620
f 4620 4914 4916
f 4621 4897 4895
f 4622 4916 4896
f 4625 4623 4624
f 4626 4623 4625
f 4626 4648 4623
f 4625 4624 4630
f 4630 4624 4627
f 4649 4648 4626
f 4629 4627 4628
f 4630 4627 4629
f 4633 4631 4632
f 5149 4632 4631
f 4634 4631 4633
f 4634 4635 4631
f 5149 4631 4635
f 4633 4632 4656
f 4656 4632 4653
f 5150 4653 4632
f 5150 4632 5149
f 5151 4634 4633
f 5151 4633 4656
f 4636 4635 4634
f 5152 4636 4634
f 5152 4634 5151
f 5153 4635 5132
f 5149 4635 5153
f 5133 4636 5154
f 5154 4636 5152
f 4755 4669 4637
f 4849 4637 4669
f 4755 4637 4756
f 4851 4637 4849
f 4663 4670 4638
f 4774 4638 4670
f 4758 4638 4774
f 4789 4639 4641
f 4789 4671 4639
f 4642 4640 4792
f 4792 4640 4672
f 4673 4809 4643
f 4643 4913 4673
f 4643 4915 4913
f 4644 4812 4674
f 4674 4966 4644
f 4644 4966 4914
f 4646 4645 4650
f 4646 4677 4645
f 4650 4645 4647
f 4678 4677 4646
f 4649 4647 4648
f 4650 4647 4649
f 4652 4654 4651
f 4652 4651 4684
f 5170 4651 4654
f 4684 4651 4681
f 5170 4681 4651
f 4655 4654 4652
f 5171 4655 4652
f 5171 4652 4684
f 4655 4653 4654
f 5169 4654 4653
f 4656 4653 4655
f 5173 4653 5150
f 5169 4653 5173
f 5170 4654 5169
f 5171 4656 4655
f 5151 4656 5174
f 5172 4656 5171
f 5174 4656 5172
f 4658 4754 4657
f 5226 4658 4657
f 4657 4754 4753
f 5226 4657 5225
f 4659 4658 5227
f 5227 4658 5226
f 4660 4790 4659
f 4659 5228 4660
f 4659 4790 4789
f 4659 5227 5228
f 4773 4660 4669
f 4849 4669 4660
f 4790 4660 4773
f 4849 4660 4874
f 4873 4660 4871
f 4871 4660 4893
f 4874 4660 4873
f 4893 4660 4891
f 4891 4660 4911
f 4911 4660 4909
f 4909 4660 4961
f 4961 4660 4959
f 4660 4991 4959
f 4660 5228 4991
f 4664 4667 4663
f 4663 4667 4670
f 4665 4667 4664
f 4666 4667 4665
f 4695 4667 4666
f 4668 4792 4667
f 5236 4668 4667
f 4791 4670 4667
f 4690 4667 4689
f 4689 4667 4696
f 4691 4667 4690
f 4692 4667 4691
f 4726 4667 4692
f 4696 4667 4695
f 4723 4667 4722
f 4722 4667 4726
f 4724 4667 4723
f 4752 4667 4724
f 4750 4667 4749
f 4749 4667 4752
f 4772 4667 4750
f 4770 4667 4769
f 4769 4667 4772
f 4788 4667 4770
f 4786 4667 4785
f 4785 4667 4788
f 4806 4667 4786
f 4667 4792 4791
f 4804 4667 4803
f 4803 4667 4806
f 4852 4667 4804
f 4850 4667 4852
f 4875 4667 4850
f 4872 4667 4876
f 4894 4667 4872
f 4876 4667 4875
f 4892 4667 4894
f 4912 4667 4892
f 4910 4667 4912
f 4962 4667 4910
f 4960 4667 4962
f 4992 4667 4960
f 4990 4667 4992
f 5018 4667 4990
f 5016 4667 5018
f 5042 4667 5016
f 5040 4667 5042
f 5066 4667 5040
f 5064 4667 5066
f 5092 4667 5064
f 5091 4667 5092
f 5236 4667 5091
f 4773 4669 4755
f 4774 4670 4791
f 4699 4671 4789
f 4792 4672 4700
f 4701 4809 4673
f 4673 4963 4701
f 4673 4913 4965
f 4673 4965 4963
f 4674 4812 4702
f 4702 4994 4674
f 4674 4964 4966
f 4674 4994 4964
f 4676 4675 4678
f 4676 4706 4675
f 4678 4675 4677
f 4707 4706 4676
f 4680 4682 4679
f 4680 4679 4718
f 5185 4679 4682
f 4718 4679 4713
f 5186 4713 4679
f 5186 4679 5185
f 4683 4682 4680
f 5189 4683 4680
f 5189 4680 4718
f 4683 4681 4682
f 5170 4682 4681
f 4684 4681 4683
f 5191 4682 5170
f 5185 4682 5191
f 5192 4684 4683
f 5190 4683 5189
f 5192 4683 5190
f 5171 4684 5192
f 4789 4697 4699
f 4789 4727 4697
f 4700 4698 4792
f 4792 4698 4728
f 4729 4809 4701
f 4701 5021 4729
f 4701 4963 4993
f 4701 4993 5021
f 4702 4812 4730
f 4730 5020 4702
f 4702 5022 4994
f 4702 5020 5022
f 4704 4703 4708
f 4704 4733 4703
f 4708 4703 4705
f 4734 4733 4704
f 4707 4705 4706
f 4708 4705 4707
f 4711 4709 4710
f 5204 4710 4709
f 4712 4709 4711
f 4712 4715 4709
f 5204 4709 4715
f 4711 4710 4746
f 4746 4710 4735
f 5205 4735 4710
f 5205 4710 5204
f 5208 4712 4711
f 5208 4711 4746
f 4716 4715 4712
f 5209 4716 4712
f 5209 4712 5208
f 4717 4713 4714
f 5186 4714 4713
f 4718 4713 4717
f 4716 4714 4715
f 5203 4715 4714
f 4717 4714 4716
f 5187 4714 5186
f 5211 4714 5187
f 5203 4714 5211
f 5204 4715 5203
f 5209 4717 4716
f 5188 4718 4717
f 5188 4717 5212
f 5210 4717 5209
f 5212 4717 5210
f 5189 4718 5188
f 4756 4727 4789
f 4792 4728 4757
f 4759 4809 4729
f 4729 5045 4759
f 4729 5021 5019
f 4729 5019 5045
f 4730 4812 4760
f 4760 5044 4730
f 4730 5046 5020
f 4730 5044 5046
f 4732 4731 4734
f 4732 4764 4731
f 4734 4731 4733
f 4765 4764 4732
f 4745 4735 4736
f 5205 4736 4735
f 4746 4735 4745
f 4744 4736 4737
f 5237 4737 4736
f 4745 4736 4744
f 5206 4736 5205
f 5237 4736 5206
f 4743 4737 4738
f 5238 4738 4737
f 4744 4737 4743
f 5238 4737 5237
f 4742 4738 4739
f 5229 4739 4738
f 4743 4738 4742
f 5229 4738 5238
f 4741 4739 4740
f 5230 4740 4739
f 4742 4739 4741
f 5230 4739 5229
f 5231 4741 4740
f 5231 4740 5230
f 5232 4742 4741
f 5232 4741 5231
f 5233 4743 4742
f 5233 4742 5232
f 5234 4744 4743
f 5234 4743 5233
f 5239 4745 4744
f 5239 4744 5234
f 5207 4746 4745
f 5207 4745 5240
f 5240 4745 5239
f 5208 4746 5207
f 4789 4755 4756
f 4789 4773 4755
f 4757 4758 4792
f 4792 4758 4774
f 4776 4809 4759
f 4759 5043 4776
f 4759 5045 5043
f 4760 4812 4777
f 4777 5070 4760
f 4760 5070 5044
f 4762 4761 4766
f 4762 4781 4761
f 4766 4761 4763
f 4782 4781 4762
f 4765 4763 4764
f 4766 4763 4765
f 4790 4773 4789
f 4792 4774 4791
f 4775 4809 4776
f 4776 5069 4775
f 4794 4809 4775
f 4775 5067 4794
f 4775 5069 5067
f 4776 5043 5069
f 4777 4812 4778
f 4778 5068 4777
f 4777 5068 5070
f 4778 4812 4795
f 4795 5094 4778
f 4778 5094 5068
f 4780 4779 4782
f 4780 4799 4779
f 4782 4779 4781
f 4800 4799 4780
f 4793 4809 4794
f 4794 5093 4793
f 4810 4809 4793
f 4793 5117 4810
f 4793 5093 5117
f 4794 5067 5093
f 4795 4812 4796
f 4796 5118 4795
f 4795 5118 5094
f 4796 4812 4811
f 4811 5115 4796
f 4796 5115 5118
f 4798 4797 4800
f 4798 4815 4797
f 4800 4797 4799
f 4816 4815 4798
f 5114 4809 4810
f 5113 4809 5114
f 4810 5117 5114
f 5116 4811 4812
f 5115 4811 5116
f 4814 4813 4816
f 4814 4855 4813
f 4816 4813 4815
f 4856 4855 4814
f 4817 4818 4819
f 4817 4864 4818
f 5691 4817 4819
f 4863 4864 4817
f 5723 4863 4817
f 5725 4817 5691
f 5723 4817 5725
f 4819 4818 4820
f 4819 4820 4821
f 5667 4819 4821
f 5691 4819 5667
f 4821 4820 4822
f 4821 4822 4823
f 5639 4821 4823
f 5667 4821 5639
f 4823 4822 4824
f 4823 4824 4825
f 5615 4823 4825
f 5639 4823 5615
f 4825 4824 4826
f 4825 4826 4827
f 5593 4825 4827
f 5615 4825 5593
f 4827 4826 4828
f 4827 4828 4829
f 5569 4827 4829
f 5593 4827 5569
f 4829 4828 4830
f 4829 4830 4831
f 5549 4829 4831
f 5569 4829 5549
f 4831 4830 4832
f 4831 4832 4833
f 5531 4831 4833
f 5549 4831 5531
f 4833 4832 4834
f 4833 4834 4835
f 5513 4833 4835
f 5531 4833 5513
f 4835 4834 4836
f 4835 4836 4837
f 5495 4835 4837
f 5513 4835 5495
f 4837 4836 4838
f 4837 4838 4839
f 5473 4837 4839
f 5495 4837 5473
f 4839 4838 4840
f 4839 4840 4841
f 5449 4839 4841
f 5473 4839 5449
f 4841 4840 4842
f 4841 4842 4843
f 5433 4841 4843
f 5449 4841 5433
f 4843 4842 4844
f 4843 4844 4845
f 5409 4843 4845
f 5433 4843 5409
f 4845 4844 4846
f 4845 4846 4847
f 5387 4845 4847
f 5409 4845 5387
f 4847 4846 4848
f 4847 4848 4865
f 5359 4847 4865
f 5385 4847 5359
f 5387 4847 5385
f 4865 4848 4866
f 4854 4853 4856
f 4854 4879 4853
f 4856 4853 4855
f 4880 4879 4854
f 4857 4858 4859
f 4857 4886 4858
f 5813 4857 4859
f 4885 4886 4857
f 5811 4885 4857
f 5811 4857 5813
f 4859 4858 4860
f 4859 4860 4861
f 5785 4859 4861
f 5813 4859 5785
f 4861 4860 4862
f 4861 4862 4863
f 5765 4861 4863
f 5785 4861 5765
f 4863 4862 4864
f 5765 4863 5723
f 4865 4866 4867
f 5323 4865 4867
f 5359 4865 5323
f 4867 4866 4868
f 4867 4868 4869
f 5311 4867 4869
f 5323 4867 5311
f 4869 4868 4870
f 4869 4870 4887
f 5291 4869 4887
f 5309 4869 5291
f 5311 4869 5309
f 4887 4870 4888
f 4878 4877 4880
f 4878 4897 4877
f 4880 4877 4879
f 4898 4897 4878
f 4881 4882 4883
f 4881 4904 4882
f 5869 4881 4883
f 4903 4904 4881
f 5915 4903 4881
f 5915 4881 5869
f 4883 4882 4884
f 4883 4884 4885
f 5839 4883 4885
f 5869 4883 5839
f 4885 4884 4886
f 5839 4885 5811
f 4887 4888 4889
f 5275 4887 4889
f 5291 4887 5275
f 4889 4888 4890
f 4889 4890 4905
f 5261 4889 4905
f 5263 4889 5261
f 5275 4889 5263
f 4905 4890 4906
f 4896 4895 4898
f 4896 4915 4895
f 4898 4895 4897
f 4916 4915 4896
f 4899 4900 4901
f 4899 4922 4900
f 5943 4899 4901
f 4921 4922 4899
f 4899 5967 4921
f 5967 4899 5943
f 4901 4900 4902
f 4901 4902 4903
f 5913 4901 4903
f 5943 4901 5913
f 4903 4902 4904
f 5913 4903 5915
f 4905 4906 4907
f 5249 4905 4907
f 5261 4905 5249
f 4907 4906 4908
f 4907 4908 4955
f 5221 4907 4955
f 5223 4907 5221
f 5249 4907 5223
f 4955 4908 4956
f 4914 4913 4916
f 4914 4965 4913
f 4916 4913 4915
f 4966 4965 4914
f 4917 4918 4919
f 4917 4970 4918
f 4919 5351 4917
f 4969 4970 4917
f 4917 5349 4969
f 5351 5349 4917
f 4919 4918 4920
f 4919 4920 4921
f 4921 5377 4919
f 5353 5351 4919
f 5355 5353 4919
f 4919 5377 5355
f 4921 4920 4922
f 4921 5379 5377
f 5381 5379 4921
f 4921 5403 5381
f 5405 5403 4921
f 4921 5965 5405
f 4921 5967 5965
f 4924 4925 4923
f 4924 4923 4978
f 4978 4923 4977
f 4926 4925 4924
f 4926 4924 5406
f 5406 4924 4978
f 4926 4927 4925
f 4928 4927 4926
f 5406 4928 4926
f 4928 4929 4927
f 4930 4929 4928
f 5406 4930 4928
f 4930 4931 4929
f 4932 4931 4930
f 5406 4932 4930
f 4932 4933 4931
f 4934 4933 4932
f 4934 4932 5406
f 4934 4935 4933
f 4936 4935 4934
f 5406 4936 4934
f 4936 4937 4935
f 4938 4937 4936
f 5406 4938 4936
f 4938 4939 4937
f 4940 4939 4938
f 4940 4938 5406
f 4940 4941 4939
f 4942 4941 4940
f 5406 4942 4940
f 4942 4943 4941
f 4944 4943 4942
f 5406 4944 4942
f 4944 4945 4943
f 4946 4945 4944
f 4944 5494 4946
f 5406 5494 4944
f 4946 4947 4945
f 4948 4947 4946
f 4946 5472 4948
f 4946 5494 5472
f 4948 4949 4947
f 4950 4949 4948
f 4948 5448 4950
f 4948 5472 5448
f 4950 4951 4949
f 4952 4951 4950
f 4950 5432 4952
f 4950 5448 5432
f 4952 4953 4951
f 4954 4953 4952
f 4952 5408 4954
f 4952 5432 5408
f 4954 4979 4953
f 4980 4979 4954
f 4954 5384 4980
f 4954 5408 5384
f 4955 4956 4957
f 5201 4955 4957
f 5221 4955 5201
f 4957 4956 4958
f 4957 4958 4985
f 5183 4957 4985
f 5201 4957 5183
f 4985 4958 4986
f 4964 4963 4966
f 4964 4993 4963
f 4966 4963 4965
f 4994 4993 4964
f 4967 4968 4969
f 4967 4998 4968
f 4969 5347 4967
f 4997 4998 4967
f 4967 5345 4997
f 4967 5347 5345
f 4969 4968 4970
f 4969 5349 5347
f 4972 4973 4971
f 4972 4971 5004
f 5004 4971 5003
f 4974 4973 4972
f 4974 4972 5406
f 5406 4972 5004
f 4974 4975 4973
f 4976 4975 4974
f 5406 4976 4974
f 4976 4977 4975
f 4978 4977 4976
f 5406 4978 4976
f 4980 4981 4979
f 4982 4981 4980
f 4980 5384 4982
f 4982 4983 4981
f 4984 4983 4982
f 4982 5322 4984
f 4982 5358 5322
f 4982 5384 5358
f 4984 5005 4983
f 5006 5005 4984
f 4984 5308 5006
f 4984 5322 5308
f 4985 4986 4987
f 5167 4985 4987
f 5183 4985 5167
f 4987 4986 4988
f 4987 4988 5011
f 5165 4987 5011
f 5167 4987 5165
f 5011 4988 5012
f 4989 4991 5228
f 5228 5017 4989
f 4994 5021 4993
f 5022 5021 4994
f 4995 4996 4997
f 4995 5026 4996
f 4997 5343 4995
f 5025 5026 4995
f 4995 5341 5025
f 4995 5343 5341
f 4997 4996 4998
f 5345 5343 4997
f 5000 5001 4999
f 5000 4999 5032
f 5032 4999 5031
f 5002 5001 5000
f 5406 5002 5000
f 5032 5380 5000
f 5000 5380 5382
f 5382 5404 5000
f 5000 5404 5406
f 5002 5003 5001
f 5004 5003 5002
f 5406 5004 5002
f 5006 5007 5005
f 5008 5007 5006
f 5006 5306 5008
f 5006 5308 5306
f 5008 5009 5007
f 5010 5009 5008
f 5008 5290 5010
f 5008 5306 5290
f 5010 5033 5009
f 5034 5033 5010
f 5010 5274 5034
f 5010 5290 5274
f 5011 5012 5013
f 5147 5011 5013
f 5165 5011 5147
f 5013 5012 5014
f 5013 5014 5037
f 5129 5013 5037
f 5147 5013 5129
f 5037 5014 5038
f 5228 5015 5017
f 5041 5015 5228
f 5020 5019 5022
f 5020 5045 5019
f 5022 5019 5021
f 5046 5045 5020
f 5023 5024 5025
f 5023 5050 5024
f 5025 5373 5023
f 5049 5050 5023
f 5023 5371 5049
f 5023 5373 5371
f 5025 5024 5026
f 5341 5375 5025
f 5025 5375 5373
f 5028 5029 5027
f 5028 5027 5054
f 5054 5027 5053
f 5030 5029 5028
f 5028 5352 5030
f 5054 5350 5028
f 5028 5350 5352
f 5030 5031 5029
f 5032 5031 5030
f 5030 5356 5032
f 5030 5352 5354
f 5030 5354 5356
f 5032 5356 5378
f 5032 5378 5380
f 5034 5035 5033
f 5036 5035 5034
f 5034 5272 5036
f 5034 5274 5272
f 5036 5055 5035
f 5056 5055 5036
f 5036 5260 5056
f 5036 5272 5260
f 5037 5038 5059
f 5105 5037 5059
f 5129 5037 5105
f 5059 5038 5060
f 5228 5039 5041
f 5228 5065 5039
f 5044 5043 5046
f 5044 5069 5043
f 5046 5043 5045
f 5070 5069 5044
f 5047 5048 5049
f 5047 5074 5048
f 5049 5401 5047
f 5073 5074 5047
f 5047 5399 5073
f 5047 5401 5399
f 5049 5048 5050
f 5049 5371 5401
f 5052 5053 5051
f 5052 5051 5078
f 5078 5051 5077
f 5054 5053 5052
f 5052 5348 5054
f 5078 5346 5052
f 5052 5346 5348
f 5054 5348 5350
f 5056 5057 5055
f 5058 5057 5056
f 5056 5248 5058
f 5056 5260 5248
f 5058 5079 5057
f 5080 5079 5058
f 5058 5220 5080
f 5058 5248 5220
f 5059 5060 5061
f 5085 5059 5061
f 5105 5059 5085
f 5061 5060 5062
f 5061 5062 5085
f 5085 5062 5086
f 5228 5063 5065
f 5228 5089 5063
f 5068 5067 5070
f 5068 5093 5067
f 5070 5067 5069
f 5094 5093 5068
f 5071 5072 5073
f 5071 5096 5072
f 5425 5071 5073
f 5095 5096 5071
f 5423 5095 5071
f 5423 5071 5425
f 5073 5072 5074
f 5425 5073 5399
f 5076 5077 5075
f 5076 5075 5100
f 5100 5075 5099
f 5078 5077 5076
f 5076 5342 5078
f 5100 5376 5076
f 5076 5376 5342
f 5342 5344 5078
f 5344 5346 5078
f 5080 5081 5079
f 5082 5081 5080
f 5080 5200 5082
f 5080 5220 5200
f 5082 5083 5081
f 5084 5083 5082
f 5082 5200 5084
f 5084 5101 5083
f 5102 5101 5084
f 5084 5182 5102
f 5084 5200 5182
f 5085 5086 5105
f 5105 5086 5106
f 5087 5090 5228
f 5228 5111 5087
f 5091 5088 5236
f 5236 5088 5112
f 5228 5090 5089
f 5094 5117 5093
f 5118 5117 5094
f 5095 5120 5096
f 5119 5120 5095
f 5443 5119 5095
f 5443 5095 5423
f 5098 5099 5097
f 5098 5097 5124
f 5124 5097 5123
f 5100 5099 5098
f 5098 5374 5100
f 5124 5372 5098
f 5098 5372 5374
f 5100 5374 5376
f 5102 5103 5101
f 5104 5103 5102
f 5102 5182 5104
f 5104 5125 5103
f 5126 5125 5104
f 5104 5164 5126
f 5104 5182 5164
f 5105 5106 5129
f 5129 5106 5130
f 5130 5106 5334
f 5228 5108 5107
f 5107 5111 5228
f 5228 5135 5108
f 5236 5110 5109
f 5236 5109 5136
f 5112 5110 5236
f 5114 5903 5113
f 5114 5118 5115
f 5114 5115 5904
f 5117 5118 5114
f 5904 5903 5114
f 5115 5116 5905
f 5904 5115 5905
f 5905 5116 5906
f 5119 5138 5120
f 5137 5138 5119
f 5489 5137 5119
f 5465 5119 5443
f 5463 5119 5465
f 5489 5119 5463
f 5122 5123 5121
f 5122 5121 5142
f 5142 5121 5141
f 5124 5123 5122
f 5122 5402 5124
f 5142 5400 5122
f 5122 5400 5402
f 5124 5402 5372
f 5126 5127 5125
f 5128 5127 5126
f 5126 5146 5128
f 5126 5162 5146
f 5126 5164 5162
f 5128 5143 5127
f 5127 5143 5281
f 5144 5143 5128
f 5128 5146 5144
f 5129 5130 5147
f 5147 5130 5148
f 5148 5130 5334
f 5228 5132 5131
f 5228 5131 5135
f 5228 5153 5132
f 5236 5134 5133
f 5236 5133 5154
f 5236 5136 5134
f 5137 5156 5138
f 5155 5156 5137
f 5507 5155 5137
f 5507 5137 5489
f 5140 5141 5139
f 5140 5139 5160
f 5160 5139 5159
f 5142 5141 5140
f 5140 5426 5142
f 5160 5424 5140
f 5424 5426 5140
f 5142 5426 5400
f 5144 5145 5143
f 5281 5143 5145
f 5146 5145 5144
f 5146 5161 5145
f 5145 5161 5281
f 5162 5161 5146
f 5147 5148 5165
f 5165 5148 5166
f 5334 5166 5148
f 5228 5150 5149
f 5149 5153 5228
f 5228 5173 5150
f 5236 5152 5151
f 5236 5151 5174
f 5154 5152 5236
f 5155 5176 5156
f 5175 5176 5155
f 5525 5175 5155
f 5525 5155 5507
f 5158 5159 5157
f 5158 5157 5180
f 5180 5157 5179
f 5160 5159 5158
f 5158 5444 5160
f 5180 5444 5158
f 5160 5444 5424
f 5162 5163 5161
f 5281 5161 5163
f 5164 5163 5162
f 5164 5181 5163
f 5281 5163 5181
f 5182 5181 5164
f 5165 5166 5167
f 5167 5166 5168
f 5168 5166 5334
f 5167 5168 5183
f 5183 5168 5184
f 5334 5184 5168
f 5228 5170 5169
f 5169 5173 5228
f 5191 5170 5228
f 5236 5172 5171
f 5171 5192 5236
f 5174 5172 5236
f 5175 5194 5176
f 5193 5194 5175
f 5563 5193 5175
f 5543 5175 5525
f 5563 5175 5543
f 5178 5179 5177
f 5178 5177 5198
f 5198 5177 5197
f 5180 5179 5178
f 5178 5464 5180
f 5198 5490 5178
f 5178 5490 5464
f 5180 5466 5444
f 5180 5464 5466
f 5182 5199 5181
f 5281 5181 5199
f 5200 5199 5182
f 5183 5184 5201
f 5201 5184 5202
f 5202 5184 5334
f 5228 5186 5185
f 5228 5185 5191
f 5228 5187 5186
f 5211 5187 5228
f 5236 5189 5188
f 5188 5212 5236
f 5236 5190 5189
f 5236 5192 5190
f 5193 5216 5194
f 5215 5216 5193
f 5607 5215 5193
f 5587 5193 5563
f 5607 5193 5587
f 5196 5197 5195
f 5196 5195 5218
f 5218 5195 5217
f 5198 5197 5196
f 5196 5508 5198
f 5218 5508 5196
f 5198 5508 5490
f 5200 5219 5199
f 5281 5199 5219
f 5220 5219 5200
f 5201 5202 5221
f 5221 5202 5222
f 5334 5222 5202
f 5228 5204 5203
f 5203 5211 5228
f 5228 5205 5204
f 5228 5206 5205
f 5228 5237 5206
f 5236 5208 5207
f 5236 5207 5240
f 5236 5209 5208
f 5236 5210 5209
f 5212 5210 5236
f 5213 5214 5215
f 5213 5242 5214
f 5681 5213 5215
f 5241 5242 5213
f 5681 5241 5213
f 5215 5214 5216
f 5633 5215 5607
f 5657 5215 5633
f 5659 5215 5657
f 5681 5215 5659
f 5218 5217 5246
f 5246 5217 5245
f 5246 5544 5218
f 5526 5508 5218
f 5218 5544 5526
f 5220 5247 5219
f 5281 5219 5247
f 5248 5247 5220
f 5221 5222 5223
f 5223 5222 5224
f 5334 5224 5222
f 5223 5224 5249
f 5249 5224 5250
f 5334 5250 5224
f 5226 5225 5282
f 5282 5225 5281
f 5227 5226 6477
f 5226 5282 6493
f 6477 5226 6493
f 5227 5295 5228
f 5227 6480 5295
f 6477 6480 5227
f 5228 5230 5229
f 5228 5229 5238
f 5228 5231 5230
f 5253 5231 5228
f 5238 5237 5228
f 5296 5253 5228
f 5228 5295 5296
f 5231 5880 5232
f 5253 5251 5231
f 5231 5251 5265
f 5231 5265 5279
f 5279 5277 5231
f 5231 5277 5293
f 5293 5313 5231
f 5231 5313 5327
f 5231 5327 5325
f 5325 5361 5231
f 5231 5361 5391
f 5231 5391 5389
f 5389 5411 5231
f 5231 5411 5412
f 5231 5412 5435
f 5435 5453 5231
f 5231 5453 5451
f 5231 5451 5477
f 5477 5475 5231
f 5231 5475 5497
f 5231 5497 5498
f 5498 5515 5231
f 5231 5515 5516
f 5231 5516 5533
f 5231 5533 5551
f 5231 5551 5552
f 5552 5571 5231
f 5231 5571 5572
f 5231 5572 5595
f 5231 5595 5619
f 5231 5619 5617
f 5617 5645 5231
f 5231 5641 5642
f 5231 5645 5641
f 5642 5669 5231
f 5231 5669 5670
f 5231 5670 5697
f 5231 5693 5694
f 5697 5693 5231
f 5231 5694 5731
f 5231 5727 5728
f 5731 5727 5231
f 5231 5728 5769
f 5769 5767 5231
f 5231 5767 5793
f 5231 5787 5788
f 5793 5787 5231
f 5231 5788 5789
f 5789 5821 5231
f 5231 5815 5816
f 5231 5821 5815
f 5816 5817 5231
f 5231 5817 5849
f 5231 5841 5842
f 5231 5849 5841
f 5231 5842 5843
f 5843 5844 5231
f 5231 5844 5889
f 5231 5871 5872
f 5890 5871 5231
f 5231 5872 5873
f 5873 5874 5231
f 5231 5874 5875
f 5231 5875 5876
f 5876 5877 5231
f 5231 5877 5878
f 5231 5878 5879
f 5879 5880 5231
f 5231 5889 5890
f 5236 5233 5232
f 5232 5235 5236
f 5232 5254 5235
f 5252 5254 5232
f 5232 5266 5252
f 5232 5280 5266
f 5278 5280 5232
f 5232 5294 5278
f 5314 5294 5232
f 5232 5328 5314
f 5232 5326 5328
f 5362 5326 5232
f 5232 5392 5362
f 5232 5390 5392
f 5414 5390 5232
f 5232 5413 5414
f 5232 5436 5413
f 5454 5436 5232
f 5232 5452 5454
f 5232 5478 5452
f 5476 5478 5232
f 5232 5500 5476
f 5232 5499 5500
f 5518 5499 5232
f 5232 5517 5518
f 5232 5534 5517
f 5232 5554 5534
f 5232 5553 5554
f 5574 5553 5232
f 5232 5573 5574
f 5232 5596 5573
f 5232 5620 5596
f 5232 5618 5620
f 5646 5618 5232
f 5232 5643 5644
f 5672 5643 5232
f 5232 5644 5646
f 5232 5671 5672
f 5232 5698 5671
f 5232 5695 5696
f 5232 5732 5695
f 5696 5698 5232
f 5232 5729 5730
f 5232 5770 5729
f 5730 5732 5232
f 5768 5770 5232
f 5232 5794 5768
f 5232 5790 5791
f 5822 5790 5232
f 5232 5791 5792
f 5792 5794 5232
f 5818 5819 5232
f 5232 5850 5818
f 5232 5819 5820
f 5232 5820 5822
f 5845 5846 5232
f 5232 5892 5845
f 5232 5846 5847
f 5232 5847 5848
f 5232 5848 5850
f 5232 5880 5881
f 5232 5881 5882
f 5882 5883 5232
f 5232 5883 5884
f 5232 5884 5885
f 5885 5886 5232
f 5232 5886 5887
f 5232 5887 5888
f 5888 5891 5232
f 5232 5891 5892
f 5236 5234 5233
f 5236 5239 5234
f 5235 5297 5236
f 5316 5235 5254
f 5297 5235 5316
f 5240 5239 5236
f 5236 5297 5298
f 5236 5298 6478
f 6479 5236 6478
f 5241 5256 5242
f 5255 5256 5241
f 5255 5241 5681
f 5244 5245 5243
f 5244 5243 5258
f 5258 5243 5257
f 5246 5245 5244
f 5244 5544 5246
f 5258 5564 5244
f 5244 5564 5544
f 5248 5259 5247
f 5247 5259 5281
f 5260 5259 5248
f 5249 5250 5261
f 5261 5250 5262
f 5334 5262 5250
f 5315 5251 5253
f 5329 5265 5251
f 5329 5251 5315
f 5332 5254 5252
f 5331 5252 5266
f 5332 5252 5331
f 5315 5253 5296
f 5316 5254 5332
f 5255 5268 5256
f 5267 5268 5255
f 5681 5267 5255
f 5258 5257 5270
f 5270 5257 5269
f 5270 5634 5258
f 5588 5564 5258
f 5258 5608 5588
f 5258 5634 5608
f 5260 5271 5259
f 5259 5271 5281
f 5272 5271 5260
f 5261 5262 5263
f 5263 5262 5264
f 5334 5264 5262
f 5263 5264 5275
f 5275 5264 5276
f 5276 5264 5334
f 5330 5279 5265
f 5330 5265 5329
f 5366 5266 5280
f 5331 5266 5366
f 5267 5286 5268
f 5285 5286 5267
f 5285 5267 5681
f 5270 5269 5288
f 5288 5269 5287
f 6254 5270 5288
f 5658 5634 5270
f 5270 5660 5658
f 5270 5682 5660
f 5270 6256 5682
f 6256 5270 6254
f 5272 5273 5271
f 5281 5271 5273
f 5274 5273 5272
f 5274 5289 5273
f 5281 5273 5289
f 5290 5289 5274
f 5275 5276 5291
f 5291 5276 5292
f 5334 5292 5276
f 5365 5277 5279
f 5363 5293 5277
f 5363 5277 5365
f 5364 5280 5278
f 5394 5278 5294
f 5364 5278 5394
f 5365 5279 5330
f 5366 5280 5364
f 5282 5281 6498
f 5281 5289 5305
f 5305 5307 5281
f 5281 5307 5321
f 5321 5357 5281
f 5281 5357 5383
f 5281 5383 5407
f 5407 5431 5281
f 5281 5431 5447
f 5281 5447 5471
f 5471 5493 5281
f 5281 5493 5511
f 5281 5511 5529
f 5529 5547 5281
f 5547 5567 5281
f 5281 5567 5591
f 5281 5591 5613
f 5613 5637 5281
f 5281 5637 5665
f 5281 5665 5689
f 5689 5721 5281
f 5281 5721 5763
f 5281 5763 5783
f 5783 5809 5281
f 5281 5809 5807
f 5807 5837 5281
f 5281 5837 5867
f 5867 5865 5281
f 5281 5865 5911
f 5911 5941 5281
f 5281 5941 5939
f 5939 5963 5281
f 5281 5963 5991
f 5281 5991 6497
f 6498 5281 6497
f 6493 5282 6498
f 5283 5284 5285
f 5283 5300 5284
f 5681 5283 5285
f 5299 5300 5283
f 5681 5299 5283
f 5285 5284 5286
f 5288 5287 5304
f 5304 5287 5303
f 6252 5288 5304
f 6254 5288 6252
f 5290 5305 5289
f 5306 5305 5290
f 5291 5292 5309
f 5309 5292 5310
f 5310 5292 5334
f 5417 5313 5293
f 5393 5293 5363
f 5417 5293 5393
f 5416 5294 5314
f 5394 5294 5418
f 5418 5294 5416
f 5295 5315 5296
f 5295 5329 5315
f 5330 5329 5295
f 5295 5365 5330
f 5295 5363 5365
f 5393 5363 5295
f 5295 5417 5393
f 5295 5415 5417
f 5437 5415 5295
f 5295 5455 5437
f 5295 5456 5455
f 5481 5456 5295
f 5295 5479 5481
f 5295 5501 5479
f 5519 5501 5295
f 5295 5537 5519
f 5535 5537 5295
f 5295 5557 5535
f 5295 5555 5557
f 5575 5555 5295
f 5295 5597 5575
f 5621 5597 5295
f 5295 5622 5621
f 5295 5647 5622
f 5648 5647 5295
f 5295 5673 5648
f 5699 5673 5295
f 5295 5700 5699
f 5295 5735 5700
f 6480 5735 5295
f 5297 5316 5298
f 5298 5316 5332
f 5298 5332 5331
f 5331 5366 5298
f 5298 5366 5364
f 5298 5364 5394
f 5394 5418 5298
f 5298 5418 5416
f 5298 5416 5438
f 5438 5458 5298
f 5298 5458 5457
f 5298 5457 5482
f 5482 5480 5298
f 5298 5480 5502
f 5298 5502 5520
f 5298 5520 5538
f 5298 5538 5536
f 5536 5558 5298
f 5298 5558 5556
f 5298 5556 5576
f 5576 5598 5298
f 5298 5598 5624
f 5624 5623 5298
f 5298 5623 5650
f 5298 5650 5649
f 5649 5674 5298
f 5298 5674 6481
f 6478 5298 6481
f 5299 5318 5300
f 5317 5318 5299
f 5681 5317 5299
f 5302 5303 5301
f 5302 5301 5320
f 5320 5301 5319
f 5304 5303 5302
f 6252 5304 5302
f 6282 5302 5320
f 6252 5302 6282
f 5306 5307 5305
f 5308 5307 5306
f 5308 5321 5307
f 5322 5321 5308
f 5309 5310 5311
f 5311 5310 5312
f 5334 5312 5310
f 5311 5312 5323
f 5323 5312 5324
f 5334 5324 5312
f 5415 5327 5313
f 5415 5313 5417
f 5438 5314 5328
f 5416 5314 5438
f 5317 5338 5318
f 5337 5338 5317
f 5337 5317 5681
f 5320 5319 5340
f 5340 5319 5339
f 6280 5320 5340
f 6282 5320 6280
f 5322 5357 5321
f 5358 5357 5322
f 5323 5324 5359
f 5334 5360 5324
f 5359 5324 5360
f 5437 5325 5327
f 5455 5361 5325
f 5455 5325 5437
f 5458 5328 5326
f 5457 5326 5362
f 5458 5326 5457
f 5437 5327 5415
f 5438 5328 5458
f 5333 6500 5334
f 6499 6500 5333
f 5333 6515 6499
f 5386 5360 5334
f 5334 5388 5386
f 5334 5410 5388
f 5334 5434 5410
f 5334 5450 5434
f 5334 5474 5450
f 5496 5474 5334
f 5334 5514 5496
f 5334 5532 5514
f 5334 5550 5532
f 5334 5570 5550
f 5594 5570 5334
f 5334 5616 5594
f 5334 5640 5616
f 5334 5668 5640
f 5334 5692 5668
f 5726 5692 5334
f 5334 5724 5726
f 5334 5766 5724
f 5334 5786 5766
f 5814 5786 5334
f 5334 5812 5814
f 5334 5840 5812
f 5334 5870 5840
f 5334 5916 5870
f 5914 5916 5334
f 5334 5944 5914
f 5968 5944 5334
f 5334 5966 5968
f 5334 5994 5966
f 5334 6040 5994
f 5334 6060 6040
f 5334 6058 6060
f 6082 6058 5334
f 5334 6104 6082
f 6500 6104 5334
f 5335 5336 5337
f 5335 5368 5336
f 5681 5335 5337
f 5367 5368 5335
f 5681 5367 5335
f 5337 5336 5338
f 5340 5339 5370
f 5370 5339 5369
f 6278 5340 5370
f 6280 5340 6278
f 5342 5341 5344
f 5342 5375 5341
f 5344 5341 5343
f 5376 5375 5342
f 5344 5343 5346
f 5346 5343 5345
f 5346 5345 5348
f 5348 5345 5347
f 5348 5347 5350
f 5350 5347 5349
f 5350 5349 5352
f 5352 5349 5351
f 5352 5351 5354
f 5354 5351 5353
f 5354 5353 5356
f 5356 5353 5355
f 5356 5355 5378
f 5378 5355 5377
f 5358 5383 5357
f 5384 5383 5358
f 5359 5360 5385
f 5385 5360 5386
f 5456 5391 5361
f 5456 5361 5455
f 5482 5362 5392
f 5457 5362 5482
f 5367 5396 5368
f 5395 5396 5367
f 5681 5395 5367
f 5370 5369 5398
f 5398 5369 5397
f 6324 5370 5398
f 6278 5370 6326
f 6326 5370 6324
f 5372 5371 5374
f 5372 5401 5371
f 5374 5371 5373
f 5402 5401 5372
f 5374 5373 5376
f 5376 5373 5375
f 5378 5377 5380
f 5380 5377 5379
f 5380 5379 5382
f 5382 5379 5381
f 5382 5381 5404
f 5404 5381 5403
f 5384 5407 5383
f 5408 5407 5384
f 5385 5386 5387
f 5387 5386 5388
f 5387 5388 5409
f 5409 5388 5410
f 5481 5389 5391
f 5479 5411 5389
f 5479 5389 5481
f 5480 5392 5390
f 5502 5390 5414
f 5480 5390 5502
f 5481 5391 5456
f 5482 5392 5480
f 5395 5420 5396
f 5419 5420 5395
f 5419 5395 5681
f 5398 5397 5422
f 5422 5397 5421
f 6322 5398 5422
f 6324 5398 6322
f 5400 5399 5402
f 5400 5425 5399
f 5402 5399 5401
f 5426 5425 5400
f 5404 5403 5406
f 5406 5403 5405
f 5406 5405 5428
f 5428 5405 5427
f 5405 5965 5427
f 5428 5494 5406
f 5408 5431 5407
f 5432 5431 5408
f 5409 5410 5433
f 5433 5410 5434
f 5501 5412 5411
f 5501 5411 5479
f 5519 5435 5412
f 5519 5412 5501
f 5520 5414 5413
f 5520 5413 5436
f 5502 5414 5520
f 5419 5440 5420
f 5439 5440 5419
f 5681 5439 5419
f 5422 5421 5442
f 5442 5421 5441
f 6320 5422 5442
f 6322 5422 6320
f 5424 5423 5426
f 5424 5443 5423
f 5426 5423 5425
f 5444 5443 5424
f 5428 5427 5430
f 5430 5427 5429
f 5427 5965 5429
f 5430 5494 5428
f 5430 5429 5446
f 5446 5429 5445
f 5429 5965 5445
f 5446 5494 5430
f 5432 5447 5431
f 5448 5447 5432
f 5433 5434 5449
f 5449 5434 5450
f 5519 5453 5435
f 5538 5436 5454
f 5520 5436 5538
f 5439 5460 5440
f 5459 5460 5439
f 5459 5439 5681
f 5442 5441 5462
f 5462 5441 5461
f 6318 5442 5462
f 6320 5442 6318
f 5444 5465 5443
f 5466 5465 5444
f 5446 5445 5468
f 5468 5445 5467
f 5445 5965 5467
f 5468 5494 5446
f 5448 5471 5447
f 5472 5471 5448
f 5449 5450 5473
f 5473 5450 5474
f 5537 5451 5453
f 5535 5477 5451
f 5535 5451 5537
f 5536 5454 5452
f 5558 5452 5478
f 5536 5452 5558
f 5537 5453 5519
f 5538 5454 5536
f 5459 5484 5460
f 5483 5484 5459
f 5681 5483 5459
f 5462 5461 5488
f 5488 5461 5487
f 6316 5462 5488
f 6318 5462 6316
f 5464 5463 5466
f 5464 5489 5463
f 5466 5463 5465
f 5490 5489 5464
f 5468 5467 5470
f 5470 5467 5469
f 5467 5993 5469
f 5467 5965 5993
f 5470 5494 5468
f 5470 5469 5492
f 5492 5469 5491
f 5469 5993 5491
f 5492 5512 5470
f 5470 5512 5494
f 5472 5493 5471
f 5494 5493 5472
f 5473 5474 5495
f 5495 5474 5496
f 5557 5475 5477
f 5555 5497 5475
f 5555 5475 5557
f 5556 5478 5476
f 5576 5476 5500
f 5556 5476 5576
f 5557 5477 5535
f 5558 5478 5556
f 5483 5504 5484
f 5503 5504 5483
f 5681 5503 5483
f 5486 5487 5485
f 5486 5485 5506
f 5506 5485 5505
f 5488 5487 5486
f 6316 5488 5486
f 6314 5486 5506
f 6316 5486 6314
f 5490 5507 5489
f 5508 5507 5490
f 5492 5491 5510
f 5510 5491 5509
f 5491 5993 5509
f 5510 5512 5492
f 5494 5511 5493
f 5512 5511 5494
f 5495 5496 5513
f 5513 5496 5514
f 5575 5498 5497
f 5575 5497 5555
f 5597 5515 5498
f 5597 5498 5575
f 5598 5500 5499
f 5598 5499 5518
f 5576 5500 5598
f 5503 5522 5504
f 5521 5522 5503
f 5521 5503 5681
f 5506 5505 5524
f 5524 5505 5523
f 6312 5506 5524
f 6314 5506 6312
f 5508 5525 5507
f 5526 5525 5508
f 5510 5509 5528
f 5528 5509 5527
f 5509 5993 5527
f 5528 5512 5510
f 5512 5529 5511
f 5528 5530 5512
f 5530 5529 5512
f 5513 5514 5531
f 5531 5514 5532
f 5597 5516 5515
f 5621 5533 5516
f 5621 5516 5597
f 5624 5518 5517
f 5623 5517 5534
f 5624 5517 5623
f 5598 5518 5624
f 5521 5540 5522
f 5539 5540 5521
f 5681 5539 5521
f 5524 5523 5542
f 5542 5523 5541
f 6342 5524 5542
f 6312 5524 6344
f 6344 5524 6342
f 5526 5543 5525
f 5544 5543 5526
f 5528 5527 5546
f 5546 5527 5545
f 5527 6039 5545
f 5527 5993 6039
f 5528 5548 5530
f 5546 5548 5528
f 5530 5547 5529
f 5548 5547 5530
f 5531 5532 5549
f 5549 5532 5550
f 5647 5551 5533
f 5622 5533 5621
f 5647 5533 5622
f 5649 5534 5554
f 5623 5534 5650
f 5650 5534 5649
f 5539 5560 5540
f 5559 5560 5539
f 5559 5539 5681
f 5542 5541 5562
f 5562 5541 5561
f 6310 5542 5562
f 6342 5542 6310
f 5544 5563 5543
f 5564 5563 5544
f 5546 5545 5566
f 5566 5545 5565
f 5545 6059 5565
f 5545 6039 6059
f 5546 5568 5548
f 5566 5614 5546
f 5546 5592 5568
f 5546 5614 5592
f 5548 5567 5547
f 5568 5567 5548
f 5549 5550 5569
f 5569 5550 5570
f 5648 5552 5551
f 5648 5551 5647
f 5673 5571 5552
f 5673 5552 5648
f 5674 5554 5553
f 5674 5553 5574
f 5649 5554 5674
f 5559 5582 5560
f 5581 5582 5559
f 5681 5581 5559
f 5562 5561 5584
f 5584 5561 5583
f 6308 5562 5584
f 6310 5562 6308
f 5564 5587 5563
f 5588 5587 5564
f 5566 5565 5590
f 5590 5565 5589
f 5565 6057 5589
f 5565 6059 6057
f 5590 5690 5566
f 5566 5638 5614
f 5566 5666 5638
f 5566 5690 5666
f 5568 5591 5567
f 5592 5591 5568
f 5569 5570 5593
f 5593 5570 5594
f 5673 5572 5571
f 5699 5595 5572
f 5699 5572 5673
f 5702 5574 5573
f 5701 5573 5596
f 5702 5573 5701
f 5674 5574 5702
f 5599 5577 5578
f 5903 5578 5577
f 5600 5577 5599
f 5625 5577 5600
f 5626 5577 5625
f 5651 5577 5626
f 5675 5577 5651
f 5703 5577 5675
f 5739 5577 5703
f 5777 5577 5739
f 5775 5577 5777
f 5799 5577 5775
f 5829 5577 5799
f 5857 5577 5829
f 5858 5577 5857
f 5899 5577 5858
f 5900 5577 5899
f 5927 5577 5900
f 5903 5577 6501
f 5925 5577 5927
f 5953 5577 5925
f 5954 5577 5953
f 5977 5577 5954
f 5978 5577 5977
f 6023 5577 5978
f 6021 5577 6024
f 6021 6487 5577
f 6024 5577 6023
f 6501 5577 6487
f 5578 5904 5599
f 5904 5578 5903
f 5579 5580 5602
f 5905 5580 5579
f 5602 5932 5579
f 5579 5932 5905
f 5602 5580 5601
f 5601 5580 5628
f 5628 5580 5627
f 5627 5580 5652
f 5652 5580 5676
f 5676 5580 5704
f 5704 5580 5740
f 5740 5580 5778
f 5778 5580 5776
f 5776 5580 5800
f 5800 5580 5830
f 5830 5580 5860
f 5860 5580 5859
f 5859 5580 5902
f 5902 5580 5901
f 5901 5580 5928
f 5906 5580 5905
f 5906 6488 5580
f 5928 5580 5926
f 5926 5580 5956
f 5956 5580 5955
f 5955 5580 5980
f 5980 5580 5979
f 5979 5580 6488
f 5581 5604 5582
f 5603 5604 5581
f 5681 5603 5581
f 5584 5583 5586
f 5586 5583 5585
f 6306 5584 5586
f 6308 5584 6306
f 5586 5585 5606
f 5606 5585 5605
f 6306 5586 5606
f 5588 5607 5587
f 5608 5607 5588
f 5590 5589 5612
f 5612 5589 5611
f 5589 6081 5611
f 5589 6057 6081
f 5612 5784 5590
f 5590 5722 5690
f 5590 5764 5722
f 5590 5784 5764
f 5592 5613 5591
f 5614 5613 5592
f 5593 5594 5615
f 5615 5594 5616
f 5735 5619 5595
f 5700 5595 5699
f 5735 5595 5700
f 5737 5596 5620
f 5701 5596 5738
f 5738 5596 5737
f 5599 5931 5600
f 5599 5904 5931
f 5600 5929 5625
f 5600 5931 5929
f 5601 5930 5602
f 5628 5958 5601
f 5601 5958 5930
f 5602 5930 5932
f 5603 5630 5604
f 5629 5630 5603
f 5629 5603 5681
f 5606 5605 5632
f 5632 5605 5631
f 6304 5606 5632
f 6306 5606 6304
f 5608 5633 5607
f 5634 5633 5608
f 5610 5611 5609
f 5610 5609 5636
f 5611 6103 5609
f 5636 5609 5635
f 5609 6103 5635
f 5612 5611 5610
f 5610 5808 5612
f 5636 5866 5610
f 5610 5838 5808
f 5610 5868 5838
f 5610 5866 5868
f 5611 6081 6103
f 5612 5810 5784
f 5612 5808 5810
f 5614 5637 5613
f 5638 5637 5614
f 5615 5616 5639
f 5639 5616 5640
f 5736 5617 5619
f 5733 5645 5617
f 5733 5617 5736
f 5734 5620 5618
f 5774 5618 5646
f 5734 5618 5774
f 5736 5619 5735
f 5737 5620 5734
f 5625 5957 5626
f 5625 5929 5957
f 5626 5983 5651
f 5626 5957 5983
f 5627 5984 5628
f 5652 5982 5627
f 5627 5982 5984
f 5628 5984 5958
f 5629 5654 5630
f 5653 5654 5629
f 5681 5653 5629
f 5632 5631 5656
f 5656 5631 5655
f 6302 5632 5656
f 6304 5632 6302
f 5634 5657 5633
f 5658 5657 5634
f 5636 5635 5664
f 5664 5635 5663
f 5635 6129 5663
f 5635 6103 6131
f 5635 6131 6129
f 5664 5992 5636
f 5636 5912 5866
f 5636 5942 5912
f 5636 5940 5942
f 5636 5964 5940
f 5636 5992 5964
f 5638 5665 5637
f 5666 5665 5638
f 5639 5640 5667
f 5667 5640 5668
f 5771 5642 5641
f 5773 5641 5645
f 5771 5641 5773
f 5795 5669 5642
f 5795 5642 5771
f 5798 5644 5643
f 5797 5643 5672
f 5798 5643 5797
f 5772 5646 5644
f 5772 5644 5798
f 5773 5645 5733
f 5774 5646 5772
f 5651 5981 5675
f 5651 5983 5981
f 5676 6030 5652
f 5652 6030 5982
f 5653 5678 5654
f 5677 5678 5653
f 5677 5653 5681
f 5656 5655 5680
f 5680 5655 5679
f 6300 5656 5680
f 6302 5656 6300
f 5658 5659 5657
f 5660 5659 5658
f 5660 5681 5659
f 5682 5681 5660
f 5662 5663 5661
f 5662 5661 5688
f 5663 6129 5661
f 5688 5661 5687
f 5661 6157 5687
f 5661 6129 6157
f 5664 5663 5662
f 5662 5992 5664
f 5688 6080 5662
f 5662 6038 5992
f 5662 6056 6038
f 5662 6054 6056
f 5662 6080 6054
f 5666 5689 5665
f 5690 5689 5666
f 5667 5668 5691
f 5691 5668 5692
f 5796 5670 5669
f 5796 5669 5795
f 5825 5697 5670
f 5825 5670 5796
f 5828 5672 5671
f 5827 5671 5698
f 5828 5671 5827
f 5797 5672 5828
f 6481 5674 5702
f 5675 6027 5703
f 5675 5981 6029
f 5675 6029 6027
f 5704 6046 5676
f 5676 6028 6030
f 5676 6046 6028
f 5677 5706 5678
f 5681 5705 5677
f 5705 5706 5677
f 5680 5679 5708
f 5708 5679 5707
f 6298 5680 5708
f 6300 5680 6298
f 5682 5683 5681
f 5683 6215 5681
f 5681 5741 5705
f 5681 5743 5741
f 5779 5743 5681
f 5681 5801 5779
f 5681 5831 5801
f 5681 5833 5831
f 5861 5833 5681
f 5681 5907 5861
f 5933 5907 5681
f 5681 5959 5933
f 5681 5985 5959
f 5681 6031 5985
f 6047 6031 5681
f 5681 6071 6047
f 5681 6093 6071
f 6117 6093 5681
f 5681 6119 6117
f 6143 6119 5681
f 5681 6145 6143
f 5681 6173 6145
f 5681 6175 6173
f 5681 6215 6175
f 5684 5683 5682
f 6256 5684 5682
f 5684 5709 5683
f 5709 6241 5683
f 5683 6217 6215
f 5683 6241 6217
f 5710 5709 5684
f 6256 5710 5684
f 5686 5687 5685
f 5686 5685 5720
f 5687 6157 5685
f 5720 5685 5719
f 5685 6185 5719
f 5685 6157 6187
f 5685 6187 6185
f 5688 5687 5686
f 5686 6078 5688
f 5720 6156 5686
f 5686 6102 6078
f 5686 6100 6102
f 5686 6128 6100
f 5686 6126 6128
f 5686 6156 6126
f 5688 6078 6080
f 5690 5721 5689
f 5722 5721 5690
f 5691 5692 5725
f 5725 5692 5726
f 5823 5694 5693
f 5826 5693 5697
f 5823 5693 5826
f 5853 5731 5694
f 5853 5694 5823
f 5856 5696 5695
f 5855 5695 5732
f 5856 5695 5855
f 5824 5698 5696
f 5824 5696 5856
f 5826 5697 5825
f 5827 5698 5824
f 6481 5702 5701
f 5701 5738 6481
f 5703 6069 5739
f 5703 6027 6045
f 5703 6045 6069
f 5740 6068 5704
f 5704 6070 6046
f 5704 6068 6070
f 5705 5742 5706
f 5741 5742 5705
f 5708 5707 5746
f 5746 5707 5745
f 6274 5708 5746
f 6276 5708 6274
f 6298 5708 6276
f 5710 5711 5709
f 5711 6267 5709
f 5709 6243 6241
f 5709 6265 6243
f 5709 6267 6265
f 5712 5711 5710
f 5712 5710 6256
f 5712 5713 5711
f 5713 6339 5711
f 5711 6291 6267
f 5711 6293 6291
f 5711 6295 6293
f 5711 6337 6295
f 5711 6339 6337
f 5714 5713 5712
f 6256 5714 5712
f 5714 5747 5713
f 5747 6353 5713
f 5713 6353 6339
f 5748 5747 5714
f 5748 5714 6256
f 5716 5717 5715
f 5716 5715 5762
f 5717 6231 5715
f 5762 5715 5761
f 5715 6231 5761
f 5718 5717 5716
f 5716 6228 5718
f 6256 5716 5762
f 5716 6226 6228
f 6226 5716 6256
f 5718 5719 5717
f 5719 6185 5717
f 5717 6185 6231
f 5720 5719 5718
f 5718 6154 5720
f 5718 6152 6154
f 5718 6184 6152
f 5718 6182 6184
f 5718 6230 6182
f 5718 6228 6230
f 5720 6154 6156
f 5722 5763 5721
f 5764 5763 5722
f 5723 5726 5724
f 5723 5724 5765
f 5725 5726 5723
f 5765 5724 5766
f 5851 5728 5727
f 5854 5727 5731
f 5851 5727 5854
f 5895 5769 5728
f 5895 5728 5851
f 5898 5730 5729
f 5897 5729 5770
f 5898 5729 5897
f 5852 5732 5730
f 5852 5730 5898
f 5854 5731 5853
f 5855 5732 5852
f 5733 5736 6480
f 6480 5773 5733
f 6481 5737 5734
f 5734 5774 6481
f 6480 5736 5735
f 6481 5738 5737
f 5739 6091 5777
f 5739 6069 6067
f 5739 6067 6091
f 5778 6090 5740
f 5740 6092 6068
f 5740 6090 6092
f 5741 5744 5742
f 5743 5744 5741
f 5743 5780 5744
f 5779 5780 5743
f 5746 5745 5782
f 5782 5745 5781
f 6272 5746 5782
f 6274 5746 6272
f 5748 5749 5747
f 5749 6373 5747
f 5747 6355 6353
f 5747 6357 6355
f 5747 6371 6357
f 5747 6373 6371
f 5750 5749 5748
f 6256 5750 5748
f 5750 5751 5749
f 5751 6391 5749
f 5749 6375 6373
f 5749 6377 6375
f 5749 6389 6377
f 5749 6391 6389
f 5752 5751 5750
f 5752 5750 6256
f 5752 5753 5751
f 5753 6399 5751
f 5751 6393 6391
f 5751 6395 6393
f 5751 6397 6395
f 5751 6399 6397
f 5754 5753 5752
f 6256 5754 5752
f 5754 5755 5753
f 5755 6429 5753
f 5753 6401 6399
f 5753 6427 6401
f 5753 6429 6427
f 5756 5755 5754
f 6256 5756 5754
f 5756 5757 5755
f 5757 6257 5755
f 5755 6257 6285
f 5755 6285 6283
f 6283 6329 5755
f 5755 6329 6327
f 5755 6327 6347
f 6347 6345 5755
f 5755 6345 6363
f 5755 6361 6359
f 6359 6383 5755
f 5755 6363 6361
f 5755 6381 6379
f 6379 6417 5755
f 5755 6383 6381
f 5755 6405 6403
f 5755 6403 6429
f 5755 6407 6405
f 6409 6407 5755
f 5755 6411 6409
f 5755 6413 6411
f 6415 6413 5755
f 5755 6417 6415
f 5758 5757 5756
f 6256 5758 5756
f 5758 5759 5757
f 5759 6259 5757
f 5757 6259 6257
f 5760 5759 5758
f 5760 5758 6256
f 5760 5761 5759
f 5761 6231 5759
f 5759 6231 6259
f 5762 5761 5760
f 5762 5760 6256
f 5764 5783 5763
f 5784 5783 5764
f 5765 5766 5785
f 5785 5766 5786
f 5896 5767 5769
f 5919 5793 5767
f 5893 5767 5896
f 5919 5767 5893
f 5894 5770 5768
f 5923 5768 5794
f 5894 5768 5924
f 5924 5768 5923
f 5896 5769 5895
f 5897 5770 5894
f 6480 5771 5773
f 5795 5771 6480
f 6481 5774 5772
f 6481 5772 5798
f 5777 6089 5775
f 5775 6115 5799
f 5775 6089 6115
f 5776 6116 5778
f 5800 6114 5776
f 5776 6114 6116
f 5777 6091 6089
f 5778 6116 6090
f 5779 5802 5780
f 5801 5802 5779
f 5782 5781 5804
f 5804 5781 5803
f 6270 5782 5804
f 6272 5782 6270
f 5784 5809 5783
f 5810 5809 5784
f 5785 5786 5813
f 5813 5786 5814
f 5921 5788 5787
f 5920 5787 5793
f 5921 5787 5920
f 5917 5789 5788
f 5917 5788 5921
f 5947 5821 5789
f 5947 5789 5917
f 5952 5791 5790
f 5951 5790 5822
f 5952 5790 5951
f 5918 5792 5791
f 5918 5791 5952
f 5922 5794 5792
f 5922 5792 5918
f 5920 5793 5919
f 5923 5794 5922
f 6480 5796 5795
f 6480 5825 5796
f 5798 5797 6481
f 6481 5797 5828
f 5799 6113 5829
f 5799 6115 6113
f 5830 6142 5800
f 5800 6142 6114
f 5801 5832 5802
f 5831 5832 5801
f 5804 5803 5806
f 5806 5803 5805
f 6248 5804 5806
f 6250 5804 6248
f 6270 5804 6250
f 5806 5805 5836
f 5836 5805 5835
f 6248 5806 5836
f 5808 5807 5810
f 5808 5837 5807
f 5810 5807 5809
f 5838 5837 5808
f 5811 5814 5812
f 5811 5812 5839
f 5813 5814 5811
f 5839 5812 5840
f 5949 5816 5815
f 5948 5815 5821
f 5949 5815 5948
f 5945 5817 5816
f 5945 5816 5949
f 5971 5849 5817
f 5971 5817 5945
f 5976 5819 5818
f 5975 5818 5850
f 5976 5818 5975
f 5946 5820 5819
f 5946 5819 5976
f 5950 5822 5820
f 5950 5820 5946
f 5948 5821 5947
f 5951 5822 5950
f 6480 5823 5826
f 6480 5853 5823
f 5827 5824 6481
f 6481 5824 5856
f 5826 5825 6480
f 6481 5828 5827
f 5829 6139 5857
f 5829 6113 6141
f 5829 6141 6139
f 5860 6172 5830
f 5830 6140 6142
f 5830 6172 6140
f 5831 5834 5832
f 5833 5834 5831
f 5833 5862 5834
f 5861 5862 5833
f 5836 5835 5864
f 5864 5835 5863
f 6246 5836 5864
f 6248 5836 6246
f 5838 5867 5837
f 5868 5867 5838
f 5839 5840 5869
f 5869 5840 5870
f 5973 5842 5841
f 5972 5841 5849
f 5973 5841 5972
f 5969 5843 5842
f 5969 5842 5973
f 6007 5844 5843
f 6007 5843 5969
f 6008 5889 5844
f 6008 5844 6007
f 6019 5846 5845
f 6018 5845 5892
f 6019 5845 6018
f 6020 5847 5846
f 6020 5846 6019
f 5970 5848 5847
f 5970 5847 6020
f 5974 5850 5848
f 5974 5848 5970
f 5972 5849 5971
f 5975 5850 5974
f 6480 5851 5854
f 6480 5895 5851
f 5855 5852 6481
f 6481 5852 5898
f 5854 5853 6480
f 6481 5856 5855
f 5857 6171 5858
f 5857 6139 6171
f 5858 6169 5899
f 5858 6171 6169
f 5859 6170 5860
f 5902 6214 5859
f 5859 6214 6170
f 5860 6170 6172
f 5861 5908 5862
f 5907 5908 5861
f 5864 5863 5910
f 5910 5863 5909
f 6222 5864 5910
f 6224 5864 6222
f 6246 5864 6224
f 5866 5865 5868
f 5866 5911 5865
f 5868 5865 5867
f 5912 5911 5866
f 5869 5870 5915
f 5915 5870 5916
f 6011 5872 5871
f 6010 5871 5890
f 6011 5871 6010
f 6012 5873 5872
f 6012 5872 6011
f 6013 5874 5873
f 6013 5873 6012
f 5995 5875 5874
f 5995 5874 6013
f 5996 5876 5875
f 5996 5875 5995
f 5997 5877 5876
f 5997 5876 5996
f 5998 5878 5877
f 5998 5877 5997
f 5999 5879 5878
f 5999 5878 5998
f 6000 5880 5879
f 6000 5879 5999
f 6001 5881 5880
f 6001 5880 6000
f 6002 5882 5881
f 6002 5881 6001
f 6003 5883 5882
f 6003 5882 6002
f 6004 5884 5883
f 6004 5883 6003
f 6005 5885 5884
f 6005 5884 6004
f 6006 5886 5885
f 6006 5885 6005
f 6014 5887 5886
f 6014 5886 6006
f 6015 5888 5887
f 6015 5887 6014
f 6016 5891 5888
f 6016 5888 6015
f 6009 5890 5889
f 6009 5889 6008
f 6010 5890 6009
f 6017 5892 5891
f 6017 5891 6016
f 6018 5892 6017
f 6480 5893 5896
f 6480 5919 5893
f 5897 5894 6481
f 6481 5894 5924
f 5896 5895 6480
f 6481 5898 5897
f 5899 6213 5900
f 5899 6169 6213
f 5900 6211 5927
f 5900 6213 6211
f 5901 6212 5902
f 5928 6240 5901
f 5901 6240 6212
f 5902 6212 6214
f 6501 6513 5903
f 5903 6513 6515
f 5904 5905 5931
f 5931 5905 5932
f 6502 6488 5906
f 6503 6502 5906
f 5907 5934 5908
f 5933 5934 5907
f 5910 5909 5936
f 5936 5909 5935
f 6220 5910 5936
f 6222 5910 6220
f 5912 5941 5911
f 5942 5941 5912
f 5913 5916 5914
f 5913 5914 5943
f 5915 5916 5913
f 5943 5914 5944
f 6480 5917 5921
f 5947 5917 6480
f 6481 5922 5918
f 6481 5918 5952
f 5920 5919 6480
f 6480 5921 5920
f 5923 5922 6481
f 6481 5924 5923
f 5927 6237 5925
f 5925 6263 5953
f 5925 6237 6263
f 5926 6264 5928
f 5956 6262 5926
f 5926 6262 6264
f 5927 6211 6239
f 5927 6239 6237
f 5928 6238 6240
f 5928 6264 6238
f 5929 5932 5930
f 5929 5930 5957
f 5931 5932 5929
f 5957 5930 5958
f 5933 5960 5934
f 5959 5960 5933
f 5936 5935 5938
f 5938 5935 5937
f 6180 5936 5938
f 6220 5936 6180
f 5938 5937 5962
f 5962 5937 5961
f 6178 5938 5962
f 6180 5938 6178
f 5940 5939 5942
f 5940 5963 5939
f 5942 5939 5941
f 5964 5963 5940
f 5943 5944 5967
f 5967 5944 5968
f 5945 5949 6480
f 6480 5971 5945
f 6481 5950 5946
f 5946 5976 6481
f 6480 5948 5947
f 6480 5949 5948
f 6481 5951 5950
f 5952 5951 6481
f 5953 6261 5954
f 5953 6263 6261
f 5954 6289 5977
f 5954 6261 6289
f 5955 6290 5956
f 5980 6288 5955
f 5955 6288 6290
f 5956 6290 6262
f 5957 5958 5983
f 5983 5958 5984
f 5959 5986 5960
f 5985 5986 5959
f 5962 5961 5988
f 5988 5961 5987
f 6150 5962 5988
f 6178 5962 6150
f 5964 5991 5963
f 5992 5991 5964
f 5965 5968 5966
f 5965 5966 5993
f 5967 5968 5965
f 5993 5966 5994
f 6480 5969 5973
f 6007 5969 6480
f 6481 5974 5970
f 6481 5970 6020
f 6480 5972 5971
f 5973 5972 6480
f 6481 5975 5974
f 6481 5976 5975
f 5977 6287 5978
f 5977 6289 6287
f 5978 6333 6023
f 5978 6287 6333
f 5979 6336 5980
f 6026 6335 5979
f 5979 6488 6026
f 5979 6335 6336
f 5980 6336 6288
f 5981 5984 5982
f 5981 5982 6029
f 5983 5984 5981
f 6029 5982 6030
f 5985 6032 5986
f 6031 6032 5985
f 5988 5987 5990
f 5990 5987 5989
f 6150 5988 5990
f 5990 5989 6034
f 6034 5989 6033
f 6148 5990 6034
f 6150 5990 6148
f 5992 6037 5991
f 6497 5991 6037
f 6038 6037 5992
f 5993 5994 6039
f 6039 5994 6040
f 6480 5996 5995
f 6480 5995 6013
f 6481 5997 5996
f 6481 5996 6480
f 5998 5997 6481
f 6481 5999 5998
f 6481 6000 5999
f 6001 6000 6481
f 6481 6002 6001
f 6481 6003 6002
f 6004 6003 6481
f 6481 6005 6004
f 6481 6006 6005
f 6014 6006 6481
f 6480 6008 6007
f 6480 6009 6008
f 6010 6009 6480
f 6480 6011 6010
f 6480 6012 6011
f 6013 6012 6480
f 6481 6015 6014
f 6481 6016 6015
f 6017 6016 6481
f 6481 6018 6017
f 6481 6019 6018
f 6020 6019 6481
f 6024 6331 6021
f 6021 6351 6041
f 6041 6487 6021
f 6021 6331 6351
f 6022 6352 6025
f 6025 6488 6022
f 6044 6350 6022
f 6022 6488 6044
f 6022 6350 6352
f 6023 6334 6024
f 6023 6333 6334
f 6024 6334 6331
f 6025 6332 6026
f 6026 6488 6025
f 6025 6352 6332
f 6026 6332 6335
f 6027 6030 6028
f 6027 6028 6045
f 6029 6030 6027
f 6045 6028 6046
f 6031 6048 6032
f 6047 6048 6031
f 6034 6033 6036
f 6036 6033 6035
f 6035 6033 6497
f 6124 6034 6036
f 6148 6034 6124
f 6036 6035 6050
f 6050 6035 6049
f 6497 6049 6035
f 6122 6036 6050
f 6124 6036 6122
f 6038 6055 6037
f 6037 6055 6497
f 6056 6055 6038
f 6039 6040 6059
f 6059 6040 6060
f 6041 6349 6042
f 6042 6487 6041
f 6041 6351 6349
f 6042 6367 6061
f 6061 6487 6042
f 6042 6349 6367
f 6043 6370 6044
f 6044 6488 6043
f 6066 6369 6043
f 6043 6488 6066
f 6043 6369 6370
f 6044 6370 6350
f 6045 6046 6069
f 6069 6046 6070
f 6047 6072 6048
f 6071 6072 6047
f 6050 6049 6052
f 6052 6049 6051
f 6051 6049 6497
f 6098 6050 6052
f 6122 6050 6098
f 6052 6051 6074
f 6074 6051 6073
f 6497 6073 6051
f 6096 6052 6074
f 6098 6052 6096
f 6054 6053 6056
f 6054 6079 6053
f 6056 6053 6055
f 6497 6055 6053
f 6053 6079 6497
f 6080 6079 6054
f 6057 6060 6058
f 6057 6058 6081
f 6059 6060 6057
f 6081 6058 6082
f 6061 6368 6062
f 6062 6487 6061
f 6061 6367 6368
f 6062 6365 6063
f 6063 6487 6062
f 6062 6368 6365
f 6063 6387 6083
f 6083 6487 6063
f 6063 6365 6387
f 6064 6388 6065
f 6065 6488 6064
f 6088 6388 6064
f 6064 6488 6088
f 6065 6366 6066
f 6066 6488 6065
f 6065 6388 6366
f 6066 6366 6369
f 6067 6070 6068
f 6067 6068 6091
f 6069 6070 6067
f 6091 6068 6092
f 6071 6094 6072
f 6093 6094 6071
f 6074 6073 6076
f 6076 6073 6075
f 6075 6073 6497
f 6096 6074 6076
f 6076 6075 6096
f 6096 6075 6095
f 6497 6095 6075
f 6078 6077 6080
f 6078 6101 6077
f 6080 6077 6079
f 6497 6079 6077
f 6077 6101 6497
f 6102 6101 6078
f 6081 6082 6103
f 6103 6082 6104
f 6083 6387 6084
f 6084 6487 6083
f 6084 6385 6085
f 6085 6487 6084
f 6084 6387 6385
f 6085 6423 6107
f 6107 6487 6085
f 6085 6385 6423
f 6086 6426 6087
f 6087 6488 6086
f 6112 6425 6086
f 6086 6488 6112
f 6086 6425 6426
f 6087 6386 6088
f 6088 6488 6087
f 6087 6426 6386
f 6088 6386 6388
f 6089 6092 6090
f 6089 6090 6115
f 6091 6092 6089
f 6115 6090 6116
f 6093 6118 6094
f 6117 6118 6093
f 6500 6094 6118
f 6096 6095 6098
f 6098 6095 6097
f 6097 6095 6497
f 6098 6097 6122
f 6122 6097 6121
f 6497 6121 6097
f 6100 6099 6102
f 6100 6127 6099
f 6102 6099 6101
f 6497 6101 6099
f 6099 6127 6497
f 6128 6127 6100
f 6103 6104 6131
f 6131 6104 6132
f 6500 6132 6104
f 6109 6420 6105
f 6105 6487 6109
f 6105 6433 6135
f 6135 6487 6105
f 6105 6420 6433
f 6106 6436 6110
f 6110 6488 6106
f 6138 6435 6106
f 6106 6488 6138
f 6106 6435 6436
f 6107 6424 6108
f 6108 6487 6107
f 6107 6423 6424
f 6108 6419 6109
f 6109 6487 6108
f 6108 6424 6419
f 6109 6419 6420
f 6110 6421 6111
f 6111 6488 6110
f 6110 6436 6421
f 6111 6422 6112
f 6112 6488 6111
f 6111 6421 6422
f 6112 6422 6425
f 6113 6116 6114
f 6113 6114 6141
f 6115 6116 6113
f 6141 6114 6142
f 6117 6120 6118
f 6119 6120 6117
f 6118 6120 6500
f 6119 6144 6120
f 6143 6144 6119
f 6500 6120 6144
f 6122 6121 6124
f 6124 6121 6123
f 6123 6121 6497
f 6124 6123 6148
f 6148 6123 6147
f 6497 6147 6123
f 6126 6125 6128
f 6126 6155 6125
f 6128 6125 6127
f 6497 6127 6125
f 6125 6155 6497
f 6156 6155 6126
f 6129 6132 6130
f 6129 6130 6157
f 6131 6132 6129
f 6500 6130 6132
f 6157 6130 6158
f 6500 6158 6130
f 6136 6441 6133
f 6133 6487 6136
f 6133 6442 6159
f 6159 6487 6133
f 6133 6441 6442
f 6134 6445 6137
f 6137 6488 6134
f 6168 6444 6134
f 6134 6488 6168
f 6134 6444 6445
f 6135 6434 6136
f 6136 6487 6135
f 6135 6433 6434
f 6136 6434 6431
f 6136 6431 6441
f 6137 6432 6138
f 6138 6488 6137
f 6137 6446 6432
f 6137 6445 6446
f 6138 6432 6435
f 6139 6142 6140
f 6139 6140 6171
f 6141 6142 6139
f 6171 6140 6172
f 6143 6146 6144
f 6145 6146 6143
f 6144 6146 6500
f 6145 6174 6146
f 6173 6174 6145
f 6500 6146 6174
f 6148 6147 6150
f 6150 6147 6149
f 6497 6149 6147
f 6150 6149 6178
f 6178 6149 6177
f 6497 6177 6149
f 6152 6151 6154
f 6152 6183 6151
f 6154 6151 6153
f 6153 6151 6497
f 6497 6151 6183
f 6184 6183 6152
f 6154 6153 6156
f 6156 6153 6155
f 6497 6155 6153
f 6157 6158 6187
f 6187 6158 6188
f 6188 6158 6500
f 6159 6443 6160
f 6160 6487 6159
f 6159 6442 6443
f 6160 6437 6161
f 6161 6487 6160
f 6160 6443 6437
f 6161 6438 6162
f 6162 6487 6161
f 6161 6437 6438
f 6162 6455 6163
f 6163 6487 6162
f 6162 6438 6455
f 6163 6456 6193
f 6193 6487 6163
f 6163 6455 6456
f 6164 6461 6165
f 6165 6488 6164
f 6210 6460 6164
f 6164 6488 6210
f 6164 6460 6461
f 6165 6462 6166
f 6166 6488 6165
f 6165 6461 6462
f 6166 6439 6167
f 6167 6488 6166
f 6166 6462 6439
f 6167 6440 6168
f 6168 6488 6167
f 6167 6439 6440
f 6168 6440 6444
f 6169 6172 6170
f 6169 6170 6213
f 6171 6172 6169
f 6213 6170 6214
f 6173 6176 6174
f 6175 6176 6173
f 6500 6174 6176
f 6175 6216 6176
f 6215 6216 6175
f 6500 6176 6216
f 6178 6177 6180
f 6180 6177 6179
f 6497 6179 6177
f 6180 6179 6220
f 6220 6179 6219
f 6497 6219 6179
f 6182 6181 6184
f 6182 6229 6181
f 6184 6181 6183
f 6183 6181 6497
f 6497 6181 6229
f 6230 6229 6182
f 6185 6188 6186
f 6185 6186 6231
f 6187 6188 6185
f 6500 6186 6188
f 6231 6186 6232
f 6232 6186 6500
f 6189 6466 6190
f 6190 6488 6189
f 6201 6465 6189
f 6189 6487 6201
f 6189 6465 6466
f 6189 6488 6487
f 6190 6467 6233
f 6233 6488 6190
f 6190 6466 6467
f 6191 6472 6192
f 6192 6488 6191
f 6236 6471 6191
f 6191 6488 6236
f 6191 6471 6472
f 6192 6473 6202
f 6202 6488 6192
f 6192 6472 6473
f 6193 6457 6194
f 6194 6487 6193
f 6193 6456 6457
f 6194 6458 6195
f 6195 6487 6194
f 6194 6457 6458
f 6195 6447 6196
f 6196 6487 6195
f 6195 6458 6447
f 6196 6448 6197
f 6197 6487 6196
f 6196 6447 6448
f 6197 6449 6198
f 6198 6487 6197
f 6197 6448 6449
f 6198 6450 6199
f 6199 6487 6198
f 6198 6449 6450
f 6199 6463 6200
f 6200 6487 6199
f 6199 6450 6463
f 6200 6464 6201
f 6201 6487 6200
f 6200 6463 6464
f 6201 6464 6465
f 6202 6474 6203
f 6203 6488 6202
f 6202 6473 6474
f 6203 6475 6204
f 6204 6488 6203
f 6203 6474 6475
f 6204 6476 6205
f 6205 6488 6204
f 6204 6475 6476
f 6205 6451 6206
f 6206 6488 6205
f 6205 6476 6451
f 6206 6452 6207
f 6207 6488 6206
f 6206 6451 6452
f 6207 6453 6208
f 6208 6488 6207
f 6207 6452 6453
f 6208 6454 6209
f 6209 6488 6208
f 6208 6453 6454
f 6209 6459 6210
f 6210 6488 6209
f 6209 6454 6459
f 6210 6459 6460
f 6211 6214 6212
f 6211 6212 6239
f 6213 6214 6211
f 6239 6212 6240
f 6215 6218 6216
f 6217 6218 6215
f 6500 6216 6218
f 6217 6242 6218
f 6241 6242 6217
f 6500 6218 6242
f 6220 6219 6222
f 6222 6219 6221
f 6497 6221 6219
f 6222 6221 6224
f 6224 6221 6223
f 6223 6221 6497
f 6224 6223 6246
f 6246 6223 6245
f 6497 6245 6223
f 6226 6225 6228
f 6226 6255 6225
f 6228 6225 6227
f 6497 6227 6225
f 6225 6255 6497
f 6256 6255 6226
f 6228 6227 6230
f 6230 6227 6229
f 6497 6229 6227
f 6231 6232 6259
f 6259 6232 6260
f 6260 6232 6500
f 6233 6468 6234
f 6234 6488 6233
f 6233 6467 6468
f 6234 6469 6235
f 6235 6488 6234
f 6234 6468 6469
f 6235 6470 6236
f 6236 6488 6235
f 6235 6469 6470
f 6236 6470 6471
f 6237 6240 6238
f 6237 6238 6263
f 6239 6240 6237
f 6263 6238 6264
f 6241 6244 6242
f 6243 6244 6241
f 6242 6244 6500
f 6243 6266 6244
f 6265 6266 6243
f 6500 6244 6266
f 6246 6245 6248
f 6248 6245 6247
f 6497 6247 6245
f 6248 6247 6250
f 6250 6247 6249
f 6497 6249 6247
f 6250 6249 6270
f 6270 6249 6269
f 6269 6249 6497
f 6252 6251 6254
f 6252 6281 6251
f 6254 6251 6253
f 6253 6251 6497
f 6497 6251 6281
f 6282 6281 6252
f 6254 6253 6256
f 6256 6253 6255
f 6497 6255 6253
f 6257 6260 6258
f 6257 6258 6285
f 6259 6260 6257
f 6500 6258 6260
f 6285 6258 6286
f 6286 6258 6500
f 6261 6264 6262
f 6261 6262 6289
f 6263 6264 6261
f 6289 6262 6290
f 6265 6268 6266
f 6267 6268 6265
f 6266 6268 6500
f 6267 6292 6268
f 6291 6292 6267
f 6500 6268 6292
f 6270 6269 6272
f 6272 6269 6271
f 6497 6271 6269
f 6272 6271 6274
f 6274 6271 6273
f 6273 6271 6497
f 6274 6273 6276
f 6276 6273 6275
f 6497 6275 6273
f 6276 6275 6298
f 6298 6275 6297
f 6297 6275 6497
f 6278 6277 6280
f 6278 6325 6277
f 6280 6277 6279
f 6497 6279 6277
f 6497 6277 6325
f 6326 6325 6278
f 6280 6279 6282
f 6282 6279 6281
f 6497 6281 6279
f 6283 6286 6284
f 6283 6284 6329
f 6285 6286 6283
f 6500 6284 6286
f 6329 6284 6330
f 6330 6284 6500
f 6287 6290 6288
f 6287 6288 6333
f 6289 6290 6287
f 6333 6288 6336
f 6291 6294 6292
f 6293 6294 6291
f 6500 6292 6294
f 6293 6296 6294
f 6295 6296 6293
f 6500 6294 6296
f 6295 6338 6296
f 6337 6338 6295
f 6500 6296 6338
f 6298 6297 6300
f 6300 6297 6299
f 6497 6299 6297
f 6300 6299 6302
f 6302 6299 6301
f 6301 6299 6497
f 6302 6301 6304
f 6304 6301 6303
f 6497 6303 6301
f 6304 6303 6306
f 6306 6303 6305
f 6497 6305 6303
f 6306 6305 6308
f 6308 6305 6307
f 6497 6307 6305
f 6308 6307 6310
f 6310 6307 6309
f 6309 6307 6497
f 6310 6309 6342
f 6342 6309 6341
f 6497 6341 6309
f 6312 6311 6314
f 6312 6343 6311
f 6314 6311 6313
f 6313 6311 6497
f 6497 6311 6343
f 6344 6343 6312
f 6314 6313 6316
f 6316 6313 6315
f 6497 6315 6313
f 6316 6315 6318
f 6318 6315 6317
f 6497 6317 6315
f 6318 6317 6320
f 6320 6317 6319
f 6319 6317 6497
f 6320 6319 6322
f 6322 6319 6321
f 6497 6321 6319
f 6322 6321 6324
f 6324 6321 6323
f 6497 6323 6321
f 6324 6323 6326
f 6326 6323 6325
f 6325 6323 6497
f 6327 6330 6328
f 6327 6328 6347
f 6329 6330 6327
f 6500 6328 6330
f 6347 6328 6348
f 6500 6348 6328
f 6331 6335 6332
f 6331 6332 6351
f 6334 6335 6331
f 6351 6332 6352
f 6333 6336 6334
f 6334 6336 6335
f 6337 6340 6338
f 6339 6340 6337
f 6338 6340 6500
f 6339 6354 6340
f 6353 6354 6339
f 6500 6340 6354
f 6342 6341 6344
f 6344 6341 6343
f 6497 6343 6341
f 6345 6348 6346
f 6345 6346 6363
f 6347 6348 6345
f 6346 6348 6500
f 6363 6346 6364
f 6500 6364 6346
f 6349 6352 6350
f 6349 6350 6367
f 6351 6352 6349
f 6367 6350 6370
f 6353 6356 6354
f 6355 6356 6353
f 6500 6354 6356
f 6355 6358 6356
f 6357 6358 6355
f 6356 6358 6500
f 6357 6372 6358
f 6371 6372 6357
f 6500 6358 6372
f 6359 6362 6360
f 6359 6360 6383
f 6361 6362 6359
f 6500 6360 6362
f 6383 6360 6384
f 6384 6360 6500
f 6361 6364 6362
f 6363 6364 6361
f 6500 6362 6364
f 6365 6369 6366
f 6365 6366 6387
f 6368 6369 6365
f 6387 6366 6388
f 6367 6370 6368
f 6368 6370 6369
f 6371 6374 6372
f 6373 6374 6371
f 6500 6372 6374
f 6373 6376 6374
f 6375 6376 6373
f 6500 6374 6376
f 6375 6378 6376
f 6377 6378 6375
f 6500 6376 6378
f 6377 6390 6378
f 6389 6390 6377
f 6500 6378 6390
f 6379 6382 6380
f 6379 6380 6417
f 6381 6382 6379
f 6500 6380 6382
f 6417 6380 6418
f 6418 6380 6500
f 6381 6384 6382
f 6383 6384 6381
f 6500 6382 6384
f 6385 6388 6386
f 6385 6386 6423
f 6387 6388 6385
f 6423 6386 6426
f 6389 6392 6390
f 6391 6392 6389
f 6390 6392 6500
f 6391 6394 6392
f 6393 6394 6391
f 6500 6392 6394
f 6393 6396 6394
f 6395 6396 6393
f 6500 6394 6396
f 6395 6398 6396
f 6397 6398 6395
f 6396 6398 6500
f 6397 6400 6398
f 6399 6400 6397
f 6500 6398 6400
f 6399 6402 6400
f 6401 6402 6399
f 6400 6402 6500
f 6401 6428 6402
f 6427 6428 6401
f 6500 6402 6428
f 6403 6406 6404
f 6403 6404 6429
f 6405 6406 6403
f 6404 6406 6500
f 6429 6404 6430
f 6500 6430 6404
f 6405 6408 6406
f 6407 6408 6405
f 6500 6406 6408
f 6407 6410 6408
f 6409 6410 6407
f 6408 6410 6500
f 6409 6412 6410
f 6411 6412 6409
f 6500 6410 6412
f 6411 6414 6412
f 6413 6414 6411
f 6500 6412 6414
f 6413 6416 6414
f 6415 6416 6413
f 6414 6416 6500
f 6415 6418 6416
f 6417 6418 6415
f 6500 6416 6418
f 6419 6422 6420
f 6419 6425 6422
f 6424 6425 6419
f 6420 6422 6421
f 6420 6421 6433
f 6433 6421 6436
f 6423 6426 6424
f 6424 6426 6425
f 6427 6430 6428
f 6429 6430 6427
f 6500 6428 6430
f 6431 6435 6432
f 6431 6432 6441
f 6434 6435 6431
f 6441 6432 6446
f 6433 6436 6434
f 6434 6436 6435
f 6437 6440 6438
f 6437 6444 6440
f 6443 6444 6437
f 6438 6440 6439
f 6438 6439 6455
f 6455 6439 6462
f 6441 6446 6442
f 6442 6445 6443
f 6442 6446 6445
f 6443 6445 6444
f 6447 6454 6448
f 6447 6459 6454
f 6458 6459 6447
f 6448 6453 6449
f 6448 6454 6453
f 6449 6452 6450
f 6449 6453 6452
f 6450 6452 6451
f 6450 6451 6463
f 6463 6451 6476
f 6455 6462 6456
f 6456 6461 6457
f 6456 6462 6461
f 6457 6460 6458
f 6457 6461 6460
f 6458 6460 6459
f 6463 6476 6464
f 6464 6475 6465
f 6464 6476 6475
f 6465 6474 6466
f 6465 6475 6474
f 6466 6473 6467
f 6466 6474 6473
f 6467 6472 6468
f 6467 6473 6472
f 6468 6471 6469
f 6468 6472 6471
f 6469 6471 6470
f 6479 6478 6477
f 6478 6481 6477
f 6482 6479 6477
f 6477 6481 6480
f 6477 6483 6482
f 6477 6484 6483
f 6485 6484 6477
f 6477 6486 6485
f 6477 6489 6486
f 6490 6489 6477
f 6477 6491 6490
f 6477 6494 6491
f 6477 6493 6496
f 6496 6494 6477
f 6504 6479 6482
f 6503 6479 6504
f 6505 6482 6483
f 6504 6482 6505
f 6506 6483 6484
f 6505 6483 6506
f 6507 6484 6485
f 6506 6484 6507
f 6508 6485 6486
f 6507 6485 6508
f 6509 6486 6489
f 6508 6486 6509
f 6502 6487 6488
f 6501 6487 6502
f 6510 6489 6490
f 6509 6489 6510
f 6511 6490 6491
f 6510 6490 6511
f 6512 6491 6494
f 6511 6491 6512
f 6495 6493 6492
f 6498 6492 6493
f 6497 6492 6498
f 6496 6493 6495
f 6514 6494 6496
f 6512 6494 6514
f 6513 6496 6495
f 6516 6513 6495
f 6514 6496 6513
f 6514 6501 6502
f 6513 6501 6514
f 6504 6502 6503
f 6505 6502 6504
f 6506 6502 6505
f 6507 6502 6506
f 6508 6502 6507
f 6509 6502 6508
f 6510 6502 6509
f 6511 6502 6510
f 6512 6502 6511
f 6514 6502 6512
f 6513 6516 6515
f 6517 6519 6518
f 6518 6582 6517
f 6520 6519 6517
f 6517 6521 6520
f 6517 6522 6521
f 6523 6522 6517
f 6517 6524 6523
f 6517 6525 6524
f 6526 6525 6517
f 6526 6517 6527
f 6527 6517 6531
f 6517 6528 6530
f 6517 6538 6528
f 6530 6531 6517
f 6517 6535 6536
f 6546 6535 6517
f 6536 6537 6517
f 6537 6538 6517
f 6543 6545 6517
f 6517 6550 6543
f 6545 6546 6517
f 6517 6549 6550
f 6517 6553 6549
f 6517 6555 6553
f 6517 6559 6555
f 6517 6561 6559
f 6772 6561 6517
f 6517 6582 6581
f 6517 6581 8913
f 6769 6770 6517
f 6517 6794 6769
f 6770 6771 6517
f 6771 6772 6517
f 6793 6794 6517
f 6810 6793 6517
f 6517 6807 6809
f 6517 6823 6807
f 6517 6809 6810
f 6517 6833 6823
f 6517 6841 6833
f 6517 7666 6841
f 8913 7666 6517
f 6583 6518 6519
f 6582 6518 6583
f 6584 6519 6520
f 6583 6519 6584
f 6585 6520 6521
f 6584 6520 6585
f 6586 6521 6522
f 6585 6521 6586
f 6589 6522 6523
f 6586 6522 6589
f 6590 6523 6524
f 6589 6523 6590
f 6591 6524 6525
f 6590 6524 6591
f 6592 6525 6526
f 6591 6525 6592
f 6593 6526 6527
f 6592 6526 6593
f 6527 6531 6532
f 6527 6532 6534
f 6604 6527 6534
f 6593 6527 6604
f 6598 6530 6528
f 6598 6528 6538
f 6534 6533 6529
f 6601 6529 6533
f 6534 6529 6539
f 6601 6539 6529
f 6598 6531 6530
f 6599 6532 6531
f 6599 6531 6598
f 6532 6533 6534
f 6600 6533 6532
f 6600 6532 6599
f 6601 6533 6600
f 6539 6540 6534
f 6540 6541 6534
f 6534 6541 6542
f 6542 6547 6534
f 6548 6544 6534
f 6534 6544 6551
f 6547 6548 6534
f 6534 6551 6552
f 6534 6552 6554
f 6534 6554 6556
f 6556 6558 6534
f 6558 6954 6534
f 6604 6534 9047
f 7603 6534 6954
f 8816 6534 7603
f 8865 6534 8816
f 9047 6534 8865
f 6605 6536 6535
f 6605 6535 6546
f 6596 6537 6536
f 6596 6536 6609
f 6606 6536 6605
f 6609 6536 6606
f 6597 6538 6537
f 6597 6537 6596
f 6598 6538 6597
f 6601 6540 6539
f 6602 6541 6540
f 6602 6540 6601
f 6607 6542 6541
f 6603 6541 6602
f 6610 6541 6603
f 6607 6541 6610
f 6608 6547 6542
f 6608 6542 6607
f 6612 6545 6543
f 6612 6543 6550
f 6613 6544 6548
f 6613 6551 6544
f 6615 6546 6545
f 6615 6545 6612
f 6605 6546 6615
f 6608 6548 6547
f 6616 6548 6608
f 6613 6548 6616
f 6611 6550 6549
f 6617 6549 6553
f 6611 6549 6619
f 6619 6549 6617
f 6612 6550 6611
f 6613 6552 6551
f 6618 6554 6552
f 6614 6552 6613
f 6620 6552 6614
f 6618 6552 6620
f 6621 6553 6555
f 6617 6553 6623
f 6623 6553 6621
f 6622 6556 6554
f 6624 6554 6618
f 6622 6554 6624
f 6625 6555 6559
f 6621 6555 6629
f 6629 6555 6625
f 6557 6556 6560
f 6626 6560 6556
f 6630 6556 6622
f 6626 6556 6630
f 6557 6587 6558
f 6557 6560 6564
f 6557 6564 6563
f 6563 6568 6557
f 6557 6568 6567
f 6567 6574 6557
f 6574 6573 6557
f 6557 6573 6776
f 6557 7216 6587
f 6557 6776 6795
f 6557 6795 6951
f 6951 7216 6557
f 6558 6587 6588
f 6558 6588 6954
f 6631 6559 6561
f 6625 6559 6633
f 6633 6559 6631
f 6632 6564 6560
f 6634 6560 6626
f 6632 6560 6634
f 6636 6561 6562
f 6562 6561 6772
f 6631 6561 6639
f 6635 6561 6636
f 6639 6561 6635
f 6636 6562 6565
f 6772 6565 6562
f 6638 6563 6564
f 6637 6568 6563
f 6637 6563 6638
f 6640 6564 6632
f 6638 6564 6640
f 6642 6565 6566
f 6772 6566 6565
f 6636 6565 6645
f 6641 6565 6642
f 6645 6565 6641
f 6642 6566 6569
f 6772 6569 6566
f 6644 6567 6568
f 6643 6574 6567
f 6643 6567 6644
f 6646 6568 6637
f 6644 6568 6646
f 6656 6569 6570
f 6772 6570 6569
f 6642 6569 6655
f 6655 6569 6656
f 6648 6570 6571
f 6772 6571 6570
f 6647 6570 6648
f 6656 6570 6647
f 6648 6571 6575
f 6772 6575 6571
f 6654 6572 6573
f 6776 6573 6572
f 6653 6580 6572
f 6775 6572 6580
f 6653 6572 6654
f 6776 6572 6775
f 6658 6573 6574
f 6654 6573 6657
f 6657 6573 6658
f 6658 6574 6643
f 6649 6575 6576
f 6772 6576 6575
f 6648 6575 6649
f 6650 6576 6577
f 6772 6577 6576
f 6649 6576 6650
f 6668 6577 6578
f 6772 6578 6577
f 6650 6577 6667
f 6667 6577 6668
f 6652 6578 6579
f 6773 6579 6578
f 6651 6578 6652
f 6668 6578 6651
f 6773 6578 6772
f 6653 6579 6580
f 6775 6580 6579
f 6652 6579 6653
f 6774 6579 6773
f 6775 6579 6774
f 6582 6583 6581
f 6581 6583 6584
f 6581 6584 6585
f 6585 6586 6581
f 6581 6586 6589
f 6581 6589 6590
f 6590 6591 6581
f 6581 6591 6592
f 6581 6592 6593
f 6593 6599 6581
f 6597 6596 6581
f 6581 6596 6609
f 6598 6597 6581
f 6599 6598 6581
f 6581 6606 6605
f 6605 6615 6581
f 6581 6609 6606
f 6581 6612 6611
f 6611 6619 6581
f 6581 6615 6612
f 6619 6617 6581
f 6581 6617 6623
f 6623 6621 6581
f 6581 6621 6629
f 6629 6625 6581
f 6581 6625 6633
f 6581 6633 6631
f 6581 6631 7246
f 6581 7245 7244
f 6581 7244 7279
f 6581 7246 7245
f 7269 7268 6581
f 6581 7268 7308
f 7278 7269 6581
f 6581 7279 7278
f 6581 7308 7300
f 6581 7300 7337
f 6581 7336 7328
f 6581 7328 7362
f 6581 7337 7336
f 6581 7362 7356
f 7356 7382 6581
f 6581 7382 7376
f 7376 8140 6581
f 6581 8140 9059
f 8913 6581 9059
f 6587 6757 6588
f 6587 6747 6748
f 6788 6747 6587
f 6587 6748 6749
f 6749 6753 6587
f 6587 6753 6754
f 6587 6754 6755
f 6755 6756 6587
f 6587 6756 6757
f 6587 6781 6782
f 6803 6781 6587
f 6587 6782 6785
f 6785 6786 6587
f 6587 6786 6787
f 6587 6787 6788
f 6799 6801 6587
f 6587 6819 6799
f 6587 6801 6802
f 6587 6802 6803
f 6587 6815 6817
f 6587 6830 6815
f 6817 6818 6587
f 6587 6818 6819
f 6587 6827 6829
f 6587 6839 6827
f 6829 6830 6587
f 6587 6837 6839
f 6587 6848 6837
f 6587 6845 6847
f 6587 6857 6845
f 6847 6848 6587
f 7216 6857 6587
f 6588 6750 6751
f 6588 6768 6750
f 6751 6752 6588
f 6588 6752 6789
f 6588 6757 6758
f 6588 6758 6759
f 6759 6760 6588
f 6588 6760 6761
f 6761 6762 6588
f 6588 6762 6763
f 6588 6763 6764
f 6764 6765 6588
f 6588 6765 6766
f 6588 6766 6767
f 6767 6768 6588
f 6783 6784 6588
f 6588 6792 6783
f 6588 6784 6804
f 6588 6789 6790
f 6790 6791 6588
f 6588 6791 6792
f 6588 6806 6800
f 6588 6800 6820
f 6588 6804 6805
f 6805 6806 6588
f 6588 6822 6816
f 6816 6831 6588
f 6820 6821 6588
f 6588 6821 6822
f 6588 6832 6828
f 6828 6840 6588
f 6588 6831 6832
f 6588 6840 6838
f 6838 6849 6588
f 6588 6850 6846
f 6846 6858 6588
f 6588 6849 6850
f 6588 6858 6856
f 6588 6856 6891
f 6891 6892 6588
f 6588 6892 7219
f 6954 6588 7219
f 6593 6600 6599
f 6593 6601 6600
f 6593 6627 6601
f 6604 6628 6593
f 6593 6628 6627
f 6627 6595 6594
f 6867 6594 6595
f 6627 6594 7576
f 6859 6594 6860
f 6898 6594 6859
f 6860 6594 6863
f 6863 6594 6864
f 6864 6594 6865
f 6865 6594 6866
f 6866 6594 6867
f 6893 6594 6895
f 6923 6594 6893
f 6895 6594 6896
f 6896 6594 6897
f 6897 6594 6898
f 6919 6594 6921
f 6947 6594 6919
f 6921 6594 6922
f 6922 6594 6923
f 6943 6594 6945
f 6960 6594 6943
f 6945 6594 6946
f 6946 6594 6947
f 6959 6594 6960
f 6987 6594 6959
f 6985 6594 6986
f 7010 6594 6985
f 6986 6594 6987
f 7007 6594 7009
f 7026 6594 7007
f 7009 6594 7010
f 7025 6594 7026
f 7044 6594 7025
f 7041 6594 7043
f 7070 6594 7041
f 7043 6594 7044
f 7069 6594 7070
f 7107 6594 7069
f 7107 7520 6594
f 7576 6594 7520
f 6628 6595 6627
f 6628 7523 6595
f 6861 6595 6862
f 6880 6595 6861
f 6862 6595 6899
f 6867 6595 6868
f 6868 6595 6869
f 6869 6595 6870
f 6870 6595 6871
f 6871 6595 6872
f 6872 6595 6873
f 6873 6595 6874
f 6874 6595 6875
f 6875 6595 6876
f 6876 6595 6877
f 6877 6595 6878
f 6878 6595 6879
f 6879 6595 6880
f 6902 6595 6894
f 6894 6595 6924
f 6899 6595 6900
f 6900 6595 6901
f 6901 6595 6902
f 6926 6595 6920
f 6920 6595 6948
f 6924 6595 6925
f 6925 6595 6926
f 6950 6595 6944
f 6944 6595 6961
f 6948 6595 6949
f 6949 6595 6950
f 6961 6595 6962
f 6962 6595 6988
f 6988 6595 6989
f 6989 6595 6990
f 6990 6595 7011
f 7012 6595 7008
f 7008 6595 7027
f 7011 6595 7012
f 7027 6595 7028
f 7028 6595 7045
f 7046 6595 7042
f 7042 6595 7071
f 7045 6595 7046
f 7071 6595 7072
f 7072 6595 7108
f 7108 6595 7137
f 7137 6595 7138
f 7138 6595 7523
f 6601 6627 6602
f 6602 6627 6603
f 6603 6627 6610
f 6604 7581 6628
f 6604 7885 7581
f 9047 7885 6604
f 6607 6627 6608
f 6610 6627 6607
f 6608 6627 6616
f 6613 6627 6614
f 6616 6627 6613
f 6614 6627 6620
f 6620 6627 6618
f 6618 6627 6624
f 6624 6627 6622
f 6622 6627 6630
f 6630 6627 6626
f 6626 6627 6634
f 6634 6627 6632
f 6632 6627 6640
f 6638 6627 6637
f 6637 6627 6646
f 6640 6627 6638
f 6644 6627 6643
f 6643 6627 6658
f 6646 6627 6644
f 6657 6627 6654
f 6654 6627 7270
f 6658 6627 6657
f 6627 7271 7270
f 6627 7309 7271
f 7301 7309 6627
f 7576 7301 6627
f 7581 7523 6628
f 7246 6631 6639
f 6635 6636 7246
f 7246 6639 6635
f 7246 6636 6645
f 7246 6641 6642
f 7246 6645 6641
f 7246 6642 6655
f 7246 6647 6648
f 7246 6656 6647
f 7246 6648 6649
f 7246 6649 6650
f 6650 6667 7246
f 7247 6651 6652
f 7247 6668 6651
f 6653 7249 6652
f 7247 6652 7248
f 6652 7249 7248
f 6654 7281 6653
f 6653 7280 7249
f 6653 7281 7280
f 6654 7270 7281
f 7246 6655 6656
f 6758 6659 6661
f 7098 6661 6659
f 6757 6677 6659
f 7098 6659 6677
f 6757 6659 6758
f 6764 6666 6660
f 6660 6666 7098
f 6765 6660 6678
f 7098 6678 6660
f 6764 6660 6765
f 6759 6661 6662
f 6662 6661 7098
f 6758 6661 6759
f 6760 6662 6663
f 7098 6663 6662
f 6759 6662 6760
f 6761 6663 6664
f 6664 6663 7098
f 6760 6663 6761
f 6762 6664 6665
f 7098 6665 6664
f 6761 6664 6762
f 6763 6665 6666
f 7098 6666 6665
f 6762 6665 6763
f 6763 6666 6764
f 7246 6667 6668
f 7246 6668 7247
f 6788 6669 6670
f 7098 6670 6669
f 6787 6691 6669
f 7098 6669 6691
f 6787 6669 6788
f 6747 6670 6671
f 6671 6670 7098
f 6788 6670 6747
f 6748 6671 6672
f 7098 6672 6671
f 6747 6671 6748
f 6749 6672 6673
f 7098 6673 6672
f 6748 6672 6749
f 6753 6673 6674
f 6674 6673 7098
f 6749 6673 6753
f 6754 6674 6675
f 7098 6675 6674
f 6753 6674 6754
f 6755 6675 6676
f 7098 6676 6675
f 6754 6675 6755
f 6756 6676 6677
f 6677 6676 7098
f 6755 6676 6756
f 6756 6677 6757
f 6766 6678 6679
f 7098 6679 6678
f 6765 6678 6766
f 6767 6679 6680
f 6680 6679 7098
f 6766 6679 6767
f 6768 6680 6681
f 7098 6681 6680
f 6767 6680 6768
f 6750 6681 6682
f 7098 6682 6681
f 6768 6681 6750
f 6751 6682 6683
f 6683 6682 7098
f 6750 6682 6751
f 6752 6683 6684
f 7098 6684 6683
f 6751 6683 6752
f 6789 6684 6685
f 7098 6685 6684
f 6752 6684 6789
f 6790 6685 6686
f 6686 6685 7098
f 6789 6685 6790
f 6791 6686 6692
f 7098 6692 6686
f 6790 6686 6791
f 6781 6687 6688
f 6688 6687 7098
f 6803 6699 6687
f 7098 6687 6699
f 6803 6687 6781
f 6782 6688 6689
f 7098 6689 6688
f 6781 6688 6782
f 6785 6689 6690
f 7098 6690 6689
f 6782 6689 6785
f 6786 6690 6691
f 6691 6690 7098
f 6785 6690 6786
f 6786 6691 6787
f 6792 6692 6693
f 7098 6693 6692
f 6791 6692 6792
f 6783 6693 6694
f 6694 6693 7098
f 6792 6693 6783
f 6784 6694 6695
f 7098 6695 6694
f 6783 6694 6784
f 6804 6695 6696
f 7098 6696 6695
f 6784 6695 6804
f 6805 6696 6700
f 6700 6696 7098
f 6804 6696 6805
f 6799 6697 6698
f 7098 6698 6697
f 6819 6706 6697
f 7098 6697 6706
f 6819 6697 6799
f 6802 6698 6699
f 7098 6699 6698
f 6799 6698 6801
f 6801 6698 6802
f 6802 6699 6803
f 6806 6700 6701
f 7098 6701 6700
f 6805 6700 6806
f 6820 6701 6702
f 6702 6701 7098
f 6806 6701 6800
f 6800 6701 6820
f 6821 6702 6707
f 7098 6707 6702
f 6820 6702 6821
f 6815 6703 6704
f 7098 6704 6703
f 6830 6713 6703
f 6703 6713 7098
f 6830 6703 6815
f 6817 6704 6705
f 7098 6705 6704
f 6815 6704 6817
f 6818 6705 6706
f 6706 6705 7098
f 6817 6705 6818
f 6818 6706 6819
f 6822 6707 6708
f 7098 6708 6707
f 6821 6707 6822
f 6816 6708 6709
f 6709 6708 7098
f 6822 6708 6816
f 6831 6709 6710
f 7098 6710 6709
f 6816 6709 6831
f 6832 6710 6714
f 7098 6714 6710
f 6831 6710 6832
f 6827 6711 6712
f 7098 6712 6711
f 6839 6719 6711
f 6711 6719 7098
f 6839 6711 6827
f 6829 6712 6713
f 7098 6713 6712
f 6827 6712 6829
f 6829 6713 6830
f 6828 6714 6715
f 6715 6714 7098
f 6832 6714 6828
f 6840 6715 6716
f 7098 6716 6715
f 6828 6715 6840
f 6840 6716 6720
f 7098 6720 6716
f 6837 6717 6718
f 7098 6718 6717
f 6848 6724 6717
f 6717 6724 7098
f 6848 6717 6837
f 6839 6718 6719
f 7098 6719 6718
f 6837 6718 6839
f 6838 6720 6721
f 6721 6720 7098
f 6840 6720 6838
f 6849 6721 6722
f 7098 6722 6721
f 6838 6721 6849
f 6850 6722 6725
f 7098 6725 6722
f 6849 6722 6850
f 6847 6723 6724
f 7098 6724 6723
f 6857 6728 6723
f 6723 6728 7098
f 6845 6723 6847
f 6857 6723 6845
f 6847 6724 6848
f 6846 6725 6726
f 6726 6725 7098
f 6850 6725 6846
f 6856 6726 6729
f 7098 6729 6726
f 6846 6726 6858
f 6858 6726 6856
f 6855 6727 6728
f 7098 6728 6727
f 6890 6732 6727
f 7098 6727 6732
f 6890 6727 6855
f 6855 6728 6857
f 6891 6729 6730
f 6730 6729 7098
f 6856 6729 6891
f 6892 6730 6733
f 7098 6733 6730
f 6891 6730 6892
f 6889 6731 6732
f 6732 6731 7098
f 6887 6737 6731
f 7098 6731 6737
f 6887 6731 6889
f 6889 6732 6890
f 6888 6733 6734
f 7098 6734 6733
f 6892 6733 6888
f 6918 6734 6738
f 6738 6734 7098
f 6888 6734 6918
f 6915 6735 6736
f 6736 6735 7098
f 6941 6741 6735
f 7098 6735 6741
f 6941 6735 6915
f 6917 6736 6737
f 7098 6737 6736
f 6915 6736 6917
f 6917 6737 6887
f 6916 6738 6739
f 7098 6739 6738
f 6918 6738 6916
f 6942 6739 6740
f 7098 6740 6739
f 6916 6739 6942
f 6940 6740 6742
f 6742 6740 7098
f 6942 6740 6940
f 6957 6744 6741
f 6741 6744 7098
f 6939 6741 6941
f 6957 6741 6939
f 6956 6742 6745
f 7098 6745 6742
f 6940 6742 6958
f 6958 6742 6956
f 6955 6743 6744
f 7098 6744 6743
f 6983 6778 6743
f 7098 6743 6778
f 6983 6743 6955
f 6955 6744 6957
f 6984 6745 6746
f 6746 6745 7098
f 6956 6745 6984
f 6982 6746 6779
f 7098 6779 6746
f 6984 6746 6982
f 7278 6770 6769
f 7268 6769 6794
f 7269 6769 7268
f 7278 6769 7269
f 7244 6771 6770
f 7244 6770 7279
f 7279 6770 7278
f 7245 6772 6771
f 7245 6771 7244
f 7246 6773 6772
f 7246 6772 7245
f 7247 6774 6773
f 7247 6773 7246
f 7248 6775 6774
f 7248 6774 7247
f 7280 6776 6775
f 7249 6775 7248
f 7280 6775 7249
f 7270 6795 6776
f 7270 6776 7281
f 7281 6776 7280
f 6981 6777 6778
f 6778 6777 7098
f 7005 6797 6777
f 7098 6777 6797
f 7005 6777 6981
f 6981 6778 6983
f 7006 6779 6780
f 7098 6780 6779
f 6982 6779 7006
f 7004 6780 6798
f 6798 6780 7098
f 7006 6780 7004
f 7300 6794 6793
f 7300 6793 6810
f 7268 6794 7308
f 7308 6794 7300
f 6795 6796 6951
f 7309 6796 6795
f 7271 6795 7270
f 7309 6795 7271
f 6796 6811 6951
f 7301 6811 6796
f 7301 6796 7309
f 7023 6813 6797
f 6797 6813 7098
f 7003 6797 7005
f 7023 6797 7003
f 7022 6798 6814
f 7098 6814 6798
f 7004 6798 7024
f 7024 6798 7022
f 7328 6809 6807
f 7328 6807 6823
f 6951 6812 6808
f 7329 6808 6812
f 6951 6808 6824
f 7329 6824 6808
f 7336 6810 6809
f 7336 6809 7328
f 7300 6810 7337
f 7337 6810 7336
f 6951 6811 6812
f 7338 6812 6811
f 7338 6811 7301
f 7329 6812 7339
f 7339 6812 7338
f 7039 6825 6813
f 7098 6813 6825
f 7021 6813 7023
f 7039 6813 7021
f 7038 6814 6826
f 7098 6826 6814
f 7022 6814 7040
f 7040 6814 7038
f 7356 6823 6833
f 7328 6823 7362
f 7362 6823 7356
f 6951 6824 6834
f 7357 6834 6824
f 7363 6824 7329
f 7357 6824 7363
f 7037 6835 6825
f 6825 6835 7098
f 7037 6825 7039
f 7068 6826 6836
f 7098 6836 6826
f 7038 6826 7068
f 7376 6833 6841
f 7356 6833 7382
f 7382 6833 7376
f 6951 6834 6842
f 7377 6842 6834
f 7383 6834 7357
f 7377 6834 7383
f 7065 6843 6835
f 7098 6835 6843
f 7067 6835 7037
f 7065 6835 7067
f 7098 6844 6836
f 7106 6836 6844
f 7068 6836 7066
f 7066 6836 7106
f 7404 6841 6851
f 7646 6851 6841
f 7376 6841 7410
f 7410 6841 7404
f 7646 6841 7666
f 6951 6842 6852
f 7405 6852 6842
f 7411 6842 7377
f 7405 6842 7411
f 7098 6843 6853
f 7133 6853 6843
f 7105 6843 7065
f 7133 6843 7105
f 6854 6844 7098
f 7132 6844 6854
f 7106 6844 7134
f 7134 6844 7132
f 7426 6851 6881
f 7636 6881 6851
f 7404 6851 7436
f 7436 6851 7426
f 7636 6851 7646
f 6852 6884 6951
f 7429 6884 6852
f 7437 6852 7405
f 7429 6852 7437
f 6853 6885 7098
f 7161 6885 6853
f 7131 6853 7133
f 7161 6853 7131
f 7098 6886 6854
f 7160 6854 6886
f 7132 6854 7162
f 7162 6854 7160
f 7216 6855 6857
f 7216 6890 6855
f 6860 7000 6859
f 6859 6999 6898
f 6859 7000 6999
f 6863 6963 6860
f 6860 6963 7000
f 6862 7002 6861
f 6861 7001 6880
f 6861 7002 7001
f 6899 6995 6862
f 6862 6995 7002
f 6864 6964 6863
f 6863 6964 6963
f 6865 6965 6864
f 6864 6965 6964
f 6866 6966 6865
f 6865 6966 6965
f 6867 6967 6866
f 6866 6967 6966
f 6868 6968 6867
f 6867 6968 6967
f 6869 6969 6868
f 6868 6969 6968
f 6870 6970 6869
f 6869 6970 6969
f 6871 6971 6870
f 6870 6971 6970
f 6872 6972 6871
f 6871 6972 6971
f 6873 6973 6872
f 6872 6973 6972
f 6874 6974 6873
f 6873 6974 6973
f 6875 6975 6874
f 6874 6975 6974
f 6876 6976 6875
f 6875 6976 6975
f 6877 6977 6876
f 6876 6977 6976
f 6878 6978 6877
f 6877 6978 6977
f 6879 6979 6878
f 6878 6979 6978
f 6880 6980 6879
f 6879 6980 6979
f 6880 7001 6980
f 7427 6881 6882
f 7637 6882 6881
f 7426 6881 7427
f 7637 6881 7636
f 7456 6882 6905
f 7624 6905 6882
f 7427 6882 7464
f 7464 6882 7456
f 7624 6882 7637
f 6951 6884 6883
f 7429 6883 6884
f 6951 6883 6910
f 7459 6910 6883
f 7428 6883 7429
f 7465 6883 7428
f 7459 6883 7465
f 7098 6885 6912
f 7159 6912 6885
f 7159 6885 7161
f 6913 6886 7098
f 7186 6886 6913
f 7160 6886 7186
f 7216 6887 6889
f 7216 6917 6887
f 7219 6892 6888
f 7219 6888 6918
f 6889 6890 7216
f 6895 6991 6893
f 6893 7019 6923
f 6893 6991 7019
f 6894 7020 6902
f 6924 7016 6894
f 6894 7016 7020
f 6896 6992 6895
f 6895 6992 6991
f 6897 6993 6896
f 6896 6993 6992
f 6898 6994 6897
f 6897 6994 6993
f 6898 6999 6994
f 6900 6996 6899
f 6899 6996 6995
f 6901 6997 6900
f 6900 6997 6996
f 6902 6998 6901
f 6901 6998 6997
f 6902 7020 6998
f 7475 6907 6903
f 7606 6903 6907
f 7475 6903 6927
f 7608 6927 6903
f 7608 6903 7606
f 6951 6908 6904
f 7478 6904 6908
f 6904 6934 6951
f 7478 6934 6904
f 7457 6905 6906
f 7625 6906 6905
f 7456 6905 7457
f 7625 6905 7624
f 7475 6906 6907
f 7626 6907 6906
f 7457 6906 7484
f 7474 6906 7475
f 7484 6906 7474
f 7626 6906 7625
f 7606 6907 7626
f 6909 6908 6951
f 7479 6908 6909
f 7478 6908 7479
f 6951 6910 6909
f 7459 6909 6910
f 7458 6909 7459
f 7485 6909 7458
f 7479 6909 7485
f 7098 6912 6911
f 7185 6911 6912
f 6911 6936 7098
f 7183 6936 6911
f 7183 6911 7185
f 7185 6912 7159
f 7098 6914 6913
f 7184 6913 6914
f 7186 6913 7184
f 7098 6937 6914
f 7203 6914 6937
f 7184 6914 7203
f 6915 6917 7216
f 7216 6941 6915
f 6918 6916 7219
f 7219 6916 6942
f 6921 7013 6919
f 6919 7035 6947
f 6919 7013 7035
f 6920 7036 6926
f 6948 7032 6920
f 6920 7032 7036
f 6922 7014 6921
f 6921 7014 7013
f 6923 7015 6922
f 6922 7015 7014
f 6923 7019 7015
f 6925 7017 6924
f 6924 7017 7016
f 6926 7018 6925
f 6925 7018 7017
f 6926 7036 7018
f 7476 6927 6928
f 7609 6928 6927
f 7475 6927 7476
f 7609 6927 7608
f 7503 6928 6929
f 7610 6929 6928
f 7476 6928 7502
f 7502 6928 7503
f 7610 6928 7609
f 7495 6929 6930
f 7611 6930 6929
f 7494 6929 7495
f 7503 6929 7494
f 7611 6929 7610
f 6931 6930 6951
f 7496 6930 6931
f 6951 6930 7098
f 7094 6930 7093
f 7093 6930 7126
f 7095 6930 7094
f 7096 6930 7095
f 7097 6930 7096
f 7098 6930 7097
f 7124 6930 7123
f 7123 6930 7155
f 7125 6930 7124
f 7126 6930 7125
f 7154 6930 7153
f 7153 6930 7180
f 7155 6930 7154
f 7180 6930 7179
f 7179 6930 7200
f 7200 6930 7286
f 7284 7285 6930
f 7315 7284 6930
f 6930 7285 7286
f 7314 7315 6930
f 7600 7314 6930
f 7495 6930 7496
f 6930 7611 7600
f 6951 6932 6931
f 7497 6931 6932
f 7496 6931 7497
f 6951 6933 6932
f 7505 6932 6933
f 7497 6932 7504
f 7504 6932 7505
f 6951 6934 6933
f 7478 6933 6934
f 7477 6933 7478
f 7505 6933 7477
f 7098 6936 6935
f 7202 6935 6936
f 6935 6952 7098
f 7220 6952 6935
f 7220 6935 7202
f 7202 6936 7183
f 6938 6937 7098
f 7221 6937 6938
f 7203 6937 7221
f 7098 6953 6938
f 7218 6938 6953
f 7221 6938 7218
f 7216 6939 6941
f 6957 6939 7216
f 7219 6942 6940
f 6940 6958 7219
f 6945 7029 6943
f 6943 7063 6960
f 6943 7029 7063
f 6944 7064 6950
f 6961 7061 6944
f 6944 7061 7064
f 6946 7030 6945
f 6945 7030 7029
f 6947 7031 6946
f 6946 7031 7030
f 6947 7035 7031
f 6949 7033 6948
f 6948 7033 7032
f 6950 7034 6949
f 6949 7034 7033
f 6950 7064 7034
f 7098 6952 6951
f 6952 7217 6951
f 6951 7217 7216
f 7217 6952 7220
f 7098 6954 6953
f 6954 7219 6953
f 6953 7219 7218
f 7099 6954 7098
f 6954 7099 7100
f 7100 7101 6954
f 7101 7102 6954
f 6954 7102 7103
f 6954 7103 7104
f 6954 7104 7127
f 7127 7128 6954
f 7128 7129 6954
f 6954 7129 7130
f 6954 7130 7156
f 7156 7157 6954
f 6954 7157 7158
f 6954 7158 7181
f 7181 7182 6954
f 6954 7182 7201
f 6954 7201 7215
f 6954 7215 7238
f 7238 7239 6954
f 6954 7239 7262
f 6954 7263 7259
f 6954 7259 7291
f 6954 7262 7263
f 7295 6954 7291
f 7296 6954 7295
f 7297 6954 7296
f 7322 6954 7297
f 7313 6954 7323
f 7350 6954 7313
f 7323 6954 7322
f 7351 6954 7350
f 7373 6954 7351
f 7399 6954 7373
f 7389 6954 7398
f 7423 6954 7389
f 7398 6954 7399
f 7422 6954 7423
f 7453 6954 7422
f 7452 6954 7453
f 7603 6954 7452
f 7216 6955 6957
f 7216 6983 6955
f 7219 6958 6956
f 7219 6956 6984
f 6960 7048 6959
f 6959 7047 6987
f 6959 7048 7047
f 6960 7063 7048
f 6962 7062 6961
f 6961 7062 7061
f 6988 7086 6962
f 6962 7086 7062
f 6964 7090 6963
f 6963 7090 7000
f 6965 7049 6964
f 6964 7049 7090
f 6966 7050 6965
f 6965 7050 7049
f 6967 7050 6966
f 6968 7051 6967
f 6967 7051 7050
f 6969 7052 6968
f 6968 7052 7051
f 6970 7053 6969
f 6969 7053 7052
f 6971 7054 6970
f 6970 7054 7053
f 6972 7054 6971
f 6973 7054 6972
f 6974 7054 6973
f 6975 7054 6974
f 6976 7054 6975
f 6977 7054 6976
f 6978 7054 6977
f 6979 7054 6978
f 6980 7054 6979
f 7001 7054 6980
f 6981 6983 7216
f 7216 7005 6981
f 6984 6982 7219
f 7219 6982 7006
f 6986 7074 6985
f 6985 7073 7010
f 6985 7074 7073
f 6987 7075 6986
f 6986 7075 7074
f 6987 7047 7075
f 6989 7087 6988
f 6988 7087 7086
f 6990 7088 6989
f 6989 7088 7087
f 7011 7119 6990
f 6990 7119 7088
f 6992 7077 6991
f 6991 7076 7019
f 6991 7077 7076
f 6993 7078 6992
f 6992 7078 7077
f 6994 7079 6993
f 6993 7079 7078
f 6999 7080 6994
f 6994 7080 7079
f 6996 7054 6995
f 6995 7054 7002
f 6997 7054 6996
f 6998 7054 6997
f 7020 7054 6998
f 7000 7089 6999
f 6999 7089 7080
f 7000 7090 7089
f 7002 7054 7001
f 7216 7003 7005
f 7023 7003 7216
f 7219 7006 7004
f 7004 7024 7219
f 7009 7109 7007
f 7007 7149 7026
f 7007 7109 7149
f 7008 7152 7012
f 7027 7147 7008
f 7008 7147 7152
f 7010 7110 7009
f 7009 7110 7109
f 7010 7073 7110
f 7012 7120 7011
f 7011 7120 7119
f 7012 7152 7120
f 7014 7113 7013
f 7013 7112 7035
f 7013 7113 7112
f 7015 7114 7014
f 7014 7114 7113
f 7019 7121 7015
f 7015 7121 7114
f 7017 7054 7016
f 7016 7054 7020
f 7018 7054 7017
f 7036 7054 7018
f 7019 7076 7121
f 7216 7021 7023
f 7216 7039 7021
f 7219 7024 7022
f 7219 7022 7040
f 7026 7140 7025
f 7025 7139 7044
f 7025 7140 7139
f 7026 7149 7140
f 7028 7148 7027
f 7027 7148 7147
f 7045 7175 7028
f 7028 7175 7148
f 7030 7150 7029
f 7029 7143 7063
f 7029 7150 7143
f 7031 7111 7030
f 7030 7111 7150
f 7035 7112 7031
f 7031 7112 7111
f 7033 7054 7032
f 7032 7054 7036
f 7034 7054 7033
f 7064 7054 7034
f 7037 7039 7216
f 7216 7067 7037
f 7040 7038 7219
f 7219 7038 7068
f 7043 7167 7041
f 7041 7196 7070
f 7041 7167 7196
f 7042 7199 7046
f 7071 7194 7042
f 7042 7194 7199
f 7044 7168 7043
f 7043 7168 7167
f 7044 7139 7168
f 7046 7176 7045
f 7045 7176 7175
f 7046 7199 7176
f 7048 7177 7047
f 7047 7171 7075
f 7047 7177 7171
f 7063 7142 7048
f 7048 7142 7141
f 7048 7141 7177
f 7654 7049 7050
f 7653 7090 7049
f 7653 7049 7654
f 7655 7050 7051
f 7654 7050 7655
f 7656 7051 7052
f 7655 7051 7656
f 7657 7052 7053
f 7656 7052 7657
f 7658 7053 7054
f 7657 7053 7658
f 7061 7055 7054
f 7659 7054 7055
f 7061 7054 7064
f 7658 7054 7659
f 7056 7055 7061
f 7660 7055 7056
f 7659 7055 7660
f 7061 7057 7056
f 7661 7056 7057
f 7660 7056 7661
f 7061 7058 7057
f 7662 7057 7058
f 7661 7057 7662
f 7059 7058 7061
f 7663 7058 7059
f 7662 7058 7663
f 7061 7060 7059
f 7664 7059 7060
f 7663 7059 7664
f 7061 7091 7060
f 7665 7060 7091
f 7664 7060 7665
f 7062 7178 7061
f 7082 7081 7061
f 7061 7081 7092
f 7061 7083 7082
f 7061 7084 7083
f 7085 7084 7061
f 7061 7122 7085
f 7061 7092 7091
f 7061 7116 7115
f 7115 7122 7061
f 7061 7117 7116
f 7118 7117 7061
f 7061 7151 7118
f 7145 7144 7061
f 7061 7144 7151
f 7061 7146 7145
f 7061 7178 7146
f 7086 7172 7062
f 7062 7172 7178
f 7063 7143 7142
f 7216 7065 7067
f 7105 7065 7216
f 7219 7068 7066
f 7066 7106 7219
f 7070 7190 7069
f 7069 7189 7107
f 7069 7190 7189
f 7070 7196 7190
f 7072 7195 7071
f 7071 7195 7194
f 7108 7211 7072
f 7072 7211 7195
f 7074 7169 7073
f 7073 7197 7110
f 7073 7169 7197
f 7075 7170 7074
f 7074 7170 7169
f 7075 7171 7170
f 7673 7076 7077
f 7672 7121 7076
f 7672 7076 7673
f 7674 7077 7078
f 7673 7077 7674
f 7675 7078 7079
f 7674 7078 7675
f 7676 7079 7080
f 7675 7079 7676
f 7677 7080 7089
f 7676 7080 7677
f 7680 7081 7082
f 7679 7092 7081
f 7679 7081 7680
f 7681 7082 7083
f 7680 7082 7681
f 7682 7083 7084
f 7681 7083 7682
f 7683 7084 7085
f 7682 7084 7683
f 7703 7085 7122
f 7683 7085 7703
f 7087 7173 7086
f 7086 7173 7172
f 7088 7174 7087
f 7087 7174 7173
f 7119 7198 7088
f 7088 7198 7174
f 7684 7089 7090
f 7677 7089 7684
f 7652 7090 7653
f 7684 7090 7652
f 7678 7091 7092
f 7665 7091 7685
f 7685 7091 7678
f 7678 7092 7679
f 7093 8181 7094
f 7126 8181 7093
f 7094 8182 7095
f 7094 8181 8182
f 7095 8151 7096
f 7095 8188 8151
f 7095 8182 8188
f 7096 8152 7097
f 7096 8151 8152
f 7097 8153 7098
f 7097 8152 8153
f 7098 8154 7099
f 7098 8153 8154
f 7099 8155 7100
f 7099 8154 8155
f 7100 8156 7101
f 7100 8155 8156
f 7101 8157 7102
f 7101 8156 8157
f 7102 8189 7103
f 7102 8157 8158
f 7102 8158 8189
f 7103 8183 7104
f 7103 8189 8183
f 7104 8184 7127
f 7104 8183 8184
f 7216 7133 7105
f 7219 7106 7134
f 7107 7208 7136
f 7136 7520 7107
f 7107 7189 7208
f 7137 7232 7108
f 7108 7232 7211
f 7110 7191 7109
f 7109 7191 7149
f 7110 7197 7191
f 7695 7111 7112
f 7694 7150 7111
f 7694 7111 7695
f 7696 7112 7113
f 7695 7112 7696
f 7697 7113 7114
f 7696 7113 7697
f 7702 7114 7121
f 7697 7114 7702
f 7699 7115 7116
f 7698 7122 7115
f 7698 7115 7699
f 7700 7116 7117
f 7699 7116 7700
f 7701 7117 7118
f 7700 7117 7701
f 7719 7118 7151
f 7701 7118 7719
f 7120 7192 7119
f 7119 7192 7198
f 7152 7193 7120
f 7120 7193 7192
f 7702 7121 7672
f 7703 7122 7698
f 7123 8214 7124
f 7155 8214 7123
f 7124 8179 7125
f 7124 8220 8179
f 7124 8214 8215
f 7124 8215 8220
f 7125 8180 7126
f 7125 8179 8180
f 7126 8180 8181
f 7127 8184 7128
f 7128 8185 7129
f 7128 8184 8185
f 7129 8216 7130
f 7129 8185 8186
f 7129 8186 8221
f 7129 8221 8216
f 7130 8217 7156
f 7130 8216 8217
f 7216 7131 7133
f 7161 7131 7216
f 7219 7134 7132
f 7132 7162 7219
f 7136 7227 7135
f 7135 7520 7136
f 7135 7226 7164
f 7164 7520 7135
f 7135 7227 7226
f 7136 7208 7227
f 7138 7233 7137
f 7137 7233 7232
f 7165 7256 7138
f 7138 7523 7165
f 7138 7256 7233
f 7140 7209 7139
f 7139 7209 7168
f 7149 7212 7140
f 7140 7212 7209
f 7713 7141 7142
f 7712 7177 7141
f 7712 7141 7713
f 7714 7142 7143
f 7713 7142 7714
f 7718 7143 7150
f 7714 7143 7718
f 7716 7144 7145
f 7715 7151 7144
f 7715 7144 7716
f 7717 7145 7146
f 7716 7145 7717
f 7735 7146 7178
f 7717 7146 7735
f 7148 7210 7147
f 7147 7213 7152
f 7147 7210 7213
f 7175 7210 7148
f 7149 7191 7212
f 7718 7150 7694
f 7719 7151 7715
f 7152 7213 7193
f 7153 8248 7154
f 7180 8248 7153
f 7154 8213 7155
f 7154 8254 8213
f 7154 8248 8249
f 7154 8249 8254
f 7155 8213 8214
f 7156 8217 7157
f 7157 8250 7158
f 7157 8217 8218
f 7157 8218 8255
f 7157 8255 8250
f 7158 8251 7181
f 7158 8250 8251
f 7216 7159 7161
f 7216 7185 7159
f 7219 7162 7160
f 7219 7160 7186
f 7164 7251 7163
f 7163 7520 7164
f 7163 7250 7187
f 7187 7520 7163
f 7163 7251 7250
f 7164 7226 7251
f 7166 7257 7165
f 7165 7523 7166
f 7165 7257 7256
f 7188 7277 7166
f 7166 7523 7188
f 7166 7277 7257
f 7168 7234 7167
f 7167 7229 7196
f 7167 7234 7229
f 7168 7209 7234
f 7729 7169 7170
f 7728 7197 7169
f 7728 7169 7729
f 7730 7170 7171
f 7729 7170 7730
f 7734 7171 7177
f 7730 7171 7734
f 7732 7172 7173
f 7731 7178 7172
f 7731 7172 7732
f 7733 7173 7174
f 7732 7173 7733
f 7748 7174 7198
f 7733 7174 7748
f 7176 7235 7175
f 7175 7235 7210
f 7199 7230 7176
f 7176 7230 7235
f 7734 7177 7712
f 7735 7178 7731
f 7179 8247 7180
f 7200 8285 7179
f 7179 8291 8247
f 7179 8285 8286
f 7179 8286 8291
f 7180 8247 8248
f 7181 8251 7182
f 7182 8287 7201
f 7182 8251 8252
f 7182 8252 8292
f 7182 8292 8287
f 7183 7185 7216
f 7216 7202 7183
f 7186 7184 7219
f 7219 7184 7203
f 7187 7272 7205
f 7205 7520 7187
f 7187 7250 7272
f 7206 7306 7188
f 7188 7523 7206
f 7188 7306 7277
f 7190 7253 7189
f 7189 7252 7208
f 7189 7253 7252
f 7196 7228 7190
f 7190 7228 7253
f 7747 7191 7197
f 7746 7212 7191
f 7746 7191 7747
f 7749 7192 7193
f 7748 7198 7192
f 7748 7192 7749
f 7767 7193 7213
f 7749 7193 7767
f 7195 7254 7194
f 7194 7231 7199
f 7194 7254 7231
f 7211 7255 7195
f 7195 7255 7254
f 7196 7229 7228
f 7747 7197 7728
f 7199 7231 7230
f 7200 7287 7214
f 7214 8333 7200
f 7286 7287 7200
f 7200 8338 8285
f 7200 8333 8334
f 7200 8334 8338
f 7201 8335 7215
f 7201 8287 8288
f 7201 8288 8339
f 7201 8339 8335
f 7216 7220 7202
f 7219 7203 7221
f 7205 7303 7204
f 7204 7520 7205
f 7204 7302 7223
f 7223 7520 7204
f 7204 7303 7302
f 7205 7272 7303
f 7207 7307 7206
f 7206 7523 7207
f 7206 7307 7306
f 7224 7334 7207
f 7207 7523 7224
f 7207 7334 7307
f 7208 7274 7227
f 7208 7252 7282
f 7208 7282 7274
f 7766 7209 7212
f 7764 7234 7209
f 7764 7209 7766
f 7765 7213 7210
f 7785 7210 7235
f 7765 7210 7785
f 7232 7275 7211
f 7211 7283 7255
f 7211 7275 7283
f 7766 7212 7746
f 7767 7213 7765
f 7214 7287 7237
f 7237 8372 7214
f 7214 8376 8333
f 7214 8372 8376
f 7215 8373 7238
f 7215 8335 8336
f 7215 8336 8377
f 7215 8377 8373
f 7217 7220 7216
f 7221 7218 7219
f 7223 7331 7222
f 7222 7520 7223
f 7222 7330 7242
f 7242 7520 7222
f 7222 7331 7330
f 7223 7302 7331
f 7225 7335 7224
f 7224 7523 7225
f 7224 7335 7334
f 7243 7361 7225
f 7225 7523 7243
f 7225 7361 7335
f 7227 7273 7226
f 7226 7304 7251
f 7226 7273 7304
f 7227 7274 7273
f 7781 7228 7229
f 7780 7253 7228
f 7780 7228 7781
f 7784 7229 7234
f 7781 7229 7784
f 7783 7230 7231
f 7782 7235 7230
f 7782 7230 7783
f 7795 7231 7254
f 7783 7231 7795
f 7233 7276 7232
f 7232 7276 7275
f 7256 7305 7233
f 7233 7305 7276
f 7784 7234 7764
f 7785 7235 7782
f 7237 7287 7236
f 7236 8371 7237
f 7236 7287 7261
f 7261 8389 7236
f 7236 8392 8371
f 7236 8389 8392
f 7237 8371 8372
f 7238 8373 7239
f 7239 8390 7262
f 7239 8373 8374
f 7239 8374 8393
f 7239 8393 8390
f 7242 7358 7240
f 7240 7520 7242
f 7240 7384 7266
f 7266 7520 7240
f 7240 7358 7384
f 7241 7385 7243
f 7243 7523 7241
f 7267 7381 7241
f 7241 7523 7267
f 7241 7381 7385
f 7242 7330 7358
f 7243 7385 7361
f 7251 7304 7250
f 7250 7340 7272
f 7250 7304 7340
f 7794 7252 7253
f 7793 7282 7252
f 7793 7252 7794
f 7794 7253 7780
f 7796 7254 7255
f 7795 7254 7796
f 7797 7255 7283
f 7796 7255 7797
f 7257 7305 7256
f 7277 7341 7257
f 7257 7341 7305
f 7260 7287 7258
f 7258 8412 7260
f 7258 7287 7290
f 7290 8412 7258
f 7263 8413 7259
f 7259 8413 7291
f 7261 7287 7260
f 7260 8412 7261
f 7261 8417 8389
f 7261 8412 8417
f 7262 8418 7263
f 7262 8390 8418
f 7263 8418 8413
f 7266 7378 7264
f 7264 7520 7266
f 7264 7412 7298
f 7298 7520 7264
f 7264 7378 7412
f 7265 7413 7267
f 7267 7523 7265
f 7299 7409 7265
f 7265 7523 7299
f 7265 7409 7413
f 7266 7384 7378
f 7267 7413 7381
f 7272 7364 7303
f 7272 7340 7332
f 7272 7332 7364
f 7817 7273 7274
f 7816 7304 7273
f 7816 7273 7817
f 7792 7274 7282
f 7817 7274 7792
f 7819 7275 7276
f 7818 7283 7275
f 7818 7275 7819
f 7835 7276 7305
f 7819 7276 7835
f 7306 7365 7277
f 7277 7333 7341
f 7277 7365 7333
f 7792 7282 7793
f 7797 7283 7818
f 8441 7285 7284
f 8441 7284 7315
f 8455 7286 7285
f 8442 7285 8441
f 8455 7285 8442
f 8410 7287 7286
f 8410 7286 8456
f 8456 7286 8455
f 7290 7287 7288
f 8457 7288 7287
f 8411 7287 8410
f 8457 7287 8411
f 7290 7288 7289
f 8443 7289 7288
f 8443 7288 8458
f 8458 7288 8457
f 7290 7289 7316
f 8444 7316 7289
f 8444 7289 8443
f 7290 7316 7317
f 7290 7317 7318
f 7318 8446 7290
f 7290 8446 8412
f 7293 7291 7292
f 7292 7291 7321
f 7294 7291 7293
f 7295 7291 7294
f 7320 7291 7319
f 7291 8447 7319
f 7321 7291 7320
f 7291 8413 8447
f 8449 7293 7292
f 8449 7292 7321
f 8459 7294 7293
f 8450 7293 8449
f 8459 7293 8450
f 8414 7295 7294
f 8414 7294 8460
f 8460 7294 8459
f 8461 7296 7295
f 8415 7295 8414
f 8461 7295 8415
f 8451 7297 7296
f 8451 7296 8462
f 8462 7296 8461
f 8452 7322 7297
f 8452 7297 8451
f 7298 7406 7325
f 7325 7520 7298
f 7298 7412 7406
f 7326 7434 7299
f 7299 7523 7326
f 7299 7434 7409
f 7576 7338 7301
f 7303 7359 7302
f 7302 7359 7331
f 7303 7364 7359
f 7834 7340 7304
f 7834 7304 7816
f 7855 7305 7341
f 7835 7305 7855
f 7307 7360 7306
f 7306 7360 7365
f 7334 7360 7307
f 7600 7310 7314
f 8485 7314 7310
f 7600 7343 7310
f 8485 7310 7343
f 7318 7317 7311
f 8486 7311 7317
f 7311 7344 7318
f 8486 7344 7311
f 7320 7319 7312
f 7312 7319 7349
f 8491 7320 7312
f 8491 7312 7349
f 8492 7313 7323
f 8492 7350 7313
f 8440 7315 7314
f 8440 7314 8495
f 8495 7314 8485
f 8441 7315 8440
f 8444 7317 7316
f 8445 7317 8444
f 8496 7317 8445
f 8486 7317 8496
f 7318 7344 7345
f 7318 7345 7346
f 7346 8488 7318
f 7318 8497 8446
f 7318 8488 8497
f 7348 7319 7347
f 7319 8489 7347
f 7349 7319 7348
f 7319 8447 8498
f 7319 8498 8489
f 8448 7321 7320
f 8448 7320 8499
f 8499 7320 8491
f 8449 7321 8448
f 8452 7323 7322
f 8453 7323 8452
f 8500 7323 8453
f 8492 7323 8500
f 7325 7431 7324
f 7324 7520 7325
f 7324 7430 7354
f 7354 7520 7324
f 7324 7431 7430
f 7325 7406 7431
f 7327 7435 7326
f 7326 7523 7327
f 7326 7435 7434
f 7355 7463 7327
f 7327 7523 7355
f 7327 7463 7435
f 7576 7329 7339
f 7576 7363 7329
f 7331 7379 7330
f 7330 7379 7358
f 7331 7359 7379
f 7854 7332 7340
f 7851 7364 7332
f 7851 7332 7854
f 7852 7341 7333
f 7853 7333 7365
f 7852 7333 7853
f 7335 7380 7334
f 7334 7380 7360
f 7361 7380 7335
f 7576 7339 7338
f 7854 7340 7834
f 7855 7341 7852
f 7342 7343 7600
f 8484 7343 7342
f 7366 7342 7601
f 8526 7342 7366
f 7601 7342 7600
f 8484 7342 8533
f 8533 7342 8526
f 8485 7343 8484
f 8486 7345 7344
f 7346 7345 7367
f 8527 7367 7345
f 8487 7345 8486
f 8534 7345 8487
f 8527 7345 8534
f 7346 7367 7369
f 7369 8528 7346
f 7346 8535 8488
f 7346 8528 8535
f 7348 7347 7372
f 7372 7347 7370
f 7347 8529 7370
f 7347 8489 8536
f 7347 8536 8529
f 8490 7349 7348
f 8530 7348 7372
f 8490 7348 8537
f 8537 7348 8530
f 8491 7349 8490
f 8492 7351 7350
f 8531 7373 7351
f 8493 7351 8492
f 8538 7351 8493
f 8531 7351 8538
f 7354 7460 7352
f 7352 7520 7354
f 7352 7486 7374
f 7374 7520 7352
f 7352 7460 7486
f 7353 7487 7355
f 7355 7523 7353
f 7375 7483 7353
f 7353 7523 7375
f 7353 7483 7487
f 7354 7430 7460
f 7355 7487 7463
f 7576 7357 7363
f 7383 7357 7576
f 7358 7379 7407
f 7358 7407 7384
f 7850 7359 7364
f 7866 7379 7359
f 7866 7359 7850
f 7867 7365 7360
f 7889 7360 7380
f 7867 7360 7889
f 7361 7408 7380
f 7385 7408 7361
f 7850 7364 7851
f 7853 7365 7867
f 7601 7390 7366
f 8570 7366 7390
f 8526 7366 8578
f 8578 7366 8570
f 7368 7367 7369
f 7369 7367 7394
f 7394 7367 7393
f 8571 7393 7367
f 8579 7367 8527
f 8571 7367 8579
f 7369 8572 7368
f 7368 8580 7369
f 7368 8572 8580
f 7394 8572 7369
f 7369 8580 8528
f 7372 7370 7371
f 7370 8529 7371
f 7371 8581 7370
f 7372 7370 7395
f 7370 8573 7395
f 7370 8581 8573
f 7371 8529 8581
f 7372 7395 7396
f 8574 7372 7396
f 8530 7372 8582
f 8582 7372 8574
f 8575 7399 7373
f 8583 7373 8531
f 8575 7373 8583
f 7374 7480 7402
f 7402 7520 7374
f 7374 7486 7480
f 7403 7501 7375
f 7375 7523 7403
f 7375 7501 7483
f 7410 8146 7376
f 7376 8146 8140
f 7576 7377 7383
f 7576 7411 7377
f 7384 7407 7378
f 7378 7407 7432
f 7378 7432 7412
f 7888 7407 7379
f 7888 7379 7866
f 7913 7380 7408
f 7889 7380 7913
f 7381 7408 7385
f 7381 7433 7408
f 7413 7433 7381
f 7601 7386 7391
f 8625 7391 7386
f 7414 7386 7601
f 8625 7386 7414
f 7418 7392 7387
f 8626 7387 7392
f 7418 7387 7417
f 8626 7417 7387
f 7397 7419 7388
f 8631 7397 7388
f 7388 7419 7420
f 8631 7388 7420
f 8632 7389 7398
f 8632 7423 7389
f 7601 7391 7390
f 8625 7390 7391
f 8570 7390 8635
f 8624 7390 8625
f 8635 7390 8624
f 7418 7393 7392
f 8627 7392 7393
f 8626 7392 8627
f 7394 7393 7418
f 8636 7393 8571
f 8627 7393 8636
f 7418 8628 7394
f 7394 8637 8572
f 7394 8628 8637
f 7396 7395 7419
f 7395 8629 7419
f 7395 8573 8638
f 7395 8638 8629
f 7396 7419 7397
f 8631 7396 7397
f 8574 7396 8639
f 8630 7396 8631
f 8639 7396 8630
f 8633 7398 7399
f 8632 7398 8633
f 8640 7399 8575
f 8633 7399 8640
f 7402 7498 7400
f 7400 7520 7402
f 7400 7516 7424
f 7424 7520 7400
f 7400 7498 7516
f 7401 7517 7403
f 7403 7523 7401
f 7425 7515 7401
f 7401 7523 7425
f 7401 7515 7517
f 7402 7480 7498
f 7403 7517 7501
f 8122 7410 7404
f 8031 7404 7436
f 8030 7404 8031
f 8061 7404 8030
f 8050 7404 8051
f 8082 7404 8050
f 8051 7404 8052
f 8052 7404 8060
f 8060 7404 8061
f 8074 7404 8075
f 8110 7404 8074
f 8075 7404 8082
f 8100 7404 8101
f 8128 7404 8100
f 8101 7404 8110
f 8122 7404 8128
f 7405 7411 7576
f 7576 7437 7405
f 7412 7432 7406
f 7406 7461 7431
f 7406 7432 7461
f 7912 7432 7407
f 7912 7407 7888
f 7933 7408 7433
f 7913 7408 7933
f 7409 7433 7413
f 7409 7462 7433
f 7434 7462 7409
f 8146 7410 8122
f 7415 7414 7601
f 8651 7414 7415
f 8625 7414 8665
f 8650 7414 8651
f 8665 7414 8650
f 7440 7415 7601
f 8651 7415 7440
f 7446 7417 7416
f 8655 7416 7417
f 7446 7416 7445
f 8654 7445 7416
f 8654 7416 8655
f 7418 7417 7446
f 8666 7417 8626
f 8655 7417 8666
f 7446 8656 7418
f 7418 8667 8628
f 7418 8656 8667
f 7420 7419 7447
f 7419 8657 7447
f 7419 8629 8668
f 7419 8668 8657
f 7420 7447 7421
f 8659 7420 7421
f 8631 7420 8669
f 8658 7420 8659
f 8669 7420 8658
f 7421 7447 7448
f 8659 7421 7448
f 8663 7422 7423
f 8662 7453 7422
f 8662 7422 8663
f 8670 7423 8632
f 8663 7423 8670
f 7424 7512 7454
f 7454 7520 7424
f 7424 7516 7512
f 7425 7523 7455
f 7455 7527 7425
f 7425 7527 7515
f 7426 7427 8031
f 8031 7436 7426
f 7427 7464 8031
f 7576 7428 7429
f 7576 7465 7428
f 7576 7429 7437
f 7431 7461 7430
f 7430 7481 7460
f 7430 7461 7481
f 7932 7461 7432
f 7932 7432 7912
f 7955 7433 7462
f 7933 7433 7955
f 7435 7462 7434
f 7435 7482 7462
f 7463 7482 7435
f 7446 7443 7438
f 7438 7443 7466
f 7438 8682 7446
f 7466 8682 7438
f 7451 7447 7439
f 7447 8683 7439
f 7451 7439 7469
f 7439 8683 7469
f 7441 7440 7601
f 8652 7440 7441
f 8651 7440 8652
f 7601 7442 7441
f 8688 7441 7442
f 8652 7441 8687
f 8687 7441 8688
f 7443 7442 7601
f 8681 7442 7443
f 8680 7442 8681
f 8688 7442 8680
f 7444 7443 7446
f 8690 7443 7444
f 7466 7443 7467
f 7467 7443 7488
f 7488 7443 7489
f 7489 7443 7506
f 7506 7443 7518
f 7518 7443 7530
f 7530 7443 7601
f 8681 7443 8689
f 8689 7443 8690
f 7446 7445 7444
f 8654 7444 7445
f 8653 7444 8654
f 8690 7444 8653
f 7446 8682 8656
f 7448 7447 7449
f 7449 7447 7450
f 7450 7447 7451
f 7447 8657 8683
f 8660 7448 7449
f 8659 7448 8660
f 8692 7449 7450
f 8660 7449 8691
f 8691 7449 8692
f 8685 7450 7451
f 8684 7450 8685
f 8692 7450 8684
f 7451 7507 7452
f 8694 7451 7452
f 7451 7469 7468
f 7491 7451 7468
f 7490 7451 7491
f 7507 7451 7490
f 8685 7451 8693
f 8693 7451 8694
f 8662 7452 7453
f 7452 7507 7519
f 7452 7519 7533
f 7533 7532 7452
f 7452 7532 7545
f 7452 7544 7543
f 7452 7543 7559
f 7452 7545 7544
f 7452 7557 7556
f 7556 7575 7452
f 7452 7558 7557
f 7559 7558 7452
f 7452 7575 7603
f 8661 7452 8662
f 8694 7452 8661
f 7472 7520 7454
f 7454 7524 7472
f 7454 7512 7524
f 7455 7523 7473
f 7473 7537 7455
f 7455 7537 7527
f 7456 7457 7880
f 7464 7456 8031
f 8031 7456 7880
f 7880 7457 7484
f 7576 7458 7459
f 7576 7485 7458
f 7576 7459 7465
f 7460 7481 7499
f 7460 7499 7486
f 7954 7481 7461
f 7954 7461 7932
f 7979 7462 7482
f 7955 7462 7979
f 7463 7500 7482
f 7487 7500 7463
f 7467 8709 7466
f 7466 8709 8682
f 7488 8706 7467
f 7467 8706 8709
f 7469 8683 7468
f 7468 8707 7491
f 7468 8683 8710
f 7468 8710 8707
f 7470 7520 7472
f 7472 7534 7470
f 7492 7520 7470
f 7470 7550 7492
f 7470 7534 7550
f 7473 7523 7471
f 7471 7551 7473
f 7471 7523 7493
f 7493 7549 7471
f 7471 7549 7551
f 7472 7524 7534
f 7473 7551 7537
f 7880 7474 7475
f 7484 7474 7880
f 7475 7476 7880
f 7476 7502 7880
f 7576 7477 7478
f 7576 7505 7477
f 7478 7479 7576
f 7576 7479 7485
f 7486 7499 7480
f 7480 7513 7498
f 7480 7499 7513
f 7978 7499 7481
f 7978 7481 7954
f 8015 7482 7500
f 7979 7482 8015
f 7483 7500 7487
f 7483 7514 7500
f 7501 7514 7483
f 7489 8735 7488
f 7488 8739 8706
f 7488 8735 8734
f 7488 8734 8739
f 7506 8735 7489
f 7491 8737 7490
f 7490 8736 7507
f 7490 8737 8736
f 7491 8707 8740
f 7491 8740 8737
f 7510 7520 7492
f 7492 7546 7510
f 7492 7550 7546
f 7493 7523 7511
f 7511 7563 7493
f 7493 7563 7549
f 7494 7495 7576
f 7576 7503 7494
f 7495 7496 7576
f 7576 7496 7497
f 7497 7504 7576
f 7498 7513 7528
f 7498 7528 7516
f 8014 7513 7499
f 8014 7499 7978
f 8041 7500 7514
f 8015 7500 8041
f 7501 7529 7514
f 7517 7529 7501
f 7502 7503 7880
f 7576 7886 7503
f 7880 7503 7886
f 7576 7504 7505
f 7518 8749 7506
f 7506 8753 8735
f 7506 8749 8748
f 7506 8748 8753
f 7507 8751 7519
f 7507 8736 8754
f 7507 8754 8751
f 7508 7520 7510
f 7510 7560 7508
f 7521 7520 7508
f 7508 7582 7521
f 7508 7560 7582
f 7511 7523 7509
f 7509 7585 7511
f 7509 7523 7522
f 7522 7580 7509
f 7509 7580 7585
f 7510 7546 7560
f 7511 7585 7563
f 7516 7525 7512
f 7512 7538 7524
f 7512 7525 7538
f 8040 7528 7513
f 8040 7513 8014
f 8067 7514 7529
f 8041 7514 8067
f 7515 7526 7517
f 7515 7539 7526
f 7527 7539 7515
f 7516 7528 7525
f 7517 7526 7529
f 7530 8763 7518
f 7518 8767 8749
f 7518 8763 8762
f 7518 8762 8767
f 7519 8765 7533
f 7519 8751 8750
f 7519 8750 8768
f 7519 8768 8765
f 7577 7520 7521
f 7576 7520 7577
f 7521 7582 7577
f 7581 7522 7523
f 7580 7522 7581
f 7524 7547 7534
f 7524 7538 7535
f 7524 7535 7547
f 8066 7525 7528
f 8064 7538 7525
f 8064 7525 8066
f 8065 7529 7526
f 8089 7526 7539
f 8065 7526 8089
f 7527 7536 7539
f 7527 7548 7536
f 7537 7548 7527
f 8066 7528 8040
f 8067 7529 8065
f 7530 7601 7531
f 7531 8775 7530
f 7530 8782 8763
f 7530 8775 8774
f 7530 8774 8782
f 7531 7601 7540
f 7540 8775 7531
f 7533 8779 7532
f 7532 8778 7545
f 7532 8779 8778
f 7533 8765 8764
f 7533 8764 8783
f 7533 8783 8779
f 7534 7547 7550
f 8088 7535 7538
f 8086 7547 7535
f 8086 7535 8088
f 8087 7539 7536
f 8113 7536 7548
f 8087 7536 8113
f 7551 7548 7537
f 8088 7538 8064
f 8089 7539 8087
f 7540 7601 7541
f 7541 8776 7540
f 7540 8776 8775
f 7541 7601 7542
f 7542 8791 7541
f 7541 8797 8776
f 7541 8791 8790
f 7541 8790 8797
f 7542 7601 7552
f 7552 8791 7542
f 7544 8795 7543
f 7543 8794 7559
f 7543 8795 8794
f 7545 8778 7544
f 7544 8778 8777
f 7544 8777 8798
f 7544 8798 8795
f 7550 7561 7546
f 7546 7583 7560
f 7546 7561 7583
f 7550 7547 7561
f 8112 7561 7547
f 8112 7547 8086
f 7551 7562 7548
f 8131 7548 7562
f 8113 7548 8131
f 7549 7562 7551
f 7549 7584 7562
f 7563 7584 7549
f 7552 7601 7553
f 7553 8792 7552
f 7552 8792 8791
f 7553 7601 7554
f 7554 8803 7553
f 7553 8811 8792
f 7553 8803 8802
f 7553 8802 8811
f 7554 7601 7555
f 7555 8804 7554
f 7554 8804 8803
f 7555 7601 7564
f 7564 8804 7555
f 7557 8808 7556
f 7556 8807 7575
f 7556 8808 8807
f 7558 8809 7557
f 7557 8809 8808
f 7559 8794 7558
f 7558 8794 8793
f 7558 8793 8812
f 7558 8812 8809
f 7560 7578 7582
f 7560 7583 7578
f 8130 7583 7561
f 8130 7561 8112
f 8131 7562 7584
f 7563 7579 7584
f 7585 7579 7563
f 7564 7601 7565
f 7565 8805 7564
f 7564 8805 8804
f 7565 7601 7566
f 7566 8827 7565
f 7565 8827 8805
f 7566 7601 7567
f 7567 8819 7566
f 7566 8819 8818
f 7566 8818 8827
f 7567 7601 7568
f 7568 8820 7567
f 7567 8820 8819
f 7568 7601 7569
f 7569 8821 7568
f 7568 8821 8820
f 7603 7570 7569
f 7570 8822 7569
f 7569 7601 7602
f 7569 7602 7603
f 7569 8822 8821
f 7603 7571 7570
f 7571 8823 7570
f 7570 8823 8822
f 7603 7572 7571
f 7572 8824 7571
f 7571 8824 8823
f 7603 7573 7572
f 7573 8825 7572
f 7572 8825 8824
f 7574 7573 7603
f 7574 8806 7573
f 7573 8806 8828
f 7573 8828 8825
f 7603 7575 7574
f 7575 8807 7574
f 7574 8807 8806
f 7577 7588 7576
f 7576 7588 7586
f 7576 7586 7590
f 7576 7590 7592
f 7576 7592 7596
f 7596 7594 7576
f 7576 7594 7598
f 7598 7604 7576
f 7576 7604 7622
f 7576 7622 7620
f 7620 7634 7576
f 7576 7634 7644
f 7576 7644 7642
f 7642 7650 7576
f 7576 7650 7670
f 7670 7692 7576
f 7576 7692 7690
f 7576 7690 7710
f 7576 7710 7726
f 7576 7726 7744
f 7744 7742 7576
f 7576 7742 7762
f 7576 7762 7778
f 7778 7776 7576
f 7576 7776 7790
f 7790 7814 7576
f 7576 7814 7832
f 7576 7832 7830
f 7830 7848 7576
f 7576 7848 7864
f 7864 7886 7576
f 7582 7588 7577
f 7582 7578 7588
f 8130 7578 7583
f 8150 7588 7578
f 8150 7578 8130
f 8159 7584 7579
f 7579 7585 7589
f 8187 7579 7589
f 8159 7579 8187
f 7589 7580 7581
f 7589 7585 7580
f 7581 7587 7589
f 7581 7591 7587
f 7581 7593 7591
f 7581 7597 7593
f 7595 7597 7581
f 7581 7599 7595
f 7605 7599 7581
f 7581 7623 7605
f 7581 7621 7623
f 7635 7621 7581
f 7581 7645 7635
f 7581 7643 7645
f 7651 7643 7581
f 7581 7671 7651
f 7693 7671 7581
f 7885 7693 7581
f 8131 7584 8159
f 8178 7586 7588
f 8178 7590 7586
f 8187 7589 7587
f 8219 7587 7591
f 8187 7587 8219
f 8178 7588 8150
f 8212 7592 7590
f 8212 7590 8178
f 8253 7591 7593
f 8219 7591 8253
f 8246 7596 7592
f 8246 7592 8212
f 8293 7593 7597
f 8253 7593 8293
f 8290 7594 7596
f 8284 7598 7594
f 8284 7594 8290
f 8289 7597 7595
f 8337 7595 7599
f 8289 7595 8337
f 8290 7596 8246
f 8293 7597 8289
f 8332 7604 7598
f 8332 7598 8284
f 8375 7599 7605
f 8337 7599 8375
f 7600 7772 7601
f 7600 7615 7607
f 7600 7607 7627
f 7600 7611 7612
f 7612 7613 7600
f 7613 7614 7600
f 7614 7615 7600
f 7600 7627 7628
f 7628 7629 7600
f 7600 7629 7638
f 7600 7638 7639
f 7600 7639 7647
f 7600 7647 7667
f 7600 7667 7687
f 7600 7687 7707
f 7600 7707 7705
f 7705 7723 7600
f 7600 7723 7722
f 7600 7722 7739
f 7600 7739 7738
f 7600 7738 8815
f 7600 8885 7772
f 8815 8885 7600
f 7602 7601 7619
f 7619 7601 7616
f 7773 7616 7601
f 7601 7772 7773
f 7602 7774 7603
f 7789 7602 7619
f 7774 7602 7789
f 7603 7774 7775
f 7603 7775 8816
f 8370 7622 7604
f 8370 7604 8332
f 8391 7605 7623
f 8375 7605 8391
f 8051 7608 7606
f 8051 7606 7626
f 8054 7607 7615
f 8054 7627 7607
f 8051 7609 7608
f 8060 7610 7609
f 8052 7609 8051
f 8060 7609 8052
f 8030 7611 7610
f 8030 7610 8061
f 8061 7610 8060
f 8031 7612 7611
f 8031 7611 8030
f 8032 7613 7612
f 8032 7612 8031
f 8062 7614 7613
f 8033 7613 8032
f 8062 7613 8033
f 8053 7615 7614
f 8053 7614 8063
f 8063 7614 8062
f 8054 7615 8053
f 7618 7616 7617
f 7788 7617 7616
f 7619 7616 7618
f 7788 7616 7773
f 7618 7617 7633
f 7633 7617 7630
f 7806 7630 7617
f 7806 7617 7788
f 7807 7619 7618
f 7805 7618 7633
f 7807 7618 7805
f 7789 7619 7807
f 8388 7620 7622
f 8388 7634 7620
f 8391 7623 7621
f 8416 7621 7635
f 8391 7621 8416
f 8388 7622 8370
f 8074 7625 7624
f 8074 7624 7637
f 8050 7626 7625
f 8050 7625 8082
f 8075 7625 8074
f 8082 7625 8075
f 8051 7626 8050
f 8054 7628 7627
f 8076 7629 7628
f 8055 7628 8054
f 8083 7628 8055
f 8076 7628 8083
f 8077 7638 7629
f 8077 7629 8076
f 7632 7630 7631
f 7804 7631 7630
f 7633 7630 7632
f 7804 7630 7806
f 7632 7631 7641
f 7641 7631 7640
f 7826 7640 7631
f 7826 7631 7804
f 7827 7633 7632
f 7825 7632 7641
f 7827 7632 7825
f 7805 7633 7827
f 8409 7644 7634
f 8409 7634 8388
f 8416 7635 7645
f 8100 7637 7636
f 8100 7636 7646
f 8074 7637 8110
f 8101 7637 8100
f 8110 7637 8101
f 8102 7639 7638
f 8111 7638 8077
f 8102 7638 8111
f 8103 7647 7639
f 8103 7639 8102
f 7641 7640 7649
f 7649 7640 7648
f 7824 7648 7640
f 7824 7640 7826
f 7843 7641 7649
f 7825 7641 7843
f 8409 7642 7644
f 8439 7650 7642
f 8439 7642 8409
f 8454 7645 7643
f 8494 7643 7651
f 8454 7643 8494
f 8416 7645 8454
f 8122 7646 7666
f 8100 7646 8128
f 8128 7646 8122
f 8123 7667 7647
f 8129 7647 8103
f 8123 7647 8129
f 7649 7648 7669
f 7669 7648 7668
f 7840 7668 7648
f 7842 7648 7824
f 7840 7648 7842
f 7861 7649 7669
f 7843 7649 7841
f 7841 7649 7861
f 8483 7670 7650
f 8483 7650 8439
f 8532 7651 7671
f 8494 7651 8532
f 7664 7652 7653
f 7665 7652 7664
f 7665 7684 7652
f 7663 7653 7654
f 7664 7653 7663
f 7662 7654 7655
f 7663 7654 7662
f 7661 7655 7656
f 7662 7655 7661
f 7660 7656 7657
f 7661 7656 7660
f 7659 7657 7658
f 7660 7657 7659
f 7685 7684 7665
f 8140 7666 7686
f 7686 7666 8913
f 8122 7666 8146
f 8146 7666 8140
f 8141 7687 7667
f 8147 7667 8123
f 8141 7667 8147
f 7669 7668 7689
f 7689 7668 7688
f 7876 7688 7668
f 7860 7668 7840
f 7876 7668 7860
f 7875 7669 7689
f 7861 7669 7877
f 7877 7669 7875
f 8525 7692 7670
f 8525 7670 8483
f 8584 7671 7693
f 8532 7671 8584
f 7682 7672 7673
f 7683 7672 7682
f 7683 7702 7672
f 7681 7673 7674
f 7682 7673 7681
f 7680 7674 7675
f 7681 7674 7680
f 7679 7675 7676
f 7680 7675 7679
f 7678 7676 7677
f 7679 7676 7678
f 7678 7677 7685
f 7685 7677 7684
f 7703 7702 7683
f 8168 7686 7706
f 7706 7686 8913
f 8140 7686 8174
f 8174 7686 8168
f 8169 7707 7687
f 8175 7687 8141
f 8169 7687 8175
f 7689 7688 7709
f 7709 7688 7708
f 7898 7708 7688
f 7874 7688 7876
f 7898 7688 7874
f 7897 7689 7709
f 7875 7689 7899
f 7899 7689 7897
f 8577 7690 7692
f 8569 7710 7690
f 8569 7690 8577
f 7691 7693 7885
f 8576 7693 7691
f 7885 7711 7691
f 8634 7691 7711
f 8576 7691 8634
f 8577 7692 8525
f 8584 7693 8576
f 7700 7694 7695
f 7701 7694 7700
f 7701 7718 7694
f 7699 7695 7696
f 7700 7695 7699
f 7698 7696 7697
f 7699 7696 7698
f 7698 7697 7703
f 7703 7697 7702
f 7719 7718 7701
f 8200 7706 7704
f 8785 7704 7706
f 8200 7704 7720
f 8785 7720 7704
f 8201 7705 7707
f 8201 7723 7705
f 8168 7706 8208
f 8208 7706 8200
f 8785 7706 8799
f 8799 7706 8913
f 8209 7707 8169
f 8201 7707 8209
f 7709 7708 7725
f 7725 7708 7724
f 7896 7724 7708
f 7896 7708 7898
f 7925 7709 7725
f 7897 7709 7925
f 8623 7726 7710
f 8623 7710 8569
f 7727 7711 7885
f 8664 7711 7727
f 8634 7711 8664
f 7716 7712 7713
f 7717 7712 7716
f 7717 7734 7712
f 7715 7713 7714
f 7716 7713 7715
f 7715 7714 7719
f 7719 7714 7718
f 7735 7734 7717
f 8241 7720 7721
f 8786 7721 7720
f 8200 7720 8240
f 8240 7720 8241
f 8786 7720 8785
f 8232 7721 7736
f 8769 7736 7721
f 8241 7721 8232
f 8769 7721 8786
f 8243 7722 7723
f 8233 7739 7722
f 8233 7722 8242
f 8242 7722 8243
f 8243 7723 8201
f 7725 7724 7741
f 7741 7724 7740
f 7922 7740 7724
f 7924 7724 7896
f 7922 7724 7924
f 7943 7725 7741
f 7925 7725 7923
f 7923 7725 7943
f 8649 7744 7726
f 8649 7726 8623
f 7885 7745 7727
f 8686 7727 7745
f 8664 7727 8686
f 7732 7728 7729
f 7733 7728 7732
f 7733 7747 7728
f 7731 7729 7730
f 7732 7729 7731
f 7731 7730 7735
f 7735 7730 7734
f 7748 7747 7733
f 8282 7736 7737
f 8770 7737 7736
f 8232 7736 8282
f 8770 7736 8769
f 8273 7737 7750
f 8756 7750 7737
f 8272 7737 8273
f 8282 7737 8272
f 8756 7737 8755
f 8755 7737 8770
f 8233 7738 7739
f 8275 7757 7738
f 7738 7757 8815
f 8283 7738 8233
f 8275 7738 8283
f 7741 7740 7761
f 7761 7740 7758
f 7940 7758 7740
f 7942 7740 7922
f 7940 7740 7942
f 7969 7741 7761
f 7943 7741 7941
f 7941 7741 7969
f 8679 7742 7744
f 8679 7762 7742
f 7885 7743 7745
f 8686 7745 7743
f 7763 7743 7884
f 8708 7743 7763
f 7884 7743 7885
f 8686 7743 8708
f 8679 7744 8649
f 7748 7746 7747
f 7749 7746 7748
f 7749 7766 7746
f 7767 7766 7749
f 8327 7750 7751
f 8757 7751 7750
f 8273 7750 8326
f 8326 7750 8327
f 8757 7750 8756
f 8313 7751 7752
f 8742 7752 7751
f 8312 7751 8313
f 8327 7751 8312
f 8742 7751 8741
f 8741 7751 8757
f 8314 7752 7753
f 8743 7753 7752
f 8313 7752 8314
f 8743 7752 8742
f 8315 7753 7754
f 8743 7754 7753
f 8314 7753 8315
f 8316 7754 7755
f 8744 7755 7754
f 8315 7754 8316
f 8744 7754 8743
f 8317 7755 7756
f 8745 7756 7755
f 8316 7755 8317
f 8745 7755 8744
f 8329 7756 7757
f 8759 7757 7756
f 8317 7756 8328
f 8328 7756 8329
f 8746 7756 8745
f 8758 7756 8746
f 8759 7756 8758
f 8274 7757 8275
f 8329 7757 8274
f 8759 8815 7757
f 7760 7758 7759
f 7968 7759 7758
f 7761 7758 7760
f 7968 7758 7940
f 7760 7759 7771
f 7771 7759 7768
f 7966 7768 7759
f 7966 7759 7968
f 7967 7761 7760
f 8003 7760 7771
f 7967 7760 8003
f 7969 7761 7967
f 8705 7778 7762
f 8705 7762 8679
f 7884 7779 7763
f 8708 7763 7779
f 7765 7764 7767
f 7765 7784 7764
f 7767 7764 7766
f 7785 7784 7765
f 7770 7768 7769
f 8002 7769 7768
f 7771 7768 7770
f 8002 7768 7966
f 7770 7769 7787
f 7787 7769 7786
f 8000 7786 7769
f 8000 7769 8002
f 8001 7771 7770
f 8025 7770 7787
f 8001 7770 8025
f 8003 7771 8001
f 7788 7773 7772
f 7772 7806 7788
f 7772 7804 7806
f 7826 7804 7772
f 7772 7824 7826
f 7772 7842 7824
f 7840 7842 7772
f 7772 7860 7840
f 7772 7876 7860
f 7874 7876 7772
f 7772 7898 7874
f 7772 7896 7898
f 7924 7896 7772
f 7772 7922 7924
f 7772 7942 7922
f 7940 7942 7772
f 7772 7968 7940
f 7772 7966 7968
f 8002 7966 7772
f 7772 8000 8002
f 7772 8024 8000
f 8022 8024 7772
f 7772 8044 8022
f 7772 8042 8044
f 8070 8042 7772
f 7772 8068 8070
f 7772 8092 8068
f 7772 8090 8093
f 7772 8116 8090
f 8093 8092 7772
f 8885 8116 7772
f 7774 7789 7775
f 7775 7789 7807
f 7775 7807 7805
f 7805 7827 7775
f 7775 7827 7825
f 7775 7825 7843
f 7843 7841 7775
f 7775 7841 7861
f 7775 7861 7877
f 7877 7875 7775
f 7775 7875 7899
f 7775 7899 7897
f 7897 7925 7775
f 7775 7925 7923
f 7775 7923 7943
f 7943 7941 7775
f 7775 7941 7969
f 7775 7969 7967
f 7967 8003 7775
f 7775 8003 8001
f 7775 8001 8025
f 8025 8023 7775
f 7775 8023 8045
f 7775 8045 8043
f 8043 8071 7775
f 7775 8071 8069
f 7775 8069 8095
f 7775 8095 8886
f 8816 7775 8886
f 8705 7776 7778
f 8733 7790 7776
f 8733 7776 8705
f 7884 7777 7779
f 8738 7779 7777
f 7791 7777 7884
f 8752 7777 7791
f 8738 7777 8752
f 8708 7779 8738
f 7782 7780 7781
f 7783 7780 7782
f 7783 7794 7780
f 7782 7781 7785
f 7785 7781 7784
f 7795 7794 7783
f 7787 7786 7803
f 7803 7786 7798
f 8022 7798 7786
f 8024 7786 8000
f 8022 7786 8024
f 8045 7787 7803
f 8025 7787 8023
f 8023 7787 8045
f 8747 7814 7790
f 8747 7790 8733
f 7884 7815 7791
f 8766 7791 7815
f 8752 7791 8766
f 7796 7792 7793
f 7797 7792 7796
f 7797 7817 7792
f 7795 7793 7794
f 7796 7793 7795
f 7818 7817 7797
f 7802 7798 7799
f 8044 7799 7798
f 7803 7798 7802
f 8044 7798 8022
f 7801 7799 7800
f 8042 7800 7799
f 7802 7799 7801
f 8042 7799 8044
f 7801 7800 7823
f 7823 7800 7820
f 8070 7820 7800
f 8070 7800 8042
f 8071 7802 7801
f 8069 7801 7823
f 8071 7801 8069
f 8043 7803 7802
f 8043 7802 8071
f 8045 7803 8043
f 7808 7810 7811
f 7828 7810 7808
f 7811 7881 7808
f 7808 7908 7828
f 7808 7881 7908
f 7812 7813 7809
f 7809 7911 7812
f 7809 7813 7829
f 7829 7907 7809
f 7809 7907 7911
f 7880 7811 7810
f 7846 7810 7828
f 7844 7810 7846
f 7862 7810 7844
f 7878 7810 7862
f 7902 7810 7878
f 7880 7810 8975
f 7900 7810 7902
f 7926 7810 7900
f 7946 7810 7926
f 7944 7810 7946
f 7970 7810 7944
f 8004 7810 7970
f 8005 7810 8004
f 8028 7810 8005
f 8026 7810 8028
f 8048 7810 8026
f 8046 7810 8048
f 8072 7810 8046
f 8096 7810 8072
f 8097 7810 8096
f 8118 7810 8097
f 8119 7810 8118
f 8138 7810 8119
f 8164 7810 8138
f 8165 7810 8164
f 8196 7810 8165
f 8197 7810 8196
f 8230 7810 8197
f 8230 8919 7810
f 8975 7810 8919
f 7881 7811 7880
f 7884 7813 7812
f 7812 7911 7884
f 7829 7813 7847
f 7847 7813 7845
f 7845 7813 7863
f 7863 7813 7879
f 7879 7813 7903
f 7885 7813 7884
f 7885 8920 7813
f 7903 7813 7901
f 7901 7813 7927
f 7927 7813 7947
f 7947 7813 7945
f 7945 7813 7971
f 7971 7813 8007
f 8007 7813 8006
f 8006 7813 8029
f 8029 7813 8027
f 8027 7813 8049
f 8049 7813 8047
f 8047 7813 8073
f 8073 7813 8099
f 8099 7813 8098
f 8098 7813 8121
f 8121 7813 8120
f 8120 7813 8139
f 8139 7813 8167
f 8167 7813 8166
f 8166 7813 8199
f 8199 7813 8920
f 8761 7832 7814
f 8761 7814 8747
f 7833 7815 7884
f 8784 7815 7833
f 8766 7815 8784
f 7818 7816 7817
f 7819 7816 7818
f 7819 7834 7816
f 7835 7834 7819
f 7822 7820 7821
f 8068 7821 7820
f 7823 7820 7822
f 8068 7820 8070
f 7822 7821 7839
f 7839 7821 7836
f 8092 7836 7821
f 8092 7821 8068
f 8095 7823 7822
f 8094 7822 7839
f 8095 7822 8094
f 8069 7823 8095
f 7828 7904 7846
f 7828 7908 7904
f 7847 7931 7829
f 7829 7931 7907
f 8781 7830 7832
f 8773 7848 7830
f 8773 7830 8781
f 7884 7831 7833
f 8780 7833 7831
f 7884 7849 7831
f 8796 7831 7849
f 8780 7831 8796
f 8781 7832 8761
f 8784 7833 8780
f 7835 7854 7834
f 7855 7854 7835
f 7838 7836 7837
f 8093 7837 7836
f 7839 7836 7838
f 8093 7836 8092
f 7838 7837 7859
f 7859 7837 7856
f 8090 7856 7837
f 8090 7837 8093
f 8091 7839 7838
f 8117 7838 7859
f 8091 7838 8117
f 8094 7839 8091
f 7846 7928 7844
f 7844 7952 7862
f 7844 7928 7952
f 7845 7953 7847
f 7863 7951 7845
f 7845 7951 7953
f 7846 7904 7928
f 7847 7953 7931
f 8789 7864 7848
f 8789 7848 8773
f 7884 7865 7849
f 8810 7849 7865
f 8796 7849 8810
f 7852 7850 7851
f 7853 7850 7852
f 7853 7866 7850
f 7852 7851 7855
f 7855 7851 7854
f 7867 7866 7853
f 7858 7856 7857
f 8114 7857 7856
f 7859 7856 7858
f 8116 7856 8090
f 8114 7856 8116
f 7858 7857 7873
f 7873 7857 7868
f 8134 7868 7857
f 8134 7857 8114
f 8137 7859 7858
f 8136 7858 7873
f 8137 7858 8136
f 8117 7859 8115
f 8115 7859 8137
f 7862 7948 7878
f 7862 7952 7948
f 7879 7975 7863
f 7863 7975 7951
f 8801 7886 7864
f 8801 7864 8789
f 7884 7887 7865
f 8810 7865 7887
f 7867 7888 7866
f 7889 7888 7867
f 7872 7868 7869
f 8135 7869 7868
f 7873 7868 7872
f 8135 7868 8134
f 7871 7869 7870
f 8132 7870 7869
f 7872 7869 7871
f 8132 7869 8135
f 7871 7870 7895
f 7895 7870 7890
f 8162 7890 7870
f 8162 7870 8132
f 8163 7872 7871
f 8163 7871 7895
f 8133 7873 7872
f 8133 7872 8163
f 8136 7873 8133
f 7878 7972 7902
f 7878 7948 7972
f 7903 8011 7879
f 7879 8011 7975
f 7886 7881 7880
f 8032 8031 7880
f 7880 8033 8032
f 8062 8033 7880
f 7880 8054 8053
f 7880 8053 8063
f 8055 8054 7880
f 7880 8083 8055
f 7880 8063 8062
f 7880 8077 8076
f 7880 8076 8083
f 7880 8111 8077
f 7880 8103 8102
f 7880 8102 8111
f 7880 8129 8103
f 7880 8123 8129
f 8147 8123 7880
f 7880 8141 8147
f 7880 8175 8141
f 7880 8169 8175
f 7880 8209 8169
f 7880 8201 8209
f 7880 8243 8201
f 8233 8242 7880
f 8975 8233 7880
f 8242 8243 7880
f 7886 7908 7881
f 7882 7908 7886
f 8801 7882 7886
f 7908 7882 7904
f 7904 7882 7909
f 8817 7909 7882
f 8817 7882 8801
f 7911 7883 7887
f 8826 7887 7883
f 7907 7910 7883
f 7907 7883 7911
f 8832 7883 7910
f 8826 7883 8832
f 7911 7887 7884
f 8976 8920 7885
f 7885 9047 8976
f 8810 7887 8826
f 7889 7912 7888
f 7913 7912 7889
f 7894 7890 7891
f 8162 7891 7890
f 7895 7890 7894
f 7893 7891 7892
f 8160 7892 7891
f 7894 7891 7893
f 8160 7891 8162
f 7893 7892 7921
f 7921 7892 7914
f 8192 7914 7892
f 8192 7892 8160
f 8195 7894 7893
f 8194 7893 7921
f 8195 7893 8194
f 8161 7895 7894
f 8161 7894 8195
f 8163 7895 8161
f 7902 8008 7900
f 7900 8038 7926
f 7900 8008 8038
f 7901 8039 7903
f 7927 8037 7901
f 7901 8037 8039
f 7902 7972 8008
f 7903 8039 8011
f 7904 7909 7928
f 7928 7909 7905
f 8831 7905 7909
f 7928 7905 7952
f 7952 7905 7929
f 8831 7929 7905
f 7931 7906 7910
f 8832 7910 7906
f 7953 7930 7906
f 8840 7906 7930
f 7953 7906 7931
f 8832 7906 8840
f 7931 7910 7907
f 8831 7909 8817
f 7913 7932 7912
f 7933 7932 7913
f 7920 7914 7915
f 8193 7915 7914
f 7921 7914 7920
f 8193 7914 8192
f 7919 7915 7916
f 8190 7916 7915
f 7920 7915 7919
f 8190 7915 8193
f 7918 7916 7917
f 8224 7917 7916
f 7919 7916 7918
f 8224 7916 8190
f 7918 7917 7939
f 7939 7917 7934
f 8225 7934 7917
f 8225 7917 8224
f 8228 7919 7918
f 8227 7918 7939
f 8228 7918 8227
f 8229 7920 7919
f 8229 7919 8228
f 8191 7921 7920
f 8191 7920 8229
f 8194 7921 8191
f 7926 8034 7946
f 7926 8038 8034
f 7947 8059 7927
f 7927 8059 8037
f 7952 7929 7948
f 7948 7929 7972
f 7972 7929 7949
f 8839 7949 7929
f 8839 7929 8831
f 7975 7950 7930
f 8846 7930 7950
f 7951 7930 7953
f 7975 7930 7951
f 8840 7930 8846
f 7933 7954 7932
f 7955 7954 7933
f 7938 7934 7935
f 8226 7935 7934
f 7939 7934 7938
f 8226 7934 8225
f 7937 7935 7936
f 8260 7936 7935
f 7938 7935 7937
f 8222 7935 8226
f 8260 7935 8222
f 7937 7936 7965
f 7965 7936 7956
f 8261 7956 7936
f 8261 7936 8260
f 8264 7938 7937
f 8263 7937 7965
f 8264 7937 8263
f 8223 7939 7938
f 8223 7938 8265
f 8265 7938 8264
f 8227 7939 8223
f 7946 8056 7944
f 7944 8084 7970
f 7944 8056 8084
f 7945 8085 7947
f 7971 8081 7945
f 7945 8081 8085
f 7946 8034 8056
f 7947 8085 8059
f 7972 7949 7976
f 8845 7976 7949
f 8845 7949 8839
f 7975 7977 7950
f 8860 7950 7977
f 8846 7950 8860
f 7955 7978 7954
f 7979 7978 7955
f 7964 7956 7957
f 8262 7957 7956
f 7965 7956 7964
f 8262 7956 8261
f 7963 7957 7958
f 8256 7958 7957
f 7964 7957 7963
f 8256 7957 8262
f 7962 7958 7959
f 8257 7959 7958
f 7963 7958 7962
f 8257 7958 8256
f 7961 7959 7960
f 8300 7960 7959
f 7962 7959 7961
f 8300 7959 8257
f 7961 7960 7999
f 7999 7960 7982
f 8301 7982 7960
f 8301 7960 8300
f 8306 7962 7961
f 8305 7961 7999
f 8306 7961 8305
f 8307 7963 7962
f 8307 7962 8306
f 8258 7964 7963
f 8258 7963 8307
f 8259 7965 7964
f 8259 7964 8258
f 8263 7965 8259
f 7970 8078 8004
f 7970 8084 8078
f 8007 8109 7971
f 7971 8109 8081
f 7972 7976 8008
f 8008 7976 7973
f 8859 7973 7976
f 8008 7973 8038
f 8038 7973 8012
f 8857 8012 7973
f 8857 7973 8859
f 8011 7974 7977
f 8858 7977 7974
f 8039 7974 8011
f 8039 8013 7974
f 8869 7974 8013
f 8858 7974 8869
f 8011 7977 7975
f 8859 7976 8845
f 8860 7977 8858
f 7979 8014 7978
f 8015 8014 7979
f 7981 7990 7980
f 7981 7980 8021
f 8343 7980 7990
f 8021 7980 8016
f 8344 8016 7980
f 8344 7980 8343
f 7991 7990 7981
f 8351 7991 7981
f 8350 7981 8021
f 8351 7981 8350
f 7998 7982 7983
f 8302 7983 7982
f 7999 7982 7998
f 8302 7982 8301
f 7997 7983 7984
f 8303 7984 7983
f 7998 7983 7997
f 8303 7983 8302
f 7996 7984 7985
f 8294 7985 7984
f 7997 7984 7996
f 8294 7984 8303
f 7995 7985 7986
f 8295 7986 7985
f 7996 7985 7995
f 8295 7985 8294
f 7994 7986 7987
f 8296 7987 7986
f 7995 7986 7994
f 8296 7986 8295
f 7993 7987 7988
f 8340 7988 7987
f 7994 7987 7993
f 8340 7987 8296
f 7992 7988 7989
f 8341 7989 7988
f 7993 7988 7992
f 8341 7988 8340
f 7991 7989 7990
f 8342 7990 7989
f 7992 7989 7991
f 8342 7989 8341
f 8343 7990 8342
f 8352 7992 7991
f 8352 7991 8351
f 8353 7993 7992
f 8353 7992 8352
f 8354 7994 7993
f 8354 7993 8353
f 8355 7995 7994
f 8355 7994 8354
f 8297 7996 7995
f 8297 7995 8355
f 8298 7997 7996
f 8298 7996 8297
f 8299 7998 7997
f 8299 7997 8298
f 8304 7999 7998
f 8304 7998 8299
f 8305 7999 8304
f 8004 8104 8005
f 8004 8078 8104
f 8005 8105 8028
f 8005 8104 8105
f 8006 8108 8007
f 8029 8127 8006
f 8006 8127 8108
f 8007 8108 8109
f 8034 8012 8009
f 8868 8009 8012
f 8034 8009 8056
f 8056 8009 8035
f 8866 8035 8009
f 8866 8009 8868
f 8037 8010 8013
f 8867 8013 8010
f 8059 8036 8010
f 8872 8010 8036
f 8059 8010 8037
f 8867 8010 8872
f 8038 8012 8034
f 8868 8012 8857
f 8037 8013 8039
f 8869 8013 8867
f 8015 8040 8014
f 8041 8040 8015
f 8020 8016 8017
f 8345 8017 8016
f 8021 8016 8020
f 8345 8016 8344
f 8019 8017 8018
f 8346 8018 8017
f 8020 8017 8019
f 8346 8017 8345
f 8347 8019 8018
f 8347 8018 8346
f 8348 8020 8019
f 8348 8019 8347
f 8349 8021 8020
f 8349 8020 8348
f 8350 8021 8349
f 8028 8124 8026
f 8026 8148 8048
f 8026 8124 8148
f 8027 8149 8029
f 8049 8145 8027
f 8027 8145 8149
f 8028 8105 8124
f 8029 8149 8127
f 8056 8035 8084
f 8078 8035 8057
f 8871 8057 8035
f 8084 8035 8078
f 8871 8035 8866
f 8081 8058 8036
f 8875 8036 8058
f 8085 8036 8059
f 8081 8036 8085
f 8872 8036 8875
f 8041 8066 8040
f 8067 8066 8041
f 8048 8142 8046
f 8046 8176 8072
f 8046 8142 8176
f 8047 8177 8049
f 8073 8173 8047
f 8047 8173 8177
f 8048 8148 8142
f 8049 8177 8145
f 8078 8057 8104
f 8104 8057 8079
f 8874 8079 8057
f 8874 8057 8871
f 8109 8080 8058
f 8877 8058 8080
f 8109 8058 8081
f 8875 8058 8877
f 8065 8064 8067
f 8065 8088 8064
f 8067 8064 8066
f 8089 8088 8065
f 8072 8170 8096
f 8072 8176 8170
f 8099 8207 8073
f 8073 8207 8173
f 8104 8079 8105
f 8105 8079 8124
f 8124 8079 8106
f 8876 8106 8079
f 8876 8079 8874
f 8127 8107 8080
f 8880 8080 8107
f 8108 8080 8109
f 8127 8080 8108
f 8877 8080 8880
f 8087 8086 8089
f 8087 8112 8086
f 8089 8086 8088
f 8113 8112 8087
f 8886 8094 8091
f 8091 8117 8886
f 8886 8095 8094
f 8096 8202 8097
f 8096 8170 8202
f 8097 8203 8118
f 8097 8202 8203
f 8098 8206 8099
f 8121 8239 8098
f 8098 8239 8206
f 8099 8206 8207
f 8124 8106 8148
f 8142 8106 8125
f 8879 8125 8106
f 8148 8106 8142
f 8879 8106 8876
f 8145 8126 8107
f 8883 8107 8126
f 8149 8107 8127
f 8145 8107 8149
f 8880 8107 8883
f 8113 8130 8112
f 8131 8130 8113
f 8885 8114 8116
f 8134 8114 8885
f 8886 8117 8115
f 8886 8115 8137
f 8118 8234 8119
f 8118 8203 8234
f 8119 8235 8138
f 8119 8234 8235
f 8120 8238 8121
f 8139 8281 8120
f 8120 8281 8238
f 8121 8238 8239
f 8142 8125 8176
f 8170 8125 8143
f 8882 8143 8125
f 8176 8125 8170
f 8882 8125 8879
f 8173 8144 8126
f 8888 8126 8144
f 8177 8126 8145
f 8173 8126 8177
f 8883 8126 8888
f 8131 8150 8130
f 8159 8150 8131
f 8885 8132 8135
f 8162 8132 8885
f 8886 8136 8133
f 8886 8133 8163
f 8885 8135 8134
f 8137 8136 8886
f 8138 8276 8164
f 8138 8235 8276
f 8167 8325 8139
f 8139 8325 8281
f 8140 8174 9059
f 8170 8143 8202
f 8203 8143 8171
f 8887 8171 8143
f 8202 8143 8203
f 8887 8143 8882
f 8206 8172 8144
f 8891 8144 8172
f 8207 8144 8173
f 8206 8144 8207
f 8888 8144 8891
f 8150 8152 8151
f 8150 8151 8188
f 8150 8153 8152
f 8150 8154 8153
f 8159 8154 8150
f 8150 8182 8178
f 8188 8182 8150
f 8159 8155 8154
f 8159 8156 8155
f 8159 8157 8156
f 8159 8158 8157
f 8159 8189 8158
f 8159 8184 8183
f 8183 8189 8159
f 8159 8185 8184
f 8159 8186 8185
f 8159 8221 8186
f 8187 8251 8159
f 8159 8217 8216
f 8159 8216 8221
f 8159 8218 8217
f 8159 8255 8218
f 8251 8250 8159
f 8159 8250 8255
f 8885 8160 8162
f 8192 8160 8885
f 8886 8163 8161
f 8886 8161 8195
f 8164 8318 8165
f 8164 8276 8318
f 8165 8319 8196
f 8165 8318 8319
f 8166 8324 8167
f 8199 8369 8166
f 8166 8369 8324
f 8167 8324 8325
f 9059 8174 8168
f 8961 8168 8208
f 8961 9059 8168
f 8203 8171 8234
f 8235 8171 8210
f 8890 8210 8171
f 8234 8171 8235
f 8890 8171 8887
f 8239 8172 8206
f 8238 8211 8172
f 8896 8172 8211
f 8238 8172 8239
f 8891 8172 8896
f 8180 8179 8178
f 8178 8179 8220
f 8178 8181 8180
f 8178 8182 8181
f 8178 8215 8212
f 8220 8215 8178
f 8219 8452 8187
f 8252 8251 8187
f 8187 8292 8252
f 8187 8287 8292
f 8415 8287 8187
f 8187 8461 8415
f 8187 8452 8451
f 8187 8451 8462
f 8187 8462 8461
f 8885 8190 8193
f 8224 8190 8885
f 8886 8194 8191
f 8886 8191 8229
f 8885 8193 8192
f 8195 8194 8886
f 8196 8362 8197
f 8196 8319 8362
f 8197 8363 8230
f 8197 8362 8363
f 8198 8368 8199
f 8199 8920 8198
f 8231 8385 8198
f 8198 8920 8231
f 8198 8385 8368
f 8199 8368 8369
f 8961 8208 8200
f 8949 8200 8240
f 8963 8200 8949
f 8961 8200 8963
f 8276 8210 8204
f 8893 8204 8210
f 8276 8204 8244
f 8894 8244 8204
f 8894 8204 8893
f 8281 8205 8211
f 8895 8211 8205
f 8281 8245 8205
f 8900 8205 8245
f 8895 8205 8900
f 8235 8210 8276
f 8893 8210 8890
f 8281 8211 8238
f 8896 8211 8895
f 8212 8214 8213
f 8212 8213 8254
f 8212 8215 8214
f 8212 8248 8246
f 8249 8248 8212
f 8212 8254 8249
f 8253 8452 8219
f 8222 8226 8885
f 8885 8260 8222
f 8886 8227 8223
f 8223 8265 8886
f 8885 8225 8224
f 8885 8226 8225
f 8886 8228 8227
f 8229 8228 8886
f 8230 8382 8268
f 8268 8919 8230
f 8230 8363 8382
f 8271 8406 8231
f 8231 8920 8271
f 8231 8406 8385
f 8950 8241 8232
f 8936 8232 8282
f 8935 8232 8936
f 8953 8232 8935
f 8950 8232 8953
f 8975 8283 8233
f 8318 8244 8236
f 8899 8236 8244
f 8362 8236 8277
f 8897 8277 8236
f 8318 8236 8319
f 8319 8236 8362
f 8897 8236 8899
f 8325 8237 8245
f 8898 8245 8237
f 8369 8280 8237
f 8905 8237 8280
f 8324 8237 8325
f 8369 8237 8324
f 8898 8237 8905
f 8950 8240 8241
f 8949 8240 8950
f 8276 8244 8318
f 8899 8244 8894
f 8325 8245 8281
f 8900 8245 8898
f 8246 8248 8247
f 8246 8247 8291
f 8246 8291 8290
f 8293 8452 8253
f 8885 8257 8256
f 8885 8256 8262
f 8300 8257 8885
f 8886 8259 8258
f 8886 8258 8307
f 8263 8259 8886
f 8885 8261 8260
f 8262 8261 8885
f 8886 8264 8263
f 8886 8265 8264
f 8269 8401 8266
f 8266 8919 8269
f 8266 8435 8308
f 8308 8919 8266
f 8266 8401 8435
f 8267 8438 8270
f 8270 8920 8267
f 8311 8434 8267
f 8267 8920 8311
f 8267 8434 8438
f 8268 8400 8269
f 8269 8919 8268
f 8268 8382 8400
f 8269 8400 8401
f 8270 8405 8271
f 8271 8920 8270
f 8270 8438 8405
f 8271 8405 8406
f 8940 8272 8273
f 8936 8282 8272
f 8936 8272 8939
f 8939 8272 8940
f 8921 8273 8326
f 8940 8273 8921
f 8975 8274 8275
f 8928 8329 8274
f 8928 8274 8975
f 8275 8283 8975
f 8363 8277 8278
f 8902 8278 8277
f 8362 8277 8363
f 8902 8277 8897
f 8382 8278 8330
f 8903 8330 8278
f 8363 8278 8382
f 8903 8278 8902
f 8368 8279 8280
f 8904 8280 8279
f 8385 8331 8279
f 8912 8279 8331
f 8385 8279 8368
f 8904 8279 8912
f 8368 8280 8369
f 8905 8280 8904
f 8290 8285 8284
f 8285 8338 8284
f 8284 8334 8332
f 8284 8338 8334
f 8290 8286 8285
f 8290 8291 8286
f 8415 8288 8287
f 8415 8339 8288
f 8289 8453 8293
f 8337 8453 8289
f 8293 8453 8452
f 8885 8295 8294
f 8885 8294 8303
f 8296 8295 8885
f 8885 8340 8296
f 8886 8298 8297
f 8297 8355 8886
f 8886 8299 8298
f 8304 8299 8886
f 8885 8301 8300
f 8885 8302 8301
f 8303 8302 8885
f 8886 8305 8304
f 8886 8306 8305
f 8307 8306 8886
f 8308 8425 8309
f 8309 8919 8308
f 8308 8435 8425
f 8309 8426 8358
f 8358 8919 8309
f 8309 8425 8426
f 8310 8433 8311
f 8311 8920 8310
f 8361 8480 8310
f 8310 8920 8361
f 8310 8480 8433
f 8311 8433 8434
f 8923 8312 8313
f 8922 8327 8312
f 8922 8312 8923
f 8924 8313 8314
f 8923 8313 8924
f 8929 8314 8315
f 8924 8314 8929
f 8925 8315 8316
f 8930 8315 8925
f 8929 8315 8930
f 8926 8316 8317
f 8925 8316 8926
f 8927 8317 8328
f 8926 8317 8927
f 8400 8320 8321
f 8908 8321 8320
f 8382 8330 8320
f 8907 8320 8330
f 8382 8320 8400
f 8908 8320 8907
f 8401 8321 8364
f 8909 8364 8321
f 8400 8321 8401
f 8909 8321 8908
f 8406 8322 8323
f 8910 8323 8322
f 8405 8367 8322
f 8918 8322 8367
f 8405 8322 8406
f 8910 8322 8918
f 8385 8323 8331
f 8911 8331 8323
f 8406 8323 8385
f 8911 8323 8910
f 8922 8326 8327
f 8921 8326 8922
f 8927 8328 8329
f 8927 8329 8928
f 8907 8330 8903
f 8912 8331 8911
f 8332 8334 8333
f 8332 8333 8376
f 8332 8372 8370
f 8332 8376 8372
f 8415 8336 8335
f 8415 8335 8339
f 8415 8377 8336
f 8375 8492 8337
f 8500 8453 8337
f 8492 8500 8337
f 8885 8341 8340
f 8342 8341 8885
f 8885 8343 8342
f 8885 8344 8343
f 8345 8344 8886
f 8886 8344 8885
f 8886 8346 8345
f 8886 8347 8346
f 8886 8348 8347
f 8886 8349 8348
f 8350 8349 8886
f 8886 8351 8350
f 8886 8352 8351
f 8353 8352 8886
f 8886 8354 8353
f 8886 8355 8354
f 8359 8472 8356
f 8356 8919 8359
f 8356 8521 8378
f 8378 8919 8356
f 8356 8472 8521
f 8357 8524 8360
f 8360 8920 8357
f 8381 8520 8357
f 8357 8920 8381
f 8357 8520 8524
f 8358 8471 8359
f 8359 8919 8358
f 8358 8426 8471
f 8359 8471 8472
f 8360 8479 8361
f 8361 8920 8360
f 8360 8524 8479
f 8361 8479 8480
f 8435 8364 8365
f 8915 8365 8364
f 8401 8364 8435
f 8915 8364 8909
f 8425 8365 8386
f 8916 8386 8365
f 8435 8365 8425
f 8916 8365 8915
f 8438 8366 8367
f 8917 8367 8366
f 8434 8387 8366
f 8934 8366 8387
f 8434 8366 8438
f 8917 8366 8934
f 8438 8367 8405
f 8918 8367 8917
f 8370 8372 8371
f 8370 8371 8392
f 8370 8392 8388
f 8415 8374 8373
f 8415 8373 8377
f 8415 8393 8374
f 8391 8492 8375
f 8378 8509 8379
f 8379 8919 8378
f 8378 8521 8509
f 8379 8510 8394
f 8394 8919 8379
f 8379 8509 8510
f 8380 8519 8381
f 8381 8920 8380
f 8399 8566 8380
f 8380 8920 8399
f 8380 8566 8519
f 8381 8519 8520
f 8426 8386 8383
f 8933 8383 8386
f 8472 8383 8407
f 8931 8407 8383
f 8426 8383 8471
f 8471 8383 8472
f 8931 8383 8933
f 8433 8384 8387
f 8932 8387 8384
f 8479 8408 8384
f 8948 8384 8408
f 8480 8384 8433
f 8479 8384 8480
f 8932 8384 8948
f 8425 8386 8426
f 8933 8386 8916
f 8433 8387 8434
f 8934 8387 8932
f 8388 8392 8389
f 8388 8389 8417
f 8388 8412 8409
f 8417 8412 8388
f 8415 8390 8393
f 8418 8390 8415
f 8416 8492 8391
f 8394 8551 8395
f 8395 8919 8394
f 8394 8510 8551
f 8395 8552 8396
f 8396 8919 8395
f 8395 8551 8552
f 8396 8553 8421
f 8421 8919 8396
f 8396 8552 8553
f 8397 8564 8398
f 8398 8920 8397
f 8424 8618 8397
f 8397 8920 8424
f 8397 8618 8564
f 8398 8565 8399
f 8399 8920 8398
f 8398 8564 8565
f 8399 8565 8566
f 8521 8407 8402
f 8947 8402 8407
f 8510 8402 8436
f 8943 8436 8402
f 8509 8402 8510
f 8521 8402 8509
f 8943 8402 8947
f 8520 8403 8404
f 8945 8404 8403
f 8519 8437 8403
f 8945 8403 8437
f 8519 8403 8520
f 8524 8404 8408
f 8946 8408 8404
f 8520 8404 8524
f 8946 8404 8945
f 8472 8407 8521
f 8947 8407 8931
f 8524 8408 8479
f 8948 8408 8946
f 8409 8411 8410
f 8409 8410 8456
f 8412 8411 8409
f 8409 8441 8439
f 8442 8441 8409
f 8409 8455 8442
f 8409 8456 8455
f 8457 8411 8412
f 8446 8458 8412
f 8458 8457 8412
f 8414 8413 8415
f 8414 8460 8413
f 8415 8413 8418
f 8413 8491 8447
f 8413 8449 8448
f 8413 8448 8499
f 8413 8450 8449
f 8459 8450 8413
f 8460 8459 8413
f 8413 8499 8491
f 8454 8531 8416
f 8416 8493 8492
f 8538 8493 8416
f 8416 8531 8538
f 8422 8604 8419
f 8419 8919 8422
f 8419 8647 8465
f 8465 8919 8419
f 8419 8604 8647
f 8420 8648 8423
f 8423 8920 8420
f 8470 8646 8420
f 8420 8920 8470
f 8420 8646 8648
f 8421 8603 8422
f 8422 8919 8421
f 8421 8553 8603
f 8422 8603 8604
f 8423 8617 8424
f 8424 8920 8423
f 8423 8648 8617
f 8424 8617 8618
f 8552 8427 8428
f 8955 8428 8427
f 8551 8436 8427
f 8944 8427 8436
f 8551 8427 8552
f 8955 8427 8944
f 8553 8428 8429
f 8956 8429 8428
f 8552 8428 8553
f 8956 8428 8955
f 8603 8429 8481
f 8957 8481 8429
f 8553 8429 8603
f 8957 8429 8956
f 8564 8430 8431
f 8958 8431 8430
f 8618 8482 8430
f 8972 8430 8482
f 8618 8430 8564
f 8958 8430 8972
f 8565 8431 8432
f 8959 8432 8431
f 8564 8431 8565
f 8959 8431 8958
f 8566 8432 8437
f 8960 8437 8432
f 8565 8432 8566
f 8960 8432 8959
f 8510 8436 8551
f 8944 8436 8943
f 8566 8437 8519
f 8945 8437 8960
f 8441 8440 8439
f 8440 8495 8439
f 8439 8485 8483
f 8495 8485 8439
f 8446 8444 8443
f 8443 8458 8446
f 8446 8445 8444
f 8446 8496 8445
f 8497 8496 8446
f 8447 8491 8490
f 8447 8490 8498
f 8494 8531 8454
f 8467 8643 8463
f 8463 8919 8467
f 8463 8677 8503
f 8503 8919 8463
f 8463 8643 8677
f 8464 8678 8468
f 8468 8920 8464
f 8508 8676 8464
f 8464 8920 8508
f 8464 8676 8678
f 8465 8641 8466
f 8466 8919 8465
f 8465 8647 8641
f 8466 8642 8467
f 8467 8919 8466
f 8466 8641 8642
f 8467 8642 8643
f 8468 8644 8469
f 8469 8920 8468
f 8468 8678 8644
f 8469 8645 8470
f 8470 8920 8469
f 8469 8644 8645
f 8470 8645 8646
f 8604 8473 8474
f 8965 8474 8473
f 8604 8481 8473
f 8971 8473 8481
f 8965 8473 8971
f 8474 8475 8604
f 8966 8475 8474
f 8966 8474 8965
f 8604 8475 8522
f 8967 8522 8475
f 8967 8475 8966
f 8648 8476 8477
f 8968 8477 8476
f 8646 8523 8476
f 8988 8476 8523
f 8646 8476 8648
f 8968 8476 8988
f 8617 8477 8478
f 8969 8478 8477
f 8648 8477 8617
f 8969 8477 8968
f 8617 8478 8482
f 8970 8482 8478
f 8970 8478 8969
f 8603 8481 8604
f 8971 8481 8957
f 8617 8482 8618
f 8972 8482 8970
f 8483 8485 8484
f 8483 8484 8533
f 8483 8526 8525
f 8483 8533 8526
f 8488 8487 8486
f 8488 8486 8497
f 8497 8486 8496
f 8488 8534 8487
f 8535 8534 8488
f 8498 8490 8489
f 8489 8490 8537
f 8489 8530 8536
f 8489 8537 8530
f 8532 8531 8494
f 8505 8673 8501
f 8501 8919 8505
f 8501 8703 8543
f 8543 8919 8501
f 8501 8673 8703
f 8502 8704 8506
f 8506 8920 8502
f 8550 8702 8502
f 8502 8920 8550
f 8502 8702 8704
f 8503 8671 8504
f 8504 8919 8503
f 8503 8677 8671
f 8504 8672 8505
f 8505 8919 8504
f 8504 8671 8672
f 8505 8672 8673
f 8506 8674 8507
f 8507 8920 8506
f 8506 8704 8674
f 8507 8675 8508
f 8508 8920 8507
f 8507 8674 8675
f 8508 8675 8676
f 8511 8512 8604
f 8979 8512 8511
f 8604 8522 8511
f 8987 8511 8522
f 8979 8511 8987
f 8604 8512 8513
f 8980 8513 8512
f 8980 8512 8979
f 8604 8513 8514
f 8981 8514 8513
f 8981 8513 8980
f 8514 8567 8604
f 8982 8567 8514
f 8982 8514 8981
f 8675 8515 8516
f 8983 8516 8515
f 8674 8568 8515
f 9006 8515 8568
f 8674 8515 8675
f 8983 8515 9006
f 8676 8516 8517
f 8984 8517 8516
f 8675 8516 8676
f 8984 8516 8983
f 8644 8517 8518
f 8985 8518 8517
f 8678 8517 8644
f 8676 8517 8678
f 8985 8517 8984
f 8645 8518 8523
f 8986 8523 8518
f 8644 8518 8645
f 8986 8518 8985
f 8987 8522 8967
f 8645 8523 8646
f 8988 8523 8986
f 8525 8526 8578
f 8525 8578 8577
f 8528 8527 8535
f 8579 8527 8528
f 8527 8534 8535
f 8579 8528 8580
f 8536 8530 8529
f 8529 8530 8582
f 8529 8582 8581
f 8584 8531 8532
f 8584 8583 8531
f 8539 8729 8540
f 8540 8919 8539
f 8546 8698 8539
f 8539 8919 8546
f 8539 8698 8729
f 8540 8730 8585
f 8585 8919 8540
f 8540 8729 8730
f 8541 8731 8542
f 8542 8920 8541
f 8602 8728 8541
f 8541 8920 8602
f 8541 8728 8731
f 8542 8732 8547
f 8547 8920 8542
f 8542 8731 8732
f 8543 8695 8544
f 8544 8919 8543
f 8543 8703 8695
f 8544 8696 8545
f 8545 8919 8544
f 8544 8695 8696
f 8545 8697 8546
f 8546 8919 8545
f 8545 8696 8697
f 8546 8697 8698
f 8547 8699 8548
f 8548 8920 8547
f 8547 8732 8699
f 8548 8700 8549
f 8549 8920 8548
f 8548 8699 8700
f 8549 8701 8550
f 8550 8920 8549
f 8549 8700 8701
f 8550 8701 8702
f 8554 8555 8604
f 8993 8555 8554
f 8604 8567 8554
f 9005 8554 8567
f 8993 8554 9005
f 8604 8555 8556
f 8994 8556 8555
f 8994 8555 8993
f 8604 8556 8557
f 8995 8557 8556
f 8995 8556 8994
f 8557 8558 8604
f 8996 8558 8557
f 8996 8557 8995
f 8604 8558 8619
f 8997 8619 8558
f 8997 8558 8996
f 8699 8559 8560
f 9000 8560 8559
f 8732 8622 8559
f 8999 8559 8622
f 8732 8559 8699
f 9000 8559 8999
f 8700 8560 8561
f 9001 8561 8560
f 8699 8560 8700
f 9001 8560 9000
f 8701 8561 8562
f 9002 8562 8561
f 8700 8561 8701
f 9002 8561 9001
f 8702 8562 8563
f 9003 8563 8562
f 8701 8562 8702
f 9003 8562 9002
f 8704 8563 8568
f 9004 8568 8563
f 8702 8563 8704
f 9004 8563 9003
f 9005 8567 8982
f 8704 8568 8674
f 9006 8568 9004
f 8577 8570 8569
f 8569 8570 8635
f 8569 8624 8623
f 8635 8624 8569
f 8578 8570 8577
f 8571 8580 8572
f 8571 8572 8636
f 8579 8580 8571
f 8636 8572 8637
f 8573 8582 8574
f 8573 8574 8638
f 8581 8582 8573
f 8638 8574 8629
f 8629 8574 8639
f 8576 8575 8584
f 8634 8575 8576
f 8584 8575 8583
f 8664 8575 8634
f 8686 8640 8575
f 8686 8575 8664
f 8585 8711 8586
f 8586 8919 8585
f 8585 8730 8711
f 8586 8712 8587
f 8587 8919 8586
f 8586 8711 8712
f 8587 8713 8588
f 8588 8919 8587
f 8587 8712 8713
f 8588 8714 8589
f 8589 8919 8588
f 8588 8713 8714
f 8589 8715 8590
f 8590 8920 8589
f 8589 8714 8715
f 8589 8920 8919
f 8590 8716 8591
f 8591 8920 8590
f 8590 8715 8716
f 8591 8717 8592
f 8592 8920 8591
f 8591 8716 8717
f 8592 8718 8593
f 8593 8920 8592
f 8592 8717 8718
f 8593 8719 8594
f 8594 8920 8593
f 8593 8718 8719
f 8594 8720 8595
f 8595 8920 8594
f 8594 8719 8720
f 8595 8721 8596
f 8596 8920 8595
f 8595 8720 8721
f 8596 8722 8597
f 8597 8920 8596
f 8596 8721 8722
f 8597 8723 8598
f 8598 8920 8597
f 8597 8722 8723
f 8598 8724 8599
f 8599 8920 8598
f 8598 8723 8724
f 8599 8725 8600
f 8600 8920 8599
f 8599 8724 8725
f 8600 8726 8601
f 8601 8920 8600
f 8600 8725 8726
f 8601 8727 8602
f 8602 8920 8601
f 8601 8726 8727
f 8602 8727 8728
f 8604 8605 8606
f 8604 8620 8605
f 8606 8607 8604
f 8604 8607 8608
f 8604 8608 8609
f 8609 8610 8604
f 8604 8610 8647
f 8604 8619 8620
f 9012 8606 8605
f 9011 8605 8620
f 9012 8605 9011
f 9013 8607 8606
f 9013 8606 9012
f 9014 8608 8607
f 9014 8607 9013
f 9015 8609 8608
f 9015 8608 9014
f 9016 8610 8609
f 9016 8609 9015
f 8720 8610 8611
f 9017 8611 8610
f 8641 8610 8642
f 8647 8610 8641
f 8642 8610 8643
f 8643 8610 8677
f 8671 8610 8672
f 8677 8610 8671
f 8672 8610 8673
f 8673 8610 8703
f 8695 8610 8696
f 8703 8610 8695
f 8696 8610 8697
f 8697 8610 8698
f 8698 8610 8729
f 8711 8610 8712
f 8730 8610 8711
f 8712 8610 8713
f 8713 8610 8714
f 8714 8610 8715
f 8715 8610 8716
f 8716 8610 8717
f 8717 8610 8718
f 8718 8610 8719
f 8719 8610 8720
f 8729 8610 8730
f 9017 8610 9016
f 8721 8611 8612
f 9018 8612 8611
f 8720 8611 8721
f 9018 8611 9017
f 8722 8612 8613
f 9019 8613 8612
f 8721 8612 8722
f 9019 8612 9018
f 8723 8613 8614
f 9020 8614 8613
f 8722 8613 8723
f 9020 8613 9019
f 8724 8614 8615
f 9021 8615 8614
f 8723 8614 8724
f 9021 8614 9020
f 8726 8615 8616
f 9022 8616 8615
f 8724 8615 8725
f 8725 8615 8726
f 9022 8615 9021
f 8727 8616 8621
f 9023 8621 8616
f 8726 8616 8727
f 9023 8616 9022
f 8998 8620 8619
f 8998 8619 8997
f 9025 8620 8998
f 9011 8620 9025
f 8731 8621 8622
f 9026 8622 8621
f 8727 8621 8728
f 8728 8621 8731
f 9024 8621 9023
f 9026 8621 9024
f 8731 8622 8732
f 8999 8622 9026
f 8623 8624 8625
f 8625 8665 8623
f 8623 8651 8649
f 8650 8651 8623
f 8665 8650 8623
f 8627 8628 8626
f 8626 8628 8666
f 8627 8637 8628
f 8636 8637 8627
f 8666 8628 8667
f 8629 8639 8630
f 8629 8630 8668
f 8657 8630 8631
f 8668 8630 8657
f 8657 8631 8683
f 8683 8631 8669
f 8686 8632 8633
f 8752 8670 8632
f 8708 8632 8686
f 8738 8632 8708
f 8752 8632 8738
f 8686 8633 8640
f 8649 8651 8652
f 8649 8652 8687
f 8649 8680 8679
f 8649 8688 8680
f 8649 8687 8688
f 8654 8656 8653
f 8653 8656 8690
f 8655 8656 8654
f 8655 8667 8656
f 8666 8667 8655
f 8681 8656 8682
f 8689 8656 8681
f 8690 8656 8689
f 8683 8658 8659
f 8683 8669 8658
f 8683 8659 8660
f 8660 8691 8683
f 8810 8661 8662
f 8832 8694 8661
f 8826 8661 8810
f 8832 8661 8826
f 8784 8662 8663
f 8780 8662 8784
f 8796 8662 8780
f 8810 8662 8796
f 8752 8663 8670
f 8766 8663 8752
f 8784 8663 8766
f 8679 8680 8681
f 8681 8682 8679
f 8679 8682 8709
f 8679 8706 8705
f 8709 8706 8679
f 8683 8684 8685
f 8692 8684 8683
f 8683 8685 8710
f 8691 8692 8683
f 8846 8685 8693
f 8710 8685 8707
f 8707 8685 8740
f 8737 8685 8736
f 8736 8685 8754
f 8740 8685 8737
f 8751 8685 8750
f 8750 8685 8768
f 8754 8685 8751
f 8768 8685 8883
f 8860 8685 8846
f 8858 8685 8860
f 8869 8685 8858
f 8867 8685 8869
f 8872 8685 8867
f 8685 8872 8875
f 8685 8875 8877
f 8877 8880 8685
f 8685 8880 8883
f 8840 8693 8694
f 8846 8693 8840
f 8840 8694 8832
f 8705 8706 8739
f 8705 8735 8733
f 8705 8734 8735
f 8705 8739 8734
f 8735 8753 8733
f 8733 8753 8747
f 8922 8742 8741
f 8922 8741 8757
f 8923 8743 8742
f 8923 8742 8922
f 8929 8744 8743
f 8924 8743 8923
f 8929 8743 8924
f 8925 8745 8744
f 8925 8744 8930
f 8930 8744 8929
f 8926 8746 8745
f 8926 8745 8925
f 8927 8758 8746
f 8927 8746 8926
f 8747 8748 8749
f 8747 8753 8748
f 8747 8749 8767
f 8747 8762 8761
f 8767 8762 8747
f 8939 8756 8755
f 8936 8755 8770
f 8939 8755 8936
f 8921 8757 8756
f 8921 8756 8940
f 8940 8756 8939
f 8922 8757 8921
f 8927 8759 8758
f 8760 8815 8759
f 8941 8760 8759
f 8928 8759 8927
f 8941 8759 8928
f 8771 8815 8760
f 8937 8771 8760
f 8937 8760 8942
f 8942 8760 8941
f 8761 8762 8763
f 8761 8763 8781
f 8781 8763 8782
f 8765 8891 8764
f 8764 8895 8783
f 8764 8891 8896
f 8764 8896 8895
f 8768 8883 8765
f 8765 8883 8888
f 8765 8888 8891
f 8935 8770 8769
f 8950 8769 8786
f 8935 8769 8953
f 8953 8769 8950
f 8936 8770 8935
f 8772 8815 8771
f 8937 8772 8771
f 8787 8815 8772
f 8951 8787 8772
f 8938 8772 8937
f 8954 8772 8938
f 8951 8772 8954
f 8775 8776 8773
f 8781 8775 8773
f 8773 8776 8797
f 8773 8797 8789
f 8774 8775 8781
f 8781 8782 8774
f 8778 8911 8777
f 8777 8910 8798
f 8777 8911 8910
f 8779 8898 8778
f 8778 8898 8905
f 8778 8905 8904
f 8778 8904 8912
f 8778 8912 8911
f 8783 8900 8779
f 8779 8900 8898
f 8783 8895 8900
f 8949 8786 8785
f 8961 8785 8799
f 8949 8785 8963
f 8963 8785 8961
f 8950 8786 8949
f 8788 8815 8787
f 8951 8788 8787
f 8800 8815 8788
f 8962 8800 8788
f 8952 8788 8951
f 8964 8788 8952
f 8962 8788 8964
f 8790 8791 8789
f 8789 8797 8790
f 8789 8791 8792
f 8792 8811 8789
f 8789 8803 8801
f 8802 8803 8789
f 8789 8811 8802
f 8794 8946 8793
f 8793 8945 8812
f 8793 8946 8945
f 8795 8934 8794
f 8794 8934 8932
f 8794 8932 8948
f 8794 8948 8946
f 8798 8918 8795
f 8795 8918 8917
f 8795 8917 8934
f 8798 8910 8918
f 8799 8913 8813
f 8973 8799 8813
f 8961 8799 8977
f 8977 8799 8973
f 8814 8815 8800
f 8974 8814 8800
f 8978 8800 8962
f 8974 8800 8978
f 8801 8803 8804
f 8804 8805 8801
f 8801 8805 8827
f 8801 8821 8817
f 8818 8819 8801
f 8801 8827 8818
f 8819 8820 8801
f 8801 8820 8821
f 8807 8985 8806
f 8806 9004 8828
f 8806 8984 8983
f 8806 8983 9006
f 8806 8985 8984
f 8806 9006 9004
f 8808 8969 8807
f 8807 8969 8968
f 8807 8968 8988
f 8807 8986 8985
f 8807 8988 8986
f 8809 8958 8808
f 8808 8958 8972
f 8808 8970 8969
f 8808 8972 8970
f 8812 8960 8809
f 8809 8959 8958
f 8809 8960 8959
f 8812 8945 8960
f 8813 8913 8829
f 8989 8813 8829
f 8973 8813 8991
f 8991 8813 8989
f 8830 8816 8814
f 8990 8830 8814
f 8992 8814 8974
f 8990 8814 8992
f 8816 8886 8815
f 8815 8886 8885
f 8838 8816 8830
f 8834 8816 8837
f 8844 8816 8834
f 8837 8816 8838
f 8843 8816 8844
f 8856 8816 8843
f 8848 8816 8853
f 8864 8816 8848
f 8853 8816 8854
f 8854 8816 8855
f 8855 8816 8856
f 8863 8816 8864
f 8863 8865 8816
f 8817 8821 8831
f 8822 9018 8821
f 8831 8821 8839
f 8839 8821 8845
f 8845 8821 8859
f 8859 8821 8857
f 8857 8821 8868
f 8868 8821 8866
f 8866 8821 8871
f 8871 8821 8874
f 8874 8821 8876
f 8876 8821 8879
f 8879 8821 8882
f 8882 8821 8887
f 8887 8821 8890
f 8890 8821 8893
f 8893 8821 8894
f 8894 8821 8899
f 8899 8821 8897
f 8897 8821 8902
f 8902 8821 8903
f 8903 8821 8907
f 8907 8821 8908
f 8908 8821 8909
f 8909 8821 8915
f 8915 8821 8916
f 8916 8821 8933
f 8933 8821 8931
f 8931 8821 8947
f 8943 8821 8944
f 8947 8821 8943
f 8944 8821 8955
f 8955 8821 8956
f 8956 8821 8957
f 8957 8821 8971
f 8965 8821 8966
f 8971 8821 8965
f 8966 8821 8967
f 8967 8821 8987
f 8979 8821 8980
f 8987 8821 8979
f 8980 8821 8981
f 8981 8821 8982
f 8982 8821 9005
f 8993 8821 8994
f 9005 8821 8993
f 8994 8821 8995
f 8995 8821 8996
f 8996 8821 8997
f 8997 8821 8998
f 8998 8821 9025
f 9011 8821 9012
f 9025 8821 9011
f 9012 8821 9013
f 9013 8821 9014
f 9014 8821 9015
f 9015 8821 9016
f 9016 8821 9017
f 8821 9018 9017
f 8823 9021 8822
f 8822 9019 9018
f 8822 9020 9019
f 8822 9021 9020
f 8824 9026 8823
f 8823 9022 9021
f 8823 9023 9022
f 8823 9024 9023
f 8823 9026 9024
f 8825 9001 8824
f 8824 9000 8999
f 8824 8999 9026
f 8824 9001 9000
f 8828 9003 8825
f 8825 9002 9001
f 8825 9003 9002
f 8828 9004 9003
f 8829 8913 8835
f 9007 8829 8835
f 8989 8829 9009
f 9009 8829 9007
f 9008 8838 8830
f 9010 8830 8990
f 9008 8830 9010
f 8836 8913 8833
f 9028 8836 8833
f 8833 8913 8841
f 9028 8833 8841
f 9029 8834 8837
f 9029 8844 8834
f 8835 8913 8836
f 9028 8835 8836
f 9007 8835 9031
f 9027 8835 9028
f 9031 8835 9027
f 9030 8837 8838
f 9029 8837 9030
f 9032 8838 9008
f 9030 8838 9032
f 8841 8913 8842
f 9033 8841 8842
f 9028 8841 9037
f 9037 8841 9033
f 8842 8913 8849
f 9033 8842 8849
f 9038 8843 8844
f 9036 8856 8843
f 9036 8843 9038
f 9038 8844 9029
f 8852 8913 8847
f 9041 8852 8847
f 8847 8913 8861
f 9041 8847 8861
f 9044 8848 8853
f 9044 8864 8848
f 8849 8913 8850
f 9034 8849 8850
f 9033 8849 9034
f 8850 8913 8851
f 9040 8850 8851
f 9034 8850 9048
f 9039 8850 9040
f 9048 8850 9039
f 8851 8913 8852
f 9041 8851 8852
f 9040 8851 9041
f 9045 8853 8854
f 9044 8853 9045
f 9046 8854 8855
f 9045 8854 9046
f 9036 8855 8856
f 9035 8855 9036
f 9049 8855 9035
f 9046 8855 9049
f 8861 8913 8862
f 9042 8861 8862
f 9041 8861 9042
f 8862 8865 8863
f 9043 8862 8863
f 8870 8865 8862
f 8862 8873 8870
f 8862 8878 8873
f 8881 8878 8862
f 8862 8884 8881
f 8862 8889 8884
f 8892 8889 8862
f 8862 8901 8892
f 8862 8906 8901
f 8914 8906 8862
f 8914 8862 8913
f 9042 8862 9043
f 9044 8863 8864
f 9043 8863 9044
f 9050 8865 8870
f 9047 8865 9050
f 9051 8870 8873
f 9050 8870 9051
f 9052 8873 8878
f 9051 8873 9052
f 9053 8878 8881
f 9052 8878 9053
f 9054 8881 8884
f 9053 8881 9054
f 9055 8884 8889
f 9054 8884 9055
f 9056 8889 8892
f 9055 8889 9056
f 9057 8892 8901
f 9056 8892 9057
f 9058 8901 8906
f 9057 8901 9058
f 9060 8906 8914
f 9058 8906 9060
f 9059 8914 8913
f 9060 8914 9059
f 8976 8919 8920
f 8975 8919 8976
f 8928 8975 8941
f 8937 8975 8938
f 8942 8975 8937
f 8938 8975 8954
f 8941 8975 8942
f 8951 8975 8952
f 8954 8975 8951
f 8952 8975 8964
f 8977 9059 8961
f 8964 8975 8962
f 8962 8975 8978
f 8973 9059 8977
f 8991 9059 8973
f 8978 8975 8974
f 8974 8975 8992
f 8992 8975 8976
f 8992 8976 8990
f 8990 8976 9010
f 9010 8976 9008
f 9008 8976 9032
f 9030 8976 9029
f 9029 8976 9038
f 9032 8976 9030
f 9036 8976 9035
f 9035 8976 9049
f 9038 8976 9036
f 9046 8976 9045
f 8976 9050 9045
f 9049 8976 9046
f 8976 9047 9050
f 8989 9059 8991
f 9009 9059 8989
f 9007 9059 9009
f 9031 9059 9007
f 9028 9059 9027
f 9027 9059 9031
f 9037 9059 9028
f 9034 9059 9033
f 9033 9059 9037
f 9048 9059 9034
f 9040 9059 9039
f 9039 9059 9048
f 9041 9059 9040
f 9042 9059 9041
f 9043 9050 9042
f 9042 9050 9051
f 9042 9051 9052
f 9052 9053 9042
f 9042 9053 9054
f 9042 9054 9055
f 9055 9056 9042
f 9042 9056 9057
f 9042 9057 9058
f 9058 9060 9042
f 9042 9060 9059
f 9044 9050 9043
f 9045 9050 9044
