v -0.0719999981 -0.0546274185 0.00100000001
v -0.0719999981 -0.0546274185 0.00699999988
v -0.0719999981 0.0546274185 0.00100000001
v -0.0719999981 0.0546274185 0.00699999988
v -0.069000001 -0.0576274157 0.00400000006
v -0.069000001 -0.0576274157 0.00699999988
v -0.069000001 0.0576274157 0.00400000006
v -0.069000001 0.0576274157 0.00699999988
v -0.0657873106 -0.054431076 0
v -0.0657873106 -0.054431076 0.00100000001
v -0.0657873106 -0.054431076 0.00400000006
v -0.0657873106 -0.054431076 0.00899999976
v -0.0658276367 -0.0541900826 0
v -0.0658276367 -0.0541900826 0.00100000001
v -0.0658276367 -0.0541900826 0.00400000006
v -0.0658276367 -0.0541900826 0.00899999976
v -0.0658637524 -0.0539484215 0
v -0.0658637524 -0.0539484215 0.00100000001
v -0.0658637524 -0.0539484215 0.00400000006
v -0.0658637524 -0.0539484215 0.00899999976
v -0.065895648 -0.0537061691 0
v -0.065895648 -0.0537061691 0.00100000001
v -0.065895648 -0.0537061691 0.00400000006
v -0.065895648 -0.0537061691 0.00899999976
v -0.0659233046 -0.053463397 0
v -0.0659233046 -0.053463397 0.00100000001
v -0.0659233046 -0.053463397 0.00400000006
v -0.0659233046 -0.053463397 0.00899999976
v -0.0659467268 -0.0532201815 0
v -0.0659467268 -0.0532201815 0.00100000001
v -0.0659467268 -0.0532201815 0.00400000006
v -0.0659467268 -0.0532201815 0.00899999976
v -0.0659658957 -0.0529765892 0
v -0.0659658957 -0.0529765892 0.00100000001
v -0.0659658957 -0.0529765892 0.00400000006
v -0.0659658957 -0.0529765892 0.00899999976
v -0.0659808111 -0.0527327013 0
v -0.0659808111 -0.0527327013 0.00100000001
v -0.0659808111 -0.0527327013 0.00400000006
v -0.0659808111 -0.0527327013 0.00899999976
v -0.0659914732 -0.0524885941 0
v -0.0659914732 -0.0524885941 0.00100000001
v -0.0659914732 -0.0524885941 0.00400000006
v -0.0659914732 -0.0524885941 0.00899999976
v -0.0659978676 -0.0522443342 0
v -0.0659978676 -0.0522443342 0.00100000001
v -0.0659978676 -0.0522443342 0.00400000006
v -0.0659978676 -0.0522443342 0.00899999976
v -0.065999999 -0.0519999981 0
v -0.0659978676 -0.0517556667 0.00100000001
v -0.0659978676 -0.0517556667 0.00400000006
v -0.065999999 -0.0519999981 0.00899999976
v -0.0659914732 -0.0515114069 0
v -0.0659914732 -0.0515114069 0.00100000001
v -0.0659914732 -0.0515114069 0.00400000006
v -0.0659914732 -0.0515114069 0.00899999976
v -0.0659808111 -0.0512672949 0
v -0.0659808111 -0.0512672949 0.00100000001
v -0.0659808111 -0.0512672949 0.00400000006
v -0.0659808111 -0.0512672949 0.00899999976
v -0.0659658957 -0.0510234118 0
v -0.0659658957 -0.0510234118 0.00100000001
v -0.0659658957 -0.0510234118 0.00400000006
v -0.0659658957 -0.0510234118 0.00899999976
v -0.0659467268 -0.0507798195 0
v -0.0659467268 -0.0507798195 0.00100000001
v -0.0659467268 -0.0507798195 0.00400000006
v -0.0659467268 -0.0507798195 0.00899999976
v -0.0659233046 -0.0505365992 0
v -0.0659233046 -0.0505365992 0.00100000001
v -0.0659233046 -0.0505365992 0.00400000006
v -0.0659233046 -0.0505365992 0.00899999976
v -0.065895648 -0.0502938271 0
v -0.065895648 -0.0502938271 0.00100000001
v -0.065895648 -0.0502938271 0.00400000006
v -0.065895648 -0.0502938271 0.00899999976
v -0.0658637524 -0.0500515747 0
v -0.0658637524 -0.0500515747 0.00100000001
v -0.0658637524 -0.0500515747 0.00400000006
v -0.0658637524 -0.0500515747 0.00899999976
v -0.0658276367 -0.0498099184 0
v -0.0658276367 -0.0498099184 0.00100000001
v -0.0658276367 -0.0498099184 0.00400000006
v -0.0658276367 -0.0498099184 0.00899999976
v -0.0657873106 -0.0495689249 0
v -0.0657873106 -0.0495689249 0.00100000001
v -0.0657873106 -0.0495689249 0.00400000006
v -0.0657873106 -0.0495689249 0.00899999976
v -0.0657873106 0.0495689249 0
v -0.0657873106 0.0495689249 0.00100000001
v -0.0657873106 0.0495689249 0.00400000006
v -0.0657873106 0.0495689249 0.00899999976
v -0.0658276367 0.0498099184 0
v -0.0658276367 0.0498099184 0.00100000001
v -0.0658276367 0.0498099184 0.00400000006
v -0.0658276367 0.0498099184 0.00899999976
v -0.0658637524 0.0500515747 0
v -0.0658637524 0.0500515747 0.00100000001
v -0.0658637524 0.0500515747 0.00400000006
v -0.0658637524 0.0500515747 0.00899999976
v -0.065895648 0.0502938271 0
v -0.065895648 0.0502938271 0.00100000001
v -0.065895648 0.0502938271 0.00400000006
v -0.065895648 0.0502938271 0.00899999976
v -0.0659233046 0.0505365992 0
v -0.0659233046 0.0505365992 0.00100000001
v -0.0659233046 0.0505365992 0.00400000006
v -0.0659233046 0.0505365992 0.00899999976
v -0.0659467268 0.0507798195 0
v -0.0659467268 0.0507798195 0.00100000001
v -0.0659467268 0.0507798195 0.00400000006
v -0.0659467268 0.0507798195 0.00899999976
v -0.0659658957 0.0510234118 0
v -0.0659658957 0.0510234118 0.00100000001
v -0.0659658957 0.0510234118 0.00400000006
v -0.0659658957 0.0510234118 0.00899999976
v -0.0659808111 0.0512672949 0
v -0.0659808111 0.0512672949 0.00100000001
v -0.0659808111 0.0512672949 0.00400000006
v -0.0659808111 0.0512672949 0.00899999976
v -0.0659914732 0.0515114069 0
v -0.0659914732 0.0515114069 0.00100000001
v -0.0659914732 0.0515114069 0.00400000006
v -0.0659914732 0.0515114069 0.00899999976
v -0.0659978676 0.0517556667 0
v -0.065999999 0.0519999981 0.00100000001
v -0.065999999 0.0519999981 0.00400000006
v -0.065999999 0.0519999981 0.00899999976
v -0.0659978676 0.0522443342 0
v -0.0659978676 0.0522443342 0.00100000001
v -0.0659978676 0.0522443342 0.00400000006
v -0.0659978676 0.0522443342 0.00899999976
v -0.0659914732 0.0524885941 0
v -0.0659914732 0.0524885941 0.00100000001
v -0.0659914732 0.0524885941 0.00400000006
v -0.0659914732 0.0524885941 0.00899999976
v -0.0659808111 0.0527327013 0
v -0.0659808111 0.0527327013 0.00100000001
v -0.0659808111 0.0527327013 0.00400000006
v -0.0659808111 0.0527327013 0.00899999976
v -0.0659658957 0.0529765892 0
v -0.0659658957 0.0529765892 0.00100000001
v -0.0659658957 0.0529765892 0.00400000006
v -0.0659658957 0.0529765892 0.00899999976
v -0.0659467268 0.0532201815 0
v -0.0659467268 0.0532201815 0.00100000001
v -0.0659467268 0.0532201815 0.00400000006
v -0.0659467268 0.0532201815 0.00899999976
v -0.0659233046 0.053463397 0
v -0.0659233046 0.053463397 0.00100000001
v -0.0659233046 0.053463397 0.00400000006
v -0.0659233046 0.053463397 0.00899999976
v -0.065895648 0.0537061691 0
v -0.065895648 0.0537061691 0.00100000001
v -0.065895648 0.0537061691 0.00400000006
v -0.065895648 0.0537061691 0.00899999976
v -0.0658637524 0.0539484215 0
v -0.0658637524 0.0539484215 0.00100000001
v -0.0658637524 0.0539484215 0.00400000006
v -0.0658637524 0.0539484215 0.00899999976
v -0.0658276367 0.0541900826 0
v -0.0658276367 0.0541900826 0.00100000001
v -0.0658276367 0.0541900826 0.00400000006
v -0.0658276367 0.0541900826 0.00899999976
v -0.0657873106 0.054431076 0
v -0.0657873106 0.054431076 0.00100000001
v -0.0657873106 0.054431076 0.00400000006
v -0.0657873106 0.054431076 0.00899999976
v -0.0655229616 -0.0556234646 0
v -0.0655229616 -0.0556234646 0.00100000001
v -0.0655229616 -0.0556234646 0.00400000006
v -0.0655229616 -0.0556234646 0.00899999976
v -0.0655841398 -0.0553869057 0
v -0.0655841398 -0.0553869057 0.00100000001
v -0.0655841398 -0.0553869057 0.00400000006
v -0.0655841398 -0.0553869057 0.00899999976
v -0.0656411791 -0.0551493168 0
v -0.0656411791 -0.0551493168 0.00100000001
v -0.0656411791 -0.0551493168 0.00400000006
v -0.0656411791 -0.0551493168 0.00899999976
v -0.0656940651 -0.0549107647 0
v -0.0656940651 -0.0549107647 0.00100000001
v -0.0656940651 -0.0549107647 0.00400000006
v -0.0656940651 -0.0549107647 0.00899999976
v -0.0657427788 -0.0546713257 0
v -0.0657427788 -0.0546713257 0.00100000001
v -0.0657427788 -0.0546713257 0.00400000006
v -0.0657427788 -0.0546713257 0.00899999976
v -0.0657427788 -0.0493286753 0
v -0.0657427788 -0.0493286753 0.00100000001
v -0.0657427788 -0.0493286753 0.00400000006
v -0.0657427788 -0.0493286753 0.00899999976
v -0.0656940651 -0.0490892363 0
v -0.0656940651 -0.0490892363 0.00100000001
v -0.0656940651 -0.0490892363 0.00400000006
v -0.0656940651 -0.0490892363 0.00899999976
v -0.0656411791 -0.0488506842 0
v -0.0656411791 -0.0488506842 0.00100000001
v -0.0656411791 -0.0488506842 0.00400000006
v -0.0656411791 -0.0488506842 0.00899999976
v -0.0655841398 -0.0486130953 0
v -0.0655841398 -0.0486130953 0.00100000001
v -0.0655841398 -0.0486130953 0.00400000006
v -0.0655841398 -0.0486130953 0.00899999976
v -0.0655229616 -0.0483765316 0
v -0.0655229616 -0.0483765316 0.00100000001
v -0.0655229616 -0.0483765316 0.00400000006
v -0.0655229616 -0.0483765316 0.00899999976
v -0.0655000019 4.28626365e-19 0.00400000006
v -0.0655000019 4.28626365e-19 0.04
v -0.0655229616 0.0483765316 0
v -0.0655229616 0.0483765316 0.00100000001
v -0.0655229616 0.0483765316 0.00400000006
v -0.0655229616 0.0483765316 0.00899999976
v -0.0655841398 0.0486130953 0
v -0.0655841398 0.0486130953 0.00100000001
v -0.0655841398 0.0486130953 0.00400000006
v -0.0655841398 0.0486130953 0.00899999976
v -0.0656411791 0.0488506842 0
v -0.0656411791 0.0488506842 0.00100000001
v -0.0656411791 0.0488506842 0.00400000006
v -0.0656411791 0.0488506842 0.00899999976
v -0.0656940651 0.0490892363 0
v -0.0656940651 0.0490892363 0.00100000001
v -0.0656940651 0.0490892363 0.00400000006
v -0.0656940651 0.0490892363 0.00899999976
v -0.0657427788 0.0493286753 0
v -0.0657427788 0.0493286753 0.00100000001
v -0.0657427788 0.0493286753 0.00400000006
v -0.0657427788 0.0493286753 0.00899999976
v -0.0657427788 0.0546713257 0
v -0.0657427788 0.0546713257 0.00100000001
v -0.0657427788 0.0546713257 0.00400000006
v -0.0657427788 0.0546713257 0.00899999976
v -0.0656940651 0.0549107647 0
v -0.0656940651 0.0549107647 0.00100000001
v -0.0656940651 0.0549107647 0.00400000006
v -0.0656940651 0.0549107647 0.00899999976
v -0.0656411791 0.0551493168 0
v -0.0656411791 0.0551493168 0.00100000001
v -0.0656411791 0.0551493168 0.00400000006
v -0.0656411791 0.0551493168 0.00899999976
v -0.0655841398 0.0553869057 0
v -0.0655841398 0.0553869057 0.00100000001
v -0.0655841398 0.0553869057 0.00400000006
v -0.0655841398 0.0553869057 0.00899999976
v -0.0655229616 0.0556234646 0
v -0.0655229616 0.0556234646 0.00100000001
v -0.0655229616 0.0556234646 0.00400000006
v -0.0655229616 0.0556234646 0.00899999976
v -0.0653147936 -0.0563262367 0
v -0.0653147936 -0.0563262367 0.00100000001
v -0.0653147936 -0.0563262367 0.00400000006
v -0.0653147936 -0.0563262367 0.00899999976
v -0.0653882647 -0.0560932016 0
v -0.0653882647 -0.0560932016 0.00100000001
v -0.0653882647 -0.0560932016 0.00400000006
v -0.0653882647 -0.0560932016 0.00899999976
v -0.0654576635 -0.055858922 0
v -0.0654576635 -0.055858922 0.00100000001
v -0.0654576635 -0.055858922 0.00400000006
v -0.0654576635 -0.055858922 0.00899999976
v -0.0654576635 -0.0481410789 0
v -0.0654576635 -0.0481410789 0.00100000001
v -0.0654576635 -0.0481410789 0.00400000006
v -0.0654576635 -0.0481410789 0.00899999976
v -0.0653882647 -0.0479067945 0
v -0.0653882647 -0.0479067945 0.00100000001
v -0.0653882647 -0.0479067945 0.00400000006
v -0.0653882647 -0.0479067945 0.00899999976
v -0.0653147936 -0.0476737642 0
v -0.0653147936 -0.0476737642 0.00100000001
v -0.0653147936 -0.0476737642 0.00400000006
v -0.0653147936 -0.0476737642 0.00899999976
v -0.0652675295 -0.00125428781 0.00400000006
v -0.0652675295 -0.00125428781 0.04
v -0.0652889252 -0.00119707048 0.00400000006
v -0.0653470659 -0.00102330096 0.04
v -0.065364418 -0.000964730754 0.00400000006
v -0.0654102945 -0.000787328705 0.04
v -0.0654235172 -0.000727690905 0.00400000006
v -0.0654569101 -0.00054752063 0.04
v -0.0654659367 -0.000487105846 0.00400000006
v -0.0654866791 -0.000305045098 0.04
v -0.0654914761 -0.000244147666 0.00400000006
v -0.0654994678 -6.1083422e-05 0.04
v -0.0654994678 6.1083422e-05 0.00400000006
v -0.0654914761 0.000244147666 0.04
v -0.0654866791 0.000305045098 0.00400000006
v -0.0654659367 0.000487105846 0.04
v -0.0654569101 0.00054752063 0.00400000006
v -0.0654235172 0.000727690905 0.04
v -0.0654102945 0.000787328705 0.00400000006
v -0.065364418 0.000964730754 0.04
v -0.0653470659 0.00102330096 0.00400000006
v -0.0652889252 0.00119707048 0.04
v -0.0652675295 0.00125428781 0.00400000006
v -0.0652675295 0.00125428781 0.04
v -0.0653147936 0.0476737642 0
v -0.0653147936 0.0476737642 0.00100000001
v -0.0653147936 0.0476737642 0.00400000006
v -0.0653147936 0.0476737642 0.00899999976
v -0.0653882647 0.0479067945 0
v -0.0653882647 0.0479067945 0.00100000001
v -0.0653882647 0.0479067945 0.00400000006
v -0.0653882647 0.0479067945 0.00899999976
v -0.0654576635 0.0481410789 0
v -0.0654576635 0.0481410789 0.00100000001
v -0.0654576635 0.0481410789 0.00400000006
v -0.0654576635 0.0481410789 0.00899999976
v -0.0654576635 0.055858922 0
v -0.0654576635 0.055858922 0.00100000001
v -0.0654576635 0.055858922 0.00400000006
v -0.0654576635 0.055858922 0.00899999976
v -0.0653882647 0.0560932016 0
v -0.0653882647 0.0560932016 0.00100000001
v -0.0653882647 0.0560932016 0.00400000006
v -0.0653882647 0.0560932016 0.00899999976
v -0.0653147936 0.0563262367 0
v -0.0653147936 0.0563262367 0.00100000001
v -0.0653147936 0.0563262367 0.00400000006
v -0.0653147936 0.0563262367 0.00899999976
v -0.0650701237 -0.0570171499 0
v -0.0650701237 -0.0570171499 0.00100000001
v -0.0650701237 -0.0570171499 0.00400000006
v -0.0650701237 -0.0570171499 0.00899999976
v -0.0651556969 -0.0567882824 0
v -0.0651556969 -0.0567882824 0.00100000001
v -0.0651556969 -0.0567882824 0.00400000006
v -0.0651556969 -0.0567882824 0.00899999976
v -0.0652372599 -0.0565579557 0
v -0.0652372599 -0.0565579557 0.00100000001
v -0.0652372599 -0.0565579557 0.00400000006
v -0.0652372599 -0.0565579557 0.00899999976
v -0.0652372599 -0.0474420452 0
v -0.0652372599 -0.0474420452 0.00100000001
v -0.0652372599 -0.0474420452 0.00400000006
v -0.0652372599 -0.0474420452 0.00899999976
v -0.0651556969 -0.0472117186 0
v -0.0651556969 -0.0472117186 0.00100000001
v -0.0651556969 -0.0472117186 0.00400000006
v -0.0651556969 -0.0472117186 0.00899999976
v -0.0650701237 -0.046982851 0
v -0.0650701237 -0.046982851 0.00100000001
v -0.0650701237 -0.046982851 0.00400000006
v -0.0650701237 -0.046982851 0.00899999976
v -0.0650000858 -0.00180263326 0.00400000006
v -0.0650000858 -0.00180263326 0.04
v -0.0650310898 -0.00174999997 0.00400000006
v -0.0651457787 -0.00153429896 0.04
v -0.0651720762 -0.00147916391 0.00400000006
v -0.065245142 -0.00131112307 0.04
v -0.065245142 0.00131112307 0.00400000006
v -0.0651720762 0.00147916391 0.04
v -0.0651457787 0.00153429896 0.00400000006
v -0.0650310898 0.00174999997 0.04
v -0.0650000858 0.00180263326 0.00400000006
v -0.0650000858 0.00180263326 0.04
v -0.0650701237 0.046982851 0
v -0.0650701237 0.046982851 0.00100000001
v -0.0650701237 0.046982851 0.00400000006
v -0.0650701237 0.046982851 0.00899999976
v -0.0651556969 0.0472117186 0
v -0.0651556969 0.0472117186 0.00100000001
v -0.0651556969 0.0472117186 0.00400000006
v -0.0651556969 0.0472117186 0.00899999976
v -0.0652372599 0.0474420452 0
v -0.0652372599 0.0474420452 0.00100000001
v -0.0652372599 0.0474420452 0.00400000006
v -0.0652372599 0.0474420452 0.00899999976
v -0.0652372599 0.0565579557 0
v -0.0652372599 0.0565579557 0.00100000001
v -0.0652372599 0.0565579557 0.00400000006
v -0.0652372599 0.0565579557 0.00899999976
v -0.0651556969 0.0567882824 0
v -0.0651556969 0.0567882824 0.00100000001
v -0.0651556969 0.0567882824 0.00400000006
v -0.0651556969 0.0567882824 0.00899999976
v -0.0650701237 0.0570171499 0
v -0.0650701237 0.0570171499 0.00100000001
v -0.0650701237 0.0570171499 0.00400000006
v -0.0650701237 0.0570171499 0.00899999976
v -0.0647896385 -0.0576943111 0
v -0.0647896385 -0.0576943111 0.00100000001
v -0.0647896385 -0.0576943111 0.00400000006
v -0.0647896385 -0.0576943111 0.00899999976
v -0.0648870659 -0.0574702358 0
v -0.0648870659 -0.0574702358 0.00100000001
v -0.0648870659 -0.0574702358 0.00400000006
v -0.0648870659 -0.0574702358 0.00899999976
v -0.0649805737 -0.0572444916 0
v -0.0649805737 -0.0572444916 0.00100000001
v -0.0649805737 -0.0572444916 0.00400000006
v -0.0649805737 -0.0572444916 0.00899999976
v -0.0649805737 -0.0467555094 0
v -0.0649805737 -0.0467555094 0.00100000001
v -0.0649805737 -0.0467555094 0.00400000006
v -0.0649805737 -0.0467555094 0.00899999976
v -0.0648870659 -0.0465297651 0
v -0.0648870659 -0.0465297651 0.00100000001
v -0.0648870659 -0.0465297651 0.00400000006
v -0.0648870659 -0.0465297651 0.00899999976
v -0.0647896385 -0.046305685 0
v -0.0647896385 -0.046305685 0.00100000001
v -0.0647896385 -0.046305685 0.00400000006
v -0.0647896385 -0.046305685 0.00899999976
v -0.0647580385 -0.0021548152 0.00400000006
v -0.064867034 -0.00200751752 0.04
v -0.0649016333 -0.00195717514 0.00400000006
v -0.0649681664 -0.00185471743 0.04
v -0.0649681664 0.00185471743 0.00400000006
v -0.0649016333 0.00195717514 0.04
v -0.064867034 0.00200751752 0.00400000006
v -0.0647580385 0.0021548152 0.04
v -0.0647896385 0.046305685 0
v -0.0647896385 0.046305685 0.00100000001
v -0.0647896385 0.046305685 0.00400000006
v -0.0647896385 0.046305685 0.00899999976
v -0.0648870659 0.0465297651 0
v -0.0648870659 0.0465297651 0.00100000001
v -0.0648870659 0.0465297651 0.00400000006
v -0.0648870659 0.0465297651 0.00899999976
v -0.0649805737 0.0467555094 0
v -0.0649805737 0.0467555094 0.00100000001
v -0.0649805737 0.0467555094 0.00400000006
v -0.0649805737 0.0467555094 0.00899999976
v -0.0649805737 0.0572444916 0
v -0.0649805737 0.0572444916 0.00100000001
v -0.0649805737 0.0572444916 0.00400000006
v -0.0649805737 0.0572444916 0.00899999976
v -0.0648870659 0.0574702358 0
v -0.0648870659 0.0574702358 0.00100000001
v -0.0648870659 0.0574702358 0.00400000006
v -0.0648870659 0.0574702358 0.00899999976
v -0.0647896385 0.0576943111 0
v -0.0647896385 0.0576943111 0.00100000001
v -0.0647896385 0.0576943111 0.00400000006
v -0.0647896385 0.0576943111 0.00899999976
v -0.0645831156 -0.0581371975 0
v -0.0645831156 -0.0581371975 0.00100000001
v -0.0645831156 -0.0581371975 0.00400000006
v -0.0645831156 -0.0581371975 0.00899999976
v -0.0646883106 -0.0579166555 0
v -0.0646883106 -0.0579166555 0.00100000001
v -0.0646883106 -0.0579166555 0.00400000006
v -0.0646883106 -0.0579166555 0.00899999976
v -0.0646883106 -0.0460833454 0
v -0.0646883106 -0.0460833454 0.00100000001
v -0.0646883106 -0.0460833454 0.00400000006
v -0.0646883106 -0.0460833454 0.00899999976
v -0.0645831156 -0.0458628035 0
v -0.0645831156 -0.0458628035 0.00100000001
v -0.0645831156 -0.0458628035 0.00400000006
v -0.0645831156 -0.0458628035 0.00899999976
v -0.0645176888 -0.00243130431 0.00400000006
v -0.0646414852 -0.00229620665 0.04
v -0.0646811533 -0.0022497566 0.00400000006
v -0.0647200108 -0.0022026214 0.04
v -0.0647200108 0.0022026214 0.00400000006
v -0.0646811533 0.0022497566 0.04
v -0.0646414852 0.00229620665 0.00400000006
v -0.0645176888 0.00243130431 0.04
v -0.0645831156 0.0458628035 0
v -0.0645831156 0.0458628035 0.00100000001
v -0.0645831156 0.0458628035 0.00400000006
v -0.0645831156 0.0458628035 0.00899999976
v -0.0646883106 0.0460833454 0
v -0.0646883106 0.0460833454 0.00100000001
v -0.0646883106 0.0460833454 0.00400000006
v -0.0646883106 0.0460833454 0.00899999976
v -0.0646883106 0.0579166555 0
v -0.0646883106 0.0579166555 0.00100000001
v -0.0646883106 0.0579166555 0.00400000006
v -0.0646883106 0.0579166555 0.00899999976
v -0.0645831156 0.0581371975 0
v -0.0645831156 0.0581371975 0.00100000001
v -0.0645831156 0.0581371975 0.00400000006
v -0.0645831156 0.0581371975 0.00899999976
v -0.0643612671 -0.0585726023 0
v -0.0643612671 -0.0585726023 0.00100000001
v -0.0643612671 -0.0585726023 0.00400000006
v -0.0643612671 -0.0585726023 0.00899999976
v -0.0644740915 -0.0583558655 0
v -0.0644740915 -0.0583558655 0.00100000001
v -0.0644740915 -0.0583558655 0.00400000006
v -0.0644740915 -0.0583558655 0.00899999976
v -0.0644740915 -0.0456441307 0
v -0.0644740915 -0.0456441307 0.00100000001
v -0.0644740915 -0.0456441307 0.00400000006
v -0.0644740915 -0.0456441307 0.00899999976
v -0.0643612671 -0.0454273987 0
v -0.0643612671 -0.0454273987 0.00100000001
v -0.0643612671 -0.0454273987 0.00400000006
v -0.0643612671 -0.0454273987 0.00899999976
v -0.0642962074 -0.00264148355 0.00400000006
v -0.0644313049 -0.00251768917 0.04
v -0.0644748735 -0.00247487366 0.00400000006
v -0.0644748735 -0.00247487366 0.04
v -0.0644748735 0.00247487366 0.00400000006
v -0.0644748735 0.00247487366 0.04
v -0.0644313049 0.00251768917 0.00400000006
v -0.0642962074 0.00264148355 0.04
v -0.0643612671 0.0454273987 0
v -0.0643612671 0.0454273987 0.00100000001
v -0.0643612671 0.0454273987 0.00400000006
v -0.0643612671 0.0454273987 0.00899999976
v -0.0644740915 0.0456441307 0
v -0.0644740915 0.0456441307 0.00100000001
v -0.0644740915 0.0456441307 0.00400000006
v -0.0644740915 0.0456441307 0.00899999976
v -0.0644740915 0.0583558655 0
v -0.0644740915 0.0583558655 0.00100000001
v -0.0644740915 0.0583558655 0.00400000006
v -0.0644740915 0.0583558655 0.00899999976
v -0.0643612671 0.0585726023 0
v -0.0643612671 0.0585726023 0.00100000001
v -0.0643612671 0.0585726023 0.00400000006
v -0.0643612671 0.0585726023 0.00899999976
v -0.0640003443 -0.0592105341 0
v -0.0641243553 -0.059000001 0.00100000001
v -0.0641243553 -0.059000001 0.00400000006
v -0.0640003443 -0.0592105341 0.00899999976
v -0.0642446756 -0.0587873363 0
v -0.0642446756 -0.0587873363 0.00100000001
v -0.0642446756 -0.0587873363 0.00400000006
v -0.0642446756 -0.0587873363 0.00899999976
v -0.0642446756 -0.0452126646 0
v -0.0642446756 -0.0452126646 0.00100000001
v -0.0642446756 -0.0452126646 0.00400000006
v -0.0642446756 -0.0452126646 0.00899999976
v -0.0641243553 -0.045 0
v -0.0640003443 -0.0447894669 0.00100000001
v -0.0640003443 -0.0447894669 0.00400000006
v -0.0641243553 -0.045 0.00899999976
v -0.0640075159 -0.00286703229 0.00400000006
v -0.0641548157 -0.00275803775 0.04
v -0.0642026234 -0.00272001088 0.00400000006
v -0.0642497587 -0.0026811555 0.04
v -0.0642497587 0.0026811555 0.00400000006
v -0.0642026234 0.00272001088 0.04
v -0.0641548157 0.00275803775 0.00400000006
v -0.0640075159 0.00286703229 0.04
v -0.0640003443 0.0447894669 0
v -0.0640003443 0.0447894669 0.00100000001
v -0.0640003443 0.0447894669 0.00400000006
v -0.0640003443 0.0447894669 0.00899999976
v -0.0641243553 0.045 0
v -0.0642446756 0.0452126646 0.00100000001
v -0.0642446756 0.0452126646 0.00400000006
v -0.0642446756 0.0452126646 0.00899999976
v -0.0642446756 0.0587873363 0
v -0.0642446756 0.0587873363 0.00100000001
v -0.0642446756 0.0587873363 0.00400000006
v -0.0642446756 0.0587873363 0.00899999976
v -0.0641243553 0.059000001 0
v -0.0640003443 0.0592105341 0.00100000001
v -0.0640003443 0.0592105341 0.00400000006
v -0.0640003443 0.0592105341 0.00899999976
v -0.0638726711 -0.059418869 0
v -0.0638726711 -0.059418869 0.00100000001
v -0.0638726711 -0.059418869 0.00400000006
v -0.0638726711 -0.059418869 0.00899999976
v -0.0638726711 -0.0445811319 0
v -0.0638726711 -0.0445811319 0.00100000001
v -0.0638726711 -0.0445811319 0.00400000006
v -0.0638726711 -0.0445811319 0.00899999976
v -0.0638026333 -0.00300008565 0.00400000006
v -0.0638026333 -0.00300008565 0.04
v -0.0638547182 -0.00296816826 0.00400000006
v -0.0639571762 -0.00290163159 0.04
v -0.0639571762 0.00290163159 0.00400000006
v -0.0638547182 0.00296816826 0.04
v -0.0638026333 0.00300008565 0.00400000006
v -0.0638026333 0.00300008565 0.04
v -0.0638726711 0.0445811319 0
v -0.0638726711 0.0445811319 0.00100000001
v -0.0638726711 0.0445811319 0.00400000006
v -0.0638726711 0.0445811319 0.00899999976
v -0.0638726711 0.059418869 0
v -0.0638726711 0.059418869 0.00100000001
v -0.0638726711 0.059418869 0.00400000006
v -0.0638726711 0.059418869 0.00899999976
v -0.0636065245 -0.059828701 0
v -0.0636065245 -0.059828701 0.00100000001
v -0.0636065245 -0.059828701 0.00400000006
v -0.0636065245 -0.059828701 0.00899999976
v -0.0637413883 -0.0596249485 0
v -0.0637413883 -0.0596249485 0.00100000001
v -0.0637413883 -0.0596249485 0.00400000006
v -0.0637413883 -0.0596249485 0.00899999976
v -0.0637413883 -0.0443750525 0
v -0.0637413883 -0.0443750525 0.00100000001
v -0.0637413883 -0.0443750525 0.00400000006
v -0.0637413883 -0.0443750525 0.00899999976
v -0.0636065245 -0.0441712999 0
v -0.0636065245 -0.0441712999 0.00100000001
v -0.0636065245 -0.0441712999 0.00400000006
v -0.0636065245 -0.0441712999 0.00899999976
v -0.0635342979 -0.00314577907 0.00400000006
v -0.06375 -0.00303108901 0.04
v -0.06375 0.00303108901 0.00400000006
v -0.0635342979 0.00314577907 0.04
v -0.0636065245 0.0441712999 0
v -0.0636065245 0.0441712999 0.00100000001
v -0.0636065245 0.0441712999 0.00400000006
v -0.0636065245 0.0441712999 0.00899999976
v -0.0637413883 0.0443750525 0
v -0.0637413883 0.0443750525 0.00100000001
v -0.0637413883 0.0443750525 0.00400000006
v -0.0637413883 0.0443750525 0.00899999976
v -0.0637413883 0.0596249485 0
v -0.0637413883 0.0596249485 0.00100000001
v -0.0637413883 0.0596249485 0.00400000006
v -0.0637413883 0.0596249485 0.00899999976
v -0.0636065245 0.059828701 0
v -0.0636065245 0.059828701 0.00100000001
v -0.0636065245 0.059828701 0.00400000006
v -0.0636065245 0.059828701 0.00899999976
v -0.0633262396 -0.0602289915 0
v -0.0634681273 -0.0600300694 0.00100000001
v -0.0634681273 -0.0600300694 0.00400000006
v -0.0633262396 -0.0602289915 0.00899999976
v -0.0634681273 -0.0439699316 0
v -0.0633262396 -0.0437710047 0.00100000001
v -0.0633262396 -0.0437710047 0.00400000006
v -0.0634681273 -0.0439699316 0.00899999976
v -0.0632542896 -0.00326753139 0.00400000006
v -0.0632542896 -0.00326753139 0.04
v -0.0633111238 -0.00324514359 0.00400000006
v -0.063479166 -0.00317207724 0.04
v -0.063271594 -0.000270285197 0.00100000001
v -0.0632557058 -0.000336464755 0.04
v -0.0632999992 -1.59204078e-19 0.00100000001
v -0.0632761145 -0.000248051696 0.04
v -0.0632761145 0.000248051696 0.00100000001
v -0.0632999992 1.59204078e-19 0.04
v -0.0632557058 0.000336464755 0.00100000001
v -0.063271594 0.000270285197 0.04
v -0.063479166 0.00317207724 0.00400000006
v -0.0633111238 0.00324514359 0.04
v -0.0632542896 0.00326753139 0.00400000006
v -0.0632542896 0.00326753139 0.04
v -0.0633262396 0.0437710047 0
v -0.0634681273 0.0439699316 0.00100000001
v -0.0634681273 0.0439699316 0.00400000006
v -0.0634681273 0.0439699316 0.00899999976
v -0.0634681273 0.0600300694 0
v -0.0633262396 0.0602289915 0.00100000001
v -0.0633262396 0.0602289915 0.00400000006
v -0.0633262396 0.0602289915 0.00899999976
v -0.0630321503 -0.0606192589 0
v -0.0630321503 -0.0606192589 0.00100000001
v -0.0630321503 -0.0606192589 0.00400000006
v -0.0630321503 -0.0606192589 0.00899999976
v -0.0631808949 -0.0604254103 0
v -0.0631808949 -0.0604254103 0.00100000001
v -0.0631808949 -0.0604254103 0.00400000006
v -0.0631808949 -0.0604254103 0.00899999976
v -0.0631808949 -0.0435745907 0
v -0.0631808949 -0.0435745907 0.00100000001
v -0.0631808949 -0.0435745907 0.00400000006
v -0.0631808949 -0.0435745907 0.00899999976
v -0.0630321503 -0.0433807373 0
v -0.0630321503 -0.0433807373 0.00100000001
v -0.0630321503 -0.0433807373 0.00400000006
v -0.0630321503 -0.0433807373 0.00899999976
v -0.0630233002 -0.00334706664 0.00400000006
v -0.0631970692 -0.0032889241 0.04
v -0.0630517244 -0.000764120817 0.00100000001
v -0.0630102921 -0.000818116516 0.04
v -0.0631966543 -0.000507950485 0.00100000001
v -0.0630648994 -0.000745649338 0.04
v -0.0632496405 -0.000358328559 0.00100000001
v -0.0632053375 -0.000486988574 0.04
v -0.0632053375 0.000486988574 0.00100000001
v -0.0632496405 0.000358328559 0.04
v -0.0630648994 0.000745649338 0.00100000001
v -0.0631966543 0.000507950485 0.04
v -0.0630102921 0.000818116516 0.00100000001
v -0.0630517244 0.000764120817 0.04
v -0.0631970692 0.0032889241 0.00400000006
v -0.0630233002 0.00334706664 0.04
v -0.0630321503 0.0433807373 0
v -0.0630321503 0.0433807373 0.00100000001
v -0.0630321503 0.0433807373 0.00400000006
v -0.0630321503 0.0433807373 0.00899999976
v -0.0631808949 0.0435745907 0
v -0.0631808949 0.0435745907 0.00100000001
v -0.0631808949 0.0435745907 0.00400000006
v -0.0631808949 0.0435745907 0.00899999976
v -0.0631808949 0.0604254103 0
v -0.0631808949 0.0604254103 0.00100000001
v -0.0631808949 0.0604254103 0.00400000006
v -0.0631808949 0.0604254103 0.00899999976
v -0.0630321503 0.0606192589 0
v -0.0630321503 0.0606192589 0.00100000001
v -0.0630321503 0.0606192589 0.00400000006
v -0.0630321503 0.0606192589 0.00899999976
v -0.062880044 -0.0608104849 0
v -0.062880044 -0.0608104849 0.00100000001
v -0.062880044 -0.0608104849 0.00400000006
v -0.062880044 -0.0608104849 0.00899999976
v -0.062880044 -0.0431895161 0
v -0.062880044 -0.0431895161 0.00100000001
v -0.062880044 -0.0431895161 0.00400000006
v -0.062880044 -0.0431895161 0.00899999976
v -0.0627873278 -0.00341029525 0.00400000006
v -0.0629647303 -0.00336441606 0.04
v -0.0628181171 -0.00101028971 0.00100000001
v -0.0627641201 -0.00105172209 0.04
v -0.0629958582 -0.00083562389 0.00100000001
v -0.0628356218 -0.00099585779 0.04
v -0.0628356218 0.00099585779 0.00100000001
v -0.0629958582 0.00083562389 0.04
v -0.0627641201 0.00105172209 0.00100000001
v -0.0628181171 0.00101028971 0.04
v -0.0629647303 0.00336441606 0.00400000006
v -0.0627873278 0.00341029525 0.04
v -0.062880044 0.0431895161 0
v -0.062880044 0.0431895161 0.00100000001
v -0.062880044 0.0431895161 0.00400000006
v -0.062880044 0.0431895161 0.00899999976
v -0.062880044 0.0608104849 0
v -0.062880044 0.0608104849 0.00100000001
v -0.062880044 0.0608104849 0.00400000006
v -0.062880044 0.0608104849 0.00899999976
v -0.0625659323 -0.0611848259 0
v -0.0625659323 -0.0611848259 0.00100000001
v -0.0625659323 -0.0611848259 0.00400000006
v -0.0625659323 -0.0611848259 0.00899999976
v -0.0627246237 -0.0609990263 0
v -0.0627246237 -0.0609990263 0.00100000001
v -0.0627246237 -0.0609990263 0.00400000006
v -0.0627246237 -0.0609990263 0.00899999976
v -0.0625098562 -0.0529194927 0
v -0.0625098562 -0.0529194927 0.00899999976
v -0.0625355434 -0.0525521421 0
v -0.0625355434 -0.0525521421 0.00899999976
v -0.0625435734 -0.0523681879 0
v -0.0625435734 -0.0523681879 0.00899999976
v -0.0625483942 -0.052184124 0
v -0.0625483942 -0.052184124 0.00899999976
v -0.0625483942 -0.051815877 0
v -0.0625483942 -0.051815877 0.00899999976
v -0.0625435734 -0.0516318083 0
v -0.0625435734 -0.0516318083 0.00899999976
v -0.0625242996 -0.0512640715 0
v -0.0625242996 -0.0512640715 0.00899999976
v -0.0625098562 -0.0510805082 0
v -0.0625098562 -0.0510805082 0.00899999976
v -0.0627246237 -0.0430009747 0
v -0.0627246237 -0.0430009747 0.00100000001
v -0.0627246237 -0.0430009747 0.00400000006
v -0.0627246237 -0.0430009747 0.00899999976
v -0.0625659323 -0.0428151751 0
v -0.0625659323 -0.0428151751 0.00100000001
v -0.0625659323 -0.0428151751 0.00400000006
v -0.0625659323 -0.0428151751 0.00899999976
v -0.0625475216 -0.00345690906 0.00400000006
v -0.0627276897 -0.00342351675 0.04
v -0.0627456474 -0.00106489763 0.00100000001
v -0.0625079489 -0.0011966563 0.04
v -0.0625079489 0.0011966563 0.00100000001
v -0.0627456474 0.00106489763 0.04
v -0.0627276897 0.00342351675 0.00400000006
v -0.0625475216 0.00345690906 0.04
v -0.0625659323 0.0428151751 0
v -0.0625659323 0.0428151751 0.00100000001
v -0.0625659323 0.0428151751 0.00400000006
v -0.0625659323 0.0428151751 0.00899999976
v -0.0627246237 0.0430009747 0
v -0.0627246237 0.0430009747 0.00100000001
v -0.0627246237 0.0430009747 0.00400000006
v -0.0627246237 0.0430009747 0.00899999976
v -0.0625098562 0.0510805082 0
v -0.0625098562 0.0510805082 0.00899999976
v -0.0625355434 0.051447854 0
v -0.0625242996 0.0512640715 0.00899999976
v -0.0625435734 0.0516318083 0
v -0.0625435734 0.0516318083 0.00899999976
v -0.0625500011 0.0519999981 0
v -0.0625483942 0.051815877 0.00899999976
v -0.0625483942 0.052184124 0
v -0.0625483942 0.052184124 0.00899999976
v -0.0625435734 0.0523681879 0
v -0.0625435734 0.0523681879 0.00899999976
v -0.0625242996 0.0527359295 0
v -0.0625355434 0.0525521421 0.00899999976
v -0.0625098562 0.0529194927 0
v -0.0625098562 0.0529194927 0.00899999976
v -0.0627246237 0.0609990263 0
v -0.0627246237 0.0609990263 0.00100000001
v -0.0627246237 0.0609990263 0.00400000006
v -0.0627246237 0.0609990263 0.00899999976
v -0.0625659323 0.0611848259 0
v -0.0625659323 0.0611848259 0.00100000001
v -0.0625659323 0.0611848259 0.00400000006
v -0.0625659323 0.0611848259 0.00899999976
v -0.062404027 -0.0613678265 0
v -0.062404027 -0.0613678265 0.00100000001
v -0.062404027 -0.0613678265 0.00400000006
v -0.062404027 -0.0613678265 0.00899999976
v -0.0622796059 -0.0543732357 0
v -0.0622796059 -0.0543732357 0.00899999976
v -0.0623561668 -0.0540130329 0
v -0.0623561668 -0.0540130329 0.00899999976
v -0.0623897219 -0.0538319874 0
v -0.0623897219 -0.0538319874 0.00899999976
v -0.0624201107 -0.0536503839 0
v -0.0624201107 -0.0536503839 0.00899999976
v -0.0624713612 -0.0532857227 0
v -0.0624713612 -0.0532857227 0.00899999976
v -0.0624922037 -0.0531027746 0
v -0.0624922037 -0.0531027746 0.00899999976
v -0.0624922037 -0.0508972263 0
v -0.0624922037 -0.0508972263 0.00899999976
v -0.0624473286 -0.0505317259 0
v -0.0624473286 -0.0505317259 0.00899999976
v -0.0624201107 -0.050349617 0
v -0.0624201107 -0.050349617 0.00899999976
v -0.0623897219 -0.0501680136 0
v -0.0623897219 -0.0501680136 0.00899999976
v -0.0623194551 -0.0498065329 0
v -0.0623194551 -0.0498065329 0.00899999976
v -0.0622796059 -0.0496267653 0
v -0.0622796059 -0.0496267653 0.00899999976
v -0.062404027 -0.0426321697 0
v -0.062404027 -0.0426321697 0.00100000001
v -0.062404027 -0.0426321697 0.00400000006
v -0.062404027 -0.0426321697 0.00899999976
v -0.0623050451 -0.00348668158 0.00400000006
v -0.0624871063 -0.00346593827 0.04
v -0.0623364639 -0.00125570357 0.00100000001
v -0.0622702837 -0.00127159193 0.04
v -0.0624869871 -0.00120533898 0.00100000001
v -0.0623583269 -0.00124964021 0.04
v -0.0623583269 0.00124964021 0.00100000001
v -0.0624869871 0.00120533898 0.04
v -0.0622702837 0.00127159193 0.00100000001
v -0.0623364639 0.00125570357 0.04
v -0.0624871063 0.00346593827 0.00400000006
v -0.0623050451 0.00348668158 0.04
v -0.062404027 0.0426321697 0
v -0.062404027 0.0426321697 0.00100000001
v -0.062404027 0.0426321697 0.00400000006
v -0.062404027 0.0426321697 0.00899999976
v -0.0622796059 0.0496267653 0
v -0.0622796059 0.0496267653 0.00899999976
v -0.0623561668 0.0499869633 0
v -0.0623194551 0.0498065329 0.00899999976
v -0.0623897219 0.0501680136 0
v -0.0623897219 0.0501680136 0.00899999976
v -0.0624201107 0.050349617 0
v -0.0624201107 0.050349617 0.00899999976
v -0.0624713612 0.0507142782 0
v -0.0624473286 0.0505317259 0.00899999976
v -0.0624922037 0.0508972263 0
v -0.0624922037 0.0508972263 0.00899999976
v -0.0624922037 0.0531027746 0
v -0.0624922037 0.0531027746 0.00899999976
v -0.0624473286 0.0534682751 0
v -0.0624713612 0.0532857227 0.00899999976
v -0.0624201107 0.0536503839 0
v -0.0624201107 0.0536503839 0.00899999976
v -0.0623897219 0.0538319874 0
v -0.0623897219 0.0538319874 0.00899999976
v -0.0623194551 0.0541934681 0
v -0.0623561668 0.0540130329 0.00899999976
v -0.0622796059 0.0543732357 0
v -0.0622796059 0.0543732357 0.00899999976
v -0.062404027 0.0613678265 0
v -0.062404027 0.0613678265 0.00100000001
v -0.062404027 0.0613678265 0.00400000006
v -0.062404027 0.0613678265 0.00899999976
v -0.062070756 -0.0617252159 0
v -0.0622389507 -0.0615479755 0.00100000001
v -0.0622389507 -0.0615479755 0.00400000006
v -0.062070756 -0.0617252159 0.00899999976
v -0.0620336485 -0.055260129 0
v -0.0620336485 -0.055260129 0.00899999976
v -0.0620890141 -0.0550845194 0
v -0.0620890141 -0.0550845194 0.00899999976
v -0.0621413088 -0.0549079752 0
v -0.0621413088 -0.0549079752 0.00899999976
v -0.062236619 -0.0545522738 0
v -0.062236619 -0.0545522738 0.00899999976
v -0.0621905184 -0.0492694569 0
v -0.0621905184 -0.0492694569 0.00899999976
v -0.0621413088 -0.0490920258 0
v -0.0621413088 -0.0490920258 0.00899999976
v -0.0620890141 -0.0489154768 0
v -0.0620890141 -0.0489154768 0.00899999976
v -0.0620336485 -0.048739872 0
v -0.0620336485 -0.048739872 0.00899999976
v -0.0622389507 -0.0424520206 0
v -0.062070756 -0.042274785 0.00100000001
v -0.062070756 -0.042274785 0.00400000006
v -0.0622389507 -0.0424520206 0.00899999976
v -0.0620610857 -0.00349946707 0.00400000006
v -0.0622441483 -0.00349147409 0.04
v -0.0622480536 -0.00127611533 0.00100000001
v -0.062022686 -0.00129980206 0.04
v -0.062022686 0.00129980206 0.00100000001
v -0.0622480536 0.00127611533 0.04
v -0.0622441483 0.00349147409 0.00400000006
v -0.0620610857 0.00349946707 0.04
v -0.062070756 0.042274785 0
v -0.0622389507 0.0424520206 0.00100000001
v -0.0622389507 0.0424520206 0.00400000006
v -0.0622389507 0.0424520206 0.00899999976
v -0.0620336485 0.048739872 0
v -0.0620336485 0.048739872 0.00899999976
v -0.0620890141 0.0489154768 0
v -0.0620890141 0.0489154768 0.00899999976
v -0.0621413088 0.0490920258 0
v -0.0621413088 0.0490920258 0.00899999976
v -0.062236619 0.0494477224 0
v -0.0621905184 0.0492694569 0.00899999976
v -0.0621905184 0.0547305393 0
v -0.062236619 0.0545522738 0.00899999976
v -0.0621413088 0.0549079752 0
v -0.0621413088 0.0549079752 0.00899999976
v -0.0620890141 0.0550845194 0
v -0.0620890141 0.0550845194 0.00899999976
v -0.0620336485 0.055260129 0
v -0.0620336485 0.055260129 0.00899999976
v -0.0622389507 0.0615479755 0
v -0.062070756 0.0617252159 0.00100000001
v -0.062070756 0.0617252159 0.00400000006
v -0.062070756 0.0617252159 0.00899999976
v -0.0618994951 -0.0618994951 0
v -0.0618994951 -0.0618994951 0.00100000001
v -0.0618994951 -0.0618994951 0.00400000006
v -0.0618994951 -0.0618994951 0.00899999976
v -0.0618492746 -0.0557807827 0
v -0.0618492746 -0.0557807827 0.00899999976
v -0.0619137573 -0.0556083107 0
v -0.0619137573 -0.0556083107 0.00899999976
v -0.0619752216 -0.055434742 0
v -0.0619752216 -0.055434742 0.00899999976
v -0.0619752216 -0.0485652542 0
v -0.0619752216 -0.0485652542 0.00899999976
v -0.0619137573 -0.0483916855 0
v -0.0619137573 -0.0483916855 0.00899999976
v -0.0617817879 -0.0480479002 0
v -0.0617817879 -0.0480479002 0.00899999976
v -0.0618994951 -0.0421005058 0
v -0.0618994951 -0.0421005058 0.00100000001
v -0.0618994951 -0.0421005058 0.00400000006
v -0.0618994951 -0.0421005058 0.00899999976
v -0.0617558527 -0.00349147409 0.00400000006
v -0.0619999981 -0.00349999994 0.04
v -0.0619999981 -0.00129999995 0.00100000001
v -0.0617519474 -0.00127611533 0.04
v -0.0617519474 0.00127611533 0.00100000001
v -0.0619999981 0.00129999995 0.04
v -0.0619999981 0.00349999994 0.00400000006
v -0.0617558527 0.00349147409 0.04
v -0.0618994951 0.0421005058 0
v -0.0618994951 0.0421005058 0.00100000001
v -0.0618994951 0.0421005058 0.00400000006
v -0.0618994951 0.0421005058 0.00899999976
v -0.0618492746 0.0482192183 0
v -0.0617817879 0.0480479002 0.00899999976
v -0.0619137573 0.0483916855 0
v -0.0619137573 0.0483916855 0.00899999976
v -0.0619752216 0.0485652542 0
v -0.0619752216 0.0485652542 0.00899999976
v -0.0619752216 0.055434742 0
v -0.0619752216 0.055434742 0.00899999976
v -0.0619137573 0.0556083107 0
v -0.0619137573 0.0556083107 0.00899999976
v -0.0617817879 0.0559521008 0
v -0.0618492746 0.0557807827 0.00899999976
v -0.0618994951 0.0618994951 0
v -0.0618994951 0.0618994951 0.00100000001
v -0.0618994951 0.0618994951 0.00400000006
v -0.0618994951 0.0618994951 0.00899999976
v -0.0615479755 -0.0622389507 0
v -0.0617252159 -0.062070756 0.00100000001
v -0.0617252159 -0.062070756 0.00400000006
v -0.0615479755 -0.0622389507 0.00899999976
v -0.0616379023 -0.05629107 0
v -0.0616379023 -0.05629107 0.00899999976
v -0.0617113256 -0.0561222124 0
v -0.0617113256 -0.0561222124 0.00899999976
v -0.0617113256 -0.0478777885 0
v -0.0617113256 -0.0478777885 0.00899999976
v -0.0615615463 -0.0475413752 0
v -0.0615615463 -0.0475413752 0.00899999976
v -0.0617252159 -0.041929245 0
v -0.0615479755 -0.0417610502 0.00100000001
v -0.0615479755 -0.0417610502 0.00400000006
v -0.0617252159 -0.041929245 0.00899999976
v -0.0615128946 -0.00346593827 0.00400000006
v -0.0616949558 -0.00348668158 0.04
v -0.0617297125 -0.00127159193 0.00100000001
v -0.061663537 -0.00125570357 0.04
v -0.0616416693 -0.00124964021 0.00100000001
v -0.0615130091 -0.00120533898 0.04
v -0.0615130091 0.00120533898 0.00100000001
v -0.0616416693 0.00124964021 0.04
v -0.061663537 0.00125570357 0.00100000001
v -0.0617297125 0.00127159193 0.04
v -0.0616949558 0.00348668158 0.00400000006
v -0.0615128946 0.00346593827 0.04
v -0.0615479755 0.0417610502 0
v -0.0617252159 0.041929245 0.00100000001
v -0.0617252159 0.041929245 0.00400000006
v -0.0617252159 0.041929245 0.00899999976
v -0.0616379023 0.0477089262 0
v -0.0615615463 0.0475413752 0.00899999976
v -0.0617113256 0.0478777885 0
v -0.0617113256 0.0478777885 0.00899999976
v -0.0617113256 0.0561222124 0
v -0.0617113256 0.0561222124 0.00899999976
v -0.0615615463 0.056458621 0
v -0.0616379023 0.05629107 0.00899999976
v -0.0617252159 0.062070756 0
v -0.0615479755 0.0622389507 0.00100000001
v -0.0615479755 0.0622389507 0.00400000006
v -0.0615479755 0.0622389507 0.00899999976
v -0.0613678265 -0.062404027 0
v -0.0613678265 -0.062404027 0.00100000001
v -0.0613678265 -0.062404027 0.00400000006
v -0.0613678265 -0.062404027 0.00899999976
v -0.0614001179 -0.0567895985 0
v -0.0614001179 -0.0567895985 0.00899999976
v -0.0614822769 -0.0566248178 0
v -0.0614822769 -0.0566248178 0.00899999976
v -0.0614822769 -0.0473751831 0
v -0.0614822769 -0.0473751831 0.00899999976
v -0.0613150978 -0.0470470762 0
v -0.0613150978 -0.0470470762 0.00899999976
v -0.0613678265 -0.041595974 0
v -0.0613678265 -0.041595974 0.00100000001
v -0.0613678265 -0.041595974 0.00400000006
v -0.0613678265 -0.041595974 0.00899999976
v -0.0612723112 -0.00342351675 0.00400000006
v -0.0614524794 -0.00345690906 0.04
v -0.0614920473 -0.0011966563 0.00100000001
v -0.0612543488 -0.00106489763 0.04
v -0.0612543488 0.00106489763 0.00100000001
v -0.0614920473 0.0011966563 0.04
v -0.0614524794 0.00345690906 0.00400000006
v -0.0612723112 0.00342351675 0.04
v -0.0613678265 0.041595974 0
v -0.0613678265 0.041595974 0.00100000001
v -0.0613678265 0.041595974 0.00400000006
v -0.0613678265 0.041595974 0.00899999976
v -0.0614001179 0.0472104025 0
v -0.0613150978 0.0470470762 0.00899999976
v -0.0614822769 0.0473751831 0
v -0.0614822769 0.0473751831 0.00899999976
v -0.0614822769 0.0566248178 0
v -0.0614822769 0.0566248178 0.00899999976
v -0.0613150978 0.0569529247 0
v -0.0614001179 0.0567895985 0.00899999976
v -0.0613678265 0.062404027 0
v -0.0613678265 0.062404027 0.00100000001
v -0.0613678265 0.062404027 0.00400000006
v -0.0613678265 0.062404027 0.00899999976
v -0.0611848259 -0.0625659323 0
v -0.0611848259 -0.0625659323 0.00100000001
v -0.0611848259 -0.0625659323 0.00400000006
v -0.0611848259 -0.0625659323 0.00899999976
v -0.06113657 -0.0572749996 0
v -0.06113657 -0.0572749996 0.00899999976
v -0.0612272358 -0.0571147394 0
v -0.0612272358 -0.0571147394 0.00899999976
v -0.0612272358 -0.0468852568 0
v -0.0612272358 -0.0468852568 0.00899999976
v -0.0610431147 -0.0465663481 0
v -0.0610431147 -0.0465663481 0.00899999976
v -0.0611848259 -0.0414340639 0
v -0.0611848259 -0.0414340639 0.00100000001
v -0.0611848259 -0.0414340639 0.00400000006
v -0.0611848259 -0.0414340639 0.00899999976
v -0.0610352707 -0.00336441606 0.00400000006
v -0.0612126732 -0.00341029525 0.04
v -0.0612358809 -0.00105172209 0.00100000001
v -0.0611818838 -0.00101028971 0.04
v -0.0611643744 -0.00099585779 0.00100000001
v -0.0610041428 -0.00083562389 0.04
v -0.0610041428 0.00083562389 0.00100000001
v -0.0611643744 0.00099585779 0.04
v -0.0611818838 0.00101028971 0.00100000001
v -0.0612358809 0.00105172209 0.04
v -0.0612126732 0.00341029525 0.00400000006
v -0.0610352707 0.00336441606 0.04
v -0.0611848259 0.0414340639 0
v -0.0611848259 0.0414340639 0.00100000001
v -0.0611848259 0.0414340639 0.00400000006
v -0.0611848259 0.0414340639 0.00899999976
v -0.06113657 0.0467250013 0
v -0.0610431147 0.0465663481 0.00899999976
v -0.0612272358 0.0468852568 0
v -0.0612272358 0.0468852568 0.00899999976
v -0.0612272358 0.0571147394 0
v -0.0612272358 0.0571147394 0.00899999976
v -0.0610431147 0.0574336529 0
v -0.06113657 0.0572749996 0.00899999976
v -0.0611848259 0.0625659323 0
v -0.0611848259 0.0625659323 0.00100000001
v -0.0611848259 0.0625659323 0.00400000006
v -0.0611848259 0.0625659323 0.00899999976
v -0.0608104849 -0.062880044 0
v -0.0608104849 -0.062880044 0.00100000001
v -0.0608104849 -0.062880044 0.00400000006
v -0.0608104849 -0.062880044 0.00899999976
v -0.0609990263 -0.0627246237 0
v -0.0609990263 -0.0627246237 0.00100000001
v -0.0609990263 -0.0627246237 0.00400000006
v -0.0609990263 -0.0627246237 0.00899999976
v -0.060946908 -0.0575906467 0
v -0.060946908 -0.0575906467 0.00899999976
v -0.0608479738 -0.0462540579 0
v -0.0608479738 -0.0462540579 0.00899999976
v -0.0609990263 -0.0412753773 0
v -0.0609990263 -0.0412753773 0.00100000001
v -0.0609990263 -0.0412753773 0.00400000006
v -0.0609990263 -0.0412753773 0.00899999976
v -0.0608104849 -0.041119957 0
v -0.0608104849 -0.041119957 0.00100000001
v -0.0608104849 -0.041119957 0.00400000006
v -0.0608104849 -0.041119957 0.00899999976
v -0.0608029318 -0.0032889241 0.00400000006
v -0.0609767008 -0.00334706664 0.04
v -0.0609897089 -0.000818116516 0.00100000001
v -0.0609482765 -0.000764120817 0.04
v -0.0609351015 -0.000745649338 0.00100000001
v -0.0608033419 -0.000507950485 0.04
v -0.0607946587 -0.000486988574 0.00100000001
v -0.0607503605 -0.000358328559 0.04
v -0.0607503605 0.000358328559 0.00100000001
v -0.0607946587 0.000486988574 0.04
v -0.0608033419 0.000507950485 0.00100000001
v -0.0609351015 0.000745649338 0.04
v -0.0609482765 0.000764120817 0.00100000001
v -0.0609897089 0.000818116516 0.04
v -0.0609767008 0.00334706664 0.00400000006
v -0.0608029318 0.0032889241 0.04
v -0.0608104849 0.041119957 0
v -0.0608104849 0.041119957 0.00100000001
v -0.0608104849 0.041119957 0.00400000006
v -0.0608104849 0.041119957 0.00899999976
v -0.0609990263 0.0412753773 0
v -0.0609990263 0.0412753773 0.00100000001
v -0.0609990263 0.0412753773 0.00400000006
v -0.0609990263 0.0412753773 0.00899999976
v -0.060946908 0.0464093494 0
v -0.0608479738 0.0462540579 0.00899999976
v -0.0608479738 0.0577459431 0
v -0.060946908 0.0575906467 0.00899999976
v -0.0609990263 0.0627246237 0
v -0.0609990263 0.0627246237 0.00100000001
v -0.0609990263 0.0627246237 0.00400000006
v -0.0609990263 0.0627246237 0.00899999976
v -0.0608104849 0.062880044 0
v -0.0608104849 0.062880044 0.00100000001
v -0.0608104849 0.062880044 0.00400000006
v -0.0608104849 0.062880044 0.00899999976
v -0.0606192589 -0.0630321503 0
v -0.0606192589 -0.0630321503 0.00100000001
v -0.0606192589 -0.0630321503 0.00400000006
v -0.0606192589 -0.0630321503 0.00899999976
v -0.0606420517 -0.0580512333 0
v -0.0606420517 -0.0580512333 0.00899999976
v -0.0607463455 -0.0578994846 0
v -0.0607463455 -0.0578994846 0.00899999976
v -0.0607463455 -0.0461005163 0
v -0.0607463455 -0.0461005163 0.00899999976
v -0.0605351305 -0.0457988644 0
v -0.0605351305 -0.0457988644 0.00899999976
v -0.0606192589 -0.0409678507 0
v -0.0606192589 -0.0409678507 0.00100000001
v -0.0606192589 -0.0409678507 0.00400000006
v -0.0606192589 -0.0409678507 0.00899999976
v -0.0607457113 -0.00326753139 0.00400000006
v -0.0607457113 -0.00326753139 0.04
v -0.0605208349 -0.00317207724 0.00400000006
v -0.0606888771 -0.00324514359 0.04
v -0.0607442951 -0.000336464755 0.00100000001
v -0.0607284069 -0.000270285197 0.04
v -0.0607238865 -0.000248051696 0.00100000001
v -0.0607001972 -2.26881285e-05 0.04
v -0.0607000017 0 0.00100000001
v -0.0607238865 0.000248051696 0.04
v -0.0607284069 0.000270285197 0.00100000001
v -0.0607442951 0.000336464755 0.04
v -0.0606888771 0.00324514359 0.00400000006
v -0.0605208349 0.00317207724 0.04
v -0.0607457113 0.00326753139 0.00400000006
v -0.0607457113 0.00326753139 0.04
v -0.0606192589 0.0409678507 0
v -0.0606192589 0.0409678507 0.00100000001
v -0.0606192589 0.0409678507 0.00400000006
v -0.0606192589 0.0409678507 0.00899999976
v -0.0606420517 0.0459487677 0
v -0.0605351305 0.0457988644 0.00899999976
v -0.0607463455 0.0461005163 0
v -0.0607463455 0.0461005163 0.00899999976
v -0.0607463455 0.0578994846 0
v -0.0607463455 0.0578994846 0.00899999976
v -0.0605351305 0.0582011366 0
v -0.0606420517 0.0580512333 0.00899999976
v -0.0606192589 0.0630321503 0
v -0.0606192589 0.0630321503 0.00100000001
v -0.0606192589 0.0630321503 0.00400000006
v -0.0606192589 0.0630321503 0.00899999976
v -0.0604254103 -0.0631808949 0
v -0.0604254103 -0.0631808949 0.00100000001
v -0.0604254103 -0.0631808949 0.00400000006
v -0.0604254103 -0.0631808949 0.00899999976
v -0.0604256058 -0.0583491468 0
v -0.0604256058 -0.0583491468 0.00899999976
v -0.0603135157 -0.0455047703 0
v -0.0603135157 -0.0455047703 0.00899999976
v -0.0604254103 -0.0408191013 0
v -0.0604254103 -0.0408191013 0.00100000001
v -0.0604254103 -0.0408191013 0.00400000006
v -0.0604254103 -0.0408191013 0.00899999976
v -0.060250001 -0.00303108901 0.00400000006
v -0.060465703 -0.00314577907 0.04
v -0.060465703 0.00314577907 0.00400000006
v -0.060250001 0.00303108901 0.04
v -0.0604254103 0.0408191013 0
v -0.0604254103 0.0408191013 0.00100000001
v -0.0604254103 0.0408191013 0.00400000006
v -0.0604254103 0.0408191013 0.00899999976
v -0.0604256058 0.0456508493 0
v -0.0603135157 0.0455047703 0.00899999976
v -0.0603135157 0.0584952307 0
v -0.0604256058 0.0583491468 0.00899999976
v -0.0604254103 0.0631808949 0
v -0.0604254103 0.0631808949 0.00100000001
v -0.0604254103 0.0631808949 0.00400000006
v -0.0604254103 0.0631808949 0.00899999976
v -0.0600300694 -0.0634681273 0
v -0.0602289915 -0.0633262396 0.00100000001
v -0.0602289915 -0.0633262396 0.00400000006
v -0.0600300694 -0.0634681273 0.00899999976
v -0.060081768 -0.0587814093 0
v -0.060081768 -0.0587814093 0.00899999976
v -0.0601988888 -0.0586393309 0
v -0.0601988888 -0.0586393309 0.00899999976
v -0.0601988888 -0.0453606701 0
v -0.0601988888 -0.0453606701 0.00899999976
v -0.060081768 -0.0452185917 0
v -0.060081768 -0.0452185917 0.00899999976
v -0.0602289915 -0.0406737614 0
v -0.0600300694 -0.0405318737 0.00100000001
v -0.0600300694 -0.0405318737 0.00400000006
v -0.0602289915 -0.0406737614 0.00899999976
v -0.0601973677 -0.00300008565 0.00400000006
v -0.0601973677 -0.00300008565 0.04
v -0.0600428247 -0.00290163159 0.00400000006
v -0.0601452827 -0.00296816826 0.04
v -0.0601452827 0.00296816826 0.00400000006
v -0.0600428247 0.00290163159 0.04
v -0.0601973677 0.00300008565 0.00400000006
v -0.0601973677 0.00300008565 0.04
v -0.0600300694 0.0405318737 0
v -0.0602289915 0.0406737614 0.00100000001
v -0.0602289915 0.0406737614 0.00400000006
v -0.0602289915 0.0406737614 0.00899999976
v -0.060081768 0.0452185917 0
v -0.060081768 0.0452185917 0.00899999976
v -0.0601988888 0.0453606701 0
v -0.0601988888 0.0453606701 0.00899999976
v -0.0601988888 0.0586393309 0
v -0.0601988888 0.0586393309 0.00899999976
v -0.060081768 0.0587814093 0
v -0.060081768 0.0587814093 0.00899999976
v -0.0602289915 0.0633262396 0
v -0.0600300694 0.0634681273 0.00100000001
v -0.0600300694 0.0634681273 0.00400000006
v -0.0600300694 0.0634681273 0.00899999976
v -0.059828701 -0.0636065245 0
v -0.059828701 -0.0636065245 0.00100000001
v -0.059828701 -0.0636065245 0.00400000006
v -0.059828701 -0.0636065245 0.00899999976
v -0.0598401785 -0.059059329 0
v -0.0598401785 -0.059059329 0.00899999976
v -0.0599621868 -0.058921423 0
v -0.0599621868 -0.058921423 0.00899999976
v -0.0599621868 -0.045078578 0
v -0.0599621868 -0.045078578 0.00899999976
v -0.0598401785 -0.0449406719 0
v -0.0598401785 -0.0449406719 0.00899999976
v -0.059828701 -0.0403934717 0
v -0.059828701 -0.0403934717 0.00100000001
v -0.059828701 -0.0403934717 0.00400000006
v -0.059828701 -0.0403934717 0.00899999976
v -0.0598451853 -0.00275803775 0.00400000006
v -0.0599924803 -0.00286703229 0.04
v -0.0597502422 -0.0026811555 0.00400000006
v -0.0597973776 -0.00272001088 0.04
v -0.0597973776 0.00272001088 0.00400000006
v -0.0597502422 0.0026811555 0.04
v -0.0599924803 0.00286703229 0.00400000006
v -0.0598451853 0.00275803775 0.04
v -0.059828701 0.0403934717 0
v -0.059828701 0.0403934717 0.00100000001
v -0.059828701 0.0403934717 0.00400000006
v -0.059828701 0.0403934717 0.00899999976
v -0.0598401785 0.0449406719 0
v -0.0598401785 0.0449406719 0.00899999976
v -0.0599621868 0.045078578 0
v -0.0599621868 0.045078578 0.00899999976
v -0.0599621868 0.058921423 0
v -0.0599621868 0.058921423 0.00899999976
v -0.0598401785 0.059059329 0
v -0.0598401785 0.059059329 0.00899999976
v -0.059828701 0.0636065245 0
v -0.059828701 0.0636065245 0.00100000001
v -0.059828701 0.0636065245 0.00400000006
v -0.059828701 0.0636065245 0.00899999976
v -0.0596249485 -0.0637413883 0
v -0.0596249485 -0.0637413883 0.00100000001
v -0.0596249485 -0.0637413883 0.00400000006
v -0.0596249485 -0.0637413883 0.00899999976
v -0.0595890331 -0.0593286467 0
v -0.0595890331 -0.0593286467 0.00899999976
v -0.0597157812 -0.0591950846 0
v -0.0597157812 -0.0591950846 0.00899999976
v -0.0597157812 -0.0448049164 0
v -0.0597157812 -0.0448049164 0.00899999976
v -0.0595890331 -0.0446713543 0
v -0.0595890331 -0.0446713543 0.00899999976
v -0.0596249485 -0.0402586126 0
v -0.0596249485 -0.0402586126 0.00100000001
v -0.0596249485 -0.0402586126 0.00400000006
v -0.0596249485 -0.0402586126 0.00899999976
v -0.059568696 -0.00251768917 0.00400000006
v -0.0597037935 -0.00264148355 0.04
v -0.0595251274 -0.00247487366 0.00400000006
v -0.0595251274 -0.00247487366 0.04
v -0.0595251274 0.00247487366 0.00400000006
v -0.0595251274 0.00247487366 0.04
v -0.0597037935 0.00264148355 0.00400000006
v -0.059568696 0.00251768917 0.04
v -0.0596249485 0.0402586126 0
v -0.0596249485 0.0402586126 0.00100000001
v -0.0596249485 0.0402586126 0.00400000006
v -0.0596249485 0.0402586126 0.00899999976
v -0.0595890331 0.0446713543 0
v -0.0595890331 0.0446713543 0.00899999976
v -0.0597157812 0.0448049164 0
v -0.0597157812 0.0448049164 0.00899999976
v -0.0597157812 0.0591950846 0
v -0.0597157812 0.0591950846 0.00899999976
v -0.0595890331 0.0593286467 0
v -0.0595890331 0.0593286467 0.00899999976
v -0.0596249485 0.0637413883 0
v -0.0596249485 0.0637413883 0.00100000001
v -0.0596249485 0.0637413883 0.00400000006
v -0.0596249485 0.0637413883 0.00899999976
v -0.059418869 -0.0638726711 0
v -0.059418869 -0.0638726711 0.00100000001
v -0.059418869 -0.0638726711 0.00400000006
v -0.059418869 -0.0638726711 0.00899999976
v -0.0593286467 -0.0595890331 0
v -0.0593286467 -0.0595890331 0.00899999976
v -0.0594599771 -0.0594599771 0
v -0.0594599771 -0.0594599771 0.00899999976
v -0.0594599771 -0.0445400238 0
v -0.0594599771 -0.0445400238 0.00899999976
v -0.0593286467 -0.0444109631 0
v -0.0593286467 -0.0444109631 0.00899999976
v -0.059418869 -0.0401273251 0
v -0.059418869 -0.0401273251 0.00100000001
v -0.059418869 -0.0401273251 0.00400000006
v -0.059418869 -0.0401273251 0.00899999976
v -0.0593585157 -0.00229620665 0.00400000006
v -0.0594823122 -0.00243130431 0.04
v -0.0592799902 -0.0022026214 0.00400000006
v -0.0593188429 -0.0022497566 0.04
v -0.0593188429 0.0022497566 0.00400000006
v -0.0592799902 0.0022026214 0.04
v -0.0594823122 0.00243130431 0.00400000006
v -0.0593585157 0.00229620665 0.04
v -0.059418869 0.0401273251 0
v -0.059418869 0.0401273251 0.00100000001
v -0.059418869 0.0401273251 0.00400000006
v -0.059418869 0.0401273251 0.00899999976
v -0.0593286467 0.0444109631 0
v -0.0593286467 0.0444109631 0.00899999976
v -0.0594599771 0.0445400238 0
v -0.0594599771 0.0445400238 0.00899999976
v -0.0594599771 0.0594599771 0
v -0.0594599771 0.0594599771 0.00899999976
v -0.0593286467 0.0595890331 0
v -0.0593286467 0.0595890331 0.00899999976
v -0.059418869 0.0638726711 0
v -0.059418869 0.0638726711 0.00100000001
v -0.059418869 0.0638726711 0.00400000006
v -0.059418869 0.0638726711 0.00899999976
v -0.059000001 -0.0641243553 0
v -0.0592105341 -0.0640003443 0.00100000001
v -0.0592105341 -0.0640003443 0.00400000006
v -0.059000001 -0.0641243553 0.00899999976
v -0.059059329 -0.0598401785 0
v -0.059059329 -0.0598401785 0.00899999976
v -0.0591950846 -0.0597157812 0
v -0.0591950846 -0.0597157812 0.00899999976
v -0.0591950846 -0.0442842197 0
v -0.0591950846 -0.0442842197 0.00899999976
v -0.059059329 -0.0441598225 0
v -0.059059329 -0.0441598225 0.00899999976
v -0.0592105341 -0.0399996567 0
v -0.059000001 -0.0398756433 0.00100000001
v -0.059000001 -0.0398756433 0.00400000006
v -0.0592105341 -0.0399996567 0.00899999976
v -0.059132967 -0.00200751752 0.00400000006
v -0.0592419624 -0.0021548152 0.04
v -0.0590318298 -0.00185471743 0.00400000006
v -0.0590983677 -0.00195717514 0.04
v -0.0590983677 0.00195717514 0.00400000006
v -0.0590318298 0.00185471743 0.04
v -0.0592419624 0.0021548152 0.00400000006
v -0.059132967 0.00200751752 0.04
v -0.059000001 0.0398756433 0
v -0.0592105341 0.0399996567 0.00100000001
v -0.0592105341 0.0399996567 0.00400000006
v -0.0592105341 0.0399996567 0.00899999976
v -0.059059329 0.0441598225 0
v -0.059059329 0.0441598225 0.00899999976
v -0.0591950846 0.0442842197 0
v -0.0591950846 0.0442842197 0.00899999976
v -0.0591950846 0.0597157812 0
v -0.0591950846 0.0597157812 0.00899999976
v -0.059059329 0.0598401785 0
v -0.059059329 0.0598401785 0.00899999976
v -0.0592105341 0.0640003443 0
v -0.059000001 0.0641243553 0.00100000001
v -0.059000001 0.0641243553 0.00400000006
v -0.059000001 0.0641243553 0.00899999976
v -0.0587873363 -0.0642446756 0
v -0.0587873363 -0.0642446756 0.00100000001
v -0.0587873363 -0.0642446756 0.00400000006
v -0.0587873363 -0.0642446756 0.00899999976
v -0.0587814093 -0.060081768 0
v -0.0587814093 -0.060081768 0.00899999976
v -0.058921423 -0.0599621868 0
v -0.058921423 -0.0599621868 0.00899999976
v -0.058921423 -0.0440378141 0
v -0.058921423 -0.0440378141 0.00899999976
v -0.0587814093 -0.0439182329 0
v -0.0587814093 -0.0439182329 0.00899999976
v -0.0587873363 -0.0397553229 0
v -0.0587873363 -0.0397553229 0.00100000001
v -0.0587873363 -0.0397553229 0.00400000006
v -0.0587873363 -0.0397553229 0.00899999976
v -0.0589999151 -0.00180263326 0.00400000006
v -0.0589999151 -0.00180263326 0.04
v -0.0588542223 -0.00153429896 0.00400000006
v -0.0589689112 -0.00174999997 0.04
v -0.0587548542 -0.00131112307 0.00400000006
v -0.0588279247 -0.00147916391 0.04
v -0.0588279247 0.00147916391 0.00400000006
v -0.0587548542 0.00131112307 0.04
v -0.0589689112 0.00174999997 0.00400000006
v -0.0588542223 0.00153429896 0.04
v -0.0589999151 0.00180263326 0.00400000006
v -0.0589999151 0.00180263326 0.04
v -0.0587873363 0.0397553229 0
v -0.0587873363 0.0397553229 0.00100000001
v -0.0587873363 0.0397553229 0.00400000006
v -0.0587873363 0.0397553229 0.00899999976
v -0.0587814093 0.0439182329 0
v -0.0587814093 0.0439182329 0.00899999976
v -0.058921423 0.0440378141 0
v -0.058921423 0.0440378141 0.00899999976
v -0.058921423 0.0599621868 0
v -0.058921423 0.0599621868 0.00899999976
v -0.0587814093 0.060081768 0
v -0.0587814093 0.060081768 0.00899999976
v -0.0587873363 0.0642446756 0
v -0.0587873363 0.0642446756 0.00100000001
v -0.0587873363 0.0642446756 0.00400000006
v -0.0587873363 0.0642446756 0.00899999976
v -0.0585726023 -0.0643612671 0
v -0.0585726023 -0.0643612671 0.00100000001
v -0.0585726023 -0.0643612671 0.00400000006
v -0.0585726023 -0.0643612671 0.00899999976
v -0.0586393309 -0.0601988888 0
v -0.0586393309 -0.0601988888 0.00899999976
v -0.0586393309 -0.0438011122 0
v -0.0586393309 -0.0438011122 0.00899999976
v -0.0585726023 -0.0396387339 0
v -0.0585726023 -0.0396387339 0.00100000001
v -0.0585726023 -0.0396387339 0.00400000006
v -0.0585726023 -0.0396387339 0.00899999976
v -0.0587324667 -0.00125428781 0.00400000006
v -0.0587324667 -0.00125428781 0.04
v -0.058652935 -0.00102330096 0.00400000006
v -0.0587110758 -0.00119707048 0.04
v -0.0585897064 -0.000787328705 0.00400000006
v -0.0586355829 -0.000964730754 0.04
v -0.0585430908 -0.00054752063 0.00400000006
v -0.0585764837 -0.000727690905 0.04
v -0.0585133171 -0.000305045098 0.00400000006
v -0.0585340595 -0.000487105846 0.04
v -0.0585005331 -6.1083422e-05 0.00400000006
v -0.0585085249 -0.000244147666 0.04
v -0.0585085249 0.000244147666 0.00400000006
v -0.0585005331 6.1083422e-05 0.04
v -0.0585340595 0.000487105846 0.00400000006
v -0.0585133171 0.000305045098 0.04
v -0.0585764837 0.000727690905 0.00400000006
v -0.0585430908 0.00054752063 0.04
v -0.0586355829 0.000964730754 0.00400000006
v -0.0585897064 0.000787328705 0.04
v -0.0587110758 0.00119707048 0.00400000006
v -0.058652935 0.00102330096 0.04
v -0.0587324667 0.00125428781 0.00400000006
v -0.0587324667 0.00125428781 0.04
v -0.0585726023 0.0396387339 0
v -0.0585726023 0.0396387339 0.00100000001
v -0.0585726023 0.0396387339 0.00400000006
v -0.0585726023 0.0396387339 0.00899999976
v -0.0586393309 0.0438011122 0
v -0.0586393309 0.0438011122 0.00899999976
v -0.0586393309 0.0601988888 0
v -0.0586393309 0.0601988888 0.00899999976
v -0.0585726023 0.0643612671 0
v -0.0585726023 0.0643612671 0.00100000001
v -0.0585726023 0.0643612671 0.00400000006
v -0.0585726023 0.0643612671 0.00899999976
v -0.0583558655 -0.0644740915 0
v -0.0583558655 -0.0644740915 0.00100000001
v -0.0583558655 -0.0644740915 0.00400000006
v -0.0583558655 -0.0644740915 0.00899999976
v -0.0584952307 -0.0603135157 0
v -0.0584952307 -0.0603135157 0.00899999976
v -0.0583491468 -0.0435743952 0
v -0.0583491468 -0.0435743952 0.00899999976
v -0.0583558655 -0.0395259094 0
v -0.0583558655 -0.0395259094 0.00100000001
v -0.0583558655 -0.0395259094 0.00400000006
v -0.0583558655 -0.0395259094 0.00899999976
v -0.058499999 0 0.00400000006
v -0.058499999 0 0.04
v -0.0583558655 0.0395259094 0
v -0.0583558655 0.0395259094 0.00100000001
v -0.0583558655 0.0395259094 0.00400000006
v -0.0583558655 0.0395259094 0.00899999976
v -0.0584952307 0.0436864853 0
v -0.0583491468 0.0435743952 0.00899999976
v -0.0583491468 0.0604256058 0
v -0.0584952307 0.0603135157 0.00899999976
v -0.0583558655 0.0644740915 0
v -0.0583558655 0.0644740915 0.00100000001
v -0.0583558655 0.0644740915 0.00400000006
v -0.0583558655 0.0644740915 0.00899999976
v -0.0581371975 -0.0645831156 0
v -0.0581371975 -0.0645831156 0.00100000001
v -0.0581371975 -0.0645831156 0.00400000006
v -0.0581371975 -0.0645831156 0.00899999976
v -0.0582011366 -0.0605351305 0
v -0.0582011366 -0.0605351305 0.00899999976
v -0.0580512333 -0.0433579445 0
v -0.0580512333 -0.0433579445 0.00899999976
v -0.0581371975 -0.039416883 0
v -0.0581371975 -0.039416883 0.00100000001
v -0.0581371975 -0.039416883 0.00400000006
v -0.0581371975 -0.039416883 0.00899999976
v -0.0581371975 0.039416883 0
v -0.0581371975 0.039416883 0.00100000001
v -0.0581371975 0.039416883 0.00400000006
v -0.0581371975 0.039416883 0.00899999976
v -0.0582011366 0.0434648705 0
v -0.0580512333 0.0433579445 0.00899999976
v -0.0580512333 0.0606420517 0
v -0.0582011366 0.0605351305 0.00899999976
v -0.0581371975 0.0645831156 0
v -0.0581371975 0.0645831156 0.00100000001
v -0.0581371975 0.0645831156 0.00400000006
v -0.0581371975 0.0645831156 0.00899999976
v -0.0579166555 -0.0646883106 0
v -0.0579166555 -0.0646883106 0.00100000001
v -0.0579166555 -0.0646883106 0.00400000006
v -0.0579166555 -0.0646883106 0.00899999976
v -0.0578994846 -0.0607463455 0
v -0.0578994846 -0.0607463455 0.00899999976
v -0.0578994846 -0.0432536554 0
v -0.0578994846 -0.0432536554 0.00899999976
v -0.0579166555 -0.0393116903 0
v -0.0579166555 -0.0393116903 0.00100000001
v -0.0579166555 -0.0393116903 0.00400000006
v -0.0579166555 -0.0393116903 0.00899999976
v -0.0579166555 0.0393116903 0
v -0.0579166555 0.0393116903 0.00100000001
v -0.0579166555 0.0393116903 0.00400000006
v -0.0579166555 0.0393116903 0.00899999976
v -0.0578994846 0.0432536554 0
v -0.0578994846 0.0432536554 0.00899999976
v -0.0578994846 0.0607463455 0
v -0.0578994846 0.0607463455 0.00899999976
v -0.0579166555 0.0646883106 0
v -0.0579166555 0.0646883106 0.00100000001
v -0.0579166555 0.0646883106 0.00400000006
v -0.0579166555 0.0646883106 0.00899999976
v -0.0576274157 -0.069000001 0.00400000006
v -0.0576274157 -0.069000001 0.00699999988
v -0.0576943111 -0.0647896385 0
v -0.0576943111 -0.0647896385 0.00100000001
v -0.0576943111 -0.0647896385 0.00400000006
v -0.0576943111 -0.0647896385 0.00899999976
v -0.0577459431 -0.0608479738 0
v -0.0577459431 -0.0608479738 0.00899999976
v -0.0575906467 -0.043053093 0
v -0.0575906467 -0.043053093 0.00899999976
v -0.0576943111 -0.0392103624 0
v -0.0576943111 -0.0392103624 0.00100000001
v -0.0576943111 -0.0392103624 0.00400000006
v -0.0576943111 -0.0392103624 0.00899999976
v -0.0576943111 0.0392103624 0
v -0.0576943111 0.0392103624 0.00100000001
v -0.0576943111 0.0392103624 0.00400000006
v -0.0576943111 0.0392103624 0.00899999976
v -0.0577459431 0.0431520271 0
v -0.0575906467 0.043053093 0.00899999976
v -0.0575906467 0.060946908 0
v -0.0577459431 0.0608479738 0.00899999976
v -0.0576943111 0.0647896385 0
v -0.0576943111 0.0647896385 0.00100000001
v -0.0576943111 0.0647896385 0.00400000006
v -0.0576943111 0.0647896385 0.00899999976
v -0.0576274157 0.069000001 0.00400000006
v -0.0576274157 0.069000001 0.00699999988
v -0.0574702358 -0.0648870659 0
v -0.0574702358 -0.0648870659 0.00100000001
v -0.0574702358 -0.0648870659 0.00400000006
v -0.0574702358 -0.0648870659 0.00899999976
v -0.0574336529 -0.0610431147 0
v -0.0574336529 -0.0610431147 0.00899999976
v -0.0572749996 -0.042863431 0
v -0.0572749996 -0.042863431 0.00899999976
v -0.0574702358 -0.0391129327 0
v -0.0574702358 -0.0391129327 0.00100000001
v -0.0574702358 -0.0391129327 0.00400000006
v -0.0574702358 -0.0391129327 0.00899999976
v -0.0574702358 0.0391129327 0
v -0.0574702358 0.0391129327 0.00100000001
v -0.0574702358 0.0391129327 0.00400000006
v -0.0574702358 0.0391129327 0.00899999976
v -0.0574336529 0.0429568863 0
v -0.0572749996 0.042863431 0.00899999976
v -0.0572749996 0.06113657 0
v -0.0574336529 0.0610431147 0.00899999976
v -0.0574702358 0.0648870659 0
v -0.0574702358 0.0648870659 0.00100000001
v -0.0574702358 0.0648870659 0.00400000006
v -0.0574702358 0.0648870659 0.00899999976
v -0.0570171499 -0.0650701237 0
v -0.0570171499 -0.0650701237 0.00100000001
v -0.0570171499 -0.0650701237 0.00400000006
v -0.0570171499 -0.0650701237 0.00899999976
v -0.0572444916 -0.0649805737 0
v -0.0572444916 -0.0649805737 0.00100000001
v -0.0572444916 -0.0649805737 0.00400000006
v -0.0572444916 -0.0649805737 0.00899999976
v -0.0571147394 -0.0612272358 0
v -0.0571147394 -0.0612272358 0.00899999976
v -0.0571147394 -0.0427727604 0
v -0.0571147394 -0.0427727604 0.00899999976
v -0.0572444916 -0.0390194249 0
v -0.0572444916 -0.0390194249 0.00100000001
v -0.0572444916 -0.0390194249 0.00400000006
v -0.0572444916 -0.0390194249 0.00899999976
v -0.0570171499 -0.0389298749 0
v -0.0570171499 -0.0389298749 0.00100000001
v -0.0570171499 -0.0389298749 0.00400000006
v -0.0570171499 -0.0389298749 0.00899999976
v -0.0570171499 0.0389298749 0
v -0.0570171499 0.0389298749 0.00100000001
v -0.0570171499 0.0389298749 0.00400000006
v -0.0570171499 0.0389298749 0.00899999976
v -0.0572444916 0.0390194249 0
v -0.0572444916 0.0390194249 0.00100000001
v -0.0572444916 0.0390194249 0.00400000006
v -0.0572444916 0.0390194249 0.00899999976
v -0.0571147394 0.0427727604 0
v -0.0571147394 0.0427727604 0.00899999976
v -0.0571147394 0.0612272358 0
v -0.0571147394 0.0612272358 0.00899999976
v -0.0572444916 0.0649805737 0
v -0.0572444916 0.0649805737 0.00100000001
v -0.0572444916 0.0649805737 0.00400000006
v -0.0572444916 0.0649805737 0.00899999976
v -0.0570171499 0.0650701237 0
v -0.0570171499 0.0650701237 0.00100000001
v -0.0570171499 0.0650701237 0.00400000006
v -0.0570171499 0.0650701237 0.00899999976
v -0.0567882824 -0.0651556969 0
v -0.0567882824 -0.0651556969 0.00100000001
v -0.0567882824 -0.0651556969 0.00400000006
v -0.0567882824 -0.0651556969 0.00899999976
v -0.0569529247 -0.0613150978 0
v -0.0569529247 -0.0613150978 0.00899999976
v -0.0567895985 -0.0425998831 0
v -0.0567895985 -0.0425998831 0.00899999976
v -0.0567882824 -0.0388443041 0
v -0.0567882824 -0.0388443041 0.00100000001
v -0.0567882824 -0.0388443041 0.00400000006
v -0.0567882824 -0.0388443041 0.00899999976
v -0.0567882824 0.0388443041 0
v -0.0567882824 0.0388443041 0.00100000001
v -0.0567882824 0.0388443041 0.00400000006
v -0.0567882824 0.0388443041 0.00899999976
v -0.0569529247 0.0426849031 0
v -0.0567895985 0.0425998831 0.00899999976
v -0.0567895985 0.0614001179 0
v -0.0569529247 0.0613150978 0.00899999976
v -0.0567882824 0.0651556969 0
v -0.0567882824 0.0651556969 0.00100000001
v -0.0567882824 0.0651556969 0.00400000006
v -0.0567882824 0.0651556969 0.00899999976
v -0.0565579557 -0.0652372599 0
v -0.0565579557 -0.0652372599 0.00100000001
v -0.0565579557 -0.0652372599 0.00400000006
v -0.0565579557 -0.0652372599 0.00899999976
v -0.0566248178 -0.0614822769 0
v -0.0566248178 -0.0614822769 0.00899999976
v -0.0566248178 -0.042517724 0
v -0.0566248178 -0.042517724 0.00899999976
v -0.0565579557 -0.0387627411 0
v -0.0565579557 -0.0387627411 0.00100000001
v -0.0565579557 -0.0387627411 0.00400000006
v -0.0565579557 -0.0387627411 0.00899999976
v -0.0565579557 0.0387627411 0
v -0.0565579557 0.0387627411 0.00100000001
v -0.0565579557 0.0387627411 0.00400000006
v -0.0565579557 0.0387627411 0.00899999976
v -0.0566248178 0.042517724 0
v -0.0566248178 0.042517724 0.00899999976
v -0.0566248178 0.0614822769 0
v -0.0566248178 0.0614822769 0.00899999976
v -0.0565579557 0.0652372599 0
v -0.0565579557 0.0652372599 0.00100000001
v -0.0565579557 0.0652372599 0.00400000006
v -0.0565579557 0.0652372599 0.00899999976
v -0.0563262367 -0.0653147936 0
v -0.0563262367 -0.0653147936 0.00100000001
v -0.0563262367 -0.0653147936 0.00400000006
v -0.0563262367 -0.0653147936 0.00899999976
v -0.056458621 -0.0615615463 0
v -0.056458621 -0.0615615463 0.00899999976
v -0.05629107 -0.0423620939 0
v -0.05629107 -0.0423620939 0.00899999976
v -0.0563262367 -0.0386852098 0
v -0.0563262367 -0.0386852098 0.00100000001
v -0.0563262367 -0.0386852098 0.00400000006
v -0.0563262367 -0.0386852098 0.00899999976
v -0.0563262367 0.0386852098 0
v -0.0563262367 0.0386852098 0.00100000001
v -0.0563262367 0.0386852098 0.00400000006
v -0.0563262367 0.0386852098 0.00899999976
v -0.056458621 0.0424384546 0
v -0.05629107 0.0423620939 0.00899999976
v -0.05629107 0.0616379023 0
v -0.056458621 0.0615615463 0.00899999976
v -0.0563262367 0.0653147936 0
v -0.0563262367 0.0653147936 0.00100000001
v -0.0563262367 0.0653147936 0.00400000006
v -0.0563262367 0.0653147936 0.00899999976
v -0.0560932016 -0.0653882647 0
v -0.0560932016 -0.0653882647 0.00100000001
v -0.0560932016 -0.0653882647 0.00400000006
v -0.0560932016 -0.0653882647 0.00899999976
v -0.0561222124 -0.0617113256 0
v -0.0561222124 -0.0617113256 0.00899999976
v -0.0561222124 -0.0422886753 0
v -0.0561222124 -0.0422886753 0.00899999976
v -0.0560932016 -0.0386117339 0
v -0.0560932016 -0.0386117339 0.00100000001
v -0.0560932016 -0.0386117339 0.00400000006
v -0.0560932016 -0.0386117339 0.00899999976
v -0.0560932016 0.0386117339 0
v -0.0560932016 0.0386117339 0.00100000001
v -0.0560932016 0.0386117339 0.00400000006
v -0.0560932016 0.0386117339 0.00899999976
v -0.0561222124 0.0422886753 0
v -0.0561222124 0.0422886753 0.00899999976
v -0.0561222124 0.0617113256 0
v -0.0561222124 0.0617113256 0.00899999976
v -0.0560932016 0.0653882647 0
v -0.0560932016 0.0653882647 0.00100000001
v -0.0560932016 0.0653882647 0.00400000006
v -0.0560932016 0.0653882647 0.00899999976
v -0.055858922 -0.0654576635 0
v -0.055858922 -0.0654576635 0.00100000001
v -0.055858922 -0.0654576635 0.00400000006
v -0.055858922 -0.0654576635 0.00899999976
v -0.0559521008 -0.0617817879 0
v -0.0559521008 -0.0617817879 0.00899999976
v -0.0557807827 -0.0421507263 0
v -0.0557807827 -0.0421507263 0.00899999976
v -0.055858922 -0.0385423374 0
v -0.055858922 -0.0385423374 0.00100000001
v -0.055858922 -0.0385423374 0.00400000006
v -0.055858922 -0.0385423374 0.00899999976
v -0.055858922 0.0385423374 0
v -0.055858922 0.0385423374 0.00100000001
v -0.055858922 0.0385423374 0.00400000006
v -0.055858922 0.0385423374 0.00899999976
v -0.0559521008 0.0422182083 0
v -0.0557807827 0.0421507263 0.00899999976
v -0.0557807827 0.0618492746 0
v -0.0559521008 0.0617817879 0.00899999976
v -0.055858922 0.0654576635 0
v -0.055858922 0.0654576635 0.00100000001
v -0.055858922 0.0654576635 0.00400000006
v -0.055858922 0.0654576635 0.00899999976
v -0.0556234646 -0.0655229616 0
v -0.0556234646 -0.0655229616 0.00100000001
v -0.0556234646 -0.0655229616 0.00400000006
v -0.0556234646 -0.0655229616 0.00899999976
v -0.0556083107 -0.0619137573 0
v -0.0556083107 -0.0619137573 0.00899999976
v -0.0556083107 -0.0420862436 0
v -0.0556083107 -0.0420862436 0.00899999976
v -0.0556234646 -0.0384770393 0
v -0.0556234646 -0.0384770393 0.00100000001
v -0.0556234646 -0.0384770393 0.00400000006
v -0.0556234646 -0.0384770393 0.00899999976
v -0.0556234646 0.0384770393 0
v -0.0556234646 0.0384770393 0.00100000001
v -0.0556234646 0.0384770393 0.00400000006
v -0.0556234646 0.0384770393 0.00899999976
v -0.0556083107 0.0420862436 0
v -0.0556083107 0.0420862436 0.00899999976
v -0.0556083107 0.0619137573 0
v -0.0556083107 0.0619137573 0.00899999976
v -0.0556234646 0.0655229616 0
v -0.0556234646 0.0655229616 0.00100000001
v -0.0556234646 0.0655229616 0.00400000006
v -0.0556234646 0.0655229616 0.00899999976
v -0.0553869057 -0.0655841398 0
v -0.0553869057 -0.0655841398 0.00100000001
v -0.0553869057 -0.0655841398 0.00400000006
v -0.0553869057 -0.0655841398 0.00899999976
v -0.055260129 -0.0620336485 0
v -0.055260129 -0.0620336485 0.00899999976
v -0.055434742 -0.0619752216 0
v -0.055434742 -0.0619752216 0.00899999976
v -0.055434742 -0.0420247793 0
v -0.055434742 -0.0420247793 0.00899999976
v -0.055260129 -0.0419663525 0
v -0.055260129 -0.0419663525 0.00899999976
v -0.0553869057 -0.0384158587 0
v -0.0553869057 -0.0384158587 0.00100000001
v -0.0553869057 -0.0384158587 0.00400000006
v -0.0553869057 -0.0384158587 0.00899999976
v -0.0553869057 0.0384158587 0
v -0.0553869057 0.0384158587 0.00100000001
v -0.0553869057 0.0384158587 0.00400000006
v -0.0553869057 0.0384158587 0.00899999976
v -0.055260129 0.0419663525 0
v -0.055260129 0.0419663525 0.00899999976
v -0.055434742 0.0420247793 0
v -0.055434742 0.0420247793 0.00899999976
v -0.055434742 0.0619752216 0
v -0.055434742 0.0619752216 0.00899999976
v -0.055260129 0.0620336485 0
v -0.055260129 0.0620336485 0.00899999976
v -0.0553869057 0.0655841398 0
v -0.0553869057 0.0655841398 0.00100000001
v -0.0553869057 0.0655841398 0.00400000006
v -0.0553869057 0.0655841398 0.00899999976
v -0.0551493168 -0.0656411791 0
v -0.0551493168 -0.0656411791 0.00100000001
v -0.0551493168 -0.0656411791 0.00400000006
v -0.0551493168 -0.0656411791 0.00899999976
v -0.0550845194 -0.0620890141 0
v -0.0550845194 -0.0620890141 0.00899999976
v -0.0550845194 -0.0419109869 0
v -0.0550845194 -0.0419109869 0.00899999976
v -0.0551493168 -0.0383588195 0
v -0.0551493168 -0.0383588195 0.00100000001
v -0.0551493168 -0.0383588195 0.00400000006
v -0.0551493168 -0.0383588195 0.00899999976
v -0.0551493168 0.0383588195 0
v -0.0551493168 0.0383588195 0.00100000001
v -0.0551493168 0.0383588195 0.00400000006
v -0.0551493168 0.0383588195 0.00899999976
v -0.0550845194 0.0419109869 0
v -0.0550845194 0.0419109869 0.00899999976
v -0.0550845194 0.0620890141 0
v -0.0550845194 0.0620890141 0.00899999976
v -0.0551493168 0.0656411791 0
v -0.0551493168 0.0656411791 0.00100000001
v -0.0551493168 0.0656411791 0.00400000006
v -0.0551493168 0.0656411791 0.00899999976
v -0.0549107647 -0.0656940651 0
v -0.0549107647 -0.0656940651 0.00100000001
v -0.0549107647 -0.0656940651 0.00400000006
v -0.0549107647 -0.0656940651 0.00899999976
v -0.0549079752 -0.0621413088 0
v -0.0549079752 -0.0621413088 0.00899999976
v -0.0549079752 -0.0418586874 0
v -0.0549079752 -0.0418586874 0.00899999976
v -0.0549107647 -0.0383059335 0
v -0.0549107647 -0.0383059335 0.00100000001
v -0.0549107647 -0.0383059335 0.00400000006
v -0.0549107647 -0.0383059335 0.00899999976
v -0.0549107647 0.0383059335 0
v -0.0549107647 0.0383059335 0.00100000001
v -0.0549107647 0.0383059335 0.00400000006
v -0.0549107647 0.0383059335 0.00899999976
v -0.0549079752 0.0418586874 0
v -0.0549079752 0.0418586874 0.00899999976
v -0.0549079752 0.0621413088 0
v -0.0549079752 0.0621413088 0.00899999976
v -0.0549107647 0.0656940651 0
v -0.0549107647 0.0656940651 0.00100000001
v -0.0549107647 0.0656940651 0.00400000006
v -0.0549107647 0.0656940651 0.00899999976
v -0.0546274185 -0.0719999981 0.00100000001
v -0.0546274185 -0.0719999981 0.00699999988
v -0.0546713257 -0.0657427788 0
v -0.0546713257 -0.0657427788 0.00100000001
v -0.0546713257 -0.0657427788 0.00400000006
v -0.0546713257 -0.0657427788 0.00899999976
v -0.0547305393 -0.0621905184 0
v -0.0547305393 -0.0621905184 0.00899999976
v -0.0545522738 -0.041763382 0
v -0.0545522738 -0.041763382 0.00899999976
v -0.0546713257 -0.0382572198 0
v -0.0546713257 -0.0382572198 0.00100000001
v -0.0546713257 -0.0382572198 0.00400000006
v -0.0546713257 -0.0382572198 0.00899999976
v -0.0546713257 0.0382572198 0
v -0.0546713257 0.0382572198 0.00100000001
v -0.0546713257 0.0382572198 0.00400000006
v -0.0546713257 0.0382572198 0.00899999976
v -0.0547305393 0.0418094826 0
v -0.0545522738 0.041763382 0.00899999976
v -0.0545522738 0.062236619 0
v -0.0547305393 0.0621905184 0.00899999976
v -0.0546713257 0.0657427788 0
v -0.0546713257 0.0657427788 0.00100000001
v -0.0546713257 0.0657427788 0.00400000006
v -0.0546713257 0.0657427788 0.00899999976
v -0.0546274185 0.0719999981 0.00100000001
v -0.0546274185 0.0719999981 0.00699999988
v -0.054431076 -0.0657873106 0
v -0.054431076 -0.0657873106 0.00100000001
v -0.054431076 -0.0657873106 0.00400000006
v -0.054431076 -0.0657873106 0.00899999976
v -0.0543732357 -0.0622796059 0
v -0.0543732357 -0.0622796059 0.00899999976
v -0.0543732357 -0.0417203951 0
v -0.0543732357 -0.0417203951 0.00899999976
v -0.054431076 -0.0382126904 0
v -0.054431076 -0.0382126904 0.00100000001
v -0.054431076 -0.0382126904 0.00400000006
v -0.054431076 -0.0382126904 0.00899999976
v -0.054431076 0.0382126904 0
v -0.054431076 0.0382126904 0.00100000001
v -0.054431076 0.0382126904 0.00400000006
v -0.054431076 0.0382126904 0.00899999976
v -0.0543732357 0.0417203951 0
v -0.0543732357 0.0417203951 0.00899999976
v -0.0543732357 0.0622796059 0
v -0.0543732357 0.0622796059 0.00899999976
v -0.054431076 0.0657873106 0
v -0.054431076 0.0657873106 0.00100000001
v -0.054431076 0.0657873106 0.00400000006
v -0.054431076 0.0657873106 0.00899999976
v -0.0541900826 -0.0658276367 0
v -0.0541900826 -0.0658276367 0.00100000001
v -0.0541900826 -0.0658276367 0.00400000006
v -0.0541900826 -0.0658276367 0.00899999976
v -0.0541934681 -0.0623194551 0
v -0.0541934681 -0.0623194551 0.00899999976
v -0.0540130329 -0.0416438341 0
v -0.0540130329 -0.0416438341 0.00899999976
v -0.0541900826 -0.0381723642 0
v -0.0541900826 -0.0381723642 0.00100000001
v -0.0541900826 -0.0381723642 0.00400000006
v -0.0541900826 -0.0381723642 0.00899999976
v -0.0541900826 0.0381723642 0
v -0.0541900826 0.0381723642 0.00100000001
v -0.0541900826 0.0381723642 0.00400000006
v -0.0541900826 0.0381723642 0.00899999976
v -0.0541934681 0.041680541 0
v -0.0540130329 0.0416438341 0.00899999976
v -0.0540130329 0.0623561668 0
v -0.0541934681 0.0623194551 0.00899999976
v -0.0541900826 0.0658276367 0
v -0.0541900826 0.0658276367 0.00100000001
v -0.0541900826 0.0658276367 0.00400000006
v -0.0541900826 0.0658276367 0.00899999976
v -0.0539484215 -0.0658637524 0
v -0.0539484215 -0.0658637524 0.00100000001
v -0.0539484215 -0.0658637524 0.00400000006
v -0.0539484215 -0.0658637524 0.00899999976
v -0.0538319874 -0.0623897219 0
v -0.0538319874 -0.0623897219 0.00899999976
v -0.0538319874 -0.0416102791 0
v -0.0538319874 -0.0416102791 0.00899999976
v -0.0539484215 -0.0381362462 0
v -0.0539484215 -0.0381362462 0.00100000001
v -0.0539484215 -0.0381362462 0.00400000006
v -0.0539484215 -0.0381362462 0.00899999976
v -0.0539484215 0.0381362462 0
v -0.0539484215 0.0381362462 0.00100000001
v -0.0539484215 0.0381362462 0.00400000006
v -0.0539484215 0.0381362462 0.00899999976
v -0.0538319874 0.0416102791 0
v -0.0538319874 0.0416102791 0.00899999976
v -0.0538319874 0.0623897219 0
v -0.0538319874 0.0623897219 0.00899999976
v -0.0539484215 0.0658637524 0
v -0.0539484215 0.0658637524 0.00100000001
v -0.0539484215 0.0658637524 0.00400000006
v -0.0539484215 0.0658637524 0.00899999976
v -0.0537061691 -0.065895648 0
v -0.0537061691 -0.065895648 0.00100000001
v -0.0537061691 -0.065895648 0.00400000006
v -0.0537061691 -0.065895648 0.00899999976
v -0.0536503839 -0.0624201107 0
v -0.0536503839 -0.0624201107 0.00899999976
v -0.0536503839 -0.0415798903 0
v -0.0536503839 -0.0415798903 0.00899999976
v -0.0537061691 -0.038104353 0
v -0.0537061691 -0.038104353 0.00100000001
v -0.0537061691 -0.038104353 0.00400000006
v -0.0537061691 -0.038104353 0.00899999976
v -0.0537061691 0.038104353 0
v -0.0537061691 0.038104353 0.00100000001
v -0.0537061691 0.038104353 0.00400000006
v -0.0537061691 0.038104353 0.00899999976
v -0.0536503839 0.0415798903 0
v -0.0536503839 0.0415798903 0.00899999976
v -0.0536503839 0.0624201107 0
v -0.0536503839 0.0624201107 0.00899999976
v -0.0537061691 0.065895648 0
v -0.0537061691 0.065895648 0.00100000001
v -0.0537061691 0.065895648 0.00400000006
v -0.0537061691 0.065895648 0.00899999976
v -0.053463397 -0.0659233046 0
v -0.053463397 -0.0659233046 0.00100000001
v -0.053463397 -0.0659233046 0.00400000006
v -0.053463397 -0.0659233046 0.00899999976
v -0.0534682751 -0.0624473286 0
v -0.0534682751 -0.0624473286 0.00899999976
v -0.0532857227 -0.0415286398 0
v -0.0532857227 -0.0415286398 0.00899999976
v -0.053463397 -0.038076694 0
v -0.053463397 -0.038076694 0.00100000001
v -0.053463397 -0.038076694 0.00400000006
v -0.053463397 -0.038076694 0.00899999976
v -0.053463397 0.038076694 0
v -0.053463397 0.038076694 0.00100000001
v -0.053463397 0.038076694 0.00400000006
v -0.053463397 0.038076694 0.00899999976
v -0.0534682751 0.0415526724 0
v -0.0532857227 0.0415286398 0.00899999976
v -0.0532857227 0.0624713612 0
v -0.0534682751 0.0624473286 0.00899999976
v -0.053463397 0.0659233046 0
v -0.053463397 0.0659233046 0.00100000001
v -0.053463397 0.0659233046 0.00400000006
v -0.053463397 0.0659233046 0.00899999976
v -0.0532201815 -0.0659467268 0
v -0.0532201815 -0.0659467268 0.00100000001
v -0.0532201815 -0.0659467268 0.00400000006
v -0.0532201815 -0.0659467268 0.00899999976
v -0.0531027746 -0.0624922037 0
v -0.0531027746 -0.0624922037 0.00899999976
v -0.0531027746 -0.0415077925 0
v -0.0531027746 -0.0415077925 0.00899999976
v -0.0532201815 -0.0380532742 0
v -0.0532201815 -0.0380532742 0.00100000001
v -0.0532201815 -0.0380532742 0.00400000006
v -0.0532201815 -0.0380532742 0.00899999976
v -0.0532201815 0.0380532742 0
v -0.0532201815 0.0380532742 0.00100000001
v -0.0532201815 0.0380532742 0.00400000006
v -0.0532201815 0.0380532742 0.00899999976
v -0.0531027746 0.0415077925 0
v -0.0531027746 0.0415077925 0.00899999976
v -0.0531027746 0.0624922037 0
v -0.0531027746 0.0624922037 0.00899999976
v -0.0532201815 0.0659467268 0
v -0.0532201815 0.0659467268 0.00100000001
v -0.0532201815 0.0659467268 0.00400000006
v -0.0532201815 0.0659467268 0.00899999976
v -0.0529765892 -0.0659658957 0
v -0.0529765892 -0.0659658957 0.00100000001
v -0.0529765892 -0.0659658957 0.00400000006
v -0.0529765892 -0.0659658957 0.00899999976
v -0.0529194927 -0.0625098562 0
v -0.0529194927 -0.0625098562 0.00899999976
v -0.0529194927 -0.0414901447 0
v -0.0529194927 -0.0414901447 0.00899999976
v -0.0529765892 -0.0380341029 0
v -0.0529765892 -0.0380341029 0.00100000001
v -0.0529765892 -0.0380341029 0.00400000006
v -0.0529765892 -0.0380341029 0.00899999976
v -0.0529765892 0.0380341029 0
v -0.0529765892 0.0380341029 0.00100000001
v -0.0529765892 0.0380341029 0.00400000006
v -0.0529765892 0.0380341029 0.00899999976
v -0.0529194927 0.0414901447 0
v -0.0529194927 0.0414901447 0.00899999976
v -0.0529194927 0.0625098562 0
v -0.0529194927 0.0625098562 0.00899999976
v -0.0529765892 0.0659658957 0
v -0.0529765892 0.0659658957 0.00100000001
v -0.0529765892 0.0659658957 0.00400000006
v -0.0529765892 0.0659658957 0.00899999976
v -0.0527327013 -0.0659808111 0
v -0.0527327013 -0.0659808111 0.00100000001
v -0.0527327013 -0.0659808111 0.00400000006
v -0.0527327013 -0.0659808111 0.00899999976
v -0.0527359295 -0.0625242996 0
v -0.0527359295 -0.0625242996 0.00899999976
v -0.0525521421 -0.0414644575 0
v -0.0525521421 -0.0414644575 0.00899999976
v -0.0527327013 -0.0380191875 0
v -0.0527327013 -0.0380191875 0.00100000001
v -0.0527327013 -0.0380191875 0.00400000006
v -0.0527327013 -0.0380191875 0.00899999976
v -0.0527327013 0.0380191875 0
v -0.0527327013 0.0380191875 0.00100000001
v -0.0527327013 0.0380191875 0.00400000006
v -0.0527327013 0.0380191875 0.00899999976
v -0.0527359295 0.0414757013 0
v -0.0525521421 0.0414644575 0.00899999976
v -0.0525521421 0.0625355434 0
v -0.0527359295 0.0625242996 0.00899999976
v -0.0527327013 0.0659808111 0
v -0.0527327013 0.0659808111 0.00100000001
v -0.0527327013 0.0659808111 0.00400000006
v -0.0527327013 0.0659808111 0.00899999976
v -0.0524885941 -0.0659914732 0
v -0.0524885941 -0.0659914732 0.00100000001
v -0.0524885941 -0.0659914732 0.00400000006
v -0.0524885941 -0.0659914732 0.00899999976
v -0.0523681879 -0.0625435734 0
v -0.0523681879 -0.0625435734 0.00899999976
v -0.0523681879 -0.0414564276 0
v -0.0523681879 -0.0414564276 0.00899999976
v -0.0524885941 -0.0380085278 0
v -0.0524885941 -0.0380085278 0.00100000001
v -0.0524885941 -0.0380085278 0.00400000006
v -0.0524885941 -0.0380085278 0.00899999976
v -0.0524885941 0.0380085278 0
v -0.0524885941 0.0380085278 0.00100000001
v -0.0524885941 0.0380085278 0.00400000006
v -0.0524885941 0.0380085278 0.00899999976
v -0.0523681879 0.0414564276 0
v -0.0523681879 0.0414564276 0.00899999976
v -0.0523681879 0.0625435734 0
v -0.0523681879 0.0625435734 0.00899999976
v -0.0524885941 0.0659914732 0
v -0.0524885941 0.0659914732 0.00100000001
v -0.0524885941 0.0659914732 0.00400000006
v -0.0524885941 0.0659914732 0.00899999976
v -0.0522443342 -0.0659978676 0
v -0.0522443342 -0.0659978676 0.00100000001
v -0.0522443342 -0.0659978676 0.00400000006
v -0.0522443342 -0.0659978676 0.00899999976
v -0.052184124 -0.0625483942 0
v -0.052184124 -0.0625483942 0.00899999976
v -0.052184124 -0.0414516068 0
v -0.052184124 -0.0414516068 0.00899999976
v -0.0522443342 -0.0380021334 0
v -0.0522443342 -0.0380021334 0.00100000001
v -0.0522443342 -0.0380021334 0.00400000006
v -0.0522443342 -0.0380021334 0.00899999976
v -0.0522443342 0.0380021334 0
v -0.0522443342 0.0380021334 0.00100000001
v -0.0522443342 0.0380021334 0.00400000006
v -0.0522443342 0.0380021334 0.00899999976
v -0.052184124 0.0414516068 0
v -0.052184124 0.0414516068 0.00899999976
v -0.052184124 0.0625483942 0
v -0.052184124 0.0625483942 0.00899999976
v -0.0522443342 0.0659978676 0
v -0.0522443342 0.0659978676 0.00100000001
v -0.0522443342 0.0659978676 0.00400000006
v -0.0522443342 0.0659978676 0.00899999976
v -0.0517556667 -0.0659978676 0
v -0.0519999981 -0.065999999 0.00100000001
v -0.0519999981 -0.065999999 0.00400000006
v -0.0517556667 -0.0659978676 0.00899999976
v -0.0519999981 -0.0625500011 0
v -0.0519999981 -0.0625500011 0.00899999976
v -0.051815877 -0.0414516068 0
v -0.051815877 -0.0414516068 0.00899999976
v -0.0517556667 -0.0380021334 0
v -0.0517556667 -0.0380021334 0.00100000001
v -0.0517556667 -0.0380021334 0.00400000006
v -0.0517556667 -0.0380021334 0.00899999976
v -0.0519999981 -0.0379999995 0
v -0.0519999981 -0.0379999995 0.00100000001
v -0.0519999981 -0.0379999995 0.00400000006
v -0.0519999981 -0.0379999995 0.00899999976
v -0.0519999981 0.0379999995 0
v -0.0519999981 0.0379999995 0.00100000001
v -0.0519999981 0.0379999995 0.00400000006
v -0.0519999981 0.0379999995 0.00899999976
v -0.0517556667 0.0380021334 0
v -0.0517556667 0.0380021334 0.00100000001
v -0.0517556667 0.0380021334 0.00400000006
v -0.0517556667 0.0380021334 0.00899999976
v -0.0519999981 0.0414499998 0
v -0.051815877 0.0414516068 0.00899999976
v -0.051815877 0.0625483942 0
v -0.0519999981 0.0625500011 0.00899999976
v -0.0519999981 0.065999999 0
v -0.0517556667 0.0659978676 0.00100000001
v -0.0517556667 0.0659978676 0.00400000006
v -0.0517556667 0.0659978676 0.00899999976
v -0.0515114069 -0.0659914732 0
v -0.0515114069 -0.0659914732 0.00100000001
v -0.0515114069 -0.0659914732 0.00400000006
v -0.0515114069 -0.0659914732 0.00899999976
v -0.0516318083 -0.0625435734 0
v -0.0516318083 -0.0625435734 0.00899999976
v -0.0516318083 -0.0414564276 0
v -0.0516318083 -0.0414564276 0.00899999976
v -0.0515114069 -0.0380085278 0
v -0.0515114069 -0.0380085278 0.00100000001
v -0.0515114069 -0.0380085278 0.00400000006
v -0.0515114069 -0.0380085278 0.00899999976
v -0.0515114069 0.0380085278 0
v -0.0515114069 0.0380085278 0.00100000001
v -0.0515114069 0.0380085278 0.00400000006
v -0.0515114069 0.0380085278 0.00899999976
v -0.0516318083 0.0414564276 0
v -0.0516318083 0.0414564276 0.00899999976
v -0.0516318083 0.0625435734 0
v -0.0516318083 0.0625435734 0.00899999976
v -0.0515114069 0.0659914732 0
v -0.0515114069 0.0659914732 0.00100000001
v -0.0515114069 0.0659914732 0.00400000006
v -0.0515114069 0.0659914732 0.00899999976
v -0.0512672949 -0.0659808111 0
v -0.0512672949 -0.0659808111 0.00100000001
v -0.0512672949 -0.0659808111 0.00400000006
v -0.0512672949 -0.0659808111 0.00899999976
v -0.051447854 -0.0625355434 0
v -0.051447854 -0.0625355434 0.00899999976
v -0.0512640715 -0.0414757013 0
v -0.0512640715 -0.0414757013 0.00899999976
v -0.0512672949 -0.0380191875 0
v -0.0512672949 -0.0380191875 0.00100000001
v -0.0512672949 -0.0380191875 0.00400000006
v -0.0512672949 -0.0380191875 0.00899999976
v -0.0512672949 0.0380191875 0
v -0.0512672949 0.0380191875 0.00100000001
v -0.0512672949 0.0380191875 0.00400000006
v -0.0512672949 0.0380191875 0.00899999976
v -0.051447854 0.0414644575 0
v -0.0512640715 0.0414757013 0.00899999976
v -0.0512640715 0.0625242996 0
v -0.051447854 0.0625355434 0.00899999976
v -0.0512672949 0.0659808111 0
v -0.0512672949 0.0659808111 0.00100000001
v -0.0512672949 0.0659808111 0.00400000006
v -0.0512672949 0.0659808111 0.00899999976
v -0.0510234118 -0.0659658957 0
v -0.0510234118 -0.0659658957 0.00100000001
v -0.0510234118 -0.0659658957 0.00400000006
v -0.0510234118 -0.0659658957 0.00899999976
v -0.0510805082 -0.0625098562 0
v -0.0510805082 -0.0625098562 0.00899999976
v -0.0510805082 -0.0414901447 0
v -0.0510805082 -0.0414901447 0.00899999976
v -0.0510234118 -0.0380341029 0
v -0.0510234118 -0.0380341029 0.00100000001
v -0.0510234118 -0.0380341029 0.00400000006
v -0.0510234118 -0.0380341029 0.00899999976
v -0.0510234118 0.0380341029 0
v -0.0510234118 0.0380341029 0.00100000001
v -0.0510234118 0.0380341029 0.00400000006
v -0.0510234118 0.0380341029 0.00899999976
v -0.0510805082 0.0414901447 0
v -0.0510805082 0.0414901447 0.00899999976
v -0.0510805082 0.0625098562 0
v -0.0510805082 0.0625098562 0.00899999976
v -0.0510234118 0.0659658957 0
v -0.0510234118 0.0659658957 0.00100000001
v -0.0510234118 0.0659658957 0.00400000006
v -0.0510234118 0.0659658957 0.00899999976
v -0.0507798195 -0.0659467268 0
v -0.0507798195 -0.0659467268 0.00100000001
v -0.0507798195 -0.0659467268 0.00400000006
v -0.0507798195 -0.0659467268 0.00899999976
v -0.0508972263 -0.0624922037 0
v -0.0508972263 -0.0624922037 0.00899999976
v -0.0508972263 -0.0415077925 0
v -0.0508972263 -0.0415077925 0.00899999976
v -0.0507798195 -0.0380532742 0
v -0.0507798195 -0.0380532742 0.00100000001
v -0.0507798195 -0.0380532742 0.00400000006
v -0.0507798195 -0.0380532742 0.00899999976
v -0.0507798195 0.0380532742 0
v -0.0507798195 0.0380532742 0.00100000001
v -0.0507798195 0.0380532742 0.00400000006
v -0.0507798195 0.0380532742 0.00899999976
v -0.0508972263 0.0415077925 0
v -0.0508972263 0.0415077925 0.00899999976
v -0.0508972263 0.0624922037 0
v -0.0508972263 0.0624922037 0.00899999976
v -0.0507798195 0.0659467268 0
v -0.0507798195 0.0659467268 0.00100000001
v -0.0507798195 0.0659467268 0.00400000006
v -0.0507798195 0.0659467268 0.00899999976
v -0.0505365992 -0.0659233046 0
v -0.0505365992 -0.0659233046 0.00100000001
v -0.0505365992 -0.0659233046 0.00400000006
v -0.0505365992 -0.0659233046 0.00899999976
v -0.0507142782 -0.0624713612 0
v -0.0507142782 -0.0624713612 0.00899999976
v -0.0505317259 -0.0415526724 0
v -0.0505317259 -0.0415526724 0.00899999976
v -0.0505365992 -0.038076694 0
v -0.0505365992 -0.038076694 0.00100000001
v -0.0505365992 -0.038076694 0.00400000006
v -0.0505365992 -0.038076694 0.00899999976
v -0.0505365992 0.038076694 0
v -0.0505365992 0.038076694 0.00100000001
v -0.0505365992 0.038076694 0.00400000006
v -0.0505365992 0.038076694 0.00899999976
v -0.0507142782 0.0415286398 0
v -0.0505317259 0.0415526724 0.00899999976
v -0.0505317259 0.0624473286 0
v -0.0507142782 0.0624713612 0.00899999976
v -0.0505365992 0.0659233046 0
v -0.0505365992 0.0659233046 0.00100000001
v -0.0505365992 0.0659233046 0.00400000006
v -0.0505365992 0.0659233046 0.00899999976
v -0.0502938271 -0.065895648 0
v -0.0502938271 -0.065895648 0.00100000001
v -0.0502938271 -0.065895648 0.00400000006
v -0.0502938271 -0.065895648 0.00899999976
v -0.050349617 -0.0624201107 0
v -0.050349617 -0.0624201107 0.00899999976
v -0.050349617 -0.0415798903 0
v -0.050349617 -0.0415798903 0.00899999976
v -0.0502938271 -0.038104353 0
v -0.0502938271 -0.038104353 0.00100000001
v -0.0502938271 -0.038104353 0.00400000006
v -0.0502938271 -0.038104353 0.00899999976
v -0.0502938271 0.038104353 0
v -0.0502938271 0.038104353 0.00100000001
v -0.0502938271 0.038104353 0.00400000006
v -0.0502938271 0.038104353 0.00899999976
v -0.050349617 0.0415798903 0
v -0.050349617 0.0415798903 0.00899999976
v -0.050349617 0.0624201107 0
v -0.050349617 0.0624201107 0.00899999976
v -0.0502938271 0.065895648 0
v -0.0502938271 0.065895648 0.00100000001
v -0.0502938271 0.065895648 0.00400000006
v -0.0502938271 0.065895648 0.00899999976
v -0.0500515747 -0.0658637524 0
v -0.0500515747 -0.0658637524 0.00100000001
v -0.0500515747 -0.0658637524 0.00400000006
v -0.0500515747 -0.0658637524 0.00899999976
v -0.0501680136 -0.0623897219 0
v -0.0501680136 -0.0623897219 0.00899999976
v -0.0501680136 -0.0416102791 0
v -0.0501680136 -0.0416102791 0.00899999976
v -0.0500515747 -0.0381362462 0
v -0.0500515747 -0.0381362462 0.00100000001
v -0.0500515747 -0.0381362462 0.00400000006
v -0.0500515747 -0.0381362462 0.00899999976
v -0.0500515747 0.0381362462 0
v -0.0500515747 0.0381362462 0.00100000001
v -0.0500515747 0.0381362462 0.00400000006
v -0.0500515747 0.0381362462 0.00899999976
v -0.0501680136 0.0416102791 0
v -0.0501680136 0.0416102791 0.00899999976
v -0.0501680136 0.0623897219 0
v -0.0501680136 0.0623897219 0.00899999976
v -0.0500515747 0.0658637524 0
v -0.0500515747 0.0658637524 0.00100000001
v -0.0500515747 0.0658637524 0.00400000006
v -0.0500515747 0.0658637524 0.00899999976
v -0.0498099184 -0.0658276367 0
v -0.0498099184 -0.0658276367 0.00100000001
v -0.0498099184 -0.0658276367 0.00400000006
v -0.0498099184 -0.0658276367 0.00899999976
v -0.0499869633 -0.0623561668 0
v -0.0499869633 -0.0623561668 0.00899999976
v -0.0498065329 -0.041680541 0
v -0.0498065329 -0.041680541 0.00899999976
v -0.0498099184 -0.0381723642 0
v -0.0498099184 -0.0381723642 0.00100000001
v -0.0498099184 -0.0381723642 0.00400000006
v -0.0498099184 -0.0381723642 0.00899999976
v -0.05 -0.005 0.00100000001
v -0.05 -0.005 0.00400000006
v -0.05 0.005 0.00100000001
v -0.05 0.005 0.00400000006
v -0.0498099184 0.0381723642 0
v -0.0498099184 0.0381723642 0.00100000001
v -0.0498099184 0.0381723642 0.00400000006
v -0.0498099184 0.0381723642 0.00899999976
v -0.0499869633 0.0416438341 0
v -0.0498065329 0.041680541 0.00899999976
v -0.0498065329 0.0623194551 0
v -0.0499869633 0.0623561668 0.00899999976
v -0.0498099184 0.0658276367 0
v -0.0498099184 0.0658276367 0.00100000001
v -0.0498099184 0.0658276367 0.00400000006
v -0.0498099184 0.0658276367 0.00899999976
v -0.0495689249 -0.0657873106 0
v -0.0495689249 -0.0657873106 0.00100000001
v -0.0495689249 -0.0657873106 0.00400000006
v -0.0495689249 -0.0657873106 0.00899999976
v -0.0496267653 -0.0622796059 0
v -0.0496267653 -0.0622796059 0.00899999976
v -0.0496267653 -0.0417203951 0
v -0.0496267653 -0.0417203951 0.00899999976
v -0.0495689249 -0.0382126904 0
v -0.0495689249 -0.0382126904 0.00100000001
v -0.0495689249 -0.0382126904 0.00400000006
v -0.0495689249 -0.0382126904 0.00899999976
v -0.0495958376 -0.0346051741 0.00100000001
v -0.0495958376 -0.0346051741 0.00400000006
v -0.0495958376 0.0346051741 0.00100000001
v -0.0495958376 0.0346051741 0.00400000006
v -0.0495689249 0.0382126904 0
v -0.0495689249 0.0382126904 0.00100000001
v -0.0495689249 0.0382126904 0.00400000006
v -0.0495689249 0.0382126904 0.00899999976
v -0.0496267653 0.0417203951 0
v -0.0496267653 0.0417203951 0.00899999976
v -0.0496267653 0.0622796059 0
v -0.0496267653 0.0622796059 0.00899999976
v -0.0495689249 0.0657873106 0
v -0.0495689249 0.0657873106 0.00100000001
v -0.0495689249 0.0657873106 0.00400000006
v -0.0495689249 0.0657873106 0.00899999976
v -0.0493286753 -0.0657427788 0
v -0.0493286753 -0.0657427788 0.00100000001
v -0.0493286753 -0.0657427788 0.00400000006
v -0.0493286753 -0.0657427788 0.00899999976
v -0.0494477224 -0.062236619 0
v -0.0494477224 -0.062236619 0.00899999976
v -0.0492694569 -0.0418094826 0
v -0.0492694569 -0.0418094826 0.00899999976
v -0.0493286753 -0.0382572198 0
v -0.0493286753 -0.0382572198 0.00100000001
v -0.0493286753 -0.0382572198 0.00400000006
v -0.0493286753 -0.0382572198 0.00899999976
v -0.0493286753 0.0382572198 0
v -0.0493286753 0.0382572198 0.00100000001
v -0.0493286753 0.0382572198 0.00400000006
v -0.0493286753 0.0382572198 0.00899999976
v -0.0494477224 0.041763382 0
v -0.0492694569 0.0418094826 0.00899999976
v -0.0492694569 0.0621905184 0
v -0.0494477224 0.062236619 0.00899999976
v -0.0493286753 0.0657427788 0
v -0.0493286753 0.0657427788 0.00100000001
v -0.0493286753 0.0657427788 0.00400000006
v -0.0493286753 0.0657427788 0.00899999976
v -0.0490892363 -0.0656940651 0
v -0.0490892363 -0.0656940651 0.00100000001
v -0.0490892363 -0.0656940651 0.00400000006
v -0.0490892363 -0.0656940651 0.00899999976
v -0.0490920258 -0.0621413088 0
v -0.0490920258 -0.0621413088 0.00899999976
v -0.0490920258 -0.0418586874 0
v -0.0490920258 -0.0418586874 0.00899999976
v -0.0490892363 -0.0383059335 0
v -0.0490892363 -0.0383059335 0.00100000001
v -0.0490892363 -0.0383059335 0.00400000006
v -0.0490892363 -0.0383059335 0.00899999976
v -0.0490892363 0.0383059335 0
v -0.0490892363 0.0383059335 0.00100000001
v -0.0490892363 0.0383059335 0.00400000006
v -0.0490892363 0.0383059335 0.00899999976
v -0.0490920258 0.0418586874 0
v -0.0490920258 0.0418586874 0.00899999976
v -0.0490920258 0.0621413088 0
v -0.0490920258 0.0621413088 0.00899999976
v -0.0490892363 0.0656940651 0
v -0.0490892363 0.0656940651 0.00100000001
v -0.0490892363 0.0656940651 0.00400000006
v -0.0490892363 0.0656940651 0.00899999976
v -0.0488506842 -0.0656411791 0
v -0.0488506842 -0.0656411791 0.00100000001
v -0.0488506842 -0.0656411791 0.00400000006
v -0.0488506842 -0.0656411791 0.00899999976
v -0.0489154768 -0.0620890141 0
v -0.0489154768 -0.0620890141 0.00899999976
v -0.0489154768 -0.0419109869 0
v -0.0489154768 -0.0419109869 0.00899999976
v -0.0488506842 -0.0383588195 0
v -0.0488506842 -0.0383588195 0.00100000001
v -0.0488506842 -0.0383588195 0.00400000006
v -0.0488506842 -0.0383588195 0.00899999976
v -0.0488506842 0.0383588195 0
v -0.0488506842 0.0383588195 0.00100000001
v -0.0488506842 0.0383588195 0.00400000006
v -0.0488506842 0.0383588195 0.00899999976
v -0.0489154768 0.0419109869 0
v -0.0489154768 0.0419109869 0.00899999976
v -0.0489154768 0.0620890141 0
v -0.0489154768 0.0620890141 0.00899999976
v -0.0488506842 0.0656411791 0
v -0.0488506842 0.0656411791 0.00100000001
v -0.0488506842 0.0656411791 0.00400000006
v -0.0488506842 0.0656411791 0.00899999976
v -0.0486130953 -0.0655841398 0
v -0.0486130953 -0.0655841398 0.00100000001
v -0.0486130953 -0.0655841398 0.00400000006
v -0.0486130953 -0.0655841398 0.00899999976
v -0.048739872 -0.0620336485 0
v -0.048739872 -0.0620336485 0.00899999976
v -0.0485652542 -0.0619752216 0
v -0.0485652542 -0.0619752216 0.00899999976
v -0.0485652542 -0.0420247793 0
v -0.0485652542 -0.0420247793 0.00899999976
v -0.048739872 -0.0419663525 0
v -0.048739872 -0.0419663525 0.00899999976
v -0.0486130953 -0.0384158587 0
v -0.0486130953 -0.0384158587 0.00100000001
v -0.0486130953 -0.0384158587 0.00400000006
v -0.0486130953 -0.0384158587 0.00899999976
v -0.0486130953 0.0384158587 0
v -0.0486130953 0.0384158587 0.00100000001
v -0.0486130953 0.0384158587 0.00400000006
v -0.0486130953 0.0384158587 0.00899999976
v -0.048739872 0.0419663525 0
v -0.048739872 0.0419663525 0.00899999976
v -0.0485652542 0.0420247793 0
v -0.0485652542 0.0420247793 0.00899999976
v -0.0485652542 0.0619752216 0
v -0.0485652542 0.0619752216 0.00899999976
v -0.048739872 0.0620336485 0
v -0.048739872 0.0620336485 0.00899999976
v -0.0486130953 0.0655841398 0
v -0.0486130953 0.0655841398 0.00100000001
v -0.0486130953 0.0655841398 0.00400000006
v -0.0486130953 0.0655841398 0.00899999976
v -0.0483765316 -0.0655229616 0
v -0.0483765316 -0.0655229616 0.00100000001
v -0.0483765316 -0.0655229616 0.00400000006
v -0.0483765316 -0.0655229616 0.00899999976
v -0.0483916855 -0.0619137573 0
v -0.0483916855 -0.0619137573 0.00899999976
v -0.0483916855 -0.0420862436 0
v -0.0483916855 -0.0420862436 0.00899999976
v -0.0483765316 -0.0384770393 0
v -0.0483765316 -0.0384770393 0.00100000001
v -0.0483765316 -0.0384770393 0.00400000006
v -0.0483765316 -0.0384770393 0.00899999976
v -0.0483765316 0.0384770393 0
v -0.0483765316 0.0384770393 0.00100000001
v -0.0483765316 0.0384770393 0.00400000006
v -0.0483765316 0.0384770393 0.00899999976
v -0.0483916855 0.0420862436 0
v -0.0483916855 0.0420862436 0.00899999976
v -0.0483916855 0.0619137573 0
v -0.0483916855 0.0619137573 0.00899999976
v -0.0483765316 0.0655229616 0
v -0.0483765316 0.0655229616 0.00100000001
v -0.0483765316 0.0655229616 0.00400000006
v -0.0483765316 0.0655229616 0.00899999976
v -0.0481410789 -0.0654576635 0
v -0.0481410789 -0.0654576635 0.00100000001
v -0.0481410789 -0.0654576635 0.00400000006
v -0.0481410789 -0.0654576635 0.00899999976
v -0.0482192183 -0.0618492746 0
v -0.0482192183 -0.0618492746 0.00899999976
v -0.0480479002 -0.0422182083 0
v -0.0480479002 -0.0422182083 0.00899999976
v -0.0481410789 -0.0385423374 0
v -0.0481410789 -0.0385423374 0.00100000001
v -0.0481410789 -0.0385423374 0.00400000006
v -0.0481410789 -0.0385423374 0.00899999976
v -0.0481410789 0.0385423374 0
v -0.0481410789 0.0385423374 0.00100000001
v -0.0481410789 0.0385423374 0.00400000006
v -0.0481410789 0.0385423374 0.00899999976
v -0.0482192183 0.0421507263 0
v -0.0480479002 0.0422182083 0.00899999976
v -0.0480479002 0.0617817879 0
v -0.0482192183 0.0618492746 0.00899999976
v -0.0481410789 0.0654576635 0
v -0.0481410789 0.0654576635 0.00100000001
v -0.0481410789 0.0654576635 0.00400000006
v -0.0481410789 0.0654576635 0.00899999976
v -0.0479067945 -0.0653882647 0
v -0.0479067945 -0.0653882647 0.00100000001
v -0.0479067945 -0.0653882647 0.00400000006
v -0.0479067945 -0.0653882647 0.00899999976
v -0.0478777885 -0.0617113256 0
v -0.0478777885 -0.0617113256 0.00899999976
v -0.0478777885 -0.0422886753 0
v -0.0478777885 -0.0422886753 0.00899999976
v -0.0479067945 -0.0386117339 0
v -0.0479067945 -0.0386117339 0.00100000001
v -0.0479067945 -0.0386117339 0.00400000006
v -0.0479067945 -0.0386117339 0.00899999976
v -0.0479067945 0.0386117339 0
v -0.0479067945 0.0386117339 0.00100000001
v -0.0479067945 0.0386117339 0.00400000006
v -0.0479067945 0.0386117339 0.00899999976
v -0.0478777885 0.0422886753 0
v -0.0478777885 0.0422886753 0.00899999976
v -0.0478777885 0.0617113256 0
v -0.0478777885 0.0617113256 0.00899999976
v -0.0479067945 0.0653882647 0
v -0.0479067945 0.0653882647 0.00100000001
v -0.0479067945 0.0653882647 0.00400000006
v -0.0479067945 0.0653882647 0.00899999976
v -0.0476737642 -0.0653147936 0
v -0.0476737642 -0.0653147936 0.00100000001
v -0.0476737642 -0.0653147936 0.00400000006
v -0.0476737642 -0.0653147936 0.00899999976
v -0.0477089262 -0.0616379023 0
v -0.0477089262 -0.0616379023 0.00899999976
v -0.0475413752 -0.0424384546 0
v -0.0475413752 -0.0424384546 0.00899999976
v -0.0476737642 -0.0386852098 0
v -0.0476737642 -0.0386852098 0.00100000001
v -0.0476737642 -0.0386852098 0.00400000006
v -0.0476737642 -0.0386852098 0.00899999976
v -0.0476737642 0.0386852098 0
v -0.0476737642 0.0386852098 0.00100000001
v -0.0476737642 0.0386852098 0.00400000006
v -0.0476737642 0.0386852098 0.00899999976
v -0.0477089262 0.0423620939 0
v -0.0475413752 0.0424384546 0.00899999976
v -0.0475413752 0.0615615463 0
v -0.0477089262 0.0616379023 0.00899999976
v -0.0476737642 0.0653147936 0
v -0.0476737642 0.0653147936 0.00100000001
v -0.0476737642 0.0653147936 0.00400000006
v -0.0476737642 0.0653147936 0.00899999976
v -0.0474420452 -0.0652372599 0
v -0.0474420452 -0.0652372599 0.00100000001
v -0.0474420452 -0.0652372599 0.00400000006
v -0.0474420452 -0.0652372599 0.00899999976
v -0.0473751831 -0.0614822769 0
v -0.0473751831 -0.0614822769 0.00899999976
v -0.0473751831 -0.042517724 0
v -0.0473751831 -0.042517724 0.00899999976
v -0.0474420452 -0.0387627411 0
v -0.0474420452 -0.0387627411 0.00100000001
v -0.0474420452 -0.0387627411 0.00400000006
v -0.0474420452 -0.0387627411 0.00899999976
v -0.0474420452 0.0387627411 0
v -0.0474420452 0.0387627411 0.00100000001
v -0.0474420452 0.0387627411 0.00400000006
v -0.0474420452 0.0387627411 0.00899999976
v -0.0473751831 0.042517724 0
v -0.0473751831 0.042517724 0.00899999976
v -0.0473751831 0.0614822769 0
v -0.0473751831 0.0614822769 0.00899999976
v -0.0474420452 0.0652372599 0
v -0.0474420452 0.0652372599 0.00100000001
v -0.0474420452 0.0652372599 0.00400000006
v -0.0474420452 0.0652372599 0.00899999976
v -0.0472117186 -0.0651556969 0
v -0.0472117186 -0.0651556969 0.00100000001
v -0.0472117186 -0.0651556969 0.00400000006
v -0.0472117186 -0.0651556969 0.00899999976
v -0.0472104025 -0.0614001179 0
v -0.0472104025 -0.0614001179 0.00899999976
v -0.0470470762 -0.0426849031 0
v -0.0470470762 -0.0426849031 0.00899999976
v -0.0472117186 -0.0388443041 0
v -0.0472117186 -0.0388443041 0.00100000001
v -0.0472117186 -0.0388443041 0.00400000006
v -0.0472117186 -0.0388443041 0.00899999976
v -0.0472117186 0.0388443041 0
v -0.0472117186 0.0388443041 0.00100000001
v -0.0472117186 0.0388443041 0.00400000006
v -0.0472117186 0.0388443041 0.00899999976
v -0.0472104025 0.0425998831 0
v -0.0470470762 0.0426849031 0.00899999976
v -0.0470470762 0.0613150978 0
v -0.0472104025 0.0614001179 0.00899999976
v -0.0472117186 0.0651556969 0
v -0.0472117186 0.0651556969 0.00100000001
v -0.0472117186 0.0651556969 0.00400000006
v -0.0472117186 0.0651556969 0.00899999976
v -0.046982851 -0.0650701237 0
v -0.046982851 -0.0650701237 0.00100000001
v -0.046982851 -0.0650701237 0.00400000006
v -0.046982851 -0.0650701237 0.00899999976
v -0.0467555094 -0.0649805737 0
v -0.0467555094 -0.0649805737 0.00100000001
v -0.0467555094 -0.0649805737 0.00400000006
v -0.0467555094 -0.0649805737 0.00899999976
v -0.0468852568 -0.0612272358 0
v -0.0468852568 -0.0612272358 0.00899999976
v -0.0468852568 -0.0427727604 0
v -0.0468852568 -0.0427727604 0.00899999976
v -0.0467555094 -0.0390194249 0
v -0.0467555094 -0.0390194249 0.00100000001
v -0.0467555094 -0.0390194249 0.00400000006
v -0.0467555094 -0.0390194249 0.00899999976
v -0.046982851 -0.0389298749 0
v -0.046982851 -0.0389298749 0.00100000001
v -0.046982851 -0.0389298749 0.00400000006
v -0.046982851 -0.0389298749 0.00899999976
v -0.046982851 0.0389298749 0
v -0.046982851 0.0389298749 0.00100000001
v -0.046982851 0.0389298749 0.00400000006
v -0.046982851 0.0389298749 0.00899999976
v -0.0467555094 0.0390194249 0
v -0.0467555094 0.0390194249 0.00100000001
v -0.0467555094 0.0390194249 0.00400000006
v -0.0467555094 0.0390194249 0.00899999976
v -0.0468852568 0.0427727604 0
v -0.0468852568 0.0427727604 0.00899999976
v -0.0468852568 0.0612272358 0
v -0.0468852568 0.0612272358 0.00899999976
v -0.0467555094 0.0649805737 0
v -0.0467555094 0.0649805737 0.00100000001
v -0.0467555094 0.0649805737 0.00400000006
v -0.0467555094 0.0649805737 0.00899999976
v -0.046982851 0.0650701237 0
v -0.046982851 0.0650701237 0.00100000001
v -0.046982851 0.0650701237 0.00400000006
v -0.046982851 0.0650701237 0.00899999976
v -0.0465297651 -0.0648870659 0
v -0.0465297651 -0.0648870659 0.00100000001
v -0.0465297651 -0.0648870659 0.00400000006
v -0.0465297651 -0.0648870659 0.00899999976
v -0.0467250013 -0.06113657 0
v -0.0467250013 -0.06113657 0.00899999976
v -0.0465663481 -0.0429568863 0
v -0.0465663481 -0.0429568863 0.00899999976
v -0.0465297651 -0.0391129327 0
v -0.0465297651 -0.0391129327 0.00100000001
v -0.0465297651 -0.0391129327 0.00400000006
v -0.0465297651 -0.0391129327 0.00899999976
v -0.0465297651 0.0391129327 0
v -0.0465297651 0.0391129327 0.00100000001
v -0.0465297651 0.0391129327 0.00400000006
v -0.0465297651 0.0391129327 0.00899999976
v -0.0467250013 0.042863431 0
v -0.0465663481 0.0429568863 0.00899999976
v -0.0465663481 0.0610431147 0
v -0.0467250013 0.06113657 0.00899999976
v -0.0465297651 0.0648870659 0
v -0.0465297651 0.0648870659 0.00100000001
v -0.0465297651 0.0648870659 0.00400000006
v -0.0465297651 0.0648870659 0.00899999976
v -0.046305685 -0.0647896385 0
v -0.046305685 -0.0647896385 0.00100000001
v -0.046305685 -0.0647896385 0.00400000006
v -0.046305685 -0.0647896385 0.00899999976
v -0.0464093494 -0.060946908 0
v -0.0464093494 -0.060946908 0.00899999976
v -0.0462540579 -0.0431520271 0
v -0.0462540579 -0.0431520271 0.00899999976
v -0.046305685 -0.0392103624 0
v -0.046305685 -0.0392103624 0.00100000001
v -0.046305685 -0.0392103624 0.00400000006
v -0.046305685 -0.0392103624 0.00899999976
v -0.046305685 0.0392103624 0
v -0.046305685 0.0392103624 0.00100000001
v -0.046305685 0.0392103624 0.00400000006
v -0.046305685 0.0392103624 0.00899999976
v -0.0464093494 0.043053093 0
v -0.0462540579 0.0431520271 0.00899999976
v -0.0462540579 0.0608479738 0
v -0.0464093494 0.060946908 0.00899999976
v -0.046305685 0.0647896385 0
v -0.046305685 0.0647896385 0.00100000001
v -0.046305685 0.0647896385 0.00400000006
v -0.046305685 0.0647896385 0.00899999976
v -0.0460833454 -0.0646883106 0
v -0.0460833454 -0.0646883106 0.00100000001
v -0.0460833454 -0.0646883106 0.00400000006
v -0.0460833454 -0.0646883106 0.00899999976
v -0.0461005163 -0.0607463455 0
v -0.0461005163 -0.0607463455 0.00899999976
v -0.0461005163 -0.0432536554 0
v -0.0461005163 -0.0432536554 0.00899999976
v -0.0460833454 -0.0393116903 0
v -0.0460833454 -0.0393116903 0.00100000001
v -0.0460833454 -0.0393116903 0.00400000006
v -0.0460833454 -0.0393116903 0.00899999976
v -0.0460833454 0.0393116903 0
v -0.0460833454 0.0393116903 0.00100000001
v -0.0460833454 0.0393116903 0.00400000006
v -0.0460833454 0.0393116903 0.00899999976
v -0.0461005163 0.0432536554 0
v -0.0461005163 0.0432536554 0.00899999976
v -0.0461005163 0.0607463455 0
v -0.0461005163 0.0607463455 0.00899999976
v -0.0460833454 0.0646883106 0
v -0.0460833454 0.0646883106 0.00100000001
v -0.0460833454 0.0646883106 0.00400000006
v -0.0460833454 0.0646883106 0.00899999976
v -0.0458628035 -0.0645831156 0
v -0.0458628035 -0.0645831156 0.00100000001
v -0.0458628035 -0.0645831156 0.00400000006
v -0.0458628035 -0.0645831156 0.00899999976
v -0.0459487677 -0.0606420517 0
v -0.0459487677 -0.0606420517 0.00899999976
v -0.0457988644 -0.0434648705 0
v -0.0457988644 -0.0434648705 0.00899999976
v -0.0458628035 -0.039416883 0
v -0.0458628035 -0.039416883 0.00100000001
v -0.0458628035 -0.039416883 0.00400000006
v -0.0458628035 -0.039416883 0.00899999976
v -0.0458628035 0.039416883 0
v -0.0458628035 0.039416883 0.00100000001
v -0.0458628035 0.039416883 0.00400000006
v -0.0458628035 0.039416883 0.00899999976
v -0.0459487677 0.0433579445 0
v -0.0457988644 0.0434648705 0.00899999976
v -0.0457988644 0.0605351305 0
v -0.0459487677 0.0606420517 0.00899999976
v -0.0458628035 0.0645831156 0
v -0.0458628035 0.0645831156 0.00100000001
v -0.0458628035 0.0645831156 0.00400000006
v -0.0458628035 0.0645831156 0.00899999976
v -0.0456441307 -0.0644740915 0
v -0.0456441307 -0.0644740915 0.00100000001
v -0.0456441307 -0.0644740915 0.00400000006
v -0.0456441307 -0.0644740915 0.00899999976
v -0.0456508493 -0.0604256058 0
v -0.0456508493 -0.0604256058 0.00899999976
v -0.0455047703 -0.0436864853 0
v -0.0455047703 -0.0436864853 0.00899999976
v -0.0456441307 -0.0395259094 0
v -0.0456441307 -0.0395259094 0.00100000001
v -0.0456441307 -0.0395259094 0.00400000006
v -0.0456441307 -0.0395259094 0.00899999976
v -0.0456441307 0.0395259094 0
v -0.0456441307 0.0395259094 0.00100000001
v -0.0456441307 0.0395259094 0.00400000006
v -0.0456441307 0.0395259094 0.00899999976
v -0.0456508493 0.0435743952 0
v -0.0455047703 0.0436864853 0.00899999976
v -0.0455047703 0.0603135157 0
v -0.0456508493 0.0604256058 0.00899999976
v -0.0456441307 0.0644740915 0
v -0.0456441307 0.0644740915 0.00100000001
v -0.0456441307 0.0644740915 0.00400000006
v -0.0456441307 0.0644740915 0.00899999976
v -0.0454273987 -0.0643612671 0
v -0.0454273987 -0.0643612671 0.00100000001
v -0.0454273987 -0.0643612671 0.00400000006
v -0.0454273987 -0.0643612671 0.00899999976
v -0.0453606701 -0.0601988888 0
v -0.0453606701 -0.0601988888 0.00899999976
v -0.0453606701 -0.0438011122 0
v -0.0453606701 -0.0438011122 0.00899999976
v -0.0454273987 -0.0396387339 0
v -0.0454273987 -0.0396387339 0.00100000001
v -0.0454273987 -0.0396387339 0.00400000006
v -0.0454273987 -0.0396387339 0.00899999976
v -0.0454273987 0.0396387339 0
v -0.0454273987 0.0396387339 0.00100000001
v -0.0454273987 0.0396387339 0.00400000006
v -0.0454273987 0.0396387339 0.00899999976
v -0.0453606701 0.0438011122 0
v -0.0453606701 0.0438011122 0.00899999976
v -0.0453606701 0.0601988888 0
v -0.0453606701 0.0601988888 0.00899999976
v -0.0454273987 0.0643612671 0
v -0.0454273987 0.0643612671 0.00100000001
v -0.0454273987 0.0643612671 0.00400000006
v -0.0454273987 0.0643612671 0.00899999976
v -0.0452126646 -0.0642446756 0
v -0.0452126646 -0.0642446756 0.00100000001
v -0.0452126646 -0.0642446756 0.00400000006
v -0.0452126646 -0.0642446756 0.00899999976
v -0.0452185917 -0.060081768 0
v -0.0452185917 -0.060081768 0.00899999976
v -0.045078578 -0.0599621868 0
v -0.045078578 -0.0599621868 0.00899999976
v -0.045078578 -0.0440378141 0
v -0.045078578 -0.0440378141 0.00899999976
v -0.0452185917 -0.0439182329 0
v -0.0452185917 -0.0439182329 0.00899999976
v -0.0452126646 -0.0397553229 0
v -0.0452126646 -0.0397553229 0.00100000001
v -0.0452126646 -0.0397553229 0.00400000006
v -0.0452126646 -0.0397553229 0.00899999976
v -0.0452126646 0.0397553229 0
v -0.0452126646 0.0397553229 0.00100000001
v -0.0452126646 0.0397553229 0.00400000006
v -0.0452126646 0.0397553229 0.00899999976
v -0.0452185917 0.0439182329 0
v -0.0452185917 0.0439182329 0.00899999976
v -0.045078578 0.0440378141 0
v -0.045078578 0.0440378141 0.00899999976
v -0.045078578 0.0599621868 0
v -0.045078578 0.0599621868 0.00899999976
v -0.0452185917 0.060081768 0
v -0.0452185917 0.060081768 0.00899999976
v -0.0452126646 0.0642446756 0
v -0.0452126646 0.0642446756 0.00100000001
v -0.0452126646 0.0642446756 0.00400000006
v -0.0452126646 0.0642446756 0.00899999976
v -0.0447894669 -0.0640003443 0
v -0.045 -0.0641243553 0.00100000001
v -0.045 -0.0641243553 0.00400000006
v -0.0447894669 -0.0640003443 0.00899999976
v -0.0449406719 -0.0598401785 0
v -0.0449406719 -0.0598401785 0.00899999976
v -0.0448049164 -0.0597157812 0
v -0.0448049164 -0.0597157812 0.00899999976
v -0.0448049164 -0.0442842197 0
v -0.0448049164 -0.0442842197 0.00899999976
v -0.0449406719 -0.0441598225 0
v -0.0449406719 -0.0441598225 0.00899999976
v -0.045 -0.0398756433 0
v -0.0447894669 -0.0399996567 0.00100000001
v -0.0447894669 -0.0399996567 0.00400000006
v -0.045 -0.0398756433 0.00899999976
v -0.0447894669 0.0399996567 0
v -0.045 0.0398756433 0.00100000001
v -0.045 0.0398756433 0.00400000006
v -0.045 0.0398756433 0.00899999976
v -0.0449406719 0.0441598225 0
v -0.0449406719 0.0441598225 0.00899999976
v -0.0448049164 0.0442842197 0
v -0.0448049164 0.0442842197 0.00899999976
v -0.0448049164 0.0597157812 0
v -0.0448049164 0.0597157812 0.00899999976
v -0.0449406719 0.0598401785 0
v -0.0449406719 0.0598401785 0.00899999976
v -0.045 0.0641243553 0
v -0.0447894669 0.0640003443 0.00100000001
v -0.0447894669 0.0640003443 0.00400000006
v -0.0447894669 0.0640003443 0.00899999976
v -0.0445811319 -0.0638726711 0
v -0.0445811319 -0.0638726711 0.00100000001
v -0.0445811319 -0.0638726711 0.00400000006
v -0.0445811319 -0.0638726711 0.00899999976
v -0.0446713543 -0.0595890331 0
v -0.0446713543 -0.0595890331 0.00899999976
v -0.0445400238 -0.0594599771 0
v -0.0445400238 -0.0594599771 0.00899999976
v -0.0445400238 -0.0445400238 0
v -0.0445400238 -0.0445400238 0.00899999976
v -0.0446713543 -0.0444109631 0
v -0.0446713543 -0.0444109631 0.00899999976
v -0.0445811319 -0.0401273251 0
v -0.0445811319 -0.0401273251 0.00100000001
v -0.0445811319 -0.0401273251 0.00400000006
v -0.0445811319 -0.0401273251 0.00899999976
v -0.0445811319 0.0401273251 0
v -0.0445811319 0.0401273251 0.00100000001
v -0.0445811319 0.0401273251 0.00400000006
v -0.0445811319 0.0401273251 0.00899999976
v -0.0446713543 0.0444109631 0
v -0.0446713543 0.0444109631 0.00899999976
v -0.0445400238 0.0445400238 0
v -0.0445400238 0.0445400238 0.00899999976
v -0.0445400238 0.0594599771 0
v -0.0445400238 0.0594599771 0.00899999976
v -0.0446713543 0.0595890331 0
v -0.0446713543 0.0595890331 0.00899999976
v -0.0445811319 0.0638726711 0
v -0.0445811319 0.0638726711 0.00100000001
v -0.0445811319 0.0638726711 0.00400000006
v -0.0445811319 0.0638726711 0.00899999976
v -0.0443750525 -0.0637413883 0
v -0.0443750525 -0.0637413883 0.00100000001
v -0.0443750525 -0.0637413883 0.00400000006
v -0.0443750525 -0.0637413883 0.00899999976
v -0.0444109631 -0.0593286467 0
v -0.0444109631 -0.0593286467 0.00899999976
v -0.0442842197 -0.0591950846 0
v -0.0442842197 -0.0591950846 0.00899999976
v -0.0442842197 -0.0448049164 0
v -0.0442842197 -0.0448049164 0.00899999976
v -0.0444109631 -0.0446713543 0
v -0.0444109631 -0.0446713543 0.00899999976
v -0.0443750525 -0.0402586126 0
v -0.0443750525 -0.0402586126 0.00100000001
v -0.0443750525 -0.0402586126 0.00400000006
v -0.0443750525 -0.0402586126 0.00899999976
v -0.0443750525 0.0402586126 0
v -0.0443750525 0.0402586126 0.00100000001
v -0.0443750525 0.0402586126 0.00400000006
v -0.0443750525 0.0402586126 0.00899999976
v -0.0444109631 0.0446713543 0
v -0.0444109631 0.0446713543 0.00899999976
v -0.0442842197 0.0448049164 0
v -0.0442842197 0.0448049164 0.00899999976
v -0.0442842197 0.0591950846 0
v -0.0442842197 0.0591950846 0.00899999976
v -0.0444109631 0.0593286467 0
v -0.0444109631 0.0593286467 0.00899999976
v -0.0443750525 0.0637413883 0
v -0.0443750525 0.0637413883 0.00100000001
v -0.0443750525 0.0637413883 0.00400000006
v -0.0443750525 0.0637413883 0.00899999976
v -0.0441712999 -0.0636065245 0
v -0.0441712999 -0.0636065245 0.00100000001
v -0.0441712999 -0.0636065245 0.00400000006
v -0.0441712999 -0.0636065245 0.00899999976
v -0.0441598225 -0.059059329 0
v -0.0441598225 -0.059059329 0.00899999976
v -0.0440378141 -0.058921423 0
v -0.0440378141 -0.058921423 0.00899999976
v -0.0440378141 -0.045078578 0
v -0.0440378141 -0.045078578 0.00899999976
v -0.0441598225 -0.0449406719 0
v -0.0441598225 -0.0449406719 0.00899999976
v -0.0441712999 -0.0403934717 0
v -0.0441712999 -0.0403934717 0.00100000001
v -0.0441712999 -0.0403934717 0.00400000006
v -0.0441712999 -0.0403934717 0.00899999976
v -0.0441712999 0.0403934717 0
v -0.0441712999 0.0403934717 0.00100000001
v -0.0441712999 0.0403934717 0.00400000006
v -0.0441712999 0.0403934717 0.00899999976
v -0.0441598225 0.0449406719 0
v -0.0441598225 0.0449406719 0.00899999976
v -0.0440378141 0.045078578 0
v -0.0440378141 0.045078578 0.00899999976
v -0.0440378141 0.058921423 0
v -0.0440378141 0.058921423 0.00899999976
v -0.0441598225 0.059059329 0
v -0.0441598225 0.059059329 0.00899999976
v -0.0441712999 0.0636065245 0
v -0.0441712999 0.0636065245 0.00100000001
v -0.0441712999 0.0636065245 0.00400000006
v -0.0441712999 0.0636065245 0.00899999976
v -0.0437710047 -0.0633262396 0
v -0.0439699316 -0.0634681273 0.00100000001
v -0.0439699316 -0.0634681273 0.00400000006
v -0.0437710047 -0.0633262396 0.00899999976
v -0.0439182329 -0.0587814093 0
v -0.0439182329 -0.0587814093 0.00899999976
v -0.0438011122 -0.0586393309 0
v -0.0438011122 -0.0586393309 0.00899999976
v -0.0438011122 -0.0453606701 0
v -0.0438011122 -0.0453606701 0.00899999976
v -0.0439182329 -0.0452185917 0
v -0.0439182329 -0.0452185917 0.00899999976
v -0.0439699316 -0.0405318737 0
v -0.0437710047 -0.0406737614 0.00100000001
v -0.0437710047 -0.0406737614 0.00400000006
v -0.0439699316 -0.0405318737 0.00899999976
v -0.0437710047 0.0406737614 0
v -0.0439699316 0.0405318737 0.00100000001
v -0.0439699316 0.0405318737 0.00400000006
v -0.0439699316 0.0405318737 0.00899999976
v -0.0439182329 0.0452185917 0
v -0.0439182329 0.0452185917 0.00899999976
v -0.0438011122 0.0453606701 0
v -0.0438011122 0.0453606701 0.00899999976
v -0.0438011122 0.0586393309 0
v -0.0438011122 0.0586393309 0.00899999976
v -0.0439182329 0.0587814093 0
v -0.0439182329 0.0587814093 0.00899999976
v -0.0439699316 0.0634681273 0
v -0.0437710047 0.0633262396 0.00100000001
v -0.0437710047 0.0633262396 0.00400000006
v -0.0437710047 0.0633262396 0.00899999976
v -0.0435745907 -0.0631808949 0
v -0.0435745907 -0.0631808949 0.00100000001
v -0.0435745907 -0.0631808949 0.00400000006
v -0.0435745907 -0.0631808949 0.00899999976
v -0.0436864853 -0.0584952307 0
v -0.0436864853 -0.0584952307 0.00899999976
v -0.0435743952 -0.0456508493 0
v -0.0435743952 -0.0456508493 0.00899999976
v -0.0435745907 -0.0408191013 0
v -0.0435745907 -0.0408191013 0.00100000001
v -0.0435745907 -0.0408191013 0.00400000006
v -0.0435745907 -0.0408191013 0.00899999976
v -0.0435745907 0.0408191013 0
v -0.0435745907 0.0408191013 0.00100000001
v -0.0435745907 0.0408191013 0.00400000006
v -0.0435745907 0.0408191013 0.00899999976
v -0.0436864853 0.0455047703 0
v -0.0435743952 0.0456508493 0.00899999976
v -0.0435743952 0.0583491468 0
v -0.0436864853 0.0584952307 0.00899999976
v -0.0435745907 0.0631808949 0
v -0.0435745907 0.0631808949 0.00100000001
v -0.0435745907 0.0631808949 0.00400000006
v -0.0435745907 0.0631808949 0.00899999976
v -0.0433807373 -0.0630321503 0
v -0.0433807373 -0.0630321503 0.00100000001
v -0.0433807373 -0.0630321503 0.00400000006
v -0.0433807373 -0.0630321503 0.00899999976
v -0.0434648705 -0.0582011366 0
v -0.0434648705 -0.0582011366 0.00899999976
v -0.0432536554 -0.0578994846 0
v -0.0432536554 -0.0578994846 0.00899999976
v -0.0432536554 -0.0461005163 0
v -0.0432536554 -0.0461005163 0.00899999976
v -0.0433579445 -0.0459487677 0
v -0.0433579445 -0.0459487677 0.00899999976
v -0.0433807373 -0.0409678507 0
v -0.0433807373 -0.0409678507 0.00100000001
v -0.0433807373 -0.0409678507 0.00400000006
v -0.0433807373 -0.0409678507 0.00899999976
v -0.0433807373 0.0409678507 0
v -0.0433807373 0.0409678507 0.00100000001
v -0.0433807373 0.0409678507 0.00400000006
v -0.0433807373 0.0409678507 0.00899999976
v -0.0434648705 0.0457988644 0
v -0.0433579445 0.0459487677 0.00899999976
v -0.0432536554 0.0461005163 0
v -0.0432536554 0.0461005163 0.00899999976
v -0.0432536554 0.0578994846 0
v -0.0432536554 0.0578994846 0.00899999976
v -0.0433579445 0.0580512333 0
v -0.0434648705 0.0582011366 0.00899999976
v -0.0433807373 0.0630321503 0
v -0.0433807373 0.0630321503 0.00100000001
v -0.0433807373 0.0630321503 0.00400000006
v -0.0433807373 0.0630321503 0.00899999976
v -0.0431895161 -0.062880044 0
v -0.0431895161 -0.062880044 0.00100000001
v -0.0431895161 -0.062880044 0.00400000006
v -0.0431895161 -0.062880044 0.00899999976
v -0.0430009747 -0.0627246237 0
v -0.0430009747 -0.0627246237 0.00100000001
v -0.0430009747 -0.0627246237 0.00400000006
v -0.0430009747 -0.0627246237 0.00899999976
v -0.0431520271 -0.0577459431 0
v -0.0431520271 -0.0577459431 0.00899999976
v -0.043053093 -0.0464093494 0
v -0.043053093 -0.0464093494 0.00899999976
v -0.0430009747 -0.0412753773 0
v -0.0430009747 -0.0412753773 0.00100000001
v -0.0430009747 -0.0412753773 0.00400000006
v -0.0430009747 -0.0412753773 0.00899999976
v -0.0431895161 -0.041119957 0
v -0.0431895161 -0.041119957 0.00100000001
v -0.0431895161 -0.041119957 0.00400000006
v -0.0431895161 -0.041119957 0.00899999976
v -0.0431895161 0.041119957 0
v -0.0431895161 0.041119957 0.00100000001
v -0.0431895161 0.041119957 0.00400000006
v -0.0431895161 0.041119957 0.00899999976
v -0.0430009747 0.0412753773 0
v -0.0430009747 0.0412753773 0.00100000001
v -0.0430009747 0.0412753773 0.00400000006
v -0.0430009747 0.0412753773 0.00899999976
v -0.0431520271 0.0462540579 0
v -0.043053093 0.0464093494 0.00899999976
v -0.043053093 0.0575906467 0
v -0.0431520271 0.0577459431 0.00899999976
v -0.0430009747 0.0627246237 0
v -0.0430009747 0.0627246237 0.00100000001
v -0.0430009747 0.0627246237 0.00400000006
v -0.0430009747 0.0627246237 0.00899999976
v -0.0431895161 0.062880044 0
v -0.0431895161 0.062880044 0.00100000001
v -0.0431895161 0.062880044 0.00400000006
v -0.0431895161 0.062880044 0.00899999976
v -0.0428151751 -0.0625659323 0
v -0.0428151751 -0.0625659323 0.00100000001
v -0.0428151751 -0.0625659323 0.00400000006
v -0.0428151751 -0.0625659323 0.00899999976
v -0.0429568863 -0.0574336529 0
v -0.0429568863 -0.0574336529 0.00899999976
v -0.0427727604 -0.0571147394 0
v -0.0427727604 -0.0571147394 0.00899999976
v -0.0427727604 -0.0468852568 0
v -0.0427727604 -0.0468852568 0.00899999976
v -0.042863431 -0.0467250013 0
v -0.042863431 -0.0467250013 0.00899999976
v -0.0428151751 -0.0414340639 0
v -0.0428151751 -0.0414340639 0.00100000001
v -0.0428151751 -0.0414340639 0.00400000006
v -0.0428151751 -0.0414340639 0.00899999976
v -0.0428151751 0.0414340639 0
v -0.0428151751 0.0414340639 0.00100000001
v -0.0428151751 0.0414340639 0.00400000006
v -0.0428151751 0.0414340639 0.00899999976
v -0.0429568863 0.0465663481 0
v -0.042863431 0.0467250013 0.00899999976
v -0.0427727604 0.0468852568 0
v -0.0427727604 0.0468852568 0.00899999976
v -0.0427727604 0.0571147394 0
v -0.0427727604 0.0571147394 0.00899999976
v -0.042863431 0.0572749996 0
v -0.0429568863 0.0574336529 0.00899999976
v -0.0428151751 0.0625659323 0
v -0.0428151751 0.0625659323 0.00100000001
v -0.0428151751 0.0625659323 0.00400000006
v -0.0428151751 0.0625659323 0.00899999976
v -0.0426321697 -0.062404027 0
v -0.0426321697 -0.062404027 0.00100000001
v -0.0426321697 -0.062404027 0.00400000006
v -0.0426321697 -0.062404027 0.00899999976
v -0.0426849031 -0.0569529247 0
v -0.0426849031 -0.0569529247 0.00899999976
v -0.042517724 -0.0566248178 0
v -0.042517724 -0.0566248178 0.00899999976
v -0.042517724 -0.0473751831 0
v -0.042517724 -0.0473751831 0.00899999976
v -0.0425998831 -0.0472104025 0
v -0.0425998831 -0.0472104025 0.00899999976
v -0.0426321697 -0.041595974 0
v -0.0426321697 -0.041595974 0.00100000001
v -0.0426321697 -0.041595974 0.00400000006
v -0.0426321697 -0.041595974 0.00899999976
v -0.0426321697 0.041595974 0
v -0.0426321697 0.041595974 0.00100000001
v -0.0426321697 0.041595974 0.00400000006
v -0.0426321697 0.041595974 0.00899999976
v -0.0426849031 0.0470470762 0
v -0.0425998831 0.0472104025 0.00899999976
v -0.042517724 0.0473751831 0
v -0.042517724 0.0473751831 0.00899999976
v -0.042517724 0.0566248178 0
v -0.042517724 0.0566248178 0.00899999976
v -0.0425998831 0.0567895985 0
v -0.0426849031 0.0569529247 0.00899999976
v -0.0426321697 0.062404027 0
v -0.0426321697 0.062404027 0.00100000001
v -0.0426321697 0.062404027 0.00400000006
v -0.0426321697 0.062404027 0.00899999976
v -0.042274785 -0.062070756 0
v -0.0424520206 -0.0622389507 0.00100000001
v -0.0424520206 -0.0622389507 0.00400000006
v -0.042274785 -0.062070756 0.00899999976
v -0.0424384546 -0.056458621 0
v -0.0424384546 -0.056458621 0.00899999976
v -0.0422886753 -0.0561222124 0
v -0.0422886753 -0.0561222124 0.00899999976
v -0.0422886753 -0.0478777885 0
v -0.0422886753 -0.0478777885 0.00899999976
v -0.0423620939 -0.0477089262 0
v -0.0423620939 -0.0477089262 0.00899999976
v -0.0424520206 -0.0417610502 0
v -0.042274785 -0.041929245 0.00100000001
v -0.042274785 -0.041929245 0.00400000006
v -0.0424520206 -0.0417610502 0.00899999976
v -0.042274785 0.041929245 0
v -0.0424520206 0.0417610502 0.00100000001
v -0.0424520206 0.0417610502 0.00400000006
v -0.0424520206 0.0417610502 0.00899999976
v -0.0424384546 0.0475413752 0
v -0.0423620939 0.0477089262 0.00899999976
v -0.0422886753 0.0478777885 0
v -0.0422886753 0.0478777885 0.00899999976
v -0.0422886753 0.0561222124 0
v -0.0422886753 0.0561222124 0.00899999976
v -0.0423620939 0.05629107 0
v -0.0424384546 0.056458621 0.00899999976
v -0.0424520206 0.0622389507 0
v -0.042274785 0.062070756 0.00100000001
v -0.042274785 0.062070756 0.00400000006
v -0.042274785 0.062070756 0.00899999976
v -0.0421005058 -0.0618994951 0
v -0.0421005058 -0.0618994951 0.00100000001
v -0.0421005058 -0.0618994951 0.00400000006
v -0.0421005058 -0.0618994951 0.00899999976
v -0.0422182083 -0.0559521008 0
v -0.0422182083 -0.0559521008 0.00899999976
v -0.0420862436 -0.0556083107 0
v -0.0420862436 -0.0556083107 0.00899999976
v -0.0420247793 -0.055434742 0
v -0.0420247793 -0.055434742 0.00899999976
v -0.0420247793 -0.0485652542 0
v -0.0420247793 -0.0485652542 0.00899999976
v -0.0420862436 -0.0483916855 0
v -0.0420862436 -0.0483916855 0.00899999976
v -0.0421507263 -0.0482192183 0
v -0.0421507263 -0.0482192183 0.00899999976
v -0.0421005058 -0.0421005058 0
v -0.0421005058 -0.0421005058 0.00100000001
v -0.0421005058 -0.0421005058 0.00400000006
v -0.0421005058 -0.0421005058 0.00899999976
v -0.0421005058 0.0421005058 0
v -0.0421005058 0.0421005058 0.00100000001
v -0.0421005058 0.0421005058 0.00400000006
v -0.0421005058 0.0421005058 0.00899999976
v -0.0422182083 0.0480479002 0
v -0.0421507263 0.0482192183 0.00899999976
v -0.0420862436 0.0483916855 0
v -0.0420862436 0.0483916855 0.00899999976
v -0.0420247793 0.0485652542 0
v -0.0420247793 0.0485652542 0.00899999976
v -0.0420247793 0.055434742 0
v -0.0420247793 0.055434742 0.00899999976
v -0.0420862436 0.0556083107 0
v -0.0420862436 0.0556083107 0.00899999976
v -0.0421507263 0.0557807827 0
v -0.0422182083 0.0559521008 0.00899999976
v -0.0421005058 0.0618994951 0
v -0.0421005058 0.0618994951 0.00100000001
v -0.0421005058 0.0618994951 0.00400000006
v -0.0421005058 0.0618994951 0.00899999976
v -0.0417610502 -0.0615479755 0
v -0.041929245 -0.0617252159 0.00100000001
v -0.041929245 -0.0617252159 0.00400000006
v -0.0417610502 -0.0615479755 0.00899999976
v -0.0419663525 -0.055260129 0
v -0.0419663525 -0.055260129 0.00899999976
v -0.0419109869 -0.0550845194 0
v -0.0419109869 -0.0550845194 0.00899999976
v -0.0418586874 -0.0549079752 0
v -0.0418586874 -0.0549079752 0.00899999976
v -0.0418094826 -0.0547305393 0
v -0.0418094826 -0.0547305393 0.00899999976
v -0.041763382 -0.0494477224 0
v -0.041763382 -0.0494477224 0.00899999976
v -0.0418586874 -0.0490920258 0
v -0.0418586874 -0.0490920258 0.00899999976
v -0.0419109869 -0.0489154768 0
v -0.0419109869 -0.0489154768 0.00899999976
v -0.0419663525 -0.048739872 0
v -0.0419663525 -0.048739872 0.00899999976
v -0.041929245 -0.042274785 0
v -0.0417610502 -0.0424520206 0.00100000001
v -0.0417610502 -0.0424520206 0.00400000006
v -0.041929245 -0.042274785 0.00899999976
v -0.0417610502 0.0424520206 0
v -0.041929245 0.042274785 0.00100000001
v -0.041929245 0.042274785 0.00400000006
v -0.041929245 0.042274785 0.00899999976
v -0.0419663525 0.048739872 0
v -0.0419663525 0.048739872 0.00899999976
v -0.0419109869 0.0489154768 0
v -0.0419109869 0.0489154768 0.00899999976
v -0.0418586874 0.0490920258 0
v -0.0418586874 0.0490920258 0.00899999976
v -0.0418094826 0.0492694569 0
v -0.041763382 0.0494477224 0.00899999976
v -0.041763382 0.0545522738 0
v -0.0418094826 0.0547305393 0.00899999976
v -0.0418586874 0.0549079752 0
v -0.0418586874 0.0549079752 0.00899999976
v -0.0419109869 0.0550845194 0
v -0.0419109869 0.0550845194 0.00899999976
v -0.0419663525 0.055260129 0
v -0.0419663525 0.055260129 0.00899999976
v -0.041929245 0.0617252159 0
v -0.0417610502 0.0615479755 0.00100000001
v -0.0417610502 0.0615479755 0.00400000006
v -0.0417610502 0.0615479755 0.00899999976
v -0.041595974 -0.0613678265 0
v -0.041595974 -0.0613678265 0.00100000001
v -0.041595974 -0.0613678265 0.00400000006
v -0.041595974 -0.0613678265 0.00899999976
v -0.0417203951 -0.0543732357 0
v -0.0417203951 -0.0543732357 0.00899999976
v -0.041680541 -0.0541934681 0
v -0.041680541 -0.0541934681 0.00899999976
v -0.0416102791 -0.0538319874 0
v -0.0416102791 -0.0538319874 0.00899999976
v -0.0415798903 -0.0536503839 0
v -0.0415798903 -0.0536503839 0.00899999976
v -0.0415526724 -0.0534682751 0
v -0.0415526724 -0.0534682751 0.00899999976
v -0.0415077925 -0.0531027746 0
v -0.0415077925 -0.0531027746 0.00899999976
v -0.0415077925 -0.0508972263 0
v -0.0415077925 -0.0508972263 0.00899999976
v -0.0415286398 -0.0507142782 0
v -0.0415286398 -0.0507142782 0.00899999976
v -0.0415798903 -0.050349617 0
v -0.0415798903 -0.050349617 0.00899999976
v -0.0416102791 -0.0501680136 0
v -0.0416102791 -0.0501680136 0.00899999976
v -0.0416438341 -0.0499869633 0
v -0.0416438341 -0.0499869633 0.00899999976
v -0.0417203951 -0.0496267653 0
v -0.0417203951 -0.0496267653 0.00899999976
v -0.041595974 -0.0426321697 0
v -0.041595974 -0.0426321697 0.00100000001
v -0.041595974 -0.0426321697 0.00400000006
v -0.041595974 -0.0426321697 0.00899999976
v -0.041595974 0.0426321697 0
v -0.041595974 0.0426321697 0.00100000001
v -0.041595974 0.0426321697 0.00400000006
v -0.041595974 0.0426321697 0.00899999976
v -0.0417203951 0.0496267653 0
v -0.0417203951 0.0496267653 0.00899999976
v -0.041680541 0.0498065329 0
v -0.0416438341 0.0499869633 0.00899999976
v -0.0416102791 0.0501680136 0
v -0.0416102791 0.0501680136 0.00899999976
v -0.0415798903 0.050349617 0
v -0.0415798903 0.050349617 0.00899999976
v -0.0415526724 0.0505317259 0
v -0.0415286398 0.0507142782 0.00899999976
v -0.0415077925 0.0508972263 0
v -0.0415077925 0.0508972263 0.00899999976
v -0.0415077925 0.0531027746 0
v -0.0415077925 0.0531027746 0.00899999976
v -0.0415286398 0.0532857227 0
v -0.0415526724 0.0534682751 0.00899999976
v -0.0415798903 0.0536503839 0
v -0.0415798903 0.0536503839 0.00899999976
v -0.0416102791 0.0538319874 0
v -0.0416102791 0.0538319874 0.00899999976
v -0.0416438341 0.0540130329 0
v -0.041680541 0.0541934681 0.00899999976
v -0.0417203951 0.0543732357 0
v -0.0417203951 0.0543732357 0.00899999976
v -0.041595974 0.0613678265 0
v -0.041595974 0.0613678265 0.00100000001
v -0.041595974 0.0613678265 0.00400000006
v -0.041595974 0.0613678265 0.00899999976
v -0.0414340639 -0.0611848259 0
v -0.0414340639 -0.0611848259 0.00100000001
v -0.0414340639 -0.0611848259 0.00400000006
v -0.0414340639 -0.0611848259 0.00899999976
v -0.0412753773 -0.0609990263 0
v -0.0412753773 -0.0609990263 0.00100000001
v -0.0412753773 -0.0609990263 0.00400000006
v -0.0412753773 -0.0609990263 0.00899999976
v -0.0414901447 -0.0529194927 0
v -0.0414901447 -0.0529194927 0.00899999976
v -0.0414757013 -0.0527359295 0
v -0.0414757013 -0.0527359295 0.00899999976
v -0.0414564276 -0.0523681879 0
v -0.0414564276 -0.0523681879 0.00899999976
v -0.0414516068 -0.052184124 0
v -0.0414516068 -0.052184124 0.00899999976
v -0.0414499998 -0.0519999981 0
v -0.0414499998 -0.0519999981 0.00899999976
v -0.0414564276 -0.0516318083 0
v -0.0414564276 -0.0516318083 0.00899999976
v -0.0414644575 -0.051447854 0
v -0.0414644575 -0.051447854 0.00899999976
v -0.0414901447 -0.0510805082 0
v -0.0414901447 -0.0510805082 0.00899999976
v -0.0412753773 -0.0430009747 0
v -0.0412753773 -0.0430009747 0.00100000001
v -0.0412753773 -0.0430009747 0.00400000006
v -0.0412753773 -0.0430009747 0.00899999976
v -0.0414340639 -0.0428151751 0
v -0.0414340639 -0.0428151751 0.00100000001
v -0.0414340639 -0.0428151751 0.00400000006
v -0.0414340639 -0.0428151751 0.00899999976
v -0.0414340639 0.0428151751 0
v -0.0414340639 0.0428151751 0.00100000001
v -0.0414340639 0.0428151751 0.00400000006
v -0.0414340639 0.0428151751 0.00899999976
v -0.0412753773 0.0430009747 0
v -0.0412753773 0.0430009747 0.00100000001
v -0.0412753773 0.0430009747 0.00400000006
v -0.0412753773 0.0430009747 0.00899999976
v -0.0414901447 0.0510805082 0
v -0.0414901447 0.0510805082 0.00899999976
v -0.0414757013 0.0512640715 0
v -0.0414644575 0.051447854 0.00899999976
v -0.0414564276 0.0516318083 0
v -0.0414564276 0.0516318083 0.00899999976
v -0.0414516068 0.051815877 0
v -0.0414499998 0.0519999981 0.00899999976
v -0.0414516068 0.052184124 0
v -0.0414516068 0.052184124 0.00899999976
v -0.0414564276 0.0523681879 0
v -0.0414564276 0.0523681879 0.00899999976
v -0.0414644575 0.0525521421 0
v -0.0414757013 0.0527359295 0.00899999976
v -0.0414901447 0.0529194927 0
v -0.0414901447 0.0529194927 0.00899999976
v -0.0412753773 0.0609990263 0
v -0.0412753773 0.0609990263 0.00100000001
v -0.0412753773 0.0609990263 0.00400000006
v -0.0412753773 0.0609990263 0.00899999976
v -0.0414340639 0.0611848259 0
v -0.0414340639 0.0611848259 0.00100000001
v -0.0414340639 0.0611848259 0.00400000006
v -0.0414340639 0.0611848259 0.00899999976
v -0.041119957 -0.0608104849 0
v -0.041119957 -0.0608104849 0.00100000001
v -0.041119957 -0.0608104849 0.00400000006
v -0.041119957 -0.0608104849 0.00899999976
v -0.041119957 -0.0431895161 0
v -0.041119957 -0.0431895161 0.00100000001
v -0.041119957 -0.0431895161 0.00400000006
v -0.041119957 -0.0431895161 0.00899999976
v -0.041119957 0.0431895161 0
v -0.041119957 0.0431895161 0.00100000001
v -0.041119957 0.0431895161 0.00400000006
v -0.041119957 0.0431895161 0.00899999976
v -0.041119957 0.0608104849 0
v -0.041119957 0.0608104849 0.00100000001
v -0.041119957 0.0608104849 0.00400000006
v -0.041119957 0.0608104849 0.00899999976
v -0.0409678507 -0.0606192589 0
v -0.0409678507 -0.0606192589 0.00100000001
v -0.0409678507 -0.0606192589 0.00400000006
v -0.0409678507 -0.0606192589 0.00899999976
v -0.0408191013 -0.0604254103 0
v -0.0408191013 -0.0604254103 0.00100000001
v -0.0408191013 -0.0604254103 0.00400000006
v -0.0408191013 -0.0604254103 0.00899999976
v -0.0408191013 -0.0435745907 0
v -0.0408191013 -0.0435745907 0.00100000001
v -0.0408191013 -0.0435745907 0.00400000006
v -0.0408191013 -0.0435745907 0.00899999976
v -0.0409678507 -0.0433807373 0
v -0.0409678507 -0.0433807373 0.00100000001
v -0.0409678507 -0.0433807373 0.00400000006
v -0.0409678507 -0.0433807373 0.00899999976
v -0.0409678507 0.0433807373 0
v -0.0409678507 0.0433807373 0.00100000001
v -0.0409678507 0.0433807373 0.00400000006
v -0.0409678507 0.0433807373 0.00899999976
v -0.0408191013 0.0435745907 0
v -0.0408191013 0.0435745907 0.00100000001
v -0.0408191013 0.0435745907 0.00400000006
v -0.0408191013 0.0435745907 0.00899999976
v -0.0408191013 0.0604254103 0
v -0.0408191013 0.0604254103 0.00100000001
v -0.0408191013 0.0604254103 0.00400000006
v -0.0408191013 0.0604254103 0.00899999976
v -0.0409678507 0.0606192589 0
v -0.0409678507 0.0606192589 0.00100000001
v -0.0409678507 0.0606192589 0.00400000006
v -0.0409678507 0.0606192589 0.00899999976
v -0.0405318737 -0.0600300694 0
v -0.0406737614 -0.0602289915 0.00100000001
v -0.0406737614 -0.0602289915 0.00400000006
v -0.0405318737 -0.0600300694 0.00899999976
v -0.0406737614 -0.0437710047 0
v -0.0405318737 -0.0439699316 0.00100000001
v -0.0405318737 -0.0439699316 0.00400000006
v -0.0406737614 -0.0437710047 0.00899999976
v -0.0405318737 0.0439699316 0
v -0.0406737614 0.0437710047 0.00100000001
v -0.0406737614 0.0437710047 0.00400000006
v -0.0406737614 0.0437710047 0.00899999976
v -0.0406737614 0.0602289915 0
v -0.0405318737 0.0600300694 0.00100000001
v -0.0405318737 0.0600300694 0.00400000006
v -0.0405318737 0.0600300694 0.00899999976
v -0.0403934717 -0.059828701 0
v -0.0403934717 -0.059828701 0.00100000001
v -0.0403934717 -0.059828701 0.00400000006
v -0.0403934717 -0.059828701 0.00899999976
v -0.0402586126 -0.0596249485 0
v -0.0402586126 -0.0596249485 0.00100000001
v -0.0402586126 -0.0596249485 0.00400000006
v -0.0402586126 -0.0596249485 0.00899999976
v -0.0402586126 -0.0443750525 0
v -0.0402586126 -0.0443750525 0.00100000001
v -0.0402586126 -0.0443750525 0.00400000006
v -0.0402586126 -0.0443750525 0.00899999976
v -0.0403934717 -0.0441712999 0
v -0.0403934717 -0.0441712999 0.00100000001
v -0.0403934717 -0.0441712999 0.00400000006
v -0.0403934717 -0.0441712999 0.00899999976
v -0.0403934717 0.0441712999 0
v -0.0403934717 0.0441712999 0.00100000001
v -0.0403934717 0.0441712999 0.00400000006
v -0.0403934717 0.0441712999 0.00899999976
v -0.0402586126 0.0443750525 0
v -0.0402586126 0.0443750525 0.00100000001
v -0.0402586126 0.0443750525 0.00400000006
v -0.0402586126 0.0443750525 0.00899999976
v -0.0402586126 0.0596249485 0
v -0.0402586126 0.0596249485 0.00100000001
v -0.0402586126 0.0596249485 0.00400000006
v -0.0402586126 0.0596249485 0.00899999976
v -0.0403934717 0.059828701 0
v -0.0403934717 0.059828701 0.00100000001
v -0.0403934717 0.059828701 0.00400000006
v -0.0403934717 0.059828701 0.00899999976
v -0.0401273251 -0.059418869 0
v -0.0401273251 -0.059418869 0.00100000001
v -0.0401273251 -0.059418869 0.00400000006
v -0.0401273251 -0.059418869 0.00899999976
v -0.0401273251 -0.0445811319 0
v -0.0401273251 -0.0445811319 0.00100000001
v -0.0401273251 -0.0445811319 0.00400000006
v -0.0401273251 -0.0445811319 0.00899999976
v -0.0401273251 0.0445811319 0
v -0.0401273251 0.0445811319 0.00100000001
v -0.0401273251 0.0445811319 0.00400000006
v -0.0401273251 0.0445811319 0.00899999976
v -0.0401273251 0.059418869 0
v -0.0401273251 0.059418869 0.00100000001
v -0.0401273251 0.059418869 0.00400000006
v -0.0401273251 0.059418869 0.00899999976
v -0.0398756433 -0.059000001 0
v -0.0399996567 -0.0592105341 0.00100000001
v -0.0399996567 -0.0592105341 0.00400000006
v -0.0398756433 -0.059000001 0.00899999976
v -0.0397553229 -0.0587873363 0
v -0.0397553229 -0.0587873363 0.00100000001
v -0.0397553229 -0.0587873363 0.00400000006
v -0.0397553229 -0.0587873363 0.00899999976
v -0.0397553229 -0.0452126646 0
v -0.0397553229 -0.0452126646 0.00100000001
v -0.0397553229 -0.0452126646 0.00400000006
v -0.0397553229 -0.0452126646 0.00899999976
v -0.0399996567 -0.0447894669 0
v -0.0398756433 -0.045 0.00100000001
v -0.0398756433 -0.045 0.00400000006
v -0.0399996567 -0.0447894669 0.00899999976
v -0.0399996567 0.0447894669 0
v -0.0399996567 0.0447894669 0.00100000001
v -0.0399996567 0.0447894669 0.00400000006
v -0.0399996567 0.0447894669 0.00899999976
v -0.0397553229 0.0452126646 0
v -0.0398756433 0.045 0.00100000001
v -0.0398756433 0.045 0.00400000006
v -0.0398756433 0.045 0.00899999976
v -0.0397553229 0.0587873363 0
v -0.0397553229 0.0587873363 0.00100000001
v -0.0397553229 0.0587873363 0.00400000006
v -0.0397553229 0.0587873363 0.00899999976
v -0.0399996567 0.0592105341 0
v -0.0398756433 0.059000001 0.00100000001
v -0.0398756433 0.059000001 0.00400000006
v -0.0398756433 0.059000001 0.00899999976
v -0.0396387339 -0.0585726023 0
v -0.0396387339 -0.0585726023 0.00100000001
v -0.0396387339 -0.0585726023 0.00400000006
v -0.0396387339 -0.0585726023 0.00899999976
v -0.0395259094 -0.0583558655 0
v -0.0395259094 -0.0583558655 0.00100000001
v -0.0395259094 -0.0583558655 0.00400000006
v -0.0395259094 -0.0583558655 0.00899999976
v -0.0395259094 -0.0456441307 0
v -0.0395259094 -0.0456441307 0.00100000001
v -0.0395259094 -0.0456441307 0.00400000006
v -0.0395259094 -0.0456441307 0.00899999976
v -0.0396387339 -0.0454273987 0
v -0.0396387339 -0.0454273987 0.00100000001
v -0.0396387339 -0.0454273987 0.00400000006
v -0.0396387339 -0.0454273987 0.00899999976
v -0.0396387339 0.0454273987 0
v -0.0396387339 0.0454273987 0.00100000001
v -0.0396387339 0.0454273987 0.00400000006
v -0.0396387339 0.0454273987 0.00899999976
v -0.0395259094 0.0456441307 0
v -0.0395259094 0.0456441307 0.00100000001
v -0.0395259094 0.0456441307 0.00400000006
v -0.0395259094 0.0456441307 0.00899999976
v -0.0395259094 0.0583558655 0
v -0.0395259094 0.0583558655 0.00100000001
v -0.0395259094 0.0583558655 0.00400000006
v -0.0395259094 0.0583558655 0.00899999976
v -0.0396387339 0.0585726023 0
v -0.0396387339 0.0585726023 0.00100000001
v -0.0396387339 0.0585726023 0.00400000006
v -0.0396387339 0.0585726023 0.00899999976
v -0.039416883 -0.0581371975 0
v -0.039416883 -0.0581371975 0.00100000001
v -0.039416883 -0.0581371975 0.00400000006
v -0.039416883 -0.0581371975 0.00899999976
v -0.0393116903 -0.0579166555 0
v -0.0393116903 -0.0579166555 0.00100000001
v -0.0393116903 -0.0579166555 0.00400000006
v -0.0393116903 -0.0579166555 0.00899999976
v -0.0393116903 -0.0460833454 0
v -0.0393116903 -0.0460833454 0.00100000001
v -0.0393116903 -0.0460833454 0.00400000006
v -0.0393116903 -0.0460833454 0.00899999976
v -0.039416883 -0.0458628035 0
v -0.039416883 -0.0458628035 0.00100000001
v -0.039416883 -0.0458628035 0.00400000006
v -0.039416883 -0.0458628035 0.00899999976
v -0.039416883 0.0458628035 0
v -0.039416883 0.0458628035 0.00100000001
v -0.039416883 0.0458628035 0.00400000006
v -0.039416883 0.0458628035 0.00899999976
v -0.0393116903 0.0460833454 0
v -0.0393116903 0.0460833454 0.00100000001
v -0.0393116903 0.0460833454 0.00400000006
v -0.0393116903 0.0460833454 0.00899999976
v -0.0393116903 0.0579166555 0
v -0.0393116903 0.0579166555 0.00100000001
v -0.0393116903 0.0579166555 0.00400000006
v -0.0393116903 0.0579166555 0.00899999976
v -0.039416883 0.0581371975 0
v -0.039416883 0.0581371975 0.00100000001
v -0.039416883 0.0581371975 0.00400000006
v -0.039416883 0.0581371975 0.00899999976
v -0.0392103624 -0.0576943111 0
v -0.0392103624 -0.0576943111 0.00100000001
v -0.0392103624 -0.0576943111 0.00400000006
v -0.0392103624 -0.0576943111 0.00899999976
v -0.0391129327 -0.0574702358 0
v -0.0391129327 -0.0574702358 0.00100000001
v -0.0391129327 -0.0574702358 0.00400000006
v -0.0391129327 -0.0574702358 0.00899999976
v -0.0390194249 -0.0572444916 0
v -0.0390194249 -0.0572444916 0.00100000001
v -0.0390194249 -0.0572444916 0.00400000006
v -0.0390194249 -0.0572444916 0.00899999976
v -0.0390194249 -0.0467555094 0
v -0.0390194249 -0.0467555094 0.00100000001
v -0.0390194249 -0.0467555094 0.00400000006
v -0.0390194249 -0.0467555094 0.00899999976
v -0.0391129327 -0.0465297651 0
v -0.0391129327 -0.0465297651 0.00100000001
v -0.0391129327 -0.0465297651 0.00400000006
v -0.0391129327 -0.0465297651 0.00899999976
v -0.0392103624 -0.046305685 0
v -0.0392103624 -0.046305685 0.00100000001
v -0.0392103624 -0.046305685 0.00400000006
v -0.0392103624 -0.046305685 0.00899999976
v -0.0392103624 0.046305685 0
v -0.0392103624 0.046305685 0.00100000001
v -0.0392103624 0.046305685 0.00400000006
v -0.0392103624 0.046305685 0.00899999976
v -0.0391129327 0.0465297651 0
v -0.0391129327 0.0465297651 0.00100000001
v -0.0391129327 0.0465297651 0.00400000006
v -0.0391129327 0.0465297651 0.00899999976
v -0.0390194249 0.0467555094 0
v -0.0390194249 0.0467555094 0.00100000001
v -0.0390194249 0.0467555094 0.00400000006
v -0.0390194249 0.0467555094 0.00899999976
v -0.0390194249 0.0572444916 0
v -0.0390194249 0.0572444916 0.00100000001
v -0.0390194249 0.0572444916 0.00400000006
v -0.0390194249 0.0572444916 0.00899999976
v -0.0391129327 0.0574702358 0
v -0.0391129327 0.0574702358 0.00100000001
v -0.0391129327 0.0574702358 0.00400000006
v -0.0391129327 0.0574702358 0.00899999976
v -0.0392103624 0.0576943111 0
v -0.0392103624 0.0576943111 0.00100000001
v -0.0392103624 0.0576943111 0.00400000006
v -0.0392103624 0.0576943111 0.00899999976
v -0.0389298749 -0.0570171499 0
v -0.0389298749 -0.0570171499 0.00100000001
v -0.0389298749 -0.0570171499 0.00400000006
v -0.0389298749 -0.0570171499 0.00899999976
v -0.0388443041 -0.0567882824 0
v -0.0388443041 -0.0567882824 0.00100000001
v -0.0388443041 -0.0567882824 0.00400000006
v -0.0388443041 -0.0567882824 0.00899999976
v -0.0387627411 -0.0565579557 0
v -0.0387627411 -0.0565579557 0.00100000001
v -0.0387627411 -0.0565579557 0.00400000006
v -0.0387627411 -0.0565579557 0.00899999976
v -0.0387627411 -0.0474420452 0
v -0.0387627411 -0.0474420452 0.00100000001
v -0.0387627411 -0.0474420452 0.00400000006
v -0.0387627411 -0.0474420452 0.00899999976
v -0.0388443041 -0.0472117186 0
v -0.0388443041 -0.0472117186 0.00100000001
v -0.0388443041 -0.0472117186 0.00400000006
v -0.0388443041 -0.0472117186 0.00899999976
v -0.0389298749 -0.046982851 0
v -0.0389298749 -0.046982851 0.00100000001
v -0.0389298749 -0.046982851 0.00400000006
v -0.0389298749 -0.046982851 0.00899999976
v -0.0389298749 0.046982851 0
v -0.0389298749 0.046982851 0.00100000001
v -0.0389298749 0.046982851 0.00400000006
v -0.0389298749 0.046982851 0.00899999976
v -0.0388443041 0.0472117186 0
v -0.0388443041 0.0472117186 0.00100000001
v -0.0388443041 0.0472117186 0.00400000006
v -0.0388443041 0.0472117186 0.00899999976
v -0.0387627411 0.0474420452 0
v -0.0387627411 0.0474420452 0.00100000001
v -0.0387627411 0.0474420452 0.00400000006
v -0.0387627411 0.0474420452 0.00899999976
v -0.0387627411 0.0565579557 0
v -0.0387627411 0.0565579557 0.00100000001
v -0.0387627411 0.0565579557 0.00400000006
v -0.0387627411 0.0565579557 0.00899999976
v -0.0388443041 0.0567882824 0
v -0.0388443041 0.0567882824 0.00100000001
v -0.0388443041 0.0567882824 0.00400000006
v -0.0388443041 0.0567882824 0.00899999976
v -0.0389298749 0.0570171499 0
v -0.0389298749 0.0570171499 0.00100000001
v -0.0389298749 0.0570171499 0.00400000006
v -0.0389298749 0.0570171499 0.00899999976
v -0.0386852098 -0.0563262367 0
v -0.0386852098 -0.0563262367 0.00100000001
v -0.0386852098 -0.0563262367 0.00400000006
v -0.0386852098 -0.0563262367 0.00899999976
v -0.0386117339 -0.0560932016 0
v -0.0386117339 -0.0560932016 0.00100000001
v -0.0386117339 -0.0560932016 0.00400000006
v -0.0386117339 -0.0560932016 0.00899999976
v -0.0385423374 -0.055858922 0
v -0.0385423374 -0.055858922 0.00100000001
v -0.0385423374 -0.055858922 0.00400000006
v -0.0385423374 -0.055858922 0.00899999976
v -0.0385423374 -0.0481410789 0
v -0.0385423374 -0.0481410789 0.00100000001
v -0.0385423374 -0.0481410789 0.00400000006
v -0.0385423374 -0.0481410789 0.00899999976
v -0.0386117339 -0.0479067945 0
v -0.0386117339 -0.0479067945 0.00100000001
v -0.0386117339 -0.0479067945 0.00400000006
v -0.0386117339 -0.0479067945 0.00899999976
v -0.0386852098 -0.0476737642 0
v -0.0386852098 -0.0476737642 0.00100000001
v -0.0386852098 -0.0476737642 0.00400000006
v -0.0386852098 -0.0476737642 0.00899999976
v -0.0386852098 0.0476737642 0
v -0.0386852098 0.0476737642 0.00100000001
v -0.0386852098 0.0476737642 0.00400000006
v -0.0386852098 0.0476737642 0.00899999976
v -0.0386117339 0.0479067945 0
v -0.0386117339 0.0479067945 0.00100000001
v -0.0386117339 0.0479067945 0.00400000006
v -0.0386117339 0.0479067945 0.00899999976
v -0.0385423374 0.0481410789 0
v -0.0385423374 0.0481410789 0.00100000001
v -0.0385423374 0.0481410789 0.00400000006
v -0.0385423374 0.0481410789 0.00899999976
v -0.0385423374 0.055858922 0
v -0.0385423374 0.055858922 0.00100000001
v -0.0385423374 0.055858922 0.00400000006
v -0.0385423374 0.055858922 0.00899999976
v -0.0386117339 0.0560932016 0
v -0.0386117339 0.0560932016 0.00100000001
v -0.0386117339 0.0560932016 0.00400000006
v -0.0386117339 0.0560932016 0.00899999976
v -0.0386852098 0.0563262367 0
v -0.0386852098 0.0563262367 0.00100000001
v -0.0386852098 0.0563262367 0.00400000006
v -0.0386852098 0.0563262367 0.00899999976
v -0.0384770393 -0.0556234646 0
v -0.0384770393 -0.0556234646 0.00100000001
v -0.0384770393 -0.0556234646 0.00400000006
v -0.0384770393 -0.0556234646 0.00899999976
v -0.0384158587 -0.0553869057 0
v -0.0384158587 -0.0553869057 0.00100000001
v -0.0384158587 -0.0553869057 0.00400000006
v -0.0384158587 -0.0553869057 0.00899999976
v -0.0383588195 -0.0551493168 0
v -0.0383588195 -0.0551493168 0.00100000001
v -0.0383588195 -0.0551493168 0.00400000006
v -0.0383588195 -0.0551493168 0.00899999976
v -0.0383059335 -0.0549107647 0
v -0.0383059335 -0.0549107647 0.00100000001
v -0.0383059335 -0.0549107647 0.00400000006
v -0.0383059335 -0.0549107647 0.00899999976
v -0.0382572198 -0.0546713257 0
v -0.0382572198 -0.0546713257 0.00100000001
v -0.0382572198 -0.0546713257 0.00400000006
v -0.0382572198 -0.0546713257 0.00899999976
v -0.0382572198 -0.0493286753 0
v -0.0382572198 -0.0493286753 0.00100000001
v -0.0382572198 -0.0493286753 0.00400000006
v -0.0382572198 -0.0493286753 0.00899999976
v -0.0383059335 -0.0490892363 0
v -0.0383059335 -0.0490892363 0.00100000001
v -0.0383059335 -0.0490892363 0.00400000006
v -0.0383059335 -0.0490892363 0.00899999976
v -0.0383588195 -0.0488506842 0
v -0.0383588195 -0.0488506842 0.00100000001
v -0.0383588195 -0.0488506842 0.00400000006
v -0.0383588195 -0.0488506842 0.00899999976
v -0.0384158587 -0.0486130953 0
v -0.0384158587 -0.0486130953 0.00100000001
v -0.0384158587 -0.0486130953 0.00400000006
v -0.0384158587 -0.0486130953 0.00899999976
v -0.0384770393 -0.0483765316 0
v -0.0384770393 -0.0483765316 0.00100000001
v -0.0384770393 -0.0483765316 0.00400000006
v -0.0384770393 -0.0483765316 0.00899999976
v -0.0384770393 0.0483765316 0
v -0.0384770393 0.0483765316 0.00100000001
v -0.0384770393 0.0483765316 0.00400000006
v -0.0384770393 0.0483765316 0.00899999976
v -0.0384158587 0.0486130953 0
v -0.0384158587 0.0486130953 0.00100000001
v -0.0384158587 0.0486130953 0.00400000006
v -0.0384158587 0.0486130953 0.00899999976
v -0.0383588195 0.0488506842 0
v -0.0383588195 0.0488506842 0.00100000001
v -0.0383588195 0.0488506842 0.00400000006
v -0.0383588195 0.0488506842 0.00899999976
v -0.0383059335 0.0490892363 0
v -0.0383059335 0.0490892363 0.00100000001
v -0.0383059335 0.0490892363 0.00400000006
v -0.0383059335 0.0490892363 0.00899999976
v -0.0382572198 0.0493286753 0
v -0.0382572198 0.0493286753 0.00100000001
v -0.0382572198 0.0493286753 0.00400000006
v -0.0382572198 0.0493286753 0.00899999976
v -0.0382572198 0.0546713257 0
v -0.0382572198 0.0546713257 0.00100000001
v -0.0382572198 0.0546713257 0.00400000006
v -0.0382572198 0.0546713257 0.00899999976
v -0.0383059335 0.0549107647 0
v -0.0383059335 0.0549107647 0.00100000001
v -0.0383059335 0.0549107647 0.00400000006
v -0.0383059335 0.0549107647 0.00899999976
v -0.0383588195 0.0551493168 0
v -0.0383588195 0.0551493168 0.00100000001
v -0.0383588195 0.0551493168 0.00400000006
v -0.0383588195 0.0551493168 0.00899999976
v -0.0384158587 0.0553869057 0
v -0.0384158587 0.0553869057 0.00100000001
v -0.0384158587 0.0553869057 0.00400000006
v -0.0384158587 0.0553869057 0.00899999976
v -0.0384770393 0.0556234646 0
v -0.0384770393 0.0556234646 0.00100000001
v -0.0384770393 0.0556234646 0.00400000006
v -0.0384770393 0.0556234646 0.00899999976
v -0.0382126904 -0.054431076 0
v -0.0382126904 -0.054431076 0.00100000001
v -0.0382126904 -0.054431076 0.00400000006
v -0.0382126904 -0.054431076 0.00899999976
v -0.0381723642 -0.0541900826 0
v -0.0381723642 -0.0541900826 0.00100000001
v -0.0381723642 -0.0541900826 0.00400000006
v -0.0381723642 -0.0541900826 0.00899999976
v -0.0381362462 -0.0539484215 0
v -0.0381362462 -0.0539484215 0.00100000001
v -0.0381362462 -0.0539484215 0.00400000006
v -0.0381362462 -0.0539484215 0.00899999976
v -0.038104353 -0.0537061691 0
v -0.038104353 -0.0537061691 0.00100000001
v -0.038104353 -0.0537061691 0.00400000006
v -0.038104353 -0.0537061691 0.00899999976
v -0.038076694 -0.053463397 0
v -0.038076694 -0.053463397 0.00100000001
v -0.038076694 -0.053463397 0.00400000006
v -0.038076694 -0.053463397 0.00899999976
v -0.0380532742 -0.0532201815 0
v -0.0380532742 -0.0532201815 0.00100000001
v -0.0380532742 -0.0532201815 0.00400000006
v -0.0380532742 -0.0532201815 0.00899999976
v -0.0380341029 -0.0529765892 0
v -0.0380341029 -0.0529765892 0.00100000001
v -0.0380341029 -0.0529765892 0.00400000006
v -0.0380341029 -0.0529765892 0.00899999976
v -0.0380191875 -0.0527327013 0
v -0.0380191875 -0.0527327013 0.00100000001
v -0.0380191875 -0.0527327013 0.00400000006
v -0.0380191875 -0.0527327013 0.00899999976
v -0.0380085278 -0.0524885941 0
v -0.0380085278 -0.0524885941 0.00100000001
v -0.0380085278 -0.0524885941 0.00400000006
v -0.0380085278 -0.0524885941 0.00899999976
v -0.0380021334 -0.0522443342 0
v -0.0380021334 -0.0522443342 0.00100000001
v -0.0380021334 -0.0522443342 0.00400000006
v -0.0380021334 -0.0522443342 0.00899999976
v -0.0380021334 -0.0517556667 0
v -0.0380021334 -0.0517556667 0.00100000001
v -0.0380021334 -0.0517556667 0.00400000006
v -0.0380021334 -0.0517556667 0.00899999976
v -0.0380085278 -0.0515114069 0
v -0.0380085278 -0.0515114069 0.00100000001
v -0.0380085278 -0.0515114069 0.00400000006
v -0.0380085278 -0.0515114069 0.00899999976
v -0.0380191875 -0.0512672949 0
v -0.0380191875 -0.0512672949 0.00100000001
v -0.0380191875 -0.0512672949 0.00400000006
v -0.0380191875 -0.0512672949 0.00899999976
v -0.0380341029 -0.0510234118 0
v -0.0380341029 -0.0510234118 0.00100000001
v -0.0380341029 -0.0510234118 0.00400000006
v -0.0380341029 -0.0510234118 0.00899999976
v -0.0380532742 -0.0507798195 0
v -0.0380532742 -0.0507798195 0.00100000001
v -0.0380532742 -0.0507798195 0.00400000006
v -0.0380532742 -0.0507798195 0.00899999976
v -0.038076694 -0.0505365992 0
v -0.038076694 -0.0505365992 0.00100000001
v -0.038076694 -0.0505365992 0.00400000006
v -0.038076694 -0.0505365992 0.00899999976
v -0.038104353 -0.0502938271 0
v -0.038104353 -0.0502938271 0.00100000001
v -0.038104353 -0.0502938271 0.00400000006
v -0.038104353 -0.0502938271 0.00899999976
v -0.0381362462 -0.0500515747 0
v -0.0381362462 -0.0500515747 0.00100000001
v -0.0381362462 -0.0500515747 0.00400000006
v -0.0381362462 -0.0500515747 0.00899999976
v -0.0381723642 -0.0498099184 0
v -0.0381723642 -0.0498099184 0.00100000001
v -0.0381723642 -0.0498099184 0.00400000006
v -0.0381723642 -0.0498099184 0.00899999976
v -0.0382126904 -0.0495689249 0
v -0.0382126904 -0.0495689249 0.00100000001
v -0.0382126904 -0.0495689249 0.00400000006
v -0.0382126904 -0.0495689249 0.00899999976
v -0.0382126904 0.0495689249 0
v -0.0382126904 0.0495689249 0.00100000001
v -0.0382126904 0.0495689249 0.00400000006
v -0.0382126904 0.0495689249 0.00899999976
v -0.0381723642 0.0498099184 0
v -0.0381723642 0.0498099184 0.00100000001
v -0.0381723642 0.0498099184 0.00400000006
v -0.0381723642 0.0498099184 0.00899999976
v -0.0381362462 0.0500515747 0
v -0.0381362462 0.0500515747 0.00100000001
v -0.0381362462 0.0500515747 0.00400000006
v -0.0381362462 0.0500515747 0.00899999976
v -0.038104353 0.0502938271 0
v -0.038104353 0.0502938271 0.00100000001
v -0.038104353 0.0502938271 0.00400000006
v -0.038104353 0.0502938271 0.00899999976
v -0.038076694 0.0505365992 0
v -0.038076694 0.0505365992 0.00100000001
v -0.038076694 0.0505365992 0.00400000006
v -0.038076694 0.0505365992 0.00899999976
v -0.0380532742 0.0507798195 0
v -0.0380532742 0.0507798195 0.00100000001
v -0.0380532742 0.0507798195 0.00400000006
v -0.0380532742 0.0507798195 0.00899999976
v -0.0380341029 0.0510234118 0
v -0.0380341029 0.0510234118 0.00100000001
v -0.0380341029 0.0510234118 0.00400000006
v -0.0380341029 0.0510234118 0.00899999976
v -0.0380191875 0.0512672949 0
v -0.0380191875 0.0512672949 0.00100000001
v -0.0380191875 0.0512672949 0.00400000006
v -0.0380191875 0.0512672949 0.00899999976
v -0.0380085278 0.0515114069 0
v -0.0380085278 0.0515114069 0.00100000001
v -0.0380085278 0.0515114069 0.00400000006
v -0.0380085278 0.0515114069 0.00899999976
v -0.0380021334 0.0517556667 0
v -0.0380021334 0.0517556667 0.00100000001
v -0.0380021334 0.0517556667 0.00400000006
v -0.0380021334 0.0517556667 0.00899999976
v -0.0380021334 0.0522443342 0
v -0.0380021334 0.0522443342 0.00100000001
v -0.0380021334 0.0522443342 0.00400000006
v -0.0380021334 0.0522443342 0.00899999976
v -0.0380085278 0.0524885941 0
v -0.0380085278 0.0524885941 0.00100000001
v -0.0380085278 0.0524885941 0.00400000006
v -0.0380085278 0.0524885941 0.00899999976
v -0.0380191875 0.0527327013 0
v -0.0380191875 0.0527327013 0.00100000001
v -0.0380191875 0.0527327013 0.00400000006
v -0.0380191875 0.0527327013 0.00899999976
v -0.0380341029 0.0529765892 0
v -0.0380341029 0.0529765892 0.00100000001
v -0.0380341029 0.0529765892 0.00400000006
v -0.0380341029 0.0529765892 0.00899999976
v -0.0380532742 0.0532201815 0
v -0.0380532742 0.0532201815 0.00100000001
v -0.0380532742 0.0532201815 0.00400000006
v -0.0380532742 0.0532201815 0.00899999976
v -0.038076694 0.053463397 0
v -0.038076694 0.053463397 0.00100000001
v -0.038076694 0.053463397 0.00400000006
v -0.038076694 0.053463397 0.00899999976
v -0.038104353 0.0537061691 0
v -0.038104353 0.0537061691 0.00100000001
v -0.038104353 0.0537061691 0.00400000006
v -0.038104353 0.0537061691 0.00899999976
v -0.0381362462 0.0539484215 0
v -0.0381362462 0.0539484215 0.00100000001
v -0.0381362462 0.0539484215 0.00400000006
v -0.0381362462 0.0539484215 0.00899999976
v -0.0381723642 0.0541900826 0
v -0.0381723642 0.0541900826 0.00100000001
v -0.0381723642 0.0541900826 0.00400000006
v -0.0381723642 0.0541900826 0.00899999976
v -0.0382126904 0.054431076 0
v -0.0382126904 0.054431076 0.00100000001
v -0.0382126904 0.054431076 0.00400000006
v -0.0382126904 0.054431076 0.00899999976
v -0.0379999995 -0.0519999981 0
v -0.0379999995 -0.0519999981 0.00100000001
v -0.0379999995 -0.0519999981 0.00400000006
v -0.0379999995 -0.0519999981 0.00899999976
v -0.0379999995 0.0519999981 0
v -0.0379999995 0.0519999981 0.00100000001
v -0.0379999995 0.0519999981 0.00400000006
v -0.0379999995 0.0519999981 0.00899999976
v -0.0346051741 -0.0495958376 0.00100000001
v -0.0346051741 -0.0495958376 0.00400000006
v -0.0346051741 0.0495958376 0.00100000001
v -0.0346051741 0.0495958376 0.00400000006
v -0.0201094842 -0.00511882067 0.00100000001
v -0.0201094842 -0.00511882067 0.00400000006
v -0.0201094842 0.00511882067 0.00100000001
v -0.0201094842 0.00511882067 0.00400000006
v -0.0179999995 -0.005 0.00100000001
v -0.0179999995 -0.005 0.00400000006
v -0.0179999995 0.005 0.00100000001
v -0.0179999995 0.005 0.00400000006
v -0.0152542543 -0.00635794044 0.00100000001
v -0.0152665329 -0.0062803942 0.00400000006
v -0.0152716553 -0.00624147236 0.00100000001
v -0.015288074 -0.00600660443 0.00400000006
v -0.0152884161 -0.00596734881 0.00100000001
v -0.0152798593 -0.00577130735 0.00400000006
v -0.0152760983 -0.00573222995 0.00100000001
v -0.0152542543 -0.0055767566 0.00400000006
v -0.0152542543 0.0055767566 0.00100000001
v -0.0152760983 0.00573222995 0.00400000006
v -0.0152798593 0.00577130735 0.00100000001
v -0.0152884161 0.00596734881 0.00400000006
v -0.015288074 0.00600660443 0.00100000001
v -0.0152716553 0.00624147236 0.00400000006
v -0.0152665329 0.0062803942 0.00100000001
v -0.0152542543 0.00635794044 0.00400000006
v -0.0150064766 -0.00705787003 0.00100000001
v -0.0150252044 -0.00702336669 0.00400000006
v -0.0150433266 -0.00698854208 0.00100000001
v -0.0151390612 -0.00677344441 0.00400000006
v -0.015152806 -0.00673667133 0.00100000001
v -0.015221622 -0.0065115118 0.00400000006
v -0.0152307832 -0.0064733386 0.00100000001
v -0.0152471018 -0.006396541 0.00400000006
v -0.0152471018 -0.00553815603 0.00100000001
v -0.0152471018 -0.00553815603 0.00400000006
v -0.0152392781 -0.005499686 0.00100000001
v -0.0151783597 -0.00527226269 0.00400000006
v -0.015165906 -0.00523503304 0.00100000001
v -0.015077734 -0.00501672566 0.00400000006
v -0.0150608385 -0.0049812901 0.00100000001
v -0.0150064766 -0.0048768273 0.00400000006
v -0.0150064766 0.0048768273 0.00100000001
v -0.0150608385 0.0049812901 0.00400000006
v -0.015077734 0.00501672566 0.00100000001
v -0.015165906 0.00523503304 0.00400000006
v -0.0151783597 0.00527226269 0.00100000001
v -0.0152392781 0.005499686 0.00400000006
v -0.0152471018 0.00553815603 0.00100000001
v -0.0152471018 0.00553815603 0.00400000006
v -0.0152471018 0.006396541 0.00100000001
v -0.0152307832 0.0064733386 0.00400000006
v -0.015221622 0.0065115118 0.00100000001
v -0.015152806 0.00673667133 0.00400000006
v -0.0151390612 0.00677344441 0.00100000001
v -0.0150433266 0.00698854208 0.00400000006
v -0.0150252044 0.00702336669 0.00100000001
v -0.0150064766 0.00705787003 0.00400000006
v -0.0147623205 -0.00741325796 0.00100000001
v -0.0148817456 -0.00725755632 0.00400000006
v -0.0149039757 -0.00722519875 0.00100000001
v -0.0149871516 -0.00709204078 0.00400000006
v -0.0149871516 -0.00484265625 0.00100000001
v -0.0149467254 -0.00477535158 0.00400000006
v -0.0149256384 -0.00474223852 0.00100000001
v -0.0147623205 -0.00452143908 0.00400000006
v -0.0147623205 0.00452143908 0.00100000001
v -0.0149256384 0.00474223852 0.00400000006
v -0.0149467254 0.00477535158 0.00100000001
v -0.0149871516 0.00484265625 0.00400000006
v -0.0149871516 0.00709204078 0.00100000001
v -0.0149039757 0.00722519875 0.00400000006
v -0.0148817456 0.00725755632 0.00100000001
v -0.0147623205 0.00741325796 0.00400000006
v -0.0145149875 -0.00766506433 0.00100000001
v -0.0146843088 -0.00750147223 0.00400000006
v -0.0147108245 -0.00747252285 0.00100000001
v -0.0147368312 -0.00744311512 0.00400000006
v -0.0147368312 -0.00449158221 0.00100000001
v -0.0145149875 -0.0042696327 0.00400000006
v -0.0145149875 0.0042696327 0.00100000001
v -0.0147368312 0.00449158221 0.00400000006
v -0.0147368312 0.00744311512 0.00100000001
v -0.0147108245 0.00747252285 0.00400000006
v -0.0146843088 0.00750147223 0.00100000001
v -0.0145149875 0.00766506433 0.00400000006
v -0.0142644203 -0.0078539896 0.00100000001
v -0.0143930018 -0.00776390076 0.00400000006
v -0.0144241393 -0.00773999393 0.00100000001
v -0.0144851422 -0.00769056797 0.00400000006
v -0.0144851422 -0.00424412906 0.00100000001
v -0.0142644203 -0.00408070743 0.00400000006
v -0.0142644203 0.00408070743 0.00100000001
v -0.0144851422 0.00424412906 0.00400000006
v -0.0144851422 0.00769056797 0.00100000001
v -0.0144241393 0.00773999393 0.00400000006
v -0.0143930018 0.00776390076 0.00100000001
v -0.0142644203 0.0078539896 0.00400000006
v -0.0140254319 -0.00798930287 0.00100000001
v -0.014231317 -0.00787509263 0.00400000006
v -0.014231317 -0.00405960441 0.00100000001
v -0.0141640317 -0.00401914656 0.00400000006
v -0.0141298699 -0.00399980456 0.00100000001
v -0.0140254319 -0.00394539416 0.00400000006
v -0.0140254319 0.00394539416 0.00100000001
v -0.0141298699 0.00399980456 0.00400000006
v -0.0141640317 0.00401914656 0.00100000001
v -0.014231317 0.00405960441 0.00400000006
v -0.014231317 0.00787509263 0.00100000001
v -0.0140254319 0.00798930287 0.00400000006
v -0.013771739 -0.00809449136 0.00100000001
v -0.0139900053 -0.00800621569 0.00400000006
v -0.0139900053 -0.00392848134 0.00100000001
v -0.013771739 -0.00384020567 0.00400000006
v -0.013771739 0.00384020567 0.00100000001
v -0.0139900053 0.00392848134 0.00400000006
v -0.0139900053 0.00800621569 0.00100000001
v -0.013771739 0.00809449136 0.00400000006
v -0.0135071206 -0.00816798866 0.00100000001
v -0.0137345147 -0.00810696244 0.00400000006
v -0.0137345147 -0.00382773489 0.00100000001
v -0.0135071206 -0.00376670867 0.00400000006
v -0.0135071206 0.00376670867 0.00100000001
v -0.0137345147 0.00382773489 0.00400000006
v -0.0137345147 0.00810696244 0.00100000001
v -0.0135071206 0.00816798866 0.00400000006
v -0.0132745945 -0.0082049185 0.00100000001
v -0.0134686542 -0.00817583084 0.00400000006
v -0.0134686542 -0.00375886589 0.00100000001
v -0.0134300578 -0.00375169575 0.00400000006
v -0.013391341 -0.00374520004 0.00100000001
v -0.0132745945 -0.00372977853 0.00400000006
v -0.0132745945 0.00372977853 0.00100000001
v -0.013391341 0.00374520004 0.00400000006
v -0.0134300578 0.00375169575 0.00100000001
v -0.0134686542 0.00375886589 0.00400000006
v -0.0134686542 0.00817583084 0.00100000001
v -0.0132745945 0.0082049185 0.00400000006
v -0.013000226 -0.00821702421 0.00100000001
v -0.0132355189 -0.00820869863 0.00400000006
v -0.0132355189 -0.0037259984 0.00100000001
v -0.013000226 -0.00371767282 0.00400000006
v -0.013000226 0.00371767282 0.00100000001
v -0.0132355189 0.0037259984 0.00400000006
v -0.0132355189 0.00820869863 0.00100000001
v -0.013000226 0.00821702421 0.00400000006
v -0.0127653503 -0.00820071697 0.00100000001
v -0.0129609811 -0.0082160157 0.00400000006
v -0.0129609811 -0.00371868134 0.00100000001
v -0.0127653503 -0.00373398006 0.00400000006
v -0.0127653503 0.00373398006 0.00100000001
v -0.0129609811 0.00371868134 0.00400000006
v -0.0129609811 0.0082160157 0.00100000001
v -0.0127653503 0.00820071697 0.00400000006
v -0.0125334644 -0.00815995514 0.00100000001
v -0.0127264261 -0.00819561303 0.00400000006
v -0.0126488733 -0.00375132591 0.00100000001
v -0.0125334644 -0.00377474189 0.00400000006
v -0.0127264261 -0.0037390843 0.00100000001
v -0.0126875961 -0.00374486685 0.00400000006
v -0.0126875961 0.00374486685 0.00100000001
v -0.0127264261 0.0037390843 0.00400000006
v -0.0125334644 0.00377474189 0.00100000001
v -0.0126488733 0.00375132591 0.00400000006
v -0.0127264261 0.00819561303 0.00100000001
v -0.0125334644 0.00815995514 0.00400000006
v -0.0122700953 -0.00808210194 0.00100000001
v -0.0124952865 -0.0081508112 0.00400000006
v -0.0124952865 -0.00378388554 0.00100000001
v -0.0122700953 -0.00385259509 0.00400000006
v -0.0122700953 0.00385259509 0.00100000001
v -0.0124952865 0.00378388554 0.00400000006
v -0.0124952865 0.0081508112 0.00100000001
v -0.0122700953 0.00808210194 0.00400000006
v -0.0120887589 -0.00800711632 0.00100000001
v -0.0122333157 -0.00806837499 0.00400000006
v -0.0120181715 -0.00797274172 0.00100000001
v -0.0120533156 -0.00799023688 0.00400000006
v -0.0122333157 -0.00386632204 0.00100000001
v -0.0120181715 -0.00396195531 0.00400000006
v -0.0120181715 0.00396195531 0.00100000001
v -0.0122333157 0.00386632204 0.00400000006
v -0.0120533156 0.00799023688 0.00100000001
v -0.0120181715 0.00797274172 0.00400000006
v -0.0122333157 0.00806837499 0.00100000001
v -0.0120887589 0.00800711632 0.00400000006
v -0.0117814493 -0.00783350348 0.00100000001
v -0.0119833386 -0.00795463622 0.00400000006
v -0.0119146466 -0.00401808143 0.00100000001
v -0.0117814493 -0.00410119355 0.00400000006
v -0.0119833386 -0.00398006111 0.00100000001
v -0.0119488275 -0.00399877161 0.00400000006
v -0.0119488275 0.00399877161 0.00100000001
v -0.0119833386 0.00398006111 0.00400000006
v -0.0117814493 0.00410119355 0.00100000001
v -0.0119146466 0.00401808143 0.00400000006
v -0.0119833386 0.00795463622 0.00100000001
v -0.0117814493 0.00783350348 0.00400000006
v -0.0116855335 -0.00776518285 0.00100000001
v -0.0117490816 -0.00781128883 0.00400000006
v -0.0115050721 -0.00761396766 0.00100000001
v -0.0116543722 -0.00774130523 0.00400000006
v -0.0115634549 -0.00426823497 0.00100000001
v -0.0115050721 -0.00432072937 0.00400000006
v -0.0117490816 -0.0041234082 0.00100000001
v -0.0115933239 -0.00424275964 0.00400000006
v -0.0115933239 0.00424275964 0.00100000001
v -0.0117490816 0.0041234082 0.00400000006
v -0.0115050721 0.00432072937 0.00100000001
v -0.0115634549 0.00426823497 0.00400000006
v -0.0116543722 0.00774130523 0.00100000001
v -0.0115050721 0.00761396766 0.00400000006
v -0.0117490816 0.00781128883 0.00100000001
v -0.0116855335 0.00776518285 0.00400000006
v -0.0113939774 -0.0075030309 0.00100000001
v -0.0114765763 -0.00758696437 0.00400000006
v -0.011266427 -0.0073539114 0.00100000001
v -0.0113674343 -0.00747410595 0.00400000006
v -0.0113158822 -0.0045198071 0.00100000001
v -0.011266427 -0.00458078593 0.00400000006
v -0.0114765763 -0.00434773237 0.00100000001
v -0.0113414001 -0.00448997408 0.00400000006
v -0.0113414001 0.00448997408 0.00100000001
v -0.0114765763 0.00434773237 0.00400000006
v -0.011266427 0.00458078593 0.00100000001
v -0.0113158822 0.0045198071 0.00400000006
v -0.0113674343 0.00747410595 0.00100000001
v -0.011266427 0.0073539114 0.00400000006
v -0.0114765763 0.00758696437 0.00100000001
v -0.0113939774 0.0075030309 0.00400000006
v -0.0110000002 -0.0110000002 0.00100000001
v -0.0110000002 -0.0110000002 0.00400000006
v -0.0111963093 -0.00725930154 0.00100000001
v -0.0112425053 -0.00732278407 0.00400000006
v -0.0110526299 -0.00702524781 0.00100000001
v -0.0111740494 -0.00722696483 0.00400000006
v -0.0110000002 -0.00691990256 0.00100000001
v -0.0110000002 -0.00691990256 0.00400000006
v -0.0110000002 -0.00501479447 0.00100000001
v -0.0110000002 -0.00501479447 0.00400000006
v -0.0111312377 -0.00477354467 0.00100000001
v -0.0110169291 -0.0049793753 0.00400000006
v -0.0112425053 -0.00461191326 0.00100000001
v -0.0111523557 -0.00474045157 0.00400000006
v -0.0111523557 0.00474045157 0.00100000001
v -0.0112425053 0.00461191326 0.00400000006
v -0.0110169291 0.0049793753 0.00100000001
v -0.0111312377 0.00477354467 0.00400000006
v -0.0110000002 0.00501479447 0.00100000001
v -0.0110000002 0.00501479447 0.00400000006
v -0.0110344744 0.00699044049 0.00100000001
v -0.0110000002 0.00691990256 0.00400000006
v -0.0111740494 0.00722696483 0.00100000001
v -0.0110526299 0.00702524781 0.00400000006
v -0.0112425053 0.00732278407 0.00100000001
v -0.0111963093 0.00725930154 0.00400000006
v -0.0110000002 0.0110000002 0.00100000001
v -0.0110000002 0.0110000002 0.00400000006
v -0.00800621569 -0.0139900053 0.00100000001
v -0.00809449136 -0.013771739 0.00400000006
v -0.00810696244 -0.0137345147 0.00100000001
v -0.00816798866 -0.0135071206 0.00400000006
v -0.00817583084 -0.0134686542 0.00100000001
v -0.0082049185 -0.0132745945 0.00400000006
v -0.00820869863 -0.0132355189 0.00100000001
v -0.00821702421 -0.013000226 0.00400000006
v -0.0082160157 -0.0129609811 0.00100000001
v -0.00820071697 -0.0127653503 0.00400000006
v -0.00819561303 -0.0127264261 0.00100000001
v -0.00815995514 -0.0125334644 0.00400000006
v -0.0081508112 -0.0124952865 0.00100000001
v -0.00808210194 -0.0122700953 0.00400000006
v -0.00806837499 -0.0122333157 0.00100000001
v -0.00800711632 -0.0120887589 0.00400000006
v -0.00800711632 0.0120887589 0.00100000001
v -0.00806837499 0.0122333157 0.00400000006
v -0.00808210194 0.0122700953 0.00100000001
v -0.0081508112 0.0124952865 0.00400000006
v -0.00815995514 0.0125334644 0.00100000001
v -0.00819561303 0.0127264261 0.00400000006
v -0.00820071697 0.0127653503 0.00100000001
v -0.0082160157 0.0129609811 0.00400000006
v -0.00821702421 0.013000226 0.00100000001
v -0.00820869863 0.0132355189 0.00400000006
v -0.0082049185 0.0132745945 0.00100000001
v -0.00817583084 0.0134686542 0.00400000006
v -0.00816798866 0.0135071206 0.00100000001
v -0.00810696244 0.0137345147 0.00400000006
v -0.00809449136 0.013771739 0.00100000001
v -0.00800621569 0.0139900053 0.00400000006
v -0.00776390076 -0.0143930018 0.00100000001
v -0.0078539896 -0.0142644203 0.00400000006
v -0.00787509263 -0.014231317 0.00100000001
v -0.00798930287 -0.0140254319 0.00400000006
v -0.00799023688 -0.0120533156 0.00100000001
v -0.00797274172 -0.0120181715 0.00400000006
v -0.00795463622 -0.0119833386 0.00100000001
v -0.00783350348 -0.0117814493 0.00400000006
v -0.00781128883 -0.0117490816 0.00100000001
v -0.00776518285 -0.0116855335 0.00400000006
v -0.00776518285 0.0116855335 0.00100000001
v -0.00781128883 0.0117490816 0.00400000006
v -0.00783350348 0.0117814493 0.00100000001
v -0.00795463622 0.0119833386 0.00400000006
v -0.00797274172 0.0120181715 0.00100000001
v -0.00799023688 0.0120533156 0.00400000006
v -0.00798930287 0.0140254319 0.00100000001
v -0.00787509263 0.014231317 0.00400000006
v -0.0078539896 0.0142644203 0.00100000001
v -0.00776390076 0.0143930018 0.00400000006
v -0.00750147223 -0.0146843088 0.00100000001
v -0.00766506433 -0.0145149875 0.00400000006
v -0.00769056797 -0.0144851422 0.00100000001
v -0.00773999393 -0.0144241393 0.00400000006
v -0.00774130523 -0.0116543722 0.00100000001
v -0.00761396766 -0.0115050721 0.00400000006
v -0.00758696437 -0.0114765763 0.00100000001
v -0.0075030309 -0.0113939774 0.00400000006
v -0.0075030309 0.0113939774 0.00100000001
v -0.00758696437 0.0114765763 0.00400000006
v -0.00761396766 0.0115050721 0.00100000001
v -0.00774130523 0.0116543722 0.00400000006
v -0.00773999393 0.0144241393 0.00100000001
v -0.00769056797 0.0144851422 0.00400000006
v -0.00766506433 0.0145149875 0.00100000001
v -0.00750147223 0.0146843088 0.00400000006
v -0.00725755632 -0.0148817456 0.00100000001
v -0.00741325796 -0.0147623205 0.00400000006
v -0.00744311512 -0.0147368312 0.00100000001
v -0.00747252285 -0.0147108245 0.00400000006
v -0.00747410595 -0.0113674343 0.00100000001
v -0.0073539114 -0.011266427 0.00400000006
v -0.00732278407 -0.0112425053 0.00100000001
v -0.00725930154 -0.0111963093 0.00400000006
v -0.00725930154 0.0111963093 0.00100000001
v -0.00732278407 0.0112425053 0.00400000006
v -0.0073539114 0.011266427 0.00100000001
v -0.00747410595 0.0113674343 0.00400000006
v -0.00747252285 0.0147108245 0.00100000001
v -0.00744311512 0.0147368312 0.00400000006
v -0.00741325796 0.0147623205 0.00100000001
v -0.00725755632 0.0148817456 0.00400000006
v -0.00702336669 -0.0150252044 0.00100000001
v -0.00705787003 -0.0150064766 0.00400000006
v -0.00709204078 -0.0149871516 0.00100000001
v -0.00722519875 -0.0149039757 0.00400000006
v -0.00722696483 -0.0111740494 0.00100000001
v -0.00702524781 -0.0110526299 0.00400000006
v -0.00702524781 0.0110526299 0.00100000001
v -0.00722696483 0.0111740494 0.00400000006
v -0.00722519875 0.0149039757 0.00100000001
v -0.00709204078 0.0149871516 0.00400000006
v -0.00705787003 0.0150064766 0.00100000001
v -0.00702336669 0.0150252044 0.00400000006
v -0.00677344441 -0.0151390612 0.00100000001
v -0.00698854208 -0.0150433266 0.00400000006
v -0.00699044049 -0.0110344744 0.00100000001
v -0.00691990256 -0.0110000002 0.00400000006
v -0.00691990256 0.0110000002 0.00100000001
v -0.00691990256 0.0110000002 0.00400000006
v -0.00698854208 0.0150433266 0.00100000001
v -0.00677344441 0.0151390612 0.00400000006
v -0.0065115118 -0.015221622 0.00100000001
v -0.00673667133 -0.015152806 0.00400000006
v -0.00673667133 0.015152806 0.00100000001
v -0.0065115118 0.015221622 0.00400000006
v -0.0062803942 -0.0152665329 0.00100000001
v -0.00635794044 -0.0152542543 0.00400000006
v -0.006396541 -0.0152471018 0.00100000001
v -0.0064733386 -0.0152307832 0.00400000006
v -0.0064733386 0.0152307832 0.00100000001
v -0.006396541 0.0152471018 0.00400000006
v -0.00635794044 0.0152542543 0.00100000001
v -0.0062803942 0.0152665329 0.00400000006
v -0.00600660443 -0.015288074 0.00100000001
v -0.00624147236 -0.0152716553 0.00400000006
v -0.00624147236 0.0152716553 0.00100000001
v -0.00600660443 0.015288074 0.00400000006
v -0.00577130735 -0.0152798593 0.00100000001
v -0.00596734881 -0.0152884161 0.00400000006
v -0.00596734881 0.0152884161 0.00100000001
v -0.00577130735 0.0152798593 0.00400000006
v -0.0055767566 -0.0152542543 0.00100000001
v -0.00573222995 -0.0152760983 0.00400000006
v -0.00553815603 -0.0152471018 0.00100000001
v -0.00553815603 -0.0152471018 0.00400000006
v -0.00553815603 0.0152471018 0.00100000001
v -0.00553815603 0.0152471018 0.00400000006
v -0.00573222995 0.0152760983 0.00100000001
v -0.0055767566 0.0152542543 0.00400000006
v -0.00527226269 -0.0151783597 0.00100000001
v -0.005499686 -0.0152392781 0.00400000006
v -0.005499686 0.0152392781 0.00100000001
v -0.00527226269 0.0151783597 0.00400000006
v -0.00511882067 -0.0201094842 0.00100000001
v -0.00511882067 -0.0201094842 0.00400000006
v -0.00501672566 -0.015077734 0.00100000001
v -0.00523503304 -0.015165906 0.00400000006
v -0.00501479447 -0.0110000002 0.00100000001
v -0.00501479447 -0.0110000002 0.00400000006
v -0.00501479447 0.0110000002 0.00100000001
v -0.00501479447 0.0110000002 0.00400000006
v -0.00523503304 0.015165906 0.00100000001
v -0.00501672566 0.015077734 0.00400000006
v -0.00511882067 0.0201094842 0.00100000001
v -0.00511882067 0.0201094842 0.00400000006
v -0.005 -0.05 0.00100000001
v -0.005 -0.05 0.00400000006
v -0.005 -0.0179999995 0.00100000001
v -0.005 -0.0179999995 0.00400000006
v -0.0048768273 -0.0150064766 0.00100000001
v -0.0049812901 -0.0150608385 0.00400000006
v -0.00477535158 -0.0149467254 0.00100000001
v -0.00484265625 -0.0149871516 0.00400000006
v -0.0049793753 -0.0110169291 0.00100000001
v -0.00477354467 -0.0111312377 0.00400000006
v -0.00477354467 0.0111312377 0.00100000001
v -0.0049793753 0.0110169291 0.00400000006
v -0.00484265625 0.0149871516 0.00100000001
v -0.00477535158 0.0149467254 0.00400000006
v -0.0049812901 0.0150608385 0.00100000001
v -0.0048768273 0.0150064766 0.00400000006
v -0.005 0.0179999995 0.00100000001
v -0.005 0.0179999995 0.00400000006
v -0.005 0.05 0.00100000001
v -0.005 0.05 0.00400000006
v -0.00452143908 -0.0147623205 0.00100000001
v -0.00474223852 -0.0149256384 0.00400000006
v -0.00458078593 -0.011266427 0.00100000001
v -0.0045198071 -0.0113158822 0.00400000006
v -0.00474045157 -0.0111523557 0.00100000001
v -0.00461191326 -0.0112425053 0.00400000006
v -0.00461191326 0.0112425053 0.00100000001
v -0.00474045157 0.0111523557 0.00400000006
v -0.0045198071 0.0113158822 0.00100000001
v -0.00458078593 0.011266427 0.00400000006
v -0.00474223852 0.0149256384 0.00100000001
v -0.00452143908 0.0147623205 0.00400000006
v -0.0042696327 -0.0145149875 0.00100000001
v -0.00449158221 -0.0147368312 0.00400000006
v -0.00432072937 -0.0115050721 0.00100000001
v -0.00426823497 -0.0115634549 0.00400000006
v -0.00448997408 -0.0113414001 0.00100000001
v -0.00434773237 -0.0114765763 0.00400000006
v -0.00434773237 0.0114765763 0.00100000001
v -0.00448997408 0.0113414001 0.00400000006
v -0.00426823497 0.0115634549 0.00100000001
v -0.00432072937 0.0115050721 0.00400000006
v -0.00449158221 0.0147368312 0.00100000001
v -0.0042696327 0.0145149875 0.00400000006
v -0.00408070743 -0.0142644203 0.00100000001
v -0.00424412906 -0.0144851422 0.00400000006
v -0.00401914656 -0.0141640317 0.00100000001
v -0.00405960441 -0.014231317 0.00400000006
v -0.00410119355 -0.0117814493 0.00100000001
v -0.00401808143 -0.0119146466 0.00400000006
v -0.00424275964 -0.0115933239 0.00100000001
v -0.0041234082 -0.0117490816 0.00400000006
v -0.0041234082 0.0117490816 0.00100000001
v -0.00424275964 0.0115933239 0.00400000006
v -0.00401808143 0.0119146466 0.00100000001
v -0.00410119355 0.0117814493 0.00400000006
v -0.00405960441 0.014231317 0.00100000001
v -0.00401914656 0.0141640317 0.00400000006
v -0.00424412906 0.0144851422 0.00100000001
v -0.00408070743 0.0142644203 0.00400000006
v -0.00394539416 -0.0140254319 0.00100000001
v -0.00399980456 -0.0141298699 0.00400000006
v -0.00384020567 -0.013771739 0.00100000001
v -0.00392848134 -0.0139900053 0.00400000006
v -0.00376670867 -0.0135071206 0.00100000001
v -0.00382773489 -0.0137345147 0.00400000006
v -0.00375169575 -0.0134300578 0.00100000001
v -0.00375886589 -0.0134686542 0.00400000006
v -0.00377474189 -0.0125334644 0.00100000001
v -0.00375132591 -0.0126488733 0.00400000006
v -0.00385259509 -0.0122700953 0.00100000001
v -0.00378388554 -0.0124952865 0.00400000006
v -0.00396195531 -0.0120181715 0.00100000001
v -0.00386632204 -0.0122333157 0.00400000006
v -0.00399877161 -0.0119488275 0.00100000001
v -0.00398006111 -0.0119833386 0.00400000006
v -0.00398006111 0.0119833386 0.00100000001
v -0.00399877161 0.0119488275 0.00400000006
v -0.00386632204 0.0122333157 0.00100000001
v -0.00396195531 0.0120181715 0.00400000006
v -0.00378388554 0.0124952865 0.00100000001
v -0.00385259509 0.0122700953 0.00400000006
v -0.00375132591 0.0126488733 0.00100000001
v -0.00377474189 0.0125334644 0.00400000006
v -0.00375886589 0.0134686542 0.00100000001
v -0.00375169575 0.0134300578 0.00400000006
v -0.00382773489 0.0137345147 0.00100000001
v -0.00376670867 0.0135071206 0.00400000006
v -0.00392848134 0.0139900053 0.00100000001
v -0.00384020567 0.013771739 0.00400000006
v -0.00399980456 0.0141298699 0.00100000001
v -0.00394539416 0.0140254319 0.00400000006
v -0.00372977853 -0.0132745945 0.00100000001
v -0.00374520004 -0.013391341 0.00400000006
v -0.00371767282 -0.013000226 0.00100000001
v -0.0037259984 -0.0132355189 0.00400000006
v -0.00373398006 -0.0127653503 0.00100000001
v -0.00371868134 -0.0129609811 0.00400000006
v -0.00374486685 -0.0126875961 0.00100000001
v -0.0037390843 -0.0127264261 0.00400000006
v -0.0037390843 0.0127264261 0.00100000001
v -0.00374486685 0.0126875961 0.00400000006
v -0.00371868134 0.0129609811 0.00100000001
v -0.00373398006 0.0127653503 0.00400000006
v -0.0037259984 0.0132355189 0.00100000001
v -0.00371767282 0.013000226 0.00400000006
v -0.00374520004 0.013391341 0.00100000001
v -0.00372977853 0.0132745945 0.00400000006
v -0.00326753139 -0.0632542896 0.00400000006
v -0.00326753139 -0.0632542896 0.04
v -0.00334706664 -0.0630233002 0.00400000006
v -0.00334706664 -0.0630233002 0.04
v -0.00341029525 -0.0627873278 0.00400000006
v -0.00341029525 -0.0627873278 0.04
v -0.00345690906 -0.0625475216 0.00400000006
v -0.00345690906 -0.0625475216 0.04
v -0.00348668158 -0.0623050451 0.00400000006
v -0.00348668158 -0.0623050451 0.04
v -0.00349946707 -0.0620610857 0.00400000006
v -0.00349946707 -0.0620610857 0.04
v -0.00349999994 -0.0619999981 0.00400000006
v -0.00349147409 -0.0617558527 0.04
v -0.00346593827 -0.0615128946 0.00400000006
v -0.00346593827 -0.0615128946 0.04
v -0.00342351675 -0.0612723112 0.00400000006
v -0.00342351675 -0.0612723112 0.04
v -0.00336441606 -0.0610352707 0.00400000006
v -0.00336441606 -0.0610352707 0.04
v -0.0032889241 -0.0608029318 0.00400000006
v -0.0032889241 -0.0608029318 0.04
v -0.00326753139 -0.0607457113 0.00400000006
v -0.00326753139 -0.0607457113 0.04
v -0.00326753139 0.0607457113 0.00400000006
v -0.00326753139 0.0607457113 0.04
v -0.00334706664 0.0609767008 0.00400000006
v -0.0032889241 0.0608029318 0.04
v -0.00341029525 0.0612126732 0.00400000006
v -0.00336441606 0.0610352707 0.04
v -0.00345690906 0.0614524794 0.00400000006
v -0.00342351675 0.0612723112 0.04
v -0.00348668158 0.0616949558 0.00400000006
v -0.00346593827 0.0615128946 0.04
v -0.00349999994 0.0619999981 0.00400000006
v -0.00349147409 0.0617558527 0.04
v -0.00349147409 0.0622441483 0.00400000006
v -0.00349946707 0.0620610857 0.04
v -0.00346593827 0.0624871063 0.00400000006
v -0.00348668158 0.0623050451 0.04
v -0.00342351675 0.0627276897 0.00400000006
v -0.00345690906 0.0625475216 0.04
v -0.00336441606 0.0629647303 0.00400000006
v -0.00341029525 0.0627873278 0.04
v -0.0032889241 0.0631970692 0.00400000006
v -0.00334706664 0.0630233002 0.04
v -0.00326753139 0.0632542896 0.00400000006
v -0.00326753139 0.0632542896 0.04
v -0.00300008565 -0.0638026333 0.00400000006
v -0.00300008565 -0.0638026333 0.04
v -0.00314577907 -0.0635342979 0.00400000006
v -0.00314577907 -0.0635342979 0.04
v -0.00324514359 -0.0633111238 0.00400000006
v -0.00324514359 -0.0633111238 0.04
v -0.00317207724 -0.0605208349 0.00400000006
v -0.00317207724 -0.0605208349 0.04
v -0.00303108901 -0.060250001 0.00400000006
v -0.00303108901 -0.060250001 0.04
v -0.00300008565 -0.0601973677 0.00400000006
v -0.00300008565 -0.0601973677 0.04
v -0.00300008565 0.0601973677 0.00400000006
v -0.00300008565 0.0601973677 0.04
v -0.00314577907 0.060465703 0.00400000006
v -0.00303108901 0.060250001 0.04
v -0.00324514359 0.0606888771 0.00400000006
v -0.00317207724 0.0605208349 0.04
v -0.00317207724 0.063479166 0.00400000006
v -0.00324514359 0.0633111238 0.04
v -0.00306116909 0.0636968327 0.00400000006
v -0.00314577907 0.0635342979 0.04
v -0.00300008565 0.0638026333 0.00400000006
v -0.00303108901 0.06375 0.04
v -0.00286703229 -0.0640075159 0.00400000006
v -0.00286703229 -0.0640075159 0.04
v -0.00296816826 -0.0638547182 0.00400000006
v -0.00296816826 -0.0638547182 0.04
v -0.00290163159 -0.0600428247 0.00400000006
v -0.00290163159 -0.0600428247 0.04
v -0.00275803775 -0.0598451853 0.00400000006
v -0.00275803775 -0.0598451853 0.04
v -0.00286703229 0.0599924803 0.00400000006
v -0.00275803775 0.0598451853 0.04
v -0.00296816826 0.0601452827 0.00400000006
v -0.00290163159 0.0600428247 0.04
v -0.00290163159 0.0639571762 0.00400000006
v -0.00296816826 0.0638547182 0.04
v -0.00275803775 0.0641548157 0.00400000006
v -0.00286703229 0.0640075159 0.04
v -0.00264148355 -0.0642962074 0.00400000006
v -0.00264148355 -0.0642962074 0.04
v -0.00272001088 -0.0642026234 0.00400000006
v -0.00272001088 -0.0642026234 0.04
v -0.0026811555 -0.0597502422 0.00400000006
v -0.0026811555 -0.0597502422 0.04
v -0.00251768917 -0.059568696 0.00400000006
v -0.00251768917 -0.059568696 0.04
v -0.00264148355 0.0597037935 0.00400000006
v -0.00251768917 0.059568696 0.04
v -0.00272001088 0.0597973776 0.00400000006
v -0.0026811555 0.0597502422 0.04
v -0.0026811555 0.0642497587 0.00400000006
v -0.00272001088 0.0642026234 0.04
v -0.00251768917 0.0644313049 0.00400000006
v -0.00264148355 0.0642962074 0.04
v -0.00243130431 -0.0645176888 0.00400000006
v -0.00243130431 -0.0645176888 0.04
v -0.00247487366 -0.0644748735 0.00400000006
v -0.00247487366 -0.0644748735 0.04
v -0.00247487366 -0.0595251274 0.00400000006
v -0.00247487366 -0.0595251274 0.04
v -0.00229620665 -0.0593585157 0.00400000006
v -0.00229620665 -0.0593585157 0.04
v -0.00243130431 0.0594823122 0.00400000006
v -0.00229620665 0.0593585157 0.04
v -0.00247487366 0.0595251274 0.00400000006
v -0.00247487366 0.0595251274 0.04
v -0.00247487366 0.0644748735 0.00400000006
v -0.00247487366 0.0644748735 0.04
v -0.00229620665 0.0646414852 0.00400000006
v -0.00243130431 0.0645176888 0.04
v -0.0021548152 -0.0647580385 0.00400000006
v -0.0021548152 -0.0647580385 0.04
v -0.0022497566 -0.0646811533 0.00400000006
v -0.0022497566 -0.0646811533 0.04
v -0.0022026214 -0.0592799902 0.00400000006
v -0.0022026214 -0.0592799902 0.04
v -0.00200751752 -0.059132967 0.00400000006
v -0.00200751752 -0.059132967 0.04
v -0.0021548152 0.0592419624 0.00400000006
v -0.00200751752 0.059132967 0.04
v -0.0022497566 0.0593188429 0.00400000006
v -0.0022026214 0.0592799902 0.04
v -0.0022026214 0.0647200108 0.00400000006
v -0.0022497566 0.0646811533 0.04
v -0.00200751752 0.064867034 0.00400000006
v -0.0021548152 0.0647580385 0.04
v -0.00180263326 -0.0650000858 0.00400000006
v -0.00180263326 -0.0650000858 0.04
v -0.00195717514 -0.0649016333 0.00400000006
v -0.00195717514 -0.0649016333 0.04
v -0.00185471743 -0.0590318298 0.00400000006
v -0.00185471743 -0.0590318298 0.04
v -0.00180263326 -0.0589999151 0.00400000006
v -0.00180263326 -0.0589999151 0.04
v -0.00180263326 0.0589999151 0.00400000006
v -0.00180263326 0.0589999151 0.04
v -0.00195717514 0.0590983677 0.00400000006
v -0.00185471743 0.0590318298 0.04
v -0.00185471743 0.0649681664 0.00400000006
v -0.00195717514 0.0649016333 0.04
v -0.00180263326 0.0650000858 0.00400000006
v -0.00180263326 0.0650000858 0.04
v -0.00174999997 -0.0650310898 0.00400000006
v -0.00174999997 -0.0650310898 0.04
v -0.00153429896 -0.0588542223 0.00400000006
v -0.00153429896 -0.0588542223 0.04
v -0.00174999997 0.0589689112 0.00400000006
v -0.00153429896 0.0588542223 0.04
v -0.00153429896 0.0651457787 0.00400000006
v -0.00174999997 0.0650310898 0.04
v -0.00125428781 -0.0652675295 0.00400000006
v -0.00125428781 -0.0652675295 0.04
v -0.00147916391 -0.0651720762 0.00400000006
v -0.00147916391 -0.0651720762 0.04
v -0.00125570357 -0.0623364639 0.00100000001
v -0.00127159193 -0.0622702837 0.04
v -0.00127611533 -0.0622480536 0.00100000001
v -0.00129980206 -0.062022686 0.04
v -0.00129999995 -0.0619999981 0.00100000001
v -0.00129999995 -0.0619999981 0.04
v -0.00127159193 -0.0617297125 0.00100000001
v -0.00125570357 -0.061663537 0.04
v -0.00131112307 -0.0587548542 0.00400000006
v -0.00131112307 -0.0587548542 0.04
v -0.00125428781 -0.0587324667 0.00400000006
v -0.00125428781 -0.0587324667 0.04
v -0.00125428781 0.0587324667 0.00400000006
v -0.00125428781 0.0587324667 0.04
v -0.00147916391 0.0588279247 0.00400000006
v -0.00131112307 0.0587548542 0.04
v -0.00125570357 0.061663537 0.00100000001
v -0.00127159193 0.0617297125 0.04
v -0.00129999995 0.0619999981 0.00100000001
v -0.00129999995 0.0619999981 0.04
v -0.00129980206 0.062022686 0.00100000001
v -0.00127611533 0.0622480536 0.04
v -0.00127159193 0.0622702837 0.00100000001
v -0.00125570357 0.0623364639 0.04
v -0.00131112307 0.065245142 0.00400000006
v -0.00147916391 0.0651720762 0.04
v -0.00125428781 0.0652675295 0.00400000006
v -0.00125428781 0.0652675295 0.04
v -0.00119707048 -0.0652889252 0.00400000006
v -0.00119707048 -0.0652889252 0.04
v -0.00101028971 -0.0628181171 0.00100000001
v -0.00105172209 -0.0627641201 0.04
v -0.00106489763 -0.0627456474 0.00100000001
v -0.0011966563 -0.0625079489 0.04
v -0.00120533898 -0.0624869871 0.00100000001
v -0.00124964021 -0.0623583269 0.04
v -0.00124964021 -0.0616416693 0.00100000001
v -0.00120533898 -0.0615130091 0.04
v -0.0011966563 -0.0614920473 0.00100000001
v -0.00106489763 -0.0612543488 0.04
v -0.00105172209 -0.0612358809 0.00100000001
v -0.00101028971 -0.0611818838 0.04
v -0.00102330096 -0.058652935 0.00400000006
v -0.00102330096 -0.058652935 0.04
v -0.00119707048 0.0587110758 0.00400000006
v -0.00102330096 0.058652935 0.04
v -0.00101028971 0.0611818838 0.00100000001
v -0.00105172209 0.0612358809 0.04
v -0.00106489763 0.0612543488 0.00100000001
v -0.0011966563 0.0614920473 0.04
v -0.00120533898 0.0615130091 0.00100000001
v -0.00124964021 0.0616416693 0.04
v -0.00124964021 0.0623583269 0.00100000001
v -0.00120533898 0.0624869871 0.04
v -0.0011966563 0.0625079489 0.00100000001
v -0.00106489763 0.0627456474 0.04
v -0.00105172209 0.0627641201 0.00100000001
v -0.00101028971 0.0628181171 0.04
v -0.00102330096 0.0653470659 0.00400000006
v -0.00119707048 0.0652889252 0.04
v -0.000964730754 -0.065364418 0.00400000006
v -0.000964730754 -0.065364418 0.04
v -0.000764120817 -0.0630517244 0.00100000001
v -0.000818116516 -0.0630102921 0.04
v -0.00083562389 -0.0629958582 0.00100000001
v -0.00099585779 -0.0628356218 0.04
v -0.00099585779 -0.0611643744 0.00100000001
v -0.00083562389 -0.0610041428 0.04
v -0.000818116516 -0.0609897089 0.00100000001
v -0.000764120817 -0.0609482765 0.04
v -0.000787328705 -0.0585897064 0.00400000006
v -0.000787328705 -0.0585897064 0.04
v -0.000964730754 0.0586355829 0.00400000006
v -0.000787328705 0.0585897064 0.04
v -0.000764120817 0.0609482765 0.00100000001
v -0.000818116516 0.0609897089 0.04
v -0.00083562389 0.0610041428 0.00100000001
v -0.00099585779 0.0611643744 0.04
v -0.00099585779 0.0628356218 0.00100000001
v -0.00083562389 0.0629958582 0.04
v -0.000818116516 0.0630102921 0.00100000001
v -0.000764120817 0.0630517244 0.04
v -0.000787328705 0.0654102945 0.00400000006
v -0.000964730754 0.065364418 0.04
v -0.000727690905 -0.0654235172 0.00400000006
v -0.000727690905 -0.0654235172 0.04
v -0.000507950485 -0.0631966543 0.00100000001
v -0.000745649338 -0.0630648994 0.04
v -0.000745649338 -0.0609351015 0.00100000001
v -0.000507950485 -0.0608033419 0.04
v -0.00054752063 -0.0585430908 0.00400000006
v -0.00054752063 -0.0585430908 0.04
v -0.000727690905 0.0585764837 0.00400000006
v -0.00054752063 0.0585430908 0.04
v -0.000507950485 0.0608033419 0.00100000001
v -0.000745649338 0.0609351015 0.04
v -0.000745649338 0.0630648994 0.00100000001
v -0.000507950485 0.0631966543 0.04
v -0.00054752063 0.0654569101 0.00400000006
v -0.000727690905 0.0654235172 0.04
v -0.000487105846 -0.0654659367 0.00400000006
v -0.000487105846 -0.0654659367 0.04
v -0.000270285197 -0.063271594 0.00100000001
v -0.000336464755 -0.0632557058 0.04
v -0.000358328559 -0.0632496405 0.00100000001
v -0.000486988574 -0.0632053375 0.04
v -0.000486988574 -0.0607946587 0.00100000001
v -0.000358328559 -0.0607503605 0.04
v -0.000336464755 -0.0607442951 0.00100000001
v -0.000270285197 -0.0607284069 0.04
v -0.000305045098 -0.0585133171 0.00400000006
v -0.000305045098 -0.0585133171 0.04
v -0.000487105846 0.0585340595 0.00400000006
v -0.000305045098 0.0585133171 0.04
v -0.000270285197 0.0607284069 0.00100000001
v -0.000336464755 0.0607442951 0.04
v -0.000358328559 0.0607503605 0.00100000001
v -0.000486988574 0.0607946587 0.04
v -0.000486988574 0.0632053375 0.00100000001
v -0.000358328559 0.0632496405 0.04
v -0.000336464755 0.0632557058 0.00100000001
v -0.000270285197 0.063271594 0.04
v -0.000305045098 0.0654866791 0.00400000006
v -0.000487105846 0.0654659367 0.04
v -6.42939565e-19 -0.0655000019 0.04
v -0.000244147666 -0.0654914761 0.00400000006
v -0.000244147666 -0.0654914761 0.04
v -2.26881285e-05 -0.0632998037 0.00100000001
v -0.000248051696 -0.0632761145 0.04
v -0.000248051696 -0.0607238865 0.00100000001
v -2.26881285e-05 -0.0607001972 0.04
v -6.1083422e-05 -0.0585005331 0.00400000006
v -6.1083422e-05 -0.0585005331 0.04
v -6.42939565e-19 0.058499999 0.04
v -0.000244147666 0.0585085249 0.00400000006
v -6.1083422e-05 0.0585005331 0.04
v -2.26881285e-05 0.0607001972 0.00100000001
v -0.000248051696 0.0607238865 0.04
v -0.000248051696 0.0632761145 0.00100000001
v -2.26881285e-05 0.0632998037 0.04
v -6.1083422e-05 0.0654994678 0.00400000006
v -0.000244147666 0.0654914761 0.04
v 2.14313183e-19 -0.0655000019 0.00400000006
v 6.1083422e-05 -0.0654994678 0.00400000006
v 6.1083422e-05 -0.0654994678 0.04
v 0.000248051696 -0.0632761145 0.00100000001
v 7.96020388e-20 -0.0632999992 0.04
v 7.96020388e-20 -0.0607000017 0.00100000001
v 0.000248051696 -0.0607238865 0.04
v 0.000244147666 -0.0585085249 0.00400000006
v 0.000244147666 -0.0585085249 0.04
v 2.14313183e-19 -0.058499999 0.00400000006
v 2.14313183e-19 -0.058499999 0.04
v 2.14313183e-19 0.058499999 0.00400000006
v 6.1083422e-05 0.0585005331 0.00400000006
v 0.000244147666 0.0585085249 0.04
v 0.000248051696 0.0607238865 0.00100000001
v 7.96020388e-20 0.0607000017 0.04
v 7.96020388e-20 0.0632999992 0.00100000001
v 0.000248051696 0.0632761145 0.04
v 0.000244147666 0.0654914761 0.00400000006
v 6.1083422e-05 0.0654994678 0.04
v 2.14313183e-19 0.0655000019 0.00400000006
v 2.14313183e-19 0.0655000019 0.04
v 0.000305045098 -0.0654866791 0.00400000006
v 0.000305045098 -0.0654866791 0.04
v 0.000336464755 -0.0632557058 0.00100000001
v 0.000270285197 -0.063271594 0.04
v 0.000486988574 -0.0632053375 0.00100000001
v 0.000358328559 -0.0632496405 0.04
v 0.000358328559 -0.0607503605 0.00100000001
v 0.000486988574 -0.0607946587 0.04
v 0.000270285197 -0.0607284069 0.00100000001
v 0.000336464755 -0.0607442951 0.04
v 0.000487105846 -0.0585340595 0.00400000006
v 0.000487105846 -0.0585340595 0.04
v 0.000305045098 0.0585133171 0.00400000006
v 0.000487105846 0.0585340595 0.04
v 0.000336464755 0.0607442951 0.00100000001
v 0.000270285197 0.0607284069 0.04
v 0.000486988574 0.0607946587 0.00100000001
v 0.000358328559 0.0607503605 0.04
v 0.000358328559 0.0632496405 0.00100000001
v 0.000486988574 0.0632053375 0.04
v 0.000270285197 0.063271594 0.00100000001
v 0.000336464755 0.0632557058 0.04
v 0.000487105846 0.0654659367 0.00400000006
v 0.000305045098 0.0654866791 0.04
v 0.00054752063 -0.0654569101 0.00400000006
v 0.00054752063 -0.0654569101 0.04
v 0.000745649338 -0.0630648994 0.00100000001
v 0.000507950485 -0.0631966543 0.04
v 0.000507950485 -0.0608033419 0.00100000001
v 0.000745649338 -0.0609351015 0.04
v 0.000727690905 -0.0585764837 0.00400000006
v 0.000727690905 -0.0585764837 0.04
v 0.00054752063 0.0585430908 0.00400000006
v 0.000727690905 0.0585764837 0.04
v 0.000745649338 0.0609351015 0.00100000001
v 0.000507950485 0.0608033419 0.04
v 0.000507950485 0.0631966543 0.00100000001
v 0.000745649338 0.0630648994 0.04
v 0.000727690905 0.0654235172 0.00400000006
v 0.00054752063 0.0654569101 0.04
v 0.000787328705 -0.0654102945 0.00400000006
v 0.000787328705 -0.0654102945 0.04
v 0.000818116516 -0.0630102921 0.00100000001
v 0.000764120817 -0.0630517244 0.04
v 0.00099585779 -0.0628356218 0.00100000001
v 0.00083562389 -0.0629958582 0.04
v 0.00083562389 -0.0610041428 0.00100000001
v 0.00099585779 -0.0611643744 0.04
v 0.000764120817 -0.0609482765 0.00100000001
v 0.000818116516 -0.0609897089 0.04
v 0.000964730754 -0.0586355829 0.00400000006
v 0.000964730754 -0.0586355829 0.04
v 0.000787328705 0.0585897064 0.00400000006
v 0.000964730754 0.0586355829 0.04
v 0.000818116516 0.0609897089 0.00100000001
v 0.000764120817 0.0609482765 0.04
v 0.00099585779 0.0611643744 0.00100000001
v 0.00083562389 0.0610041428 0.04
v 0.00083562389 0.0629958582 0.00100000001
v 0.00099585779 0.0628356218 0.04
v 0.000764120817 0.0630517244 0.00100000001
v 0.000818116516 0.0630102921 0.04
v 0.000964730754 0.065364418 0.00400000006
v 0.000787328705 0.0654102945 0.04
v 0.00102330096 -0.0653470659 0.00400000006
v 0.00102330096 -0.0653470659 0.04
v 0.00105172209 -0.0627641201 0.00100000001
v 0.00101028971 -0.0628181171 0.04
v 0.0011966563 -0.0625079489 0.00100000001
v 0.00106489763 -0.0627456474 0.04
v 0.00124964021 -0.0623583269 0.00100000001
v 0.00120533898 -0.0624869871 0.04
v 0.00120533898 -0.0615130091 0.00100000001
v 0.00124964021 -0.0616416693 0.04
v 0.00106489763 -0.0612543488 0.00100000001
v 0.0011966563 -0.0614920473 0.04
v 0.00101028971 -0.0611818838 0.00100000001
v 0.00105172209 -0.0612358809 0.04
v 0.00119707048 -0.0587110758 0.00400000006
v 0.00119707048 -0.0587110758 0.04
v 0.00102330096 0.058652935 0.00400000006
v 0.00119707048 0.0587110758 0.04
v 0.00105172209 0.0612358809 0.00100000001
v 0.00101028971 0.0611818838 0.04
v 0.0011966563 0.0614920473 0.00100000001
v 0.00106489763 0.0612543488 0.04
v 0.00124964021 0.0616416693 0.00100000001
v 0.00120533898 0.0615130091 0.04
v 0.00120533898 0.0624869871 0.00100000001
v 0.00124964021 0.0623583269 0.04
v 0.00106489763 0.0627456474 0.00100000001
v 0.0011966563 0.0625079489 0.04
v 0.00101028971 0.0628181171 0.00100000001
v 0.00105172209 0.0627641201 0.04
v 0.00119707048 0.0652889252 0.00400000006
v 0.00102330096 0.0653470659 0.04
v 0.00125428781 -0.0652675295 0.00400000006
v 0.00125428781 -0.0652675295 0.04
v 0.00131112307 -0.065245142 0.00400000006
v 0.00131112307 -0.065245142 0.04
v 0.00127159193 -0.0622702837 0.00100000001
v 0.00125570357 -0.0623364639 0.04
v 0.00129980206 -0.062022686 0.00100000001
v 0.00127611533 -0.0622480536 0.04
v 0.00127611533 -0.0617519474 0.00100000001
v 0.00129999995 -0.0619999981 0.04
v 0.00125570357 -0.061663537 0.00100000001
v 0.00127159193 -0.0617297125 0.04
v 0.00147916391 -0.0588279247 0.00400000006
v 0.00147916391 -0.0588279247 0.04
v 0.00125428781 -0.0587324667 0.00400000006
v 0.00125428781 -0.0587324667 0.04
v 0.00125428781 0.0587324667 0.00400000006
v 0.00125428781 0.0587324667 0.04
v 0.00131112307 0.0587548542 0.00400000006
v 0.00147916391 0.0588279247 0.04
v 0.00127159193 0.0617297125 0.00100000001
v 0.00125570357 0.061663537 0.04
v 0.00129999995 0.0619999981 0.00100000001
v 0.00127611533 0.0617519474 0.04
v 0.00127611533 0.0622480536 0.00100000001
v 0.00129980206 0.062022686 0.04
v 0.00125570357 0.0623364639 0.00100000001
v 0.00127159193 0.0622702837 0.04
v 0.00147916391 0.0651720762 0.00400000006
v 0.00131112307 0.065245142 0.04
v 0.00125428781 0.0652675295 0.00400000006
v 0.00125428781 0.0652675295 0.04
v 0.00153429896 -0.0651457787 0.00400000006
v 0.00153429896 -0.0651457787 0.04
v 0.00174999997 -0.0589689112 0.00400000006
v 0.00174999997 -0.0589689112 0.04
v 0.00153429896 0.0588542223 0.00400000006
v 0.00174999997 0.0589689112 0.04
v 0.00174999997 0.0650310898 0.00400000006
v 0.00153429896 0.0651457787 0.04
v 0.00180263326 -0.0650000858 0.00400000006
v 0.00180263326 -0.0650000858 0.04
v 0.00185471743 -0.0649681664 0.00400000006
v 0.00185471743 -0.0649681664 0.04
v 0.00195717514 -0.0590983677 0.00400000006
v 0.00195717514 -0.0590983677 0.04
v 0.00180263326 -0.0589999151 0.00400000006
v 0.00180263326 -0.0589999151 0.04
v 0.00180263326 0.0589999151 0.00400000006
v 0.00180263326 0.0589999151 0.04
v 0.00185471743 0.0590318298 0.00400000006
v 0.00195717514 0.0590983677 0.04
v 0.00195717514 0.0649016333 0.00400000006
v 0.00185471743 0.0649681664 0.04
v 0.00180263326 0.0650000858 0.00400000006
v 0.00180263326 0.0650000858 0.04
v 0.00200751752 -0.064867034 0.00400000006
v 0.00200751752 -0.064867034 0.04
v 0.0022026214 -0.0647200108 0.00400000006
v 0.0022026214 -0.0647200108 0.04
v 0.0022497566 -0.0593188429 0.00400000006
v 0.0022497566 -0.0593188429 0.04
v 0.0021548152 -0.0592419624 0.00400000006
v 0.0021548152 -0.0592419624 0.04
v 0.00200751752 0.059132967 0.00400000006
v 0.0021548152 0.0592419624 0.04
v 0.0022026214 0.0592799902 0.00400000006
v 0.0022497566 0.0593188429 0.04
v 0.0022497566 0.0646811533 0.00400000006
v 0.0022026214 0.0647200108 0.04
v 0.0021548152 0.0647580385 0.00400000006
v 0.00200751752 0.064867034 0.04
v 0.00229620665 -0.0646414852 0.00400000006
v 0.00229620665 -0.0646414852 0.04
v 0.00247487366 -0.0644748735 0.00400000006
v 0.00247487366 -0.0644748735 0.04
v 0.00247487366 -0.0595251274 0.00400000006
v 0.00247487366 -0.0595251274 0.04
v 0.00243130431 -0.0594823122 0.00400000006
v 0.00243130431 -0.0594823122 0.04
v 0.00229620665 0.0593585157 0.00400000006
v 0.00243130431 0.0594823122 0.04
v 0.00247487366 0.0595251274 0.00400000006
v 0.00247487366 0.0595251274 0.04
v 0.00247487366 0.0644748735 0.00400000006
v 0.00247487366 0.0644748735 0.04
v 0.00243130431 0.0645176888 0.00400000006
v 0.00229620665 0.0646414852 0.04
v 0.00251768917 -0.0644313049 0.00400000006
v 0.00251768917 -0.0644313049 0.04
v 0.0026811555 -0.0642497587 0.00400000006
v 0.0026811555 -0.0642497587 0.04
v 0.00272001088 -0.0597973776 0.00400000006
v 0.00272001088 -0.0597973776 0.04
v 0.00264148355 -0.0597037935 0.00400000006
v 0.00264148355 -0.0597037935 0.04
v 0.00251768917 0.059568696 0.00400000006
v 0.00264148355 0.0597037935 0.04
v 0.0026811555 0.0597502422 0.00400000006
v 0.00272001088 0.0597973776 0.04
v 0.00272001088 0.0642026234 0.00400000006
v 0.0026811555 0.0642497587 0.04
v 0.00264148355 0.0642962074 0.00400000006
v 0.00251768917 0.0644313049 0.04
v 0.00275803775 -0.0641548157 0.00400000006
v 0.00275803775 -0.0641548157 0.04
v 0.00290163159 -0.0639571762 0.00400000006
v 0.00290163159 -0.0639571762 0.04
v 0.00296816826 -0.0601452827 0.00400000006
v 0.00296816826 -0.0601452827 0.04
v 0.00286703229 -0.0599924803 0.00400000006
v 0.00286703229 -0.0599924803 0.04
v 0.00275803775 0.0598451853 0.00400000006
v 0.00286703229 0.0599924803 0.04
v 0.00290163159 0.0600428247 0.00400000006
v 0.00296816826 0.0601452827 0.04
v 0.00296816826 0.0638547182 0.00400000006
v 0.00290163159 0.0639571762 0.04
v 0.00286703229 0.0640075159 0.00400000006
v 0.00275803775 0.0641548157 0.04
v 0.00300008565 -0.0638026333 0.00400000006
v 0.00300008565 -0.0638026333 0.04
v 0.00303108901 -0.06375 0.00400000006
v 0.00303108901 -0.06375 0.04
v 0.00317207724 -0.063479166 0.00400000006
v 0.00317207724 -0.063479166 0.04
v 0.00324514359 -0.0606888771 0.00400000006
v 0.00324514359 -0.0606888771 0.04
v 0.00314577907 -0.060465703 0.00400000006
v 0.00314577907 -0.060465703 0.04
v 0.00300008565 -0.0601973677 0.00400000006
v 0.00300008565 -0.0601973677 0.04
v 0.00300008565 0.0601973677 0.00400000006
v 0.00300008565 0.0601973677 0.04
v 0.00303108901 0.060250001 0.00400000006
v 0.00314577907 0.060465703 0.04
v 0.00317207724 0.0605208349 0.00400000006
v 0.00324514359 0.0606888771 0.04
v 0.00324514359 0.0633111238 0.00400000006
v 0.00317207724 0.063479166 0.04
v 0.00314577907 0.0635342979 0.00400000006
v 0.00306116909 0.0636968327 0.04
v 0.00303108901 0.06375 0.00400000006
v 0.00300008565 0.0638026333 0.04
v 0.00326753139 -0.0632542896 0.00400000006
v 0.00326753139 -0.0632542896 0.04
v 0.0032889241 -0.0631970692 0.00400000006
v 0.0032889241 -0.0631970692 0.04
v 0.00336441606 -0.0629647303 0.00400000006
v 0.00336441606 -0.0629647303 0.04
v 0.00342351675 -0.0627276897 0.00400000006
v 0.00342351675 -0.0627276897 0.04
v 0.00346593827 -0.0624871063 0.00400000006
v 0.00346593827 -0.0624871063 0.04
v 0.00349147409 -0.0622441483 0.00400000006
v 0.00349147409 -0.0622441483 0.04
v 0.00349999994 -0.0619999981 0.00400000006
v 0.00349999994 -0.0619999981 0.04
v 0.00348668158 -0.0616949558 0.00400000006
v 0.00348668158 -0.0616949558 0.04
v 0.00345690906 -0.0614524794 0.00400000006
v 0.00345690906 -0.0614524794 0.04
v 0.00341029525 -0.0612126732 0.00400000006
v 0.00341029525 -0.0612126732 0.04
v 0.00334706664 -0.0609767008 0.00400000006
v 0.00334706664 -0.0609767008 0.04
v 0.00326753139 -0.0607457113 0.00400000006
v 0.00326753139 -0.0607457113 0.04
v 0.00326753139 0.0607457113 0.00400000006
v 0.00326753139 0.0607457113 0.04
v 0.0032889241 0.0608029318 0.00400000006
v 0.00334706664 0.0609767008 0.04
v 0.00336441606 0.0610352707 0.00400000006
v 0.00341029525 0.0612126732 0.04
v 0.00342351675 0.0612723112 0.00400000006
v 0.00345690906 0.0614524794 0.04
v 0.00346593827 0.0615128946 0.00400000006
v 0.00348668158 0.0616949558 0.04
v 0.00349147409 0.0617558527 0.00400000006
v 0.00349999994 0.0619999981 0.04
v 0.00349946707 0.0620610857 0.00400000006
v 0.00349147409 0.0622441483 0.04
v 0.00348668158 0.0623050451 0.00400000006
v 0.00346593827 0.0624871063 0.04
v 0.00345690906 0.0625475216 0.00400000006
v 0.00342351675 0.0627276897 0.04
v 0.00341029525 0.0627873278 0.00400000006
v 0.00336441606 0.0629647303 0.04
v 0.00334706664 0.0630233002 0.00400000006
v 0.0032889241 0.0631970692 0.04
v 0.00326753139 0.0632542896 0.00400000006
v 0.00326753139 0.0632542896 0.04
v 0.00374520004 -0.013391341 0.00100000001
v 0.00372977853 -0.0132745945 0.00400000006
v 0.0037259984 -0.0132355189 0.00100000001
v 0.00371767282 -0.013000226 0.00400000006
v 0.00371868134 -0.0129609811 0.00100000001
v 0.00373398006 -0.0127653503 0.00400000006
v 0.0037390843 -0.0127264261 0.00100000001
v 0.00374486685 -0.0126875961 0.00400000006
v 0.0037390843 0.0127264261 0.00100000001
v 0.00374486685 0.0126875961 0.00400000006
v 0.00371868134 0.0129609811 0.00100000001
v 0.00373398006 0.0127653503 0.00400000006
v 0.0037259984 0.0132355189 0.00100000001
v 0.00371767282 0.013000226 0.00400000006
v 0.00374520004 0.013391341 0.00100000001
v 0.00372977853 0.0132745945 0.00400000006
v 0.00399980456 -0.0141298699 0.00100000001
v 0.00394539416 -0.0140254319 0.00400000006
v 0.00392848134 -0.0139900053 0.00100000001
v 0.00384020567 -0.013771739 0.00400000006
v 0.00382773489 -0.0137345147 0.00100000001
v 0.00376670867 -0.0135071206 0.00400000006
v 0.00375886589 -0.0134686542 0.00100000001
v 0.00375169575 -0.0134300578 0.00400000006
v 0.00375132591 -0.0126488733 0.00100000001
v 0.00377474189 -0.0125334644 0.00400000006
v 0.00378388554 -0.0124952865 0.00100000001
v 0.00385259509 -0.0122700953 0.00400000006
v 0.00386632204 -0.0122333157 0.00100000001
v 0.00396195531 -0.0120181715 0.00400000006
v 0.00398006111 -0.0119833386 0.00100000001
v 0.00399877161 -0.0119488275 0.00400000006
v 0.00398006111 0.0119833386 0.00100000001
v 0.00399877161 0.0119488275 0.00400000006
v 0.00386632204 0.0122333157 0.00100000001
v 0.00396195531 0.0120181715 0.00400000006
v 0.00378388554 0.0124952865 0.00100000001
v 0.00385259509 0.0122700953 0.00400000006
v 0.00375132591 0.0126488733 0.00100000001
v 0.00377474189 0.0125334644 0.00400000006
v 0.00375886589 0.0134686542 0.00100000001
v 0.00375169575 0.0134300578 0.00400000006
v 0.00382773489 0.0137345147 0.00100000001
v 0.00376670867 0.0135071206 0.00400000006
v 0.00392848134 0.0139900053 0.00100000001
v 0.00384020567 0.013771739 0.00400000006
v 0.00399980456 0.0141298699 0.00100000001
v 0.00394539416 0.0140254319 0.00400000006
v 0.00424412906 -0.0144851422 0.00100000001
v 0.00408070743 -0.0142644203 0.00400000006
v 0.00405960441 -0.014231317 0.00100000001
v 0.00401914656 -0.0141640317 0.00400000006
v 0.00401808143 -0.0119146466 0.00100000001
v 0.00410119355 -0.0117814493 0.00400000006
v 0.0041234082 -0.0117490816 0.00100000001
v 0.00424275964 -0.0115933239 0.00400000006
v 0.0041234082 0.0117490816 0.00100000001
v 0.00424275964 0.0115933239 0.00400000006
v 0.00401808143 0.0119146466 0.00100000001
v 0.00410119355 0.0117814493 0.00400000006
v 0.00405960441 0.014231317 0.00100000001
v 0.00401914656 0.0141640317 0.00400000006
v 0.00424412906 0.0144851422 0.00100000001
v 0.00408070743 0.0142644203 0.00400000006
v 0.00449158221 -0.0147368312 0.00100000001
v 0.0042696327 -0.0145149875 0.00400000006
v 0.00426823497 -0.0115634549 0.00100000001
v 0.00432072937 -0.0115050721 0.00400000006
v 0.00434773237 -0.0114765763 0.00100000001
v 0.00448997408 -0.0113414001 0.00400000006
v 0.00434773237 0.0114765763 0.00100000001
v 0.00448997408 0.0113414001 0.00400000006
v 0.00426823497 0.0115634549 0.00100000001
v 0.00432072937 0.0115050721 0.00400000006
v 0.00449158221 0.0147368312 0.00100000001
v 0.0042696327 0.0145149875 0.00400000006
v 0.00474223852 -0.0149256384 0.00100000001
v 0.00452143908 -0.0147623205 0.00400000006
v 0.0045198071 -0.0113158822 0.00100000001
v 0.00458078593 -0.011266427 0.00400000006
v 0.00461191326 -0.0112425053 0.00100000001
v 0.00474045157 -0.0111523557 0.00400000006
v 0.00461191326 0.0112425053 0.00100000001
v 0.00474045157 0.0111523557 0.00400000006
v 0.0045198071 0.0113158822 0.00100000001
v 0.00458078593 0.011266427 0.00400000006
v 0.00474223852 0.0149256384 0.00100000001
v 0.00452143908 0.0147623205 0.00400000006
v 0.0049812901 -0.0150608385 0.00100000001
v 0.0048768273 -0.0150064766 0.00400000006
v 0.00484265625 -0.0149871516 0.00100000001
v 0.00477535158 -0.0149467254 0.00400000006
v 0.00477354467 -0.0111312377 0.00100000001
v 0.0049793753 -0.0110169291 0.00400000006
v 0.00477354467 0.0111312377 0.00100000001
v 0.0049793753 0.0110169291 0.00400000006
v 0.00484265625 0.0149871516 0.00100000001
v 0.00477535158 0.0149467254 0.00400000006
v 0.0049812901 0.0150608385 0.00100000001
v 0.0048768273 0.0150064766 0.00400000006
v 0.005 -0.05 0.00100000001
v 0.005 -0.05 0.00400000006
v 0.00511882067 -0.0201094842 0.00100000001
v 0.00511882067 -0.0201094842 0.00400000006
v 0.005 -0.0179999995 0.00100000001
v 0.005 -0.0179999995 0.00400000006
v 0.00523503304 -0.015165906 0.00100000001
v 0.00501672566 -0.015077734 0.00400000006
v 0.00501479447 -0.0110000002 0.00100000001
v 0.00501479447 -0.0110000002 0.00400000006
v 0.00501479447 0.0110000002 0.00100000001
v 0.00501479447 0.0110000002 0.00400000006
v 0.00523503304 0.015165906 0.00100000001
v 0.00501672566 0.015077734 0.00400000006
v 0.005 0.0179999995 0.00100000001
v 0.005 0.0179999995 0.00400000006
v 0.00511882067 0.0201094842 0.00100000001
v 0.00511882067 0.0201094842 0.00400000006
v 0.005 0.05 0.00100000001
v 0.005 0.05 0.00400000006
v 0.005499686 -0.0152392781 0.00100000001
v 0.00527226269 -0.0151783597 0.00400000006
v 0.005499686 0.0152392781 0.00100000001
v 0.00527226269 0.0151783597 0.00400000006
v 0.00573222995 -0.0152760983 0.00100000001
v 0.0055767566 -0.0152542543 0.00400000006
v 0.00553815603 -0.0152471018 0.00100000001
v 0.00553815603 -0.0152471018 0.00400000006
v 0.00553815603 0.0152471018 0.00100000001
v 0.00553815603 0.0152471018 0.00400000006
v 0.00573222995 0.0152760983 0.00100000001
v 0.0055767566 0.0152542543 0.00400000006
v 0.00596734881 -0.0152884161 0.00100000001
v 0.00577130735 -0.0152798593 0.00400000006
v 0.00596734881 0.0152884161 0.00100000001
v 0.00577130735 0.0152798593 0.00400000006
v 0.00624147236 -0.0152716553 0.00100000001
v 0.00600660443 -0.015288074 0.00400000006
v 0.00624147236 0.0152716553 0.00100000001
v 0.00600660443 0.015288074 0.00400000006
v 0.00635794044 -0.0152542543 0.00100000001
v 0.0062803942 -0.0152665329 0.00400000006
v 0.0064733386 -0.0152307832 0.00100000001
v 0.006396541 -0.0152471018 0.00400000006
v 0.0064733386 0.0152307832 0.00100000001
v 0.006396541 0.0152471018 0.00400000006
v 0.00635794044 0.0152542543 0.00100000001
v 0.0062803942 0.0152665329 0.00400000006
v 0.00673667133 -0.015152806 0.00100000001
v 0.0065115118 -0.015221622 0.00400000006
v 0.00673667133 0.015152806 0.00100000001
v 0.0065115118 0.015221622 0.00400000006
v 0.00698854208 -0.0150433266 0.00100000001
v 0.00677344441 -0.0151390612 0.00400000006
v 0.00691990256 -0.0110000002 0.00100000001
v 0.00691990256 -0.0110000002 0.00400000006
v 0.00691990256 0.0110000002 0.00100000001
v 0.00691990256 0.0110000002 0.00400000006
v 0.00698854208 0.0150433266 0.00100000001
v 0.00677344441 0.0151390612 0.00400000006
v 0.00705787003 -0.0150064766 0.00100000001
v 0.00702336669 -0.0150252044 0.00400000006
v 0.00722519875 -0.0149039757 0.00100000001
v 0.00709204078 -0.0149871516 0.00400000006
v 0.00702524781 -0.0110526299 0.00100000001
v 0.00722696483 -0.0111740494 0.00400000006
v 0.00702524781 0.0110526299 0.00100000001
v 0.00722696483 0.0111740494 0.00400000006
v 0.00722519875 0.0149039757 0.00100000001
v 0.00709204078 0.0149871516 0.00400000006
v 0.00705787003 0.0150064766 0.00100000001
v 0.00702336669 0.0150252044 0.00400000006
v 0.00741325796 -0.0147623205 0.00100000001
v 0.00725755632 -0.0148817456 0.00400000006
v 0.00747252285 -0.0147108245 0.00100000001
v 0.00744311512 -0.0147368312 0.00400000006
v 0.0073539114 -0.011266427 0.00100000001
v 0.00747410595 -0.0113674343 0.00400000006
v 0.00725930154 -0.0111963093 0.00100000001
v 0.00732278407 -0.0112425053 0.00400000006
v 0.00725930154 0.0111963093 0.00100000001
v 0.00732278407 0.0112425053 0.00400000006
v 0.0073539114 0.011266427 0.00100000001
v 0.00747410595 0.0113674343 0.00400000006
v 0.00747252285 0.0147108245 0.00100000001
v 0.00744311512 0.0147368312 0.00400000006
v 0.00741325796 0.0147623205 0.00100000001
v 0.00725755632 0.0148817456 0.00400000006
v 0.00766506433 -0.0145149875 0.00100000001
v 0.00750147223 -0.0146843088 0.00400000006
v 0.00773999393 -0.0144241393 0.00100000001
v 0.00769056797 -0.0144851422 0.00400000006
v 0.00761396766 -0.0115050721 0.00100000001
v 0.00774130523 -0.0116543722 0.00400000006
v 0.0075030309 -0.0113939774 0.00100000001
v 0.00758696437 -0.0114765763 0.00400000006
v 0.0075030309 0.0113939774 0.00100000001
v 0.00758696437 0.0114765763 0.00400000006
v 0.00761396766 0.0115050721 0.00100000001
v 0.00774130523 0.0116543722 0.00400000006
v 0.00773999393 0.0144241393 0.00100000001
v 0.00769056797 0.0144851422 0.00400000006
v 0.00766506433 0.0145149875 0.00100000001
v 0.00750147223 0.0146843088 0.00400000006
v 0.0078539896 -0.0142644203 0.00100000001
v 0.00776390076 -0.0143930018 0.00400000006
v 0.00798930287 -0.0140254319 0.00100000001
v 0.00787509263 -0.014231317 0.00400000006
v 0.00797274172 -0.0120181715 0.00100000001
v 0.00799023688 -0.0120533156 0.00400000006
v 0.00783350348 -0.0117814493 0.00100000001
v 0.00795463622 -0.0119833386 0.00400000006
v 0.00776518285 -0.0116855335 0.00100000001
v 0.00781128883 -0.0117490816 0.00400000006
v 0.00776518285 0.0116855335 0.00100000001
v 0.00781128883 0.0117490816 0.00400000006
v 0.00783350348 0.0117814493 0.00100000001
v 0.00795463622 0.0119833386 0.00400000006
v 0.00797274172 0.0120181715 0.00100000001
v 0.00799023688 0.0120533156 0.00400000006
v 0.00798930287 0.0140254319 0.00100000001
v 0.00787509263 0.014231317 0.00400000006
v 0.0078539896 0.0142644203 0.00100000001
v 0.00776390076 0.0143930018 0.00400000006
v 0.00809449136 -0.013771739 0.00100000001
v 0.00800621569 -0.0139900053 0.00400000006
v 0.00816798866 -0.0135071206 0.00100000001
v 0.00810696244 -0.0137345147 0.00400000006
v 0.0082049185 -0.0132745945 0.00100000001
v 0.00817583084 -0.0134686542 0.00400000006
v 0.00821702421 -0.013000226 0.00100000001
v 0.00820869863 -0.0132355189 0.00400000006
v 0.00820071697 -0.0127653503 0.00100000001
v 0.0082160157 -0.0129609811 0.00400000006
v 0.00815995514 -0.0125334644 0.00100000001
v 0.00819561303 -0.0127264261 0.00400000006
v 0.00808210194 -0.0122700953 0.00100000001
v 0.0081508112 -0.0124952865 0.00400000006
v 0.00800711632 -0.0120887589 0.00100000001
v 0.00806837499 -0.0122333157 0.00400000006
v 0.00800711632 0.0120887589 0.00100000001
v 0.00806837499 0.0122333157 0.00400000006
v 0.00808210194 0.0122700953 0.00100000001
v 0.0081508112 0.0124952865 0.00400000006
v 0.00815995514 0.0125334644 0.00100000001
v 0.00819561303 0.0127264261 0.00400000006
v 0.00820071697 0.0127653503 0.00100000001
v 0.0082160157 0.0129609811 0.00400000006
v 0.00821702421 0.013000226 0.00100000001
v 0.00820869863 0.0132355189 0.00400000006
v 0.0082049185 0.0132745945 0.00100000001
v 0.00817583084 0.0134686542 0.00400000006
v 0.00816798866 0.0135071206 0.00100000001
v 0.00810696244 0.0137345147 0.00400000006
v 0.00809449136 0.013771739 0.00100000001
v 0.00800621569 0.0139900053 0.00400000006
v 0.0110000002 -0.0110000002 0.00100000001
v 0.0110000002 -0.0110000002 0.00400000006
v 0.0112425053 -0.00732278407 0.00100000001
v 0.0111963093 -0.00725930154 0.00400000006
v 0.0111740494 -0.00722696483 0.00100000001
v 0.0110526299 -0.00702524781 0.00400000006
v 0.0110000002 -0.00691990256 0.00100000001
v 0.0110000002 -0.00691990256 0.00400000006
v 0.0110000002 -0.00501479447 0.00100000001
v 0.0110000002 -0.00501479447 0.00400000006
v 0.0110169291 -0.0049793753 0.00100000001
v 0.0111312377 -0.00477354467 0.00400000006
v 0.0111523557 -0.00474045157 0.00100000001
v 0.0112425053 -0.00461191326 0.00400000006
v 0.0112425053 0.00461191326 0.00100000001
v 0.0111523557 0.00474045157 0.00400000006
v 0.0111312377 0.00477354467 0.00100000001
v 0.0110169291 0.0049793753 0.00400000006
v 0.0110000002 0.00501479447 0.00100000001
v 0.0110000002 0.00501479447 0.00400000006
v 0.0110000002 0.00691990256 0.00100000001
v 0.0110000002 0.00691990256 0.00400000006
v 0.0110526299 0.00702524781 0.00100000001
v 0.0111740494 0.00722696483 0.00400000006
v 0.0111963093 0.00725930154 0.00100000001
v 0.0112425053 0.00732278407 0.00400000006
v 0.0110000002 0.0110000002 0.00100000001
v 0.0110000002 0.0110000002 0.00400000006
v 0.0114765763 -0.00758696437 0.00100000001
v 0.0113939774 -0.0075030309 0.00400000006
v 0.0113674343 -0.00747410595 0.00100000001
v 0.011266427 -0.0073539114 0.00400000006
v 0.011266427 -0.00458078593 0.00100000001
v 0.0113158822 -0.0045198071 0.00400000006
v 0.0113414001 -0.00448997408 0.00100000001
v 0.0114765763 -0.00434773237 0.00400000006
v 0.0114765763 0.00434773237 0.00100000001
v 0.0113414001 0.00448997408 0.00400000006
v 0.0113158822 0.0045198071 0.00100000001
v 0.011266427 0.00458078593 0.00400000006
v 0.011266427 0.0073539114 0.00100000001
v 0.0113674343 0.00747410595 0.00400000006
v 0.0113939774 0.0075030309 0.00100000001
v 0.0114765763 0.00758696437 0.00400000006
v 0.0117490816 -0.00781128883 0.00100000001
v 0.0116855335 -0.00776518285 0.00400000006
v 0.0116543722 -0.00774130523 0.00100000001
v 0.0115050721 -0.00761396766 0.00400000006
v 0.0115050721 -0.00432072937 0.00100000001
v 0.0115634549 -0.00426823497 0.00400000006
v 0.0115933239 -0.00424275964 0.00100000001
v 0.0117490816 -0.0041234082 0.00400000006
v 0.0117490816 0.0041234082 0.00100000001
v 0.0115933239 0.00424275964 0.00400000006
v 0.0115634549 0.00426823497 0.00100000001
v 0.0115050721 0.00432072937 0.00400000006
v 0.0115050721 0.00761396766 0.00100000001
v 0.0116543722 0.00774130523 0.00400000006
v 0.0116855335 0.00776518285 0.00100000001
v 0.0117490816 0.00781128883 0.00400000006
v 0.0119833386 -0.00795463622 0.00100000001
v 0.0117814493 -0.00783350348 0.00400000006
v 0.0117814493 -0.00410119355 0.00100000001
v 0.0119146466 -0.00401808143 0.00400000006
v 0.0119488275 -0.00399877161 0.00100000001
v 0.0119833386 -0.00398006111 0.00400000006
v 0.0119833386 0.00398006111 0.00100000001
v 0.0119488275 0.00399877161 0.00400000006
v 0.0119146466 0.00401808143 0.00100000001
v 0.0117814493 0.00410119355 0.00400000006
v 0.0117814493 0.00783350348 0.00100000001
v 0.0119833386 0.00795463622 0.00400000006
v 0.0122333157 -0.00806837499 0.00100000001
v 0.0120887589 -0.00800711632 0.00400000006
v 0.0120533156 -0.00799023688 0.00100000001
v 0.0120181715 -0.00797274172 0.00400000006
v 0.0120181715 -0.00396195531 0.00100000001
v 0.0122333157 -0.00386632204 0.00400000006
v 0.0122333157 0.00386632204 0.00100000001
v 0.0120181715 0.00396195531 0.00400000006
v 0.0120181715 0.00797274172 0.00100000001
v 0.0120533156 0.00799023688 0.00400000006
v 0.0120887589 0.00800711632 0.00100000001
v 0.0122333157 0.00806837499 0.00400000006
v 0.0124952865 -0.0081508112 0.00100000001
v 0.0122700953 -0.00808210194 0.00400000006
v 0.0122700953 -0.00385259509 0.00100000001
v 0.0124952865 -0.00378388554 0.00400000006
v 0.0124952865 0.00378388554 0.00100000001
v 0.0122700953 0.00385259509 0.00400000006
v 0.0122700953 0.00808210194 0.00100000001
v 0.0124952865 0.0081508112 0.00400000006
v 0.0127264261 -0.00819561303 0.00100000001
v 0.0125334644 -0.00815995514 0.00400000006
v 0.0125334644 -0.00377474189 0.00100000001
v 0.0126488733 -0.00375132591 0.00400000006
v 0.0126875961 -0.00374486685 0.00100000001
v 0.0127264261 -0.0037390843 0.00400000006
v 0.0127264261 0.0037390843 0.00100000001
v 0.0126875961 0.00374486685 0.00400000006
v 0.0126488733 0.00375132591 0.00100000001
v 0.0125334644 0.00377474189 0.00400000006
v 0.0125334644 0.00815995514 0.00100000001
v 0.0127264261 0.00819561303 0.00400000006
v 0.0129609811 -0.0082160157 0.00100000001
v 0.0127653503 -0.00820071697 0.00400000006
v 0.0127653503 -0.00373398006 0.00100000001
v 0.0129609811 -0.00371868134 0.00400000006
v 0.0129609811 0.00371868134 0.00100000001
v 0.0127653503 0.00373398006 0.00400000006
v 0.0127653503 0.00820071697 0.00100000001
v 0.0129609811 0.0082160157 0.00400000006
v 0.0132355189 -0.00820869863 0.00100000001
v 0.013000226 -0.00821702421 0.00400000006
v 0.013000226 -0.00371767282 0.00100000001
v 0.0132355189 -0.0037259984 0.00400000006
v 0.0132355189 0.0037259984 0.00100000001
v 0.013000226 0.00371767282 0.00400000006
v 0.013000226 0.00821702421 0.00100000001
v 0.0132355189 0.00820869863 0.00400000006
v 0.0134686542 -0.00817583084 0.00100000001
v 0.0132745945 -0.0082049185 0.00400000006
v 0.0134300578 -0.00375169575 0.00100000001
v 0.0134686542 -0.00375886589 0.00400000006
v 0.0132745945 -0.00372977853 0.00100000001
v 0.013391341 -0.00374520004 0.00400000006
v 0.013391341 0.00374520004 0.00100000001
v 0.0132745945 0.00372977853 0.00400000006
v 0.0134686542 0.00375886589 0.00100000001
v 0.0134300578 0.00375169575 0.00400000006
v 0.0132745945 0.0082049185 0.00100000001
v 0.0134686542 0.00817583084 0.00400000006
v 0.0137345147 -0.00810696244 0.00100000001
v 0.0135071206 -0.00816798866 0.00400000006
v 0.0135071206 -0.00376670867 0.00100000001
v 0.0137345147 -0.00382773489 0.00400000006
v 0.0137345147 0.00382773489 0.00100000001
v 0.0135071206 0.00376670867 0.00400000006
v 0.0135071206 0.00816798866 0.00100000001
v 0.0137345147 0.00810696244 0.00400000006
v 0.0139900053 -0.00800621569 0.00100000001
v 0.013771739 -0.00809449136 0.00400000006
v 0.013771739 -0.00384020567 0.00100000001
v 0.0139900053 -0.00392848134 0.00400000006
v 0.0139900053 0.00392848134 0.00100000001
v 0.013771739 0.00384020567 0.00400000006
v 0.013771739 0.00809449136 0.00100000001
v 0.0139900053 0.00800621569 0.00400000006
v 0.014231317 -0.00787509263 0.00100000001
v 0.0140254319 -0.00798930287 0.00400000006
v 0.0141640317 -0.00401914656 0.00100000001
v 0.014231317 -0.00405960441 0.00400000006
v 0.0140254319 -0.00394539416 0.00100000001
v 0.0141298699 -0.00399980456 0.00400000006
v 0.0141298699 0.00399980456 0.00100000001
v 0.0140254319 0.00394539416 0.00400000006
v 0.014231317 0.00405960441 0.00100000001
v 0.0141640317 0.00401914656 0.00400000006
v 0.0140254319 0.00798930287 0.00100000001
v 0.014231317 0.00787509263 0.00400000006
v 0.0143930018 -0.00776390076 0.00100000001
v 0.0142644203 -0.0078539896 0.00400000006
v 0.0144851422 -0.00769056797 0.00100000001
v 0.0144241393 -0.00773999393 0.00400000006
v 0.0142644203 -0.00408070743 0.00100000001
v 0.0144851422 -0.00424412906 0.00400000006
v 0.0144851422 0.00424412906 0.00100000001
v 0.0142644203 0.00408070743 0.00400000006
v 0.0144241393 0.00773999393 0.00100000001
v 0.0144851422 0.00769056797 0.00400000006
v 0.0142644203 0.0078539896 0.00100000001
v 0.0143930018 0.00776390076 0.00400000006
v 0.0146843088 -0.00750147223 0.00100000001
v 0.0145149875 -0.00766506433 0.00400000006
v 0.0147368312 -0.00744311512 0.00100000001
v 0.0147108245 -0.00747252285 0.00400000006
v 0.0145149875 -0.0042696327 0.00100000001
v 0.0147368312 -0.00449158221 0.00400000006
v 0.0147368312 0.00449158221 0.00100000001
v 0.0145149875 0.0042696327 0.00400000006
v 0.0147108245 0.00747252285 0.00100000001
v 0.0147368312 0.00744311512 0.00400000006
v 0.0145149875 0.00766506433 0.00100000001
v 0.0146843088 0.00750147223 0.00400000006
v 0.0148817456 -0.00725755632 0.00100000001
v 0.0147623205 -0.00741325796 0.00400000006
v 0.0149871516 -0.00709204078 0.00100000001
v 0.0149039757 -0.00722519875 0.00400000006
v 0.0149467254 -0.00477535158 0.00100000001
v 0.0149871516 -0.00484265625 0.00400000006
v 0.0147623205 -0.00452143908 0.00100000001
v 0.0149256384 -0.00474223852 0.00400000006
v 0.0149256384 0.00474223852 0.00100000001
v 0.0147623205 0.00452143908 0.00400000006
v 0.0149871516 0.00484265625 0.00100000001
v 0.0149467254 0.00477535158 0.00400000006
v 0.0149039757 0.00722519875 0.00100000001
v 0.0149871516 0.00709204078 0.00400000006
v 0.0147623205 0.00741325796 0.00100000001
v 0.0148817456 0.00725755632 0.00400000006
v 0.0150252044 -0.00702336669 0.00100000001
v 0.0150064766 -0.00705787003 0.00400000006
v 0.0151390612 -0.00677344441 0.00100000001
v 0.0150433266 -0.00698854208 0.00400000006
v 0.015221622 -0.0065115118 0.00100000001
v 0.015152806 -0.00673667133 0.00400000006
v 0.0152471018 -0.006396541 0.00100000001
v 0.0152307832 -0.0064733386 0.00400000006
v 0.0152471018 -0.00553815603 0.00100000001
v 0.0152471018 -0.00553815603 0.00400000006
v 0.0151783597 -0.00527226269 0.00100000001
v 0.0152392781 -0.005499686 0.00400000006
v 0.015077734 -0.00501672566 0.00100000001
v 0.015165906 -0.00523503304 0.00400000006
v 0.0150064766 -0.0048768273 0.00100000001
v 0.0150608385 -0.0049812901 0.00400000006
v 0.0150608385 0.0049812901 0.00100000001
v 0.0150064766 0.0048768273 0.00400000006
v 0.015165906 0.00523503304 0.00100000001
v 0.015077734 0.00501672566 0.00400000006
v 0.0152392781 0.005499686 0.00100000001
v 0.0151783597 0.00527226269 0.00400000006
v 0.0152471018 0.00553815603 0.00100000001
v 0.0152471018 0.00553815603 0.00400000006
v 0.0152307832 0.0064733386 0.00100000001
v 0.0152471018 0.006396541 0.00400000006
v 0.015152806 0.00673667133 0.00100000001
v 0.015221622 0.0065115118 0.00400000006
v 0.0150433266 0.00698854208 0.00100000001
v 0.0151390612 0.00677344441 0.00400000006
v 0.0150064766 0.00705787003 0.00100000001
v 0.0150252044 0.00702336669 0.00400000006
v 0.0152665329 -0.0062803942 0.00100000001
v 0.0152542543 -0.00635794044 0.00400000006
v 0.015288074 -0.00600660443 0.00100000001
v 0.0152716553 -0.00624147236 0.00400000006
v 0.0152798593 -0.00577130735 0.00100000001
v 0.0152884161 -0.00596734881 0.00400000006
v 0.0152542543 -0.0055767566 0.00100000001
v 0.0152760983 -0.00573222995 0.00400000006
v 0.0152760983 0.00573222995 0.00100000001
v 0.0152542543 0.0055767566 0.00400000006
v 0.0152884161 0.00596734881 0.00100000001
v 0.0152798593 0.00577130735 0.00400000006
v 0.0152716553 0.00624147236 0.00100000001
v 0.015288074 0.00600660443 0.00400000006
v 0.0152542543 0.00635794044 0.00100000001
v 0.0152665329 0.0062803942 0.00400000006
v 0.0179999995 -0.005 0.00100000001
v 0.0179999995 -0.005 0.00400000006
v 0.0179999995 0.005 0.00100000001
v 0.0179999995 0.005 0.00400000006
v 0.0201094842 -0.00511882067 0.00100000001
v 0.0201094842 -0.00511882067 0.00400000006
v 0.0201094842 0.00511882067 0.00100000001
v 0.0201094842 0.00511882067 0.00400000006
v 0.0346051741 -0.0495958376 0.00100000001
v 0.0346051741 -0.0495958376 0.00400000006
v 0.0346051741 0.0495958376 0.00100000001
v 0.0346051741 0.0495958376 0.00400000006
v 0.0379999995 -0.0519999981 0
v 0.0379999995 -0.0519999981 0.00100000001
v 0.0379999995 -0.0519999981 0.00400000006
v 0.0379999995 -0.0519999981 0.00899999976
v 0.0379999995 0.0519999981 0
v 0.0379999995 0.0519999981 0.00100000001
v 0.0379999995 0.0519999981 0.00400000006
v 0.0379999995 0.0519999981 0.00899999976
v 0.0382126904 -0.054431076 0
v 0.0382126904 -0.054431076 0.00100000001
v 0.0382126904 -0.054431076 0.00400000006
v 0.0382126904 -0.054431076 0.00899999976
v 0.0381723642 -0.0541900826 0
v 0.0381723642 -0.0541900826 0.00100000001
v 0.0381723642 -0.0541900826 0.00400000006
v 0.0381723642 -0.0541900826 0.00899999976
v 0.0381362462 -0.0539484215 0
v 0.0381362462 -0.0539484215 0.00100000001
v 0.0381362462 -0.0539484215 0.00400000006
v 0.0381362462 -0.0539484215 0.00899999976
v 0.038104353 -0.0537061691 0
v 0.038104353 -0.0537061691 0.00100000001
v 0.038104353 -0.0537061691 0.00400000006
v 0.038104353 -0.0537061691 0.00899999976
v 0.038076694 -0.053463397 0
v 0.038076694 -0.053463397 0.00100000001
v 0.038076694 -0.053463397 0.00400000006
v 0.038076694 -0.053463397 0.00899999976
v 0.0380532742 -0.0532201815 0
v 0.0380532742 -0.0532201815 0.00100000001
v 0.0380532742 -0.0532201815 0.00400000006
v 0.0380532742 -0.0532201815 0.00899999976
v 0.0380341029 -0.0529765892 0
v 0.0380341029 -0.0529765892 0.00100000001
v 0.0380341029 -0.0529765892 0.00400000006
v 0.0380341029 -0.0529765892 0.00899999976
v 0.0380191875 -0.0527327013 0
v 0.0380191875 -0.0527327013 0.00100000001
v 0.0380191875 -0.0527327013 0.00400000006
v 0.0380191875 -0.0527327013 0.00899999976
v 0.0380085278 -0.0524885941 0
v 0.0380085278 -0.0524885941 0.00100000001
v 0.0380085278 -0.0524885941 0.00400000006
v 0.0380085278 -0.0524885941 0.00899999976
v 0.0380021334 -0.0522443342 0
v 0.0380021334 -0.0522443342 0.00100000001
v 0.0380021334 -0.0522443342 0.00400000006
v 0.0380021334 -0.0522443342 0.00899999976
v 0.0380021334 -0.0517556667 0
v 0.0380021334 -0.0517556667 0.00100000001
v 0.0380021334 -0.0517556667 0.00400000006
v 0.0380021334 -0.0517556667 0.00899999976
v 0.0380085278 -0.0515114069 0
v 0.0380085278 -0.0515114069 0.00100000001
v 0.0380085278 -0.0515114069 0.00400000006
v 0.0380085278 -0.0515114069 0.00899999976
v 0.0380191875 -0.0512672949 0
v 0.0380191875 -0.0512672949 0.00100000001
v 0.0380191875 -0.0512672949 0.00400000006
v 0.0380191875 -0.0512672949 0.00899999976
v 0.0380341029 -0.0510234118 0
v 0.0380341029 -0.0510234118 0.00100000001
v 0.0380341029 -0.0510234118 0.00400000006
v 0.0380341029 -0.0510234118 0.00899999976
v 0.0380532742 -0.0507798195 0
v 0.0380532742 -0.0507798195 0.00100000001
v 0.0380532742 -0.0507798195 0.00400000006
v 0.0380532742 -0.0507798195 0.00899999976
v 0.038076694 -0.0505365992 0
v 0.038076694 -0.0505365992 0.00100000001
v 0.038076694 -0.0505365992 0.00400000006
v 0.038076694 -0.0505365992 0.00899999976
v 0.038104353 -0.0502938271 0
v 0.038104353 -0.0502938271 0.00100000001
v 0.038104353 -0.0502938271 0.00400000006
v 0.038104353 -0.0502938271 0.00899999976
v 0.0381362462 -0.0500515747 0
v 0.0381362462 -0.0500515747 0.00100000001
v 0.0381362462 -0.0500515747 0.00400000006
v 0.0381362462 -0.0500515747 0.00899999976
v 0.0381723642 -0.0498099184 0
v 0.0381723642 -0.0498099184 0.00100000001
v 0.0381723642 -0.0498099184 0.00400000006
v 0.0381723642 -0.0498099184 0.00899999976
v 0.0382126904 -0.0495689249 0
v 0.0382126904 -0.0495689249 0.00100000001
v 0.0382126904 -0.0495689249 0.00400000006
v 0.0382126904 -0.0495689249 0.00899999976
v 0.0382126904 0.0495689249 0
v 0.0382126904 0.0495689249 0.00100000001
v 0.0382126904 0.0495689249 0.00400000006
v 0.0382126904 0.0495689249 0.00899999976
v 0.0381723642 0.0498099184 0
v 0.0381723642 0.0498099184 0.00100000001
v 0.0381723642 0.0498099184 0.00400000006
v 0.0381723642 0.0498099184 0.00899999976
v 0.0381362462 0.0500515747 0
v 0.0381362462 0.0500515747 0.00100000001
v 0.0381362462 0.0500515747 0.00400000006
v 0.0381362462 0.0500515747 0.00899999976
v 0.038104353 0.0502938271 0
v 0.038104353 0.0502938271 0.00100000001
v 0.038104353 0.0502938271 0.00400000006
v 0.038104353 0.0502938271 0.00899999976
v 0.038076694 0.0505365992 0
v 0.038076694 0.0505365992 0.00100000001
v 0.038076694 0.0505365992 0.00400000006
v 0.038076694 0.0505365992 0.00899999976
v 0.0380532742 0.0507798195 0
v 0.0380532742 0.0507798195 0.00100000001
v 0.0380532742 0.0507798195 0.00400000006
v 0.0380532742 0.0507798195 0.00899999976
v 0.0380341029 0.0510234118 0
v 0.0380341029 0.0510234118 0.00100000001
v 0.0380341029 0.0510234118 0.00400000006
v 0.0380341029 0.0510234118 0.00899999976
v 0.0380191875 0.0512672949 0
v 0.0380191875 0.0512672949 0.00100000001
v 0.0380191875 0.0512672949 0.00400000006
v 0.0380191875 0.0512672949 0.00899999976
v 0.0380085278 0.0515114069 0
v 0.0380085278 0.0515114069 0.00100000001
v 0.0380085278 0.0515114069 0.00400000006
v 0.0380085278 0.0515114069 0.00899999976
v 0.0380021334 0.0517556667 0
v 0.0380021334 0.0517556667 0.00100000001
v 0.0380021334 0.0517556667 0.00400000006
v 0.0380021334 0.0517556667 0.00899999976
v 0.0380021334 0.0522443342 0
v 0.0380021334 0.0522443342 0.00100000001
v 0.0380021334 0.0522443342 0.00400000006
v 0.0380021334 0.0522443342 0.00899999976
v 0.0380085278 0.0524885941 0
v 0.0380085278 0.0524885941 0.00100000001
v 0.0380085278 0.0524885941 0.00400000006
v 0.0380085278 0.0524885941 0.00899999976
v 0.0380191875 0.0527327013 0
v 0.0380191875 0.0527327013 0.00100000001
v 0.0380191875 0.0527327013 0.00400000006
v 0.0380191875 0.0527327013 0.00899999976
v 0.0380341029 0.0529765892 0
v 0.0380341029 0.0529765892 0.00100000001
v 0.0380341029 0.0529765892 0.00400000006
v 0.0380341029 0.0529765892 0.00899999976
v 0.0380532742 0.0532201815 0
v 0.0380532742 0.0532201815 0.00100000001
v 0.0380532742 0.0532201815 0.00400000006
v 0.0380532742 0.0532201815 0.00899999976
v 0.038076694 0.053463397 0
v 0.038076694 0.053463397 0.00100000001
v 0.038076694 0.053463397 0.00400000006
v 0.038076694 0.053463397 0.00899999976
v 0.038104353 0.0537061691 0
v 0.038104353 0.0537061691 0.00100000001
v 0.038104353 0.0537061691 0.00400000006
v 0.038104353 0.0537061691 0.00899999976
v 0.0381362462 0.0539484215 0
v 0.0381362462 0.0539484215 0.00100000001
v 0.0381362462 0.0539484215 0.00400000006
v 0.0381362462 0.0539484215 0.00899999976
v 0.0381723642 0.0541900826 0
v 0.0381723642 0.0541900826 0.00100000001
v 0.0381723642 0.0541900826 0.00400000006
v 0.0381723642 0.0541900826 0.00899999976
v 0.0382126904 0.054431076 0
v 0.0382126904 0.054431076 0.00100000001
v 0.0382126904 0.054431076 0.00400000006
v 0.0382126904 0.054431076 0.00899999976
v 0.0384770393 -0.0556234646 0
v 0.0384770393 -0.0556234646 0.00100000001
v 0.0384770393 -0.0556234646 0.00400000006
v 0.0384770393 -0.0556234646 0.00899999976
v 0.0384158587 -0.0553869057 0
v 0.0384158587 -0.0553869057 0.00100000001
v 0.0384158587 -0.0553869057 0.00400000006
v 0.0384158587 -0.0553869057 0.00899999976
v 0.0383588195 -0.0551493168 0
v 0.0383588195 -0.0551493168 0.00100000001
v 0.0383588195 -0.0551493168 0.00400000006
v 0.0383588195 -0.0551493168 0.00899999976
v 0.0383059335 -0.0549107647 0
v 0.0383059335 -0.0549107647 0.00100000001
v 0.0383059335 -0.0549107647 0.00400000006
v 0.0383059335 -0.0549107647 0.00899999976
v 0.0382572198 -0.0546713257 0
v 0.0382572198 -0.0546713257 0.00100000001
v 0.0382572198 -0.0546713257 0.00400000006
v 0.0382572198 -0.0546713257 0.00899999976
v 0.0382572198 -0.0493286753 0
v 0.0382572198 -0.0493286753 0.00100000001
v 0.0382572198 -0.0493286753 0.00400000006
v 0.0382572198 -0.0493286753 0.00899999976
v 0.0383059335 -0.0490892363 0
v 0.0383059335 -0.0490892363 0.00100000001
v 0.0383059335 -0.0490892363 0.00400000006
v 0.0383059335 -0.0490892363 0.00899999976
v 0.0383588195 -0.0488506842 0
v 0.0383588195 -0.0488506842 0.00100000001
v 0.0383588195 -0.0488506842 0.00400000006
v 0.0383588195 -0.0488506842 0.00899999976
v 0.0384158587 -0.0486130953 0
v 0.0384158587 -0.0486130953 0.00100000001
v 0.0384158587 -0.0486130953 0.00400000006
v 0.0384158587 -0.0486130953 0.00899999976
v 0.0384770393 -0.0483765316 0
v 0.0384770393 -0.0483765316 0.00100000001
v 0.0384770393 -0.0483765316 0.00400000006
v 0.0384770393 -0.0483765316 0.00899999976
v 0.0384770393 0.0483765316 0
v 0.0384770393 0.0483765316 0.00100000001
v 0.0384770393 0.0483765316 0.00400000006
v 0.0384770393 0.0483765316 0.00899999976
v 0.0384158587 0.0486130953 0
v 0.0384158587 0.0486130953 0.00100000001
v 0.0384158587 0.0486130953 0.00400000006
v 0.0384158587 0.0486130953 0.00899999976
v 0.0383588195 0.0488506842 0
v 0.0383588195 0.0488506842 0.00100000001
v 0.0383588195 0.0488506842 0.00400000006
v 0.0383588195 0.0488506842 0.00899999976
v 0.0383059335 0.0490892363 0
v 0.0383059335 0.0490892363 0.00100000001
v 0.0383059335 0.0490892363 0.00400000006
v 0.0383059335 0.0490892363 0.00899999976
v 0.0382572198 0.0493286753 0
v 0.0382572198 0.0493286753 0.00100000001
v 0.0382572198 0.0493286753 0.00400000006
v 0.0382572198 0.0493286753 0.00899999976
v 0.0382572198 0.0546713257 0
v 0.0382572198 0.0546713257 0.00100000001
v 0.0382572198 0.0546713257 0.00400000006
v 0.0382572198 0.0546713257 0.00899999976
v 0.0383059335 0.0549107647 0
v 0.0383059335 0.0549107647 0.00100000001
v 0.0383059335 0.0549107647 0.00400000006
v 0.0383059335 0.0549107647 0.00899999976
v 0.0383588195 0.0551493168 0
v 0.0383588195 0.0551493168 0.00100000001
v 0.0383588195 0.0551493168 0.00400000006
v 0.0383588195 0.0551493168 0.00899999976
v 0.0384158587 0.0553869057 0
v 0.0384158587 0.0553869057 0.00100000001
v 0.0384158587 0.0553869057 0.00400000006
v 0.0384158587 0.0553869057 0.00899999976
v 0.0384770393 0.0556234646 0
v 0.0384770393 0.0556234646 0.00100000001
v 0.0384770393 0.0556234646 0.00400000006
v 0.0384770393 0.0556234646 0.00899999976
v 0.0386852098 -0.0563262367 0
v 0.0386852098 -0.0563262367 0.00100000001
v 0.0386852098 -0.0563262367 0.00400000006
v 0.0386852098 -0.0563262367 0.00899999976
v 0.0386117339 -0.0560932016 0
v 0.0386117339 -0.0560932016 0.00100000001
v 0.0386117339 -0.0560932016 0.00400000006
v 0.0386117339 -0.0560932016 0.00899999976
v 0.0385423374 -0.055858922 0
v 0.0385423374 -0.055858922 0.00100000001
v 0.0385423374 -0.055858922 0.00400000006
v 0.0385423374 -0.055858922 0.00899999976
v 0.0385423374 -0.0481410789 0
v 0.0385423374 -0.0481410789 0.00100000001
v 0.0385423374 -0.0481410789 0.00400000006
v 0.0385423374 -0.0481410789 0.00899999976
v 0.0386117339 -0.0479067945 0
v 0.0386117339 -0.0479067945 0.00100000001
v 0.0386117339 -0.0479067945 0.00400000006
v 0.0386117339 -0.0479067945 0.00899999976
v 0.0386852098 -0.0476737642 0
v 0.0386852098 -0.0476737642 0.00100000001
v 0.0386852098 -0.0476737642 0.00400000006
v 0.0386852098 -0.0476737642 0.00899999976
v 0.0386852098 0.0476737642 0
v 0.0386852098 0.0476737642 0.00100000001
v 0.0386852098 0.0476737642 0.00400000006
v 0.0386852098 0.0476737642 0.00899999976
v 0.0386117339 0.0479067945 0
v 0.0386117339 0.0479067945 0.00100000001
v 0.0386117339 0.0479067945 0.00400000006
v 0.0386117339 0.0479067945 0.00899999976
v 0.0385423374 0.0481410789 0
v 0.0385423374 0.0481410789 0.00100000001
v 0.0385423374 0.0481410789 0.00400000006
v 0.0385423374 0.0481410789 0.00899999976
v 0.0385423374 0.055858922 0
v 0.0385423374 0.055858922 0.00100000001
v 0.0385423374 0.055858922 0.00400000006
v 0.0385423374 0.055858922 0.00899999976
v 0.0386117339 0.0560932016 0
v 0.0386117339 0.0560932016 0.00100000001
v 0.0386117339 0.0560932016 0.00400000006
v 0.0386117339 0.0560932016 0.00899999976
v 0.0386852098 0.0563262367 0
v 0.0386852098 0.0563262367 0.00100000001
v 0.0386852098 0.0563262367 0.00400000006
v 0.0386852098 0.0563262367 0.00899999976
v 0.0389298749 -0.0570171499 0
v 0.0389298749 -0.0570171499 0.00100000001
v 0.0389298749 -0.0570171499 0.00400000006
v 0.0389298749 -0.0570171499 0.00899999976
v 0.0388443041 -0.0567882824 0
v 0.0388443041 -0.0567882824 0.00100000001
v 0.0388443041 -0.0567882824 0.00400000006
v 0.0388443041 -0.0567882824 0.00899999976
v 0.0387627411 -0.0565579557 0
v 0.0387627411 -0.0565579557 0.00100000001
v 0.0387627411 -0.0565579557 0.00400000006
v 0.0387627411 -0.0565579557 0.00899999976
v 0.0387627411 -0.0474420452 0
v 0.0387627411 -0.0474420452 0.00100000001
v 0.0387627411 -0.0474420452 0.00400000006
v 0.0387627411 -0.0474420452 0.00899999976
v 0.0388443041 -0.0472117186 0
v 0.0388443041 -0.0472117186 0.00100000001
v 0.0388443041 -0.0472117186 0.00400000006
v 0.0388443041 -0.0472117186 0.00899999976
v 0.0389298749 -0.046982851 0
v 0.0389298749 -0.046982851 0.00100000001
v 0.0389298749 -0.046982851 0.00400000006
v 0.0389298749 -0.046982851 0.00899999976
v 0.0389298749 0.046982851 0
v 0.0389298749 0.046982851 0.00100000001
v 0.0389298749 0.046982851 0.00400000006
v 0.0389298749 0.046982851 0.00899999976
v 0.0388443041 0.0472117186 0
v 0.0388443041 0.0472117186 0.00100000001
v 0.0388443041 0.0472117186 0.00400000006
v 0.0388443041 0.0472117186 0.00899999976
v 0.0387627411 0.0474420452 0
v 0.0387627411 0.0474420452 0.00100000001
v 0.0387627411 0.0474420452 0.00400000006
v 0.0387627411 0.0474420452 0.00899999976
v 0.0387627411 0.0565579557 0
v 0.0387627411 0.0565579557 0.00100000001
v 0.0387627411 0.0565579557 0.00400000006
v 0.0387627411 0.0565579557 0.00899999976
v 0.0388443041 0.0567882824 0
v 0.0388443041 0.0567882824 0.00100000001
v 0.0388443041 0.0567882824 0.00400000006
v 0.0388443041 0.0567882824 0.00899999976
v 0.0389298749 0.0570171499 0
v 0.0389298749 0.0570171499 0.00100000001
v 0.0389298749 0.0570171499 0.00400000006
v 0.0389298749 0.0570171499 0.00899999976
v 0.0392103624 -0.0576943111 0
v 0.0392103624 -0.0576943111 0.00100000001
v 0.0392103624 -0.0576943111 0.00400000006
v 0.0392103624 -0.0576943111 0.00899999976
v 0.0391129327 -0.0574702358 0
v 0.0391129327 -0.0574702358 0.00100000001
v 0.0391129327 -0.0574702358 0.00400000006
v 0.0391129327 -0.0574702358 0.00899999976
v 0.0390194249 -0.0572444916 0
v 0.0390194249 -0.0572444916 0.00100000001
v 0.0390194249 -0.0572444916 0.00400000006
v 0.0390194249 -0.0572444916 0.00899999976
v 0.0390194249 -0.0467555094 0
v 0.0390194249 -0.0467555094 0.00100000001
v 0.0390194249 -0.0467555094 0.00400000006
v 0.0390194249 -0.0467555094 0.00899999976
v 0.0391129327 -0.0465297651 0
v 0.0391129327 -0.0465297651 0.00100000001
v 0.0391129327 -0.0465297651 0.00400000006
v 0.0391129327 -0.0465297651 0.00899999976
v 0.0392103624 -0.046305685 0
v 0.0392103624 -0.046305685 0.00100000001
v 0.0392103624 -0.046305685 0.00400000006
v 0.0392103624 -0.046305685 0.00899999976
v 0.0392103624 0.046305685 0
v 0.0392103624 0.046305685 0.00100000001
v 0.0392103624 0.046305685 0.00400000006
v 0.0392103624 0.046305685 0.00899999976
v 0.0391129327 0.0465297651 0
v 0.0391129327 0.0465297651 0.00100000001
v 0.0391129327 0.0465297651 0.00400000006
v 0.0391129327 0.0465297651 0.00899999976
v 0.0390194249 0.0467555094 0
v 0.0390194249 0.0467555094 0.00100000001
v 0.0390194249 0.0467555094 0.00400000006
v 0.0390194249 0.0467555094 0.00899999976
v 0.0390194249 0.0572444916 0
v 0.0390194249 0.0572444916 0.00100000001
v 0.0390194249 0.0572444916 0.00400000006
v 0.0390194249 0.0572444916 0.00899999976
v 0.0391129327 0.0574702358 0
v 0.0391129327 0.0574702358 0.00100000001
v 0.0391129327 0.0574702358 0.00400000006
v 0.0391129327 0.0574702358 0.00899999976
v 0.0392103624 0.0576943111 0
v 0.0392103624 0.0576943111 0.00100000001
v 0.0392103624 0.0576943111 0.00400000006
v 0.0392103624 0.0576943111 0.00899999976
v 0.039416883 -0.0581371975 0
v 0.039416883 -0.0581371975 0.00100000001
v 0.039416883 -0.0581371975 0.00400000006
v 0.039416883 -0.0581371975 0.00899999976
v 0.0393116903 -0.0579166555 0
v 0.0393116903 -0.0579166555 0.00100000001
v 0.0393116903 -0.0579166555 0.00400000006
v 0.0393116903 -0.0579166555 0.00899999976
v 0.0393116903 -0.0460833454 0
v 0.0393116903 -0.0460833454 0.00100000001
v 0.0393116903 -0.0460833454 0.00400000006
v 0.0393116903 -0.0460833454 0.00899999976
v 0.039416883 -0.0458628035 0
v 0.039416883 -0.0458628035 0.00100000001
v 0.039416883 -0.0458628035 0.00400000006
v 0.039416883 -0.0458628035 0.00899999976
v 0.039416883 0.0458628035 0
v 0.039416883 0.0458628035 0.00100000001
v 0.039416883 0.0458628035 0.00400000006
v 0.039416883 0.0458628035 0.00899999976
v 0.0393116903 0.0460833454 0
v 0.0393116903 0.0460833454 0.00100000001
v 0.0393116903 0.0460833454 0.00400000006
v 0.0393116903 0.0460833454 0.00899999976
v 0.0393116903 0.0579166555 0
v 0.0393116903 0.0579166555 0.00100000001
v 0.0393116903 0.0579166555 0.00400000006
v 0.0393116903 0.0579166555 0.00899999976
v 0.039416883 0.0581371975 0
v 0.039416883 0.0581371975 0.00100000001
v 0.039416883 0.0581371975 0.00400000006
v 0.039416883 0.0581371975 0.00899999976
v 0.0396387339 -0.0585726023 0
v 0.0396387339 -0.0585726023 0.00100000001
v 0.0396387339 -0.0585726023 0.00400000006
v 0.0396387339 -0.0585726023 0.00899999976
v 0.0395259094 -0.0583558655 0
v 0.0395259094 -0.0583558655 0.00100000001
v 0.0395259094 -0.0583558655 0.00400000006
v 0.0395259094 -0.0583558655 0.00899999976
v 0.0395259094 -0.0456441307 0
v 0.0395259094 -0.0456441307 0.00100000001
v 0.0395259094 -0.0456441307 0.00400000006
v 0.0395259094 -0.0456441307 0.00899999976
v 0.0396387339 -0.0454273987 0
v 0.0396387339 -0.0454273987 0.00100000001
v 0.0396387339 -0.0454273987 0.00400000006
v 0.0396387339 -0.0454273987 0.00899999976
v 0.0396387339 0.0454273987 0
v 0.0396387339 0.0454273987 0.00100000001
v 0.0396387339 0.0454273987 0.00400000006
v 0.0396387339 0.0454273987 0.00899999976
v 0.0395259094 0.0456441307 0
v 0.0395259094 0.0456441307 0.00100000001
v 0.0395259094 0.0456441307 0.00400000006
v 0.0395259094 0.0456441307 0.00899999976
v 0.0395259094 0.0583558655 0
v 0.0395259094 0.0583558655 0.00100000001
v 0.0395259094 0.0583558655 0.00400000006
v 0.0395259094 0.0583558655 0.00899999976
v 0.0396387339 0.0585726023 0
v 0.0396387339 0.0585726023 0.00100000001
v 0.0396387339 0.0585726023 0.00400000006
v 0.0396387339 0.0585726023 0.00899999976
v 0.0398756433 -0.059000001 0
v 0.0399996567 -0.0592105341 0.00100000001
v 0.0398756433 -0.059000001 0.00400000006
v 0.0398756433 -0.059000001 0.00899999976
v 0.0397553229 -0.0587873363 0
v 0.0397553229 -0.0587873363 0.00100000001
v 0.0397553229 -0.0587873363 0.00400000006
v 0.0397553229 -0.0587873363 0.00899999976
v 0.0397553229 -0.0452126646 0
v 0.0397553229 -0.0452126646 0.00100000001
v 0.0397553229 -0.0452126646 0.00400000006
v 0.0397553229 -0.0452126646 0.00899999976
v 0.0399996567 -0.0447894669 0
v 0.0398756433 -0.045 0.00100000001
v 0.0399996567 -0.0447894669 0.00400000006
v 0.0399996567 -0.0447894669 0.00899999976
v 0.0399996567 0.0447894669 0
v 0.0399996567 0.0447894669 0.00100000001
v 0.0399996567 0.0447894669 0.00400000006
v 0.0399996567 0.0447894669 0.00899999976
v 0.0398756433 0.045 0
v 0.0397553229 0.0452126646 0.00100000001
v 0.0397553229 0.0452126646 0.00400000006
v 0.0397553229 0.0452126646 0.00899999976
v 0.0397553229 0.0587873363 0
v 0.0397553229 0.0587873363 0.00100000001
v 0.0397553229 0.0587873363 0.00400000006
v 0.0397553229 0.0587873363 0.00899999976
v 0.0398756433 0.059000001 0
v 0.0399996567 0.0592105341 0.00100000001
v 0.0399996567 0.0592105341 0.00400000006
v 0.0399996567 0.0592105341 0.00899999976
v 0.0401273251 -0.059418869 0
v 0.0401273251 -0.059418869 0.00100000001
v 0.0401273251 -0.059418869 0.00400000006
v 0.0401273251 -0.059418869 0.00899999976
v 0.0401273251 -0.0445811319 0
v 0.0401273251 -0.0445811319 0.00100000001
v 0.0401273251 -0.0445811319 0.00400000006
v 0.0401273251 -0.0445811319 0.00899999976
v 0.0401273251 0.0445811319 0
v 0.0401273251 0.0445811319 0.00100000001
v 0.0401273251 0.0445811319 0.00400000006
v 0.0401273251 0.0445811319 0.00899999976
v 0.0401273251 0.059418869 0
v 0.0401273251 0.059418869 0.00100000001
v 0.0401273251 0.059418869 0.00400000006
v 0.0401273251 0.059418869 0.00899999976
v 0.0403934717 -0.059828701 0
v 0.0403934717 -0.059828701 0.00100000001
v 0.0403934717 -0.059828701 0.00400000006
v 0.0403934717 -0.059828701 0.00899999976
v 0.0402586126 -0.0596249485 0
v 0.0402586126 -0.0596249485 0.00100000001
v 0.0402586126 -0.0596249485 0.00400000006
v 0.0402586126 -0.0596249485 0.00899999976
v 0.0402586126 -0.0443750525 0
v 0.0402586126 -0.0443750525 0.00100000001
v 0.0402586126 -0.0443750525 0.00400000006
v 0.0402586126 -0.0443750525 0.00899999976
v 0.0403934717 -0.0441712999 0
v 0.0403934717 -0.0441712999 0.00100000001
v 0.0403934717 -0.0441712999 0.00400000006
v 0.0403934717 -0.0441712999 0.00899999976
v 0.0403934717 0.0441712999 0
v 0.0403934717 0.0441712999 0.00100000001
v 0.0403934717 0.0441712999 0.00400000006
v 0.0403934717 0.0441712999 0.00899999976
v 0.0402586126 0.0443750525 0
v 0.0402586126 0.0443750525 0.00100000001
v 0.0402586126 0.0443750525 0.00400000006
v 0.0402586126 0.0443750525 0.00899999976
v 0.0402586126 0.0596249485 0
v 0.0402586126 0.0596249485 0.00100000001
v 0.0402586126 0.0596249485 0.00400000006
v 0.0402586126 0.0596249485 0.00899999976
v 0.0403934717 0.059828701 0
v 0.0403934717 0.059828701 0.00100000001
v 0.0403934717 0.059828701 0.00400000006
v 0.0403934717 0.059828701 0.00899999976
v 0.0405318737 -0.0600300694 0
v 0.0406737614 -0.0602289915 0.00100000001
v 0.0405318737 -0.0600300694 0.00400000006
v 0.0405318737 -0.0600300694 0.00899999976
v 0.0406737614 -0.0437710047 0
v 0.0405318737 -0.0439699316 0.00100000001
v 0.0406737614 -0.0437710047 0.00400000006
v 0.0406737614 -0.0437710047 0.00899999976
v 0.0406737614 0.0437710047 0
v 0.0405318737 0.0439699316 0.00100000001
v 0.0405318737 0.0439699316 0.00400000006
v 0.0405318737 0.0439699316 0.00899999976
v 0.0405318737 0.0600300694 0
v 0.0406737614 0.0602289915 0.00100000001
v 0.0406737614 0.0602289915 0.00400000006
v 0.0406737614 0.0602289915 0.00899999976
v 0.0409678507 -0.0606192589 0
v 0.0409678507 -0.0606192589 0.00100000001
v 0.0409678507 -0.0606192589 0.00400000006
v 0.0409678507 -0.0606192589 0.00899999976
v 0.0408191013 -0.0604254103 0
v 0.0408191013 -0.0604254103 0.00100000001
v 0.0408191013 -0.0604254103 0.00400000006
v 0.0408191013 -0.0604254103 0.00899999976
v 0.0408191013 -0.0435745907 0
v 0.0408191013 -0.0435745907 0.00100000001
v 0.0408191013 -0.0435745907 0.00400000006
v 0.0408191013 -0.0435745907 0.00899999976
v 0.0409678507 -0.0433807373 0
v 0.0409678507 -0.0433807373 0.00100000001
v 0.0409678507 -0.0433807373 0.00400000006
v 0.0409678507 -0.0433807373 0.00899999976
v 0.0409678507 0.0433807373 0
v 0.0409678507 0.0433807373 0.00100000001
v 0.0409678507 0.0433807373 0.00400000006
v 0.0409678507 0.0433807373 0.00899999976
v 0.0408191013 0.0435745907 0
v 0.0408191013 0.0435745907 0.00100000001
v 0.0408191013 0.0435745907 0.00400000006
v 0.0408191013 0.0435745907 0.00899999976
v 0.0408191013 0.0604254103 0
v 0.0408191013 0.0604254103 0.00100000001
v 0.0408191013 0.0604254103 0.00400000006
v 0.0408191013 0.0604254103 0.00899999976
v 0.0409678507 0.0606192589 0
v 0.0409678507 0.0606192589 0.00100000001
v 0.0409678507 0.0606192589 0.00400000006
v 0.0409678507 0.0606192589 0.00899999976
v 0.041119957 -0.0608104849 0
v 0.041119957 -0.0608104849 0.00100000001
v 0.041119957 -0.0608104849 0.00400000006
v 0.041119957 -0.0608104849 0.00899999976
v 0.041119957 -0.0431895161 0
v 0.041119957 -0.0431895161 0.00100000001
v 0.041119957 -0.0431895161 0.00400000006
v 0.041119957 -0.0431895161 0.00899999976
v 0.041119957 0.0431895161 0
v 0.041119957 0.0431895161 0.00100000001
v 0.041119957 0.0431895161 0.00400000006
v 0.041119957 0.0431895161 0.00899999976
v 0.041119957 0.0608104849 0
v 0.041119957 0.0608104849 0.00100000001
v 0.041119957 0.0608104849 0.00400000006
v 0.041119957 0.0608104849 0.00899999976
v 0.0414340639 -0.0611848259 0
v 0.0414340639 -0.0611848259 0.00100000001
v 0.0414340639 -0.0611848259 0.00400000006
v 0.0414340639 -0.0611848259 0.00899999976
v 0.0412753773 -0.0609990263 0
v 0.0412753773 -0.0609990263 0.00100000001
v 0.0412753773 -0.0609990263 0.00400000006
v 0.0412753773 -0.0609990263 0.00899999976
v 0.0414901447 -0.0529194927 0
v 0.0414901447 -0.0529194927 0.00899999976
v 0.0414757013 -0.0527359295 0
v 0.0414757013 -0.0527359295 0.00899999976
v 0.0414564276 -0.0523681879 0
v 0.0414564276 -0.0523681879 0.00899999976
v 0.0414516068 -0.052184124 0
v 0.0414516068 -0.052184124 0.00899999976
v 0.0414499998 -0.0519999981 0
v 0.0414499998 -0.0519999981 0.00899999976
v 0.0414564276 -0.0516318083 0
v 0.0414564276 -0.0516318083 0.00899999976
v 0.0414644575 -0.051447854 0
v 0.0414644575 -0.051447854 0.00899999976
v 0.0414901447 -0.0510805082 0
v 0.0414901447 -0.0510805082 0.00899999976
v 0.0412753773 -0.0430009747 0
v 0.0412753773 -0.0430009747 0.00100000001
v 0.0412753773 -0.0430009747 0.00400000006
v 0.0412753773 -0.0430009747 0.00899999976
v 0.0414340639 -0.0428151751 0
v 0.0414340639 -0.0428151751 0.00100000001
v 0.0414340639 -0.0428151751 0.00400000006
v 0.0414340639 -0.0428151751 0.00899999976
v 0.0414340639 0.0428151751 0
v 0.0414340639 0.0428151751 0.00100000001
v 0.0414340639 0.0428151751 0.00400000006
v 0.0414340639 0.0428151751 0.00899999976
v 0.0412753773 0.0430009747 0
v 0.0412753773 0.0430009747 0.00100000001
v 0.0412753773 0.0430009747 0.00400000006
v 0.0412753773 0.0430009747 0.00899999976
v 0.0414901447 0.0510805082 0
v 0.0414901447 0.0510805082 0.00899999976
v 0.0414757013 0.0512640715 0
v 0.0414757013 0.0512640715 0.00899999976
v 0.0414564276 0.0516318083 0
v 0.0414564276 0.0516318083 0.00899999976
v 0.0414516068 0.051815877 0
v 0.0414516068 0.051815877 0.00899999976
v 0.0414516068 0.052184124 0
v 0.0414516068 0.052184124 0.00899999976
v 0.0414564276 0.0523681879 0
v 0.0414564276 0.0523681879 0.00899999976
v 0.0414644575 0.0525521421 0
v 0.0414644575 0.0525521421 0.00899999976
v 0.0414901447 0.0529194927 0
v 0.0414901447 0.0529194927 0.00899999976
v 0.0412753773 0.0609990263 0
v 0.0412753773 0.0609990263 0.00100000001
v 0.0412753773 0.0609990263 0.00400000006
v 0.0412753773 0.0609990263 0.00899999976
v 0.0414340639 0.0611848259 0
v 0.0414340639 0.0611848259 0.00100000001
v 0.0414340639 0.0611848259 0.00400000006
v 0.0414340639 0.0611848259 0.00899999976
v 0.041595974 -0.0613678265 0
v 0.041595974 -0.0613678265 0.00100000001
v 0.041595974 -0.0613678265 0.00400000006
v 0.041595974 -0.0613678265 0.00899999976
v 0.0417203951 -0.0543732357 0
v 0.0417203951 -0.0543732357 0.00899999976
v 0.041680541 -0.0541934681 0
v 0.041680541 -0.0541934681 0.00899999976
v 0.0416102791 -0.0538319874 0
v 0.0416102791 -0.0538319874 0.00899999976
v 0.0415798903 -0.0536503839 0
v 0.0415798903 -0.0536503839 0.00899999976
v 0.0415526724 -0.0534682751 0
v 0.0415526724 -0.0534682751 0.00899999976
v 0.0415077925 -0.0531027746 0
v 0.0415077925 -0.0531027746 0.00899999976
v 0.0415077925 -0.0508972263 0
v 0.0415077925 -0.0508972263 0.00899999976
v 0.0415286398 -0.0507142782 0
v 0.0415286398 -0.0507142782 0.00899999976
v 0.0415798903 -0.050349617 0
v 0.0415798903 -0.050349617 0.00899999976
v 0.0416102791 -0.0501680136 0
v 0.0416102791 -0.0501680136 0.00899999976
v 0.0416438341 -0.0499869633 0
v 0.0416438341 -0.0499869633 0.00899999976
v 0.0417203951 -0.0496267653 0
v 0.0417203951 -0.0496267653 0.00899999976
v 0.041595974 -0.0426321697 0
v 0.041595974 -0.0426321697 0.00100000001
v 0.041595974 -0.0426321697 0.00400000006
v 0.041595974 -0.0426321697 0.00899999976
v 0.041595974 0.0426321697 0
v 0.041595974 0.0426321697 0.00100000001
v 0.041595974 0.0426321697 0.00400000006
v 0.041595974 0.0426321697 0.00899999976
v 0.0417203951 0.0496267653 0
v 0.0417203951 0.0496267653 0.00899999976
v 0.041680541 0.0498065329 0
v 0.041680541 0.0498065329 0.00899999976
v 0.0416102791 0.0501680136 0
v 0.0416102791 0.0501680136 0.00899999976
v 0.0415798903 0.050349617 0
v 0.0415798903 0.050349617 0.00899999976
v 0.0415526724 0.0505317259 0
v 0.0415526724 0.0505317259 0.00899999976
v 0.0415077925 0.0508972263 0
v 0.0415077925 0.0508972263 0.00899999976
v 0.0415077925 0.0531027746 0
v 0.0415077925 0.0531027746 0.00899999976
v 0.0415286398 0.0532857227 0
v 0.0415286398 0.0532857227 0.00899999976
v 0.0415798903 0.0536503839 0
v 0.0415798903 0.0536503839 0.00899999976
v 0.0416102791 0.0538319874 0
v 0.0416102791 0.0538319874 0.00899999976
v 0.0416438341 0.0540130329 0
v 0.0416438341 0.0540130329 0.00899999976
v 0.0417203951 0.0543732357 0
v 0.0417203951 0.0543732357 0.00899999976
v 0.041595974 0.0613678265 0
v 0.041595974 0.0613678265 0.00100000001
v 0.041595974 0.0613678265 0.00400000006
v 0.041595974 0.0613678265 0.00899999976
v 0.0417610502 -0.0615479755 0
v 0.041929245 -0.0617252159 0.00100000001
v 0.0417610502 -0.0615479755 0.00400000006
v 0.0417610502 -0.0615479755 0.00899999976
v 0.0419663525 -0.055260129 0
v 0.0419663525 -0.055260129 0.00899999976
v 0.0419109869 -0.0550845194 0
v 0.0419109869 -0.0550845194 0.00899999976
v 0.0418586874 -0.0549079752 0
v 0.0418586874 -0.0549079752 0.00899999976
v 0.0418094826 -0.0547305393 0
v 0.0418094826 -0.0547305393 0.00899999976
v 0.041763382 -0.0494477224 0
v 0.041763382 -0.0494477224 0.00899999976
v 0.0418586874 -0.0490920258 0
v 0.0418586874 -0.0490920258 0.00899999976
v 0.0419109869 -0.0489154768 0
v 0.0419109869 -0.0489154768 0.00899999976
v 0.0419663525 -0.048739872 0
v 0.0419663525 -0.048739872 0.00899999976
v 0.041929245 -0.042274785 0
v 0.0417610502 -0.0424520206 0.00100000001
v 0.041929245 -0.042274785 0.00400000006
v 0.041929245 -0.042274785 0.00899999976
v 0.041929245 0.042274785 0
v 0.0417610502 0.0424520206 0.00100000001
v 0.0417610502 0.0424520206 0.00400000006
v 0.0417610502 0.0424520206 0.00899999976
v 0.0419663525 0.048739872 0
v 0.0419663525 0.048739872 0.00899999976
v 0.0419109869 0.0489154768 0
v 0.0419109869 0.0489154768 0.00899999976
v 0.0418586874 0.0490920258 0
v 0.0418586874 0.0490920258 0.00899999976
v 0.0418094826 0.0492694569 0
v 0.0418094826 0.0492694569 0.00899999976
v 0.041763382 0.0545522738 0
v 0.041763382 0.0545522738 0.00899999976
v 0.0418586874 0.0549079752 0
v 0.0418586874 0.0549079752 0.00899999976
v 0.0419109869 0.0550845194 0
v 0.0419109869 0.0550845194 0.00899999976
v 0.0419663525 0.055260129 0
v 0.0419663525 0.055260129 0.00899999976
v 0.0417610502 0.0615479755 0
v 0.041929245 0.0617252159 0.00100000001
v 0.041929245 0.0617252159 0.00400000006
v 0.041929245 0.0617252159 0.00899999976
v 0.0421005058 -0.0618994951 0
v 0.0421005058 -0.0618994951 0.00100000001
v 0.0421005058 -0.0618994951 0.00400000006
v 0.0421005058 -0.0618994951 0.00899999976
v 0.0422182083 -0.0559521008 0
v 0.0422182083 -0.0559521008 0.00899999976
v 0.0420862436 -0.0556083107 0
v 0.0420862436 -0.0556083107 0.00899999976
v 0.0420247793 -0.055434742 0
v 0.0420247793 -0.055434742 0.00899999976
v 0.0420247793 -0.0485652542 0
v 0.0420247793 -0.0485652542 0.00899999976
v 0.0420862436 -0.0483916855 0
v 0.0420862436 -0.0483916855 0.00899999976
v 0.0421507263 -0.0482192183 0
v 0.0421507263 -0.0482192183 0.00899999976
v 0.0421005058 -0.0421005058 0
v 0.0421005058 -0.0421005058 0.00100000001
v 0.0421005058 -0.0421005058 0.00400000006
v 0.0421005058 -0.0421005058 0.00899999976
v 0.0421005058 0.0421005058 0
v 0.0421005058 0.0421005058 0.00100000001
v 0.0421005058 0.0421005058 0.00400000006
v 0.0421005058 0.0421005058 0.00899999976
v 0.0422182083 0.0480479002 0
v 0.0422182083 0.0480479002 0.00899999976
v 0.0420862436 0.0483916855 0
v 0.0420862436 0.0483916855 0.00899999976
v 0.0420247793 0.0485652542 0
v 0.0420247793 0.0485652542 0.00899999976
v 0.0420247793 0.055434742 0
v 0.0420247793 0.055434742 0.00899999976
v 0.0420862436 0.0556083107 0
v 0.0420862436 0.0556083107 0.00899999976
v 0.0421507263 0.0557807827 0
v 0.0421507263 0.0557807827 0.00899999976
v 0.0421005058 0.0618994951 0
v 0.0421005058 0.0618994951 0.00100000001
v 0.0421005058 0.0618994951 0.00400000006
v 0.0421005058 0.0618994951 0.00899999976
v 0.042274785 -0.062070756 0
v 0.0424520206 -0.0622389507 0.00100000001
v 0.042274785 -0.062070756 0.00400000006
v 0.042274785 -0.062070756 0.00899999976
v 0.0424384546 -0.056458621 0
v 0.0424384546 -0.056458621 0.00899999976
v 0.0422886753 -0.0561222124 0
v 0.0422886753 -0.0561222124 0.00899999976
v 0.0422886753 -0.0478777885 0
v 0.0422886753 -0.0478777885 0.00899999976
v 0.0423620939 -0.0477089262 0
v 0.0423620939 -0.0477089262 0.00899999976
v 0.0424520206 -0.0417610502 0
v 0.042274785 -0.041929245 0.00100000001
v 0.0424520206 -0.0417610502 0.00400000006
v 0.0424520206 -0.0417610502 0.00899999976
v 0.0424520206 0.0417610502 0
v 0.042274785 0.041929245 0.00100000001
v 0.042274785 0.041929245 0.00400000006
v 0.042274785 0.041929245 0.00899999976
v 0.0424384546 0.0475413752 0
v 0.0424384546 0.0475413752 0.00899999976
v 0.0422886753 0.0478777885 0
v 0.0422886753 0.0478777885 0.00899999976
v 0.0422886753 0.0561222124 0
v 0.0422886753 0.0561222124 0.00899999976
v 0.0423620939 0.05629107 0
v 0.0423620939 0.05629107 0.00899999976
v 0.042274785 0.062070756 0
v 0.0424520206 0.0622389507 0.00100000001
v 0.0424520206 0.0622389507 0.00400000006
v 0.0424520206 0.0622389507 0.00899999976
v 0.0426321697 -0.062404027 0
v 0.0426321697 -0.062404027 0.00100000001
v 0.0426321697 -0.062404027 0.00400000006
v 0.0426321697 -0.062404027 0.00899999976
v 0.0426849031 -0.0569529247 0
v 0.0426849031 -0.0569529247 0.00899999976
v 0.042517724 -0.0566248178 0
v 0.042517724 -0.0566248178 0.00899999976
v 0.042517724 -0.0473751831 0
v 0.042517724 -0.0473751831 0.00899999976
v 0.0425998831 -0.0472104025 0
v 0.0425998831 -0.0472104025 0.00899999976
v 0.0426321697 -0.041595974 0
v 0.0426321697 -0.041595974 0.00100000001
v 0.0426321697 -0.041595974 0.00400000006
v 0.0426321697 -0.041595974 0.00899999976
v 0.0426321697 0.041595974 0
v 0.0426321697 0.041595974 0.00100000001
v 0.0426321697 0.041595974 0.00400000006
v 0.0426321697 0.041595974 0.00899999976
v 0.0426849031 0.0470470762 0
v 0.0426849031 0.0470470762 0.00899999976
v 0.042517724 0.0473751831 0
v 0.042517724 0.0473751831 0.00899999976
v 0.042517724 0.0566248178 0
v 0.042517724 0.0566248178 0.00899999976
v 0.0425998831 0.0567895985 0
v 0.0425998831 0.0567895985 0.00899999976
v 0.0426321697 0.062404027 0
v 0.0426321697 0.062404027 0.00100000001
v 0.0426321697 0.062404027 0.00400000006
v 0.0426321697 0.062404027 0.00899999976
v 0.0428151751 -0.0625659323 0
v 0.0428151751 -0.0625659323 0.00100000001
v 0.0428151751 -0.0625659323 0.00400000006
v 0.0428151751 -0.0625659323 0.00899999976
v 0.0429568863 -0.0574336529 0
v 0.0429568863 -0.0574336529 0.00899999976
v 0.0427727604 -0.0571147394 0
v 0.0427727604 -0.0571147394 0.00899999976
v 0.0427727604 -0.0468852568 0
v 0.0427727604 -0.0468852568 0.00899999976
v 0.042863431 -0.0467250013 0
v 0.042863431 -0.0467250013 0.00899999976
v 0.0428151751 -0.0414340639 0
v 0.0428151751 -0.0414340639 0.00100000001
v 0.0428151751 -0.0414340639 0.00400000006
v 0.0428151751 -0.0414340639 0.00899999976
v 0.0428151751 0.0414340639 0
v 0.0428151751 0.0414340639 0.00100000001
v 0.0428151751 0.0414340639 0.00400000006
v 0.0428151751 0.0414340639 0.00899999976
v 0.0429568863 0.0465663481 0
v 0.0429568863 0.0465663481 0.00899999976
v 0.0427727604 0.0468852568 0
v 0.0427727604 0.0468852568 0.00899999976
v 0.0427727604 0.0571147394 0
v 0.0427727604 0.0571147394 0.00899999976
v 0.042863431 0.0572749996 0
v 0.042863431 0.0572749996 0.00899999976
v 0.0428151751 0.0625659323 0
v 0.0428151751 0.0625659323 0.00100000001
v 0.0428151751 0.0625659323 0.00400000006
v 0.0428151751 0.0625659323 0.00899999976
v 0.0431895161 -0.062880044 0
v 0.0431895161 -0.062880044 0.00100000001
v 0.0431895161 -0.062880044 0.00400000006
v 0.0431895161 -0.062880044 0.00899999976
v 0.0430009747 -0.0627246237 0
v 0.0430009747 -0.0627246237 0.00100000001
v 0.0430009747 -0.0627246237 0.00400000006
v 0.0430009747 -0.0627246237 0.00899999976
v 0.0431520271 -0.0577459431 0
v 0.0431520271 -0.0577459431 0.00899999976
v 0.043053093 -0.0464093494 0
v 0.043053093 -0.0464093494 0.00899999976
v 0.0430009747 -0.0412753773 0
v 0.0430009747 -0.0412753773 0.00100000001
v 0.0430009747 -0.0412753773 0.00400000006
v 0.0430009747 -0.0412753773 0.00899999976
v 0.0431895161 -0.041119957 0
v 0.0431895161 -0.041119957 0.00100000001
v 0.0431895161 -0.041119957 0.00400000006
v 0.0431895161 -0.041119957 0.00899999976
v 0.0431895161 0.041119957 0
v 0.0431895161 0.041119957 0.00100000001
v 0.0431895161 0.041119957 0.00400000006
v 0.0431895161 0.041119957 0.00899999976
v 0.0430009747 0.0412753773 0
v 0.0430009747 0.0412753773 0.00100000001
v 0.0430009747 0.0412753773 0.00400000006
v 0.0430009747 0.0412753773 0.00899999976
v 0.0431520271 0.0462540579 0
v 0.0431520271 0.0462540579 0.00899999976
v 0.043053093 0.0575906467 0
v 0.043053093 0.0575906467 0.00899999976
v 0.0430009747 0.0627246237 0
v 0.0430009747 0.0627246237 0.00100000001
v 0.0430009747 0.0627246237 0.00400000006
v 0.0430009747 0.0627246237 0.00899999976
v 0.0431895161 0.062880044 0
v 0.0431895161 0.062880044 0.00100000001
v 0.0431895161 0.062880044 0.00400000006
v 0.0431895161 0.062880044 0.00899999976
v 0.0433807373 -0.0630321503 0
v 0.0433807373 -0.0630321503 0.00100000001
v 0.0433807373 -0.0630321503 0.00400000006
v 0.0433807373 -0.0630321503 0.00899999976
v 0.0434648705 -0.0582011366 0
v 0.0434648705 -0.0582011366 0.00899999976
v 0.0432536554 -0.0578994846 0
v 0.0432536554 -0.0578994846 0.00899999976
v 0.0432536554 -0.0461005163 0
v 0.0432536554 -0.0461005163 0.00899999976
v 0.0433579445 -0.0459487677 0
v 0.0433579445 -0.0459487677 0.00899999976
v 0.0433807373 -0.0409678507 0
v 0.0433807373 -0.0409678507 0.00100000001
v 0.0433807373 -0.0409678507 0.00400000006
v 0.0433807373 -0.0409678507 0.00899999976
v 0.0433807373 0.0409678507 0
v 0.0433807373 0.0409678507 0.00100000001
v 0.0433807373 0.0409678507 0.00400000006
v 0.0433807373 0.0409678507 0.00899999976
v 0.0434648705 0.0457988644 0
v 0.0434648705 0.0457988644 0.00899999976
v 0.0432536554 0.0461005163 0
v 0.0432536554 0.0461005163 0.00899999976
v 0.0432536554 0.0578994846 0
v 0.0432536554 0.0578994846 0.00899999976
v 0.0433579445 0.0580512333 0
v 0.0433579445 0.0580512333 0.00899999976
v 0.0433807373 0.0630321503 0
v 0.0433807373 0.0630321503 0.00100000001
v 0.0433807373 0.0630321503 0.00400000006
v 0.0433807373 0.0630321503 0.00899999976
v 0.0435745907 -0.0631808949 0
v 0.0435745907 -0.0631808949 0.00100000001
v 0.0435745907 -0.0631808949 0.00400000006
v 0.0435745907 -0.0631808949 0.00899999976
v 0.0436864853 -0.0584952307 0
v 0.0436864853 -0.0584952307 0.00899999976
v 0.0435743952 -0.0456508493 0
v 0.0435743952 -0.0456508493 0.00899999976
v 0.0435745907 -0.0408191013 0
v 0.0435745907 -0.0408191013 0.00100000001
v 0.0435745907 -0.0408191013 0.00400000006
v 0.0435745907 -0.0408191013 0.00899999976
v 0.0435745907 0.0408191013 0
v 0.0435745907 0.0408191013 0.00100000001
v 0.0435745907 0.0408191013 0.00400000006
v 0.0435745907 0.0408191013 0.00899999976
v 0.0436864853 0.0455047703 0
v 0.0436864853 0.0455047703 0.00899999976
v 0.0435743952 0.0583491468 0
v 0.0435743952 0.0583491468 0.00899999976
v 0.0435745907 0.0631808949 0
v 0.0435745907 0.0631808949 0.00100000001
v 0.0435745907 0.0631808949 0.00400000006
v 0.0435745907 0.0631808949 0.00899999976
v 0.0437710047 -0.0633262396 0
v 0.0439699316 -0.0634681273 0.00100000001
v 0.0437710047 -0.0633262396 0.00400000006
v 0.0437710047 -0.0633262396 0.00899999976
v 0.0439182329 -0.0587814093 0
v 0.0439182329 -0.0587814093 0.00899999976
v 0.0438011122 -0.0586393309 0
v 0.0438011122 -0.0586393309 0.00899999976
v 0.0438011122 -0.0453606701 0
v 0.0438011122 -0.0453606701 0.00899999976
v 0.0439182329 -0.0452185917 0
v 0.0439182329 -0.0452185917 0.00899999976
v 0.0439699316 -0.0405318737 0
v 0.0437710047 -0.0406737614 0.00100000001
v 0.0439699316 -0.0405318737 0.00400000006
v 0.0439699316 -0.0405318737 0.00899999976
v 0.0439699316 0.0405318737 0
v 0.0437710047 0.0406737614 0.00100000001
v 0.0437710047 0.0406737614 0.00400000006
v 0.0437710047 0.0406737614 0.00899999976
v 0.0439182329 0.0452185917 0
v 0.0439182329 0.0452185917 0.00899999976
v 0.0438011122 0.0453606701 0
v 0.0438011122 0.0453606701 0.00899999976
v 0.0438011122 0.0586393309 0
v 0.0438011122 0.0586393309 0.00899999976
v 0.0439182329 0.0587814093 0
v 0.0439182329 0.0587814093 0.00899999976
v 0.0437710047 0.0633262396 0
v 0.0439699316 0.0634681273 0.00100000001
v 0.0439699316 0.0634681273 0.00400000006
v 0.0439699316 0.0634681273 0.00899999976
v 0.0441712999 -0.0636065245 0
v 0.0441712999 -0.0636065245 0.00100000001
v 0.0441712999 -0.0636065245 0.00400000006
v 0.0441712999 -0.0636065245 0.00899999976
v 0.0441598225 -0.059059329 0
v 0.0441598225 -0.059059329 0.00899999976
v 0.0440378141 -0.058921423 0
v 0.0440378141 -0.058921423 0.00899999976
v 0.0440378141 -0.045078578 0
v 0.0440378141 -0.045078578 0.00899999976
v 0.0441598225 -0.0449406719 0
v 0.0441598225 -0.0449406719 0.00899999976
v 0.0441712999 -0.0403934717 0
v 0.0441712999 -0.0403934717 0.00100000001
v 0.0441712999 -0.0403934717 0.00400000006
v 0.0441712999 -0.0403934717 0.00899999976
v 0.0441712999 0.0403934717 0
v 0.0441712999 0.0403934717 0.00100000001
v 0.0441712999 0.0403934717 0.00400000006
v 0.0441712999 0.0403934717 0.00899999976
v 0.0441598225 0.0449406719 0
v 0.0441598225 0.0449406719 0.00899999976
v 0.0440378141 0.045078578 0
v 0.0440378141 0.045078578 0.00899999976
v 0.0440378141 0.058921423 0
v 0.0440378141 0.058921423 0.00899999976
v 0.0441598225 0.059059329 0
v 0.0441598225 0.059059329 0.00899999976
v 0.0441712999 0.0636065245 0
v 0.0441712999 0.0636065245 0.00100000001
v 0.0441712999 0.0636065245 0.00400000006
v 0.0441712999 0.0636065245 0.00899999976
v 0.0443750525 -0.0637413883 0
v 0.0443750525 -0.0637413883 0.00100000001
v 0.0443750525 -0.0637413883 0.00400000006
v 0.0443750525 -0.0637413883 0.00899999976
v 0.0444109631 -0.0593286467 0
v 0.0444109631 -0.0593286467 0.00899999976
v 0.0442842197 -0.0591950846 0
v 0.0442842197 -0.0591950846 0.00899999976
v 0.0442842197 -0.0448049164 0
v 0.0442842197 -0.0448049164 0.00899999976
v 0.0444109631 -0.0446713543 0
v 0.0444109631 -0.0446713543 0.00899999976
v 0.0443750525 -0.0402586126 0
v 0.0443750525 -0.0402586126 0.00100000001
v 0.0443750525 -0.0402586126 0.00400000006
v 0.0443750525 -0.0402586126 0.00899999976
v 0.0443750525 0.0402586126 0
v 0.0443750525 0.0402586126 0.00100000001
v 0.0443750525 0.0402586126 0.00400000006
v 0.0443750525 0.0402586126 0.00899999976
v 0.0444109631 0.0446713543 0
v 0.0444109631 0.0446713543 0.00899999976
v 0.0442842197 0.0448049164 0
v 0.0442842197 0.0448049164 0.00899999976
v 0.0442842197 0.0591950846 0
v 0.0442842197 0.0591950846 0.00899999976
v 0.0444109631 0.0593286467 0
v 0.0444109631 0.0593286467 0.00899999976
v 0.0443750525 0.0637413883 0
v 0.0443750525 0.0637413883 0.00100000001
v 0.0443750525 0.0637413883 0.00400000006
v 0.0443750525 0.0637413883 0.00899999976
v 0.0445811319 -0.0638726711 0
v 0.0445811319 -0.0638726711 0.00100000001
v 0.0445811319 -0.0638726711 0.00400000006
v 0.0445811319 -0.0638726711 0.00899999976
v 0.0446713543 -0.0595890331 0
v 0.0446713543 -0.0595890331 0.00899999976
v 0.0445400238 -0.0594599771 0
v 0.0445400238 -0.0594599771 0.00899999976
v 0.0445400238 -0.0445400238 0
v 0.0445400238 -0.0445400238 0.00899999976
v 0.0446713543 -0.0444109631 0
v 0.0446713543 -0.0444109631 0.00899999976
v 0.0445811319 -0.0401273251 0
v 0.0445811319 -0.0401273251 0.00100000001
v 0.0445811319 -0.0401273251 0.00400000006
v 0.0445811319 -0.0401273251 0.00899999976
v 0.0445811319 0.0401273251 0
v 0.0445811319 0.0401273251 0.00100000001
v 0.0445811319 0.0401273251 0.00400000006
v 0.0445811319 0.0401273251 0.00899999976
v 0.0446713543 0.0444109631 0
v 0.0446713543 0.0444109631 0.00899999976
v 0.0445400238 0.0445400238 0
v 0.0445400238 0.0445400238 0.00899999976
v 0.0445400238 0.0594599771 0
v 0.0445400238 0.0594599771 0.00899999976
v 0.0446713543 0.0595890331 0
v 0.0446713543 0.0595890331 0.00899999976
v 0.0445811319 0.0638726711 0
v 0.0445811319 0.0638726711 0.00100000001
v 0.0445811319 0.0638726711 0.00400000006
v 0.0445811319 0.0638726711 0.00899999976
v 0.0447894669 -0.0640003443 0
v 0.0447894669 -0.0640003443 0.00100000001
v 0.0447894669 -0.0640003443 0.00400000006
v 0.0447894669 -0.0640003443 0.00899999976
v 0.0449406719 -0.0598401785 0
v 0.0449406719 -0.0598401785 0.00899999976
v 0.0448049164 -0.0597157812 0
v 0.0448049164 -0.0597157812 0.00899999976
v 0.0448049164 -0.0442842197 0
v 0.0448049164 -0.0442842197 0.00899999976
v 0.0449406719 -0.0441598225 0
v 0.0449406719 -0.0441598225 0.00899999976
v 0.0447894669 -0.0399996567 0
v 0.0447894669 -0.0399996567 0.00100000001
v 0.0447894669 -0.0399996567 0.00400000006
v 0.0447894669 -0.0399996567 0.00899999976
v 0.0447894669 0.0399996567 0
v 0.0447894669 0.0399996567 0.00100000001
v 0.0447894669 0.0399996567 0.00400000006
v 0.0447894669 0.0399996567 0.00899999976
v 0.0449406719 0.0441598225 0
v 0.0449406719 0.0441598225 0.00899999976
v 0.0448049164 0.0442842197 0
v 0.0448049164 0.0442842197 0.00899999976
v 0.0448049164 0.0597157812 0
v 0.0448049164 0.0597157812 0.00899999976
v 0.0449406719 0.0598401785 0
v 0.0449406719 0.0598401785 0.00899999976
v 0.0447894669 0.0640003443 0
v 0.0447894669 0.0640003443 0.00100000001
v 0.0447894669 0.0640003443 0.00400000006
v 0.0447894669 0.0640003443 0.00899999976
v 0.045 -0.0641243553 0
v 0.0452126646 -0.0642446756 0.00100000001
v 0.045 -0.0641243553 0.00400000006
v 0.045 -0.0641243553 0.00899999976
v 0.0452185917 -0.060081768 0
v 0.0452185917 -0.060081768 0.00899999976
v 0.045078578 -0.0599621868 0
v 0.045078578 -0.0599621868 0.00899999976
v 0.045078578 -0.0440378141 0
v 0.045078578 -0.0440378141 0.00899999976
v 0.0452185917 -0.0439182329 0
v 0.0452185917 -0.0439182329 0.00899999976
v 0.0452126646 -0.0397553229 0
v 0.045 -0.0398756433 0.00100000001
v 0.0452126646 -0.0397553229 0.00400000006
v 0.0452126646 -0.0397553229 0.00899999976
v 0.0452126646 0.0397553229 0
v 0.045 0.0398756433 0.00100000001
v 0.045 0.0398756433 0.00400000006
v 0.045 0.0398756433 0.00899999976
v 0.0452185917 0.0439182329 0
v 0.0452185917 0.0439182329 0.00899999976
v 0.045078578 0.0440378141 0
v 0.045078578 0.0440378141 0.00899999976
v 0.045078578 0.0599621868 0
v 0.045078578 0.0599621868 0.00899999976
v 0.0452185917 0.060081768 0
v 0.0452185917 0.060081768 0.00899999976
v 0.045 0.0641243553 0
v 0.0452126646 0.0642446756 0.00100000001
v 0.0452126646 0.0642446756 0.00400000006
v 0.0452126646 0.0642446756 0.00899999976
v 0.0454273987 -0.0643612671 0
v 0.0454273987 -0.0643612671 0.00100000001
v 0.0454273987 -0.0643612671 0.00400000006
v 0.0454273987 -0.0643612671 0.00899999976
v 0.0453606701 -0.0601988888 0
v 0.0453606701 -0.0601988888 0.00899999976
v 0.0453606701 -0.0438011122 0
v 0.0453606701 -0.0438011122 0.00899999976
v 0.0454273987 -0.0396387339 0
v 0.0454273987 -0.0396387339 0.00100000001
v 0.0454273987 -0.0396387339 0.00400000006
v 0.0454273987 -0.0396387339 0.00899999976
v 0.0454273987 0.0396387339 0
v 0.0454273987 0.0396387339 0.00100000001
v 0.0454273987 0.0396387339 0.00400000006
v 0.0454273987 0.0396387339 0.00899999976
v 0.0453606701 0.0438011122 0
v 0.0453606701 0.0438011122 0.00899999976
v 0.0453606701 0.0601988888 0
v 0.0453606701 0.0601988888 0.00899999976
v 0.0454273987 0.0643612671 0
v 0.0454273987 0.0643612671 0.00100000001
v 0.0454273987 0.0643612671 0.00400000006
v 0.0454273987 0.0643612671 0.00899999976
v 0.0456441307 -0.0644740915 0
v 0.0456441307 -0.0644740915 0.00100000001
v 0.0456441307 -0.0644740915 0.00400000006
v 0.0456441307 -0.0644740915 0.00899999976
v 0.0456508493 -0.0604256058 0
v 0.0456508493 -0.0604256058 0.00899999976
v 0.0455047703 -0.0436864853 0
v 0.0455047703 -0.0436864853 0.00899999976
v 0.0456441307 -0.0395259094 0
v 0.0456441307 -0.0395259094 0.00100000001
v 0.0456441307 -0.0395259094 0.00400000006
v 0.0456441307 -0.0395259094 0.00899999976
v 0.0456441307 0.0395259094 0
v 0.0456441307 0.0395259094 0.00100000001
v 0.0456441307 0.0395259094 0.00400000006
v 0.0456441307 0.0395259094 0.00899999976
v 0.0456508493 0.0435743952 0
v 0.0456508493 0.0435743952 0.00899999976
v 0.0455047703 0.0603135157 0
v 0.0455047703 0.0603135157 0.00899999976
v 0.0456441307 0.0644740915 0
v 0.0456441307 0.0644740915 0.00100000001
v 0.0456441307 0.0644740915 0.00400000006
v 0.0456441307 0.0644740915 0.00899999976
v 0.0458628035 -0.0645831156 0
v 0.0458628035 -0.0645831156 0.00100000001
v 0.0458628035 -0.0645831156 0.00400000006
v 0.0458628035 -0.0645831156 0.00899999976
v 0.0459487677 -0.0606420517 0
v 0.0459487677 -0.0606420517 0.00899999976
v 0.0457988644 -0.0434648705 0
v 0.0457988644 -0.0434648705 0.00899999976
v 0.0458628035 -0.039416883 0
v 0.0458628035 -0.039416883 0.00100000001
v 0.0458628035 -0.039416883 0.00400000006
v 0.0458628035 -0.039416883 0.00899999976
v 0.0458628035 0.039416883 0
v 0.0458628035 0.039416883 0.00100000001
v 0.0458628035 0.039416883 0.00400000006
v 0.0458628035 0.039416883 0.00899999976
v 0.0459487677 0.0433579445 0
v 0.0459487677 0.0433579445 0.00899999976
v 0.0457988644 0.0605351305 0
v 0.0457988644 0.0605351305 0.00899999976
v 0.0458628035 0.0645831156 0
v 0.0458628035 0.0645831156 0.00100000001
v 0.0458628035 0.0645831156 0.00400000006
v 0.0458628035 0.0645831156 0.00899999976
v 0.0460833454 -0.0646883106 0
v 0.0460833454 -0.0646883106 0.00100000001
v 0.0460833454 -0.0646883106 0.00400000006
v 0.0460833454 -0.0646883106 0.00899999976
v 0.0461005163 -0.0607463455 0
v 0.0461005163 -0.0607463455 0.00899999976
v 0.0461005163 -0.0432536554 0
v 0.0461005163 -0.0432536554 0.00899999976
v 0.0460833454 -0.0393116903 0
v 0.0460833454 -0.0393116903 0.00100000001
v 0.0460833454 -0.0393116903 0.00400000006
v 0.0460833454 -0.0393116903 0.00899999976
v 0.0460833454 0.0393116903 0
v 0.0460833454 0.0393116903 0.00100000001
v 0.0460833454 0.0393116903 0.00400000006
v 0.0460833454 0.0393116903 0.00899999976
v 0.0461005163 0.0432536554 0
v 0.0461005163 0.0432536554 0.00899999976
v 0.0461005163 0.0607463455 0
v 0.0461005163 0.0607463455 0.00899999976
v 0.0460833454 0.0646883106 0
v 0.0460833454 0.0646883106 0.00100000001
v 0.0460833454 0.0646883106 0.00400000006
v 0.0460833454 0.0646883106 0.00899999976
v 0.046305685 -0.0647896385 0
v 0.046305685 -0.0647896385 0.00100000001
v 0.046305685 -0.0647896385 0.00400000006
v 0.046305685 -0.0647896385 0.00899999976
v 0.0464093494 -0.060946908 0
v 0.0464093494 -0.060946908 0.00899999976
v 0.0462540579 -0.0431520271 0
v 0.0462540579 -0.0431520271 0.00899999976
v 0.046305685 -0.0392103624 0
v 0.046305685 -0.0392103624 0.00100000001
v 0.046305685 -0.0392103624 0.00400000006
v 0.046305685 -0.0392103624 0.00899999976
v 0.046305685 0.0392103624 0
v 0.046305685 0.0392103624 0.00100000001
v 0.046305685 0.0392103624 0.00400000006
v 0.046305685 0.0392103624 0.00899999976
v 0.0464093494 0.043053093 0
v 0.0464093494 0.043053093 0.00899999976
v 0.0462540579 0.0608479738 0
v 0.0462540579 0.0608479738 0.00899999976
v 0.046305685 0.0647896385 0
v 0.046305685 0.0647896385 0.00100000001
v 0.046305685 0.0647896385 0.00400000006
v 0.046305685 0.0647896385 0.00899999976
v 0.0465297651 -0.0648870659 0
v 0.0465297651 -0.0648870659 0.00100000001
v 0.0465297651 -0.0648870659 0.00400000006
v 0.0465297651 -0.0648870659 0.00899999976
v 0.0467250013 -0.06113657 0
v 0.0467250013 -0.06113657 0.00899999976
v 0.0465663481 -0.0429568863 0
v 0.0465663481 -0.0429568863 0.00899999976
v 0.0465297651 -0.0391129327 0
v 0.0465297651 -0.0391129327 0.00100000001
v 0.0465297651 -0.0391129327 0.00400000006
v 0.0465297651 -0.0391129327 0.00899999976
v 0.0465297651 0.0391129327 0
v 0.0465297651 0.0391129327 0.00100000001
v 0.0465297651 0.0391129327 0.00400000006
v 0.0465297651 0.0391129327 0.00899999976
v 0.0467250013 0.042863431 0
v 0.0467250013 0.042863431 0.00899999976
v 0.0465663481 0.0610431147 0
v 0.0465663481 0.0610431147 0.00899999976
v 0.0465297651 0.0648870659 0
v 0.0465297651 0.0648870659 0.00100000001
v 0.0465297651 0.0648870659 0.00400000006
v 0.0465297651 0.0648870659 0.00899999976
v 0.046982851 -0.0650701237 0
v 0.046982851 -0.0650701237 0.00100000001
v 0.046982851 -0.0650701237 0.00400000006
v 0.046982851 -0.0650701237 0.00899999976
v 0.0467555094 -0.0649805737 0
v 0.0467555094 -0.0649805737 0.00100000001
v 0.0467555094 -0.0649805737 0.00400000006
v 0.0467555094 -0.0649805737 0.00899999976
v 0.0468852568 -0.0612272358 0
v 0.0468852568 -0.0612272358 0.00899999976
v 0.0468852568 -0.0427727604 0
v 0.0468852568 -0.0427727604 0.00899999976
v 0.0467555094 -0.0390194249 0
v 0.0467555094 -0.0390194249 0.00100000001
v 0.0467555094 -0.0390194249 0.00400000006
v 0.0467555094 -0.0390194249 0.00899999976
v 0.046982851 -0.0389298749 0
v 0.046982851 -0.0389298749 0.00100000001
v 0.046982851 -0.0389298749 0.00400000006
v 0.046982851 -0.0389298749 0.00899999976
v 0.046982851 0.0389298749 0
v 0.046982851 0.0389298749 0.00100000001
v 0.046982851 0.0389298749 0.00400000006
v 0.046982851 0.0389298749 0.00899999976
v 0.0467555094 0.0390194249 0
v 0.0467555094 0.0390194249 0.00100000001
v 0.0467555094 0.0390194249 0.00400000006
v 0.0467555094 0.0390194249 0.00899999976
v 0.0468852568 0.0427727604 0
v 0.0468852568 0.0427727604 0.00899999976
v 0.0468852568 0.0612272358 0
v 0.0468852568 0.0612272358 0.00899999976
v 0.0467555094 0.0649805737 0
v 0.0467555094 0.0649805737 0.00100000001
v 0.0467555094 0.0649805737 0.00400000006
v 0.0467555094 0.0649805737 0.00899999976
v 0.046982851 0.0650701237 0
v 0.046982851 0.0650701237 0.00100000001
v 0.046982851 0.0650701237 0.00400000006
v 0.046982851 0.0650701237 0.00899999976
v 0.0472117186 -0.0651556969 0
v 0.0472117186 -0.0651556969 0.00100000001
v 0.0472117186 -0.0651556969 0.00400000006
v 0.0472117186 -0.0651556969 0.00899999976
v 0.0472104025 -0.0614001179 0
v 0.0472104025 -0.0614001179 0.00899999976
v 0.0470470762 -0.0426849031 0
v 0.0470470762 -0.0426849031 0.00899999976
v 0.0472117186 -0.0388443041 0
v 0.0472117186 -0.0388443041 0.00100000001
v 0.0472117186 -0.0388443041 0.00400000006
v 0.0472117186 -0.0388443041 0.00899999976
v 0.0472117186 0.0388443041 0
v 0.0472117186 0.0388443041 0.00100000001
v 0.0472117186 0.0388443041 0.00400000006
v 0.0472117186 0.0388443041 0.00899999976
v 0.0472104025 0.0425998831 0
v 0.0472104025 0.0425998831 0.00899999976
v 0.0470470762 0.0613150978 0
v 0.0470470762 0.0613150978 0.00899999976
v 0.0472117186 0.0651556969 0
v 0.0472117186 0.0651556969 0.00100000001
v 0.0472117186 0.0651556969 0.00400000006
v 0.0472117186 0.0651556969 0.00899999976
v 0.0474420452 -0.0652372599 0
v 0.0474420452 -0.0652372599 0.00100000001
v 0.0474420452 -0.0652372599 0.00400000006
v 0.0474420452 -0.0652372599 0.00899999976
v 0.0473751831 -0.0614822769 0
v 0.0473751831 -0.0614822769 0.00899999976
v 0.0473751831 -0.042517724 0
v 0.0473751831 -0.042517724 0.00899999976
v 0.0474420452 -0.0387627411 0
v 0.0474420452 -0.0387627411 0.00100000001
v 0.0474420452 -0.0387627411 0.00400000006
v 0.0474420452 -0.0387627411 0.00899999976
v 0.0474420452 0.0387627411 0
v 0.0474420452 0.0387627411 0.00100000001
v 0.0474420452 0.0387627411 0.00400000006
v 0.0474420452 0.0387627411 0.00899999976
v 0.0473751831 0.042517724 0
v 0.0473751831 0.042517724 0.00899999976
v 0.0473751831 0.0614822769 0
v 0.0473751831 0.0614822769 0.00899999976
v 0.0474420452 0.0652372599 0
v 0.0474420452 0.0652372599 0.00100000001
v 0.0474420452 0.0652372599 0.00400000006
v 0.0474420452 0.0652372599 0.00899999976
v 0.0476737642 -0.0653147936 0
v 0.0476737642 -0.0653147936 0.00100000001
v 0.0476737642 -0.0653147936 0.00400000006
v 0.0476737642 -0.0653147936 0.00899999976
v 0.0477089262 -0.0616379023 0
v 0.0477089262 -0.0616379023 0.00899999976
v 0.0475413752 -0.0424384546 0
v 0.0475413752 -0.0424384546 0.00899999976
v 0.0476737642 -0.0386852098 0
v 0.0476737642 -0.0386852098 0.00100000001
v 0.0476737642 -0.0386852098 0.00400000006
v 0.0476737642 -0.0386852098 0.00899999976
v 0.0476737642 0.0386852098 0
v 0.0476737642 0.0386852098 0.00100000001
v 0.0476737642 0.0386852098 0.00400000006
v 0.0476737642 0.0386852098 0.00899999976
v 0.0477089262 0.0423620939 0
v 0.0477089262 0.0423620939 0.00899999976
v 0.0475413752 0.0615615463 0
v 0.0475413752 0.0615615463 0.00899999976
v 0.0476737642 0.0653147936 0
v 0.0476737642 0.0653147936 0.00100000001
v 0.0476737642 0.0653147936 0.00400000006
v 0.0476737642 0.0653147936 0.00899999976
v 0.0479067945 -0.0653882647 0
v 0.0479067945 -0.0653882647 0.00100000001
v 0.0479067945 -0.0653882647 0.00400000006
v 0.0479067945 -0.0653882647 0.00899999976
v 0.0478777885 -0.0617113256 0
v 0.0478777885 -0.0617113256 0.00899999976
v 0.0478777885 -0.0422886753 0
v 0.0478777885 -0.0422886753 0.00899999976
v 0.0479067945 -0.0386117339 0
v 0.0479067945 -0.0386117339 0.00100000001
v 0.0479067945 -0.0386117339 0.00400000006
v 0.0479067945 -0.0386117339 0.00899999976
v 0.0479067945 0.0386117339 0
v 0.0479067945 0.0386117339 0.00100000001
v 0.0479067945 0.0386117339 0.00400000006
v 0.0479067945 0.0386117339 0.00899999976
v 0.0478777885 0.0422886753 0
v 0.0478777885 0.0422886753 0.00899999976
v 0.0478777885 0.0617113256 0
v 0.0478777885 0.0617113256 0.00899999976
v 0.0479067945 0.0653882647 0
v 0.0479067945 0.0653882647 0.00100000001
v 0.0479067945 0.0653882647 0.00400000006
v 0.0479067945 0.0653882647 0.00899999976
v 0.0481410789 -0.0654576635 0
v 0.0481410789 -0.0654576635 0.00100000001
v 0.0481410789 -0.0654576635 0.00400000006
v 0.0481410789 -0.0654576635 0.00899999976
v 0.0482192183 -0.0618492746 0
v 0.0482192183 -0.0618492746 0.00899999976
v 0.0480479002 -0.0422182083 0
v 0.0480479002 -0.0422182083 0.00899999976
v 0.0481410789 -0.0385423374 0
v 0.0481410789 -0.0385423374 0.00100000001
v 0.0481410789 -0.0385423374 0.00400000006
v 0.0481410789 -0.0385423374 0.00899999976
v 0.0481410789 0.0385423374 0
v 0.0481410789 0.0385423374 0.00100000001
v 0.0481410789 0.0385423374 0.00400000006
v 0.0481410789 0.0385423374 0.00899999976
v 0.0482192183 0.0421507263 0
v 0.0482192183 0.0421507263 0.00899999976
v 0.0480479002 0.0617817879 0
v 0.0480479002 0.0617817879 0.00899999976
v 0.0481410789 0.0654576635 0
v 0.0481410789 0.0654576635 0.00100000001
v 0.0481410789 0.0654576635 0.00400000006
v 0.0481410789 0.0654576635 0.00899999976
v 0.0483765316 -0.0655229616 0
v 0.0483765316 -0.0655229616 0.00100000001
v 0.0483765316 -0.0655229616 0.00400000006
v 0.0483765316 -0.0655229616 0.00899999976
v 0.0483916855 -0.0619137573 0
v 0.0483916855 -0.0619137573 0.00899999976
v 0.0483916855 -0.0420862436 0
v 0.0483916855 -0.0420862436 0.00899999976
v 0.0483765316 -0.0384770393 0
v 0.0483765316 -0.0384770393 0.00100000001
v 0.0483765316 -0.0384770393 0.00400000006
v 0.0483765316 -0.0384770393 0.00899999976
v 0.0483765316 0.0384770393 0
v 0.0483765316 0.0384770393 0.00100000001
v 0.0483765316 0.0384770393 0.00400000006
v 0.0483765316 0.0384770393 0.00899999976
v 0.0483916855 0.0420862436 0
v 0.0483916855 0.0420862436 0.00899999976
v 0.0483916855 0.0619137573 0
v 0.0483916855 0.0619137573 0.00899999976
v 0.0483765316 0.0655229616 0
v 0.0483765316 0.0655229616 0.00100000001
v 0.0483765316 0.0655229616 0.00400000006
v 0.0483765316 0.0655229616 0.00899999976
v 0.0486130953 -0.0655841398 0
v 0.0486130953 -0.0655841398 0.00100000001
v 0.0486130953 -0.0655841398 0.00400000006
v 0.0486130953 -0.0655841398 0.00899999976
v 0.048739872 -0.0620336485 0
v 0.048739872 -0.0620336485 0.00899999976
v 0.0485652542 -0.0619752216 0
v 0.0485652542 -0.0619752216 0.00899999976
v 0.0485652542 -0.0420247793 0
v 0.0485652542 -0.0420247793 0.00899999976
v 0.048739872 -0.0419663525 0
v 0.048739872 -0.0419663525 0.00899999976
v 0.0486130953 -0.0384158587 0
v 0.0486130953 -0.0384158587 0.00100000001
v 0.0486130953 -0.0384158587 0.00400000006
v 0.0486130953 -0.0384158587 0.00899999976
v 0.0486130953 0.0384158587 0
v 0.0486130953 0.0384158587 0.00100000001
v 0.0486130953 0.0384158587 0.00400000006
v 0.0486130953 0.0384158587 0.00899999976
v 0.048739872 0.0419663525 0
v 0.048739872 0.0419663525 0.00899999976
v 0.0485652542 0.0420247793 0
v 0.0485652542 0.0420247793 0.00899999976
v 0.0485652542 0.0619752216 0
v 0.0485652542 0.0619752216 0.00899999976
v 0.048739872 0.0620336485 0
v 0.048739872 0.0620336485 0.00899999976
v 0.0486130953 0.0655841398 0
v 0.0486130953 0.0655841398 0.00100000001
v 0.0486130953 0.0655841398 0.00400000006
v 0.0486130953 0.0655841398 0.00899999976
v 0.0488506842 -0.0656411791 0
v 0.0488506842 -0.0656411791 0.00100000001
v 0.0488506842 -0.0656411791 0.00400000006
v 0.0488506842 -0.0656411791 0.00899999976
v 0.0489154768 -0.0620890141 0
v 0.0489154768 -0.0620890141 0.00899999976
v 0.0489154768 -0.0419109869 0
v 0.0489154768 -0.0419109869 0.00899999976
v 0.0488506842 -0.0383588195 0
v 0.0488506842 -0.0383588195 0.00100000001
v 0.0488506842 -0.0383588195 0.00400000006
v 0.0488506842 -0.0383588195 0.00899999976
v 0.0488506842 0.0383588195 0
v 0.0488506842 0.0383588195 0.00100000001
v 0.0488506842 0.0383588195 0.00400000006
v 0.0488506842 0.0383588195 0.00899999976
v 0.0489154768 0.0419109869 0
v 0.0489154768 0.0419109869 0.00899999976
v 0.0489154768 0.0620890141 0
v 0.0489154768 0.0620890141 0.00899999976
v 0.0488506842 0.0656411791 0
v 0.0488506842 0.0656411791 0.00100000001
v 0.0488506842 0.0656411791 0.00400000006
v 0.0488506842 0.0656411791 0.00899999976
v 0.0490892363 -0.0656940651 0
v 0.0490892363 -0.0656940651 0.00100000001
v 0.0490892363 -0.0656940651 0.00400000006
v 0.0490892363 -0.0656940651 0.00899999976
v 0.0490920258 -0.0621413088 0
v 0.0490920258 -0.0621413088 0.00899999976
v 0.0490920258 -0.0418586874 0
v 0.0490920258 -0.0418586874 0.00899999976
v 0.0490892363 -0.0383059335 0
v 0.0490892363 -0.0383059335 0.00100000001
v 0.0490892363 -0.0383059335 0.00400000006
v 0.0490892363 -0.0383059335 0.00899999976
v 0.0490892363 0.0383059335 0
v 0.0490892363 0.0383059335 0.00100000001
v 0.0490892363 0.0383059335 0.00400000006
v 0.0490892363 0.0383059335 0.00899999976
v 0.0490920258 0.0418586874 0
v 0.0490920258 0.0418586874 0.00899999976
v 0.0490920258 0.0621413088 0
v 0.0490920258 0.0621413088 0.00899999976
v 0.0490892363 0.0656940651 0
v 0.0490892363 0.0656940651 0.00100000001
v 0.0490892363 0.0656940651 0.00400000006
v 0.0490892363 0.0656940651 0.00899999976
v 0.0493286753 -0.0657427788 0
v 0.0493286753 -0.0657427788 0.00100000001
v 0.0493286753 -0.0657427788 0.00400000006
v 0.0493286753 -0.0657427788 0.00899999976
v 0.0494477224 -0.062236619 0
v 0.0494477224 -0.062236619 0.00899999976
v 0.0492694569 -0.0418094826 0
v 0.0492694569 -0.0418094826 0.00899999976
v 0.0493286753 -0.0382572198 0
v 0.0493286753 -0.0382572198 0.00100000001
v 0.0493286753 -0.0382572198 0.00400000006
v 0.0493286753 -0.0382572198 0.00899999976
v 0.0493286753 0.0382572198 0
v 0.0493286753 0.0382572198 0.00100000001
v 0.0493286753 0.0382572198 0.00400000006
v 0.0493286753 0.0382572198 0.00899999976
v 0.0494477224 0.041763382 0
v 0.0494477224 0.041763382 0.00899999976
v 0.0492694569 0.0621905184 0
v 0.0492694569 0.0621905184 0.00899999976
v 0.0493286753 0.0657427788 0
v 0.0493286753 0.0657427788 0.00100000001
v 0.0493286753 0.0657427788 0.00400000006
v 0.0493286753 0.0657427788 0.00899999976
v 0.0495689249 -0.0657873106 0
v 0.0495689249 -0.0657873106 0.00100000001
v 0.0495689249 -0.0657873106 0.00400000006
v 0.0495689249 -0.0657873106 0.00899999976
v 0.0496267653 -0.0622796059 0
v 0.0496267653 -0.0622796059 0.00899999976
v 0.0496267653 -0.0417203951 0
v 0.0496267653 -0.0417203951 0.00899999976
v 0.0495689249 -0.0382126904 0
v 0.0495689249 -0.0382126904 0.00100000001
v 0.0495689249 -0.0382126904 0.00400000006
v 0.0495689249 -0.0382126904 0.00899999976
v 0.0495958376 -0.0346051741 0.00100000001
v 0.0495958376 -0.0346051741 0.00400000006
v 0.0495958376 0.0346051741 0.00100000001
v 0.0495958376 0.0346051741 0.00400000006
v 0.0495689249 0.0382126904 0
v 0.0495689249 0.0382126904 0.00100000001
v 0.0495689249 0.0382126904 0.00400000006
v 0.0495689249 0.0382126904 0.00899999976
v 0.0496267653 0.0417203951 0
v 0.0496267653 0.0417203951 0.00899999976
v 0.0496267653 0.0622796059 0
v 0.0496267653 0.0622796059 0.00899999976
v 0.0495689249 0.0657873106 0
v 0.0495689249 0.0657873106 0.00100000001
v 0.0495689249 0.0657873106 0.00400000006
v 0.0495689249 0.0657873106 0.00899999976
v 0.0498099184 -0.0658276367 0
v 0.0498099184 -0.0658276367 0.00100000001
v 0.0498099184 -0.0658276367 0.00400000006
v 0.0498099184 -0.0658276367 0.00899999976
v 0.0499869633 -0.0623561668 0
v 0.0499869633 -0.0623561668 0.00899999976
v 0.0498065329 -0.041680541 0
v 0.0498065329 -0.041680541 0.00899999976
v 0.0498099184 -0.0381723642 0
v 0.0498099184 -0.0381723642 0.00100000001
v 0.0498099184 -0.0381723642 0.00400000006
v 0.0498099184 -0.0381723642 0.00899999976
v 0.0498099184 0.0381723642 0
v 0.0498099184 0.0381723642 0.00100000001
v 0.0498099184 0.0381723642 0.00400000006
v 0.0498099184 0.0381723642 0.00899999976
v 0.0499869633 0.0416438341 0
v 0.0499869633 0.0416438341 0.00899999976
v 0.0498065329 0.0623194551 0
v 0.0498065329 0.0623194551 0.00899999976
v 0.0498099184 0.0658276367 0
v 0.0498099184 0.0658276367 0.00100000001
v 0.0498099184 0.0658276367 0.00400000006
v 0.0498099184 0.0658276367 0.00899999976
v 0.0500515747 -0.0658637524 0
v 0.0500515747 -0.0658637524 0.00100000001
v 0.0500515747 -0.0658637524 0.00400000006
v 0.0500515747 -0.0658637524 0.00899999976
v 0.0501680136 -0.0623897219 0
v 0.0501680136 -0.0623897219 0.00899999976
v 0.0501680136 -0.0416102791 0
v 0.0501680136 -0.0416102791 0.00899999976
v 0.0500515747 -0.0381362462 0
v 0.0500515747 -0.0381362462 0.00100000001
v 0.0500515747 -0.0381362462 0.00400000006
v 0.0500515747 -0.0381362462 0.00899999976
v 0.05 -0.005 0.00100000001
v 0.05 -0.005 0.00400000006
v 0.05 0.005 0.00100000001
v 0.05 0.005 0.00400000006
v 0.0500515747 0.0381362462 0
v 0.0500515747 0.0381362462 0.00100000001
v 0.0500515747 0.0381362462 0.00400000006
v 0.0500515747 0.0381362462 0.00899999976
v 0.0501680136 0.0416102791 0
v 0.0501680136 0.0416102791 0.00899999976
v 0.0501680136 0.0623897219 0
v 0.0501680136 0.0623897219 0.00899999976
v 0.0500515747 0.0658637524 0
v 0.0500515747 0.0658637524 0.00100000001
v 0.0500515747 0.0658637524 0.00400000006
v 0.0500515747 0.0658637524 0.00899999976
v 0.0502938271 -0.065895648 0
v 0.0502938271 -0.065895648 0.00100000001
v 0.0502938271 -0.065895648 0.00400000006
v 0.0502938271 -0.065895648 0.00899999976
v 0.050349617 -0.0624201107 0
v 0.050349617 -0.0624201107 0.00899999976
v 0.050349617 -0.0415798903 0
v 0.050349617 -0.0415798903 0.00899999976
v 0.0502938271 -0.038104353 0
v 0.0502938271 -0.038104353 0.00100000001
v 0.0502938271 -0.038104353 0.00400000006
v 0.0502938271 -0.038104353 0.00899999976
v 0.0502938271 0.038104353 0
v 0.0502938271 0.038104353 0.00100000001
v 0.0502938271 0.038104353 0.00400000006
v 0.0502938271 0.038104353 0.00899999976
v 0.050349617 0.0415798903 0
v 0.050349617 0.0415798903 0.00899999976
v 0.050349617 0.0624201107 0
v 0.050349617 0.0624201107 0.00899999976
v 0.0502938271 0.065895648 0
v 0.0502938271 0.065895648 0.00100000001
v 0.0502938271 0.065895648 0.00400000006
v 0.0502938271 0.065895648 0.00899999976
v 0.0505365992 -0.0659233046 0
v 0.0505365992 -0.0659233046 0.00100000001
v 0.0505365992 -0.0659233046 0.00400000006
v 0.0505365992 -0.0659233046 0.00899999976
v 0.0507142782 -0.0624713612 0
v 0.0507142782 -0.0624713612 0.00899999976
v 0.0505317259 -0.0415526724 0
v 0.0505317259 -0.0415526724 0.00899999976
v 0.0505365992 -0.038076694 0
v 0.0505365992 -0.038076694 0.00100000001
v 0.0505365992 -0.038076694 0.00400000006
v 0.0505365992 -0.038076694 0.00899999976
v 0.0505365992 0.038076694 0
v 0.0505365992 0.038076694 0.00100000001
v 0.0505365992 0.038076694 0.00400000006
v 0.0505365992 0.038076694 0.00899999976
v 0.0507142782 0.0415286398 0
v 0.0507142782 0.0415286398 0.00899999976
v 0.0505317259 0.0624473286 0
v 0.0505317259 0.0624473286 0.00899999976
v 0.0505365992 0.0659233046 0
v 0.0505365992 0.0659233046 0.00100000001
v 0.0505365992 0.0659233046 0.00400000006
v 0.0505365992 0.0659233046 0.00899999976
v 0.0507798195 -0.0659467268 0
v 0.0507798195 -0.0659467268 0.00100000001
v 0.0507798195 -0.0659467268 0.00400000006
v 0.0507798195 -0.0659467268 0.00899999976
v 0.0508972263 -0.0624922037 0
v 0.0508972263 -0.0624922037 0.00899999976
v 0.0508972263 -0.0415077925 0
v 0.0508972263 -0.0415077925 0.00899999976
v 0.0507798195 -0.0380532742 0
v 0.0507798195 -0.0380532742 0.00100000001
v 0.0507798195 -0.0380532742 0.00400000006
v 0.0507798195 -0.0380532742 0.00899999976
v 0.0507798195 0.0380532742 0
v 0.0507798195 0.0380532742 0.00100000001
v 0.0507798195 0.0380532742 0.00400000006
v 0.0507798195 0.0380532742 0.00899999976
v 0.0508972263 0.0415077925 0
v 0.0508972263 0.0415077925 0.00899999976
v 0.0508972263 0.0624922037 0
v 0.0508972263 0.0624922037 0.00899999976
v 0.0507798195 0.0659467268 0
v 0.0507798195 0.0659467268 0.00100000001
v 0.0507798195 0.0659467268 0.00400000006
v 0.0507798195 0.0659467268 0.00899999976
v 0.0510234118 -0.0659658957 0
v 0.0510234118 -0.0659658957 0.00100000001
v 0.0510234118 -0.0659658957 0.00400000006
v 0.0510234118 -0.0659658957 0.00899999976
v 0.0510805082 -0.0625098562 0
v 0.0510805082 -0.0625098562 0.00899999976
v 0.0510805082 -0.0414901447 0
v 0.0510805082 -0.0414901447 0.00899999976
v 0.0510234118 -0.0380341029 0
v 0.0510234118 -0.0380341029 0.00100000001
v 0.0510234118 -0.0380341029 0.00400000006
v 0.0510234118 -0.0380341029 0.00899999976
v 0.0510234118 0.0380341029 0
v 0.0510234118 0.0380341029 0.00100000001
v 0.0510234118 0.0380341029 0.00400000006
v 0.0510234118 0.0380341029 0.00899999976
v 0.0510805082 0.0414901447 0
v 0.0510805082 0.0414901447 0.00899999976
v 0.0510805082 0.0625098562 0
v 0.0510805082 0.0625098562 0.00899999976
v 0.0510234118 0.0659658957 0
v 0.0510234118 0.0659658957 0.00100000001
v 0.0510234118 0.0659658957 0.00400000006
v 0.0510234118 0.0659658957 0.00899999976
v 0.0512672949 -0.0659808111 0
v 0.0512672949 -0.0659808111 0.00100000001
v 0.0512672949 -0.0659808111 0.00400000006
v 0.0512672949 -0.0659808111 0.00899999976
v 0.051447854 -0.0625355434 0
v 0.051447854 -0.0625355434 0.00899999976
v 0.0512640715 -0.0414757013 0
v 0.0512640715 -0.0414757013 0.00899999976
v 0.0512672949 -0.0380191875 0
v 0.0512672949 -0.0380191875 0.00100000001
v 0.0512672949 -0.0380191875 0.00400000006
v 0.0512672949 -0.0380191875 0.00899999976
v 0.0512672949 0.0380191875 0
v 0.0512672949 0.0380191875 0.00100000001
v 0.0512672949 0.0380191875 0.00400000006
v 0.0512672949 0.0380191875 0.00899999976
v 0.051447854 0.0414644575 0
v 0.051447854 0.0414644575 0.00899999976
v 0.0512640715 0.0625242996 0
v 0.0512640715 0.0625242996 0.00899999976
v 0.0512672949 0.0659808111 0
v 0.0512672949 0.0659808111 0.00100000001
v 0.0512672949 0.0659808111 0.00400000006
v 0.0512672949 0.0659808111 0.00899999976
v 0.0515114069 -0.0659914732 0
v 0.0515114069 -0.0659914732 0.00100000001
v 0.0515114069 -0.0659914732 0.00400000006
v 0.0515114069 -0.0659914732 0.00899999976
v 0.0516318083 -0.0625435734 0
v 0.0516318083 -0.0625435734 0.00899999976
v 0.0516318083 -0.0414564276 0
v 0.0516318083 -0.0414564276 0.00899999976
v 0.0515114069 -0.0380085278 0
v 0.0515114069 -0.0380085278 0.00100000001
v 0.0515114069 -0.0380085278 0.00400000006
v 0.0515114069 -0.0380085278 0.00899999976
v 0.0515114069 0.0380085278 0
v 0.0515114069 0.0380085278 0.00100000001
v 0.0515114069 0.0380085278 0.00400000006
v 0.0515114069 0.0380085278 0.00899999976
v 0.0516318083 0.0414564276 0
v 0.0516318083 0.0414564276 0.00899999976
v 0.0516318083 0.0625435734 0
v 0.0516318083 0.0625435734 0.00899999976
v 0.0515114069 0.0659914732 0
v 0.0515114069 0.0659914732 0.00100000001
v 0.0515114069 0.0659914732 0.00400000006
v 0.0515114069 0.0659914732 0.00899999976
v 0.0517556667 -0.0659978676 0
v 0.0519999981 -0.065999999 0.00100000001
v 0.0517556667 -0.0659978676 0.00400000006
v 0.0517556667 -0.0659978676 0.00899999976
v 0.0519999981 -0.0625500011 0
v 0.0519999981 -0.0625500011 0.00899999976
v 0.051815877 -0.0414516068 0
v 0.051815877 -0.0414516068 0.00899999976
v 0.0517556667 -0.0380021334 0
v 0.0517556667 -0.0380021334 0.00100000001
v 0.0517556667 -0.0380021334 0.00400000006
v 0.0517556667 -0.0380021334 0.00899999976
v 0.0519999981 -0.0379999995 0
v 0.0519999981 -0.0379999995 0.00100000001
v 0.0519999981 -0.0379999995 0.00400000006
v 0.0519999981 -0.0379999995 0.00899999976
v 0.0519999981 0.0379999995 0
v 0.0519999981 0.0379999995 0.00100000001
v 0.0519999981 0.0379999995 0.00400000006
v 0.0519999981 0.0379999995 0.00899999976
v 0.0517556667 0.0380021334 0
v 0.0517556667 0.0380021334 0.00100000001
v 0.0517556667 0.0380021334 0.00400000006
v 0.0517556667 0.0380021334 0.00899999976
v 0.0519999981 0.0414499998 0
v 0.0519999981 0.0414499998 0.00899999976
v 0.051815877 0.0625483942 0
v 0.051815877 0.0625483942 0.00899999976
v 0.0517556667 0.0659978676 0
v 0.0519999981 0.065999999 0.00100000001
v 0.0519999981 0.065999999 0.00400000006
v 0.0519999981 0.065999999 0.00899999976
v 0.0522443342 -0.0659978676 0
v 0.0522443342 -0.0659978676 0.00100000001
v 0.0522443342 -0.0659978676 0.00400000006
v 0.0522443342 -0.0659978676 0.00899999976
v 0.052184124 -0.0625483942 0
v 0.052184124 -0.0625483942 0.00899999976
v 0.052184124 -0.0414516068 0
v 0.052184124 -0.0414516068 0.00899999976
v 0.0522443342 -0.0380021334 0
v 0.0522443342 -0.0380021334 0.00100000001
v 0.0522443342 -0.0380021334 0.00400000006
v 0.0522443342 -0.0380021334 0.00899999976
v 0.0522443342 0.0380021334 0
v 0.0522443342 0.0380021334 0.00100000001
v 0.0522443342 0.0380021334 0.00400000006
v 0.0522443342 0.0380021334 0.00899999976
v 0.052184124 0.0414516068 0
v 0.052184124 0.0414516068 0.00899999976
v 0.052184124 0.0625483942 0
v 0.052184124 0.0625483942 0.00899999976
v 0.0522443342 0.0659978676 0
v 0.0522443342 0.0659978676 0.00100000001
v 0.0522443342 0.0659978676 0.00400000006
v 0.0522443342 0.0659978676 0.00899999976
v 0.0524885941 -0.0659914732 0
v 0.0524885941 -0.0659914732 0.00100000001
v 0.0524885941 -0.0659914732 0.00400000006
v 0.0524885941 -0.0659914732 0.00899999976
v 0.0523681879 -0.0625435734 0
v 0.0523681879 -0.0625435734 0.00899999976
v 0.0523681879 -0.0414564276 0
v 0.0523681879 -0.0414564276 0.00899999976
v 0.0524885941 -0.0380085278 0
v 0.0524885941 -0.0380085278 0.00100000001
v 0.0524885941 -0.0380085278 0.00400000006
v 0.0524885941 -0.0380085278 0.00899999976
v 0.0524885941 0.0380085278 0
v 0.0524885941 0.0380085278 0.00100000001
v 0.0524885941 0.0380085278 0.00400000006
v 0.0524885941 0.0380085278 0.00899999976
v 0.0523681879 0.0414564276 0
v 0.0523681879 0.0414564276 0.00899999976
v 0.0523681879 0.0625435734 0
v 0.0523681879 0.0625435734 0.00899999976
v 0.0524885941 0.0659914732 0
v 0.0524885941 0.0659914732 0.00100000001
v 0.0524885941 0.0659914732 0.00400000006
v 0.0524885941 0.0659914732 0.00899999976
v 0.0527327013 -0.0659808111 0
v 0.0527327013 -0.0659808111 0.00100000001
v 0.0527327013 -0.0659808111 0.00400000006
v 0.0527327013 -0.0659808111 0.00899999976
v 0.0527359295 -0.0625242996 0
v 0.0527359295 -0.0625242996 0.00899999976
v 0.0525521421 -0.0414644575 0
v 0.0525521421 -0.0414644575 0.00899999976
v 0.0527327013 -0.0380191875 0
v 0.0527327013 -0.0380191875 0.00100000001
v 0.0527327013 -0.0380191875 0.00400000006
v 0.0527327013 -0.0380191875 0.00899999976
v 0.0527327013 0.0380191875 0
v 0.0527327013 0.0380191875 0.00100000001
v 0.0527327013 0.0380191875 0.00400000006
v 0.0527327013 0.0380191875 0.00899999976
v 0.0527359295 0.0414757013 0
v 0.0527359295 0.0414757013 0.00899999976
v 0.0525521421 0.0625355434 0
v 0.0525521421 0.0625355434 0.00899999976
v 0.0527327013 0.0659808111 0
v 0.0527327013 0.0659808111 0.00100000001
v 0.0527327013 0.0659808111 0.00400000006
v 0.0527327013 0.0659808111 0.00899999976
v 0.0529765892 -0.0659658957 0
v 0.0529765892 -0.0659658957 0.00100000001
v 0.0529765892 -0.0659658957 0.00400000006
v 0.0529765892 -0.0659658957 0.00899999976
v 0.0529194927 -0.0625098562 0
v 0.0529194927 -0.0625098562 0.00899999976
v 0.0529194927 -0.0414901447 0
v 0.0529194927 -0.0414901447 0.00899999976
v 0.0529765892 -0.0380341029 0
v 0.0529765892 -0.0380341029 0.00100000001
v 0.0529765892 -0.0380341029 0.00400000006
v 0.0529765892 -0.0380341029 0.00899999976
v 0.0529765892 0.0380341029 0
v 0.0529765892 0.0380341029 0.00100000001
v 0.0529765892 0.0380341029 0.00400000006
v 0.0529765892 0.0380341029 0.00899999976
v 0.0529194927 0.0414901447 0
v 0.0529194927 0.0414901447 0.00899999976
v 0.0529194927 0.0625098562 0
v 0.0529194927 0.0625098562 0.00899999976
v 0.0529765892 0.0659658957 0
v 0.0529765892 0.0659658957 0.00100000001
v 0.0529765892 0.0659658957 0.00400000006
v 0.0529765892 0.0659658957 0.00899999976
v 0.0532201815 -0.0659467268 0
v 0.0532201815 -0.0659467268 0.00100000001
v 0.0532201815 -0.0659467268 0.00400000006
v 0.0532201815 -0.0659467268 0.00899999976
v 0.0531027746 -0.0624922037 0
v 0.0531027746 -0.0624922037 0.00899999976
v 0.0531027746 -0.0415077925 0
v 0.0531027746 -0.0415077925 0.00899999976
v 0.0532201815 -0.0380532742 0
v 0.0532201815 -0.0380532742 0.00100000001
v 0.0532201815 -0.0380532742 0.00400000006
v 0.0532201815 -0.0380532742 0.00899999976
v 0.0532201815 0.0380532742 0
v 0.0532201815 0.0380532742 0.00100000001
v 0.0532201815 0.0380532742 0.00400000006
v 0.0532201815 0.0380532742 0.00899999976
v 0.0531027746 0.0415077925 0
v 0.0531027746 0.0415077925 0.00899999976
v 0.0531027746 0.0624922037 0
v 0.0531027746 0.0624922037 0.00899999976
v 0.0532201815 0.0659467268 0
v 0.0532201815 0.0659467268 0.00100000001
v 0.0532201815 0.0659467268 0.00400000006
v 0.0532201815 0.0659467268 0.00899999976
v 0.053463397 -0.0659233046 0
v 0.053463397 -0.0659233046 0.00100000001
v 0.053463397 -0.0659233046 0.00400000006
v 0.053463397 -0.0659233046 0.00899999976
v 0.0534682751 -0.0624473286 0
v 0.0534682751 -0.0624473286 0.00899999976
v 0.0532857227 -0.0415286398 0
v 0.0532857227 -0.0415286398 0.00899999976
v 0.053463397 -0.038076694 0
v 0.053463397 -0.038076694 0.00100000001
v 0.053463397 -0.038076694 0.00400000006
v 0.053463397 -0.038076694 0.00899999976
v 0.053463397 0.038076694 0
v 0.053463397 0.038076694 0.00100000001
v 0.053463397 0.038076694 0.00400000006
v 0.053463397 0.038076694 0.00899999976
v 0.0534682751 0.0415526724 0
v 0.0534682751 0.0415526724 0.00899999976
v 0.0532857227 0.0624713612 0
v 0.0532857227 0.0624713612 0.00899999976
v 0.053463397 0.0659233046 0
v 0.053463397 0.0659233046 0.00100000001
v 0.053463397 0.0659233046 0.00400000006
v 0.053463397 0.0659233046 0.00899999976
v 0.0537061691 -0.065895648 0
v 0.0537061691 -0.065895648 0.00100000001
v 0.0537061691 -0.065895648 0.00400000006
v 0.0537061691 -0.065895648 0.00899999976
v 0.0536503839 -0.0624201107 0
v 0.0536503839 -0.0624201107 0.00899999976
v 0.0536503839 -0.0415798903 0
v 0.0536503839 -0.0415798903 0.00899999976
v 0.0537061691 -0.038104353 0
v 0.0537061691 -0.038104353 0.00100000001
v 0.0537061691 -0.038104353 0.00400000006
v 0.0537061691 -0.038104353 0.00899999976
v 0.0537061691 0.038104353 0
v 0.0537061691 0.038104353 0.00100000001
v 0.0537061691 0.038104353 0.00400000006
v 0.0537061691 0.038104353 0.00899999976
v 0.0536503839 0.0415798903 0
v 0.0536503839 0.0415798903 0.00899999976
v 0.0536503839 0.0624201107 0
v 0.0536503839 0.0624201107 0.00899999976
v 0.0537061691 0.065895648 0
v 0.0537061691 0.065895648 0.00100000001
v 0.0537061691 0.065895648 0.00400000006
v 0.0537061691 0.065895648 0.00899999976
v 0.0539484215 -0.0658637524 0
v 0.0539484215 -0.0658637524 0.00100000001
v 0.0539484215 -0.0658637524 0.00400000006
v 0.0539484215 -0.0658637524 0.00899999976
v 0.0538319874 -0.0623897219 0
v 0.0538319874 -0.0623897219 0.00899999976
v 0.0538319874 -0.0416102791 0
v 0.0538319874 -0.0416102791 0.00899999976
v 0.0539484215 -0.0381362462 0
v 0.0539484215 -0.0381362462 0.00100000001
v 0.0539484215 -0.0381362462 0.00400000006
v 0.0539484215 -0.0381362462 0.00899999976
v 0.0539484215 0.0381362462 0
v 0.0539484215 0.0381362462 0.00100000001
v 0.0539484215 0.0381362462 0.00400000006
v 0.0539484215 0.0381362462 0.00899999976
v 0.0538319874 0.0416102791 0
v 0.0538319874 0.0416102791 0.00899999976
v 0.0538319874 0.0623897219 0
v 0.0538319874 0.0623897219 0.00899999976
v 0.0539484215 0.0658637524 0
v 0.0539484215 0.0658637524 0.00100000001
v 0.0539484215 0.0658637524 0.00400000006
v 0.0539484215 0.0658637524 0.00899999976
v 0.0541900826 -0.0658276367 0
v 0.0541900826 -0.0658276367 0.00100000001
v 0.0541900826 -0.0658276367 0.00400000006
v 0.0541900826 -0.0658276367 0.00899999976
v 0.0541934681 -0.0623194551 0
v 0.0541934681 -0.0623194551 0.00899999976
v 0.0540130329 -0.0416438341 0
v 0.0540130329 -0.0416438341 0.00899999976
v 0.0541900826 -0.0381723642 0
v 0.0541900826 -0.0381723642 0.00100000001
v 0.0541900826 -0.0381723642 0.00400000006
v 0.0541900826 -0.0381723642 0.00899999976
v 0.0541900826 0.0381723642 0
v 0.0541900826 0.0381723642 0.00100000001
v 0.0541900826 0.0381723642 0.00400000006
v 0.0541900826 0.0381723642 0.00899999976
v 0.0541934681 0.041680541 0
v 0.0541934681 0.041680541 0.00899999976
v 0.0540130329 0.0623561668 0
v 0.0540130329 0.0623561668 0.00899999976
v 0.0541900826 0.0658276367 0
v 0.0541900826 0.0658276367 0.00100000001
v 0.0541900826 0.0658276367 0.00400000006
v 0.0541900826 0.0658276367 0.00899999976
v 0.054431076 -0.0657873106 0
v 0.054431076 -0.0657873106 0.00100000001
v 0.054431076 -0.0657873106 0.00400000006
v 0.054431076 -0.0657873106 0.00899999976
v 0.0543732357 -0.0622796059 0
v 0.0543732357 -0.0622796059 0.00899999976
v 0.0543732357 -0.0417203951 0
v 0.0543732357 -0.0417203951 0.00899999976
v 0.054431076 -0.0382126904 0
v 0.054431076 -0.0382126904 0.00100000001
v 0.054431076 -0.0382126904 0.00400000006
v 0.054431076 -0.0382126904 0.00899999976
v 0.054431076 0.0382126904 0
v 0.054431076 0.0382126904 0.00100000001
v 0.054431076 0.0382126904 0.00400000006
v 0.054431076 0.0382126904 0.00899999976
v 0.0543732357 0.0417203951 0
v 0.0543732357 0.0417203951 0.00899999976
v 0.0543732357 0.0622796059 0
v 0.0543732357 0.0622796059 0.00899999976
v 0.054431076 0.0657873106 0
v 0.054431076 0.0657873106 0.00100000001
v 0.054431076 0.0657873106 0.00400000006
v 0.054431076 0.0657873106 0.00899999976
v 0.0546274185 -0.0719999981 0.00100000001
v 0.0546274185 -0.0719999981 0.00699999988
v 0.0546713257 -0.0657427788 0
v 0.0546713257 -0.0657427788 0.00100000001
v 0.0546713257 -0.0657427788 0.00400000006
v 0.0546713257 -0.0657427788 0.00899999976
v 0.0547305393 -0.0621905184 0
v 0.0547305393 -0.0621905184 0.00899999976
v 0.0545522738 -0.041763382 0
v 0.0545522738 -0.041763382 0.00899999976
v 0.0546713257 -0.0382572198 0
v 0.0546713257 -0.0382572198 0.00100000001
v 0.0546713257 -0.0382572198 0.00400000006
v 0.0546713257 -0.0382572198 0.00899999976
v 0.0546713257 0.0382572198 0
v 0.0546713257 0.0382572198 0.00100000001
v 0.0546713257 0.0382572198 0.00400000006
v 0.0546713257 0.0382572198 0.00899999976
v 0.0547305393 0.0418094826 0
v 0.0547305393 0.0418094826 0.00899999976
v 0.0545522738 0.062236619 0
v 0.0545522738 0.062236619 0.00899999976
v 0.0546713257 0.0657427788 0
v 0.0546713257 0.0657427788 0.00100000001
v 0.0546713257 0.0657427788 0.00400000006
v 0.0546713257 0.0657427788 0.00899999976
v 0.0546274185 0.0719999981 0.00100000001
v 0.0546274185 0.0719999981 0.00699999988
v 0.0549107647 -0.0656940651 0
v 0.0549107647 -0.0656940651 0.00100000001
v 0.0549107647 -0.0656940651 0.00400000006
v 0.0549107647 -0.0656940651 0.00899999976
v 0.0549079752 -0.0621413088 0
v 0.0549079752 -0.0621413088 0.00899999976
v 0.0549079752 -0.0418586874 0
v 0.0549079752 -0.0418586874 0.00899999976
v 0.0549107647 -0.0383059335 0
v 0.0549107647 -0.0383059335 0.00100000001
v 0.0549107647 -0.0383059335 0.00400000006
v 0.0549107647 -0.0383059335 0.00899999976
v 0.0549107647 0.0383059335 0
v 0.0549107647 0.0383059335 0.00100000001
v 0.0549107647 0.0383059335 0.00400000006
v 0.0549107647 0.0383059335 0.00899999976
v 0.0549079752 0.0418586874 0
v 0.0549079752 0.0418586874 0.00899999976
v 0.0549079752 0.0621413088 0
v 0.0549079752 0.0621413088 0.00899999976
v 0.0549107647 0.0656940651 0
v 0.0549107647 0.0656940651 0.00100000001
v 0.0549107647 0.0656940651 0.00400000006
v 0.0549107647 0.0656940651 0.00899999976
v 0.0551493168 -0.0656411791 0
v 0.0551493168 -0.0656411791 0.00100000001
v 0.0551493168 -0.0656411791 0.00400000006
v 0.0551493168 -0.0656411791 0.00899999976
v 0.0550845194 -0.0620890141 0
v 0.0550845194 -0.0620890141 0.00899999976
v 0.0550845194 -0.0419109869 0
v 0.0550845194 -0.0419109869 0.00899999976
v 0.0551493168 -0.0383588195 0
v 0.0551493168 -0.0383588195 0.00100000001
v 0.0551493168 -0.0383588195 0.00400000006
v 0.0551493168 -0.0383588195 0.00899999976
v 0.0551493168 0.0383588195 0
v 0.0551493168 0.0383588195 0.00100000001
v 0.0551493168 0.0383588195 0.00400000006
v 0.0551493168 0.0383588195 0.00899999976
v 0.0550845194 0.0419109869 0
v 0.0550845194 0.0419109869 0.00899999976
v 0.0550845194 0.0620890141 0
v 0.0550845194 0.0620890141 0.00899999976
v 0.0551493168 0.0656411791 0
v 0.0551493168 0.0656411791 0.00100000001
v 0.0551493168 0.0656411791 0.00400000006
v 0.0551493168 0.0656411791 0.00899999976
v 0.0553869057 -0.0655841398 0
v 0.0553869057 -0.0655841398 0.00100000001
v 0.0553869057 -0.0655841398 0.00400000006
v 0.0553869057 -0.0655841398 0.00899999976
v 0.055260129 -0.0620336485 0
v 0.055260129 -0.0620336485 0.00899999976
v 0.055434742 -0.0619752216 0
v 0.055434742 -0.0619752216 0.00899999976
v 0.055434742 -0.0420247793 0
v 0.055434742 -0.0420247793 0.00899999976
v 0.055260129 -0.0419663525 0
v 0.055260129 -0.0419663525 0.00899999976
v 0.0553869057 -0.0384158587 0
v 0.0553869057 -0.0384158587 0.00100000001
v 0.0553869057 -0.0384158587 0.00400000006
v 0.0553869057 -0.0384158587 0.00899999976
v 0.0553869057 0.0384158587 0
v 0.0553869057 0.0384158587 0.00100000001
v 0.0553869057 0.0384158587 0.00400000006
v 0.0553869057 0.0384158587 0.00899999976
v 0.055260129 0.0419663525 0
v 0.055260129 0.0419663525 0.00899999976
v 0.055434742 0.0420247793 0
v 0.055434742 0.0420247793 0.00899999976
v 0.055434742 0.0619752216 0
v 0.055434742 0.0619752216 0.00899999976
v 0.055260129 0.0620336485 0
v 0.055260129 0.0620336485 0.00899999976
v 0.0553869057 0.0655841398 0
v 0.0553869057 0.0655841398 0.00100000001
v 0.0553869057 0.0655841398 0.00400000006
v 0.0553869057 0.0655841398 0.00899999976
v 0.0556234646 -0.0655229616 0
v 0.0556234646 -0.0655229616 0.00100000001
v 0.0556234646 -0.0655229616 0.00400000006
v 0.0556234646 -0.0655229616 0.00899999976
v 0.0556083107 -0.0619137573 0
v 0.0556083107 -0.0619137573 0.00899999976
v 0.0556083107 -0.0420862436 0
v 0.0556083107 -0.0420862436 0.00899999976
v 0.0556234646 -0.0384770393 0
v 0.0556234646 -0.0384770393 0.00100000001
v 0.0556234646 -0.0384770393 0.00400000006
v 0.0556234646 -0.0384770393 0.00899999976
v 0.0556234646 0.0384770393 0
v 0.0556234646 0.0384770393 0.00100000001
v 0.0556234646 0.0384770393 0.00400000006
v 0.0556234646 0.0384770393 0.00899999976
v 0.0556083107 0.0420862436 0
v 0.0556083107 0.0420862436 0.00899999976
v 0.0556083107 0.0619137573 0
v 0.0556083107 0.0619137573 0.00899999976
v 0.0556234646 0.0655229616 0
v 0.0556234646 0.0655229616 0.00100000001
v 0.0556234646 0.0655229616 0.00400000006
v 0.0556234646 0.0655229616 0.00899999976
v 0.055858922 -0.0654576635 0
v 0.055858922 -0.0654576635 0.00100000001
v 0.055858922 -0.0654576635 0.00400000006
v 0.055858922 -0.0654576635 0.00899999976
v 0.0559521008 -0.0617817879 0
v 0.0559521008 -0.0617817879 0.00899999976
v 0.0557807827 -0.0421507263 0
v 0.0557807827 -0.0421507263 0.00899999976
v 0.055858922 -0.0385423374 0
v 0.055858922 -0.0385423374 0.00100000001
v 0.055858922 -0.0385423374 0.00400000006
v 0.055858922 -0.0385423374 0.00899999976
v 0.055858922 0.0385423374 0
v 0.055858922 0.0385423374 0.00100000001
v 0.055858922 0.0385423374 0.00400000006
v 0.055858922 0.0385423374 0.00899999976
v 0.0559521008 0.0422182083 0
v 0.0559521008 0.0422182083 0.00899999976
v 0.0557807827 0.0618492746 0
v 0.0557807827 0.0618492746 0.00899999976
v 0.055858922 0.0654576635 0
v 0.055858922 0.0654576635 0.00100000001
v 0.055858922 0.0654576635 0.00400000006
v 0.055858922 0.0654576635 0.00899999976
v 0.0560932016 -0.0653882647 0
v 0.0560932016 -0.0653882647 0.00100000001
v 0.0560932016 -0.0653882647 0.00400000006
v 0.0560932016 -0.0653882647 0.00899999976
v 0.0561222124 -0.0617113256 0
v 0.0561222124 -0.0617113256 0.00899999976
v 0.0561222124 -0.0422886753 0
v 0.0561222124 -0.0422886753 0.00899999976
v 0.0560932016 -0.0386117339 0
v 0.0560932016 -0.0386117339 0.00100000001
v 0.0560932016 -0.0386117339 0.00400000006
v 0.0560932016 -0.0386117339 0.00899999976
v 0.0560932016 0.0386117339 0
v 0.0560932016 0.0386117339 0.00100000001
v 0.0560932016 0.0386117339 0.00400000006
v 0.0560932016 0.0386117339 0.00899999976
v 0.0561222124 0.0422886753 0
v 0.0561222124 0.0422886753 0.00899999976
v 0.0561222124 0.0617113256 0
v 0.0561222124 0.0617113256 0.00899999976
v 0.0560932016 0.0653882647 0
v 0.0560932016 0.0653882647 0.00100000001
v 0.0560932016 0.0653882647 0.00400000006
v 0.0560932016 0.0653882647 0.00899999976
v 0.0563262367 -0.0653147936 0
v 0.0563262367 -0.0653147936 0.00100000001
v 0.0563262367 -0.0653147936 0.00400000006
v 0.0563262367 -0.0653147936 0.00899999976
v 0.056458621 -0.0615615463 0
v 0.056458621 -0.0615615463 0.00899999976
v 0.05629107 -0.0423620939 0
v 0.05629107 -0.0423620939 0.00899999976
v 0.0563262367 -0.0386852098 0
v 0.0563262367 -0.0386852098 0.00100000001
v 0.0563262367 -0.0386852098 0.00400000006
v 0.0563262367 -0.0386852098 0.00899999976
v 0.0563262367 0.0386852098 0
v 0.0563262367 0.0386852098 0.00100000001
v 0.0563262367 0.0386852098 0.00400000006
v 0.0563262367 0.0386852098 0.00899999976
v 0.056458621 0.0424384546 0
v 0.056458621 0.0424384546 0.00899999976
v 0.05629107 0.0616379023 0
v 0.05629107 0.0616379023 0.00899999976
v 0.0563262367 0.0653147936 0
v 0.0563262367 0.0653147936 0.00100000001
v 0.0563262367 0.0653147936 0.00400000006
v 0.0563262367 0.0653147936 0.00899999976
v 0.0565579557 -0.0652372599 0
v 0.0565579557 -0.0652372599 0.00100000001
v 0.0565579557 -0.0652372599 0.00400000006
v 0.0565579557 -0.0652372599 0.00899999976
v 0.0566248178 -0.0614822769 0
v 0.0566248178 -0.0614822769 0.00899999976
v 0.0566248178 -0.042517724 0
v 0.0566248178 -0.042517724 0.00899999976
v 0.0565579557 -0.0387627411 0
v 0.0565579557 -0.0387627411 0.00100000001
v 0.0565579557 -0.0387627411 0.00400000006
v 0.0565579557 -0.0387627411 0.00899999976
v 0.0565579557 0.0387627411 0
v 0.0565579557 0.0387627411 0.00100000001
v 0.0565579557 0.0387627411 0.00400000006
v 0.0565579557 0.0387627411 0.00899999976
v 0.0566248178 0.042517724 0
v 0.0566248178 0.042517724 0.00899999976
v 0.0566248178 0.0614822769 0
v 0.0566248178 0.0614822769 0.00899999976
v 0.0565579557 0.0652372599 0
v 0.0565579557 0.0652372599 0.00100000001
v 0.0565579557 0.0652372599 0.00400000006
v 0.0565579557 0.0652372599 0.00899999976
v 0.0567882824 -0.0651556969 0
v 0.0567882824 -0.0651556969 0.00100000001
v 0.0567882824 -0.0651556969 0.00400000006
v 0.0567882824 -0.0651556969 0.00899999976
v 0.0569529247 -0.0613150978 0
v 0.0569529247 -0.0613150978 0.00899999976
v 0.0567895985 -0.0425998831 0
v 0.0567895985 -0.0425998831 0.00899999976
v 0.0567882824 -0.0388443041 0
v 0.0567882824 -0.0388443041 0.00100000001
v 0.0567882824 -0.0388443041 0.00400000006
v 0.0567882824 -0.0388443041 0.00899999976
v 0.0567882824 0.0388443041 0
v 0.0567882824 0.0388443041 0.00100000001
v 0.0567882824 0.0388443041 0.00400000006
v 0.0567882824 0.0388443041 0.00899999976
v 0.0569529247 0.0426849031 0
v 0.0569529247 0.0426849031 0.00899999976
v 0.0567895985 0.0614001179 0
v 0.0567895985 0.0614001179 0.00899999976
v 0.0567882824 0.0651556969 0
v 0.0567882824 0.0651556969 0.00100000001
v 0.0567882824 0.0651556969 0.00400000006
v 0.0567882824 0.0651556969 0.00899999976
v 0.0570171499 -0.0650701237 0
v 0.0570171499 -0.0650701237 0.00100000001
v 0.0570171499 -0.0650701237 0.00400000006
v 0.0570171499 -0.0650701237 0.00899999976
v 0.0572444916 -0.0649805737 0
v 0.0572444916 -0.0649805737 0.00100000001
v 0.0572444916 -0.0649805737 0.00400000006
v 0.0572444916 -0.0649805737 0.00899999976
v 0.0571147394 -0.0612272358 0
v 0.0571147394 -0.0612272358 0.00899999976
v 0.0571147394 -0.0427727604 0
v 0.0571147394 -0.0427727604 0.00899999976
v 0.0572444916 -0.0390194249 0
v 0.0572444916 -0.0390194249 0.00100000001
v 0.0572444916 -0.0390194249 0.00400000006
v 0.0572444916 -0.0390194249 0.00899999976
v 0.0570171499 -0.0389298749 0
v 0.0570171499 -0.0389298749 0.00100000001
v 0.0570171499 -0.0389298749 0.00400000006
v 0.0570171499 -0.0389298749 0.00899999976
v 0.0570171499 0.0389298749 0
v 0.0570171499 0.0389298749 0.00100000001
v 0.0570171499 0.0389298749 0.00400000006
v 0.0570171499 0.0389298749 0.00899999976
v 0.0572444916 0.0390194249 0
v 0.0572444916 0.0390194249 0.00100000001
v 0.0572444916 0.0390194249 0.00400000006
v 0.0572444916 0.0390194249 0.00899999976
v 0.0571147394 0.0427727604 0
v 0.0571147394 0.0427727604 0.00899999976
v 0.0571147394 0.0612272358 0
v 0.0571147394 0.0612272358 0.00899999976
v 0.0572444916 0.0649805737 0
v 0.0572444916 0.0649805737 0.00100000001
v 0.0572444916 0.0649805737 0.00400000006
v 0.0572444916 0.0649805737 0.00899999976
v 0.0570171499 0.0650701237 0
v 0.0570171499 0.0650701237 0.00100000001
v 0.0570171499 0.0650701237 0.00400000006
v 0.0570171499 0.0650701237 0.00899999976
v 0.0574702358 -0.0648870659 0
v 0.0574702358 -0.0648870659 0.00100000001
v 0.0574702358 -0.0648870659 0.00400000006
v 0.0574702358 -0.0648870659 0.00899999976
v 0.0574336529 -0.0610431147 0
v 0.0574336529 -0.0610431147 0.00899999976
v 0.0572749996 -0.042863431 0
v 0.0572749996 -0.042863431 0.00899999976
v 0.0574702358 -0.0391129327 0
v 0.0574702358 -0.0391129327 0.00100000001
v 0.0574702358 -0.0391129327 0.00400000006
v 0.0574702358 -0.0391129327 0.00899999976
v 0.0574702358 0.0391129327 0
v 0.0574702358 0.0391129327 0.00100000001
v 0.0574702358 0.0391129327 0.00400000006
v 0.0574702358 0.0391129327 0.00899999976
v 0.0574336529 0.0429568863 0
v 0.0574336529 0.0429568863 0.00899999976
v 0.0572749996 0.06113657 0
v 0.0572749996 0.06113657 0.00899999976
v 0.0574702358 0.0648870659 0
v 0.0574702358 0.0648870659 0.00100000001
v 0.0574702358 0.0648870659 0.00400000006
v 0.0574702358 0.0648870659 0.00899999976
v 0.0576274157 -0.069000001 0.00400000006
v 0.0576274157 -0.069000001 0.00699999988
v 0.0576943111 -0.0647896385 0
v 0.0576943111 -0.0647896385 0.00100000001
v 0.0576943111 -0.0647896385 0.00400000006
v 0.0576943111 -0.0647896385 0.00899999976
v 0.0577459431 -0.0608479738 0
v 0.0577459431 -0.0608479738 0.00899999976
v 0.0575906467 -0.043053093 0
v 0.0575906467 -0.043053093 0.00899999976
v 0.0576943111 -0.0392103624 0
v 0.0576943111 -0.0392103624 0.00100000001
v 0.0576943111 -0.0392103624 0.00400000006
v 0.0576943111 -0.0392103624 0.00899999976
v 0.0576943111 0.0392103624 0
v 0.0576943111 0.0392103624 0.00100000001
v 0.0576943111 0.0392103624 0.00400000006
v 0.0576943111 0.0392103624 0.00899999976
v 0.0577459431 0.0431520271 0
v 0.0577459431 0.0431520271 0.00899999976
v 0.0575906467 0.060946908 0
v 0.0575906467 0.060946908 0.00899999976
v 0.0576943111 0.0647896385 0
v 0.0576943111 0.0647896385 0.00100000001
v 0.0576943111 0.0647896385 0.00400000006
v 0.0576943111 0.0647896385 0.00899999976
v 0.0576274157 0.069000001 0.00400000006
v 0.0576274157 0.069000001 0.00699999988
v 0.0579166555 -0.0646883106 0
v 0.0579166555 -0.0646883106 0.00100000001
v 0.0579166555 -0.0646883106 0.00400000006
v 0.0579166555 -0.0646883106 0.00899999976
v 0.0578994846 -0.0607463455 0
v 0.0578994846 -0.0607463455 0.00899999976
v 0.0578994846 -0.0432536554 0
v 0.0578994846 -0.0432536554 0.00899999976
v 0.0579166555 -0.0393116903 0
v 0.0579166555 -0.0393116903 0.00100000001
v 0.0579166555 -0.0393116903 0.00400000006
v 0.0579166555 -0.0393116903 0.00899999976
v 0.0579166555 0.0393116903 0
v 0.0579166555 0.0393116903 0.00100000001
v 0.0579166555 0.0393116903 0.00400000006
v 0.0579166555 0.0393116903 0.00899999976
v 0.0578994846 0.0432536554 0
v 0.0578994846 0.0432536554 0.00899999976
v 0.0578994846 0.0607463455 0
v 0.0578994846 0.0607463455 0.00899999976
v 0.0579166555 0.0646883106 0
v 0.0579166555 0.0646883106 0.00100000001
v 0.0579166555 0.0646883106 0.00400000006
v 0.0579166555 0.0646883106 0.00899999976
v 0.0581371975 -0.0645831156 0
v 0.0581371975 -0.0645831156 0.00100000001
v 0.0581371975 -0.0645831156 0.00400000006
v 0.0581371975 -0.0645831156 0.00899999976
v 0.0582011366 -0.0605351305 0
v 0.0582011366 -0.0605351305 0.00899999976
v 0.0580512333 -0.0433579445 0
v 0.0580512333 -0.0433579445 0.00899999976
v 0.0581371975 -0.039416883 0
v 0.0581371975 -0.039416883 0.00100000001
v 0.0581371975 -0.039416883 0.00400000006
v 0.0581371975 -0.039416883 0.00899999976
v 0.0581371975 0.039416883 0
v 0.0581371975 0.039416883 0.00100000001
v 0.0581371975 0.039416883 0.00400000006
v 0.0581371975 0.039416883 0.00899999976
v 0.0582011366 0.0434648705 0
v 0.0582011366 0.0434648705 0.00899999976
v 0.0580512333 0.0606420517 0
v 0.0580512333 0.0606420517 0.00899999976
v 0.0581371975 0.0645831156 0
v 0.0581371975 0.0645831156 0.00100000001
v 0.0581371975 0.0645831156 0.00400000006
v 0.0581371975 0.0645831156 0.00899999976
v 0.0583558655 -0.0644740915 0
v 0.0583558655 -0.0644740915 0.00100000001
v 0.0583558655 -0.0644740915 0.00400000006
v 0.0583558655 -0.0644740915 0.00899999976
v 0.0584952307 -0.0603135157 0
v 0.0584952307 -0.0603135157 0.00899999976
v 0.0583491468 -0.0435743952 0
v 0.0583491468 -0.0435743952 0.00899999976
v 0.0583558655 -0.0395259094 0
v 0.0583558655 -0.0395259094 0.00100000001
v 0.0583558655 -0.0395259094 0.00400000006
v 0.0583558655 -0.0395259094 0.00899999976
v 0.058499999 4.28626365e-19 0.00400000006
v 0.058499999 4.28626365e-19 0.04
v 0.0583558655 0.0395259094 0
v 0.0583558655 0.0395259094 0.00100000001
v 0.0583558655 0.0395259094 0.00400000006
v 0.0583558655 0.0395259094 0.00899999976
v 0.0584952307 0.0436864853 0
v 0.0584952307 0.0436864853 0.00899999976
v 0.0583491468 0.0604256058 0
v 0.0583491468 0.0604256058 0.00899999976
v 0.0583558655 0.0644740915 0
v 0.0583558655 0.0644740915 0.00100000001
v 0.0583558655 0.0644740915 0.00400000006
v 0.0583558655 0.0644740915 0.00899999976
v 0.0585726023 -0.0643612671 0
v 0.0585726023 -0.0643612671 0.00100000001
v 0.0585726023 -0.0643612671 0.00400000006
v 0.0585726023 -0.0643612671 0.00899999976
v 0.0586393309 -0.0601988888 0
v 0.0586393309 -0.0601988888 0.00899999976
v 0.0586393309 -0.0438011122 0
v 0.0586393309 -0.0438011122 0.00899999976
v 0.0585726023 -0.0396387339 0
v 0.0585726023 -0.0396387339 0.00100000001
v 0.0585726023 -0.0396387339 0.00400000006
v 0.0585726023 -0.0396387339 0.00899999976
v 0.0587324667 -0.00125428781 0.00400000006
v 0.0587324667 -0.00125428781 0.04
v 0.0587110758 -0.00119707048 0.00400000006
v 0.058652935 -0.00102330096 0.04
v 0.0586355829 -0.000964730754 0.00400000006
v 0.0585897064 -0.000787328705 0.04
v 0.0585764837 -0.000727690905 0.00400000006
v 0.0585430908 -0.00054752063 0.04
v 0.0585340595 -0.000487105846 0.00400000006
v 0.0585133171 -0.000305045098 0.04
v 0.0585085249 -0.000244147666 0.00400000006
v 0.0585005331 -6.1083422e-05 0.04
v 0.0585005331 6.1083422e-05 0.00400000006
v 0.0585085249 0.000244147666 0.04
v 0.0585133171 0.000305045098 0.00400000006
v 0.0585340595 0.000487105846 0.04
v 0.0585430908 0.00054752063 0.00400000006
v 0.0585764837 0.000727690905 0.04
v 0.0585897064 0.000787328705 0.00400000006
v 0.0586355829 0.000964730754 0.04
v 0.058652935 0.00102330096 0.00400000006
v 0.0587110758 0.00119707048 0.04
v 0.0587324667 0.00125428781 0.00400000006
v 0.0587324667 0.00125428781 0.04
v 0.0585726023 0.0396387339 0
v 0.0585726023 0.0396387339 0.00100000001
v 0.0585726023 0.0396387339 0.00400000006
v 0.0585726023 0.0396387339 0.00899999976
v 0.0586393309 0.0438011122 0
v 0.0586393309 0.0438011122 0.00899999976
v 0.0586393309 0.0601988888 0
v 0.0586393309 0.0601988888 0.00899999976
v 0.0585726023 0.0643612671 0
v 0.0585726023 0.0643612671 0.00100000001
v 0.0585726023 0.0643612671 0.00400000006
v 0.0585726023 0.0643612671 0.00899999976
v 0.0587873363 -0.0642446756 0
v 0.0587873363 -0.0642446756 0.00100000001
v 0.0587873363 -0.0642446756 0.00400000006
v 0.0587873363 -0.0642446756 0.00899999976
v 0.0587814093 -0.060081768 0
v 0.0587814093 -0.060081768 0.00899999976
v 0.058921423 -0.0599621868 0
v 0.058921423 -0.0599621868 0.00899999976
v 0.058921423 -0.0440378141 0
v 0.058921423 -0.0440378141 0.00899999976
v 0.0587814093 -0.0439182329 0
v 0.0587814093 -0.0439182329 0.00899999976
v 0.0587873363 -0.0397553229 0
v 0.0587873363 -0.0397553229 0.00100000001
v 0.0587873363 -0.0397553229 0.00400000006
v 0.0587873363 -0.0397553229 0.00899999976
v 0.0589999151 -0.00180263326 0.00400000006
v 0.0589999151 -0.00180263326 0.04
v 0.0589689112 -0.00174999997 0.00400000006
v 0.0588542223 -0.00153429896 0.04
v 0.0588279247 -0.00147916391 0.00400000006
v 0.0587548542 -0.00131112307 0.04
v 0.0587548542 0.00131112307 0.00400000006
v 0.0588279247 0.00147916391 0.04
v 0.0588542223 0.00153429896 0.00400000006
v 0.0589689112 0.00174999997 0.04
v 0.0589999151 0.00180263326 0.00400000006
v 0.0589999151 0.00180263326 0.04
v 0.0587873363 0.0397553229 0
v 0.0587873363 0.0397553229 0.00100000001
v 0.0587873363 0.0397553229 0.00400000006
v 0.0587873363 0.0397553229 0.00899999976
v 0.0587814093 0.0439182329 0
v 0.0587814093 0.0439182329 0.00899999976
v 0.058921423 0.0440378141 0
v 0.058921423 0.0440378141 0.00899999976
v 0.058921423 0.0599621868 0
v 0.058921423 0.0599621868 0.00899999976
v 0.0587814093 0.060081768 0
v 0.0587814093 0.060081768 0.00899999976
v 0.0587873363 0.0642446756 0
v 0.0587873363 0.0642446756 0.00100000001
v 0.0587873363 0.0642446756 0.00400000006
v 0.0587873363 0.0642446756 0.00899999976
v 0.059000001 -0.0641243553 0
v 0.0592105341 -0.0640003443 0.00100000001
v 0.059000001 -0.0641243553 0.00400000006
v 0.059000001 -0.0641243553 0.00899999976
v 0.059059329 -0.0598401785 0
v 0.059059329 -0.0598401785 0.00899999976
v 0.0591950846 -0.0597157812 0
v 0.0591950846 -0.0597157812 0.00899999976
v 0.0591950846 -0.0442842197 0
v 0.0591950846 -0.0442842197 0.00899999976
v 0.059059329 -0.0441598225 0
v 0.059059329 -0.0441598225 0.00899999976
v 0.0592105341 -0.0399996567 0
v 0.059000001 -0.0398756433 0.00100000001
v 0.0592105341 -0.0399996567 0.00400000006
v 0.0592105341 -0.0399996567 0.00899999976
v 0.0592419624 -0.0021548152 0.00400000006
v 0.059132967 -0.00200751752 0.04
v 0.0590983677 -0.00195717514 0.00400000006
v 0.0590318298 -0.00185471743 0.04
v 0.0590318298 0.00185471743 0.00400000006
v 0.0590983677 0.00195717514 0.04
v 0.059132967 0.00200751752 0.00400000006
v 0.0592419624 0.0021548152 0.04
v 0.0592105341 0.0399996567 0
v 0.059000001 0.0398756433 0.00100000001
v 0.059000001 0.0398756433 0.00400000006
v 0.059000001 0.0398756433 0.00899999976
v 0.059059329 0.0441598225 0
v 0.059059329 0.0441598225 0.00899999976
v 0.0591950846 0.0442842197 0
v 0.0591950846 0.0442842197 0.00899999976
v 0.0591950846 0.0597157812 0
v 0.0591950846 0.0597157812 0.00899999976
v 0.059059329 0.0598401785 0
v 0.059059329 0.0598401785 0.00899999976
v 0.059000001 0.0641243553 0
v 0.0592105341 0.0640003443 0.00100000001
v 0.0592105341 0.0640003443 0.00400000006
v 0.0592105341 0.0640003443 0.00899999976
v 0.059418869 -0.0638726711 0
v 0.059418869 -0.0638726711 0.00100000001
v 0.059418869 -0.0638726711 0.00400000006
v 0.059418869 -0.0638726711 0.00899999976
v 0.0593286467 -0.0595890331 0
v 0.0593286467 -0.0595890331 0.00899999976
v 0.0594599771 -0.0594599771 0
v 0.0594599771 -0.0594599771 0.00899999976
v 0.0594599771 -0.0445400238 0
v 0.0594599771 -0.0445400238 0.00899999976
v 0.0593286467 -0.0444109631 0
v 0.0593286467 -0.0444109631 0.00899999976
v 0.059418869 -0.0401273251 0
v 0.059418869 -0.0401273251 0.00100000001
v 0.059418869 -0.0401273251 0.00400000006
v 0.059418869 -0.0401273251 0.00899999976
v 0.0594823122 -0.00243130431 0.00400000006
v 0.0593585157 -0.00229620665 0.04
v 0.0593188429 -0.0022497566 0.00400000006
v 0.0592799902 -0.0022026214 0.04
v 0.0592799902 0.0022026214 0.00400000006
v 0.0593188429 0.0022497566 0.04
v 0.0593585157 0.00229620665 0.00400000006
v 0.0594823122 0.00243130431 0.04
v 0.059418869 0.0401273251 0
v 0.059418869 0.0401273251 0.00100000001
v 0.059418869 0.0401273251 0.00400000006
v 0.059418869 0.0401273251 0.00899999976
v 0.0593286467 0.0444109631 0
v 0.0593286467 0.0444109631 0.00899999976
v 0.0594599771 0.0445400238 0
v 0.0594599771 0.0445400238 0.00899999976
v 0.0594599771 0.0594599771 0
v 0.0594599771 0.0594599771 0.00899999976
v 0.0593286467 0.0595890331 0
v 0.0593286467 0.0595890331 0.00899999976
v 0.059418869 0.0638726711 0
v 0.059418869 0.0638726711 0.00100000001
v 0.059418869 0.0638726711 0.00400000006
v 0.059418869 0.0638726711 0.00899999976
v 0.0596249485 -0.0637413883 0
v 0.0596249485 -0.0637413883 0.00100000001
v 0.0596249485 -0.0637413883 0.00400000006
v 0.0596249485 -0.0637413883 0.00899999976
v 0.0595890331 -0.0593286467 0
v 0.0595890331 -0.0593286467 0.00899999976
v 0.0597157812 -0.0591950846 0
v 0.0597157812 -0.0591950846 0.00899999976
v 0.0597157812 -0.0448049164 0
v 0.0597157812 -0.0448049164 0.00899999976
v 0.0595890331 -0.0446713543 0
v 0.0595890331 -0.0446713543 0.00899999976
v 0.0596249485 -0.0402586126 0
v 0.0596249485 -0.0402586126 0.00100000001
v 0.0596249485 -0.0402586126 0.00400000006
v 0.0596249485 -0.0402586126 0.00899999976
v 0.0597037935 -0.00264148355 0.00400000006
v 0.059568696 -0.00251768917 0.04
v 0.0595251274 -0.00247487366 0.00400000006
v 0.0595251274 -0.00247487366 0.04
v 0.0595251274 0.00247487366 0.00400000006
v 0.0595251274 0.00247487366 0.04
v 0.059568696 0.00251768917 0.00400000006
v 0.0597037935 0.00264148355 0.04
v 0.0596249485 0.0402586126 0
v 0.0596249485 0.0402586126 0.00100000001
v 0.0596249485 0.0402586126 0.00400000006
v 0.0596249485 0.0402586126 0.00899999976
v 0.0595890331 0.0446713543 0
v 0.0595890331 0.0446713543 0.00899999976
v 0.0597157812 0.0448049164 0
v 0.0597157812 0.0448049164 0.00899999976
v 0.0597157812 0.0591950846 0
v 0.0597157812 0.0591950846 0.00899999976
v 0.0595890331 0.0593286467 0
v 0.0595890331 0.0593286467 0.00899999976
v 0.0596249485 0.0637413883 0
v 0.0596249485 0.0637413883 0.00100000001
v 0.0596249485 0.0637413883 0.00400000006
v 0.0596249485 0.0637413883 0.00899999976
v 0.059828701 -0.0636065245 0
v 0.059828701 -0.0636065245 0.00100000001
v 0.059828701 -0.0636065245 0.00400000006
v 0.059828701 -0.0636065245 0.00899999976
v 0.0598401785 -0.059059329 0
v 0.0598401785 -0.059059329 0.00899999976
v 0.0599621868 -0.058921423 0
v 0.0599621868 -0.058921423 0.00899999976
v 0.0599621868 -0.045078578 0
v 0.0599621868 -0.045078578 0.00899999976
v 0.0598401785 -0.0449406719 0
v 0.0598401785 -0.0449406719 0.00899999976
v 0.059828701 -0.0403934717 0
v 0.059828701 -0.0403934717 0.00100000001
v 0.059828701 -0.0403934717 0.00400000006
v 0.059828701 -0.0403934717 0.00899999976
v 0.0599924803 -0.00286703229 0.00400000006
v 0.0598451853 -0.00275803775 0.04
v 0.0597973776 -0.00272001088 0.00400000006
v 0.0597502422 -0.0026811555 0.04
v 0.0597502422 0.0026811555 0.00400000006
v 0.0597973776 0.00272001088 0.04
v 0.0598451853 0.00275803775 0.00400000006
v 0.0599924803 0.00286703229 0.04
v 0.059828701 0.0403934717 0
v 0.059828701 0.0403934717 0.00100000001
v 0.059828701 0.0403934717 0.00400000006
v 0.059828701 0.0403934717 0.00899999976
v 0.0598401785 0.0449406719 0
v 0.0598401785 0.0449406719 0.00899999976
v 0.0599621868 0.045078578 0
v 0.0599621868 0.045078578 0.00899999976
v 0.0599621868 0.058921423 0
v 0.0599621868 0.058921423 0.00899999976
v 0.0598401785 0.059059329 0
v 0.0598401785 0.059059329 0.00899999976
v 0.059828701 0.0636065245 0
v 0.059828701 0.0636065245 0.00100000001
v 0.059828701 0.0636065245 0.00400000006
v 0.059828701 0.0636065245 0.00899999976
v 0.0600300694 -0.0634681273 0
v 0.0602289915 -0.0633262396 0.00100000001
v 0.0600300694 -0.0634681273 0.00400000006
v 0.0600300694 -0.0634681273 0.00899999976
v 0.060081768 -0.0587814093 0
v 0.060081768 -0.0587814093 0.00899999976
v 0.0601988888 -0.0586393309 0
v 0.0601988888 -0.0586393309 0.00899999976
v 0.0601988888 -0.0453606701 0
v 0.0601988888 -0.0453606701 0.00899999976
v 0.060081768 -0.0452185917 0
v 0.060081768 -0.0452185917 0.00899999976
v 0.0602289915 -0.0406737614 0
v 0.0600300694 -0.0405318737 0.00100000001
v 0.0602289915 -0.0406737614 0.00400000006
v 0.0602289915 -0.0406737614 0.00899999976
v 0.0601973677 -0.00300008565 0.00400000006
v 0.0601973677 -0.00300008565 0.04
v 0.0601452827 -0.00296816826 0.00400000006
v 0.0600428247 -0.00290163159 0.04
v 0.0600428247 0.00290163159 0.00400000006
v 0.0601452827 0.00296816826 0.04
v 0.0601973677 0.00300008565 0.00400000006
v 0.0601973677 0.00300008565 0.04
v 0.0602289915 0.0406737614 0
v 0.0600300694 0.0405318737 0.00100000001
v 0.0600300694 0.0405318737 0.00400000006
v 0.0600300694 0.0405318737 0.00899999976
v 0.060081768 0.0452185917 0
v 0.060081768 0.0452185917 0.00899999976
v 0.0601988888 0.0453606701 0
v 0.0601988888 0.0453606701 0.00899999976
v 0.0601988888 0.0586393309 0
v 0.0601988888 0.0586393309 0.00899999976
v 0.060081768 0.0587814093 0
v 0.060081768 0.0587814093 0.00899999976
v 0.0600300694 0.0634681273 0
v 0.0602289915 0.0633262396 0.00100000001
v 0.0602289915 0.0633262396 0.00400000006
v 0.0602289915 0.0633262396 0.00899999976
v 0.0604254103 -0.0631808949 0
v 0.0604254103 -0.0631808949 0.00100000001
v 0.0604254103 -0.0631808949 0.00400000006
v 0.0604254103 -0.0631808949 0.00899999976
v 0.0604256058 -0.0583491468 0
v 0.0604256058 -0.0583491468 0.00899999976
v 0.0603135157 -0.0455047703 0
v 0.0603135157 -0.0455047703 0.00899999976
v 0.0604254103 -0.0408191013 0
v 0.0604254103 -0.0408191013 0.00100000001
v 0.0604254103 -0.0408191013 0.00400000006
v 0.0604254103 -0.0408191013 0.00899999976
v 0.060465703 -0.00314577907 0.00400000006
v 0.060250001 -0.00303108901 0.04
v 0.060250001 0.00303108901 0.00400000006
v 0.060465703 0.00314577907 0.04
v 0.0604254103 0.0408191013 0
v 0.0604254103 0.0408191013 0.00100000001
v 0.0604254103 0.0408191013 0.00400000006
v 0.0604254103 0.0408191013 0.00899999976
v 0.0604256058 0.0456508493 0
v 0.0604256058 0.0456508493 0.00899999976
v 0.0603135157 0.0584952307 0
v 0.0603135157 0.0584952307 0.00899999976
v 0.0604254103 0.0631808949 0
v 0.0604254103 0.0631808949 0.00100000001
v 0.0604254103 0.0631808949 0.00400000006
v 0.0604254103 0.0631808949 0.00899999976
v 0.0606192589 -0.0630321503 0
v 0.0606192589 -0.0630321503 0.00100000001
v 0.0606192589 -0.0630321503 0.00400000006
v 0.0606192589 -0.0630321503 0.00899999976
v 0.0606420517 -0.0580512333 0
v 0.0606420517 -0.0580512333 0.00899999976
v 0.0607463455 -0.0578994846 0
v 0.0607463455 -0.0578994846 0.00899999976
v 0.0607463455 -0.0461005163 0
v 0.0607463455 -0.0461005163 0.00899999976
v 0.0605351305 -0.0457988644 0
v 0.0605351305 -0.0457988644 0.00899999976
v 0.0606192589 -0.0409678507 0
v 0.0606192589 -0.0409678507 0.00100000001
v 0.0606192589 -0.0409678507 0.00400000006
v 0.0606192589 -0.0409678507 0.00899999976
v 0.0607457113 -0.00326753139 0.00400000006
v 0.0607457113 -0.00326753139 0.04
v 0.0606888771 -0.00324514359 0.00400000006
v 0.0605208349 -0.00317207724 0.04
v 0.0607442951 -0.000336464755 0.00100000001
v 0.0607442951 -0.000336464755 0.04
v 0.0607000017 -1.59204078e-19 0.00100000001
v 0.0607238865 -0.000248051696 0.04
v 0.0607001972 2.26881285e-05 0.00100000001
v 0.0607000017 1.59204078e-19 0.04
v 0.0607284069 0.000270285197 0.00100000001
v 0.0607284069 0.000270285197 0.04
v 0.0605208349 0.00317207724 0.00400000006
v 0.0606888771 0.00324514359 0.04
v 0.0607457113 0.00326753139 0.00400000006
v 0.0607457113 0.00326753139 0.04
v 0.0606192589 0.0409678507 0
v 0.0606192589 0.0409678507 0.00100000001
v 0.0606192589 0.0409678507 0.00400000006
v 0.0606192589 0.0409678507 0.00899999976
v 0.0606420517 0.0459487677 0
v 0.0606420517 0.0459487677 0.00899999976
v 0.0607463455 0.0461005163 0
v 0.0607463455 0.0461005163 0.00899999976
v 0.0607463455 0.0578994846 0
v 0.0607463455 0.0578994846 0.00899999976
v 0.0605351305 0.0582011366 0
v 0.0605351305 0.0582011366 0.00899999976
v 0.0606192589 0.0630321503 0
v 0.0606192589 0.0630321503 0.00100000001
v 0.0606192589 0.0630321503 0.00400000006
v 0.0606192589 0.0630321503 0.00899999976
v 0.0608104849 -0.062880044 0
v 0.0608104849 -0.062880044 0.00100000001
v 0.0608104849 -0.062880044 0.00400000006
v 0.0608104849 -0.062880044 0.00899999976
v 0.0609990263 -0.0627246237 0
v 0.0609990263 -0.0627246237 0.00100000001
v 0.0609990263 -0.0627246237 0.00400000006
v 0.0609990263 -0.0627246237 0.00899999976
v 0.060946908 -0.0575906467 0
v 0.060946908 -0.0575906467 0.00899999976
v 0.0608479738 -0.0462540579 0
v 0.0608479738 -0.0462540579 0.00899999976
v 0.0609990263 -0.0412753773 0
v 0.0609990263 -0.0412753773 0.00100000001
v 0.0609990263 -0.0412753773 0.00400000006
v 0.0609990263 -0.0412753773 0.00899999976
v 0.0608104849 -0.041119957 0
v 0.0608104849 -0.041119957 0.00100000001
v 0.0608104849 -0.041119957 0.00400000006
v 0.0608104849 -0.041119957 0.00899999976
v 0.0609767008 -0.00334706664 0.00400000006
v 0.0608029318 -0.0032889241 0.04
v 0.0609897089 -0.000818116516 0.00100000001
v 0.0609897089 -0.000818116516 0.04
v 0.0609351015 -0.000745649338 0.00100000001
v 0.0609351015 -0.000745649338 0.04
v 0.0607946587 -0.000486988574 0.00100000001
v 0.0607946587 -0.000486988574 0.04
v 0.0607503605 0.000358328559 0.00100000001
v 0.0607503605 0.000358328559 0.04
v 0.0608033419 0.000507950485 0.00100000001
v 0.0608033419 0.000507950485 0.04
v 0.0609482765 0.000764120817 0.00100000001
v 0.0609482765 0.000764120817 0.04
v 0.0608029318 0.0032889241 0.00400000006
v 0.0609767008 0.00334706664 0.04
v 0.0608104849 0.041119957 0
v 0.0608104849 0.041119957 0.00100000001
v 0.0608104849 0.041119957 0.00400000006
v 0.0608104849 0.041119957 0.00899999976
v 0.0609990263 0.0412753773 0
v 0.0609990263 0.0412753773 0.00100000001
v 0.0609990263 0.0412753773 0.00400000006
v 0.0609990263 0.0412753773 0.00899999976
v 0.060946908 0.0464093494 0
v 0.060946908 0.0464093494 0.00899999976
v 0.0608479738 0.0577459431 0
v 0.0608479738 0.0577459431 0.00899999976
v 0.0609990263 0.0627246237 0
v 0.0609990263 0.0627246237 0.00100000001
v 0.0609990263 0.0627246237 0.00400000006
v 0.0609990263 0.0627246237 0.00899999976
v 0.0608104849 0.062880044 0
v 0.0608104849 0.062880044 0.00100000001
v 0.0608104849 0.062880044 0.00400000006
v 0.0608104849 0.062880044 0.00899999976
v 0.0611848259 -0.0625659323 0
v 0.0611848259 -0.0625659323 0.00100000001
v 0.0611848259 -0.0625659323 0.00400000006
v 0.0611848259 -0.0625659323 0.00899999976
v 0.06113657 -0.0572749996 0
v 0.06113657 -0.0572749996 0.00899999976
v 0.0612272358 -0.0571147394 0
v 0.0612272358 -0.0571147394 0.00899999976
v 0.0612272358 -0.0468852568 0
v 0.0612272358 -0.0468852568 0.00899999976
v 0.0610431147 -0.0465663481 0
v 0.0610431147 -0.0465663481 0.00899999976
v 0.0611848259 -0.0414340639 0
v 0.0611848259 -0.0414340639 0.00100000001
v 0.0611848259 -0.0414340639 0.00400000006
v 0.0611848259 -0.0414340639 0.00899999976
v 0.0612126732 -0.00341029525 0.00400000006
v 0.0610352707 -0.00336441606 0.04
v 0.0612358809 -0.00105172209 0.00100000001
v 0.0612358809 -0.00105172209 0.04
v 0.0611643744 -0.00099585779 0.00100000001
v 0.0611643744 -0.00099585779 0.04
v 0.0610041428 0.00083562389 0.00100000001
v 0.0610041428 0.00083562389 0.04
v 0.0611818838 0.00101028971 0.00100000001
v 0.0611818838 0.00101028971 0.04
v 0.0610352707 0.00336441606 0.00400000006
v 0.0612126732 0.00341029525 0.04
v 0.0611848259 0.0414340639 0
v 0.0611848259 0.0414340639 0.00100000001
v 0.0611848259 0.0414340639 0.00400000006
v 0.0611848259 0.0414340639 0.00899999976
v 0.06113657 0.0467250013 0
v 0.06113657 0.0467250013 0.00899999976
v 0.0612272358 0.0468852568 0
v 0.0612272358 0.0468852568 0.00899999976
v 0.0612272358 0.0571147394 0
v 0.0612272358 0.0571147394 0.00899999976
v 0.0610431147 0.0574336529 0
v 0.0610431147 0.0574336529 0.00899999976
v 0.0611848259 0.0625659323 0
v 0.0611848259 0.0625659323 0.00100000001
v 0.0611848259 0.0625659323 0.00400000006
v 0.0611848259 0.0625659323 0.00899999976
v 0.0613678265 -0.062404027 0
v 0.0613678265 -0.062404027 0.00100000001
v 0.0613678265 -0.062404027 0.00400000006
v 0.0613678265 -0.062404027 0.00899999976
v 0.0614001179 -0.0567895985 0
v 0.0614001179 -0.0567895985 0.00899999976
v 0.0614822769 -0.0566248178 0
v 0.0614822769 -0.0566248178 0.00899999976
v 0.0614822769 -0.0473751831 0
v 0.0614822769 -0.0473751831 0.00899999976
v 0.0613150978 -0.0470470762 0
v 0.0613150978 -0.0470470762 0.00899999976
v 0.0613678265 -0.041595974 0
v 0.0613678265 -0.041595974 0.00100000001
v 0.0613678265 -0.041595974 0.00400000006
v 0.0613678265 -0.041595974 0.00899999976
v 0.0614524794 -0.00345690906 0.00400000006
v 0.0612723112 -0.00342351675 0.04
v 0.0614920473 -0.0011966563 0.00100000001
v 0.0614920473 -0.0011966563 0.04
v 0.0612543488 0.00106489763 0.00100000001
v 0.0612543488 0.00106489763 0.04
v 0.0612723112 0.00342351675 0.00400000006
v 0.0614524794 0.00345690906 0.04
v 0.0613678265 0.041595974 0
v 0.0613678265 0.041595974 0.00100000001
v 0.0613678265 0.041595974 0.00400000006
v 0.0613678265 0.041595974 0.00899999976
v 0.0614001179 0.0472104025 0
v 0.0614001179 0.0472104025 0.00899999976
v 0.0614822769 0.0473751831 0
v 0.0614822769 0.0473751831 0.00899999976
v 0.0614822769 0.0566248178 0
v 0.0614822769 0.0566248178 0.00899999976
v 0.0613150978 0.0569529247 0
v 0.0613150978 0.0569529247 0.00899999976
v 0.0613678265 0.062404027 0
v 0.0613678265 0.062404027 0.00100000001
v 0.0613678265 0.062404027 0.00400000006
v 0.0613678265 0.062404027 0.00899999976
v 0.0615479755 -0.0622389507 0
v 0.0617252159 -0.062070756 0.00100000001
v 0.0615479755 -0.0622389507 0.00400000006
v 0.0615479755 -0.0622389507 0.00899999976
v 0.0616379023 -0.05629107 0
v 0.0616379023 -0.05629107 0.00899999976
v 0.0617113256 -0.0561222124 0
v 0.0617113256 -0.0561222124 0.00899999976
v 0.0617113256 -0.0478777885 0
v 0.0617113256 -0.0478777885 0.00899999976
v 0.0615615463 -0.0475413752 0
v 0.0615615463 -0.0475413752 0.00899999976
v 0.0617252159 -0.041929245 0
v 0.0615479755 -0.0417610502 0.00100000001
v 0.0617252159 -0.041929245 0.00400000006
v 0.0617252159 -0.041929245 0.00899999976
v 0.0616949558 -0.00348668158 0.00400000006
v 0.0615128946 -0.00346593827 0.04
v 0.0617297125 -0.00127159193 0.00100000001
v 0.0617297125 -0.00127159193 0.04
v 0.0616416693 -0.00124964021 0.00100000001
v 0.0616416693 -0.00124964021 0.04
v 0.0615130091 0.00120533898 0.00100000001
v 0.0615130091 0.00120533898 0.04
v 0.061663537 0.00125570357 0.00100000001
v 0.061663537 0.00125570357 0.04
v 0.0615128946 0.00346593827 0.00400000006
v 0.0616949558 0.00348668158 0.04
v 0.0617252159 0.041929245 0
v 0.0615479755 0.0417610502 0.00100000001
v 0.0615479755 0.0417610502 0.00400000006
v 0.0615479755 0.0417610502 0.00899999976
v 0.0616379023 0.0477089262 0
v 0.0616379023 0.0477089262 0.00899999976
v 0.0617113256 0.0478777885 0
v 0.0617113256 0.0478777885 0.00899999976
v 0.0617113256 0.0561222124 0
v 0.0617113256 0.0561222124 0.00899999976
v 0.0615615463 0.056458621 0
v 0.0615615463 0.056458621 0.00899999976
v 0.0615479755 0.0622389507 0
v 0.0617252159 0.062070756 0.00100000001
v 0.0617252159 0.062070756 0.00400000006
v 0.0617252159 0.062070756 0.00899999976
v 0.0618994951 -0.0618994951 0
v 0.0618994951 -0.0618994951 0.00100000001
v 0.0618994951 -0.0618994951 0.00400000006
v 0.0618994951 -0.0618994951 0.00899999976
v 0.0618492746 -0.0557807827 0
v 0.0618492746 -0.0557807827 0.00899999976
v 0.0619137573 -0.0556083107 0
v 0.0619137573 -0.0556083107 0.00899999976
v 0.0619752216 -0.055434742 0
v 0.0619752216 -0.055434742 0.00899999976
v 0.0619752216 -0.0485652542 0
v 0.0619752216 -0.0485652542 0.00899999976
v 0.0619137573 -0.0483916855 0
v 0.0619137573 -0.0483916855 0.00899999976
v 0.0617817879 -0.0480479002 0
v 0.0617817879 -0.0480479002 0.00899999976
v 0.0618994951 -0.0421005058 0
v 0.0618994951 -0.0421005058 0.00100000001
v 0.0618994951 -0.0421005058 0.00400000006
v 0.0618994951 -0.0421005058 0.00899999976
v 0.0619999981 -0.00349999994 0.00400000006
v 0.0617558527 -0.00349147409 0.04
v 0.0619999981 -0.00129999995 0.00100000001
v 0.0619999981 -0.00129999995 0.04
v 0.0617519474 0.00127611533 0.00100000001
v 0.0617519474 0.00127611533 0.04
v 0.0617558527 0.00349147409 0.00400000006
v 0.0619999981 0.00349999994 0.04
v 0.0618994951 0.0421005058 0
v 0.0618994951 0.0421005058 0.00100000001
v 0.0618994951 0.0421005058 0.00400000006
v 0.0618994951 0.0421005058 0.00899999976
v 0.0618492746 0.0482192183 0
v 0.0618492746 0.0482192183 0.00899999976
v 0.0619137573 0.0483916855 0
v 0.0619137573 0.0483916855 0.00899999976
v 0.0619752216 0.0485652542 0
v 0.0619752216 0.0485652542 0.00899999976
v 0.0619752216 0.055434742 0
v 0.0619752216 0.055434742 0.00899999976
v 0.0619137573 0.0556083107 0
v 0.0619137573 0.0556083107 0.00899999976
v 0.0617817879 0.0559521008 0
v 0.0617817879 0.0559521008 0.00899999976
v 0.0618994951 0.0618994951 0
v 0.0618994951 0.0618994951 0.00100000001
v 0.0618994951 0.0618994951 0.00400000006
v 0.0618994951 0.0618994951 0.00899999976
v 0.062070756 -0.0617252159 0
v 0.0622389507 -0.0615479755 0.00100000001
v 0.062070756 -0.0617252159 0.00400000006
v 0.062070756 -0.0617252159 0.00899999976
v 0.0620336485 -0.055260129 0
v 0.0620336485 -0.055260129 0.00899999976
v 0.0620890141 -0.0550845194 0
v 0.0620890141 -0.0550845194 0.00899999976
v 0.0621413088 -0.0549079752 0
v 0.0621413088 -0.0549079752 0.00899999976
v 0.062236619 -0.0545522738 0
v 0.062236619 -0.0545522738 0.00899999976
v 0.0621905184 -0.0492694569 0
v 0.0621905184 -0.0492694569 0.00899999976
v 0.0621413088 -0.0490920258 0
v 0.0621413088 -0.0490920258 0.00899999976
v 0.0620890141 -0.0489154768 0
v 0.0620890141 -0.0489154768 0.00899999976
v 0.0620336485 -0.048739872 0
v 0.0620336485 -0.048739872 0.00899999976
v 0.0622389507 -0.0424520206 0
v 0.062070756 -0.042274785 0.00100000001
v 0.0622389507 -0.0424520206 0.00400000006
v 0.0622389507 -0.0424520206 0.00899999976
v 0.0622441483 -0.00349147409 0.00400000006
v 0.0620610857 -0.00349946707 0.04
v 0.0622480536 -0.00127611533 0.00100000001
v 0.0622480536 -0.00127611533 0.04
v 0.062022686 0.00129980206 0.00100000001
v 0.062022686 0.00129980206 0.04
v 0.0620610857 0.00349946707 0.00400000006
v 0.0622441483 0.00349147409 0.04
v 0.0622389507 0.0424520206 0
v 0.062070756 0.042274785 0.00100000001
v 0.062070756 0.042274785 0.00400000006
v 0.062070756 0.042274785 0.00899999976
v 0.0620336485 0.048739872 0
v 0.0620336485 0.048739872 0.00899999976
v 0.0620890141 0.0489154768 0
v 0.0620890141 0.0489154768 0.00899999976
v 0.0621413088 0.0490920258 0
v 0.0621413088 0.0490920258 0.00899999976
v 0.062236619 0.0494477224 0
v 0.062236619 0.0494477224 0.00899999976
v 0.0621905184 0.0547305393 0
v 0.0621905184 0.0547305393 0.00899999976
v 0.0621413088 0.0549079752 0
v 0.0621413088 0.0549079752 0.00899999976
v 0.0620890141 0.0550845194 0
v 0.0620890141 0.0550845194 0.00899999976
v 0.0620336485 0.055260129 0
v 0.0620336485 0.055260129 0.00899999976
v 0.062070756 0.0617252159 0
v 0.0622389507 0.0615479755 0.00100000001
v 0.0622389507 0.0615479755 0.00400000006
v 0.0622389507 0.0615479755 0.00899999976
v 0.062404027 -0.0613678265 0
v 0.062404027 -0.0613678265 0.00100000001
v 0.062404027 -0.0613678265 0.00400000006
v 0.062404027 -0.0613678265 0.00899999976
v 0.0622796059 -0.0543732357 0
v 0.0622796059 -0.0543732357 0.00899999976
v 0.0623561668 -0.0540130329 0
v 0.0623561668 -0.0540130329 0.00899999976
v 0.0623897219 -0.0538319874 0
v 0.0623897219 -0.0538319874 0.00899999976
v 0.0624201107 -0.0536503839 0
v 0.0624201107 -0.0536503839 0.00899999976
v 0.0624713612 -0.0532857227 0
v 0.0624713612 -0.0532857227 0.00899999976
v 0.0624922037 -0.0531027746 0
v 0.0624922037 -0.0531027746 0.00899999976
v 0.0624922037 -0.0508972263 0
v 0.0624922037 -0.0508972263 0.00899999976
v 0.0624473286 -0.0505317259 0
v 0.0624473286 -0.0505317259 0.00899999976
v 0.0624201107 -0.050349617 0
v 0.0624201107 -0.050349617 0.00899999976
v 0.0623897219 -0.0501680136 0
v 0.0623897219 -0.0501680136 0.00899999976
v 0.0623194551 -0.0498065329 0
v 0.0623194551 -0.0498065329 0.00899999976
v 0.0622796059 -0.0496267653 0
v 0.0622796059 -0.0496267653 0.00899999976
v 0.062404027 -0.0426321697 0
v 0.062404027 -0.0426321697 0.00100000001
v 0.062404027 -0.0426321697 0.00400000006
v 0.062404027 -0.0426321697 0.00899999976
v 0.0624871063 -0.00346593827 0.00400000006
v 0.0623050451 -0.00348668158 0.04
v 0.0623364639 -0.00125570357 0.00100000001
v 0.0623364639 -0.00125570357 0.04
v 0.0624869871 -0.00120533898 0.00100000001
v 0.0624869871 -0.00120533898 0.04
v 0.0623583269 0.00124964021 0.00100000001
v 0.0623583269 0.00124964021 0.04
v 0.0622702837 0.00127159193 0.00100000001
v 0.0622702837 0.00127159193 0.04
v 0.0623050451 0.00348668158 0.00400000006
v 0.0624871063 0.00346593827 0.04
v 0.062404027 0.0426321697 0
v 0.062404027 0.0426321697 0.00100000001
v 0.062404027 0.0426321697 0.00400000006
v 0.062404027 0.0426321697 0.00899999976
v 0.0622796059 0.0496267653 0
v 0.0622796059 0.0496267653 0.00899999976
v 0.0623561668 0.0499869633 0
v 0.0623561668 0.0499869633 0.00899999976
v 0.0623897219 0.0501680136 0
v 0.0623897219 0.0501680136 0.00899999976
v 0.0624201107 0.050349617 0
v 0.0624201107 0.050349617 0.00899999976
v 0.0624713612 0.0507142782 0
v 0.0624713612 0.0507142782 0.00899999976
v 0.0624922037 0.0508972263 0
v 0.0624922037 0.0508972263 0.00899999976
v 0.0624922037 0.0531027746 0
v 0.0624922037 0.0531027746 0.00899999976
v 0.0624473286 0.0534682751 0
v 0.0624473286 0.0534682751 0.00899999976
v 0.0624201107 0.0536503839 0
v 0.0624201107 0.0536503839 0.00899999976
v 0.0623897219 0.0538319874 0
v 0.0623897219 0.0538319874 0.00899999976
v 0.0623194551 0.0541934681 0
v 0.0623194551 0.0541934681 0.00899999976
v 0.0622796059 0.0543732357 0
v 0.0622796059 0.0543732357 0.00899999976
v 0.062404027 0.0613678265 0
v 0.062404027 0.0613678265 0.00100000001
v 0.062404027 0.0613678265 0.00400000006
v 0.062404027 0.0613678265 0.00899999976
v 0.0625659323 -0.0611848259 0
v 0.0625659323 -0.0611848259 0.00100000001
v 0.0625659323 -0.0611848259 0.00400000006
v 0.0625659323 -0.0611848259 0.00899999976
v 0.0627246237 -0.0609990263 0
v 0.0627246237 -0.0609990263 0.00100000001
v 0.0627246237 -0.0609990263 0.00400000006
v 0.0627246237 -0.0609990263 0.00899999976
v 0.0625098562 -0.0529194927 0
v 0.0625098562 -0.0529194927 0.00899999976
v 0.0625355434 -0.0525521421 0
v 0.0625355434 -0.0525521421 0.00899999976
v 0.0625435734 -0.0523681879 0
v 0.0625435734 -0.0523681879 0.00899999976
v 0.0625483942 -0.052184124 0
v 0.0625483942 -0.052184124 0.00899999976
v 0.0625483942 -0.051815877 0
v 0.0625483942 -0.051815877 0.00899999976
v 0.0625435734 -0.0516318083 0
v 0.0625435734 -0.0516318083 0.00899999976
v 0.0625242996 -0.0512640715 0
v 0.0625242996 -0.0512640715 0.00899999976
v 0.0625098562 -0.0510805082 0
v 0.0625098562 -0.0510805082 0.00899999976
v 0.0627246237 -0.0430009747 0
v 0.0627246237 -0.0430009747 0.00100000001
v 0.0627246237 -0.0430009747 0.00400000006
v 0.0627246237 -0.0430009747 0.00899999976
v 0.0625659323 -0.0428151751 0
v 0.0625659323 -0.0428151751 0.00100000001
v 0.0625659323 -0.0428151751 0.00400000006
v 0.0625659323 -0.0428151751 0.00899999976
v 0.0627276897 -0.00342351675 0.00400000006
v 0.0625475216 -0.00345690906 0.04
v 0.0627456474 -0.00106489763 0.00100000001
v 0.0627456474 -0.00106489763 0.04
v 0.0625079489 0.0011966563 0.00100000001
v 0.0625079489 0.0011966563 0.04
v 0.0625475216 0.00345690906 0.00400000006
v 0.0627276897 0.00342351675 0.04
v 0.0625659323 0.0428151751 0
v 0.0625659323 0.0428151751 0.00100000001
v 0.0625659323 0.0428151751 0.00400000006
v 0.0625659323 0.0428151751 0.00899999976
v 0.0627246237 0.0430009747 0
v 0.0627246237 0.0430009747 0.00100000001
v 0.0627246237 0.0430009747 0.00400000006
v 0.0627246237 0.0430009747 0.00899999976
v 0.0625098562 0.0510805082 0
v 0.0625098562 0.0510805082 0.00899999976
v 0.0625355434 0.051447854 0
v 0.0625355434 0.051447854 0.00899999976
v 0.0625435734 0.0516318083 0
v 0.0625435734 0.0516318083 0.00899999976
v 0.0625500011 0.0519999981 0
v 0.0625500011 0.0519999981 0.00899999976
v 0.0625483942 0.052184124 0
v 0.0625483942 0.052184124 0.00899999976
v 0.0625435734 0.0523681879 0
v 0.0625435734 0.0523681879 0.00899999976
v 0.0625242996 0.0527359295 0
v 0.0625242996 0.0527359295 0.00899999976
v 0.0625098562 0.0529194927 0
v 0.0625098562 0.0529194927 0.00899999976
v 0.0627246237 0.0609990263 0
v 0.0627246237 0.0609990263 0.00100000001
v 0.0627246237 0.0609990263 0.00400000006
v 0.0627246237 0.0609990263 0.00899999976
v 0.0625659323 0.0611848259 0
v 0.0625659323 0.0611848259 0.00100000001
v 0.0625659323 0.0611848259 0.00400000006
v 0.0625659323 0.0611848259 0.00899999976
v 0.062880044 -0.0608104849 0
v 0.062880044 -0.0608104849 0.00100000001
v 0.062880044 -0.0608104849 0.00400000006
v 0.062880044 -0.0608104849 0.00899999976
v 0.062880044 -0.0431895161 0
v 0.062880044 -0.0431895161 0.00100000001
v 0.062880044 -0.0431895161 0.00400000006
v 0.062880044 -0.0431895161 0.00899999976
v 0.0629647303 -0.00336441606 0.00400000006
v 0.0627873278 -0.00341029525 0.04
v 0.0628181171 -0.00101028971 0.00100000001
v 0.0628181171 -0.00101028971 0.04
v 0.0629958582 -0.00083562389 0.00100000001
v 0.0629958582 -0.00083562389 0.04
v 0.0628356218 0.00099585779 0.00100000001
v 0.0628356218 0.00099585779 0.04
v 0.0627641201 0.00105172209 0.00100000001
v 0.0627641201 0.00105172209 0.04
v 0.0627873278 0.00341029525 0.00400000006
v 0.0629647303 0.00336441606 0.04
v 0.062880044 0.0431895161 0
v 0.062880044 0.0431895161 0.00100000001
v 0.062880044 0.0431895161 0.00400000006
v 0.062880044 0.0431895161 0.00899999976
v 0.062880044 0.0608104849 0
v 0.062880044 0.0608104849 0.00100000001
v 0.062880044 0.0608104849 0.00400000006
v 0.062880044 0.0608104849 0.00899999976
v 0.0630321503 -0.0606192589 0
v 0.0630321503 -0.0606192589 0.00100000001
v 0.0630321503 -0.0606192589 0.00400000006
v 0.0630321503 -0.0606192589 0.00899999976
v 0.0631808949 -0.0604254103 0
v 0.0631808949 -0.0604254103 0.00100000001
v 0.0631808949 -0.0604254103 0.00400000006
v 0.0631808949 -0.0604254103 0.00899999976
v 0.0631808949 -0.0435745907 0
v 0.0631808949 -0.0435745907 0.00100000001
v 0.0631808949 -0.0435745907 0.00400000006
v 0.0631808949 -0.0435745907 0.00899999976
v 0.0630321503 -0.0433807373 0
v 0.0630321503 -0.0433807373 0.00100000001
v 0.0630321503 -0.0433807373 0.00400000006
v 0.0630321503 -0.0433807373 0.00899999976
v 0.0631970692 -0.0032889241 0.00400000006
v 0.0630233002 -0.00334706664 0.04
v 0.0630517244 -0.000764120817 0.00100000001
v 0.0630517244 -0.000764120817 0.04
v 0.0631966543 -0.000507950485 0.00100000001
v 0.0631966543 -0.000507950485 0.04
v 0.0632496405 -0.000358328559 0.00100000001
v 0.0632496405 -0.000358328559 0.04
v 0.0632053375 0.000486988574 0.00100000001
v 0.0632053375 0.000486988574 0.04
v 0.0630648994 0.000745649338 0.00100000001
v 0.0630648994 0.000745649338 0.04
v 0.0630102921 0.000818116516 0.00100000001
v 0.0630102921 0.000818116516 0.04
v 0.0630233002 0.00334706664 0.00400000006
v 0.0631970692 0.0032889241 0.04
v 0.0630321503 0.0433807373 0
v 0.0630321503 0.0433807373 0.00100000001
v 0.0630321503 0.0433807373 0.00400000006
v 0.0630321503 0.0433807373 0.00899999976
v 0.0631808949 0.0435745907 0
v 0.0631808949 0.0435745907 0.00100000001
v 0.0631808949 0.0435745907 0.00400000006
v 0.0631808949 0.0435745907 0.00899999976
v 0.0631808949 0.0604254103 0
v 0.0631808949 0.0604254103 0.00100000001
v 0.0631808949 0.0604254103 0.00400000006
v 0.0631808949 0.0604254103 0.00899999976
v 0.0630321503 0.0606192589 0
v 0.0630321503 0.0606192589 0.00100000001
v 0.0630321503 0.0606192589 0.00400000006
v 0.0630321503 0.0606192589 0.00899999976
v 0.0633262396 -0.0602289915 0
v 0.0634681273 -0.0600300694 0.00100000001
v 0.0633262396 -0.0602289915 0.00400000006
v 0.0633262396 -0.0602289915 0.00899999976
v 0.0634681273 -0.0439699316 0
v 0.0633262396 -0.0437710047 0.00100000001
v 0.0634681273 -0.0439699316 0.00400000006
v 0.0634681273 -0.0439699316 0.00899999976
v 0.0632542896 -0.00326753139 0.00400000006
v 0.0632542896 -0.00326753139 0.04
v 0.063479166 -0.00317207724 0.00400000006
v 0.0633111238 -0.00324514359 0.04
v 0.063271594 -0.000270285197 0.00100000001
v 0.063271594 -0.000270285197 0.04
v 0.0632998037 -2.26881285e-05 0.00100000001
v 0.0632998037 -2.26881285e-05 0.04
v 0.0632761145 0.000248051696 0.00100000001
v 0.0632761145 0.000248051696 0.04
v 0.0632557058 0.000336464755 0.00100000001
v 0.0632557058 0.000336464755 0.04
v 0.0633111238 0.00324514359 0.00400000006
v 0.063479166 0.00317207724 0.04
v 0.0632542896 0.00326753139 0.00400000006
v 0.0632542896 0.00326753139 0.04
v 0.0634681273 0.0439699316 0
v 0.0633262396 0.0437710047 0.00100000001
v 0.0633262396 0.0437710047 0.00400000006
v 0.0633262396 0.0437710047 0.00899999976
v 0.0633262396 0.0602289915 0
v 0.0634681273 0.0600300694 0.00100000001
v 0.0634681273 0.0600300694 0.00400000006
v 0.0634681273 0.0600300694 0.00899999976
v 0.0636065245 -0.059828701 0
v 0.0636065245 -0.059828701 0.00100000001
v 0.0636065245 -0.059828701 0.00400000006
v 0.0636065245 -0.059828701 0.00899999976
v 0.0637413883 -0.0596249485 0
v 0.0637413883 -0.0596249485 0.00100000001
v 0.0637413883 -0.0596249485 0.00400000006
v 0.0637413883 -0.0596249485 0.00899999976
v 0.0637413883 -0.0443750525 0
v 0.0637413883 -0.0443750525 0.00100000001
v 0.0637413883 -0.0443750525 0.00400000006
v 0.0637413883 -0.0443750525 0.00899999976
v 0.0636065245 -0.0441712999 0
v 0.0636065245 -0.0441712999 0.00100000001
v 0.0636065245 -0.0441712999 0.00400000006
v 0.0636065245 -0.0441712999 0.00899999976
v 0.0636968327 -0.00306116909 0.00400000006
v 0.0635342979 -0.00314577907 0.04
v 0.0635342979 0.00314577907 0.00400000006
v 0.0636968327 0.00306116909 0.04
v 0.0636065245 0.0441712999 0
v 0.0636065245 0.0441712999 0.00100000001
v 0.0636065245 0.0441712999 0.00400000006
v 0.0636065245 0.0441712999 0.00899999976
v 0.0637413883 0.0443750525 0
v 0.0637413883 0.0443750525 0.00100000001
v 0.0637413883 0.0443750525 0.00400000006
v 0.0637413883 0.0443750525 0.00899999976
v 0.0637413883 0.0596249485 0
v 0.0637413883 0.0596249485 0.00100000001
v 0.0637413883 0.0596249485 0.00400000006
v 0.0637413883 0.0596249485 0.00899999976
v 0.0636065245 0.059828701 0
v 0.0636065245 0.059828701 0.00100000001
v 0.0636065245 0.059828701 0.00400000006
v 0.0636065245 0.059828701 0.00899999976
v 0.0638726711 -0.059418869 0
v 0.0638726711 -0.059418869 0.00100000001
v 0.0638726711 -0.059418869 0.00400000006
v 0.0638726711 -0.059418869 0.00899999976
v 0.0638726711 -0.0445811319 0
v 0.0638726711 -0.0445811319 0.00100000001
v 0.0638726711 -0.0445811319 0.00400000006
v 0.0638726711 -0.0445811319 0.00899999976
v 0.0638026333 -0.00300008565 0.00400000006
v 0.06375 -0.00303108901 0.04
v 0.0639571762 -0.00290163159 0.00400000006
v 0.0638547182 -0.00296816826 0.04
v 0.0638547182 0.00296816826 0.00400000006
v 0.0639571762 0.00290163159 0.04
v 0.06375 0.00303108901 0.00400000006
v 0.0638026333 0.00300008565 0.04
v 0.0638726711 0.0445811319 0
v 0.0638726711 0.0445811319 0.00100000001
v 0.0638726711 0.0445811319 0.00400000006
v 0.0638726711 0.0445811319 0.00899999976
v 0.0638726711 0.059418869 0
v 0.0638726711 0.059418869 0.00100000001
v 0.0638726711 0.059418869 0.00400000006
v 0.0638726711 0.059418869 0.00899999976
v 0.0640003443 -0.0592105341 0
v 0.0641243553 -0.059000001 0.00100000001
v 0.0640003443 -0.0592105341 0.00400000006
v 0.0640003443 -0.0592105341 0.00899999976
v 0.0642446756 -0.0587873363 0
v 0.0642446756 -0.0587873363 0.00100000001
v 0.0642446756 -0.0587873363 0.00400000006
v 0.0642446756 -0.0587873363 0.00899999976
v 0.0642446756 -0.0452126646 0
v 0.0642446756 -0.0452126646 0.00100000001
v 0.0642446756 -0.0452126646 0.00400000006
v 0.0642446756 -0.0452126646 0.00899999976
v 0.0641243553 -0.045 0
v 0.0640003443 -0.0447894669 0.00100000001
v 0.0641243553 -0.045 0.00400000006
v 0.0641243553 -0.045 0.00899999976
v 0.0641548157 -0.00275803775 0.00400000006
v 0.0640075159 -0.00286703229 0.04
v 0.0642497587 -0.0026811555 0.00400000006
v 0.0642026234 -0.00272001088 0.04
v 0.0642026234 0.00272001088 0.00400000006
v 0.0642497587 0.0026811555 0.04
v 0.0640075159 0.00286703229 0.00400000006
v 0.0641548157 0.00275803775 0.04
v 0.0640003443 0.0447894669 0
v 0.0640003443 0.0447894669 0.00100000001
v 0.0640003443 0.0447894669 0.00400000006
v 0.0640003443 0.0447894669 0.00899999976
v 0.0642446756 0.0452126646 0
v 0.0641243553 0.045 0.00100000001
v 0.0641243553 0.045 0.00400000006
v 0.0641243553 0.045 0.00899999976
v 0.0642446756 0.0587873363 0
v 0.0642446756 0.0587873363 0.00100000001
v 0.0642446756 0.0587873363 0.00400000006
v 0.0642446756 0.0587873363 0.00899999976
v 0.0640003443 0.0592105341 0
v 0.0641243553 0.059000001 0.00100000001
v 0.0641243553 0.059000001 0.00400000006
v 0.0641243553 0.059000001 0.00899999976
v 0.0643612671 -0.0585726023 0
v 0.0643612671 -0.0585726023 0.00100000001
v 0.0643612671 -0.0585726023 0.00400000006
v 0.0643612671 -0.0585726023 0.00899999976
v 0.0644740915 -0.0583558655 0
v 0.0644740915 -0.0583558655 0.00100000001
v 0.0644740915 -0.0583558655 0.00400000006
v 0.0644740915 -0.0583558655 0.00899999976
v 0.0644740915 -0.0456441307 0
v 0.0644740915 -0.0456441307 0.00100000001
v 0.0644740915 -0.0456441307 0.00400000006
v 0.0644740915 -0.0456441307 0.00899999976
v 0.0643612671 -0.0454273987 0
v 0.0643612671 -0.0454273987 0.00100000001
v 0.0643612671 -0.0454273987 0.00400000006
v 0.0643612671 -0.0454273987 0.00899999976
v 0.0644313049 -0.00251768917 0.00400000006
v 0.0642962074 -0.00264148355 0.04
v 0.0644748735 -0.00247487366 0.00400000006
v 0.0644748735 -0.00247487366 0.04
v 0.0644748735 0.00247487366 0.00400000006
v 0.0644748735 0.00247487366 0.04
v 0.0642962074 0.00264148355 0.00400000006
v 0.0644313049 0.00251768917 0.04
v 0.0643612671 0.0454273987 0
v 0.0643612671 0.0454273987 0.00100000001
v 0.0643612671 0.0454273987 0.00400000006
v 0.0643612671 0.0454273987 0.00899999976
v 0.0644740915 0.0456441307 0
v 0.0644740915 0.0456441307 0.00100000001
v 0.0644740915 0.0456441307 0.00400000006
v 0.0644740915 0.0456441307 0.00899999976
v 0.0644740915 0.0583558655 0
v 0.0644740915 0.0583558655 0.00100000001
v 0.0644740915 0.0583558655 0.00400000006
v 0.0644740915 0.0583558655 0.00899999976
v 0.0643612671 0.0585726023 0
v 0.0643612671 0.0585726023 0.00100000001
v 0.0643612671 0.0585726023 0.00400000006
v 0.0643612671 0.0585726023 0.00899999976
v 0.0645831156 -0.0581371975 0
v 0.0645831156 -0.0581371975 0.00100000001
v 0.0645831156 -0.0581371975 0.00400000006
v 0.0645831156 -0.0581371975 0.00899999976
v 0.0646883106 -0.0579166555 0
v 0.0646883106 -0.0579166555 0.00100000001
v 0.0646883106 -0.0579166555 0.00400000006
v 0.0646883106 -0.0579166555 0.00899999976
v 0.0646883106 -0.0460833454 0
v 0.0646883106 -0.0460833454 0.00100000001
v 0.0646883106 -0.0460833454 0.00400000006
v 0.0646883106 -0.0460833454 0.00899999976
v 0.0645831156 -0.0458628035 0
v 0.0645831156 -0.0458628035 0.00100000001
v 0.0645831156 -0.0458628035 0.00400000006
v 0.0645831156 -0.0458628035 0.00899999976
v 0.0646414852 -0.00229620665 0.00400000006
v 0.0645176888 -0.00243130431 0.04
v 0.0647200108 -0.0022026214 0.00400000006
v 0.0646811533 -0.0022497566 0.04
v 0.0646811533 0.0022497566 0.00400000006
v 0.0647200108 0.0022026214 0.04
v 0.0645176888 0.00243130431 0.00400000006
v 0.0646414852 0.00229620665 0.04
v 0.0645831156 0.0458628035 0
v 0.0645831156 0.0458628035 0.00100000001
v 0.0645831156 0.0458628035 0.00400000006
v 0.0645831156 0.0458628035 0.00899999976
v 0.0646883106 0.0460833454 0
v 0.0646883106 0.0460833454 0.00100000001
v 0.0646883106 0.0460833454 0.00400000006
v 0.0646883106 0.0460833454 0.00899999976
v 0.0646883106 0.0579166555 0
v 0.0646883106 0.0579166555 0.00100000001
v 0.0646883106 0.0579166555 0.00400000006
v 0.0646883106 0.0579166555 0.00899999976
v 0.0645831156 0.0581371975 0
v 0.0645831156 0.0581371975 0.00100000001
v 0.0645831156 0.0581371975 0.00400000006
v 0.0645831156 0.0581371975 0.00899999976
v 0.0647896385 -0.0576943111 0
v 0.0647896385 -0.0576943111 0.00100000001
v 0.0647896385 -0.0576943111 0.00400000006
v 0.0647896385 -0.0576943111 0.00899999976
v 0.0648870659 -0.0574702358 0
v 0.0648870659 -0.0574702358 0.00100000001
v 0.0648870659 -0.0574702358 0.00400000006
v 0.0648870659 -0.0574702358 0.00899999976
v 0.0649805737 -0.0572444916 0
v 0.0649805737 -0.0572444916 0.00100000001
v 0.0649805737 -0.0572444916 0.00400000006
v 0.0649805737 -0.0572444916 0.00899999976
v 0.0649805737 -0.0467555094 0
v 0.0649805737 -0.0467555094 0.00100000001
v 0.0649805737 -0.0467555094 0.00400000006
v 0.0649805737 -0.0467555094 0.00899999976
v 0.0648870659 -0.0465297651 0
v 0.0648870659 -0.0465297651 0.00100000001
v 0.0648870659 -0.0465297651 0.00400000006
v 0.0648870659 -0.0465297651 0.00899999976
v 0.0647896385 -0.046305685 0
v 0.0647896385 -0.046305685 0.00100000001
v 0.0647896385 -0.046305685 0.00400000006
v 0.0647896385 -0.046305685 0.00899999976
v 0.064867034 -0.00200751752 0.00400000006
v 0.0647580385 -0.0021548152 0.04
v 0.0649681664 -0.00185471743 0.00400000006
v 0.0649016333 -0.00195717514 0.04
v 0.0649016333 0.00195717514 0.00400000006
v 0.0649681664 0.00185471743 0.04
v 0.0647580385 0.0021548152 0.00400000006
v 0.064867034 0.00200751752 0.04
v 0.0647896385 0.046305685 0
v 0.0647896385 0.046305685 0.00100000001
v 0.0647896385 0.046305685 0.00400000006
v 0.0647896385 0.046305685 0.00899999976
v 0.0648870659 0.0465297651 0
v 0.0648870659 0.0465297651 0.00100000001
v 0.0648870659 0.0465297651 0.00400000006
v 0.0648870659 0.0465297651 0.00899999976
v 0.0649805737 0.0467555094 0
v 0.0649805737 0.0467555094 0.00100000001
v 0.0649805737 0.0467555094 0.00400000006
v 0.0649805737 0.0467555094 0.00899999976
v 0.0649805737 0.0572444916 0
v 0.0649805737 0.0572444916 0.00100000001
v 0.0649805737 0.0572444916 0.00400000006
v 0.0649805737 0.0572444916 0.00899999976
v 0.0648870659 0.0574702358 0
v 0.0648870659 0.0574702358 0.00100000001
v 0.0648870659 0.0574702358 0.00400000006
v 0.0648870659 0.0574702358 0.00899999976
v 0.0647896385 0.0576943111 0
v 0.0647896385 0.0576943111 0.00100000001
v 0.0647896385 0.0576943111 0.00400000006
v 0.0647896385 0.0576943111 0.00899999976
v 0.0650701237 -0.0570171499 0
v 0.0650701237 -0.0570171499 0.00100000001
v 0.0650701237 -0.0570171499 0.00400000006
v 0.0650701237 -0.0570171499 0.00899999976
v 0.0651556969 -0.0567882824 0
v 0.0651556969 -0.0567882824 0.00100000001
v 0.0651556969 -0.0567882824 0.00400000006
v 0.0651556969 -0.0567882824 0.00899999976
v 0.0652372599 -0.0565579557 0
v 0.0652372599 -0.0565579557 0.00100000001
v 0.0652372599 -0.0565579557 0.00400000006
v 0.0652372599 -0.0565579557 0.00899999976
v 0.0652372599 -0.0474420452 0
v 0.0652372599 -0.0474420452 0.00100000001
v 0.0652372599 -0.0474420452 0.00400000006
v 0.0652372599 -0.0474420452 0.00899999976
v 0.0651556969 -0.0472117186 0
v 0.0651556969 -0.0472117186 0.00100000001
v 0.0651556969 -0.0472117186 0.00400000006
v 0.0651556969 -0.0472117186 0.00899999976
v 0.0650701237 -0.046982851 0
v 0.0650701237 -0.046982851 0.00100000001
v 0.0650701237 -0.046982851 0.00400000006
v 0.0650701237 -0.046982851 0.00899999976
v 0.0650000858 -0.00180263326 0.00400000006
v 0.0650000858 -0.00180263326 0.04
v 0.0651457787 -0.00153429896 0.00400000006
v 0.0650310898 -0.00174999997 0.04
v 0.065245142 -0.00131112307 0.00400000006
v 0.0651720762 -0.00147916391 0.04
v 0.0651720762 0.00147916391 0.00400000006
v 0.065245142 0.00131112307 0.04
v 0.0650310898 0.00174999997 0.00400000006
v 0.0651457787 0.00153429896 0.04
v 0.0650000858 0.00180263326 0.00400000006
v 0.0650000858 0.00180263326 0.04
v 0.0650701237 0.046982851 0
v 0.0650701237 0.046982851 0.00100000001
v 0.0650701237 0.046982851 0.00400000006
v 0.0650701237 0.046982851 0.00899999976
v 0.0651556969 0.0472117186 0
v 0.0651556969 0.0472117186 0.00100000001
v 0.0651556969 0.0472117186 0.00400000006
v 0.0651556969 0.0472117186 0.00899999976
v 0.0652372599 0.0474420452 0
v 0.0652372599 0.0474420452 0.00100000001
v 0.0652372599 0.0474420452 0.00400000006
v 0.0652372599 0.0474420452 0.00899999976
v 0.0652372599 0.0565579557 0
v 0.0652372599 0.0565579557 0.00100000001
v 0.0652372599 0.0565579557 0.00400000006
v 0.0652372599 0.0565579557 0.00899999976
v 0.0651556969 0.0567882824 0
v 0.0651556969 0.0567882824 0.00100000001
v 0.0651556969 0.0567882824 0.00400000006
v 0.0651556969 0.0567882824 0.00899999976
v 0.0650701237 0.0570171499 0
v 0.0650701237 0.0570171499 0.00100000001
v 0.0650701237 0.0570171499 0.00400000006
v 0.0650701237 0.0570171499 0.00899999976
v 0.0653147936 -0.0563262367 0
v 0.0653147936 -0.0563262367 0.00100000001
v 0.0653147936 -0.0563262367 0.00400000006
v 0.0653147936 -0.0563262367 0.00899999976
v 0.0653882647 -0.0560932016 0
v 0.0653882647 -0.0560932016 0.00100000001
v 0.0653882647 -0.0560932016 0.00400000006
v 0.0653882647 -0.0560932016 0.00899999976
v 0.0654576635 -0.055858922 0
v 0.0654576635 -0.055858922 0.00100000001
v 0.0654576635 -0.055858922 0.00400000006
v 0.0654576635 -0.055858922 0.00899999976
v 0.0654576635 -0.0481410789 0
v 0.0654576635 -0.0481410789 0.00100000001
v 0.0654576635 -0.0481410789 0.00400000006
v 0.0654576635 -0.0481410789 0.00899999976
v 0.0653882647 -0.0479067945 0
v 0.0653882647 -0.0479067945 0.00100000001
v 0.0653882647 -0.0479067945 0.00400000006
v 0.0653882647 -0.0479067945 0.00899999976
v 0.0653147936 -0.0476737642 0
v 0.0653147936 -0.0476737642 0.00100000001
v 0.0653147936 -0.0476737642 0.00400000006
v 0.0653147936 -0.0476737642 0.00899999976
v 0.0652675295 -0.00125428781 0.00400000006
v 0.0652675295 -0.00125428781 0.04
v 0.0653470659 -0.00102330096 0.00400000006
v 0.0652889252 -0.00119707048 0.04
v 0.0654102945 -0.000787328705 0.00400000006
v 0.065364418 -0.000964730754 0.04
v 0.0654569101 -0.00054752063 0.00400000006
v 0.0654235172 -0.000727690905 0.04
v 0.0654866791 -0.000305045098 0.00400000006
v 0.0654659367 -0.000487105846 0.04
v 0.0654994678 -6.1083422e-05 0.00400000006
v 0.0654914761 -0.000244147666 0.04
v 0.0654914761 0.000244147666 0.00400000006
v 0.0654994678 6.1083422e-05 0.04
v 0.0654659367 0.000487105846 0.00400000006
v 0.0654866791 0.000305045098 0.04
v 0.0654235172 0.000727690905 0.00400000006
v 0.0654569101 0.00054752063 0.04
v 0.065364418 0.000964730754 0.00400000006
v 0.0654102945 0.000787328705 0.04
v 0.0652889252 0.00119707048 0.00400000006
v 0.0653470659 0.00102330096 0.04
v 0.0652675295 0.00125428781 0.00400000006
v 0.0652675295 0.00125428781 0.04
v 0.0653147936 0.0476737642 0
v 0.0653147936 0.0476737642 0.00100000001
v 0.0653147936 0.0476737642 0.00400000006
v 0.0653147936 0.0476737642 0.00899999976
v 0.0653882647 0.0479067945 0
v 0.0653882647 0.0479067945 0.00100000001
v 0.0653882647 0.0479067945 0.00400000006
v 0.0653882647 0.0479067945 0.00899999976
v 0.0654576635 0.0481410789 0
v 0.0654576635 0.0481410789 0.00100000001
v 0.0654576635 0.0481410789 0.00400000006
v 0.0654576635 0.0481410789 0.00899999976
v 0.0654576635 0.055858922 0
v 0.0654576635 0.055858922 0.00100000001
v 0.0654576635 0.055858922 0.00400000006
v 0.0654576635 0.055858922 0.00899999976
v 0.0653882647 0.0560932016 0
v 0.0653882647 0.0560932016 0.00100000001
v 0.0653882647 0.0560932016 0.00400000006
v 0.0653882647 0.0560932016 0.00899999976
v 0.0653147936 0.0563262367 0
v 0.0653147936 0.0563262367 0.00100000001
v 0.0653147936 0.0563262367 0.00400000006
v 0.0653147936 0.0563262367 0.00899999976
v 0.0655229616 -0.0556234646 0
v 0.0655229616 -0.0556234646 0.00100000001
v 0.0655229616 -0.0556234646 0.00400000006
v 0.0655229616 -0.0556234646 0.00899999976
v 0.0655841398 -0.0553869057 0
v 0.0655841398 -0.0553869057 0.00100000001
v 0.0655841398 -0.0553869057 0.00400000006
v 0.0655841398 -0.0553869057 0.00899999976
v 0.0656411791 -0.0551493168 0
v 0.0656411791 -0.0551493168 0.00100000001
v 0.0656411791 -0.0551493168 0.00400000006
v 0.0656411791 -0.0551493168 0.00899999976
v 0.0656940651 -0.0549107647 0
v 0.0656940651 -0.0549107647 0.00100000001
v 0.0656940651 -0.0549107647 0.00400000006
v 0.0656940651 -0.0549107647 0.00899999976
v 0.0657427788 -0.0546713257 0
v 0.0657427788 -0.0546713257 0.00100000001
v 0.0657427788 -0.0546713257 0.00400000006
v 0.0657427788 -0.0546713257 0.00899999976
v 0.0657427788 -0.0493286753 0
v 0.0657427788 -0.0493286753 0.00100000001
v 0.0657427788 -0.0493286753 0.00400000006
v 0.0657427788 -0.0493286753 0.00899999976
v 0.0656940651 -0.0490892363 0
v 0.0656940651 -0.0490892363 0.00100000001
v 0.0656940651 -0.0490892363 0.00400000006
v 0.0656940651 -0.0490892363 0.00899999976
v 0.0656411791 -0.0488506842 0
v 0.0656411791 -0.0488506842 0.00100000001
v 0.0656411791 -0.0488506842 0.00400000006
v 0.0656411791 -0.0488506842 0.00899999976
v 0.0655841398 -0.0486130953 0
v 0.0655841398 -0.0486130953 0.00100000001
v 0.0655841398 -0.0486130953 0.00400000006
v 0.0655841398 -0.0486130953 0.00899999976
v 0.0655229616 -0.0483765316 0
v 0.0655229616 -0.0483765316 0.00100000001
v 0.0655229616 -0.0483765316 0.00400000006
v 0.0655229616 -0.0483765316 0.00899999976
v 0.0655000019 0 0.00400000006
v 0.0655000019 0 0.04
v 0.0655229616 0.0483765316 0
v 0.0655229616 0.0483765316 0.00100000001
v 0.0655229616 0.0483765316 0.00400000006
v 0.0655229616 0.0483765316 0.00899999976
v 0.0655841398 0.0486130953 0
v 0.0655841398 0.0486130953 0.00100000001
v 0.0655841398 0.0486130953 0.00400000006
v 0.0655841398 0.0486130953 0.00899999976
v 0.0656411791 0.0488506842 0
v 0.0656411791 0.0488506842 0.00100000001
v 0.0656411791 0.0488506842 0.00400000006
v 0.0656411791 0.0488506842 0.00899999976
v 0.0656940651 0.0490892363 0
v 0.0656940651 0.0490892363 0.00100000001
v 0.0656940651 0.0490892363 0.00400000006
v 0.0656940651 0.0490892363 0.00899999976
v 0.0657427788 0.0493286753 0
v 0.0657427788 0.0493286753 0.00100000001
v 0.0657427788 0.0493286753 0.00400000006
v 0.0657427788 0.0493286753 0.00899999976
v 0.0657427788 0.0546713257 0
v 0.0657427788 0.0546713257 0.00100000001
v 0.0657427788 0.0546713257 0.00400000006
v 0.0657427788 0.0546713257 0.00899999976
v 0.0656940651 0.0549107647 0
v 0.0656940651 0.0549107647 0.00100000001
v 0.0656940651 0.0549107647 0.00400000006
v 0.0656940651 0.0549107647 0.00899999976
v 0.0656411791 0.0551493168 0
v 0.0656411791 0.0551493168 0.00100000001
v 0.0656411791 0.0551493168 0.00400000006
v 0.0656411791 0.0551493168 0.00899999976
v 0.0655841398 0.0553869057 0
v 0.0655841398 0.0553869057 0.00100000001
v 0.0655841398 0.0553869057 0.00400000006
v 0.0655841398 0.0553869057 0.00899999976
v 0.0655229616 0.0556234646 0
v 0.0655229616 0.0556234646 0.00100000001
v 0.0655229616 0.0556234646 0.00400000006
v 0.0655229616 0.0556234646 0.00899999976
v 0.0657873106 -0.054431076 0
v 0.0657873106 -0.054431076 0.00100000001
v 0.0657873106 -0.054431076 0.00400000006
v 0.0657873106 -0.054431076 0.00899999976
v 0.0658276367 -0.0541900826 0
v 0.0658276367 -0.0541900826 0.00100000001
v 0.0658276367 -0.0541900826 0.00400000006
v 0.0658276367 -0.0541900826 0.00899999976
v 0.0658637524 -0.0539484215 0
v 0.0658637524 -0.0539484215 0.00100000001
v 0.0658637524 -0.0539484215 0.00400000006
v 0.0658637524 -0.0539484215 0.00899999976
v 0.065895648 -0.0537061691 0
v 0.065895648 -0.0537061691 0.00100000001
v 0.065895648 -0.0537061691 0.00400000006
v 0.065895648 -0.0537061691 0.00899999976
v 0.0659233046 -0.053463397 0
v 0.0659233046 -0.053463397 0.00100000001
v 0.0659233046 -0.053463397 0.00400000006
v 0.0659233046 -0.053463397 0.00899999976
v 0.0659467268 -0.0532201815 0
v 0.0659467268 -0.0532201815 0.00100000001
v 0.0659467268 -0.0532201815 0.00400000006
v 0.0659467268 -0.0532201815 0.00899999976
v 0.0659658957 -0.0529765892 0
v 0.0659658957 -0.0529765892 0.00100000001
v 0.0659658957 -0.0529765892 0.00400000006
v 0.0659658957 -0.0529765892 0.00899999976
v 0.0659808111 -0.0527327013 0
v 0.0659808111 -0.0527327013 0.00100000001
v 0.0659808111 -0.0527327013 0.00400000006
v 0.0659808111 -0.0527327013 0.00899999976
v 0.0659914732 -0.0524885941 0
v 0.0659914732 -0.0524885941 0.00100000001
v 0.0659914732 -0.0524885941 0.00400000006
v 0.0659914732 -0.0524885941 0.00899999976
v 0.0659978676 -0.0522443342 0
v 0.0659978676 -0.0522443342 0.00100000001
v 0.0659978676 -0.0522443342 0.00400000006
v 0.0659978676 -0.0522443342 0.00899999976
v 0.065999999 -0.0519999981 0
v 0.0659978676 -0.0517556667 0.00100000001
v 0.065999999 -0.0519999981 0.00400000006
v 0.065999999 -0.0519999981 0.00899999976
v 0.0659914732 -0.0515114069 0
v 0.0659914732 -0.0515114069 0.00100000001
v 0.0659914732 -0.0515114069 0.00400000006
v 0.0659914732 -0.0515114069 0.00899999976
v 0.0659808111 -0.0512672949 0
v 0.0659808111 -0.0512672949 0.00100000001
v 0.0659808111 -0.0512672949 0.00400000006
v 0.0659808111 -0.0512672949 0.00899999976
v 0.0659658957 -0.0510234118 0
v 0.0659658957 -0.0510234118 0.00100000001
v 0.0659658957 -0.0510234118 0.00400000006
v 0.0659658957 -0.0510234118 0.00899999976
v 0.0659467268 -0.0507798195 0
v 0.0659467268 -0.0507798195 0.00100000001
v 0.0659467268 -0.0507798195 0.00400000006
v 0.0659467268 -0.0507798195 0.00899999976
v 0.0659233046 -0.0505365992 0
v 0.0659233046 -0.0505365992 0.00100000001
v 0.0659233046 -0.0505365992 0.00400000006
v 0.0659233046 -0.0505365992 0.00899999976
v 0.065895648 -0.0502938271 0
v 0.065895648 -0.0502938271 0.00100000001
v 0.065895648 -0.0502938271 0.00400000006
v 0.065895648 -0.0502938271 0.00899999976
v 0.0658637524 -0.0500515747 0
v 0.0658637524 -0.0500515747 0.00100000001
v 0.0658637524 -0.0500515747 0.00400000006
v 0.0658637524 -0.0500515747 0.00899999976
v 0.0658276367 -0.0498099184 0
v 0.0658276367 -0.0498099184 0.00100000001
v 0.0658276367 -0.0498099184 0.00400000006
v 0.0658276367 -0.0498099184 0.00899999976
v 0.0657873106 -0.0495689249 0
v 0.0657873106 -0.0495689249 0.00100000001
v 0.0657873106 -0.0495689249 0.00400000006
v 0.0657873106 -0.0495689249 0.00899999976
v 0.0657873106 0.0495689249 0
v 0.0657873106 0.0495689249 0.00100000001
v 0.0657873106 0.0495689249 0.00400000006
v 0.0657873106 0.0495689249 0.00899999976
v 0.0658276367 0.0498099184 0
v 0.0658276367 0.0498099184 0.00100000001
v 0.0658276367 0.0498099184 0.00400000006
v 0.0658276367 0.0498099184 0.00899999976
v 0.0658637524 0.0500515747 0
v 0.0658637524 0.0500515747 0.00100000001
v 0.0658637524 0.0500515747 0.00400000006
v 0.0658637524 0.0500515747 0.00899999976
v 0.065895648 0.0502938271 0
v 0.065895648 0.0502938271 0.00100000001
v 0.065895648 0.0502938271 0.00400000006
v 0.065895648 0.0502938271 0.00899999976
v 0.0659233046 0.0505365992 0
v 0.0659233046 0.0505365992 0.00100000001
v 0.0659233046 0.0505365992 0.00400000006
v 0.0659233046 0.0505365992 0.00899999976
v 0.0659467268 0.0507798195 0
v 0.0659467268 0.0507798195 0.00100000001
v 0.0659467268 0.0507798195 0.00400000006
v 0.0659467268 0.0507798195 0.00899999976
v 0.0659658957 0.0510234118 0
v 0.0659658957 0.0510234118 0.00100000001
v 0.0659658957 0.0510234118 0.00400000006
v 0.0659658957 0.0510234118 0.00899999976
v 0.0659808111 0.0512672949 0
v 0.0659808111 0.0512672949 0.00100000001
v 0.0659808111 0.0512672949 0.00400000006
v 0.0659808111 0.0512672949 0.00899999976
v 0.0659914732 0.0515114069 0
v 0.0659914732 0.0515114069 0.00100000001
v 0.0659914732 0.0515114069 0.00400000006
v 0.0659914732 0.0515114069 0.00899999976
v 0.065999999 0.0519999981 0
v 0.0659978676 0.0517556667 0.00100000001
v 0.0659978676 0.0517556667 0.00400000006
v 0.0659978676 0.0517556667 0.00899999976
v 0.0659978676 0.0522443342 0
v 0.0659978676 0.0522443342 0.00100000001
v 0.0659978676 0.0522443342 0.00400000006
v 0.0659978676 0.0522443342 0.00899999976
v 0.0659914732 0.0524885941 0
v 0.0659914732 0.0524885941 0.00100000001
v 0.0659914732 0.0524885941 0.00400000006
v 0.0659914732 0.0524885941 0.00899999976
v 0.0659808111 0.0527327013 0
v 0.0659808111 0.0527327013 0.00100000001
v 0.0659808111 0.0527327013 0.00400000006
v 0.0659808111 0.0527327013 0.00899999976
v 0.0659658957 0.0529765892 0
v 0.0659658957 0.0529765892 0.00100000001
v 0.0659658957 0.0529765892 0.00400000006
v 0.0659658957 0.0529765892 0.00899999976
v 0.0659467268 0.0532201815 0
v 0.0659467268 0.0532201815 0.00100000001
v 0.0659467268 0.0532201815 0.00400000006
v 0.0659467268 0.0532201815 0.00899999976
v 0.0659233046 0.053463397 0
v 0.0659233046 0.053463397 0.00100000001
v 0.0659233046 0.053463397 0.00400000006
v 0.0659233046 0.053463397 0.00899999976
v 0.065895648 0.0537061691 0
v 0.065895648 0.0537061691 0.00100000001
v 0.065895648 0.0537061691 0.00400000006
v 0.065895648 0.0537061691 0.00899999976
v 0.0658637524 0.0539484215 0
v 0.0658637524 0.0539484215 0.00100000001
v 0.0658637524 0.0539484215 0.00400000006
v 0.0658637524 0.0539484215 0.00899999976
v 0.0658276367 0.0541900826 0
v 0.0658276367 0.0541900826 0.00100000001
v 0.0658276367 0.0541900826 0.00400000006
v 0.0658276367 0.0541900826 0.00899999976
v 0.0657873106 0.054431076 0
v 0.0657873106 0.054431076 0.00100000001
v 0.0657873106 0.054431076 0.00400000006
v 0.0657873106 0.054431076 0.00899999976
v 0.069000001 -0.0576274157 0.00400000006
v 0.069000001 -0.0576274157 0.00699999988
v 0.069000001 0.0576274157 0.00400000006
v 0.069000001 0.0576274157 0.00699999988
v 0.0719999981 -0.0546274185 0.00100000001
v 0.0719999981 -0.0546274185 0.00699999988
v 0.0719999981 0.0546274185 0.00100000001
v 0.0719999981 0.0546274185 0.00699999988
f 1 2 3
f 1 5 2
f 633 1 3
f 1 1605 5
f 14 10 1
f 1 10 186
f 1 18 14
f 1 22 18
f 26 22 1
f 1 30 26
f 1 34 30
f 38 34 1
f 1 42 38
f 1 46 42
f 50 46 1
f 1 54 50
f 58 54 1
f 1 62 58
f 1 66 62
f 70 66 1
f 1 74 70
f 1 78 74
f 82 78 1
f 1 86 82
f 1 190 86
f 1 174 170
f 170 260 1
f 1 178 174
f 182 178 1
f 1 186 182
f 194 190 1
f 1 198 194
f 1 202 198
f 206 202 1
f 1 264 206
f 1 256 252
f 252 332 1
f 1 260 256
f 1 268 264
f 272 268 1
f 1 336 272
f 1 328 324
f 324 392 1
f 1 332 328
f 1 340 336
f 344 340 1
f 1 396 344
f 1 388 384
f 384 444 1
f 1 392 388
f 1 400 396
f 404 400 1
f 1 448 404
f 1 444 440
f 1 440 484
f 1 452 448
f 488 452 1
f 484 480 1
f 1 480 524
f 1 492 488
f 1 528 492
f 1 524 520
f 1 520 560
f 532 528 1
f 1 671 532
f 1 560 588
f 588 584 1
f 1 584 620
f 620 656 1
f 1 633 631
f 1 631 673
f 1 656 652
f 1 652 700
f 673 671 1
f 700 732 1
f 1 732 728
f 1 728 800
f 800 876 1
f 1 876 932
f 1 932 1921
f 1921 1605 1
f 3 2 4
f 2 6 4
f 2 5 6
f 7 3 4
f 7 1947 3
f 3 94 90
f 3 90 228
f 98 94 3
f 3 102 98
f 3 106 102
f 110 106 3
f 3 114 110
f 3 118 114
f 122 118 3
f 3 126 122
f 130 126 3
f 3 134 130
f 3 138 134
f 142 138 3
f 3 146 142
f 3 150 146
f 154 150 3
f 3 158 154
f 3 162 158
f 166 162 3
f 3 232 166
f 216 212 3
f 3 212 308
f 3 220 216
f 3 224 220
f 228 224 3
f 3 236 232
f 240 236 3
f 3 244 240
f 3 248 244
f 312 248 3
f 304 300 3
f 3 300 368
f 3 308 304
f 3 316 312
f 3 320 316
f 372 320 3
f 364 360 3
f 3 360 424
f 3 368 364
f 3 376 372
f 3 380 376
f 428 380 3
f 420 416 3
f 3 416 468
f 3 424 420
f 3 432 428
f 3 436 432
f 472 436 3
f 3 468 464
f 464 508 3
f 3 476 472
f 3 512 476
f 3 508 504
f 3 504 548
f 516 512 3
f 3 552 516
f 3 548 544
f 677 3 544
f 3 556 552
f 3 580 556
f 3 612 580
f 616 612 3
f 3 648 616
f 633 3 635
f 635 3 637
f 637 3 675
f 692 648 3
f 675 3 677
f 3 696 692
f 3 724 696
f 792 724 3
f 3 796 792
f 3 872 796
f 928 872 3
f 3 976 928
f 1947 976 3
f 4 6 8
f 4 8 7
f 6 5 8
f 8 5 7
f 5 135 7
f 15 5 11
f 11 5 187
f 19 5 15
f 23 5 19
f 27 5 23
f 31 5 27
f 35 5 31
f 39 5 35
f 43 5 39
f 47 5 43
f 51 5 47
f 55 5 51
f 59 5 55
f 63 5 59
f 67 5 63
f 71 5 67
f 75 5 71
f 79 5 75
f 83 5 79
f 87 5 83
f 191 5 87
f 91 95 5
f 5 229 91
f 5 95 99
f 5 99 103
f 103 107 5
f 5 107 111
f 5 111 115
f 115 119 5
f 5 119 123
f 5 123 127
f 5 127 131
f 5 131 135
f 175 5 171
f 171 5 261
f 179 5 175
f 183 5 179
f 187 5 183
f 195 5 191
f 199 5 195
f 203 5 199
f 207 5 203
f 265 5 207
f 285 209 5
f 5 209 287
f 5 213 217
f 309 213 5
f 5 217 221
f 221 225 5
f 5 225 229
f 257 5 253
f 253 5 333
f 261 5 257
f 269 5 265
f 273 5 269
f 337 5 273
f 275 277 5
f 5 351 275
f 5 277 279
f 5 279 281
f 281 283 5
f 5 283 285
f 5 287 685
f 5 301 305
f 369 301 5
f 5 305 309
f 329 5 325
f 325 5 393
f 333 5 329
f 341 5 337
f 2402 5 341
f 5 347 349
f 5 409 347
f 5 349 351
f 5 361 365
f 425 361 5
f 5 365 369
f 389 5 385
f 385 5 445
f 393 5 389
f 5 407 409
f 457 407 5
f 5 417 421
f 469 417 5
f 5 421 425
f 445 5 441
f 441 5 485
f 5 455 457
f 497 455 5
f 5 465 469
f 5 509 465
f 485 5 481
f 481 5 525
f 5 495 497
f 5 537 495
f 505 509 5
f 5 549 505
f 525 5 521
f 5 561 521
f 5 535 537
f 5 569 535
f 545 549 5
f 5 577 545
f 5 589 561
f 5 567 569
f 599 567 5
f 5 609 577
f 1605 589 5
f 5 629 599
f 605 609 5
f 5 645 605
f 627 629 5
f 5 667 627
f 689 645 5
f 5 707 667
f 5 685 689
f 759 707 5
f 5 831 759
f 5 899 831
f 951 899 5
f 2402 951 5
f 7 135 139
f 7 139 143
f 143 147 7
f 7 147 151
f 7 151 155
f 155 159 7
f 7 159 163
f 7 163 167
f 167 233 7
f 7 233 237
f 7 237 241
f 241 245 7
f 7 245 249
f 7 249 313
f 313 317 7
f 7 317 321
f 7 321 373
f 373 377 7
f 7 377 381
f 7 381 429
f 429 433 7
f 7 433 437
f 7 437 473
f 473 477 7
f 7 477 513
f 7 513 517
f 517 553 7
f 7 553 557
f 557 581 7
f 7 581 613
f 7 613 617
f 617 649 7
f 7 649 693
f 693 697 7
f 7 697 725
f 7 725 793
f 793 797 7
f 7 797 873
f 7 873 929
f 7 929 977
f 7 977 1021
f 7 1021 1061
f 7 1061 1105
f 1105 1157 7
f 7 1157 1161
f 7 1161 1209
f 1209 1237 7
f 7 1237 1277
f 1277 1317 7
f 7 1317 1357
f 7 1357 1631
f 1631 1947 7
f 10 13 9
f 10 9 186
f 13 809 9
f 186 9 185
f 9 807 185
f 9 809 807
f 14 13 10
f 12 15 11
f 12 11 188
f 188 11 187
f 16 15 12
f 12 810 16
f 188 808 12
f 12 808 810
f 14 17 13
f 17 811 13
f 13 811 809
f 18 17 14
f 16 19 15
f 20 19 16
f 16 812 20
f 16 810 812
f 18 21 17
f 21 811 17
f 22 21 18
f 20 23 19
f 24 23 20
f 20 812 24
f 22 25 21
f 25 813 21
f 21 813 811
f 26 25 22
f 24 27 23
f 28 27 24
f 24 814 28
f 24 812 814
f 26 29 25
f 29 735 25
f 25 735 813
f 30 29 26
f 28 31 27
f 32 31 28
f 28 736 32
f 28 814 736
f 30 33 29
f 33 737 29
f 29 737 735
f 34 33 30
f 32 35 31
f 36 35 32
f 32 738 36
f 32 736 738
f 34 37 33
f 37 737 33
f 38 37 34
f 36 39 35
f 40 39 36
f 36 738 40
f 38 41 37
f 41 739 37
f 37 739 737
f 42 41 38
f 40 43 39
f 44 43 40
f 40 740 44
f 40 738 740
f 42 45 41
f 45 741 41
f 41 741 739
f 46 45 42
f 44 47 43
f 48 47 44
f 44 742 48
f 44 740 742
f 46 49 45
f 49 743 45
f 45 743 741
f 50 49 46
f 48 51 47
f 52 51 48
f 48 744 52
f 48 742 744
f 50 53 49
f 53 745 49
f 49 745 743
f 54 53 50
f 52 55 51
f 56 55 52
f 52 746 56
f 52 744 746
f 54 57 53
f 57 747 53
f 53 747 745
f 58 57 54
f 56 59 55
f 60 59 56
f 56 748 60
f 56 746 748
f 58 61 57
f 61 747 57
f 62 61 58
f 60 63 59
f 64 63 60
f 60 748 64
f 62 65 61
f 65 749 61
f 61 749 747
f 66 65 62
f 64 67 63
f 68 67 64
f 64 2104 68
f 64 748 750
f 64 750 816
f 816 818 64
f 64 818 820
f 820 822 64
f 64 822 824
f 824 826 64
f 64 826 888
f 888 890 64
f 64 890 892
f 64 892 894
f 894 942 64
f 64 942 944
f 64 944 946
f 64 946 988
f 64 988 990
f 64 990 1032
f 64 1032 1034
f 64 1034 1072
f 64 1072 1074
f 64 1074 1118
f 1118 1172 64
f 64 1172 1174
f 1174 1218 64
f 64 1218 1248
f 1248 1250 64
f 64 1250 1288
f 64 1288 1290
f 1290 1328 64
f 64 1328 1330
f 64 1330 1368
f 64 1368 2104
f 66 69 65
f 69 815 65
f 65 815 749
f 70 69 66
f 68 71 67
f 72 71 68
f 68 2080 72
f 68 2104 2080
f 70 73 69
f 73 817 69
f 69 817 815
f 74 73 70
f 72 75 71
f 76 75 72
f 72 2056 76
f 72 2080 2056
f 74 77 73
f 77 817 73
f 78 77 74
f 76 79 75
f 80 79 76
f 76 2032 80
f 76 2056 2032
f 78 81 77
f 81 819 77
f 77 819 817
f 82 81 78
f 80 83 79
f 84 83 80
f 80 2008 84
f 80 2032 2008
f 82 85 81
f 85 821 81
f 81 821 819
f 86 85 82
f 84 87 83
f 88 87 84
f 84 1984 88
f 84 2008 1984
f 86 189 85
f 189 823 85
f 85 823 821
f 190 189 86
f 88 191 87
f 192 191 88
f 88 1960 192
f 88 1984 1960
f 90 93 89
f 90 89 228
f 1389 89 93
f 228 89 227
f 227 89 1389
f 94 93 90
f 92 95 91
f 92 91 230
f 230 91 229
f 96 95 92
f 92 852 96
f 230 850 92
f 92 850 852
f 94 97 93
f 1389 93 97
f 98 97 94
f 96 99 95
f 100 99 96
f 96 854 100
f 96 852 854
f 98 101 97
f 97 101 1389
f 102 101 98
f 100 103 99
f 104 103 100
f 100 856 104
f 100 854 856
f 102 105 101
f 1389 101 105
f 106 105 102
f 104 107 103
f 108 107 104
f 104 856 108
f 106 109 105
f 1389 105 109
f 110 109 106
f 108 111 107
f 112 111 108
f 108 858 112
f 108 856 858
f 110 113 109
f 109 113 1389
f 114 113 110
f 112 115 111
f 116 115 112
f 112 776 116
f 112 858 776
f 114 117 113
f 117 777 113
f 113 777 775
f 113 775 857
f 849 847 113
f 113 847 917
f 113 851 849
f 853 851 113
f 113 855 853
f 857 855 113
f 113 913 911
f 911 967 113
f 113 915 913
f 917 915 113
f 113 965 963
f 113 963 1013
f 113 967 965
f 113 1013 1011
f 113 1011 1053
f 113 1053 1051
f 113 1051 1097
f 113 1097 1095
f 113 1095 1151
f 1151 1201 113
f 113 1201 1199
f 1199 1231 113
f 113 1231 1269
f 1269 1267 113
f 113 1267 1309
f 113 1309 1307
f 1307 1349 113
f 113 1349 1347
f 113 1347 1389
f 118 117 114
f 116 119 115
f 120 119 116
f 116 778 120
f 116 776 778
f 118 121 117
f 121 777 117
f 122 121 118
f 120 123 119
f 124 123 120
f 120 778 124
f 122 125 121
f 125 779 121
f 121 779 777
f 126 125 122
f 124 127 123
f 128 127 124
f 124 780 128
f 124 778 780
f 126 129 125
f 129 781 125
f 125 781 779
f 130 129 126
f 128 131 127
f 132 131 128
f 128 782 132
f 128 780 782
f 130 133 129
f 133 783 129
f 129 783 781
f 134 133 130
f 132 135 131
f 136 135 132
f 132 784 136
f 132 782 784
f 134 137 133
f 137 785 133
f 133 785 783
f 138 137 134
f 136 139 135
f 140 139 136
f 136 786 140
f 136 784 786
f 138 141 137
f 141 787 137
f 137 787 785
f 142 141 138
f 140 143 139
f 144 143 140
f 140 788 144
f 140 786 788
f 142 145 141
f 145 787 141
f 146 145 142
f 144 147 143
f 148 147 144
f 144 788 148
f 146 149 145
f 149 789 145
f 145 789 787
f 150 149 146
f 148 151 147
f 152 151 148
f 148 790 152
f 148 788 790
f 150 153 149
f 153 859 149
f 149 859 789
f 154 153 150
f 152 155 151
f 156 155 152
f 152 860 156
f 152 790 860
f 154 157 153
f 157 861 153
f 153 861 859
f 158 157 154
f 156 159 155
f 160 159 156
f 156 862 160
f 156 860 862
f 158 161 157
f 161 861 157
f 162 161 158
f 160 163 159
f 164 163 160
f 160 862 164
f 162 165 161
f 165 863 161
f 161 863 861
f 166 165 162
f 164 167 163
f 168 167 164
f 164 864 168
f 164 862 864
f 166 231 165
f 231 865 165
f 165 865 863
f 232 231 166
f 168 233 167
f 234 233 168
f 168 866 234
f 168 864 866
f 170 173 169
f 170 169 260
f 173 885 169
f 260 169 259
f 169 885 259
f 174 173 170
f 172 175 171
f 172 171 262
f 262 171 261
f 176 175 172
f 172 886 176
f 262 886 172
f 174 177 173
f 177 803 173
f 173 803 885
f 178 177 174
f 176 179 175
f 180 179 176
f 176 804 180
f 176 886 804
f 178 181 177
f 181 805 177
f 177 805 803
f 182 181 178
f 180 183 179
f 184 183 180
f 180 806 184
f 180 804 806
f 182 185 181
f 185 805 181
f 186 185 182
f 184 187 183
f 188 187 184
f 184 806 188
f 185 807 805
f 188 806 808
f 190 193 189
f 193 823 189
f 194 193 190
f 192 195 191
f 196 195 192
f 192 1934 196
f 192 1960 1934
f 194 197 193
f 197 825 193
f 193 825 823
f 198 197 194
f 196 199 195
f 200 199 196
f 196 1908 200
f 196 1934 1908
f 198 201 197
f 201 887 197
f 197 887 825
f 202 201 198
f 200 203 199
f 204 203 200
f 200 1884 204
f 200 1908 1884
f 202 205 201
f 205 887 201
f 206 205 202
f 204 207 203
f 208 207 204
f 204 1856 208
f 204 1884 1856
f 206 263 205
f 263 889 205
f 205 889 887
f 264 263 206
f 208 265 207
f 266 265 208
f 208 1828 266
f 208 1856 1828
f 210 209 286
f 210 287 209
f 286 209 285
f 286 634 210
f 288 287 210
f 210 636 288
f 634 636 210
f 212 215 211
f 212 211 308
f 1389 211 215
f 308 211 307
f 1389 307 211
f 216 215 212
f 214 217 213
f 214 213 310
f 310 213 309
f 218 217 214
f 214 918 218
f 310 916 214
f 214 916 918
f 216 219 215
f 215 219 1389
f 220 219 216
f 218 221 217
f 222 221 218
f 218 918 222
f 220 223 219
f 1389 219 223
f 224 223 220
f 222 225 221
f 226 225 222
f 222 848 226
f 222 918 848
f 224 227 223
f 1389 223 227
f 228 227 224
f 226 229 225
f 230 229 226
f 226 850 230
f 226 848 850
f 232 235 231
f 235 867 231
f 231 867 865
f 236 235 232
f 234 237 233
f 238 237 234
f 234 868 238
f 234 866 868
f 236 239 235
f 239 867 235
f 240 239 236
f 238 241 237
f 242 241 238
f 238 868 242
f 240 243 239
f 243 869 239
f 239 869 867
f 244 243 240
f 242 245 241
f 246 245 242
f 242 870 246
f 242 868 870
f 244 247 243
f 247 919 243
f 243 919 869
f 248 247 244
f 246 249 245
f 250 249 246
f 246 920 250
f 246 870 920
f 248 311 247
f 311 919 247
f 312 311 248
f 250 313 249
f 314 313 250
f 250 920 314
f 252 255 251
f 252 251 332
f 255 881 251
f 332 251 331
f 251 879 331
f 251 881 879
f 256 255 252
f 254 257 253
f 254 253 334
f 334 253 333
f 258 257 254
f 254 882 258
f 334 880 254
f 254 880 882
f 256 259 255
f 259 883 255
f 255 883 881
f 260 259 256
f 258 261 257
f 262 261 258
f 258 884 262
f 258 882 884
f 259 885 883
f 262 884 886
f 264 267 263
f 267 891 263
f 263 891 889
f 268 267 264
f 266 269 265
f 270 269 266
f 266 1804 270
f 266 1828 1804
f 268 271 267
f 271 893 267
f 267 893 891
f 272 271 268
f 270 273 269
f 274 273 270
f 270 1780 274
f 270 1804 1780
f 272 335 271
f 335 941 271
f 271 941 893
f 336 335 272
f 274 337 273
f 338 337 274
f 274 1756 338
f 274 1780 1756
f 276 277 275
f 276 275 352
f 352 275 351
f 278 277 276
f 276 836 278
f 352 834 276
f 276 834 836
f 278 279 277
f 280 279 278
f 278 712 280
f 278 710 712
f 762 710 278
f 278 836 762
f 280 281 279
f 282 281 280
f 280 672 282
f 670 672 280
f 280 712 670
f 282 283 281
f 284 283 282
f 282 672 284
f 284 285 283
f 286 285 284
f 284 634 286
f 632 634 284
f 284 674 632
f 284 672 674
f 288 289 287
f 909 287 289
f 685 287 721
f 721 287 773
f 773 287 769
f 769 287 845
f 845 287 909
f 290 289 288
f 288 638 290
f 288 636 638
f 290 291 289
f 1345 289 291
f 909 289 961
f 961 289 1009
f 1009 289 1049
f 1049 289 1093
f 1093 289 1149
f 1149 289 1145
f 1145 289 1197
f 1197 289 1229
f 1229 289 1265
f 1265 289 1305
f 1305 289 1345
f 292 291 290
f 290 678 292
f 638 676 290
f 290 676 678
f 292 293 291
f 1679 291 293
f 1345 291 1385
f 1385 291 1425
f 1425 291 1469
f 1469 291 1521
f 1521 291 1547
f 1547 291 1571
f 1571 291 1595
f 1595 291 1621
f 1621 291 1647
f 1647 291 1683
f 1683 291 1679
f 294 293 292
f 292 680 294
f 292 678 680
f 294 295 293
f 1963 293 295
f 1679 293 1711
f 1711 293 1735
f 1735 293 1759
f 1759 293 1783
f 1783 293 1807
f 1807 293 1831
f 1831 293 1859
f 1859 293 1887
f 1887 293 1911
f 1911 293 1937
f 1937 293 1963
f 296 295 294
f 294 716 296
f 680 714 294
f 294 714 716
f 296 297 295
f 2207 295 297
f 1963 295 1987
f 1987 295 2011
f 2011 295 2035
f 2035 295 2059
f 2059 295 2083
f 2083 295 2107
f 2107 295 2131
f 2131 295 2155
f 2155 295 2179
f 2179 295 2207
f 298 297 296
f 296 838 298
f 296 716 764
f 296 764 838
f 298 353 297
f 2207 297 353
f 354 353 298
f 298 904 354
f 298 838 840
f 298 840 904
f 300 303 299
f 300 299 368
f 1389 299 303
f 368 299 367
f 1389 367 299
f 304 303 300
f 302 305 301
f 302 301 370
f 370 301 369
f 306 305 302
f 302 912 306
f 370 968 302
f 302 968 912
f 304 307 303
f 303 307 1389
f 308 307 304
f 306 309 305
f 310 309 306
f 306 914 310
f 306 912 914
f 310 914 916
f 312 315 311
f 315 921 311
f 311 921 919
f 316 315 312
f 314 317 313
f 318 317 314
f 314 922 318
f 314 920 922
f 316 319 315
f 319 923 315
f 315 923 921
f 320 319 316
f 318 321 317
f 322 321 318
f 318 924 322
f 318 922 924
f 320 371 319
f 371 925 319
f 319 925 923
f 372 371 320
f 322 373 321
f 374 373 322
f 322 926 374
f 322 924 926
f 324 327 323
f 324 323 392
f 327 937 323
f 392 323 391
f 323 935 391
f 323 937 935
f 328 327 324
f 326 329 325
f 326 325 394
f 394 325 393
f 330 329 326
f 326 938 330
f 394 936 326
f 326 936 938
f 328 331 327
f 331 939 327
f 327 939 937
f 332 331 328
f 330 333 329
f 334 333 330
f 330 940 334
f 330 938 940
f 331 879 939
f 334 940 880
f 336 339 335
f 339 943 335
f 335 943 941
f 340 339 336
f 338 341 337
f 342 341 338
f 338 1732 342
f 338 1756 1732
f 340 343 339
f 343 945 339
f 339 945 943
f 344 343 340
f 342 345 341
f 341 345 2402
f 346 345 342
f 342 1708 346
f 342 1732 1708
f 344 395 343
f 395 945 343
f 396 395 344
f 346 397 345
f 2402 345 397
f 398 397 346
f 346 1676 398
f 346 1708 1676
f 348 349 347
f 348 347 410
f 410 347 409
f 350 349 348
f 1456 350 348
f 1418 348 410
f 1456 348 1418
f 350 351 349
f 352 351 350
f 1458 352 350
f 1458 350 1456
f 352 902 834
f 954 902 352
f 1460 954 352
f 1460 352 1458
f 354 355 353
f 2432 353 355
f 2207 353 2432
f 356 355 354
f 354 956 356
f 354 904 956
f 356 357 355
f 355 357 2432
f 358 357 356
f 356 956 358
f 358 411 357
f 2432 357 411
f 412 411 358
f 358 956 412
f 360 363 359
f 360 359 424
f 1389 359 363
f 424 359 423
f 1389 423 359
f 364 363 360
f 362 365 361
f 362 361 426
f 426 361 425
f 366 365 362
f 362 964 366
f 426 964 362
f 364 367 363
f 363 367 1389
f 368 367 364
f 366 369 365
f 370 369 366
f 366 966 370
f 366 964 966
f 370 966 968
f 372 375 371
f 375 969 371
f 371 969 925
f 376 375 372
f 374 377 373
f 378 377 374
f 374 970 378
f 374 926 970
f 376 379 375
f 379 971 375
f 375 971 969
f 380 379 376
f 378 381 377
f 382 381 378
f 378 972 382
f 378 970 972
f 380 427 379
f 427 973 379
f 379 973 971
f 428 427 380
f 382 429 381
f 430 429 382
f 382 974 430
f 382 972 974
f 384 387 383
f 384 383 444
f 387 985 383
f 444 383 443
f 383 983 443
f 383 985 983
f 388 387 384
f 386 389 385
f 386 385 446
f 446 385 445
f 390 389 386
f 386 986 390
f 446 984 386
f 386 984 986
f 388 391 387
f 391 935 387
f 387 935 985
f 392 391 388
f 390 393 389
f 394 393 390
f 390 936 394
f 390 986 936
f 396 399 395
f 399 987 395
f 395 987 945
f 400 399 396
f 398 401 397
f 2402 397 401
f 402 401 398
f 398 1672 402
f 398 1676 1672
f 400 403 399
f 403 989 399
f 399 989 987
f 404 403 400
f 402 405 401
f 401 405 2402
f 406 405 402
f 402 1644 406
f 402 1672 1644
f 404 447 403
f 447 989 403
f 448 447 404
f 406 449 405
f 2402 405 449
f 450 449 406
f 406 1618 450
f 406 1644 1618
f 408 409 407
f 408 407 458
f 458 407 457
f 410 409 408
f 1416 410 408
f 1378 408 458
f 1416 408 1378
f 1418 410 1416
f 412 413 411
f 2432 411 413
f 414 413 412
f 412 956 414
f 414 459 413
f 2432 413 459
f 460 459 414
f 414 956 460
f 416 419 415
f 416 415 468
f 1389 415 419
f 468 415 467
f 1389 467 415
f 420 419 416
f 418 421 417
f 418 417 470
f 470 417 469
f 422 421 418
f 418 1012 422
f 470 1012 418
f 420 423 419
f 419 423 1389
f 424 423 420
f 422 425 421
f 426 425 422
f 422 1014 426
f 422 1012 1014
f 426 1014 964
f 428 431 427
f 431 973 427
f 432 431 428
f 430 433 429
f 434 433 430
f 430 974 434
f 432 435 431
f 435 1015 431
f 431 1015 973
f 436 435 432
f 434 437 433
f 438 437 434
f 434 1016 438
f 434 974 1016
f 436 471 435
f 471 1017 435
f 435 1017 1015
f 472 471 436
f 438 473 437
f 474 473 438
f 438 1018 474
f 438 1016 1018
f 440 443 439
f 440 439 484
f 443 983 439
f 484 439 483
f 439 1029 483
f 439 983 1029
f 444 443 440
f 442 445 441
f 442 441 486
f 486 441 485
f 446 445 442
f 442 984 446
f 486 1030 442
f 442 1030 984
f 448 451 447
f 451 1031 447
f 447 1031 989
f 452 451 448
f 450 453 449
f 2402 449 453
f 454 453 450
f 450 1592 454
f 450 1618 1592
f 452 487 451
f 487 1033 451
f 451 1033 1031
f 488 487 452
f 454 489 453
f 453 489 2402
f 490 489 454
f 454 1568 490
f 454 1592 1568
f 456 457 455
f 456 455 498
f 498 455 497
f 458 457 456
f 1376 458 456
f 1338 456 498
f 1376 456 1338
f 1378 458 1376
f 460 461 459
f 2432 459 461
f 462 461 460
f 460 956 462
f 462 499 461
f 2432 461 499
f 500 499 462
f 462 956 500
f 464 467 463
f 464 463 508
f 463 467 1389
f 508 463 507
f 1389 507 463
f 468 467 464
f 466 469 465
f 466 465 510
f 510 465 509
f 470 469 466
f 466 1054 470
f 510 1052 466
f 466 1052 1054
f 470 1054 1012
f 472 475 471
f 475 1017 471
f 476 475 472
f 474 477 473
f 478 477 474
f 474 1018 478
f 476 511 475
f 511 1055 475
f 475 1055 1017
f 512 511 476
f 478 513 477
f 514 513 478
f 478 1056 514
f 478 1018 1056
f 480 483 479
f 480 479 524
f 483 1027 479
f 524 479 523
f 479 1027 523
f 484 483 480
f 482 485 481
f 482 481 526
f 526 481 525
f 486 485 482
f 482 1028 486
f 526 1028 482
f 483 1029 1027
f 486 1028 1030
f 488 491 487
f 491 1033 487
f 492 491 488
f 490 493 489
f 2402 489 493
f 494 493 490
f 490 1542 494
f 490 1568 1542
f 492 527 491
f 527 1071 491
f 491 1071 1033
f 528 527 492
f 494 529 493
f 2402 493 529
f 530 529 494
f 494 1494 530
f 494 1542 1494
f 496 497 495
f 496 495 538
f 538 495 537
f 498 497 496
f 1336 498 496
f 1298 496 538
f 1336 496 1298
f 1338 498 1336
f 500 501 499
f 499 501 2432
f 502 501 500
f 500 956 502
f 502 539 501
f 2432 501 539
f 540 539 502
f 502 956 540
f 504 507 503
f 504 503 548
f 1389 503 507
f 548 503 547
f 547 503 1389
f 508 507 504
f 506 509 505
f 506 505 550
f 550 505 549
f 510 509 506
f 506 1052 510
f 550 1098 506
f 506 1098 1052
f 512 515 511
f 515 1057 511
f 511 1057 1055
f 516 515 512
f 514 517 513
f 518 517 514
f 514 1058 518
f 514 1056 1058
f 516 551 515
f 551 1057 515
f 552 551 516
f 518 553 517
f 554 553 518
f 518 1058 554
f 520 523 519
f 520 519 560
f 523 1069 519
f 560 519 559
f 519 1067 559
f 519 1069 1067
f 524 523 520
f 522 525 521
f 522 521 562
f 562 521 561
f 526 525 522
f 522 1070 526
f 562 1068 522
f 522 1068 1070
f 523 1027 1069
f 526 1070 1028
f 528 531 527
f 531 1073 527
f 527 1073 1071
f 532 531 528
f 530 533 529
f 529 533 2402
f 534 533 530
f 530 1454 534
f 530 1494 1454
f 532 563 531
f 563 1117 531
f 531 1117 1073
f 564 563 532
f 532 671 564
f 534 565 533
f 2402 533 565
f 566 565 534
f 534 1414 566
f 534 1454 1414
f 536 537 535
f 536 535 570
f 570 535 569
f 538 537 536
f 1296 538 536
f 1258 536 570
f 1296 536 1258
f 1298 538 1296
f 540 541 539
f 539 541 2432
f 542 541 540
f 540 956 542
f 542 571 541
f 2432 541 571
f 572 571 542
f 542 956 572
f 544 547 543
f 544 543 576
f 1389 543 547
f 576 543 575
f 575 543 1389
f 548 547 544
f 677 544 576
f 546 549 545
f 546 545 578
f 578 545 577
f 550 549 546
f 546 1096 550
f 578 1152 546
f 546 1152 1096
f 550 1096 1098
f 552 555 551
f 555 1099 551
f 551 1099 1057
f 556 555 552
f 554 557 553
f 558 557 554
f 554 1100 558
f 554 1058 1100
f 556 579 555
f 579 1101 555
f 555 1101 1099
f 580 579 556
f 558 581 557
f 582 581 558
f 558 1102 582
f 558 1100 1102
f 560 559 588
f 588 559 587
f 559 1115 587
f 559 1067 1115
f 562 561 590
f 590 561 589
f 590 1116 562
f 562 1116 1068
f 564 591 563
f 591 1117 563
f 592 591 564
f 564 671 592
f 566 593 565
f 565 593 2402
f 594 593 566
f 566 1374 594
f 566 1414 1374
f 568 569 567
f 568 567 600
f 600 567 599
f 570 569 568
f 1256 570 568
f 1224 568 600
f 1256 568 1224
f 1258 570 1256
f 572 573 571
f 2432 571 573
f 574 573 572
f 572 956 574
f 574 601 573
f 2432 573 601
f 602 601 574
f 574 956 602
f 576 575 608
f 608 575 607
f 1389 607 575
f 608 677 576
f 578 577 610
f 610 577 609
f 610 1152 578
f 580 611 579
f 611 1153 579
f 579 1153 1101
f 612 611 580
f 582 613 581
f 614 613 582
f 582 1154 614
f 582 1102 1154
f 584 587 583
f 584 583 620
f 587 1115 583
f 620 583 619
f 583 1169 619
f 583 1115 1169
f 588 587 584
f 586 589 585
f 586 585 622
f 585 589 1605
f 622 585 621
f 1605 621 585
f 590 589 586
f 586 1116 590
f 622 1170 586
f 586 1170 1116
f 592 595 591
f 595 1171 591
f 591 1171 1117
f 596 595 592
f 592 671 596
f 594 597 593
f 2402 593 597
f 598 597 594
f 594 1334 598
f 594 1374 1334
f 596 623 595
f 623 1173 595
f 595 1173 1171
f 624 623 596
f 596 671 624
f 598 625 597
f 2402 597 625
f 626 625 598
f 598 1294 626
f 598 1334 1294
f 600 599 630
f 630 599 629
f 1182 600 630
f 1224 600 1182
f 602 639 601
f 2432 601 639
f 640 639 602
f 602 956 640
f 604 607 603
f 604 603 644
f 1389 603 607
f 644 603 643
f 643 603 1389
f 608 607 604
f 604 677 608
f 644 677 604
f 606 609 605
f 606 605 646
f 646 605 645
f 610 609 606
f 606 1202 610
f 646 1200 606
f 606 1200 1202
f 610 1202 1152
f 612 615 611
f 615 1153 611
f 616 615 612
f 614 617 613
f 618 617 614
f 614 1154 618
f 616 647 615
f 647 1203 615
f 615 1203 1153
f 648 647 616
f 618 649 617
f 650 649 618
f 618 1204 650
f 618 1154 1204
f 620 619 656
f 656 619 655
f 619 1167 655
f 619 1169 1167
f 622 621 658
f 658 621 657
f 657 621 1605
f 658 1168 622
f 622 1168 1170
f 624 659 623
f 659 1217 623
f 623 1217 1173
f 660 659 624
f 624 669 660
f 624 671 669
f 626 661 625
f 2402 625 661
f 662 661 626
f 626 1254 662
f 626 1294 1254
f 628 629 627
f 628 627 668
f 668 627 667
f 630 629 628
f 1180 630 628
f 1128 628 668
f 1180 628 1128
f 1182 630 1180
f 632 631 634
f 632 673 631
f 634 631 633
f 674 673 632
f 634 633 636
f 636 633 635
f 636 635 638
f 638 635 637
f 638 637 676
f 676 637 675
f 640 641 639
f 2432 639 641
f 642 641 640
f 640 956 642
f 642 681 641
f 641 681 2432
f 682 681 642
f 642 956 682
f 644 643 688
f 688 643 687
f 1389 687 643
f 644 679 677
f 688 679 644
f 646 645 690
f 690 645 689
f 690 1232 646
f 646 1232 1200
f 648 691 647
f 691 1205 647
f 647 1205 1203
f 692 691 648
f 650 693 649
f 694 693 650
f 650 1206 694
f 650 1204 1206
f 652 655 651
f 652 651 700
f 655 1215 651
f 700 651 699
f 651 1215 699
f 656 655 652
f 654 657 653
f 654 653 702
f 1605 653 657
f 702 653 701
f 1605 701 653
f 658 657 654
f 654 1216 658
f 702 1216 654
f 655 1167 1215
f 658 1216 1168
f 660 663 659
f 663 1217 659
f 664 663 660
f 660 669 664
f 662 665 661
f 2402 661 665
f 666 665 662
f 662 1222 666
f 662 1254 1222
f 664 703 663
f 703 1247 663
f 663 1247 1217
f 664 669 704
f 704 703 664
f 666 705 665
f 665 705 2402
f 706 705 666
f 666 1178 706
f 666 1222 1178
f 668 667 708
f 708 667 707
f 1080 668 708
f 1128 668 1080
f 670 669 672
f 670 711 669
f 672 669 671
f 704 669 711
f 712 711 670
f 672 671 674
f 674 671 673
f 676 675 678
f 678 675 677
f 678 677 680
f 680 677 679
f 680 679 714
f 684 679 688
f 720 679 684
f 714 679 713
f 720 713 679
f 682 717 681
f 2432 681 717
f 718 717 682
f 682 956 718
f 684 687 683
f 684 683 720
f 683 687 1389
f 720 683 719
f 1389 719 683
f 688 687 684
f 686 689 685
f 686 685 722
f 722 685 721
f 690 689 686
f 686 1232 690
f 722 1270 686
f 686 1270 1232
f 692 695 691
f 695 1233 691
f 691 1233 1205
f 696 695 692
f 694 697 693
f 698 697 694
f 694 1234 698
f 694 1206 1234
f 696 723 695
f 723 1233 695
f 724 723 696
f 698 725 697
f 726 725 698
f 698 1234 726
f 700 699 732
f 732 699 731
f 699 1245 731
f 699 1215 1245
f 702 701 734
f 734 701 733
f 733 701 1605
f 734 1246 702
f 702 1246 1216
f 704 751 703
f 751 1249 703
f 703 1249 1247
f 704 711 752
f 752 751 704
f 706 753 705
f 2402 705 753
f 754 753 706
f 706 1126 754
f 706 1178 1126
f 708 707 760
f 760 707 759
f 1040 708 760
f 1080 708 1040
f 710 709 712
f 710 761 709
f 712 709 711
f 992 711 709
f 1120 709 761
f 992 709 1036
f 1036 709 1076
f 1076 709 1120
f 762 761 710
f 752 711 756
f 756 711 828
f 828 711 896
f 896 711 948
f 948 711 992
f 714 713 716
f 716 713 715
f 1008 715 713
f 772 713 720
f 768 713 772
f 844 713 768
f 908 713 844
f 960 713 908
f 1008 713 960
f 716 715 764
f 764 715 763
f 1148 763 715
f 1048 715 1008
f 1092 715 1048
f 1148 715 1092
f 718 765 717
f 2432 717 765
f 766 765 718
f 718 956 766
f 720 719 772
f 772 719 771
f 1389 771 719
f 722 721 774
f 774 721 773
f 774 1268 722
f 722 1268 1270
f 724 791 723
f 791 1271 723
f 723 1271 1233
f 792 791 724
f 726 793 725
f 794 793 726
f 726 1272 794
f 726 1234 1272
f 728 731 727
f 728 727 800
f 731 1243 727
f 800 727 799
f 727 1285 799
f 727 1243 1285
f 732 731 728
f 730 733 729
f 730 729 802
f 1605 729 733
f 802 729 801
f 1605 801 729
f 734 733 730
f 730 1244 734
f 802 1286 730
f 730 1286 1244
f 731 1245 1243
f 734 1244 1246
f 735 738 736
f 735 736 813
f 737 738 735
f 813 736 814
f 737 740 738
f 739 740 737
f 739 742 740
f 741 742 739
f 741 744 742
f 743 744 741
f 743 746 744
f 745 746 743
f 745 748 746
f 747 748 745
f 747 750 748
f 749 750 747
f 749 816 750
f 815 816 749
f 752 755 751
f 755 1287 751
f 751 1287 1249
f 756 755 752
f 754 757 753
f 2402 753 757
f 758 757 754
f 754 1122 758
f 754 1126 1122
f 756 827 755
f 827 1289 755
f 755 1289 1287
f 828 827 756
f 758 829 757
f 757 829 2402
f 830 829 758
f 758 1078 830
f 758 1122 1078
f 760 759 832
f 832 759 831
f 996 760 832
f 1040 760 996
f 762 835 761
f 1372 761 835
f 1120 761 1124
f 1124 761 1176
f 1176 761 1220
f 1220 761 1252
f 1252 761 1292
f 1292 761 1332
f 1332 761 1372
f 836 835 762
f 764 763 838
f 838 763 837
f 1384 837 763
f 1144 763 1148
f 1196 763 1144
f 1228 763 1196
f 1264 763 1228
f 1304 763 1264
f 1344 763 1304
f 1384 763 1344
f 766 841 765
f 765 841 2432
f 842 841 766
f 766 956 842
f 768 771 767
f 768 767 844
f 767 771 1389
f 844 767 843
f 1389 843 767
f 772 771 768
f 770 773 769
f 770 769 846
f 846 769 845
f 774 773 770
f 770 1310 774
f 846 1308 770
f 770 1308 1310
f 774 1310 1268
f 775 778 776
f 775 776 857
f 777 778 775
f 857 776 858
f 777 780 778
f 779 780 777
f 779 782 780
f 781 782 779
f 781 784 782
f 783 784 781
f 783 786 784
f 785 786 783
f 785 788 786
f 787 788 785
f 787 790 788
f 789 790 787
f 789 860 790
f 859 860 789
f 792 795 791
f 795 1273 791
f 791 1273 1271
f 796 795 792
f 794 797 793
f 798 797 794
f 794 1274 798
f 794 1272 1274
f 796 871 795
f 871 1311 795
f 795 1311 1273
f 872 871 796
f 798 873 797
f 874 873 798
f 798 1312 874
f 798 1274 1312
f 800 799 876
f 876 799 875
f 799 1283 875
f 799 1285 1283
f 802 801 878
f 878 801 877
f 877 801 1605
f 878 1284 802
f 802 1284 1286
f 803 806 804
f 803 804 885
f 805 806 803
f 885 804 886
f 805 808 806
f 807 808 805
f 807 810 808
f 809 810 807
f 809 812 810
f 811 812 809
f 811 814 812
f 813 814 811
f 815 818 816
f 817 818 815
f 817 820 818
f 819 820 817
f 819 822 820
f 821 822 819
f 821 824 822
f 823 824 821
f 823 826 824
f 825 826 823
f 825 888 826
f 887 888 825
f 828 895 827
f 895 1327 827
f 827 1327 1289
f 896 895 828
f 830 897 829
f 2402 829 897
f 898 897 830
f 830 1038 898
f 830 1078 1038
f 832 831 900
f 900 831 899
f 952 832 900
f 996 832 952
f 834 833 836
f 834 901 833
f 836 833 835
f 1540 835 833
f 1590 833 901
f 1540 833 1566
f 1566 833 1590
f 902 901 834
f 1372 835 1412
f 1412 835 1452
f 1452 835 1492
f 1492 835 1540
f 838 837 840
f 840 837 839
f 1546 839 837
f 1424 837 1384
f 1468 837 1424
f 1520 837 1468
f 1546 837 1520
f 840 839 904
f 904 839 903
f 1594 903 839
f 1570 839 1546
f 1594 839 1570
f 842 905 841
f 841 905 2404
f 2432 841 2404
f 906 905 842
f 842 956 906
f 844 843 908
f 908 843 907
f 1389 907 843
f 846 845 910
f 910 845 909
f 910 1350 846
f 846 1350 1308
f 847 850 848
f 847 848 917
f 849 850 847
f 917 848 918
f 849 852 850
f 851 852 849
f 851 854 852
f 853 854 851
f 853 856 854
f 855 856 853
f 855 858 856
f 857 858 855
f 859 862 860
f 861 862 859
f 861 864 862
f 863 864 861
f 863 866 864
f 865 866 863
f 865 868 866
f 867 868 865
f 867 870 868
f 869 870 867
f 869 920 870
f 919 920 869
f 872 927 871
f 927 1313 871
f 871 1313 1311
f 928 927 872
f 874 929 873
f 930 929 874
f 874 1314 930
f 874 1312 1314
f 876 875 932
f 932 875 931
f 875 1323 931
f 875 1283 1325
f 875 1325 1323
f 878 877 934
f 934 877 933
f 1605 933 877
f 934 1366 878
f 878 1326 1284
f 878 1324 1326
f 878 1366 1324
f 879 882 880
f 879 880 939
f 881 882 879
f 939 880 940
f 881 884 882
f 883 884 881
f 883 886 884
f 885 886 883
f 887 890 888
f 889 890 887
f 889 892 890
f 891 892 889
f 891 894 892
f 893 894 891
f 893 942 894
f 941 942 893
f 896 947 895
f 947 1367 895
f 895 1329 1327
f 895 1367 1329
f 948 947 896
f 898 949 897
f 897 949 2402
f 950 949 898
f 898 994 950
f 898 1038 994
f 900 899 952
f 952 899 951
f 902 953 901
f 2429 901 953
f 1590 901 1616
f 1616 901 1642
f 1642 901 1670
f 1670 901 1674
f 1674 901 1706
f 1706 901 1730
f 1730 901 2429
f 954 953 902
f 904 903 956
f 956 903 955
f 955 903 2431
f 1620 903 1594
f 1646 903 1620
f 1682 903 1646
f 1678 903 1682
f 1710 903 1678
f 1734 903 1710
f 2431 903 1734
f 906 957 905
f 2404 905 957
f 906 956 958
f 958 957 906
f 908 907 960
f 960 907 959
f 1389 959 907
f 910 909 962
f 962 909 961
f 1390 910 962
f 910 1348 1350
f 1348 910 1390
f 911 914 912
f 911 912 967
f 913 914 911
f 967 912 968
f 913 916 914
f 915 916 913
f 915 918 916
f 917 918 915
f 919 922 920
f 921 922 919
f 921 924 922
f 923 924 921
f 923 926 924
f 925 926 923
f 925 970 926
f 969 970 925
f 928 975 927
f 975 1353 927
f 927 1351 1313
f 927 1353 1351
f 976 975 928
f 930 977 929
f 978 977 930
f 930 1354 978
f 930 1314 1352
f 930 1352 1354
f 932 931 980
f 980 931 979
f 931 1363 979
f 931 1323 1365
f 931 1365 1363
f 1921 932 980
f 934 933 982
f 982 933 981
f 981 933 1605
f 982 1364 934
f 934 1364 1366
f 935 938 936
f 935 936 985
f 937 938 935
f 985 936 986
f 937 940 938
f 939 940 937
f 941 944 942
f 943 944 941
f 943 946 944
f 945 946 943
f 945 988 946
f 987 988 945
f 948 991 947
f 991 1367 947
f 992 991 948
f 950 993 949
f 2402 949 993
f 994 993 950
f 952 951 996
f 996 951 995
f 2402 995 951
f 954 997 953
f 953 997 2401
f 2429 953 2401
f 998 997 954
f 1460 998 954
f 956 955 1004
f 1004 955 1003
f 2403 1003 955
f 2403 955 2431
f 958 956 1006
f 1046 956 1004
f 1006 956 1046
f 958 1005 957
f 957 1005 2404
f 1006 1005 958
f 960 959 1008
f 1008 959 1007
f 1389 1007 959
f 962 961 1010
f 1010 961 1009
f 1390 962 1010
f 963 966 964
f 963 964 1013
f 965 966 963
f 1013 964 1014
f 965 968 966
f 967 968 965
f 969 972 970
f 971 972 969
f 971 974 972
f 973 974 971
f 973 1016 974
f 1015 1016 973
f 976 1019 975
f 1019 1393 975
f 975 1391 1353
f 975 1393 1391
f 1020 1019 976
f 1020 976 1947
f 978 1021 977
f 1022 1021 978
f 978 1392 1022
f 978 1354 1392
f 980 979 1024
f 1024 979 1023
f 979 1403 1023
f 979 1363 1405
f 979 1405 1403
f 980 1024 1921
f 982 981 1026
f 1026 981 1025
f 1605 1025 981
f 1026 1404 982
f 982 1406 1364
f 982 1404 1406
f 983 986 984
f 983 984 1029
f 985 986 983
f 1029 984 1030
f 987 990 988
f 989 990 987
f 989 1032 990
f 1031 1032 989
f 992 1035 991
f 1035 1367 991
f 1036 1035 992
f 994 1037 993
f 993 1037 2402
f 1038 1037 994
f 996 995 1040
f 1040 995 1039
f 2402 1039 995
f 998 999 997
f 2401 997 999
f 1000 999 998
f 1496 1000 998
f 1496 998 1460
f 1000 1041 999
f 2401 999 1041
f 1042 1041 1000
f 1042 1000 1498
f 1498 1000 1496
f 1002 1003 1001
f 1002 1001 1044
f 1001 1003 2403
f 1044 1001 1043
f 2403 1043 1001
f 1004 1003 1002
f 1090 1004 1002
f 1192 1002 1044
f 1090 1002 1142
f 1142 1002 1194
f 1194 1002 1192
f 1046 1004 1090
f 1006 1045 1005
f 2404 1005 1045
f 1046 1045 1006
f 1008 1007 1048
f 1048 1007 1047
f 1007 1429 1047
f 1387 1007 1389
f 1007 1387 1429
f 1010 1009 1050
f 1050 1009 1049
f 1390 1010 1050
f 1011 1014 1012
f 1011 1012 1053
f 1013 1014 1011
f 1053 1012 1054
f 1015 1018 1016
f 1017 1018 1015
f 1017 1056 1018
f 1055 1056 1017
f 1020 1059 1019
f 1059 1433 1019
f 1019 1431 1393
f 1019 1433 1431
f 1060 1059 1020
f 1947 1060 1020
f 1022 1061 1021
f 1062 1061 1022
f 1022 1434 1062
f 1022 1392 1394
f 1022 1394 1432
f 1022 1432 1434
f 1024 1023 1064
f 1064 1023 1063
f 1023 1445 1063
f 1023 1403 1445
f 1921 1024 1064
f 1026 1025 1066
f 1066 1025 1065
f 1065 1025 1605
f 1066 1446 1026
f 1026 1446 1404
f 1027 1030 1028
f 1027 1028 1069
f 1029 1030 1027
f 1069 1028 1070
f 1031 1034 1032
f 1033 1034 1031
f 1033 1072 1034
f 1071 1072 1033
f 1036 1075 1035
f 1075 1367 1035
f 1076 1075 1036
f 1038 1077 1037
f 2402 1037 1077
f 1078 1077 1038
f 1040 1039 1080
f 1080 1039 1079
f 1079 1039 2402
f 1042 1081 1041
f 1041 1081 2401
f 1082 1081 1042
f 1082 1042 1498
f 1044 1043 1088
f 1088 1043 1087
f 2403 1087 1043
f 1302 1044 1088
f 1192 1044 1226
f 1226 1044 1262
f 1262 1044 1260
f 1260 1044 1302
f 1046 1089 1045
f 2404 1045 1089
f 1090 1089 1046
f 1048 1047 1092
f 1092 1047 1091
f 1047 1427 1091
f 1047 1429 1427
f 1050 1049 1094
f 1094 1049 1093
f 1390 1050 1094
f 1051 1054 1052
f 1051 1052 1097
f 1053 1054 1051
f 1097 1052 1098
f 1055 1058 1056
f 1057 1058 1055
f 1057 1100 1058
f 1099 1100 1057
f 1060 1103 1059
f 1103 1475 1059
f 1059 1475 1433
f 1104 1103 1060
f 1104 1060 1947
f 1062 1105 1061
f 1106 1105 1062
f 1062 1476 1106
f 1062 1434 1476
f 1064 1063 1112
f 1112 1063 1111
f 1063 1443 1111
f 1063 1445 1443
f 1921 1064 1112
f 1066 1065 1114
f 1114 1065 1113
f 1605 1113 1065
f 1114 1444 1066
f 1066 1444 1446
f 1067 1070 1068
f 1067 1068 1115
f 1069 1070 1067
f 1115 1068 1116
f 1071 1074 1072
f 1073 1074 1071
f 1073 1118 1074
f 1117 1118 1073
f 1076 1119 1075
f 1119 1367 1075
f 1120 1119 1076
f 1078 1121 1077
f 4082 1077 1121
f 2402 1077 4082
f 1122 1121 1078
f 1080 1079 1128
f 1128 1079 1127
f 2402 1127 1079
f 1082 1083 1081
f 2401 1081 1083
f 1084 1083 1082
f 1084 1082 1498
f 1084 1129 1083
f 1083 1129 2401
f 1130 1129 1084
f 1500 1130 1084
f 1500 1084 1498
f 1086 1087 1085
f 1086 1085 1140
f 1085 1087 2403
f 1140 1085 1139
f 2403 1139 1085
f 1088 1087 1086
f 1300 1088 1086
f 1380 1086 1140
f 1300 1086 1342
f 1342 1086 1340
f 1340 1086 1382
f 1382 1086 1380
f 1302 1088 1300
f 1090 1141 1089
f 1089 1141 2404
f 1142 1141 1090
f 1092 1091 1148
f 1148 1091 1147
f 1091 1473 1147
f 1091 1427 1473
f 1094 1093 1150
f 1150 1093 1149
f 1094 1150 1390
f 1095 1098 1096
f 1095 1096 1151
f 1097 1098 1095
f 1151 1096 1152
f 1099 1102 1100
f 1101 1102 1099
f 1101 1154 1102
f 1153 1154 1101
f 1104 1155 1103
f 1155 1477 1103
f 1103 1477 1475
f 1156 1155 1104
f 1947 1156 1104
f 1106 1157 1105
f 1158 1157 1106
f 1106 1478 1158
f 1106 1476 1478
f 1108 1111 1107
f 1108 1107 1164
f 1111 1487 1107
f 1164 1107 1163
f 1107 1535 1163
f 1107 1487 1535
f 1112 1111 1108
f 1112 1108 1921
f 1921 1108 1164
f 1110 1113 1109
f 1110 1109 1166
f 1605 1109 1113
f 1166 1109 1165
f 1165 1109 1605
f 1114 1113 1110
f 1110 1488 1114
f 1166 1536 1110
f 1110 1536 1488
f 1111 1443 1487
f 1114 1488 1444
f 1115 1116 1169
f 1169 1116 1170
f 1117 1172 1118
f 1171 1172 1117
f 1120 1123 1119
f 1123 1367 1119
f 1124 1123 1120
f 1122 1125 1121
f 4082 1121 1125
f 1126 1125 1122
f 1124 1175 1123
f 1175 1367 1123
f 1176 1175 1124
f 1126 1177 1125
f 1125 1177 4082
f 1178 1177 1126
f 1128 1127 1180
f 1180 1127 1179
f 2402 1179 1127
f 1130 1131 1129
f 2401 1129 1131
f 1132 1131 1130
f 1500 1132 1130
f 1132 1133 1131
f 2401 1131 1133
f 1134 1133 1132
f 1134 1132 1504
f 1502 1132 1500
f 1504 1132 1502
f 1134 1183 1133
f 1133 1183 2401
f 1184 1183 1134
f 1504 1184 1134
f 1136 1137 1135
f 1136 1135 1190
f 2403 1135 1137
f 1190 1135 1189
f 2403 1189 1135
f 1138 1137 1136
f 1510 1138 1136
f 1510 1136 1190
f 1138 1139 1137
f 1137 1139 2403
f 1140 1139 1138
f 1422 1140 1138
f 1422 1138 1420
f 1420 1138 1466
f 1464 1138 1462
f 1462 1138 1518
f 1466 1138 1464
f 1512 1138 1510
f 1514 1138 1512
f 1516 1138 1514
f 1518 1138 1516
f 1380 1140 1422
f 1142 1193 1141
f 2404 1141 1193
f 1194 1193 1142
f 1144 1147 1143
f 1144 1143 1196
f 1147 1471 1143
f 1196 1143 1195
f 1143 1523 1195
f 1143 1471 1523
f 1148 1147 1144
f 1146 1149 1145
f 1146 1145 1198
f 1198 1145 1197
f 1150 1149 1146
f 1390 1150 1146
f 1390 1146 1198
f 1147 1473 1471
f 1151 1152 1201
f 1201 1152 1202
f 1153 1204 1154
f 1203 1204 1153
f 1156 1159 1155
f 1159 1525 1155
f 1155 1525 1477
f 1160 1159 1156
f 1947 1160 1156
f 1158 1161 1157
f 1162 1161 1158
f 1158 1526 1162
f 1158 1478 1526
f 1160 1207 1159
f 1207 1551 1159
f 1159 1551 1525
f 1208 1207 1160
f 1208 1160 1947
f 1162 1209 1161
f 1210 1209 1162
f 1162 1552 1210
f 1162 1526 1552
f 1164 1163 1212
f 1212 1163 1211
f 1163 1535 1211
f 1921 1164 1212
f 1166 1165 1214
f 1214 1165 1213
f 1605 1213 1165
f 1214 1536 1166
f 1167 1170 1168
f 1167 1168 1215
f 1169 1170 1167
f 1215 1168 1216
f 1171 1174 1172
f 1173 1174 1171
f 1173 1218 1174
f 1217 1218 1173
f 1176 1219 1175
f 1219 1367 1175
f 1220 1219 1176
f 1178 1221 1177
f 4082 1177 1221
f 1222 1221 1178
f 1180 1179 1182
f 1182 1179 1181
f 1181 1179 2402
f 1182 1181 1224
f 1224 1181 1223
f 2402 1223 1181
f 1184 1185 1183
f 2401 1183 1185
f 1186 1185 1184
f 1504 1186 1184
f 1186 1187 1185
f 1185 1187 2401
f 1188 1187 1186
f 1506 1188 1186
f 1506 1186 1504
f 1188 1189 1187
f 1187 1189 2403
f 2401 1187 2403
f 1190 1189 1188
f 1508 1190 1188
f 1544 1188 1506
f 1508 1188 1544
f 1510 1190 1508
f 1192 1191 1194
f 1192 1225 1191
f 1194 1191 1193
f 2404 1193 1191
f 1191 1225 2404
f 1226 1225 1192
f 1196 1195 1228
f 1228 1195 1227
f 1195 1549 1227
f 1195 1523 1549
f 1198 1197 1230
f 1230 1197 1229
f 1198 1230 1390
f 1199 1202 1200
f 1199 1200 1231
f 1201 1202 1199
f 1231 1200 1232
f 1203 1206 1204
f 1205 1206 1203
f 1205 1234 1206
f 1233 1234 1205
f 1208 1235 1207
f 1235 1551 1207
f 1236 1235 1208
f 1947 1236 1208
f 1210 1237 1209
f 1238 1237 1210
f 1210 1552 1238
f 1212 1211 1240
f 1240 1211 1239
f 1211 1561 1239
f 1211 1535 1561
f 1212 1240 1921
f 1214 1213 1242
f 1242 1213 1241
f 1605 1241 1213
f 1242 1562 1214
f 1214 1562 1536
f 1215 1216 1245
f 1245 1216 1246
f 1217 1248 1218
f 1247 1248 1217
f 1220 1251 1219
f 1251 1367 1219
f 1252 1251 1220
f 1222 1253 1221
f 4082 1221 1253
f 1254 1253 1222
f 1224 1223 1256
f 1256 1223 1255
f 1255 1223 2402
f 1226 1261 1225
f 2404 1225 1261
f 1262 1261 1226
f 1228 1227 1264
f 1264 1227 1263
f 1227 1549 1263
f 1230 1229 1266
f 1266 1229 1265
f 1390 1230 1266
f 1231 1232 1269
f 1269 1232 1270
f 1233 1272 1234
f 1271 1272 1233
f 1236 1275 1235
f 1275 1575 1235
f 1235 1575 1551
f 1276 1275 1236
f 1947 1276 1236
f 1238 1277 1237
f 1278 1277 1238
f 1238 1576 1278
f 1238 1552 1576
f 1240 1239 1280
f 1280 1239 1279
f 1239 1585 1279
f 1239 1561 1585
f 1921 1240 1280
f 1242 1241 1282
f 1282 1241 1281
f 1605 1281 1241
f 1282 1586 1242
f 1242 1586 1562
f 1243 1246 1244
f 1243 1244 1285
f 1245 1246 1243
f 1285 1244 1286
f 1247 1250 1248
f 1249 1250 1247
f 1249 1288 1250
f 1287 1288 1249
f 1252 1291 1251
f 1291 1367 1251
f 1292 1291 1252
f 1254 1293 1253
f 4082 1253 1293
f 1294 1293 1254
f 1256 1255 1258
f 1258 1255 1257
f 2402 1257 1255
f 1258 1257 1296
f 1296 1257 1295
f 2402 1295 1257
f 1260 1259 1262
f 1260 1301 1259
f 1262 1259 1261
f 1261 1259 2404
f 1259 1301 2404
f 1302 1301 1260
f 1264 1263 1304
f 1304 1263 1303
f 1263 1573 1303
f 1263 1549 1573
f 1266 1265 1306
f 1306 1265 1305
f 1266 1306 1390
f 1267 1270 1268
f 1267 1268 1309
f 1269 1270 1267
f 1309 1268 1310
f 1271 1274 1272
f 1273 1274 1271
f 1273 1312 1274
f 1311 1312 1273
f 1276 1315 1275
f 1315 1599 1275
f 1275 1599 1575
f 1316 1315 1276
f 1947 1316 1276
f 1278 1317 1277
f 1318 1317 1278
f 1278 1600 1318
f 1278 1576 1600
f 1280 1279 1320
f 1320 1279 1319
f 1279 1611 1319
f 1279 1585 1611
f 1280 1320 1921
f 1282 1281 1322
f 1322 1281 1321
f 1605 1321 1281
f 1322 1612 1282
f 1282 1612 1586
f 1283 1286 1284
f 1283 1284 1325
f 1285 1286 1283
f 1325 1284 1326
f 1287 1290 1288
f 1289 1290 1287
f 1289 1328 1290
f 1327 1328 1289
f 1292 1331 1291
f 1331 1367 1291
f 1332 1331 1292
f 1294 1333 1293
f 4082 1293 1333
f 1334 1333 1294
f 1296 1295 1298
f 1298 1295 1297
f 2402 1297 1295
f 1298 1297 1336
f 1336 1297 1335
f 2402 1335 1297
f 1300 1299 1302
f 1300 1341 1299
f 1302 1299 1301
f 2404 1301 1299
f 1299 1341 2404
f 1342 1341 1300
f 1304 1303 1344
f 1344 1303 1343
f 1303 1597 1343
f 1303 1573 1597
f 1306 1305 1346
f 1346 1305 1345
f 1390 1306 1346
f 1307 1310 1308
f 1307 1308 1349
f 1309 1310 1307
f 1349 1308 1350
f 1311 1314 1312
f 1313 1314 1311
f 1313 1352 1314
f 1351 1352 1313
f 1316 1355 1315
f 1355 1625 1315
f 1315 1625 1599
f 1356 1355 1316
f 1947 1356 1316
f 1318 1357 1317
f 1358 1357 1318
f 1318 1626 1358
f 1318 1600 1626
f 1320 1319 1360
f 1360 1319 1359
f 1319 1611 1359
f 1921 1320 1360
f 1322 1321 1362
f 1362 1321 1361
f 1361 1321 1605
f 1362 1612 1322
f 1323 1326 1324
f 1323 1324 1365
f 1325 1326 1323
f 1365 1324 1366
f 1327 1330 1328
f 1329 1330 1327
f 1329 1368 1330
f 1367 1368 1329
f 1332 1371 1331
f 1371 1367 1331
f 1372 1371 1332
f 1334 1373 1333
f 1333 1373 4082
f 1374 1373 1334
f 1336 1335 1338
f 1338 1335 1337
f 2402 1337 1335
f 1338 1337 1376
f 1376 1337 1375
f 1375 1337 2402
f 1340 1339 1342
f 1340 1381 1339
f 1342 1339 1341
f 2404 1341 1339
f 2404 1339 1381
f 1382 1381 1340
f 1344 1343 1384
f 1384 1343 1383
f 1343 1623 1383
f 1343 1597 1623
f 1346 1345 1386
f 1386 1345 1385
f 1390 1346 1386
f 1347 1350 1348
f 1347 1348 1389
f 1349 1350 1347
f 1389 1348 1390
f 1351 1354 1352
f 1353 1354 1351
f 1353 1392 1354
f 1391 1392 1353
f 1356 1395 1355
f 1395 1625 1355
f 1396 1395 1356
f 1396 1356 1947
f 1358 1397 1357
f 1631 1357 1397
f 1398 1397 1358
f 1358 1626 1398
f 1360 1359 1400
f 1400 1359 1399
f 1359 1637 1399
f 1359 1611 1637
f 1921 1360 1400
f 1362 1361 1402
f 1402 1361 1401
f 1605 1401 1361
f 1402 1638 1362
f 1362 1638 1612
f 1363 1366 1364
f 1363 1364 1405
f 1365 1366 1363
f 1405 1364 1406
f 1367 1370 1368
f 1369 1370 1367
f 1369 1367 2101
f 1411 1367 1371
f 1451 1367 1411
f 1491 1367 1451
f 1539 1367 1491
f 1565 1367 1539
f 1589 1367 1565
f 1615 1367 1589
f 1641 1367 1615
f 1669 1367 1641
f 1673 1367 1669
f 1705 1367 1673
f 1729 1367 1705
f 1753 1367 1729
f 1777 1367 1753
f 1801 1367 1777
f 1825 1367 1801
f 1853 1367 1825
f 1881 1367 1853
f 1905 1367 1881
f 1931 1367 1905
f 1957 1367 1931
f 1981 1367 1957
f 2005 1367 1981
f 2029 1367 2005
f 2053 1367 2029
f 2077 1367 2053
f 2101 1367 2077
f 2104 1368 1370
f 1369 1408 1370
f 1407 1408 1369
f 2101 1407 1369
f 2104 1370 1408
f 1372 1411 1371
f 1412 1411 1372
f 1374 1413 1373
f 4082 1373 1413
f 1414 1413 1374
f 1376 1375 1378
f 1378 1375 1377
f 2402 1377 1375
f 1378 1377 1416
f 1416 1377 1415
f 1415 1377 2402
f 1380 1379 1382
f 1380 1421 1379
f 1382 1379 1381
f 1381 1379 2404
f 2404 1379 1421
f 1422 1421 1380
f 1384 1383 1424
f 1424 1383 1423
f 1383 1623 1423
f 1386 1385 1426
f 1426 1385 1425
f 1386 1426 1390
f 1387 1390 1388
f 1387 1388 1429
f 1389 1390 1387
f 2108 1388 1390
f 1429 1388 1430
f 2108 1430 1388
f 1390 1426 1470
f 1470 1522 1390
f 1390 1522 1548
f 1390 1548 1572
f 1572 1596 1390
f 1390 1596 1622
f 1390 1622 1648
f 1648 1684 1390
f 1390 1684 1680
f 1390 1680 1712
f 1712 1736 1390
f 1390 1736 1760
f 1390 1760 1784
f 1784 1808 1390
f 1390 1808 1832
f 1390 1832 1860
f 1860 1888 1390
f 1390 1888 1912
f 1390 1912 1938
f 1938 1964 1390
f 1390 1964 1988
f 1390 1988 2012
f 2012 2036 1390
f 1390 2036 2060
f 1390 2060 2084
f 2084 2108 1390
f 1391 1394 1392
f 1393 1394 1391
f 1393 1432 1394
f 1431 1432 1393
f 1396 1435 1395
f 1435 1651 1395
f 1395 1651 1625
f 1436 1435 1396
f 1947 1436 1396
f 1398 1437 1397
f 1631 1397 1437
f 1438 1437 1398
f 1398 1652 1438
f 1398 1626 1652
f 1400 1399 1440
f 1440 1399 1439
f 1399 1665 1439
f 1399 1637 1665
f 1921 1400 1440
f 1402 1401 1442
f 1442 1401 1441
f 1441 1401 1605
f 1442 1666 1402
f 1402 1666 1638
f 1403 1406 1404
f 1403 1404 1445
f 1405 1406 1403
f 1445 1404 1446
f 1407 1410 1408
f 1409 1410 1407
f 2101 1409 1407
f 1408 1410 2104
f 1409 1448 1410
f 1447 1448 1409
f 1447 1409 2101
f 2104 1410 1448
f 1412 1451 1411
f 1452 1451 1412
f 1414 1453 1413
f 1413 1453 4082
f 1454 1453 1414
f 1416 1415 1418
f 1418 1415 1417
f 2402 1417 1415
f 1418 1417 1456
f 1456 1417 1455
f 2402 1455 1417
f 1420 1419 1422
f 1420 1465 1419
f 1422 1419 1421
f 1421 1419 2404
f 1419 1465 2404
f 1466 1465 1420
f 1424 1423 1468
f 1468 1423 1467
f 1423 1649 1467
f 1423 1623 1649
f 1426 1425 1470
f 1470 1425 1469
f 1427 1430 1428
f 1427 1428 1473
f 1429 1430 1427
f 1428 1430 2108
f 1473 1428 1474
f 2108 1474 1428
f 1431 1434 1432
f 1433 1434 1431
f 1433 1476 1434
f 1475 1476 1433
f 1436 1479 1435
f 1479 1687 1435
f 1435 1687 1651
f 1480 1479 1436
f 1480 1436 1947
f 1438 1481 1437
f 1631 1437 1481
f 1482 1481 1438
f 1438 1688 1482
f 1438 1652 1688
f 1440 1439 1484
f 1484 1439 1483
f 1439 1701 1483
f 1439 1665 1701
f 1921 1440 1484
f 1442 1441 1486
f 1486 1441 1485
f 1605 1485 1441
f 1486 1702 1442
f 1442 1702 1666
f 1443 1446 1444
f 1443 1444 1487
f 1445 1446 1443
f 1487 1444 1488
f 1447 1450 1448
f 1449 1450 1447
f 2101 1449 1447
f 2104 1448 1450
f 1449 1490 1450
f 1489 1490 1449
f 2101 1489 1449
f 1450 1490 2104
f 1452 1491 1451
f 1492 1491 1452
f 1454 1493 1453
f 2430 1453 1493
f 4082 1453 2430
f 1494 1493 1454
f 1456 1455 1458
f 1458 1455 1457
f 2402 1457 1455
f 1458 1457 1460
f 1460 1457 1459
f 2402 1459 1457
f 1460 1459 1496
f 1496 1459 1495
f 2402 1495 1459
f 1462 1461 1464
f 1462 1517 1461
f 1464 1461 1463
f 1463 1461 2404
f 2404 1461 1517
f 1518 1517 1462
f 1464 1463 1466
f 1466 1463 1465
f 2404 1465 1463
f 1468 1467 1520
f 1520 1467 1519
f 1467 1685 1519
f 1467 1649 1685
f 1470 1469 1522
f 1522 1469 1521
f 1471 1474 1472
f 1471 1472 1523
f 1473 1474 1471
f 2108 1472 1474
f 1523 1472 1524
f 1524 1472 2108
f 1475 1478 1476
f 1477 1478 1475
f 1477 1526 1478
f 1525 1526 1477
f 1480 1527 1479
f 1527 1715 1479
f 1479 1715 1687
f 1528 1527 1480
f 1947 1528 1480
f 1482 1529 1481
f 1631 1481 1529
f 1530 1529 1482
f 1482 1716 1530
f 1482 1688 1716
f 1484 1483 1532
f 1532 1483 1531
f 1483 1701 1531
f 1484 1532 1921
f 1486 1485 1534
f 1534 1485 1533
f 1605 1533 1485
f 1534 1702 1486
f 1487 1488 1535
f 1535 1488 1536
f 1489 1538 1490
f 1537 1538 1489
f 1537 1489 2101
f 2104 1490 1538
f 1492 1539 1491
f 1540 1539 1492
f 1494 1541 1493
f 2430 1493 1541
f 1542 1541 1494
f 1496 1495 1498
f 1498 1495 1497
f 1497 1495 2402
f 1498 1497 1500
f 1500 1497 1499
f 2402 1499 1497
f 1500 1499 1502
f 1502 1499 1501
f 2402 1501 1499
f 1502 1501 1504
f 1504 1501 1503
f 1503 1501 2402
f 1504 1503 1506
f 1506 1503 1505
f 2402 1505 1503
f 1506 1505 1544
f 1544 1505 1543
f 2402 1543 1505
f 1508 1507 1510
f 1508 1543 1507
f 1510 1507 1509
f 1509 1507 2404
f 2404 1507 1543
f 1544 1543 1508
f 1510 1509 1512
f 1512 1509 1511
f 2404 1511 1509
f 1512 1511 1514
f 1514 1511 1513
f 2404 1513 1511
f 1514 1513 1516
f 1516 1513 1515
f 1515 1513 2404
f 1516 1515 1518
f 1518 1515 1517
f 2404 1517 1515
f 1520 1519 1546
f 1546 1519 1545
f 1519 1713 1545
f 1519 1685 1713
f 1522 1521 1548
f 1548 1521 1547
f 1523 1524 1549
f 1549 1524 1550
f 2108 1550 1524
f 1525 1552 1526
f 1551 1552 1525
f 1528 1553 1527
f 1553 1715 1527
f 1554 1553 1528
f 1947 1554 1528
f 1530 1555 1529
f 1529 1555 1631
f 1556 1555 1530
f 1530 1716 1556
f 1532 1531 1558
f 1558 1531 1557
f 1531 1725 1557
f 1531 1701 1725
f 1921 1532 1558
f 1534 1533 1560
f 1560 1533 1559
f 1559 1533 1605
f 1560 1726 1534
f 1534 1726 1702
f 1535 1536 1561
f 1561 1536 1562
f 1537 1564 1538
f 1563 1564 1537
f 2101 1563 1537
f 1538 1564 2104
f 1540 1565 1539
f 1566 1565 1540
f 1542 1567 1541
f 1541 1567 2430
f 1568 1567 1542
f 2404 1543 2402
f 1546 1545 1570
f 1570 1545 1569
f 1545 1713 1569
f 1548 1547 1572
f 1572 1547 1571
f 1549 1550 1573
f 1573 1550 1574
f 1574 1550 2108
f 1551 1576 1552
f 1575 1576 1551
f 1554 1577 1553
f 1577 1739 1553
f 1553 1739 1715
f 1578 1577 1554
f 1578 1554 1947
f 1556 1579 1555
f 1631 1555 1579
f 1580 1579 1556
f 1556 1740 1580
f 1556 1716 1740
f 1558 1557 1582
f 1582 1557 1581
f 1557 1749 1581
f 1557 1725 1749
f 1921 1558 1582
f 1560 1559 1584
f 1584 1559 1583
f 1605 1583 1559
f 1584 1750 1560
f 1560 1750 1726
f 1561 1562 1585
f 1585 1562 1586
f 1563 1588 1564
f 1587 1588 1563
f 1587 1563 2125
f 2125 1563 2101
f 2128 1564 1588
f 2104 1564 2128
f 1566 1589 1565
f 1590 1589 1566
f 1568 1591 1567
f 2430 1567 1591
f 1592 1591 1568
f 1570 1569 1594
f 1594 1569 1593
f 1569 1713 1593
f 1572 1571 1596
f 1596 1571 1595
f 1573 1574 1597
f 1597 1574 1598
f 2108 1598 1574
f 1575 1600 1576
f 1599 1600 1575
f 1578 1601 1577
f 1601 1763 1577
f 1577 1763 1739
f 1602 1601 1578
f 1947 1602 1578
f 1580 1603 1579
f 1631 1579 1603
f 1604 1603 1580
f 1580 1764 1604
f 1580 1740 1764
f 1582 1581 1608
f 1608 1581 1607
f 1581 1749 1607
f 1582 1608 1921
f 1584 1583 1610
f 1605 1609 1583
f 1610 1583 1609
f 1610 1750 1584
f 1585 1586 1611
f 1611 1586 1612
f 1587 1614 1588
f 1613 1614 1587
f 2125 1613 1587
f 1588 1614 2128
f 1590 1615 1589
f 1616 1615 1590
f 1592 1617 1591
f 2430 1591 1617
f 1618 1617 1592
f 1594 1593 1620
f 1620 1593 1619
f 1593 1713 1619
f 1596 1595 1622
f 1622 1595 1621
f 1597 1598 1623
f 1623 1598 1624
f 1624 1598 2108
f 1599 1626 1600
f 1625 1626 1599
f 1602 1627 1601
f 1627 1763 1601
f 1628 1627 1602
f 1947 1628 1602
f 1604 1629 1603
f 1603 1629 1631
f 1630 1629 1604
f 1604 1764 1630
f 1606 1605 1922
f 1605 1606 8169
f 1635 1609 1605
f 1605 1663 1635
f 1605 1659 1663
f 1699 1659 1605
f 1605 1723 1699
f 1605 1747 1723
f 1771 1747 1605
f 1605 1795 1771
f 1605 1819 1795
f 1843 1819 1605
f 1605 1875 1843
f 1605 1899 1875
f 1925 1899 1605
f 1922 1605 1921
f 1605 1951 1925
f 1605 1975 1951
f 1999 1975 1605
f 1605 2023 1999
f 1605 2047 2023
f 2071 2047 1605
f 1605 2095 2071
f 1605 2119 2095
f 2143 2119 1605
f 1605 2167 2143
f 1605 2191 2167
f 8169 2191 1605
f 1922 7854 1606
f 1606 7854 8170
f 8169 1606 8170
f 1608 1607 1634
f 1634 1607 1633
f 1607 1773 1633
f 1607 1749 1773
f 1921 1608 1634
f 1610 1609 1636
f 1636 1609 1635
f 1636 1774 1610
f 1610 1774 1750
f 1611 1612 1637
f 1637 1612 1638
f 1613 1640 1614
f 1639 1640 1613
f 2149 1639 1613
f 2149 1613 2125
f 2152 1614 1640
f 2128 1614 2152
f 1616 1641 1615
f 1642 1641 1616
f 1618 1643 1617
f 1617 1643 2430
f 1644 1643 1618
f 1620 1619 1646
f 1646 1619 1645
f 1619 1713 1645
f 1622 1621 1648
f 1648 1621 1647
f 1623 1624 1649
f 1649 1624 1650
f 2108 1650 1624
f 1625 1652 1626
f 1651 1652 1625
f 1628 1653 1627
f 1653 1787 1627
f 1627 1787 1763
f 1654 1653 1628
f 1654 1628 1947
f 1630 1655 1629
f 1631 1629 1655
f 1656 1655 1630
f 1630 1788 1656
f 1630 1764 1788
f 1632 1948 1631
f 1632 1631 8196
f 1631 1655 1691
f 1691 1695 1631
f 1631 1695 1719
f 1631 1719 1743
f 1743 1767 1631
f 1631 1767 1791
f 1631 1791 1815
f 1815 1839 1631
f 1631 1839 1871
f 1631 1871 1895
f 1895 1919 1631
f 1631 1919 1945
f 1631 1945 1971
f 1631 1948 1947
f 1971 1995 1631
f 1631 1995 2019
f 1631 2019 2043
f 2043 2067 1631
f 1631 2067 2091
f 1631 2091 2115
f 2115 2139 1631
f 1631 2139 2163
f 1631 2163 2187
f 2187 2219 1631
f 1631 2219 7611
f 1631 7611 8195
f 8196 1631 8195
f 1632 8196 1948
f 1634 1633 1662
f 1662 1633 1661
f 1633 1797 1661
f 1633 1773 1797
f 1921 1634 1662
f 1636 1635 1664
f 1664 1635 1663
f 1664 1798 1636
f 1636 1798 1774
f 1637 1638 1665
f 1665 1638 1666
f 1639 1668 1640
f 1667 1668 1639
f 2149 1667 1639
f 1640 1668 2152
f 1642 1669 1641
f 1670 1669 1642
f 1644 1671 1643
f 2430 1643 1671
f 1672 1671 1644
f 1646 1645 1682
f 1682 1645 1681
f 1645 1713 1681
f 1648 1647 1684
f 1684 1647 1683
f 1649 1650 1685
f 1685 1650 1686
f 2108 1686 1650
f 1651 1688 1652
f 1687 1688 1651
f 1654 1689 1653
f 1689 1811 1653
f 1653 1811 1787
f 1690 1689 1654
f 1947 1690 1654
f 1656 1691 1655
f 1692 1691 1656
f 1656 1812 1692
f 1656 1788 1812
f 1658 1661 1657
f 1658 1657 1698
f 1661 1797 1657
f 1698 1657 1697
f 1657 1821 1697
f 1657 1797 1821
f 1662 1661 1658
f 1662 1658 1921
f 1921 1658 1698
f 1660 1663 1659
f 1660 1659 1700
f 1700 1659 1699
f 1664 1663 1660
f 1660 1798 1664
f 1700 1822 1660
f 1660 1822 1798
f 1665 1666 1701
f 1701 1666 1702
f 1667 1704 1668
f 1703 1704 1667
f 2149 1703 1667
f 2152 1668 1704
f 1670 1673 1669
f 1674 1673 1670
f 1672 1675 1671
f 2430 1671 1675
f 1676 1675 1672
f 1674 1705 1673
f 1706 1705 1674
f 1676 1707 1675
f 1675 1707 2430
f 1708 1707 1676
f 1678 1681 1677
f 1678 1677 1710
f 1681 1713 1677
f 1710 1677 1709
f 1677 1713 1709
f 1682 1681 1678
f 1680 1683 1679
f 1680 1679 1712
f 1712 1679 1711
f 1684 1683 1680
f 1685 1686 1713
f 1713 1686 1714
f 2108 1714 1686
f 1687 1716 1688
f 1715 1716 1687
f 1690 1693 1689
f 1693 1811 1689
f 1694 1693 1690
f 1947 1694 1690
f 1692 1695 1691
f 1696 1695 1692
f 1692 1812 1696
f 1694 1717 1693
f 1717 1835 1693
f 1693 1835 1811
f 1718 1717 1694
f 1718 1694 1947
f 1696 1719 1695
f 1720 1719 1696
f 1696 1836 1720
f 1696 1812 1836
f 1698 1697 1722
f 1722 1697 1721
f 1697 1847 1721
f 1697 1821 1847
f 1921 1698 1722
f 1700 1699 1724
f 1724 1699 1723
f 1724 1848 1700
f 1700 1848 1822
f 1701 1702 1725
f 1725 1702 1726
f 1703 1728 1704
f 1727 1728 1703
f 2173 1727 1703
f 2173 1703 2149
f 2176 1704 1728
f 2152 1704 2176
f 1706 1729 1705
f 1730 1729 1706
f 1708 1731 1707
f 2430 1707 1731
f 1732 1731 1708
f 1710 1709 1734
f 1709 1713 1733
f 1734 1709 1733
f 1712 1711 1736
f 1736 1711 1735
f 1713 1714 1737
f 1733 1713 1757
f 1737 2205 1713
f 1757 1713 1781
f 1781 1713 1805
f 1805 1713 1829
f 1829 1713 1857
f 1857 1713 1885
f 1885 1713 1909
f 1909 1713 1935
f 1935 1713 1961
f 1961 1713 1985
f 1985 1713 2009
f 2009 1713 2033
f 2033 1713 2057
f 2057 1713 2081
f 2081 1713 2105
f 2105 1713 2129
f 1713 2153 2129
f 1713 2177 2153
f 1713 2205 2177
f 1737 1714 1738
f 2108 1738 1714
f 1715 1740 1716
f 1739 1740 1715
f 1718 1741 1717
f 1741 1865 1717
f 1717 1865 1835
f 1742 1741 1718
f 1947 1742 1718
f 1720 1743 1719
f 1744 1743 1720
f 1720 1866 1744
f 1720 1836 1866
f 1722 1721 1746
f 1746 1721 1745
f 1721 1845 1745
f 1721 1847 1845
f 1722 1746 1921
f 1724 1723 1748
f 1748 1723 1747
f 1748 1846 1724
f 1724 1846 1848
f 1725 1726 1749
f 1749 1726 1750
f 1727 1752 1728
f 1751 1752 1727
f 2173 1751 1727
f 1728 1752 2176
f 1730 1753 1729
f 1754 1753 1730
f 1754 1730 2429
f 1732 1755 1731
f 2430 1731 1755
f 1756 1755 1732
f 1734 1733 1758
f 1758 1733 1757
f 1734 1758 2431
f 1736 1735 1760
f 1760 1735 1759
f 1737 1738 1761
f 1761 2205 1737
f 1761 1738 1762
f 2108 1762 1738
f 1739 1764 1740
f 1763 1764 1739
f 1742 1765 1741
f 1765 1867 1741
f 1741 1867 1865
f 1766 1765 1742
f 1947 1766 1742
f 1744 1767 1743
f 1768 1767 1744
f 1744 1868 1768
f 1744 1866 1868
f 1746 1745 1770
f 1770 1745 1769
f 1745 1877 1769
f 1745 1845 1877
f 1921 1746 1770
f 1748 1747 1772
f 1772 1747 1771
f 1772 1878 1748
f 1748 1878 1846
f 1749 1750 1773
f 1773 1750 1774
f 1751 1776 1752
f 1775 1776 1751
f 2201 1775 1751
f 2201 1751 2173
f 2204 1752 1776
f 2176 1752 2204
f 1754 1777 1753
f 1778 1777 1754
f 2429 1778 1754
f 1756 1779 1755
f 1755 1779 2430
f 1780 1779 1756
f 1758 1757 1782
f 1782 1757 1781
f 2431 1758 1782
f 1760 1759 1784
f 1784 1759 1783
f 1761 1762 1785
f 1785 2209 1761
f 1761 2209 2205
f 1785 1762 1786
f 2108 1786 1762
f 1763 1788 1764
f 1787 1788 1763
f 1766 1789 1765
f 1789 1891 1765
f 1765 1891 1867
f 1790 1789 1766
f 1790 1766 1947
f 1768 1791 1767
f 1792 1791 1768
f 1768 1892 1792
f 1768 1868 1892
f 1770 1769 1794
f 1794 1769 1793
f 1769 1901 1793
f 1769 1877 1901
f 1921 1770 1794
f 1772 1771 1796
f 1796 1771 1795
f 1796 1902 1772
f 1772 1902 1878
f 1773 1774 1797
f 1797 1774 1798
f 1775 1800 1776
f 1799 1800 1775
f 1799 1775 2197
f 2197 1775 2201
f 2200 1776 1800
f 2204 1776 2200
f 1778 1801 1777
f 1802 1801 1778
f 2429 1802 1778
f 1780 1803 1779
f 2430 1779 1803
f 1804 1803 1780
f 1782 1781 1806
f 1806 1781 1805
f 2431 1782 1806
f 1784 1783 1808
f 1808 1783 1807
f 1785 1786 1809
f 1809 2209 1785
f 1809 1786 1810
f 2108 1810 1786
f 1787 1812 1788
f 1811 1812 1787
f 1790 1813 1789
f 1813 1915 1789
f 1789 1915 1891
f 1814 1813 1790
f 1947 1814 1790
f 1792 1815 1791
f 1816 1815 1792
f 1792 1916 1816
f 1792 1892 1916
f 1794 1793 1818
f 1818 1793 1817
f 1793 1927 1817
f 1793 1901 1927
f 1794 1818 1921
f 1796 1795 1820
f 1820 1795 1819
f 1820 1928 1796
f 1796 1928 1902
f 1797 1798 1821
f 1821 1798 1822
f 1799 1824 1800
f 1823 1824 1799
f 2197 1823 1799
f 1800 1824 2200
f 1802 1825 1801
f 1826 1825 1802
f 1826 1802 2429
f 1804 1827 1803
f 2430 1803 1827
f 1828 1827 1804
f 1806 1805 1830
f 1830 1805 1829
f 1806 1830 2431
f 1808 1807 1832
f 1832 1807 1831
f 1809 1810 1833
f 1833 2233 1809
f 1809 2233 2209
f 1833 1810 1834
f 2108 1834 1810
f 1811 1836 1812
f 1835 1836 1811
f 1814 1837 1813
f 1837 1941 1813
f 1813 1941 1915
f 1838 1837 1814
f 1947 1838 1814
f 1816 1839 1815
f 1840 1839 1816
f 1816 1942 1840
f 1816 1916 1942
f 1818 1817 1842
f 1842 1817 1841
f 1817 1927 1841
f 1921 1818 1842
f 1820 1819 1844
f 1844 1819 1843
f 1844 1928 1820
f 1821 1822 1847
f 1847 1822 1848
f 1823 1850 1824
f 1849 1850 1823
f 2229 1849 1823
f 2229 1823 2197
f 2232 1824 1850
f 2200 1824 2232
f 1826 1853 1825
f 1854 1853 1826
f 2429 1854 1826
f 1828 1855 1827
f 1827 1855 2430
f 1856 1855 1828
f 1830 1829 1858
f 1858 1829 1857
f 2431 1830 1858
f 1832 1831 1860
f 1860 1831 1859
f 1833 1834 1863
f 1863 2233 1833
f 1863 1834 1864
f 2108 1864 1834
f 1835 1866 1836
f 1865 1866 1835
f 1838 1869 1837
f 1869 1941 1837
f 1870 1869 1838
f 1870 1838 1947
f 1840 1871 1839
f 1872 1871 1840
f 1840 1942 1872
f 1842 1841 1874
f 1874 1841 1873
f 1841 1953 1873
f 1841 1927 1953
f 1921 1842 1874
f 1844 1843 1876
f 1876 1843 1875
f 1876 1954 1844
f 1844 1954 1928
f 1845 1848 1846
f 1845 1846 1877
f 1847 1848 1845
f 1877 1846 1878
f 1849 1852 1850
f 1851 1852 1849
f 2229 1851 1849
f 2232 1850 1852
f 1851 1880 1852
f 1879 1880 1851
f 2253 1879 1851
f 2253 1851 2229
f 2256 1852 1880
f 2232 1852 2256
f 1854 1881 1853
f 1882 1881 1854
f 2429 1882 1854
f 1856 1883 1855
f 2430 1855 1883
f 1884 1883 1856
f 1858 1857 1886
f 1886 1857 1885
f 2431 1858 1886
f 1860 1859 1888
f 1888 1859 1887
f 1861 1864 1862
f 1861 1862 1889
f 1863 1864 1861
f 1861 2257 1863
f 1889 2257 1861
f 1862 1864 2108
f 1889 1862 1890
f 2108 1890 1862
f 1863 2257 2233
f 1865 1868 1866
f 1867 1868 1865
f 1867 1892 1868
f 1891 1892 1867
f 1870 1893 1869
f 1893 1967 1869
f 1869 1967 1941
f 1894 1893 1870
f 1947 1894 1870
f 1872 1895 1871
f 1896 1895 1872
f 1872 1968 1896
f 1872 1942 1968
f 1874 1873 1898
f 1898 1873 1897
f 1873 1977 1897
f 1873 1953 1977
f 1874 1898 1921
f 1876 1875 1900
f 1900 1875 1899
f 1900 1978 1876
f 1876 1978 1954
f 1877 1878 1901
f 1901 1878 1902
f 1879 1904 1880
f 1903 1904 1879
f 2253 1903 1879
f 2256 1880 1904
f 1882 1905 1881
f 1906 1905 1882
f 1906 1882 2429
f 1884 1907 1883
f 2430 1883 1907
f 1908 1907 1884
f 1886 1885 1910
f 1910 1885 1909
f 1886 1910 2431
f 1888 1887 1912
f 1912 1887 1911
f 1889 1890 1913
f 1913 2281 1889
f 1889 2281 2257
f 1913 1890 1914
f 2108 1914 1890
f 1891 1916 1892
f 1915 1916 1891
f 1894 1917 1893
f 1917 1991 1893
f 1893 1991 1967
f 1918 1917 1894
f 1947 1918 1894
f 1896 1919 1895
f 1920 1919 1896
f 1896 1992 1920
f 1896 1968 1992
f 1898 1897 1924
f 1924 1897 1923
f 1897 1977 1923
f 1921 1898 1924
f 1900 1899 1926
f 1926 1899 1925
f 1926 1978 1900
f 1901 1902 1927
f 1927 1902 1928
f 1903 1930 1904
f 1929 1930 1903
f 2277 1929 1903
f 2277 1903 2253
f 2280 1904 1930
f 2256 1904 2280
f 1906 1931 1905
f 1932 1931 1906
f 2429 1932 1906
f 1908 1933 1907
f 1907 1933 2430
f 1934 1933 1908
f 1910 1909 1936
f 1936 1909 1935
f 2431 1910 1936
f 1912 1911 1938
f 1938 1911 1937
f 1913 1914 1939
f 1939 2281 1913
f 1939 1914 1940
f 1940 1914 2108
f 1915 1942 1916
f 1941 1942 1915
f 1918 1943 1917
f 1943 1991 1917
f 1944 1943 1918
f 1944 1918 1947
f 1920 1945 1919
f 1946 1945 1920
f 1920 1992 1946
f 1922 1921 7854
f 1921 1924 1950
f 1950 1974 1921
f 1921 1974 1998
f 1921 1998 2022
f 2022 2046 1921
f 1921 2046 2070
f 1921 2070 2094
f 2094 2118 1921
f 1921 2118 2142
f 1921 2142 2166
f 2166 2190 1921
f 2190 7582 1921
f 1921 7582 7853
f 7854 1921 7853
f 1924 1923 1950
f 1950 1923 1949
f 1923 2001 1949
f 1923 1977 2001
f 1926 1925 1952
f 1952 1925 1951
f 1952 2002 1926
f 1926 2002 1978
f 1927 1928 1953
f 1953 1928 1954
f 1929 1956 1930
f 1955 1956 1929
f 2301 1955 1929
f 2301 1929 2277
f 2304 1930 1956
f 2280 1930 2304
f 1932 1957 1931
f 1958 1957 1932
f 2429 1958 1932
f 1934 1959 1933
f 2430 1933 1959
f 1960 1959 1934
f 1936 1935 1962
f 1962 1935 1961
f 2431 1936 1962
f 1938 1937 1964
f 1964 1937 1963
f 1939 1940 1965
f 1965 2305 1939
f 1939 2305 2281
f 1965 1940 1966
f 2108 1966 1940
f 1941 1968 1942
f 1967 1968 1941
f 1944 1969 1943
f 1969 2015 1943
f 1943 2015 1991
f 1947 1970 1944
f 1970 1969 1944
f 1946 1971 1945
f 1972 1971 1946
f 1946 2016 1972
f 1946 1992 2016
f 1947 1948 7879
f 1947 1994 1970
f 2018 1994 1947
f 1947 2042 2018
f 1947 2066 2042
f 2090 2066 1947
f 1947 2114 2090
f 1947 2138 2114
f 2162 2138 1947
f 1947 2186 2162
f 1947 2218 2186
f 7879 2218 1947
f 7879 1948 7880
f 1948 8196 7880
f 1950 1949 1974
f 1974 1949 1973
f 1949 2025 1973
f 1949 2001 2025
f 1952 1951 1976
f 1976 1951 1975
f 1976 2026 1952
f 1952 2026 2002
f 1953 1954 1977
f 1977 1954 1978
f 1955 1980 1956
f 1979 1980 1955
f 2301 1979 1955
f 2304 1956 1980
f 1958 1981 1957
f 1982 1981 1958
f 1982 1958 2429
f 1960 1983 1959
f 2430 1959 1983
f 1984 1983 1960
f 1962 1961 1986
f 1986 1961 1985
f 1962 1986 2431
f 1964 1963 1988
f 1988 1963 1987
f 1965 1966 1989
f 1989 2329 1965
f 1965 2329 2305
f 1989 1966 1990
f 1990 1966 2108
f 1967 1992 1968
f 1991 1992 1967
f 1970 1993 1969
f 1993 2039 1969
f 1969 2039 2015
f 1994 1993 1970
f 1972 1995 1971
f 1996 1995 1972
f 1972 2040 1996
f 1972 2016 2040
f 1974 1973 1998
f 1998 1973 1997
f 1973 2049 1997
f 1973 2025 2049
f 1976 1975 2000
f 2000 1975 1999
f 2000 2050 1976
f 1976 2050 2026
f 1977 1978 2001
f 2001 1978 2002
f 1979 2004 1980
f 2003 2004 1979
f 2325 2003 1979
f 2325 1979 2301
f 2328 1980 2004
f 2304 1980 2328
f 1982 2005 1981
f 2006 2005 1982
f 2429 2006 1982
f 1984 2007 1983
f 1983 2007 2430
f 2008 2007 1984
f 1986 1985 2010
f 2010 1985 2009
f 2431 1986 2010
f 1988 1987 2012
f 2012 1987 2011
f 1989 1990 2013
f 2013 2353 1989
f 1989 2353 2329
f 2013 1990 2014
f 2108 2014 1990
f 1991 2016 1992
f 2015 2016 1991
f 1994 2017 1993
f 2017 2063 1993
f 1993 2063 2039
f 2018 2017 1994
f 1996 2019 1995
f 2020 2019 1996
f 1996 2064 2020
f 1996 2040 2064
f 1998 1997 2022
f 2022 1997 2021
f 1997 2049 2021
f 2000 1999 2024
f 2024 1999 2023
f 2024 2050 2000
f 2001 2002 2025
f 2025 2002 2026
f 2003 2028 2004
f 2027 2028 2003
f 2349 2027 2003
f 2349 2003 2325
f 2352 2004 2028
f 2328 2004 2352
f 2006 2029 2005
f 2030 2029 2006
f 2429 2030 2006
f 2008 2031 2007
f 2430 2007 2031
f 2032 2031 2008
f 2010 2009 2034
f 2034 2009 2033
f 2431 2010 2034
f 2012 2011 2036
f 2036 2011 2035
f 2013 2014 2037
f 2037 2353 2013
f 2037 2014 2038
f 2038 2014 2108
f 2015 2040 2016
f 2039 2040 2015
f 2018 2041 2017
f 2041 2063 2017
f 2042 2041 2018
f 2020 2043 2019
f 2044 2043 2020
f 2020 2064 2044
f 2022 2021 2046
f 2046 2021 2045
f 2021 2073 2045
f 2021 2049 2073
f 2024 2023 2048
f 2048 2023 2047
f 2048 2074 2024
f 2024 2074 2050
f 2025 2026 2049
f 2049 2026 2050
f 2027 2052 2028
f 2051 2052 2027
f 2349 2051 2027
f 2352 2028 2052
f 2030 2053 2029
f 2054 2053 2030
f 2054 2030 2429
f 2032 2055 2031
f 2430 2031 2055
f 2056 2055 2032
f 2034 2033 2058
f 2058 2033 2057
f 2034 2058 2431
f 2036 2035 2060
f 2060 2035 2059
f 2037 2038 2061
f 2061 2377 2037
f 2037 2377 2353
f 2061 2038 2062
f 2108 2062 2038
f 2039 2064 2040
f 2063 2064 2039
f 2042 2065 2041
f 2041 2087 2063
f 2065 2087 2041
f 2066 2065 2042
f 2044 2067 2043
f 2044 2064 2088
f 2068 2067 2044
f 2044 2088 2068
f 2046 2045 2070
f 2070 2045 2069
f 2045 2097 2069
f 2045 2073 2097
f 2048 2047 2072
f 2072 2047 2071
f 2072 2098 2048
f 2048 2098 2074
f 2049 2050 2073
f 2073 2050 2074
f 2051 2076 2052
f 2075 2076 2051
f 2397 2075 2051
f 2373 2051 2349
f 2397 2051 2373
f 2400 2052 2076
f 2352 2052 2376
f 2376 2052 2400
f 2054 2077 2053
f 2078 2077 2054
f 2429 2078 2054
f 2056 2079 2055
f 2055 2079 2430
f 2080 2079 2056
f 2058 2057 2082
f 2082 2057 2081
f 2431 2058 2082
f 2060 2059 2084
f 2084 2059 2083
f 2061 2062 2085
f 2085 2405 2061
f 2061 2405 2377
f 2085 2062 2086
f 2086 2062 2108
f 2063 2088 2064
f 2087 2088 2063
f 2066 2089 2065
f 2065 2111 2087
f 2089 2111 2065
f 2090 2089 2066
f 2068 2091 2067
f 2068 2088 2112
f 2092 2091 2068
f 2068 2112 2092
f 2070 2069 2094
f 2094 2069 2093
f 2069 2121 2093
f 2069 2097 2121
f 2072 2071 2096
f 2096 2071 2095
f 2096 2122 2072
f 2072 2122 2098
f 2073 2074 2097
f 2097 2074 2098
f 2075 2100 2076
f 2099 2100 2075
f 2397 2099 2075
f 2400 2076 2100
f 2078 2101 2077
f 2102 2101 2078
f 2429 2102 2078
f 2080 2103 2079
f 2430 2079 2103
f 2104 2103 2080
f 2082 2081 2106
f 2106 2081 2105
f 2431 2082 2106
f 2084 2083 2108
f 2108 2083 2107
f 2085 2086 2109
f 2109 2433 2085
f 2085 2433 2405
f 2108 2110 2086
f 2109 2086 2110
f 2087 2112 2088
f 2111 2112 2087
f 2090 2113 2089
f 2089 2135 2111
f 2113 2135 2089
f 2114 2113 2090
f 2092 2115 2091
f 2092 2112 2136
f 2116 2115 2092
f 2092 2136 2116
f 2094 2093 2118
f 2118 2093 2117
f 2093 2121 2117
f 2096 2095 2120
f 2120 2095 2119
f 2120 2122 2096
f 2097 2098 2121
f 2121 2098 2122
f 2099 2124 2100
f 2123 2124 2099
f 2425 2123 2099
f 2425 2099 2397
f 2428 2100 2124
f 2400 2100 2428
f 2102 2125 2101
f 2126 2125 2102
f 2126 2102 2429
f 2104 2127 2103
f 2430 2103 2127
f 2128 2127 2104
f 2106 2105 2130
f 2130 2105 2129
f 2106 2130 2431
f 2108 2107 2132
f 2132 2107 2131
f 2108 2134 2110
f 2132 2134 2108
f 2109 2110 2133
f 2133 2433 2109
f 2133 2110 2134
f 2111 2136 2112
f 2135 2136 2111
f 2114 2137 2113
f 2137 2135 2113
f 2138 2137 2114
f 2116 2139 2115
f 2116 2136 2140
f 2140 2139 2116
f 2118 2117 2142
f 2117 2121 2145
f 2142 2117 2141
f 2117 2145 2141
f 2120 2119 2144
f 2144 2119 2143
f 2120 2146 2122
f 2144 2146 2120
f 2121 2122 2145
f 2145 2122 2146
f 2123 2148 2124
f 2147 2148 2123
f 2453 2147 2123
f 2453 2123 2425
f 2456 2124 2148
f 2428 2124 2456
f 2126 2149 2125
f 2150 2149 2126
f 2429 2150 2126
f 2128 2151 2127
f 2127 2151 2430
f 2152 2151 2128
f 2130 2129 2154
f 2154 2129 2153
f 2431 2130 2154
f 2132 2131 2156
f 2156 2131 2155
f 2156 2134 2132
f 2133 2134 2157
f 2157 2457 2133
f 2133 2457 2433
f 2156 2158 2134
f 2157 2134 2158
f 2135 2160 2136
f 2137 2159 2135
f 2159 2160 2135
f 2140 2136 2160
f 2138 2161 2137
f 2161 2159 2137
f 2162 2161 2138
f 2140 2163 2139
f 2140 2160 2164
f 2164 2163 2140
f 2142 2141 2166
f 2141 2145 2169
f 2166 2141 2165
f 2141 2169 2165
f 2144 2143 2168
f 2168 2143 2167
f 2144 2170 2146
f 2168 2170 2144
f 2145 2146 2169
f 2169 2146 2170
f 2147 2172 2148
f 2171 2172 2147
f 2477 2171 2147
f 2477 2147 2453
f 2480 2148 2172
f 2456 2148 2480
f 2150 2173 2149
f 2174 2173 2150
f 2429 2174 2150
f 2152 2175 2151
f 2430 2151 2175
f 2176 2175 2152
f 2154 2153 2178
f 2178 2153 2177
f 2431 2154 2178
f 2156 2155 2180
f 2180 2155 2179
f 2180 2158 2156
f 2157 2158 2181
f 2181 2481 2157
f 2157 2481 2457
f 2180 2182 2158
f 2181 2158 2182
f 2159 2184 2160
f 2161 2183 2159
f 2183 2184 2159
f 2164 2160 2184
f 2162 2185 2161
f 2185 2183 2161
f 2186 2185 2162
f 2164 2187 2163
f 2164 2184 2188
f 2188 2187 2164
f 2166 2165 2190
f 2165 2169 2193
f 2190 2165 2189
f 2165 2193 2189
f 2168 2167 2192
f 2192 2167 2191
f 2168 2194 2170
f 2192 2194 2168
f 2169 2170 2193
f 2193 2170 2194
f 2171 2196 2172
f 2195 2196 2171
f 2477 2195 2171
f 2480 2172 2196
f 2174 2201 2173
f 2202 2201 2174
f 2202 2174 2429
f 2176 2203 2175
f 2430 2175 2203
f 2204 2203 2176
f 2178 2177 2206
f 2206 2177 2205
f 2178 2206 2431
f 2180 2179 2208
f 2208 2179 2207
f 2208 2182 2180
f 2181 2182 2213
f 2213 2505 2181
f 2181 2505 2481
f 2208 2214 2182
f 2213 2182 2214
f 2183 2216 2184
f 2185 2215 2183
f 2215 2216 2183
f 2188 2184 2216
f 2186 2217 2185
f 2217 2215 2185
f 2218 2217 2186
f 2188 2219 2187
f 2188 2216 2220
f 2220 2219 2188
f 2190 2189 2222
f 2189 2193 2225
f 2222 2189 2221
f 2189 2225 2221
f 2222 7558 2190
f 2190 7558 7582
f 2192 2191 2224
f 2224 2191 2223
f 2191 4899 2223
f 7583 4899 2191
f 7583 2191 8169
f 2192 2226 2194
f 2224 2226 2192
f 2193 2194 2225
f 2225 2194 2226
f 2195 2228 2196
f 2227 2228 2195
f 2529 2227 2195
f 2501 2195 2477
f 2529 2195 2501
f 2504 2196 2228
f 2480 2196 2504
f 2198 2197 2202
f 2198 2229 2197
f 2202 2197 2201
f 2429 2198 2202
f 2230 2229 2198
f 2429 2230 2198
f 2200 2199 2204
f 2200 2231 2199
f 2204 2199 2203
f 2203 2199 2430
f 2430 2199 2231
f 2232 2231 2200
f 2206 2205 2210
f 2210 2205 2209
f 2431 2206 2210
f 2208 2207 2212
f 2212 2207 2211
f 2432 2211 2207
f 2212 2214 2208
f 2210 2209 2234
f 2234 2209 2233
f 2431 2210 2234
f 2212 2211 2236
f 2236 2211 2235
f 2432 2235 2211
f 2236 2214 2212
f 2213 2214 2237
f 2237 2533 2213
f 2213 2533 2505
f 2236 2238 2214
f 2237 2214 2238
f 2215 2240 2216
f 2217 2239 2215
f 2239 2240 2215
f 2220 2216 2240
f 2218 2241 2217
f 2241 2239 2217
f 2242 2241 2218
f 7610 2242 2218
f 7610 2218 7879
f 2220 2243 2219
f 4919 2219 2243
f 7611 2219 4919
f 2220 2240 2244
f 2244 2243 2220
f 2222 2221 2246
f 2221 2225 2249
f 2246 2221 2245
f 2221 2249 2245
f 2246 7534 2222
f 2222 7534 7558
f 2224 2223 2248
f 2248 2223 2247
f 2223 4882 2247
f 2223 4899 4882
f 2224 2250 2226
f 2248 2250 2224
f 2225 2226 2249
f 2249 2226 2250
f 2227 2252 2228
f 2251 2252 2227
f 2529 2251 2227
f 2228 2252 2504
f 2230 2253 2229
f 2254 2253 2230
f 2254 2230 2429
f 2232 2255 2231
f 2430 2231 2255
f 2256 2255 2232
f 2234 2233 2258
f 2258 2233 2257
f 2234 2258 2431
f 2236 2235 2260
f 2260 2235 2259
f 2259 2235 2432
f 2260 2238 2236
f 2237 2238 2261
f 2261 2561 2237
f 2237 2561 2533
f 2260 2262 2238
f 2261 2238 2262
f 2239 2264 2240
f 2241 2263 2239
f 2263 2264 2239
f 2244 2240 2264
f 2242 2265 2241
f 2265 2263 2241
f 2266 2265 2242
f 7578 2266 2242
f 7578 2242 7610
f 2244 2267 2243
f 4919 2243 2267
f 2244 2264 2268
f 2268 2267 2244
f 2246 2245 2270
f 2245 2249 2269
f 2270 2245 2269
f 2270 7510 2246
f 2246 7510 7534
f 2248 2247 2272
f 2272 2247 2271
f 2247 4882 2271
f 2272 2250 2248
f 2249 2250 2273
f 2269 2249 2273
f 2272 2274 2250
f 2273 2250 2274
f 2251 2276 2252
f 2275 2276 2251
f 2581 2275 2251
f 2557 2251 2529
f 2581 2251 2557
f 2504 2252 2276
f 2254 2277 2253
f 2278 2277 2254
f 2429 2278 2254
f 2256 2279 2255
f 2255 2279 2430
f 2280 2279 2256
f 2258 2257 2282
f 2282 2257 2281
f 2431 2258 2282
f 2260 2259 2284
f 2284 2259 2283
f 2432 2283 2259
f 2284 2262 2260
f 2261 2262 2285
f 2285 2585 2261
f 2261 2585 2561
f 2308 2262 2284
f 2285 2262 2286
f 2308 2286 2262
f 2263 2288 2264
f 2289 2263 2265
f 2287 2288 2263
f 2289 2287 2263
f 2268 2264 2292
f 2292 2264 2288
f 2266 2289 2265
f 2290 2289 2266
f 7554 2290 2266
f 7554 2266 7578
f 2268 2291 2267
f 2267 2291 4919
f 2292 2291 2268
f 2270 2269 2294
f 2269 2273 2297
f 2294 2269 2293
f 2293 2269 2947
f 2297 2321 2269
f 2269 2321 2345
f 2345 2369 2269
f 2269 2369 2393
f 2393 2421 2269
f 2269 2421 2449
f 2449 2473 2269
f 2269 2473 2497
f 2269 2497 2521
f 2521 2523 2269
f 2269 2523 2553
f 2269 2553 2577
f 2269 2577 2601
f 2269 2601 2625
f 2269 2625 2649
f 2269 2649 2673
f 2269 2673 2701
f 2269 2701 2737
f 2269 2737 2761
f 2761 2785 2269
f 2269 2785 2809
f 2809 2833 2269
f 2269 2833 2857
f 2857 2881 2269
f 2269 2881 2883
f 2269 2883 2913
f 2913 2915 2269
f 2269 2915 2945
f 2269 2945 2947
f 2294 7486 2270
f 2270 7486 7510
f 2272 2271 2296
f 2296 2271 2295
f 2271 4882 2295
f 2296 2274 2272
f 2273 2274 2297
f 2296 2298 2274
f 2297 2274 2298
f 2275 2300 2276
f 2299 2300 2275
f 2581 2299 2275
f 2276 2300 2504
f 2278 2301 2277
f 2302 2301 2278
f 2429 2302 2278
f 2280 2303 2279
f 2430 2279 2303
f 2304 2303 2280
f 2282 2281 2306
f 2306 2281 2305
f 2431 2282 2306
f 2284 2283 2308
f 2308 2283 2307
f 2432 2307 2283
f 2285 2286 2309
f 2309 2609 2285
f 2285 2609 2585
f 2332 2286 2308
f 2309 2286 2310
f 2332 2310 2286
f 2287 2312 2288
f 2313 2287 2289
f 2311 2312 2287
f 2313 2311 2287
f 2292 2288 2312
f 2290 2313 2289
f 2314 2313 2290
f 7530 2314 2290
f 7530 2290 7554
f 2292 2315 2291
f 4919 2291 2315
f 2312 2336 2292
f 2316 2315 2292
f 2292 4044 2316
f 2292 2336 2360
f 2360 2384 2292
f 2292 2384 2412
f 2412 2440 2292
f 2292 2440 2464
f 2464 2488 2292
f 2292 2488 2512
f 2292 2512 2544
f 2544 2542 2292
f 2292 2542 2568
f 2292 2568 2592
f 2292 2592 2616
f 2292 2616 2640
f 2292 2640 2664
f 2292 2664 2688
f 2292 2688 2724
f 2292 2724 2752
f 2292 2752 2776
f 2776 2800 2292
f 2292 2800 2824
f 2824 2848 2292
f 2292 2848 2872
f 2872 2904 2292
f 2292 2904 2902
f 2292 2902 2936
f 2936 2934 2292
f 2292 2934 2968
f 2292 2968 2966
f 2292 2966 4044
f 2294 2293 2318
f 2318 2293 2317
f 2947 2317 2293
f 2318 7462 2294
f 2294 7462 7486
f 2296 2295 2320
f 2320 2295 2319
f 2295 4882 2319
f 2320 2298 2296
f 2297 2298 2321
f 2320 2322 2298
f 2321 2298 2322
f 2299 2324 2300
f 2323 2324 2299
f 2605 2323 2299
f 2605 2299 2581
f 2504 2300 2324
f 2302 2325 2301
f 2326 2325 2302
f 2326 2302 2429
f 2304 2327 2303
f 2430 2303 2327
f 2328 2327 2304
f 2306 2305 2330
f 2330 2305 2329
f 2306 2330 2431
f 2308 2307 2332
f 2332 2307 2331
f 2331 2307 2432
f 2309 2310 2333
f 2333 2609 2309
f 2356 2310 2332
f 2333 2310 2334
f 2356 2334 2310
f 2311 2336 2312
f 2337 2311 2313
f 2335 2336 2311
f 2337 2335 2311
f 2314 2337 2313
f 2338 2337 2314
f 7506 2338 2314
f 7506 2314 7530
f 2316 2339 2315
f 4919 2315 2339
f 2340 2339 2316
f 2316 4048 2340
f 2316 4044 4048
f 2318 2317 2342
f 2342 2317 2341
f 2947 2341 2317
f 2342 4902 2318
f 2318 4902 7462
f 2320 2319 2344
f 2344 2319 2343
f 2319 4857 2343
f 2319 4882 4857
f 2344 2322 2320
f 2321 2322 2345
f 2368 2322 2344
f 2345 2322 2346
f 2368 2346 2322
f 2323 2348 2324
f 2347 2348 2323
f 2629 2347 2323
f 2629 2323 2605
f 2324 2348 2504
f 2326 2349 2325
f 2350 2349 2326
f 2429 2350 2326
f 2328 2351 2327
f 2327 2351 2430
f 2352 2351 2328
f 2330 2329 2354
f 2354 2329 2353
f 2431 2330 2354
f 2332 2331 2356
f 2356 2331 2355
f 2432 2355 2331
f 2333 2334 2357
f 2357 2657 2333
f 2333 2633 2609
f 2333 2657 2633
f 2380 2334 2356
f 2357 2334 2358
f 2408 2358 2334
f 2408 2334 2380
f 2335 2360 2336
f 2361 2335 2337
f 2359 2360 2335
f 2385 2359 2335
f 2385 2335 2361
f 2338 2361 2337
f 2362 2361 2338
f 4895 2362 2338
f 4895 2338 4915
f 4915 2338 7482
f 7482 2338 7506
f 2340 2363 2339
f 2339 2363 4919
f 2364 2363 2340
f 2340 4052 2364
f 2340 4048 4052
f 2342 2341 2366
f 2366 2341 2365
f 2365 2341 2947
f 2366 4902 2342
f 2344 2343 2368
f 2368 2343 2367
f 2343 4857 2367
f 2345 2346 2369
f 2392 2346 2368
f 2369 2346 2370
f 2392 2370 2346
f 2347 2372 2348
f 2371 2372 2347
f 2653 2371 2347
f 2653 2347 2629
f 2504 2348 2372
f 2350 2373 2349
f 2374 2373 2350
f 2429 2374 2350
f 2352 2375 2351
f 2430 2351 2375
f 2376 2375 2352
f 2354 2353 2378
f 2378 2353 2377
f 2431 2354 2378
f 2356 2355 2380
f 2380 2355 2379
f 2432 2379 2355
f 2357 2358 2381
f 2381 2657 2357
f 2381 2358 2382
f 2436 2382 2358
f 2436 2358 2408
f 2359 2384 2360
f 2383 2384 2359
f 2413 2383 2359
f 2413 2359 2385
f 2362 2385 2361
f 2386 2385 2362
f 4895 2386 2362
f 2364 2387 2363
f 4919 2363 2387
f 2388 2387 2364
f 2364 4056 2388
f 2364 4052 4056
f 2366 2365 2390
f 2390 2365 2389
f 2947 2389 2365
f 2390 4902 2366
f 2368 2367 2392
f 2392 2367 2391
f 2367 4857 2391
f 2369 2370 2393
f 2420 2370 2392
f 2393 2370 2394
f 2420 2394 2370
f 2371 2396 2372
f 2395 2396 2371
f 2677 2395 2371
f 2677 2371 2653
f 2504 2372 2396
f 2374 2397 2373
f 2398 2397 2374
f 2398 2374 2429
f 2376 2399 2375
f 2430 2375 2399
f 2400 2399 2376
f 2378 2377 2406
f 2406 2377 2405
f 2378 2406 2431
f 2380 2379 2408
f 2408 2379 2407
f 2407 2379 2432
f 2381 2382 2409
f 2409 2681 2381
f 2381 2681 2657
f 2409 2382 2410
f 2460 2410 2382
f 2460 2382 2436
f 2383 2412 2384
f 2411 2412 2383
f 2441 2411 2383
f 2441 2383 2413
f 2386 2413 2385
f 2414 2413 2386
f 4895 2414 2386
f 2388 2415 2387
f 4919 2387 2415
f 2416 2415 2388
f 2388 4060 2416
f 2388 4056 4060
f 2390 2389 2418
f 2418 2389 2417
f 2947 2417 2389
f 2418 4902 2390
f 2392 2391 2420
f 2420 2391 2419
f 2391 4841 2419
f 2391 4857 4841
f 2393 2394 2421
f 2448 2394 2420
f 2421 2394 2422
f 2472 2422 2394
f 2472 2394 2448
f 2395 2424 2396
f 2423 2424 2395
f 2709 2423 2395
f 2709 2395 2677
f 2504 2396 2424
f 2398 2425 2397
f 2426 2425 2398
f 2429 2426 2398
f 2400 2427 2399
f 2399 2427 2430
f 2428 2427 2400
f 2402 2401 2404
f 2402 4085 2401
f 2404 2401 2403
f 2429 2401 4081
f 4081 2401 4085
f 4082 4118 2402
f 4086 4085 2402
f 2402 4118 4086
f 2404 2403 4088
f 2403 2431 4083
f 4123 2403 4083
f 4088 2403 4087
f 4123 4087 2403
f 4084 2432 2404
f 2404 4124 4084
f 4088 4124 2404
f 2406 2405 2434
f 2434 2405 2433
f 2431 2406 2434
f 2408 2407 2436
f 2432 2435 2407
f 2436 2407 2435
f 2409 2410 2437
f 2437 2713 2409
f 2409 2713 2681
f 2437 2410 2438
f 2508 2438 2410
f 2484 2410 2460
f 2508 2410 2484
f 2411 2440 2412
f 2439 2440 2411
f 2489 2439 2411
f 2465 2411 2441
f 2489 2411 2465
f 2414 2441 2413
f 2442 2441 2414
f 4895 2442 2414
f 2416 2443 2415
f 2415 2443 4919
f 2444 2443 2416
f 2416 4064 2444
f 2416 4060 4064
f 2418 2417 2446
f 2446 2417 2445
f 2445 2417 2947
f 2446 4902 2418
f 2420 2419 2448
f 2448 2419 2447
f 2419 4841 2447
f 2421 2422 2449
f 2449 2422 2450
f 2496 2450 2422
f 2496 2422 2472
f 2423 2452 2424
f 2451 2452 2423
f 2705 2451 2423
f 2705 2423 2709
f 2532 2424 2452
f 2504 2424 2532
f 2426 2453 2425
f 2429 2454 2426
f 2454 2453 2426
f 2428 2455 2427
f 2430 2427 2455
f 2456 2455 2428
f 2430 3278 2429
f 2430 2429 4082
f 2478 2454 2429
f 2429 2502 2478
f 2429 2530 2502
f 2558 2530 2429
f 2429 2582 2558
f 2429 2606 2582
f 2630 2606 2429
f 2429 2654 2630
f 2429 2678 2654
f 2710 2678 2429
f 2429 2706 2710
f 2429 2742 2706
f 2766 2742 2429
f 2429 2790 2766
f 2429 2814 2790
f 2838 2814 2429
f 2429 2862 2838
f 2429 2890 2862
f 2922 2890 2429
f 2429 2954 2922
f 2986 2954 2429
f 2429 3018 2986
f 2429 3050 3018
f 2429 3078 3050
f 2429 3106 3078
f 3142 3106 2429
f 2429 3138 3142
f 2429 3178 3138
f 3210 3178 2429
f 2429 3242 3210
f 3278 3242 2429
f 4082 2429 4081
f 2430 2455 2479
f 2479 2503 2430
f 2430 2503 2531
f 2430 2531 2559
f 2559 2583 2430
f 2430 2583 2607
f 2430 2607 2631
f 2631 2655 2430
f 2430 2655 2679
f 2430 2679 2711
f 2711 2707 2430
f 2430 2707 2743
f 2430 2743 2767
f 2767 2791 2430
f 2430 2791 2815
f 2430 2815 2839
f 2839 2863 2430
f 2430 2863 2891
f 2430 2891 2923
f 2430 2923 2955
f 2430 2955 2987
f 2987 3019 2430
f 2430 3019 3051
f 3051 3079 2430
f 2430 3079 3107
f 2430 3107 3143
f 3143 3139 2430
f 2430 3139 3179
f 2430 3179 3211
f 3211 3243 2430
f 2430 3243 3279
f 3279 3278 2430
f 2432 2431 3283
f 2432 4083 2431
f 2431 2434 2458
f 2458 2482 2431
f 2431 2482 2506
f 2431 2506 2534
f 2534 2562 2431
f 2431 2562 2586
f 2431 2586 2610
f 2610 2634 2431
f 2431 2634 2658
f 2431 2658 2682
f 2682 2714 2431
f 2431 2714 2718
f 2431 2718 2746
f 2746 2770 2431
f 2431 2770 2794
f 2431 2794 2818
f 2818 2842 2431
f 2431 2842 2866
f 2431 2866 2894
f 2894 2926 2431
f 2431 2926 2958
f 2958 2990 2431
f 2431 2990 3022
f 2431 3022 3054
f 2431 3054 3082
f 2431 3082 3110
f 3110 3146 2431
f 2431 3146 3150
f 2431 3150 3182
f 3182 3214 2431
f 2431 3214 3246
f 3246 3282 2431
f 3283 2431 3282
f 2432 2459 2435
f 2483 2459 2432
f 2432 2507 2483
f 2432 2535 2507
f 2563 2535 2432
f 2432 2587 2563
f 2432 2611 2587
f 2635 2611 2432
f 2432 2659 2635
f 2432 2683 2659
f 2715 2683 2432
f 2432 2719 2715
f 2432 2747 2719
f 2771 2747 2432
f 2432 2795 2771
f 2432 2819 2795
f 2843 2819 2432
f 2432 2867 2843
f 2432 2895 2867
f 2927 2895 2432
f 2432 2959 2927
f 2991 2959 2432
f 2432 3023 2991
f 2432 3055 3023
f 2432 3083 3055
f 2432 3111 3083
f 3147 3111 2432
f 2432 3151 3147
f 2432 3183 3151
f 3215 3183 2432
f 2432 3247 3215
f 3283 3247 2432
f 4084 4083 2432
f 2434 2433 2458
f 2458 2433 2457
f 2436 2435 2460
f 2460 2435 2459
f 2437 2438 2461
f 2461 2717 2437
f 2437 2717 2713
f 2461 2438 2462
f 2536 2462 2438
f 2536 2438 2508
f 2439 2464 2440
f 2463 2464 2439
f 2513 2463 2439
f 2513 2439 2489
f 2442 2465 2441
f 2466 2465 2442
f 4895 2466 2442
f 2444 2467 2443
f 4919 2443 2467
f 2468 2467 2444
f 2444 4068 2468
f 2444 4064 4068
f 2446 2445 2470
f 2470 2445 2469
f 2947 2469 2445
f 2470 4902 2446
f 2448 2447 2472
f 2472 2447 2471
f 2447 4841 2471
f 2449 2450 2473
f 2473 2450 2474
f 2552 2474 2450
f 2520 2450 2496
f 2552 2450 2520
f 2451 2476 2452
f 2475 2476 2451
f 2741 2475 2451
f 2741 2451 2705
f 2584 2452 2476
f 2532 2452 2560
f 2560 2452 2584
f 2454 2477 2453
f 2478 2477 2454
f 2456 2479 2455
f 2480 2479 2456
f 2458 2457 2482
f 2482 2457 2481
f 2460 2459 2484
f 2484 2459 2483
f 2461 2462 2485
f 2485 2745 2461
f 2461 2745 2717
f 2485 2462 2486
f 2588 2486 2462
f 2564 2462 2536
f 2588 2462 2564
f 2463 2488 2464
f 2487 2488 2463
f 2569 2487 2463
f 2545 2463 2513
f 2569 2463 2545
f 2466 2489 2465
f 2490 2489 2466
f 4895 2490 2466
f 2468 2491 2467
f 4919 2467 2491
f 2492 2491 2468
f 2468 3892 2492
f 2468 4068 3892
f 2470 2469 2494
f 2494 2469 2493
f 2947 2493 2469
f 2494 4902 2470
f 2472 2471 2496
f 2496 2471 2495
f 2471 4841 2495
f 2473 2474 2497
f 2497 2474 2498
f 2576 2498 2474
f 2576 2474 2552
f 2475 2500 2476
f 2499 2500 2475
f 2765 2499 2475
f 2765 2475 2741
f 2608 2476 2500
f 2584 2476 2608
f 2478 2501 2477
f 2502 2501 2478
f 2480 2503 2479
f 2504 2503 2480
f 2482 2481 2506
f 2506 2481 2505
f 2484 2483 2508
f 2508 2483 2507
f 2485 2486 2509
f 2509 2769 2485
f 2485 2769 2745
f 2509 2486 2510
f 2612 2510 2486
f 2612 2486 2588
f 2487 2512 2488
f 2511 2512 2487
f 2593 2511 2487
f 2593 2487 2569
f 2490 2513 2489
f 2514 2513 2490
f 4895 2514 2490
f 2492 2515 2491
f 2491 2515 4919
f 2516 2515 2492
f 2492 3896 2516
f 2492 3892 3896
f 2494 2493 2518
f 2518 2493 2517
f 2517 2493 2947
f 2518 4902 2494
f 2496 2495 2520
f 2520 2495 2519
f 2495 4817 2519
f 2495 4841 4817
f 2497 2498 2521
f 2521 2498 2522
f 2600 2522 2498
f 2600 2498 2576
f 2499 2528 2500
f 2527 2528 2499
f 2765 2527 2499
f 2632 2500 2528
f 2608 2500 2632
f 2502 2529 2501
f 2530 2529 2502
f 2504 2531 2503
f 2532 2531 2504
f 2506 2505 2534
f 2534 2505 2533
f 2508 2507 2536
f 2536 2507 2535
f 2509 2510 2537
f 2537 2793 2509
f 2509 2793 2769
f 2537 2510 2538
f 2636 2538 2510
f 2636 2510 2612
f 2511 2544 2512
f 2543 2544 2511
f 2617 2543 2511
f 2617 2511 2593
f 2514 2545 2513
f 2546 2545 2514
f 4895 2546 2514
f 2516 2547 2515
f 4919 2515 2547
f 2548 2547 2516
f 2516 3900 2548
f 2516 3896 3900
f 2518 2517 2550
f 2550 2517 2549
f 2947 2549 2517
f 2550 4902 2518
f 2520 2519 2552
f 2552 2519 2551
f 2519 4817 2551
f 2521 2522 2523
f 2523 2522 2524
f 2624 2524 2522
f 2624 2522 2600
f 2523 2524 2553
f 2553 2524 2554
f 2648 2554 2524
f 2648 2524 2624
f 2525 2526 2527
f 2525 2556 2526
f 2789 2525 2527
f 2555 2556 2525
f 2813 2555 2525
f 2813 2525 2789
f 2527 2526 2528
f 2656 2528 2526
f 2680 2526 2556
f 2656 2526 2680
f 2789 2527 2765
f 2632 2528 2656
f 2530 2557 2529
f 2558 2557 2530
f 2532 2559 2531
f 2560 2559 2532
f 2534 2533 2562
f 2562 2533 2561
f 2536 2535 2564
f 2564 2535 2563
f 2537 2538 2539
f 2539 2793 2537
f 2539 2538 2540
f 2660 2540 2538
f 2660 2538 2636
f 2539 2540 2565
f 2565 2817 2539
f 2539 2817 2793
f 2565 2540 2566
f 2684 2566 2540
f 2684 2540 2660
f 2541 2542 2543
f 2541 2568 2542
f 2641 2541 2543
f 2567 2568 2541
f 2665 2567 2541
f 2665 2541 2641
f 2543 2542 2544
f 2641 2543 2617
f 2546 2569 2545
f 2570 2569 2546
f 4895 2570 2546
f 2548 2571 2547
f 4919 2547 2571
f 2572 2571 2548
f 2548 3904 2572
f 2548 3900 3904
f 2550 2549 2574
f 2574 2549 2573
f 2947 2573 2549
f 2574 4902 2550
f 2552 2551 2576
f 2576 2551 2575
f 2551 4817 2575
f 2553 2554 2577
f 2577 2554 2578
f 2672 2578 2554
f 2672 2554 2648
f 2555 2580 2556
f 2579 2580 2555
f 2837 2579 2555
f 2837 2555 2813
f 2712 2556 2580
f 2680 2556 2712
f 2558 2581 2557
f 2582 2581 2558
f 2560 2583 2559
f 2584 2583 2560
f 2562 2561 2586
f 2586 2561 2585
f 2564 2563 2588
f 2588 2563 2587
f 2565 2566 2589
f 2589 2841 2565
f 2565 2841 2817
f 2589 2566 2590
f 2716 2590 2566
f 2716 2566 2684
f 2567 2592 2568
f 2591 2592 2567
f 2689 2591 2567
f 2689 2567 2665
f 2570 2593 2569
f 2594 2593 2570
f 4895 2594 2570
f 2572 2595 2571
f 2595 4839 2571
f 4839 4855 2571
f 2571 4855 4879
f 2571 4879 4897
f 4897 4919 2571
f 2596 2595 2572
f 2572 3908 2596
f 2572 3904 3908
f 2574 2573 2598
f 2598 2573 2597
f 2597 2573 2947
f 2598 4902 2574
f 2576 2575 2600
f 2600 2575 2599
f 2575 4817 2599
f 2577 2578 2601
f 2601 2578 2602
f 2700 2602 2578
f 2696 2578 2672
f 2700 2578 2696
f 2579 2604 2580
f 2603 2604 2579
f 2861 2603 2579
f 2861 2579 2837
f 2744 2580 2604
f 2712 2580 2708
f 2708 2580 2744
f 2582 2605 2581
f 2606 2605 2582
f 2584 2607 2583
f 2608 2607 2584
f 2586 2585 2610
f 2610 2585 2609
f 2588 2587 2612
f 2612 2587 2611
f 2589 2590 2613
f 2613 2865 2589
f 2589 2865 2841
f 2613 2590 2614
f 2748 2614 2590
f 2720 2590 2716
f 2748 2590 2720
f 2591 2616 2592
f 2615 2616 2591
f 2725 2615 2591
f 2729 2591 2689
f 2725 2591 2729
f 2594 2617 2593
f 2618 2617 2594
f 4895 2618 2594
f 2596 2619 2595
f 4839 2595 2619
f 2620 2619 2596
f 2596 3820 2620
f 2596 3908 3820
f 2598 2597 2622
f 2622 2597 2621
f 2947 2621 2597
f 2622 4902 2598
f 2600 2599 2624
f 2624 2599 2623
f 2599 4785 2623
f 2599 4817 4785
f 2601 2602 2625
f 2625 2602 2626
f 2736 2626 2602
f 2736 2602 2700
f 2603 2628 2604
f 2627 2628 2603
f 2889 2627 2603
f 2889 2603 2861
f 2768 2604 2628
f 2744 2604 2768
f 2606 2629 2605
f 2630 2629 2606
f 2608 2631 2607
f 2632 2631 2608
f 2610 2609 2634
f 2634 2609 2633
f 2612 2611 2636
f 2636 2611 2635
f 2613 2614 2637
f 2637 2893 2613
f 2613 2893 2865
f 2637 2614 2638
f 2772 2638 2614
f 2772 2614 2748
f 2615 2640 2616
f 2639 2640 2615
f 2753 2639 2615
f 2753 2615 2725
f 2618 2641 2617
f 2642 2641 2618
f 4877 2642 2618
f 4877 2618 4895
f 2620 2643 2619
f 4815 2619 2643
f 4839 2619 4815
f 2644 2643 2620
f 2620 3824 2644
f 2620 3820 3824
f 2622 2621 2646
f 2646 2621 2645
f 2947 2645 2621
f 2646 4902 2622
f 2624 2623 2648
f 2648 2623 2647
f 2623 4785 2647
f 2625 2626 2649
f 2649 2626 2650
f 2784 2650 2626
f 2760 2626 2736
f 2784 2626 2760
f 2627 2652 2628
f 2651 2652 2627
f 2921 2651 2627
f 2921 2627 2889
f 2816 2628 2652
f 2768 2628 2792
f 2792 2628 2816
f 2630 2653 2629
f 2654 2653 2630
f 2632 2655 2631
f 2656 2655 2632
f 2634 2633 2658
f 2658 2633 2657
f 2636 2635 2660
f 2660 2635 2659
f 2637 2638 2661
f 2661 2925 2637
f 2637 2925 2893
f 2661 2638 2662
f 2820 2662 2638
f 2796 2638 2772
f 2820 2638 2796
f 2639 2664 2640
f 2663 2664 2639
f 2801 2663 2639
f 2777 2639 2753
f 2801 2639 2777
f 2642 2665 2641
f 2666 2665 2642
f 4877 2666 2642
f 2644 2667 2643
f 4815 2643 2667
f 2668 2667 2644
f 2644 3828 2668
f 2644 3824 3828
f 2646 2645 2670
f 2670 2645 2669
f 2669 2645 2947
f 2670 4902 2646
f 2648 2647 2672
f 2672 2647 2671
f 2647 4785 2671
f 2649 2650 2673
f 2673 2650 2674
f 2808 2674 2650
f 2808 2650 2784
f 2651 2676 2652
f 2675 2676 2651
f 2921 2675 2651
f 2840 2652 2676
f 2816 2652 2840
f 2654 2677 2653
f 2678 2677 2654
f 2656 2679 2655
f 2680 2679 2656
f 2658 2657 2682
f 2682 2657 2681
f 2660 2659 2684
f 2684 2659 2683
f 2661 2662 2685
f 2685 2925 2661
f 2685 2662 2686
f 2844 2686 2662
f 2844 2662 2820
f 2663 2688 2664
f 2687 2688 2663
f 2825 2687 2663
f 2825 2663 2801
f 2666 2689 2665
f 2690 2689 2666
f 4877 2690 2666
f 2668 2691 2667
f 4815 2667 2691
f 2692 2691 2668
f 2668 3772 2692
f 2668 3828 3772
f 2670 2669 2694
f 2694 2669 2693
f 2947 2693 2669
f 2694 4902 2670
f 2672 2671 2696
f 2696 2671 2695
f 2671 4753 2695
f 2671 4785 4753
f 2673 2674 2701
f 2701 2674 2702
f 2856 2702 2674
f 2832 2674 2808
f 2856 2674 2832
f 2675 2704 2676
f 2703 2704 2675
f 2985 2703 2675
f 2953 2675 2921
f 2985 2675 2953
f 2892 2676 2704
f 2840 2676 2864
f 2864 2676 2892
f 2678 2709 2677
f 2710 2709 2678
f 2680 2711 2679
f 2712 2711 2680
f 2682 2681 2714
f 2714 2681 2713
f 2684 2683 2716
f 2716 2683 2715
f 2685 2686 2721
f 2721 2989 2685
f 2685 2957 2925
f 2685 2989 2957
f 2721 2686 2722
f 2896 2722 2686
f 2868 2686 2844
f 2896 2686 2868
f 2687 2724 2688
f 2723 2724 2687
f 2873 2723 2687
f 2849 2687 2825
f 2873 2687 2849
f 2690 2729 2689
f 2730 2729 2690
f 4875 2730 2690
f 4875 2690 4877
f 2692 2731 2691
f 4783 2691 2731
f 4815 2691 4783
f 2732 2731 2692
f 2692 3776 2732
f 2692 3772 3776
f 2694 2693 2698
f 2698 2693 2697
f 2947 2697 2693
f 2698 4902 2694
f 2696 2695 2700
f 2700 2695 2699
f 2695 4755 2699
f 2695 4753 4755
f 2698 2697 2734
f 2734 2697 2733
f 2733 2697 2947
f 2734 4902 2698
f 2700 2699 2736
f 2736 2699 2735
f 2699 4755 2735
f 2701 2702 2737
f 2737 2702 2738
f 2880 2738 2702
f 2880 2702 2856
f 2703 2740 2704
f 2739 2740 2703
f 2985 2739 2703
f 2924 2704 2740
f 2892 2704 2924
f 2706 2705 2710
f 2706 2741 2705
f 2710 2705 2709
f 2742 2741 2706
f 2708 2707 2712
f 2708 2743 2707
f 2712 2707 2711
f 2744 2743 2708
f 2714 2713 2718
f 2718 2713 2717
f 2716 2715 2720
f 2720 2715 2719
f 2718 2717 2746
f 2746 2717 2745
f 2720 2719 2748
f 2748 2719 2747
f 2721 2722 2749
f 2749 3021 2721
f 2721 3021 2989
f 2749 2722 2750
f 2928 2750 2722
f 2928 2722 2896
f 2723 2752 2724
f 2751 2752 2723
f 2905 2751 2723
f 2905 2723 2873
f 2726 2725 2730
f 2726 2753 2725
f 2730 2725 2729
f 4875 2726 2730
f 2754 2753 2726
f 4875 2754 2726
f 2728 2727 2732
f 2728 2755 2727
f 2732 2727 2731
f 4781 2731 2727
f 4781 2727 2755
f 2732 3780 2728
f 2756 2755 2728
f 2728 3724 2756
f 2728 3780 3724
f 4783 2731 4781
f 2732 3776 3780
f 2734 2733 2758
f 2758 2733 2757
f 2947 2757 2733
f 2758 4902 2734
f 2736 2735 2760
f 2760 2735 2759
f 2735 4755 2759
f 2737 2738 2761
f 2761 2738 2762
f 2912 2762 2738
f 2912 2738 2880
f 2739 2764 2740
f 2763 2764 2739
f 3049 2763 2739
f 3017 2739 2985
f 3049 2739 3017
f 2956 2740 2764
f 2924 2740 2956
f 2742 2765 2741
f 2766 2765 2742
f 2744 2767 2743
f 2768 2767 2744
f 2746 2745 2770
f 2770 2745 2769
f 2748 2747 2772
f 2772 2747 2771
f 2749 2750 2773
f 2773 3053 2749
f 2749 3053 3021
f 2773 2750 2774
f 2960 2774 2750
f 2960 2750 2928
f 2751 2776 2752
f 2775 2776 2751
f 2937 2775 2751
f 2937 2751 2905
f 2754 2777 2753
f 2778 2777 2754
f 4875 2778 2754
f 2756 2779 2755
f 4781 2755 2779
f 2780 2779 2756
f 2756 3728 2780
f 2756 3724 3728
f 2758 2757 2782
f 2782 2757 2781
f 2947 2781 2757
f 2782 4902 2758
f 2760 2759 2784
f 2784 2759 2783
f 2759 4745 2783
f 2759 4755 4745
f 2761 2762 2785
f 2785 2762 2786
f 2976 2786 2762
f 2944 2762 2912
f 2976 2762 2944
f 2763 2788 2764
f 2787 2788 2763
f 3049 2787 2763
f 3020 2764 2788
f 2956 2764 2988
f 2988 2764 3020
f 2766 2789 2765
f 2790 2789 2766
f 2768 2791 2767
f 2792 2791 2768
f 2770 2769 2794
f 2794 2769 2793
f 2772 2771 2796
f 2796 2771 2795
f 2773 2774 2797
f 2797 3053 2773
f 2797 2774 2798
f 3024 2798 2774
f 2992 2774 2960
f 3024 2774 2992
f 2775 2800 2776
f 2799 2800 2775
f 3001 2799 2775
f 2969 2775 2937
f 3001 2775 2969
f 2778 2801 2777
f 2802 2801 2778
f 4875 2802 2778
f 2780 2803 2779
f 4751 2779 2803
f 4781 2779 4751
f 2804 2803 2780
f 2780 3732 2804
f 2780 3728 3732
f 2782 2781 2806
f 2806 2781 2805
f 2805 2781 2947
f 2806 4902 2782
f 2784 2783 2808
f 2808 2783 2807
f 2783 4745 2807
f 2785 2786 2809
f 2809 2786 2810
f 3008 2810 2786
f 3008 2786 2976
f 2787 2812 2788
f 2811 2812 2787
f 3077 2811 2787
f 3077 2787 3049
f 3052 2788 2812
f 3020 2788 3052
f 2790 2813 2789
f 2814 2813 2790
f 2792 2815 2791
f 2816 2815 2792
f 2794 2793 2818
f 2818 2793 2817
f 2796 2795 2820
f 2820 2795 2819
f 2797 2798 2821
f 2821 3081 2797
f 2797 3081 3053
f 2821 2798 2822
f 3056 2822 2798
f 3056 2798 3024
f 2799 2824 2800
f 2823 2824 2799
f 3033 2823 2799
f 3033 2799 3001
f 2802 2825 2801
f 2826 2825 2802
f 4875 2826 2802
f 2804 2827 2803
f 4751 2803 2827
f 2828 2827 2804
f 2804 3680 2828
f 2804 3732 3680
f 2806 2805 2830
f 2830 2805 2829
f 2947 2829 2805
f 2830 4902 2806
f 2808 2807 2832
f 2832 2807 2831
f 2807 4745 2831
f 2809 2810 2833
f 2833 2810 2834
f 3040 2834 2810
f 3040 2810 3008
f 2811 2836 2812
f 2835 2836 2811
f 3105 2835 2811
f 3105 2811 3077
f 3080 2812 2836
f 3052 2812 3080
f 2814 2837 2813
f 2838 2837 2814
f 2816 2839 2815
f 2840 2839 2816
f 2818 2817 2842
f 2842 2817 2841
f 2820 2819 2844
f 2844 2819 2843
f 2821 2822 2845
f 2845 3145 2821
f 2821 3109 3081
f 2821 3145 3109
f 2845 2822 2846
f 3084 2846 2822
f 3084 2822 3056
f 2823 2848 2824
f 2847 2848 2823
f 3065 2847 2823
f 3065 2823 3033
f 2826 2849 2825
f 2850 2849 2826
f 4853 2850 2826
f 4853 2826 4875
f 2828 2851 2827
f 4751 2827 2851
f 2852 2851 2828
f 2828 3684 2852
f 2828 3680 3684
f 2830 2829 2854
f 2854 2829 2853
f 2947 2853 2829
f 2854 4902 2830
f 2832 2831 2856
f 2856 2831 2855
f 2831 4745 2855
f 2833 2834 2857
f 2857 2834 2858
f 3096 2858 2834
f 3072 2834 3040
f 3096 2834 3072
f 2835 2860 2836
f 2859 2860 2835
f 3137 2859 2835
f 3141 2835 3105
f 3137 2835 3141
f 3144 2836 2860
f 3080 2836 3108
f 3108 2836 3144
f 2838 2861 2837
f 2862 2861 2838
f 2840 2863 2839
f 2864 2863 2840
f 2842 2841 2866
f 2866 2841 2865
f 2844 2843 2868
f 2868 2843 2867
f 2845 2846 2869
f 2869 3149 2845
f 2845 3149 3145
f 2869 2846 2870
f 3148 2870 2846
f 3112 2846 3084
f 3148 2846 3112
f 2847 2872 2848
f 2871 2872 2847
f 3121 2871 2847
f 3089 2847 3065
f 3121 2847 3089
f 2850 2873 2849
f 2874 2873 2850
f 4853 2874 2850
f 2852 2875 2851
f 4751 2851 2875
f 2876 2875 2852
f 2852 3648 2876
f 2852 3684 3648
f 2854 2853 2878
f 2878 2853 2877
f 2877 2853 2947
f 2878 4902 2854
f 2856 2855 2880
f 2880 2855 2879
f 2855 4745 2879
f 2857 2858 2881
f 2881 2858 2882
f 3128 2882 2858
f 3128 2858 3096
f 2859 2888 2860
f 2887 2888 2859
f 3177 2887 2859
f 3177 2859 3137
f 3140 2860 2888
f 3144 2860 3140
f 2862 2889 2861
f 2890 2889 2862
f 2864 2891 2863
f 2892 2891 2864
f 2866 2865 2894
f 2894 2865 2893
f 2868 2867 2896
f 2896 2867 2895
f 2869 2870 2897
f 2897 3181 2869
f 2869 3181 3149
f 2897 2870 2898
f 3152 2898 2870
f 3152 2870 3148
f 2871 2904 2872
f 2903 2904 2871
f 3161 2903 2871
f 3161 2871 3121
f 2874 2905 2873
f 2906 2905 2874
f 4853 2906 2874
f 2876 2907 2875
f 4751 2875 2907
f 2908 2907 2876
f 2876 3652 2908
f 2876 3648 3652
f 2878 2877 2910
f 2910 2877 2909
f 2947 2909 2877
f 2910 4902 2878
f 2880 2879 2912
f 2912 2879 2911
f 2879 4731 2911
f 2879 4729 4731
f 2879 4745 4729
f 2881 2882 2883
f 2883 2882 2884
f 3132 2884 2882
f 3132 2882 3128
f 2883 2884 2913
f 2913 2884 2914
f 3168 2914 2884
f 3168 2884 3132
f 2885 2886 2887
f 2885 2920 2886
f 3177 2885 2887
f 2919 2920 2885
f 3209 2919 2885
f 3209 2885 3177
f 2887 2886 2888
f 3180 2888 2886
f 3212 2886 2920
f 3180 2886 3212
f 3140 2888 3180
f 2890 2921 2889
f 2922 2921 2890
f 2892 2923 2891
f 2924 2923 2892
f 2894 2893 2926
f 2926 2893 2925
f 2896 2895 2928
f 2928 2895 2927
f 2897 2898 2899
f 2899 3213 2897
f 2897 3213 3181
f 2899 2898 2900
f 3184 2900 2898
f 3184 2898 3152
f 2899 2900 2929
f 2929 3213 2899
f 2929 2900 2930
f 3216 2930 2900
f 3216 2900 3184
f 2901 2902 2903
f 2901 2936 2902
f 3157 2901 2903
f 2935 2936 2901
f 3193 2935 2901
f 3193 2901 3157
f 2903 2902 2904
f 3157 2903 3161
f 2906 2937 2905
f 2938 2937 2906
f 4853 2938 2906
f 2908 2939 2907
f 4741 2907 2939
f 4743 2907 4741
f 4751 2907 4743
f 2940 2939 2908
f 2908 3616 2940
f 2908 3652 3616
f 2910 2909 2942
f 2942 2909 2941
f 2941 2909 2947
f 2942 4902 2910
f 2912 2911 2944
f 2944 2911 2943
f 2911 4731 2943
f 2913 2914 2915
f 2915 2914 2916
f 3200 2916 2914
f 3200 2914 3168
f 2915 2916 2945
f 2945 2916 2946
f 3232 2946 2916
f 3232 2916 3200
f 2917 2918 2919
f 2917 2952 2918
f 3241 2917 2919
f 2951 2952 2917
f 2951 2917 3241
f 2919 2918 2920
f 3244 2920 2918
f 3244 2918 2952
f 3241 2919 3209
f 3212 2920 3244
f 2922 2953 2921
f 2954 2953 2922
f 2924 2955 2923
f 2956 2955 2924
f 2926 2925 2958
f 2958 2925 2957
f 2928 2927 2960
f 2960 2927 2959
f 2929 2930 2931
f 2931 3245 2929
f 2929 3245 3213
f 2931 2930 2932
f 3248 2932 2930
f 3248 2930 3216
f 2931 2932 2961
f 2961 3245 2931
f 2961 2932 2962
f 3248 2962 2932
f 2933 2934 2935
f 2933 2968 2934
f 3225 2933 2935
f 2967 2968 2933
f 3257 2967 2933
f 3257 2933 3225
f 2935 2934 2936
f 3225 2935 3193
f 2938 2969 2937
f 2970 2969 2938
f 4853 2970 2938
f 2940 2971 2939
f 4741 2939 2971
f 2972 2971 2940
f 2940 3620 2972
f 2940 3616 3620
f 2942 2941 2974
f 2947 2973 2941
f 2974 2941 2973
f 2974 4902 2942
f 2944 2943 2976
f 2976 2943 2975
f 2943 4713 2975
f 2943 4731 4713
f 2945 2946 2947
f 2947 2946 2948
f 2946 3232 2948
f 2947 2948 2977
f 2947 3005 2973
f 2977 3301 2947
f 3037 3005 2947
f 2947 3069 3037
f 3093 3069 2947
f 2947 3125 3093
f 2947 3129 3125
f 3165 3129 2947
f 2947 3197 3165
f 2947 3229 3197
f 2947 3261 3229
f 2947 3301 3261
f 2977 2948 2978
f 3936 2978 2948
f 2948 3232 3264
f 2948 3264 3304
f 2948 3304 3352
f 2948 3352 3416
f 3416 3420 2948
f 2948 3420 3480
f 2948 3480 3496
f 3496 3500 2948
f 2948 3500 3528
f 3528 3544 2948
f 2948 3544 3548
f 2948 3548 3576
f 3576 3592 2948
f 2948 3592 3596
f 3596 3624 2948
f 2948 3624 3628
f 2948 3628 3656
f 3656 3660 2948
f 2948 3660 3688
f 2948 3688 3692
f 3692 3696 2948
f 2948 3696 3736
f 2948 3736 3740
f 3740 3744 2948
f 2948 3744 3784
f 2948 3784 3788
f 3788 3792 2948
f 2948 3792 3832
f 2948 3832 3836
f 3836 3840 2948
f 2948 3840 3844
f 2948 3844 3848
f 3848 3912 2948
f 2948 3912 3916
f 2948 3916 3920
f 3920 3924 2948
f 2948 3924 3928
f 2948 3928 3932
f 3932 3936 2948
f 2949 2950 2951
f 2949 2984 2950
f 2951 3241 2949
f 2983 2984 2949
f 2949 3277 2983
f 2949 3241 3277
f 2951 2950 2952
f 2952 2950 3280
f 3280 2950 2984
f 3244 2952 3280
f 2954 2985 2953
f 2986 2985 2954
f 2956 2987 2955
f 2988 2987 2956
f 2958 2957 2990
f 2990 2957 2989
f 2960 2959 2992
f 2992 2959 2991
f 2961 2962 2963
f 2963 3281 2961
f 2961 3281 3245
f 2963 2962 2964
f 3284 2964 2962
f 3284 2962 3248
f 2963 2964 2993
f 2993 3325 2963
f 2963 3325 3281
f 2993 2964 2994
f 2994 2964 3284
f 2965 2966 2967
f 2965 3000 2966
f 3257 2965 2967
f 2999 3000 2965
f 2999 2965 4041
f 3297 2965 3257
f 3345 2965 3297
f 3409 2965 3345
f 3473 2965 3409
f 3469 2965 3473
f 3489 2965 3469
f 3521 2965 3489
f 3517 2965 3521
f 3537 2965 3517
f 3569 2965 3537
f 3565 2965 3569
f 3585 2965 3565
f 3617 2965 3585
f 3613 2965 3617
f 3649 2965 3613
f 3645 2965 3649
f 3681 2965 3645
f 3677 2965 3681
f 3729 2965 3677
f 3721 2965 3725
f 3777 2965 3721
f 3725 2965 3729
f 3769 2965 3773
f 3825 2965 3769
f 3773 2965 3777
f 3817 2965 3821
f 3905 2965 3817
f 3821 2965 3825
f 3889 2965 3893
f 4065 2965 3889
f 3893 2965 3897
f 3897 2965 3901
f 3901 2965 3905
f 4041 2965 4045
f 4045 2965 4049
f 4049 2965 4053
f 4053 2965 4057
f 4057 2965 4061
f 4061 2965 4065
f 2967 2966 2968
f 4044 2966 3000
f 2970 3001 2969
f 3002 3001 2970
f 4853 3002 2970
f 2972 3003 2971
f 4727 2971 3003
f 4741 2971 4727
f 3004 3003 2972
f 2972 3588 3004
f 2972 3620 3588
f 2974 2973 3006
f 3006 2973 3005
f 3006 4902 2974
f 2976 2975 3008
f 3008 2975 3007
f 2975 4713 3007
f 2977 2978 2979
f 3301 2977 2979
f 2979 2978 2980
f 3936 2980 2978
f 2979 2980 3009
f 3349 2979 3009
f 3301 2979 3349
f 3009 2980 3010
f 3010 2980 3936
f 2981 2982 2983
f 2981 3016 2982
f 2983 3321 2981
f 3015 3016 2981
f 2981 3321 3015
f 2983 2982 2984
f 3324 2984 2982
f 3324 2982 3016
f 2983 3277 3321
f 3280 2984 3324
f 2986 3017 2985
f 3018 3017 2986
f 2988 3019 2987
f 3020 3019 2988
f 2990 2989 3022
f 3022 2989 3021
f 2992 2991 3024
f 3024 2991 3023
f 2993 2994 2995
f 2993 2995 3325
f 2995 2994 2996
f 3328 2996 2994
f 3328 2994 3284
f 2995 2996 3025
f 3325 2995 3025
f 3025 2996 3026
f 3328 3026 2996
f 2997 2998 2999
f 2997 3032 2998
f 4041 2997 2999
f 3031 3032 2997
f 4041 3031 2997
f 2999 2998 3000
f 4044 3000 2998
f 2998 3032 4044
f 3002 3033 3001
f 3034 3033 3002
f 4853 3034 3002
f 3004 3035 3003
f 4727 3003 3035
f 3036 3035 3004
f 3004 3568 3036
f 3004 3588 3568
f 3006 3005 3038
f 3038 3005 3037
f 3038 4902 3006
f 3008 3007 3040
f 3040 3007 3039
f 3007 4713 3039
f 3009 3010 3011
f 3413 3009 3011
f 3349 3009 3413
f 3011 3010 3012
f 3936 3012 3010
f 3011 3012 3041
f 3417 3011 3041
f 3413 3011 3417
f 3041 3012 3042
f 3936 3042 3012
f 3013 3014 3015
f 3013 3048 3014
f 3015 3377 3013
f 3047 3048 3013
f 3013 3377 3047
f 3015 3014 3016
f 3380 3016 3014
f 3444 3014 3048
f 3380 3014 3444
f 3015 3321 3377
f 3324 3016 3380
f 3018 3049 3017
f 3050 3049 3018
f 3020 3051 3019
f 3052 3051 3020
f 3022 3021 3054
f 3054 3021 3053
f 3024 3023 3056
f 3056 3023 3055
f 3025 3026 3027
f 3381 3025 3027
f 3325 3025 3381
f 3027 3026 3028
f 3384 3028 3026
f 3384 3026 3328
f 3027 3028 3057
f 3445 3027 3057
f 3381 3027 3445
f 3057 3028 3058
f 3448 3058 3028
f 3448 3028 3384
f 3029 3030 3031
f 3029 3064 3030
f 3029 3031 4041
f 3063 3064 3029
f 4041 3063 3029
f 3031 3030 3032
f 4044 3032 3030
f 4044 3030 3064
f 3034 3065 3033
f 3066 3065 3034
f 4853 3066 3034
f 3036 3067 3035
f 4727 3035 3067
f 3068 3067 3036
f 3036 3572 3068
f 3036 3568 3572
f 3038 3037 3070
f 3070 3037 3069
f 3070 4843 3038
f 3038 4843 4861
f 4861 4859 3038
f 3038 4859 4884
f 4884 4902 3038
f 3040 3039 3072
f 3072 3039 3071
f 3039 4715 3071
f 3039 4713 4715
f 3041 3042 3043
f 3477 3041 3043
f 3417 3041 3477
f 3043 3042 3044
f 3044 3042 3936
f 3043 3044 3073
f 3493 3043 3073
f 3477 3043 3493
f 3073 3044 3074
f 3936 3074 3044
f 3045 3046 3047
f 3045 3076 3046
f 3047 3441 3045
f 3075 3076 3045
f 3045 3437 3075
f 3045 3441 3437
f 3047 3046 3048
f 3440 3048 3046
f 3484 3046 3076
f 3440 3046 3484
f 3047 3377 3441
f 3444 3048 3440
f 3050 3077 3049
f 3078 3077 3050
f 3052 3079 3051
f 3080 3079 3052
f 3054 3053 3082
f 3082 3053 3081
f 3056 3055 3084
f 3084 3055 3083
f 3057 3058 3059
f 3445 3057 3059
f 3059 3058 3060
f 3452 3060 3058
f 3452 3058 3448
f 3059 3060 3085
f 3449 3059 3085
f 3445 3059 3449
f 3085 3060 3086
f 3488 3086 3060
f 3488 3060 3452
f 3061 3062 3063
f 3061 3088 3062
f 4041 3061 3063
f 3087 3088 3061
f 3087 3061 4041
f 3063 3062 3064
f 3064 3062 4044
f 4044 3062 3088
f 3066 3089 3065
f 3090 3089 3066
f 4837 3090 3066
f 4837 3066 4853
f 3068 3091 3067
f 4725 3067 3091
f 4727 3067 4725
f 3092 3091 3068
f 3068 3540 3092
f 3068 3572 3540
f 3070 3069 3094
f 3094 3069 3093
f 3094 4819 3070
f 3070 4819 4843
f 3072 3071 3096
f 3096 3071 3095
f 3071 4697 3095
f 3071 4715 4697
f 3073 3074 3097
f 3525 3073 3097
f 3493 3073 3497
f 3497 3073 3525
f 3097 3074 3098
f 3098 3074 3936
f 3075 3104 3076
f 3103 3104 3075
f 3075 3481 3103
f 3075 3437 3481
f 3504 3076 3104
f 3484 3076 3508
f 3508 3076 3504
f 3078 3105 3077
f 3106 3105 3078
f 3080 3107 3079
f 3108 3107 3080
f 3082 3081 3110
f 3110 3081 3109
f 3084 3083 3112
f 3112 3083 3111
f 3085 3086 3113
f 3509 3085 3113
f 3449 3085 3485
f 3485 3085 3509
f 3113 3086 3114
f 3516 3114 3086
f 3512 3086 3488
f 3516 3086 3512
f 3087 3120 3088
f 3119 3120 3087
f 4041 3119 3087
f 3088 3120 4044
f 3090 3121 3089
f 3122 3121 3090
f 4837 3122 3090
f 3092 3123 3091
f 4711 3091 3123
f 4725 3091 4711
f 3124 3123 3092
f 3092 3520 3124
f 3092 3540 3520
f 3094 3093 3126
f 3126 3093 3125
f 3126 4821 3094
f 3094 4821 4819
f 3096 3095 3128
f 3128 3095 3127
f 3095 4697 3127
f 3097 3098 3099
f 3541 3097 3099
f 3525 3097 3541
f 3099 3098 3100
f 3936 3100 3098
f 3099 3100 3133
f 3545 3099 3133
f 3541 3099 3545
f 3133 3100 3134
f 3134 3100 3936
f 3101 3102 3103
f 3101 3136 3102
f 3103 3501 3101
f 3135 3136 3101
f 3101 3529 3135
f 3101 3501 3529
f 3103 3102 3104
f 3532 3104 3102
f 3556 3102 3136
f 3532 3102 3556
f 3103 3481 3505
f 3103 3505 3501
f 3504 3104 3532
f 3106 3141 3105
f 3142 3141 3106
f 3108 3143 3107
f 3144 3143 3108
f 3110 3109 3146
f 3146 3109 3145
f 3112 3111 3148
f 3148 3111 3147
f 3113 3114 3115
f 3513 3113 3115
f 3509 3113 3513
f 3115 3114 3116
f 3536 3116 3114
f 3536 3114 3516
f 3115 3116 3153
f 3533 3115 3153
f 3513 3115 3533
f 3153 3116 3154
f 3560 3154 3116
f 3560 3116 3536
f 3117 3118 3119
f 3117 3156 3118
f 3117 3119 4037
f 3155 3156 3117
f 4037 3155 3117
f 3119 3118 3120
f 4040 3120 3118
f 3118 3156 4040
f 4037 3119 4041
f 4044 3120 4040
f 3122 3161 3121
f 3162 3161 3122
f 4837 3162 3122
f 3124 3163 3123
f 4711 3123 3163
f 3164 3163 3124
f 3124 3524 3164
f 3124 3520 3524
f 3126 3125 3130
f 3130 3125 3129
f 3130 4789 3126
f 3126 4789 4787
f 4787 4821 3126
f 3128 3127 3132
f 3132 3127 3131
f 3127 4697 3131
f 3130 3129 3166
f 3166 3129 3165
f 3166 4789 3130
f 3132 3131 3168
f 3168 3131 3167
f 3131 4681 3167
f 3131 4699 4681
f 3131 4697 4699
f 3133 3134 3169
f 3589 3133 3169
f 3545 3133 3573
f 3573 3133 3589
f 3169 3134 3170
f 3936 3170 3134
f 3135 3176 3136
f 3175 3176 3135
f 3135 3529 3175
f 3580 3136 3176
f 3556 3136 3552
f 3552 3136 3580
f 3138 3137 3142
f 3138 3177 3137
f 3142 3137 3141
f 3178 3177 3138
f 3140 3139 3144
f 3140 3179 3139
f 3144 3139 3143
f 3180 3179 3140
f 3146 3145 3150
f 3150 3145 3149
f 3148 3147 3152
f 3152 3147 3151
f 3150 3149 3182
f 3182 3149 3181
f 3152 3151 3184
f 3184 3151 3183
f 3153 3154 3185
f 3533 3153 3185
f 3185 3154 3186
f 3584 3186 3154
f 3564 3154 3560
f 3584 3154 3564
f 3155 3192 3156
f 3191 3192 3155
f 4033 3191 3155
f 4033 3155 4037
f 4036 3156 3192
f 4040 3156 4036
f 3158 3157 3162
f 3158 3193 3157
f 3162 3157 3161
f 4835 3158 3162
f 3194 3193 3158
f 4835 3194 3158
f 3160 3159 3164
f 3160 3195 3159
f 3164 3159 3163
f 4711 3163 3159
f 4695 3159 3195
f 4709 3159 4695
f 4711 3159 4709
f 3164 3492 3160
f 3196 3195 3160
f 3160 3472 3196
f 3160 3492 3472
f 4835 3162 4837
f 3164 3524 3492
f 3166 3165 3198
f 3198 3165 3197
f 3198 4791 3166
f 3166 4791 4789
f 3168 3167 3200
f 3200 3167 3199
f 3167 4681 3199
f 3169 3170 3171
f 3593 3169 3171
f 3589 3169 3593
f 3171 3170 3172
f 3936 3172 3170
f 3171 3172 3201
f 3621 3171 3201
f 3593 3171 3621
f 3201 3172 3202
f 3936 3202 3172
f 3173 3174 3175
f 3173 3208 3174
f 3175 3553 3173
f 3207 3208 3173
f 3173 3549 3207
f 3173 3553 3549
f 3175 3174 3176
f 3604 3176 3174
f 3600 3174 3208
f 3604 3174 3600
f 3175 3529 3553
f 3580 3176 3604
f 3178 3209 3177
f 3210 3209 3178
f 3180 3211 3179
f 3212 3211 3180
f 3182 3181 3214
f 3214 3181 3213
f 3184 3183 3216
f 3216 3183 3215
f 3185 3186 3187
f 3561 3185 3187
f 3533 3185 3557
f 3557 3185 3561
f 3187 3186 3188
f 3612 3188 3186
f 3608 3186 3584
f 3612 3186 3608
f 3187 3188 3217
f 3561 3187 3217
f 3217 3188 3218
f 3612 3218 3188
f 3189 3190 3191
f 3189 3224 3190
f 4033 3189 3191
f 3223 3224 3189
f 4033 3223 3189
f 3191 3190 3192
f 3192 3190 4036
f 4036 3190 3224
f 3194 3225 3193
f 3226 3225 3194
f 4835 3226 3194
f 3196 3227 3195
f 4695 3195 3227
f 3228 3227 3196
f 3196 3476 3228
f 3196 3472 3476
f 3198 3197 3230
f 3230 3197 3229
f 3230 4759 3198
f 3198 4759 4757
f 3198 4757 4791
f 3200 3199 3232
f 3232 3199 3231
f 3199 4681 3231
f 3201 3202 3203
f 3203 4069 3201
f 3621 3201 3625
f 3625 3201 3653
f 3653 3201 3657
f 3657 3201 3685
f 3685 3201 3689
f 3689 3201 3693
f 3693 3201 3733
f 3733 3201 3737
f 3737 3201 3741
f 3741 3201 3781
f 3781 3201 3785
f 3785 3201 3789
f 3789 3201 3829
f 3829 3201 3833
f 3833 3201 3837
f 3837 3201 3841
f 3841 3201 3845
f 3845 3201 3909
f 3909 3201 3913
f 3913 3201 3917
f 3917 3201 3921
f 3921 3201 3925
f 3925 3201 3929
f 3929 3201 3933
f 3933 3201 3937
f 3201 3941 3937
f 3201 3945 3941
f 3201 4069 3945
f 3203 3202 3204
f 3936 3204 3202
f 3203 3204 3233
f 3233 4069 3203
f 3233 3204 3234
f 3936 3234 3204
f 3205 3206 3207
f 3205 3240 3206
f 3207 3601 3205
f 3239 3240 3205
f 3205 3601 3239
f 3207 3206 3208
f 3632 3208 3206
f 3668 3206 3240
f 3632 3206 3668
f 3207 3549 3577
f 3207 3577 3601
f 3600 3208 3636
f 3636 3208 3632
f 3210 3241 3209
f 3242 3241 3210
f 3212 3243 3211
f 3244 3243 3212
f 3214 3213 3246
f 3246 3213 3245
f 3216 3215 3248
f 3248 3215 3247
f 3217 3218 3219
f 3605 3217 3219
f 3561 3217 3581
f 3581 3217 3605
f 3219 3218 3220
f 3644 3220 3218
f 3640 3218 3612
f 3644 3218 3640
f 3219 3220 3249
f 3609 3219 3249
f 3605 3219 3609
f 3249 3220 3250
f 3672 3250 3220
f 3672 3220 3644
f 3221 3222 3223
f 3221 3256 3222
f 4029 3221 3223
f 3255 3256 3221
f 4029 3255 3221
f 3223 3222 3224
f 4032 3224 3222
f 3222 3256 4032
f 4029 3223 4033
f 4036 3224 4032
f 3226 3257 3225
f 3258 3257 3226
f 4835 3258 3226
f 3228 3259 3227
f 4695 3227 3259
f 3260 3259 3228
f 3228 3412 3260
f 3228 3476 3412
f 3230 3229 3262
f 3262 3229 3261
f 3262 4761 3230
f 3230 4761 4759
f 3232 3231 3264
f 3264 3231 3263
f 3231 4683 3263
f 3231 4681 4683
f 3233 3234 3235
f 3235 3949 3233
f 3233 3949 4069
f 3235 3234 3236
f 3936 3236 3234
f 3235 3236 3265
f 3265 3949 3235
f 3265 3236 3266
f 3936 3266 3236
f 3237 3238 3239
f 3237 3276 3238
f 3239 3597 3237
f 3275 3276 3237
f 3237 3633 3275
f 3237 3597 3633
f 3239 3238 3240
f 3708 3240 3238
f 3704 3238 3276
f 3708 3238 3704
f 3239 3601 3597
f 3668 3240 3664
f 3664 3240 3708
f 3242 3277 3241
f 3278 3277 3242
f 3244 3279 3243
f 3280 3279 3244
f 3246 3245 3282
f 3282 3245 3281
f 3248 3247 3284
f 3284 3247 3283
f 3249 3250 3251
f 3609 3249 3251
f 3251 3250 3252
f 3712 3252 3250
f 3676 3250 3672
f 3712 3250 3676
f 3251 3252 3285
f 3637 3251 3285
f 3609 3251 3637
f 3285 3252 3286
f 3716 3286 3252
f 3716 3252 3712
f 3253 3254 3255
f 3253 3296 3254
f 4073 3253 3255
f 3295 3296 3253
f 3295 3253 4025
f 4025 3253 4073
f 3255 3254 3256
f 4076 3256 3254
f 4028 3254 3296
f 4076 3254 4028
f 4073 3255 4029
f 4032 3256 4076
f 3258 3297 3257
f 3298 3297 3258
f 4835 3298 3258
f 3260 3299 3259
f 4693 3259 3299
f 4695 3259 4693
f 3300 3299 3260
f 3260 3348 3300
f 3260 3412 3348
f 3262 3261 3302
f 3302 3261 3301
f 3302 4763 3262
f 3262 4763 4761
f 3264 3263 3304
f 3304 3263 3303
f 3263 4665 3303
f 3263 4683 4665
f 3265 3266 3267
f 3267 3953 3265
f 3265 3953 3949
f 3267 3266 3268
f 3936 3268 3266
f 3267 3268 3269
f 3269 3953 3267
f 3269 3268 3270
f 3936 3270 3268
f 3269 3270 3305
f 3305 3957 3269
f 3269 3957 3953
f 3305 3270 3306
f 3306 3270 3936
f 3271 3272 3273
f 3271 3320 3272
f 3273 3665 3271
f 3319 3320 3271
f 3271 3661 3319
f 3271 3665 3661
f 3273 3272 3274
f 3752 3274 3272
f 3748 3272 3320
f 3752 3272 3748
f 3273 3274 3275
f 3275 3629 3273
f 3273 3629 3665
f 3275 3274 3276
f 3756 3276 3274
f 3756 3274 3752
f 3275 3633 3629
f 3704 3276 3700
f 3700 3276 3756
f 3278 3321 3277
f 3279 4077 3278
f 3322 3321 3278
f 3322 3278 4077
f 3280 3323 3279
f 3323 4078 3279
f 4078 4077 3279
f 3324 3323 3280
f 3282 3281 3326
f 3326 3281 3325
f 3283 3282 4080
f 3326 4079 3282
f 4080 3282 4079
f 3284 3283 3328
f 3328 3283 3327
f 3327 3283 4080
f 3285 3286 3287
f 3641 3285 3287
f 3637 3285 3641
f 3287 3286 3288
f 3760 3288 3286
f 3720 3286 3716
f 3760 3286 3720
f 3287 3288 3289
f 3669 3287 3289
f 3641 3287 3669
f 3289 3288 3290
f 3764 3290 3288
f 3764 3288 3760
f 3289 3290 3329
f 3673 3289 3329
f 3669 3289 3673
f 3329 3290 3330
f 3768 3330 3290
f 3768 3290 3764
f 3291 3292 3293
f 3291 3344 3292
f 4021 3291 3293
f 3343 3344 3291
f 4021 3343 3291
f 3293 3292 3294
f 4024 3294 3292
f 4024 3292 3344
f 3293 3294 3295
f 4025 3293 3295
f 4021 3293 4025
f 3295 3294 3296
f 3296 3294 4028
f 4028 3294 4024
f 3298 3345 3297
f 3346 3345 3298
f 4835 3346 3298
f 3300 3347 3299
f 4679 3299 3347
f 4693 3299 4679
f 3348 3347 3300
f 3302 3301 3350
f 3350 3301 3349
f 3350 4795 3302
f 3302 4793 4763
f 3302 4795 4793
f 3304 3303 3352
f 3352 3303 3351
f 3303 4665 3351
f 3305 3306 3307
f 3307 3957 3305
f 3307 3306 3308
f 3936 3308 3306
f 3307 3308 3309
f 3309 3961 3307
f 3307 3961 3957
f 3309 3308 3310
f 3936 3310 3308
f 3309 3310 3311
f 3311 3961 3309
f 3311 3310 3312
f 3312 3310 3936
f 3311 3312 3353
f 3353 3965 3311
f 3311 3965 3961
f 3353 3312 3354
f 3936 3354 3312
f 3313 3314 3315
f 3313 3376 3314
f 3315 3701 3313
f 3375 3376 3313
f 3313 3697 3375
f 3313 3701 3697
f 3315 3314 3316
f 3796 3316 3314
f 3864 3314 3376
f 3796 3314 3868
f 3868 3314 3864
f 3315 3316 3317
f 3317 3705 3315
f 3315 3705 3701
f 3317 3316 3318
f 3800 3318 3316
f 3800 3316 3796
f 3317 3318 3319
f 3319 3661 3317
f 3317 3661 3705
f 3319 3318 3320
f 3804 3320 3318
f 3804 3318 3800
f 3748 3320 3804
f 3322 3377 3321
f 3378 3377 3322
f 4077 3378 3322
f 3324 3379 3323
f 3379 4078 3323
f 3380 3379 3324
f 3326 3325 3382
f 3382 3325 3381
f 3382 4079 3326
f 3328 3327 3384
f 3384 3327 3383
f 4080 3383 3327
f 3329 3330 3331
f 3709 3329 3331
f 3673 3329 3709
f 3331 3330 3332
f 3808 3332 3330
f 3808 3330 3768
f 3331 3332 3333
f 3709 3331 3333
f 3333 3332 3334
f 3812 3334 3332
f 3812 3332 3808
f 3333 3334 3335
f 3713 3333 3335
f 3709 3333 3713
f 3335 3334 3336
f 3816 3336 3334
f 3816 3334 3812
f 3335 3336 3385
f 3717 3335 3385
f 3713 3335 3717
f 3385 3336 3386
f 3876 3386 3336
f 3872 3336 3816
f 3876 3336 3872
f 3337 3338 3339
f 3337 3408 3338
f 4013 3337 3339
f 3407 3408 3337
f 4009 3407 3337
f 4009 3337 4013
f 3339 3338 3340
f 4016 3340 3338
f 4012 3338 3408
f 4016 3338 4012
f 3339 3340 3341
f 4017 3339 3341
f 4013 3339 4017
f 3341 3340 3342
f 4020 3342 3340
f 4020 3340 4016
f 3341 3342 3343
f 4017 3341 3343
f 3343 3342 3344
f 4020 3344 3342
f 4017 3343 4021
f 4024 3344 4020
f 3346 3409 3345
f 3410 3409 3346
f 4813 3410 3346
f 4813 3346 4835
f 3348 3411 3347
f 4679 3347 3411
f 3412 3411 3348
f 3350 3349 3414
f 3414 3349 3413
f 3414 4797 3350
f 4797 4795 3350
f 3352 3351 3416
f 3416 3351 3415
f 3351 4667 3415
f 3351 4665 4667
f 3353 3354 3355
f 3355 3969 3353
f 3353 3969 3965
f 3355 3354 3356
f 3356 3354 3936
f 3355 3356 3357
f 3357 3973 3355
f 3355 3973 3969
f 3357 3356 3358
f 3936 3358 3356
f 3357 3358 3359
f 3359 3973 3357
f 3359 3358 3360
f 3360 3358 3936
f 3359 3360 3361
f 3361 3977 3359
f 3359 3977 3973
f 3361 3360 3362
f 3936 3362 3360
f 3361 3362 3363
f 3363 3981 3361
f 3361 3981 3977
f 3363 3362 3364
f 3364 3362 3936
f 3363 3364 3421
f 3421 3985 3363
f 3363 3985 3981
f 3421 3364 3422
f 3936 3422 3364
f 3365 3366 3367
f 3365 3436 3366
f 3367 3797 3365
f 3435 3436 3365
f 3365 3797 3435
f 3367 3366 3368
f 3976 3368 3366
f 3972 3366 3436
f 3976 3366 3972
f 3367 3368 3369
f 3369 3745 3367
f 3367 3745 3801
f 3367 3801 3797
f 3369 3368 3370
f 3984 3370 3368
f 3980 3368 3976
f 3984 3368 3980
f 3369 3370 3371
f 3371 3745 3369
f 3371 3370 3372
f 3988 3372 3370
f 3988 3370 3984
f 3371 3372 3373
f 3373 3749 3371
f 3371 3749 3745
f 3373 3372 3374
f 3852 3374 3372
f 3852 3372 3988
f 3373 3374 3375
f 3375 3753 3373
f 3373 3753 3749
f 3375 3374 3376
f 3860 3376 3374
f 3856 3374 3852
f 3860 3374 3856
f 3375 3697 3753
f 3864 3376 3860
f 3378 3441 3377
f 3442 3441 3378
f 3442 3378 4077
f 3380 3443 3379
f 3443 4078 3379
f 3444 3443 3380
f 3382 3381 3446
f 3446 3381 3445
f 3446 4079 3382
f 3384 3383 3448
f 3448 3383 3447
f 3447 3383 4080
f 3385 3386 3387
f 3757 3385 3387
f 3717 3385 3757
f 3387 3386 3388
f 3880 3388 3386
f 3880 3386 3876
f 3387 3388 3389
f 3761 3387 3389
f 3757 3387 3761
f 3389 3388 3390
f 3880 3390 3388
f 3389 3390 3391
f 3765 3389 3391
f 3761 3389 3765
f 3391 3390 3392
f 3880 3392 3390
f 3391 3392 3393
f 3805 3391 3393
f 3765 3391 3805
f 3393 3392 3394
f 3394 3392 3880
f 3393 3394 3395
f 3809 3393 3395
f 3805 3393 3809
f 3395 3394 3396
f 3880 3396 3394
f 3395 3396 3453
f 3813 3395 3453
f 3809 3395 3813
f 3453 3396 3454
f 3454 3396 3880
f 3397 3398 3399
f 3397 3468 3398
f 3993 3397 3399
f 3467 3468 3397
f 3993 3467 3397
f 3399 3398 3400
f 3996 3400 3398
f 3996 3398 3468
f 3399 3400 3401
f 4001 3399 3401
f 3993 3399 3997
f 3997 3399 4001
f 3401 3400 3402
f 4004 3402 3400
f 4000 3400 3996
f 4004 3400 4000
f 3401 3402 3403
f 4001 3401 3403
f 3403 3402 3404
f 4004 3404 3402
f 3403 3404 3405
f 4005 3403 3405
f 4001 3403 4005
f 3405 3404 3406
f 4008 3406 3404
f 4008 3404 4004
f 3405 3406 3407
f 4009 3405 3407
f 4005 3405 4009
f 3407 3406 3408
f 4012 3408 3406
f 4012 3406 4008
f 3410 3473 3409
f 3474 3473 3410
f 4813 3474 3410
f 3412 3475 3411
f 4677 3411 3475
f 4679 3411 4677
f 3476 3475 3412
f 3414 3413 3418
f 3418 3413 3417
f 3418 4823 3414
f 3414 4823 4797
f 3416 3415 3420
f 3420 3415 3419
f 3415 4667 3419
f 3418 3417 3478
f 3478 3417 3477
f 3478 4845 3418
f 3418 4825 4823
f 4845 4825 3418
f 3420 3419 3480
f 3480 3419 3479
f 3419 4641 3479
f 3419 4667 4641
f 3421 3422 3423
f 3423 3985 3421
f 3423 3422 3424
f 3936 3424 3422
f 3423 3424 3425
f 3425 3849 3423
f 3423 3849 3985
f 3425 3424 3426
f 3944 3426 3424
f 3940 3424 3936
f 3944 3424 3940
f 3425 3426 3427
f 3427 3853 3425
f 3425 3853 3849
f 3427 3426 3428
f 3948 3428 3426
f 3948 3426 3944
f 3427 3428 3429
f 3429 3857 3427
f 3427 3857 3853
f 3429 3428 3430
f 4072 3430 3428
f 4072 3428 3948
f 3429 3430 3431
f 3431 3861 3429
f 3429 3861 3857
f 3431 3430 3432
f 3956 3432 3430
f 3956 3430 3952
f 3952 3430 4072
f 3431 3432 3433
f 3433 3865 3431
f 3431 3865 3861
f 3433 3432 3434
f 3960 3434 3432
f 3960 3432 3956
f 3433 3434 3435
f 3435 3793 3433
f 3433 3793 3865
f 3435 3434 3436
f 3968 3436 3434
f 3964 3434 3960
f 3968 3434 3964
f 3435 3797 3793
f 3972 3436 3968
f 3438 3437 3442
f 3438 3481 3437
f 3442 3437 3441
f 4077 3438 3442
f 3482 3481 3438
f 4077 3482 3438
f 3440 3439 3444
f 3440 3483 3439
f 3444 3439 3443
f 3439 4078 3443
f 3483 4078 3439
f 3484 3483 3440
f 3446 3445 3450
f 3450 3445 3449
f 3450 4079 3446
f 3448 3447 3452
f 3452 3447 3451
f 4080 3451 3447
f 3450 3449 3486
f 3486 3449 3485
f 3486 4079 3450
f 3452 3451 3488
f 3488 3451 3487
f 4080 3487 3451
f 3453 3454 3455
f 3813 3453 3455
f 3455 3454 3456
f 3880 3456 3454
f 3455 3456 3457
f 3873 3455 3457
f 3813 3455 3869
f 3869 3455 3873
f 3457 3456 3458
f 3458 3456 3880
f 3457 3458 3459
f 3873 3457 3459
f 3459 3458 3460
f 3880 3460 3458
f 3459 3460 3461
f 3881 3459 3461
f 3873 3459 3877
f 3877 3459 3881
f 3461 3460 3462
f 3884 3462 3460
f 3884 3460 3880
f 3461 3462 3463
f 3881 3461 3463
f 3463 3462 3464
f 3884 3464 3462
f 3463 3464 3465
f 3885 3463 3465
f 3881 3463 3885
f 3465 3464 3466
f 3888 3466 3464
f 3888 3464 3884
f 3465 3466 3467
f 3989 3465 3467
f 3885 3465 3989
f 3467 3466 3468
f 3992 3468 3466
f 3992 3466 3888
f 3989 3467 3993
f 3996 3468 3992
f 3470 3469 3474
f 3470 3489 3469
f 3474 3469 3473
f 4813 3470 3474
f 3490 3489 3470
f 4811 3490 3470
f 4811 3470 4813
f 3472 3471 3476
f 3472 3491 3471
f 3476 3471 3475
f 4677 3475 3471
f 4663 3471 3491
f 4677 3471 4663
f 3492 3491 3472
f 3478 3477 3494
f 3494 3477 3493
f 3494 4904 3478
f 3478 4863 4845
f 3478 4865 4863
f 4886 4865 3478
f 3478 4904 4886
f 3480 3479 3496
f 3496 3479 3495
f 3479 4643 3495
f 3479 4641 4643
f 3482 3505 3481
f 3506 3505 3482
f 3506 3482 4077
f 3484 3507 3483
f 3507 4078 3483
f 3508 3507 3484
f 3486 3485 3510
f 3510 3485 3509
f 3510 4079 3486
f 3488 3487 3512
f 3512 3487 3511
f 3511 3487 4080
f 3490 3521 3489
f 3522 3521 3490
f 3490 4811 3522
f 3492 3523 3491
f 4661 3491 3523
f 4663 3491 4661
f 3524 3523 3492
f 3494 3493 3498
f 3498 3493 3497
f 6282 3494 3498
f 6278 4904 3494
f 6278 3494 6282
f 3496 3495 3500
f 3500 3495 3499
f 3495 4643 3499
f 3498 3497 3526
f 3526 3497 3525
f 6262 3498 3526
f 6282 3498 6262
f 3500 3499 3528
f 3528 3499 3527
f 3499 4643 3527
f 3502 3501 3506
f 3502 3529 3501
f 3506 3501 3505
f 4077 3502 3506
f 3530 3529 3502
f 4077 3530 3502
f 3504 3503 3508
f 3504 3531 3503
f 3508 3503 3507
f 3503 4078 3507
f 3531 4078 3503
f 3532 3531 3504
f 3510 3509 3514
f 3514 3509 3513
f 3514 4079 3510
f 3512 3511 3516
f 3516 3511 3515
f 4080 3515 3511
f 3514 3513 3534
f 3534 3513 3533
f 3534 4079 3514
f 3516 3515 3536
f 3536 3515 3535
f 4080 3535 3515
f 3518 3517 3522
f 3518 3537 3517
f 3522 3517 3521
f 4913 3518 3522
f 3538 3537 3518
f 4913 3538 3518
f 3520 3519 3524
f 3520 3539 3519
f 3524 3519 3523
f 4661 3523 3519
f 4661 3519 3539
f 3540 3539 3520
f 4775 4773 3522
f 3522 4773 4807
f 4777 4775 3522
f 3522 4779 4777
f 4809 4779 3522
f 4805 4803 3522
f 3522 4803 4833
f 3522 4807 4805
f 3522 4811 4809
f 4833 4831 3522
f 3522 4831 4851
f 3522 4851 4873
f 4873 4871 3522
f 3522 4871 4893
f 4893 4913 3522
f 3526 3525 3542
f 3542 3525 3541
f 6230 3526 3542
f 6262 3526 6230
f 3528 3527 3544
f 3544 3527 3543
f 3527 4645 3543
f 3527 4643 4645
f 3530 3553 3529
f 3554 3553 3530
f 4077 3554 3530
f 3532 3555 3531
f 3555 4078 3531
f 3556 3555 3532
f 3534 3533 3558
f 3558 3533 3557
f 3558 4079 3534
f 3536 3535 3560
f 3560 3535 3559
f 4080 3559 3535
f 3538 3569 3537
f 3570 3569 3538
f 4913 3570 3538
f 3540 3571 3539
f 4659 3539 3571
f 4661 3539 4659
f 3572 3571 3540
f 3542 3541 3546
f 3546 3541 3545
f 6234 3542 3546
f 6230 3542 6234
f 3544 3543 3548
f 3548 3543 3547
f 3543 4645 3547
f 3546 3545 3574
f 3574 3545 3573
f 6214 3546 3574
f 6234 3546 6214
f 3548 3547 3576
f 3576 3547 3575
f 3547 4593 3575
f 3547 4645 4593
f 3550 3549 3554
f 3550 3577 3549
f 3554 3549 3553
f 4077 3550 3554
f 3578 3577 3550
f 3578 3550 4077
f 3552 3551 3556
f 3552 3579 3551
f 3556 3551 3555
f 3551 4078 3555
f 3579 4078 3551
f 3580 3579 3552
f 3558 3557 3562
f 3562 3557 3561
f 3562 4079 3558
f 3560 3559 3564
f 3564 3559 3563
f 4080 3563 3559
f 3562 3561 3582
f 3582 3561 3581
f 3582 4079 3562
f 3564 3563 3584
f 3584 3563 3583
f 3583 3563 4080
f 3566 3565 3570
f 3566 3585 3565
f 3570 3565 3569
f 4913 3566 3570
f 3586 3585 3566
f 3586 3566 4913
f 3568 3567 3572
f 3568 3587 3567
f 3572 3567 3571
f 4659 3571 3567
f 4639 3567 3587
f 4659 3567 4639
f 3588 3587 3568
f 3574 3573 3590
f 3590 3573 3589
f 6182 3574 3590
f 6214 3574 6182
f 3576 3575 3592
f 3592 3575 3591
f 3575 4595 3591
f 3575 4593 4595
f 3578 3601 3577
f 3602 3601 3578
f 4077 3602 3578
f 3580 3603 3579
f 3603 4078 3579
f 3604 3603 3580
f 3582 3581 3606
f 3606 3581 3605
f 3606 4079 3582
f 3584 3583 3608
f 3608 3583 3607
f 4080 3607 3583
f 3586 3617 3585
f 3618 3617 3586
f 4913 3618 3586
f 3588 3619 3587
f 4637 3587 3619
f 4639 3587 4637
f 3620 3619 3588
f 3590 3589 3594
f 3594 3589 3593
f 6186 3590 3594
f 6182 3590 6186
f 3592 3591 3596
f 3596 3591 3595
f 3591 4595 3595
f 3594 3593 3622
f 3622 3593 3621
f 6150 3594 3622
f 6186 3594 6150
f 3596 3595 3624
f 3624 3595 3623
f 3595 4597 3623
f 3595 4595 4597
f 3598 3597 3602
f 3598 3633 3597
f 3602 3597 3601
f 3598 3602 4077
f 3634 3633 3598
f 4077 3634 3598
f 3600 3599 3604
f 3600 3635 3599
f 3604 3599 3603
f 3599 4078 3603
f 3635 4078 3599
f 3636 3635 3600
f 3606 3605 3610
f 3610 3605 3609
f 3610 4079 3606
f 3608 3607 3612
f 3612 3607 3611
f 4080 3611 3607
f 3610 3609 3638
f 3638 3609 3637
f 3638 4079 3610
f 3612 3611 3640
f 3640 3611 3639
f 4080 3639 3611
f 3614 3613 3618
f 3614 3649 3613
f 3618 3613 3617
f 3614 3618 4913
f 3650 3649 3614
f 4913 3650 3614
f 3616 3615 3620
f 3616 3651 3615
f 3620 3615 3619
f 4637 3619 3615
f 4635 3615 3651
f 4637 3615 4635
f 3652 3651 3616
f 3622 3621 3626
f 3626 3621 3625
f 6154 3622 3626
f 6150 3622 6154
f 3624 3623 3628
f 3628 3623 3627
f 3623 4597 3627
f 3626 3625 3654
f 3654 3625 3653
f 6118 3626 3654
f 6154 3626 6118
f 3628 3627 3656
f 3656 3627 3655
f 3627 4908 3655
f 3627 4597 4599
f 4599 4601 3627
f 3627 4601 4603
f 4603 4605 3627
f 3627 4605 4607
f 4607 4609 3627
f 3627 4609 4611
f 3627 4611 4613
f 4613 4615 3627
f 3627 4615 4647
f 3627 4647 4649
f 3627 4649 4651
f 3627 4651 4669
f 3627 4669 4671
f 4671 4685 3627
f 3627 4685 4687
f 4687 4701 3627
f 3627 4701 4703
f 3627 4703 4717
f 3627 4717 4719
f 3627 4719 4733
f 3627 4733 4735
f 4735 4747 3627
f 3627 4747 4765
f 4765 4767 3627
f 3627 4767 4799
f 3627 4799 4827
f 4827 4847 3627
f 3627 4847 4867
f 3627 4867 4888
f 4888 4908 3627
f 3630 3629 3634
f 3630 3665 3629
f 3634 3629 3633
f 4077 3630 3634
f 3666 3665 3630
f 3666 3630 4077
f 3632 3631 3636
f 3632 3667 3631
f 3636 3631 3635
f 3631 4078 3635
f 3667 4078 3631
f 3668 3667 3632
f 3638 3637 3642
f 3642 3637 3641
f 3642 4079 3638
f 3640 3639 3644
f 3644 3639 3643
f 4080 3643 3639
f 3642 3641 3670
f 3670 3641 3669
f 3670 4079 3642
f 3644 3643 3672
f 3672 3643 3671
f 3671 3643 4080
f 3646 3645 3650
f 3646 3681 3645
f 3650 3645 3649
f 4913 3646 3650
f 3682 3681 3646
f 3682 3646 4913
f 3648 3647 3652
f 3648 3683 3647
f 3652 3647 3651
f 4635 3651 3647
f 4633 3647 3683
f 4635 3647 4633
f 3684 3683 3648
f 3654 3653 3658
f 3658 3653 3657
f 6122 3654 3658
f 6118 3654 6122
f 3656 3655 3660
f 3660 3655 3659
f 3655 4908 3659
f 3658 3657 3686
f 3686 3657 3685
f 6070 3658 3686
f 6122 3658 6070
f 3660 3659 3688
f 3688 3659 3687
f 3659 4908 3687
f 3662 3661 3666
f 3662 3705 3661
f 3666 3661 3665
f 4077 3662 3666
f 3706 3705 3662
f 4077 3706 3662
f 3664 3663 3668
f 3664 3707 3663
f 3668 3663 3667
f 3663 4078 3667
f 3707 4078 3663
f 3708 3707 3664
f 3670 3669 3674
f 3674 3669 3673
f 3674 4079 3670
f 3672 3671 3676
f 3676 3671 3675
f 4080 3675 3671
f 3674 3673 3710
f 3710 3673 3709
f 3710 4079 3674
f 3676 3675 3712
f 3712 3675 3711
f 4080 3711 3675
f 3678 3677 3682
f 3678 3729 3677
f 3682 3677 3681
f 4913 3678 3682
f 3730 3729 3678
f 4913 3730 3678
f 3680 3679 3684
f 3680 3731 3679
f 3684 3679 3683
f 4633 3683 3679
f 4633 3679 3731
f 3732 3731 3680
f 3686 3685 3690
f 3690 3685 3689
f 6074 3686 3690
f 6070 3686 6074
f 3688 3687 3692
f 3692 3687 3691
f 3687 4908 3691
f 3690 3689 3694
f 3694 3689 3693
f 6078 3690 3694
f 6074 3690 6078
f 3692 3691 3696
f 3696 3691 3695
f 3691 4908 3695
f 3694 3693 3734
f 3734 3693 3733
f 6022 3694 3734
f 6078 3694 6022
f 3696 3695 3736
f 3736 3695 3735
f 3695 4908 3735
f 3698 3697 3702
f 3698 3753 3697
f 3702 3697 3701
f 4077 3698 3702
f 3754 3753 3698
f 4077 3754 3698
f 3700 3699 3704
f 3700 3755 3699
f 3704 3699 3703
f 3699 4078 3703
f 3755 4078 3699
f 3756 3755 3700
f 3702 3701 3706
f 3706 3701 3705
f 3702 3706 4077
f 3704 3703 3708
f 3708 3703 3707
f 3703 4078 3707
f 3710 3709 3714
f 3714 3709 3713
f 3714 4079 3710
f 3712 3711 3716
f 3716 3711 3715
f 3715 3711 4080
f 3714 3713 3718
f 3718 3713 3717
f 3718 4079 3714
f 3716 3715 3720
f 3720 3715 3719
f 4080 3719 3715
f 3718 3717 3758
f 3758 3717 3757
f 3758 4079 3718
f 3720 3719 3760
f 3760 3719 3759
f 4080 3759 3719
f 3722 3721 3726
f 3722 3777 3721
f 3726 3721 3725
f 4913 3722 3726
f 3778 3777 3722
f 4913 3778 3722
f 3724 3723 3728
f 3724 3779 3723
f 3728 3723 3727
f 4631 3727 3723
f 4631 3723 3779
f 3780 3779 3724
f 3726 3725 3730
f 3730 3725 3729
f 3726 3730 4913
f 3728 3727 3732
f 3732 3727 3731
f 4631 3731 3727
f 4633 3731 4631
f 3734 3733 3738
f 3738 3733 3737
f 6026 3734 3738
f 6022 3734 6026
f 3736 3735 3740
f 3740 3735 3739
f 3735 4486 3739
f 3735 4908 4486
f 3738 3737 3742
f 3742 3737 3741
f 6030 3738 3742
f 6026 3738 6030
f 3740 3739 3744
f 3744 3739 3743
f 3739 4486 3743
f 3742 3741 3782
f 3782 3741 3781
f 5974 3742 3782
f 6030 3742 5974
f 3744 3743 3784
f 3784 3743 3783
f 3743 4486 3783
f 3746 3745 3750
f 3746 3801 3745
f 3750 3745 3749
f 4077 3746 3750
f 3802 3801 3746
f 4077 3802 3746
f 3748 3747 3752
f 3748 3803 3747
f 3752 3747 3751
f 3747 4078 3751
f 3803 4078 3747
f 3804 3803 3748
f 3750 3749 3754
f 3754 3749 3753
f 3750 3754 4077
f 3752 3751 3756
f 3756 3751 3755
f 3751 4078 3755
f 3758 3757 3762
f 3762 3757 3761
f 3762 4079 3758
f 3760 3759 3764
f 3764 3759 3763
f 3763 3759 4080
f 3762 3761 3766
f 3766 3761 3765
f 3766 4079 3762
f 3764 3763 3768
f 3768 3763 3767
f 4080 3767 3763
f 3766 3765 3806
f 3806 3765 3805
f 3806 4079 3766
f 3768 3767 3808
f 3808 3767 3807
f 4080 3807 3767
f 3770 3769 3774
f 3770 3825 3769
f 3774 3769 3773
f 3770 3774 4503
f 3826 3825 3770
f 4503 3826 3770
f 3772 3771 3776
f 3772 3827 3771
f 3776 3771 3775
f 4629 3775 3771
f 4627 3771 3827
f 4629 3771 4627
f 3828 3827 3772
f 3774 3773 3778
f 3778 3773 3777
f 3774 3778 4913
f 4503 3774 4913
f 3776 3775 3780
f 3780 3775 3779
f 4629 3779 3775
f 4631 3779 4629
f 3782 3781 3786
f 3786 3781 3785
f 5978 3782 3786
f 5974 3782 5978
f 3784 3783 3788
f 3788 3783 3787
f 3783 4486 3787
f 3786 3785 3790
f 3790 3785 3789
f 5982 3786 3790
f 5978 3786 5982
f 3788 3787 3792
f 3792 3787 3791
f 3787 4486 3791
f 3790 3789 3830
f 3830 3789 3829
f 5894 3790 3830
f 5982 3790 5894
f 3792 3791 3832
f 3832 3791 3831
f 3791 4486 3831
f 3794 3793 3798
f 3794 3865 3793
f 3798 3793 3797
f 4077 3794 3798
f 3866 3865 3794
f 4077 3866 3794
f 3796 3795 3800
f 3796 3867 3795
f 3800 3795 3799
f 3795 4078 3799
f 3867 4078 3795
f 3868 3867 3796
f 3798 3797 3802
f 3802 3797 3801
f 3798 3802 4077
f 3800 3799 3804
f 3804 3799 3803
f 3799 4078 3803
f 3806 3805 3810
f 3810 3805 3809
f 3810 4079 3806
f 3808 3807 3812
f 3812 3807 3811
f 3811 3807 4080
f 3810 3809 3814
f 3814 3809 3813
f 3814 4079 3810
f 3812 3811 3816
f 3816 3811 3815
f 4080 3815 3811
f 3814 3813 3870
f 3870 3813 3869
f 3870 4079 3814
f 3816 3815 3872
f 3872 3815 3871
f 4080 3871 3815
f 3818 3817 3822
f 3818 3905 3817
f 3822 3817 3821
f 3818 3822 4503
f 3906 3905 3818
f 4503 3906 3818
f 3820 3819 3824
f 3820 3907 3819
f 3824 3819 3823
f 4080 3823 3819
f 3819 3907 4080
f 3908 3907 3820
f 3822 3821 3826
f 3826 3821 3825
f 4503 3822 3826
f 3824 3823 3828
f 3828 3823 3827
f 4080 3827 3823
f 4627 3827 4080
f 3830 3829 3834
f 3834 3829 3833
f 5898 3830 3834
f 5894 3830 5898
f 3832 3831 3836
f 3836 3831 3835
f 3831 4486 3835
f 3834 3833 3838
f 3838 3833 3837
f 5902 3834 3838
f 5898 3834 5902
f 3836 3835 3840
f 3840 3835 3839
f 3835 4486 3839
f 3838 3837 3842
f 3842 3837 3841
f 5906 3838 3842
f 5902 3838 5906
f 3840 3839 3844
f 3844 3839 3843
f 3839 4486 3843
f 3842 3841 3846
f 3846 3841 3845
f 5910 3842 3846
f 5906 3842 5910
f 3844 3843 3848
f 3848 3843 3847
f 3843 4486 3847
f 3846 3845 3910
f 3910 3845 3909
f 5734 3846 3910
f 5910 3846 5734
f 3848 3847 3912
f 3912 3847 3911
f 3847 4486 3911
f 3850 3849 3854
f 3850 3985 3849
f 3854 3849 3853
f 3850 3854 4077
f 3986 3985 3850
f 4077 3986 3850
f 3852 3851 3856
f 3852 3987 3851
f 3856 3851 3855
f 3851 4078 3855
f 3987 4078 3851
f 3988 3987 3852
f 3854 3853 3858
f 3858 3853 3857
f 4077 3854 3858
f 3856 3855 3860
f 3860 3855 3859
f 3855 4078 3859
f 3858 3857 3862
f 3862 3857 3861
f 4077 3858 3862
f 3860 3859 3864
f 3864 3859 3863
f 3859 4078 3863
f 3862 3861 3866
f 3866 3861 3865
f 3862 3866 4077
f 3864 3863 3868
f 3868 3863 3867
f 3863 4078 3867
f 3870 3869 3874
f 3874 3869 3873
f 3874 4079 3870
f 3872 3871 3876
f 3876 3871 3875
f 3875 3871 4080
f 3874 3873 3878
f 3878 3873 3877
f 3878 4079 3874
f 3876 3875 3880
f 3880 3875 3879
f 4080 3879 3875
f 3878 3877 3882
f 3882 3877 3881
f 3882 4079 3878
f 3880 3879 3884
f 3884 3879 3883
f 4080 3883 3879
f 3882 3881 3886
f 3886 3881 3885
f 3886 4079 3882
f 3884 3883 3888
f 3888 3883 3887
f 3887 3883 4080
f 3886 3885 3990
f 3990 3885 3989
f 3990 4079 3886
f 3888 3887 3992
f 3992 3887 3991
f 4080 3991 3887
f 3890 3889 3894
f 3890 4065 3889
f 3894 3889 3893
f 4503 3890 3894
f 4066 4065 3890
f 4066 3890 4503
f 3892 3891 3896
f 3892 4067 3891
f 3896 3891 3895
f 4080 3895 3891
f 4080 3891 4067
f 4068 4067 3892
f 3894 3893 3898
f 3898 3893 3897
f 4503 3894 3898
f 3896 3895 3900
f 3900 3895 3899
f 3899 3895 4080
f 3898 3897 3902
f 3902 3897 3901
f 3898 3902 4503
f 3900 3899 3904
f 3904 3899 3903
f 4080 3903 3899
f 3902 3901 3906
f 3906 3901 3905
f 4503 3902 3906
f 3904 3903 3908
f 3908 3903 3907
f 4080 3907 3903
f 3910 3909 3914
f 3914 3909 3913
f 5738 3910 3914
f 5734 3910 5738
f 3912 3911 3916
f 3916 3911 3915
f 3911 4486 3915
f 3914 3913 3918
f 3918 3913 3917
f 5742 3914 3918
f 5738 3914 5742
f 3916 3915 3920
f 3920 3915 3919
f 3915 4486 3919
f 3918 3917 3922
f 3922 3917 3921
f 5746 3918 3922
f 5742 3918 5746
f 3920 3919 3924
f 3924 3919 3923
f 3919 4486 3923
f 3922 3921 3926
f 3926 3921 3925
f 5750 3922 3926
f 5746 3922 5750
f 3924 3923 3928
f 3928 3923 3927
f 3923 4486 3927
f 3926 3925 3930
f 3930 3925 3929
f 5754 3926 3930
f 5750 3926 5754
f 3928 3927 3932
f 3932 3927 3931
f 3927 4486 3931
f 3930 3929 3934
f 3934 3929 3933
f 5758 3930 3934
f 5754 3930 5758
f 3932 3931 3936
f 3936 3931 3935
f 3931 4486 3935
f 3934 3933 3938
f 3938 3933 3937
f 5762 3934 3938
f 5758 3934 5762
f 3936 3935 3940
f 3940 3935 3939
f 3935 4486 3939
f 3938 3937 3942
f 3942 3937 3941
f 5766 3938 3942
f 5762 3938 5766
f 3940 3939 3944
f 3944 3939 3943
f 3939 4486 3943
f 3942 3941 3946
f 3946 3941 3945
f 5770 3942 3946
f 5766 3942 5770
f 3944 3943 3948
f 3948 3943 3947
f 3943 4486 3947
f 3946 3945 4070
f 4070 3945 4069
f 5726 3946 4070
f 5770 3946 5726
f 3948 3947 4072
f 4072 3947 4071
f 3947 4486 4071
f 3950 3949 3954
f 3950 4069 3949
f 3954 3949 3953
f 5778 3950 3954
f 4070 4069 3950
f 5774 4070 3950
f 5774 3950 5778
f 3952 3951 3956
f 3952 4071 3951
f 3956 3951 3955
f 3951 4486 3955
f 4071 4486 3951
f 4072 4071 3952
f 3954 3953 3958
f 3958 3953 3957
f 5782 3954 3958
f 5778 3954 5782
f 3956 3955 3960
f 3960 3955 3959
f 3955 4486 3959
f 3958 3957 3962
f 3962 3957 3961
f 5786 3958 3962
f 5782 3958 5786
f 3960 3959 3964
f 3964 3959 3963
f 3959 4486 3963
f 3962 3961 3966
f 3966 3961 3965
f 5790 3962 3966
f 5786 3962 5790
f 3964 3963 3968
f 3968 3963 3967
f 3963 4486 3967
f 3966 3965 3970
f 3970 3965 3969
f 5794 3966 3970
f 5790 3966 5794
f 3968 3967 3972
f 3972 3967 3971
f 3967 4486 3971
f 3970 3969 3974
f 3974 3969 3973
f 5798 3970 3974
f 5794 3970 5798
f 3972 3971 3976
f 3976 3971 3975
f 3971 4486 3975
f 3974 3973 3978
f 3978 3973 3977
f 5802 3974 3978
f 5798 3974 5802
f 3976 3975 3980
f 3980 3975 3979
f 3975 4486 3979
f 3978 3977 3982
f 3982 3977 3981
f 4485 3978 3982
f 5309 3978 4485
f 5802 3978 5309
f 3980 3979 3984
f 3984 3979 3983
f 3979 4078 3983
f 4486 4078 3979
f 3982 3981 3986
f 3986 3981 3985
f 4077 3982 3986
f 4485 3982 4077
f 3984 3983 3988
f 3988 3983 3987
f 3983 4078 3987
f 3990 3989 3994
f 3994 3989 3993
f 3994 4079 3990
f 3992 3991 3996
f 3996 3991 3995
f 4080 3995 3991
f 3994 3993 3998
f 3998 3993 3997
f 3998 4079 3994
f 3996 3995 4000
f 4000 3995 3999
f 3999 3995 4080
f 3998 3997 4002
f 4002 3997 4001
f 3998 4002 4503
f 4503 4079 3998
f 4000 3999 4004
f 4004 3999 4003
f 4080 4003 3999
f 4002 4001 4006
f 4006 4001 4005
f 4503 4002 4006
f 4004 4003 4008
f 4008 4003 4007
f 4080 4007 4003
f 4006 4005 4010
f 4010 4005 4009
f 4503 4006 4010
f 4008 4007 4012
f 4012 4007 4011
f 4011 4007 4080
f 4010 4009 4014
f 4014 4009 4013
f 4010 4014 4503
f 4012 4011 4016
f 4016 4011 4015
f 4080 4015 4011
f 4014 4013 4018
f 4018 4013 4017
f 4503 4014 4018
f 4016 4015 4020
f 4020 4015 4019
f 4080 4019 4015
f 4018 4017 4022
f 4022 4017 4021
f 4503 4018 4022
f 4020 4019 4024
f 4024 4019 4023
f 4023 4019 4080
f 4022 4021 4026
f 4026 4021 4025
f 4022 4026 4503
f 4024 4023 4028
f 4028 4023 4027
f 4080 4027 4023
f 4026 4025 4074
f 4074 4025 4073
f 4503 4026 4074
f 4028 4027 4076
f 4076 4027 4075
f 4080 4075 4027
f 4030 4029 4034
f 4030 4073 4029
f 4034 4029 4033
f 4030 4034 4503
f 4074 4073 4030
f 4503 4074 4030
f 4032 4031 4036
f 4032 4075 4031
f 4036 4031 4035
f 4080 4035 4031
f 4031 4075 4080
f 4076 4075 4032
f 4034 4033 4038
f 4038 4033 4037
f 4503 4034 4038
f 4036 4035 4040
f 4040 4035 4039
f 4080 4039 4035
f 4038 4037 4042
f 4042 4037 4041
f 4503 4038 4042
f 4040 4039 4044
f 4044 4039 4043
f 4043 4039 4080
f 4042 4041 4046
f 4046 4041 4045
f 4042 4046 4503
f 4044 4043 4048
f 4048 4043 4047
f 4080 4047 4043
f 4046 4045 4050
f 4050 4045 4049
f 4503 4046 4050
f 4048 4047 4052
f 4052 4047 4051
f 4080 4051 4047
f 4050 4049 4054
f 4054 4049 4053
f 4503 4050 4054
f 4052 4051 4056
f 4056 4051 4055
f 4055 4051 4080
f 4054 4053 4058
f 4058 4053 4057
f 4054 4058 4503
f 4056 4055 4060
f 4060 4055 4059
f 4080 4059 4055
f 4058 4057 4062
f 4062 4057 4061
f 4503 4058 4062
f 4060 4059 4064
f 4064 4059 4063
f 4080 4063 4059
f 4062 4061 4066
f 4066 4061 4065
f 4503 4062 4066
f 4064 4063 4068
f 4068 4063 4067
f 4067 4063 4080
f 5726 4070 5774
f 4078 4473 4077
f 4077 4473 4485
f 4474 4473 4078
f 4486 4474 4078
f 4080 4079 4484
f 4484 4079 4483
f 4503 4483 4079
f 4484 4504 4080
f 4080 4504 4623
f 4080 4623 4625
f 4625 4627 4080
f 4082 4081 4474
f 4081 4085 4117
f 4091 4089 4081
f 4089 4111 4081
f 4081 4093 4091
f 4081 4095 4093
f 4113 4095 4081
f 4081 4107 4105
f 4081 4105 4139
f 4081 4109 4107
f 4111 4109 4081
f 4081 4115 4113
f 4081 4117 4115
f 4139 4137 4081
f 4081 4137 4473
f 4474 4081 4473
f 4082 4090 4092
f 4082 4112 4090
f 4092 4094 4082
f 4094 4096 4082
f 4082 4096 4114
f 4106 4108 4082
f 4082 4140 4106
f 4082 4108 4110
f 4082 4110 4112
f 4114 4116 4082
f 4082 4116 4118
f 4082 4138 4140
f 4082 4156 4138
f 4154 4156 4082
f 4082 4168 4154
f 4082 4166 4168
f 4310 4166 4082
f 4082 4474 4310
f 4084 4483 4083
f 4083 4099 4097
f 4097 4127 4083
f 4083 4101 4099
f 4103 4101 4083
f 4129 4103 4083
f 4083 4125 4123
f 4083 4127 4125
f 4131 4129 4083
f 4083 4133 4131
f 4083 4135 4133
f 4083 4149 4135
f 4151 4149 4083
f 4161 4151 4083
f 4083 4163 4161
f 4173 4163 4083
f 4175 4173 4083
f 4083 4335 4175
f 4483 4335 4083
f 4098 4100 4084
f 4084 4128 4098
f 4100 4102 4084
f 4084 4102 4104
f 4084 4104 4130
f 4084 4124 4126
f 4126 4128 4084
f 4084 4130 4132
f 4084 4132 4134
f 4134 4136 4084
f 4084 4136 4150
f 4084 4150 4152
f 4084 4152 4162
f 4162 4164 4084
f 4084 4164 4174
f 4084 4174 4176
f 4084 4176 4336
f 4484 4084 4336
f 4484 4483 4084
f 4086 4087 4085
f 4087 4171 4085
f 4117 4085 4119
f 4119 4085 4141
f 4141 4085 4143
f 4143 4085 4157
f 4157 4085 4169
f 4169 4085 4171
f 4088 4087 4086
f 4086 4172 4088
f 4086 4118 4120
f 4086 4120 4142
f 4086 4142 4144
f 4086 4144 4158
f 4086 4158 4170
f 4086 4170 4172
f 4121 4087 4123
f 4121 4147 4087
f 4147 4145 4087
f 4087 4145 4159
f 4087 4159 4171
f 4122 4124 4088
f 4088 4148 4122
f 4088 4146 4148
f 4160 4146 4088
f 4172 4160 4088
f 4090 4089 4092
f 4090 4111 4089
f 4092 4089 4091
f 4112 4111 4090
f 4092 4091 4094
f 4094 4091 4093
f 4094 4093 4096
f 4096 4093 4095
f 4096 4095 4114
f 4114 4095 4113
f 4098 4097 4100
f 4098 4127 4097
f 4100 4097 4099
f 4128 4127 4098
f 4100 4099 4102
f 4102 4099 4101
f 4102 4101 4104
f 4104 4101 4103
f 4104 4103 4130
f 4130 4103 4129
f 4106 4105 4108
f 4106 4139 4105
f 4108 4105 4107
f 4140 4139 4106
f 4108 4107 4110
f 4110 4107 4109
f 4110 4109 4112
f 4112 4109 4111
f 4114 4113 4116
f 4116 4113 4115
f 4116 4115 4118
f 4118 4115 4117
f 4118 4117 4120
f 4120 4117 4119
f 4120 4119 4142
f 4142 4119 4141
f 4122 4121 4124
f 4122 4147 4121
f 4124 4121 4123
f 4148 4147 4122
f 4124 4123 4126
f 4126 4123 4125
f 4126 4125 4128
f 4128 4125 4127
f 4130 4129 4132
f 4132 4129 4131
f 4132 4131 4134
f 4134 4131 4133
f 4134 4133 4136
f 4136 4133 4135
f 4136 4135 4150
f 4150 4135 4149
f 4138 4137 4140
f 4138 4155 4137
f 4140 4137 4139
f 4473 4137 4155
f 4156 4155 4138
f 4142 4141 4144
f 4144 4141 4143
f 4144 4143 4158
f 4158 4143 4157
f 4146 4145 4148
f 4146 4159 4145
f 4148 4145 4147
f 4160 4159 4146
f 4150 4149 4152
f 4152 4149 4151
f 4152 4151 4162
f 4162 4151 4161
f 4154 4153 4156
f 4154 4167 4153
f 4156 4153 4155
f 4155 4153 4473
f 4473 4153 4167
f 4168 4167 4154
f 4158 4157 4170
f 4170 4157 4169
f 4160 4171 4159
f 4172 4171 4160
f 4162 4161 4164
f 4164 4161 4163
f 4164 4163 4174
f 4174 4163 4173
f 4166 4165 4168
f 4166 4177 4165
f 4168 4165 4167
f 4473 4167 4165
f 4165 4177 4473
f 4178 4177 4166
f 4310 4178 4166
f 4170 4169 4180
f 4169 4171 4179
f 4180 4169 4179
f 4172 4170 4180
f 4172 4185 4171
f 4179 4171 4185
f 4172 4180 4186
f 4186 4185 4172
f 4174 4173 4176
f 4176 4173 4175
f 4176 4175 4188
f 4188 4175 4187
f 4335 4187 4175
f 4336 4176 4188
f 4178 4189 4177
f 4473 4177 4189
f 4190 4189 4178
f 4190 4178 4310
f 4180 4179 4182
f 4182 4179 4181
f 4179 4185 4181
f 4186 4180 4182
f 4182 4181 4192
f 4181 4185 4183
f 4181 4183 4191
f 4192 4181 4191
f 4186 4182 4184
f 4184 4182 4192
f 4184 4183 4186
f 4184 4193 4183
f 4186 4183 4185
f 4191 4183 4193
f 4184 4192 4194
f 4194 4193 4184
f 4188 4187 4196
f 4196 4187 4195
f 4195 4187 4335
f 4336 4188 4196
f 4190 4197 4189
f 4473 4189 4197
f 4198 4197 4190
f 4310 4198 4190
f 4192 4191 4200
f 4191 4193 4199
f 4200 4191 4199
f 4194 4192 4200
f 4194 4201 4193
f 4199 4193 4201
f 4194 4200 4202
f 4202 4201 4194
f 4196 4195 4204
f 4204 4195 4203
f 4335 4203 4195
f 4196 4204 4336
f 4198 4205 4197
f 4197 4205 4473
f 4206 4205 4198
f 4310 4206 4198
f 4200 4199 4208
f 4199 4201 4213
f 4208 4199 4207
f 4199 4213 4207
f 4202 4200 4214
f 4214 4200 4208
f 4202 4213 4201
f 4214 4213 4202
f 4204 4203 4216
f 4216 4203 4215
f 4335 4215 4203
f 4336 4204 4216
f 4206 4217 4205
f 4205 4217 4473
f 4218 4217 4206
f 4310 4218 4206
f 4208 4207 4210
f 4210 4207 4209
f 4207 4211 4209
f 4207 4213 4211
f 4212 4208 4210
f 4214 4208 4212
f 4210 4209 4220
f 4209 4211 4221
f 4220 4209 4219
f 4209 4221 4219
f 4212 4210 4222
f 4222 4210 4220
f 4212 4211 4214
f 4212 4221 4211
f 4214 4211 4213
f 4222 4221 4212
f 4216 4215 4224
f 4224 4215 4223
f 4335 4223 4215
f 4336 4216 4224
f 4218 4225 4217
f 4309 4217 4225
f 4473 4217 4309
f 4226 4225 4218
f 4226 4218 4310
f 4220 4219 4228
f 4219 4221 4227
f 4228 4219 4227
f 4222 4220 4228
f 4222 4229 4221
f 4227 4221 4229
f 4222 4228 4230
f 4230 4229 4222
f 4224 4223 4232
f 4232 4223 4231
f 4231 4223 4335
f 4336 4224 4232
f 4226 4233 4225
f 4309 4225 4233
f 4234 4233 4226
f 4234 4226 4310
f 4228 4227 4238
f 4227 4229 4237
f 4238 4227 4237
f 4230 4228 4238
f 4230 4239 4229
f 4237 4229 4239
f 4230 4238 4240
f 4240 4239 4230
f 4232 4231 4244
f 4244 4231 4243
f 4243 4231 4335
f 4336 4232 4244
f 4234 4245 4233
f 4309 4233 4245
f 4246 4245 4234
f 4246 4234 4310
f 4236 4237 4235
f 4236 4235 4248
f 4237 4239 4235
f 4235 4239 4241
f 4235 4241 4247
f 4248 4235 4247
f 4238 4237 4236
f 4240 4238 4236
f 4240 4236 4242
f 4242 4236 4248
f 4240 4241 4239
f 4242 4241 4240
f 4242 4249 4241
f 4247 4241 4249
f 4242 4248 4250
f 4250 4249 4242
f 4244 4243 4252
f 4252 4243 4251
f 4251 4243 4335
f 4336 4244 4252
f 4246 4253 4245
f 4245 4253 4309
f 4254 4253 4246
f 4310 4254 4246
f 4248 4247 4258
f 4247 4249 4257
f 4258 4247 4257
f 4250 4248 4258
f 4250 4259 4249
f 4257 4249 4259
f 4250 4258 4260
f 4260 4259 4250
f 4252 4251 4264
f 4264 4251 4263
f 4335 4263 4251
f 4252 4264 4336
f 4254 4255 4253
f 4309 4253 4255
f 4256 4255 4254
f 4256 4254 4310
f 4256 4265 4255
f 4309 4255 4265
f 4266 4265 4256
f 4310 4266 4256
f 4258 4257 4270
f 4257 4259 4269
f 4270 4257 4269
f 4260 4258 4270
f 4260 4271 4259
f 4269 4259 4271
f 4260 4270 4272
f 4272 4271 4260
f 4262 4263 4261
f 4262 4261 4276
f 4261 4263 4335
f 4276 4261 4275
f 4335 4275 4261
f 4264 4263 4262
f 4336 4264 4262
f 4336 4262 4276
f 4266 4277 4265
f 4309 4265 4277
f 4278 4277 4266
f 4278 4266 4310
f 4268 4269 4267
f 4268 4267 4284
f 4269 4271 4267
f 4267 4271 4273
f 4267 4273 4283
f 4284 4267 4283
f 4270 4269 4268
f 4272 4270 4268
f 4272 4268 4274
f 4274 4268 4284
f 4272 4273 4271
f 4274 4273 4272
f 4274 4285 4273
f 4283 4273 4285
f 4274 4284 4286
f 4286 4285 4274
f 4276 4275 4292
f 4292 4275 4291
f 4291 4275 4335
f 4336 4276 4292
f 4278 4279 4277
f 4309 4277 4279
f 4280 4279 4278
f 4280 4278 4310
f 4280 4293 4279
f 4309 4279 4293
f 4294 4293 4280
f 4294 4280 4310
f 4282 4283 4281
f 4282 4281 4300
f 4283 4285 4281
f 4281 4285 4287
f 4281 4287 4299
f 4300 4281 4299
f 4284 4283 4282
f 4286 4284 4282
f 4286 4282 4288
f 4288 4282 4300
f 4286 4287 4285
f 4288 4287 4286
f 4288 4301 4287
f 4299 4287 4301
f 4288 4300 4302
f 4302 4301 4288
f 4290 4291 4289
f 4290 4289 4308
f 4289 4291 4335
f 4308 4289 4307
f 4307 4289 4335
f 4292 4291 4290
f 4336 4292 4290
f 4336 4290 4308
f 4294 4295 4293
f 4293 4295 4309
f 4296 4295 4294
f 4310 4296 4294
f 4296 4311 4295
f 4309 4295 4311
f 4312 4296 4310
f 4312 4311 4296
f 4298 4299 4297
f 4298 4297 4322
f 4299 4301 4297
f 4297 4301 4303
f 4297 4303 4321
f 4322 4297 4321
f 4300 4299 4298
f 4302 4300 4298
f 4302 4298 4304
f 4304 4298 4322
f 4302 4303 4301
f 4304 4303 4302
f 4304 4323 4303
f 4321 4303 4323
f 4304 4322 4324
f 4324 4323 4304
f 4306 4307 4305
f 4306 4305 4334
f 4335 4305 4307
f 4334 4305 4333
f 4333 4305 4335
f 4308 4307 4306
f 4308 4306 4336
f 4336 4306 4334
f 4309 4316 4310
f 4309 4310 4435
f 4309 4311 4313
f 4313 4315 4309
f 4315 4316 4309
f 4309 4339 4337
f 4309 4337 4473
f 4309 4341 4339
f 4309 4343 4341
f 4345 4343 4309
f 4347 4345 4309
f 4349 4347 4309
f 4309 4351 4349
f 4373 4351 4309
f 4309 4375 4373
f 4377 4375 4309
f 4393 4377 4309
f 4395 4393 4309
f 4309 4409 4395
f 4411 4409 4309
f 4425 4411 4309
f 4309 4435 4425
f 4314 4312 4310
f 4310 4316 4314
f 4338 4340 4310
f 4310 4372 4338
f 4310 4340 4342
f 4310 4342 4344
f 4310 4344 4346
f 4310 4346 4348
f 4310 4348 4350
f 4350 4352 4310
f 4310 4352 4374
f 4310 4370 4372
f 4474 4370 4310
f 4310 4374 4376
f 4310 4376 4378
f 4310 4378 4394
f 4310 4394 4396
f 4396 4410 4310
f 4310 4410 4412
f 4310 4412 4426
f 4426 4436 4310
f 4435 4310 4436
f 4312 4313 4311
f 4314 4313 4312
f 4314 4315 4313
f 4316 4315 4314
f 4318 4319 4317
f 4318 4317 4328
f 4319 4325 4317
f 4317 4325 4327
f 4328 4317 4327
f 4320 4319 4318
f 4326 4320 4318
f 4326 4318 4328
f 4320 4321 4319
f 4321 4323 4319
f 4319 4323 4325
f 4322 4321 4320
f 4324 4322 4320
f 4324 4320 4326
f 4324 4325 4323
f 4326 4325 4324
f 4326 4327 4325
f 4328 4327 4326
f 4330 4331 4329
f 4329 4336 4330
f 4335 4329 4331
f 4335 4336 4329
f 4332 4331 4330
f 4332 4330 4336
f 4332 4333 4331
f 4331 4333 4335
f 4334 4333 4332
f 4336 4334 4332
f 4335 4438 4336
f 4355 4353 4335
f 4335 4353 4383
f 4335 4357 4355
f 4335 4359 4357
f 4335 4361 4359
f 4335 4363 4361
f 4335 4365 4363
f 4367 4365 4335
f 4335 4385 4367
f 4335 4381 4379
f 4335 4379 4399
f 4335 4383 4381
f 4335 4387 4385
f 4483 4387 4335
f 4335 4399 4397
f 4397 4415 4335
f 4335 4415 4413
f 4335 4413 4427
f 4427 4437 4335
f 4437 4438 4335
f 4336 4354 4356
f 4384 4354 4336
f 4356 4358 4336
f 4358 4360 4336
f 4360 4362 4336
f 4336 4362 4364
f 4336 4364 4366
f 4336 4366 4368
f 4368 4386 4336
f 4380 4382 4336
f 4400 4380 4336
f 4336 4382 4384
f 4336 4386 4388
f 4336 4388 4484
f 4398 4400 4336
f 4336 4416 4398
f 4414 4416 4336
f 4428 4414 4336
f 4336 4438 4428
f 4338 4337 4340
f 4338 4371 4337
f 4340 4337 4339
f 4473 4337 4371
f 4372 4371 4338
f 4340 4339 4342
f 4342 4339 4341
f 4342 4341 4344
f 4344 4341 4343
f 4344 4343 4346
f 4346 4343 4345
f 4346 4345 4348
f 4348 4345 4347
f 4348 4347 4350
f 4350 4347 4349
f 4350 4349 4352
f 4352 4349 4351
f 4352 4351 4374
f 4374 4351 4373
f 4354 4353 4356
f 4354 4383 4353
f 4356 4353 4355
f 4384 4383 4354
f 4356 4355 4358
f 4358 4355 4357
f 4358 4357 4360
f 4360 4357 4359
f 4360 4359 4362
f 4362 4359 4361
f 4362 4361 4364
f 4364 4361 4363
f 4364 4363 4366
f 4366 4363 4365
f 4366 4365 4368
f 4368 4365 4367
f 4368 4367 4386
f 4386 4367 4385
f 4370 4369 4372
f 4370 4391 4369
f 4372 4369 4371
f 4473 4371 4369
f 4473 4369 4391
f 4392 4391 4370
f 4474 4392 4370
f 4374 4373 4376
f 4376 4373 4375
f 4376 4375 4378
f 4378 4375 4377
f 4378 4377 4394
f 4394 4377 4393
f 4380 4379 4382
f 4380 4399 4379
f 4382 4379 4381
f 4400 4399 4380
f 4382 4381 4384
f 4384 4381 4383
f 4386 4385 4388
f 4388 4385 4387
f 4388 4387 4402
f 4402 4387 4401
f 4483 4401 4387
f 4484 4388 4402
f 4390 4389 4392
f 4390 4407 4389
f 4392 4389 4391
f 4473 4391 4389
f 4473 4389 4407
f 4474 4390 4392
f 4408 4407 4390
f 4408 4390 4474
f 4394 4393 4396
f 4396 4393 4395
f 4396 4395 4410
f 4410 4395 4409
f 4398 4397 4400
f 4398 4415 4397
f 4400 4397 4399
f 4416 4415 4398
f 4402 4401 4404
f 4404 4401 4403
f 4483 4403 4401
f 4484 4402 4404
f 4404 4403 4418
f 4418 4403 4417
f 4417 4403 4483
f 4404 4418 4484
f 4406 4405 4408
f 4406 4423 4405
f 4408 4405 4407
f 4473 4407 4405
f 4473 4405 4423
f 4474 4406 4408
f 4424 4423 4406
f 4474 4424 4406
f 4410 4409 4412
f 4412 4409 4411
f 4412 4411 4426
f 4426 4411 4425
f 4414 4413 4416
f 4414 4427 4413
f 4416 4413 4415
f 4428 4427 4414
f 4418 4417 4420
f 4420 4417 4419
f 4483 4419 4417
f 4484 4418 4420
f 4420 4419 4430
f 4430 4419 4429
f 4483 4429 4419
f 4484 4420 4430
f 4422 4421 4424
f 4422 4433 4421
f 4424 4421 4423
f 4423 4421 4473
f 4473 4421 4433
f 4422 4424 4488
f 4434 4433 4422
f 4488 4434 4422
f 4488 4424 4474
f 4426 4425 4436
f 4436 4425 4435
f 4428 4437 4427
f 4438 4437 4428
f 4430 4429 4432
f 4432 4429 4431
f 4431 4429 4501
f 4501 4429 4483
f 4430 4432 4502
f 4502 4484 4430
f 4432 4431 4440
f 4440 4431 4439
f 4501 4439 4431
f 4502 4432 4440
f 4434 4441 4433
f 4433 4441 4473
f 4442 4441 4434
f 4442 4434 4488
f 4440 4439 4444
f 4444 4439 4443
f 4443 4439 4501
f 4440 4444 4502
f 4442 4447 4441
f 4473 4441 4447
f 4448 4447 4442
f 4488 4448 4442
f 4444 4443 4450
f 4450 4443 4449
f 4501 4449 4443
f 4502 4444 4450
f 4446 4445 4448
f 4446 4453 4445
f 4448 4445 4447
f 4473 4447 4445
f 4473 4445 4453
f 4488 4446 4448
f 4454 4453 4446
f 4488 4454 4446
f 4450 4449 4452
f 4452 4449 4451
f 4501 4451 4449
f 4502 4450 4452
f 4452 4451 4456
f 4456 4451 4455
f 4501 4455 4451
f 4502 4452 4456
f 4454 4457 4453
f 4473 4453 4457
f 4458 4457 4454
f 4488 4458 4454
f 4456 4455 4460
f 4460 4455 4459
f 4501 4459 4455
f 4502 4456 4460
f 4458 4461 4457
f 5333 4457 4461
f 4487 4473 4457
f 4487 4457 5341
f 5341 4457 5333
f 4462 4461 4458
f 4458 5342 4462
f 5314 4458 4488
f 5342 4458 5314
f 4460 4459 4468
f 4468 4459 4467
f 4467 4459 5323
f 5323 4459 4501
f 4502 4460 4468
f 4462 4463 4461
f 5335 4461 4463
f 5333 4461 5335
f 4464 4463 4462
f 4462 5334 4464
f 4462 5342 5334
f 4464 4469 4463
f 5329 4463 4469
f 5335 4463 5329
f 4470 4469 4464
f 4464 5336 4470
f 4464 5334 5336
f 4466 4467 4465
f 4466 4465 4472
f 5323 4465 4467
f 4472 4465 4471
f 4471 4465 5323
f 4468 4467 4466
f 4502 4468 4466
f 4502 4466 4472
f 4470 4475 4469
f 5315 4469 4475
f 5329 4469 5315
f 4476 4475 4470
f 4470 5330 4476
f 4470 5336 5330
f 4472 4471 4482
f 4482 4471 4481
f 5323 4481 4471
f 4472 4482 4502
f 4485 4473 4487
f 4488 4474 4486
f 4476 4489 4475
f 5297 4475 4489
f 5315 4475 5297
f 4490 4489 4476
f 4476 5316 4490
f 4476 5330 5316
f 4478 4477 4494
f 4478 5317 4477
f 4494 4477 4493
f 5317 4493 4477
f 4494 5302 4478
f 4478 5302 5318
f 5318 5317 4478
f 4480 4495 4479
f 4480 4479 5320
f 4495 5303 4479
f 4479 5303 5319
f 5320 4479 5319
f 4496 4495 4480
f 5320 4496 4480
f 4482 4481 4500
f 4500 4481 4499
f 5323 4499 4481
f 4502 4482 4500
f 4501 4483 4503
f 4504 4484 4502
f 4486 4485 4488
f 4486 5309 4485
f 4488 4485 4487
f 4486 4908 5310
f 5310 5309 4486
f 4488 4487 5314
f 5314 4487 5313
f 4487 5341 5313
f 4490 4491 4489
f 5299 4489 4491
f 5297 4489 5299
f 4492 4491 4490
f 4490 5298 4492
f 4490 5316 5298
f 4492 4505 4491
f 5285 4491 4505
f 5299 4491 5285
f 4506 4505 4492
f 4492 5300 4506
f 4492 5298 5300
f 4494 4493 4510
f 4510 4493 4509
f 5301 4509 4493
f 5301 4493 5317
f 4510 5290 4494
f 4494 5290 5302
f 4496 4511 4495
f 4511 5291 4495
f 4495 5291 5303
f 4512 4511 4496
f 5304 4512 4496
f 5304 4496 5320
f 4498 4499 4497
f 4498 4497 4516
f 4497 4499 5323
f 4516 4497 4515
f 4515 4497 5323
f 4500 4499 4498
f 4502 4500 4498
f 4502 4498 4516
f 4502 4501 4504
f 4502 5323 4501
f 4504 4501 4503
f 4502 4516 4528
f 4502 4528 4544
f 4502 4544 5272
f 4502 5272 5284
f 4502 5284 5296
f 5296 5306 4502
f 5306 5308 4502
f 4502 5308 5322
f 4502 5322 5332
f 5324 5323 4502
f 4502 5344 5324
f 5332 5338 4502
f 4502 5338 5340
f 5340 5344 4502
f 4504 4503 5328
f 4503 4913 5327
f 5328 4503 5327
f 4504 4617 4619
f 4657 4617 4504
f 4504 4619 4621
f 4621 4623 4504
f 4653 4655 4504
f 4504 4675 4653
f 4504 4655 4657
f 4504 4673 4675
f 4504 4691 4673
f 4504 4689 4691
f 4504 4707 4689
f 4705 4707 4504
f 4504 4723 4705
f 4721 4723 4504
f 4504 4739 4721
f 4504 4737 4739
f 4504 4749 4737
f 4504 4771 4749
f 4504 4769 4771
f 4801 4769 4504
f 4504 4829 4801
f 4504 4849 4829
f 4869 4849 4504
f 4504 4891 4869
f 4504 4910 4891
f 5328 4910 4504
f 4506 4517 4505
f 5273 4505 4517
f 5285 4505 5273
f 4518 4517 4506
f 4506 5286 4518
f 4506 5300 5286
f 4508 4509 4507
f 4508 4507 4522
f 5289 4507 4509
f 4522 4507 4521
f 5287 4521 4507
f 5287 4507 5289
f 4510 4509 4508
f 4508 5288 4510
f 4522 5278 4508
f 4508 5278 5288
f 5289 4509 5301
f 4510 5288 5290
f 4512 4513 4511
f 4513 5293 4511
f 4511 5293 5291
f 4514 4513 4512
f 5292 4514 4512
f 5292 4512 5304
f 4514 4523 4513
f 4523 5279 4513
f 4513 5279 5293
f 4524 4523 4514
f 5294 4524 4514
f 5294 4514 5292
f 4516 4515 4528
f 4528 4515 4527
f 5323 4527 4515
f 4518 4529 4517
f 5257 4517 4529
f 5273 4517 5257
f 4530 4529 4518
f 4518 5274 4530
f 4518 5286 5274
f 4520 4521 4519
f 4520 4519 4536
f 5277 4519 4521
f 4536 4519 4535
f 5275 4535 4519
f 5275 4519 5277
f 4522 4521 4520
f 4520 5276 4522
f 4536 5264 4520
f 4520 5264 5276
f 5277 4521 5287
f 4522 5276 5278
f 4524 4525 4523
f 4525 5281 4523
f 4523 5281 5279
f 4526 4525 4524
f 5280 4526 4524
f 5280 4524 5294
f 4526 4537 4525
f 4537 5265 4525
f 4525 5265 5281
f 4538 4537 4526
f 5282 4538 4526
f 5282 4526 5280
f 4528 4527 4544
f 4544 4527 4543
f 5323 4543 4527
f 4530 4531 4529
f 5259 4529 4531
f 5257 4529 5259
f 4532 4531 4530
f 4530 5258 4532
f 4530 5274 5258
f 4532 4545 4531
f 5225 4531 4545
f 5259 4531 5225
f 4546 4545 4532
f 4532 5260 4546
f 4532 5258 5260
f 4534 4535 4533
f 4534 4533 4560
f 5263 4533 4535
f 4560 4533 4559
f 5261 4559 4533
f 5261 4533 5263
f 4536 4535 4534
f 4534 5262 4536
f 4560 5240 4534
f 4534 5240 5262
f 5263 4535 5275
f 4536 5262 5264
f 4538 4539 4537
f 4539 5267 4537
f 4537 5267 5265
f 4540 4539 4538
f 5266 4540 4538
f 5266 4538 5282
f 4540 4561 4539
f 4561 5241 4539
f 4539 5241 5267
f 4562 4561 4540
f 5268 4562 4540
f 5268 4540 5266
f 4542 4543 4541
f 4542 4541 4576
f 4543 5271 4541
f 4576 4541 4575
f 4541 5269 4575
f 4541 5271 5269
f 4544 4543 4542
f 5270 4544 4542
f 5256 4542 4576
f 5270 4542 5256
f 5323 5271 4543
f 5272 4544 5270
f 4546 4547 4545
f 5227 4545 4547
f 5225 4545 5227
f 4548 4547 4546
f 4546 5226 4548
f 4546 5260 5226
f 4548 4549 4547
f 5229 4547 4549
f 5227 4547 5229
f 4550 4549 4548
f 4548 5228 4550
f 4548 5226 5228
f 4550 4551 4549
f 5231 4549 4551
f 5229 4549 5231
f 4552 4551 4550
f 4550 5230 4552
f 4550 5228 5230
f 4552 4577 4551
f 5209 4551 4577
f 5231 4551 5209
f 4578 4577 4552
f 4552 5232 4578
f 4552 5230 5232
f 4554 4555 4553
f 4554 4553 4584
f 5235 4553 4555
f 4584 4553 4583
f 5233 4583 4553
f 5233 4553 5235
f 4556 4555 4554
f 4554 5234 4556
f 4584 5216 4554
f 4554 5216 5234
f 4556 4557 4555
f 5237 4555 4557
f 5235 4555 5237
f 4558 4557 4556
f 4556 5236 4558
f 4556 5234 5236
f 4558 4559 4557
f 5239 4557 4559
f 5237 4557 5239
f 4560 4559 4558
f 4558 5238 4560
f 4558 5236 5238
f 5239 4559 5261
f 4560 5238 5240
f 4562 4563 4561
f 4563 5243 4561
f 4561 5243 5241
f 4564 4563 4562
f 5242 4564 4562
f 5242 4562 5268
f 4564 4565 4563
f 4565 5245 4563
f 4563 5245 5243
f 4566 4565 4564
f 5244 4566 4564
f 5244 4564 5242
f 4566 4567 4565
f 4567 5247 4565
f 4565 5247 5245
f 4568 4567 4566
f 5246 4568 4566
f 5246 4566 5244
f 4568 4585 4567
f 4585 5217 4567
f 4567 5217 5247
f 4586 4585 4568
f 5248 4586 4568
f 5248 4568 5246
f 4570 4571 4569
f 4570 4569 4592
f 4571 5251 4569
f 4592 4569 4591
f 4569 5249 4591
f 4569 5251 5249
f 4572 4571 4570
f 5250 4572 4570
f 5224 4570 4592
f 5250 4570 5224
f 4572 4573 4571
f 4573 5253 4571
f 4571 5253 5251
f 4574 4573 4572
f 5252 4574 4572
f 5252 4572 5250
f 4574 4575 4573
f 4575 5255 4573
f 4573 5255 5253
f 4576 4575 4574
f 5254 4576 4574
f 5254 4574 5252
f 4575 5269 5255
f 5256 4576 5254
f 4578 4579 4577
f 5211 4577 4579
f 5209 4577 5211
f 4580 4579 4578
f 4578 5210 4580
f 4578 5232 5210
f 4580 4581 4579
f 5213 4579 4581
f 5211 4579 5213
f 4582 4581 4580
f 4580 5212 4582
f 4580 5210 5212
f 4582 4583 4581
f 5215 4581 4583
f 5213 4581 5215
f 4584 4583 4582
f 4582 5214 4584
f 4582 5212 5214
f 5215 4583 5233
f 4584 5214 5216
f 4586 4587 4585
f 4587 5219 4585
f 4585 5219 5217
f 4588 4587 4586
f 5218 4588 4586
f 5218 4586 5248
f 4588 4589 4587
f 4589 5221 4587
f 4587 5221 5219
f 4590 4589 4588
f 5220 4590 4588
f 5220 4588 5218
f 4590 4591 4589
f 4591 5223 4589
f 4589 5223 5221
f 4592 4591 4590
f 5222 4592 4590
f 5222 4590 5220
f 4591 5249 5223
f 5224 4592 5222
f 4594 4595 4593
f 4594 4593 4646
f 4646 4593 4645
f 4596 4595 4594
f 4594 4862 4596
f 4646 4860 4594
f 4594 4860 4862
f 4596 4597 4595
f 4598 4597 4596
f 4596 4822 4598
f 4596 4820 4822
f 4844 4820 4596
f 4596 4862 4844
f 4598 4599 4597
f 4600 4599 4598
f 4598 4790 4600
f 4788 4790 4598
f 4598 4822 4788
f 4600 4601 4599
f 4602 4601 4600
f 4600 4790 4602
f 4602 4603 4601
f 4604 4603 4602
f 4602 4760 4604
f 4758 4760 4602
f 4602 4792 4758
f 4602 4790 4792
f 4604 4605 4603
f 4606 4605 4604
f 4604 4760 4606
f 4606 4607 4605
f 4608 4607 4606
f 4606 4764 4608
f 4760 4762 4606
f 4606 4762 4764
f 4608 4609 4607
f 4610 4609 4608
f 4608 4796 4610
f 4764 4794 4608
f 4608 4794 4796
f 4610 4611 4609
f 4612 4611 4610
f 4610 4798 4612
f 4610 4796 4798
f 4612 4613 4611
f 4614 4613 4612
f 4612 4826 4614
f 4798 4824 4612
f 4612 4824 4826
f 4614 4615 4613
f 4616 4615 4614
f 4614 4864 4616
f 4614 4826 4846
f 4614 4846 4864
f 4616 4647 4615
f 4648 4647 4616
f 4616 4887 4648
f 4616 4864 4866
f 4616 4866 4887
f 4618 4619 4617
f 4618 4617 4658
f 4658 4617 4657
f 4620 4619 4618
f 4618 4874 4620
f 4658 4872 4618
f 4618 4872 4874
f 4620 4621 4619
f 4622 4621 4620
f 4620 4834 4622
f 4620 4832 4834
f 4852 4832 4620
f 4620 4874 4852
f 4622 4623 4621
f 4624 4623 4622
f 4622 4806 4624
f 4804 4806 4622
f 4622 4834 4804
f 4624 4625 4623
f 4626 4625 4624
f 4624 4806 4626
f 4626 4627 4625
f 4628 4627 4626
f 4626 4776 4628
f 4774 4776 4626
f 4626 4808 4774
f 4626 4806 4808
f 4628 4629 4627
f 4630 4629 4628
f 4628 4778 4630
f 4628 4776 4778
f 4630 4631 4629
f 4632 4631 4630
f 4630 4780 4632
f 4630 4778 4780
f 4632 4633 4631
f 4634 4633 4632
f 4632 4812 4634
f 4780 4810 4632
f 4632 4810 4812
f 4634 4635 4633
f 4636 4635 4634
f 4634 4814 4636
f 4634 4812 4814
f 4636 4637 4635
f 4638 4637 4636
f 4636 4838 4638
f 4814 4836 4636
f 4636 4836 4838
f 4638 4639 4637
f 4640 4639 4638
f 4638 4876 4640
f 4638 4838 4854
f 4638 4854 4876
f 4640 4659 4639
f 4660 4659 4640
f 4640 4896 4660
f 4640 4876 4878
f 4640 4878 4896
f 4642 4643 4641
f 4642 4641 4668
f 4668 4641 4667
f 4644 4643 4642
f 5138 4644 4642
f 5124 4642 4668
f 5138 4642 5124
f 4644 4645 4643
f 4646 4645 4644
f 5140 4646 4644
f 5140 4644 5138
f 4646 4885 4860
f 4903 4885 4646
f 5142 4903 4646
f 5142 4646 5140
f 4648 4649 4647
f 4650 4649 4648
f 4648 4905 4650
f 4648 4887 4905
f 4650 4651 4649
f 4652 4651 4650
f 4650 4905 4652
f 4652 4669 4651
f 4670 4669 4652
f 4652 4905 4670
f 4654 4655 4653
f 4654 4653 4676
f 4676 4653 4675
f 4656 4655 4654
f 5150 4656 4654
f 5132 4654 4676
f 5150 4654 5132
f 4656 4657 4655
f 4658 4657 4656
f 5152 4658 4656
f 5152 4656 5150
f 4658 4894 4872
f 4914 4894 4658
f 5154 4914 4658
f 5154 4658 5152
f 4660 4661 4659
f 4662 4661 4660
f 4660 4916 4662
f 4660 4896 4916
f 4662 4663 4661
f 4664 4663 4662
f 4662 4916 4664
f 4664 4677 4663
f 4678 4677 4664
f 4664 4916 4678
f 4666 4667 4665
f 4666 4665 4684
f 4684 4665 4683
f 4668 4667 4666
f 5122 4668 4666
f 5108 4666 4684
f 5122 4666 5108
f 5124 4668 5122
f 4670 4671 4669
f 4672 4671 4670
f 4670 4905 4672
f 4672 4685 4671
f 4686 4685 4672
f 4672 4905 4686
f 4674 4675 4673
f 4674 4673 4692
f 4692 4673 4691
f 4676 4675 4674
f 5130 4676 4674
f 5116 4674 4692
f 5130 4674 5116
f 5132 4676 5130
f 4678 4679 4677
f 4680 4679 4678
f 4678 4916 4680
f 4680 4693 4679
f 4694 4693 4680
f 4680 4916 4694
f 4682 4683 4681
f 4682 4681 4700
f 4700 4681 4699
f 4684 4683 4682
f 5106 4684 4682
f 5092 4682 4700
f 5106 4682 5092
f 5108 4684 5106
f 4686 4687 4685
f 4688 4687 4686
f 4686 4905 4688
f 4688 4701 4687
f 4702 4701 4688
f 4688 4905 4702
f 4690 4691 4689
f 4690 4689 4708
f 4708 4689 4707
f 4692 4691 4690
f 5114 4692 4690
f 5100 4690 4708
f 5114 4690 5100
f 5116 4692 5114
f 4694 4695 4693
f 4696 4695 4694
f 4694 4916 4696
f 4696 4709 4695
f 4710 4709 4696
f 4696 4916 4710
f 4698 4699 4697
f 4698 4697 4716
f 4716 4697 4715
f 4700 4699 4698
f 5090 4700 4698
f 5076 4698 4716
f 5090 4698 5076
f 5092 4700 5090
f 4702 4703 4701
f 4704 4703 4702
f 4702 4905 4704
f 4704 4717 4703
f 4718 4717 4704
f 4704 4905 4718
f 4706 4707 4705
f 4706 4705 4724
f 4724 4705 4723
f 4708 4707 4706
f 5098 4708 4706
f 5084 4706 4724
f 5098 4706 5084
f 5100 4708 5098
f 4710 4711 4709
f 4712 4711 4710
f 4710 4916 4712
f 4712 4725 4711
f 4726 4725 4712
f 4712 4916 4726
f 4714 4715 4713
f 4714 4713 4732
f 4732 4713 4731
f 4716 4715 4714
f 5074 4716 4714
f 5060 4714 4732
f 5074 4714 5060
f 5076 4716 5074
f 4718 4719 4717
f 4720 4719 4718
f 4718 4905 4720
f 4720 4733 4719
f 4734 4733 4720
f 4720 4905 4734
f 4722 4723 4721
f 4722 4721 4740
f 4740 4721 4739
f 4724 4723 4722
f 5082 4724 4722
f 5068 4722 4740
f 5082 4722 5068
f 5084 4724 5082
f 4726 4727 4725
f 4728 4727 4726
f 4726 4916 4728
f 4728 4741 4727
f 4742 4741 4728
f 4728 4916 4742
f 4730 4731 4729
f 4730 4729 4746
f 4746 4729 4745
f 4732 4731 4730
f 5058 4732 4730
f 5050 4730 4746
f 5058 4730 5050
f 5060 4732 5058
f 4734 4735 4733
f 4736 4735 4734
f 4734 4905 4736
f 4736 4747 4735
f 4748 4747 4736
f 4736 4905 4748
f 4738 4739 4737
f 4738 4737 4750
f 4750 4737 4749
f 4740 4739 4738
f 5066 4740 4738
f 5054 4738 4750
f 5066 4738 5054
f 5068 4740 5066
f 4742 4743 4741
f 4744 4743 4742
f 4742 4916 4744
f 4744 4751 4743
f 4752 4751 4744
f 4744 4916 4752
f 4746 4745 4756
f 4756 4745 4755
f 5020 4746 4756
f 5050 4746 5020
f 4748 4765 4747
f 4766 4765 4748
f 4748 4905 4766
f 4750 4749 4772
f 4772 4749 4771
f 5036 4750 4772
f 5054 4750 5036
f 4752 4781 4751
f 4782 4781 4752
f 4752 4916 4782
f 4754 4755 4753
f 4754 4753 4786
f 4786 4753 4785
f 4756 4755 4754
f 5018 4756 4754
f 4986 4754 4786
f 5018 4754 4986
f 5020 4756 5018
f 4758 4757 4760
f 4758 4791 4757
f 4760 4757 4759
f 4792 4791 4758
f 4760 4759 4762
f 4762 4759 4761
f 4762 4761 4764
f 4764 4761 4763
f 4764 4763 4794
f 4794 4763 4793
f 4766 4767 4765
f 4768 4767 4766
f 4766 4905 4768
f 4768 4799 4767
f 4800 4799 4768
f 4768 4905 4800
f 4770 4771 4769
f 4770 4769 4802
f 4802 4769 4801
f 4772 4771 4770
f 5034 4772 4770
f 5002 4770 4802
f 5034 4770 5002
f 5036 4772 5034
f 4774 4773 4776
f 4774 4807 4773
f 4776 4773 4775
f 4808 4807 4774
f 4776 4775 4778
f 4778 4775 4777
f 4778 4777 4780
f 4780 4777 4779
f 4780 4779 4810
f 4810 4779 4809
f 4782 4783 4781
f 4784 4783 4782
f 4782 4916 4784
f 4784 4815 4783
f 4816 4815 4784
f 4784 4916 4816
f 4786 4785 4818
f 4818 4785 4817
f 4962 4786 4818
f 4986 4786 4962
f 4788 4787 4790
f 4788 4821 4787
f 4790 4787 4789
f 4822 4821 4788
f 4790 4789 4792
f 4792 4789 4791
f 4794 4793 4796
f 4796 4793 4795
f 4796 4795 4798
f 4798 4795 4797
f 4798 4797 4824
f 4824 4797 4823
f 4800 4827 4799
f 4828 4827 4800
f 4800 4905 4828
f 4802 4801 4830
f 4830 4801 4829
f 4974 4802 4830
f 5002 4802 4974
f 4804 4803 4806
f 4804 4833 4803
f 4806 4803 4805
f 4834 4833 4804
f 4806 4805 4808
f 4808 4805 4807
f 4810 4809 4812
f 4812 4809 4811
f 4812 4811 4814
f 4814 4811 4813
f 4814 4813 4836
f 4836 4813 4835
f 4816 4839 4815
f 4840 4839 4816
f 4816 4916 4840
f 4818 4817 4842
f 4842 4817 4841
f 4946 4818 4842
f 4962 4818 4946
f 4820 4819 4822
f 4820 4843 4819
f 4822 4819 4821
f 4844 4843 4820
f 4824 4823 4826
f 4826 4823 4825
f 4826 4825 4846
f 4846 4825 4845
f 4828 4847 4827
f 4848 4847 4828
f 4828 4905 4848
f 4830 4829 4850
f 4850 4829 4849
f 4954 4830 4850
f 4974 4830 4954
f 4832 4831 4834
f 4832 4851 4831
f 4834 4831 4833
f 4852 4851 4832
f 4836 4835 4838
f 4838 4835 4837
f 4838 4837 4854
f 4854 4837 4853
f 4840 4855 4839
f 4856 4855 4840
f 4840 4916 4856
f 4842 4841 4858
f 4858 4841 4857
f 4922 4842 4858
f 4946 4842 4922
f 4844 4861 4843
f 4862 4861 4844
f 4846 4845 4864
f 4864 4845 4863
f 4848 4867 4847
f 4868 4867 4848
f 4848 4905 4868
f 4850 4849 4870
f 4870 4849 4869
f 4934 4850 4870
f 4954 4850 4934
f 4852 4873 4851
f 4874 4873 4852
f 4854 4853 4876
f 4876 4853 4875
f 4856 4879 4855
f 4880 4879 4856
f 4856 4916 4880
f 4858 4857 4883
f 4883 4857 4882
f 4901 4858 4883
f 4922 4858 4901
f 4860 4859 4862
f 4860 4884 4859
f 4862 4859 4861
f 4885 4884 4860
f 4864 4863 4866
f 4866 4863 4865
f 4866 4865 4887
f 4887 4865 4886
f 4868 4888 4867
f 4889 4888 4868
f 4868 4905 4889
f 4870 4869 4892
f 4892 4869 4891
f 4912 4870 4892
f 4934 4870 4912
f 4872 4871 4874
f 4872 4893 4871
f 4874 4871 4873
f 4894 4893 4872
f 4876 4875 4878
f 4878 4875 4877
f 4878 4877 4896
f 4896 4877 4895
f 4880 4897 4879
f 4898 4897 4880
f 4880 4916 4898
f 4883 4882 4881
f 4881 4882 4899
f 4901 4883 4881
f 4881 4899 4901
f 4885 4902 4884
f 4903 4902 4885
f 4887 4886 4905
f 4905 4886 4904
f 4889 4908 4888
f 4889 4905 4909
f 4909 4908 4889
f 4892 4891 4890
f 4890 4891 4910
f 4912 4892 4890
f 4890 4910 4912
f 4894 4913 4893
f 4914 4913 4894
f 4896 4895 4916
f 4916 4895 4915
f 4898 4919 4897
f 4898 4916 4920
f 4920 4919 4898
f 4901 4899 4900
f 4900 4899 7231
f 7231 4899 7255
f 7255 4899 7287
f 7287 4899 7311
f 7311 4899 7335
f 7335 4899 7359
f 7359 4899 7387
f 7387 4899 7411
f 7411 4899 7439
f 7439 4899 7463
f 7463 4899 7487
f 7487 4899 7511
f 7511 4899 7535
f 7535 4899 7559
f 7559 4899 7583
f 4901 4900 4922
f 4922 4900 4921
f 7231 4921 4900
f 4903 4923 4902
f 7182 4902 4923
f 7206 4902 7182
f 7230 4902 7206
f 7254 4902 7230
f 7286 4902 7254
f 7310 4902 7286
f 7334 4902 7310
f 7358 4902 7334
f 7386 4902 7358
f 7410 4902 7386
f 7438 4902 7410
f 7462 4902 7438
f 4924 4923 4903
f 5142 4924 4903
f 4905 4904 4930
f 4930 4904 4929
f 6278 4929 4904
f 4909 4905 4907
f 4907 4905 4932
f 4952 4905 4930
f 4932 4905 4952
f 4907 4906 4909
f 4907 4931 4906
f 4909 4906 4908
f 5310 4908 4906
f 5310 4906 4931
f 4932 4931 4907
f 4912 4910 4911
f 4910 6175 4911
f 5328 6067 4910
f 4910 6067 6107
f 4910 6107 6111
f 6111 6115 4910
f 4910 6115 6143
f 4910 6143 6147
f 6147 6175 4910
f 4912 4911 4934
f 4934 4911 4933
f 4911 6175 4933
f 4914 4935 4913
f 4935 5327 4913
f 4936 4935 4914
f 5154 4936 4914
f 4916 4915 4942
f 4942 4915 4941
f 4915 6762 4941
f 6794 6762 4915
f 4915 6826 6794
f 4915 6858 6826
f 6890 6858 4915
f 4915 6922 6890
f 6946 6922 4915
f 4915 6970 6946
f 4915 6994 6970
f 7018 6994 4915
f 4915 7042 7018
f 4915 7066 7042
f 7102 7066 4915
f 4915 7106 7102
f 4915 7130 7106
f 7154 7130 4915
f 4915 7178 7154
f 4915 7202 7178
f 7226 7202 4915
f 4915 7250 7226
f 4915 7282 7250
f 7306 7282 4915
f 4915 7330 7306
f 4915 7354 7330
f 7382 7354 4915
f 4915 7406 7382
f 4915 7434 7406
f 7458 7434 4915
f 4915 7482 7458
f 4920 4916 4918
f 4918 4916 4944
f 4960 4916 4942
f 4944 4916 4960
f 4918 4917 4920
f 4918 4943 4917
f 4920 4917 4919
f 4917 7579 4919
f 4943 7483 4917
f 4917 7483 7507
f 4917 7507 7531
f 4917 7531 7555
f 4917 7555 7579
f 4944 4943 4918
f 4919 7579 7611
f 4922 4921 4946
f 4946 4921 4945
f 7231 4945 4921
f 4924 4925 4923
f 7110 4923 4925
f 7134 4923 7110
f 7158 4923 7134
f 7182 4923 7158
f 4926 4925 4924
f 5162 4926 4924
f 5162 4924 5142
f 4926 4947 4925
f 6974 4925 4947
f 6998 4925 6974
f 7022 4925 6998
f 7046 4925 7022
f 7074 4925 7046
f 7070 4925 7074
f 7110 4925 7070
f 4948 4947 4926
f 4948 4926 5164
f 5164 4926 5162
f 4928 4929 4927
f 4928 4927 4950
f 4927 4929 6278
f 4950 4927 4949
f 6278 4949 4927
f 4930 4929 4928
f 4972 4930 4928
f 5030 4928 4950
f 4972 4928 5000
f 5000 4928 5032
f 5032 4928 5030
f 4952 4930 4972
f 4932 4951 4931
f 4931 4951 5310
f 4952 4951 4932
f 4934 4933 4954
f 4954 4933 4953
f 4933 6175 4953
f 4936 4937 4935
f 4937 5327 4935
f 4938 4937 4936
f 5186 4938 4936
f 5186 4936 5154
f 4938 4955 4937
f 4955 5327 4937
f 4956 4955 4938
f 4956 4938 5188
f 5188 4938 5186
f 4940 4941 4939
f 4940 4939 4958
f 4941 6762 4939
f 4958 4939 4957
f 4939 6762 4957
f 4942 4941 4940
f 4984 4942 4940
f 5046 4940 4958
f 4984 4940 5016
f 5016 4940 5048
f 5048 4940 5046
f 4960 4942 4984
f 4944 4959 4943
f 4959 7407 4943
f 4943 7407 7435
f 4943 7435 7459
f 4943 7459 7483
f 4960 4959 4944
f 4946 4945 4962
f 4962 4945 4961
f 4961 4945 7231
f 4948 4963 4947
f 6734 4947 4963
f 6766 4947 6734
f 6798 4947 6766
f 6830 4947 6798
f 6862 4947 6830
f 6894 4947 6862
f 6926 4947 6894
f 6950 4947 6926
f 6974 4947 6950
f 4964 4963 4948
f 4964 4948 5164
f 4950 4949 4970
f 4970 4949 4969
f 6278 4969 4949
f 5080 4950 4970
f 5030 4950 5052
f 5052 4950 5064
f 5064 4950 5062
f 5062 4950 5080
f 4952 4971 4951
f 5310 4951 4971
f 4972 4971 4952
f 4954 4953 4974
f 4974 4953 4973
f 4953 6175 4973
f 4956 4975 4955
f 4975 5327 4955
f 4976 4975 4956
f 4976 4956 5188
f 4958 4957 4982
f 4982 4957 4981
f 4957 6762 4981
f 5088 4958 4982
f 5046 4958 5056
f 5056 4958 5072
f 5072 4958 5070
f 5070 4958 5088
f 4960 4983 4959
f 4983 7307 4959
f 4959 7307 7331
f 4959 7331 7355
f 4959 7355 7383
f 4959 7383 7407
f 4984 4983 4960
f 4962 4961 4986
f 4986 4961 4985
f 7183 4985 4961
f 7183 4961 7207
f 7207 4961 7231
f 4964 4965 4963
f 6638 4963 4965
f 6678 4963 6638
f 6710 4963 6678
f 6734 4963 6710
f 4966 4965 4964
f 4966 4964 5164
f 4966 4987 4965
f 6454 4965 4987
f 6502 4965 6454
f 6542 4965 6502
f 6574 4965 6542
f 6606 4965 6574
f 6642 4965 6606
f 6638 4965 6642
f 4988 4987 4966
f 5166 4988 4966
f 5166 4966 5164
f 4968 4969 4967
f 4968 4967 4998
f 4967 4969 6278
f 4998 4967 4997
f 6278 4997 4967
f 4970 4969 4968
f 5078 4970 4968
f 5110 4968 4998
f 5078 4968 5096
f 5096 4968 5094
f 5094 4968 5112
f 5112 4968 5110
f 5080 4970 5078
f 4972 4999 4971
f 5310 4971 4999
f 5000 4999 4972
f 4974 4973 5002
f 5002 4973 5001
f 4973 6175 5001
f 4976 4977 4975
f 4977 5327 4975
f 4978 4977 4976
f 4978 4976 5188
f 4978 5003 4977
f 5003 5327 4977
f 5004 5003 4978
f 5190 5004 4978
f 5190 4978 5188
f 4980 4981 4979
f 4980 4979 5014
f 4981 6674 4979
f 5014 4979 5013
f 4979 6498 5013
f 4979 6538 6498
f 4979 6570 6538
f 4979 6602 6570
f 4979 6634 6602
f 4979 6670 6634
f 4979 6674 6670
f 4982 4981 4980
f 5086 4982 4980
f 5118 4980 5014
f 5086 4980 5104
f 5104 4980 5102
f 5102 4980 5120
f 5120 4980 5118
f 4981 6706 6674
f 4981 6730 6706
f 4981 6762 6730
f 5088 4982 5086
f 4984 5015 4983
f 5015 7203 4983
f 4983 7203 7227
f 4983 7227 7251
f 4983 7251 7283
f 4983 7283 7307
f 5016 5015 4984
f 4986 4985 5018
f 5018 4985 5017
f 7111 5017 4985
f 7111 4985 7135
f 7135 4985 7159
f 7159 4985 7183
f 4988 4989 4987
f 6330 4987 4989
f 6326 4987 6330
f 6390 4987 6326
f 6454 4987 6390
f 4990 4989 4988
f 5166 4990 4988
f 4990 4991 4989
f 6278 4989 4991
f 6310 4989 6278
f 6330 4989 6310
f 4992 4991 4990
f 4992 4990 5170
f 5168 4990 5166
f 5170 4990 5168
f 4992 5021 4991
f 4991 5021 6278
f 5022 5021 4992
f 5170 5022 4992
f 4994 4995 4993
f 4994 4993 5028
f 6278 4993 4995
f 5028 4993 5027
f 6278 5027 4993
f 4996 4995 4994
f 5176 4996 4994
f 5176 4994 5028
f 4996 4997 4995
f 4995 4997 6278
f 4998 4997 4996
f 5128 4998 4996
f 5128 4996 5126
f 5126 4996 5148
f 5146 4996 5144
f 5144 4996 5184
f 5148 4996 5146
f 5178 4996 5176
f 5180 4996 5178
f 5182 4996 5180
f 5184 4996 5182
f 5110 4998 5128
f 5000 5031 4999
f 4999 5031 5310
f 5032 5031 5000
f 5002 5001 5034
f 5034 5001 5033
f 5001 6175 5033
f 5004 5005 5003
f 5005 5327 5003
f 5006 5005 5004
f 5190 5006 5004
f 5006 5007 5005
f 5007 5327 5005
f 5008 5007 5006
f 5008 5006 5194
f 5192 5006 5190
f 5194 5006 5192
f 5008 5037 5007
f 5037 5327 5007
f 5038 5037 5008
f 5194 5038 5008
f 5010 5011 5009
f 5010 5009 5044
f 5011 6226 5009
f 5044 5009 5043
f 5009 6174 5043
f 5009 6178 6174
f 5009 6206 6178
f 5009 6210 6206
f 5009 6226 6210
f 5012 5011 5010
f 5200 5012 5010
f 5200 5010 5044
f 5012 5013 5011
f 5013 6382 5011
f 5011 6254 6226
f 5011 6258 6254
f 5011 6274 6258
f 5011 6302 6274
f 5011 6306 6302
f 5011 6322 6306
f 5011 6382 6322
f 5014 5013 5012
f 5136 5014 5012
f 5136 5012 5134
f 5134 5012 5160
f 5158 5012 5156
f 5156 5012 5208
f 5160 5012 5158
f 5202 5012 5200
f 5204 5012 5202
f 5206 5012 5204
f 5208 5012 5206
f 5013 6386 6382
f 5013 6450 6386
f 5013 6498 6450
f 5118 5014 5136
f 5016 5047 5015
f 5047 7131 5015
f 5015 7131 7155
f 5015 7155 7179
f 5015 7179 7203
f 5048 5047 5016
f 5018 5017 5020
f 5020 5017 5019
f 7071 5019 5017
f 7071 5017 7111
f 5020 5019 5050
f 5050 5019 5049
f 7023 5049 5019
f 7023 5019 7047
f 7047 5019 7075
f 7075 5019 7071
f 5022 5023 5021
f 6278 5021 5023
f 5024 5023 5022
f 5170 5024 5022
f 5024 5025 5023
f 5023 5025 6278
f 5026 5025 5024
f 5172 5026 5024
f 5172 5024 5170
f 5026 5027 5025
f 5025 5027 6278
f 5028 5027 5026
f 5174 5028 5026
f 5174 5026 5172
f 5176 5028 5174
f 5030 5029 5032
f 5030 5051 5029
f 5032 5029 5031
f 5310 5031 5029
f 5310 5029 5051
f 5052 5051 5030
f 5034 5033 5036
f 5036 5033 5035
f 5033 6175 5035
f 5036 5035 5054
f 5054 5035 5053
f 5035 6175 5053
f 5038 5039 5037
f 5039 5327 5037
f 5040 5039 5038
f 5194 5040 5038
f 5040 5041 5039
f 5041 5723 5039
f 5039 5723 5327
f 5042 5041 5040
f 5196 5042 5040
f 5196 5040 5194
f 5042 5043 5041
f 5043 6142 5041
f 5041 6058 5723
f 5041 6062 6058
f 5041 6066 6062
f 5041 6106 6066
f 5041 6110 6106
f 5041 6114 6110
f 5041 6142 6114
f 5044 5043 5042
f 5198 5044 5042
f 5198 5042 5196
f 5043 6146 6142
f 5043 6174 6146
f 5200 5044 5198
f 5046 5045 5048
f 5046 5055 5045
f 5048 5045 5047
f 5045 7107 5047
f 5055 7043 5045
f 5045 7043 7067
f 5045 7067 7103
f 5045 7103 7107
f 5056 5055 5046
f 5047 7107 7131
f 5050 5049 5058
f 5058 5049 5057
f 6895 5057 5049
f 6895 5049 6927
f 6927 5049 6951
f 6951 5049 6975
f 6975 5049 6999
f 6999 5049 7023
f 5052 5063 5051
f 5310 5051 5063
f 5064 5063 5052
f 5054 5053 5066
f 5066 5053 5065
f 5053 6175 5065
f 5056 5071 5055
f 5071 6923 5055
f 5055 6923 6947
f 5055 6947 6971
f 5055 6971 6995
f 5055 6995 7019
f 5055 7019 7043
f 5072 5071 5056
f 5058 5057 5060
f 5060 5057 5059
f 6895 5059 5057
f 5060 5059 5074
f 5074 5059 5073
f 6831 5073 5059
f 6831 5059 6863
f 6863 5059 6895
f 5062 5061 5064
f 5062 5079 5061
f 5064 5061 5063
f 5310 5063 5061
f 5310 5061 5079
f 5080 5079 5062
f 5066 5065 5068
f 5068 5065 5067
f 5065 6175 5067
f 5068 5067 5082
f 5082 5067 5081
f 5067 6175 5081
f 5070 5069 5072
f 5070 5087 5069
f 5072 5069 5071
f 5069 6923 5071
f 5087 6859 5069
f 5069 6859 6891
f 5069 6891 6923
f 5088 5087 5070
f 5074 5073 5076
f 5076 5073 5075
f 6735 5075 5073
f 6735 5073 6767
f 6767 5073 6799
f 6799 5073 6831
f 5076 5075 5090
f 5090 5075 5089
f 6711 5089 5075
f 6711 5075 6735
f 5078 5077 5080
f 5078 5095 5077
f 5080 5077 5079
f 5079 5077 5310
f 5310 5077 5095
f 5096 5095 5078
f 5082 5081 5084
f 5084 5081 5083
f 5081 6175 5083
f 5084 5083 5098
f 5098 5083 5097
f 5083 6175 5097
f 5086 5085 5088
f 5086 5103 5085
f 5088 5085 5087
f 5085 6763 5087
f 5103 6731 5085
f 5085 6731 6763
f 5104 5103 5086
f 5087 6763 6795
f 5087 6795 6827
f 5087 6827 6859
f 5090 5089 5092
f 5092 5089 5091
f 6643 5091 5089
f 6643 5089 6639
f 6639 5089 6679
f 6679 5089 6711
f 5092 5091 5106
f 5106 5091 5105
f 6643 5105 5091
f 5094 5093 5096
f 5094 5111 5093
f 5096 5093 5095
f 5095 5093 5310
f 5310 5093 5111
f 5112 5111 5094
f 5098 5097 5100
f 5100 5097 5099
f 5097 6175 5099
f 5100 5099 5114
f 5114 5099 5113
f 5099 6175 5113
f 5102 5101 5104
f 5102 5119 5101
f 5104 5101 5103
f 5101 6671 5103
f 5119 6671 5101
f 5120 5119 5102
f 5103 6671 6675
f 5103 6675 6707
f 5103 6707 6731
f 5106 5105 5108
f 5108 5105 5107
f 6543 5107 5105
f 6543 5105 6575
f 6575 5105 6607
f 6607 5105 6643
f 5108 5107 5122
f 5122 5107 5121
f 6503 5121 5107
f 6503 5107 6543
f 5110 5109 5112
f 5110 5127 5109
f 5112 5109 5111
f 5310 5111 5109
f 5310 5109 5127
f 5128 5127 5110
f 5114 5113 5116
f 5116 5113 5115
f 5113 6175 5115
f 5116 5115 5130
f 5130 5115 5129
f 5115 6175 5129
f 5118 5117 5120
f 5118 5135 5117
f 5120 5117 5119
f 5117 6571 5119
f 5135 6539 5117
f 5117 6539 6571
f 5136 5135 5118
f 5119 6571 6603
f 5119 6603 6635
f 5119 6635 6671
f 5122 5121 5124
f 5124 5121 5123
f 6391 5123 5121
f 6391 5121 6455
f 6455 5121 6503
f 5124 5123 5138
f 5138 5123 5137
f 6331 5137 5123
f 6331 5123 6327
f 6327 5123 6391
f 5126 5125 5128
f 5126 5147 5125
f 5128 5125 5127
f 5310 5127 5125
f 5310 5125 5147
f 5148 5147 5126
f 5130 5129 5132
f 5132 5129 5131
f 5129 6175 5131
f 5132 5131 5150
f 5150 5131 5149
f 5131 6175 5149
f 5134 5133 5136
f 5134 5159 5133
f 5136 5133 5135
f 5133 6451 5135
f 5159 6383 5133
f 5133 6383 6387
f 5133 6387 6451
f 5160 5159 5134
f 5135 6451 6499
f 5135 6499 6539
f 5138 5137 5140
f 5140 5137 5139
f 6311 5139 5137
f 6311 5137 6331
f 5140 5139 5142
f 5142 5139 5141
f 6263 5141 5139
f 6263 5139 6283
f 6283 5139 6279
f 6279 5139 6311
f 5142 5141 5162
f 5162 5141 5161
f 6235 5161 5141
f 6235 5141 6231
f 6231 5141 6263
f 5144 5143 5146
f 5144 5183 5143
f 5146 5143 5145
f 5310 5145 5143
f 5143 5183 5310
f 5184 5183 5144
f 5146 5145 5148
f 5148 5145 5147
f 5147 5145 5310
f 5150 5149 5152
f 5152 5149 5151
f 5149 6175 5151
f 5152 5151 5154
f 5154 5151 5153
f 5151 6175 5153
f 5154 5153 5186
f 5186 5153 5185
f 5153 6175 5185
f 5156 5155 5158
f 5156 5207 5155
f 5158 5155 5157
f 5155 6275 5157
f 5207 6255 5155
f 5155 6255 6259
f 5155 6259 6275
f 5208 5207 5156
f 5158 5157 5160
f 5160 5157 5159
f 5157 6323 5159
f 5157 6275 6303
f 5157 6303 6307
f 5157 6307 6323
f 5159 6323 6383
f 5162 5161 5164
f 5164 5161 5163
f 6215 5163 5161
f 6215 5161 6235
f 5164 5163 5166
f 5166 5163 5165
f 6187 5165 5163
f 6187 5163 6183
f 6183 5163 6215
f 5166 5165 5168
f 5168 5165 5167
f 6155 5167 5165
f 6155 5165 6151
f 6151 5165 6187
f 5168 5167 5170
f 5170 5167 5169
f 6071 5169 5167
f 6071 5167 6123
f 6123 5167 6119
f 6119 5167 6155
f 5170 5169 5172
f 5172 5169 5171
f 6023 5171 5169
f 6023 5169 6079
f 6075 5169 6071
f 6079 5169 6075
f 5172 5171 5174
f 5174 5171 5173
f 5171 6031 5173
f 6027 5171 6023
f 6031 5171 6027
f 5174 5173 5176
f 5176 5173 5175
f 5722 5175 5173
f 5173 5975 5722
f 5173 6031 5975
f 5176 5175 5178
f 5178 5175 5177
f 5177 5175 5722
f 5178 5177 5180
f 5180 5177 5179
f 5179 5177 5310
f 5310 5177 5722
f 5180 5179 5182
f 5182 5179 5181
f 5310 5181 5179
f 5182 5181 5184
f 5184 5181 5183
f 5310 5183 5181
f 5186 5185 5188
f 5188 5185 5187
f 5185 6175 5187
f 5188 5187 5190
f 5190 5187 5189
f 5187 6175 5189
f 5190 5189 5192
f 5192 5189 5191
f 5189 6175 5191
f 5192 5191 5194
f 5194 5191 5193
f 5191 6175 5193
f 5194 5193 5196
f 5196 5193 5195
f 5193 6175 5195
f 5196 5195 5198
f 5198 5195 5197
f 5195 6175 5197
f 5198 5197 5200
f 5200 5197 5199
f 5197 6175 5199
f 5200 5199 5202
f 5202 5199 5201
f 5199 6175 5201
f 5202 5201 5204
f 5204 5201 5203
f 5201 6175 5203
f 5204 5203 5206
f 5206 5203 5205
f 5203 6207 5205
f 5203 6175 6179
f 5203 6179 6207
f 5206 5205 5208
f 5208 5205 5207
f 5205 6227 5207
f 5205 6207 6211
f 5205 6211 6227
f 5207 6227 6255
f 5210 5209 5212
f 5210 5231 5209
f 5212 5209 5211
f 5232 5231 5210
f 5212 5211 5214
f 5214 5211 5213
f 5214 5213 5216
f 5216 5213 5215
f 5216 5215 5234
f 5234 5215 5233
f 5218 5217 5220
f 5218 5247 5217
f 5220 5217 5219
f 5248 5247 5218
f 5220 5219 5222
f 5222 5219 5221
f 5222 5221 5224
f 5224 5221 5223
f 5224 5223 5250
f 5250 5223 5249
f 5226 5225 5228
f 5226 5259 5225
f 5228 5225 5227
f 5260 5259 5226
f 5228 5227 5230
f 5230 5227 5229
f 5230 5229 5232
f 5232 5229 5231
f 5234 5233 5236
f 5236 5233 5235
f 5236 5235 5238
f 5238 5235 5237
f 5238 5237 5240
f 5240 5237 5239
f 5240 5239 5262
f 5262 5239 5261
f 5242 5241 5244
f 5242 5267 5241
f 5244 5241 5243
f 5268 5267 5242
f 5244 5243 5246
f 5246 5243 5245
f 5246 5245 5248
f 5248 5245 5247
f 5250 5249 5252
f 5252 5249 5251
f 5252 5251 5254
f 5254 5251 5253
f 5254 5253 5256
f 5256 5253 5255
f 5256 5255 5270
f 5270 5255 5269
f 5258 5257 5260
f 5258 5273 5257
f 5260 5257 5259
f 5274 5273 5258
f 5262 5261 5264
f 5264 5261 5263
f 5264 5263 5276
f 5276 5263 5275
f 5266 5265 5268
f 5266 5281 5265
f 5268 5265 5267
f 5282 5281 5266
f 5270 5269 5272
f 5272 5269 5271
f 5272 5271 5284
f 5284 5271 5283
f 5323 5283 5271
f 5274 5285 5273
f 5286 5285 5274
f 5276 5275 5278
f 5278 5275 5277
f 5278 5277 5288
f 5288 5277 5287
f 5280 5279 5282
f 5280 5293 5279
f 5282 5279 5281
f 5294 5293 5280
f 5284 5283 5296
f 5296 5283 5295
f 5323 5295 5283
f 5286 5299 5285
f 5300 5299 5286
f 5288 5287 5290
f 5290 5287 5289
f 5290 5289 5302
f 5302 5289 5301
f 5292 5291 5294
f 5292 5303 5291
f 5294 5291 5293
f 5304 5303 5292
f 5296 5295 5306
f 5306 5295 5305
f 5323 5305 5295
f 5298 5297 5300
f 5298 5315 5297
f 5300 5297 5299
f 5316 5315 5298
f 5302 5301 5318
f 5318 5301 5317
f 5304 5319 5303
f 5320 5319 5304
f 5306 5305 5308
f 5308 5305 5307
f 5323 5307 5305
f 5308 5307 5322
f 5322 5307 5321
f 5323 5321 5307
f 5310 5313 5309
f 5313 5311 5309
f 5309 5311 5721
f 5309 5721 5806
f 5806 5802 5309
f 5310 5312 5314
f 5310 5722 5312
f 5314 5313 5310
f 5312 5311 5718
f 5312 5721 5311
f 5313 5341 5311
f 5341 5345 5311
f 5311 5345 5349
f 5311 5349 5351
f 5311 5351 5357
f 5311 5357 5361
f 5361 5369 5311
f 5311 5369 5371
f 5311 5371 5381
f 5311 5381 5383
f 5383 5397 5311
f 5311 5397 5399
f 5311 5399 5413
f 5413 5415 5311
f 5311 5415 5433
f 5311 5433 5465
f 5465 5577 5311
f 5577 5585 5311
f 5585 5597 5311
f 5311 5597 5605
f 5311 5605 5613
f 5613 5625 5311
f 5311 5625 5627
f 5311 5627 5637
f 5637 5639 5311
f 5311 5639 5649
f 5311 5649 5717
f 5718 5311 5717
f 5314 5312 5372
f 5312 5382 5372
f 5312 5384 5382
f 5398 5384 5312
f 5312 5400 5398
f 5312 5414 5400
f 5466 5414 5312
f 5312 5718 5466
f 5722 5721 5312
f 5314 5346 5342
f 5314 5350 5346
f 5314 5352 5350
f 5314 5358 5352
f 5362 5358 5314
f 5314 5370 5362
f 5372 5370 5314
f 5316 5329 5315
f 5330 5329 5316
f 5322 5321 5332
f 5331 5321 5323
f 5332 5321 5331
f 5324 5327 5323
f 5327 5325 5323
f 5323 5325 5377
f 5323 5337 5331
f 5323 5339 5337
f 5323 5343 5339
f 5323 5347 5343
f 5323 5355 5347
f 5323 5353 5355
f 5323 5359 5353
f 5367 5359 5323
f 5323 5379 5367
f 5377 5379 5323
f 5324 5326 5328
f 5324 5378 5326
f 5328 5327 5324
f 5324 5344 5348
f 5324 5348 5356
f 5324 5356 5354
f 5324 5354 5360
f 5360 5368 5324
f 5324 5368 5380
f 5380 5378 5324
f 5326 5719 5325
f 5326 5325 5724
f 5723 5325 5327
f 5395 5377 5325
f 5393 5395 5325
f 5325 5411 5393
f 5409 5411 5325
f 5431 5409 5325
f 5325 5491 5431
f 5719 5491 5325
f 5724 5325 5723
f 5328 5326 5724
f 5326 5378 5396
f 5326 5396 5394
f 5394 5412 5326
f 5326 5412 5410
f 5326 5410 5432
f 5326 5432 5492
f 5720 5326 5492
f 5720 5719 5326
f 5328 5724 5823
f 5328 5851 5731
f 5328 5731 5855
f 5823 5827 5328
f 5328 5827 5831
f 5328 5831 5835
f 5835 5839 5328
f 5328 5839 5843
f 5328 5843 5847
f 5847 5851 5328
f 5855 5859 5328
f 5328 5859 5863
f 5328 5863 5867
f 5867 5871 5328
f 5328 5871 5875
f 5328 5875 5879
f 5879 5883 5328
f 5328 5883 5887
f 5328 5887 5891
f 5891 5955 5328
f 5328 5955 5959
f 5328 5959 5963
f 5963 5967 5328
f 5328 5967 5971
f 5328 5971 6011
f 6011 6015 5328
f 5328 6015 6019
f 5328 6019 6059
f 6059 6063 5328
f 5328 6063 6067
f 5330 5335 5329
f 5336 5335 5330
f 5332 5331 5338
f 5338 5331 5337
f 5334 5333 5336
f 5334 5341 5333
f 5336 5333 5335
f 5342 5341 5334
f 5338 5337 5340
f 5340 5337 5339
f 5340 5339 5344
f 5344 5339 5343
f 5342 5345 5341
f 5346 5345 5342
f 5344 5343 5348
f 5348 5343 5347
f 5346 5349 5345
f 5350 5349 5346
f 5348 5347 5356
f 5356 5347 5355
f 5350 5351 5349
f 5352 5351 5350
f 5352 5357 5351
f 5358 5357 5352
f 5354 5355 5353
f 5354 5353 5360
f 5360 5353 5359
f 5356 5355 5354
f 5358 5361 5357
f 5362 5361 5358
f 5360 5359 5368
f 5368 5359 5367
f 5362 5369 5361
f 5370 5369 5362
f 5364 5363 5374
f 5363 5364 5465
f 5374 5363 5373
f 5465 5373 5363
f 5466 5364 5374
f 5465 5364 5466
f 5366 5375 5365
f 5366 5365 5492
f 5491 5365 5375
f 5492 5365 5491
f 5376 5375 5366
f 5376 5366 5492
f 5368 5367 5380
f 5380 5367 5379
f 5370 5371 5369
f 5372 5371 5370
f 5372 5381 5371
f 5382 5381 5372
f 5374 5373 5388
f 5388 5373 5387
f 5387 5373 5465
f 5374 5388 5466
f 5376 5389 5375
f 5375 5389 5491
f 5390 5389 5376
f 5492 5390 5376
f 5378 5379 5377
f 5378 5377 5396
f 5396 5377 5395
f 5380 5379 5378
f 5382 5383 5381
f 5384 5383 5382
f 5384 5397 5383
f 5398 5397 5384
f 5386 5387 5385
f 5386 5385 5404
f 5385 5387 5465
f 5404 5385 5403
f 5465 5403 5385
f 5388 5387 5386
f 5388 5386 5466
f 5466 5386 5404
f 5390 5391 5389
f 5389 5391 5491
f 5392 5391 5390
f 5492 5392 5390
f 5392 5405 5391
f 5491 5391 5405
f 5406 5405 5392
f 5406 5392 5492
f 5394 5395 5393
f 5394 5393 5412
f 5412 5393 5411
f 5396 5395 5394
f 5398 5399 5397
f 5400 5399 5398
f 5400 5413 5399
f 5414 5413 5400
f 5402 5403 5401
f 5402 5401 5422
f 5401 5403 5465
f 5422 5401 5421
f 5421 5401 5465
f 5404 5403 5402
f 5404 5402 5466
f 5402 5422 5466
f 5406 5407 5405
f 5405 5407 5491
f 5408 5407 5406
f 5492 5408 5406
f 5408 5423 5407
f 5407 5423 5491
f 5424 5423 5408
f 5492 5424 5408
f 5410 5411 5409
f 5410 5409 5432
f 5432 5409 5431
f 5412 5411 5410
f 5414 5415 5413
f 5416 5415 5414
f 5466 5416 5414
f 5416 5433 5415
f 5434 5433 5416
f 5434 5416 5466
f 5418 5419 5417
f 5418 5417 5448
f 5465 5417 5419
f 5448 5417 5447
f 5447 5417 5465
f 5420 5419 5418
f 5466 5420 5418
f 5418 5448 5466
f 5420 5421 5419
f 5419 5421 5465
f 5422 5421 5420
f 5422 5420 5466
f 5424 5425 5423
f 5423 5425 5491
f 5426 5425 5424
f 5492 5426 5424
f 5426 5427 5425
f 5491 5425 5427
f 5428 5427 5426
f 5492 5428 5426
f 5428 5449 5427
f 5427 5449 5491
f 5450 5449 5428
f 5492 5450 5428
f 5430 5431 5429
f 5430 5429 5464
f 5491 5429 5431
f 5464 5429 5463
f 5463 5429 5491
f 5432 5431 5430
f 5492 5432 5430
f 5492 5430 5464
f 5434 5435 5433
f 5465 5433 5435
f 5436 5435 5434
f 5466 5436 5434
f 5436 5437 5435
f 5465 5435 5437
f 5438 5437 5436
f 5466 5438 5436
f 5438 5439 5437
f 5465 5437 5439
f 5440 5439 5438
f 5466 5440 5438
f 5440 5441 5439
f 5439 5441 5465
f 5442 5441 5440
f 5442 5440 5466
f 5442 5443 5441
f 5441 5443 5465
f 5444 5443 5442
f 5444 5442 5466
f 5444 5445 5443
f 5443 5445 5465
f 5446 5445 5444
f 5446 5444 5466
f 5446 5447 5445
f 5465 5445 5447
f 5448 5447 5446
f 5466 5448 5446
f 5450 5451 5449
f 5491 5449 5451
f 5452 5451 5450
f 5452 5450 5492
f 5452 5453 5451
f 5451 5453 5491
f 5454 5453 5452
f 5492 5454 5452
f 5454 5455 5453
f 5453 5455 5491
f 5456 5455 5454
f 5492 5456 5454
f 5456 5457 5455
f 5455 5457 5491
f 5458 5457 5456
f 5492 5458 5456
f 5458 5459 5457
f 5491 5457 5459
f 5460 5459 5458
f 5492 5460 5458
f 5460 5461 5459
f 5491 5459 5461
f 5462 5461 5460
f 5492 5462 5460
f 5462 5463 5461
f 5491 5461 5463
f 5464 5463 5462
f 5464 5462 5492
f 5465 5466 5471
f 5469 5467 5465
f 5467 5495 5465
f 5465 5471 5469
f 5465 5495 5493
f 5493 5511 5465
f 5511 5509 5465
f 5509 5525 5465
f 5465 5525 5539
f 5539 5537 5465
f 5465 5537 5549
f 5549 5557 5465
f 5557 5569 5465
f 5569 5577 5465
f 5470 5466 5468
f 5468 5466 5496
f 5472 5466 5470
f 5471 5466 5472
f 5496 5466 5494
f 5494 5466 5512
f 5512 5466 5510
f 5510 5466 5526
f 5526 5466 5540
f 5540 5466 5538
f 5538 5466 5550
f 5550 5466 5558
f 5558 5466 5570
f 5570 5466 5578
f 5578 5466 5586
f 5586 5466 5598
f 5598 5466 5606
f 5606 5466 5614
f 5614 5466 5626
f 5626 5466 5718
f 5467 5470 5468
f 5467 5468 5495
f 5469 5470 5467
f 5495 5468 5496
f 5469 5472 5470
f 5471 5472 5469
f 5473 5476 5474
f 5474 5483 5473
f 5475 5476 5473
f 5481 5475 5473
f 5481 5473 5483
f 5476 5482 5474
f 5474 5482 5484
f 5484 5483 5474
f 5475 5478 5476
f 5477 5478 5475
f 5479 5477 5475
f 5479 5475 5481
f 5478 5480 5476
f 5476 5480 5482
f 5477 5498 5478
f 5503 5477 5479
f 5497 5498 5477
f 5503 5497 5477
f 5478 5504 5480
f 5498 5504 5478
f 5480 5479 5482
f 5480 5503 5479
f 5482 5479 5481
f 5504 5503 5480
f 5482 5481 5484
f 5484 5481 5483
f 5486 5485 5488
f 5486 5491 5485
f 5488 5485 5487
f 5487 5485 5491
f 5492 5486 5488
f 5492 5491 5486
f 5488 5487 5490
f 5490 5487 5489
f 5491 5489 5487
f 5488 5490 5492
f 5490 5489 5506
f 5491 5505 5489
f 5506 5489 5505
f 5490 5506 5492
f 5507 5505 5491
f 5491 5521 5507
f 5491 5523 5521
f 5491 5535 5523
f 5491 5545 5535
f 5491 5547 5545
f 5555 5547 5491
f 5491 5567 5555
f 5491 5575 5567
f 5491 5583 5575
f 5491 5595 5583
f 5491 5603 5595
f 5611 5603 5491
f 5491 5623 5611
f 5491 5635 5623
f 5719 5635 5491
f 5492 5506 5508
f 5508 5522 5492
f 5522 5524 5492
f 5524 5536 5492
f 5492 5536 5546
f 5546 5548 5492
f 5492 5548 5556
f 5556 5568 5492
f 5568 5576 5492
f 5576 5584 5492
f 5492 5584 5596
f 5492 5596 5604
f 5492 5604 5612
f 5612 5624 5492
f 5492 5624 5636
f 5492 5636 5720
f 5493 5496 5494
f 5493 5494 5511
f 5495 5496 5493
f 5511 5494 5512
f 5497 5500 5498
f 5499 5500 5497
f 5501 5499 5497
f 5501 5497 5503
f 5500 5502 5498
f 5498 5502 5504
f 5499 5514 5500
f 5519 5499 5501
f 5513 5514 5499
f 5519 5513 5499
f 5500 5520 5502
f 5514 5520 5500
f 5502 5501 5504
f 5502 5519 5501
f 5504 5501 5503
f 5520 5519 5502
f 5506 5505 5508
f 5508 5505 5507
f 5508 5507 5522
f 5522 5507 5521
f 5509 5512 5510
f 5509 5510 5525
f 5511 5512 5509
f 5525 5510 5526
f 5513 5516 5514
f 5515 5516 5513
f 5517 5515 5513
f 5517 5513 5519
f 5516 5518 5514
f 5514 5518 5520
f 5515 5528 5516
f 5533 5515 5517
f 5527 5528 5515
f 5533 5527 5515
f 5516 5534 5518
f 5528 5534 5516
f 5518 5517 5520
f 5518 5533 5517
f 5520 5517 5519
f 5534 5533 5518
f 5522 5521 5524
f 5524 5521 5523
f 5524 5523 5536
f 5536 5523 5535
f 5525 5526 5539
f 5539 5526 5540
f 5527 5530 5528
f 5529 5530 5527
f 5531 5529 5527
f 5531 5527 5533
f 5530 5532 5528
f 5528 5532 5534
f 5529 5542 5530
f 5543 5529 5531
f 5541 5542 5529
f 5543 5541 5529
f 5530 5544 5532
f 5542 5544 5530
f 5532 5531 5534
f 5532 5543 5531
f 5534 5531 5533
f 5544 5543 5532
f 5536 5535 5546
f 5546 5535 5545
f 5537 5540 5538
f 5537 5538 5549
f 5539 5540 5537
f 5549 5538 5550
f 5541 5552 5542
f 5553 5541 5543
f 5551 5552 5541
f 5553 5551 5541
f 5542 5554 5544
f 5552 5554 5542
f 5544 5553 5543
f 5554 5553 5544
f 5546 5545 5548
f 5548 5545 5547
f 5548 5547 5556
f 5556 5547 5555
f 5549 5550 5557
f 5557 5550 5558
f 5551 5560 5552
f 5565 5551 5553
f 5559 5560 5551
f 5565 5559 5551
f 5552 5566 5554
f 5560 5566 5552
f 5554 5565 5553
f 5566 5565 5554
f 5556 5555 5568
f 5568 5555 5567
f 5557 5558 5569
f 5569 5558 5570
f 5559 5562 5560
f 5561 5562 5559
f 5563 5561 5559
f 5563 5559 5565
f 5562 5564 5560
f 5560 5564 5566
f 5561 5572 5562
f 5573 5561 5563
f 5571 5572 5561
f 5573 5571 5561
f 5562 5574 5564
f 5572 5574 5562
f 5564 5563 5566
f 5564 5573 5563
f 5566 5563 5565
f 5574 5573 5564
f 5568 5567 5576
f 5576 5567 5575
f 5569 5570 5577
f 5577 5570 5578
f 5571 5580 5572
f 5581 5571 5573
f 5579 5580 5571
f 5581 5579 5571
f 5572 5582 5574
f 5580 5582 5572
f 5574 5581 5573
f 5582 5581 5574
f 5576 5575 5584
f 5584 5575 5583
f 5577 5578 5585
f 5585 5578 5586
f 5579 5590 5580
f 5581 5589 5579
f 5589 5590 5579
f 5590 5582 5580
f 5582 5591 5581
f 5591 5589 5581
f 5590 5592 5582
f 5592 5591 5582
f 5584 5583 5596
f 5596 5583 5595
f 5585 5586 5597
f 5597 5586 5598
f 5587 5588 5589
f 5587 5600 5588
f 5591 5587 5589
f 5593 5587 5591
f 5593 5599 5587
f 5599 5600 5587
f 5589 5588 5590
f 5588 5592 5590
f 5588 5594 5592
f 5600 5594 5588
f 5592 5593 5591
f 5594 5593 5592
f 5594 5601 5593
f 5601 5599 5593
f 5600 5602 5594
f 5602 5601 5594
f 5596 5595 5604
f 5604 5595 5603
f 5597 5598 5605
f 5605 5598 5606
f 5599 5608 5600
f 5609 5599 5601
f 5607 5608 5599
f 5609 5607 5599
f 5600 5610 5602
f 5608 5610 5600
f 5602 5609 5601
f 5610 5609 5602
f 5604 5603 5612
f 5612 5603 5611
f 5605 5606 5613
f 5613 5606 5614
f 5607 5618 5608
f 5619 5607 5609
f 5617 5618 5607
f 5619 5617 5607
f 5608 5620 5610
f 5618 5620 5608
f 5610 5619 5609
f 5620 5619 5610
f 5612 5611 5624
f 5624 5611 5623
f 5613 5614 5625
f 5625 5614 5626
f 5615 5616 5617
f 5615 5630 5616
f 5621 5615 5617
f 5631 5615 5621
f 5629 5630 5615
f 5631 5629 5615
f 5617 5616 5618
f 5616 5622 5618
f 5616 5632 5622
f 5630 5632 5616
f 5621 5617 5619
f 5618 5622 5620
f 5620 5621 5619
f 5622 5621 5620
f 5622 5631 5621
f 5632 5631 5622
f 5624 5623 5636
f 5636 5623 5635
f 5625 5626 5627
f 5627 5626 5628
f 5626 5718 5628
f 5627 5628 5637
f 5637 5628 5638
f 5628 5718 5638
f 5629 5642 5630
f 5631 5713 5629
f 5641 5642 5629
f 5629 5713 5641
f 5630 5714 5632
f 5642 5714 5630
f 5632 5643 5631
f 5643 5715 5631
f 5631 5715 5713
f 5644 5643 5632
f 5716 5644 5632
f 5716 5632 5714
f 5634 5635 5633
f 5634 5633 5648
f 5633 5635 5719
f 5648 5633 5647
f 5647 5633 5719
f 5636 5635 5634
f 5720 5636 5634
f 5720 5634 5648
f 5637 5638 5639
f 5639 5638 5640
f 5638 5718 5640
f 5639 5640 5649
f 5649 5640 5650
f 5640 5718 5650
f 5641 5656 5642
f 5655 5656 5641
f 5641 5713 5655
f 5656 5714 5642
f 5644 5657 5643
f 5657 5715 5643
f 5658 5657 5644
f 5716 5658 5644
f 5646 5647 5645
f 5646 5645 5664
f 5719 5645 5647
f 5664 5645 5663
f 5663 5645 5719
f 5648 5647 5646
f 5648 5646 5720
f 5720 5646 5664
f 5649 5650 5651
f 5649 5651 5717
f 5651 5650 5652
f 5650 5718 5652
f 5651 5652 5665
f 5717 5651 5665
f 5665 5652 5666
f 5652 5718 5666
f 5653 5654 5655
f 5653 5680 5654
f 5655 5713 5653
f 5679 5680 5653
f 5653 5713 5679
f 5655 5654 5656
f 5654 5714 5656
f 5680 5714 5654
f 5658 5659 5657
f 5659 5715 5657
f 5660 5659 5658
f 5716 5660 5658
f 5660 5681 5659
f 5681 5715 5659
f 5682 5681 5660
f 5716 5682 5660
f 5662 5663 5661
f 5662 5661 5696
f 5661 5663 5719
f 5696 5661 5695
f 5719 5695 5661
f 5664 5663 5662
f 5720 5664 5662
f 5720 5662 5696
f 5665 5666 5667
f 5717 5665 5667
f 5667 5666 5668
f 5666 5718 5668
f 5667 5668 5669
f 5717 5667 5669
f 5669 5668 5670
f 5668 5718 5670
f 5669 5670 5671
f 5669 5671 5717
f 5671 5670 5672
f 5670 5718 5672
f 5671 5672 5697
f 5671 5697 5717
f 5697 5672 5698
f 5672 5718 5698
f 5673 5674 5675
f 5673 5704 5674
f 5717 5673 5675
f 5703 5704 5673
f 5703 5673 5717
f 5675 5674 5676
f 5674 5718 5676
f 5704 5718 5674
f 5675 5676 5677
f 5717 5675 5677
f 5677 5676 5678
f 5676 5718 5678
f 5677 5678 5679
f 5679 5713 5677
f 5677 5713 7421
f 5677 7421 5717
f 5679 5678 5680
f 5678 5714 5680
f 5678 5718 5714
f 5682 5683 5681
f 5683 5715 5681
f 5684 5683 5682
f 5716 5684 5682
f 5684 5685 5683
f 5719 5683 5685
f 5719 5715 5683
f 5686 5685 5684
f 5720 5686 5684
f 7424 5684 5716
f 5720 5684 7424
f 5686 5687 5685
f 5719 5685 5687
f 5688 5687 5686
f 5688 5686 5720
f 5688 5705 5687
f 5687 5705 5719
f 5706 5705 5688
f 5720 5706 5688
f 5690 5691 5689
f 5690 5689 5712
f 5689 5691 5719
f 5712 5689 5711
f 5711 5689 5719
f 5692 5691 5690
f 5720 5692 5690
f 5720 5690 5712
f 5692 5693 5691
f 5719 5691 5693
f 5694 5693 5692
f 5720 5694 5692
f 5694 5695 5693
f 5719 5693 5695
f 5696 5695 5694
f 5696 5694 5720
f 5697 5698 5699
f 5697 5699 5717
f 5699 5698 5700
f 5698 5718 5700
f 5699 5700 5701
f 5717 5699 5701
f 5701 5700 5702
f 5700 5718 5702
f 5701 5702 5703
f 5717 5701 5703
f 5703 5702 5704
f 5702 5718 5704
f 5706 5707 5705
f 5719 5705 5707
f 5708 5707 5706
f 5708 5706 5720
f 5708 5709 5707
f 5719 5707 5709
f 5710 5709 5708
f 5710 5708 5720
f 5710 5711 5709
f 5709 5711 5719
f 5712 5711 5710
f 5720 5712 5710
f 5714 5713 5716
f 5714 7421 5713
f 5716 5713 5715
f 5718 7422 5714
f 7422 7421 5714
f 5716 5715 7424
f 5719 7423 5715
f 7424 5715 7423
f 5718 5717 7370
f 7370 5717 7369
f 5717 8332 7369
f 7421 8536 5717
f 8376 8332 5717
f 5717 8416 8376
f 8456 8416 5717
f 5717 8496 8456
f 5717 8536 8496
f 7370 8333 5718
f 5718 8709 7422
f 5718 8333 8377
f 8377 8417 5718
f 5718 8417 8457
f 5718 8457 8497
f 8497 8537 5718
f 5718 8537 8573
f 8573 8605 5718
f 5718 8605 8657
f 5718 8657 8653
f 8653 8709 5718
f 5720 7371 5719
f 7371 7423 5719
f 7372 7371 5720
f 5720 7424 7372
f 5722 6518 5721
f 5806 5721 5810
f 5810 5721 5914
f 5914 5721 5918
f 5918 5721 5922
f 5922 5721 5926
f 5926 5721 5930
f 5930 5721 5986
f 5986 5721 5990
f 5990 5721 5994
f 5994 5721 6034
f 6034 5721 6038
f 6038 5721 6042
f 6042 5721 6082
f 6082 5721 6086
f 6086 5721 6090
f 6090 5721 6126
f 6126 5721 6130
f 6130 5721 6158
f 6158 5721 6162
f 6162 5721 6190
f 6190 5721 6194
f 6194 5721 6218
f 6218 5721 6238
f 6238 5721 6242
f 6242 5721 6266
f 6266 5721 6286
f 6286 5721 6290
f 6290 5721 6314
f 6314 5721 6350
f 6350 5721 6354
f 6354 5721 6418
f 6418 5721 6474
f 6474 5721 6518
f 5771 5727 5722
f 5722 5727 5775
f 5735 5739 5722
f 5722 5911 5735
f 5722 5739 5743
f 5722 5743 5747
f 5747 5751 5722
f 5722 5751 5755
f 5722 5755 5759
f 5759 5763 5722
f 5722 5763 5767
f 5722 5767 5771
f 5722 5775 5779
f 5779 5783 5722
f 5722 5783 5787
f 5722 5787 5791
f 5791 5795 5722
f 5722 5795 5799
f 5722 5799 5803
f 5803 5807 5722
f 5722 5807 5811
f 5722 5811 5915
f 5722 5895 5899
f 5983 5895 5722
f 5722 5899 5903
f 5903 5907 5722
f 5722 5907 5911
f 5915 5919 5722
f 5722 5919 5923
f 5722 5923 5927
f 5927 5931 5722
f 5722 5931 5987
f 5722 5975 5979
f 5722 5979 5983
f 5722 5987 5991
f 5991 5995 5722
f 5722 5995 6035
f 5722 6035 6039
f 6039 6043 5722
f 5722 6043 6083
f 5722 6083 6087
f 6087 6091 5722
f 5722 6091 6127
f 5722 6127 6131
f 6131 6159 5722
f 5722 6159 6163
f 5722 6163 6191
f 6191 6195 5722
f 5722 6195 6219
f 6219 6239 5722
f 5722 6239 6243
f 5722 6243 6267
f 5722 6267 6287
f 5722 6287 6291
f 6291 6315 5722
f 5722 6315 6351
f 5722 6351 6355
f 6355 6419 5722
f 5722 6419 6475
f 6475 6519 5722
f 6519 6518 5722
f 5724 5723 6523
f 5723 5730 5850
f 5854 5730 5723
f 5723 5818 5814
f 5723 5814 5950
f 5822 5818 5723
f 5723 5826 5822
f 5723 5830 5826
f 5834 5830 5723
f 5723 5838 5834
f 5723 5842 5838
f 5846 5842 5723
f 5723 5850 5846
f 5723 5858 5854
f 5723 5862 5858
f 5866 5862 5723
f 5723 5870 5866
f 5723 5874 5870
f 5878 5874 5723
f 5723 5882 5878
f 5723 5886 5882
f 5890 5886 5723
f 5723 5954 5890
f 5938 5934 5723
f 5723 5934 6006
f 5723 5942 5938
f 5723 5946 5942
f 5950 5946 5723
f 5723 5958 5954
f 5962 5958 5723
f 5723 5966 5962
f 5723 5970 5966
f 6010 5970 5723
f 6002 5998 5723
f 5723 5998 6054
f 5723 6006 6002
f 5723 6014 6010
f 5723 6018 6014
f 6058 6018 5723
f 6050 6046 5723
f 5723 6046 6102
f 5723 6054 6050
f 6098 6094 5723
f 5723 6094 6138
f 5723 6102 6098
f 5723 6138 6134
f 6134 6170 5723
f 5723 6170 6166
f 5723 6166 6202
f 5723 6202 6198
f 5723 6198 6222
f 6222 6250 5723
f 5723 6250 6246
f 5723 6246 6270
f 5723 6270 6298
f 5723 6298 6294
f 6294 6318 5723
f 5723 6318 6362
f 5723 6362 6358
f 6358 6422 5723
f 5723 6422 6478
f 6478 6522 5723
f 6523 5723 6522
f 5819 5724 5815
f 5815 5724 5951
f 5823 5724 5819
f 5939 5724 5935
f 5935 5724 6007
f 5943 5724 5939
f 5947 5724 5943
f 5951 5724 5947
f 6003 5724 5999
f 5999 5724 6055
f 6007 5724 6003
f 6051 5724 6047
f 6047 5724 6103
f 6055 5724 6051
f 6099 5724 6095
f 6095 5724 6139
f 6103 5724 6099
f 6139 5724 6135
f 6135 5724 6171
f 6171 5724 6167
f 6167 5724 6203
f 6203 5724 6199
f 6199 5724 6223
f 6223 5724 6251
f 6251 5724 6247
f 6247 5724 6271
f 6271 5724 6299
f 6299 5724 6295
f 6295 5724 6319
f 6319 5724 6363
f 6363 5724 6359
f 6359 5724 6423
f 6423 5724 6479
f 6479 5724 6523
f 5726 5725 5770
f 5726 5773 5725
f 5770 5725 5769
f 5725 6545 5769
f 5773 6547 5725
f 5725 6547 6545
f 5774 5773 5726
f 5728 5727 5772
f 5728 5775 5727
f 5772 5727 5771
f 5772 6546 5728
f 5776 5775 5728
f 5728 6548 5776
f 5728 6546 6548
f 5730 5729 5850
f 5730 5853 5729
f 5850 5729 5849
f 6567 5849 5729
f 6599 5729 5853
f 6567 5729 6597
f 6597 5729 6599
f 5854 5853 5730
f 5732 5731 5852
f 5732 5855 5731
f 5852 5731 5851
f 5852 6372 5732
f 5856 5855 5732
f 5732 6374 5856
f 5732 6372 6374
f 5734 5737 5733
f 5734 5733 5910
f 5737 6835 5733
f 5910 5733 5909
f 5733 6835 5909
f 5738 5737 5734
f 5736 5739 5735
f 5736 5735 5912
f 5912 5735 5911
f 5740 5739 5736
f 7360 5740 5736
f 7336 5736 5912
f 7360 5736 7336
f 5738 5741 5737
f 5741 6835 5737
f 5742 5741 5738
f 5740 5743 5739
f 5744 5743 5740
f 7388 5744 5740
f 7388 5740 7360
f 5742 5745 5741
f 5745 6835 5741
f 5746 5745 5742
f 5744 5747 5743
f 5748 5747 5744
f 7412 5748 5744
f 7412 5744 7388
f 5746 5749 5745
f 5749 6835 5745
f 5750 5749 5746
f 5748 5751 5747
f 5752 5751 5748
f 7440 5752 5748
f 7440 5748 7412
f 5750 5753 5749
f 5753 6835 5749
f 5754 5753 5750
f 5752 5755 5751
f 5756 5755 5752
f 7464 5756 5752
f 7464 5752 7440
f 5754 5757 5753
f 5757 6835 5753
f 5758 5757 5754
f 5756 5759 5755
f 5760 5759 5756
f 7488 5760 5756
f 7488 5756 7464
f 5758 5761 5757
f 5761 6681 5757
f 5757 6681 6713
f 6713 6739 5757
f 5757 6739 6737
f 5757 6737 6771
f 6771 6769 5757
f 5757 6769 6803
f 5757 6803 6801
f 6801 6835 5757
f 5762 5761 5758
f 5760 5763 5759
f 5764 5763 5760
f 5760 6682 5764
f 6714 6682 5760
f 5760 6740 6714
f 6738 6740 5760
f 5760 6772 6738
f 5760 6770 6772
f 6804 6770 5760
f 5760 6802 6804
f 5760 6836 6802
f 7512 6836 5760
f 7512 5760 7488
f 5762 5765 5761
f 5765 6645 5761
f 5761 6645 6683
f 6683 6681 5761
f 5766 5765 5762
f 5764 5767 5763
f 5768 5767 5764
f 5764 6646 5768
f 6684 6646 5764
f 5764 6682 6684
f 5766 5769 5765
f 5769 6577 5765
f 5765 6577 6611
f 5765 6611 6609
f 5765 6609 6645
f 5770 5769 5766
f 5768 5771 5767
f 5772 5771 5768
f 5768 6578 5772
f 5768 6612 6578
f 6610 6612 5768
f 5768 6646 6610
f 5769 6545 6579
f 5769 6579 6577
f 6580 6546 5772
f 5772 6578 6580
f 5774 5777 5773
f 5777 6507 5773
f 5773 6507 6505
f 6505 6547 5773
f 5778 5777 5774
f 5776 5779 5775
f 5780 5779 5776
f 5776 6508 5780
f 6506 6508 5776
f 5776 6548 6506
f 5778 5781 5777
f 5781 6457 5777
f 5777 6457 6509
f 5777 6509 6507
f 5782 5781 5778
f 5780 5783 5779
f 5784 5783 5780
f 5780 6458 5784
f 5780 6510 6458
f 5780 6508 6510
f 5782 5785 5781
f 5785 6461 5781
f 5781 6459 6457
f 5781 6461 6459
f 5786 5785 5782
f 5784 5787 5783
f 5788 5787 5784
f 5784 6462 5788
f 5784 6458 6460
f 5784 6460 6462
f 5786 5789 5785
f 5789 6463 5785
f 5785 6463 6461
f 5790 5789 5786
f 5788 5791 5787
f 5792 5791 5788
f 5788 6464 5792
f 5788 6462 6464
f 5790 5793 5789
f 5793 6395 5789
f 5789 6395 6393
f 5789 6393 6463
f 5794 5793 5790
f 5792 5795 5791
f 5796 5795 5792
f 5792 6396 5796
f 5792 6394 6396
f 5792 6464 6394
f 5794 5797 5793
f 5797 6397 5793
f 5793 6397 6395
f 5798 5797 5794
f 5796 5799 5795
f 5800 5799 5796
f 5796 6398 5800
f 5796 6396 6398
f 5798 5801 5797
f 5801 6401 5797
f 5797 6399 6397
f 5797 6401 6399
f 5802 5801 5798
f 5800 5803 5799
f 5804 5803 5800
f 5800 6402 5804
f 5800 6398 6400
f 5800 6400 6402
f 5802 5805 5801
f 5805 6401 5801
f 5806 5805 5802
f 5804 5807 5803
f 5808 5807 5804
f 5804 6402 5808
f 5806 5809 5805
f 5809 6333 5805
f 5805 6333 6403
f 5805 6403 6401
f 5810 5809 5806
f 5808 5811 5807
f 5812 5811 5808
f 5808 6334 5812
f 5808 6404 6334
f 5808 6402 6404
f 5810 5913 5809
f 5913 6335 5809
f 5809 6335 6333
f 5914 5913 5810
f 5812 5915 5811
f 5916 5915 5812
f 5812 6336 5916
f 5812 6334 6336
f 5814 5817 5813
f 5814 5813 5950
f 6437 5813 5817
f 5950 5813 5949
f 6377 5949 5813
f 6377 5813 6379
f 6379 5813 6437
f 5818 5817 5814
f 5816 5819 5815
f 5816 5815 5952
f 5952 5815 5951
f 5820 5819 5816
f 5816 6432 5820
f 5952 6430 5816
f 5816 6430 6432
f 5818 5821 5817
f 6439 5817 5821
f 6437 5817 6439
f 5822 5821 5818
f 5820 5823 5819
f 5824 5823 5820
f 5820 6434 5824
f 5820 6432 6434
f 5822 5825 5821
f 6441 5821 5825
f 6439 5821 6441
f 5826 5825 5822
f 5824 5827 5823
f 5828 5827 5824
f 5824 6434 5828
f 5826 5829 5825
f 6445 5825 5829
f 6441 5825 6443
f 6443 5825 6445
f 5830 5829 5826
f 5828 5831 5827
f 5832 5831 5828
f 5828 6436 5832
f 5828 6434 6436
f 5830 5833 5829
f 6447 5829 5833
f 6445 5829 6447
f 5834 5833 5830
f 5832 5835 5831
f 5836 5835 5832
f 5832 6366 5836
f 5832 6436 6366
f 5834 5837 5833
f 6489 5833 5837
f 6447 5833 6489
f 5838 5837 5834
f 5836 5839 5835
f 5840 5839 5836
f 5836 6368 5840
f 5836 6366 6368
f 5838 5841 5837
f 6493 5837 5841
f 6489 5837 6491
f 6491 5837 6493
f 5842 5841 5838
f 5840 5843 5839
f 5844 5843 5840
f 5840 6368 5844
f 5842 5845 5841
f 6531 5841 5845
f 6493 5841 6495
f 6495 5841 6531
f 5846 5845 5842
f 5844 5847 5843
f 5848 5847 5844
f 5844 6370 5848
f 5844 6368 6370
f 5846 5849 5845
f 6535 5845 5849
f 6531 5845 6533
f 6533 5845 6535
f 5850 5849 5846
f 5848 5851 5847
f 5852 5851 5848
f 5848 6372 5852
f 5848 6370 6372
f 6535 5849 6565
f 6565 5849 6567
f 5854 5857 5853
f 6599 5853 5857
f 5858 5857 5854
f 5856 5859 5855
f 5860 5859 5856
f 5856 6376 5860
f 5856 6374 6376
f 5858 5861 5857
f 6599 5857 5861
f 5862 5861 5858
f 5860 5863 5859
f 5864 5863 5860
f 5860 6378 5864
f 5860 6376 6378
f 5862 5865 5861
f 5865 6599 5861
f 5866 5865 5862
f 5864 5867 5863
f 5868 5867 5864
f 5864 6378 5868
f 5866 5869 5865
f 5869 6599 5865
f 5870 5869 5866
f 5868 5871 5867
f 5872 5871 5868
f 5872 5868 6854
f 5868 6378 6380
f 5868 6380 6438
f 6438 6440 5868
f 5868 6440 6442
f 6442 6444 5868
f 5868 6444 6446
f 6446 6448 5868
f 5868 6448 6490
f 6490 6492 5868
f 5868 6492 6494
f 5868 6494 6496
f 6496 6532 5868
f 5868 6532 6534
f 5868 6534 6536
f 5868 6536 6566
f 5868 6566 6568
f 5868 6568 6598
f 5868 6598 6600
f 5868 6600 6630
f 5868 6630 6632
f 5868 6632 6668
f 6668 6702 5868
f 5868 6702 6704
f 6704 6728 5868
f 5868 6728 6758
f 6758 6760 5868
f 5868 6760 6790
f 5868 6790 6792
f 6792 6822 5868
f 5868 6822 6824
f 5868 6824 6854
f 5870 5873 5869
f 5873 6599 5869
f 5874 5873 5870
f 5872 5875 5871
f 5876 5875 5872
f 6854 5876 5872
f 5874 5877 5873
f 5877 6599 5873
f 5878 5877 5874
f 5876 5879 5875
f 5880 5879 5876
f 6854 5880 5876
f 5878 5881 5877
f 5881 6599 5877
f 5882 5881 5878
f 5880 5883 5879
f 5884 5883 5880
f 5884 5880 6854
f 5882 5885 5881
f 5885 6599 5881
f 5886 5885 5882
f 5884 5887 5883
f 5888 5887 5884
f 6854 5888 5884
f 5886 5889 5885
f 5889 6599 5885
f 5890 5889 5886
f 5888 5891 5887
f 5892 5891 5888
f 6854 5892 5888
f 5890 5953 5889
f 5953 6599 5889
f 5954 5953 5890
f 5892 5955 5891
f 5956 5955 5892
f 5956 5892 6854
f 5894 5897 5893
f 5894 5893 5982
f 5897 6835 5893
f 5982 5893 5981
f 5893 6835 5981
f 5898 5897 5894
f 5896 5899 5895
f 5896 5895 5984
f 5984 5895 5983
f 5900 5899 5896
f 7232 5900 5896
f 7208 5896 5984
f 7232 5896 7208
f 5898 5901 5897
f 5901 6835 5897
f 5902 5901 5898
f 5900 5903 5899
f 5904 5903 5900
f 7256 5904 5900
f 7256 5900 7232
f 5902 5905 5901
f 5905 6835 5901
f 5906 5905 5902
f 5904 5907 5903
f 5908 5907 5904
f 7288 5908 5904
f 7288 5904 7256
f 5906 5909 5905
f 5909 6835 5905
f 5910 5909 5906
f 5908 5911 5907
f 5912 5911 5908
f 7312 5912 5908
f 7312 5908 7288
f 7336 5912 7312
f 5914 5917 5913
f 5917 6337 5913
f 5913 6337 6335
f 5918 5917 5914
f 5916 5919 5915
f 5920 5919 5916
f 5916 6338 5920
f 5916 6336 6338
f 5918 5921 5917
f 5921 6341 5917
f 5917 6339 6337
f 5917 6341 6339
f 5922 5921 5918
f 5920 5923 5919
f 5924 5923 5920
f 5920 6342 5924
f 5920 6338 6340
f 5920 6340 6342
f 5922 5925 5921
f 5925 6341 5921
f 5926 5925 5922
f 5924 5927 5923
f 5928 5927 5924
f 5924 6416 5928
f 5924 6342 6344
f 6344 6346 5924
f 5924 6346 6348
f 6348 6406 5924
f 5924 6406 6408
f 6408 6410 5924
f 5924 6410 6412
f 5924 6412 6414
f 5924 6414 6416
f 5926 5929 5925
f 5929 6345 5925
f 5925 6343 6341
f 5925 6345 6343
f 5930 5929 5926
f 5928 5931 5927
f 5932 5931 5928
f 5928 6466 5932
f 5928 6416 6466
f 5930 5985 5929
f 5985 6345 5929
f 5986 5985 5930
f 5932 5987 5931
f 5988 5987 5932
f 5932 6466 5988
f 5934 5937 5933
f 5934 5933 6006
f 6369 5933 5937
f 6006 5933 6005
f 6367 6005 5933
f 6367 5933 6369
f 5938 5937 5934
f 5936 5939 5935
f 5936 5935 6008
f 6008 5935 6007
f 5940 5939 5936
f 5936 6488 5940
f 6008 6488 5936
f 5938 5941 5937
f 6371 5937 5941
f 6369 5937 6371
f 5942 5941 5938
f 5940 5943 5939
f 5944 5943 5940
f 5940 6426 5944
f 5940 6488 6426
f 5942 5945 5941
f 6373 5941 5945
f 6371 5941 6373
f 5946 5945 5942
f 5944 5947 5943
f 5948 5947 5944
f 5944 6428 5948
f 5944 6426 6428
f 5946 5949 5945
f 6375 5945 5949
f 6373 5945 6375
f 5950 5949 5946
f 5948 5951 5947
f 5952 5951 5948
f 5948 6428 5952
f 6375 5949 6377
f 5952 6428 6430
f 5954 5957 5953
f 5957 6599 5953
f 5958 5957 5954
f 5956 5959 5955
f 5960 5959 5956
f 6854 5960 5956
f 5958 5961 5957
f 5961 6599 5957
f 5962 5961 5958
f 5960 5963 5959
f 5964 5963 5960
f 6854 5964 5960
f 5962 5965 5961
f 5965 6599 5961
f 5966 5965 5962
f 5964 5967 5963
f 5968 5967 5964
f 5968 5964 6854
f 5966 5969 5965
f 5969 6599 5965
f 5970 5969 5966
f 5968 5971 5967
f 5972 5971 5968
f 6854 5972 5968
f 5970 6009 5969
f 6009 6599 5969
f 6010 6009 5970
f 5972 6011 5971
f 6012 6011 5972
f 6854 6012 5972
f 5974 5977 5973
f 5974 5973 6030
f 5977 6835 5973
f 6030 5973 6029
f 5973 6835 6029
f 5978 5977 5974
f 5976 5979 5975
f 5976 5975 6032
f 6032 5975 6031
f 5980 5979 5976
f 7160 5980 5976
f 7136 5976 6032
f 7160 5976 7136
f 5978 5981 5977
f 5981 6835 5977
f 5982 5981 5978
f 5980 5983 5979
f 5984 5983 5980
f 7184 5984 5980
f 7184 5980 7160
f 7208 5984 7184
f 5986 5989 5985
f 5989 6405 5985
f 5985 6347 6345
f 5985 6405 6347
f 5990 5989 5986
f 5988 5991 5987
f 5992 5991 5988
f 5988 6468 5992
f 5988 6466 6468
f 5990 5993 5989
f 5993 6407 5989
f 5989 6407 6405
f 5994 5993 5990
f 5992 5995 5991
f 5996 5995 5992
f 5992 6470 5996
f 5992 6468 6470
f 5994 6033 5993
f 6033 6409 5993
f 5993 6409 6407
f 6034 6033 5994
f 5996 6035 5995
f 6036 6035 5996
f 5996 6472 6036
f 5996 6470 6472
f 5998 6001 5997
f 5998 5997 6054
f 6433 5997 6001
f 6054 5997 6053
f 6433 6053 5997
f 6002 6001 5998
f 6000 6003 5999
f 6000 5999 6056
f 6056 5999 6055
f 6004 6003 6000
f 6000 6484 6004
f 6056 6482 6000
f 6000 6482 6484
f 6002 6005 6001
f 6365 6001 6005
f 6435 6001 6365
f 6433 6001 6435
f 6006 6005 6002
f 6004 6007 6003
f 6008 6007 6004
f 6004 6486 6008
f 6004 6484 6486
f 6365 6005 6367
f 6008 6486 6488
f 6010 6013 6009
f 6013 6599 6009
f 6014 6013 6010
f 6012 6015 6011
f 6016 6015 6012
f 6016 6012 6854
f 6014 6017 6013
f 6017 6599 6013
f 6018 6017 6014
f 6016 6019 6015
f 6020 6019 6016
f 6854 6020 6016
f 6018 6057 6017
f 6057 6599 6017
f 6058 6057 6018
f 6020 6059 6019
f 6060 6059 6020
f 6854 6060 6020
f 6022 6025 6021
f 6022 6021 6078
f 6025 6835 6021
f 6078 6021 6077
f 6021 6835 6077
f 6026 6025 6022
f 6024 6027 6023
f 6024 6023 6080
f 6080 6023 6079
f 6028 6027 6024
f 7072 6028 6024
f 7076 6024 6080
f 7072 6024 7076
f 6026 6029 6025
f 6029 6835 6025
f 6030 6029 6026
f 6028 6031 6027
f 6032 6031 6028
f 7112 6032 6028
f 7112 6028 7072
f 7136 6032 7112
f 6034 6037 6033
f 6037 6411 6033
f 6033 6411 6409
f 6038 6037 6034
f 6036 6039 6035
f 6040 6039 6036
f 6036 6512 6040
f 6036 6472 6512
f 6038 6041 6037
f 6041 6413 6037
f 6037 6413 6411
f 6042 6041 6038
f 6040 6043 6039
f 6044 6043 6040
f 6040 6514 6044
f 6040 6512 6514
f 6042 6081 6041
f 6081 6415 6041
f 6041 6415 6413
f 6082 6081 6042
f 6044 6083 6043
f 6084 6083 6044
f 6044 6516 6084
f 6044 6514 6516
f 6046 6049 6045
f 6046 6045 6102
f 6427 6045 6049
f 6102 6045 6101
f 6425 6101 6045
f 6425 6045 6427
f 6050 6049 6046
f 6048 6051 6047
f 6048 6047 6104
f 6104 6047 6103
f 6052 6051 6048
f 6048 6528 6052
f 6104 6526 6048
f 6048 6526 6528
f 6050 6053 6049
f 6429 6049 6053
f 6427 6049 6429
f 6054 6053 6050
f 6052 6055 6051
f 6056 6055 6052
f 6052 6530 6056
f 6052 6528 6530
f 6429 6053 6431
f 6431 6053 6433
f 6056 6530 6482
f 6058 6061 6057
f 6061 6599 6057
f 6062 6061 6058
f 6060 6063 6059
f 6064 6063 6060
f 6064 6060 6854
f 6062 6065 6061
f 6065 6599 6061
f 6066 6065 6062
f 6064 6067 6063
f 6068 6067 6064
f 6854 6068 6064
f 6066 6105 6065
f 6105 6599 6065
f 6106 6105 6066
f 6068 6107 6067
f 6108 6107 6068
f 6854 6108 6068
f 6070 6073 6069
f 6070 6069 6122
f 6073 6835 6069
f 6122 6069 6121
f 6069 6835 6121
f 6074 6073 6070
f 6072 6075 6071
f 6072 6071 6124
f 6124 6071 6123
f 6076 6075 6072
f 7024 6076 6072
f 7000 6072 6124
f 7024 6072 7000
f 6074 6077 6073
f 6077 6835 6073
f 6078 6077 6074
f 6076 6079 6075
f 6080 6079 6076
f 7048 6080 6076
f 7048 6076 7024
f 7076 6080 7048
f 6082 6085 6081
f 6085 6465 6081
f 6081 6465 6415
f 6086 6085 6082
f 6084 6087 6083
f 6088 6087 6084
f 6084 6516 6088
f 6086 6089 6085
f 6089 6467 6085
f 6085 6467 6465
f 6090 6089 6086
f 6088 6091 6087
f 6092 6091 6088
f 6088 6550 6092
f 6088 6516 6550
f 6090 6125 6089
f 6125 6471 6089
f 6089 6469 6467
f 6089 6471 6469
f 6126 6125 6090
f 6092 6127 6091
f 6128 6127 6092
f 6092 6552 6128
f 6092 6550 6552
f 6094 6097 6093
f 6094 6093 6138
f 6485 6093 6097
f 6138 6093 6137
f 6483 6137 6093
f 6483 6093 6485
f 6098 6097 6094
f 6096 6099 6095
f 6096 6095 6140
f 6140 6095 6139
f 6100 6099 6096
f 6096 6564 6100
f 6140 6562 6096
f 6096 6562 6564
f 6098 6101 6097
f 6487 6097 6101
f 6485 6097 6487
f 6102 6101 6098
f 6100 6103 6099
f 6104 6103 6100
f 6100 6526 6104
f 6100 6564 6526
f 6487 6101 6425
f 6106 6109 6105
f 6109 6599 6105
f 6110 6109 6106
f 6108 6111 6107
f 6112 6111 6108
f 6112 6108 6854
f 6110 6113 6109
f 6113 6599 6109
f 6114 6113 6110
f 6112 6115 6111
f 6116 6115 6112
f 6854 6116 6112
f 6114 6141 6113
f 6141 6599 6113
f 6142 6141 6114
f 6116 6143 6115
f 6144 6143 6116
f 6854 6144 6116
f 6118 6121 6117
f 6118 6117 6154
f 6121 6835 6117
f 6154 6117 6153
f 6117 6835 6153
f 6122 6121 6118
f 6120 6123 6119
f 6120 6119 6156
f 6156 6119 6155
f 6124 6123 6120
f 6976 6124 6120
f 6952 6120 6156
f 6976 6120 6952
f 7000 6124 6976
f 6126 6129 6125
f 6129 6511 6125
f 6125 6511 6471
f 6130 6129 6126
f 6128 6131 6127
f 6132 6131 6128
f 6128 6552 6132
f 6130 6157 6129
f 6157 6513 6129
f 6129 6513 6511
f 6158 6157 6130
f 6132 6159 6131
f 6160 6159 6132
f 6132 6582 6160
f 6132 6552 6582
f 6134 6137 6133
f 6134 6133 6170
f 6529 6133 6137
f 6170 6133 6169
f 6527 6169 6133
f 6527 6133 6529
f 6138 6137 6134
f 6136 6139 6135
f 6136 6135 6172
f 6172 6135 6171
f 6140 6139 6136
f 6136 6562 6140
f 6172 6596 6136
f 6136 6596 6562
f 6481 6137 6483
f 6529 6137 6481
f 6142 6145 6141
f 6145 6599 6141
f 6146 6145 6142
f 6144 6147 6143
f 6148 6147 6144
f 6148 6144 6854
f 6146 6173 6145
f 6173 6599 6145
f 6174 6173 6146
f 6148 6175 6147
f 6176 6175 6148
f 6854 6176 6148
f 6150 6153 6149
f 6150 6149 6186
f 6153 6835 6149
f 6186 6149 6185
f 6149 6835 6185
f 6154 6153 6150
f 6152 6155 6151
f 6152 6151 6188
f 6188 6151 6187
f 6156 6155 6152
f 6928 6156 6152
f 6896 6152 6188
f 6928 6152 6896
f 6952 6156 6928
f 6158 6161 6157
f 6161 6515 6157
f 6157 6515 6513
f 6162 6161 6158
f 6160 6163 6159
f 6164 6163 6160
f 6160 6584 6164
f 6160 6582 6584
f 6162 6189 6161
f 6189 6549 6161
f 6161 6549 6515
f 6190 6189 6162
f 6164 6191 6163
f 6192 6191 6164
f 6164 6584 6192
f 6166 6169 6165
f 6166 6165 6202
f 6525 6165 6169
f 6202 6165 6201
f 6563 6201 6165
f 6563 6165 6525
f 6170 6169 6166
f 6168 6171 6167
f 6168 6167 6204
f 6204 6167 6203
f 6172 6171 6168
f 6168 6594 6172
f 6204 6594 6168
f 6525 6169 6527
f 6172 6594 6596
f 6174 6177 6173
f 6177 6599 6173
f 6178 6177 6174
f 6176 6179 6175
f 6180 6179 6176
f 6854 6180 6176
f 6178 6205 6177
f 6205 6629 6177
f 6177 6629 6599
f 6206 6205 6178
f 6180 6207 6179
f 6208 6207 6180
f 6208 6180 6854
f 6182 6185 6181
f 6182 6181 6214
f 6185 6835 6181
f 6214 6181 6213
f 6181 6835 6213
f 6186 6185 6182
f 6184 6187 6183
f 6184 6183 6216
f 6216 6183 6215
f 6188 6187 6184
f 6896 6188 6184
f 6832 6184 6216
f 6864 6184 6832
f 6896 6184 6864
f 6190 6193 6189
f 6193 6551 6189
f 6189 6551 6549
f 6194 6193 6190
f 6192 6195 6191
f 6196 6195 6192
f 6192 6614 6196
f 6192 6584 6614
f 6194 6217 6193
f 6217 6583 6193
f 6193 6581 6551
f 6193 6583 6581
f 6218 6217 6194
f 6196 6219 6195
f 6220 6219 6196
f 6196 6616 6220
f 6196 6614 6616
f 6198 6201 6197
f 6198 6197 6222
f 6561 6197 6201
f 6222 6197 6221
f 6593 6221 6197
f 6595 6197 6561
f 6593 6197 6595
f 6202 6201 6198
f 6200 6203 6199
f 6200 6199 6224
f 6224 6199 6223
f 6204 6203 6200
f 6200 6626 6204
f 6224 6626 6200
f 6561 6201 6563
f 6204 6628 6594
f 6204 6626 6628
f 6206 6209 6205
f 6209 6631 6205
f 6205 6631 6629
f 6210 6209 6206
f 6208 6211 6207
f 6212 6211 6208
f 6854 6212 6208
f 6210 6225 6209
f 6225 6667 6209
f 6209 6667 6631
f 6226 6225 6210
f 6212 6227 6211
f 6228 6227 6212
f 6228 6212 6854
f 6214 6213 6234
f 6234 6213 6233
f 6213 6835 6233
f 6216 6215 6236
f 6236 6215 6235
f 6800 6216 6236
f 6832 6216 6800
f 6218 6237 6217
f 6237 6583 6217
f 6238 6237 6218
f 6220 6239 6219
f 6240 6239 6220
f 6220 6648 6240
f 6220 6616 6648
f 6222 6221 6250
f 6250 6221 6249
f 6593 6249 6221
f 6224 6223 6252
f 6252 6223 6251
f 6252 6666 6224
f 6224 6666 6626
f 6226 6253 6225
f 6253 6667 6225
f 6254 6253 6226
f 6228 6255 6227
f 6256 6255 6228
f 6854 6256 6228
f 6230 6233 6229
f 6230 6229 6262
f 6233 6835 6229
f 6262 6229 6261
f 6229 6835 6261
f 6234 6233 6230
f 6232 6235 6231
f 6232 6231 6264
f 6264 6231 6263
f 6236 6235 6232
f 6768 6236 6232
f 6736 6232 6264
f 6768 6232 6736
f 6800 6236 6768
f 6238 6241 6237
f 6241 6615 6237
f 6237 6613 6583
f 6237 6615 6613
f 6242 6241 6238
f 6240 6243 6239
f 6244 6243 6240
f 6240 6648 6244
f 6242 6265 6241
f 6265 6615 6241
f 6266 6265 6242
f 6244 6267 6243
f 6268 6267 6244
f 6244 6686 6268
f 6244 6648 6686
f 6246 6249 6245
f 6246 6245 6270
f 6627 6245 6249
f 6270 6245 6269
f 6625 6269 6245
f 6625 6245 6627
f 6250 6249 6246
f 6248 6251 6247
f 6248 6247 6272
f 6272 6247 6271
f 6252 6251 6248
f 6248 6666 6252
f 6272 6700 6248
f 6248 6700 6666
f 6627 6249 6593
f 6254 6257 6253
f 6257 6701 6253
f 6253 6701 6667
f 6258 6257 6254
f 6256 6259 6255
f 6260 6259 6256
f 6854 6260 6256
f 6258 6273 6257
f 6273 6703 6257
f 6257 6703 6701
f 6274 6273 6258
f 6260 6275 6259
f 6276 6275 6260
f 6276 6260 6854
f 6262 6261 6282
f 6282 6261 6281
f 6261 6835 6281
f 6264 6263 6284
f 6284 6263 6283
f 6712 6264 6284
f 6736 6264 6712
f 6266 6285 6265
f 6285 6685 6265
f 6265 6647 6615
f 6265 6685 6647
f 6286 6285 6266
f 6268 6287 6267
f 6288 6287 6268
f 6268 6688 6288
f 6268 6686 6688
f 6270 6269 6298
f 6298 6269 6297
f 6699 6297 6269
f 6665 6269 6625
f 6699 6269 6665
f 6272 6271 6300
f 6300 6271 6299
f 6300 6698 6272
f 6272 6698 6700
f 6274 6301 6273
f 6301 6727 6273
f 6273 6727 6703
f 6302 6301 6274
f 6276 6303 6275
f 6304 6303 6276
f 6854 6304 6276
f 6278 6281 6277
f 6278 6277 6310
f 6281 6835 6277
f 6310 6277 6309
f 6277 6835 6309
f 6282 6281 6278
f 6280 6283 6279
f 6280 6279 6312
f 6312 6279 6311
f 6284 6283 6280
f 6680 6284 6280
f 6640 6280 6312
f 6680 6280 6640
f 6712 6284 6680
f 6286 6289 6285
f 6289 6687 6285
f 6285 6687 6685
f 6290 6289 6286
f 6288 6291 6287
f 6292 6291 6288
f 6288 6716 6292
f 6288 6688 6716
f 6290 6313 6289
f 6313 6715 6289
f 6289 6715 6687
f 6314 6313 6290
f 6292 6315 6291
f 6316 6315 6292
f 6292 6716 6316
f 6294 6297 6293
f 6294 6293 6318
f 6697 6293 6297
f 6318 6293 6317
f 6697 6317 6293
f 6298 6297 6294
f 6296 6299 6295
f 6296 6295 6320
f 6320 6295 6319
f 6300 6299 6296
f 6296 6726 6300
f 6320 6726 6296
f 6697 6297 6699
f 6300 6726 6698
f 6302 6305 6301
f 6305 6727 6301
f 6306 6305 6302
f 6304 6307 6303
f 6308 6307 6304
f 6308 6304 6854
f 6306 6321 6305
f 6321 6757 6305
f 6305 6757 6727
f 6322 6321 6306
f 6308 6323 6307
f 6324 6323 6308
f 6854 6324 6308
f 6310 6309 6330
f 6330 6309 6329
f 6309 6835 6329
f 6312 6311 6332
f 6332 6311 6331
f 6644 6312 6332
f 6640 6312 6644
f 6314 6349 6313
f 6349 6715 6313
f 6350 6349 6314
f 6316 6351 6315
f 6352 6351 6316
f 6316 6742 6352
f 6316 6716 6742
f 6318 6317 6362
f 6362 6317 6361
f 6725 6361 6317
f 6725 6317 6697
f 6320 6319 6364
f 6364 6319 6363
f 6364 6756 6320
f 6320 6756 6726
f 6322 6381 6321
f 6381 6759 6321
f 6321 6759 6757
f 6382 6381 6322
f 6324 6383 6323
f 6384 6383 6324
f 6854 6384 6324
f 6326 6329 6325
f 6326 6325 6390
f 6329 6835 6325
f 6390 6325 6389
f 6325 6835 6389
f 6330 6329 6326
f 6328 6331 6327
f 6328 6327 6392
f 6392 6327 6391
f 6332 6331 6328
f 6608 6332 6328
f 6576 6328 6392
f 6608 6328 6576
f 6644 6332 6608
f 6333 6336 6334
f 6333 6334 6403
f 6335 6336 6333
f 6403 6334 6404
f 6335 6338 6336
f 6337 6338 6335
f 6337 6340 6338
f 6339 6340 6337
f 6339 6342 6340
f 6341 6342 6339
f 6341 6344 6342
f 6343 6344 6341
f 6343 6346 6344
f 6345 6346 6343
f 6345 6348 6346
f 6347 6348 6345
f 6347 6406 6348
f 6405 6406 6347
f 6350 6353 6349
f 6353 6741 6349
f 6349 6741 6715
f 6354 6353 6350
f 6352 6355 6351
f 6356 6355 6352
f 6352 6744 6356
f 6352 6742 6744
f 6354 6417 6353
f 6417 6773 6353
f 6353 6743 6741
f 6353 6773 6743
f 6418 6417 6354
f 6356 6419 6355
f 6420 6419 6356
f 6356 6774 6420
f 6356 6744 6774
f 6358 6361 6357
f 6358 6357 6422
f 6755 6357 6361
f 6422 6357 6421
f 6753 6421 6357
f 6753 6357 6755
f 6362 6361 6358
f 6360 6363 6359
f 6360 6359 6424
f 6424 6359 6423
f 6364 6363 6360
f 6360 6754 6364
f 6424 6788 6360
f 6360 6788 6754
f 6755 6361 6725
f 6364 6754 6756
f 6365 6368 6366
f 6365 6366 6435
f 6367 6368 6365
f 6435 6366 6436
f 6367 6370 6368
f 6369 6370 6367
f 6369 6372 6370
f 6371 6372 6369
f 6371 6374 6372
f 6373 6374 6371
f 6373 6376 6374
f 6375 6376 6373
f 6375 6378 6376
f 6377 6378 6375
f 6377 6380 6378
f 6379 6380 6377
f 6379 6438 6380
f 6437 6438 6379
f 6382 6385 6381
f 6385 6789 6381
f 6381 6789 6759
f 6386 6385 6382
f 6384 6387 6383
f 6388 6387 6384
f 6388 6384 6854
f 6386 6449 6385
f 6449 6791 6385
f 6385 6791 6789
f 6450 6449 6386
f 6388 6451 6387
f 6452 6451 6388
f 6854 6452 6388
f 6390 6389 6454
f 6454 6389 6453
f 6389 6835 6453
f 6392 6391 6456
f 6456 6391 6455
f 6544 6392 6456
f 6576 6392 6544
f 6393 6396 6394
f 6393 6394 6463
f 6395 6396 6393
f 6463 6394 6464
f 6395 6398 6396
f 6397 6398 6395
f 6397 6400 6398
f 6399 6400 6397
f 6399 6402 6400
f 6401 6402 6399
f 6401 6404 6402
f 6403 6404 6401
f 6405 6408 6406
f 6407 6408 6405
f 6407 6410 6408
f 6409 6410 6407
f 6409 6412 6410
f 6411 6412 6409
f 6411 6414 6412
f 6413 6414 6411
f 6413 6416 6414
f 6415 6416 6413
f 6415 6466 6416
f 6465 6466 6415
f 6418 6473 6417
f 6473 6775 6417
f 6417 6775 6773
f 6474 6473 6418
f 6420 6475 6419
f 6476 6475 6420
f 6420 6776 6476
f 6420 6774 6776
f 6422 6421 6478
f 6478 6421 6477
f 6785 6477 6421
f 6787 6421 6753
f 6785 6421 6787
f 6424 6423 6480
f 6480 6423 6479
f 6480 6786 6424
f 6424 6786 6788
f 6425 6428 6426
f 6425 6426 6487
f 6427 6428 6425
f 6487 6426 6488
f 6427 6430 6428
f 6429 6430 6427
f 6429 6432 6430
f 6431 6432 6429
f 6431 6434 6432
f 6433 6434 6431
f 6433 6436 6434
f 6435 6436 6433
f 6437 6440 6438
f 6439 6440 6437
f 6439 6442 6440
f 6441 6442 6439
f 6441 6444 6442
f 6443 6444 6441
f 6443 6446 6444
f 6445 6446 6443
f 6445 6448 6446
f 6447 6448 6445
f 6447 6490 6448
f 6489 6490 6447
f 6450 6497 6449
f 6497 6821 6449
f 6449 6821 6791
f 6498 6497 6450
f 6452 6499 6451
f 6500 6499 6452
f 6854 6500 6452
f 6454 6453 6502
f 6502 6453 6501
f 6453 6835 6501
f 6456 6455 6504
f 6504 6455 6503
f 6544 6456 6504
f 6457 6460 6458
f 6457 6458 6509
f 6459 6460 6457
f 6509 6458 6510
f 6459 6462 6460
f 6461 6462 6459
f 6461 6464 6462
f 6463 6464 6461
f 6465 6468 6466
f 6467 6468 6465
f 6467 6470 6468
f 6469 6470 6467
f 6469 6472 6470
f 6471 6472 6469
f 6471 6512 6472
f 6511 6512 6471
f 6474 6517 6473
f 6837 6473 6517
f 6473 6805 6775
f 6807 6805 6473
f 6807 6473 6837
f 6518 6517 6474
f 6476 6519 6475
f 6520 6519 6476
f 6476 6808 6520
f 6476 6776 6806
f 6476 6806 6808
f 6478 6477 6522
f 6522 6477 6521
f 6817 6521 6477
f 6819 6477 6785
f 6817 6477 6819
f 6480 6479 6524
f 6524 6479 6523
f 6524 6818 6480
f 6480 6820 6786
f 6480 6818 6820
f 6481 6484 6482
f 6481 6482 6529
f 6483 6484 6481
f 6529 6482 6530
f 6483 6486 6484
f 6485 6486 6483
f 6485 6488 6486
f 6487 6488 6485
f 6489 6492 6490
f 6491 6492 6489
f 6491 6494 6492
f 6493 6494 6491
f 6493 6496 6494
f 6495 6496 6493
f 6495 6532 6496
f 6531 6532 6495
f 6498 6537 6497
f 6853 6497 6537
f 6497 6823 6821
f 6823 6497 6853
f 6538 6537 6498
f 6500 6539 6499
f 6540 6539 6500
f 6854 6540 6500
f 6502 6501 6542
f 6542 6501 6541
f 6501 6835 6541
f 6504 6503 6544
f 6544 6503 6543
f 6505 6508 6506
f 6505 6506 6547
f 6507 6508 6505
f 6547 6506 6548
f 6507 6510 6508
f 6509 6510 6507
f 6511 6514 6512
f 6513 6514 6511
f 6513 6516 6514
f 6515 6516 6513
f 6515 6550 6516
f 6549 6550 6515
f 6518 6553 6517
f 6839 6517 6553
f 6837 6517 6839
f 6519 7369 6518
f 6554 6553 6518
f 7369 6554 6518
f 6520 6555 6519
f 6519 6555 7370
f 7370 7369 6519
f 6556 6555 6520
f 6520 6840 6556
f 6808 6838 6520
f 6520 6838 6840
f 6522 6521 6558
f 6558 6521 6557
f 6851 6557 6521
f 6851 6521 6817
f 6523 6522 7372
f 6522 6558 7371
f 7372 6522 7371
f 6524 6523 6560
f 6560 6523 6559
f 7372 6559 6523
f 6560 6850 6524
f 6524 6852 6818
f 6850 6852 6524
f 6525 6528 6526
f 6525 6526 6563
f 6527 6528 6525
f 6563 6526 6564
f 6527 6530 6528
f 6529 6530 6527
f 6531 6534 6532
f 6533 6534 6531
f 6533 6536 6534
f 6535 6536 6533
f 6535 6566 6536
f 6565 6566 6535
f 6538 6569 6537
f 6853 6537 6569
f 6570 6569 6538
f 6540 6571 6539
f 6572 6571 6540
f 6854 6572 6540
f 6542 6541 6574
f 6574 6541 6573
f 6541 6867 6573
f 6541 6835 6833
f 6541 6833 6867
f 6544 6543 6576
f 6576 6543 6575
f 6545 6548 6546
f 6545 6546 6579
f 6547 6548 6545
f 6579 6546 6580
f 6549 6552 6550
f 6551 6552 6549
f 6551 6582 6552
f 6581 6582 6551
f 6554 6585 6553
f 6871 6553 6585
f 6839 6553 6869
f 6869 6553 6871
f 6586 6585 6554
f 6586 6554 7369
f 6556 6587 6555
f 7370 6555 6587
f 6588 6587 6556
f 6556 6872 6588
f 6556 6840 6870
f 6556 6870 6872
f 6558 6557 6590
f 6590 6557 6589
f 6557 6881 6589
f 6849 6557 6851
f 6849 6883 6557
f 6557 6883 6881
f 7371 6558 6590
f 6560 6559 6592
f 6592 6559 6591
f 7372 6591 6559
f 6592 6882 6560
f 6560 6884 6850
f 6560 6882 6884
f 6561 6564 6562
f 6561 6562 6595
f 6563 6564 6561
f 6595 6562 6596
f 6565 6568 6566
f 6567 6568 6565
f 6567 6598 6568
f 6597 6598 6567
f 6570 6601 6569
f 6853 6569 6601
f 6602 6601 6570
f 6572 6603 6571
f 6604 6603 6572
f 6572 6886 6604
f 6856 6572 6854
f 6572 6856 6886
f 6574 6573 6606
f 6606 6573 6605
f 6573 6865 6605
f 6573 6867 6865
f 6576 6575 6608
f 6608 6575 6607
f 6577 6580 6578
f 6577 6578 6611
f 6579 6580 6577
f 6611 6578 6612
f 6581 6584 6582
f 6583 6584 6581
f 6583 6614 6584
f 6613 6614 6583
f 6586 6617 6585
f 6903 6585 6617
f 6871 6585 6901
f 6901 6585 6903
f 6618 6617 6586
f 7369 6618 6586
f 6588 6619 6587
f 6587 6619 7370
f 6620 6619 6588
f 6588 6902 6620
f 6588 6872 6902
f 6590 6589 6622
f 6622 6589 6621
f 6589 6915 6621
f 6589 6881 6915
f 6590 6622 7371
f 6592 6591 6624
f 6624 6591 6623
f 7372 6623 6591
f 6624 6916 6592
f 6592 6916 6882
f 6593 6596 6594
f 6593 6594 6627
f 6595 6596 6593
f 6627 6594 6628
f 6597 6600 6598
f 6599 6600 6597
f 6599 6630 6600
f 6629 6630 6599
f 6602 6633 6601
f 6853 6601 6633
f 6634 6633 6602
f 6604 6635 6603
f 6636 6635 6604
f 6604 6888 6636
f 6604 6886 6888
f 6606 6605 6642
f 6642 6605 6641
f 6605 6899 6641
f 6605 6865 6899
f 6608 6607 6644
f 6644 6607 6643
f 6609 6612 6610
f 6609 6610 6645
f 6611 6612 6609
f 6645 6610 6646
f 6613 6616 6614
f 6615 6616 6613
f 6615 6648 6616
f 6647 6648 6615
f 6618 6649 6617
f 6931 6617 6649
f 6903 6617 6931
f 6650 6649 6618
f 7369 6650 6618
f 6620 6651 6619
f 7370 6619 6651
f 6652 6651 6620
f 6620 6904 6652
f 6620 6902 6904
f 6622 6621 6662
f 6662 6621 6661
f 6621 6941 6661
f 6621 6915 6913
f 6621 6913 6941
f 7371 6622 6662
f 6624 6623 6664
f 6664 6623 6663
f 6663 6623 7372
f 6664 6914 6624
f 6624 6914 6916
f 6625 6628 6626
f 6625 6626 6665
f 6627 6628 6625
f 6665 6626 6666
f 6629 6632 6630
f 6631 6632 6629
f 6631 6668 6632
f 6667 6668 6631
f 6634 6669 6633
f 6633 6669 6853
f 6670 6669 6634
f 6636 6671 6635
f 6672 6671 6636
f 6636 6918 6672
f 6636 6888 6918
f 6638 6641 6637
f 6638 6637 6678
f 6641 6897 6637
f 6678 6637 6677
f 6637 6929 6677
f 6637 6897 6929
f 6642 6641 6638
f 6640 6643 6639
f 6640 6639 6680
f 6680 6639 6679
f 6644 6643 6640
f 6641 6899 6897
f 6645 6646 6683
f 6683 6646 6684
f 6647 6686 6648
f 6685 6686 6647
f 6650 6653 6649
f 6955 6649 6653
f 6931 6649 6955
f 6654 6653 6650
f 6654 6650 7369
f 6652 6655 6651
f 7370 6651 6655
f 6656 6655 6652
f 6652 6932 6656
f 6652 6904 6932
f 6654 6689 6653
f 6979 6653 6689
f 6955 6653 6979
f 6690 6689 6654
f 7369 6690 6654
f 6656 6691 6655
f 6655 6691 7370
f 6692 6691 6656
f 6656 6956 6692
f 6656 6932 6956
f 6658 6661 6657
f 6658 6657 6694
f 6661 6965 6657
f 6694 6657 6693
f 6657 6965 6693
f 6662 6661 6658
f 7371 6662 6658
f 6658 6694 7371
f 6660 6663 6659
f 6660 6659 6696
f 7372 6659 6663
f 6696 6659 6695
f 7372 6695 6659
f 6664 6663 6660
f 6660 6942 6664
f 6696 6966 6660
f 6660 6966 6942
f 6661 6941 6965
f 6664 6942 6914
f 6665 6666 6699
f 6699 6666 6700
f 6667 6702 6668
f 6701 6702 6667
f 6670 6673 6669
f 6853 6669 6673
f 6674 6673 6670
f 6672 6675 6671
f 6676 6675 6672
f 6672 6920 6676
f 6672 6918 6920
f 6674 6705 6673
f 6853 6673 6705
f 6706 6705 6674
f 6676 6707 6675
f 6708 6707 6676
f 6676 6944 6708
f 6676 6920 6944
f 6678 6677 6710
f 6710 6677 6709
f 6677 6953 6709
f 6677 6929 6953
f 6680 6679 6712
f 6712 6679 6711
f 6681 6684 6682
f 6681 6682 6713
f 6683 6684 6681
f 6713 6682 6714
f 6685 6688 6686
f 6687 6688 6685
f 6687 6716 6688
f 6715 6716 6687
f 6690 6717 6689
f 6979 6689 6717
f 6718 6717 6690
f 7369 6718 6690
f 6692 6719 6691
f 7370 6691 6719
f 6720 6719 6692
f 6692 6956 6720
f 6694 6693 6722
f 6722 6693 6721
f 6693 6989 6721
f 6693 6965 6989
f 7371 6694 6722
f 6696 6695 6724
f 6724 6695 6723
f 6723 6695 7372
f 6724 6966 6696
f 6697 6700 6698
f 6697 6698 6725
f 6699 6700 6697
f 6725 6698 6726
f 6701 6704 6702
f 6703 6704 6701
f 6703 6728 6704
f 6727 6728 6703
f 6706 6729 6705
f 6705 6729 6853
f 6730 6729 6706
f 6708 6731 6707
f 6732 6731 6708
f 6708 6968 6732
f 6708 6944 6968
f 6710 6709 6734
f 6734 6709 6733
f 6709 6953 6733
f 6712 6711 6736
f 6736 6711 6735
f 6713 6714 6739
f 6739 6714 6740
f 6715 6742 6716
f 6741 6742 6715
f 6718 6745 6717
f 7003 6717 6745
f 6979 6717 7003
f 6746 6745 6718
f 6746 6718 7369
f 6720 6747 6719
f 7370 6719 6747
f 6748 6747 6720
f 6720 6980 6748
f 6720 6956 6980
f 6722 6721 6750
f 6750 6721 6749
f 6721 7013 6749
f 6721 6989 7013
f 7371 6722 6750
f 6724 6723 6752
f 6752 6723 6751
f 7372 6751 6723
f 6752 6990 6724
f 6724 6990 6966
f 6725 6726 6755
f 6755 6726 6756
f 6727 6758 6728
f 6757 6758 6727
f 6730 6761 6729
f 6853 6729 6761
f 6762 6761 6730
f 6732 6763 6731
f 6764 6763 6732
f 6732 6968 6764
f 6734 6733 6766
f 6766 6733 6765
f 6733 6977 6765
f 6733 6953 6977
f 6736 6735 6768
f 6768 6735 6767
f 6737 6740 6738
f 6737 6738 6771
f 6739 6740 6737
f 6771 6738 6772
f 6741 6744 6742
f 6743 6744 6741
f 6743 6774 6744
f 6773 6774 6743
f 6746 6777 6745
f 7051 6745 6777
f 7003 6745 7027
f 7027 6745 7051
f 6778 6777 6746
f 7369 6778 6746
f 6748 6779 6747
f 7370 6747 6779
f 6780 6779 6748
f 6748 7004 6780
f 6748 6980 7004
f 6750 6749 6782
f 6782 6749 6781
f 6749 7061 6781
f 6749 7013 7037
f 6749 7037 7061
f 7371 6750 6782
f 6752 6751 6784
f 6784 6751 6783
f 6783 6751 7372
f 6784 7014 6752
f 6752 7014 6990
f 6753 6756 6754
f 6753 6754 6787
f 6755 6756 6753
f 6787 6754 6788
f 6757 6760 6758
f 6759 6760 6757
f 6759 6790 6760
f 6789 6790 6759
f 6762 6793 6761
f 6761 6793 6853
f 6794 6793 6762
f 6764 6795 6763
f 6796 6795 6764
f 6764 6992 6796
f 6764 6968 6992
f 6766 6765 6798
f 6798 6765 6797
f 6765 7001 6797
f 6765 6977 7001
f 6768 6767 6800
f 6800 6767 6799
f 6769 6772 6770
f 6769 6770 6803
f 6771 6772 6769
f 6803 6770 6804
f 6773 6776 6774
f 6775 6776 6773
f 6775 6806 6776
f 6805 6806 6775
f 6778 6809 6777
f 7079 6777 6809
f 7051 6777 7079
f 6810 6809 6778
f 6810 6778 7369
f 6780 6811 6779
f 7370 6779 6811
f 6812 6811 6780
f 6780 7028 6812
f 6780 7004 7028
f 6782 6781 6814
f 6814 6781 6813
f 6781 7061 6813
f 7371 6782 6814
f 6784 6783 6816
f 6816 6783 6815
f 7372 6815 6783
f 6816 7038 6784
f 6784 7038 7014
f 6785 6788 6786
f 6785 6786 6819
f 6787 6788 6785
f 6819 6786 6820
f 6789 6792 6790
f 6791 6792 6789
f 6791 6822 6792
f 6821 6822 6791
f 6794 6825 6793
f 6853 6793 6825
f 6826 6825 6794
f 6796 6827 6795
f 6828 6827 6796
f 6796 7016 6828
f 6796 6992 7016
f 6798 6797 6830
f 6830 6797 6829
f 6797 7025 6829
f 6797 7001 7025
f 6800 6799 6832
f 6832 6799 6831
f 6801 6804 6802
f 6801 6802 6835
f 6803 6804 6801
f 6835 6802 6836
f 6805 6808 6806
f 6807 6808 6805
f 6807 6838 6808
f 6837 6838 6807
f 6810 6841 6809
f 7115 6809 6841
f 7079 6809 7115
f 6842 6841 6810
f 7369 6842 6810
f 6812 6843 6811
f 6811 6843 7370
f 6844 6843 6812
f 6812 7028 6844
f 6814 6813 6846
f 6846 6813 6845
f 6813 7125 6845
f 6813 7061 7097
f 6813 7097 7125
f 6814 6846 7371
f 6816 6815 6848
f 6848 6815 6847
f 7372 6847 6815
f 6848 7038 6816
f 6817 6820 6818
f 6817 6818 6851
f 6819 6820 6817
f 6851 6818 6852
f 6821 6824 6822
f 6823 6824 6821
f 6823 6854 6824
f 6853 6854 6823
f 6826 6857 6825
f 6853 6825 6857
f 6858 6857 6826
f 6828 6859 6827
f 6860 6859 6828
f 6828 7040 6860
f 6828 7016 7040
f 6830 6829 6862
f 6862 6829 6861
f 6829 7025 6861
f 6832 6831 6864
f 6864 6831 6863
f 6833 6836 6834
f 6833 6834 6867
f 6835 6836 6833
f 7512 6834 6836
f 6867 6834 6868
f 7512 6868 6834
f 6837 6840 6838
f 6839 6840 6837
f 6839 6870 6840
f 6869 6870 6839
f 6842 6873 6841
f 7115 6841 6873
f 6874 6873 6842
f 7369 6874 6842
f 6844 6875 6843
f 7370 6843 6875
f 6876 6875 6844
f 6844 7052 6876
f 6844 7028 7052
f 6846 6845 6878
f 6878 6845 6877
f 6845 7125 6877
f 7371 6846 6878
f 6848 6847 6880
f 6880 6847 6879
f 6879 6847 7372
f 6880 7062 6848
f 6848 7062 7038
f 6849 6852 6850
f 6849 6850 6883
f 6851 6852 6849
f 6883 6850 6884
f 6853 6856 6854
f 6855 6856 6853
f 7529 6855 6853
f 6857 6889 6853
f 6853 6889 6921
f 6921 6945 6853
f 6853 6945 6969
f 6853 6969 6993
f 6993 7017 6853
f 6853 7017 7041
f 6853 7041 7065
f 7065 7101 6853
f 6853 7101 7105
f 6853 7105 7129
f 7129 7153 6853
f 6853 7153 7177
f 6853 7177 7201
f 7201 7225 6853
f 6853 7225 7249
f 6853 7249 7281
f 7281 7305 6853
f 6853 7305 7329
f 6853 7329 7353
f 7353 7381 6853
f 6853 7381 7405
f 6853 7405 7433
f 7433 7457 6853
f 6853 7457 7481
f 6853 7481 7505
f 7505 7529 6853
f 6855 6886 6856
f 6885 6886 6855
f 7529 6885 6855
f 6858 6889 6857
f 6890 6889 6858
f 6860 6891 6859
f 6892 6891 6860
f 6860 7040 6892
f 6862 6861 6894
f 6894 6861 6893
f 6861 7049 6893
f 6861 7025 7049
f 6864 6863 6896
f 6896 6863 6895
f 6865 6868 6866
f 6865 6866 6899
f 6867 6868 6865
f 6866 6868 7512
f 6899 6866 6900
f 7512 6900 6866
f 6869 6872 6870
f 6871 6872 6869
f 6871 6902 6872
f 6901 6902 6871
f 6874 6905 6873
f 7163 6873 6905
f 7115 6873 7139
f 7139 6873 7163
f 6906 6905 6874
f 6906 6874 7369
f 6876 6907 6875
f 7370 6875 6907
f 6908 6907 6876
f 6876 7052 6908
f 6878 6877 6910
f 6910 6877 6909
f 6877 7149 6909
f 6877 7125 7149
f 7371 6878 6910
f 6880 6879 6912
f 6912 6879 6911
f 7372 6911 6879
f 6912 7062 6880
f 6881 6884 6882
f 6881 6882 6915
f 6883 6884 6881
f 6915 6882 6916
f 6885 6888 6886
f 6887 6888 6885
f 6887 6885 7529
f 6887 6918 6888
f 6917 6918 6887
f 7529 6917 6887
f 6890 6921 6889
f 6922 6921 6890
f 6892 6923 6891
f 6924 6923 6892
f 6892 7064 6924
f 6892 7040 7064
f 6894 6893 6926
f 6926 6893 6925
f 6893 7077 6925
f 6893 7049 7077
f 6896 6895 6928
f 6928 6895 6927
f 6897 6900 6898
f 6897 6898 6929
f 6899 6900 6897
f 7512 6898 6900
f 6929 6898 6930
f 6930 6898 7512
f 6901 6904 6902
f 6903 6904 6901
f 6903 6932 6904
f 6931 6932 6903
f 6906 6933 6905
f 7187 6905 6933
f 7163 6905 7187
f 6934 6933 6906
f 7369 6934 6906
f 6908 6935 6907
f 7370 6907 6935
f 6936 6935 6908
f 6908 7116 6936
f 6908 7052 7080
f 6908 7080 7116
f 6910 6909 6938
f 6938 6909 6937
f 6909 7197 6937
f 6909 7149 7173
f 6909 7173 7197
f 7371 6910 6938
f 6912 6911 6940
f 6940 6911 6939
f 6939 6911 7372
f 6940 7126 6912
f 6912 7098 7062
f 6912 7126 7098
f 6913 6916 6914
f 6913 6914 6941
f 6915 6916 6913
f 6941 6914 6942
f 6917 6920 6918
f 6919 6920 6917
f 7529 6919 6917
f 6919 6944 6920
f 6943 6944 6919
f 6943 6919 7529
f 6922 6945 6921
f 6946 6945 6922
f 6924 6947 6923
f 6948 6947 6924
f 6924 7100 6948
f 6924 7064 7100
f 6926 6925 6950
f 6950 6925 6949
f 6925 7113 6949
f 6925 7077 7113
f 6928 6927 6952
f 6952 6927 6951
f 6929 6930 6953
f 6953 6930 6954
f 7512 6954 6930
f 6931 6956 6932
f 6955 6956 6931
f 6934 6957 6933
f 7211 6933 6957
f 7187 6933 7211
f 6958 6957 6934
f 6958 6934 7369
f 6936 6959 6935
f 7370 6935 6959
f 6960 6959 6936
f 6936 7116 6960
f 6938 6937 6962
f 6962 6937 6961
f 6937 7221 6961
f 6937 7197 7221
f 7371 6938 6962
f 6940 6939 6964
f 6964 6939 6963
f 7372 6963 6939
f 6964 7126 6940
f 6941 6942 6965
f 6965 6942 6966
f 6943 6968 6944
f 6967 6968 6943
f 7529 6967 6943
f 6946 6969 6945
f 6970 6969 6946
f 6948 6971 6947
f 6972 6971 6948
f 6948 7128 6972
f 6948 7100 7128
f 6950 6949 6974
f 6974 6949 6973
f 6949 7113 6973
f 6952 6951 6976
f 6976 6951 6975
f 6953 6954 6977
f 6977 6954 6978
f 6978 6954 7512
f 6955 6980 6956
f 6979 6980 6955
f 6958 6981 6957
f 7235 6957 6981
f 7211 6957 7235
f 6982 6981 6958
f 7369 6982 6958
f 6960 6983 6959
f 6959 6983 7370
f 6984 6983 6960
f 6960 7140 6984
f 6960 7116 7140
f 6962 6961 6986
f 6986 6961 6985
f 6961 7245 6985
f 6961 7221 7245
f 6962 6986 7371
f 6964 6963 6988
f 6988 6963 6987
f 7372 6987 6963
f 6988 7150 6964
f 6964 7150 7126
f 6965 6966 6989
f 6989 6966 6990
f 6967 6992 6968
f 6991 6992 6967
f 6991 6967 7529
f 6970 6993 6969
f 6994 6993 6970
f 6972 6995 6971
f 6996 6995 6972
f 6972 7128 6996
f 6974 6973 6998
f 6998 6973 6997
f 6973 7137 6997
f 6973 7113 7137
f 6976 6975 7000
f 7000 6975 6999
f 6977 6978 7001
f 7001 6978 7002
f 7512 7002 6978
f 6979 7004 6980
f 7003 7004 6979
f 6982 7005 6981
f 7261 6981 7005
f 7235 6981 7261
f 7006 7005 6982
f 7369 7006 6982
f 6984 7007 6983
f 7370 6983 7007
f 7008 7007 6984
f 6984 7164 7008
f 6984 7140 7164
f 6986 6985 7010
f 7010 6985 7009
f 6985 7275 7009
f 6985 7245 7275
f 7371 6986 7010
f 6988 6987 7012
f 7012 6987 7011
f 7011 6987 7372
f 7012 7174 6988
f 6988 7174 7150
f 6989 6990 7013
f 7013 6990 7014
f 6991 7016 6992
f 7015 7016 6991
f 7529 7015 6991
f 6994 7017 6993
f 7018 7017 6994
f 6996 7019 6995
f 7020 7019 6996
f 6996 7152 7020
f 6996 7128 7152
f 6998 6997 7022
f 7022 6997 7021
f 6997 7161 7021
f 6997 7137 7161
f 7000 6999 7024
f 7024 6999 7023
f 7001 7002 7025
f 7025 7002 7026
f 7026 7002 7512
f 7003 7028 7004
f 7027 7028 7003
f 7006 7029 7005
f 7291 7005 7029
f 7261 7005 7263
f 7263 7005 7291
f 7030 7029 7006
f 7030 7006 7369
f 7008 7031 7007
f 7370 7007 7031
f 7032 7031 7008
f 7008 7164 7032
f 7010 7009 7034
f 7034 7009 7033
f 7009 7273 7033
f 7009 7275 7273
f 7371 7010 7034
f 7012 7011 7036
f 7036 7011 7035
f 7372 7035 7011
f 7036 7174 7012
f 7013 7014 7037
f 7037 7014 7038
f 7015 7040 7016
f 7039 7040 7015
f 7039 7015 7529
f 7018 7041 7017
f 7042 7041 7018
f 7020 7043 7019
f 7044 7043 7020
f 7020 7176 7044
f 7020 7152 7176
f 7022 7021 7046
f 7046 7021 7045
f 7021 7161 7045
f 7024 7023 7048
f 7048 7023 7047
f 7025 7026 7049
f 7049 7026 7050
f 7512 7050 7026
f 7027 7052 7028
f 7051 7052 7027
f 7030 7053 7029
f 7315 7029 7053
f 7291 7029 7315
f 7054 7053 7030
f 7369 7054 7030
f 7032 7055 7031
f 7031 7055 7370
f 7056 7055 7032
f 7032 7188 7056
f 7032 7164 7188
f 7034 7033 7058
f 7058 7033 7057
f 7033 7325 7057
f 7033 7273 7301
f 7033 7301 7325
f 7034 7058 7371
f 7036 7035 7060
f 7060 7035 7059
f 7372 7059 7035
f 7060 7198 7036
f 7036 7198 7174
f 7037 7038 7061
f 7061 7038 7062
f 7039 7064 7040
f 7063 7064 7039
f 7529 7063 7039
f 7042 7065 7041
f 7066 7065 7042
f 7044 7067 7043
f 7068 7067 7044
f 7044 7176 7068
f 7046 7045 7074
f 7074 7045 7073
f 7045 7185 7073
f 7045 7161 7185
f 7048 7047 7076
f 7076 7047 7075
f 7049 7050 7077
f 7077 7050 7078
f 7512 7078 7050
f 7051 7080 7052
f 7079 7080 7051
f 7054 7081 7053
f 7339 7053 7081
f 7315 7053 7339
f 7082 7081 7054
f 7369 7082 7054
f 7056 7083 7055
f 7370 7055 7083
f 7084 7083 7056
f 7056 7212 7084
f 7056 7188 7212
f 7058 7057 7094
f 7094 7057 7093
f 7057 7349 7093
f 7057 7325 7349
f 7371 7058 7094
f 7060 7059 7096
f 7096 7059 7095
f 7095 7059 7372
f 7096 7222 7060
f 7060 7222 7198
f 7061 7062 7097
f 7097 7062 7098
f 7063 7100 7064
f 7099 7100 7063
f 7529 7099 7063
f 7066 7101 7065
f 7102 7101 7066
f 7068 7103 7067
f 7104 7103 7068
f 7068 7200 7104
f 7068 7176 7200
f 7070 7073 7069
f 7070 7069 7110
f 7073 7209 7069
f 7110 7069 7109
f 7069 7209 7109
f 7074 7073 7070
f 7072 7075 7071
f 7072 7071 7112
f 7112 7071 7111
f 7076 7075 7072
f 7073 7185 7209
f 7077 7078 7113
f 7113 7078 7114
f 7512 7114 7078
f 7079 7116 7080
f 7115 7116 7079
f 7082 7085 7081
f 7363 7081 7085
f 7339 7081 7363
f 7086 7085 7082
f 7086 7082 7369
f 7084 7087 7083
f 7370 7083 7087
f 7088 7087 7084
f 7084 7212 7088
f 7086 7117 7085
f 7391 7085 7117
f 7363 7085 7391
f 7118 7117 7086
f 7369 7118 7086
f 7088 7119 7087
f 7087 7119 7370
f 7120 7119 7088
f 7088 7236 7120
f 7088 7212 7236
f 7090 7093 7089
f 7090 7089 7122
f 7093 7377 7089
f 7122 7089 7121
f 7089 7401 7121
f 7089 7377 7401
f 7094 7093 7090
f 7371 7094 7090
f 7090 7122 7371
f 7092 7095 7091
f 7092 7091 7124
f 7372 7091 7095
f 7124 7091 7123
f 7372 7123 7091
f 7096 7095 7092
f 7092 7222 7096
f 7124 7246 7092
f 7092 7246 7222
f 7093 7349 7377
f 7097 7098 7125
f 7125 7098 7126
f 7099 7128 7100
f 7127 7128 7099
f 7529 7127 7099
f 7102 7105 7101
f 7106 7105 7102
f 7104 7107 7103
f 7108 7107 7104
f 7104 7224 7108
f 7104 7200 7224
f 7106 7129 7105
f 7130 7129 7106
f 7108 7131 7107
f 7132 7131 7108
f 7108 7224 7132
f 7110 7109 7134
f 7134 7109 7133
f 7109 7233 7133
f 7109 7209 7233
f 7112 7111 7136
f 7136 7111 7135
f 7113 7114 7137
f 7137 7114 7138
f 7512 7138 7114
f 7115 7140 7116
f 7139 7140 7115
f 7118 7141 7117
f 7415 7117 7141
f 7391 7117 7415
f 7142 7141 7118
f 7369 7142 7118
f 7120 7143 7119
f 7370 7119 7143
f 7144 7143 7120
f 7120 7262 7144
f 7120 7236 7262
f 7122 7121 7146
f 7146 7121 7145
f 7121 7429 7145
f 7121 7401 7429
f 7371 7122 7146
f 7124 7123 7148
f 7148 7123 7147
f 7147 7123 7372
f 7148 7276 7124
f 7124 7276 7246
f 7125 7126 7149
f 7149 7126 7150
f 7127 7152 7128
f 7151 7152 7127
f 7529 7151 7127
f 7130 7153 7129
f 7154 7153 7130
f 7132 7155 7131
f 7156 7155 7132
f 7132 7248 7156
f 7132 7224 7248
f 7134 7133 7158
f 7158 7133 7157
f 7133 7259 7157
f 7133 7233 7259
f 7136 7135 7160
f 7160 7135 7159
f 7137 7138 7161
f 7161 7138 7162
f 7512 7162 7138
f 7139 7164 7140
f 7163 7164 7139
f 7142 7165 7141
f 7467 7141 7165
f 7415 7141 7443
f 7443 7141 7467
f 7166 7165 7142
f 7166 7142 7369
f 7144 7167 7143
f 7370 7143 7167
f 7168 7167 7144
f 7144 7264 7168
f 7144 7262 7264
f 7146 7145 7170
f 7170 7145 7169
f 7145 7453 7169
f 7145 7429 7453
f 7371 7146 7170
f 7148 7147 7172
f 7172 7147 7171
f 7372 7171 7147
f 7172 7274 7148
f 7148 7274 7276
f 7149 7150 7173
f 7173 7150 7174
f 7151 7176 7152
f 7175 7176 7151
f 7529 7175 7151
f 7154 7177 7153
f 7178 7177 7154
f 7156 7179 7155
f 7180 7179 7156
f 7156 7278 7180
f 7156 7248 7278
f 7158 7157 7182
f 7182 7157 7181
f 7157 7257 7181
f 7157 7259 7257
f 7160 7159 7184
f 7184 7159 7183
f 7161 7162 7185
f 7185 7162 7186
f 7512 7186 7162
f 7163 7188 7164
f 7187 7188 7163
f 7166 7189 7165
f 7467 7165 7189
f 7190 7189 7166
f 7369 7190 7166
f 7168 7191 7167
f 7167 7191 7370
f 7192 7191 7168
f 7168 7292 7192
f 7168 7264 7292
f 7170 7169 7194
f 7194 7169 7193
f 7169 7477 7193
f 7169 7453 7477
f 7170 7194 7371
f 7172 7171 7196
f 7196 7171 7195
f 7372 7195 7171
f 7196 7302 7172
f 7172 7302 7274
f 7173 7174 7197
f 7197 7174 7198
f 7175 7200 7176
f 7199 7200 7175
f 7529 7199 7175
f 7178 7201 7177
f 7202 7201 7178
f 7180 7203 7179
f 7204 7203 7180
f 7180 7280 7204
f 7180 7278 7280
f 7182 7181 7206
f 7206 7181 7205
f 7181 7289 7205
f 7181 7257 7289
f 7184 7183 7208
f 7208 7183 7207
f 7185 7186 7209
f 7209 7186 7210
f 7512 7210 7186
f 7187 7212 7188
f 7211 7212 7187
f 7190 7213 7189
f 7515 7189 7213
f 7467 7189 7491
f 7491 7189 7515
f 7214 7213 7190
f 7369 7214 7190
f 7192 7215 7191
f 7370 7191 7215
f 7216 7215 7192
f 7192 7316 7216
f 7192 7292 7316
f 7194 7193 7218
f 7218 7193 7217
f 7193 7501 7217
f 7193 7477 7501
f 7371 7194 7218
f 7196 7195 7220
f 7220 7195 7219
f 7219 7195 7372
f 7220 7326 7196
f 7196 7326 7302
f 7197 7198 7221
f 7221 7198 7222
f 7199 7224 7200
f 7223 7224 7199
f 7529 7223 7199
f 7202 7225 7201
f 7226 7225 7202
f 7204 7227 7203
f 7228 7227 7204
f 7204 7304 7228
f 7204 7280 7304
f 7206 7205 7230
f 7230 7205 7229
f 7205 7313 7229
f 7205 7289 7313
f 7208 7207 7232
f 7232 7207 7231
f 7209 7210 7233
f 7233 7210 7234
f 7512 7234 7210
f 7211 7236 7212
f 7235 7236 7211
f 7214 7237 7213
f 7539 7213 7237
f 7515 7213 7539
f 7238 7237 7214
f 7238 7214 7369
f 7216 7239 7215
f 7370 7215 7239
f 7240 7239 7216
f 7216 7340 7240
f 7216 7316 7340
f 7218 7217 7242
f 7242 7217 7241
f 7217 7549 7241
f 7217 7501 7525
f 7217 7525 7549
f 7371 7218 7242
f 7220 7219 7244
f 7244 7219 7243
f 7372 7243 7219
f 7244 7350 7220
f 7220 7350 7326
f 7221 7222 7245
f 7245 7222 7246
f 7223 7248 7224
f 7247 7248 7223
f 7529 7247 7223
f 7226 7249 7225
f 7250 7249 7226
f 7228 7251 7227
f 7252 7251 7228
f 7228 7328 7252
f 7228 7304 7328
f 7230 7229 7254
f 7254 7229 7253
f 7229 7337 7253
f 7229 7313 7337
f 7232 7231 7256
f 7256 7231 7255
f 7233 7234 7259
f 7259 7234 7260
f 7512 7260 7234
f 7235 7262 7236
f 7261 7262 7235
f 7238 7265 7237
f 7563 7237 7265
f 7539 7237 7563
f 7266 7265 7238
f 7369 7266 7238
f 7240 7267 7239
f 7239 7267 7370
f 7268 7267 7240
f 7240 7340 7268
f 7242 7241 7270
f 7270 7241 7269
f 7241 7549 7269
f 7242 7270 7371
f 7244 7243 7272
f 7272 7243 7271
f 7372 7271 7243
f 7272 7350 7244
f 7245 7246 7275
f 7275 7246 7276
f 7247 7278 7248
f 7277 7278 7247
f 7529 7277 7247
f 7250 7281 7249
f 7282 7281 7250
f 7252 7283 7251
f 7284 7283 7252
f 7252 7352 7284
f 7252 7328 7352
f 7254 7253 7286
f 7286 7253 7285
f 7253 7337 7285
f 7256 7255 7288
f 7288 7255 7287
f 7257 7260 7258
f 7257 7258 7289
f 7259 7260 7257
f 7258 7260 7512
f 7289 7258 7290
f 7512 7290 7258
f 7261 7264 7262
f 7263 7264 7261
f 7263 7292 7264
f 7291 7292 7263
f 7266 7293 7265
f 7587 7265 7293
f 7563 7265 7587
f 7294 7293 7266
f 7369 7294 7266
f 7268 7295 7267
f 7370 7267 7295
f 7296 7295 7268
f 7268 7364 7296
f 7268 7340 7364
f 7270 7269 7298
f 7298 7269 7297
f 7269 7605 7297
f 7269 7549 7573
f 7269 7573 7605
f 7371 7270 7298
f 7272 7271 7300
f 7300 7271 7299
f 7299 7271 7372
f 7300 7378 7272
f 7272 7378 7350
f 7273 7276 7274
f 7273 7274 7301
f 7275 7276 7273
f 7301 7274 7302
f 7277 7280 7278
f 7279 7280 7277
f 7279 7277 7529
f 7279 7304 7280
f 7303 7304 7279
f 7529 7303 7279
f 7282 7305 7281
f 7306 7305 7282
f 7284 7307 7283
f 7308 7307 7284
f 7284 7352 7308
f 7286 7285 7310
f 7310 7285 7309
f 7285 7361 7309
f 7285 7337 7361
f 7288 7287 7312
f 7312 7287 7311
f 7289 7290 7313
f 7313 7290 7314
f 7512 7314 7290
f 7291 7316 7292
f 7315 7316 7291
f 7294 7317 7293
f 7619 7293 7317
f 7587 7293 7619
f 7318 7317 7294
f 7318 7294 7369
f 7296 7319 7295
f 7370 7295 7319
f 7320 7319 7296
f 7296 7392 7320
f 7296 7364 7392
f 7298 7297 7322
f 7322 7297 7321
f 7297 7605 7321
f 7371 7298 7322
f 7300 7299 7324
f 7324 7299 7323
f 7372 7323 7299
f 7324 7606 7300
f 7300 7402 7378
f 7300 7430 7402
f 7300 7454 7430
f 7478 7454 7300
f 7300 7502 7478
f 7526 7502 7300
f 7300 7550 7526
f 7574 7550 7300
f 7300 7606 7574
f 7301 7302 7325
f 7325 7302 7326
f 7303 7328 7304
f 7327 7328 7303
f 7529 7327 7303
f 7306 7329 7305
f 7330 7329 7306
f 7308 7331 7307
f 7332 7331 7308
f 7308 7380 7332
f 7308 7352 7380
f 7310 7309 7334
f 7334 7309 7333
f 7309 7389 7333
f 7309 7361 7389
f 7312 7311 7336
f 7336 7311 7335
f 7313 7314 7337
f 7337 7314 7338
f 7338 7314 7512
f 7315 7340 7316
f 7339 7340 7315
f 7318 7341 7317
f 7643 7317 7341
f 7619 7317 7643
f 7342 7341 7318
f 7369 7342 7318
f 7320 7343 7319
f 7319 7343 7370
f 7344 7343 7320
f 7320 7392 7344
f 7322 7321 7346
f 7346 7321 7345
f 7321 7653 7345
f 7321 7605 7629
f 7321 7629 7653
f 7322 7346 7371
f 7324 7323 7348
f 7348 7323 7347
f 7372 7347 7323
f 7348 7654 7324
f 7324 7630 7606
f 7324 7654 7630
f 7325 7326 7349
f 7349 7326 7350
f 7327 7352 7328
f 7351 7352 7327
f 7351 7327 7529
f 7330 7353 7329
f 7354 7353 7330
f 7332 7355 7331
f 7356 7355 7332
f 7332 7404 7356
f 7332 7380 7404
f 7334 7333 7358
f 7358 7333 7357
f 7333 7389 7357
f 7336 7335 7360
f 7360 7335 7359
f 7337 7338 7361
f 7361 7338 7362
f 7512 7362 7338
f 7339 7364 7340
f 7363 7364 7339
f 7342 7365 7341
f 7667 7341 7365
f 7643 7341 7667
f 7366 7365 7342
f 7369 7366 7342
f 7344 7367 7343
f 7370 7343 7367
f 7368 7367 7344
f 7344 7416 7368
f 7344 7392 7416
f 7346 7345 7374
f 7374 7345 7373
f 7345 7677 7373
f 7345 7653 7677
f 7371 7346 7374
f 7348 7347 7376
f 7375 7347 7372
f 7376 7347 7375
f 7376 7678 7348
f 7348 7678 7654
f 7349 7350 7377
f 7377 7350 7378
f 7351 7380 7352
f 7379 7380 7351
f 7529 7379 7351
f 7354 7381 7353
f 7382 7381 7354
f 7356 7383 7355
f 7384 7383 7356
f 7356 7404 7384
f 7358 7357 7386
f 7386 7357 7385
f 7357 7413 7385
f 7357 7389 7413
f 7360 7359 7388
f 7388 7359 7387
f 7361 7362 7389
f 7389 7362 7390
f 7390 7362 7512
f 7363 7392 7364
f 7391 7392 7363
f 7366 7393 7365
f 7715 7365 7393
f 7667 7365 7691
f 7691 7365 7715
f 7394 7366 7369
f 7394 7393 7366
f 7368 7395 7367
f 7370 7367 7395
f 7396 7395 7368
f 7368 7444 7396
f 7368 7416 7444
f 7369 7418 7394
f 7369 7446 7418
f 7470 7446 7369
f 7369 7494 7470
f 7369 7518 7494
f 7542 7518 7369
f 7369 7566 7542
f 7369 7590 7566
f 7594 7590 7369
f 7369 7622 7594
f 7369 7646 7622
f 7670 7646 7369
f 7369 7694 7670
f 7369 7718 7694
f 7742 7718 7369
f 7369 7766 7742
f 7369 7790 7766
f 7814 7790 7369
f 7369 7838 7814
f 7369 7864 7838
f 7890 7864 7369
f 7369 7914 7890
f 7369 7942 7914
f 7970 7942 7369
f 7369 7994 7970
f 7369 8018 7994
f 8042 8018 7369
f 7369 8066 8042
f 7369 8090 8066
f 8122 8090 7369
f 7369 8118 8122
f 7369 8154 8118
f 8180 8154 7369
f 7369 8206 8180
f 7369 8230 8206
f 8254 8230 7369
f 7369 8280 8254
f 7369 8332 8280
f 7395 7419 7370
f 7370 7419 7447
f 7370 7447 7471
f 7471 7495 7370
f 7370 7495 7519
f 7370 7519 7543
f 7543 7567 7370
f 7370 7567 7591
f 7370 7591 7595
f 7595 7623 7370
f 7370 7623 7647
f 7370 7647 7671
f 7671 7695 7370
f 7370 7695 7719
f 7370 7719 7743
f 7743 7767 7370
f 7370 7767 7791
f 7370 7791 7815
f 7815 7839 7370
f 7370 7839 7865
f 7370 7865 7891
f 7891 7915 7370
f 7370 7915 7943
f 7370 7943 7971
f 7971 7995 7370
f 7370 7995 8019
f 7370 8019 8043
f 8043 8067 7370
f 7370 8067 8091
f 7370 8091 8123
f 8123 8119 7370
f 7370 8119 8155
f 7370 8155 8181
f 8181 8207 7370
f 7370 8207 8231
f 7370 8231 8255
f 8255 8281 7370
f 7370 8281 8333
f 7371 7374 7398
f 7398 7426 7371
f 8847 7423 7371
f 7371 7426 7450
f 7371 7450 7474
f 7474 7498 7371
f 7371 7498 7522
f 7371 7522 7546
f 7546 7570 7371
f 7371 7570 7602
f 7371 7602 7598
f 7598 7626 7371
f 7371 7626 7650
f 7371 7650 7674
f 7674 7698 7371
f 7371 7698 7722
f 7371 7722 7746
f 7746 7770 7371
f 7371 7770 7794
f 7371 7794 7818
f 7818 7842 7371
f 7371 7842 7868
f 7371 7868 7894
f 7894 7918 7371
f 7371 7918 7946
f 7371 7946 7974
f 7974 7998 7371
f 7371 7998 8022
f 7371 8022 8046
f 8046 8070 7371
f 8899 7371 8070
f 8847 7371 8899
f 7372 7399 7375
f 7372 7427 7399
f 7372 7424 8969
f 7451 7427 7372
f 7372 7475 7451
f 7372 7499 7475
f 7523 7499 7372
f 7372 7547 7523
f 7372 7571 7547
f 7603 7571 7372
f 7372 7599 7603
f 7372 7627 7599
f 7651 7627 7372
f 7372 7675 7651
f 7372 7699 7675
f 7723 7699 7372
f 7372 7747 7723
f 7372 7771 7747
f 7795 7771 7372
f 7372 7819 7795
f 7372 7843 7819
f 7869 7843 7372
f 7372 7895 7869
f 7372 7919 7895
f 7947 7919 7372
f 7372 7975 7947
f 7372 7999 7975
f 8023 7999 7372
f 7372 8047 8023
f 7372 8071 8047
f 9345 8071 7372
f 8969 9041 7372
f 7372 9041 9093
f 7372 9093 9133
f 9133 9173 7372
f 7372 9173 9171
f 7372 9171 9201
f 9201 9233 7372
f 7372 9233 9231
f 7372 9231 9265
f 9265 9263 7372
f 7372 9263 9305
f 9305 9303 7372
f 7372 9303 9345
f 7374 7373 7398
f 7398 7373 7397
f 7373 7701 7397
f 7373 7677 7701
f 7376 7375 7400
f 7400 7375 7399
f 7400 7702 7376
f 7376 7702 7678
f 7377 7378 7401
f 7401 7378 7402
f 7379 7404 7380
f 7403 7404 7379
f 7403 7379 7529
f 7382 7405 7381
f 7406 7405 7382
f 7384 7407 7383
f 7384 7404 7432
f 7408 7407 7384
f 7384 7432 7408
f 7386 7385 7410
f 7410 7385 7409
f 7385 7441 7409
f 7385 7413 7441
f 7388 7387 7412
f 7412 7387 7411
f 7389 7390 7413
f 7413 7390 7414
f 7512 7414 7390
f 7391 7416 7392
f 7415 7416 7391
f 7394 7417 7393
f 7739 7393 7417
f 7715 7393 7739
f 7418 7417 7394
f 7396 7419 7395
f 7420 7419 7396
f 7396 7468 7420
f 7396 7444 7468
f 7398 7397 7426
f 7426 7397 7425
f 7397 7749 7425
f 7397 7701 7725
f 7397 7725 7749
f 7400 7399 7428
f 7428 7399 7427
f 7428 7750 7400
f 7400 7726 7702
f 7400 7750 7726
f 7401 7402 7429
f 7429 7402 7430
f 7403 7432 7404
f 7431 7432 7403
f 7529 7431 7403
f 7406 7433 7405
f 7434 7433 7406
f 7408 7435 7407
f 7408 7432 7456
f 7436 7435 7408
f 7408 7456 7436
f 7410 7409 7438
f 7438 7409 7437
f 7409 7465 7437
f 7409 7441 7465
f 7412 7411 7440
f 7440 7411 7439
f 7413 7414 7441
f 7441 7414 7442
f 7442 7414 7512
f 7415 7444 7416
f 7443 7444 7415
f 7418 7445 7417
f 7763 7417 7445
f 7739 7417 7763
f 7446 7445 7418
f 7420 7447 7419
f 7448 7447 7420
f 7420 7468 7448
f 7422 7423 7421
f 8613 7421 7423
f 8845 8536 7421
f 8611 7421 8613
f 8665 7421 8611
f 8661 7421 8663
f 8715 7421 8661
f 8663 7421 8665
f 8713 7421 8715
f 8757 7421 8713
f 8799 7421 8757
f 8797 7421 8799
f 8845 7421 8797
f 7424 7423 7422
f 8257 7424 7422
f 8257 7422 8293
f 8285 7422 8283
f 8283 7422 8339
f 8287 7422 8285
f 8289 7422 8287
f 8291 7422 8289
f 8293 7422 8291
f 8337 7422 8335
f 8335 7422 8381
f 8339 7422 8337
f 8381 7422 8379
f 8379 7422 8421
f 8421 7422 8419
f 8419 7422 8461
f 8461 7422 8459
f 8459 7422 8501
f 8501 7422 8499
f 8499 7422 8541
f 8541 7422 8539
f 8539 7422 8575
f 8575 7422 8609
f 8609 7422 8607
f 8607 7422 8659
f 8659 7422 8711
f 8709 8753 7422
f 8711 7422 8755
f 7422 8753 8793
f 8755 7422 8795
f 8793 8841 7422
f 8795 7422 8843
f 7422 8841 8893
f 8843 7422 9793
f 8893 8957 7422
f 7422 8957 9033
f 7422 9033 9029
f 9029 9081 7422
f 7422 9081 9117
f 7422 9117 9113
f 9113 9157 7422
f 7422 9157 9197
f 9197 9193 7422
f 7422 9193 9225
f 7422 9225 9257
f 7422 9257 9253
f 7422 9253 9297
f 9297 9293 7422
f 7422 9293 9337
f 7422 9337 9333
f 9333 9385 7422
f 7422 9381 9377
f 9377 9441 7422
f 7422 9385 9381
f 7422 9441 9437
f 7422 9437 9793
f 8613 7423 8615
f 8615 7423 8617
f 8617 7423 8667
f 8667 7423 8669
f 8669 7423 8671
f 8671 7423 8717
f 8717 7423 8719
f 8719 7423 8759
f 8759 7423 8801
f 8801 7423 8803
f 8803 7423 8847
f 8295 7424 8257
f 8295 8297 7424
f 7424 8297 8299
f 7424 8299 8301
f 8301 8303 7424
f 7424 8303 8305
f 7424 8305 8341
f 8341 8343 7424
f 7424 8343 8345
f 8345 8383 7424
f 8383 8385 7424
f 7424 8385 8423
f 8423 8425 7424
f 7424 8425 8463
f 7424 8463 8465
f 8465 8503 7424
f 7424 8503 8505
f 8505 8543 7424
f 8543 8545 7424
f 7424 8545 8577
f 8577 8619 7424
f 7424 8619 8621
f 7424 8621 8673
f 8673 8721 7424
f 7424 8721 8761
f 7424 8761 8805
f 8805 8849 7424
f 7424 8849 8901
f 8901 8969 7424
f 7426 7425 7450
f 7450 7425 7449
f 7425 7749 7449
f 7428 7427 7452
f 7452 7427 7451
f 7452 7750 7428
f 7429 7430 7453
f 7453 7430 7454
f 7431 7456 7432
f 7455 7456 7431
f 7455 7431 7529
f 7434 7457 7433
f 7458 7457 7434
f 7436 7459 7435
f 7436 7456 7480
f 7460 7459 7436
f 7436 7480 7460
f 7438 7437 7462
f 7462 7437 7461
f 7437 7465 7461
f 7440 7439 7464
f 7464 7439 7463
f 7441 7442 7465
f 7465 7442 7466
f 7512 7466 7442
f 7443 7468 7444
f 7467 7468 7443
f 7446 7469 7445
f 7811 7445 7469
f 7763 7445 7787
f 7787 7445 7811
f 7470 7469 7446
f 7448 7471 7447
f 7448 7468 7492
f 7472 7471 7448
f 7448 7492 7472
f 7450 7449 7474
f 7474 7449 7473
f 7449 7797 7473
f 7449 7749 7773
f 7449 7773 7797
f 7452 7451 7476
f 7476 7451 7475
f 7476 7798 7452
f 7452 7774 7750
f 7452 7798 7774
f 7453 7454 7477
f 7477 7454 7478
f 7455 7480 7456
f 7479 7480 7455
f 7529 7479 7455
f 7458 7481 7457
f 7482 7481 7458
f 7460 7483 7459
f 7460 7480 7484
f 7484 7483 7460
f 7462 7461 7486
f 7461 7465 7489
f 7486 7461 7485
f 7461 7489 7485
f 7464 7463 7488
f 7488 7463 7487
f 7465 7466 7489
f 7489 7466 7490
f 7490 7466 7512
f 7467 7492 7468
f 7491 7492 7467
f 7470 7493 7469
f 7835 7469 7493
f 7811 7469 7835
f 7494 7493 7470
f 7472 7495 7471
f 7472 7492 7516
f 7496 7495 7472
f 7472 7516 7496
f 7474 7473 7498
f 7498 7473 7497
f 7473 7821 7497
f 7473 7797 7821
f 7476 7475 7500
f 7500 7475 7499
f 7500 7822 7476
f 7476 7822 7798
f 7477 7478 7501
f 7501 7478 7502
f 7479 7504 7480
f 7503 7504 7479
f 7503 7479 7529
f 7484 7480 7504
f 7482 7505 7481
f 7506 7505 7482
f 7484 7507 7483
f 7484 7504 7508
f 7508 7507 7484
f 7486 7485 7510
f 7485 7489 7513
f 7510 7485 7509
f 7485 7513 7509
f 7488 7487 7512
f 7512 7487 7511
f 7489 7490 7513
f 7512 7514 7490
f 7513 7490 7514
f 7491 7516 7492
f 7515 7516 7491
f 7494 7517 7493
f 7861 7493 7517
f 7835 7493 7861
f 7518 7517 7494
f 7496 7519 7495
f 7496 7516 7540
f 7520 7519 7496
f 7496 7540 7520
f 7498 7497 7522
f 7522 7497 7521
f 7497 7871 7521
f 7497 7821 7845
f 7497 7845 7871
f 7500 7499 7524
f 7524 7499 7523
f 7524 7872 7500
f 7500 7846 7822
f 7500 7872 7846
f 7501 7502 7525
f 7525 7502 7526
f 7503 7528 7504
f 7527 7528 7503
f 7529 7527 7503
f 7508 7504 7528
f 7506 7529 7505
f 7530 7529 7506
f 7508 7531 7507
f 7508 7528 7532
f 7532 7531 7508
f 7510 7509 7534
f 7509 7513 7537
f 7534 7509 7533
f 7509 7537 7533
f 7512 7511 7536
f 7536 7511 7535
f 7512 7538 7514
f 7536 7538 7512
f 7513 7514 7537
f 7537 7514 7538
f 7515 7540 7516
f 7539 7540 7515
f 7518 7541 7517
f 7911 7517 7541
f 7861 7517 7887
f 7887 7517 7911
f 7542 7541 7518
f 7520 7543 7519
f 7520 7540 7544
f 7544 7543 7520
f 7522 7521 7546
f 7546 7521 7545
f 7521 7897 7545
f 7521 7871 7897
f 7524 7523 7548
f 7548 7523 7547
f 7548 7898 7524
f 7524 7898 7872
f 7525 7526 7549
f 7549 7526 7550
f 7527 7552 7528
f 7529 7551 7527
f 7551 7552 7527
f 7532 7528 7552
f 7530 7553 7529
f 7553 7551 7529
f 7554 7553 7530
f 7532 7555 7531
f 7532 7552 7556
f 7556 7555 7532
f 7534 7533 7558
f 7533 7537 7557
f 7558 7533 7557
f 7536 7535 7560
f 7560 7535 7559
f 7560 7538 7536
f 7537 7538 7561
f 7557 7537 7561
f 7560 7562 7538
f 7561 7538 7562
f 7539 7564 7540
f 7563 7564 7539
f 7544 7540 7564
f 7542 7565 7541
f 7937 7541 7565
f 7911 7541 7939
f 7939 7541 7937
f 7566 7565 7542
f 7544 7567 7543
f 7544 7564 7568
f 7568 7567 7544
f 7546 7545 7570
f 7570 7545 7569
f 7545 7949 7569
f 7545 7897 7921
f 7545 7921 7949
f 7548 7547 7572
f 7572 7547 7571
f 7572 7950 7548
f 7548 7922 7898
f 7548 7950 7922
f 7549 7550 7573
f 7573 7550 7574
f 7551 7576 7552
f 7577 7551 7553
f 7575 7576 7551
f 7577 7575 7551
f 7556 7552 7580
f 7580 7552 7576
f 7554 7577 7553
f 7578 7577 7554
f 7556 7579 7555
f 7580 7579 7556
f 7558 7557 7582
f 7557 7561 7581
f 7582 7557 7581
f 7560 7559 7584
f 7584 7559 7583
f 7584 7562 7560
f 7561 7562 7585
f 7581 7561 7585
f 7584 7586 7562
f 7585 7562 7586
f 7563 7588 7564
f 7587 7588 7563
f 7568 7564 7588
f 7566 7589 7565
f 7991 7565 7589
f 7937 7565 7967
f 7967 7565 7991
f 7590 7589 7566
f 7568 7591 7567
f 7568 7588 7592
f 7592 7591 7568
f 7570 7569 7602
f 7602 7569 7601
f 7569 7977 7601
f 7569 7949 7951
f 7569 7951 7977
f 7572 7571 7604
f 7604 7571 7603
f 7604 7978 7572
f 7572 7952 7950
f 7572 7978 7952
f 7573 7574 7605
f 7605 7574 7606
f 7575 7608 7576
f 7609 7575 7577
f 7607 7608 7575
f 7609 7607 7575
f 7580 7576 7612
f 7612 7576 7608
f 7578 7609 7577
f 7610 7609 7578
f 7580 7611 7579
f 7612 7611 7580
f 7582 7581 7614
f 7581 7585 7613
f 7614 7581 7613
f 7853 7582 7614
f 7584 7583 7616
f 7616 7583 7615
f 7615 7583 8169
f 7616 7586 7584
f 7585 7586 7617
f 7613 7585 7617
f 7616 7618 7586
f 7617 7586 7618
f 7587 7620 7588
f 7619 7620 7587
f 7592 7588 7596
f 7596 7588 7620
f 7590 7593 7589
f 8039 7589 7593
f 7991 7589 8015
f 8015 7589 8039
f 7594 7593 7590
f 7592 7595 7591
f 7596 7595 7592
f 7594 7621 7593
f 8087 7593 7621
f 8039 7593 8063
f 8063 7593 8087
f 7622 7621 7594
f 7596 7623 7595
f 7596 7620 7624
f 7624 7623 7596
f 7598 7601 7597
f 7598 7597 7626
f 7601 8025 7597
f 7626 7597 7625
f 7597 8049 7625
f 7597 8025 8049
f 7602 7601 7598
f 7600 7603 7599
f 7600 7599 7628
f 7628 7599 7627
f 7604 7603 7600
f 7600 8026 7604
f 7628 8050 7600
f 7600 8050 8026
f 7601 7977 8001
f 8001 8025 7601
f 8002 7978 7604
f 7604 8026 8002
f 7605 7606 7629
f 7629 7606 7630
f 7607 7632 7608
f 7633 7607 7609
f 7631 7632 7607
f 7633 7631 7607
f 7612 7608 7636
f 7636 7608 7632
f 7610 7633 7609
f 7634 7633 7610
f 7634 7610 7879
f 7612 7635 7611
f 8195 7611 7635
f 7636 7635 7612
f 7614 7613 7638
f 7613 7617 7637
f 7638 7613 7637
f 7853 7614 7638
f 7616 7615 7640
f 7640 7615 7639
f 8169 7639 7615
f 7640 7618 7616
f 7617 7618 7641
f 7637 7617 7641
f 7640 7642 7618
f 7641 7618 7642
f 7619 7644 7620
f 7643 7644 7619
f 7624 7620 7644
f 7622 7645 7621
f 8087 7621 7645
f 7646 7645 7622
f 7624 7647 7623
f 7624 7644 7648
f 7648 7647 7624
f 7626 7625 7650
f 7650 7625 7649
f 7625 8097 7649
f 7625 8049 8073
f 7625 8073 8097
f 7628 7627 7652
f 7652 7627 7651
f 7652 8098 7628
f 8074 8050 7628
f 7628 8098 8074
f 7629 7630 7653
f 7653 7630 7654
f 7631 7656 7632
f 7657 7631 7633
f 7655 7656 7631
f 7657 7655 7631
f 7636 7632 7660
f 7660 7632 7656
f 7634 7657 7633
f 7658 7657 7634
f 7879 7658 7634
f 7636 7659 7635
f 8195 7635 7659
f 7660 7659 7636
f 7638 7637 7662
f 7637 7641 7661
f 7662 7637 7661
f 7638 7662 7853
f 7640 7639 7664
f 7664 7639 7663
f 8169 7663 7639
f 7664 7642 7640
f 7641 7642 7665
f 7661 7641 7665
f 7664 7666 7642
f 7665 7642 7666
f 7643 7668 7644
f 7667 7668 7643
f 7648 7644 7668
f 7646 7669 7645
f 8087 7645 7669
f 7670 7669 7646
f 7648 7671 7647
f 7648 7668 7672
f 7672 7671 7648
f 7650 7649 7674
f 7674 7649 7673
f 7649 8187 7673
f 7649 8097 8133
f 7649 8133 8161
f 7649 8161 8187
f 7652 7651 7676
f 7676 7651 7675
f 7676 8188 7652
f 7652 8134 8098
f 8162 8134 7652
f 7652 8188 8162
f 7653 7654 7677
f 7677 7654 7678
f 7655 7680 7656
f 7681 7655 7657
f 7679 7680 7655
f 7681 7679 7655
f 7660 7656 7684
f 7684 7656 7680
f 7658 7681 7657
f 7682 7681 7658
f 7879 7682 7658
f 7660 7683 7659
f 7659 7683 8195
f 7684 7683 7660
f 7662 7661 7686
f 7661 7665 7685
f 7686 7661 7685
f 7853 7662 7686
f 7664 7663 7688
f 7688 7663 7687
f 7687 7663 8169
f 7688 7666 7664
f 7665 7666 7689
f 7685 7665 7709
f 7709 7665 7689
f 7712 7666 7688
f 7689 7666 7690
f 7712 7690 7666
f 7667 7692 7668
f 7691 7692 7667
f 7672 7668 7696
f 7696 7668 7692
f 7670 7693 7669
f 7693 8087 7669
f 7694 7693 7670
f 7672 7695 7671
f 7696 7695 7672
f 7674 7673 7698
f 7698 7673 7697
f 7673 8237 7697
f 7673 8187 8213
f 8213 8237 7673
f 7676 7675 7700
f 7700 7675 7699
f 7700 8238 7676
f 8214 8188 7676
f 7676 8238 8214
f 7677 7678 7701
f 7701 7678 7702
f 7679 7704 7680
f 7705 7679 7681
f 7703 7704 7679
f 7729 7703 7679
f 7729 7679 7705
f 7684 7680 7708
f 7732 7680 7704
f 7708 7680 7732
f 7682 7705 7681
f 7706 7705 7682
f 7706 7682 7879
f 7684 7707 7683
f 8195 7683 7707
f 7708 7707 7684
f 7686 7685 7710
f 7710 7685 7709
f 7853 7686 7710
f 7688 7687 7712
f 7712 7687 7711
f 8169 7711 7687
f 7689 7690 7713
f 7709 7689 7733
f 7733 7689 7713
f 7736 7690 7712
f 7713 7690 7714
f 7736 7714 7690
f 7691 7716 7692
f 7715 7716 7691
f 7696 7692 7716
f 7694 7717 7693
f 7717 8087 7693
f 7718 7717 7694
f 7696 7719 7695
f 7716 7740 7696
f 7720 7719 7696
f 7720 7696 8412
f 7696 7740 7764
f 7764 7788 7696
f 7696 7788 7812
f 7812 7836 7696
f 7696 7836 7862
f 7862 7888 7696
f 7696 7888 7912
f 7696 7912 7940
f 7940 7938 7696
f 7696 7938 7968
f 7696 7968 7992
f 7696 7992 8016
f 7696 8016 8040
f 7696 8040 8064
f 7696 8064 8088
f 7696 8088 8116
f 7696 8116 8152
f 7696 8152 8178
f 8178 8204 7696
f 7696 8204 8228
f 8228 8252 7696
f 7696 8252 8278
f 8278 8330 7696
f 7696 8330 8328
f 7696 8328 8374
f 8374 8372 7696
f 7696 8372 8414
f 7696 8414 8412
f 7698 7697 7722
f 7722 7697 7721
f 7697 8433 7721
f 7697 8237 8263
f 8263 8311 7697
f 7697 8311 8351
f 7697 8351 8353
f 8353 8391 7697
f 7697 8391 8393
f 7697 8393 8431
f 8431 8433 7697
f 7700 7699 7724
f 7724 7699 7723
f 9736 7700 7724
f 8264 8238 7700
f 7700 8312 8264
f 8352 8312 7700
f 7700 8354 8352
f 7700 8392 8354
f 8394 8392 7700
f 7700 8432 8394
f 7700 8434 8432
f 9740 8434 7700
f 9740 7700 9736
f 7701 7702 7725
f 7725 7702 7726
f 7703 7728 7704
f 7727 7728 7703
f 7753 7727 7703
f 7753 7703 7729
f 7756 7704 7728
f 7732 7704 7756
f 7706 7729 7705
f 7730 7729 7706
f 7879 7730 7706
f 7708 7731 7707
f 8195 7707 7731
f 7732 7731 7708
f 7710 7709 7734
f 7734 7709 7733
f 7710 7734 7853
f 7712 7711 7736
f 7736 7711 7735
f 8169 7735 7711
f 7713 7714 7737
f 7733 7713 7757
f 7757 7713 7737
f 7760 7714 7736
f 7737 7714 7738
f 7760 7738 7714
f 7715 7740 7716
f 7739 7740 7715
f 7718 7741 7717
f 7741 8087 7717
f 7742 7741 7718
f 7720 7743 7719
f 7744 7743 7720
f 8412 7744 7720
f 7722 7721 7746
f 7746 7721 7745
f 7721 8433 7745
f 7724 7723 7748
f 7748 7723 7747
f 9732 7724 7748
f 9736 7724 9732
f 7725 7726 7749
f 7749 7726 7750
f 7727 7752 7728
f 7751 7752 7727
f 7777 7751 7727
f 7777 7727 7753
f 7780 7728 7752
f 7756 7728 7780
f 7730 7753 7729
f 7754 7753 7730
f 7879 7754 7730
f 7732 7755 7731
f 7731 7755 8195
f 7756 7755 7732
f 7734 7733 7758
f 7758 7733 7757
f 7853 7734 7758
f 7736 7735 7760
f 7760 7735 7759
f 7759 7735 8169
f 7737 7738 7761
f 7757 7737 7781
f 7805 7737 7761
f 7781 7737 7805
f 7784 7738 7760
f 7761 7738 7762
f 7808 7762 7738
f 7808 7738 7784
f 7739 7764 7740
f 7763 7764 7739
f 7742 7765 7741
f 7765 8087 7741
f 7766 7765 7742
f 7744 7767 7743
f 7768 7767 7744
f 8412 7768 7744
f 7746 7745 7770
f 7770 7745 7769
f 7745 8433 7769
f 7748 7747 7772
f 7772 7747 7771
f 9728 7748 7772
f 9732 7748 9728
f 7749 7750 7773
f 7773 7750 7774
f 7751 7776 7752
f 7775 7776 7751
f 7825 7775 7751
f 7801 7751 7777
f 7825 7751 7801
f 7828 7752 7776
f 7780 7752 7804
f 7804 7752 7828
f 7754 7777 7753
f 7778 7777 7754
f 7778 7754 7879
f 7756 7779 7755
f 8195 7755 7779
f 7780 7779 7756
f 7758 7757 7782
f 7782 7757 7781
f 7853 7758 7782
f 7760 7759 7784
f 7784 7759 7783
f 8169 7783 7759
f 7761 7762 7785
f 7829 7761 7785
f 7805 7761 7829
f 7785 7762 7786
f 7832 7786 7762
f 7832 7762 7808
f 7763 7788 7764
f 7787 7788 7763
f 7766 7789 7765
f 7789 8087 7765
f 7790 7789 7766
f 7768 7791 7767
f 7792 7791 7768
f 7792 7768 8412
f 7770 7769 7794
f 7794 7769 7793
f 7769 8433 7793
f 7772 7771 7796
f 7796 7771 7795
f 9724 7772 7796
f 9728 7772 9724
f 7773 7774 7797
f 7797 7774 7798
f 7775 7800 7776
f 7799 7800 7775
f 7849 7799 7775
f 7849 7775 7825
f 7852 7776 7800
f 7828 7776 7852
f 7778 7801 7777
f 7802 7801 7778
f 7879 7802 7778
f 7780 7803 7779
f 8195 7779 7803
f 7804 7803 7780
f 7782 7781 7806
f 7806 7781 7805
f 7782 7806 7853
f 7784 7783 7808
f 7808 7783 7807
f 8169 7807 7783
f 7785 7786 7809
f 7855 7785 7809
f 7829 7785 7855
f 7809 7786 7810
f 7858 7810 7786
f 7858 7786 7832
f 7787 7812 7788
f 7811 7812 7787
f 7790 7813 7789
f 7813 8087 7789
f 7814 7813 7790
f 7792 7815 7791
f 7816 7815 7792
f 8412 7816 7792
f 7794 7793 7818
f 7818 7793 7817
f 7793 8433 7817
f 7796 7795 7820
f 7820 7795 7819
f 9720 7796 7820
f 9724 7796 9720
f 7797 7798 7821
f 7821 7798 7822
f 7799 7824 7800
f 7823 7824 7799
f 7875 7823 7799
f 7875 7799 7849
f 7878 7800 7824
f 7852 7800 7878
f 7802 7825 7801
f 7826 7825 7802
f 7879 7826 7802
f 7804 7827 7803
f 7803 7827 8195
f 7828 7827 7804
f 7806 7805 7830
f 7830 7805 7829
f 7853 7806 7830
f 7808 7807 7832
f 7832 7807 7831
f 7831 7807 8169
f 7809 7810 7833
f 7905 7809 7833
f 7855 7809 7881
f 7881 7809 7905
f 7833 7810 7834
f 7908 7834 7810
f 7884 7810 7858
f 7908 7810 7884
f 7811 7836 7812
f 7835 7836 7811
f 7814 7837 7813
f 7837 8087 7813
f 7838 7837 7814
f 7816 7839 7815
f 7840 7839 7816
f 8412 7840 7816
f 7818 7817 7842
f 7842 7817 7841
f 7817 8433 7841
f 7820 7819 7844
f 7844 7819 7843
f 9716 7820 7844
f 9720 7820 9716
f 7821 7822 7845
f 7845 7822 7846
f 7823 7848 7824
f 7847 7848 7823
f 7925 7847 7823
f 7901 7823 7875
f 7925 7823 7901
f 7928 7824 7848
f 7878 7824 7904
f 7904 7824 7928
f 7826 7849 7825
f 7850 7849 7826
f 7850 7826 7879
f 7828 7851 7827
f 8195 7827 7851
f 7852 7851 7828
f 7830 7829 7856
f 7856 7829 7855
f 7853 7830 7856
f 7832 7831 7858
f 7858 7831 7857
f 8169 7857 7831
f 7833 7834 7859
f 7929 7833 7859
f 7905 7833 7929
f 7859 7834 7860
f 7932 7860 7834
f 7932 7834 7908
f 7835 7862 7836
f 7861 7862 7835
f 7838 7863 7837
f 7863 8087 7837
f 7864 7863 7838
f 7840 7865 7839
f 7866 7865 7840
f 7866 7840 8412
f 7842 7841 7868
f 7868 7841 7867
f 7841 8433 7867
f 7844 7843 7870
f 7870 7843 7869
f 9612 7844 7870
f 9716 7844 9612
f 7845 7846 7871
f 7871 7846 7872
f 7847 7874 7848
f 7873 7874 7847
f 7957 7873 7847
f 7957 7847 7925
f 7960 7848 7874
f 7928 7848 7960
f 7850 7875 7849
f 7876 7875 7850
f 7879 7876 7850
f 7852 7877 7851
f 8195 7851 7877
f 7878 7877 7852
f 7853 8169 7854
f 7856 7882 7853
f 7853 7882 7906
f 7853 7906 7930
f 7930 7962 7853
f 7853 7962 7986
f 7853 7986 8010
f 8010 8034 7853
f 7853 8034 8058
f 7853 8058 8082
f 8082 8106 7853
f 7853 8106 8110
f 7853 8110 8146
f 8146 8172 7853
f 7853 9793 8169
f 7853 8172 8198
f 7853 8198 8222
f 8222 8246 7853
f 7853 8246 8272
f 7853 8272 8320
f 8320 8364 7853
f 7853 8364 8404
f 8404 8444 7853
f 7853 8444 8484
f 7853 8484 8524
f 7853 8524 8564
f 7853 8564 8592
f 8592 8640 7853
f 7853 8640 8644
f 7853 8644 8696
f 8696 8740 7853
f 7853 8740 8780
f 8780 8824 7853
f 7853 8824 8872
f 8872 8928 7853
f 7853 8928 9004
f 7853 9004 9008
f 9008 9076 7853
f 7853 9076 9104
f 7853 9104 9108
f 9108 9152 7853
f 7853 9152 9797
f 9797 9793 7853
f 7854 8169 8170
f 7856 7855 7882
f 7882 7855 7881
f 7858 7857 7884
f 7884 7857 7883
f 8169 7883 7857
f 7859 7860 7885
f 7985 7859 7885
f 7929 7859 7961
f 7961 7859 7985
f 7885 7860 7886
f 7988 7886 7860
f 7964 7860 7932
f 7988 7860 7964
f 7861 7888 7862
f 7887 7888 7861
f 7864 7889 7863
f 7889 8087 7863
f 7890 7889 7864
f 7866 7891 7865
f 7892 7891 7866
f 8412 7892 7866
f 7868 7867 7894
f 7894 7867 7893
f 7867 8433 7893
f 7870 7869 7896
f 7896 7869 7895
f 9608 7870 7896
f 9612 7870 9608
f 7871 7872 7897
f 7897 7872 7898
f 7873 7900 7874
f 7899 7900 7873
f 8005 7899 7873
f 7981 7873 7957
f 8005 7873 7981
f 8008 7874 7900
f 7960 7874 7984
f 7984 7874 8008
f 7876 7901 7875
f 7879 7902 7876
f 7902 7901 7876
f 7878 7903 7877
f 7877 7903 8195
f 7904 7903 7878
f 8195 7879 7880
f 7926 7902 7879
f 7879 7958 7926
f 7879 7982 7958
f 8006 7982 7879
f 7879 8030 8006
f 7879 8054 8030
f 8078 8054 7879
f 7879 8102 8078
f 7879 8142 8102
f 8138 8142 7879
f 7879 8166 8138
f 7879 8192 8166
f 8218 8192 7879
f 9799 7879 8195
f 7879 8242 8218
f 7879 8268 8242
f 8316 8268 7879
f 7879 8360 8316
f 7879 8400 8360
f 7879 8440 8400
f 7879 8480 8440
f 8520 8480 7879
f 7879 8560 8520
f 8588 8560 7879
f 7879 8636 8588
f 7879 8692 8636
f 8688 8692 7879
f 7879 8736 8688
f 7879 8776 8736
f 8820 8776 7879
f 7879 8868 8820
f 9799 8868 7879
f 8195 7880 8196
f 7882 7881 7906
f 7906 7881 7905
f 7884 7883 7908
f 7908 7883 7907
f 7907 7883 8169
f 7885 7886 7909
f 8009 7885 7909
f 7985 7885 8009
f 7909 7886 7910
f 8012 7910 7886
f 8012 7886 7988
f 7887 7912 7888
f 7911 7912 7887
f 7890 7913 7889
f 7913 8087 7889
f 7914 7913 7890
f 7892 7915 7891
f 7916 7915 7892
f 8412 7916 7892
f 7894 7893 7918
f 7918 7893 7917
f 7893 8433 7917
f 7896 7895 7920
f 7920 7895 7919
f 9604 7896 7920
f 9608 7896 9604
f 7897 7898 7921
f 7921 7898 7922
f 7899 7924 7900
f 7923 7924 7899
f 8029 7923 7899
f 8029 7899 8005
f 8032 7900 7924
f 8008 7900 8032
f 7902 7925 7901
f 7926 7925 7902
f 7904 7927 7903
f 8195 7903 7927
f 7928 7927 7904
f 7906 7905 7930
f 7930 7905 7929
f 7908 7907 7932
f 7932 7907 7931
f 8169 7931 7907
f 7909 7910 7933
f 8033 7909 7933
f 8009 7909 8033
f 7933 7910 7934
f 8036 7934 7910
f 8036 7910 8012
f 7911 7940 7912
f 7939 7940 7911
f 7914 7941 7913
f 7941 8087 7913
f 7942 7941 7914
f 7916 7943 7915
f 7944 7943 7916
f 7944 7916 8412
f 7918 7917 7946
f 7946 7917 7945
f 7917 8433 7945
f 7920 7919 7948
f 7948 7919 7947
f 9600 7920 7948
f 9604 7920 9600
f 7921 7922 7949
f 7949 7922 7950
f 7923 7956 7924
f 7955 7956 7923
f 8053 7955 7923
f 8053 7923 8029
f 8056 7924 7956
f 8032 7924 8056
f 7926 7957 7925
f 7958 7957 7926
f 7928 7959 7927
f 8195 7927 7959
f 7960 7959 7928
f 7930 7929 7962
f 7962 7929 7961
f 7932 7931 7964
f 7964 7931 7963
f 8169 7963 7931
f 7933 7934 7935
f 8057 7933 7935
f 8033 7933 8057
f 7935 7934 7936
f 8060 7936 7934
f 8060 7934 8036
f 7935 7936 7965
f 8081 7935 7965
f 8057 7935 8081
f 7965 7936 7966
f 8084 7966 7936
f 8084 7936 8060
f 7937 7938 7939
f 7937 7968 7938
f 7967 7968 7937
f 7939 7938 7940
f 7942 7969 7941
f 7969 8087 7941
f 7970 7969 7942
f 7944 7971 7943
f 7972 7971 7944
f 8412 7972 7944
f 7946 7945 7974
f 7974 7945 7973
f 7945 8433 7973
f 7948 7947 7976
f 7976 7947 7975
f 9596 7948 7976
f 9600 7948 9596
f 7949 7950 7951
f 7951 7950 7952
f 7951 7952 7977
f 7977 7952 7978
f 7953 7954 7955
f 7953 7980 7954
f 8077 7953 7955
f 7979 7980 7953
f 8101 7979 7953
f 8101 7953 8077
f 7955 7954 7956
f 8080 7956 7954
f 8104 7954 7980
f 8080 7954 8104
f 8077 7955 8053
f 8056 7956 8080
f 7958 7981 7957
f 7982 7981 7958
f 7960 7983 7959
f 7959 7983 8195
f 7984 7983 7960
f 7962 7961 7986
f 7986 7961 7985
f 7964 7963 7988
f 7988 7963 7987
f 7987 7963 8169
f 7965 7966 7989
f 8105 7965 7989
f 8081 7965 8105
f 7989 7966 7990
f 8108 7990 7966
f 8108 7966 8084
f 7967 7992 7968
f 7991 7992 7967
f 7970 7993 7969
f 7993 8087 7969
f 7994 7993 7970
f 7972 7995 7971
f 7996 7995 7972
f 8412 7996 7972
f 7974 7973 7998
f 7998 7973 7997
f 7973 8433 7997
f 7976 7975 8000
f 8000 7975 7999
f 9538 7976 8000
f 9596 7976 9538
f 7977 7978 8001
f 8001 7978 8002
f 7979 8004 7980
f 8003 8004 7979
f 8141 8003 7979
f 8141 7979 8101
f 8144 7980 8004
f 8104 7980 8144
f 7982 8005 7981
f 8006 8005 7982
f 7984 8007 7983
f 8195 7983 8007
f 8008 8007 7984
f 7986 7985 8010
f 8010 7985 8009
f 7988 7987 8012
f 8012 7987 8011
f 8169 8011 7987
f 7989 7990 8013
f 8145 7989 8013
f 8105 7989 8109
f 8109 7989 8145
f 8013 7990 8014
f 8148 8014 7990
f 8112 7990 8108
f 8148 7990 8112
f 7991 8016 7992
f 8015 8016 7991
f 7994 8017 7993
f 8017 8087 7993
f 8018 8017 7994
f 7996 8019 7995
f 8020 8019 7996
f 8020 7996 8412
f 7998 7997 8022
f 8022 7997 8021
f 7997 8433 8021
f 8000 7999 8024
f 8024 7999 8023
f 9534 8000 8024
f 9538 8000 9534
f 8001 8002 8025
f 8025 8002 8026
f 8003 8028 8004
f 8027 8028 8003
f 8165 8027 8003
f 8137 8003 8141
f 8165 8003 8137
f 8168 8004 8028
f 8144 8004 8140
f 8140 8004 8168
f 8006 8029 8005
f 8030 8029 8006
f 8008 8031 8007
f 8195 8007 8031
f 8032 8031 8008
f 8010 8009 8034
f 8034 8009 8033
f 8012 8011 8036
f 8036 8011 8035
f 8169 8035 8011
f 8013 8014 8037
f 8171 8013 8037
f 8145 8013 8171
f 8037 8014 8038
f 8174 8038 8014
f 8174 8014 8148
f 8015 8040 8016
f 8039 8040 8015
f 8018 8041 8017
f 8041 8087 8017
f 8042 8041 8018
f 8020 8043 8019
f 8044 8043 8020
f 8412 8044 8020
f 8022 8021 8046
f 8046 8021 8045
f 8021 8433 8045
f 8024 8023 8048
f 8048 8023 8047
f 9530 8024 8048
f 9534 8024 9530
f 8025 8026 8049
f 8049 8026 8050
f 8027 8052 8028
f 8051 8052 8027
f 8191 8051 8027
f 8191 8027 8165
f 8194 8028 8052
f 8168 8028 8194
f 8030 8053 8029
f 8054 8053 8030
f 8032 8055 8031
f 8031 8055 8195
f 8056 8055 8032
f 8034 8033 8058
f 8058 8033 8057
f 8036 8035 8060
f 8060 8035 8059
f 8059 8035 8169
f 8037 8038 8061
f 8221 8037 8061
f 8171 8037 8197
f 8197 8037 8221
f 8061 8038 8062
f 8224 8062 8038
f 8200 8038 8174
f 8224 8038 8200
f 8039 8064 8040
f 8063 8064 8039
f 8042 8065 8041
f 8065 8087 8041
f 8066 8065 8042
f 8044 8067 8043
f 8068 8067 8044
f 8412 8068 8044
f 8046 8045 8070
f 8070 8045 8069
f 8045 8433 8069
f 8048 8047 8072
f 8072 8047 8071
f 9466 8048 8072
f 9530 8048 9466
f 8049 8050 8073
f 8073 8050 8074
f 8051 8076 8052
f 8075 8076 8051
f 8241 8075 8051
f 8217 8051 8191
f 8241 8051 8217
f 8244 8052 8076
f 8194 8052 8220
f 8220 8052 8244
f 8054 8077 8053
f 8078 8077 8054
f 8056 8079 8055
f 8195 8055 8079
f 8080 8079 8056
f 8058 8057 8082
f 8082 8057 8081
f 8060 8059 8084
f 8084 8059 8083
f 8169 8083 8059
f 8061 8062 8085
f 8245 8061 8085
f 8221 8061 8245
f 8085 8062 8086
f 8248 8086 8062
f 8248 8062 8224
f 8063 8088 8064
f 8087 8088 8063
f 8066 8089 8065
f 8089 8087 8065
f 8090 8089 8066
f 8068 8091 8067
f 8092 8091 8068
f 8092 8068 8412
f 8070 8069 8094
f 8094 8069 8093
f 8069 8433 8093
f 8899 8070 8094
f 8072 8071 8096
f 8096 8071 8095
f 9345 8095 8071
f 9462 8072 8096
f 9466 8072 9462
f 8073 8074 8097
f 8097 8074 8098
f 8075 8100 8076
f 8099 8100 8075
f 8267 8099 8075
f 8267 8075 8241
f 8270 8076 8100
f 8244 8076 8270
f 8078 8101 8077
f 8102 8101 8078
f 8080 8103 8079
f 8195 8079 8103
f 8104 8103 8080
f 8082 8081 8106
f 8106 8081 8105
f 8084 8083 8108
f 8108 8083 8107
f 8169 8107 8083
f 8085 8086 8113
f 8319 8085 8113
f 8245 8085 8271
f 8271 8085 8319
f 8113 8086 8114
f 8322 8114 8086
f 8274 8086 8248
f 8322 8086 8274
f 8087 8116 8088
f 8121 8087 8089
f 8115 8116 8087
f 8279 8115 8087
f 8117 8087 8121
f 8153 8087 8117
f 8179 8087 8153
f 8205 8087 8179
f 8229 8087 8205
f 8253 8087 8229
f 8279 8087 8253
f 8090 8121 8089
f 8122 8121 8090
f 8092 8123 8091
f 8124 8123 8092
f 8412 8124 8092
f 8094 8093 8126
f 8126 8093 8125
f 8093 8433 8125
f 8899 8094 8126
f 8096 8095 8128
f 8128 8095 8127
f 8127 8095 9345
f 9458 8096 8128
f 9462 8096 9458
f 8097 8098 8133
f 8133 8098 8134
f 8099 8136 8100
f 8135 8136 8099
f 8359 8135 8099
f 8315 8099 8267
f 8359 8099 8315
f 8362 8100 8136
f 8270 8100 8318
f 8318 8100 8362
f 8102 8141 8101
f 8142 8141 8102
f 8104 8143 8103
f 8103 8143 8195
f 8144 8143 8104
f 8106 8105 8110
f 8110 8105 8109
f 8108 8107 8112
f 8112 8107 8111
f 8111 8107 8169
f 8110 8109 8146
f 8146 8109 8145
f 8112 8111 8148
f 8148 8111 8147
f 8169 8147 8111
f 8113 8114 8149
f 8363 8113 8149
f 8319 8113 8363
f 8149 8114 8150
f 8366 8150 8114
f 8366 8114 8322
f 8115 8152 8116
f 8151 8152 8115
f 8331 8151 8115
f 8331 8115 8279
f 8118 8117 8122
f 8118 8153 8117
f 8122 8117 8121
f 8154 8153 8118
f 8120 8119 8124
f 8120 8155 8119
f 8124 8119 8123
f 8412 8120 8124
f 8156 8155 8120
f 8156 8120 8412
f 8126 8125 8130
f 8130 8125 8129
f 8125 8433 8129
f 8899 8126 8130
f 8128 8127 8132
f 8132 8127 8131
f 9345 8131 8127
f 9406 8128 8132
f 9458 8128 9406
f 8130 8129 8158
f 8158 8129 8157
f 8129 8433 8157
f 8899 8130 8158
f 8132 8131 8160
f 8160 8131 8159
f 9345 8159 8131
f 9402 8132 8160
f 9406 8132 9402
f 8133 8134 8161
f 8161 8134 8162
f 8135 8164 8136
f 8163 8164 8135
f 8399 8163 8135
f 8399 8135 8359
f 8402 8136 8164
f 8362 8136 8402
f 8138 8137 8142
f 8138 8165 8137
f 8142 8137 8141
f 8166 8165 8138
f 8140 8139 8144
f 8140 8167 8139
f 8144 8139 8143
f 8195 8143 8139
f 8195 8139 8167
f 8168 8167 8140
f 8146 8145 8172
f 8172 8145 8171
f 8148 8147 8174
f 8169 8173 8147
f 8174 8147 8173
f 8149 8150 8175
f 8403 8149 8175
f 8363 8149 8403
f 8175 8150 8176
f 8406 8176 8150
f 8406 8150 8366
f 8151 8178 8152
f 8177 8178 8151
f 8375 8177 8151
f 8375 8151 8331
f 8154 8179 8153
f 8180 8179 8154
f 8156 8181 8155
f 8182 8181 8156
f 8412 8182 8156
f 8158 8157 8184
f 8184 8157 8183
f 8157 8433 8183
f 8899 8158 8184
f 8160 8159 8186
f 8186 8159 8185
f 8185 8159 9345
f 9398 8160 8186
f 9402 8160 9398
f 8161 8162 8187
f 8187 8162 8188
f 8163 8190 8164
f 8189 8190 8163
f 8439 8189 8163
f 8439 8163 8399
f 8442 8164 8190
f 8402 8164 8442
f 8166 8191 8165
f 8192 8191 8166
f 8168 8193 8167
f 8167 8193 8195
f 8194 8193 8168
f 8199 8173 8169
f 8169 8223 8199
f 8169 8247 8223
f 8273 8247 8169
f 8169 8321 8273
f 8169 8365 8321
f 8169 8405 8365
f 8169 8445 8405
f 8485 8445 8169
f 8169 8525 8485
f 8565 8525 8169
f 8169 8593 8565
f 8169 8641 8593
f 8645 8641 8169
f 8169 8697 8645
f 8169 8741 8697
f 8781 8741 8169
f 8169 8825 8781
f 8873 8825 8169
f 8169 8929 8873
f 9005 8929 8169
f 8169 9009 9005
f 8169 9077 9009
f 9105 9077 8169
f 8169 9109 9105
f 8169 9153 9109
f 8169 9185 9153
f 8169 9189 9185
f 9793 9189 8169
f 8172 8171 8198
f 8198 8171 8197
f 8174 8173 8200
f 8200 8173 8199
f 8175 8176 8201
f 8483 8175 8201
f 8403 8175 8443
f 8443 8175 8483
f 8201 8176 8202
f 8486 8202 8176
f 8446 8176 8406
f 8486 8176 8446
f 8177 8204 8178
f 8203 8204 8177
f 8455 8203 8177
f 8415 8177 8375
f 8455 8177 8415
f 8180 8205 8179
f 8206 8205 8180
f 8182 8207 8181
f 8208 8207 8182
f 8412 8208 8182
f 8184 8183 8210
f 8210 8183 8209
f 8183 8433 8209
f 8899 8184 8210
f 8186 8185 8212
f 8212 8185 8211
f 9345 8211 8185
f 9354 8186 8212
f 9398 8186 9354
f 8187 8188 8213
f 8213 8188 8214
f 8189 8216 8190
f 8215 8216 8189
f 8519 8215 8189
f 8479 8189 8439
f 8519 8189 8479
f 8522 8190 8216
f 8442 8190 8482
f 8482 8190 8522
f 8192 8217 8191
f 8218 8217 8192
f 8194 8219 8193
f 8195 8193 8219
f 8220 8219 8194
f 8195 8219 8243
f 8243 8269 8195
f 8195 8269 8317
f 8195 8317 8361
f 8361 8401 8195
f 8195 8401 8441
f 8441 8481 8195
f 8195 8481 8521
f 8195 8521 8561
f 8195 8561 8589
f 8195 8589 8637
f 8637 8693 8195
f 8195 8693 8689
f 8195 8689 8737
f 8737 8777 8195
f 8195 8777 8821
f 8821 8869 8195
f 8195 8869 9795
f 8195 9795 9799
f 8198 8197 8222
f 8222 8197 8221
f 8200 8199 8224
f 8224 8199 8223
f 8201 8202 8225
f 8523 8201 8225
f 8483 8201 8523
f 8225 8202 8226
f 8526 8226 8202
f 8526 8202 8486
f 8203 8228 8204
f 8227 8228 8203
f 8495 8227 8203
f 8495 8203 8455
f 8206 8229 8205
f 8230 8229 8206
f 8208 8231 8207
f 8232 8231 8208
f 8232 8208 8412
f 8210 8209 8234
f 8234 8209 8233
f 8209 8433 8233
f 8967 8210 8234
f 8899 8210 8967
f 8212 8211 8236
f 8236 8211 8235
f 9345 8235 8211
f 9350 8212 8236
f 9354 8212 9350
f 8213 8214 8237
f 8237 8214 8238
f 8215 8240 8216
f 8239 8240 8215
f 8559 8239 8215
f 8559 8215 8519
f 8562 8216 8240
f 8522 8216 8562
f 8218 8241 8217
f 8242 8241 8218
f 8220 8243 8219
f 8244 8243 8220
f 8222 8221 8246
f 8246 8221 8245
f 8224 8223 8248
f 8248 8223 8247
f 8225 8226 8249
f 8563 8225 8249
f 8523 8225 8563
f 8249 8226 8250
f 8566 8250 8226
f 8566 8226 8526
f 8227 8252 8228
f 8251 8252 8227
f 8535 8251 8227
f 8535 8227 8495
f 8230 8253 8229
f 8254 8253 8230
f 8232 8255 8231
f 8256 8255 8232
f 8412 8256 8232
f 8234 8233 8260
f 8260 8233 8259
f 8233 8433 8259
f 8967 8234 8260
f 8236 8235 8262
f 8262 8235 8261
f 8261 8235 9345
f 9314 8236 8262
f 9350 8236 9314
f 8237 8238 8263
f 8263 8238 8264
f 8239 8266 8240
f 8265 8266 8239
f 8587 8265 8239
f 8587 8239 8559
f 8590 8240 8266
f 8562 8240 8590
f 8242 8267 8241
f 8268 8267 8242
f 8244 8269 8243
f 8270 8269 8244
f 8246 8245 8272
f 8272 8245 8271
f 8248 8247 8274
f 8274 8247 8273
f 8249 8250 8275
f 8639 8249 8275
f 8563 8249 8591
f 8591 8249 8639
f 8275 8250 8276
f 8642 8276 8250
f 8594 8250 8566
f 8642 8250 8594
f 8251 8278 8252
f 8277 8278 8251
f 8603 8277 8251
f 8571 8251 8535
f 8603 8251 8571
f 8254 8279 8253
f 8280 8279 8254
f 8256 8281 8255
f 8282 8281 8256
f 8412 8282 8256
f 8258 8257 8294
f 8258 8295 8257
f 8294 8257 8293
f 8294 8614 8258
f 8296 8295 8258
f 8258 8616 8296
f 8614 8616 8258
f 8260 8259 8308
f 8308 8259 8307
f 8259 8433 8307
f 8965 8260 8308
f 8967 8260 8965
f 8262 8261 8310
f 8310 8261 8309
f 9345 8309 8261
f 9310 8262 8310
f 9314 8262 9310
f 8263 8264 8311
f 8311 8264 8312
f 8265 8314 8266
f 8313 8314 8265
f 8691 8313 8265
f 8635 8265 8587
f 8691 8265 8635
f 8694 8266 8314
f 8590 8266 8638
f 8638 8266 8694
f 8268 8315 8267
f 8316 8315 8268
f 8270 8317 8269
f 8318 8317 8270
f 8272 8271 8320
f 8320 8271 8319
f 8274 8273 8322
f 8322 8273 8321
f 8275 8276 8323
f 8643 8275 8323
f 8639 8275 8643
f 8323 8276 8324
f 8646 8324 8276
f 8646 8276 8642
f 8277 8330 8278
f 8329 8330 8277
f 8655 8329 8277
f 8655 8277 8603
f 8280 8331 8279
f 8332 8331 8280
f 8282 8333 8281
f 8334 8333 8282
f 8334 8282 8412
f 8284 8285 8283
f 8284 8283 8340
f 8340 8283 8339
f 8286 8285 8284
f 8284 8800 8286
f 8340 8798 8284
f 8284 8798 8800
f 8286 8287 8285
f 8288 8287 8286
f 8286 8716 8288
f 8286 8714 8716
f 8758 8714 8286
f 8286 8800 8758
f 8288 8289 8287
f 8290 8289 8288
f 8288 8664 8290
f 8662 8664 8288
f 8288 8716 8662
f 8290 8291 8289
f 8292 8291 8290
f 8290 8664 8292
f 8292 8293 8291
f 8294 8293 8292
f 8292 8614 8294
f 8612 8614 8292
f 8292 8666 8612
f 8292 8664 8666
f 8296 8297 8295
f 8298 8297 8296
f 8296 8618 8298
f 8296 8616 8618
f 8298 8299 8297
f 8300 8299 8298
f 8298 8670 8300
f 8618 8668 8298
f 8298 8668 8670
f 8300 8301 8299
f 8302 8301 8300
f 8300 8672 8302
f 8300 8670 8672
f 8302 8303 8301
f 8304 8303 8302
f 8302 8720 8304
f 8672 8718 8302
f 8302 8718 8720
f 8304 8305 8303
f 8306 8305 8304
f 8304 8802 8306
f 8304 8720 8760
f 8304 8760 8802
f 8306 8341 8305
f 8342 8341 8306
f 8306 8848 8342
f 8306 8802 8804
f 8306 8804 8848
f 8308 8307 8348
f 8348 8307 8347
f 8307 8433 8347
f 8965 8308 8348
f 8310 8309 8350
f 8350 8309 8349
f 9345 8349 8309
f 9274 8310 8350
f 9310 8310 9274
f 8311 8312 8351
f 8351 8312 8352
f 8313 8358 8314
f 8357 8358 8313
f 8687 8357 8313
f 8687 8313 8691
f 8690 8314 8358
f 8694 8314 8690
f 8316 8359 8315
f 8360 8359 8316
f 8318 8361 8317
f 8362 8361 8318
f 8320 8319 8364
f 8364 8319 8363
f 8322 8321 8366
f 8366 8321 8365
f 8323 8324 8325
f 8695 8323 8325
f 8643 8323 8695
f 8325 8324 8326
f 8698 8326 8324
f 8698 8324 8646
f 8325 8326 8367
f 8739 8325 8367
f 8695 8325 8739
f 8367 8326 8368
f 8742 8368 8326
f 8742 8326 8698
f 8327 8328 8329
f 8327 8374 8328
f 8651 8327 8329
f 8373 8374 8327
f 8707 8373 8327
f 8707 8327 8651
f 8329 8328 8330
f 8651 8329 8655
f 8332 8375 8331
f 8376 8375 8332
f 8334 8377 8333
f 8378 8377 8334
f 8412 8378 8334
f 8336 8337 8335
f 8336 8335 8382
f 8382 8335 8381
f 8338 8337 8336
f 9444 8338 8336
f 9390 8336 8382
f 9444 8336 9390
f 8338 8339 8337
f 8340 8339 8338
f 9446 8340 8338
f 9446 8338 9444
f 8340 8846 8798
f 9448 8846 8340
f 9448 8340 9446
f 8342 8343 8341
f 8344 8343 8342
f 8342 8848 8344
f 8344 8345 8343
f 8346 8345 8344
f 8344 8848 8346
f 8346 8383 8345
f 8384 8383 8346
f 8346 8848 8384
f 8348 8347 8388
f 8388 8347 8387
f 8347 8433 8387
f 8965 8348 8388
f 8350 8349 8390
f 8390 8349 8389
f 8389 8349 9345
f 9274 8350 8390
f 8351 8352 8353
f 8353 8352 8354
f 8353 8354 8391
f 8391 8354 8392
f 8355 8356 8357
f 8355 8398 8356
f 8735 8355 8357
f 8397 8398 8355
f 8775 8397 8355
f 8775 8355 8735
f 8357 8356 8358
f 8738 8358 8356
f 8778 8356 8398
f 8738 8356 8778
f 8735 8357 8687
f 8690 8358 8738
f 8360 8399 8359
f 8400 8399 8360
f 8362 8401 8361
f 8402 8401 8362
f 8364 8363 8404
f 8404 8363 8403
f 8366 8365 8406
f 8406 8365 8405
f 8367 8368 8369
f 8779 8367 8369
f 8739 8367 8779
f 8369 8368 8370
f 8782 8370 8368
f 8782 8368 8742
f 8369 8370 8407
f 8779 8369 8407
f 8407 8370 8408
f 8782 8408 8370
f 8371 8372 8373
f 8371 8414 8372
f 8751 8371 8373
f 8413 8414 8371
f 8791 8413 8371
f 8791 8371 8751
f 8373 8372 8374
f 8751 8373 8707
f 8376 8415 8375
f 8416 8415 8376
f 8378 8417 8377
f 8418 8378 8412
f 8418 8417 8378
f 8380 8381 8379
f 8380 8379 8422
f 8422 8379 8421
f 8382 8381 8380
f 9388 8382 8380
f 9342 8380 8422
f 9388 8380 9342
f 9390 8382 9388
f 8384 8385 8383
f 8386 8385 8384
f 8384 8848 8386
f 8386 8423 8385
f 8424 8423 8386
f 8386 8848 8424
f 8388 8387 8428
f 8428 8387 8427
f 8387 8433 8427
f 8965 8388 8428
f 8390 8389 8430
f 8430 8389 8429
f 9345 8429 8389
f 9238 8390 8430
f 9270 8390 9238
f 9274 8390 9270
f 8391 8392 8393
f 8393 8392 8394
f 8393 8394 8431
f 8431 8394 8432
f 8395 8396 8397
f 8395 8438 8396
f 8819 8395 8397
f 8437 8438 8395
f 8819 8437 8395
f 8397 8396 8398
f 8822 8398 8396
f 8822 8396 8438
f 8819 8397 8775
f 8778 8398 8822
f 8400 8439 8399
f 8440 8439 8400
f 8402 8441 8401
f 8442 8441 8402
f 8404 8403 8444
f 8444 8403 8443
f 8406 8405 8446
f 8446 8405 8445
f 8407 8408 8409
f 8823 8407 8409
f 8779 8407 8823
f 8409 8408 8410
f 8782 8410 8408
f 8409 8410 8447
f 8823 8409 8447
f 8447 8410 8448
f 8826 8448 8410
f 8826 8410 8782
f 8411 8412 8413
f 8411 8454 8412
f 8413 8791 8411
f 8453 8454 8411
f 9685 8453 8411
f 8411 8791 8839
f 8411 8839 8891
f 8411 8891 8955
f 8411 8955 9031
f 9031 9027 8411
f 8411 9027 9079
f 8411 9079 9115
f 9115 9111 8411
f 8411 9111 9155
f 9155 9195 8411
f 8411 9195 9191
f 8411 9191 9223
f 9223 9255 8411
f 8411 9255 9251
f 9251 9295 8411
f 8411 9295 9291
f 8411 9291 9335
f 9335 9331 8411
f 8411 9331 9383
f 9379 9375 8411
f 8411 9375 9439
f 8411 9383 9379
f 9435 9431 8411
f 8411 9431 9499
f 8411 9439 9435
f 9495 9491 8411
f 8411 9491 9587
f 8411 9499 9495
f 8411 9575 9571
f 9571 9709 8411
f 8411 9579 9575
f 9583 9579 8411
f 8411 9587 9583
f 9689 9685 8411
f 8411 9693 9689
f 8411 9697 9693
f 9701 9697 8411
f 8411 9705 9701
f 8411 9709 9705
f 8413 8412 8414
f 8412 8458 8418
f 8454 8894 8412
f 8412 8498 8458
f 8538 8498 8412
f 8412 8574 8538
f 8606 8574 8412
f 8412 8658 8606
f 8412 8654 8658
f 8710 8654 8412
f 8412 8754 8710
f 8412 8794 8754
f 8412 8842 8794
f 8412 8894 8842
f 8416 8455 8415
f 8456 8455 8416
f 8418 8457 8417
f 8458 8457 8418
f 8420 8421 8419
f 8420 8419 8462
f 8462 8419 8461
f 8422 8421 8420
f 9340 8422 8420
f 9302 8420 8462
f 9340 8420 9302
f 9342 8422 9340
f 8424 8425 8423
f 8426 8425 8424
f 8424 8848 8426
f 8426 8463 8425
f 8464 8463 8426
f 8426 8848 8464
f 8428 8427 8468
f 8427 8433 8467
f 8468 8427 8467
f 9039 8428 8468
f 8965 8428 9039
f 8430 8429 8470
f 8470 8429 8469
f 8469 8429 9345
f 9210 8430 8470
f 9238 8430 9210
f 8431 8432 8433
f 8433 8432 8434
f 8433 8434 8471
f 8467 8433 8507
f 8903 8433 8471
f 8507 8433 8547
f 8547 8433 8579
f 8579 8433 8623
f 8623 8433 8675
f 8675 8433 8679
f 8679 8433 8723
f 8723 8433 8763
f 8763 8433 8807
f 8807 8433 8851
f 8851 8433 8903
f 8471 8434 8472
f 9740 8472 8434
f 8435 8436 8437
f 8435 8478 8436
f 8867 8435 8437
f 8477 8478 8435
f 8867 8477 8435
f 8437 8436 8438
f 8870 8438 8436
f 8926 8436 8478
f 8870 8436 8926
f 8867 8437 8819
f 8822 8438 8870
f 8440 8479 8439
f 8480 8479 8440
f 8442 8481 8441
f 8482 8481 8442
f 8444 8443 8484
f 8484 8443 8483
f 8446 8445 8486
f 8486 8445 8485
f 8447 8448 8449
f 8871 8447 8449
f 8823 8447 8871
f 8449 8448 8450
f 8874 8450 8448
f 8874 8448 8826
f 8449 8450 8487
f 8871 8449 8487
f 8487 8450 8488
f 8874 8488 8450
f 8451 8452 8453
f 8451 8494 8452
f 9685 8451 8453
f 8493 8494 8451
f 8493 8451 9685
f 8453 8452 8454
f 8894 8454 8452
f 8958 8452 8494
f 8894 8452 8958
f 8456 8495 8455
f 8496 8495 8456
f 8458 8497 8457
f 8498 8497 8458
f 8460 8461 8459
f 8460 8459 8502
f 8502 8459 8501
f 8462 8461 8460
f 9300 8462 8460
f 9262 8460 8502
f 9300 8460 9262
f 9302 8462 9300
f 8464 8465 8463
f 8466 8465 8464
f 8464 8848 8466
f 8466 8503 8465
f 8504 8503 8466
f 8466 8848 8504
f 8468 8467 8508
f 8508 8467 8507
f 9039 8468 8508
f 8470 8469 8510
f 8510 8469 8509
f 9345 8509 8469
f 9206 8470 8510
f 9210 8470 9206
f 8471 8472 8473
f 8903 8471 8473
f 8473 8472 8474
f 9740 8474 8472
f 8473 8474 8511
f 8971 8473 8511
f 8903 8473 8971
f 8511 8474 8512
f 8512 8474 9740
f 8475 8476 8477
f 8475 8518 8476
f 8923 8475 8477
f 8517 8518 8475
f 8923 8517 8475
f 8477 8476 8478
f 8926 8478 8476
f 8926 8476 8518
f 8923 8477 8867
f 8480 8519 8479
f 8520 8519 8480
f 8482 8521 8481
f 8522 8521 8482
f 8484 8483 8524
f 8524 8483 8523
f 8486 8485 8526
f 8526 8485 8525
f 8487 8488 8489
f 8927 8487 8489
f 8871 8487 8927
f 8489 8488 8490
f 8930 8490 8488
f 8930 8488 8874
f 8489 8490 8527
f 9003 8489 8527
f 8927 8489 9003
f 8527 8490 8528
f 9006 8528 8490
f 9006 8490 8930
f 8491 8492 8493
f 8491 8534 8492
f 9685 8491 8493
f 8533 8534 8491
f 9685 8533 8491
f 8493 8492 8494
f 9034 8494 8492
f 9030 8492 8534
f 9034 8492 9030
f 8958 8494 9034
f 8496 8535 8495
f 8536 8535 8496
f 8498 8537 8497
f 8538 8537 8498
f 8500 8501 8499
f 8500 8499 8542
f 8542 8499 8541
f 8502 8501 8500
f 9260 8502 8500
f 9230 8500 8542
f 9260 8500 9230
f 9262 8502 9260
f 8504 8505 8503
f 8506 8505 8504
f 8504 8848 8506
f 8506 8543 8505
f 8544 8543 8506
f 8506 8848 8544
f 8508 8507 8548
f 8548 8507 8547
f 9039 8508 8548
f 8510 8509 8550
f 8550 8509 8549
f 9345 8549 8509
f 9178 8510 8550
f 9206 8510 9178
f 8511 8512 8513
f 9043 8511 8513
f 8971 8511 9043
f 8513 8512 8514
f 9740 8514 8512
f 8513 8514 8551
f 9047 8513 8551
f 9043 8513 9047
f 8551 8514 8552
f 9740 8552 8514
f 8515 8516 8517
f 8515 8558 8516
f 8999 8515 8517
f 8557 8558 8515
f 9071 8557 8515
f 9071 8515 8999
f 8517 8516 8518
f 9002 8518 8516
f 9074 8516 8558
f 9002 8516 9074
f 8999 8517 8923
f 8926 8518 9002
f 8520 8559 8519
f 8560 8559 8520
f 8522 8561 8521
f 8562 8561 8522
f 8524 8523 8564
f 8564 8523 8563
f 8526 8525 8566
f 8566 8525 8565
f 8527 8528 8529
f 9007 8527 8529
f 9003 8527 9007
f 8529 8528 8530
f 9010 8530 8528
f 9010 8528 9006
f 8529 8530 8567
f 9075 8529 8567
f 9007 8529 9075
f 8567 8530 8568
f 9078 8568 8530
f 9078 8530 9010
f 8531 8532 8533
f 8531 8570 8532
f 8531 8533 9685
f 8569 8570 8531
f 9685 8569 8531
f 8533 8532 8534
f 9082 8534 8532
f 9118 8532 8570
f 9082 8532 9118
f 9030 8534 9082
f 8536 8571 8535
f 8572 8571 8536
f 9037 8572 8536
f 8897 8536 8845
f 8961 8536 8897
f 8963 8536 8961
f 9037 8536 8963
f 8538 8573 8537
f 8574 8573 8538
f 8540 8541 8539
f 8540 8539 8576
f 8576 8539 8575
f 8542 8541 8540
f 9228 8542 8540
f 9228 8540 8576
f 9230 8542 9228
f 8544 8545 8543
f 8546 8545 8544
f 8544 8848 8546
f 8546 8577 8545
f 8578 8577 8546
f 8546 8848 8578
f 8548 8547 8580
f 8580 8547 8579
f 9039 8548 8580
f 8550 8549 8582
f 8582 8549 8581
f 9345 8581 8549
f 9142 8550 8582
f 9178 8550 9142
f 8551 8552 8553
f 9095 8551 8553
f 9047 8551 9095
f 8553 8552 8554
f 8554 8552 9740
f 8553 8554 8583
f 9135 8553 8583
f 9095 8553 9135
f 8583 8554 8584
f 9740 8584 8554
f 8555 8556 8557
f 8555 8586 8556
f 9067 8555 8557
f 8585 8586 8555
f 9099 8585 8555
f 9099 8555 9067
f 8557 8556 8558
f 9070 8558 8556
f 9102 8556 8586
f 9070 8556 9102
f 9067 8557 9071
f 9074 8558 9070
f 8560 8587 8559
f 8588 8587 8560
f 8562 8589 8561
f 8590 8589 8562
f 8564 8563 8592
f 8592 8563 8591
f 8566 8565 8594
f 8594 8565 8593
f 8567 8568 8595
f 9107 8567 8595
f 9075 8567 9103
f 9103 8567 9107
f 8595 8568 8596
f 9110 8596 8568
f 9106 8568 9078
f 9110 8568 9106
f 8569 8602 8570
f 8601 8602 8569
f 8601 8569 9685
f 9158 8570 8602
f 9118 8570 9114
f 9114 8570 9158
f 8572 8603 8571
f 8604 8603 8572
f 9037 8604 8572
f 8574 8605 8573
f 8606 8605 8574
f 8576 8575 8610
f 8610 8575 8609
f 9162 8576 8610
f 9200 8576 9162
f 9228 8576 9200
f 8578 8619 8577
f 8620 8619 8578
f 8578 8848 8620
f 8580 8579 8624
f 8624 8579 8623
f 9039 8580 8624
f 8582 8581 8626
f 8626 8581 8625
f 9345 8625 8581
f 9138 8582 8626
f 9142 8582 9138
f 8583 8584 8627
f 9175 8583 8627
f 9135 8583 9139
f 9139 8583 9175
f 8627 8584 8628
f 8628 8584 9740
f 8585 8634 8586
f 8633 8634 8585
f 9143 8633 8585
f 9147 8585 9099
f 9143 8585 9147
f 9146 8586 8634
f 9102 8586 9150
f 9150 8586 9146
f 8588 8635 8587
f 8636 8635 8588
f 8590 8637 8589
f 8638 8637 8590
f 8592 8591 8640
f 8640 8591 8639
f 8594 8593 8642
f 8642 8593 8641
f 8595 8596 8597
f 9151 8595 8597
f 9107 8595 9151
f 8597 8596 8598
f 9154 8598 8596
f 9154 8596 9110
f 8597 8598 8647
f 9183 8597 8647
f 9151 8597 9183
f 8647 8598 8648
f 9186 8648 8598
f 9186 8598 9154
f 8599 8600 8601
f 8599 8650 8600
f 9685 8599 8601
f 8649 8650 8599
f 8649 8599 9685
f 8601 8600 8602
f 9198 8602 8600
f 9194 8600 8650
f 9198 8600 9194
f 9158 8602 9198
f 8604 8655 8603
f 8656 8655 8604
f 9037 8656 8604
f 8606 8657 8605
f 8658 8657 8606
f 8608 8609 8607
f 8608 8607 8660
f 8660 8607 8659
f 8610 8609 8608
f 9160 8610 8608
f 9120 8608 8660
f 9160 8608 9120
f 9162 8610 9160
f 8612 8611 8614
f 8612 8665 8611
f 8614 8611 8613
f 8666 8665 8612
f 8614 8613 8616
f 8616 8613 8615
f 8616 8615 8618
f 8618 8615 8617
f 8618 8617 8668
f 8668 8617 8667
f 8620 8621 8619
f 8622 8621 8620
f 8620 8848 8622
f 8622 8673 8621
f 8674 8673 8622
f 8622 8848 8674
f 8624 8623 8676
f 8676 8623 8675
f 9039 8624 8676
f 8626 8625 8678
f 8678 8625 8677
f 8677 8625 9345
f 9098 8626 8678
f 9138 8626 9098
f 8627 8628 8629
f 9203 8627 8629
f 9175 8627 9203
f 8629 8628 8630
f 9740 8630 8628
f 8629 8630 8683
f 9207 8629 8683
f 9203 8629 9207
f 8683 8630 8684
f 8684 8630 9740
f 8631 8632 8633
f 8631 8686 8632
f 9179 8631 8633
f 8685 8686 8631
f 9215 8685 8631
f 9215 8631 9179
f 8633 8632 8634
f 9182 8634 8632
f 9218 8632 8686
f 9182 8632 9218
f 9179 8633 9143
f 9146 8634 9182
f 8636 8691 8635
f 8692 8691 8636
f 8638 8693 8637
f 8694 8693 8638
f 8640 8639 8644
f 8644 8639 8643
f 8642 8641 8646
f 8646 8641 8645
f 8644 8643 8696
f 8696 8643 8695
f 8646 8645 8698
f 8698 8645 8697
f 8647 8648 8699
f 9219 8647 8699
f 9183 8647 9187
f 9187 8647 9219
f 8699 8648 8700
f 9222 8700 8648
f 9190 8648 9186
f 9222 8648 9190
f 8649 8706 8650
f 8705 8706 8649
f 9685 8705 8649
f 9258 8650 8706
f 9194 8650 9226
f 9226 8650 9258
f 8652 8651 8656
f 8652 8707 8651
f 8656 8651 8655
f 9037 8652 8656
f 8708 8707 8652
f 9085 8708 8652
f 9085 8652 9037
f 8654 8653 8658
f 8654 8709 8653
f 8658 8653 8657
f 8710 8709 8654
f 8660 8659 8712
f 8712 8659 8711
f 9084 8660 8712
f 9120 8660 9084
f 8662 8661 8664
f 8662 8715 8661
f 8664 8661 8663
f 8716 8715 8662
f 8664 8663 8666
f 8666 8663 8665
f 8668 8667 8670
f 8670 8667 8669
f 8670 8669 8672
f 8672 8669 8671
f 8672 8671 8718
f 8718 8671 8717
f 8674 8721 8673
f 8722 8721 8674
f 8674 8848 8722
f 8676 8675 8680
f 8680 8675 8679
f 9039 8676 8680
f 8678 8677 8682
f 8682 8677 8681
f 9345 8681 8677
f 9050 8678 8682
f 9098 8678 9050
f 8680 8679 8724
f 8724 8679 8723
f 9091 8680 8724
f 9039 8680 9091
f 8682 8681 8726
f 8726 8681 8725
f 9345 8725 8681
f 9046 8682 8726
f 9050 8682 9046
f 8683 8684 8727
f 9267 8683 8727
f 9207 8683 9235
f 9235 8683 9267
f 8727 8684 8728
f 9740 8728 8684
f 8685 8734 8686
f 8733 8734 8685
f 9239 8733 8685
f 9211 8685 9215
f 9239 8685 9211
f 9242 8686 8734
f 9218 8686 9214
f 9214 8686 9242
f 8688 8687 8692
f 8688 8735 8687
f 8692 8687 8691
f 8736 8735 8688
f 8690 8689 8694
f 8690 8737 8689
f 8694 8689 8693
f 8738 8737 8690
f 8696 8695 8740
f 8740 8695 8739
f 8698 8697 8742
f 8742 8697 8741
f 8699 8700 8701
f 9243 8699 8701
f 9219 8699 9243
f 8701 8700 8702
f 9246 8702 8700
f 9246 8700 9222
f 8701 8702 8743
f 9247 8701 8743
f 9243 8701 9247
f 8743 8702 8744
f 9250 8744 8702
f 9250 8702 9246
f 8703 8704 8705
f 8703 8750 8704
f 9685 8703 8705
f 8749 8750 8703
f 9685 8749 8703
f 8705 8704 8706
f 9254 8706 8704
f 9298 8704 8750
f 9254 8704 9298
f 9258 8706 9254
f 8708 8751 8707
f 8752 8751 8708
f 9085 8752 8708
f 8710 8753 8709
f 8754 8753 8710
f 8712 8711 8756
f 8756 8711 8755
f 9036 8712 8756
f 9084 8712 9036
f 8714 8713 8716
f 8714 8757 8713
f 8716 8713 8715
f 8758 8757 8714
f 8718 8717 8720
f 8720 8717 8719
f 8720 8719 8760
f 8760 8719 8759
f 8722 8761 8721
f 8762 8761 8722
f 8722 8848 8762
f 8724 8723 8764
f 8764 8723 8763
f 9091 8724 8764
f 8726 8725 8766
f 8766 8725 8765
f 8765 8725 9345
f 8974 8726 8766
f 9046 8726 8974
f 8727 8728 8729
f 9271 8727 8729
f 9267 8727 9271
f 8729 8728 8730
f 9740 8730 8728
f 8729 8730 8767
f 9307 8729 8767
f 9271 8729 9307
f 8767 8730 8768
f 9740 8768 8730
f 8731 8732 8733
f 8731 8774 8732
f 9279 8731 8733
f 8773 8774 8731
f 9275 8773 8731
f 9275 8731 9279
f 8733 8732 8734
f 9282 8734 8732
f 9278 8732 8774
f 9282 8732 9278
f 9279 8733 9239
f 9242 8734 9282
f 8736 8775 8735
f 8776 8775 8736
f 8738 8777 8737
f 8778 8777 8738
f 8740 8739 8780
f 8780 8739 8779
f 8742 8741 8782
f 8782 8741 8781
f 8743 8744 8745
f 9287 8743 8745
f 9247 8743 9283
f 9283 8743 9287
f 8745 8744 8746
f 9290 8746 8744
f 9286 8744 9250
f 9290 8744 9286
f 8745 8746 8783
f 9323 8745 8783
f 9287 8745 9323
f 8783 8746 8784
f 9326 8784 8746
f 9326 8746 9290
f 8747 8748 8749
f 8747 8790 8748
f 9685 8747 8749
f 8789 8790 8747
f 9685 8789 8747
f 8749 8748 8750
f 9338 8750 8748
f 9334 8748 8790
f 9338 8748 9334
f 9298 8750 9294
f 9294 8750 9338
f 8752 8791 8751
f 8792 8791 8752
f 9085 8792 8752
f 8754 8793 8753
f 8794 8793 8754
f 8756 8755 8796
f 8796 8755 8795
f 8960 8756 8796
f 9036 8756 8960
f 8758 8799 8757
f 8800 8799 8758
f 8760 8759 8802
f 8802 8759 8801
f 8762 8805 8761
f 8806 8805 8762
f 8762 8848 8806
f 8764 8763 8808
f 8808 8763 8807
f 9091 8764 8808
f 8766 8765 8810
f 8810 8765 8809
f 9345 8809 8765
f 8906 8766 8810
f 8974 8766 8906
f 8767 8768 8769
f 9347 8767 8769
f 9307 8767 9311
f 9311 8767 9347
f 8769 8768 8770
f 9740 8770 8768
f 8769 8770 8811
f 9351 8769 8811
f 9347 8769 9351
f 8811 8770 8812
f 9740 8812 8770
f 8771 8772 8773
f 8771 8818 8772
f 9315 8771 8773
f 8817 8818 8771
f 9359 8817 8771
f 9359 8771 9315
f 8773 8772 8774
f 9318 8774 8772
f 9362 8772 8818
f 9318 8772 9362
f 9319 8773 9275
f 9315 8773 9319
f 9278 8774 9322
f 9322 8774 9318
f 8776 8819 8775
f 8820 8819 8776
f 8778 8821 8777
f 8822 8821 8778
f 8780 8779 8824
f 8824 8779 8823
f 8782 8781 8826
f 8826 8781 8825
f 8783 8784 8785
f 9363 8783 8785
f 9323 8783 9327
f 9327 8783 9363
f 8785 8784 8786
f 9366 8786 8784
f 9330 8784 9326
f 9366 8784 9330
f 8785 8786 8827
f 9367 8785 8827
f 9363 8785 9367
f 8827 8786 8828
f 9370 8828 8786
f 9370 8786 9366
f 8787 8788 8789
f 8787 8838 8788
f 9685 8787 8789
f 8837 8838 8787
f 9685 8837 8787
f 8789 8788 8790
f 9382 8790 8788
f 9378 8788 8838
f 9382 8788 9378
f 9334 8790 9386
f 9386 8790 9382
f 8792 8839 8791
f 8840 8839 8792
f 9087 8840 8792
f 9087 8792 9085
f 8794 8841 8793
f 8842 8841 8794
f 8796 8795 8844
f 8844 8795 8843
f 8896 8796 8844
f 8960 8796 8896
f 8798 8797 8800
f 8798 8845 8797
f 8800 8797 8799
f 8846 8845 8798
f 8802 8801 8804
f 8804 8801 8803
f 8804 8803 8848
f 8848 8803 8847
f 8806 8849 8805
f 8806 8848 8850
f 8850 8849 8806
f 8808 8807 8852
f 8852 8807 8851
f 9089 8808 8852
f 9091 8808 9089
f 8810 8809 8854
f 8854 8809 8853
f 8853 8809 9345
f 8906 8810 8854
f 8811 8812 8813
f 9399 8811 8813
f 9351 8811 9395
f 9395 8811 9399
f 8813 8812 8814
f 9740 8814 8812
f 8813 8814 8855
f 9403 8813 8855
f 9399 8813 9403
f 8855 8814 8856
f 9740 8856 8814
f 8815 8816 8817
f 8815 8866 8816
f 9415 8815 8817
f 8865 8866 8815
f 9411 8865 8815
f 9411 8815 9415
f 8817 8816 8818
f 9418 8818 8816
f 9414 8816 8866
f 9418 8816 9414
f 9355 8817 9359
f 9415 8817 9355
f 9362 8818 9358
f 9358 8818 9418
f 8820 8867 8819
f 8868 8867 8820
f 8822 8869 8821
f 8870 8869 8822
f 8824 8823 8872
f 8872 8823 8871
f 8826 8825 8874
f 8874 8825 8873
f 8827 8828 8829
f 9419 8827 8829
f 9367 8827 9371
f 9371 8827 9419
f 8829 8828 8830
f 9422 8830 8828
f 9374 8828 9370
f 9422 8828 9374
f 8829 8830 8831
f 9423 8829 8831
f 9419 8829 9423
f 8831 8830 8832
f 9426 8832 8830
f 9426 8830 9422
f 8831 8832 8875
f 9427 8831 8875
f 9423 8831 9427
f 8875 8832 8876
f 9430 8876 8832
f 9430 8832 9426
f 8833 8834 8835
f 8833 8890 8834
f 9685 8833 8835
f 8889 8890 8833
f 8889 8833 9685
f 8835 8834 8836
f 9434 8836 8834
f 9502 8834 8890
f 9434 8834 9502
f 8835 8836 8837
f 9685 8835 8837
f 8837 8836 8838
f 9438 8838 8836
f 9438 8836 9434
f 9378 8838 9442
f 9442 8838 9438
f 8840 8891 8839
f 8892 8891 8840
f 9087 8892 8840
f 8842 8893 8841
f 8894 8893 8842
f 8844 8843 8896
f 8896 8843 8895
f 8843 9793 8895
f 8846 8897 8845
f 8898 8897 8846
f 8898 8846 9448
f 8848 8847 8900
f 8900 8847 8899
f 8850 8848 8902
f 8902 8848 8900
f 8850 8901 8849
f 8902 8901 8850
f 8852 8851 8904
f 8904 8851 8903
f 9089 8852 8904
f 8854 8853 8906
f 8906 8853 8905
f 9345 8905 8853
f 8855 8856 8857
f 9459 8855 8857
f 9403 8855 9455
f 9455 8855 9459
f 8857 8856 8858
f 9740 8858 8856
f 8857 8858 8859
f 9463 8857 8859
f 9459 8857 9463
f 8859 8858 8860
f 9740 8860 8858
f 8859 8860 8907
f 9527 8859 8907
f 9463 8859 9527
f 8907 8860 8908
f 8908 8860 9740
f 8861 8862 8863
f 8861 8922 8862
f 9471 8861 8863
f 8921 8922 8861
f 9467 8921 8861
f 9467 8861 9471
f 8863 8862 8864
f 9474 8864 8862
f 9470 8862 8922
f 9474 8862 9470
f 8863 8864 8865
f 9475 8863 8865
f 9471 8863 9475
f 8865 8864 8866
f 9478 8866 8864
f 9478 8864 9474
f 9407 8865 9411
f 9475 8865 9407
f 9414 8866 9410
f 9410 8866 9478
f 8868 8923 8867
f 8924 8923 8868
f 9799 8924 8868
f 8870 8925 8869
f 9795 8869 8925
f 8926 8925 8870
f 8872 8871 8928
f 8928 8871 8927
f 8874 8873 8930
f 8930 8873 8929
f 8875 8876 8877
f 9479 8875 8877
f 9427 8875 9479
f 8877 8876 8878
f 9482 8878 8876
f 9482 8876 9430
f 8877 8878 8879
f 9483 8877 8879
f 9479 8877 9483
f 8879 8878 8880
f 9486 8880 8878
f 9486 8878 9482
f 8879 8880 8881
f 9487 8879 8881
f 9483 8879 9487
f 8881 8880 8882
f 9490 8882 8880
f 9490 8880 9486
f 8881 8882 8931
f 9555 8881 8931
f 9487 8881 9551
f 9551 8881 9555
f 8931 8882 8932
f 9558 8932 8882
f 9554 8882 9490
f 9558 8882 9554
f 8883 8884 8885
f 8883 8954 8884
f 8883 8885 9685
f 8953 8954 8883
f 9685 8953 8883
f 8885 8884 8886
f 9590 8886 8884
f 9582 8884 8954
f 9586 8884 9582
f 9590 8884 9586
f 8885 8886 8887
f 9685 8885 8887
f 8887 8886 8888
f 9494 8888 8886
f 9494 8886 9590
f 8887 8888 8889
f 9685 8887 8889
f 8889 8888 8890
f 9498 8890 8888
f 9498 8888 9494
f 9502 8890 9498
f 8892 8955 8891
f 8956 8955 8892
f 9087 8956 8892
f 8894 8957 8893
f 8958 8957 8894
f 8896 8895 8960
f 8960 8895 8959
f 8895 9793 8959
f 8898 8961 8897
f 8962 8961 8898
f 9448 8962 8898
f 8900 8899 8968
f 8968 8899 8967
f 8902 8900 8970
f 9042 8900 8968
f 8970 8900 9042
f 8902 8969 8901
f 8970 8969 8902
f 8904 8903 8972
f 8972 8903 8971
f 9089 8904 8972
f 8906 8905 8974
f 8974 8905 8973
f 8973 8905 9345
f 8907 8908 8909
f 9531 8907 8909
f 9527 8907 9531
f 8909 8908 8910
f 9740 8910 8908
f 8909 8910 8911
f 9535 8909 8911
f 9531 8909 9535
f 8911 8910 8912
f 9740 8912 8910
f 8911 8912 8913
f 9593 8911 8913
f 9535 8911 9593
f 8913 8912 8914
f 8914 8912 9740
f 8913 8914 8975
f 9601 8913 8975
f 9593 8913 9597
f 9597 8913 9601
f 8975 8914 8976
f 9740 8976 8914
f 8915 8916 8917
f 8915 8998 8916
f 9539 8915 8917
f 8997 8998 8915
f 9625 8997 8915
f 9629 8915 9539
f 9625 8915 9629
f 8917 8916 8918
f 9542 8918 8916
f 9628 8916 8998
f 9542 8916 9632
f 9632 8916 9628
f 8917 8918 8919
f 9543 8917 8919
f 9539 8917 9543
f 8919 8918 8920
f 9546 8920 8918
f 9546 8918 9542
f 8919 8920 8921
f 9547 8919 8921
f 9543 8919 9547
f 8921 8920 8922
f 9550 8922 8920
f 9550 8920 9546
f 9547 8921 9467
f 9470 8922 9550
f 8924 8999 8923
f 9000 8999 8924
f 9799 9000 8924
f 8926 9001 8925
f 8925 9001 9795
f 9002 9001 8926
f 8928 8927 9004
f 9004 8927 9003
f 8930 8929 9006
f 9006 8929 9005
f 8931 8932 8933
f 9559 8931 8933
f 9555 8931 9559
f 8933 8932 8934
f 9562 8934 8932
f 9562 8932 9558
f 8933 8934 8935
f 9567 8933 8935
f 9559 8933 9563
f 9563 8933 9567
f 8935 8934 8936
f 9570 8936 8934
f 9566 8934 9562
f 9570 8934 9566
f 8935 8936 8937
f 9633 8935 8937
f 9567 8935 9633
f 8937 8936 8938
f 9636 8938 8936
f 9636 8936 9570
f 8937 8938 8939
f 9637 8937 8939
f 9633 8937 9637
f 8939 8938 8940
f 9640 8940 8938
f 9640 8938 9636
f 8939 8940 8941
f 9645 8939 8941
f 9637 8939 9641
f 9641 8939 9645
f 8941 8940 8942
f 9648 8942 8940
f 9644 8940 9640
f 9648 8940 9644
f 8941 8942 9011
f 9649 8941 9011
f 9645 8941 9649
f 9011 8942 9012
f 9652 9012 8942
f 9652 8942 9648
f 8943 8944 8945
f 8943 9026 8944
f 8943 8945 9685
f 9025 9026 8943
f 9685 9025 8943
f 8945 8944 8946
f 9696 8946 8944
f 9692 8944 9026
f 9696 8944 9692
f 8945 8946 8947
f 9685 8945 8947
f 8947 8946 8948
f 9704 8948 8946
f 9700 8946 9696
f 9704 8946 9700
f 8947 8948 8949
f 8947 8949 9685
f 8949 8948 8950
f 9708 8950 8948
f 9708 8948 9704
f 8949 8950 8951
f 9685 8949 8951
f 8951 8950 8952
f 9712 8952 8950
f 9712 8950 9708
f 8951 8952 8953
f 8951 8953 9685
f 8953 8952 8954
f 9578 8954 8952
f 9578 8952 9574
f 9574 8952 9712
f 9582 8954 9578
f 8956 9031 8955
f 9032 9031 8956
f 9087 9032 8956
f 8958 9033 8957
f 9034 9033 8958
f 8960 8959 9036
f 9036 8959 9035
f 8959 9793 9035
f 8962 8963 8961
f 8964 8963 8962
f 9504 8964 8962
f 9504 8962 9448
f 8964 9037 8963
f 9038 9037 8964
f 9038 8964 9506
f 9506 8964 9504
f 8966 8967 8965
f 8966 8965 9040
f 9040 8965 9039
f 8968 8967 8966
f 9094 8968 8966
f 9172 8966 9040
f 9094 8966 9134
f 9134 8966 9174
f 9174 8966 9172
f 9042 8968 9094
f 8970 9041 8969
f 9042 9041 8970
f 8972 8971 9044
f 9044 8971 9043
f 9089 8972 9044
f 8974 8973 9046
f 9046 8973 9045
f 9345 9045 8973
f 8975 8976 8977
f 9605 8975 8977
f 9601 8975 9605
f 8977 8976 8978
f 8978 8976 9740
f 8977 8978 8979
f 9713 8977 8979
f 9605 8977 9609
f 9609 8977 9713
f 8979 8978 8980
f 9740 8980 8978
f 8979 8980 8981
f 9717 8979 8981
f 9713 8979 9717
f 8981 8980 8982
f 8982 8980 9740
f 8981 8982 8983
f 9721 8981 8983
f 9717 8981 9721
f 8983 8982 8984
f 9740 8984 8982
f 8983 8984 8985
f 9729 8983 8985
f 9721 8983 9725
f 9725 8983 9729
f 8985 8984 8986
f 8986 8984 9740
f 8985 8986 9051
f 9733 8985 9051
f 9729 8985 9733
f 9051 8986 9052
f 9740 9052 8986
f 8987 8988 8989
f 8987 9066 8988
f 9777 8987 8989
f 9065 9066 8987
f 9773 9065 8987
f 9773 8987 9777
f 8989 8988 8990
f 9780 8990 8988
f 9776 8988 9066
f 9780 8988 9776
f 8989 8990 8991
f 9785 8989 8991
f 9777 8989 9781
f 9781 8989 9785
f 8991 8990 8992
f 9788 8992 8990
f 9784 8990 9780
f 9788 8990 9784
f 8991 8992 8993
f 9789 8991 8993
f 9785 8991 9789
f 8993 8992 8994
f 9792 8994 8992
f 9792 8992 9788
f 8993 8994 8995
f 9613 8993 8995
f 9789 8993 9613
f 8995 8994 8996
f 9616 8996 8994
f 9616 8994 9792
f 8995 8996 8997
f 9621 8995 8997
f 9613 8995 9617
f 9617 8995 9621
f 8997 8996 8998
f 9624 8998 8996
f 9620 8996 9616
f 9624 8996 9620
f 9621 8997 9625
f 9628 8998 9624
f 9000 9071 8999
f 9072 9071 9000
f 9799 9072 9000
f 9002 9073 9001
f 9795 9001 9073
f 9074 9073 9002
f 9004 9003 9008
f 9008 9003 9007
f 9006 9005 9010
f 9010 9005 9009
f 9008 9007 9076
f 9076 9007 9075
f 9010 9009 9078
f 9078 9009 9077
f 9011 9012 9013
f 9653 9011 9013
f 9649 9011 9653
f 9013 9012 9014
f 9656 9014 9012
f 9656 9012 9652
f 9013 9014 9015
f 9661 9013 9015
f 9653 9013 9657
f 9657 9013 9661
f 9015 9014 9016
f 9664 9016 9014
f 9660 9014 9656
f 9664 9014 9660
f 9015 9016 9017
f 9665 9015 9017
f 9661 9015 9665
f 9017 9016 9018
f 9668 9018 9016
f 9668 9016 9664
f 9017 9018 9019
f 9669 9017 9019
f 9665 9017 9669
f 9019 9018 9020
f 9672 9020 9018
f 9672 9018 9668
f 9019 9020 9021
f 9673 9019 9021
f 9669 9019 9673
f 9021 9020 9022
f 9676 9022 9020
f 9676 9020 9672
f 9021 9022 9023
f 9677 9021 9023
f 9673 9021 9677
f 9023 9022 9024
f 9680 9024 9022
f 9680 9022 9676
f 9023 9024 9025
f 9685 9023 9025
f 9677 9023 9681
f 9681 9023 9685
f 9025 9024 9026
f 9688 9026 9024
f 9684 9024 9680
f 9688 9024 9684
f 9692 9026 9688
f 9028 9027 9032
f 9028 9079 9027
f 9032 9027 9031
f 9087 9028 9032
f 9080 9079 9028
f 9028 9087 9080
f 9030 9029 9034
f 9030 9081 9029
f 9034 9029 9033
f 9082 9081 9030
f 9036 9035 9084
f 9084 9035 9083
f 9035 9793 9083
f 9038 9085 9037
f 9086 9085 9038
f 9086 9038 9506
f 9040 9039 9092
f 9092 9039 9091
f 9266 9040 9092
f 9172 9040 9202
f 9202 9040 9234
f 9234 9040 9232
f 9232 9040 9266
f 9042 9093 9041
f 9094 9093 9042
f 9044 9043 9048
f 9048 9043 9047
f 9089 9044 9048
f 9046 9045 9050
f 9050 9045 9049
f 9345 9049 9045
f 9048 9047 9096
f 9096 9047 9095
f 9089 9048 9096
f 9050 9049 9098
f 9098 9049 9097
f 9097 9049 9345
f 9051 9052 9053
f 9737 9051 9053
f 9733 9051 9737
f 9053 9052 9054
f 9740 9054 9052
f 9053 9054 9055
f 9745 9053 9055
f 9737 9053 9741
f 9741 9053 9745
f 9055 9054 9056
f 9748 9056 9054
f 9744 9054 9740
f 9748 9054 9744
f 9055 9056 9057
f 9749 9055 9057
f 9745 9055 9749
f 9057 9056 9058
f 9752 9058 9056
f 9752 9056 9748
f 9057 9058 9059
f 9753 9057 9059
f 9749 9057 9753
f 9059 9058 9060
f 9756 9060 9058
f 9756 9058 9752
f 9059 9060 9061
f 9757 9059 9061
f 9753 9059 9757
f 9061 9060 9062
f 9760 9062 9060
f 9760 9060 9756
f 9061 9062 9063
f 9761 9061 9063
f 9757 9061 9761
f 9063 9062 9064
f 9764 9064 9062
f 9764 9062 9760
f 9063 9064 9065
f 9769 9063 9065
f 9761 9063 9765
f 9765 9063 9769
f 9065 9064 9066
f 9772 9066 9064
f 9768 9064 9764
f 9772 9064 9768
f 9769 9065 9773
f 9776 9066 9772
f 9068 9067 9072
f 9068 9099 9067
f 9072 9067 9071
f 9068 9072 9799
f 9100 9099 9068
f 9799 9100 9068
f 9070 9069 9074
f 9070 9101 9069
f 9074 9069 9073
f 9795 9073 9069
f 9069 9101 9795
f 9102 9101 9070
f 9076 9075 9104
f 9104 9075 9103
f 9078 9077 9106
f 9106 9077 9105
f 9080 9115 9079
f 9080 9087 9121
f 9116 9115 9080
f 9116 9080 9797
f 9080 9121 9123
f 9797 9080 9123
f 9082 9117 9081
f 9118 9117 9082
f 9084 9083 9120
f 9120 9083 9119
f 9083 9793 9119
f 9086 9087 9085
f 9088 9087 9086
f 9088 9086 9506
f 9088 9121 9087
f 9122 9121 9088
f 9508 9122 9088
f 9508 9088 9506
f 9090 9091 9089
f 9090 9089 9132
f 9089 9096 9131
f 9132 9089 9131
f 9092 9091 9090
f 9264 9092 9090
f 9344 9090 9132
f 9264 9090 9306
f 9306 9090 9304
f 9304 9090 9346
f 9346 9090 9344
f 9266 9092 9264
f 9094 9133 9093
f 9134 9133 9094
f 9096 9095 9136
f 9136 9095 9135
f 9131 9096 9136
f 9098 9097 9138
f 9138 9097 9137
f 9345 9137 9097
f 9100 9147 9099
f 9148 9147 9100
f 9799 9148 9100
f 9102 9149 9101
f 9795 9101 9149
f 9150 9149 9102
f 9104 9103 9108
f 9108 9103 9107
f 9106 9105 9110
f 9110 9105 9109
f 9108 9107 9152
f 9152 9107 9151
f 9110 9109 9154
f 9154 9109 9153
f 9112 9111 9116
f 9112 9155 9111
f 9116 9111 9115
f 9797 9112 9116
f 9156 9155 9112
f 9797 9156 9112
f 9114 9113 9118
f 9114 9157 9113
f 9118 9113 9117
f 9158 9157 9114
f 9120 9119 9160
f 9160 9119 9159
f 9119 9793 9159
f 9122 9123 9121
f 9124 9123 9122
f 9508 9124 9122
f 9124 9125 9123
f 9123 9125 9797
f 9126 9125 9124
f 9126 9124 9512
f 9510 9124 9508
f 9512 9124 9510
f 9126 9163 9125
f 9797 9125 9163
f 9164 9163 9126
f 9512 9164 9126
f 9128 9129 9127
f 9128 9127 9170
f 9799 9127 9129
f 9170 9127 9169
f 9799 9169 9127
f 9130 9129 9128
f 9518 9130 9128
f 9518 9128 9170
f 9130 9131 9129
f 9131 9176 9129
f 9129 9176 9204
f 9129 9204 9208
f 9129 9208 9236
f 9129 9236 9268
f 9129 9268 9799
f 9132 9131 9130
f 9394 9132 9130
f 9394 9130 9392
f 9392 9130 9454
f 9452 9130 9450
f 9450 9130 9526
f 9454 9130 9452
f 9520 9130 9518
f 9522 9130 9520
f 9524 9130 9522
f 9526 9130 9524
f 9131 9136 9140
f 9131 9140 9176
f 9344 9132 9394
f 9134 9173 9133
f 9174 9173 9134
f 9136 9135 9140
f 9140 9135 9139
f 9138 9137 9142
f 9142 9137 9141
f 9345 9141 9137
f 9140 9139 9176
f 9176 9139 9175
f 9142 9141 9178
f 9178 9141 9177
f 9343 9177 9141
f 9343 9141 9345
f 9144 9143 9148
f 9144 9179 9143
f 9148 9143 9147
f 9144 9148 9799
f 9180 9179 9144
f 9799 9180 9144
f 9146 9145 9150
f 9146 9181 9145
f 9150 9145 9149
f 9795 9149 9145
f 9145 9181 9795
f 9182 9181 9146
f 9152 9151 9184
f 9184 9151 9183
f 9797 9152 9184
f 9154 9153 9186
f 9186 9153 9185
f 9156 9195 9155
f 9196 9195 9156
f 9797 9196 9156
f 9158 9197 9157
f 9198 9197 9158
f 9160 9159 9162
f 9162 9159 9161
f 9159 9793 9161
f 9162 9161 9200
f 9200 9161 9199
f 9161 9793 9199
f 9164 9165 9163
f 9797 9163 9165
f 9166 9165 9164
f 9512 9166 9164
f 9166 9167 9165
f 9797 9165 9167
f 9168 9167 9166
f 9514 9168 9166
f 9514 9166 9512
f 9168 9169 9167
f 9167 9169 9799
f 9797 9167 9799
f 9170 9169 9168
f 9516 9170 9168
f 9592 9168 9514
f 9516 9168 9592
f 9518 9170 9516
f 9172 9171 9174
f 9172 9201 9171
f 9174 9171 9173
f 9202 9201 9172
f 9176 9175 9204
f 9204 9175 9203
f 9178 9177 9206
f 9206 9177 9205
f 9393 9205 9177
f 9393 9177 9343
f 9180 9215 9179
f 9216 9215 9180
f 9216 9180 9799
f 9182 9217 9181
f 9795 9181 9217
f 9218 9217 9182
f 9184 9183 9188
f 9188 9183 9187
f 9184 9188 9797
f 9186 9185 9190
f 9190 9185 9189
f 9188 9187 9220
f 9220 9187 9219
f 9797 9188 9220
f 9190 9189 9222
f 9222 9189 9221
f 9793 9221 9189
f 9192 9191 9196
f 9192 9223 9191
f 9196 9191 9195
f 9797 9192 9196
f 9224 9223 9192
f 9224 9192 9797
f 9194 9193 9198
f 9194 9225 9193
f 9198 9193 9197
f 9226 9225 9194
f 9200 9199 9228
f 9228 9199 9227
f 9199 9793 9227
f 9202 9233 9201
f 9234 9233 9202
f 9204 9203 9208
f 9208 9203 9207
f 9206 9205 9210
f 9210 9205 9209
f 9393 9209 9205
f 9208 9207 9236
f 9236 9207 9235
f 9210 9209 9238
f 9238 9209 9237
f 9393 9237 9209
f 9212 9211 9216
f 9212 9239 9211
f 9216 9211 9215
f 9799 9212 9216
f 9240 9239 9212
f 9799 9240 9212
f 9214 9213 9218
f 9214 9241 9213
f 9218 9213 9217
f 9217 9213 9795
f 9795 9213 9241
f 9242 9241 9214
f 9220 9219 9244
f 9244 9219 9243
f 9797 9220 9244
f 9222 9221 9246
f 9246 9221 9245
f 9793 9245 9221
f 9224 9255 9223
f 9256 9255 9224
f 9797 9256 9224
f 9226 9257 9225
f 9258 9257 9226
f 9228 9227 9230
f 9230 9227 9229
f 9227 9793 9229
f 9230 9229 9260
f 9260 9229 9259
f 9229 9793 9259
f 9232 9231 9234
f 9232 9265 9231
f 9234 9231 9233
f 9266 9265 9232
f 9236 9235 9268
f 9268 9235 9267
f 9238 9237 9270
f 9270 9237 9269
f 9391 9269 9237
f 9391 9237 9393
f 9240 9279 9239
f 9280 9279 9240
f 9280 9240 9799
f 9242 9281 9241
f 9795 9241 9281
f 9282 9281 9242
f 9244 9243 9248
f 9248 9243 9247
f 9797 9244 9248
f 9246 9245 9250
f 9250 9245 9249
f 9793 9249 9245
f 9248 9247 9284
f 9284 9247 9283
f 9797 9248 9284
f 9250 9249 9286
f 9286 9249 9285
f 9793 9285 9249
f 9252 9251 9256
f 9252 9295 9251
f 9256 9251 9255
f 9252 9256 9797
f 9296 9295 9252
f 9797 9296 9252
f 9254 9253 9258
f 9254 9297 9253
f 9258 9253 9257
f 9298 9297 9254
f 9260 9259 9262
f 9262 9259 9261
f 9259 9793 9261
f 9262 9261 9300
f 9300 9261 9299
f 9261 9793 9299
f 9264 9263 9266
f 9264 9305 9263
f 9266 9263 9265
f 9306 9305 9264
f 9268 9267 9272
f 9272 9267 9271
f 9799 9268 9272
f 9270 9269 9274
f 9274 9269 9273
f 9391 9273 9269
f 9272 9271 9308
f 9308 9271 9307
f 9272 9308 9799
f 9274 9273 9310
f 9310 9273 9309
f 9451 9309 9273
f 9453 9273 9391
f 9451 9273 9453
f 9276 9275 9280
f 9276 9319 9275
f 9280 9275 9279
f 9799 9276 9280
f 9320 9319 9276
f 9320 9276 9799
f 9278 9277 9282
f 9278 9321 9277
f 9282 9277 9281
f 9795 9281 9277
f 9795 9277 9321
f 9322 9321 9278
f 9284 9283 9288
f 9288 9283 9287
f 9284 9288 9797
f 9286 9285 9290
f 9290 9285 9289
f 9289 9285 9793
f 9288 9287 9324
f 9324 9287 9323
f 9797 9288 9324
f 9290 9289 9326
f 9326 9289 9325
f 9793 9325 9289
f 9292 9291 9296
f 9292 9335 9291
f 9296 9291 9295
f 9797 9292 9296
f 9336 9335 9292
f 9336 9292 9797
f 9294 9293 9298
f 9294 9337 9293
f 9298 9293 9297
f 9338 9337 9294
f 9300 9299 9302
f 9302 9299 9301
f 9299 9793 9301
f 9302 9301 9340
f 9340 9301 9339
f 9301 9793 9339
f 9304 9303 9306
f 9304 9345 9303
f 9306 9303 9305
f 9346 9345 9304
f 9308 9307 9312
f 9312 9307 9311
f 9799 9308 9312
f 9310 9309 9314
f 9314 9309 9313
f 9451 9313 9309
f 9312 9311 9348
f 9348 9311 9347
f 9799 9312 9348
f 9314 9313 9350
f 9350 9313 9349
f 9451 9349 9313
f 9316 9315 9320
f 9316 9359 9315
f 9320 9315 9319
f 9799 9316 9320
f 9360 9359 9316
f 9799 9360 9316
f 9318 9317 9322
f 9318 9361 9317
f 9322 9317 9321
f 9321 9317 9795
f 9795 9317 9361
f 9362 9361 9318
f 9324 9323 9328
f 9328 9323 9327
f 9797 9324 9328
f 9326 9325 9330
f 9330 9325 9329
f 9793 9329 9325
f 9328 9327 9364
f 9364 9327 9363
f 9328 9364 9797
f 9330 9329 9366
f 9366 9329 9365
f 9365 9329 9793
f 9332 9331 9336
f 9332 9383 9331
f 9336 9331 9335
f 9797 9332 9336
f 9384 9383 9332
f 9797 9384 9332
f 9334 9333 9338
f 9334 9385 9333
f 9338 9333 9337
f 9386 9385 9334
f 9340 9339 9342
f 9342 9339 9341
f 9339 9793 9341
f 9342 9341 9388
f 9388 9341 9387
f 9341 9793 9387
f 9344 9343 9346
f 9344 9393 9343
f 9346 9343 9345
f 9394 9393 9344
f 9348 9347 9352
f 9352 9347 9351
f 9348 9352 9799
f 9350 9349 9354
f 9354 9349 9353
f 9451 9353 9349
f 9352 9351 9396
f 9396 9351 9395
f 9799 9352 9396
f 9354 9353 9398
f 9398 9353 9397
f 9451 9397 9353
f 9356 9355 9360
f 9356 9415 9355
f 9360 9355 9359
f 9356 9360 9799
f 9416 9415 9356
f 9799 9416 9356
f 9358 9357 9362
f 9358 9417 9357
f 9362 9357 9361
f 9795 9361 9357
f 9357 9417 9795
f 9418 9417 9358
f 9364 9363 9368
f 9368 9363 9367
f 9797 9364 9368
f 9366 9365 9370
f 9370 9365 9369
f 9793 9369 9365
f 9368 9367 9372
f 9372 9367 9371
f 9797 9368 9372
f 9370 9369 9374
f 9374 9369 9373
f 9793 9373 9369
f 9372 9371 9420
f 9420 9371 9419
f 9372 9420 9797
f 9374 9373 9422
f 9422 9373 9421
f 9421 9373 9793
f 9376 9375 9380
f 9376 9439 9375
f 9380 9375 9379
f 9797 9376 9380
f 9440 9439 9376
f 9797 9440 9376
f 9378 9377 9382
f 9378 9441 9377
f 9382 9377 9381
f 9442 9441 9378
f 9380 9379 9384
f 9384 9379 9383
f 9380 9384 9797
f 9382 9381 9386
f 9386 9381 9385
f 9388 9387 9390
f 9390 9387 9389
f 9387 9793 9389
f 9390 9389 9444
f 9444 9389 9443
f 9389 9793 9443
f 9392 9391 9394
f 9392 9453 9391
f 9394 9391 9393
f 9454 9453 9392
f 9396 9395 9400
f 9400 9395 9399
f 9799 9396 9400
f 9398 9397 9402
f 9402 9397 9401
f 9449 9401 9397
f 9449 9397 9451
f 9400 9399 9404
f 9404 9399 9403
f 9400 9404 9799
f 9402 9401 9406
f 9406 9401 9405
f 9449 9405 9401
f 9404 9403 9456
f 9456 9403 9455
f 9799 9404 9456
f 9406 9405 9458
f 9449 9457 9405
f 9458 9405 9457
f 9408 9407 9412
f 9408 9475 9407
f 9412 9407 9411
f 9408 9412 9799
f 9476 9475 9408
f 9799 9476 9408
f 9410 9409 9414
f 9410 9477 9409
f 9414 9409 9413
f 9795 9413 9409
f 9409 9477 9795
f 9478 9477 9410
f 9412 9411 9416
f 9416 9411 9415
f 9799 9412 9416
f 9414 9413 9418
f 9418 9413 9417
f 9795 9417 9413
f 9420 9419 9424
f 9424 9419 9423
f 9797 9420 9424
f 9422 9421 9426
f 9426 9421 9425
f 9793 9425 9421
f 9424 9423 9428
f 9428 9423 9427
f 9797 9424 9428
f 9426 9425 9430
f 9430 9425 9429
f 9793 9429 9425
f 9428 9427 9480
f 9480 9427 9479
f 9428 9480 9797
f 9430 9429 9482
f 9482 9429 9481
f 9481 9429 9793
f 9432 9431 9436
f 9432 9499 9431
f 9436 9431 9435
f 9797 9432 9436
f 9500 9499 9432
f 9797 9500 9432
f 9434 9433 9438
f 9434 9501 9433
f 9438 9433 9437
f 9793 9437 9433
f 9793 9433 9501
f 9502 9501 9434
f 9436 9435 9440
f 9440 9435 9439
f 9436 9440 9797
f 9438 9437 9442
f 9442 9437 9441
f 9444 9443 9446
f 9446 9443 9445
f 9443 9793 9445
f 9446 9445 9448
f 9448 9445 9447
f 9445 9793 9447
f 9448 9447 9504
f 9504 9447 9503
f 9447 9793 9503
f 9450 9449 9452
f 9450 9525 9449
f 9452 9449 9451
f 9525 9457 9449
f 9526 9525 9450
f 9452 9451 9454
f 9454 9451 9453
f 9456 9455 9460
f 9460 9455 9459
f 9799 9456 9460
f 9458 9457 9462
f 9462 9457 9461
f 9525 9461 9457
f 9460 9459 9464
f 9464 9459 9463
f 9460 9464 9799
f 9462 9461 9466
f 9466 9461 9465
f 9523 9465 9461
f 9523 9461 9525
f 9464 9463 9528
f 9528 9463 9527
f 9799 9464 9528
f 9466 9465 9530
f 9523 9529 9465
f 9530 9465 9529
f 9468 9467 9472
f 9468 9547 9467
f 9472 9467 9471
f 9468 9472 9799
f 9548 9547 9468
f 9799 9548 9468
f 9470 9469 9474
f 9470 9549 9469
f 9474 9469 9473
f 9795 9473 9469
f 9469 9549 9795
f 9550 9549 9470
f 9472 9471 9476
f 9476 9471 9475
f 9799 9472 9476
f 9474 9473 9478
f 9478 9473 9477
f 9795 9477 9473
f 9480 9479 9484
f 9484 9479 9483
f 9797 9480 9484
f 9482 9481 9486
f 9486 9481 9485
f 9793 9485 9481
f 9484 9483 9488
f 9488 9483 9487
f 9797 9484 9488
f 9486 9485 9490
f 9490 9485 9489
f 9793 9489 9485
f 9488 9487 9552
f 9552 9487 9551
f 9488 9552 9797
f 9490 9489 9554
f 9554 9489 9553
f 9553 9489 9793
f 9492 9491 9496
f 9492 9587 9491
f 9496 9491 9495
f 9797 9492 9496
f 9588 9587 9492
f 9797 9588 9492
f 9494 9493 9498
f 9494 9589 9493
f 9498 9493 9497
f 9793 9497 9493
f 9793 9493 9589
f 9590 9589 9494
f 9496 9495 9500
f 9500 9495 9499
f 9496 9500 9797
f 9498 9497 9502
f 9502 9497 9501
f 9501 9497 9793
f 9504 9503 9506
f 9506 9503 9505
f 9503 9793 9505
f 9506 9505 9508
f 9508 9505 9507
f 9505 9793 9507
f 9508 9507 9510
f 9510 9507 9509
f 9507 9793 9509
f 9510 9509 9512
f 9512 9509 9511
f 9509 9793 9511
f 9512 9511 9514
f 9514 9511 9513
f 9511 9793 9513
f 9514 9513 9592
f 9592 9513 9591
f 9513 9793 9591
f 9516 9515 9518
f 9516 9591 9515
f 9518 9515 9517
f 9517 9515 9795
f 9591 9793 9515
f 9795 9515 9793
f 9592 9591 9516
f 9518 9517 9520
f 9520 9517 9519
f 9795 9519 9517
f 9520 9519 9522
f 9522 9519 9521
f 9795 9521 9519
f 9522 9521 9524
f 9524 9521 9523
f 9523 9521 9795
f 9524 9523 9526
f 9526 9523 9525
f 9523 9533 9529
f 9795 9533 9523
f 9528 9527 9532
f 9532 9527 9531
f 9799 9528 9532
f 9530 9529 9534
f 9534 9529 9533
f 9532 9531 9536
f 9536 9531 9535
f 9532 9536 9799
f 9534 9533 9538
f 9538 9533 9537
f 9795 9537 9533
f 9536 9535 9594
f 9594 9535 9593
f 9799 9536 9594
f 9538 9537 9596
f 9596 9537 9595
f 9795 9595 9537
f 9540 9539 9544
f 9540 9629 9539
f 9544 9539 9543
f 9540 9544 9799
f 9630 9629 9540
f 9799 9630 9540
f 9542 9541 9546
f 9542 9631 9541
f 9546 9541 9545
f 9795 9545 9541
f 9541 9631 9795
f 9632 9631 9542
f 9544 9543 9548
f 9548 9543 9547
f 9799 9544 9548
f 9546 9545 9550
f 9550 9545 9549
f 9795 9549 9545
f 9552 9551 9556
f 9556 9551 9555
f 9797 9552 9556
f 9554 9553 9558
f 9558 9553 9557
f 9793 9557 9553
f 9556 9555 9560
f 9560 9555 9559
f 9797 9556 9560
f 9558 9557 9562
f 9562 9557 9561
f 9793 9561 9557
f 9560 9559 9564
f 9564 9559 9563
f 9560 9564 9797
f 9562 9561 9566
f 9566 9561 9565
f 9565 9561 9793
f 9564 9563 9568
f 9568 9563 9567
f 9797 9564 9568
f 9566 9565 9570
f 9570 9565 9569
f 9793 9569 9565
f 9568 9567 9634
f 9634 9567 9633
f 9797 9568 9634
f 9570 9569 9636
f 9636 9569 9635
f 9793 9635 9569
f 9572 9571 9576
f 9572 9709 9571
f 9576 9571 9575
f 9572 9576 9797
f 9710 9709 9572
f 9797 9710 9572
f 9574 9573 9578
f 9574 9711 9573
f 9578 9573 9577
f 9577 9573 9793
f 9793 9573 9711
f 9712 9711 9574
f 9576 9575 9580
f 9580 9575 9579
f 9797 9576 9580
f 9578 9577 9582
f 9582 9577 9581
f 9793 9581 9577
f 9580 9579 9584
f 9584 9579 9583
f 9797 9580 9584
f 9582 9581 9586
f 9586 9581 9585
f 9793 9585 9581
f 9584 9583 9588
f 9588 9583 9587
f 9584 9588 9797
f 9586 9585 9590
f 9590 9585 9589
f 9589 9585 9793
f 9594 9593 9598
f 9598 9593 9597
f 9799 9594 9598
f 9596 9595 9600
f 9600 9595 9599
f 9599 9595 9795
f 9598 9597 9602
f 9602 9597 9601
f 9598 9602 9799
f 9600 9599 9604
f 9604 9599 9603
f 9795 9603 9599
f 9602 9601 9606
f 9606 9601 9605
f 9799 9602 9606
f 9604 9603 9608
f 9608 9603 9607
f 9795 9607 9603
f 9606 9605 9610
f 9610 9605 9609
f 9799 9606 9610
f 9608 9607 9612
f 9612 9607 9611
f 9611 9607 9795
f 9610 9609 9714
f 9714 9609 9713
f 9610 9714 9799
f 9612 9611 9716
f 9716 9611 9715
f 9795 9715 9611
f 9614 9613 9618
f 9614 9789 9613
f 9618 9613 9617
f 9799 9614 9618
f 9790 9789 9614
f 9790 9614 9799
f 9616 9615 9620
f 9616 9791 9615
f 9620 9615 9619
f 9795 9619 9615
f 9795 9615 9791
f 9792 9791 9616
f 9618 9617 9622
f 9622 9617 9621
f 9799 9618 9622
f 9620 9619 9624
f 9624 9619 9623
f 9623 9619 9795
f 9622 9621 9626
f 9626 9621 9625
f 9622 9626 9799
f 9624 9623 9628
f 9628 9623 9627
f 9795 9627 9623
f 9626 9625 9630
f 9630 9625 9629
f 9799 9626 9630
f 9628 9627 9632
f 9632 9627 9631
f 9795 9631 9627
f 9634 9633 9638
f 9638 9633 9637
f 9634 9638 9797
f 9636 9635 9640
f 9640 9635 9639
f 9639 9635 9793
f 9638 9637 9642
f 9642 9637 9641
f 9797 9638 9642
f 9640 9639 9644
f 9644 9639 9643
f 9793 9643 9639
f 9642 9641 9646
f 9646 9641 9645
f 9797 9642 9646
f 9644 9643 9648
f 9648 9643 9647
f 9793 9647 9643
f 9646 9645 9650
f 9650 9645 9649
f 9646 9650 9797
f 9648 9647 9652
f 9652 9647 9651
f 9651 9647 9793
f 9650 9649 9654
f 9654 9649 9653
f 9797 9650 9654
f 9652 9651 9656
f 9656 9651 9655
f 9793 9655 9651
f 9654 9653 9658
f 9658 9653 9657
f 9797 9654 9658
f 9656 9655 9660
f 9660 9655 9659
f 9793 9659 9655
f 9658 9657 9662
f 9662 9657 9661
f 9658 9662 9797
f 9660 9659 9664
f 9664 9659 9663
f 9663 9659 9793
f 9662 9661 9666
f 9666 9661 9665
f 9797 9662 9666
f 9664 9663 9668
f 9668 9663 9667
f 9793 9667 9663
f 9666 9665 9670
f 9670 9665 9669
f 9797 9666 9670
f 9668 9667 9672
f 9672 9667 9671
f 9793 9671 9667
f 9670 9669 9674
f 9674 9669 9673
f 9670 9674 9797
f 9672 9671 9676
f 9676 9671 9675
f 9675 9671 9793
f 9674 9673 9678
f 9678 9673 9677
f 9797 9674 9678
f 9676 9675 9680
f 9680 9675 9679
f 9793 9679 9675
f 9678 9677 9682
f 9682 9677 9681
f 9678 9682 9797
f 9680 9679 9684
f 9684 9679 9683
f 9683 9679 9793
f 9682 9681 9686
f 9686 9681 9685
f 9797 9682 9686
f 9684 9683 9688
f 9688 9683 9687
f 9793 9687 9683
f 9686 9685 9690
f 9690 9685 9689
f 9797 9686 9690
f 9688 9687 9692
f 9692 9687 9691
f 9793 9691 9687
f 9690 9689 9694
f 9694 9689 9693
f 9690 9694 9797
f 9692 9691 9696
f 9696 9691 9695
f 9695 9691 9793
f 9694 9693 9698
f 9698 9693 9697
f 9797 9694 9698
f 9696 9695 9700
f 9700 9695 9699
f 9793 9699 9695
f 9698 9697 9702
f 9702 9697 9701
f 9797 9698 9702
f 9700 9699 9704
f 9704 9699 9703
f 9793 9703 9699
f 9702 9701 9706
f 9706 9701 9705
f 9702 9706 9797
f 9704 9703 9708
f 9708 9703 9707
f 9707 9703 9793
f 9706 9705 9710
f 9710 9705 9709
f 9797 9706 9710
f 9708 9707 9712
f 9712 9707 9711
f 9793 9711 9707
f 9714 9713 9718
f 9718 9713 9717
f 9799 9714 9718
f 9716 9715 9720
f 9720 9715 9719
f 9795 9719 9715
f 9718 9717 9722
f 9722 9717 9721
f 9799 9718 9722
f 9720 9719 9724
f 9724 9719 9723
f 9723 9719 9795
f 9722 9721 9726
f 9726 9721 9725
f 9722 9726 9799
f 9724 9723 9728
f 9728 9723 9727
f 9795 9727 9723
f 9726 9725 9730
f 9730 9725 9729
f 9799 9726 9730
f 9728 9727 9732
f 9732 9727 9731
f 9795 9731 9727
f 9730 9729 9734
f 9734 9729 9733
f 9799 9730 9734
f 9732 9731 9736
f 9736 9731 9735
f 9735 9731 9795
f 9734 9733 9738
f 9738 9733 9737
f 9734 9738 9799
f 9736 9735 9740
f 9740 9735 9739
f 9795 9739 9735
f 9738 9737 9742
f 9742 9737 9741
f 9799 9738 9742
f 9740 9739 9744
f 9744 9739 9743
f 9795 9743 9739
f 9742 9741 9746
f 9746 9741 9745
f 9799 9742 9746
f 9744 9743 9748
f 9748 9743 9747
f 9747 9743 9795
f 9746 9745 9750
f 9750 9745 9749
f 9746 9750 9799
f 9748 9747 9752
f 9752 9747 9751
f 9795 9751 9747
f 9750 9749 9754
f 9754 9749 9753
f 9799 9750 9754
f 9752 9751 9756
f 9756 9751 9755
f 9755 9751 9795
f 9754 9753 9758
f 9758 9753 9757
f 9754 9758 9799
f 9756 9755 9760
f 9760 9755 9759
f 9795 9759 9755
f 9758 9757 9762
f 9762 9757 9761
f 9799 9758 9762
f 9760 9759 9764
f 9764 9759 9763
f 9795 9763 9759
f 9762 9761 9766
f 9766 9761 9765
f 9799 9762 9766
f 9764 9763 9768
f 9768 9763 9767
f 9767 9763 9795
f 9766 9765 9770
f 9770 9765 9769
f 9766 9770 9799
f 9768 9767 9772
f 9772 9767 9771
f 9795 9771 9767
f 9770 9769 9774
f 9774 9769 9773
f 9799 9770 9774
f 9772 9771 9776
f 9776 9771 9775
f 9795 9775 9771
f 9774 9773 9778
f 9778 9773 9777
f 9799 9774 9778
f 9776 9775 9780
f 9780 9775 9779
f 9779 9775 9795
f 9778 9777 9782
f 9782 9777 9781
f 9778 9782 9799
f 9780 9779 9784
f 9784 9779 9783
f 9795 9783 9779
f 9782 9781 9786
f 9786 9781 9785
f 9799 9782 9786
f 9784 9783 9788
f 9788 9783 9787
f 9795 9787 9783
f 9786 9785 9790
f 9790 9785 9789
f 9799 9786 9790
f 9788 9787 9792
f 9792 9787 9791
f 9791 9787 9795
f 9793 9794 9795
f 9793 9798 9794
f 9797 9798 9793
f 9795 9794 9796
f 9794 9800 9796
f 9798 9800 9794
f 9800 9795 9796
f 9799 9795 9800
f 9798 9797 9800
f 9800 9797 9799
