# CAD visual only; metres; body-local coordinates
v -0.0424264103 0.00848528332 -0.0520000005
v -0.0424264103 0.00848528332 -0.044000001
v -0.034754749 0.00081362194 -0.0484884143
v -0.0348087651 0.000867638054 -0.0482385111
v -0.0348250157 0.000883888664 -0.0479999995
v -0.0348056942 0.000864567222 -0.0477401114
v -0.0345092732 0.000568146171 -0.0489575553
v -0.0346561962 0.000715069236 -0.0487347317
v -0.0346907002 0.000749573173 -0.0473376012
v -0.0346470219 0.00070589489 -0.0472477317
v -0.0346987683 0.000757641258 -0.0486437964
v -0.0347485882 0.000807461204 -0.0474915791
v -0.0342578846 0.000316757621 -0.049166975
v -0.0344353825 0.000494255485 -0.0469637036
v -0.0344481045 0.000506977501 -0.0490239406
v -0.0344730526 0.000531925621 -0.0489982939
v -0.0344973713 0.000556244316 -0.0470285678
v -0.0344606549 0.000519527855 -0.046988728
v -0.0340027768 6.16497418e-05 -0.0492469549
v -0.0341847569 0.000243629875 -0.0467984223
v -0.0341995388 0.0002584309 -0.0491953802
v -0.0342434269 0.000302299919 -0.0468253851
v -0.0337573582 -0.000183768807 -0.0492226839
v -0.0339257008 -1.54262164e-05 -0.0467501903
v -0.0339411312 4.23402119e-09 -0.0492499995
v -0.0339873844 4.62574384e-05 -0.0467517138
v -0.0339411312 4.23402119e-09 -0.0467499995
v -0.0335126072 -0.000428519783 -0.0490932751
v -0.0336827046 -0.000258422432 -0.0468046188
v -0.0336974865 -0.00024364048 -0.0492015767
v -0.0337422901 -0.000198836861 -0.0467820382
v -0.0334215886 -0.00051953846 -0.049011271
v -0.0332542187 -0.000686908303 -0.0487866497
v -0.0334091908 -0.000531936226 -0.0470017052
v -0.033434158 -0.000506969033 -0.0469760609
v -0.0334468609 -0.000494266091 -0.0490362978
v -0.0334991795 -0.000441947518 -0.0469174671
v -0.0331336552 -0.00080747181 -0.04850842
v -0.0330765492 -0.000864577828 -0.0482598901
v -0.0330573803 -0.000883746682 -0.0480218148
v -0.0330734784 -0.000867648659 -0.047761488
v -0.0331275135 -0.000813613472 -0.0475115871
v -0.0331834942 -0.00075763279 -0.0473562026
v -0.0332352215 -0.000705905495 -0.0487522697
v -0.0331915432 -0.000749583779 -0.0486624002
v -0.0332260472 -0.000715079842 -0.0472652674
v -0.0332446247 -0.000696502266 -0.0472304225
v -0.0325269085 0.00848528332 -0.0470000005
v -0.0325269085 0.00848528332 -0.044000001
v -0.0297517544 0.0057101292 -0.0486373043
v -0.0297911221 0.00574949688 -0.04746773
v -0.0297945935 0.00575296825 -0.0485217166
v -0.0298069531 0.00576532787 -0.0484818602
v -0.029859882 0.0058182568 -0.0482321882
v -0.0298752552 0.00583363003 -0.0479941821
v -0.0298551899 0.00581354565 -0.0477350807
v -0.0297975499 0.00575592464 -0.0474874997
v -0.0295034939 0.00546186871 -0.0490188026
v -0.0295282704 0.00548664516 -0.0489929748
v -0.0295217091 0.00548008388 -0.0470000005
v -0.0295093304 0.00546770519 -0.0469871068
v -0.0295523793 0.00551075405 -0.0489659429
v -0.0297006184 0.00565899319 -0.0487459445
v -0.0297475201 0.00570589489 -0.0473527122
v -0.0296956784 0.00565405315 -0.0472447491
v -0.0292565113 0.00521486706 -0.0491924429
v -0.0292635876 0.00522196239 -0.0468107533
v -0.0293001515 0.00525852627 -0.0491712427
v -0.0292926556 0.00525103039 -0.0468248606
v -0.0290144497 0.00497282452 -0.0492495728
v -0.029006744 0.00496511883 -0.0467501879
v -0.0290451962 0.00500357098 -0.0492476797
v -0.0290528256 0.0050111813 -0.0467530227
v -0.028755756 0.00471413082 -0.0492047715
v -0.0287634045 0.00472176022 -0.046792295
v -0.0288005597 0.00475893444 -0.0492205215
v -0.0287932354 0.00475161022 -0.0467818141
v -0.0289913708 0.0049497456 -0.0467499995
v -0.0285046345 0.0044630093 -0.0490433955
v -0.0285114819 0.00446985668 -0.0469502854
v -0.0285438115 0.00450218624 -0.0490779066
v -0.0285508496 0.00450922436 -0.0469163203
v -0.0285072094 0.00580643124 -0.0470000005
v -0.0285252339 0.00595617718 -0.044000001
v -0.0285327107 0.00602804607 -0.0470000005
v -0.0285475308 0.00619903988 -0.044000001
v -0.0285511547 0.00625036663 -0.0470000005
v -0.0285613591 0.00644255108 -0.044000001
v -0.0285646969 0.00654751247 -0.0470000005
v -0.0285666806 0.00668638653 -0.044000001
v -0.028566547 0.0067705769 -0.0470000005
v -0.0285635144 0.00693026012 -0.044000001
v -0.0285579831 0.0070678944 -0.0470000005
v -0.0285518605 0.00717386669 -0.044000001
v -0.0285432583 0.00729050106 -0.0470000005
v -0.0285317189 0.00741692013 -0.044000001
v -0.0285214573 0.00751251644 -0.0470000005
v -0.0285031277 0.00765913433 -0.044000001
v -0.028291412 0.0042497868 -0.0487632918
v -0.0282555539 0.00421392864 -0.0486925697
v -0.0282778889 0.00423624462 -0.0472622013
v -0.0282870633 0.00424543804 -0.0472447491
v -0.0284667927 0.0044251675 -0.0490060401
v -0.0283009297 0.00425928539 -0.0487804079
v -0.0284610516 0.00441942638 -0.0470000005
v -0.0284734303 0.004431786 -0.0469871068
v -0.0282530743 0.00464550442 -0.0470000005
v -0.0282528263 0.00464474148 -0.044000001
v -0.0282955891 0.00478802151 -0.0470000005
v -0.0283519894 0.00499687618 -0.044000001
v -0.0283536488 0.00500341839 -0.0470000005
v -0.0284078175 0.00523428387 -0.044000001
v -0.0284203297 0.00529329723 -0.0470000005
v -0.0284553295 0.00547350353 -0.044000001
v -0.0284622342 0.00551241344 -0.0470000005
v -0.0284944874 0.00571423 -0.044000001
v -0.0284925991 0.00773373074 -0.0470000005
v -0.0284814221 0.00780723995 -0.0470000005
v -0.0284661251 0.00790020412 -0.044000001
v -0.0284431797 0.00802702373 -0.0470000005
v -0.0284207302 0.00813982433 -0.044000001
v -0.0283813435 0.0083179707 -0.0470000005
v -0.0283370739 0.0084959454 -0.044000001
v -0.0283268887 0.00853430218 -0.0470000005
v -0.0282710034 0.00873072094 -0.044000001
v -0.0280000645 0.00395843929 -0.0470000005
v -0.0280000645 0.00395843929 -0.044000001
v -0.0281818539 0.00414022869 -0.0485018635
v -0.0281258732 0.00408422893 -0.0482535338
v -0.0281075627 0.00406593746 -0.0480159402
v -0.0281244427 0.0040828175 -0.0477563858
v -0.028179012 0.00413738674 -0.0475074244
v -0.0282433087 0.00420168346 -0.0473341966
v -0.028028484 0.00402565426 -0.0470000005
v -0.0280922848 0.00418423122 -0.044000001
v -0.0281350857 0.00429735607 -0.0470000005
v -0.0281765705 0.00441309399 -0.044000001
v -0.0282075459 0.00450392193 -0.0470000005
v -0.0282157093 0.00452858395 -0.044000001
v -0.0282435948 0.00881985134 -0.0470000005
v -0.0281968075 0.00896305508 -0.044000001
v -0.0281732136 0.00903154797 -0.0470000005
v -0.0281145626 0.0091926617 -0.044000001
v -0.0280689389 0.00931009716 -0.0470000005
v -0.0280243641 0.00941925472 -0.044000001
v -0.0279830319 0.00951597637 -0.0470000005
v -0.0279263264 0.00964258617 -0.044000001
v -0.0278583485 0.00978603786 -0.0470000005
v -0.0277648312 0.0099708218 -0.044000001
v -0.0277223164 0.0100505299 -0.0470000005
v -0.02764772 0.01018475 -0.044000001
v -0.0275751644 0.0103090329 -0.0470000005
v -0.0275232464 0.0103945012 -0.044000001
v -0.0274975163 0.0104358715 -0.0470000005
v -0.0274582821 0.0104977078 -0.044000001
v -0.0274171788 0.0105610318 -0.0470000005
v -0.027323032 0.0107006497 -0.044000001
v -0.0272527653 0.0108003277 -0.044000001
v -0.0272486073 0.010806107 -0.0470000005
v -0.027107082 0.0109959263 -0.044000001
v -0.0270697934 0.0110437817 -0.0470000005
v -0.0270317036 0.0110917897 -0.044000001
v -0.0269766384 0.0111597294 -0.0470000005
v -0.0269546849 0.0111863369 -0.044000001
v -0.0268810421 0.0112736554 -0.0470000005
v -0.0267957264 0.0113713116 -0.044000001
v -0.0267331654 0.0114406819 -0.0470000005
v -0.026713863 0.0114617009 -0.044000001
v -0.0266316372 0.0115493817 -0.0470000005
v -0.0265454632 0.0116381306 -0.044000001
v -0.0264751011 0.011708321 -0.0470000005
v -0.026458984 0.0117241139 -0.044000001
v -0.0264218098 0.0117601818 -0.0470000005
v -0.0262816006 0.0118915028 -0.044000001
v -0.0262032086 0.011961884 -0.0470000005
v -0.0261907536 0.0119728512 -0.044000001
v -0.0261472279 0.0120108456 -0.0470000005
v -0.0260048825 0.0121307415 -0.044000001
v -0.0259762341 0.0121541066 -0.0470000005
v -0.0259098965 0.0122072453 -0.044000001
v -0.0258007389 0.0122918553 -0.0470000005
v -0.0258135945 0.0122820706 -0.044000001
v -0.0257412869 0.0123365254 -0.0470000005
v -0.0255170971 0.0124963421 -0.044000001
v -0.0254988247 0.0125087971 -0.0470000005
v -0.0253133923 0.0126304478 -0.044000001
v -0.0252492482 0.0126705975 -0.0470000005
v -0.0252098233 0.0126948208 -0.044000001
v -0.0250576741 0.012784924 -0.0470000005
v -0.0251051289 0.0127573628 -0.044000001
v -0.0249930149 0.0128216595 -0.0470000005
v -0.0247847706 0.0129339833 -0.044000001
v -0.024730621 0.0129617161 -0.0470000005
v -0.0246759945 0.0129890866 -0.044000001
v -0.0245972401 0.0130275196 -0.0470000005
v -0.0245662648 0.0130423016 -0.044000001
v -0.0243258244 0.00028419918 -0.0470000005
v -0.0243258244 0.00028419918 -0.044000001
v -0.024462505 0.0130904812 -0.0470000005
v -0.0243441159 0.0131429524 -0.044000001
v -0.0240500409 0.00017281002 -0.0470000005
v -0.024213348 0.000237106743 -0.044000001
v -0.0241891438 0.013207745 -0.0470000005
v -0.024118591 0.0132358021 -0.044000001
v -0.0240506703 0.01326199 -0.0470000005
v -0.024004646 0.0132792706 -0.044000001
v -0.023769775 7.32082745e-05 -0.0470000005
v -0.023985973 0.000148853721 -0.044000001
v -0.0237503582 0.00644939846 -0.0520000005
v -0.0237503582 0.00644939846 -0.044000001
v -0.0237583882 0.0065257687 -0.0520000005
v -0.0237583882 0.0065257687 -0.044000001
v -0.0237664181 0.00675590939 -0.0520000005
v -0.0237664181 0.00675590939 -0.044000001
v -0.0239809948 0.0132880062 -0.0470000005
v -0.0237745816 0.0133602185 -0.044000001
v -0.0235004193 -0.0104407077 -0.0481955433
v -0.0235112912 -0.0104298168 -0.0479999995
v -0.0235227352 -3.65787535e-06 -0.044000001
v -0.023556934 6.39385194e-06 -0.0470000005
v -0.0236395222 3.14373395e-05 -0.044000001
v -0.0235092503 0.00568468517 -0.0520000005
v -0.0235092503 0.00568468517 -0.044000001
v -0.0235440976 0.00575310177 -0.0520000005
v -0.0235440976 0.00575310177 -0.044000001
v -0.0236469036 0.0060012669 -0.0520000005
v -0.0236469036 0.0060012669 -0.044000001
v -0.0237186772 0.00626011318 -0.0520000005
v -0.0237186772 0.00626011318 -0.044000001
v -0.0237453419 0.00702370113 -0.0520000005
v -0.0237453419 0.00702370113 -0.044000001
v -0.0236918026 0.00728691524 -0.0520000005
v -0.0236918026 0.00728691524 -0.044000001
v -0.0236206395 0.00750591701 -0.0520000005
v -0.0236206395 0.00750591701 -0.044000001
v -0.0235092503 0.00775034374 -0.0520000005
v -0.0235092503 0.00775034374 -0.044000001
v -0.0236996991 0.0133846325 -0.0470000005
v -0.0235418278 0.0134330983 -0.044000001
v -0.0232524258 -0.0106887012 -0.048883884
v -0.0233424908 -0.0105986362 -0.0487347317
v -0.0234410435 -0.0105000835 -0.0484884143
v -0.0234410435 -0.0105000835 -0.0475115871
v -0.0234348828 -0.0105062442 -0.0474915791
v -0.0233333165 -0.0106078106 -0.0472477317
v -0.0234469372 -0.0104941898 -0.0484682584
v -0.0234950596 -0.0104460674 -0.0482385111
v -0.0234978634 -0.0104432445 -0.0477829409
v -0.0234919888 -0.0104491382 -0.0477401114
v -0.0232700306 -7.20935443e-05 -0.0470000005
v -0.0234053379 -3.67122272e-05 -0.044000001
v -0.0232520634 0.00530338711 -0.0520000005
v -0.0232520634 0.00530338711 -0.044000001
v -0.0234118229 0.00551931805 -0.0520000005
v -0.0234118229 0.00551931805 -0.044000001
v -0.0234909207 0.00778410381 -0.0520000005
v -0.0234909207 0.00778410381 -0.044000001
v -0.0233465916 0.00801063961 -0.0520000005
v -0.0233465916 0.00801063961 -0.044000001
v -0.0234861714 0.0134492154 -0.0470000005
v -0.0233066708 0.0134978337 -0.044000001
v -0.0232706791 0.0135069699 -0.0470000005
v -0.023000961 -0.0109401661 -0.0491328835
v -0.0231593472 -0.0107817798 -0.0489982939
v -0.0231836659 -0.0107574611 -0.0470285678
v -0.0231469494 -0.0107941776 -0.046988728
v -0.0231955677 -0.0107455593 -0.0489575553
v -0.0232414204 -0.0106997066 -0.0471008253
v -0.0230528218 -0.000122924385 -0.0470000005
v -0.0231689412 -9.66601947e-05 -0.044000001
v -0.0231223828 0.00516188091 -0.0520000005
v -0.0231223828 0.00516188091 -0.044000001
v -0.0232271153 0.0052741856 -0.0520000005
v -0.0232271153 0.0052741856 -0.044000001
v -0.0232271153 0.00816084331 -0.0520000005
v -0.0232271153 0.00816084331 -0.044000001
v -0.0231223828 0.008273148 -0.0520000005
v -0.0231223828 0.008273148 -0.044000001
v -0.0231984478 0.0135246891 -0.0470000005
v -0.0230694157 0.0135543293 -0.044000001
v -0.0227504307 -0.0111906963 -0.0492378354
v -0.0229297215 -0.0110114055 -0.0468253851
v -0.0229441792 -0.0109969478 -0.049166975
v -0.0229869229 -0.0109542041 -0.0468580675
v -0.022760883 -0.000179877816 -0.0470000005
v -0.0229305798 -0.000148349343 -0.044000001
v -0.0227649647 0.00487244076 -0.0520000005
v -0.0227649647 0.00487244076 -0.044000001
v -0.0229512555 0.00500778622 -0.0520000005
v -0.0229512555 0.00500778622 -0.044000001
v -0.0229808956 0.00840280956 -0.0520000005
v -0.0229808956 0.00840280956 -0.044000001
v -0.022828632 0.00851965374 -0.0520000005
v -0.022828632 0.00851965374 -0.044000001
v -0.022980724 0.0135732312 -0.0470000005
v -0.0228303486 0.013602528 -0.044000001
v -0.0225044018 -0.0114367252 -0.0492378354
v -0.0226119953 -0.0113291317 -0.0467501903
v -0.0226274258 -0.0113137012 -0.0467499995
v -0.0227044445 -0.0112366825 -0.0492452431
v -0.0227351338 -0.0112059932 -0.0467593169
v -0.0225404888 -0.000214438973 -0.0470000005
v -0.0226905781 -0.000191684304 -0.044000001
v -0.022531181 0.00474016613 -0.0520000005
v -0.022531181 0.00474016613 -0.044000001
v -0.0225655323 0.00475729412 -0.0520000005
v -0.0225655323 0.00475729412 -0.044000001
v -0.0227325779 0.00858322567 -0.0520000005
v -0.0227325779 0.00858322567 -0.044000001
v -0.0226881939 0.0136270947 -0.0470000005
v -0.0225897175 0.0136423726 -0.044000001
v -0.0222538716 -0.0116872554 -0.0491328835
v -0.0224285847 -0.0115125423 -0.0467820382
v -0.0224436528 -0.0114974743 -0.0492226839
v -0.022489143 -0.011451984 -0.0467653894
v -0.0223191029 -0.00024194294 -0.0470000005
v -0.0224492031 -0.000226646004 -0.044000001
v -0.0222830159 0.00463737911 -0.0520000005
v -0.0222830159 0.00463737911 -0.044000001
v -0.0224965245 0.0087113995 -0.0520000005
v -0.0224965245 0.0087113995 -0.044000001
v -0.0223908955 0.00875730938 -0.0520000005
v -0.0223908955 0.00875730938 -0.044000001
v -0.0224674565 0.0136593289 -0.0470000005
v -0.0223478657 0.0136738057 -0.044000001
v -0.0221078831 -0.0118332439 -0.049011271
v -0.0220024258 -0.0119387012 -0.048883884
v -0.0220954853 -0.0118456417 -0.0470017052
v -0.022185474 -0.011755653 -0.0469174671
v -0.0221989018 -0.0117422252 -0.0490932751
v -0.0222399479 -0.0117011791 -0.0468765068
v -0.0220227772 -0.000267615853 -0.0470000005
v -0.0222067601 -0.00025315815 -0.044000001
v -0.0222451359 -0.000249534188 -0.0470000005
v -0.0220241696 0.00456558651 -0.0520000005
v -0.0220241696 0.00456558651 -0.044000001
v -0.0222465855 0.00880983776 -0.0520000005
v -0.0222465855 0.00880983776 -0.044000001
v -0.0222457844 0.0136845059 -0.0470000005
v -0.0221050602 0.0136967892 -0.044000001
v -0.0219215161 -0.0120196109 -0.0487522697
v -0.0218199498 -0.0121211773 -0.04850842
v -0.0217628437 -0.0121782833 -0.0482598901
v -0.0217501217 -0.0121910053 -0.0481523371
v -0.0217597729 -0.0121813541 -0.047761488
v -0.021813789 -0.0121273189 -0.0475115871
v -0.0219123417 -0.0120287853 -0.0472652674
v -0.0219405133 -0.0120006137 -0.0472133493
v -0.021950317 -0.01199081 -0.0488034844
v -0.0219916111 -0.0119495159 -0.0471316767
v -0.0217999607 -0.000278602181 -0.0470000005
v -0.021963535 -0.000271239815 -0.044000001
v -0.021758495 0.00452589458 -0.0520000005
v -0.021758495 0.00452589458 -0.044000001
v -0.0219865376 0.00887709087 -0.0520000005
v -0.0219865376 0.00887709087 -0.044000001
v -0.0219492108 0.0137070507 -0.0470000005
v -0.0218616063 0.0137113041 -0.044000001
v -0.0217436749 -0.0121974521 -0.0480218148
v -0.021748367 -0.012192741 -0.047869339
v -0.0215025479 -0.000282187996 -0.0470000005
v -0.021719833 -0.000280814705 -0.044000001
v -0.0215283543 0.00451784557 -0.0520000005
v -0.0215283543 0.00451784557 -0.044000001
v -0.0217202145 0.00891214794 -0.0520000005
v -0.0217202145 0.00891214794 -0.044000001
v -0.0217262799 0.013715691 -0.0470000005
v -0.0216177899 0.0137173314 -0.044000001
v -0.0212795216 -0.000276599465 -0.0470000005
v -0.0214759404 -0.000281901894 -0.044000001
v -0.0212605816 0.00453892178 -0.0520000005
v -0.0212605816 0.00453892178 -0.044000001
v -0.0214899784 0.00891617245 -0.0520000005
v -0.0214899784 0.00891617245 -0.044000001
v -0.0214288479 0.0137161488 -0.0470000005
v -0.0212520367 0.0137104267 -0.044000001
v -0.0210568005 -0.000263877449 -0.0470000005
v -0.0212321621 -0.000274482308 -0.044000001
v -0.0210345227 0.00458286709 -0.0520000005
v -0.0210345227 0.00458286709 -0.044000001
v -0.0212226063 0.00889042324 -0.0520000005
v -0.0212226063 0.00889042324 -0.044000001
v -0.0212058979 0.0137082142 -0.0470000005
v -0.0210086209 0.0136952252 -0.044000001
v -0.0209085995 -0.000251479683 -0.0470000005
v -0.0209887844 -0.00025857502 -0.044000001
v -0.0207606846 -0.000235915718 -0.0470000005
v -0.0208673436 -0.000247455178 -0.044000001
v -0.0207783467 0.0046636433 -0.0520000005
v -0.0207783467 0.0046636433 -0.044000001
v -0.0209973484 0.00884254879 -0.0520000005
v -0.0209973484 0.00884254879 -0.044000001
v -0.0209833294 0.0136931652 -0.0470000005
v -0.0207658726 0.013671555 -0.044000001
v -0.0205395085 -0.000206695137 -0.0470000005
v -0.0207461125 -0.000234218178 -0.044000001
v -0.0206023365 0.00474016613 -0.0520000005
v -0.0206023365 0.00474016613 -0.044000001
v -0.0205001789 0.00479334301 -0.0520000005
v -0.0205001789 0.00479334301 -0.044000001
v -0.0207071453 0.00874262279 -0.0520000005
v -0.0207071453 0.00874262279 -0.044000001
v -0.020742622 0.00875730938 -0.0520000005
v -0.020742622 0.00875730938 -0.044000001
v -0.0206875187 0.0136620755 -0.0470000005
v -0.0205241162 0.0136394352 -0.044000001
v -0.0203194004 -0.000170455513 -0.0470000005
v -0.0203840786 -0.000181842385 -0.044000001
v -0.0202736241 0.00493767208 -0.0520000005
v -0.0202736241 0.00493767208 -0.044000001
v -0.0202736241 0.00849735683 -0.0520000005
v -0.0202736241 0.00849735683 -0.044000001
v -0.0204667622 0.00862276501 -0.0520000005
v -0.0204667622 0.00862276501 -0.044000001
v -0.0204666668 0.0136305279 -0.0470000005
v -0.0202836186 0.0135989041 -0.044000001
v -0.0200279003 -0.000111251412 -0.0470000005
v -0.0201444394 -0.000136466561 -0.044000001
v -0.0202123028 0.00498388714 -0.0520000005
v -0.0202123028 0.00498388714 -0.044000001
v -0.0200111157 0.00516188091 -0.0520000005
v -0.0200111157 0.00516188091 -0.044000001
v -0.0202427632 0.0084745068 -0.0520000005
v -0.0202427632 0.0084745068 -0.044000001
v -0.0202469403 0.0135919613 -0.0470000005
v -0.0200446659 0.0135500187 -0.044000001
v -0.019811092 -5.87421039e-05 -0.0470000005
v -0.0199065358 -8.27556232e-05 -0.044000001
v -0.0199318463 0.00524542278 -0.0520000005
v -0.0199318463 0.00524542278 -0.044000001
v -0.019764629 0.00545565075 -0.0520000005
v -0.019764629 0.00545565075 -0.044000001
v -0.019764629 0.00797937817 -0.0520000005
v -0.019764629 0.00797937817 -0.044000001
v -0.019984203 0.00824575848 -0.0520000005
v -0.019984203 0.00824575848 -0.044000001
v -0.0198117405 0.0134939427 -0.0470000005
v -0.0198075634 0.0134928555 -0.044000001
v -0.0199560887 0.0135296864 -0.0470000005
v -0.0199258763 0.0135224766 -0.044000001
v -0.0196675259 -1.99084857e-05 -0.0470000005
v -0.0196706539 -2.07858661e-05 -0.044000001
v -0.019524799 2.19578168e-05 -0.0470000005
v -0.0195535427 1.3260307e-05 -0.044000001
v -0.0197428662 0.00548729366 -0.0520000005
v -0.0197428662 0.00548729366 -0.044000001
v -0.019606548 0.00571873135 -0.0520000005
v -0.019606548 0.00571873135 -0.044000001
v -0.0195128781 0.0059291119 -0.0520000005
v -0.0195128781 0.0059291119 -0.044000001
v -0.019606548 0.00771629757 -0.0520000005
v -0.019606548 0.00771629757 -0.044000001
v -0.0197428662 0.00794773525 -0.0520000005
v -0.0197428662 0.00794773525 -0.044000001
v -0.0197398335 0.0134749073 -0.0470000005
v -0.0195726162 0.0134274525 -0.044000001
v -0.019312492 9.04316327e-05 -0.0470000005
v -0.019437061 4.93473432e-05 -0.044000001
v -0.0194994313 0.00596506542 -0.0520000005
v -0.0194994313 0.00596506542 -0.044000001
v -0.0194231373 0.00622261471 -0.0520000005
v -0.0194231373 0.00622261471 -0.044000001
v -0.0193788105 0.00648754543 -0.0520000005
v -0.0193788105 0.00648754543 -0.044000001
v -0.0193667561 0.00671751446 -0.0520000005
v -0.0193667561 0.00671751446 -0.044000001
v -0.0193831593 0.00698563045 -0.0520000005
v -0.0193831593 0.00698563045 -0.044000001
v -0.0194321019 0.00724974102 -0.0520000005
v -0.0194321019 0.00724974102 -0.044000001
v -0.0194994313 0.00746996349 -0.0520000005
v -0.0194994313 0.00746996349 -0.044000001
v -0.0194544178 0.0133911938 -0.0470000005
v -0.0193400723 0.0133539242 -0.044000001
v -0.0190329892 0.000192169609 -0.0470000005
v -0.019206062 0.000127586784 -0.044000001
v -0.0190336186 0.0132430882 -0.0470000005
v -0.0192428357 0.0133205075 -0.0470000005
v -0.0191102368 0.0132723278 -0.044000001
v -0.0188949353 0.000247482719 -0.0470000005
v -0.018977924 0.000213837089 -0.044000001
v -0.0187580639 0.000305714073 -0.0470000005
v -0.018865009 0.000259918632 -0.044000001
v -0.018964439 0.0132158131 -0.0470000005
v -0.0187711483 0.0131350369 -0.044000001
v -0.0185046154 -0.00553702885 -0.0484414172
v -0.0185414654 -0.0055001598 -0.0477350807
v -0.018543182 -0.00549844318 -0.0482535338
v -0.0185461766 -0.00549546772 -0.0482321882
v -0.0185615498 -0.00548009449 -0.0479941821
v -0.0185551792 0.000398468437 -0.0470000005
v -0.0186416966 0.000357956352 -0.044000001
v -0.0186907154 0.0130993885 -0.0470000005
v -0.0185492855 0.0130337567 -0.044000001
v -0.0182504803 -0.00579114491 -0.0489519858
v -0.0182900196 -0.00575160557 -0.0470985842
v -0.0182959324 -0.00574569279 -0.0488933158
v -0.018386913 -0.00565471226 -0.0487459445
v -0.0184932476 -0.00554839664 -0.0484818602
v -0.0184959751 -0.00554565006 -0.0475274968
v -0.0184838444 -0.0055577808 -0.0474874997
v -0.0183819729 -0.00565965229 -0.0472447491
v -0.0183553463 0.000497631492 -0.0470000005
v -0.0184219319 0.000463718834 -0.044000001
v -0.0182894665 0.000532097282 -0.0470000005
v -0.018313461 0.000519451561 -0.044000001
v -0.0184221989 0.0129714627 -0.0470000005
v -0.0183310849 0.0129248089 -0.044000001
v -0.0184888226 0.013004517 -0.0470000005
v -0.0180008274 -0.00604081684 -0.0491634655
v -0.0180076748 -0.00603395039 -0.0468403888
v -0.0180433232 -0.00599830204 -0.0491380215
v -0.0182145649 -0.00582707935 -0.0489929748
v -0.0182080037 -0.00583362156 -0.0470000005
v -0.0180499798 -0.00599164539 -0.0468663073
v -0.0180296475 0.00067690319 -0.0470000005
v -0.0182059819 0.000577072563 -0.044000001
v -0.0180112225 0.012747292 -0.044000001
v -0.0182245213 0.0128680844 -0.0470000005
v -0.0181168133 0.0128083081 -0.044000001
v -0.0177621609 -0.0062794643 -0.0492442751
v -0.0177544361 -0.00628718906 -0.0467547226
v -0.0177927357 -0.0062488895 -0.0492393613
v -0.0178002507 -0.00624137455 -0.0467620802
v -0.017965675 0.000714821281 -0.0470000005
v -0.0179940945 0.000697864952 -0.044000001
v -0.0177762371 0.000832619133 -0.0470000005
v -0.0178897816 0.000761017265 -0.044000001
v -0.0179662472 0.012720551 -0.0470000005
v -0.0178033215 0.0126197667 -0.044000001
v -0.0175019032 -0.00653972202 -0.0492250347
v -0.0175096089 -0.00653203541 -0.0467728043
v -0.0175473553 -0.00649426991 -0.0492363405
v -0.0175550801 -0.00648654514 -0.0467620802
v -0.0176776654 -0.00636395985 -0.0467499995
v -0.0175296551 0.000998959007 -0.0470000005
v -0.0176845127 0.000892719688 -0.044000001
v -0.0175911862 0.0124790043 -0.0470000005
v -0.0175001294 0.0124151081 -0.044000001
v -0.0177144772 0.0125621647 -0.0470000005
v -0.0177010876 0.0125533146 -0.044000001
v -0.0172569043 -0.00678472096 -0.0490992856
v -0.0172505337 -0.0067910915 -0.0469056487
v -0.0172980648 -0.00674356037 -0.0491288471
v -0.0173053509 -0.0067362743 -0.0468663073
v -0.0172903592 0.00117563671 -0.0470000005
v -0.017483955 0.00103149837 -0.044000001
v -0.017469669 0.0123932499 -0.0470000005
v -0.0173041111 0.012269978 -0.044000001
v -0.0170068318 -0.00703479343 -0.0488139248
v -0.0170328862 -0.00700875813 -0.0471450186
v -0.0171530873 -0.00688855701 -0.0490060401
v -0.0170485073 -0.00699311787 -0.0488779593
v -0.0171473461 -0.00689429813 -0.0470000005
v -0.0171597248 -0.00688191944 -0.0469871068
v -0.0172317273 0.00122137493 -0.0470000005
v -0.0170021588 0.00141048855 -0.0470000005
v -0.017192474 0.00125256008 -0.044000001
v -0.0172322613 0.0122140736 -0.0470000005
v -0.017019859 0.0120397038 -0.044000001
v -0.0169777066 -0.00706391865 -0.0487632918
v -0.0168681485 -0.00717347675 -0.0485018635
v -0.0168121487 -0.00722947651 -0.0482535338
v -0.0167938572 -0.00724776798 -0.0480159402
v -0.0168107373 -0.00723088795 -0.0477563858
v -0.0168653065 -0.0071763187 -0.0475074244
v -0.0169641644 -0.00707746082 -0.0472622013
v -0.0169923741 -0.00704925114 -0.047210536
v -0.0169460446 0.00145927853 -0.0470000005
v -0.0169129521 0.00148853725 -0.044000001
v -0.01678083 0.00160919613 -0.0470000005
v -0.0168225628 0.00157040066 -0.044000001
v -0.0169465405 0.0119761891 -0.0470000005
v -0.0168372113 0.0118780751 -0.044000001
v -0.0166733891 0.00171202129 -0.0470000005
v -0.0167336232 0.00165384716 -0.044000001
v -0.0165163571 0.00187050289 -0.0470000005
v -0.0165601498 0.00182527966 -0.044000001
v -0.0166738469 0.0117234654 -0.0470000005
v -0.0165740734 0.011623959 -0.044000001
v -0.0167273098 0.0117751545 -0.0470000005
v -0.0167480427 0.0117949147 -0.044000001
v -0.0164145237 0.00197889751 -0.0470000005
v -0.0164756924 0.00191324657 -0.044000001
v -0.0162661511 0.00214548534 -0.0470000005
v -0.0163927609 0.00200266308 -0.044000001
v -0.0164149815 0.0114566273 -0.0470000005
v -0.0163245732 0.0113564343 -0.044000001
v -0.0164656216 0.0115110821 -0.0470000005
v -0.0164893681 0.01153624 -0.044000001
v -0.0162178761 0.0022020573 -0.0470000005
v -0.0162316662 0.00218576855 -0.044000001
v -0.0160308796 0.00243336147 -0.0470000005
v -0.0161535221 0.00227940029 -0.044000001
v -0.0160142857 0.0109801525 -0.044000001
v -0.0162182957 0.0112334866 -0.0470000005
v -0.0160893971 0.0110762448 -0.044000001
v -0.0162445599 0.0112644047 -0.044000001
v -0.0159856755 0.00249241299 -0.0470000005
v -0.0158112294 0.00273331112 -0.0470000005
v -0.0159290654 0.00256824917 -0.044000001
v -0.0157692295 0.0027946896 -0.0470000005
v -0.0157879406 0.00276716656 -0.044000001
v -0.0158116108 0.0107022709 -0.0470000005
v -0.015799194 0.0106842656 -0.044000001
v -0.015986076 0.01094315 -0.0470000005
v -0.0158691746 0.0107841534 -0.044000001
v -0.0156471592 0.00298141903 -0.0470000005
v -0.0157200009 0.00286844677 -0.044000001
v -0.0155311161 0.00317194408 -0.0470000005
v -0.0155894619 0.0030744595 -0.044000001
v -0.0156475216 0.0104541821 -0.0470000005
v -0.0155369717 0.0102730412 -0.044000001
v -0.0157282406 0.0105790944 -0.0470000005
v -0.0157309681 0.0105831952 -0.044000001
v -0.0154937893 0.00323625988 -0.0470000005
v -0.0153513867 0.00349739498 -0.0470000005
v -0.0154661709 0.00328489727 -0.044000001
v -0.0152519375 0.00369707531 -0.0470000005
v -0.0152951771 0.00360828823 -0.044000001
v -0.0152522236 0.00973854488 -0.0470000005
v -0.0152505261 0.00973497814 -0.044000001
v -0.0153516919 0.00993822521 -0.0470000005
v -0.0153040463 0.00984455532 -0.044000001
v -0.0154941326 0.0101993412 -0.0470000005
v -0.0154167706 0.0100608296 -0.044000001
v -0.0152419621 0.003718018 -0.044000001
v -0.0151293141 0.0039680714 -0.0470000005
v -0.0151906735 0.00382864422 -0.044000001
v -0.0150183255 0.0042440266 -0.0470000005
v -0.0150939137 0.0040525288 -0.044000001
v -0.0150049931 0.0042796368 -0.044000001
v -0.0150185734 0.00919161266 -0.0470000005
v -0.0150119549 0.00917404598 -0.044000001
v -0.0151295811 0.00946756786 -0.0470000005
v -0.0150557476 0.00928785747 -0.044000001
v -0.0152204853 0.00967129177 -0.0470000005
v -0.0151492268 0.00951311535 -0.044000001
v -0.014849239 -0.00919238621 -0.0470000005
v -0.014849239 -0.00919238621 -0.044000001
v -0.0149428326 0.00445394939 -0.0470000005
v -0.0149635273 0.0043943066 -0.044000001
v -0.0148526532 0.00473740047 -0.0470000005
v -0.0149240452 0.00450970119 -0.044000001
v -0.0147929722 0.00495233959 -0.0470000005
v -0.0148177868 0.00485973782 -0.044000001
v -0.0147569996 0.00509664959 -0.0470000005
v -0.0147571522 0.00509598202 -0.044000001
v -0.0147931439 0.00848331875 -0.0470000005
v -0.0147617871 0.00835840649 -0.044000001
v -0.0148528439 0.00869827694 -0.0470000005
v -0.0148230893 0.00859445995 -0.044000001
v -0.0149430615 0.00898170895 -0.0470000005
v -0.014892574 0.00882824367 -0.044000001
v -0.0149926525 0.00912191814 -0.0470000005
v -0.0149701458 0.00905947155 -0.044000001
v -0.0147240979 0.00524170345 -0.0470000005
v -0.0147299534 0.00521484798 -0.044000001
v -0.0146805531 0.00546049541 -0.0470000005
v -0.0147047955 0.00533417171 -0.044000001
v -0.0146439892 0.0056805653 -0.0470000005
v -0.0146607739 0.00557405895 -0.044000001
v -0.0146061856 0.00597559399 -0.0470000005
v -0.0146251446 0.00581533855 -0.044000001
v -0.0145860821 0.00619776195 -0.0470000005
v -0.0145979267 0.00605770534 -0.044000001
v -0.0145703083 0.00649479336 -0.0470000005
v -0.0145791584 0.00630087322 -0.044000001
v -0.0145667607 0.00671783871 -0.0470000005
v -0.0145688969 0.00654455608 -0.044000001
v -0.0145703274 0.00694090313 -0.0470000005
v -0.0145671231 0.00678842968 -0.044000001
v -0.0145861203 0.00723791546 -0.0470000005
v -0.0145738369 0.00703222698 -0.044000001
v -0.0146062619 0.0074601025 -0.0470000005
v -0.0145890385 0.00727566189 -0.044000001
v -0.0146334607 0.0076815266 -0.0470000005
v -0.0146127278 0.00751839107 -0.044000001
v -0.0146806675 0.007975182 -0.0470000005
v -0.0146448475 0.00776016659 -0.044000001
v -0.0147242314 0.00819397396 -0.0470000005
v -0.0146853596 0.00800066418 -0.044000001
v -0.0147403103 0.00826658672 -0.0470000005
v -0.0120006138 -0.0219405132 -0.0487866497
v -0.0120287854 -0.0219123417 -0.0487347317
v -0.012127319 -0.0218137889 -0.0484884143
v -0.0121813542 -0.0217597728 -0.0482385111
v -0.0121910054 -0.0217501217 -0.0478476644
v -0.0121782833 -0.0217628437 -0.0477401114
v -0.0121211773 -0.0218199497 -0.0474915791
v -0.012019611 -0.021921516 -0.0472477317
v -0.012192741 -0.0217483669 -0.0481306601
v -0.0121975857 -0.0217435413 -0.0479999995
v -0.011755653 -0.022185474 -0.0490825319
v -0.0118456417 -0.0220954853 -0.0489982939
v -0.0119387013 -0.0220024257 -0.0471161175
v -0.011833244 -0.022107883 -0.046988728
v -0.0119495159 -0.0219916111 -0.0488683224
v -0.01199081 -0.021950317 -0.0471965146
v -0.0115125424 -0.0224285846 -0.0492179632
v -0.0116872555 -0.0222538715 -0.0468671155
v -0.0117011792 -0.0222399479 -0.0491234922
v -0.0117422253 -0.0221989017 -0.0469067264
v -0.0112520558 -0.0226890712 -0.0492469549
v -0.0112982899 -0.0226428371 -0.0467501903
v -0.0113137013 -0.0226274257 -0.0467499995
v -0.0114519841 -0.022489143 -0.0492346096
v -0.0114974743 -0.0224436527 -0.0467773151
v -0.0110114056 -0.0229297214 -0.0491746163
v -0.0111906964 -0.0227504306 -0.046762166
v -0.0112059933 -0.0227351337 -0.0492406821
v -0.0112366635 -0.0227044445 -0.046754756
v -0.0107941777 -0.0231469493 -0.049011271
v -0.0107574612 -0.0231836658 -0.0489714336
v -0.0107817799 -0.0231593471 -0.0470017052
v -0.0109401661 -0.0230009609 -0.0468671155
v -0.0109542042 -0.0229869228 -0.0491419315
v -0.0109969479 -0.0229441791 -0.046833024
v -0.0106078106 -0.0233333164 -0.0487522697
v -0.0105062443 -0.0234348827 -0.04850842
v -0.0105000836 -0.0234410434 -0.0484884143
v -0.0105000836 -0.0234410434 -0.0475115871
v -0.0105986363 -0.0233424907 -0.0472652674
v -0.0106887013 -0.0232524257 -0.0471161175
v -0.0106997067 -0.0232414203 -0.0488991737
v -0.0107455593 -0.0231955677 -0.0470424438
v -0.0104299504 -0.0235111576 -0.0480218148
v -0.0104407078 -0.0235004192 -0.0478044558
v -0.0104491383 -0.0234919887 -0.0482598901
v -0.0104432446 -0.0234978634 -0.0482170606
v -0.0104460675 -0.0234950595 -0.047761488
v -0.0104941899 -0.0234469371 -0.0475317407
v -0.00919238628 -0.0148492389 -0.0470000005
v -0.00919238628 -0.0148492389 -0.044000001
v -0.00700383724 -0.017037788 -0.0488623381
v -0.00703942836 -0.0170021968 -0.0471937847
v -0.00704471172 -0.0169969135 -0.0487972879
v -0.00707320751 -0.0169684177 -0.0487459445
v -0.00717952312 -0.0168621021 -0.0484818602
v -0.00723247112 -0.0168091732 -0.0482321882
v -0.00724784435 -0.0167937999 -0.0479941821
v -0.00722775997 -0.0168138652 -0.0477350807
v -0.00717013897 -0.0168714862 -0.0474874997
v -0.00706826748 -0.0169733577 -0.0472447491
v -0.0067574078 -0.0172842174 -0.0491193318
v -0.00675015987 -0.0172914653 -0.0468756342
v -0.00679818691 -0.0172434383 -0.0490887594
v -0.00690085949 -0.0171407848 -0.0489929748
v -0.00689429821 -0.0171473461 -0.0470000005
v -0.00680450023 -0.0172371441 -0.0469163203
v -0.00650947155 -0.0175321537 -0.0492329454
v -0.00650174678 -0.0175398784 -0.0467652822
v -0.00655479015 -0.0174868541 -0.0492205215
v -0.00654708446 -0.0174945407 -0.0467771244
v -0.00626416744 -0.0177774768 -0.0492420053
v -0.00625661434 -0.0177850109 -0.0467592525
v -0.00629479946 -0.0177468448 -0.0492461658
v -0.00630252422 -0.017739101 -0.0467530227
v -0.00636395992 -0.0176776653 -0.0467499995
v -0.00601237835 -0.0180292659 -0.0491468525
v -0.0060056454 -0.0180359798 -0.0468573213
v -0.00605517925 -0.017986446 -0.0491712427
v -0.00604827465 -0.0179933696 -0.0468324471
v -0.00575679363 -0.0182848316 -0.0489084005
v -0.00578570903 -0.0182559162 -0.0470546055
v -0.00583938182 -0.0182022625 -0.0490060401
v -0.00580295147 -0.0182386737 -0.0489659429
v -0.00583362163 -0.0182080036 -0.0470000005
v -0.00584600032 -0.0181956249 -0.0469871068
v -0.00550170482 -0.0185399204 -0.0482748032
v -0.00553996624 -0.018501659 -0.0475477123
v -0.00566400112 -0.0183776241 -0.0487632918
v -0.00555444301 -0.0184871822 -0.0485018635
v -0.0055425793 -0.0184990459 -0.048461709
v -0.00555160106 -0.0184900241 -0.0475074244
v -0.00565045894 -0.0183911663 -0.0472622013
v -0.00574060024 -0.018301025 -0.0471137953
v -0.00549844326 -0.018543182 -0.0482535338
v -0.00548015178 -0.0185614734 -0.0480159402
v -0.00549703182 -0.0185446125 -0.0477563858
v -0.00126300396 0.00615946239 -0.0470000005
v -0.00126300396 0.00615946239 -0.044000001
v -0.00127761425 0.00643831676 -0.0470000005
v -0.00127761425 0.00643831676 -0.044000001
v -0.00128247799 0.00671751446 -0.0470000005
v -0.00128247799 0.00671751446 -0.044000001
v -0.00127761425 0.00699671215 -0.0470000005
v -0.00127761425 0.00699671215 -0.044000001
v -0.0012715298 0.00713619656 -0.0470000005
v -0.0012715298 0.00713619656 -0.044000001
v -0.0012520367 0.00741476482 -0.0470000005
v -0.0012520367 0.00741476482 -0.044000001
v -0.00100989879 0.004646954 -0.0470000005
v -0.00100989879 0.004646954 -0.044000001
v -0.00107743801 0.00491791195 -0.0470000005
v -0.00107743801 0.00491791195 -0.044000001
v -0.0011354977 0.00519104427 -0.0470000005
v -0.0011354977 0.00519104427 -0.044000001
v -0.00118400158 0.0054660458 -0.0470000005
v -0.00118400158 0.0054660458 -0.044000001
v -0.00122285427 0.00574255413 -0.0470000005
v -0.00122285427 0.00574255413 -0.044000001
v -0.00123866619 0.00588129467 -0.0470000005
v -0.00123866619 0.00588129467 -0.044000001
v -0.00122285427 0.00769247478 -0.0470000005
v -0.00122285427 0.00769247478 -0.044000001
v -0.00118400158 0.00796898312 -0.0470000005
v -0.00118400158 0.00796898312 -0.044000001
v -0.0011354977 0.00824398464 -0.0470000005
v -0.0011354977 0.00824398464 -0.044000001
v -0.00110766948 0.00838079876 -0.0470000005
v -0.00110766948 0.00838079876 -0.044000001
v -0.00104486049 0.00865288204 -0.0470000005
v -0.00104486049 0.00865288204 -0.044000001
v -0.00100989879 0.00878807491 -0.0470000005
v -0.00100989879 0.00878807491 -0.044000001
v -0.000757632862 -0.0331834941 -0.0486437964
v -0.000813613545 -0.0331275135 -0.0484884143
v -0.000867648731 -0.0330734783 -0.0482385111
v -0.000883880268 -0.0330572467 -0.0479999995
v -0.0008645779 -0.0330765491 -0.0477401114
v -0.000807471882 -0.0331336551 -0.0474915791
v -0.00097257198 0.00892261929 -0.0470000005
v -0.00097257198 0.00892261929 -0.044000001
v -0.000890937458 0.00918964809 -0.0470000005
v -0.000890937458 0.00918964809 -0.044000001
v -0.000800033222 0.00945368237 -0.0470000005
v -0.000800033222 0.00945368237 -0.044000001
v -0.000751128803 0.00958445019 -0.0470000005
v -0.000751128803 0.00958445019 -0.044000001
v -0.000506969105 -0.0334341579 -0.0490239406
v -0.000531936298 -0.0334091907 -0.0489982939
v -0.000686908375 -0.0332542186 -0.0472133493
v -0.000519538532 -0.0334215885 -0.046988728
v -0.000696502338 -0.0332446247 -0.0487695765
v -0.000715079914 -0.0332260471 -0.0487347317
v -0.000749583851 -0.0331915432 -0.0473376012
v -0.000705905567 -0.0332352214 -0.0472477317
v -0.00069995464 0.0097143597 -0.0470000005
v -0.00069995464 0.0097143597 -0.044000001
v -0.000590854298 0.00997141308 -0.0470000005
v -0.000590854298 0.00997141308 -0.044000001
v -0.000532947193 0.0100984616 -0.0470000005
v -0.000532947193 0.0100984616 -0.044000001
v -0.000258422505 -0.0336827045 -0.0491953802
v -0.000428519856 -0.0335126072 -0.0469067264
v -0.00044194759 -0.0334991794 -0.0490825319
v -0.000494266163 -0.0334468608 -0.0469637036
v -0.000256343495 -0.0221710735 -0.0470000005
v -0.00026326717 -0.0220852237 -0.044000001
v -0.000272060047 -0.0219485431 -0.0470000005
v -0.000277076374 -0.0218417316 -0.044000001
v -0.000280681263 -0.0217256313 -0.0470000005
v -0.00028241695 -0.0215978962 -0.044000001
v -0.000281119953 -0.0214281803 -0.0470000005
v -0.000279250752 -0.0213540226 -0.044000001
v -0.000273147236 -0.0212052494 -0.0470000005
v -0.000267596851 -0.0211103969 -0.044000001
v -0.000258079182 -0.0209826618 -0.0470000005
v -0.000258575092 -0.0209887844 -0.044000001
v -0.000472846638 0.0102244801 -0.0470000005
v -0.000472846638 0.0102244801 -0.044000001
v -0.000346065174 0.0104732937 -0.0470000005
v -0.000346065174 0.0104732937 -0.044000001
v -0.000279441486 0.0105959935 -0.0470000005
v -0.000279441486 0.0105959935 -0.044000001
v -0.000255847584 0.0343916935 -0.0470000005
v -0.000255847584 0.0343916935 -0.044000001
v -0.000272899281 0.0346354336 -0.0470000005
v -0.000272899281 0.0346354336 -0.044000001
v -0.000281425129 0.0348796124 -0.0470000005
v -0.000281425129 0.0348796124 -0.044000001
v -0.000278220783 0.0352460904 -0.0470000005
v -0.000278220783 0.0352460904 -0.044000001
v -0.000265441547 0.0354900784 -0.0470000005
v -0.000265441547 0.0354900784 -0.044000001
v -0.000255847584 0.0356118817 -0.0470000005
v -0.000255847584 0.0356118817 -0.044000001
v -1.54262887e-05 -0.0339257007 -0.0492498088
v -0.000183768879 -0.0337573581 -0.0467773151
v -0.000198836933 -0.0337422901 -0.0492179632
v -0.000243640553 -0.0336974865 -0.0467984223
v -3.65794763e-06 -0.0235227352 -0.044000001
v -1.43772469e-05 -0.0234855228 -0.0470000005
v -6.77257882e-05 -0.0232874065 -0.044000001
v -8.98128854e-05 -0.0231978183 -0.0470000005
v -0.000123534809 -0.0230499797 -0.044000001
v -0.000138335835 -0.0229800563 -0.0470000005
v -0.000171065937 -0.0228107601 -0.044000001
v -0.000192180286 -0.0226875454 -0.0470000005
v -0.000210223805 -0.0225700336 -0.044000001
v -0.000224376331 -0.0224667888 -0.0470000005
v -0.000240951191 -0.0223280864 -0.044000001
v -0.00024953426 -0.0222451358 -0.0470000005
v -0.000244098316 -0.0208345943 -0.0470000005
v -0.00024745525 -0.0208673435 -0.044000001
v -0.000226970326 -0.0206868511 -0.0470000005
v -0.000201411854 -0.0205044513 -0.044000001
v -0.000195403706 -0.0204660183 -0.0470000005
v -0.00016019405 -0.0202640491 -0.044000001
v -0.000156818043 -0.0202462917 -0.0470000005
v -0.000110641132 -0.0200252491 -0.044000001
v -9.4504963e-05 -0.0199554592 -0.0470000005
v -5.27912484e-05 -0.0197883182 -0.044000001
v -3.97068368e-05 -0.019739204 -0.0470000005
v -2.07859384e-05 -0.0196706539 -0.044000001
v -0.000210681568 0.0107175106 -0.0470000005
v -0.000210681568 0.0107175106 -0.044000001
v -6.68674813e-05 0.0109568638 -0.0470000005
v -6.68674813e-05 0.0109568638 -0.044000001
v -4.39602242e-05 0.0331900448 -0.0470000005
v -4.39602242e-05 0.0331900448 -0.044000001
v -0.000103068958 0.0334271283 -0.0470000005
v -0.000103068958 0.0334271283 -0.044000001
v -0.000153880726 0.033666119 -0.0470000005
v -0.000153880726 0.033666119 -0.044000001
v -0.00019630016 0.0339067501 -0.0470000005
v -0.00019630016 0.0339067501 -0.044000001
v -0.000230308186 0.0341486973 -0.0470000005
v -0.000230308186 0.0341486973 -0.044000001
v -0.000244136463 0.034270081 -0.0470000005
v -0.000244136463 0.034270081 -0.044000001
v -0.000244136463 0.0357334942 -0.0470000005
v -0.000244136463 0.0357334942 -0.044000001
v -0.000214362751 0.0359759945 -0.0470000005
v -0.000214362751 0.0359759945 -0.044000001
v -0.000176139484 0.0362173314 -0.0470000005
v -0.000176139484 0.0362173314 -0.044000001
v -0.000129523884 0.0364571614 -0.0470000005
v -0.000129523884 0.0364571614 -0.044000001
v -7.45540963e-05 0.0366952366 -0.0470000005
v -7.45540963e-05 0.0366952366 -0.044000001
v -1.13254891e-05 0.0369312519 -0.0470000005
v -1.13254891e-05 0.0369312519 -0.044000001
v 0.000243629803 -0.0341847568 -0.0492015767
v 6.16496696e-05 -0.0340027767 -0.0467530441
v 4.62573661e-05 -0.0339873844 -0.0492482877
v 1.54346122e-05 -0.0339565425 -0.0467501903
v 4.16174589e-09 -0.0339411312 -0.0467499995
v 0.00022703587 -0.0241885334 -0.0470000005
v 0.000191997875 -0.0241000515 -0.044000001
v 0.000146793713 -0.0239803844 -0.0470000005
v 6.85542716e-05 -0.0237556797 -0.044000001
v 5.01865043e-05 -0.0236990696 -0.0470000005
v 3.14372672e-05 -0.0236395221 -0.044000001
v 6.52660281e-07 -0.0195960575 -0.0470000005
v 1.32602347e-05 -0.0195535427 -0.044000001
v 4.40257682e-05 -0.0194537883 -0.0470000005
v 8.74560966e-05 -0.0193212085 -0.044000001
v 0.000114750255 -0.0192422062 -0.0470000005
v 0.000169720043 -0.019091621 -0.044000001
v 0.000219463695 -0.0189638095 -0.0470000005
v 0.000213837017 -0.0189779239 -0.044000001
v 8.52054252e-05 0.0111910672 -0.0470000005
v 8.52054252e-05 0.0111910672 -0.044000001
v 0.000245384563 0.0114197964 -0.0470000005
v 0.000245384563 0.0114197964 -0.044000001
v 0.000182442058 0.0324932141 -0.0470000005
v 0.000182442058 0.0324932141 -0.044000001
v 9.88811149e-05 0.0327228016 -0.0470000005
v 9.88811149e-05 0.0327228016 -0.044000001
v 2.3388256e-05 0.032955193 -0.0470000005
v 2.3388256e-05 0.032955193 -0.044000001
v 6.01237907e-05 0.0371649022 -0.0470000005
v 6.01237907e-05 0.0371649022 -0.044000001
v 0.000139660229 0.0373959202 -0.0470000005
v 0.000139660229 0.0373959202 -0.044000001
v 0.000227226604 0.0376240391 -0.0470000005
v 0.000227226604 0.0376240391 -0.044000001
v 0.000494255413 -0.0344353824 -0.0490362978
v 0.000316757549 -0.0342578846 -0.046833024
v 0.000302299847 -0.0342434269 -0.0491746163
v 0.000258430828 -0.0341995388 -0.0468046188
v 0.000284199108 -0.0243258243 -0.0470000005
v 0.000284199108 -0.0243258243 -0.044000001
v 0.000276226391 -0.0188263469 -0.0470000005
v 0.000307964672 -0.0187529331 -0.044000001
v 0.000335907329 -0.0186901241 -0.0470000005
v 0.000409874309 -0.0185313564 -0.044000001
v 0.000430816997 -0.0184882312 -0.0470000005
v 0.000463718761 -0.0184219318 -0.044000001
v 0.000413421978 0.0116428036 -0.0470000005
v 0.000413421978 0.0116428036 -0.044000001
v 0.000425953258 0.0319331784 -0.0470000005
v 0.000425953258 0.0319331784 -0.044000001
v 0.000322689403 0.0321546215 -0.0470000005
v 0.000322689403 0.0321546215 -0.044000001
v 0.000273975719 0.0322666592 -0.0470000005
v 0.000273975719 0.0322666592 -0.044000001
v 0.000273975719 0.0377368969 -0.0470000005
v 0.000273975719 0.0377368969 -0.044000001
v 0.000373367657 0.0379601139 -0.0470000005
v 0.000373367657 0.0379601139 -0.044000001
v 0.000480465282 0.0381797261 -0.0470000005
v 0.000480465282 0.0381797261 -0.044000001
v 0.000705894817 -0.0346470218 -0.0487522697
v 0.000749573101 -0.0346907001 -0.0486624002
v 0.000715069164 -0.0346561962 -0.0472652674
v 0.000568146099 -0.0345092731 -0.0470424438
v 0.000519527782 -0.0344606548 -0.049011271
v 0.000556244244 -0.0344973713 -0.0489714336
v 0.000531925548 -0.0344730526 -0.0470017052
v 0.000506977428 -0.0344481044 -0.0469760609
v 0.00053209721 -0.0182894664 -0.0470000005
v 0.000519451488 -0.0183134609 -0.044000001
v 0.000567268719 -0.0182239299 -0.0470000005
v 0.000636543621 -0.0180995136 -0.044000001
v 0.000714821209 -0.0179656749 -0.0470000005
v 0.00069786488 -0.0179940944 -0.044000001
v 0.000679840435 0.0119659848 -0.0470000005
v 0.000679840435 0.0119659848 -0.044000001
v 0.000717338909 0.0313965268 -0.0470000005
v 0.000717338909 0.0313965268 -0.044000001
v 0.000536884655 0.0317154927 -0.0470000005
v 0.000536884655 0.0317154927 -0.044000001
v 0.000595173229 0.0383954472 -0.0470000005
v 0.000595173229 0.0383954472 -0.044000001
v 0.000717338909 0.0386070485 -0.0470000005
v 0.000717338909 0.0386070485 -0.044000001
v 0.00086456715 -0.0348056942 -0.0482598901
v 0.000883755077 -0.0348248821 -0.0480218148
v 0.000867637981 -0.034808765 -0.047761488
v 0.000813621868 -0.0347547489 -0.0475115871
v 0.000807461132 -0.0347485881 -0.04850842
v 0.000757641186 -0.0346987682 -0.0473562026
v 0.000753425945 -0.0179021221 -0.0470000005
v 0.000825981487 -0.0177865749 -0.044000001
v 0.000873226513 -0.017713924 -0.0470000005
v 0.000961250652 -0.017583633 -0.044000001
v 0.000866684307 0.0121735043 -0.0470000005
v 0.000866684307 0.0121735043 -0.044000001
v 0.000962795605 0.0122747845 -0.0470000005
v 0.000962795605 0.0122747845 -0.044000001
v 0.00098345219 0.030986752 -0.0470000005
v 0.00098345219 0.030986752 -0.044000001
v 0.000846828808 0.0311893124 -0.0470000005
v 0.000846828808 0.0311893124 -0.044000001
v 0.000781177868 0.0312923474 -0.0470000005
v 0.000781177868 0.0312923474 -0.044000001
v 0.000781177868 0.0387112278 -0.0470000005
v 0.000781177868 0.0387112278 -0.044000001
v 0.000914253582 0.0389161343 -0.0470000005
v 0.000914253582 0.0389161343 -0.044000001
v 0.00098345219 0.0390168232 -0.0470000005
v 0.00098345219 0.0390168232 -0.044000001
v 0.00104217945 -0.0174691349 -0.0470000005
v 0.00117718159 -0.0172883564 -0.044000001
v 0.00122137486 -0.0172317272 -0.0470000005
v 0.00116024434 0.0124722332 -0.0470000005
v 0.00116024434 0.0124722332 -0.044000001
v 0.00120144307 0.030692162 -0.0470000005
v 0.00120144307 0.030692162 -0.044000001
v 0.00105438649 0.0308872837 -0.0470000005
v 0.00105438649 0.0308872837 -0.044000001
v 0.00112705647 0.0392144818 -0.0470000005
v 0.00112705647 0.0392144818 -0.044000001
v 0.00120144307 0.0393114132 -0.0470000005
v 0.00120144307 0.0393114132 -0.044000001
v 0.0012677425 -0.0171735912 -0.0470000005
v 0.00140825688 -0.0170047527 -0.044000001
v 0.00145927845 -0.0169460445 -0.0470000005
v 0.00148853718 -0.016912952 -0.044000001
v 0.00136446415 0.012662682 -0.0470000005
v 0.00136446415 0.012662682 -0.044000001
v 0.00146904408 0.0127551884 -0.0470000005
v 0.00146904408 0.0127551884 -0.044000001
v 0.00143454014 0.0304093785 -0.0470000005
v 0.00143454014 0.0304093785 -0.044000001
v 0.00127748906 0.0305965466 -0.0470000005
v 0.00127748906 0.0305965466 -0.044000001
v 0.00127748906 0.0394070286 -0.0470000005
v 0.00127748906 0.0394070286 -0.044000001
v 0.00143454014 0.0395941967 -0.0470000005
v 0.00143454014 0.0395941967 -0.044000001
v 0.00150867878 -0.0168904453 -0.0470000005
v 0.00157040059 -0.0168225628 -0.044000001
v 0.00166033207 -0.0167268329 -0.0470000005
v 0.0017388004 -0.0166461521 -0.044000001
v 0.00168295323 0.012934689 -0.0470000005
v 0.00168295323 0.012934689 -0.044000001
v 0.00159803807 0.0302277989 -0.0470000005
v 0.00159803807 0.0302277989 -0.044000001
v 0.00151550709 0.0303178639 -0.0470000005
v 0.00151550709 0.0303178639 -0.044000001
v 0.00151550709 0.0396856923 -0.0470000005
v 0.00151550709 0.0396856923 -0.044000001
v 0.00168213307 0.0398643917 -0.0470000005
v 0.00168213307 0.0398643917 -0.044000001
v 0.00176430165 -0.0166204792 -0.0470000005
v 0.00182527958 -0.0165601497 -0.044000001
v 0.00192442356 -0.0164651638 -0.0470000005
v 0.0019132465 -0.0164756923 -0.044000001
v 0.00190298497 0.0131065983 -0.0470000005
v 0.00190298497 0.0131065983 -0.044000001
v 0.00185490071 0.0299664158 -0.0470000005
v 0.00185490071 0.0299664158 -0.044000001
v 0.00176777302 0.0300520367 -0.0470000005
v 0.00176777302 0.0300520367 -0.044000001
v 0.00176777302 0.0399515385 -0.0470000005
v 0.00176777302 0.0399515385 -0.044000001
v 0.0019435352 0.0401212544 -0.0470000005
v 0.0019435352 0.0401212544 -0.044000001
v 0.00203390538 -0.0163644748 -0.0470000005
v 0.00209351002 -0.0163114124 -0.044000001
v 0.00220205723 -0.016217876 -0.0470000005
v 0.00218576847 -0.0162316661 -0.044000001
v 0.00201523243 0.0131896443 -0.0470000005
v 0.00201523243 0.0131896443 -0.044000001
v 0.00224396168 0.0133498234 -0.0470000005
v 0.00224396168 0.0133498234 -0.044000001
v 0.00212509571 0.0297188229 -0.0470000005
v 0.00212509571 0.0297188229 -0.044000001
v 0.0020336002 0.0297997708 -0.0470000005
v 0.0020336002 0.0297997708 -0.044000001
v 0.0020336002 0.0402038044 -0.0470000005
v 0.0020336002 0.0402038044 -0.044000001
v 0.00221800267 0.040364098 -0.0470000005
v 0.00221800267 0.040364098 -0.044000001
v 0.0022591251 -0.0161702114 -0.0470000005
v 0.00247066914 -0.016002193 -0.044000001
v 0.00249241291 -0.0159856754 -0.0470000005
v 0.00236040532 0.0134268803 -0.0470000005
v 0.00236040532 0.0134268803 -0.044000001
v 0.00247816502 0.0135018963 -0.0470000005
v 0.00247816502 0.0135018963 -0.044000001
v 0.00240787922 0.0294857067 -0.0470000005
v 0.00240787922 0.0294857067 -0.044000001
v 0.00231226384 0.0295617718 -0.0470000005
v 0.00231226384 0.0295617718 -0.044000001
v 0.00231226384 0.0404418034 -0.0470000005
v 0.00231226384 0.0404418034 -0.044000001
v 0.00240787922 0.0405178685 -0.0470000005
v 0.00240787922 0.0405178685 -0.044000001
v 0.00255194127 -0.0159411007 -0.0470000005
v 0.0026670879 -0.0158576351 -0.044000001
v 0.00274733006 0.00623003429 -0.0520000005
v 0.00274733006 0.00623003429 -0.044000001
v 0.00272726475 0.00643848843 -0.0520000005
v 0.00273943364 0.00629940456 -0.044000001
v 0.0027175182 0.00671751446 -0.0520000005
v 0.00272299229 0.00650816387 -0.044000001
v 0.00272726475 0.00699654049 -0.0520000005
v 0.00271812855 0.00678732342 -0.044000001
v 0.00274733006 0.00720499462 -0.0520000005
v 0.00273273884 0.00706613964 -0.044000001
v 0.0027175182 0.0136457104 -0.0470000005
v 0.0027175182 0.0136457104 -0.044000001
v 0.00250481068 0.0294113392 -0.0470000005
v 0.00250481068 0.0294113392 -0.044000001
v 0.00270248829 0.0407358593 -0.0470000005
v 0.00270248829 0.0407358593 -0.044000001
v 0.00279468953 -0.0157692295 -0.0470000005
v 0.00276716648 -0.0157879406 -0.044000001
v 0.00285648762 -0.0157278782 -0.0470000005
v 0.00297087132 -0.0156538349 -0.044000001
v 0.00291328846 0.0054814381 -0.0520000005
v 0.00298319279 0.00528404659 -0.044000001
v 0.00283632695 0.00574982113 -0.0520000005
v 0.00289228856 0.00554802364 -0.044000001
v 0.00279100834 0.00595426983 -0.0520000005
v 0.00282003819 0.00581770367 -0.044000001
v 0.00275644719 0.00616081661 -0.0520000005
v 0.00277828633 0.00602291531 -0.044000001
v 0.00279100834 0.00748075909 -0.0520000005
v 0.00275644719 0.0072742123 -0.044000001
v 0.00283632695 0.00768520779 -0.0520000005
v 0.00280493199 0.00754915661 -0.044000001
v 0.00291328846 0.00795359081 -0.0520000005
v 0.00285381733 0.00775278515 -0.044000001
v 0.00298319279 0.00815098232 -0.0520000005
v 0.00293543278 0.00801979488 -0.044000001
v 0.00283903538 0.0137144703 -0.0470000005
v 0.00283903538 0.0137144703 -0.044000001
v 0.00296173512 0.013781094 -0.0470000005
v 0.00296173512 0.013781094 -0.044000001
v 0.00280315815 0.0291985173 -0.0470000005
v 0.00280315815 0.0291985173 -0.044000001
v 0.00290504872 0.0408724827 -0.0470000005
v 0.00290504872 0.0408724827 -0.044000001
v 0.00304451405 -0.0156078106 -0.0470000005
v 0.00317913472 -0.0155269008 -0.044000001
v 0.00323625981 -0.0154937893 -0.0470000005
v 0.00312233387 0.00496403164 -0.0520000005
v 0.00321903645 0.00477827496 -0.044000001
v 0.00300877034 0.0052190823 -0.0520000005
v 0.00309227406 0.00502705044 -0.044000001
v 0.00300877034 0.00821594662 -0.0520000005
v 0.00300877034 0.00821594662 -0.044000001
v 0.00312233387 0.00847099728 -0.0520000005
v 0.00303549229 0.00828043407 -0.044000001
v 0.00321903645 0.00865675396 -0.0520000005
v 0.00315348088 0.00853348202 -0.044000001
v 0.00321054875 0.0139078755 -0.0470000005
v 0.00321054875 0.0139078755 -0.044000001
v 0.00321751057 0.0289396138 -0.0470000005
v 0.00321751057 0.0289396138 -0.044000001
v 0.00300808369 0.0290654416 -0.0470000005
v 0.00300808369 0.0290654416 -0.044000001
v 0.00300808369 0.0409381146 -0.0470000005
v 0.00300808369 0.0409381146 -0.044000001
v 0.00321751057 0.0410639614 -0.0470000005
v 0.00321751057 0.0410639614 -0.044000001
v 0.00330097615 -0.0154571491 -0.0470000005
v 0.00349949299 -0.0153502994 -0.044000001
v 0.00340135991 0.00448074764 -0.0520000005
v 0.00348144947 0.00436636394 -0.044000001
v 0.00325340687 0.00471750683 -0.0520000005
v 0.00336283146 0.00453895992 -0.044000001
v 0.00325340687 0.00871752209 -0.0520000005
v 0.00325340687 0.00871752209 -0.044000001
v 0.00340135991 0.00895428127 -0.0520000005
v 0.00328884541 0.00877766079 -0.044000001
v 0.00348144947 0.0090686459 -0.0520000005
v 0.00344089924 0.00901182598 -0.044000001
v 0.00333656727 0.013967976 -0.0470000005
v 0.00333656727 0.013967976 -0.044000001
v 0.00346361576 0.0140258831 -0.0470000005
v 0.00346361576 0.0140258831 -0.044000001
v 0.00332384526 0.028879456 -0.0470000005
v 0.00332384526 0.028879456 -0.044000001
v 0.00343120991 0.0411824269 -0.0470000005
v 0.00343120991 0.0411824269 -0.044000001
v 0.00356359898 -0.0153175312 -0.0470000005
v 0.00360828816 -0.015295177 -0.044000001
v 0.00371801793 -0.015241962 -0.044000001
v 0.00360893666 0.00420023388 -0.0520000005
v 0.00374493061 0.00404098934 -0.044000001
v 0.00352297245 0.00431024975 -0.0520000005
v 0.00356546818 0.00425486034 -0.044000001
v 0.00360893666 0.00923479504 -0.0520000005
v 0.00352297245 0.00912477917 -0.044000001
v 0.00374493061 0.00939403957 -0.0520000005
v 0.00365333973 0.00928865856 -0.044000001
v 0.00372066914 0.0141349835 -0.0470000005
v 0.00372066914 0.0141349835 -0.044000001
v 0.00364891468 0.028710236 -0.0470000005
v 0.00364891468 0.028710236 -0.044000001
v 0.00353958546 0.028764748 -0.0470000005
v 0.00353958546 0.028764748 -0.044000001
v 0.00353958546 0.0412388272 -0.0470000005
v 0.00353958546 0.0412388272 -0.044000001
v 0.00364891468 0.0412933392 -0.0470000005
v 0.00364891468 0.0412933392 -0.044000001
v 0.00395843922 -0.0280000644 -0.0470000005
v 0.00395843922 -0.0280000644 -0.044000001
v 0.00376434742 -0.0152201992 -0.0470000005
v 0.00394016682 -0.0151413112 -0.044000001
v 0.00388908802 0.0038890881 -0.0520000005
v 0.00388908802 0.0038890881 -0.044000001
v 0.00384016453 0.00949613995 -0.0520000005
v 0.00379209935 0.00944549984 -0.044000001
v 0.003989529 0.0096429295 -0.0520000005
v 0.00388908802 0.00954594082 -0.044000001
v 0.00398134648 0.0142350621 -0.0470000005
v 0.00398134648 0.0142350621 -0.044000001
v 0.00375917851 0.0286576313 -0.0470000005
v 0.00375917851 0.0286576313 -0.044000001
v 0.00398239552 0.0414453167 -0.0470000005
v 0.00398239552 0.0414453167 -0.044000001
v 0.00424978672 -0.0282914119 -0.0487632918
v 0.00424049794 -0.0282821231 -0.0487459445
v 0.00420999943 -0.0282516246 -0.0473158813
v 0.00424543797 -0.0282870632 -0.0472447491
v 0.00420551716 -0.0282471424 -0.0486743498
v 0.00413418232 -0.0281758075 -0.0484818602
v 0.0040812534 -0.0281228786 -0.0482321882
v 0.00406588017 -0.0281075054 -0.0479941821
v 0.00408594548 -0.0281275707 -0.0477350807
v 0.00414356648 -0.0281851917 -0.0474874997
v 0.0042290157 -0.028109489 -0.0470000005
v 0.00407093464 -0.0280471569 -0.044000001
v 0.00403662144 -0.0151004749 -0.0470000005
v 0.00416569172 -0.0150484615 -0.044000001
v 0.00404098927 0.00374493069 -0.0520000005
v 0.00420023381 0.00360893673 -0.044000001
v 0.0040932697 0.00973635143 -0.0520000005
v 0.00404098927 0.00969009823 -0.044000001
v 0.00420023381 0.00982609219 -0.0520000005
v 0.00414637028 0.00978168911 -0.044000001
v 0.00424538075 0.0143259663 -0.0470000005
v 0.00424538075 0.0143259663 -0.044000001
v 0.00420893132 0.0284667248 -0.0470000005
v 0.00420893132 0.0284667248 -0.044000001
v 0.00409527241 0.0285114903 -0.0470000005
v 0.00409527241 0.0285114903 -0.044000001
v 0.00409527241 0.0414920658 -0.0470000005
v 0.00409527241 0.0414920658 -0.044000001
v 0.00420893132 0.0415368504 -0.0470000005
v 0.00420893132 0.0415368504 -0.044000001
v 0.00448898732 -0.0285306125 -0.0490667248
v 0.00446985661 -0.0285114818 -0.0469502854
v 0.00445024907 -0.0284918743 -0.0490312552
v 0.00441286503 -0.0284544902 -0.0489929748
v 0.00441942631 -0.0284610515 -0.0470000005
v 0.00443178593 -0.0284734302 -0.0469871068
v 0.00443481861 -0.0281841045 -0.0470000005
v 0.0042982906 -0.028135429 -0.044000001
v 0.00427963673 -0.015004993 -0.044000001
v 0.00431374012 -0.0149924236 -0.0470000005
v 0.00439430653 -0.0149635273 -0.044000001
v 0.00436638295 0.00348144955 -0.0520000005
v 0.00448074757 0.00340135998 -0.044000001
v 0.00425486027 0.00356546825 -0.0520000005
v 0.00431024968 0.00352297253 -0.044000001
v 0.00442320286 0.0099941296 -0.0520000005
v 0.00425486027 0.00986956066 -0.044000001
v 0.00448074757 0.0100336689 -0.0520000005
v 0.00448074757 0.0100336689 -0.044000001
v 0.00437853276 0.014367947 -0.0470000005
v 0.00437853276 0.014367947 -0.044000001
v 0.00432337223 0.028423943 -0.0470000005
v 0.00432337223 0.028423943 -0.044000001
v 0.00443853794 0.0416204113 -0.0470000005
v 0.00443853794 0.0416204113 -0.044000001
v 0.00474392353 -0.0287855678 -0.0492156386
v 0.00472176014 -0.0287634044 -0.046792295
v 0.0046993488 -0.028740974 -0.0491987872
v 0.00450922429 -0.0285508495 -0.0469163203
v 0.00471664845 -0.0282747036 -0.0470000005
v 0.00464474141 -0.0282528263 -0.044000001
v 0.00457458912 -0.028230682 -0.0470000005
v 0.00452858387 -0.0282157093 -0.044000001
v 0.00474016606 -0.0225311809 -0.0520000005
v 0.00474016606 -0.0225311809 -0.044000001
v 0.00463737904 -0.0222830158 -0.0520000005
v 0.00472362934 -0.0224965244 -0.044000001
v 0.00456558644 -0.0220241695 -0.0520000005
v 0.00462519108 -0.0222465854 -0.044000001
v 0.00452589451 -0.0217584949 -0.0520000005
v 0.00455793797 -0.0219865375 -0.044000001
v 0.0045178455 -0.0215283542 -0.0520000005
v 0.0045228809 -0.0217202144 -0.044000001
v 0.0045389217 -0.0212605816 -0.0520000005
v 0.0045188564 -0.0214899784 -0.044000001
v 0.00458286702 -0.0210345226 -0.0520000005
v 0.0045446056 -0.0212226062 -0.044000001
v 0.00466364323 -0.0207783466 -0.0520000005
v 0.00459248005 -0.0209973484 -0.044000001
v 0.00474016606 -0.0206023365 -0.0520000005
v 0.00467771946 -0.020742622 -0.044000001
v 0.00452444493 -0.0149191623 -0.0470000005
v 0.00474245488 -0.0148511654 -0.044000001
v 0.00464695393 -0.00100989872 -0.0470000005
v 0.00464695393 -0.00100989872 -0.044000001
v 0.00453895985 0.00336283154 -0.0520000005
v 0.00471750676 0.00325340694 -0.044000001
v 0.00471750676 0.010181622 -0.0520000005
v 0.00453895985 0.0100721974 -0.044000001
v 0.00464695393 0.0144449276 -0.0470000005
v 0.00464695393 0.0144449276 -0.044000001
v 0.0045543903 0.0283443875 -0.0470000005
v 0.0045543903 0.0283443875 -0.044000001
v 0.00465019642 0.0342493481 -0.0520000005
v 0.00474016606 0.0340373654 -0.044000001
v 0.00458286702 0.0344695515 -0.0520000005
v 0.00463737904 0.0342855305 -0.044000001
v 0.00453390538 0.0347336811 -0.0520000005
v 0.00457390248 0.0345068974 -0.044000001
v 0.0045178455 0.0349633831 -0.0520000005
v 0.00452957569 0.0347718281 -0.044000001
v 0.00452957569 0.0352317471 -0.0520000005
v 0.00451752125 0.0350017781 -0.044000001
v 0.00457390248 0.0354966778 -0.0520000005
v 0.00453390538 0.0352698941 -0.044000001
v 0.00463737904 0.0357180447 -0.0520000005
v 0.00458286702 0.0355340046 -0.044000001
v 0.00474016606 0.0359662098 -0.0520000005
v 0.00465019642 0.0357542271 -0.044000001
v 0.00467091023 0.0416959233 -0.0470000005
v 0.00467091023 0.0416959233 -0.044000001
v 0.00498819767 -0.029029842 -0.049248817
v 0.00496511876 -0.029006744 -0.0467501879
v 0.00495743214 -0.0289990764 -0.0492499518
v 0.00475161015 -0.0287932354 -0.0467818141
v 0.00494974553 -0.0289913707 -0.0467499995
v 0.0049314159 -0.0283350521 -0.0470000005
v 0.00476154744 -0.0282879215 -0.044000001
v 0.00487244069 -0.0227649646 -0.0520000005
v 0.00498388707 -0.0229212146 -0.044000001
v 0.00475729405 -0.0225655323 -0.0520000005
v 0.00485180317 -0.0227325779 -0.044000001
v 0.00479334294 -0.0205001789 -0.0520000005
v 0.00475729405 -0.0205679851 -0.044000001
v 0.00493767201 -0.020273624 -0.0520000005
v 0.00481226384 -0.0204667621 -0.044000001
v 0.00498388707 -0.0202123027 -0.0520000005
v 0.00496052205 -0.0202427631 -0.044000001
v 0.00480883061 -0.0148319965 -0.0470000005
v 0.00497759282 -0.014786449 -0.044000001
v 0.00491791188 -0.00107743794 -0.0470000005
v 0.0047821468 -0.00104486042 -0.044000001
v 0.00477827488 0.00321903652 -0.0520000005
v 0.00496403157 0.00312233395 -0.044000001
v 0.00483963429 0.0102493138 -0.0520000005
v 0.00477827488 0.0102159924 -0.044000001
v 0.00496403157 0.010312695 -0.0520000005
v 0.00490154683 0.010281548 -0.044000001
v 0.0047821468 0.0144798893 -0.0470000005
v 0.0047821468 0.0144798893 -0.044000001
v 0.00491791188 0.0145124668 -0.0470000005
v 0.00491791188 0.0145124668 -0.044000001
v 0.00490578114 0.0282403035 -0.0470000005
v 0.00490578114 0.0282403035 -0.044000001
v 0.00478805958 0.0282729573 -0.0470000005
v 0.00478805958 0.0282729573 -0.044000001
v 0.0049153751 0.0337399144 -0.0520000005
v 0.00498388707 0.0336473317 -0.044000001
v 0.00477503239 0.0339689488 -0.0520000005
v 0.00489363133 0.0337715573 -0.044000001
v 0.00475729405 0.034003014 -0.0520000005
v 0.00475729405 0.034003014 -0.044000001
v 0.00489363133 0.0362320179 -0.0520000005
v 0.00475729405 0.0360005612 -0.044000001
v 0.00498388707 0.0363562436 -0.0520000005
v 0.0049153751 0.0362636609 -0.044000001
v 0.00478805958 0.0417306179 -0.0470000005
v 0.00478805958 0.0417306179 -0.044000001
v 0.00490578114 0.0417632718 -0.0470000005
v 0.00490578114 0.0417632718 -0.044000001
v 0.00524406849 -0.0292856937 -0.0491786671
v 0.00522196232 -0.0292635875 -0.0468107533
v 0.00520016133 -0.0292417865 -0.0491987872
v 0.00501118122 -0.0290528255 -0.0467530227
v 0.00522056996 -0.0284048229 -0.0470000005
v 0.00511534153 -0.0283809429 -0.044000001
v 0.00516188084 -0.0231223827 -0.0520000005
v 0.00516188084 -0.0231223827 -0.044000001
v 0.00500778614 -0.0229512554 -0.0520000005
v 0.00503221928 -0.0229808956 -0.044000001
v 0.00516188084 -0.0200111156 -0.0520000005
v 0.00500778614 -0.0201822429 -0.044000001
v 0.00524542271 -0.0199318462 -0.0520000005
v 0.00518927037 -0.0199842029 -0.044000001
v 0.00502439915 -0.0147746044 -0.0470000005
v 0.00509598194 -0.0147571521 -0.044000001
v 0.00516909062 -0.0147401577 -0.0470000005
v 0.00521484791 -0.0147299533 -0.044000001
v 0.0051910442 -0.00113549763 -0.0470000005
v 0.00505423008 -0.00110766941 -0.044000001
v 0.00502705037 0.00309227413 -0.0520000005
v 0.00521908223 0.00300877041 -0.044000001
v 0.00521908223 0.0104262585 -0.0520000005
v 0.00502705037 0.0103427548 -0.044000001
v 0.0051910442 0.0145705265 -0.0470000005
v 0.0051910442 0.0145705265 -0.044000001
v 0.00502405583 0.0282097096 -0.0470000005
v 0.00502405583 0.0282097096 -0.044000001
v 0.00516188084 0.0334461445 -0.0520000005
v 0.00516188084 0.0334461445 -0.044000001
v 0.00500778614 0.0336172718 -0.0520000005
v 0.0051085323 0.0335013813 -0.044000001
v 0.00508259236 0.0364738697 -0.0520000005
v 0.00500778614 0.0363862843 -0.044000001
v 0.00524542271 0.0366367001 -0.0520000005
v 0.0051085323 0.0365021748 -0.044000001
v 0.00514286457 0.0418223805 -0.0470000005
v 0.00514286457 0.0418223805 -0.044000001
v 0.00547434269 -0.0295159679 -0.0490060401
v 0.00549877583 -0.029540401 -0.0489796066
v 0.00548008381 -0.029521709 -0.0470000005
v 0.00546770512 -0.0295093303 -0.0469871068
v 0.00544926106 -0.0294908863 -0.0490312552
v 0.00525103032 -0.0292926555 -0.0468248606
v 0.0054392284 -0.0284490543 -0.0470000005
v 0.00535368382 -0.028432613 -0.044000001
v 0.00530338704 -0.0232520633 -0.0520000005
v 0.00548729359 -0.0233906322 -0.044000001
v 0.00527418553 -0.0232271152 -0.0520000005
v 0.00527418553 -0.0232271152 -0.044000001
v 0.00545565068 -0.0197646289 -0.0520000005
v 0.00527418553 -0.0199064022 -0.044000001
v 0.00548729359 -0.0197428661 -0.0520000005
v 0.00548729359 -0.0197428661 -0.044000001
v 0.00531446873 -0.0147088009 -0.0470000005
v 0.00545393406 -0.0146817546 -0.044000001
v 0.00546604573 -0.0011840015 -0.0470000005
v 0.00532833516 -0.00116094166 -0.044000001
v 0.00528404652 0.00298319286 -0.0520000005
v 0.00548143803 0.00291328854 -0.044000001
v 0.00541523396 0.0104995961 -0.0520000005
v 0.00528404652 0.0104518361 -0.044000001
v 0.00548143803 0.0105217404 -0.0520000005
v 0.00548143803 0.0105217404 -0.044000001
v 0.00546604573 0.0146190304 -0.0470000005
v 0.00546604573 0.0146190304 -0.044000001
v 0.00526213108 0.0281547589 -0.0470000005
v 0.00526213108 0.0281547589 -0.044000001
v 0.00539352833 0.0332447857 -0.0520000005
v 0.00548729359 0.033177895 -0.044000001
v 0.00527418553 0.0333414311 -0.0520000005
v 0.00536306797 0.0332681698 -0.044000001
v 0.00536306797 0.0367354054 -0.0520000005
v 0.00527418553 0.0366621441 -0.044000001
v 0.00548729359 0.0368256611 -0.0520000005
v 0.00539352833 0.0367587895 -0.044000001
v 0.00538185536 0.0418731732 -0.0470000005
v 0.00538185536 0.0418731732 -0.044000001
v 0.00574642598 -0.0297880512 -0.04854141
v 0.00571375309 -0.0297553783 -0.0473714256
v 0.00564970433 -0.0296913295 -0.0487632918
v 0.00570215641 -0.0297438007 -0.0486559248
v 0.0056632465 -0.0297048717 -0.0472622013
v 0.00550436436 -0.0295460086 -0.0470267129
v 0.00573275029 -0.0284971386 -0.0470000005
v 0.00559370457 -0.0284759479 -0.044000001
v 0.0056846851 -0.0235092502 -0.0520000005
v 0.00571873127 -0.0235269695 -0.044000001
v 0.00551931797 -0.0234118229 -0.0520000005
v 0.00565092503 -0.0234909206 -0.044000001
v 0.00571873127 -0.0196065479 -0.0520000005
v 0.00551931797 -0.0197216755 -0.044000001
v 0.00553371846 -0.014667583 -0.0470000005
v 0.00569454609 -0.0146419101 -0.044000001
v 0.00574255406 -0.00122285419 -0.0470000005
v 0.00560413777 -0.00120463902 -0.044000001
v 0.00554802357 0.00289228863 -0.0520000005
v 0.00574982106 0.00283632702 -0.044000001
v 0.00574982106 0.0105987019 -0.0520000005
v 0.00554802357 0.0105427403 -0.044000001
v 0.00574255406 0.0146578831 -0.0470000005
v 0.00574255406 0.0146578831 -0.044000001
v 0.00550198017 0.0281081242 -0.0470000005
v 0.00550198017 0.0281081242 -0.044000001
v 0.00551931797 0.0331567044 -0.0520000005
v 0.00571873127 0.0330415768 -0.044000001
v 0.00571873127 0.0369619984 -0.0520000005
v 0.00551931797 0.0368468518 -0.044000001
v 0.00574329792 0.0419336552 -0.0470000005
v 0.00574329792 0.0419336552 -0.044000001
v 0.00575926243 -0.0298008876 -0.0485018635
v 0.00581526219 -0.0298568874 -0.0482535338
v 0.00583355366 -0.0298751979 -0.0480159402
v 0.00581667363 -0.0298583179 -0.0477563858
v 0.00576210438 -0.0298037487 -0.0475074244
v 0.00575592457 -0.0297975498 -0.0474874997
v 0.00595407902 -0.0285250049 -0.0470000005
v 0.00583507954 -0.0285109096 -0.044000001
v 0.0057531017 -0.0235440975 -0.0520000005
v 0.00596506535 -0.0236340862 -0.044000001
v 0.00592911183 -0.019512878 -0.0520000005
v 0.0057531017 -0.0195894008 -0.044000001
v 0.00596506535 -0.0194994312 -0.0520000005
v 0.00596506535 -0.0194994312 -0.044000001
v 0.00575416981 -0.0146333652 -0.0470000005
v 0.0059363979 -0.014610477 -0.044000001
v 0.0058812946 -0.00123866612 -0.0470000005
v 0.0058812946 -0.00123866612 -0.044000001
v 0.00581770359 0.00282003826 -0.0520000005
v 0.00595426976 0.00279100841 -0.044000001
v 0.00595426976 0.0106440205 -0.0520000005
v 0.00581770359 0.0106149907 -0.044000001
v 0.0058812946 0.014673695 -0.0470000005
v 0.0058812946 0.014673695 -0.044000001
v 0.00586443364 0.0280539555 -0.0470000005
v 0.00586443364 0.0280539555 -0.044000001
v 0.00582270085 0.0329919857 -0.0520000005
v 0.00596506535 0.0329344601 -0.044000001
v 0.0057531017 0.0330244297 -0.0520000005
v 0.00578775822 0.0330079121 -0.044000001
v 0.00578775822 0.0369956631 -0.0520000005
v 0.0057531017 0.0369791264 -0.044000001
v 0.00596506535 0.0370691151 -0.0520000005
v 0.00582270085 0.0370115895 -0.044000001
v 0.0059858173 0.041963448 -0.0470000005
v 0.0059858173 0.041963448 -0.044000001
v 0.00617620884 -0.028545795 -0.0470000005
v 0.00607752262 -0.0285374408 -0.044000001
v 0.00600126683 -0.0236469036 -0.0520000005
v 0.00622261464 -0.0237103801 -0.044000001
v 0.00622261464 -0.0194231372 -0.0520000005
v 0.00600126683 -0.0194866138 -0.044000001
v 0.00604957997 -0.0145986896 -0.0470000005
v 0.00617920338 -0.0145874935 -0.044000001
v 0.00615946232 -0.00126300388 -0.0470000005
v 0.00602026402 -0.00125203663 -0.044000001
v 0.00623003422 0.00274733013 -0.0520000005
v 0.00623003422 0.00274733013 -0.044000001
v 0.00602291523 0.0027782864 -0.0520000005
v 0.00616081654 0.00275644726 -0.044000001
v 0.00623003422 0.0106876988 -0.0520000005
v 0.00602291523 0.0106567425 -0.044000001
v 0.00615946232 0.0146980328 -0.0470000005
v 0.00615946232 0.0146980328 -0.044000001
v 0.00610742985 0.0280284161 -0.0470000005
v 0.00610742985 0.0280284161 -0.044000001
v 0.00600126683 0.0329216427 -0.0520000005
v 0.00622261464 0.0328581662 -0.044000001
v 0.00622261464 0.037145409 -0.0520000005
v 0.00600126683 0.0370819325 -0.044000001
v 0.00622921406 0.041984734 -0.0470000005
v 0.00622921406 0.041984734 -0.044000001
v 0.00647316395 -0.0285624843 -0.0470000005
v 0.00632074772 -0.0285555034 -0.044000001
v 0.00644939839 -0.0237503582 -0.0520000005
v 0.00648754536 -0.0237547069 -0.044000001
v 0.00626011311 -0.0237186771 -0.0520000005
v 0.00641132771 -0.0237453418 -0.044000001
v 0.00648754536 -0.0193788105 -0.0520000005
v 0.00626011311 -0.0194148403 -0.044000001
v 0.00627195774 -0.0145809513 -0.0470000005
v 0.00642267643 -0.0145729786 -0.044000001
v 0.00643831669 -0.00127761417 -0.0470000005
v 0.00629883229 -0.00127152973 -0.044000001
v 0.00629940449 0.00273943371 -0.0520000005
v 0.00643848835 0.00272726482 -0.044000001
v 0.00643848835 0.0107077641 -0.0520000005
v 0.00629940449 0.0106955952 -0.044000001
v 0.00643831669 0.0147126431 -0.0470000005
v 0.00643831669 0.0147126431 -0.044000001
v 0.00635116993 0.0280113835 -0.0470000005
v 0.00635116993 0.0280113835 -0.044000001
v 0.00626011311 0.0328498692 -0.0520000005
v 0.00648754536 0.0328138394 -0.044000001
v 0.00648754536 0.0371897358 -0.0520000005
v 0.00626011311 0.037153706 -0.044000001
v 0.00647322117 0.0419975132 -0.0470000005
v 0.00647322117 0.0419975132 -0.044000001
v 0.0066962093 -0.0285667186 -0.0470000005
v 0.00656444966 -0.0285650783 -0.044000001
v 0.00652576863 -0.0237583881 -0.0520000005
v 0.00671751439 -0.0237667614 -0.044000001
v 0.00671751439 -0.019366756 -0.0520000005
v 0.00652576863 -0.0193751293 -0.044000001
v 0.00656912266 -0.0145683246 -0.0470000005
v 0.00666649281 -0.0145669513 -0.044000001
v 0.00671751439 -0.00128247791 -0.0470000005
v 0.00657789647 -0.00128127628 -0.044000001
v 0.0065081638 0.00272299236 -0.0520000005
v 0.00671751439 0.00271751827 -0.044000001
v 0.00671751439 0.0107175106 -0.0520000005
v 0.0065081638 0.0107120366 -0.044000001
v 0.00671751439 0.0147175068 -0.0470000005
v 0.00671751439 0.0147175068 -0.044000001
v 0.00659534871 0.0280028576 -0.0470000005
v 0.00659534871 0.0280028576 -0.044000001
v 0.00652576863 0.0328101582 -0.0520000005
v 0.00671751439 0.0328017849 -0.044000001
v 0.00671751439 0.0372017903 -0.0520000005
v 0.00652576863 0.037193417 -0.044000001
v 0.00671751439 0.0420017857 -0.0470000005
v 0.00671751439 0.0420017857 -0.044000001
v 0.0069936031 -0.0285613018 -0.0470000005
v 0.00680832325 -0.0285661655 -0.044000001
v 0.00675590931 -0.023766418 -0.0520000005
v 0.00698563038 -0.0237503582 -0.044000001
v 0.00698563038 -0.0193831592 -0.0520000005
v 0.00675590931 -0.0193670993 -0.044000001
v 0.00679220616 -0.0145671611 -0.0470000005
v 0.00691036641 -0.0145694118 -0.044000001
v 0.00699671208 -0.00127761417 -0.0470000005
v 0.00685713231 -0.00128127628 -0.044000001
v 0.00678732335 0.00271812862 -0.0520000005
v 0.00699654042 0.00272726482 -0.044000001
v 0.00699654042 0.0107077641 -0.0520000005
v 0.00678732335 0.0107169003 -0.044000001
v 0.00699671208 0.0147126431 -0.0470000005
v 0.00699671208 0.0147126431 -0.044000001
v 0.00683968007 0.0280028576 -0.0470000005
v 0.00683968007 0.0280028576 -0.044000001
v 0.00675590931 0.0328021283 -0.0520000005
v 0.00698563038 0.0328181881 -0.044000001
v 0.00698563038 0.0371853871 -0.0520000005
v 0.00675590931 0.037201447 -0.044000001
v 0.0069618076 0.0419975132 -0.0470000005
v 0.0069618076 0.0419975132 -0.044000001
v 0.00683968007 0.0420007176 -0.0470000005
v 0.00683968007 0.0420007176 -0.044000001
v 0.00721634327 -0.0285489612 -0.0470000005
v 0.00705210148 -0.028558765 -0.044000001
v 0.00702370106 -0.0237453418 -0.0520000005
v 0.00724974095 -0.0237014156 -0.044000001
v 0.00724974095 -0.0194321018 -0.0520000005
v 0.00702370106 -0.0193881755 -0.044000001
v 0.00701521336 -0.014573093 -0.0470000005
v 0.00715401112 -0.0145803791 -0.044000001
v 0.00713619648 -0.00127152973 -0.0470000005
v 0.00713619648 -0.00127152973 -0.044000001
v 0.00706613957 0.00273273891 -0.0520000005
v 0.00720499455 0.00274733013 -0.044000001
v 0.00720499455 0.0106876988 -0.0520000005
v 0.00706613957 0.01070229 -0.044000001
v 0.00713619648 0.0147065586 -0.0470000005
v 0.00713619648 0.0147065586 -0.044000001
v 0.00708385884 0.0280113835 -0.0470000005
v 0.00708385884 0.0280113835 -0.044000001
v 0.00702370106 0.0328232045 -0.0520000005
v 0.00724974095 0.0328671307 -0.044000001
v 0.00724974095 0.0371364445 -0.0520000005
v 0.00702370106 0.0371803708 -0.044000001
v 0.00720581471 0.041984734 -0.0470000005
v 0.00720581471 0.041984734 -0.044000001
v 0.00707106053 0.0494974751 -0.044000001
v 0.00707106053 0.0494974751 0.0233238029
v 0.00743858754 -0.0285295253 -0.0470000005
v 0.00729547917 -0.0285428577 -0.044000001
v 0.00728691517 -0.0236918026 -0.0520000005
v 0.00746996342 -0.0236340862 -0.044000001
v 0.00746996342 -0.0194994312 -0.0520000005
v 0.00728691517 -0.0194417148 -0.044000001
v 0.00731205403 -0.014592052 -0.0470000005
v 0.00739712178 -0.014599834 -0.044000001
v 0.00741476475 -0.00125203663 -0.0470000005
v 0.00727556645 -0.00126300388 -0.044000001
v 0.00727421223 0.00275644726 -0.0520000005
v 0.00748075901 0.00279100841 -0.044000001
v 0.00748075901 0.0106440205 -0.0520000005
v 0.00727421223 0.0106785817 -0.044000001
v 0.00741476475 0.0146870655 -0.0470000005
v 0.00741476475 0.0146870655 -0.044000001
v 0.00732759892 0.0280284161 -0.0470000005
v 0.00732759892 0.0280284161 -0.044000001
v 0.00728691517 0.0328767437 -0.0520000005
v 0.00746996342 0.0329344601 -0.044000001
v 0.00746996342 0.0370691151 -0.0520000005
v 0.00728691517 0.0371268315 -0.044000001
v 0.00744921147 0.041963448 -0.0470000005
v 0.00744921147 0.041963448 -0.044000001
v 0.00735035359 0.0492182011 0.0238231373
v 0.00766008793 -0.0285030132 -0.0470000005
v 0.00753815113 -0.0285184818 -0.044000001
v 0.00773373066 -0.0284925991 -0.0470000005
v 0.00750591694 -0.0236206394 -0.0520000005
v 0.0077162975 -0.0235269695 -0.044000001
v 0.0077162975 -0.0196065479 -0.0520000005
v 0.00750591694 -0.019512878 -0.044000001
v 0.00753399311 -0.0146145397 -0.0470000005
v 0.00763941227 -0.0146277385 -0.044000001
v 0.00769247471 -0.00122285419 -0.0470000005
v 0.00755373417 -0.00123866612 -0.044000001
v 0.00754915654 0.00280493206 -0.0520000005
v 0.00768520771 0.00283632702 -0.044000001
v 0.00768520771 0.0105987019 -0.0520000005
v 0.00754915654 0.0106300969 -0.044000001
v 0.00769247471 0.0146578831 -0.0470000005
v 0.00769247471 0.0146578831 -0.044000001
v 0.00757059513 0.0280539555 -0.0470000005
v 0.00757059513 0.0280539555 -0.044000001
v 0.00750591694 0.0329479069 -0.0520000005
v 0.00761232792 0.0329919857 -0.044000001
v 0.00764727055 0.0330079121 -0.0520000005
v 0.0077162975 0.0330415768 -0.044000001
v 0.0077162975 0.0369619984 -0.0520000005
v 0.00764727055 0.0369956631 -0.044000001
v 0.00761232792 0.0370115895 -0.0520000005
v 0.00750591694 0.0370556683 -0.044000001
v 0.00769173085 0.0419336552 -0.0470000005
v 0.00769173085 0.0419336552 -0.044000001
v 0.00763550221 0.0489330334 0.0243157768
v 0.00795391499 -0.0284567028 -0.0470000005
v 0.00777983128 -0.0284856754 -0.044000001
v 0.00775034367 -0.0235092502 -0.0520000005
v 0.00775034367 -0.0235092502 -0.044000001
v 0.00778410374 -0.0234909206 -0.0520000005
v 0.00797937809 -0.0233688884 -0.044000001
v 0.00797937809 -0.0197646289 -0.0520000005
v 0.00797937809 -0.0197646289 -0.044000001
v 0.00794773518 -0.0197428661 -0.0520000005
v 0.00775034367 -0.0196242672 -0.044000001
v 0.00775513111 -0.0146440845 -0.0470000005
v 0.00788057743 -0.0146640545 -0.044000001
v 0.00796898304 -0.0011840015 -0.0470000005
v 0.007830891 -0.00120463902 -0.044000001
v 0.00775278508 0.00285381741 -0.0520000005
v 0.00795359074 0.00291328854 -0.044000001
v 0.00795359074 0.0105217404 -0.0520000005
v 0.00775278508 0.0105812115 -0.044000001
v 0.00796898304 0.0146190304 -0.0470000005
v 0.00796898304 0.0146190304 -0.044000001
v 0.00781256138 0.0280879635 -0.0470000005
v 0.00781256138 0.0280879635 -0.044000001
v 0.00775034367 0.0330592961 -0.0520000005
v 0.00797937809 0.0331996579 -0.044000001
v 0.00797937809 0.0368039174 -0.0520000005
v 0.00775034367 0.0369442791 -0.044000001
v 0.0079330486 0.0418954319 -0.0470000005
v 0.0079330486 0.0418954319 -0.044000001
v 0.00792646824 0.0486420864 0.0248015976
v 0.00777817189 0.0487903637 -0.044000001
v 0.00777817189 0.0487903637 -0.0429999995
v 0.00824549137 -0.0283979564 -0.0470000005
v 0.00802021443 -0.0284444767 -0.044000001
v 0.00801063954 -0.0233465915 -0.0520000005
v 0.00813164173 -0.0232520633 -0.044000001
v 0.00816084324 -0.0232271152 -0.0520000005
v 0.0082457584 -0.0231492954 -0.044000001
v 0.0082457584 -0.0199842029 -0.0520000005
v 0.00801063954 -0.0197869259 -0.044000001
v 0.00804827153 -0.0146944194 -0.0470000005
v 0.00823959767 -0.0147342449 -0.044000001
v 0.00824398457 -0.00113549763 -0.0470000005
v 0.00810669361 -0.00116094166 -0.044000001
v 0.00801979481 0.00293543285 -0.0520000005
v 0.00815098225 0.00298319286 -0.044000001
v 0.00821594654 0.00300877041 -0.0520000005
v 0.00821594654 0.00300877041 -0.044000001
v 0.00821594654 0.0104262585 -0.0520000005
v 0.00801979481 0.0104995961 -0.044000001
v 0.00824398457 0.0145705265 -0.0470000005
v 0.00824398457 0.0145705265 -0.044000001
v 0.00805317341 0.028130402 -0.0470000005
v 0.00805317341 0.028130402 -0.044000001
v 0.00801063954 0.0332219548 -0.0520000005
v 0.00804150044 0.0332447857 -0.044000001
v 0.0080719608 0.0332681698 -0.0520000005
v 0.0082457584 0.0334192318 -0.044000001
v 0.0082457584 0.0365843243 -0.0520000005
v 0.0080719608 0.0367354054 -0.044000001
v 0.00804150044 0.0367587895 -0.0520000005
v 0.00801063954 0.0367816204 -0.044000001
v 0.00817289769 0.0418488163 -0.0470000005
v 0.00817289769 0.0418488163 -0.044000001
v 0.00822313725 0.0483454174 0.025280447
v 0.00848528324 -0.0424264103 -0.0520000005
v 0.00848528324 -0.0424264103 -0.044000001
v 0.00848528324 -0.0325269085 -0.0470000005
v 0.00848528324 -0.0325269085 -0.044000001
v 0.00846239506 -0.0283457904 -0.0470000005
v 0.00825901448 -0.0283949237 -0.044000001
v 0.00827314793 -0.0231223827 -0.0520000005
v 0.00837788044 -0.023010078 -0.044000001
v 0.00840280949 -0.0229808956 -0.0520000005
v 0.00849735676 -0.0228598934 -0.044000001
v 0.00849735676 -0.020273624 -0.0520000005
v 0.00849735676 -0.020273624 -0.044000001
v 0.00847450673 -0.0202427631 -0.0520000005
v 0.00827314793 -0.0200111156 -0.044000001
v 0.00833902775 -0.0147571521 -0.0470000005
v 0.00847670018 -0.0147914081 -0.044000001
v 0.00826658665 -0.0147403102 -0.0470000005
v 0.00838079869 -0.00110766941 -0.0470000005
v 0.00838079869 -0.00110766941 -0.044000001
v 0.008280434 0.00303549236 -0.0520000005
v 0.0084709972 0.00312233395 -0.044000001
v 0.0084709972 0.010312695 -0.0520000005
v 0.008280434 0.0103995366 -0.044000001
v 0.00838079869 0.0145426983 -0.0470000005
v 0.00838079869 0.0145426983 -0.044000001
v 0.0082921642 0.0281811947 -0.0470000005
v 0.0082921642 0.0281811947 -0.044000001
v 0.00827314793 0.0334461445 -0.0520000005
v 0.00830006062 0.033473534 -0.044000001
v 0.00832649647 0.0335013813 -0.0520000005
v 0.00849735676 0.0337086529 -0.044000001
v 0.00849735676 0.0362949223 -0.0520000005
v 0.00835243641 0.0364738697 -0.044000001
v 0.00832649647 0.0365021748 -0.0520000005
v 0.00827314793 0.0365574116 -0.044000001
v 0.00841097294 0.0417938465 -0.0470000005
v 0.00841097294 0.0417938465 -0.044000001
v 0.00848528324 0.0494974751 -0.0470000005
v 0.00848528324 0.0494974751 -0.0429999995
v 0.00848528324 0.0593969769 -0.0520000005
v 0.00848528324 0.0593969769 -0.044000001
v 0.00874880253 -0.0282655483 -0.0470000005
v 0.00861362873 -0.0283050686 -0.044000001
v 0.00851965367 -0.0228286319 -0.0520000005
v 0.00856258809 -0.0227649646 -0.044000001
v 0.0085832256 -0.0227325779 -0.0520000005
v 0.00869486271 -0.0225311809 -0.044000001
v 0.00871139943 -0.0224965244 -0.0520000005
v 0.00874262272 -0.0224263721 -0.044000001
v 0.00874262272 -0.0207071453 -0.0520000005
v 0.00864168583 -0.0205001789 -0.044000001
v 0.00862276493 -0.0204667621 -0.0520000005
v 0.00851965367 -0.0203048854 -0.044000001
v 0.00855518757 -0.0148122745 -0.0470000005
v 0.00871166645 -0.0148568111 -0.044000001
v 0.00865288197 -0.00104486042 -0.0470000005
v 0.00851711689 -0.00107743794 -0.044000001
v 0.00853348194 0.00315348095 -0.0520000005
v 0.00865675389 0.00321903652 -0.044000001
v 0.00871752201 0.00325340694 -0.0520000005
v 0.00871752201 0.00325340694 -0.044000001
v 0.00871752201 0.010181622 -0.0520000005
v 0.00859539448 0.0102493138 -0.044000001
v 0.00853348194 0.010281548 -0.0520000005
v 0.00853348194 0.010281548 -0.044000001
v 0.00865288197 0.0144798893 -0.0470000005
v 0.00865288197 0.0144798893 -0.044000001
v 0.00851711689 0.0145124668 -0.0470000005
v 0.00851711689 0.0145124668 -0.044000001
v 0.00852924763 0.0282403035 -0.0470000005
v 0.00852924763 0.0282403035 -0.044000001
v 0.00864696919 0.0282729573 -0.0470000005
v 0.00864696919 0.0282729573 -0.044000001
v 0.00851965367 0.0337399144 -0.0520000005
v 0.00851965367 0.0337399144 -0.044000001
v 0.00854139744 0.0337715573 -0.0520000005
v 0.00865999638 0.0339689488 -0.044000001
v 0.00867773472 0.034003014 -0.0520000005
v 0.00874262272 0.0341421742 -0.044000001
v 0.00874262272 0.035861401 -0.0520000005
v 0.00869486271 0.0359662098 -0.044000001
v 0.00867773472 0.0360005612 -0.0520000005
v 0.00854139744 0.0362320179 -0.044000001
v 0.00851965367 0.0362636609 -0.0520000005
v 0.00851965367 0.0362636609 -0.044000001
v 0.00864696919 0.0417306179 -0.0470000005
v 0.00864696919 0.0417306179 -0.044000001
v 0.00852924763 0.0417632718 -0.0470000005
v 0.00852924763 0.0417632718 -0.044000001
v 0.00852543293 0.0480431218 0.0257522106
v 0.00896122395 -0.0281974178 -0.0470000005
v 0.00884722172 -0.0282349163 -0.044000001
v 0.00875732838 -0.0223908954 -0.0520000005
v 0.00879764973 -0.0222830158 -0.044000001
v 0.00880983769 -0.0222465854 -0.0520000005
v 0.00886944233 -0.0220241695 -0.044000001
v 0.0088770908 -0.0219865375 -0.0520000005
v 0.00890913426 -0.0217584949 -0.044000001
v 0.00891214787 -0.0217202144 -0.0520000005
v 0.00891718327 -0.0215283542 -0.044000001
v 0.00891617237 -0.0214899784 -0.0520000005
v 0.00889610707 -0.0212605816 -0.044000001
v 0.00889042317 -0.0212226062 -0.0520000005
v 0.00885216175 -0.0210345226 -0.044000001
v 0.00884254872 -0.0209973484 -0.0520000005
v 0.00877138554 -0.0207783466 -0.044000001
v 0.00875732838 -0.020742622 -0.0520000005
v 0.00875732838 -0.020742622 -0.044000001
v 0.00876949726 -0.0148742633 -0.0470000005
v 0.0089442104 -0.0149303585 -0.044000001
v 0.00878807484 -0.00100989872 -0.0470000005
v 0.00878807484 -0.00100989872 -0.044000001
v 0.00892261921 -0.000972571907 -0.0470000005
v 0.00892261921 -0.000972571907 -0.044000001
v 0.00877766072 0.00328884548 -0.0520000005
v 0.0089542812 0.00340135998 -0.044000001
v 0.0089542812 0.0100336689 -0.0520000005
v 0.00877766072 0.0101461834 -0.044000001
v 0.00878807484 0.0144449276 -0.0470000005
v 0.00878807484 0.0144449276 -0.044000001
v 0.00876411854 0.0283076519 -0.0470000005
v 0.00876411854 0.0283076519 -0.044000001
v 0.00875732838 0.0341776509 -0.0520000005
v 0.00878483235 0.0342493481 -0.044000001
v 0.00879764973 0.0342855305 -0.0520000005
v 0.00885216175 0.0344695515 -0.044000001
v 0.00886112629 0.0345068974 -0.0520000005
v 0.00890112339 0.0347336811 -0.044000001
v 0.00890545308 0.0347718281 -0.0520000005
v 0.00891718327 0.0349633831 -0.044000001
v 0.00891750752 0.0350017781 -0.0520000005
v 0.00890545308 0.0352317471 -0.044000001
v 0.00890112339 0.0352698941 -0.0520000005
v 0.00886112629 0.0354966778 -0.044000001
v 0.00885216175 0.0355340046 -0.0520000005
v 0.00879764973 0.0357180447 -0.044000001
v 0.00878483235 0.0357542271 -0.0520000005
v 0.00875732838 0.0358259243 -0.044000001
v 0.00899649083 0.0416204113 -0.0470000005
v 0.00899649083 0.0416204113 -0.044000001
v 0.008833279 0.0477352757 0.0262167358
v 0.00924087941 -0.0280961185 -0.0470000005
v 0.00907822071 -0.0281566768 -0.044000001
v 0.00919161259 -0.0150185733 -0.0470000005
v 0.00917404591 -0.0150119548 -0.044000001
v 0.00905193745 -0.0149674755 -0.0470000005
v 0.00905947148 -0.0149701458 -0.044000001
v 0.00918964802 -0.000890937386 -0.0470000005
v 0.00905649601 -0.000932918129 -0.044000001
v 0.00901182591 0.00344089931 -0.0520000005
v 0.0090686649 0.00348144955 -0.044000001
v 0.00912477909 0.00352297253 -0.0520000005
v 0.00923479496 0.00360893673 -0.044000001
v 0.00923479496 0.00982609219 -0.0520000005
v 0.00901182591 0.0099941296 -0.044000001
v 0.00911165654 0.028423943 -0.0470000005
v 0.00911165654 0.028423943 -0.044000001
v 0.00922609745 0.0415368504 -0.0470000005
v 0.00922609745 0.0415368504 -0.044000001
v 0.00914658009 0.0474219555 0.0266739082
v 0.00944765507 -0.028012405 -0.0470000005
v 0.00930635868 -0.0280704456 -0.044000001
v 0.00926104008 -0.015045219 -0.0470000005
v 0.00940088688 -0.0151015049 -0.044000001
v 0.00945368229 -0.00080003315 -0.0470000005
v 0.00932205616 -0.000846629677 -0.044000001
v 0.00928865849 0.00365333981 -0.0520000005
v 0.0093940395 0.00374493069 -0.044000001
v 0.00944549977 0.00379209942 -0.0520000005
v 0.00949613987 0.0038401646 -0.044000001
v 0.00949613987 0.00959486431 -0.0520000005
v 0.00934175908 0.00973635143 -0.044000001
v 0.00928865849 0.00978168911 -0.0520000005
v 0.00928865849 0.00978168911 -0.044000001
v 0.00933975636 0.0285114903 -0.0470000005
v 0.00933975636 0.0285114903 -0.044000001
v 0.00945263325 0.0414453167 -0.0470000005
v 0.00945263325 0.0414453167 -0.044000001
v 0.0094652599 0.0471032757 0.0271235943
v 0.00971901356 -0.0278906017 -0.0470000005
v 0.00953134953 -0.0279763179 -0.044000001
v 0.00973854481 -0.0152522235 -0.0470000005
v 0.00973497807 -0.015250526 -0.044000001
v 0.00953579365 -0.015159164 -0.0470000005
v 0.00962448536 -0.0151989132 -0.044000001
v 0.00958445012 -0.000751128731 -0.0470000005
v 0.00958445012 -0.000751128731 -0.044000001
v 0.00971435963 -0.000699954567 -0.0470000005
v 0.00971435963 -0.000699954567 -0.044000001
v 0.00954594075 0.0038890881 -0.0520000005
v 0.00964292942 0.00398952908 -0.044000001
v 0.00969009816 0.00404098934 -0.0520000005
v 0.00973635136 0.00409326977 -0.044000001
v 0.00973635136 0.00934175915 -0.0520000005
v 0.00959486424 0.00949613995 -0.044000001
v 0.00954594075 0.00954594082 -0.0520000005
v 0.00954594075 0.00954594082 -0.044000001
v 0.00956467091 0.0286069722 -0.0470000005
v 0.00956467091 0.0286069722 -0.044000001
v 0.00967585026 0.0413459439 -0.0470000005
v 0.00967585026 0.0413459439 -0.044000001
v 0.00998495518 -0.0277573734 -0.0470000005
v 0.00975292622 -0.0278743892 -0.044000001
v 0.0098054546 -0.0152846675 -0.0470000005
v 0.00995317875 -0.0153594738 -0.044000001
v 0.00997141301 -0.000590854225 -0.0470000005
v 0.00984337269 -0.000646529732 -0.044000001
v 0.00978168904 0.00414637035 -0.0520000005
v 0.00982609211 0.00420023388 -0.044000001
v 0.00986956059 0.00425486034 -0.0520000005
v 0.00999412953 0.00442320293 -0.044000001
v 0.00999412953 0.00901182598 -0.0520000005
v 0.00982609211 0.00923479504 -0.044000001
v 0.00978168904 0.00928865856 -0.0520000005
v 0.00978168904 0.00928865856 -0.044000001
v 0.00978611409 0.028710236 -0.0470000005
v 0.00978611409 0.028710236 -0.044000001
v 0.00989544331 0.028764748 -0.0470000005
v 0.00989544331 0.028764748 -0.044000001
v 0.00989544331 0.0412388272 -0.0470000005
v 0.00989544331 0.0412388272 -0.044000001
v 0.00978611409 0.0412933392 -0.0470000005
v 0.00978611409 0.0412933392 -0.044000001
v 0.00978922306 0.0467793316 0.02756567
v 0.0102450031 -0.0276129871 -0.0470000005
v 0.0100783008 -0.0277072101 -0.044000001
v 0.0100040668 -0.0153862529 -0.0470000005
v 0.0101674694 -0.0154759555 -0.044000001
v 0.0100984615 -0.000532947121 -0.0470000005
v 0.0100984615 -0.000532947121 -0.044000001
v 0.01022448 -0.000472846566 -0.0470000005
v 0.01022448 -0.000472846566 -0.044000001
v 0.0100336689 0.00448074764 -0.0520000005
v 0.0100336689 0.00448074764 -0.044000001
v 0.0100721973 0.00453895992 -0.0520000005
v 0.0101816219 0.00471750683 -0.044000001
v 0.0102159923 0.00477827496 -0.0520000005
v 0.0102493137 0.00483963436 -0.044000001
v 0.0102493137 0.00859539455 -0.0520000005
v 0.0101816219 0.00871752209 -0.044000001
v 0.0101461834 0.00877766079 -0.0520000005
v 0.0100336689 0.00895428127 -0.044000001
v 0.0100038189 0.0288211483 -0.0470000005
v 0.0100038189 0.0288211483 -0.044000001
v 0.0102175182 0.0410639614 -0.0470000005
v 0.0102175182 0.0410639614 -0.044000001
v 0.0101183742 0.0464501805 0.0280000019
v 0.0103726619 -0.0275366741 -0.0470000005
v 0.0102901691 -0.0275863987 -0.044000001
v 0.0104986614 -0.0274576717 -0.0470000005
v 0.0104977077 -0.0274582821 -0.044000001
v 0.010263657 -0.0155314594 -0.0470000005
v 0.0104809421 -0.015664497 -0.044000001
v 0.0104732937 -0.000346065102 -0.0470000005
v 0.0103494304 -0.000410533486 -0.044000001
v 0.0102815479 0.0049015469 -0.0520000005
v 0.0103126949 0.00496403164 -0.044000001
v 0.0103427547 0.00502705044 -0.0520000005
v 0.0104262584 0.0052190823 -0.044000001
v 0.010451836 0.00528404659 -0.0520000005
v 0.010499596 0.00541523403 -0.044000001
v 0.010499596 0.00801979488 -0.0520000005
v 0.0104262584 0.00821594662 -0.044000001
v 0.0103995365 0.00828043407 -0.0520000005
v 0.0103126949 0.00847099728 -0.044000001
v 0.0102815479 0.00853348202 -0.0520000005
v 0.0102815479 0.00853348202 -0.044000001
v 0.0103227848 0.0290016217 -0.0470000005
v 0.0103227848 0.0290016217 -0.044000001
v 0.0104269451 0.0409381146 -0.0470000005
v 0.0104269451 0.0409381146 -0.044000001
v 0.0103227848 0.0410019535 -0.0470000005
v 0.0103227848 0.0410019535 -0.044000001
v 0.0107455104 -0.0272917324 -0.0470000005
v 0.0105997699 -0.0273915439 -0.044000001
v 0.0106408924 -0.0157695919 -0.0470000005
v 0.0106842655 -0.0157991939 -0.044000001
v 0.0105168575 -0.0156875568 -0.0470000005
v 0.0105831951 -0.0157309681 -0.044000001
v 0.0105959934 -0.000279441414 -0.0470000005
v 0.0105959934 -0.000279441414 -0.044000001
v 0.0107175106 -0.000210681496 -0.0470000005
v 0.0107175106 -0.000210681496 -0.044000001
v 0.0105217403 0.0054814381 -0.0520000005
v 0.0105217403 0.0054814381 -0.044000001
v 0.0105427402 0.00554802364 -0.0520000005
v 0.0105987018 0.00574982113 -0.044000001
v 0.0106149906 0.00581770367 -0.0520000005
v 0.0106440204 0.00595426983 -0.044000001
v 0.0106567424 0.00602291531 -0.0520000005
v 0.0106876987 0.00623003429 -0.044000001
v 0.0106955951 0.00629940456 -0.0520000005
v 0.010707764 0.00643848843 -0.044000001
v 0.0107120365 0.00650816387 -0.0520000005
v 0.0107175106 0.00671751446 -0.044000001
v 0.0107169002 0.00678732342 -0.0520000005
v 0.010707764 0.00699654049 -0.044000001
v 0.0107022899 0.00706613964 -0.0520000005
v 0.0106876987 0.00720499462 -0.044000001
v 0.0106785816 0.0072742123 -0.0520000005
v 0.0106440204 0.00748075909 -0.044000001
v 0.0106300968 0.00754915661 -0.0520000005
v 0.0105987018 0.00768520779 -0.044000001
v 0.0105812114 0.00775278515 -0.0520000005
v 0.0105217403 0.00795359081 -0.044000001
v 0.0105299801 0.0291310925 -0.0470000005
v 0.0105299801 0.0291310925 -0.044000001
v 0.0107325405 0.0292677159 -0.0470000005
v 0.0107325405 0.0292677159 -0.044000001
v 0.0107325405 0.0407358593 -0.0470000005
v 0.0107325405 0.0407358593 -0.044000001
v 0.0106318706 0.0408050579 -0.0470000005
v 0.0106318706 0.0408050579 -0.044000001
v 0.0108003276 -0.0272527652 -0.044000001
v 0.0109850734 -0.0271154361 -0.0470000005
v 0.0108987659 -0.0271807819 -0.044000001
v 0.0109801525 -0.0160142856 -0.044000001
v 0.0107631725 -0.0158542591 -0.0470000005
v 0.0108827823 -0.0159408718 -0.044000001
v 0.0109568638 -6.6867409e-05 -0.0470000005
v 0.0108378261 -0.000139823494 -0.044000001
v 0.0108320087 0.0293386692 -0.0470000005
v 0.0108320087 0.0293386692 -0.044000001
v 0.0109302181 0.040592236 -0.0470000005
v 0.0109302181 0.040592236 -0.044000001
v 0.0111019939 -0.027023521 -0.0470000005
v 0.0110917896 -0.0270317035 -0.044000001
v 0.0112169498 -0.0269291454 -0.0470000005
v 0.0111863369 -0.0269546848 -0.044000001
v 0.0110022014 -0.0160312801 -0.0470000005
v 0.0111710018 -0.0161661487 -0.044000001
v 0.0111910671 8.52054974e-05 -0.0470000005
v 0.0110746235 8.14861268e-06 -0.044000001
v 0.0110271495 0.0294857067 -0.0470000005
v 0.0110271495 0.0294857067 -0.044000001
v 0.0111227649 0.0295617718 -0.0470000005
v 0.0111227649 0.0295617718 -0.044000001
v 0.0112170261 0.040364098 -0.0470000005
v 0.0112170261 0.040364098 -0.044000001
v 0.0110271495 0.0405178685 -0.0470000005
v 0.0110271495 0.0405178685 -0.044000001
v 0.0113855404 -0.0267830425 -0.0470000005
v 0.0112795108 -0.0268760067 -0.044000001
v 0.0114953083 -0.0266826969 -0.0470000005
v 0.0114617008 -0.026713863 -0.044000001
v 0.0112900585 -0.0162665706 -0.0470000005
v 0.0114470523 -0.0164061885 -0.044000001
v 0.0112644046 -0.0162445598 -0.044000001
v 0.0114197963 0.000245384636 -0.0470000005
v 0.0113061184 0.000164303245 -0.044000001
v 0.0113099331 0.0297188229 -0.0470000005
v 0.0113099331 0.0297188229 -0.044000001
v 0.0114014286 0.0297997708 -0.0470000005
v 0.0114014286 0.0297997708 -0.044000001
v 0.0114914936 0.0401212544 -0.0470000005
v 0.0114914936 0.0401212544 -0.044000001
v 0.0113099331 0.0402847523 -0.0470000005
v 0.0113099331 0.0402847523 -0.044000001
v 0.011655888 -0.0265278392 -0.0470000005
v 0.0115506405 -0.0266304355 -0.044000001
v 0.011708321 -0.0264751011 -0.0470000005
v 0.0117241138 -0.026458984 -0.044000001
v 0.0115650028 -0.0165168148 -0.0470000005
v 0.0117101902 -0.0166603046 -0.044000001
v 0.011511082 -0.0164656215 -0.0470000005
v 0.01153624 -0.016489368 -0.044000001
v 0.0116428035 0.00041342205 -0.0470000005
v 0.0115320438 0.000328430595 -0.044000001
v 0.0115801281 0.0299664158 -0.0470000005
v 0.0115801281 0.0299664158 -0.044000001
v 0.0116672557 0.0300520367 -0.0470000005
v 0.0116672557 0.0300520367 -0.044000001
v 0.0116672557 0.0399515385 -0.0470000005
v 0.0116672557 0.0399515385 -0.044000001
v 0.0115801281 0.0400371594 -0.0470000005
v 0.0115801281 0.0400371594 -0.044000001
v 0.011912331 -0.0262586551 -0.0470000005
v 0.0118085903 -0.0263710361 -0.044000001
v 0.0119618839 -0.0262032085 -0.0470000005
v 0.0119728511 -0.0261907535 -0.044000001
v 0.0118262905 -0.0167813068 -0.0470000005
v 0.0119596904 -0.0169278293 -0.044000001
v 0.0117751545 -0.0167273098 -0.0470000005
v 0.0117949146 -0.0167480426 -0.044000001
v 0.0119659847 0.000679840507 -0.0470000005
v 0.0117520755 0.000500339927 -0.044000001
v 0.0117528957 0.0301391835 -0.0470000005
v 0.0117528957 0.0301391835 -0.044000001
v 0.0119195217 0.0303178639 -0.0470000005
v 0.0119195217 0.0303178639 -0.044000001
v 0.0119195217 0.0396856923 -0.0470000005
v 0.0119195217 0.0396856923 -0.044000001
v 0.0118369907 0.0397757763 -0.0470000005
v 0.0118369907 0.0397757763 -0.044000001
v 0.0121069568 -0.0260337406 -0.0470000005
v 0.0120526165 -0.0260984951 -0.044000001
v 0.0122465557 -0.0258597332 -0.0470000005
v 0.0122072452 -0.0259098964 -0.044000001
v 0.0120249599 -0.0170026546 -0.0470000005
v 0.0121948856 -0.0172080379 -0.044000001
v 0.0121735042 0.000866684379 -0.0470000005
v 0.0120705646 0.000772346916 -0.044000001
v 0.0120004886 0.0304093785 -0.0470000005
v 0.0120004886 0.0304093785 -0.044000001
v 0.0120798343 0.0305022663 -0.0470000005
v 0.0120798343 0.0305022663 -0.044000001
v 0.0122335857 0.0393114132 -0.0470000005
v 0.0122335857 0.0393114132 -0.044000001
v 0.0120798343 0.0395012898 -0.0470000005
v 0.0120798343 0.0395012898 -0.044000001
v 0.0122918552 -0.0258007389 -0.0470000005
v 0.0122820705 -0.0258135944 -0.044000001
v 0.0124667019 -0.0255601268 -0.0470000005
v 0.0123552173 -0.0257160144 -0.044000001
v 0.0124364513 -0.0175301891 -0.0470000005
v 0.0124850887 -0.0175999981 -0.044000001
v 0.0122598117 -0.0172908931 -0.0470000005
v 0.0123433918 -0.0174014812 -0.044000001
v 0.0122747844 0.000962795677 -0.0470000005
v 0.0122747844 0.000962795677 -0.044000001
v 0.0124722332 0.00116024441 -0.0470000005
v 0.0123743671 0.00106066174 -0.044000001
v 0.0123079723 0.0307890744 -0.0470000005
v 0.0123079723 0.0307890744 -0.044000001
v 0.0124515766 0.0390168232 -0.0470000005
v 0.0124515766 0.0390168232 -0.044000001
v 0.0126311535 -0.025312286 -0.0470000005
v 0.0125642818 -0.0254158359 -0.044000001
v 0.0127475017 -0.0251219326 -0.0470000005
v 0.0126948208 -0.0252098232 -0.044000001
v 0.0127472919 -0.0180112224 -0.044000001
v 0.0126027721 -0.0177767902 -0.0470000005
v 0.0126844448 -0.0179067188 -0.044000001
v 0.0125209087 -0.0176526027 -0.0470000005
v 0.0125533146 -0.0177010875 -0.044000001
v 0.0126626819 0.00136446423 -0.0470000005
v 0.0125683445 0.00126152462 -0.044000001
v 0.0125207752 0.0310874409 -0.0470000005
v 0.0125207752 0.0310874409 -0.044000001
v 0.0126538509 0.0312923474 -0.0470000005
v 0.0126538509 0.0312923474 -0.044000001
v 0.0127176899 0.0386070485 -0.0470000005
v 0.0127176899 0.0386070485 -0.044000001
v 0.0125882 0.0388142628 -0.0470000005
v 0.0125882 0.0388142628 -0.044000001
v 0.0127279132 0.0551543278 -0.044000001
v 0.0127279132 0.0551543278 0.0233238029
v 0.0127849239 -0.025057674 -0.0470000005
v 0.0127573627 -0.0251051288 -0.044000001
v 0.0129277462 -0.0247967678 -0.0470000005
v 0.0128180927 -0.0249993854 -0.044000001
v 0.0129949611 -0.0246641117 -0.0470000005
v 0.0129890865 -0.0246759945 -0.044000001
v 0.0129032367 -0.0182900386 -0.0470000005
v 0.0129802364 -0.0184397083 -0.044000001
v 0.0127584499 -0.0180302196 -0.0470000005
v 0.012867493 -0.018223434 -0.044000001
v 0.0127551883 0.00146904415 -0.0470000005
v 0.0127551883 0.00146904415 -0.044000001
v 0.0129346889 0.0016829533 -0.0470000005
v 0.0128458637 0.00157520718 -0.044000001
v 0.0127796978 0.0315017933 -0.0470000005
v 0.0127796978 0.0315017933 -0.044000001
v 0.0129545635 0.0318238491 -0.0470000005
v 0.0129545635 0.0318238491 -0.044000001
v 0.0129545635 0.0381797261 -0.0470000005
v 0.0129545635 0.0381797261 -0.044000001
v 0.0128981441 0.0382880825 -0.0470000005
v 0.0128981441 0.0382880825 -0.044000001
v 0.0127796978 0.0385017819 -0.0470000005
v 0.0127796978 0.0385017819 -0.044000001
v 0.0130593532 -0.0245300441 -0.0470000005
v 0.0130423015 -0.0245662647 -0.044000001
v 0.0131795162 -0.0242579418 -0.0470000005
v 0.0130935901 -0.0244556194 -0.044000001
v 0.0132352298 -0.0241200595 -0.0470000005
v 0.013190369 -0.0242317539 -0.044000001
v 0.0132430881 -0.0190336185 -0.0470000005
v 0.0131295818 -0.0187586742 -0.0470000005
v 0.013228535 -0.0189964061 -0.044000001
v 0.0130368465 -0.0185557895 -0.0470000005
v 0.0130853695 -0.0186597782 -0.044000001
v 0.0130045169 -0.0184888225 -0.0470000005
v 0.0131065982 0.00190298504 -0.0470000005
v 0.0130216068 0.0017922253 -0.044000001
v 0.0131896442 0.00201523251 -0.0470000005
v 0.0131896442 0.00201523251 -0.044000001
v 0.0130090755 0.0319331784 -0.0470000005
v 0.0130090755 0.0319331784 -0.044000001
v 0.0130616611 0.0320434613 -0.0470000005
v 0.0130616611 0.0320434613 -0.044000001
v 0.0131610531 0.0322666592 -0.0470000005
v 0.0131610531 0.0322666592 -0.044000001
v 0.0132078022 0.0376240391 -0.0470000005
v 0.0132078022 0.0376240391 -0.044000001
v 0.0131123394 0.0378489346 -0.0470000005
v 0.0131123394 0.0378489346 -0.044000001
v 0.0130090755 0.0380703778 -0.0470000005
v 0.0130090755 0.0380703778 -0.044000001
v 0.0130072063 0.0548750538 0.0238231373
v 0.0132619899 -0.0240506702 -0.0470000005
v 0.0132792705 -0.0240046459 -0.044000001
v 0.0133616108 -0.0237704044 -0.0470000005
v 0.0133207554 -0.023889957 -0.044000001
v 0.0134284443 -0.0235575634 -0.0470000005
v 0.0133976787 -0.0236585193 -0.044000001
v 0.0134884876 -0.0233427196 -0.0470000005
v 0.0134664959 -0.0234245258 -0.044000001
v 0.0134939426 -0.0198117405 -0.0470000005
v 0.0134928554 -0.0198075634 -0.044000001
v 0.0134132618 -0.0195254474 -0.0470000005
v 0.0134611744 -0.0196898037 -0.044000001
v 0.013344807 -0.0193131214 -0.0470000005
v 0.0133917087 -0.0194560199 -0.044000001
v 0.0132696384 -0.0191030841 -0.0470000005
v 0.0133141178 -0.0192247921 -0.044000001
v 0.0133498233 0.00224396175 -0.0470000005
v 0.0132707256 0.00212891048 -0.044000001
v 0.0134268802 0.00236040539 -0.0470000005
v 0.0134268802 0.00236040539 -0.044000001
v 0.0132525867 0.0324932141 -0.0470000005
v 0.0132525867 0.0324932141 -0.044000001
v 0.0132953685 0.0326076359 -0.0470000005
v 0.0132953685 0.0326076359 -0.044000001
v 0.013374905 0.0328386731 -0.0470000005
v 0.013374905 0.0328386731 -0.044000001
v 0.0134463543 0.0330723233 -0.0470000005
v 0.0134463543 0.0330723233 -0.044000001
v 0.013478989 0.0368135113 -0.0470000005
v 0.013478989 0.0368135113 -0.044000001
v 0.0134116405 0.0370483822 -0.0470000005
v 0.0134116405 0.0370483822 -0.044000001
v 0.0133361477 0.0372807545 -0.0470000005
v 0.0133361477 0.0372807545 -0.044000001
v 0.0132525867 0.0375103611 -0.0470000005
v 0.0132525867 0.0375103611 -0.044000001
v 0.0132923549 0.0545898861 0.0243157768
v 0.0135069698 -0.0232706791 -0.0470000005
v 0.0135578197 -0.0230534702 -0.0470000005
v 0.0135271114 -0.0231883007 -0.044000001
v 0.0136147922 -0.0227615314 -0.0470000005
v 0.0135794681 -0.0229500919 -0.044000001
v 0.0136493724 -0.0225411373 -0.0470000005
v 0.0136234897 -0.0227102047 -0.044000001
v 0.0136768955 -0.0223197704 -0.0470000005
v 0.0136591381 -0.0224689251 -0.044000001
v 0.0137026065 -0.0220234447 -0.0470000005
v 0.0136863559 -0.0222265583 -0.044000001
v 0.0137136119 -0.0218006282 -0.0470000005
v 0.0137051052 -0.0219833904 -0.044000001
v 0.0137172168 -0.0215032154 -0.0470000005
v 0.0137153858 -0.0217397266 -0.044000001
v 0.0137116474 -0.0212801891 -0.0470000005
v 0.0137171596 -0.0214958339 -0.044000001
v 0.0136989635 -0.021057468 -0.0470000005
v 0.0137038845 -0.0211302524 -0.044000001
v 0.0136710209 -0.020761333 -0.0470000005
v 0.0136844486 -0.0208871418 -0.044000001
v 0.0136418193 -0.020540176 -0.0470000005
v 0.0136565441 -0.0206448513 -0.044000001
v 0.0136055988 -0.0203200489 -0.0470000005
v 0.0136202091 -0.0204036861 -0.044000001
v 0.0135464138 -0.0200285488 -0.0470000005
v 0.0135755008 -0.0201639324 -0.044000001
v 0.0135121959 -0.0198838192 -0.0470000005
v 0.0135224765 -0.0199258762 -0.044000001
v 0.0135018963 0.00247816509 -0.0470000005
v 0.0135018963 0.00247816509 -0.044000001
v 0.0136457103 0.00271751827 -0.0470000005
v 0.0135748523 0.00259720272 -0.044000001
v 0.0137144703 0.00283903545 -0.0470000005
v 0.0137144703 0.00283903545 -0.044000001
v 0.0135095829 0.0333083386 -0.0470000005
v 0.0135095829 0.0333083386 -0.044000001
v 0.0135645527 0.0335463948 -0.0470000005
v 0.0135645527 0.0335463948 -0.044000001
v 0.0136111683 0.0337862439 -0.0470000005
v 0.0136111683 0.0337862439 -0.044000001
v 0.0136493915 0.0340275807 -0.0470000005
v 0.0136493915 0.0340275807 -0.044000001
v 0.0136791652 0.034270081 -0.0470000005
v 0.0136791652 0.034270081 -0.044000001
v 0.0137004703 0.0345134968 -0.0470000005
v 0.0137004703 0.0345134968 -0.044000001
v 0.0137132496 0.0347574849 -0.0470000005
v 0.0137132496 0.0347574849 -0.044000001
v 0.013717522 0.0350017781 -0.0470000005
v 0.013717522 0.0350017781 -0.044000001
v 0.0137079281 0.0353681416 -0.0470000005
v 0.0137079281 0.0353681416 -0.044000001
v 0.0136908764 0.0356118817 -0.0470000005
v 0.0136908764 0.0356118817 -0.044000001
v 0.013665337 0.0358548779 -0.0470000005
v 0.013665337 0.0358548779 -0.044000001
v 0.0136313289 0.0360968251 -0.0470000005
v 0.0136313289 0.0360968251 -0.044000001
v 0.0135889095 0.0363374562 -0.0470000005
v 0.0135889095 0.0363374562 -0.044000001
v 0.0135380977 0.036576447 -0.0470000005
v 0.0135380977 0.036576447 -0.044000001
v 0.013583321 0.0542989392 0.0248015976
v 0.0137810939 0.00296173519 -0.0470000005
v 0.0137810939 0.00296173519 -0.044000001
v 0.0139078754 0.00321054882 -0.0470000005
v 0.0138455623 0.00308559841 -0.044000001
v 0.013967976 0.00333656734 -0.0470000005
v 0.013967976 0.00333656734 -0.044000001
v 0.01387999 0.0540022702 0.025280447
v 0.0140258831 0.00346361584 -0.0470000005
v 0.0140258831 0.00346361584 -0.044000001
v 0.0141349834 0.00372066921 -0.0470000005
v 0.0140815586 0.00359165615 -0.044000001
v 0.014235062 0.00398134655 -0.0470000005
v 0.0141861576 0.00385057873 -0.044000001
v 0.014142136 0.0480832524 -0.0379999995
v 0.014142136 0.0480832524 0.0219999981
v 0.0141822857 0.0536999745 0.0257522106
v 0.0143259662 0.00424538082 -0.0470000005
v 0.0142816585 0.00411297268 -0.044000001
v 0.014367947 0.00437853283 -0.0470000005
v 0.014367947 0.00437853283 -0.044000001
v 0.0144449276 0.004646954 -0.0470000005
v 0.0144076007 0.00451240963 -0.044000001
v 0.0144798893 0.00478214687 -0.0470000005
v 0.0144798893 0.00478214687 -0.044000001
v 0.0144798893 0.00865288204 -0.0470000005
v 0.0144798893 0.00865288204 -0.044000001
v 0.0144449276 0.00878807491 -0.0470000005
v 0.0144449276 0.00878807491 -0.044000001
v 0.0144901317 0.0533921284 0.0262167358
v 0.0145124668 0.00491791195 -0.0470000005
v 0.0145124668 0.00491791195 -0.044000001
v 0.0145705265 0.00519104427 -0.0470000005
v 0.0145426983 0.00505423016 -0.044000001
v 0.0146190303 0.0054660458 -0.0470000005
v 0.0145959705 0.00532833523 -0.044000001
v 0.014657883 0.00574255413 -0.0470000005
v 0.0146396679 0.00560413784 -0.044000001
v 0.014673695 0.00588129467 -0.0470000005
v 0.014673695 0.00588129467 -0.044000001
v 0.0146980327 0.00615946239 -0.0470000005
v 0.0146870655 0.00602026409 -0.044000001
v 0.014712643 0.00643831676 -0.0470000005
v 0.0147065586 0.00629883236 -0.044000001
v 0.0147175068 0.00671751446 -0.0470000005
v 0.0147163051 0.00657789654 -0.044000001
v 0.014712643 0.00699671215 -0.0470000005
v 0.0147163051 0.00685713238 -0.044000001
v 0.0147065586 0.00713619656 -0.0470000005
v 0.0147065586 0.00713619656 -0.044000001
v 0.0146870655 0.00741476482 -0.0470000005
v 0.0146980327 0.00727556652 -0.044000001
v 0.014657883 0.00769247478 -0.0470000005
v 0.014673695 0.00755373425 -0.044000001
v 0.0146190303 0.00796898312 -0.0470000005
v 0.0146396679 0.00783089107 -0.044000001
v 0.0145705265 0.00824398464 -0.0470000005
v 0.0145959705 0.00810669369 -0.044000001
v 0.0145426983 0.00838079876 -0.0470000005
v 0.0145426983 0.00838079876 -0.044000001
v 0.0145124668 0.00851711697 -0.0470000005
v 0.0145124668 0.00851711697 -0.044000001
v 0.0148034328 0.0530788083 0.0266739082
v 0.0151221126 0.0527601475 0.0271235943
v 0.0154460758 0.0524361843 0.02756567
v 0.0157752269 0.0521070332 0.0280000019
v 0.0169705623 0.0509116787 -0.0379999995
v 0.0169705623 0.0509116787 0.0219999981
v 0.0207309383 0.0259380955 -0.00156292439
v 0.0207120556 0.0259569973 -0.00149842739
v 0.0206766742 0.0259923787 0.00136807919
v 0.0207309383 0.0259380955 0.00156292439
v 0.0206601947 0.0260088581 -0.00130227089
v 0.0206445354 0.0260245175 -0.00123606682
v 0.0205901188 0.0260789341 -0.00096768856
v 0.0205490726 0.0261199803 -0.000694594383
v 0.0205271763 0.0261418766 -0.000487475395
v 0.020509972 0.0261590809 -0.000209345818
v 0.0205061 0.0261629528 0
v 0.0205129856 0.0261560673 0.000279026031
v 0.0205336231 0.0261354298 0.000556693077
v 0.0205580562 0.0261109776 0.000763235092
v 0.0206024784 0.0260665745 0.00103527546
v 0.0206601947 0.0260088581 0.00130227089
v 0.0209896511 0.0256794018 -0.00223677158
v 0.0209358829 0.02573317 0.00211967468
v 0.0209100956 0.0257589573 -0.0020601511
v 0.020885033 0.0257840199 -0.00199999809
v 0.0207711071 0.0258979458 -0.00169047356
v 0.0207506221 0.0259184117 0.00162694454
v 0.0207923549 0.025876698 0.00175348282
v 0.0209100956 0.0257589573 0.0020601511
v 0.0212325901 0.0254364628 -0.00267652035
v 0.021199879 0.0254691739 0.00262423515
v 0.0211678165 0.0255012173 -0.00257114887
v 0.0211056942 0.0255633587 -0.00246264458
v 0.0210176128 0.0256514401 0.00229430676
v 0.0211364216 0.0255326313 0.00251728058
v 0.0212370342 0.0409883541 -0.000970935822
v 0.0212266201 0.0409987873 -0.000728459358
v 0.0212266201 0.0409987873 0.000728459358
v 0.0212370342 0.0409883541 0.000970935822
v 0.0212191623 0.041006226 -0.000485758781
v 0.0212146991 0.0410107083 -0.000242915154
v 0.0212146991 0.0410107083 0.000242915154
v 0.0212191623 0.041006226 0.000485758781
v 0.0214789051 0.0251901478 -0.00301883698
v 0.0214419407 0.0252271122 -0.002972579
v 0.0214419407 0.0252271122 0.002972579
v 0.0214789051 0.0251901478 0.00301883698
v 0.0214055484 0.0252635044 -0.00292541504
v 0.0212659496 0.0254031033 -0.00272799492
v 0.0212659496 0.0254031033 0.00272799492
v 0.0212999195 0.0253691334 0.00277863503
v 0.0214640087 0.0407613987 -0.00313136578
v 0.0214270443 0.0407983632 -0.00289412975
v 0.021392979 0.0408324093 -0.00265602589
v 0.0213618702 0.0408635373 -0.00241712093
v 0.0213336795 0.0408917279 -0.00217748642
v 0.0213084263 0.0409169621 -0.00193719864
v 0.0212861484 0.040939259 -0.00169632435
v 0.0212668079 0.0409585804 -0.00145494461
v 0.0212504429 0.0409749646 -0.00121312141
v 0.0212504429 0.0409749646 0.00121312141
v 0.0212668079 0.0409585804 0.00145494461
v 0.0212861484 0.040939259 0.00169632435
v 0.0213084263 0.0409169621 0.00193719864
v 0.0213336795 0.0408917279 0.00217748642
v 0.0213618702 0.0408635373 0.00241712093
v 0.021392979 0.0408324093 0.00265602589
v 0.0214270443 0.0407983632 0.00289412975
v 0.0214640087 0.0407613987 0.00313136578
v 0.021712212 0.0249568409 -0.00327661037
v 0.0216720241 0.0249970288 -0.00323606968
v 0.0216720241 0.0249970288 0.00323606968
v 0.021712212 0.0249568409 0.00327661037
v 0.0216323322 0.0250367207 -0.00319454193
v 0.0215164417 0.0251526112 0.00306417942
v 0.0217463535 0.0404790348 -0.00453248978
v 0.0217463535 0.0404790348 0.00453248978
v 0.0216921657 0.0405332417 -0.00430197239
v 0.0216408008 0.0405846066 -0.00407016277
v 0.0215922779 0.0406331105 -0.00383712292
v 0.021546635 0.0406787533 -0.00360293388
v 0.0215038723 0.0407215161 -0.00336765289
v 0.0215038723 0.0407215161 0.00336765289
v 0.021546635 0.0406787533 0.00360293388
v 0.0215922779 0.0406331105 0.00383712292
v 0.0216408008 0.0405846066 0.00407016277
v 0.0216921657 0.0405332417 0.00430197239
v 0.0219632763 0.0247057766 -0.00349847794
v 0.0219203037 0.0247487301 0.00346410275
v 0.0218777698 0.024791264 -0.00342866898
v 0.0217528957 0.0249161572 0.00331614971
v 0.0219911808 0.0402342076 -0.00544022083
v 0.0219911808 0.0402342076 0.00544022083
v 0.0219258159 0.0402995915 -0.00521557808
v 0.0218033832 0.0404220242 -0.00476164341
v 0.0218631977 0.0403621907 0.00498936176
v 0.0219258159 0.0402995915 0.00521557808
v 0.0222293705 0.0244396824 -0.00368201733
v 0.02218409 0.0244849438 0.00365417957
v 0.0221391719 0.0245298619 -0.00362523079
v 0.0220066494 0.0246623845 0.00353178978
v 0.0222036976 0.0400216908 -0.00610406399
v 0.0221301502 0.0400952382 -0.00588453293
v 0.0220593113 0.0401660962 -0.00566322803
v 0.0220593113 0.0401660962 0.00566322803
v 0.0221301502 0.0400952382 0.00588453293
v 0.0222036976 0.0400216908 0.00610406399
v 0.0224604839 0.0242085499 -0.00380422592
v 0.0224604839 0.0242085499 0.00380422592
v 0.0224136776 0.0242553753 -0.00378207207
v 0.0223209041 0.0243481488 -0.00373432159
v 0.0222749752 0.0243940777 0.00370873451
v 0.0223671383 0.0243018956 0.00375876904
v 0.0224403614 0.039785046 -0.00675136566
v 0.0223588222 0.0398665661 -0.00653754711
v 0.0222799343 0.0399454541 -0.00632175446
v 0.0222799343 0.0399454541 0.00632175446
v 0.0223588222 0.0398665661 0.00653754711
v 0.0224403614 0.039785046 0.00675136566
v 0.0227464527 0.0239225811 -0.00391259193
v 0.0226982731 0.0239707798 0.00389748096
v 0.0226502651 0.0240187878 -0.00388118267
v 0.0225075763 0.0241614766 0.00382522106
v 0.0227005047 0.0395248837 -0.00738037586
v 0.0226112217 0.0396141858 -0.00717284679
v 0.0225244945 0.0397008938 -0.00696315289
v 0.0225244945 0.0397008938 0.00696315289
v 0.0226112217 0.0396141858 0.00717284679
v 0.0227005047 0.0395248837 0.00738037586
v 0.0229898304 0.0236792225 -0.00397018433
v 0.0229408878 0.0237281651 0.00396107197
v 0.0228920597 0.0237769932 -0.00395075321
v 0.0227948421 0.0238742108 0.00392651081
v 0.0229834407 0.0392419476 -0.00798939705
v 0.0229834407 0.0392419476 0.00798939705
v 0.0228866428 0.0393387455 -0.00778871536
v 0.0227923244 0.039433083 -0.00758568764
v 0.0227923244 0.039433083 0.00758568764
v 0.0228866428 0.0393387455 0.00778871536
v 0.0232358211 0.0234332318 -0.00399756432
v 0.0231864971 0.0234825558 0.00399451733
v 0.0231372303 0.0235318226 -0.0039902544
v 0.0230388683 0.0236301655 0.00397808552
v 0.0231843609 0.0390410466 -0.00838347912
v 0.0230826992 0.0391427082 -0.00818767071
v 0.0230826992 0.0391427082 0.00818767071
v 0.0231843609 0.0390410466 0.00838347912
v 0.0234825557 0.0231864972 -0.00399451733
v 0.0234332317 0.0232358212 0.00399756432
v 0.0233345264 0.0233345265 -0.00400000095
v 0.0232851642 0.0233838887 -0.0039993906
v 0.0232851642 0.0233838887 0.0039993906
v 0.0233345264 0.0233345265 0.00400000095
v 0.0233948177 0.0388305897 -0.00876747131
v 0.0232884067 0.0389369816 -0.00857676506
v 0.0232884067 0.0389369816 0.00857676506
v 0.0233948177 0.0388305897 0.00876747131
v 0.023728165 0.0229408879 -0.00396107197
v 0.0236792225 0.0229898304 0.00397018433
v 0.0236301654 0.0230388684 -0.00397808552
v 0.0235318226 0.0231372303 0.0039902544
v 0.0237278408 0.0384975476 -0.00932351589
v 0.0237278408 0.0384975476 0.00932351589
v 0.0236145633 0.038610825 -0.00914090157
v 0.0235035556 0.0387218518 -0.00895553589
v 0.0235035556 0.0387218518 0.00895553589
v 0.0236145633 0.038610825 0.00914090157
v 0.0239707798 0.0226982731 -0.00389748096
v 0.0239225811 0.0227464528 0.00391259193
v 0.0238742107 0.0227948422 -0.00392651081
v 0.0237769931 0.0228920597 0.00395075321
v 0.0238433498 0.0383820385 -0.00950332642
v 0.0239610523 0.0382643551 0.00968027115
v 0.0242085498 0.022460484 -0.00380422592
v 0.0242085498 0.022460484 0.00380422592
v 0.0241614765 0.0225075764 -0.00382522106
v 0.0240187877 0.0226502652 0.00388118267
v 0.0242028469 0.0380225415 -0.0100253725
v 0.024080891 0.0381445164 -0.00985430717
v 0.024080891 0.0381445164 0.00985430717
v 0.0242028469 0.0380225415 0.0100253677
v 0.0242214244 0.0436608357 -0.00265602589
v 0.0241902965 0.0436919636 -0.00241712093
v 0.0241621059 0.0437201542 -0.00217748642
v 0.0241368526 0.0437453885 -0.00193719864
v 0.0241368526 0.0437453885 0.00193719864
v 0.0241621059 0.0437201542 0.00217748642
v 0.0241902965 0.0436919636 0.00241712093
v 0.0242214244 0.0436608357 0.00265602589
v 0.0241145748 0.0437676854 -0.00169632435
v 0.0240952343 0.0437870259 -0.00145494461
v 0.0240788692 0.0438033909 -0.00121312141
v 0.0240654606 0.0438167805 -0.000970935822
v 0.0240550464 0.0438272137 -0.000728459358
v 0.0240475887 0.0438346524 -0.000485758781
v 0.0240431255 0.0438391346 -0.000242915154
v 0.0240416378 0.0438406224 0
v 0.0240475887 0.0438346524 0.000485758781
v 0.0240550464 0.0438272137 0.000728459358
v 0.0240654606 0.0438167805 0.000970935822
v 0.0240788692 0.0438033909 0.00121312141
v 0.0240952343 0.0437870259 0.00145494461
v 0.0241145748 0.0437676854 0.00169632435
v 0.0244849437 0.0221840901 -0.00365417957
v 0.0244396824 0.0222293705 0.00368201733
v 0.0243018955 0.0223671383 -0.00375876904
v 0.0243940776 0.0222749752 -0.00370873451
v 0.0243481487 0.0223209042 0.00373432159
v 0.0242553753 0.0224136776 0.00378207207
v 0.0244529766 0.0377724118 -0.0103583956
v 0.0243269008 0.0378985066 -0.0101934195
v 0.0243269008 0.0378985066 0.0101934147
v 0.0244529766 0.0377724118 0.0103583908
v 0.0244692272 0.043413033 -0.00407016277
v 0.0244207233 0.0434615368 -0.00383712292
v 0.0244207233 0.0434615368 0.00383712292
v 0.0244692272 0.043413033 0.00407016277
v 0.0243750614 0.0435071797 -0.00360293388
v 0.0243322986 0.0435499424 -0.00336765289
v 0.024292435 0.0435898251 -0.00313136578
v 0.0242554706 0.0436267895 -0.00289412975
v 0.0242554706 0.0436267895 0.00289412975
v 0.024292435 0.0435898251 0.00313136578
v 0.0243322986 0.0435499424 0.00336765289
v 0.0243750614 0.0435071797 0.00360293388
v 0.0247487301 0.0219203038 -0.00346410275
v 0.0247057766 0.0219632763 0.00349847794
v 0.0246623844 0.0220066494 -0.00353178978
v 0.0245298618 0.022139172 0.00362523079
v 0.0245810741 0.0376443333 -0.0105202532
v 0.0247111362 0.0375142712 0.0106789494
v 0.024691624 0.043190617 -0.00498936176
v 0.024691624 0.043190617 0.00498936176
v 0.0246318096 0.0432504506 -0.00476164341
v 0.0245747799 0.0433074612 -0.00453248978
v 0.0245205921 0.0433616681 -0.00430197239
v 0.0245205921 0.0433616681 0.00430197239
v 0.0245747799 0.0433074612 0.00453248978
v 0.0246318096 0.0432504506 0.00476164341
v 0.0249568409 0.021712212 -0.00327661037
v 0.0249970287 0.0216720242 -0.00323606968
v 0.0249970287 0.0216720242 0.00323606968
v 0.0249568409 0.021712212 0.00327661037
v 0.0249161571 0.0217528958 -0.00331614971
v 0.0247912639 0.0218777699 0.00342866898
v 0.0249769825 0.0372484059 -0.0109866333
v 0.0249769825 0.0372484059 0.0109866333
v 0.0248431247 0.0373822827 -0.0108344221
v 0.0248431247 0.0373822827 0.0108344173
v 0.0249585765 0.0429236645 -0.00588453293
v 0.0248877376 0.0429945225 -0.00566322803
v 0.0248877376 0.0429945225 0.00566322803
v 0.0249585765 0.0429236645 0.00588453293
v 0.0248196071 0.0430626339 -0.00544022083
v 0.0247542423 0.0431280178 -0.00521557808
v 0.0247542423 0.0431280178 0.00521557808
v 0.0248196071 0.0430626339 0.00544022083
v 0.0251901477 0.0214789051 -0.00301883698
v 0.0252271122 0.0214419407 -0.002972579
v 0.0252271122 0.0214419407 0.002972579
v 0.0251901477 0.0214789051 0.00301883698
v 0.0251526111 0.0215164418 -0.00306417942
v 0.0250367206 0.0216323323 0.00319454193
v 0.0251127094 0.0371126789 -0.01113554
v 0.0251127094 0.0371126789 0.01113554
v 0.0251872486 0.0426949925 -0.00653754711
v 0.0251872486 0.0426949925 0.00653754711
v 0.0251083606 0.0427738804 -0.00632175446
v 0.0250321239 0.0428501171 -0.00610406399
v 0.0250321239 0.0428501171 0.00610406399
v 0.0251083606 0.0427738804 0.00632175446
v 0.0254691738 0.0211998791 -0.00262423515
v 0.0254364627 0.0212325901 0.00267652035
v 0.0253691333 0.0212999195 -0.00277863503
v 0.0254031032 0.0212659497 -0.00272799492
v 0.0254031032 0.0212659497 0.00272799492
v 0.0252635044 0.0214055485 0.00292541504
v 0.0254558414 0.0311126942 -0.044000001
v 0.0254558414 0.0311126942 -0.0429999995
v 0.025498814 0.0310697216 -0.000694594383
v 0.0254769176 0.031091618 -0.000487475395
v 0.0254597133 0.0311088223 -0.000209345818
v 0.0254558414 0.0311126942 0
v 0.0254627269 0.0311058087 0.000279026031
v 0.0254833645 0.0310851712 0.000556693077
v 0.0252502292 0.0369751591 -0.0112810946
v 0.0253895229 0.0368358654 0.011423254
v 0.025439648 0.0424426121 -0.00717284679
v 0.025439648 0.0424426121 0.00717284679
v 0.0253529209 0.0425293202 -0.00696315289
v 0.0252687877 0.0426134724 0.00675136566
v 0.0257331699 0.020935883 -0.00211967468
v 0.0256794017 0.0209896511 0.00223677158
v 0.0255326313 0.0211364216 -0.00251728058
v 0.02565144 0.0210176129 -0.00229430676
v 0.0255633587 0.0211056942 0.00246264458
v 0.0255012172 0.0211678166 0.00257114887
v 0.0257420963 0.0308264393 -0.00175348282
v 0.0257208484 0.0308477063 -0.00169047356
v 0.0256617969 0.0309067387 -0.00149842739
v 0.0255942768 0.0309742588 -0.00123606682
v 0.0255794376 0.0309891171 0.00116948605
v 0.0256099361 0.0309585995 0.00130227089
v 0.0256806987 0.0308878559 0.00156292439
v 0.0257420963 0.0308264393 0.00175348282
v 0.0255654186 0.0310031361 -0.00110254765
v 0.0255398601 0.0310286755 -0.00096768856
v 0.0255078167 0.031060738 0.000763235092
v 0.0255522197 0.0310163159 0.00103527546
v 0.0255305523 0.0366948552 -0.0115619659
v 0.025673241 0.0365521473 0.0116972065
v 0.0257150692 0.0421671719 -0.00778871536
v 0.0257150692 0.0421671719 0.00778871536
v 0.0256207508 0.0422615094 -0.00758568764
v 0.025528931 0.0423533291 -0.00738037586
v 0.025528931 0.0423533291 0.00738037586
v 0.0256207508 0.0422615094 0.00758568764
v 0.0259380954 0.0207309384 -0.00156292439
v 0.0259923786 0.0206766743 -0.00136807919
v 0.0259569973 0.0207120556 0.00149842739
v 0.0259380954 0.0207309384 0.00156292439
v 0.0257589573 0.0209100956 -0.0020601511
v 0.0258766979 0.020792355 -0.00175348282
v 0.0259184116 0.0207506222 -0.00162694454
v 0.0258979458 0.0207711071 0.00169047356
v 0.0257840198 0.0208850331 0.00199999809
v 0.0257589573 0.0209100956 0.0020601511
v 0.0259960216 0.030572514 -0.00235114098
v 0.0259393924 0.0306291432 -0.00223677158
v 0.0258347744 0.0307337613 -0.00199999809
v 0.0258347744 0.0307337613 0.00199999809
v 0.0258598369 0.0307086987 0.0020601511
v 0.0259673542 0.0306011814 0.00229430676
v 0.0258104747 0.0307580609 -0.0019392395
v 0.0257641262 0.0308044094 0.00181596279
v 0.0258175701 0.0364078183 -0.0118289185
v 0.0259635013 0.036261887 0.0119570732
v 0.0259111255 0.0419711346 -0.00818767071
v 0.0259111255 0.0419711346 0.00818767071
v 0.0258118671 0.042070374 -0.00798939705
v 0.0258118671 0.042070374 0.00798939705
v 0.0260088581 0.0206601948 -0.00130227089
v 0.0260665744 0.0206024784 -0.00103527546
v 0.0261109775 0.0205580563 -0.000763235092
v 0.0261354297 0.0205336232 -0.000556693077
v 0.0261560672 0.0205129856 -0.000279026031
v 0.0261625141 0.0205065197 -6.980896e-05
v 0.0261590809 0.020509972 0.000209345818
v 0.0261418766 0.0205271763 0.000487475395
v 0.0261199802 0.0205490727 0.000694594383
v 0.0260789341 0.0205901188 0.00096768856
v 0.0260245174 0.0206445355 0.00123606682
v 0.0260088581 0.0206601948 0.00130227089
v 0.0262496799 0.0303188748 -0.00277863503
v 0.026215691 0.0303528447 -0.00272799492
v 0.0260861629 0.0304823727 0.00251728058
v 0.0262496799 0.0303188748 0.00277863503
v 0.0260554355 0.0305131001 -0.00246264458
v 0.0260253948 0.0305431599 0.00240725994
v 0.0261629528 0.0318198056 -0.0470000005
v 0.0261629528 0.0318198056 -0.0429999995
v 0.0261109775 0.0361144108 -0.0120816231
v 0.0261109775 0.0361144108 0.0120816231
v 0.0262232441 0.0416590161 -0.00876747131
v 0.0262232441 0.0416590161 0.00876747131
v 0.0261168331 0.041765408 -0.00857676506
v 0.0260127872 0.0418694729 -0.00838347912
v 0.0260127872 0.0418694729 0.00838347912
v 0.0261168331 0.041765408 0.00857676506
v 0.0264662021 0.0301023526 -0.00306417942
v 0.026391682 0.0301768536 -0.002972579
v 0.0263194889 0.0302490658 0.00287735939
v 0.0264286655 0.0301398892 0.00301883698
v 0.0262842792 0.0302842755 -0.00282842636
v 0.0262842792 0.0302842755 0.00282842636
v 0.0264104122 0.0358149952 -0.0123197794
v 0.0262599605 0.0359654278 -0.0122025394
v 0.0262599605 0.0359654278 0.0122025394
v 0.0264104122 0.0358149952 0.0123197842
v 0.0264429897 0.0414392514 -0.00914090157
v 0.0264429897 0.0414392514 0.00914090157
v 0.026331982 0.0415502781 -0.00895553589
v 0.026331982 0.0415502781 0.00895553589
v 0.0267437976 0.029824738 -0.00335468292
v 0.0266217655 0.0299467701 -0.00323606968
v 0.0265820736 0.0299864621 0.00319454193
v 0.0266619533 0.0299065823 0.00327661037
v 0.0265429157 0.0300256199 -0.00315204144
v 0.0265042919 0.0300642628 0.0031085825
v 0.0267155117 0.0355098957 -0.0125431013
v 0.0265622753 0.0356631321 -0.0124333096
v 0.0265622753 0.0356631321 0.0124333096
v 0.0267155117 0.0355098957 0.0125430965
v 0.0266717762 0.0412104649 -0.00950332642
v 0.0266717762 0.0412104649 0.00950332642
v 0.0265562671 0.0413259739 -0.00932351589
v 0.0265562671 0.0413259739 0.00932351589
v 0.0269564098 0.0296121449 -0.00353178978
v 0.0269130176 0.029655518 -0.00349847794
v 0.0268275303 0.0297410244 0.00342866898
v 0.0269564098 0.0296121449 0.00353178978
v 0.0267854351 0.0297831005 -0.00339219093
v 0.0267854351 0.0297831005 0.00339219093
v 0.0268700641 0.0353553433 -0.0379999995
v 0.0268700641 0.0353553433 -0.0126491117
v 0.0268700641 0.0353553433 0.012649107
v 0.0268700641 0.0353553433 0.0219999981
v 0.0269093174 0.0409729428 -0.00985430717
v 0.0269093174 0.0409729428 0.00985430717
v 0.0267894786 0.0410927815 -0.00968027115
v 0.0267894786 0.0410927815 0.00968027115
v 0.0272247165 0.0293438191 -0.00370873451
v 0.0270889324 0.0294796223 0.00362523079
v 0.0270443767 0.029524178 -0.00359517574
v 0.0270001835 0.0295683522 0.00356402397
v 0.0271553272 0.0407269329 -0.0101934195
v 0.0271553272 0.0407269329 0.0101934147
v 0.0270312732 0.0408509678 -0.0100253725
v 0.0270312732 0.0408509678 0.0100253677
v 0.0274573177 0.0291112179 -0.00382522106
v 0.0273634189 0.0292051167 0.00378207207
v 0.0273168987 0.029251656 -0.00375876904
v 0.0272706455 0.0292978901 -0.00373432159
v 0.0272706455 0.0292978901 0.00373432159
v 0.0273168987 0.029251656 0.00375876904
v 0.0274095005 0.0404727597 -0.0105202532
v 0.0274095005 0.0404727597 0.0105202579
v 0.0272814029 0.0406008381 -0.0103583956
v 0.0272814029 0.0406008381 0.0103583908
v 0.0277445835 0.0288239521 -0.00392651081
v 0.0276000065 0.0289685292 0.00388118267
v 0.0275522274 0.0290163273 -0.00386370182
v 0.0275046581 0.0290638966 0.00384504795
v 0.0276715511 0.040210709 -0.0108344221
v 0.0276715511 0.040210709 0.0108344173
v 0.0275395626 0.0403426976 -0.0106789446
v 0.0275395626 0.0403426976 0.0106789494
v 0.0279886287 0.028579926 -0.00397808552
v 0.027841801 0.0287267346 0.00395075321
v 0.0277931255 0.0287754292 -0.00393923283
v 0.0277931255 0.0287754292 0.00393923283
v 0.0279411358 0.0399411053 -0.01113554
v 0.0279411358 0.0399411053 0.01113554
v 0.0278054088 0.0400768322 -0.0109866333
v 0.0278054088 0.0400768322 0.0109866333
v 0.0282403034 0.00490578121 -0.0470000005
v 0.0282403034 0.00490578121 -0.044000001
v 0.0282097095 0.0050240559 -0.0470000005
v 0.0282097095 0.0050240559 -0.044000001
v 0.0281547588 0.00526213116 -0.0470000005
v 0.0281547588 0.00526213116 -0.044000001
v 0.0281081241 0.00550198025 -0.0470000005
v 0.0281081241 0.00550198025 -0.044000001
v 0.0280539554 0.00586443371 -0.0470000005
v 0.0280539554 0.00586443371 -0.044000001
v 0.028028416 0.00610742992 -0.0470000005
v 0.028028416 0.00610742992 -0.044000001
v 0.0280113834 0.00635117001 -0.0470000005
v 0.0280113834 0.00635117001 -0.044000001
v 0.0280028576 0.00659534878 -0.0470000005
v 0.0280028576 0.00659534878 -0.044000001
v 0.0280028576 0.00683968014 -0.0470000005
v 0.0280028576 0.00683968014 -0.044000001
v 0.0280113834 0.00708385891 -0.0470000005
v 0.0280113834 0.00708385891 -0.044000001
v 0.028028416 0.00732759899 -0.0470000005
v 0.028028416 0.00732759899 -0.044000001
v 0.0280539554 0.00757059521 -0.0470000005
v 0.0280539554 0.00757059521 -0.044000001
v 0.0280879635 0.00781256145 -0.0470000005
v 0.0280879635 0.00781256145 -0.044000001
v 0.028130402 0.00805317348 -0.0470000005
v 0.028130402 0.00805317348 -0.044000001
v 0.0281811947 0.00829216427 -0.0470000005
v 0.0281811947 0.00829216427 -0.044000001
v 0.0282403034 0.0085292477 -0.0470000005
v 0.0282403034 0.0085292477 -0.044000001
v 0.0282349056 0.02833363 -0.0039993906
v 0.0280869716 0.028481564 0.0039902544
v 0.028037762 0.0285307927 -0.00398478031
v 0.028037762 0.0285307927 0.00398478031
v 0.0282179493 0.0396642918 -0.0114232492
v 0.0282179493 0.0396642918 0.011423254
v 0.0280786556 0.0398035855 -0.0112810946
v 0.0280786556 0.0398035855 0.0112810898
v 0.0284667247 0.00420893139 -0.0470000005
v 0.0284667247 0.00420893139 -0.044000001
v 0.0284239429 0.00432337231 -0.0470000005
v 0.0284239429 0.00432337231 -0.044000001
v 0.0283443874 0.00455439037 -0.0470000005
v 0.0283443874 0.00455439037 -0.044000001
v 0.0282729572 0.00478805965 -0.0470000005
v 0.0282729572 0.00478805965 -0.044000001
v 0.0282729572 0.00864696926 -0.0470000005
v 0.0282729572 0.00864696926 -0.044000001
v 0.0283076519 0.00876411861 -0.0470000005
v 0.0283076519 0.00876411861 -0.044000001
v 0.0284239429 0.00911165661 -0.0470000005
v 0.0284239429 0.00911165661 -0.044000001
v 0.0284815639 0.0280869717 -0.0039902544
v 0.02833363 0.0282349057 0.0039993906
v 0.0282842678 0.0282842678 -0.00400000095
v 0.0282842678 0.0282842678 0.00400000095
v 0.0283589786 0.0395232815 -0.0115619659
v 0.0283589786 0.0395232815 0.0115619659
v 0.0287102359 0.00364891476 -0.0470000005
v 0.0287102359 0.00364891476 -0.044000001
v 0.0286576313 0.00375917858 -0.0470000005
v 0.0286576313 0.00375917858 -0.044000001
v 0.0285114902 0.00409527248 -0.0470000005
v 0.0285114902 0.00409527248 -0.044000001
v 0.0285114902 0.00933975643 -0.0470000005
v 0.0285114902 0.00933975643 -0.044000001
v 0.0286069721 0.00956467098 -0.0470000005
v 0.0286069721 0.00956467098 -0.044000001
v 0.0287102359 0.00978611416 -0.0470000005
v 0.0287102359 0.00978611416 -0.044000001
v 0.0287267345 0.0278418011 -0.00395075321
v 0.0285799259 0.0279886288 0.00397808552
v 0.0285307926 0.0280377621 -0.00398478031
v 0.0285307926 0.0280377621 0.00398478031
v 0.0286459964 0.0392362446 -0.0118289185
v 0.0286459964 0.0392362446 0.0118289185
v 0.0285016674 0.0393805928 -0.0116972065
v 0.0285016674 0.0393805928 0.0116972065
v 0.0289396137 0.00321751064 -0.0470000005
v 0.0289396137 0.00321751064 -0.044000001
v 0.0288794559 0.00332384533 -0.0470000005
v 0.0288794559 0.00332384533 -0.044000001
v 0.028764748 0.00353958553 -0.0470000005
v 0.028764748 0.00353958553 -0.044000001
v 0.028764748 0.00989544338 -0.0470000005
v 0.028764748 0.00989544338 -0.044000001
v 0.0288211483 0.0100038189 -0.0470000005
v 0.0288211483 0.0100038189 -0.044000001
v 0.0289685291 0.0276000065 -0.00388118267
v 0.0288239521 0.0277445835 0.00392651081
v 0.0287754291 0.0277931256 -0.00393923283
v 0.0287754291 0.0277931256 0.00393923283
v 0.0289394039 0.0389428372 -0.0120816231
v 0.0289394039 0.0389428372 0.0120816231
v 0.0287919277 0.0390903134 -0.0119570732
v 0.0287919277 0.0390903134 0.0119570732
v 0.0291985172 0.00280315823 -0.0470000005
v 0.0291985172 0.00280315823 -0.044000001
v 0.0290654415 0.00300808376 -0.0470000005
v 0.0290654415 0.00300808376 -0.044000001
v 0.0290016216 0.0103227848 -0.0470000005
v 0.0290016216 0.0103227848 -0.044000001
v 0.0291310924 0.0105299801 -0.0470000005
v 0.0291310924 0.0105299801 -0.044000001
v 0.0292051166 0.027363419 -0.00378207207
v 0.0291112178 0.0274573178 0.00382522106
v 0.0290638965 0.0275046582 -0.00384504795
v 0.0290163273 0.0275522274 0.00386370182
v 0.0292388385 0.0386434216 -0.0123197794
v 0.0292388385 0.0386434216 0.0123197842
v 0.0290883869 0.0387938542 -0.0122025394
v 0.0290883869 0.0387938542 0.0122025394
v 0.0294857067 0.0024078793 -0.0470000005
v 0.0294857067 0.0024078793 -0.044000001
v 0.0294113392 0.00250481075 -0.0470000005
v 0.0294113392 0.00250481075 -0.044000001
v 0.0292677158 0.0107325405 -0.0470000005
v 0.0292677158 0.0107325405 -0.044000001
v 0.0293386692 0.0108320088 -0.0470000005
v 0.0293386692 0.0108320088 -0.044000001
v 0.0294857067 0.0110271496 -0.0470000005
v 0.0294857067 0.0110271496 -0.044000001
v 0.0294796222 0.0270889325 -0.00362523079
v 0.029343819 0.0272247166 0.00370873451
v 0.0292516559 0.0273168988 -0.00375876904
v 0.0292978901 0.0272706456 -0.00373432159
v 0.0292978901 0.0272706456 0.00373432159
v 0.0292516559 0.0273168988 0.00375876904
v 0.0293907016 0.0384915585 -0.0124333096
v 0.0293907016 0.0384915585 0.0124333096
v 0.0297188228 0.00212509579 -0.0470000005
v 0.0297188228 0.00212509579 -0.044000001
v 0.0295617717 0.00231226391 -0.0470000005
v 0.0295617717 0.00231226391 -0.044000001
v 0.0295617717 0.011122765 -0.0470000005
v 0.0295617717 0.011122765 -0.044000001
v 0.0297188228 0.0113099331 -0.0470000005
v 0.0297188228 0.0113099331 -0.044000001
v 0.0296121448 0.0269564099 -0.00353178978
v 0.0297410244 0.0268275303 -0.00342866898
v 0.0296555179 0.0269130177 0.00349847794
v 0.0296121448 0.0269564099 0.00353178978
v 0.0295683521 0.0270001835 -0.00356402397
v 0.0295241779 0.0270443768 0.00359517574
v 0.0296984905 0.0381837696 -0.0379999995
v 0.0296984905 0.0381837696 -0.0126491117
v 0.0296984905 0.0381837696 0.012649107
v 0.0296984905 0.0381837696 0.0219999981
v 0.029543938 0.0383383221 -0.0125431013
v 0.029543938 0.0383383221 0.0125430965
v 0.0299664158 0.00185490078 -0.0470000005
v 0.0299664158 0.00185490078 -0.044000001
v 0.0297997707 0.00203360027 -0.0470000005
v 0.0297997707 0.00203360027 -0.044000001
v 0.0297997707 0.0114014286 -0.0470000005
v 0.0297997707 0.0114014286 -0.044000001
v 0.0299664158 0.0115801281 -0.0470000005
v 0.0299664158 0.0115801281 -0.044000001
v 0.0299065822 0.0266619534 -0.00327661037
v 0.029986462 0.0265820736 -0.00319454193
v 0.0299467701 0.0266217656 0.00323606968
v 0.0298247379 0.0267437977 0.00335468292
v 0.0297831005 0.0267854351 -0.00339219093
v 0.0297831005 0.0267854351 0.00339219093
v 0.0302277988 0.00159803814 -0.0470000005
v 0.0302277988 0.00159803814 -0.044000001
v 0.0300520366 0.00176777309 -0.0470000005
v 0.0300520366 0.00176777309 -0.044000001
v 0.0300520366 0.0116672558 -0.0470000005
v 0.0300520366 0.0116672558 -0.044000001
v 0.0301391834 0.0117528958 -0.0470000005
v 0.0301391834 0.0117528958 -0.044000001
v 0.0301398891 0.0264286656 -0.00301883698
v 0.0302490657 0.0263194889 -0.00287735939
v 0.0301768535 0.0263916821 0.002972579
v 0.0301023525 0.0264662022 0.00306417942
v 0.0300642627 0.026504292 -0.0031085825
v 0.0300256199 0.0265429158 0.00315204144
v 0.0304093784 0.00143454021 -0.0470000005
v 0.0304093784 0.00143454021 -0.044000001
v 0.0303178638 0.00151550716 -0.0470000005
v 0.0303178638 0.00151550716 -0.044000001
v 0.0303178638 0.0119195218 -0.0470000005
v 0.0303178638 0.0119195218 -0.044000001
v 0.0304093784 0.0120004887 -0.0470000005
v 0.0304093784 0.0120004887 -0.044000001
v 0.0303188747 0.02624968 -0.00277863503
v 0.0304823726 0.026086163 -0.00251728058
v 0.0303528446 0.026215691 0.00272799492
v 0.0303188747 0.02624968 0.00277863503
v 0.0302842754 0.0262842793 -0.00282842636
v 0.0302842754 0.0262842793 0.00282842636
v 0.0306921619 0.00120144314 -0.0470000005
v 0.0306921619 0.00120144314 -0.044000001
v 0.0305965465 0.00127748913 -0.0470000005
v 0.0305965465 0.00127748913 -0.044000001
v 0.0305022663 0.0120798344 -0.0470000005
v 0.0305022663 0.0120798344 -0.044000001
v 0.0306011814 0.0259673542 -0.00229430676
v 0.0307086986 0.025859837 -0.0020601511
v 0.0307337612 0.0258347744 -0.00199999809
v 0.0307337612 0.0258347744 0.00199999809
v 0.0306291431 0.0259393925 0.00223677158
v 0.0305725139 0.0259960217 0.00235114098
v 0.0305431598 0.0260253949 -0.00240725994
v 0.0305131 0.0260554356 0.00246264458
v 0.0309867519 0.000983452263 -0.0470000005
v 0.0309867519 0.000983452263 -0.044000001
v 0.0308872837 0.00105438656 -0.0470000005
v 0.0308872837 0.00105438656 -0.044000001
v 0.0307890743 0.0123079724 -0.0470000005
v 0.0307890743 0.0123079724 -0.044000001
v 0.0308264393 0.0257420964 -0.00175348282
v 0.0308878559 0.0256806988 -0.00156292439
v 0.0309585994 0.0256099362 -0.00130227089
v 0.030989117 0.0255794377 -0.00116948605
v 0.0309742588 0.0255942768 0.00123606682
v 0.0309067386 0.025661797 0.00149842739
v 0.0308477062 0.0257208485 0.00169047356
v 0.0308264393 0.0257420964 0.00175348282
v 0.0308044094 0.0257641262 -0.00181596279
v 0.0307580608 0.0258104748 0.0019392395
v 0.0311893123 0.00084682888 -0.0470000005
v 0.0311893123 0.00084682888 -0.044000001
v 0.0310874408 0.0125207753 -0.0470000005
v 0.0310874408 0.0125207753 -0.044000001
v 0.0311126941 0.0254558415 -0.044000001
v 0.0311126941 0.0254558415 -0.0429999995
v 0.0310851711 0.0254833645 -0.000556693077
v 0.0311058086 0.025462727 -0.000279026031
v 0.0311122745 0.0254562802 -6.980896e-05
v 0.0311088222 0.0254597134 0.000209345818
v 0.0310916179 0.0254769177 0.000487475395
v 0.0310697216 0.025498814 0.000694594383
v 0.0310163158 0.0255522198 -0.00103527546
v 0.031060738 0.0255078167 -0.000763235092
v 0.0310286754 0.0255398602 0.00096768856
v 0.031003136 0.0255654187 0.00110254765
v 0.0313965267 0.000717338981 -0.0470000005
v 0.0313965267 0.000717338981 -0.044000001
v 0.0312923473 0.00078117794 -0.0470000005
v 0.0312923473 0.00078117794 -0.044000001
v 0.0312923473 0.012653851 -0.0470000005
v 0.0312923473 0.012653851 -0.044000001
v 0.0317154926 0.000536884727 -0.0470000005
v 0.0317154926 0.000536884727 -0.044000001
v 0.0315017933 0.0127796978 -0.0470000005
v 0.0315017933 0.0127796978 -0.044000001
v 0.0319331783 0.000425953331 -0.0470000005
v 0.0319331783 0.000425953331 -0.044000001
v 0.0318238491 0.0129545636 -0.0470000005
v 0.0318238491 0.0129545636 -0.044000001
v 0.0319331783 0.0130090756 -0.0470000005
v 0.0319331783 0.0130090756 -0.044000001
v 0.0318198055 0.0261629528 -0.0470000005
v 0.0318198055 0.0261629528 -0.0429999995
v 0.0321546215 0.000322689476 -0.0470000005
v 0.0321546215 0.000322689476 -0.044000001
v 0.0320434612 0.0130616612 -0.0470000005
v 0.0320434612 0.0130616612 -0.044000001
v 0.032493214 0.000182442131 -0.0470000005
v 0.032493214 0.000182442131 -0.044000001
v 0.0322666591 0.000273975792 -0.0470000005
v 0.0322666591 0.000273975792 -0.044000001
v 0.0322666591 0.0131610531 -0.0470000005
v 0.0322666591 0.0131610531 -0.044000001
v 0.032493214 0.0132525868 -0.0470000005
v 0.032493214 0.0132525868 -0.044000001
v 0.0327228016 9.88811871e-05 -0.0470000005
v 0.0327228016 9.88811871e-05 -0.044000001
v 0.0326076358 0.0132953686 -0.0470000005
v 0.0326076358 0.0132953686 -0.044000001
v 0.0329551929 2.33883283e-05 -0.0470000005
v 0.0329551929 2.33883283e-05 -0.044000001
v 0.0329919857 0.00582270092 -0.0520000005
v 0.03293446 0.00596506542 -0.044000001
v 0.0329216427 0.0060012669 -0.0520000005
v 0.0328581661 0.00622261471 -0.044000001
v 0.0328498691 0.00626011318 -0.0520000005
v 0.0328138393 0.00648754543 -0.044000001
v 0.0328101581 0.0065257687 -0.0520000005
v 0.0328017849 0.00671751446 -0.044000001
v 0.0328021282 0.00675590939 -0.0520000005
v 0.0328181881 0.00698563045 -0.044000001
v 0.0328232044 0.00702370113 -0.0520000005
v 0.0328671306 0.00724974102 -0.044000001
v 0.0328767437 0.00728691524 -0.0520000005
v 0.03293446 0.00746996349 -0.044000001
v 0.0329479068 0.00750591701 -0.0520000005
v 0.0329919857 0.007612328 -0.044000001
v 0.032838673 0.0133749051 -0.0470000005
v 0.032838673 0.0133749051 -0.044000001
v 0.0331900448 -4.3960152e-05 -0.0470000005
v 0.0331900448 -4.3960152e-05 -0.044000001
v 0.0332447857 0.0053935284 -0.0520000005
v 0.0331778949 0.00548729366 -0.044000001
v 0.0331567043 0.00551931805 -0.0520000005
v 0.0330415767 0.00571873135 -0.044000001
v 0.0330244297 0.00575310177 -0.0520000005
v 0.033007912 0.00578775829 -0.044000001
v 0.033007912 0.00764727062 -0.0520000005
v 0.0330415767 0.00771629757 -0.044000001
v 0.033059296 0.00775034374 -0.0520000005
v 0.0331996578 0.00797937817 -0.044000001
v 0.0332219547 0.00801063961 -0.0520000005
v 0.0332447857 0.00804150051 -0.044000001
v 0.0330723232 0.0134463543 -0.0470000005
v 0.0330723232 0.0134463543 -0.044000001
v 0.0334271282 -0.000103068886 -0.0470000005
v 0.0334271282 -0.000103068886 -0.044000001
v 0.0334461445 0.00516188091 -0.0520000005
v 0.0334461445 0.00516188091 -0.044000001
v 0.033341431 0.0052741856 -0.0520000005
v 0.0332681698 0.00536306805 -0.044000001
v 0.0332681698 0.00807196087 -0.0520000005
v 0.0334192318 0.00824575848 -0.044000001
v 0.0334461445 0.008273148 -0.0520000005
v 0.033473534 0.00830006069 -0.044000001
v 0.0333083385 0.0135095829 -0.0470000005
v 0.0333083385 0.0135095829 -0.044000001
v 0.033666119 -0.000153880654 -0.0470000005
v 0.033666119 -0.000153880654 -0.044000001
v 0.0337399143 0.00491537518 -0.0520000005
v 0.0336473316 0.00498388714 -0.044000001
v 0.0336172718 0.00500778622 -0.0520000005
v 0.0335013813 0.00510853237 -0.044000001
v 0.0335013813 0.00832649654 -0.0520000005
v 0.0337086528 0.00849735683 -0.044000001
v 0.0337399143 0.00851965374 -0.0520000005
v 0.0337399143 0.00851965374 -0.044000001
v 0.0335463947 0.0135645527 -0.0470000005
v 0.0335463947 0.0135645527 -0.044000001
v 0.0339067501 -0.000196300087 -0.0470000005
v 0.0339067501 -0.000196300087 -0.044000001
v 0.0339689487 0.00477503246 -0.0520000005
v 0.0337715572 0.0048936314 -0.044000001
v 0.0337715572 0.00854139751 -0.0520000005
v 0.0339689487 0.00865999645 -0.044000001
v 0.0337862438 0.0136111683 -0.0470000005
v 0.0337862438 0.0136111683 -0.044000001
v 0.0341486972 -0.000230308113 -0.0470000005
v 0.0341486972 -0.000230308113 -0.044000001
v 0.034249348 0.00465019649 -0.0520000005
v 0.0340373653 0.00474016613 -0.044000001
v 0.034003014 0.00475729412 -0.0520000005
v 0.034003014 0.00475729412 -0.044000001
v 0.034003014 0.00867773479 -0.0520000005
v 0.0341421741 0.00874262279 -0.044000001
v 0.0341776508 0.00875730938 -0.0520000005
v 0.034249348 0.00878483242 -0.044000001
v 0.0340275806 0.0136493916 -0.0470000005
v 0.0340275806 0.0136493916 -0.044000001
v 0.0343916935 -0.000255847512 -0.0470000005
v 0.0343916935 -0.000255847512 -0.044000001
v 0.0342700809 -0.000244136391 -0.0470000005
v 0.0342700809 -0.000244136391 -0.044000001
v 0.0344695514 0.00458286709 -0.0520000005
v 0.0342855304 0.00463737911 -0.044000001
v 0.0342855304 0.0087976498 -0.0520000005
v 0.0344695514 0.00885216183 -0.044000001
v 0.0342700809 0.0136791653 -0.0470000005
v 0.0342700809 0.0136791653 -0.044000001
v 0.0346354335 -0.000272899208 -0.0470000005
v 0.0346354335 -0.000272899208 -0.044000001
v 0.0347336811 0.00453390545 -0.0520000005
v 0.0345068973 0.00457390255 -0.044000001
v 0.0345068973 0.00886112637 -0.0520000005
v 0.0347336811 0.00890112347 -0.044000001
v 0.0345134967 0.0137004704 -0.0470000005
v 0.0345134967 0.0137004704 -0.044000001
v 0.0348796123 -0.000281425057 -0.0470000005
v 0.0348796123 -0.000281425057 -0.044000001
v 0.0349633831 0.00451784557 -0.0520000005
v 0.034771828 0.00452957577 -0.044000001
v 0.034771828 0.00890545315 -0.0520000005
v 0.0349633831 0.00891718334 -0.044000001
v 0.0347574848 0.0137132496 -0.0470000005
v 0.0347574848 0.0137132496 -0.044000001
v 0.0352460903 -0.000278220711 -0.0470000005
v 0.0352460903 -0.000278220711 -0.044000001
v 0.035231747 0.00452957577 -0.0520000005
v 0.035001778 0.00451752132 -0.044000001
v 0.035001778 0.00891750759 -0.0520000005
v 0.035231747 0.00890545315 -0.044000001
v 0.035001778 0.0137175221 -0.0470000005
v 0.035001778 0.0137175221 -0.044000001
v 0.0354900783 -0.000265441475 -0.0470000005
v 0.0354900783 -0.000265441475 -0.044000001
v 0.0354966777 0.00457390255 -0.0520000005
v 0.035269894 0.00453390545 -0.044000001
v 0.035269894 0.00890112347 -0.0520000005
v 0.0354966777 0.00886112637 -0.044000001
v 0.0353681415 0.0137079281 -0.0470000005
v 0.0353681415 0.0137079281 -0.044000001
v 0.0353553432 0.0268700642 -0.0379999995
v 0.0353553432 0.0268700642 -0.0126491117
v 0.0353553432 0.0268700642 0.012649107
v 0.0353553432 0.0268700642 0.0219999981
v 0.0356118816 -0.000255847512 -0.0470000005
v 0.0356118816 -0.000255847512 -0.044000001
v 0.0357334942 -0.000244136391 -0.0470000005
v 0.0357334942 -0.000244136391 -0.044000001
v 0.0357180446 0.00463737911 -0.0520000005
v 0.0355340046 0.00458286709 -0.044000001
v 0.0355340046 0.00885216183 -0.0520000005
v 0.0357180446 0.0087976498 -0.044000001
v 0.0356118816 0.0136908764 -0.0470000005
v 0.0356118816 0.0136908764 -0.044000001
v 0.0355098957 0.0267155117 -0.0125431013
v 0.0356631321 0.0265622754 -0.0124333096
v 0.0356631321 0.0265622754 0.0124333096
v 0.0355098957 0.0267155117 0.0125430965
v 0.0359759945 -0.000214362679 -0.0470000005
v 0.0359759945 -0.000214362679 -0.044000001
v 0.0359662098 0.00474016613 -0.0520000005
v 0.035754227 0.00465019649 -0.044000001
v 0.035861401 0.00874262279 -0.0520000005
v 0.0359662098 0.00869486279 -0.044000001
v 0.035754227 0.00878483242 -0.0520000005
v 0.0358259243 0.00875730938 -0.044000001
v 0.0358548778 0.013665337 -0.0470000005
v 0.0358548778 0.013665337 -0.044000001
v 0.0358149952 0.0264104123 -0.0123197794
v 0.0359654277 0.0262599606 -0.0122025394
v 0.0359654277 0.0262599606 0.0122025394
v 0.0358149952 0.0264104123 0.0123197842
v 0.0362173313 -0.000176139412 -0.0470000005
v 0.0362173313 -0.000176139412 -0.044000001
v 0.0362320179 0.0048936314 -0.0520000005
v 0.0360005611 0.00475729412 -0.044000001
v 0.0360005611 0.00867773479 -0.0520000005
v 0.0362320179 0.00854139751 -0.044000001
v 0.036096825 0.013631329 -0.0470000005
v 0.036096825 0.013631329 -0.044000001
v 0.0361144107 0.0261109776 -0.0120816231
v 0.0361144107 0.0261109776 0.0120816231
v 0.0364571613 -0.000129523812 -0.0470000005
v 0.0364571613 -0.000129523812 -0.044000001
v 0.0363562435 0.00498388714 -0.0520000005
v 0.0362636608 0.00491537518 -0.044000001
v 0.0364738697 0.00508259243 -0.0520000005
v 0.0363862842 0.00500778622 -0.044000001
v 0.0362949222 0.00849735683 -0.0520000005
v 0.0364738697 0.00835243648 -0.044000001
v 0.0362636608 0.00851965374 -0.0520000005
v 0.0362636608 0.00851965374 -0.044000001
v 0.0363374561 0.0135889096 -0.0470000005
v 0.0363374561 0.0135889096 -0.044000001
v 0.0362618869 0.0259635014 -0.0119570732
v 0.0364078182 0.0258175702 0.0118289185
v 0.0366952366 -7.4554024e-05 -0.0470000005
v 0.0366952366 -7.4554024e-05 -0.044000001
v 0.0366367 0.00524542278 -0.0520000005
v 0.0365021747 0.00510853237 -0.044000001
v 0.0367354053 0.00536306805 -0.0520000005
v 0.0366621441 0.0052741856 -0.044000001
v 0.0365843242 0.00824575848 -0.0520000005
v 0.0367354053 0.00807196087 -0.044000001
v 0.0365021747 0.00832649654 -0.0520000005
v 0.0365574115 0.008273148 -0.044000001
v 0.0365764469 0.0135380978 -0.0470000005
v 0.0365764469 0.0135380978 -0.044000001
v 0.0365521473 0.0256732411 -0.0116972065
v 0.0366948551 0.0255305523 0.0115619659
v 0.0369312519 -1.13254169e-05 -0.0470000005
v 0.0369312519 -1.13254169e-05 -0.044000001
v 0.0368256611 0.00548729366 -0.0520000005
v 0.0367587894 0.0053935284 -0.044000001
v 0.0369619983 0.00571873135 -0.0520000005
v 0.0368468517 0.00551931805 -0.044000001
v 0.036995663 0.00578775829 -0.0520000005
v 0.0369791263 0.00575310177 -0.044000001
v 0.0369619983 0.00771629757 -0.0520000005
v 0.036995663 0.00764727062 -0.044000001
v 0.0368039173 0.00797937817 -0.0520000005
v 0.0369442791 0.00775034374 -0.044000001
v 0.0367587894 0.00804150051 -0.0520000005
v 0.0367816204 0.00801063961 -0.044000001
v 0.0368135112 0.0134789891 -0.0470000005
v 0.0368135112 0.0134789891 -0.044000001
v 0.0368358654 0.025389523 -0.0114232492
v 0.036975159 0.0252502293 0.0112810898
v 0.0371649021 6.01238629e-05 -0.0470000005
v 0.0371649021 6.01238629e-05 -0.044000001
v 0.037069115 0.00596506542 -0.0520000005
v 0.0370115894 0.00582270092 -0.044000001
v 0.037145409 0.00622261471 -0.0520000005
v 0.0370819324 0.0060012669 -0.044000001
v 0.0371897358 0.00648754543 -0.0520000005
v 0.0371537059 0.00626011318 -0.044000001
v 0.0372017902 0.00671751446 -0.0520000005
v 0.0371934169 0.0065257687 -0.044000001
v 0.037185387 0.00698563045 -0.0520000005
v 0.0372014469 0.00675590939 -0.044000001
v 0.0371364444 0.00724974102 -0.0520000005
v 0.0371803707 0.00702370113 -0.044000001
v 0.037069115 0.00746996349 -0.0520000005
v 0.0371268314 0.00728691524 -0.044000001
v 0.0370115894 0.007612328 -0.0520000005
v 0.0370556682 0.00750591701 -0.044000001
v 0.0370483822 0.0134116406 -0.0470000005
v 0.0370483822 0.0134116406 -0.044000001
v 0.0372484058 0.0249769825 -0.0109866333
v 0.0372484058 0.0249769825 0.0109866333
v 0.0371126789 0.0251127095 -0.01113554
v 0.0371126789 0.0251127095 0.01113554
v 0.0373959201 0.000139660301 -0.0470000005
v 0.0373959201 0.000139660301 -0.044000001
v 0.0372807544 0.0133361477 -0.0470000005
v 0.0372807544 0.0133361477 -0.044000001
v 0.0373822826 0.0248431248 -0.0108344221
v 0.0373822826 0.0248431248 0.0108344173
v 0.037624039 0.000227226677 -0.0470000005
v 0.037624039 0.000227226677 -0.044000001
v 0.0377368969 0.000273975792 -0.0470000005
v 0.0377368969 0.000273975792 -0.044000001
v 0.037624039 0.0132078022 -0.0470000005
v 0.037624039 0.0132078022 -0.044000001
v 0.0375103611 0.0132525868 -0.0470000005
v 0.0375103611 0.0132525868 -0.044000001
v 0.0375142711 0.0247111363 -0.0106789446
v 0.0376443332 0.0245810742 0.0105202579
v 0.0379601139 0.000373367729 -0.0470000005
v 0.0379601139 0.000373367729 -0.044000001
v 0.0378489345 0.0131123394 -0.0470000005
v 0.0378489345 0.0131123394 -0.044000001
v 0.0377724117 0.0244529766 -0.0103583956
v 0.0378985065 0.0243269009 -0.0101934195
v 0.0378985065 0.0243269009 0.0101934147
v 0.0377724117 0.0244529766 0.0103583908
v 0.038179726 0.000480465355 -0.0470000005
v 0.038179726 0.000480465355 -0.044000001
v 0.038179726 0.0129545636 -0.0470000005
v 0.038179726 0.0129545636 -0.044000001
v 0.0380703777 0.0130090756 -0.0470000005
v 0.0380703777 0.0130090756 -0.044000001
v 0.0380225414 0.0242028469 -0.0100253725
v 0.0381445163 0.0240808911 -0.00985430717
v 0.0381445163 0.0240808911 0.00985430717
v 0.0380225414 0.0242028469 0.0100253677
v 0.0381837696 0.0296984906 -0.0379999995
v 0.0381837696 0.0296984906 -0.0126491117
v 0.0381837696 0.0296984906 0.012649107
v 0.0381837696 0.0296984906 0.0219999981
v 0.0383954471 0.000595173301 -0.0470000005
v 0.0383954471 0.000595173301 -0.044000001
v 0.0382880825 0.0128981442 -0.0470000005
v 0.0382880825 0.0128981442 -0.044000001
v 0.0384975475 0.0237278408 -0.00932351589
v 0.0384975475 0.0237278408 0.00932351589
v 0.0382643551 0.0239610524 -0.00968027115
v 0.0383820385 0.0238433499 0.00950332642
v 0.0384915584 0.0293907017 -0.0124333096
v 0.0384915584 0.0293907017 0.0124333096
v 0.038338322 0.0295439381 -0.0125431013
v 0.038338322 0.0295439381 0.0125430965
v 0.0386070484 0.000717338981 -0.0470000005
v 0.0386070484 0.000717338981 -0.044000001
v 0.0387112278 0.00078117794 -0.0470000005
v 0.0387112278 0.00078117794 -0.044000001
v 0.0386070484 0.0127176899 -0.0470000005
v 0.0386070484 0.0127176899 -0.044000001
v 0.0385017818 0.0127796978 -0.0470000005
v 0.0385017818 0.0127796978 -0.044000001
v 0.0386108249 0.0236145634 -0.00914090157
v 0.0387218517 0.0235035366 -0.00895553589
v 0.0387218517 0.0235035366 0.00895553589
v 0.0386108249 0.0236145634 0.00914090157
v 0.0386434215 0.0292388386 -0.0123197794
v 0.0386434215 0.0292388386 0.0123197842
v 0.0389161342 0.000914253654 -0.0470000005
v 0.0389161342 0.000914253654 -0.044000001
v 0.0388142627 0.0125882 -0.0470000005
v 0.0388142627 0.0125882 -0.044000001
v 0.0388305896 0.0233948178 -0.00876747131
v 0.0389369815 0.0232884068 -0.00857676506
v 0.0389369815 0.0232884068 0.00857676506
v 0.0388305896 0.0233948178 0.00876747131
v 0.0389428371 0.028939404 -0.0120816231
v 0.0389428371 0.028939404 0.0120816231
v 0.0387938541 0.029088387 -0.0122025394
v 0.0387938541 0.029088387 0.0122025394
v 0.0390168232 0.000983452263 -0.0470000005
v 0.0390168232 0.000983452263 -0.044000001
v 0.0392144817 0.00112705654 -0.0470000005
v 0.0392144817 0.00112705654 -0.044000001
v 0.0390168232 0.0124515767 -0.0470000005
v 0.0390168232 0.0124515767 -0.044000001
v 0.0392419475 0.0229834408 -0.00798939705
v 0.0392419475 0.0229834408 0.00798939705
v 0.0390410465 0.0231843609 -0.00838347912
v 0.0391427082 0.0230826992 -0.00818767071
v 0.0391427082 0.0230826992 0.00818767071
v 0.0390410465 0.0231843609 0.00838347912
v 0.0392362445 0.0286459965 -0.0118289185
v 0.0392362445 0.0286459965 0.0118289185
v 0.0390903133 0.0287919278 -0.0119570732
v 0.0390903133 0.0287919278 0.0119570732
v 0.0393114132 0.00120144314 -0.0470000005
v 0.0393114132 0.00120144314 -0.044000001
v 0.0394070285 0.00127748913 -0.0470000005
v 0.0394070285 0.00127748913 -0.044000001
v 0.0393114132 0.0122335858 -0.0470000005
v 0.0393114132 0.0122335858 -0.044000001
v 0.0393387455 0.0228866429 -0.00778871536
v 0.0394330829 0.0227923245 -0.00758568764
v 0.0394330829 0.0227923245 0.00758568764
v 0.0393387455 0.0228866429 0.00778871536
v 0.0393805927 0.0285016674 -0.0116972065
v 0.0393805927 0.0285016674 0.0116972065
v 0.0395941967 0.00143454021 -0.0470000005
v 0.0395941967 0.00143454021 -0.044000001
v 0.0396856922 0.00151550716 -0.0470000005
v 0.0396856922 0.00151550716 -0.044000001
v 0.0396856922 0.0119195218 -0.0470000005
v 0.0396856922 0.0119195218 -0.044000001
v 0.0395012897 0.0120798344 -0.0470000005
v 0.0395012897 0.0120798344 -0.044000001
v 0.0395248836 0.0227005047 -0.00738037586
v 0.0396141857 0.0226112217 -0.00717284679
v 0.0397008937 0.0225244946 -0.00696315289
v 0.0397008937 0.0225244946 0.00696315289
v 0.0396141857 0.0226112217 0.00717284679
v 0.0395248836 0.0227005047 0.00738037586
v 0.0396642917 0.0282179493 -0.0114232492
v 0.0396642917 0.0282179493 0.011423254
v 0.0395232814 0.0283589787 -0.0115619659
v 0.0395232814 0.0283589787 0.0115619659
v 0.0398643917 0.00168213314 -0.0470000005
v 0.0398643917 0.00168213314 -0.044000001
v 0.0399515384 0.00176777309 -0.0470000005
v 0.0399515384 0.00176777309 -0.044000001
v 0.0399515384 0.0116672558 -0.0470000005
v 0.0399515384 0.0116672558 -0.044000001
v 0.0397757763 0.0118369908 -0.0470000005
v 0.0397757763 0.0118369908 -0.044000001
v 0.039785046 0.0224403614 -0.00675136566
v 0.0398665661 0.0223588223 -0.00653754711
v 0.039945454 0.0222799343 -0.00632175446
v 0.039945454 0.0222799343 0.00632175446
v 0.0398665661 0.0223588223 0.00653754711
v 0.039785046 0.0224403614 0.00675136566
v 0.0399411052 0.0279411358 -0.01113554
v 0.0399411052 0.0279411358 0.01113554
v 0.0398035854 0.0280786557 -0.0112810946
v 0.0398035854 0.0280786557 0.0112810898
v 0.0401212543 0.00194353527 -0.0470000005
v 0.0401212543 0.00194353527 -0.044000001
v 0.0402038044 0.00203360027 -0.0470000005
v 0.0402038044 0.00203360027 -0.044000001
v 0.0401212543 0.0114914936 -0.0470000005
v 0.0401212543 0.0114914936 -0.044000001
v 0.0400371593 0.0115801281 -0.0470000005
v 0.0400371593 0.0115801281 -0.044000001
v 0.0402342075 0.0219911808 -0.00544022083
v 0.0402342075 0.0219911808 0.00544022083
v 0.0400216907 0.0222036976 -0.00610406399
v 0.0400952381 0.0221301503 -0.00588453293
v 0.0401660961 0.0220593113 -0.00566322803
v 0.0401660961 0.0220593113 0.00566322803
v 0.0400952381 0.0221301503 0.00588453293
v 0.0400216907 0.0222036976 0.00610406399
v 0.040210709 0.0276715512 -0.0108344221
v 0.040210709 0.0276715512 0.0108344173
v 0.0400768322 0.0278054089 -0.0109866333
v 0.0400768322 0.0278054089 0.0109866333
v 0.0403640979 0.00221800274 -0.0470000005
v 0.0403640979 0.00221800274 -0.044000001
v 0.0404418033 0.00231226391 -0.0470000005
v 0.0404418033 0.00231226391 -0.044000001
v 0.0403640979 0.0112170262 -0.0470000005
v 0.0403640979 0.0112170262 -0.044000001
v 0.0402847522 0.0113099331 -0.0470000005
v 0.0402847522 0.0113099331 -0.044000001
v 0.0404790348 0.0217463536 -0.00453248978
v 0.0404790348 0.0217463536 0.00453248978
v 0.0402995914 0.021925816 -0.00521557808
v 0.0403621906 0.0218631977 -0.00498936176
v 0.0404220241 0.0218033833 0.00476164341
v 0.0402995914 0.021925816 0.00521557808
v 0.0404727596 0.0274095005 -0.0105202532
v 0.0404727596 0.0274095005 0.0105202579
v 0.0403426975 0.0275395626 -0.0106789446
v 0.0403426975 0.0275395626 0.0106789494
v 0.0405178684 0.0024078793 -0.0470000005
v 0.0405178684 0.0024078793 -0.044000001
v 0.0407358593 0.00270248836 -0.0470000005
v 0.0407358593 0.00270248836 -0.044000001
v 0.0407358593 0.0107325405 -0.0470000005
v 0.0407358593 0.0107325405 -0.044000001
v 0.0405922359 0.0109302182 -0.0470000005
v 0.0405922359 0.0109302182 -0.044000001
v 0.0405178684 0.0110271496 -0.0470000005
v 0.0405178684 0.0110271496 -0.044000001
v 0.0405332416 0.0216921658 -0.00430197239
v 0.0405846065 0.0216408009 -0.00407016277
v 0.0406331104 0.0215922779 -0.00383712292
v 0.0406787532 0.0215466351 -0.00360293388
v 0.040721516 0.0215038723 -0.00336765289
v 0.040721516 0.0215038723 0.00336765289
v 0.0406787532 0.0215466351 0.00360293388
v 0.0406331104 0.0215922779 0.00383712292
v 0.0405846065 0.0216408009 0.00407016277
v 0.0405332416 0.0216921658 0.00430197239
v 0.0407269329 0.0271553273 -0.0101934195
v 0.0407269329 0.0271553273 0.0101934147
v 0.0406008381 0.027281403 -0.0103583956
v 0.0406008381 0.027281403 0.0103583908
v 0.0408724826 0.00290504879 -0.0470000005
v 0.0408724826 0.00290504879 -0.044000001
v 0.0409381145 0.00300808376 -0.0470000005
v 0.0409381145 0.00300808376 -0.044000001
v 0.0409381145 0.0104269452 -0.0470000005
v 0.0409381145 0.0104269452 -0.044000001
v 0.0408050579 0.0106318707 -0.0470000005
v 0.0408050579 0.0106318707 -0.044000001
v 0.0409883541 0.0212370343 -0.000970935822
v 0.0409987873 0.0212266201 -0.000728459358
v 0.0409987873 0.0212266201 0.000728459358
v 0.0409883541 0.0212370343 0.000970935822
v 0.0407613987 0.0214640088 -0.00313136578
v 0.0407983631 0.0214270443 -0.00289412975
v 0.0408324093 0.0213929791 -0.00265602589
v 0.0408635372 0.0213618702 -0.00241712093
v 0.0408917278 0.0213336796 -0.00217748642
v 0.040916962 0.0213084263 -0.00193719864
v 0.0409392589 0.0212861485 -0.00169632435
v 0.0409585804 0.021266808 -0.00145494461
v 0.0409749645 0.0212504429 -0.00121312141
v 0.0409749645 0.0212504429 0.00121312141
v 0.0409585804 0.021266808 0.00145494461
v 0.0409392589 0.0212861485 0.00169632435
v 0.040916962 0.0213084263 0.00193719864
v 0.0408917278 0.0213336796 0.00217748642
v 0.0408635372 0.0213618702 0.00241712093
v 0.0408324093 0.0213929791 0.00265602589
v 0.0407983631 0.0214270443 0.00289412975
v 0.0407613987 0.0214640088 0.00313136578
v 0.0409729427 0.0269093174 -0.00985430717
v 0.0409729427 0.0269093174 0.00985430717
v 0.0408509678 0.0270312733 -0.0100253725
v 0.0408509678 0.0270312733 0.0100253677
v 0.0410639614 0.00321751064 -0.0470000005
v 0.0410639614 0.00321751064 -0.044000001
v 0.0411824268 0.00343120998 -0.0470000005
v 0.0411824268 0.00343120998 -0.044000001
v 0.0412388271 0.00353958553 -0.0470000005
v 0.0412388271 0.00353958553 -0.044000001
v 0.0412388271 0.00989544338 -0.0470000005
v 0.0412388271 0.00989544338 -0.044000001
v 0.0410639614 0.0102175183 -0.0470000005
v 0.0410639614 0.0102175183 -0.044000001
v 0.0410019535 0.0103227848 -0.0470000005
v 0.0410019535 0.0103227848 -0.044000001
v 0.0410062259 0.0212191624 -0.000485758781
v 0.0410107082 0.0212146992 -0.000242915154
v 0.0410121959 0.0212132115 0
v 0.0410062259 0.0212191624 0.000485758781
v 0.0412104648 0.0266717762 -0.00950332642
v 0.0412104648 0.0266717762 0.00950332642
v 0.0410927814 0.0267894787 -0.00968027115
v 0.0410927814 0.0267894787 0.00968027115
v 0.0412933391 0.00364891476 -0.0470000005
v 0.0412933391 0.00364891476 -0.044000001
v 0.0414453167 0.00398239559 -0.0470000005
v 0.0414453167 0.00398239559 -0.044000001
v 0.0414920658 0.00409527248 -0.0470000005
v 0.0414920658 0.00409527248 -0.044000001
v 0.0414453167 0.00945263332 -0.0470000005
v 0.0414453167 0.00945263332 -0.044000001
v 0.0413459438 0.00967585033 -0.0470000005
v 0.0413459438 0.00967585033 -0.044000001
v 0.0412933391 0.00978611416 -0.0470000005
v 0.0412933391 0.00978611416 -0.044000001
v 0.0414392513 0.0264429898 -0.00914090157
v 0.0414392513 0.0264429898 0.00914090157
v 0.0413259739 0.0265562672 -0.00932351589
v 0.0413259739 0.0265562672 0.00932351589
v 0.0415368503 0.00420893139 -0.0470000005
v 0.0415368503 0.00420893139 -0.044000001
v 0.0416204113 0.00443853802 -0.0470000005
v 0.0416204113 0.00443853802 -0.044000001
v 0.0416959232 0.0046709103 -0.0470000005
v 0.0416959232 0.0046709103 -0.044000001
v 0.0417306179 0.00478805965 -0.0470000005
v 0.0417306179 0.00478805965 -0.044000001
v 0.0417306179 0.00864696926 -0.0470000005
v 0.0417306179 0.00864696926 -0.044000001
v 0.0416204113 0.0089964909 -0.0470000005
v 0.0416204113 0.0089964909 -0.044000001
v 0.0415368503 0.00922609753 -0.0470000005
v 0.0415368503 0.00922609753 -0.044000001
v 0.041659016 0.0262232441 -0.00876747131
v 0.041659016 0.0262232441 0.00876747131
v 0.0415502781 0.0263319821 -0.00895553589
v 0.0415502781 0.0263319821 0.00895553589
v 0.0417632717 0.00490578121 -0.0470000005
v 0.0417632717 0.00490578121 -0.044000001
v 0.0418223804 0.00514286465 -0.0470000005
v 0.0418223804 0.00514286465 -0.044000001
v 0.0418731731 0.00538185543 -0.0470000005
v 0.0418731731 0.00538185543 -0.044000001
v 0.0419336551 0.005743298 -0.0470000005
v 0.0419336551 0.005743298 -0.044000001
v 0.0419634479 0.00598581737 -0.0470000005
v 0.0419634479 0.00598581737 -0.044000001
v 0.0419847339 0.00622921413 -0.0470000005
v 0.0419847339 0.00622921413 -0.044000001
v 0.0419975132 0.00647322124 -0.0470000005
v 0.0419975132 0.00647322124 -0.044000001
v 0.0419975132 0.00696180767 -0.0470000005
v 0.0419975132 0.00696180767 -0.044000001
v 0.0419847339 0.00720581478 -0.0470000005
v 0.0419847339 0.00720581478 -0.044000001
v 0.0419634479 0.00744921154 -0.0470000005
v 0.0419634479 0.00744921154 -0.044000001
v 0.0419336551 0.00769173092 -0.0470000005
v 0.0419336551 0.00769173092 -0.044000001
v 0.0418954319 0.00793304867 -0.0470000005
v 0.0418954319 0.00793304867 -0.044000001
v 0.0418488163 0.00817289776 -0.0470000005
v 0.0418488163 0.00817289776 -0.044000001
v 0.0417938465 0.00841097301 -0.0470000005
v 0.0417938465 0.00841097301 -0.044000001
v 0.0417632717 0.0085292477 -0.0470000005
v 0.0417632717 0.0085292477 -0.044000001
v 0.0419711345 0.0259111256 -0.00818767071
v 0.0419711345 0.0259111256 0.00818767071
v 0.0417654079 0.0261168332 -0.00857676506
v 0.0418694729 0.0260127873 -0.00838347912
v 0.0418694729 0.0260127873 0.00838347912
v 0.0417654079 0.0261168332 0.00857676506
v 0.0420017856 0.00671751446 -0.0470000005
v 0.0420017856 0.00671751446 -0.044000001
v 0.0420007175 0.00683968014 -0.0470000005
v 0.0420007175 0.00683968014 -0.044000001
v 0.0421671718 0.0257150692 -0.00778871536
v 0.0421671718 0.0257150692 0.00778871536
v 0.0420703739 0.0258118672 -0.00798939705
v 0.0420703739 0.0258118672 0.00798939705
v 0.042442612 0.0254396481 -0.00717284679
v 0.042442612 0.0254396481 0.00717284679
v 0.0422615093 0.0256207508 -0.00758568764
v 0.0423533291 0.0255289311 -0.00738037586
v 0.0423533291 0.0255289311 0.00738037586
v 0.0422615093 0.0256207508 0.00758568764
v 0.0426949924 0.0251872486 -0.00653754711
v 0.0426949924 0.0251872486 0.00653754711
v 0.0426134723 0.0252687878 -0.00675136566
v 0.0425293201 0.025352921 0.00696315289
v 0.0429236644 0.0249585766 -0.00588453293
v 0.0429945224 0.0248877377 -0.00566322803
v 0.0429945224 0.0248877377 0.00566322803
v 0.0429236644 0.0249585766 0.00588453293
v 0.0427738804 0.0251083607 -0.00632175446
v 0.0428501171 0.025032124 -0.00610406399
v 0.0428501171 0.025032124 0.00610406399
v 0.0427738804 0.0251083607 0.00632175446
v 0.043190617 0.0246916241 -0.00498936176
v 0.043190617 0.0246916241 0.00498936176
v 0.0430626339 0.0248196072 -0.00544022083
v 0.0431280178 0.0247542424 -0.00521557808
v 0.0431280178 0.0247542424 0.00521557808
v 0.0430626339 0.0248196072 0.00544022083
v 0.0434130329 0.0244692273 -0.00407016277
v 0.0434615368 0.0244207234 -0.00383712292
v 0.0434615368 0.0244207234 0.00383712292
v 0.0434130329 0.0244692273 0.00407016277
v 0.0432504505 0.0246318097 -0.00476164341
v 0.0433074611 0.0245747799 -0.00453248978
v 0.043361668 0.0245205922 -0.00430197239
v 0.043361668 0.0245205922 0.00430197239
v 0.0433074611 0.0245747799 0.00453248978
v 0.0432504505 0.0246318097 0.00476164341
v 0.0436608356 0.0242214245 -0.00265602589
v 0.0436919635 0.0241902966 -0.00241712093
v 0.0437201542 0.024162106 -0.00217748642
v 0.0437453884 0.0241368527 -0.00193719864
v 0.0437453884 0.0241368527 0.00193719864
v 0.0437201542 0.024162106 0.00217748642
v 0.0436919635 0.0241902966 0.00241712093
v 0.0436608356 0.0242214245 0.00265602589
v 0.0435071796 0.0243750615 -0.00360293388
v 0.0435499424 0.0243322987 -0.00336765289
v 0.043589825 0.0242924351 -0.00313136578
v 0.0436267894 0.0242554707 -0.00289412975
v 0.0436267894 0.0242554707 0.00289412975
v 0.043589825 0.0242924351 0.00313136578
v 0.0435499424 0.0243322987 0.00336765289
v 0.0435071796 0.0243750615 0.00360293388
v 0.0437676853 0.0241145749 -0.00169632435
v 0.0437870258 0.0240952343 -0.00145494461
v 0.0438033908 0.0240788693 -0.00121312141
v 0.0438167804 0.0240654606 -0.000970935822
v 0.0438272136 0.0240550465 -0.000728459358
v 0.0438346523 0.0240475888 -0.000485758781
v 0.0438391346 0.0240431256 -0.000242915154
v 0.0438391346 0.0240431256 0.000242915154
v 0.0438346523 0.0240475888 0.000485758781
v 0.0438272136 0.0240550465 0.000728459358
v 0.0438167804 0.0240654606 0.000970935822
v 0.0438033908 0.0240788693 0.00121312141
v 0.0437870258 0.0240952343 0.00145494461
v 0.0437676853 0.0241145749 0.00169632435
v 0.0464501804 0.0101183743 0.0280000019
v 0.0467793316 0.00978922314 0.02756567
v 0.0471032756 0.00946525997 0.0271235943
v 0.0474219555 0.00914658016 0.0266739082
v 0.0477352756 0.00883327908 0.0262167358
v 0.0480431217 0.00852543301 0.0257522106
v 0.0480832523 0.014142136 -0.0379999995
v 0.0480832523 0.014142136 0.0219999981
v 0.0483454174 0.00822313732 0.025280447
v 0.0486420864 0.00792646831 0.0248015976
v 0.0489330333 0.00763550228 0.0243157768
v 0.0487903637 0.00777817196 -0.044000001
v 0.0487903637 0.00777817196 -0.0429999995
v 0.049218201 0.00735035366 0.0238231373
v 0.049497475 0.0070710606 -0.044000001
v 0.049497475 0.0070710606 0.0233238029
v 0.049497475 0.00848528332 -0.0470000005
v 0.049497475 0.00848528332 -0.0429999995
v 0.0509116977 0.0169705624 -0.0379999995
v 0.0509116977 0.0169705624 0.0219999981
v 0.0521070331 0.015775227 0.0280000019
v 0.0524361843 0.0154460759 0.02756567
v 0.0527601474 0.0151221127 0.0271235943
v 0.0530788082 0.0148034329 0.0266739082
v 0.0533921283 0.0144901318 0.0262167358
v 0.0536999744 0.0141822857 0.0257522106
v 0.0540022701 0.01387999 0.025280447
v 0.0542989391 0.013583321 0.0248015976
v 0.0545898861 0.013292355 0.0243157768
v 0.0548750538 0.0130072064 0.0238231373
v 0.0551543277 0.0127279133 -0.044000001
v 0.0551543277 0.0127279133 0.0233238029
v 0.0593969768 0.00848528332 -0.0520000005
v 0.0593969768 0.00848528332 -0.044000001
v -0.043840614 -0.00141421848 -0.0520000005
v -0.043840614 -0.00141421848 0.0233238029
v -0.04356134 -0.00169349247 0.0238231373
v -0.0432761723 -0.00197866016 0.0243157768
v -0.0429852253 -0.00226960712 0.0248015976
v -0.0426885563 -0.00256627613 0.025280447
v -0.0423862606 -0.00286857182 0.0257522106
v -0.0420784146 -0.00317641789 0.0262167358
v -0.0417651135 -0.00348971897 0.0266739082
v -0.0414464337 -0.00380839878 0.0271235943
v -0.0411224705 -0.00413236195 0.02756567
v -0.0407534939 -0.00450133854 -0.0484685826
v -0.0407534939 -0.00450133854 -0.0475314164
v -0.0407852703 -0.00446958118 -0.0482659388
v -0.0407998806 -0.00445495182 -0.0480296683
v -0.0407883602 -0.00446647221 -0.0477634048
v -0.0407591015 -0.00449573093 -0.0475600076
v -0.0407933194 -0.0044615131 0.0280000019
v -0.0405580098 -0.0046968227 -0.0490230846
v -0.0406690365 -0.00458579594 -0.0487717843
v -0.0407412297 -0.00451360279 -0.0485253286
v -0.040747543 -0.00450728947 -0.0484970307
v -0.040747543 -0.00450728947 -0.0475029683
v -0.0406784016 -0.00457643086 -0.0472547698
v -0.0405704838 -0.00468434864 -0.0470007658
v -0.0405051953 -0.00474963718 -0.0468846989
v -0.0402526814 -0.00500215107 -0.0494257402
v -0.0402526814 -0.00500215107 -0.0465742612
v -0.040402332 -0.0048525005 -0.0492633462
v -0.0404913098 -0.00476354176 -0.0491375232
v -0.0404178006 -0.0048370319 -0.0467566991
v -0.0402701718 -0.00498466068 -0.0465906358
v -0.0401623303 -0.00509250217 -0.0495010114
v -0.0402349812 -0.00501985127 -0.0494416809
v -0.0401807553 -0.00507407719 -0.0465131474
v -0.040009113 -0.00524571949 -0.0464025235
v -0.0399893338 -0.0052654987 -0.0496073818
v -0.0397652775 -0.00548955494 -0.046316545
v -0.0397444683 -0.00551036411 -0.0496873283
v -0.039597984 -0.00565684849 -0.0463000011
v -0.039597984 -0.00565684849 -0.0379999995
v -0.039597984 -0.00565684849 0.0219999981
v -0.0394932133 -0.00576161915 -0.049693532
v -0.0392666394 -0.00598819309 -0.0463658547
v -0.0392465168 -0.00600831562 -0.0496257186
v -0.0390151936 -0.00623963886 -0.0494868541
v -0.0390151936 -0.00623963886 -0.0465131474
v -0.0390336377 -0.0062211948 -0.0464989901
v -0.0389969403 -0.00625789219 -0.0494722438
v -0.0387781674 -0.00647666508 -0.0492433023
v -0.0387629467 -0.00649188572 -0.046777122
v -0.038793636 -0.00646119648 -0.0467366529
v -0.038747974 -0.00650685841 -0.0492020822
v -0.0386254841 -0.00662936741 -0.0489992356
v -0.0385175473 -0.00673728519 -0.0487452316
v -0.0385085255 -0.00674630695 -0.047281549
v -0.0385269123 -0.00672792011 -0.0472282171
v -0.0386379582 -0.00661687428 -0.0469769144
v -0.038499828 -0.00675500446 -0.0486914515
v -0.0384484249 -0.00680640751 -0.0484970307
v -0.0384075886 -0.00684724384 -0.0482365942
v -0.0383958966 -0.00685893589 -0.0479999995
v -0.0384106976 -0.00684413487 -0.0477340603
v -0.0384547383 -0.00680009419 -0.0474746704
v -0.0381837612 0.00424263424 -0.0520000005
v -0.0381837612 0.00424263424 0.0233238029
v -0.0379044873 0.00396336025 0.0238231373
v -0.0376193196 0.00367819256 0.0243157768
v -0.0373283726 0.0033872456 0.0248015976
v -0.0370317036 0.00309057659 0.025280447
v -0.0367695576 -0.00282842213 -0.0379999995
v -0.0367695576 -0.00282842213 0.0219999981
v -0.0367294079 0.00278828091 0.0257522106
v -0.0364215618 0.00248043484 0.0262167358
v -0.0361082608 0.00216713375 0.0266739082
v -0.035789581 0.00184845394 0.0271235943
v -0.0354656178 0.00152449078 0.02756567
v -0.0350121838 0.00107105679 -0.0487717843
v -0.0350843769 0.00114324993 -0.0485253286
v -0.0351283985 0.00118729061 -0.0482659388
v -0.0351430279 0.0012019009 -0.0480296683
v -0.0351315075 0.00119038052 -0.0477634048
v -0.0350906903 0.00114956326 -0.0475029683
v -0.0350215489 0.00108042187 -0.0472547698
v -0.0350024945 0.00106136745 -0.0472018981
v -0.0351364666 0.00119533962 0.0280000019
v -0.034901157 0.000960030021 -0.0490230846
v -0.0349377018 0.000996574821 -0.0489506269
v -0.0349136311 0.000972504081 -0.0470007658
v -0.0347609478 0.000819820823 -0.0467566991
v -0.0349924809 0.00105137295 -0.0488241768
v -0.0349492794 0.00100815243 -0.0470741129
v -0.0345054776 0.000564350547 -0.0495010114
v -0.0346812016 0.000740074577 -0.0493396187
v -0.0345239025 0.000582775535 -0.0465131474
v -0.0345054776 0.000564350547 -0.0464989901
v -0.0347454792 0.000804352226 -0.0492633462
v -0.0346976239 0.000756496849 -0.046678853
v -0.034430061 0.000488933983 -0.0495530272
v -0.0342522389 0.000311130943 -0.0463579249
v -0.0344868618 0.000545734825 -0.0495147109
v -0.0344491536 0.000508026542 -0.0464592767
v -0.0341910511 0.000249924125 -0.0496628499
v -0.0340040356 6.29085919e-05 -0.0463023305
v -0.0342319447 0.00029081768 -0.0496495032
v -0.0342115361 0.00027040905 -0.0463435698
v -0.0339201504 -2.09766009e-05 -0.0496997404
v -0.0337530857 -0.000188041268 -0.0463209295
v -0.0339830738 4.19468305e-05 -0.0496989655
v -0.0339411312 4.23402119e-09 -0.0463000011
v -0.0336707074 -0.000270400582 -0.0496564293
v -0.0335103375 -0.000430789528 -0.0464129138
v -0.033732391 -0.000208736 -0.0496741724
v -0.0336911923 -0.000249934731 -0.0463371491
v -0.0334331089 -0.000508018074 -0.0495407224
v -0.0333583409 -0.000582786141 -0.0494868541
v -0.0332516438 -0.000689483223 -0.0466074419
v -0.0333767849 -0.000564342079 -0.0464989901
v -0.0334908253 -0.000450301705 -0.0495762134
v -0.0334522015 -0.000488925515 -0.0464469719
v -0.0331846386 -0.000756488381 -0.0493211484
v -0.0331213147 -0.000819812355 -0.0492433023
v -0.033006931 -0.000934196053 -0.0469301558
v -0.0331367833 -0.000804343758 -0.0467366529
v -0.0332345539 -0.000706573067 -0.049375329
v -0.0332010418 -0.000740066109 -0.0466603827
v -0.0329329831 -0.00100814396 -0.0489258862
v -0.0328606945 -0.00108043247 -0.0487452316
v -0.0327915722 -0.00114955479 -0.0484970307
v -0.0327507359 -0.00119039112 -0.0482365942
v -0.0327507359 -0.00119039112 -0.0477634048
v -0.0327538449 -0.00118728214 -0.0477340603
v -0.0327978855 -0.00114324146 -0.0474746704
v -0.0328700596 -0.00107106739 -0.0472282171
v -0.0329938656 -0.000947261391 -0.0490466237
v -0.0329686123 -0.000972495613 -0.0489992356
v -0.0329445607 -0.000996566353 -0.0470493722
v -0.0329811055 -0.000960021553 -0.0469769144
v -0.0325030667 -0.0127517658 -0.000970935822
v -0.0325030667 -0.0127517658 0.000970935822
v -0.0325134999 -0.0127413326 -0.000728459358
v -0.0325209576 -0.0127338749 -0.000485758781
v -0.0325254208 -0.0127294117 -0.000242915154
v -0.0325254208 -0.0127294117 0.000242915154
v -0.0325209576 -0.0127338749 0.000485758781
v -0.0325134999 -0.0127413326 0.000728459358
v -0.0327480084 -0.00119311863 -0.0482071781
v -0.0327390438 -0.00120208317 -0.0479999995
v -0.0322761113 -0.0129787212 -0.00313136578
v -0.0323130757 -0.0129417568 -0.00289412975
v -0.0323471218 -0.0129077106 -0.00265602589
v -0.0323782498 -0.0128765827 -0.00241712093
v -0.0324064404 -0.0128483921 -0.00217748642
v -0.0324316746 -0.0128231578 -0.00193719864
v -0.0324539715 -0.0128008609 -0.00169632435
v -0.032473312 -0.0127815204 -0.00145494461
v -0.0324896771 -0.0127651554 -0.00121312141
v -0.0324896771 -0.0127651554 0.00121312141
v -0.032473312 -0.0127815204 0.00145494461
v -0.0324539715 -0.0128008609 0.00169632435
v -0.0324316746 -0.0128231578 0.00193719864
v -0.0324064404 -0.0128483921 0.00217748642
v -0.0323782498 -0.0128765827 0.00241712093
v -0.0323471218 -0.0129077106 0.00265602589
v -0.0323130757 -0.0129417568 0.00289412975
v -0.0322761113 -0.0129787212 0.00313136578
v -0.0320479542 -0.0132068782 -0.00430197239
v -0.0320993191 -0.0131555133 -0.00407016277
v -0.032147823 -0.0131070095 -0.00383712292
v -0.0321934658 -0.0130613666 -0.00360293388
v -0.0322362477 -0.0130186039 -0.00336765289
v -0.0322362477 -0.0130186039 0.00336765289
v -0.0321934658 -0.0130613666 0.00360293388
v -0.032147823 -0.0131070095 0.00383712292
v -0.0320993191 -0.0131555133 0.00407016277
v -0.0320479542 -0.0132068782 0.00430197239
v -0.031814304 -0.0134405285 -0.00521557808
v -0.0319367367 -0.0133180957 -0.00476164341
v -0.0319937474 -0.0132610851 -0.00453248978
v -0.0319937474 -0.0132610851 0.00453248978
v -0.0318769032 -0.0133779293 0.00498936176
v -0.031814304 -0.0134405285 0.00521557808
v -0.0315364224 -0.0137184291 -0.00610406399
v -0.0316099697 -0.0136448627 -0.00588453293
v -0.0316808087 -0.0135740238 -0.00566322803
v -0.0317489392 -0.0135059124 -0.00544022083
v -0.0317489392 -0.0135059124 0.00544022083
v -0.0316808087 -0.0135740238 0.00566322803
v -0.0316099697 -0.0136448627 0.00588453293
v -0.0315364224 -0.0137184291 0.00610406399
v -0.0312997586 -0.0139550739 -0.00675136566
v -0.0313812786 -0.0138735538 -0.00653754711
v -0.0314601857 -0.0137946468 -0.00632175446
v -0.0314601857 -0.0137946468 0.00632175446
v -0.0313812786 -0.0138735538 0.00653754711
v -0.0312997586 -0.0139550739 0.00675136566
v -0.0310396153 -0.0142152172 -0.00738037586
v -0.0311288983 -0.0141259342 -0.00717284679
v -0.0312156254 -0.014039207 -0.00696315289
v -0.0312156254 -0.014039207 0.00696315289
v -0.0311288983 -0.0141259342 0.00717284679
v -0.0310396153 -0.0142152172 0.00738037586
v -0.0308534771 -0.0144013553 -0.00778871536
v -0.0309477955 -0.0143070369 -0.00758568764
v -0.0309477955 -0.0143070369 0.00758568764
v -0.0307566792 -0.0144981533 0.00798939705
v -0.0305557591 -0.0146990734 -0.00838347912
v -0.0306574208 -0.0145974117 -0.00818767071
v -0.0306574208 -0.0145974117 0.00818767071
v -0.0305557591 -0.0146990734 0.00838347912
v -0.0303453022 -0.0149095302 -0.00876747131
v -0.0304517132 -0.0148031192 -0.00857676506
v -0.0304517132 -0.0148031192 0.00857676506
v -0.0303453022 -0.0149095302 0.00876747131
v -0.0300122601 -0.0152425724 -0.00932351589
v -0.0301255375 -0.0151292949 -0.00914090157
v -0.0302365643 -0.0150182682 -0.00895553589
v -0.0302365643 -0.0150182682 0.00895553589
v -0.0301255375 -0.0151292949 0.00914090157
v -0.0300122601 -0.0152425724 0.00932351589
v -0.0298967701 -0.0153580623 -0.00950332642
v -0.0297790676 -0.0154757648 0.00968027115
v -0.029537254 -0.0157175785 -0.0100253725
v -0.0296592289 -0.0155956035 -0.00985430717
v -0.0296592289 -0.0155956035 0.00985430717
v -0.029537254 -0.0157175785 0.0100253677
v -0.0295186955 -0.0100792842 -0.00265602589
v -0.0295498234 -0.0100481563 -0.00241712093
v -0.029578014 -0.0100199657 -0.00217748642
v -0.029578014 -0.0100199657 0.00217748642
v -0.0295498234 -0.0100481563 0.00241712093
v -0.0295186955 -0.0100792842 0.00265602589
v -0.0296032482 -0.00999473148 -0.00193719864
v -0.0296255452 -0.00997243458 -0.00169632435
v -0.0296448857 -0.00995309406 -0.00145494461
v -0.0296612507 -0.00993672901 -0.00121312141
v -0.0296746403 -0.00992333942 -0.000970935822
v -0.0296850735 -0.00991290623 -0.000728459358
v -0.0296925312 -0.00990544849 -0.000485758781
v -0.0296969944 -0.0099009853 -0.000242915154
v -0.0296984822 -0.00989949757 0
v -0.0296925312 -0.00990544849 0.000485758781
v -0.0296850735 -0.00991290623 0.000728459358
v -0.0296746403 -0.00992333942 0.000970935822
v -0.0296612507 -0.00993672901 0.00121312141
v -0.0296448857 -0.00995309406 0.00145494461
v -0.0296255452 -0.00997243458 0.00169632435
v -0.0296032482 -0.00999473148 0.00193719864
v -0.0293553311 -0.0158995014 -0.0487717843
v -0.0294275242 -0.0158273082 -0.0485253286
v -0.0294715458 -0.0157832866 -0.0482659388
v -0.0294861752 -0.0157686573 -0.0480296683
v -0.0294746548 -0.0157801777 -0.0477634048
v -0.0294338185 -0.015821014 -0.0475029683
v -0.0293646962 -0.0158901363 -0.0472547698
v -0.0292567784 -0.0159980541 -0.0470007658
v -0.0292871434 -0.0159677082 -0.0103583956
v -0.0294132191 -0.0158416134 -0.0101934195
v -0.0294132191 -0.0158416134 0.0101934147
v -0.0292871434 -0.0159677082 0.0103583908
v -0.0292708927 -0.010327087 -0.00407016277
v -0.0293193966 -0.0102785831 -0.00383712292
v -0.0293193966 -0.0102785831 0.00383712292
v -0.0292708927 -0.010327087 0.00407016277
v -0.0293650395 -0.0102329403 -0.00360293388
v -0.0294078022 -0.0101901775 -0.00336765289
v -0.0294476849 -0.0101502948 -0.00313136578
v -0.0294846493 -0.0101133304 -0.00289412975
v -0.0294846493 -0.0101133304 0.00289412975
v -0.0294476849 -0.0101502948 0.00313136578
v -0.0294078022 -0.0101901775 0.00336765289
v -0.0293650395 -0.0102329403 0.00360293388
v -0.0290886265 -0.0161662059 -0.0492633462
v -0.0292443043 -0.0160105472 -0.0490230846
v -0.0291040951 -0.0161507373 -0.0467566991
v -0.0290076977 -0.0162471347 -0.0466423202
v -0.0291590458 -0.0160957866 -0.0105202532
v -0.0290289837 -0.0162258487 0.0106789494
v -0.0290484768 -0.0105495029 -0.00498936176
v -0.0290484768 -0.0105495029 0.00498936176
v -0.0291083104 -0.0104896694 -0.00476164341
v -0.029165321 -0.0104326587 -0.00453248978
v -0.0292195279 -0.0103784519 -0.00430197239
v -0.0292195279 -0.0103784519 0.00430197239
v -0.029165321 -0.0104326587 0.00453248978
v -0.0291083104 -0.0104896694 0.00476164341
v -0.0287539631 -0.0165008693 -0.0495648575
v -0.0287539631 -0.0165008693 -0.0464351416
v -0.0288486058 -0.0164062267 -0.0495010114
v -0.0289908368 -0.0162639957 -0.049375329
v -0.0288670498 -0.0163877826 -0.0465131474
v -0.0287732083 -0.0164816242 -0.0464469719
v -0.0288969952 -0.0163578373 -0.0108344221
v -0.0287631184 -0.0164917141 0.0109866333
v -0.0287815434 -0.0108164363 -0.00588453293
v -0.0287815434 -0.0108164363 0.00588453293
v -0.0288523823 -0.0107455974 -0.00566322803
v -0.0289204937 -0.010677486 -0.00544022083
v -0.0289858776 -0.0106121021 -0.00521557808
v -0.0289858776 -0.0106121021 0.00521557808
v -0.0289204937 -0.010677486 0.00544022083
v -0.0288523823 -0.0107455974 0.00566322803
v -0.0287345845 -0.016520248 -0.0495762134
v -0.0285136372 -0.0167411953 -0.046331234
v -0.0286274105 -0.0166274219 -0.01113554
v -0.0286274105 -0.0166274219 0.01113554
v -0.0285528523 -0.0110451274 -0.00653754711
v -0.0285528523 -0.0110451274 0.00653754711
v -0.0286317593 -0.0109662204 -0.00632175446
v -0.0287079769 -0.0108900028 -0.00610406399
v -0.0287079769 -0.0108900028 0.00610406399
v -0.0286317593 -0.0109662204 0.00632175446
v -0.0284930188 -0.0167618328 -0.0496741724
v -0.0282842785 -0.0169705539 -0.0463000011
v -0.0284898716 -0.0167649608 -0.0112810946
v -0.028350578 -0.0169042545 0.011423254
v -0.0283004719 -0.0112975078 -0.00717284679
v -0.0283004719 -0.0112975078 0.00717284679
v -0.0283871991 -0.0112107807 -0.00696315289
v -0.0284713322 -0.0111266475 0.00675136566
v -0.0282423169 -0.0170125156 -0.0496989655
v -0.0280138546 -0.0172409778 -0.0463435698
v -0.0282095677 -0.0170452648 -0.0115619659
v -0.0280668789 -0.0171879535 0.0116972065
v -0.0280250508 -0.011572929 -0.00778871536
v -0.0280250508 -0.011572929 0.00778871536
v -0.0281193692 -0.0114786106 -0.00758568764
v -0.0282111889 -0.0113867908 -0.00738037586
v -0.0282111889 -0.0113867908 0.00738037586
v -0.0281193692 -0.0114786106 0.00758568764
v -0.0279934651 -0.0172613674 -0.0496495032
v -0.0277573162 -0.0174975162 -0.0464720511
v -0.0279225499 -0.0173323017 -0.0118289185
v -0.0277766186 -0.0174782138 0.0119570732
v -0.0278289944 -0.0117689853 -0.00818767071
v -0.0278289944 -0.0117689853 0.00818767071
v -0.0279282528 -0.0116697269 -0.00798939705
v -0.0279282528 -0.0116697269 0.00798939705
v -0.0277385289 -0.0175163036 -0.0495147109
v -0.0277014881 -0.0175533443 -0.0494868541
v -0.0275115925 -0.0177432399 -0.0466977239
v -0.0277199322 -0.0175349002 -0.0464989901
v -0.0276291424 -0.01762569 -0.0120816231
v -0.0276291424 -0.01762569 0.0120816231
v -0.0275168759 -0.0120811039 -0.00876747131
v -0.0275168759 -0.0120811039 0.00876747131
v -0.0276232869 -0.0119746929 -0.00857676506
v -0.0277273327 -0.011870647 -0.00838347912
v -0.0277273327 -0.011870647 0.00838347912
v -0.0276232869 -0.0119746929 0.00857676506
v -0.0272538906 -0.0180009418 -0.0488755655
v -0.0272538906 -0.0180009418 -0.0471244359
v -0.027495628 -0.0177592044 -0.0492830062
v -0.0274644619 -0.0177903896 -0.0492433023
v -0.0273117596 -0.0179430729 -0.0489992356
v -0.0272648388 -0.0179899936 -0.0470991373
v -0.0273242527 -0.0179305797 -0.0469769144
v -0.0274799305 -0.017774921 -0.0467366529
v -0.0273297078 -0.0179251247 -0.0123197794
v -0.0274801594 -0.0177746921 -0.0122025394
v -0.0274801594 -0.0177746921 0.0122025394
v -0.0273297078 -0.0179251247 0.0123197842
v -0.0272971112 -0.0123008686 -0.00914090157
v -0.0272971112 -0.0123008686 0.00914090157
v -0.0274081379 -0.0121898418 -0.00895553589
v -0.0274081379 -0.0121898418 0.00895553589
v -0.0272432476 -0.0180116039 -0.0488499999
v -0.0272038418 -0.0180509906 -0.0487452316
v -0.0271347195 -0.018120113 -0.0484970307
v -0.0270938832 -0.0181609493 -0.0482365942
v -0.0270821911 -0.0181726413 -0.0479999995
v -0.0270969921 -0.0181578403 -0.0477340603
v -0.0271410328 -0.0181138187 -0.0474746704
v -0.0272132069 -0.0180416256 -0.0472282171
v -0.0270246083 -0.0182302242 -0.0125431013
v -0.0271778447 -0.0180769878 -0.0124333096
v -0.0271778447 -0.0180769878 0.0124333096
v -0.0270246083 -0.0182302242 0.0125430965
v -0.0270683438 -0.012529636 -0.00950332642
v -0.0270683438 -0.012529636 0.00950332642
v -0.0271838337 -0.012414146 -0.00932351589
v -0.0271838337 -0.012414146 0.00932351589
v -0.0268700558 -0.0183847766 -0.0379999995
v -0.0268700558 -0.0183847766 -0.0126491117
v -0.0268700558 -0.0183847766 0.012649107
v -0.0268700558 -0.0183847766 0.0219999981
v -0.0268308026 -0.0127671772 -0.00985430717
v -0.0268308026 -0.0127671772 0.00985430717
v -0.0269506413 -0.0126473384 -0.00968027115
v -0.0269506413 -0.0126473384 0.00968027115
v -0.0265847927 -0.013013187 -0.0101934195
v -0.0265847927 -0.013013187 0.0101934147
v -0.0267088276 -0.0128891521 -0.0100253725
v -0.0267088276 -0.0128891521 0.0100253677
v -0.0263306195 -0.0132673603 -0.0105202532
v -0.0263306195 -0.0132673603 0.0105202579
v -0.0264586979 -0.0131392818 -0.0103583956
v -0.0264586979 -0.0131392818 0.0103583908
v -0.0260685688 -0.0135294109 -0.0108344221
v -0.0260685688 -0.0135294109 0.0108344173
v -0.0262005574 -0.0133974224 -0.0106789446
v -0.0262005574 -0.0133974224 0.0106789494
v -0.0257989842 -0.0137989956 -0.01113554
v -0.0257989842 -0.0137989956 0.01113554
v -0.025934692 -0.0136632877 -0.0109866333
v -0.025934692 -0.0136632877 0.0109866333
v -0.0257609707 -0.00818015629 -0.00130660534
v -0.0257757717 -0.00816535526 -0.00108944893
v -0.0257878643 -0.00815326267 -0.000871953964
v -0.0257972866 -0.00814384037 -0.000654201508
v -0.0258040196 -0.00813710743 -0.000436244011
v -0.0258080441 -0.00813308292 -0.000218153
v -0.0258080441 -0.00813308292 0.000218153
v -0.0258040196 -0.00813710743 0.000436244011
v -0.0257972866 -0.00814384037 0.000654201508
v -0.0257878643 -0.00815326267 0.000871953964
v -0.0257757717 -0.00816535526 0.00108944893
v -0.0257609707 -0.00818015629 0.00130660534
v -0.0255221516 -0.0140758281 -0.0114232492
v -0.0255221516 -0.0140758281 0.011423254
v -0.0256614453 -0.0139365345 -0.0112810946
v -0.0256614453 -0.0139365345 0.0112810898
v -0.0255468518 -0.00839427525 -0.00302402496
v -0.0255828625 -0.0083582645 -0.00281188965
v -0.0256162411 -0.0083248859 -0.00259889603
v -0.0256470066 -0.00829412037 -0.00238511086
v -0.025675121 -0.00826600605 -0.00217060089
v -0.025675121 -0.00826600605 0.00217060089
v -0.0256470066 -0.00829412037 0.00238511086
v -0.0256162411 -0.0083248859 0.00259889603
v -0.0255828625 -0.0083582645 0.00281188965
v -0.025508228 -0.00843289906 0.00323523998
v -0.0257005841 -0.00824054295 -0.00195543289
v -0.0257435185 -0.00819760853 -0.00152336597
v -0.0257233769 -0.00821775013 0.00173966408
v -0.0257005841 -0.00824054295 0.00195543289
v -0.0253017384 -0.0199530941 -0.00130227089
v -0.0253594738 -0.0198953586 -0.00103527546
v -0.0254038769 -0.0198509555 -0.000763235092
v -0.02542831 -0.0198265224 -0.000556693077
v -0.0254489476 -0.0198058849 -0.000279026031
v -0.0254554135 -0.019799419 -6.980896e-05
v -0.0254519612 -0.0198028713 0.000209345818
v -0.0254347569 -0.0198200756 0.000487475395
v -0.0254128796 -0.0198419529 0.000694594383
v -0.0253718335 -0.019882999 0.00096768856
v -0.0253174168 -0.0199374157 0.00123606682
v -0.0252679783 -0.0199868541 0.00143347263
v -0.0253811413 -0.0142168384 -0.0115619659
v -0.0253811413 -0.0142168384 0.0115619659
v -0.0252763516 -0.00866477543 -0.00427525043
v -0.02532785 -0.00861327702 -0.00406960011
v -0.0253767926 -0.00856433445 -0.00386271477
v -0.0254231793 -0.00851794773 -0.00365464687
v -0.0254231793 -0.00851794773 0.00365464687
v -0.0253767926 -0.00856433445 0.00386271477
v -0.02532785 -0.00861327702 0.00406960011
v -0.0252763516 -0.00866477543 0.00427525043
v -0.0254669911 -0.00847413593 -0.00344546795
v -0.0254669911 -0.00847413593 0.00344546795
v -0.0250518566 -0.0202029758 -0.0020601511
v -0.0251695973 -0.0200852352 -0.00175348282
v -0.0252309948 -0.0200238376 -0.00156292439
v -0.0252498967 -0.0200049358 -0.00149842739
v -0.0252498967 -0.0200049358 0.00149842739
v -0.0251908451 -0.0200639873 0.00169047356
v -0.0250769001 -0.0201779323 0.00199999809
v -0.0250260502 -0.0202287822 0.00211967468
v -0.0250941235 -0.0145038562 -0.0118289185
v -0.0250941235 -0.0145038562 0.0118289185
v -0.0252384526 -0.0143595272 -0.0116972065
v -0.0252384526 -0.0143595272 0.0116972065
v -0.0250452381 -0.00889588886 -0.00508420944
v -0.0251067501 -0.00883437687 -0.00488413811
v -0.0251657826 -0.00877534443 -0.00468258381
v -0.0251657826 -0.00877534443 0.00468258381
v -0.0251067501 -0.00883437687 0.00488413811
v -0.0250452381 -0.00889588886 0.00508420944
v -0.0252223164 -0.00871879154 -0.004479599
v -0.0252223164 -0.00871879154 0.004479599
v -0.0248255116 -0.0204293209 -0.00251728058
v -0.0249443203 -0.0203105121 -0.00229430676
v -0.0249995381 -0.0202552944 -0.00217855453
v -0.0249722821 -0.0202825504 0.00223677158
v -0.024856239 -0.0203985935 0.00246264458
v -0.0247620541 -0.0204927784 0.00262423515
v -0.0248007161 -0.0147972637 -0.0120816231
v -0.0248007161 -0.0147972637 0.0120816231
v -0.0249481922 -0.0146497875 -0.0119570732
v -0.0249481922 -0.0146497875 0.0119570732
v -0.0247747952 -0.00916633183 -0.00586839676
v -0.0248460156 -0.00909511143 -0.00567488194
v -0.0249148518 -0.00902627522 -0.00547964096
v -0.0249148518 -0.00902627522 0.00547964096
v -0.0248460156 -0.00909511143 0.00567488194
v -0.0247747952 -0.00916633183 0.00586839676
v -0.0249812657 -0.00895986134 -0.00528272629
v -0.0249812657 -0.00895986134 0.00528272629
v -0.0246620137 -0.0205928188 -0.00277863503
v -0.0247293431 -0.0205254894 -0.00267652035
v -0.0246960026 -0.0205588298 0.00272799492
v -0.0245200116 -0.0207348209 0.002972579
v -0.0245012814 -0.0150966983 -0.0123197794
v -0.0245012814 -0.0150966983 0.0123197842
v -0.0246517331 -0.0149462467 -0.0122025394
v -0.0246517331 -0.0149462467 0.0122025394
v -0.0246252209 -0.00931590611 -0.00625
v -0.0246252209 -0.00931590611 0.00625
v -0.0245469242 -0.00939420277 0.00643797398
v -0.0247011906 -0.00923993641 -0.00606011868
v -0.0247011906 -0.00923993641 0.00606011868
v -0.0244830281 -0.0207718044 -0.00301883698
v -0.0242899281 -0.0209649044 0.00323606968
v -0.0243494183 -0.0152485614 -0.0124333096
v -0.0243494183 -0.0152485614 0.0124333096
v -0.0243834263 -0.00955770069 -0.00680799007
v -0.0242982823 -0.00964284473 0.00698991299
v -0.0244663197 -0.00947480732 -0.00662399292
v -0.0244663197 -0.00947480732 0.00662399292
v -0.0242497403 -0.0210050922 -0.00327661037
v -0.0240416294 -0.021213203 0.00346410275
v -0.0240416294 -0.0155563503 -0.0379999995
v -0.0240416294 -0.0155563503 -0.0126491117
v -0.0240416294 -0.0155563503 0.012649107
v -0.0240416294 -0.0155563503 0.0219999981
v -0.0241961819 -0.0154017978 -0.0125431013
v -0.0241961819 -0.0154017978 0.0125430965
v -0.024029575 -0.00991155201 -0.00752268791
v -0.0241213375 -0.00981978947 -0.00734731674
v -0.0241213375 -0.00981978947 0.00734731674
v -0.024029575 -0.00991155201 0.00752268791
v -0.0242109066 -0.00973022038 -0.00716970444
v -0.0242109066 -0.00973022038 0.00716970444
v -0.0239552838 -0.0212995487 -0.00353178978
v -0.0239986569 -0.0212561756 -0.00349847794
v -0.0239986569 -0.0212561756 0.00349847794
v -0.0237778431 -0.0214769893 0.00365417957
v -0.0237569958 -0.0101841121 -0.0485814333
v -0.0237769657 -0.0101641613 -0.0484970307
v -0.0238178021 -0.0101233249 -0.0482365942
v -0.0238294941 -0.0101116329 -0.0479999995
v -0.0238146931 -0.0101264339 -0.0477340603
v -0.0237706715 -0.0101704555 -0.0474746704
v -0.0238396222 -0.0101015049 -0.00786650658
v -0.0239356572 -0.0100054699 -0.00769577026
v -0.0239356572 -0.0100054699 0.00769577026
v -0.0238396222 -0.0101015049 0.00786650658
v -0.0235014492 -0.0217533832 -0.00380422592
v -0.0235014492 -0.0217533832 0.00380422592
v -0.0235947949 -0.0216600376 -0.00375876904
v -0.0237325627 -0.0215222698 -0.00368201733
v -0.023641029 -0.0216138034 0.00373432159
v -0.0235482556 -0.0217065769 0.00378207207
v -0.0235065609 -0.0104345661 -0.0491593981
v -0.0235999256 -0.0103412014 -0.0489992356
v -0.023688789 -0.010252338 -0.0472018981
v -0.0235874325 -0.0103536754 -0.0469769144
v -0.0235391003 -0.0104020267 -0.00836413383
v -0.0236413151 -0.0102998119 -0.00820073605
v -0.0236413151 -0.0102998119 0.00820073605
v -0.0235391003 -0.0104020267 0.00836413383
v -0.0236984784 -0.0102426487 -0.0487717843
v -0.0237078434 -0.0102332836 -0.0487452316
v -0.0237496525 -0.0101914745 -0.0473907733
v -0.0236984784 -0.0102426487 -0.0472282171
v -0.0237415081 -0.0101996189 -0.0080348444
v -0.0237415081 -0.0101996189 0.0080348444
v -0.0233141857 -0.0219406467 -0.00851641655
v -0.0233821255 -0.0218727069 -0.00826611519
v -0.0234052426 -0.021849609 -0.00800000191
v -0.0233852917 -0.0218695407 -0.00775255203
v -0.0233204609 -0.0219343715 -0.00750061035
v -0.0232566792 -0.0219981533 -0.00735343456
v -0.0234543759 -0.0218004566 -0.00382522106
v -0.0232636792 -0.0219911533 0.00389748096
v -0.0233141857 -0.0219406467 0.0074835825
v -0.0233821255 -0.0218727069 0.00773388386
v -0.0234051091 -0.0218497234 0.00798080444
v -0.0233852917 -0.0218695407 0.00824744701
v -0.0233204609 -0.0219343715 0.00849938869
v -0.0232566792 -0.0219981533 0.00864656448
v -0.023264423 -0.010676704 -0.0494416809
v -0.0234317738 -0.0105093532 -0.0467366529
v -0.0234348828 -0.0105062442 -0.00852498055
v -0.0233286816 -0.0106124454 0.00868322849
v -0.0234472424 -0.0104938846 -0.0492433023
v -0.0234921223 -0.0104490047 -0.0468190813
v -0.0230045086 -0.0222503238 -0.00896208286
v -0.0230045086 -0.0222503238 -0.00703791618
v -0.0230045086 -0.0222503238 0.00703791618
v -0.0230045086 -0.0222503238 0.00896208286
v -0.0231962735 -0.022058559 -0.00875020027
v -0.0232486111 -0.0220062214 -0.00866199493
v -0.0232054478 -0.0220493847 -0.00726395607
v -0.0230163342 -0.0222385173 -0.00704737186
v -0.0232154805 -0.022039352 -0.00391259193
v -0.0230210644 -0.022233768 0.00396107197
v -0.0231962735 -0.022058559 0.00724980354
v -0.0232486111 -0.0220062214 0.00733800411
v -0.0232054478 -0.0220493847 0.00873604298
v -0.0230163342 -0.0222385173 0.00895262718
v -0.0230187756 -0.0109223514 -0.0496073818
v -0.0231731564 -0.0107679706 -0.0464852881
v -0.0231105381 -0.0108305889 -0.0089917469
v -0.0231105381 -0.0108305889 0.0089917469
v -0.023191753 -0.010749374 -0.0495010114
v -0.0232101971 -0.0107309299 -0.0494868541
v -0.0232465321 -0.0106945949 -0.0465428162
v -0.023191753 -0.010749374 -0.0464989901
v -0.023220554 -0.0107205539 -0.00883883476
v -0.023220554 -0.0107205539 0.00883883476
v -0.0229437786 -0.0223110538 -0.00900489807
v -0.0229925877 -0.0222622448 -0.0089712429
v -0.0229561383 -0.0222986942 -0.00700305939
v -0.0227624852 -0.0224923473 -0.00691671371
v -0.0229721218 -0.0222827106 -0.00397018433
v -0.0227754361 -0.0224793964 0.00399451733
v -0.0229437786 -0.0223110538 0.00699510098
v -0.0229925877 -0.0222622448 0.00702875614
v -0.0229561383 -0.0222986942 0.00899693966
v -0.0227624852 -0.0224923473 0.0090832901
v -0.0227530629 -0.0111880642 -0.0496906877
v -0.0229385334 -0.0110025936 -0.0463579249
v -0.0228848988 -0.0110562282 -0.00928931236
v -0.0227693516 -0.0111717563 0.00943387032
v -0.0229587513 -0.0109823757 -0.0496341443
v -0.0229988819 -0.0109422451 -0.0463832045
v -0.022998634 -0.010942493 -0.009141922
v -0.022998634 -0.010942493 0.009141922
v -0.0227490956 -0.0225057369 -0.0090864563
v -0.0226274258 -0.0226274257 -0.00690000057
v -0.0226274258 -0.0226274257 -0.00400000095
v -0.0227261311 -0.0225287014 -0.00399756432
v -0.022676788 -0.0225780635 0.0039993906
v -0.0226274258 -0.0226274257 0.00400000095
v -0.0227490956 -0.0225057369 0.00691354275
v -0.0226274258 -0.0226274257 0.00909999847
v -0.0225017697 -0.0114393573 -0.0496906877
v -0.0226274258 -0.0113137012 -0.0463000011
v -0.0226520497 -0.0112890773 -0.00957555771
v -0.0225330311 -0.0114080959 0.00971432686
v -0.0227112728 -0.0112298542 -0.049695859
v -0.0227321774 -0.0112089496 -0.0463064694
v -0.0222503239 -0.0230045086 -0.00896208286
v -0.0222503239 -0.0230045086 -0.00703791618
v -0.0222503239 -0.0230045086 0.00703791618
v -0.0222503239 -0.0230045086 0.00896208286
v -0.0224923474 -0.0227624851 -0.0090832901
v -0.0222986943 -0.0229561382 -0.00899693966
v -0.0222622448 -0.0229925876 -0.00702875614
v -0.0223110539 -0.0229437786 -0.00699510098
v -0.0224793965 -0.022775436 -0.00399451733
v -0.0222827107 -0.0229721218 0.00397018433
v -0.0224923474 -0.0227624851 0.00691671371
v -0.0222986943 -0.0229561382 0.00700305939
v -0.0222622448 -0.0229925876 0.0089712429
v -0.0223110539 -0.0229437786 0.00900489807
v -0.0222559506 -0.0116851764 -0.049616797
v -0.0224393612 -0.0115017467 -0.0463209295
v -0.0224122959 -0.0115288311 -0.00985013485
v -0.0222899014 -0.0116512256 0.00998294353
v -0.0224601132 -0.0114810138 -0.0496834564
v -0.0224809224 -0.0114602047 -0.0463126707
v -0.0222385174 -0.0230163341 -0.00895262718
v -0.0220493847 -0.0232054477 -0.00873604298
v -0.0220062214 -0.023248611 -0.00733800411
v -0.0220585591 -0.0231962734 -0.00724980354
v -0.0222337681 -0.0230210643 -0.00396107197
v -0.0220393521 -0.0232154804 0.00391259193
v -0.0222385174 -0.0230163341 0.00704737186
v -0.0220493847 -0.0232054477 0.00726395607
v -0.0220062214 -0.023248611 0.00866199493
v -0.0220585591 -0.0231962734 0.00875020027
v -0.0220630795 -0.0118780475 -0.0495010114
v -0.0220083004 -0.0119328266 -0.0494571853
v -0.0220446354 -0.0118964916 -0.0465131474
v -0.0221771008 -0.0117640071 -0.0464237881
v -0.0221659047 -0.0117752224 -0.0101127148
v -0.0220403057 -0.0119008213 0.0102394009
v -0.022196632 -0.011744495 -0.0495870876
v -0.0222360569 -0.0117050701 -0.0463926196
v -0.0217533833 -0.0235014492 -0.00380422592
v -0.0217533833 -0.0235014492 0.00380422592
v -0.0219981533 -0.0232566791 -0.00864656448
v -0.0219343716 -0.0233204609 -0.00849938869
v -0.0218695408 -0.0233852916 -0.00824744701
v -0.0218497235 -0.023405109 -0.00798080444
v -0.021872707 -0.0233821254 -0.00773388386
v -0.0219406468 -0.0233141857 -0.0074835825
v -0.0219911534 -0.0232636791 -0.00389748096
v -0.0218004567 -0.0234543758 0.00382522106
v -0.0219981533 -0.0232566791 0.00735343456
v -0.0219343716 -0.0233204609 0.00750061035
v -0.0218695408 -0.0233852916 0.00775255203
v -0.021849609 -0.0234052425 0.00800000191
v -0.021872707 -0.0233821254 0.00826611519
v -0.0219406468 -0.0233141857 0.00851641655
v -0.0218230587 -0.0121180492 -0.0492633462
v -0.0217627102 -0.0121784168 -0.0491809201
v -0.0218075901 -0.0121335178 -0.0467566991
v -0.0219379383 -0.0120031887 -0.0466074419
v -0.021913181 -0.0120279461 -0.0103629684
v -0.0217845303 -0.0121565967 0.0104833794
v -0.0219552189 -0.0119859081 -0.0494093633
v -0.0219904095 -0.0119507175 -0.0465583181
v -0.021706577 -0.0235482555 -0.00378207207
v -0.0216138035 -0.0236410289 -0.00373432159
v -0.0215222699 -0.0237325626 0.00368201733
v -0.0216600376 -0.0235947948 0.00375876904
v -0.0216674 -0.012273727 -0.0490230846
v -0.0215563542 -0.0123847728 -0.0487717843
v -0.02150518 -0.012435947 -0.0486092257
v -0.0215469891 -0.0123941379 -0.0472547698
v -0.0216549069 -0.0122862201 -0.0470007658
v -0.0216801602 -0.0122609668 -0.0469533753
v -0.02165443 -0.012286697 -0.0106006002
v -0.0215228993 -0.0124182277 0.0107145882
v -0.0216932255 -0.0122479015 -0.0490698457
v -0.0217482716 -0.0121928554 -0.0468406034
v -0.0214769894 -0.0237778431 -0.00365417957
v -0.0212561756 -0.0239986568 -0.00349847794
v -0.0212561756 -0.0239986568 0.00349847794
v -0.0212995488 -0.0239552837 0.00353178978
v -0.0214401394 -0.0125009876 -0.0482659388
v -0.0214255101 -0.0125155979 -0.0480296683
v -0.0214370304 -0.0125040966 -0.0477634048
v -0.0214401394 -0.0125009876 -0.0477340603
v -0.0213899762 -0.0125511509 -0.0108253193
v -0.0212557179 -0.0126854091 0.0109327507
v -0.021484161 -0.0124569469 -0.0485253286
v -0.0214435917 -0.0124975353 -0.0482952023
v -0.0214778668 -0.0124632602 -0.0475029683
v -0.0214978367 -0.0124432903 -0.0474185658
v -0.0212132031 -0.0240416294 -0.00346410275
v -0.0210050923 -0.0242497402 0.00327661037
v -0.0211201435 -0.0128209835 -0.0110368443
v -0.0211201435 -0.0128209835 0.0110368443
v -0.0209649044 -0.024289928 -0.00323606968
v -0.0207718045 -0.024483028 0.00301883698
v -0.0208452565 -0.0130958706 -0.0112349272
v -0.0208452565 -0.0130958706 0.0112349224
v -0.0209833104 -0.0129578167 -0.0111375809
v -0.0209833104 -0.0129578167 0.0111375809
v -0.020734821 -0.0245200115 -0.002972579
v -0.0205588299 -0.0246960025 -0.00272799492
v -0.0205254895 -0.024729343 0.00267652035
v -0.0205928189 -0.0246620136 0.00277863503
v -0.0205656391 -0.0133754879 -0.0114193201
v -0.0205656391 -0.0133754879 0.0114193153
v -0.02070602 -0.013235107 -0.011328845
v -0.02070602 -0.013235107 0.0113288498
v -0.0204927784 -0.024762054 -0.00262423515
v -0.0203985936 -0.0248562389 -0.00246264458
v -0.0202825505 -0.024972282 -0.00223677158
v -0.0202552945 -0.024999538 0.00217855453
v -0.0203105122 -0.0249443203 0.00229430676
v -0.0204293209 -0.0248255115 0.00251728058
v -0.0204241711 -0.0135169559 -0.0115063095
v -0.020281654 -0.013659473 0.0115897942
v -0.0202287823 -0.0250260501 -0.00211967468
v -0.0201779324 -0.0250769001 -0.00199999809
v -0.0200639874 -0.0251908451 -0.00169047356
v -0.0200049359 -0.0252498966 -0.00149842739
v -0.0200049359 -0.0252498966 0.00149842739
v -0.0200238377 -0.0252309948 0.00156292439
v -0.0200852352 -0.0251695972 0.00175348282
v -0.0202029759 -0.0250518566 0.0020601511
v -0.020138126 -0.013803001 -0.011669755
v -0.020138126 -0.013803001 0.0116697598
v -0.0199868542 -0.0252679782 -0.00143347263
v -0.0199374157 -0.0253174167 -0.00123606682
v -0.0198829991 -0.0253718334 -0.00096768856
v -0.0198419529 -0.0254128795 -0.000694594383
v -0.0198200756 -0.0254347568 -0.000487475395
v -0.0198028714 -0.0254519611 -0.000209345818
v -0.0197989804 -0.0254558521 0
v -0.019805885 -0.0254489475 0.000279026031
v -0.0198265225 -0.02542831 0.000556693077
v -0.0198509556 -0.0254038768 0.000763235092
v -0.0198953587 -0.0253594738 0.00103527546
v -0.0199530941 -0.0253017383 0.00130227089
v -0.019848209 -0.014092918 -0.0118189812
v -0.019848209 -0.014092918 0.0118189812
v -0.0199936253 -0.0139475017 -0.0117461586
v -0.0199936253 -0.0139475017 0.0117461586
v -0.0195547825 -0.0143863445 -0.0119538116
v -0.0195547825 -0.0143863445 0.0119538116
v -0.0197019154 -0.0142392116 -0.0118882084
v -0.0197019154 -0.0142392116 0.0118882084
v -0.0194068676 -0.0145342403 -0.0120157719
v -0.019258228 -0.0146828991 0.01207407
v -0.0191088635 -0.0148322635 -0.0121286964
v -0.0191088635 -0.0148322635 0.0121286964
v -0.0188082653 -0.0151328617 -0.0122268438
v -0.0188082653 -0.0151328617 0.0122268486
v -0.0189588696 -0.0149822574 -0.0121796274
v -0.0189588696 -0.0149822574 0.0121796227
v -0.0186570889 -0.0152840381 -0.0122703409
v -0.0185054165 -0.0154357105 0.0123100948
v -0.0183847767 -0.0268700557 -0.0379999995
v -0.0183847767 -0.0268700557 -0.0126491117
v -0.0183847767 -0.0268700557 0.012649107
v -0.0183847767 -0.0268700557 0.0219999981
v -0.0183532673 -0.0155878597 -0.0123461056
v -0.0183532673 -0.0155878597 0.0123461056
v -0.0180009419 -0.0272538906 -0.0488755655
v -0.0180009419 -0.0272538906 -0.0471244359
v -0.0180416256 -0.0272132068 -0.0487717843
v -0.0181138188 -0.0271410328 -0.0485253286
v -0.0181578404 -0.0270969921 -0.0482659388
v -0.0181724697 -0.0270823818 -0.0480296683
v -0.0181609494 -0.0270938831 -0.0477634048
v -0.018120113 -0.0271347194 -0.0475029683
v -0.0180509907 -0.0272038417 -0.0472547698
v -0.018011604 -0.0272432476 -0.0471499991
v -0.0182302243 -0.0270246082 -0.0125431013
v -0.0180769879 -0.0271778446 -0.0124333096
v -0.0180769879 -0.0271778446 0.0124333096
v -0.0182302243 -0.0270246082 0.0125430965
v -0.0180477482 -0.0158933788 -0.012406826
v -0.0180477482 -0.0158933788 0.012406826
v -0.0182006985 -0.0157404285 -0.0123783493
v -0.0182006985 -0.0157404285 0.0123783493
v -0.0177749211 -0.0274799305 -0.0492633462
v -0.0179305798 -0.0273242527 -0.0490230846
v -0.0179899937 -0.0272648578 -0.0489008617
v -0.0179430729 -0.0273117595 -0.0470007658
v -0.0177903897 -0.0274644619 -0.0467566991
v -0.0177592045 -0.0274956279 -0.0467169929
v -0.0179251248 -0.0273297077 -0.0123197794
v -0.0177746922 -0.0274801593 -0.0122025394
v -0.0177746922 -0.0274801593 0.0122025394
v -0.0179251248 -0.0273297077 0.0123197842
v -0.0178944737 -0.0160466533 -0.0124315214
v -0.0178944737 -0.0160466533 0.0124315262
v -0.0175349003 -0.0277199321 -0.0495010114
v -0.01774324 -0.0275115924 -0.0493022752
v -0.0175533444 -0.0277014881 -0.0465131474
v -0.0175163037 -0.0277385288 -0.0464852881
v -0.0176256901 -0.0276291423 -0.0120816231
v -0.0176256901 -0.0276291423 0.0120816231
v -0.0175871235 -0.0163540035 -0.0124695492
v -0.0175871235 -0.0163540035 0.0124695492
v -0.017740913 -0.016200214 -0.0124524355
v -0.017740913 -0.016200214 0.0124524307
v -0.0174975163 -0.0277573162 -0.0495279503
v -0.0172613675 -0.027993465 -0.0463504982
v -0.0174782139 -0.0277766185 -0.0119570732
v -0.0173323017 -0.0279225498 0.0118289185
v -0.0174331433 -0.0165079647 -0.0124828672
v -0.0172790295 -0.0166620975 0.0124923897
v -0.0172582394 0.000287670555 -0.00152336597
v -0.0172756916 0.000305141868 -0.00130660534
v -0.0172904736 0.00031992382 -0.00108944893
v -0.0173025853 0.000332016411 -0.000871953964
v -0.0173120076 0.000341438713 -0.000654201508
v -0.0173187405 0.000348171653 -0.000436244011
v -0.017322765 0.000352215233 -0.000218153
v -0.017322765 0.000352215233 0.000218153
v -0.0173187405 0.000348171653 0.000436244011
v -0.0173120076 0.000341438713 0.000654201508
v -0.0173025853 0.000332016411 0.000871953964
v -0.0172904736 0.00031992382 0.00108944893
v -0.0172756916 0.000305141868 0.00130660534
v -0.0172582394 0.000287670555 0.00152336597
v -0.0172409779 -0.0280138546 -0.0496564293
v -0.0170125157 -0.0282423168 -0.0463010359
v -0.0171879536 -0.0280668789 -0.0116972065
v -0.0170452649 -0.0282095676 0.0115619659
v -0.0171248204 -0.0168163066 -0.0124980974
v -0.0171248204 -0.0168163066 0.0124980927
v -0.0170615727 9.10038373e-05 -0.00302402496
v -0.0170975834 0.000127014579 -0.00281188965
v -0.017130962 0.000160412254 -0.00259889603
v -0.0171617276 0.000191158714 -0.00238511086
v -0.0171898419 0.000219273033 -0.00217060089
v -0.0172152859 0.000244736137 -0.00195543289
v -0.0172152859 0.000244736137 0.00195543289
v -0.0171898419 0.000219273033 0.00217060089
v -0.0171617276 0.000191158714 0.00238511086
v -0.017130962 0.000160412254 0.00259889603
v -0.0170975834 0.000127014579 0.00281188965
v -0.0170229489 5.23800275e-05 0.00323523998
v -0.0172380978 0.000267528953 -0.00173966408
v -0.0172380978 0.000267528953 0.00173966408
v -0.0169915348 -0.0282632976 -0.0496997404
v -0.016970554 -0.0282842785 -0.0463000011
v -0.0169042546 -0.0283505779 -0.0114232492
v -0.0167649609 -0.0284898716 0.0112810898
v -0.0168163067 -0.0171248203 -0.0124980974
v -0.0168163067 -0.0171248203 0.0124980927
v -0.016970554 -0.0169705539 -0.0125
v -0.016970554 -0.0169705539 0.0125
v -0.0167910725 -0.000179496346 -0.00427525043
v -0.0168425709 -0.000127997933 -0.00406960011
v -0.0168915135 -7.90553668e-05 -0.00386271477
v -0.0169379002 -3.26686481e-05 -0.00365464687
v -0.0169379002 -3.26686481e-05 0.00365464687
v -0.0168915135 -7.90553668e-05 0.00386271477
v -0.0168425709 -0.000127997933 0.00406960011
v -0.0167910725 -0.000179496346 0.00427525043
v -0.016981712 1.114315e-05 -0.00344546795
v -0.016981712 1.114315e-05 0.00344546795
v -0.0165008694 -0.0287539631 -0.0495648575
v -0.0165008694 -0.0287539631 -0.0464351416
v -0.0167411953 -0.0285136371 -0.0496687651
v -0.0165202481 -0.0287345844 -0.0464237881
v -0.016627422 -0.0286274105 -0.01113554
v -0.016627422 -0.0286274105 0.01113554
v -0.0166620976 -0.0172790294 -0.0124923849
v -0.0165079647 -0.0174331432 0.012482872
v -0.0165599591 -0.00041060978 -0.00508420944
v -0.0166214711 -0.000349097786 -0.00488413811
v -0.0166805035 -0.000290065346 -0.00468258381
v -0.0166805035 -0.000290065346 0.00468258381
v -0.0166214711 -0.000349097786 0.00488413811
v -0.0165599591 -0.00041060978 0.00508420944
v -0.0167370373 -0.000233512459 -0.004479599
v -0.0167370373 -0.000233512459 0.004479599
v -0.0164816243 -0.0287732082 -0.0495530272
v -0.0163877827 -0.0288670498 -0.0494868541
v -0.0162639958 -0.0289908367 -0.04662467
v -0.0164062268 -0.0288486057 -0.0464989901
v -0.0164917141 -0.0287631183 -0.0109866333
v -0.0163578373 -0.0288969951 0.0108344173
v -0.0163540036 -0.0175871235 -0.0124695492
v -0.0163540036 -0.0175871235 0.0124695492
v -0.0162895161 -0.000681052742 -0.00586839676
v -0.0163607365 -0.000609813271 -0.00567488194
v -0.0164295727 -0.000540996132 -0.00547964096
v -0.0164295727 -0.000540996132 0.00547964096
v -0.0163607365 -0.000609813271 0.00567488194
v -0.0162895161 -0.000681052742 0.00586839676
v -0.0164959866 -0.000474582253 -0.00528272629
v -0.0164959866 -0.000474582253 0.00528272629
v -0.0162471348 -0.0290076976 -0.0493576813
v -0.0161507374 -0.029104095 -0.0492433023
v -0.0160105473 -0.0292443042 -0.0469769144
v -0.016166206 -0.0290886264 -0.0467366529
v -0.0162258488 -0.0290289837 -0.0106789446
v -0.0160957867 -0.0291590458 0.0105202579
v -0.0160466534 -0.0178944736 -0.0124315214
v -0.0160466534 -0.0178944736 0.0124315262
v -0.016200214 -0.017740913 -0.0124524355
v -0.016200214 -0.017740913 0.0124524307
v -0.0161399418 -0.000830627022 -0.00625
v -0.0162158924 -0.000754657326 -0.00606011868
v -0.0161399418 -0.000830627022 0.00625
v -0.0160616452 -0.000908923683 0.00643797398
v -0.0159980542 -0.0292567783 -0.0489992356
v -0.0158901364 -0.0293646961 -0.0487452316
v -0.0158210141 -0.0294338184 -0.0484970307
v -0.0157801777 -0.0294746547 -0.0482365942
v -0.0157684857 -0.0294863468 -0.0479999995
v -0.0157832867 -0.0294715458 -0.0477340603
v -0.0158273083 -0.0294275241 -0.0474746704
v -0.0158995015 -0.029355331 -0.0472282171
v -0.0159677082 -0.0292871433 -0.0103583956
v -0.0158416134 -0.029413219 -0.0101934195
v -0.0158416134 -0.029413219 0.0101934147
v -0.0159677082 -0.0292871433 0.0103583908
v -0.0158933789 -0.0180477481 -0.012406826
v -0.0158933789 -0.0180477481 0.012406826
v -0.0158981472 -0.00107240253 -0.00680799007
v -0.0158130032 -0.00115754658 0.00698991299
v -0.0159810406 -0.000989528237 -0.00662399292
v -0.0159810406 -0.000989528237 0.00662399292
v -0.0157175785 -0.0295372539 -0.0100253725
v -0.0155956036 -0.0296592289 -0.00985430717
v -0.0155956036 -0.0296592289 0.00985430717
v -0.0157175785 -0.0295372539 0.0100253677
v -0.0155563504 -0.0240416294 -0.0379999995
v -0.0155563504 -0.0240416294 -0.0126491117
v -0.0155563504 -0.0240416294 0.012649107
v -0.0155563504 -0.0240416294 0.0219999981
v -0.0155878598 -0.0183532673 -0.0123461056
v -0.0155878598 -0.0183532673 0.0123461056
v -0.0157404286 -0.0182006984 -0.0123783493
v -0.0157404286 -0.0182006984 0.0123783493
v -0.0155442959 -0.00142627293 -0.00752268791
v -0.0156360394 -0.00133451038 -0.00734731674
v -0.0156360394 -0.00133451038 0.00734731674
v -0.0155442959 -0.00142627293 0.00752268791
v -0.0157256276 -0.00124494129 -0.00716970444
v -0.0157256276 -0.00124494129 0.00716970444
v -0.0154757649 -0.0297790676 -0.00968027115
v -0.0153580624 -0.0298967701 0.00950332642
v -0.0154017979 -0.0241961818 -0.0125431013
v -0.0154017979 -0.0241961818 0.0125430965
v -0.0154357106 -0.0185054165 -0.0123100948
v -0.0152840382 -0.0186570888 0.0122703362
v -0.0152562291 -0.00171433979 -0.0080348444
v -0.0153543431 -0.00161622578 -0.00786650658
v -0.0154503781 -0.00152019077 -0.00769577026
v -0.0154503781 -0.00152019077 0.00769577026
v -0.0153543431 -0.00161622578 0.00786650658
v -0.0152562291 -0.00171433979 0.0080348444
v -0.0152425724 -0.03001226 -0.00932351589
v -0.015129295 -0.0301255375 -0.00914090157
v -0.0150182682 -0.0302365642 -0.00895553589
v -0.0150182682 -0.0302365642 0.00895553589
v -0.015129295 -0.0301255375 0.00914090157
v -0.0152425724 -0.03001226 0.00932351589
v -0.0150966984 -0.0245012813 -0.0123197794
v -0.0150966984 -0.0245012813 0.0123197842
v -0.0152485615 -0.0243494182 -0.0124333096
v -0.0152485615 -0.0243494182 0.0124333096
v -0.0151328617 -0.0188082653 -0.0122268438
v -0.0151328617 -0.0188082653 0.0122268486
v -0.0150538212 -0.00191674763 -0.00836413383
v -0.015156036 -0.00181453281 -0.00820073605
v -0.015156036 -0.00181453281 0.00820073605
v -0.0150538212 -0.00191674763 0.00836413383
v -0.0149095303 -0.0303453022 -0.00876747131
v -0.0148031193 -0.0304517131 -0.00857676506
v -0.0148031193 -0.0304517131 0.00857676506
v -0.0149095303 -0.0303453022 0.00876747131
v -0.0147972638 -0.024800716 -0.0120816231
v -0.0147972638 -0.024800716 0.0120816231
v -0.0149462468 -0.024651733 -0.0122025394
v -0.0149462468 -0.024651733 0.0122025394
v -0.0148322636 -0.0191088634 -0.0121286964
v -0.0148322636 -0.0191088634 0.0121286964
v -0.0149822575 -0.0189588695 -0.0121796274
v -0.0149822575 -0.0189588695 0.0121796227
v -0.0149496037 -0.00202096516 -0.00852498055
v -0.0148434025 -0.00212714726 0.00868322849
v -0.0146990734 -0.030555759 -0.00838347912
v -0.0145974118 -0.0306574207 -0.00818767071
v -0.0145974118 -0.0306574207 0.00818767071
v -0.0146990734 -0.030555759 0.00838347912
v -0.0145038563 -0.0250941234 -0.0118289185
v -0.0145038563 -0.0250941234 0.0118289185
v -0.0146497876 -0.0249481922 -0.0119570732
v -0.0146497876 -0.0249481922 0.0119570732
v -0.0146828991 -0.0192582279 -0.0120740747
v -0.0145342404 -0.0194068676 0.0120157719
v -0.0145133549 -0.00245721394 -0.009141922
v -0.0146252591 -0.00234530979 -0.0089917469
v -0.0146252591 -0.00234530979 0.0089917469
v -0.0145133549 -0.00245721394 0.009141922
v -0.0147352749 -0.00223527485 -0.00883883476
v -0.0147352749 -0.00223527485 0.00883883476
v -0.0144981533 -0.0307566791 -0.00798939705
v -0.014307037 -0.0309477954 -0.00758568764
v -0.014307037 -0.0309477954 0.00758568764
v -0.0144013554 -0.0308534771 0.00778871536
v -0.0143595272 -0.0252384525 -0.0116972065
v -0.0143595272 -0.0252384525 0.0116972065
v -0.0143863446 -0.0195547824 -0.0119538116
v -0.0143863446 -0.0195547824 0.0119538116
v -0.0143996197 -0.00257094914 -0.00928931236
v -0.0142840725 -0.00268647724 0.00943387032
v -0.0142152172 -0.0310396152 -0.00738037586
v -0.0141259343 -0.0311288982 -0.00717284679
v -0.0140392071 -0.0312156253 -0.00696315289
v -0.0140392071 -0.0312156253 0.00696315289
v -0.0141259343 -0.0311288982 0.00717284679
v -0.0142152172 -0.0310396152 0.00738037586
v -0.0140758282 -0.0255221515 -0.0114232492
v -0.0140758282 -0.0255221515 0.011423254
v -0.0142168385 -0.0253811412 -0.0115619659
v -0.0142168385 -0.0253811412 0.0115619659
v -0.014092918 -0.019848209 -0.0118189812
v -0.014092918 -0.019848209 0.0118189812
v -0.0142392117 -0.0197019153 -0.0118882084
v -0.0142392117 -0.0197019153 0.0118882084
v -0.0141667706 -0.00280377918 -0.00957555771
v -0.014047733 -0.00292281681 0.00971432686
v -0.013955074 -0.0312997585 -0.00675136566
v -0.0138735539 -0.0313812786 -0.00653754711
v -0.0137946469 -0.0314601856 -0.00632175446
v -0.0137946469 -0.0314601856 0.00632175446
v -0.0138735539 -0.0313812786 0.00653754711
v -0.013955074 -0.0312997585 0.00675136566
v -0.0137989956 -0.0257989841 -0.01113554
v -0.0137989956 -0.0257989841 0.01113554
v -0.0139365345 -0.0256614452 -0.0112810946
v -0.0139365345 -0.0256614452 0.0112810898
v -0.0138030011 -0.020138126 -0.011669755
v -0.0138030011 -0.020138126 0.0116697598
v -0.0139475018 -0.0199936252 -0.0117461586
v -0.0139475018 -0.0199936252 0.0117461586
v -0.0139270169 -0.00304355198 -0.00985013485
v -0.0138046223 -0.00316594654 0.00998294353
v -0.0137184292 -0.0315364223 -0.00610406399
v -0.0136448628 -0.0316099697 -0.00588453293
v -0.0135740239 -0.0316808086 -0.00566322803
v -0.0135059124 -0.0317489391 -0.00544022083
v -0.0135059124 -0.0317489391 0.00544022083
v -0.0135740239 -0.0316808086 0.00566322803
v -0.0136448628 -0.0316099697 0.00588453293
v -0.0137184292 -0.0315364223 0.00610406399
v -0.013529411 -0.0260685688 -0.0108344221
v -0.013529411 -0.0260685688 0.0108344173
v -0.0136632878 -0.025934692 -0.0109866333
v -0.0136632878 -0.025934692 0.0109866333
v -0.0136594731 -0.0202816539 -0.0115897989
v -0.013516956 -0.020424171 0.0115063095
v -0.0136806256 -0.00328994328 -0.0101127148
v -0.0135550267 -0.00341554218 0.0102394009
v -0.0134405285 -0.0318143039 -0.00521557808
v -0.0133779293 -0.0318769031 -0.00498936176
v -0.0132610852 -0.0319937473 -0.00453248978
v -0.0132610852 -0.0319937473 0.00453248978
v -0.0133180958 -0.0319367366 0.00476164341
v -0.0134405285 -0.0318143039 0.00521557808
v -0.0132673603 -0.0263306194 -0.0105202532
v -0.0132673603 -0.0263306194 0.0105202579
v -0.0133974224 -0.0262005573 -0.0106789446
v -0.0133974224 -0.0262005573 0.0106789494
v -0.0133754879 -0.0205656391 -0.0114193201
v -0.0133754879 -0.0205656391 0.0114193153
v -0.0134279019 -0.00354266697 -0.0103629684
v -0.0132992512 -0.00367129856 0.0104833794
v -0.0132068783 -0.0320479541 -0.00430197239
v -0.0131555134 -0.032099319 -0.00407016277
v -0.0131070095 -0.0321478229 -0.00383712292
v -0.0130613667 -0.0321934658 -0.00360293388
v -0.0130186039 -0.0322362476 -0.00336765289
v -0.0130186039 -0.0322362476 0.00336765289
v -0.0130613667 -0.0321934658 0.00360293388
v -0.0131070095 -0.0321478229 0.00383712292
v -0.0131555134 -0.032099319 0.00407016277
v -0.0132068783 -0.0320479541 0.00430197239
v -0.0130131871 -0.0265847927 -0.0101934195
v -0.0130131871 -0.0265847927 0.0101934147
v -0.0131392819 -0.0264586979 -0.0103583956
v -0.0131392819 -0.0264586979 0.0103583908
v -0.0130958706 -0.0208452564 -0.0112349272
v -0.0130958706 -0.0208452564 0.0112349224
v -0.0132351071 -0.0207060199 -0.011328845
v -0.0132351071 -0.0207060199 0.0113288498
v -0.013169151 -0.00380141789 -0.0106006002
v -0.0130376202 -0.00393294865 0.0107145882
v -0.0127517659 -0.0325030666 -0.000970935822
v -0.0127517659 -0.0325030666 0.000970935822
v -0.0129787213 -0.0322761112 -0.00313136578
v -0.0129417569 -0.0323130756 -0.00289412975
v -0.0129077107 -0.0323471218 -0.00265602589
v -0.0128765828 -0.0323782497 -0.00241712093
v -0.0128483921 -0.0324064403 -0.00217748642
v -0.0128231579 -0.0324316745 -0.00193719864
v -0.012800861 -0.0324539714 -0.00169632435
v -0.0127815205 -0.032473312 -0.00145494461
v -0.0127651554 -0.032489677 -0.00121312141
v -0.0127651554 -0.032489677 0.00121312141
v -0.0127815205 -0.032473312 0.00145494461
v -0.012800861 -0.0324539714 0.00169632435
v -0.0128231579 -0.0324316745 0.00193719864
v -0.0128483921 -0.0324064403 0.00217748642
v -0.0128765828 -0.0323782497 0.00241712093
v -0.0129077107 -0.0323471218 0.00265602589
v -0.0129417569 -0.0323130756 0.00289412975
v -0.0129787213 -0.0322761112 0.00313136578
v -0.0127671772 -0.0268308025 -0.00985430717
v -0.0127671772 -0.0268308025 0.00985430717
v -0.0128891522 -0.0267088276 -0.0100253725
v -0.0128891522 -0.0267088276 0.0100253677
v -0.0128209835 -0.0211201435 -0.0110368443
v -0.0128209835 -0.0211201435 0.0110368443
v -0.0129578167 -0.0209833103 -0.0111375809
v -0.0129578167 -0.0209833103 0.0111375809
v -0.0129046971 -0.00406587177 -0.0108253193
v -0.0127704388 -0.00420013004 0.0109327507
v -0.0127413327 -0.0325134998 -0.000728459358
v -0.0127338749 -0.0325209575 -0.000485758781
v -0.0127294117 -0.0325254207 -0.000242915154
v -0.012727924 -0.0325269085 0
v -0.0127338749 -0.0325209575 0.000485758781
v -0.0127413327 -0.0325134998 0.000728459358
v -0.012529636 -0.0270683437 -0.00950332642
v -0.012529636 -0.0270683437 0.00950332642
v -0.0126473385 -0.0269506412 -0.00968027115
v -0.0126473385 -0.0269506412 0.00968027115
v -0.0125009877 -0.0214401394 -0.0482659388
v -0.012515598 -0.02142551 -0.0480296683
v -0.0125040966 -0.0214370304 -0.0477634048
v -0.0125009877 -0.0214401394 -0.0477340603
v -0.0126854092 -0.0212557178 -0.0109327459
v -0.0125511509 -0.0213899761 0.0108253193
v -0.0126348645 -0.00433570438 -0.0110368443
v -0.0126348645 -0.00433570438 0.0110368443
v -0.0123008686 -0.0272971111 -0.00914090157
v -0.0123008686 -0.0272971111 0.00914090157
v -0.0124141461 -0.0271838337 -0.00932351589
v -0.0124141461 -0.0271838337 0.00932351589
v -0.0122737271 -0.0216673999 -0.0490230846
v -0.0123847729 -0.0215563541 -0.0487717843
v -0.0124359471 -0.0215051799 -0.0486092257
v -0.012394138 -0.021546989 -0.0472547698
v -0.0122862202 -0.0216549068 -0.0470007658
v -0.0122609669 -0.0216801601 -0.0469533753
v -0.0124182278 -0.0215228992 -0.0107145929
v -0.012286697 -0.02165443 0.010600605
v -0.012456947 -0.021484161 -0.0485253286
v -0.0124975354 -0.0214435917 -0.0482952023
v -0.0124632603 -0.0214778667 -0.0475029683
v -0.0124432904 -0.0214978366 -0.0474185658
v -0.0123599774 -0.00461059147 -0.0112349272
v -0.0123599774 -0.00461059147 0.0112349224
v -0.0124980313 -0.00447253758 -0.0111375809
v -0.0124980313 -0.00447253758 0.0111375809
v -0.0120811039 -0.0275168758 -0.00876747131
v -0.0120811039 -0.0275168758 0.00876747131
v -0.0121898419 -0.0274081379 -0.00895553589
v -0.0121898419 -0.0274081379 0.00895553589
v -0.0121180493 -0.0218230587 -0.0492633462
v -0.0121784169 -0.0217627102 -0.0491809201
v -0.0121335179 -0.0218075901 -0.0467566991
v -0.0120031887 -0.0219379383 -0.0466074419
v -0.0121565968 -0.0217845302 -0.0104833841
v -0.0120279461 -0.0219131809 0.0103629684
v -0.0122479016 -0.0216932254 -0.0490698457
v -0.0121928555 -0.0217482715 -0.0468406034
v -0.0120803601 -0.00489020878 -0.0114193201
v -0.0120803601 -0.00489020878 0.0114193153
v -0.0122207409 -0.00474982792 -0.011328845
v -0.0122207409 -0.00474982792 0.0113288498
v -0.0117689854 -0.0278289943 -0.00818767071
v -0.0117689854 -0.0278289943 0.00818767071
v -0.011974693 -0.0276232868 -0.00857676506
v -0.0118706471 -0.0277273326 -0.00838347912
v -0.0118706471 -0.0277273326 0.00838347912
v -0.011974693 -0.0276232868 0.00857676506
v -0.0118780476 -0.0220630794 -0.0495010114
v -0.0119328266 -0.0220083004 -0.0494571853
v -0.0118964917 -0.0220446354 -0.0465131474
v -0.0117640072 -0.0221771007 -0.0464237881
v -0.0119008213 -0.0220403057 -0.0102394009
v -0.0117752224 -0.0221659046 0.0101127148
v -0.0119859082 -0.0219552188 -0.0494093633
v -0.0119507176 -0.0219904094 -0.0465583181
v -0.011938892 -0.00503167683 -0.0115063095
v -0.0117963749 -0.00517419392 0.0115897942
v -0.011572929 -0.0280250507 -0.00778871536
v -0.011572929 -0.0280250507 0.00778871536
v -0.011669727 -0.0279282528 -0.00798939705
v -0.011669727 -0.0279282528 0.00798939705
v -0.0116851765 -0.0222559505 -0.049616797
v -0.0115017468 -0.0224393612 -0.0463209295
v -0.0116512257 -0.0222899013 -0.00998294353
v -0.0115288311 -0.0224122959 0.00985013485
v -0.011744495 -0.022196632 -0.0495870876
v -0.0117050701 -0.0222360569 -0.0463926196
v -0.0116528279 -0.0053177219 -0.011669755
v -0.0115083462 -0.00546222263 0.0117461586
v -0.0112975079 -0.0283004718 -0.00717284679
v -0.0112975079 -0.0283004718 0.00717284679
v -0.0114786106 -0.0281193691 -0.00758568764
v -0.0113867909 -0.0282111889 -0.00738037586
v -0.0113867909 -0.0282111889 0.00738037586
v -0.0114786106 -0.0281193691 0.00758568764
v -0.0114393574 -0.0225017696 -0.0496906877
v -0.0113137013 -0.0226274257 -0.0463000011
v -0.011408096 -0.022533031 -0.00971432686
v -0.0112890774 -0.0226520496 0.00957555771
v -0.0114810139 -0.0224601131 -0.0496834564
v -0.0114602047 -0.0224809223 -0.0463126707
v -0.01136293 -0.00560763889 -0.0118189812
v -0.0112519032 -0.00571866566 -0.000831646919
v -0.0112707478 -0.00569982105 -0.000694594383
v -0.0112926251 -0.00567794376 -0.000487475395
v -0.0113098294 -0.00566073948 -0.000209345818
v -0.0113137013 -0.00565684849 0
v -0.0113068158 -0.00566375309 0.000279026031
v -0.0112861782 -0.00568437153 0.000556693077
v -0.0112617451 -0.00570882374 0.000763235092
v -0.01136293 -0.00560763889 0.0118189812
v -0.0110451275 -0.0285528522 -0.00653754711
v -0.0110451275 -0.0285528522 0.00653754711
v -0.0111266476 -0.0284713321 -0.00675136566
v -0.0112107808 -0.028387199 0.00696315289
v -0.0111880642 -0.0227530628 -0.0496906877
v -0.0110025936 -0.0229385334 -0.0463579249
v -0.0111717564 -0.0227693515 -0.00943387032
v -0.0110562283 -0.0228848987 0.00928931236
v -0.0112298542 -0.0227112728 -0.049695859
v -0.0112089497 -0.0227321773 -0.0463064694
v -0.0112166363 -0.00575393253 -0.0118882084
v -0.0110054356 -0.00596513325 -0.00181596279
v -0.0110487133 -0.00592185551 -0.00169047356
v -0.0111077458 -0.00586280399 -0.00149842739
v -0.0111752659 -0.00579528385 -0.00123606682
v -0.011217323 -0.00575322681 0.00103527546
v -0.0111596066 -0.00581094318 0.00130227089
v -0.011088863 -0.00588170582 0.00156292439
v -0.0110274464 -0.00594310337 0.00175348282
v -0.0110695034 -0.00590106541 0.0119538116
v -0.0112297016 -0.0057408672 -0.00096768856
v -0.011241222 -0.00572934681 0.000899806023
v -0.0108164364 -0.0287815433 -0.00588453293
v -0.0108164364 -0.0287815433 0.00588453293
v -0.0109662205 -0.0286317592 -0.00632175446
v -0.0108900029 -0.0287079769 -0.00610406399
v -0.0108900029 -0.0287079769 0.00610406399
v -0.0109662205 -0.0286317592 0.00632175446
v -0.0109223515 -0.0230187755 -0.0496073818
v -0.0107679707 -0.0231731563 -0.0464852881
v -0.0108305889 -0.0231105381 -0.0089917469
v -0.0108305889 -0.0231105381 0.0089917469
v -0.0109823758 -0.0229587513 -0.0496341443
v -0.0109422451 -0.0229988819 -0.0463832045
v -0.0109424931 -0.0229986339 -0.009141922
v -0.0109424931 -0.0229986339 0.009141922
v -0.0109215886 -0.00604896122 -0.0120157719
v -0.0107735211 -0.00619702869 -0.00235114098
v -0.0108301503 -0.00614039951 -0.00223677158
v -0.0109347683 -0.00603580051 -0.00199999809
v -0.010959087 -0.00601148182 0.0019392395
v -0.0109097248 -0.006060844 0.0020601511
v -0.0108021885 -0.00616836124 0.00229430676
v -0.0107729489 -0.00619761997 0.01207407
v -0.0109826428 -0.00598792606 -0.00187788486
v -0.0109826428 -0.00598792606 0.00187788486
v -0.010549503 -0.0290484768 -0.00498936176
v -0.010549503 -0.0290484768 0.00498936176
v -0.0107455975 -0.0288523822 -0.00566322803
v -0.0106774861 -0.0289204937 -0.00544022083
v -0.0106121022 -0.0289858776 -0.00521557808
v -0.0106121022 -0.0289858776 0.00521557808
v -0.0106774861 -0.0289204937 0.00544022083
v -0.0107455975 -0.0288523822 0.00566322803
v -0.0106767041 -0.023264423 -0.0494416809
v -0.0105093533 -0.0234317737 -0.0467366529
v -0.0106124455 -0.0233286815 -0.00868322849
v -0.0105062443 -0.0234348827 0.00852498055
v -0.010749374 -0.023191753 -0.0495010114
v -0.01073093 -0.023210197 -0.0494868541
v -0.010694595 -0.023246532 -0.0465428162
v -0.010749374 -0.023191753 -0.0464989901
v -0.010720554 -0.0232205539 -0.00883883476
v -0.010720554 -0.0232205539 0.00883883476
v -0.0106235844 -0.00634696537 -0.0121286964
v -0.0105198819 -0.00645068699 -0.00277863503
v -0.0105538708 -0.00641669804 -0.00272799492
v -0.0107141072 -0.0062564426 -0.00246264458
v -0.0107141072 -0.0062564426 0.00246264458
v -0.0106833798 -0.00628718906 0.00251728058
v -0.0105198819 -0.00645068699 0.00277863503
v -0.0106235844 -0.00634696537 0.0121286964
v -0.010744167 -0.00622640186 -0.00240725994
v -0.010744167 -0.00622640186 0.00240725994
v -0.0103270871 -0.0292708927 -0.00407016277
v -0.0102785832 -0.0293193966 -0.00383712292
v -0.0102785832 -0.0293193966 0.00383712292
v -0.0103270871 -0.0292708927 0.00407016277
v -0.0104896695 -0.0291083103 -0.00476164341
v -0.0104326588 -0.0291653209 -0.00453248978
v -0.010378452 -0.0292195278 -0.00430197239
v -0.010378452 -0.0292195278 0.00430197239
v -0.0104326588 -0.0291653209 0.00453248978
v -0.0104896695 -0.0291083103 0.00476164341
v -0.0104345662 -0.0235065609 -0.0491593981
v -0.0103412014 -0.0235999256 -0.0489992356
v -0.0102523381 -0.0236887889 -0.0472018981
v -0.0103536755 -0.0235874515 -0.0469769144
v -0.0104020268 -0.0235391002 -0.00836413383
v -0.010299812 -0.023641315 -0.00820073605
v -0.010299812 -0.023641315 0.00820073605
v -0.0104020268 -0.0235391002 0.00836413383
v -0.0104938847 -0.0234472423 -0.0492433023
v -0.0104490048 -0.0234921222 -0.0468190813
v -0.0103229863 -0.00664758259 -0.0122268438
v -0.0102652699 -0.00670529896 -0.0031085825
v -0.0103778607 -0.00659268909 -0.002972579
v -0.0104500729 -0.00652049595 0.00287735939
v -0.0103408963 -0.00662967258 0.00301883698
v -0.0103229863 -0.00664758259 0.0122268486
v -0.0104735905 -0.00649697834 -0.0121796274
v -0.0104852826 -0.00648528629 -0.00282842636
v -0.0104852826 -0.00648528629 0.00282842636
v -0.0104735905 -0.00649697834 0.0121796227
v -0.0100792843 -0.0295186954 -0.00265602589
v -0.0100481564 -0.0295498233 -0.00241712093
v -0.0100199658 -0.029578014 -0.00217748642
v -0.0100199658 -0.029578014 0.00217748642
v -0.0100481564 -0.0295498233 0.00241712093
v -0.0100792843 -0.0295186954 0.00265602589
v -0.0102329403 -0.0293650394 -0.00360293388
v -0.0101901776 -0.0294078022 -0.00336765289
v -0.0101502949 -0.0294476848 -0.00313136578
v -0.0101133305 -0.0294846492 -0.00289412975
v -0.0101133305 -0.0294846492 0.00289412975
v -0.0101502949 -0.0294476848 0.00313136578
v -0.0101901776 -0.0294078022 0.00336765289
v -0.0102329403 -0.0293650394 0.00360293388
v -0.0101841122 -0.0237569957 -0.0485814333
v -0.0101641613 -0.0237769657 -0.0484970307
v -0.010123325 -0.023817802 -0.0482365942
v -0.010111633 -0.0238294941 -0.0479999995
v -0.010126434 -0.023814693 -0.0477340603
v -0.0101704556 -0.0237706714 -0.0474746704
v -0.0101015049 -0.0238396221 -0.00786650658
v -0.0100054699 -0.0239356571 -0.00769577026
v -0.0100054699 -0.0239356571 0.00769577026
v -0.0101015049 -0.0238396221 0.00786650658
v -0.0102426487 -0.0236984783 -0.0487717843
v -0.0102332836 -0.0237078434 -0.0487452316
v -0.0101914746 -0.0237496524 -0.0473907733
v -0.0102426487 -0.0236984783 -0.0472282171
v -0.0101996189 -0.0237415081 -0.0080348444
v -0.0101996189 -0.0237415081 0.0080348444
v -0.0101718098 -0.00679875904 -0.0122703409
v -0.010025745 -0.00694480473 -0.00335468292
v -0.0101477963 -0.00682277256 -0.00323606968
v -0.0101874691 -0.00678309971 0.00319454193
v -0.0101076084 -0.0068629604 0.00327661037
v -0.0100201374 -0.0069504314 0.0123100948
v -0.010226627 -0.00674392277 -0.00315204144
v -0.010226627 -0.00674392277 0.00315204144
v -0.00999473156 -0.0296032482 -0.00193719864
v -0.00997243465 -0.0296255451 -0.00169632435
v -0.00995309414 -0.0296448856 -0.00145494461
v -0.00993672908 -0.0296612506 -0.00121312141
v -0.0099233395 -0.0296746402 -0.000970935822
v -0.0099129063 -0.0296850734 -0.000728459358
v -0.00990544857 -0.0296925312 -0.000485758781
v -0.00990098537 -0.0296969944 -0.000242915154
v -0.00990098537 -0.0296969944 0.000242915154
v -0.00990544857 -0.0296925312 0.000485758781
v -0.0099129063 -0.0296850734 0.000728459358
v -0.0099233395 -0.0296746402 0.000970935822
v -0.00993672908 -0.0296612506 0.00121312141
v -0.00995309414 -0.0296448856 0.00145494461
v -0.00997243465 -0.0296255451 0.00169632435
v -0.00999473156 -0.0296032482 0.00193719864
v -0.00991155208 -0.0240295749 -0.00752268791
v -0.00981978954 -0.0241213375 -0.00734731674
v -0.00981978954 -0.0241213375 0.00734731674
v -0.00991155208 -0.0240295749 0.00752268791
v -0.00986798824 -0.0071025806 -0.0123461056
v -0.00976935924 -0.0072012096 -0.00356402397
v -0.00985652507 -0.0071140247 -0.00349847794
v -0.00994203151 -0.00702853733 0.00342866898
v -0.00981315197 -0.00715741688 0.00353178978
v -0.00986798824 -0.0071025806 0.0123461056
v -0.0099841267 -0.00698644215 -0.00339219093
v -0.0099841267 -0.00698644215 0.00339219093
v -0.00964284481 -0.0242982822 -0.00698991299
v -0.00955770076 -0.0243834262 0.00680799007
v -0.00973022045 -0.0242109066 -0.00716970444
v -0.00973022045 -0.0242109066 0.00716970444
v -0.00971540035 -0.00725514942 -0.0123783493
v -0.00954482616 -0.00742574268 -0.00370873451
v -0.00968062938 -0.00728993946 0.00362523079
v -0.00956246914 -0.00740809971 0.012406826
v -0.00972518505 -0.0072453838 -0.00359517574
v -0.00972518505 -0.0072453838 0.00359517574
v -0.00939420284 -0.0245469242 -0.00643797398
v -0.00931590618 -0.0246252208 0.00625
v -0.00939420284 -0.0245469242 0.00643797398
v -0.00947480739 -0.0244663196 -0.00662399292
v -0.00947480739 -0.0244663196 0.00662399292
v -0.0094091946 -0.00756137424 -0.0124315214
v -0.00925128521 -0.00771928364 -0.00819101334
v -0.00926297725 -0.00770759159 -0.00798080444
v -0.00926490368 -0.00770566517 -0.00384504795
v -0.00945266307 -0.00751790577 0.00375876904
v -0.00925128521 -0.00771928364 0.00780898571
v -0.00926309169 -0.00770745808 0.00800000191
v -0.00925563396 -0.00771493488 0.0124524307
v -0.00949889721 -0.00747167164 -0.00373432159
v -0.00949889721 -0.00747167164 0.00373432159
v -0.0091663319 -0.0247747951 -0.00586839676
v -0.0090951115 -0.0248460155 -0.00567488194
v -0.00902627529 -0.0249148517 -0.00547964096
v -0.00902627529 -0.0249148517 0.00547964096
v -0.0090951115 -0.0248460155 0.00567488194
v -0.0091663319 -0.0247747951 0.00586839676
v -0.00923993648 -0.0247011905 -0.00606011868
v -0.00923993648 -0.0247011905 0.00606011868
v -0.00910184444 -0.0078687244 -0.0124695492
v -0.00900575222 -0.00796481663 -0.00881745815
v -0.009063316 -0.00790725285 -0.00873604298
v -0.00917832912 -0.00779223972 -0.00849938869
v -0.00921618999 -0.00775437885 -0.00762377739
v -0.00917205394 -0.0077985149 -0.0074835825
v -0.00905414165 -0.00791642719 -0.00724980354
v -0.00902497829 -0.00794559055 -0.00392651081
v -0.0092173344 -0.00775323444 0.00386370182
v -0.00900575222 -0.00796481663 0.00718254089
v -0.009063316 -0.00790725285 0.00726395607
v -0.00917832912 -0.00779223972 0.00750061035
v -0.00921618999 -0.00775437885 0.00837622166
v -0.00917205394 -0.0077985149 0.00851641655
v -0.00905414165 -0.00791642719 0.00875020027
v -0.00910184444 -0.0078687244 0.0124695492
v -0.00922072948 -0.00774983936 -0.00835812569
v -0.0092431599 -0.00772738987 -0.00824744701
v -0.00924880565 -0.00772176319 -0.00779010773
v -0.0092399937 -0.00773057514 -0.00773388386
v -0.00922072948 -0.00774983936 0.00764187336
v -0.0092431599 -0.00772738987 0.00775255203
v -0.00924880565 -0.00772176319 0.00820989132
v -0.0092399937 -0.00773057514 0.00826611519
v -0.00889588894 -0.0250452381 -0.00508420944
v -0.00883437694 -0.0251067501 -0.00488413811
v -0.0087753445 -0.0251657825 -0.00468258381
v -0.0087753445 -0.0251657825 0.00468258381
v -0.00883437694 -0.0251067501 0.00488413811
v -0.00889588894 -0.0250452381 0.00508420944
v -0.00895986141 -0.0249812656 -0.00528272629
v -0.00895986141 -0.0249812656 0.00528272629
v -0.00894786419 -0.00802268559 -0.0124828672
v -0.00875131191 -0.00821925694 -0.00903366089
v -0.00881400646 -0.00815656239 -0.00899693966
v -0.00896415294 -0.0080064159 -0.00713318825
v -0.00880164684 -0.008168922 -0.00699510098
v -0.00878093303 -0.00818963581 -0.00397808552
v -0.00892774166 -0.00804282719 0.00395075321
v -0.00875131191 -0.00821925694 0.00696633816
v -0.00881400646 -0.00815656239 0.00700305939
v -0.00896415294 -0.0080064159 0.0088668108
v -0.00880164684 -0.008168922 0.00900489807
v -0.00879375042 -0.00817681843 0.0124923897
v -0.00897477687 -0.00799579197 -0.00885486126
v -0.00899556697 -0.0079749828 -0.00716981888
v -0.00897643627 -0.00799413258 -0.00393923283
v -0.00897643627 -0.00799413258 0.00393923283
v -0.00897477687 -0.00799579197 0.00714513779
v -0.00899556697 -0.0079749828 0.00883018017
v -0.0086647755 -0.0252763515 -0.00427525043
v -0.00861327709 -0.0253278499 -0.00406960011
v -0.00856433452 -0.0253767925 -0.00386271477
v -0.0085179478 -0.0254231792 -0.00365464687
v -0.0085179478 -0.0254231792 0.00365464687
v -0.00856433452 -0.0253767925 0.00386271477
v -0.00861327709 -0.0253278499 0.00406960011
v -0.0086647755 -0.0252763515 0.00427525043
v -0.00871879161 -0.0252223354 -0.004479599
v -0.00871879161 -0.0252223354 0.004479599
v -0.00863954128 -0.00833102757 -0.0124980974
v -0.00851243557 -0.00845813328 -0.0090993309
v -0.0087126881 -0.00825786167 -0.00694806576
v -0.0085346371 -0.00843591267 -0.0039993906
v -0.00868259014 -0.00828797871 0.0039902544
v -0.00851243557 -0.00845813328 0.00690066814
v -0.0087126881 -0.00825786167 0.00905193329
v -0.00863954128 -0.00833102757 0.0124980927
v -0.008725639 -0.00824492985 -0.00904616356
v -0.0087385136 -0.00823205524 -0.00695992947
v -0.00873179973 -0.00823876911 -0.00398478031
v -0.00873179973 -0.00823876911 0.00398478031
v -0.008725639 -0.00824492985 0.00695383549
v -0.0087385136 -0.00823205524 0.00904006958
v -0.00843289913 -0.0255082279 -0.00323523998
v -0.00835826458 -0.0255828624 -0.00281188965
v -0.00832488597 -0.025616241 -0.00259889603
v -0.00829412044 -0.0256470066 -0.00238511086
v -0.00826600612 -0.0256751209 -0.00217060089
v -0.00826600612 -0.0256751209 0.00217060089
v -0.00829412044 -0.0256470066 0.00238511086
v -0.00832488597 -0.025616241 0.00259889603
v -0.00835826458 -0.0255828624 0.00281188965
v -0.00839427532 -0.0255468517 0.00302402496
v -0.00847413601 -0.025466991 -0.00344546795
v -0.00847413601 -0.025466991 0.00344546795
v -0.00833102764 -0.00863954121 -0.0124980974
v -0.00825786174 -0.00871268803 -0.00905193329
v -0.00845813335 -0.00851243549 -0.00690066814
v -0.00828797878 -0.00868259007 -0.0039902544
v -0.00843591274 -0.00853463703 0.0039993906
v -0.00825786174 -0.00871268803 0.00694806576
v -0.00845813335 -0.00851243549 0.0090993309
v -0.00833102764 -0.00863954121 0.0124980927
v -0.00848527492 -0.00848527485 -0.0125
v -0.00847171367 -0.00849885517 -0.00909983158
v -0.00848527492 -0.00848527485 -0.00690000057
v -0.00848527492 -0.00848527485 -0.00400000095
v -0.00848527492 -0.00848527485 0.00400000095
v -0.00847171367 -0.00849885517 0.00690016747
v -0.00848527492 -0.00848527485 0.00909999847
v -0.00848527492 -0.00848527485 0.0125
v -0.00818015636 -0.0257609707 -0.00130660534
v -0.00816535534 -0.0257757717 -0.00108944893
v -0.00815326274 -0.0257878643 -0.000871953964
v -0.00814384044 -0.0257972866 -0.000654201508
v -0.0081371075 -0.0258040195 -0.000436244011
v -0.008133083 -0.025808044 -0.000218153
v -0.00813172878 -0.0258093982 0
v -0.0081371075 -0.0258040195 0.000436244011
v -0.00814384044 -0.0257972866 0.000654201508
v -0.00815326274 -0.0257878643 0.000871953964
v -0.00816535534 -0.0257757717 0.00108944893
v -0.00818015636 -0.0257609707 0.00130660534
v -0.00824054302 -0.025700584 -0.00195543289
v -0.0082177502 -0.0257233768 -0.00173966408
v -0.0081976086 -0.0257435184 0.00152336597
v -0.00824054302 -0.025700584 0.00195543289
v -0.0081768185 -0.00879375034 -0.0124923849
v -0.00816892208 -0.00880164677 -0.00900489807
v -0.00800641597 -0.00896415287 -0.0088668108
v -0.00815656246 -0.00881400639 -0.00700305939
v -0.00821925701 -0.00875131184 -0.00696633816
v -0.00804282726 -0.00892774159 -0.00395075321
v -0.00818963588 -0.00878093296 0.00397808552
v -0.00816892208 -0.00880164677 0.00699510098
v -0.00800641597 -0.00896415287 0.00713318825
v -0.00815656246 -0.00881400639 0.00899693966
v -0.00821925701 -0.00875131184 0.00903366089
v -0.00802268566 -0.00894786411 0.012482872
v -0.00823205532 -0.00873851353 -0.00904006958
v -0.00824492992 -0.00872563892 -0.00695383549
v -0.00823876918 -0.00873179966 -0.00398478031
v -0.00823876918 -0.00873179966 0.00398478031
v -0.00823205532 -0.00873851353 0.00695992947
v -0.00824492992 -0.00872563892 0.00904616356
v -0.00786872448 -0.00910184437 -0.0124695492
v -0.00791642727 -0.00905414158 -0.00875020027
v -0.00779851497 -0.00917205387 -0.00851641655
v -0.00775437893 -0.00921618992 -0.00837622166
v -0.0077922398 -0.00917832905 -0.00750061035
v -0.00790725292 -0.00906331593 -0.00726395607
v -0.0079648167 -0.00900575214 -0.00718254089
v -0.00775323452 -0.00921733433 -0.00386370182
v -0.00794559063 -0.00902497822 0.00392651081
v -0.00791642727 -0.00905414158 0.00724980354
v -0.00779851497 -0.00917205387 0.0074835825
v -0.00775437893 -0.00921618992 0.00762377739
v -0.0077922398 -0.00917832905 0.00849938869
v -0.00790725292 -0.00906331593 0.00873604298
v -0.0079648167 -0.00900575214 0.00881745815
v -0.00786872448 -0.00910184437 0.0124695492
v -0.00797498287 -0.0089955669 -0.00883018017
v -0.00799579204 -0.0089747768 -0.00714513779
v -0.00799413265 -0.0089764362 -0.00393923283
v -0.00799413265 -0.0089764362 0.00393923283
v -0.00797498287 -0.0089955669 0.00716981888
v -0.00799579204 -0.0089747768 0.00885486126
v -0.00771493496 -0.00925563389 -0.0124524355
v -0.00770745815 -0.00926309162 -0.00800000191
v -0.00771928371 -0.00925128513 -0.00780898571
v -0.00751790584 -0.009452663 -0.00375876904
v -0.00770566524 -0.0092649036 0.00384504795
v -0.00770759166 -0.00926297718 0.00798080444
v -0.00771928371 -0.00925128513 0.00819101334
v -0.00756137432 -0.00940919453 0.0124315262
v -0.00773057521 -0.00923999363 -0.00826611519
v -0.00772176326 -0.00924880558 -0.00820989132
v -0.00772738994 -0.00924315983 -0.00775255203
v -0.00774983944 -0.00922072941 -0.00764187336
v -0.00773057521 -0.00923999363 0.00773388386
v -0.00772176326 -0.00924880558 0.00779010773
v -0.00772738994 -0.00924315983 0.00824744701
v -0.00774983944 -0.00922072941 0.00835812569
v -0.00740809978 -0.00956246906 -0.012406826
v -0.00728993953 -0.00968062931 -0.00362523079
v -0.00742574276 -0.00954482609 0.00370873451
v -0.00725514949 -0.00971540028 0.0123783493
v -0.00747167171 -0.00949889713 -0.00373432159
v -0.00747167171 -0.00949889713 0.00373432159
v -0.00710258068 -0.00986798817 -0.0123461056
v -0.00715741695 -0.00981315189 -0.00353178978
v -0.0070285374 -0.00994203144 -0.00342866898
v -0.00711402477 -0.009856525 0.00349847794
v -0.00720120967 -0.00976935917 0.00356402397
v -0.00710258068 -0.00986798817 0.0123461056
v -0.00724538387 -0.00972518497 -0.00359517574
v -0.00724538387 -0.00972518497 0.00359517574
v -0.00680009426 -0.0384547382 -0.0485253286
v -0.00684413494 -0.0384106975 -0.0482659388
v -0.00685874523 -0.0383960872 -0.0480296683
v -0.00684724392 -0.0384075885 -0.0477634048
v -0.00680640758 -0.0384484249 -0.0475029683
v -0.00675500454 -0.0384998279 -0.0473085475
v -0.00695043148 -0.0100201374 -0.0123100948
v -0.00686296047 -0.0101076084 -0.00327661037
v -0.00678309978 -0.0101874691 -0.00319454193
v -0.00682277263 -0.0101477962 0.00323606968
v -0.0069448048 -0.010025745 0.00335468292
v -0.00679875911 -0.0101718097 0.0122703362
v -0.00698644222 -0.00998412663 -0.00339219093
v -0.00698644222 -0.00998412663 0.00339219093
v -0.00661687435 -0.0386379581 -0.0490230846
v -0.00672792019 -0.0385269123 -0.0487717843
v -0.00674630703 -0.0385085254 -0.0487184501
v -0.00673728527 -0.0385175472 -0.0472547698
v -0.00662936748 -0.038625484 -0.0470007658
v -0.00650685848 -0.038747974 -0.0467979193
v -0.00664758266 -0.0103229862 -0.0122268438
v -0.00662967266 -0.0103408962 -0.00301883698
v -0.00652049602 -0.0104500728 -0.00287735939
v -0.00659268917 -0.0103778606 0.002972579
v -0.00670529903 -0.0102652698 0.0031085825
v -0.00664758266 -0.0103229862 0.0122268486
v -0.00674392284 -0.0102266269 -0.00315204144
v -0.00674392284 -0.0102266269 0.00315204144
v -0.00646119655 -0.0387936359 -0.0492633462
v -0.00649188579 -0.0387629467 -0.049222877
v -0.00647666515 -0.0387781673 -0.0467566991
v -0.00625789226 -0.0389969402 -0.0465277576
v -0.00634696544 -0.0106235843 -0.0121286964
v -0.00645068706 -0.0105198818 -0.00277863503
v -0.00628718914 -0.0106833797 -0.00251728058
v -0.00625644268 -0.0107141071 -0.00246264458
v -0.00625644268 -0.0107141071 0.00246264458
v -0.00641669811 -0.0105538707 0.00272799492
v -0.00645068706 -0.0105198818 0.00277863503
v -0.00634696544 -0.0106235843 0.0121286964
v -0.00649697841 -0.0104735904 -0.0121796274
v -0.00648528637 -0.0104852825 -0.00282842636
v -0.00648528637 -0.0104852825 0.00282842636
v -0.00649697841 -0.0104735904 0.0121796227
v -0.00622119487 -0.0390336376 -0.0495010114
v -0.00623963894 -0.0390151935 -0.0494868541
v -0.00623963894 -0.0390151935 -0.0465131474
v -0.00600831569 -0.0392465168 -0.0463742828
v -0.00619762004 -0.0107729488 -0.0120740747
v -0.00616836132 -0.0108021885 -0.00229430676
v -0.00606084407 -0.0109097248 -0.0020601511
v -0.00601148189 -0.010959087 -0.0019392395
v -0.00603580059 -0.0109347683 0.00199999809
v -0.00614039959 -0.0108301502 0.00223677158
v -0.00619702877 -0.010773521 0.00235114098
v -0.00604896129 -0.0109215885 0.0120157719
v -0.00622640194 -0.0107441669 -0.00240725994
v -0.00622640194 -0.0107441669 0.00240725994
v -0.00598819316 -0.0392666393 -0.0496341443
v -0.00576161922 -0.0394932132 -0.0463064694
v -0.00590106548 -0.0110695034 -0.0119538116
v -0.00594310344 -0.0110274463 -0.00175348282
v -0.00588170589 -0.011088863 -0.00156292439
v -0.00581094326 -0.0111596065 -0.00130227089
v -0.00575322689 -0.0112173229 -0.00103527546
v -0.00579528392 -0.0111752849 0.00123606682
v -0.00586280407 -0.0111077457 0.00149842739
v -0.00592185558 -0.0110487133 0.00169047356
v -0.00596513332 -0.0110054355 0.00181596279
v -0.00575393261 -0.0112166362 0.0118882084
v -0.00598792614 -0.0109826427 -0.00187788486
v -0.00598792614 -0.0109826427 0.00187788486
v -0.00574071468 -0.0395141178 -0.049695859
v -0.00565684856 -0.0395979839 -0.0463000011
v -0.00565684856 -0.0395979839 -0.0379999995
v -0.00565684856 -0.0395979839 0.0219999981
v -0.00560763897 -0.0113629299 -0.0118189812
v -0.00570882381 -0.011261745 -0.000763235092
v -0.0056843716 -0.0112861782 -0.000556693077
v -0.00566375316 -0.0113068157 -0.000279026031
v -0.00565728725 -0.0113132816 -6.980896e-05
v -0.00566073955 -0.0113098293 0.000209345818
v -0.00567794384 -0.011292625 0.000487475395
v -0.00569982113 -0.0112707477 0.000694594383
v -0.00571866573 -0.0112519031 0.000831646919
v -0.00560763897 -0.0113629299 0.0118189812
v -0.00572934688 -0.011241222 -0.000899806023
v -0.00574086727 -0.0112297016 0.00096768856
v -0.00548955501 -0.0397652774 -0.0496834564
v -0.00526549877 -0.0399893337 -0.0463926196
v -0.00546222271 -0.0115083461 -0.0117461586
v -0.00531772197 -0.0116528278 0.0116697598
v -0.00500215114 -0.0402526813 -0.0494257402
v -0.00500215114 -0.0402526813 -0.0465742612
v -0.00524571956 -0.0400091129 -0.0495974779
v -0.00507407726 -0.0401807552 -0.0494868541
v -0.00501985134 -0.0402349811 -0.0465583181
v -0.00509250225 -0.0401623302 -0.0464989901
v -0.00517419399 -0.0117963749 -0.0115897989
v -0.0050316769 -0.0119388919 0.0115063095
v -0.00498466076 -0.0402701717 -0.0494093633
v -0.00483703197 -0.0404178005 -0.0492433023
v -0.00476354183 -0.0404913097 -0.0468624783
v -0.00485250057 -0.0404023319 -0.0467366529
v -0.00489020885 -0.01208036 -0.0114193201
v -0.00489020885 -0.01208036 0.0114193153
v -0.00450133861 -0.0407534938 -0.0484685826
v -0.00450133861 -0.0407534938 -0.0475314164
v -0.00474963726 -0.0405051952 -0.0491153002
v -0.00468434871 -0.0405704837 -0.0489992356
v -0.00457643093 -0.0406784015 -0.0487452316
v -0.00450728954 -0.0407475429 -0.0484970307
v -0.00450728954 -0.0407475429 -0.0475029683
v -0.00451360286 -0.0407412296 -0.0474746704
v -0.00458579601 -0.0406690364 -0.0472282171
v -0.00469682277 -0.0405580097 -0.0469769144
v -0.00461059154 -0.0123599773 -0.0112349272
v -0.00461059154 -0.0123599773 0.0112349224
v -0.00474982799 -0.0122207409 -0.011328845
v -0.00474982799 -0.0122207409 0.0113288498
v -0.00449573101 -0.0407591014 -0.0484399915
v -0.00446647228 -0.0407883602 -0.0482365942
v -0.00445478023 -0.0408000522 -0.0479999995
v -0.00446958126 -0.0407852703 -0.0477340603
v -0.00446151317 -0.0407933193 0.0280000019
v -0.00433570446 -0.0126348644 -0.0110368443
v -0.00433570446 -0.0126348644 0.0110368443
v -0.00447253765 -0.0124980312 -0.0111375809
v -0.00447253765 -0.0124980312 0.0111375809
v -0.00413236202 -0.0411224704 0.02756567
v -0.00420013012 -0.0127704387 -0.0109327459
v -0.00406587185 -0.012904697 0.0108253193
v -0.00380839885 -0.0414464336 0.0271235943
v -0.00393294872 -0.0130376201 -0.0107145929
v -0.00380141796 -0.0131691509 0.010600605
v -0.00367129863 -0.0132992511 -0.0104833841
v -0.00354266704 -0.0134279018 0.0103629684
v -0.00348971904 -0.0417651134 0.0266739082
v -0.00341554226 -0.0135550266 -0.0102394009
v -0.00328994335 -0.0136806255 0.0101127148
v -0.00317641796 -0.0420784145 0.0262167358
v -0.00316594661 -0.0138046222 -0.00998294353
v -0.00304355205 -0.0139270168 0.00985013485
v -0.00286857189 -0.0423862606 0.0257522106
v -0.0028284222 -0.0367695575 -0.0379999995
v -0.0028284222 -0.0367695575 0.0219999981
v -0.00292281688 -0.0140477329 -0.00971432686
v -0.00280377926 -0.0141667705 0.00957555771
v -0.0025662762 -0.0426885563 0.025280447
v -0.00268647731 -0.0142840725 -0.00943387032
v -0.00257094921 -0.0143996196 0.00928931236
v -0.0022696072 -0.0429852253 0.0248015976
v -0.00245721401 -0.0145133548 -0.009141922
v -0.00234530986 -0.014625259 -0.0089917469
v -0.00234530986 -0.014625259 0.0089917469
v -0.00245721401 -0.0145133548 0.009141922
v -0.00212714733 -0.0148434024 -0.00868322849
v -0.00202096523 -0.0149496036 0.00852498055
v -0.00223527492 -0.0147352748 -0.00883883476
v -0.00223527492 -0.0147352748 0.00883883476
v -0.00197866024 -0.0432761722 0.0243157768
v -0.0019167477 -0.0150538211 -0.00836413383
v -0.00181453289 -0.015156036 -0.00820073605
v -0.00181453289 -0.015156036 0.00820073605
v -0.0019167477 -0.0150538211 0.00836413383
v -0.00169349254 -0.0435613399 0.0238231373
v -0.00171433986 -0.015256229 -0.0080348444
v -0.00161622585 -0.015354343 -0.00786650658
v -0.00152019085 -0.015450378 -0.00769577026
v -0.00152019085 -0.015450378 0.00769577026
v -0.00161622585 -0.015354343 0.00786650658
v -0.00171433986 -0.015256229 0.0080348444
v -0.00141421856 -0.0438406139 -0.0520000005
v -0.00141421856 -0.0438406139 0.0233238029
v -0.001426273 -0.0155442958 -0.00752268791
v -0.00133451046 -0.0156360584 -0.00734731674
v -0.00133451046 -0.0156360584 0.00734731674
v -0.001426273 -0.0155442958 0.00752268791
v -0.00107106746 -0.0328700595 -0.0487717843
v -0.00114324154 -0.0327978855 -0.0485253286
v -0.00118728222 -0.0327538448 -0.0482659388
v -0.00119039119 -0.0327507358 -0.0482365942
v -0.00119039119 -0.0327507358 -0.0477634048
v -0.00114955486 -0.0327915722 -0.0475029683
v -0.00108043254 -0.0328606945 -0.0472547698
v -0.00100814403 -0.032932983 -0.0470741129
v -0.00120189251 -0.0327392345 -0.0480296683
v -0.0011931187 -0.0327480083 -0.0477928209
v -0.00115754665 -0.0158130031 -0.00698991299
v -0.00107240261 -0.0158981472 0.00680799007
v -0.00124492229 -0.0157256275 -0.00716970444
v -0.00124492229 -0.0157256275 0.00716970444
v -0.00080434383 -0.0331367832 -0.0492633462
v -0.000934196125 -0.0330069309 -0.0490698457
v -0.000819812428 -0.0331213146 -0.0467566991
v -0.000756488453 -0.0331846386 -0.046678853
v -0.000960021626 -0.0329811054 -0.0490230846
v -0.000996566425 -0.0329445606 -0.0489506269
v -0.000972495686 -0.0329686123 -0.0470007658
v -0.000947261463 -0.0329938655 -0.0469533753
v -0.000908923756 -0.0160616451 -0.00643797398
v -0.000754657398 -0.0162158924 -0.00606011868
v -0.000754657398 -0.0162158924 0.00606011868
v -0.000908923756 -0.0160616451 0.00643797398
v -0.000989528309 -0.0159810405 -0.00662399292
v -0.000989528309 -0.0159810405 0.00662399292
v -0.000564342152 -0.0333767849 -0.0495010114
v -0.000689483296 -0.0332516437 -0.0493925595
v -0.000582786213 -0.0333583408 -0.0465131474
v -0.000508018147 -0.0334331089 -0.0464592767
v -0.000740066181 -0.0332010418 -0.0493396187
v -0.000706573139 -0.0332345539 -0.04662467
v -0.000681052815 -0.016289516 -0.00586839676
v -0.000609813343 -0.0163607364 -0.00567488194
v -0.000540996204 -0.0164295726 -0.00547964096
v -0.000540996204 -0.0164295726 0.00547964096
v -0.000609813343 -0.0163607364 0.00567488194
v -0.000681052815 -0.016289516 0.00586839676
v -0.0004307896 -0.0335103374 -0.0495870876
v -0.000270400654 -0.0336707073 -0.0463435698
v -0.000488925587 -0.0334522014 -0.0495530272
v -0.000450301777 -0.0334908252 -0.0464237881
v -0.000410609852 -0.016559959 -0.00508420944
v -0.000349097859 -0.016621471 -0.00488413811
v -0.000290065418 -0.0166805034 -0.00468258381
v -0.000290065418 -0.0166805034 0.00468258381
v -0.000349097859 -0.016621471 0.00488413811
v -0.000410609852 -0.016559959 0.00508420944
v -0.000474582325 -0.0164959865 -0.00528272629
v -0.000474582325 -0.0164959865 0.00528272629
v -0.00018804134 -0.0337530857 -0.0496790695
v -2.09766732e-05 -0.0339201503 -0.0463002586
v -0.000249934803 -0.0336911922 -0.0496628499
v -0.000208736073 -0.0337323909 -0.0463258266
v -0.000179496418 -0.0167910724 -0.00427525043
v -0.000127998005 -0.0168425708 -0.00406960011
v -7.90554391e-05 -0.0168915134 -0.00386271477
v -3.26687203e-05 -0.0169379001 -0.00365464687
v -3.26687203e-05 -0.0169379001 0.00365464687
v -7.90554391e-05 -0.0168915134 0.00386271477
v -0.000127998005 -0.0168425708 0.00406960011
v -0.000179496418 -0.0167910724 0.00427525043
v -0.000233512531 -0.0167370372 -0.004479599
v -0.000233512531 -0.0167370372 0.004479599
v 6.29085197e-05 -0.0340040355 -0.0496976709
v 0.000249924053 -0.0341910511 -0.0463371491
v 4.16174589e-09 -0.0339411312 -0.0497000003
v 4.16174589e-09 -0.0339411312 -0.0463000011
v 5.23799552e-05 -0.0170229488 -0.00323523998
v 0.000127014507 -0.0170975834 -0.00281188965
v 0.000160412182 -0.017130962 -0.00259889603
v 0.000191158642 -0.0171617275 -0.00238511086
v 0.000219272961 -0.0171898418 -0.00217060089
v 0.000244736065 -0.0172153049 -0.00195543289
v 0.000244736065 -0.0172153049 0.00195543289
v 0.000219272961 -0.0171898418 0.00217060089
v 0.000191158642 -0.0171617275 0.00238511086
v 0.000160412182 -0.017130962 0.00259889603
v 0.000127014507 -0.0170975834 0.00281188965
v 9.1003765e-05 -0.0170615726 0.00302402496
v 1.11430778e-05 -0.0169817119 -0.00344546795
v 1.11430778e-05 -0.0169817119 0.00344546795
v 0.000311130871 -0.0342522388 -0.0496420741
v 0.00048893391 -0.0344300609 -0.0464469719
v 0.000270408977 -0.034211536 -0.0496564293
v 0.000290817608 -0.0342319446 -0.0463504982
v 0.000287670483 -0.0172582393 -0.00152336597
v 0.000305141796 -0.0172756916 -0.00130660534
v 0.000319923748 -0.0172904735 -0.00108944893
v 0.000332016338 -0.0173025852 -0.000871953964
v 0.000341438641 -0.0173120075 -0.000654201508
v 0.000348171581 -0.0173187404 -0.000436244011
v 0.00035221516 -0.0173227649 -0.000218153
v 0.000353550304 -0.0173241191 0
v 0.000348171581 -0.0173187404 0.000436244011
v 0.000341438641 -0.0173120075 0.000654201508
v 0.000332016338 -0.0173025852 0.000871953964
v 0.000319923748 -0.0172904735 0.00108944893
v 0.000305141796 -0.0172756916 0.00130660534
v 0.000287670483 -0.0172582393 0.00152336597
v 0.000267528881 -0.0172380977 -0.00173966408
v 0.000267528881 -0.0172380977 0.00173966408
v 0.000564350475 -0.0345054775 -0.0495010114
v 0.000582775463 -0.0345239025 -0.0494868541
v 0.000740074505 -0.0346812015 -0.0466603827
v 0.000564350475 -0.0345054775 -0.0464989901
v 0.00050802647 -0.0344491535 -0.0495407224
v 0.000545734753 -0.0344868618 -0.0464852881
v 0.000819820751 -0.0347609478 -0.0492433023
v 0.000972504009 -0.034913631 -0.0489992356
v 0.000996574749 -0.0349377018 -0.0470493722
v 0.000960029949 -0.034901157 -0.0469769144
v 0.000756496776 -0.0346976238 -0.0493211484
v 0.000804352154 -0.0347454792 -0.0467366529
v 0.00106136738 -0.0350024944 -0.0487981009
v 0.00108042179 -0.0350215488 -0.0487452316
v 0.00114956318 -0.0350906902 -0.0484970307
v 0.00119038044 -0.0351315075 -0.0482365942
v 0.00120207249 -0.0351431995 -0.0479999995
v 0.00118729054 -0.0351283985 -0.0477340603
v 0.00114324986 -0.0350843769 -0.0474746704
v 0.00107105671 -0.0350121837 -0.0472282171
v 0.00119533955 -0.0351364666 0.0280000019
v 0.00100815236 -0.0349492794 -0.0489258862
v 0.00105137288 -0.0349924808 -0.0471758246
v 0.0015244907 -0.0354656177 0.02756567
v 0.00184845387 -0.0357895809 0.0271235943
v 0.00216713368 -0.0361082607 0.0266739082
v 0.00248043476 -0.0364215618 0.0262167358
v 0.00278828083 -0.0367294078 0.0257522106
v 0.00309057652 -0.0370317035 0.025280447
v 0.00338724553 -0.0373283725 0.0248015976
v 0.00367819249 -0.0376193195 0.0243157768
v 0.00396336018 -0.0379044872 0.0238231373
v 0.00424263417 -0.0381837612 -0.0520000005
v 0.00424263417 -0.0381837612 0.0233238029
f 1 5 2
f 2 1853 1
f 1 3 4
f 1 11 3
f 1 4 5
f 1 7 8
f 1 16 7
f 8 11 1
f 13 15 1
f 1 21 13
f 1 15 16
f 19 21 1
f 1 25 19
f 1 23 25
f 1 30 23
f 218 30 1
f 209 1 211
f 228 1 209
f 211 1 213
f 213 1 230
f 1 217 218
f 1 247 217
f 222 1 224
f 254 1 222
f 224 1 226
f 226 1 228
f 230 1 232
f 232 1 234
f 234 1 236
f 236 1 256
f 1 240 241
f 1 267 240
f 241 242 1
f 1 242 246
f 246 247 1
f 252 1 254
f 273 1 252
f 256 1 258
f 258 1 275
f 263 264 1
f 283 263 1
f 264 267 1
f 271 1 273
f 289 1 271
f 275 1 277
f 277 1 1454
f 1 281 283
f 1 300 281
f 287 1 289
f 306 1 287
f 1 297 300
f 704 297 1
f 304 1 306
f 318 1 304
f 335 1 318
f 353 1 335
f 353 1325 1
f 704 1 1813
f 1 1325 1813
f 1852 1454 1
f 1 1853 1852
f 5 6 2
f 6 12 2
f 2 9 10
f 2 12 9
f 10 17 2
f 2 18 14
f 2 14 22
f 17 18 2
f 2 22 20
f 20 26 2
f 2 27 24
f 2 24 31
f 26 27 2
f 218 2 31
f 49 2 127
f 49 1692 2
f 127 2 198
f 2 640 198
f 248 2 218
f 244 2 243
f 243 2 249
f 245 2 244
f 268 2 245
f 249 2 248
f 266 2 265
f 265 2 268
f 284 2 266
f 282 2 284
f 301 2 282
f 298 2 299
f 298 2 301
f 298 693 2
f 2 734 640
f 2 688 689
f 693 688 2
f 2 689 690
f 690 691 2
f 691 699 2
f 2 696 697
f 2 699 696
f 697 703 2
f 2 703 701
f 2 701 708
f 705 706 2
f 708 705 2
f 705 821 2
f 1814 734 2
f 2 821 822
f 2 822 837
f 2 833 834
f 2 838 833
f 2 834 848
f 837 838 2
f 848 846 2
f 2 846 882
f 2 882 880
f 880 939 2
f 2 939 938
f 2 938 1814
f 1692 1853 2
f 53 4 3
f 52 3 11
f 53 3 52
f 54 5 4
f 54 4 53
f 55 6 5
f 55 5 54
f 56 12 6
f 56 6 55
f 63 8 7
f 62 7 16
f 63 7 62
f 63 11 8
f 64 10 9
f 64 9 12
f 65 17 10
f 65 10 64
f 52 11 50
f 50 11 63
f 51 12 57
f 64 12 51
f 57 12 56
f 68 15 13
f 68 13 21
f 69 14 18
f 69 22 14
f 58 16 15
f 58 15 68
f 59 16 58
f 62 16 59
f 60 18 17
f 60 17 65
f 61 18 60
f 69 18 61
f 72 21 19
f 72 19 25
f 73 20 22
f 73 26 20
f 68 21 66
f 66 21 72
f 67 22 69
f 73 22 67
f 76 25 23
f 76 23 30
f 77 24 27
f 77 31 24
f 72 25 70
f 70 25 76
f 26 71 27
f 71 26 73
f 27 71 78
f 27 78 77
f 81 30 28
f 218 28 30
f 81 28 36
f 218 36 28
f 82 29 31
f 218 31 29
f 82 37 29
f 29 37 218
f 76 30 74
f 74 30 81
f 75 31 77
f 82 31 75
f 103 32 33
f 33 32 218
f 103 36 32
f 218 32 36
f 104 33 44
f 44 33 218
f 103 33 104
f 105 34 35
f 218 35 34
f 105 47 34
f 218 34 47
f 106 35 37
f 218 37 35
f 105 35 106
f 81 36 79
f 79 36 103
f 80 37 82
f 106 37 80
f 128 38 39
f 39 38 218
f 128 45 38
f 218 38 45
f 129 39 40
f 40 39 218
f 128 39 129
f 130 40 41
f 218 41 40
f 129 40 130
f 131 41 42
f 218 42 41
f 130 41 131
f 132 42 43
f 218 43 42
f 131 42 132
f 133 43 46
f 218 46 43
f 132 43 133
f 100 44 45
f 218 45 44
f 99 44 100
f 104 44 99
f 100 45 128
f 101 46 47
f 47 46 218
f 133 46 101
f 101 47 102
f 102 47 105
f 49 69 48
f 49 48 1778
f 61 60 48
f 118 48 60
f 48 69 61
f 120 48 118
f 122 48 120
f 124 48 122
f 140 48 124
f 142 48 140
f 144 48 142
f 146 48 144
f 148 48 146
f 150 48 148
f 152 48 150
f 154 48 152
f 156 48 154
f 159 48 156
f 161 48 159
f 163 48 161
f 165 48 163
f 167 48 165
f 169 48 167
f 169 1099 48
f 48 1099 1850
f 1778 48 1850
f 67 69 49
f 49 73 67
f 127 73 49
f 1778 1692 49
f 50 51 52
f 50 64 51
f 63 64 50
f 52 51 57
f 52 56 53
f 52 57 56
f 53 55 54
f 53 56 55
f 60 59 58
f 58 68 60
f 59 60 65
f 59 65 62
f 68 66 60
f 66 72 60
f 60 72 70
f 60 70 76
f 76 74 60
f 74 81 60
f 81 79 60
f 79 103 60
f 85 60 83
f 83 60 115
f 87 60 85
f 89 60 87
f 91 60 89
f 93 60 91
f 95 60 93
f 97 60 95
f 117 60 97
f 60 103 105
f 111 60 105
f 113 60 111
f 115 60 113
f 118 60 117
f 62 65 63
f 63 65 64
f 127 71 73
f 127 78 71
f 75 77 127
f 127 82 75
f 127 77 78
f 80 82 126
f 106 80 126
f 126 82 127
f 83 84 85
f 83 116 84
f 115 116 83
f 85 84 86
f 210 86 84
f 229 84 116
f 210 84 229
f 85 86 87
f 87 86 88
f 212 88 86
f 212 86 210
f 87 88 90
f 87 90 89
f 212 90 88
f 89 90 91
f 91 90 92
f 92 90 235
f 214 90 212
f 231 90 214
f 233 90 231
f 235 90 233
f 91 92 94
f 91 94 93
f 235 94 92
f 93 94 96
f 93 96 95
f 235 96 94
f 95 96 97
f 97 96 98
f 98 96 235
f 97 98 117
f 117 98 119
f 235 119 98
f 102 99 100
f 105 99 102
f 105 104 99
f 102 100 101
f 101 100 133
f 129 100 128
f 130 100 129
f 131 100 130
f 132 100 131
f 133 100 132
f 105 103 104
f 105 106 126
f 109 105 107
f 107 105 138
f 111 105 109
f 134 105 126
f 136 105 134
f 138 105 136
f 107 108 110
f 138 108 107
f 107 110 109
f 227 110 108
f 138 139 108
f 227 108 139
f 109 110 111
f 111 110 112
f 227 112 110
f 111 112 113
f 113 112 114
f 229 114 112
f 229 112 227
f 113 114 115
f 115 114 116
f 229 116 114
f 117 119 118
f 118 119 121
f 118 121 120
f 235 121 119
f 120 121 123
f 120 123 122
f 235 123 121
f 122 123 124
f 124 123 125
f 235 125 123
f 124 125 140
f 140 125 141
f 235 141 125
f 126 127 134
f 134 127 135
f 225 135 127
f 127 198 272
f 225 127 223
f 223 127 255
f 255 127 253
f 253 127 274
f 274 127 272
f 134 135 137
f 134 137 136
f 225 137 135
f 136 137 138
f 138 137 139
f 227 139 137
f 227 137 225
f 140 141 142
f 142 141 143
f 143 141 235
f 142 143 145
f 142 145 144
f 235 145 143
f 144 145 147
f 144 147 146
f 235 147 145
f 146 147 149
f 146 149 148
f 235 149 147
f 148 149 150
f 150 149 151
f 237 151 149
f 237 149 235
f 150 151 153
f 150 153 152
f 257 153 151
f 257 151 237
f 152 153 154
f 154 153 155
f 257 155 153
f 154 155 156
f 156 155 157
f 257 157 155
f 156 157 158
f 156 158 159
f 257 158 157
f 159 158 160
f 259 160 158
f 259 158 257
f 159 160 161
f 161 160 162
f 259 162 160
f 161 162 163
f 163 162 164
f 259 164 162
f 163 164 166
f 163 166 165
f 259 166 164
f 165 166 167
f 167 166 168
f 276 168 166
f 276 166 259
f 167 168 170
f 167 170 169
f 276 170 168
f 169 170 172
f 169 172 171
f 171 1099 169
f 172 170 278
f 278 170 276
f 171 172 173
f 173 1087 171
f 171 1087 1099
f 173 172 174
f 278 174 172
f 173 174 176
f 173 176 175
f 175 1085 173
f 173 1085 1087
f 176 174 278
f 175 176 177
f 177 1073 175
f 175 1073 1085
f 177 176 178
f 278 178 176
f 177 178 179
f 179 1071 177
f 177 1071 1073
f 179 178 180
f 180 178 278
f 179 180 182
f 179 182 181
f 181 1057 179
f 179 1057 1071
f 278 182 180
f 181 182 183
f 183 1055 181
f 181 1055 1057
f 183 182 184
f 278 184 182
f 183 184 185
f 185 1042 183
f 183 1042 1044
f 183 1044 1055
f 185 184 186
f 278 186 184
f 185 186 187
f 187 1040 185
f 185 1040 1042
f 187 186 188
f 278 188 186
f 187 188 190
f 187 190 189
f 189 1018 187
f 187 1018 1040
f 278 190 188
f 189 190 192
f 189 192 191
f 191 1018 189
f 192 190 278
f 191 192 193
f 193 994 191
f 191 994 1016
f 191 1016 1018
f 193 192 194
f 194 192 278
f 193 194 195
f 195 994 193
f 195 194 196
f 278 196 194
f 195 196 200
f 195 200 199
f 199 992 195
f 195 992 994
f 278 200 196
f 197 202 198
f 198 524 197
f 201 202 197
f 514 201 197
f 197 511 515
f 197 524 511
f 197 515 514
f 636 198 202
f 272 198 290
f 290 198 288
f 288 198 307
f 307 198 305
f 305 198 319
f 319 198 336
f 336 198 354
f 354 198 364
f 364 198 372
f 372 198 380
f 380 198 390
f 390 198 398
f 398 198 400
f 400 198 410
f 410 198 420
f 420 198 422
f 422 198 638
f 198 522 524
f 198 534 522
f 640 534 198
f 638 198 636
f 199 200 204
f 199 204 203
f 203 968 199
f 199 968 990
f 199 990 992
f 278 204 200
f 201 208 202
f 207 208 201
f 514 207 201
f 634 202 208
f 636 202 634
f 203 204 205
f 205 968 203
f 205 204 206
f 206 204 278
f 205 206 215
f 215 966 205
f 205 966 968
f 215 206 216
f 278 216 206
f 220 208 207
f 514 220 207
f 220 221 208
f 654 208 221
f 634 208 656
f 656 208 654
f 210 209 212
f 210 228 209
f 212 209 211
f 229 228 210
f 212 211 214
f 214 211 213
f 214 213 231
f 231 213 230
f 215 216 238
f 238 964 215
f 215 964 966
f 238 216 239
f 239 216 278
f 489 218 217
f 489 217 247
f 490 248 218
f 490 218 489
f 220 219 221
f 250 219 220
f 652 221 219
f 250 251 219
f 652 219 251
f 514 250 220
f 654 221 652
f 223 222 225
f 223 254 222
f 225 222 224
f 255 254 223
f 225 224 227
f 227 224 226
f 227 226 229
f 229 226 228
f 231 230 233
f 233 230 232
f 233 232 235
f 235 232 234
f 235 234 237
f 237 234 236
f 237 236 257
f 257 236 256
f 238 239 260
f 260 933 238
f 238 933 964
f 260 239 261
f 278 261 239
f 498 241 240
f 497 240 267
f 498 240 497
f 498 242 241
f 499 246 242
f 499 242 498
f 500 244 243
f 500 243 249
f 501 245 244
f 501 244 500
f 502 268 245
f 502 245 501
f 488 247 246
f 488 246 486
f 486 246 499
f 489 247 488
f 490 249 248
f 487 249 490
f 500 249 487
f 269 251 250
f 269 250 514
f 269 270 251
f 650 251 270
f 652 251 650
f 253 252 255
f 253 273 252
f 255 252 254
f 274 273 253
f 257 256 259
f 259 256 258
f 259 258 276
f 276 258 275
f 260 261 262
f 262 931 260
f 260 931 933
f 262 261 280
f 278 280 261
f 262 280 279
f 279 931 262
f 512 264 263
f 512 263 283
f 513 267 264
f 513 264 512
f 514 266 265
f 514 265 268
f 515 284 266
f 515 266 514
f 497 267 495
f 495 267 513
f 496 268 502
f 514 268 496
f 285 270 269
f 285 269 514
f 285 286 270
f 682 270 286
f 650 270 682
f 272 271 274
f 272 289 271
f 274 271 273
f 290 289 272
f 276 275 278
f 278 275 277
f 278 277 292
f 292 277 291
f 277 1452 291
f 277 1454 1452
f 296 280 278
f 292 508 278
f 278 311 296
f 278 325 311
f 340 325 278
f 278 358 340
f 278 368 358
f 376 368 278
f 384 376 278
f 278 394 384
f 278 406 394
f 416 406 278
f 278 426 416
f 278 440 426
f 278 438 440
f 456 438 278
f 278 474 456
f 278 479 474
f 485 479 278
f 494 485 278
f 278 508 494
f 279 280 295
f 295 929 279
f 279 929 931
f 295 280 296
f 523 283 281
f 523 281 300
f 524 282 284
f 524 301 282
f 512 283 510
f 510 283 523
f 511 284 515
f 524 284 511
f 285 303 286
f 302 303 285
f 514 302 285
f 680 286 303
f 682 286 680
f 288 287 290
f 288 306 287
f 290 287 289
f 307 306 288
f 292 291 294
f 294 291 293
f 291 1414 293
f 291 1452 1414
f 294 508 292
f 294 293 309
f 309 293 308
f 293 1412 308
f 293 1414 1412
f 309 508 294
f 295 296 311
f 295 311 310
f 310 927 295
f 295 927 929
f 533 300 297
f 533 297 314
f 297 707 314
f 297 704 707
f 298 534 299
f 522 298 301
f 532 315 298
f 315 693 298
f 534 298 522
f 532 298 534
f 299 534 535
f 523 300 521
f 521 300 533
f 522 301 524
f 302 317 303
f 316 317 302
f 514 316 302
f 678 303 317
f 680 303 678
f 305 304 307
f 305 318 304
f 307 304 306
f 319 318 305
f 309 308 321
f 321 308 320
f 308 1367 320
f 308 1412 1367
f 321 508 309
f 310 311 325
f 310 325 324
f 324 925 310
f 310 925 927
f 544 314 312
f 314 700 312
f 544 312 330
f 312 702 330
f 312 700 702
f 545 313 315
f 313 693 315
f 543 331 313
f 331 693 313
f 543 313 545
f 533 314 531
f 531 314 544
f 314 707 700
f 545 315 532
f 334 317 316
f 514 334 316
f 334 333 317
f 676 317 333
f 678 317 676
f 319 335 318
f 336 335 319
f 321 320 323
f 323 320 322
f 320 1367 322
f 323 508 321
f 323 322 338
f 338 322 337
f 322 1365 337
f 322 1367 1365
f 338 508 323
f 324 325 340
f 324 340 339
f 339 923 324
f 324 923 925
f 552 326 327
f 326 693 327
f 552 330 326
f 330 694 326
f 684 685 326
f 698 684 326
f 326 685 686
f 326 686 687
f 687 692 326
f 692 693 326
f 326 694 695
f 326 695 698
f 553 327 349
f 327 693 349
f 552 327 553
f 554 328 329
f 328 693 329
f 554 350 328
f 350 693 328
f 555 329 331
f 329 693 331
f 554 329 555
f 544 330 542
f 542 330 552
f 330 702 694
f 555 331 543
f 332 333 334
f 332 352 333
f 514 332 334
f 351 352 332
f 514 351 332
f 674 333 352
f 676 333 674
f 336 353 335
f 354 353 336
f 338 337 356
f 356 337 355
f 337 1363 355
f 337 1365 1363
f 356 508 338
f 339 340 358
f 339 358 357
f 357 875 339
f 339 875 877
f 339 877 923
f 562 341 342
f 341 693 342
f 561 349 341
f 349 693 341
f 561 341 562
f 562 342 343
f 342 693 343
f 563 343 344
f 343 693 344
f 562 343 563
f 564 344 359
f 344 693 359
f 563 344 564
f 565 345 346
f 345 693 346
f 565 360 345
f 360 693 345
f 566 346 347
f 346 693 347
f 565 346 566
f 567 347 348
f 347 693 348
f 566 347 567
f 568 348 350
f 348 693 350
f 567 348 568
f 553 349 550
f 550 349 561
f 551 350 554
f 568 350 551
f 351 362 352
f 361 362 351
f 514 361 351
f 672 352 362
f 674 352 672
f 354 363 353
f 353 363 1430
f 1327 1325 353
f 353 1329 1327
f 1331 1329 353
f 1333 1331 353
f 353 1335 1333
f 353 1337 1335
f 353 1339 1337
f 353 1382 1339
f 353 1384 1382
f 353 1386 1384
f 353 1430 1386
f 364 363 354
f 356 355 366
f 366 355 365
f 355 1361 365
f 355 1363 1361
f 366 508 356
f 357 358 368
f 357 368 367
f 367 873 357
f 357 873 875
f 564 359 360
f 359 693 360
f 564 360 565
f 361 370 362
f 369 370 361
f 369 361 514
f 670 362 370
f 672 362 670
f 364 371 363
f 371 1185 363
f 1185 1183 363
f 363 1183 1207
f 363 1207 1205
f 363 1205 1228
f 363 1228 1226
f 363 1226 1248
f 363 1248 1274
f 1274 1303 363
f 363 1303 1301
f 363 1301 1345
f 363 1345 1392
f 363 1392 1440
f 363 1604 1430
f 1440 1478 363
f 363 1478 1516
f 363 1516 1548
f 363 1548 1578
f 363 1578 1576
f 363 1576 1604
f 372 371 364
f 366 365 374
f 374 365 373
f 365 1359 373
f 365 1361 1359
f 374 508 366
f 367 368 376
f 367 376 375
f 375 871 367
f 367 871 873
f 369 378 370
f 377 378 369
f 377 369 514
f 668 370 378
f 670 370 668
f 372 379 371
f 379 1170 371
f 371 1138 1136
f 1136 1162 371
f 371 1140 1138
f 371 1142 1140
f 371 1144 1142
f 371 1164 1144
f 371 1158 1156
f 371 1156 1185
f 1160 1158 371
f 1162 1160 371
f 1166 1164 371
f 371 1168 1166
f 1170 1168 371
f 380 379 372
f 374 373 382
f 382 373 381
f 373 1357 381
f 373 1359 1357
f 382 508 374
f 375 376 383
f 383 869 375
f 375 869 871
f 383 376 384
f 377 386 378
f 385 386 377
f 385 377 514
f 666 378 386
f 668 378 666
f 380 389 379
f 1252 379 389
f 379 1187 1170
f 1189 1187 379
f 379 1191 1189
f 379 1209 1191
f 379 1211 1209
f 1213 1211 379
f 379 1230 1213
f 379 1232 1230
f 379 1250 1232
f 1250 379 1252
f 390 389 380
f 382 381 392
f 392 381 391
f 381 1355 391
f 381 1357 1355
f 392 508 382
f 383 384 393
f 393 869 383
f 393 384 394
f 385 388 386
f 387 388 385
f 514 387 385
f 666 386 388
f 387 396 388
f 395 396 387
f 514 395 387
f 664 388 396
f 666 388 664
f 390 397 389
f 1252 389 397
f 398 397 390
f 392 391 404
f 404 391 403
f 391 1353 403
f 391 1355 1353
f 404 508 392
f 393 394 405
f 405 919 393
f 393 867 869
f 393 921 867
f 393 919 921
f 405 394 406
f 407 396 395
f 514 407 395
f 407 408 396
f 662 396 408
f 664 396 662
f 398 399 397
f 1252 397 399
f 400 399 398
f 400 409 399
f 1252 399 409
f 410 409 400
f 402 403 401
f 402 401 414
f 403 1353 401
f 414 401 413
f 401 1408 413
f 401 1353 1410
f 401 1410 1408
f 404 403 402
f 402 508 404
f 414 520 402
f 402 520 508
f 405 406 415
f 415 917 405
f 405 917 919
f 415 406 416
f 417 408 407
f 514 417 407
f 417 418 408
f 660 408 418
f 662 408 660
f 410 419 409
f 1252 409 419
f 420 419 410
f 412 413 411
f 412 411 424
f 413 1406 411
f 424 411 423
f 411 1406 423
f 414 413 412
f 412 539 414
f 424 549 412
f 412 549 539
f 413 1408 1406
f 414 518 520
f 414 530 518
f 414 541 530
f 414 539 541
f 415 416 425
f 425 915 415
f 415 915 917
f 425 416 426
f 427 418 417
f 514 427 417
f 427 428 418
f 648 418 428
f 658 418 648
f 660 418 658
f 420 421 419
f 1252 419 421
f 422 421 420
f 422 429 421
f 1252 421 429
f 430 429 422
f 422 624 430
f 422 622 624
f 638 622 422
f 424 423 436
f 436 423 435
f 1252 435 423
f 423 1450 1252
f 423 1406 1450
f 436 580 424
f 424 560 549
f 424 574 560
f 424 582 574
f 424 580 582
f 425 426 439
f 439 913 425
f 425 913 915
f 439 426 440
f 441 428 427
f 514 441 427
f 441 442 428
f 646 428 442
f 648 428 646
f 430 431 429
f 1252 429 431
f 432 431 430
f 430 624 432
f 432 445 431
f 431 445 1252
f 446 445 432
f 432 624 446
f 434 435 433
f 434 433 454
f 1252 433 435
f 454 433 453
f 453 433 1252
f 436 435 434
f 434 607 436
f 454 605 434
f 434 605 607
f 436 590 580
f 436 588 590
f 436 598 588
f 436 595 597
f 436 607 595
f 436 597 598
f 439 438 437
f 437 438 455
f 437 913 439
f 455 911 437
f 437 911 913
f 439 440 438
f 455 438 456
f 443 442 441
f 514 443 441
f 443 444 442
f 644 442 444
f 646 442 644
f 443 458 444
f 457 458 443
f 457 443 514
f 644 444 458
f 446 447 445
f 1252 445 447
f 448 447 446
f 446 624 448
f 448 449 447
f 1252 447 449
f 450 449 448
f 448 624 450
f 450 459 449
f 1252 449 459
f 460 459 450
f 450 624 460
f 452 453 451
f 452 451 472
f 1252 451 453
f 472 451 471
f 1252 471 451
f 454 453 452
f 452 624 454
f 472 624 452
f 454 615 605
f 454 613 615
f 454 626 613
f 454 624 626
f 455 456 474
f 455 474 473
f 473 962 455
f 455 962 911
f 475 458 457
f 475 457 514
f 475 476 458
f 642 458 476
f 644 458 642
f 460 461 459
f 459 461 1252
f 462 461 460
f 460 624 462
f 462 463 461
f 1252 461 463
f 464 463 462
f 462 624 464
f 464 465 463
f 1252 463 465
f 466 465 464
f 464 624 466
f 466 467 465
f 1252 465 467
f 468 467 466
f 466 624 468
f 468 469 467
f 467 469 1252
f 470 469 468
f 468 624 470
f 470 471 469
f 1252 469 471
f 472 471 470
f 470 624 472
f 473 474 479
f 473 479 478
f 478 960 473
f 473 960 962
f 475 481 476
f 480 481 475
f 514 480 475
f 631 476 481
f 632 476 631
f 642 476 632
f 478 479 477
f 477 958 478
f 477 479 485
f 477 485 484
f 484 958 477
f 478 958 960
f 480 483 481
f 482 483 480
f 482 480 514
f 631 481 483
f 491 483 482
f 514 491 482
f 491 492 483
f 629 483 492
f 631 483 629
f 484 485 493
f 493 986 484
f 484 988 958
f 484 986 988
f 493 485 494
f 486 487 488
f 499 487 486
f 488 487 490
f 499 500 487
f 488 490 489
f 503 492 491
f 514 503 491
f 503 504 492
f 620 492 504
f 627 492 620
f 629 492 627
f 493 494 509
f 509 984 493
f 493 984 986
f 509 494 508
f 495 496 497
f 495 514 496
f 513 514 495
f 497 496 502
f 497 502 498
f 498 500 499
f 498 501 500
f 498 502 501
f 503 506 504
f 505 506 503
f 514 505 503
f 618 504 506
f 620 504 618
f 505 517 506
f 516 505 514
f 516 517 505
f 618 506 517
f 509 508 507
f 507 508 520
f 507 984 509
f 507 520 519
f 519 1014 507
f 507 1014 984
f 514 512 510
f 514 510 523
f 514 513 512
f 514 525 516
f 514 523 521
f 521 533 514
f 514 527 525
f 514 536 527
f 514 533 531
f 514 531 544
f 546 536 514
f 514 544 542
f 514 542 552
f 514 556 546
f 514 552 554
f 554 789 514
f 514 557 556
f 569 557 514
f 514 571 569
f 514 575 571
f 577 575 514
f 583 577 514
f 514 585 583
f 514 591 585
f 593 591 514
f 514 599 593
f 514 600 599
f 805 600 514
f 514 789 791
f 791 805 514
f 516 526 517
f 525 526 516
f 611 517 526
f 618 517 611
f 519 520 518
f 519 518 529
f 529 518 530
f 529 1012 519
f 519 1012 1014
f 525 528 526
f 527 528 525
f 611 526 528
f 536 528 527
f 536 537 528
f 609 528 537
f 611 528 609
f 529 530 541
f 529 541 540
f 540 1036 529
f 529 1038 1012
f 529 1036 1038
f 639 532 534
f 639 545 532
f 640 534 535
f 639 534 640
f 536 547 537
f 546 547 536
f 601 537 547
f 603 537 601
f 609 537 603
f 540 539 538
f 538 539 548
f 538 1036 540
f 548 1053 538
f 538 1034 1036
f 538 1053 1034
f 540 541 539
f 548 539 549
f 639 543 545
f 639 555 543
f 556 547 546
f 556 558 547
f 594 547 558
f 601 547 594
f 548 549 559
f 559 1051 548
f 548 1051 1053
f 559 549 560
f 554 550 551
f 551 550 561
f 554 553 550
f 551 561 568
f 554 552 553
f 554 555 639
f 639 797 554
f 781 783 554
f 554 803 781
f 554 783 785
f 554 785 787
f 787 789 554
f 554 797 799
f 554 799 801
f 801 803 554
f 557 558 556
f 569 558 557
f 569 570 558
f 586 558 570
f 592 558 586
f 594 558 592
f 559 560 573
f 573 1067 559
f 559 1069 1051
f 559 1067 1069
f 573 560 574
f 568 561 562
f 564 562 563
f 565 562 564
f 566 562 565
f 567 562 566
f 568 562 567
f 571 570 569
f 571 572 570
f 586 570 572
f 571 576 572
f 575 576 571
f 584 572 576
f 586 572 584
f 573 574 582
f 573 582 581
f 581 1081 573
f 573 1083 1067
f 573 1081 1083
f 577 576 575
f 577 578 576
f 584 576 578
f 577 584 578
f 583 584 577
f 581 580 579
f 579 580 590
f 579 1081 581
f 579 590 589
f 589 1095 579
f 1081 579 1097
f 579 1095 1097
f 581 582 580
f 583 586 584
f 585 586 583
f 585 592 586
f 591 592 585
f 589 588 587
f 587 588 598
f 587 1095 589
f 587 598 596
f 596 1111 587
f 587 1113 1095
f 587 1111 1113
f 589 590 588
f 593 592 591
f 593 594 592
f 599 594 593
f 599 601 594
f 596 597 595
f 596 595 606
f 606 595 607
f 596 598 597
f 606 1148 596
f 596 1128 1111
f 596 1126 1128
f 596 1148 1126
f 600 601 599
f 600 603 601
f 602 603 600
f 807 602 600
f 807 600 805
f 602 609 603
f 608 609 602
f 807 608 602
f 606 605 604
f 604 605 615
f 604 1148 606
f 604 615 614
f 614 1176 604
f 604 1176 1148
f 606 607 605
f 610 609 608
f 809 610 608
f 809 608 807
f 610 611 609
f 616 611 610
f 1010 616 610
f 811 610 809
f 813 610 811
f 815 610 813
f 823 610 815
f 825 610 823
f 827 610 825
f 829 610 827
f 839 610 829
f 841 610 839
f 843 610 841
f 861 610 843
f 863 610 861
f 865 610 863
f 907 610 865
f 909 610 907
f 954 610 909
f 956 610 954
f 982 610 956
f 1010 610 982
f 616 618 611
f 614 613 612
f 612 613 625
f 612 1176 614
f 625 1195 612
f 612 1197 1176
f 612 1195 1197
f 614 615 613
f 625 613 626
f 617 618 616
f 617 616 1010
f 619 618 617
f 1010 619 617
f 619 620 618
f 619 627 620
f 628 627 619
f 1010 628 619
f 623 622 621
f 621 622 637
f 621 1236 623
f 637 1256 621
f 621 1256 1236
f 623 624 622
f 637 622 638
f 625 624 623
f 623 1219 625
f 623 1238 1219
f 623 1236 1238
f 625 626 624
f 625 1219 1195
f 628 629 627
f 628 631 629
f 630 631 628
f 1010 630 628
f 630 632 631
f 641 632 630
f 641 630 1010
f 641 642 632
f 635 634 633
f 633 634 655
f 633 1282 635
f 655 1311 633
f 633 1311 1282
f 635 636 634
f 655 634 656
f 635 638 636
f 637 638 635
f 635 1256 637
f 635 1284 1256
f 635 1282 1284
f 640 794 639
f 639 794 793
f 793 795 639
f 639 795 797
f 734 1344 640
f 794 640 1251
f 1139 640 1137
f 1137 640 1163
f 1141 640 1139
f 1143 640 1141
f 1145 640 1143
f 1165 640 1145
f 1159 640 1157
f 1157 640 1186
f 1161 640 1159
f 1163 640 1161
f 1167 640 1165
f 1169 640 1167
f 1171 640 1169
f 1188 640 1171
f 1186 640 1184
f 640 1344 1184
f 1190 640 1188
f 1192 640 1190
f 1210 640 1192
f 1212 640 1210
f 1214 640 1212
f 1231 640 1214
f 1233 640 1231
f 1251 640 1233
f 641 644 642
f 643 644 641
f 643 641 1010
f 645 644 643
f 1010 645 643
f 645 646 644
f 647 646 645
f 1010 647 645
f 647 648 646
f 657 648 647
f 657 647 1010
f 657 658 648
f 651 650 649
f 649 650 683
f 649 1402 651
f 683 1446 649
f 649 1446 1402
f 651 652 650
f 683 650 682
f 653 652 651
f 651 1351 653
f 651 1404 1351
f 651 1402 1404
f 653 654 652
f 653 656 654
f 655 656 653
f 653 1311 655
f 653 1351 1311
f 657 660 658
f 659 660 657
f 1010 659 657
f 661 660 659
f 1010 661 659
f 661 662 660
f 663 662 661
f 1010 663 661
f 663 664 662
f 663 666 664
f 665 666 663
f 665 663 1010
f 667 666 665
f 667 665 1010
f 667 668 666
f 667 670 668
f 669 670 667
f 1010 669 667
f 669 672 670
f 671 672 669
f 1010 671 669
f 671 674 672
f 673 674 671
f 1010 673 671
f 673 676 674
f 675 676 673
f 1010 675 673
f 675 678 676
f 677 678 675
f 1030 677 675
f 1030 675 1010
f 677 680 678
f 679 680 677
f 1030 679 677
f 679 682 680
f 681 682 679
f 1049 681 679
f 1032 679 1030
f 1049 679 1032
f 683 682 681
f 681 1486 683
f 1049 1486 681
f 683 1486 1446
f 738 685 684
f 737 684 698
f 738 684 737
f 738 686 685
f 739 687 686
f 739 686 738
f 740 692 687
f 740 687 739
f 741 689 688
f 741 688 693
f 742 690 689
f 742 689 741
f 743 691 690
f 743 690 742
f 744 699 691
f 744 691 743
f 740 693 692
f 741 693 740
f 747 695 694
f 747 694 702
f 748 698 695
f 748 695 747
f 749 697 696
f 749 696 699
f 750 703 697
f 750 697 749
f 737 698 735
f 735 698 748
f 736 699 744
f 749 699 736
f 753 702 700
f 753 700 707
f 746 701 703
f 754 708 701
f 754 701 746
f 747 702 745
f 745 702 753
f 746 703 750
f 757 707 704
f 757 704 711
f 704 879 711
f 1813 879 704
f 705 758 706
f 752 705 708
f 756 712 705
f 712 820 705
f 758 705 752
f 756 705 758
f 705 820 821
f 706 758 759
f 753 707 751
f 751 707 757
f 752 708 754
f 762 711 709
f 711 879 709
f 762 709 717
f 709 845 717
f 709 881 845
f 709 879 881
f 763 710 712
f 710 820 712
f 763 718 710
f 718 820 710
f 757 711 755
f 755 711 762
f 763 712 756
f 766 713 714
f 713 832 714
f 766 717 713
f 717 845 713
f 713 831 832
f 713 847 831
f 713 845 847
f 767 714 725
f 714 832 725
f 766 714 767
f 768 715 716
f 715 820 716
f 768 726 715
f 726 820 715
f 769 716 718
f 716 820 718
f 768 716 769
f 762 717 760
f 760 717 766
f 761 718 763
f 769 718 761
f 773 719 720
f 719 836 720
f 772 725 719
f 725 832 719
f 772 719 773
f 719 832 835
f 719 835 836
f 773 720 721
f 720 818 721
f 720 817 818
f 720 836 817
f 774 721 729
f 721 818 729
f 773 721 774
f 775 722 723
f 722 820 723
f 775 732 722
f 732 820 722
f 776 723 724
f 723 820 724
f 775 723 776
f 777 724 726
f 724 820 726
f 776 724 777
f 767 725 764
f 764 725 772
f 765 726 768
f 777 726 765
f 779 727 728
f 727 820 728
f 779 730 727
f 730 819 727
f 727 819 820
f 780 728 731
f 728 820 731
f 779 728 780
f 778 729 730
f 729 819 730
f 774 729 770
f 770 729 778
f 729 818 819
f 778 730 779
f 780 731 732
f 731 820 732
f 771 732 775
f 780 732 771
f 734 758 733
f 1343 734 733
f 733 746 750
f 754 746 733
f 733 750 749
f 1438 733 749
f 733 752 754
f 733 758 752
f 1343 733 1390
f 1390 733 1438
f 734 758 759
f 975 758 734
f 1814 975 734
f 1344 734 1343
f 735 736 737
f 735 749 736
f 748 749 735
f 737 736 744
f 737 744 738
f 738 742 739
f 738 743 742
f 738 744 743
f 739 741 740
f 739 742 741
f 747 745 749
f 745 753 749
f 749 748 747
f 749 753 751
f 749 751 757
f 749 757 755
f 755 762 749
f 749 762 760
f 749 760 766
f 749 766 768
f 1676 749 768
f 1438 749 1476
f 1476 749 1514
f 1514 749 1546
f 1546 749 1574
f 1574 749 1602
f 1602 749 1626
f 1626 749 1650
f 1650 749 1676
f 975 756 758
f 975 763 756
f 761 763 974
f 769 761 974
f 974 763 975
f 768 764 765
f 765 764 772
f 768 767 764
f 765 772 777
f 768 766 767
f 768 769 974
f 768 849 851
f 768 894 849
f 768 851 853
f 853 855 768
f 855 857 768
f 857 859 768
f 768 859 895
f 884 886 768
f 768 944 884
f 886 888 768
f 768 888 890
f 768 890 892
f 768 892 894
f 768 895 897
f 768 897 899
f 768 899 901
f 768 901 903
f 768 903 905
f 768 905 946
f 768 940 942
f 768 974 940
f 768 942 944
f 946 948 768
f 948 950 768
f 768 950 952
f 952 976 768
f 768 976 978
f 768 978 980
f 768 980 1004
f 1004 1006 768
f 768 1006 1008
f 768 1008 1026
f 768 1026 1028
f 1028 1046 768
f 768 1046 1048
f 768 1048 1059
f 1059 1061 768
f 768 1061 1075
f 768 1075 1077
f 1077 1089 768
f 1089 1091 768
f 768 1091 1103
f 768 1103 1105
f 1105 1119 768
f 768 1119 1121
f 768 1121 1134
f 1728 768 1134
f 1676 768 1702
f 1702 768 1728
f 770 773 774
f 778 773 770
f 775 773 771
f 771 773 780
f 777 772 773
f 776 773 775
f 777 773 776
f 779 773 778
f 780 773 779
f 781 782 783
f 781 804 782
f 803 804 781
f 783 782 784
f 784 782 1251
f 1251 782 804
f 783 784 785
f 785 784 786
f 1251 786 784
f 785 786 787
f 787 786 788
f 1251 788 786
f 787 788 789
f 789 788 790
f 790 788 1251
f 789 790 791
f 791 790 792
f 1251 792 790
f 791 792 805
f 805 792 806
f 806 792 1251
f 793 794 795
f 795 794 796
f 1251 796 794
f 795 796 797
f 797 796 798
f 798 796 1251
f 797 798 799
f 799 798 800
f 1251 800 798
f 799 800 801
f 801 800 802
f 1251 802 800
f 801 802 803
f 803 802 804
f 804 802 1251
f 805 806 807
f 807 806 808
f 1251 808 806
f 807 808 809
f 809 808 810
f 1251 810 808
f 809 810 811
f 811 810 812
f 812 810 1251
f 811 812 813
f 813 812 814
f 1251 814 812
f 813 814 815
f 815 814 816
f 816 814 1251
f 815 816 823
f 823 816 824
f 1251 824 816
f 1264 818 817
f 1264 817 836
f 1265 819 818
f 1265 818 1264
f 1266 820 819
f 1266 819 1265
f 1267 821 820
f 1267 820 1266
f 1268 822 821
f 1268 821 1267
f 1269 837 822
f 1269 822 1268
f 823 824 825
f 825 824 826
f 1251 826 824
f 825 826 827
f 827 826 828
f 1251 828 826
f 827 828 829
f 829 828 830
f 830 828 1251
f 829 830 839
f 839 830 840
f 1251 840 830
f 1292 832 831
f 1292 831 847
f 1293 835 832
f 1293 832 1292
f 1294 834 833
f 1294 833 838
f 1295 848 834
f 1295 834 1294
f 1261 836 835
f 1261 835 1260
f 1260 835 1293
f 1264 836 1261
f 1262 838 837
f 1262 837 1269
f 1263 838 1262
f 1294 838 1263
f 839 840 841
f 841 840 842
f 1251 842 840
f 841 842 843
f 843 842 844
f 1251 844 842
f 843 844 861
f 861 844 862
f 1251 862 844
f 1317 847 845
f 1317 845 881
f 1318 846 848
f 1318 882 846
f 1292 847 1290
f 1290 847 1317
f 1291 848 1295
f 1318 848 1291
f 849 850 852
f 894 850 849
f 849 852 851
f 850 1675 852
f 894 893 850
f 893 1701 850
f 850 1701 1675
f 851 852 854
f 851 854 853
f 852 1649 854
f 852 1675 1649
f 853 854 856
f 853 856 855
f 854 1625 856
f 854 1649 1625
f 855 856 858
f 855 858 857
f 856 1601 858
f 856 1625 1601
f 857 858 860
f 857 860 859
f 858 1573 860
f 858 1601 1573
f 859 860 896
f 859 896 895
f 860 1573 896
f 861 862 863
f 863 862 864
f 864 862 1251
f 863 864 865
f 865 864 866
f 1251 866 864
f 865 866 907
f 907 866 908
f 908 866 1251
f 868 869 867
f 868 867 922
f 922 867 921
f 870 869 868
f 1455 870 868
f 868 922 1455
f 870 871 869
f 872 871 870
f 872 870 1455
f 872 873 871
f 874 873 872
f 1455 874 872
f 874 875 873
f 876 875 874
f 1455 876 874
f 876 877 875
f 878 877 876
f 1455 878 876
f 878 923 877
f 924 923 878
f 878 1591 924
f 1455 1591 878
f 1373 881 879
f 1373 879 937
f 1813 937 879
f 1374 880 882
f 880 1374 939
f 1317 881 1315
f 1315 881 1373
f 1316 882 1318
f 1374 882 1316
f 884 883 885
f 944 883 884
f 883 1867 885
f 944 945 883
f 945 1867 883
f 884 885 886
f 886 885 887
f 885 1828 887
f 885 1867 1828
f 886 887 888
f 888 887 889
f 887 1789 889
f 887 1828 1789
f 888 889 891
f 888 891 890
f 889 1760 891
f 889 1789 1760
f 890 891 893
f 890 893 892
f 891 1727 893
f 891 1760 1727
f 892 893 894
f 893 1727 1701
f 895 896 898
f 895 898 897
f 896 1545 898
f 896 1573 1545
f 897 898 899
f 899 898 900
f 898 1513 900
f 898 1545 1513
f 899 900 901
f 901 900 902
f 900 1475 902
f 900 1513 1475
f 901 902 903
f 903 902 904
f 902 1435 904
f 902 1437 1435
f 902 1475 1437
f 903 904 905
f 905 904 906
f 904 1389 906
f 904 1435 1389
f 905 906 946
f 946 906 947
f 906 1342 947
f 906 1389 1342
f 907 908 909
f 909 908 910
f 1251 910 908
f 909 910 954
f 954 910 955
f 955 910 1251
f 912 913 911
f 912 911 963
f 963 911 962
f 914 913 912
f 914 912 1455
f 1455 912 963
f 914 915 913
f 916 915 914
f 1455 916 914
f 916 917 915
f 918 917 916
f 1455 918 916
f 918 919 917
f 920 919 918
f 920 918 1455
f 920 921 919
f 922 921 920
f 1455 922 920
f 924 925 923
f 926 925 924
f 924 1565 926
f 924 1591 1565
f 926 927 925
f 928 927 926
f 926 1529 928
f 926 1565 1529
f 928 929 927
f 930 929 928
f 928 1529 930
f 930 931 929
f 932 931 930
f 930 1497 932
f 930 1529 1497
f 932 933 931
f 934 933 932
f 932 1457 934
f 932 1497 1457
f 934 964 933
f 965 964 934
f 934 1417 965
f 934 1419 1417
f 934 1457 1419
f 1422 937 935
f 935 937 1813
f 1422 935 972
f 1813 972 935
f 1423 936 938
f 1814 938 936
f 1423 973 936
f 1814 936 973
f 1373 937 1371
f 1371 937 1422
f 1372 938 939
f 1423 938 1372
f 939 1375 1372
f 939 1374 1375
f 940 941 943
f 974 941 940
f 940 943 942
f 941 1957 943
f 974 975 941
f 975 1976 941
f 941 1976 1957
f 942 943 944
f 944 943 945
f 943 1922 945
f 943 1959 1922
f 943 1957 1959
f 945 1922 1867
f 946 947 949
f 946 949 948
f 947 1342 949
f 948 949 950
f 950 949 951
f 949 1300 951
f 949 1342 1300
f 950 951 953
f 950 953 952
f 951 1273 953
f 951 1298 1273
f 951 1300 1298
f 952 953 977
f 952 977 976
f 953 1273 977
f 954 955 956
f 956 955 957
f 1251 957 955
f 956 957 982
f 982 957 983
f 1251 983 957
f 959 960 958
f 959 958 989
f 989 958 988
f 961 960 959
f 961 959 1455
f 1455 959 989
f 961 962 960
f 963 962 961
f 1455 963 961
f 965 966 964
f 967 966 965
f 965 1370 967
f 965 1417 1370
f 967 968 966
f 969 968 967
f 967 1314 969
f 967 1370 1314
f 969 990 968
f 991 990 969
f 969 1287 991
f 969 1289 1287
f 969 1314 1289
f 1462 972 970
f 1813 970 972
f 1462 970 1000
f 1813 1000 970
f 1463 971 973
f 973 971 1814
f 1463 1003 971
f 1814 971 1003
f 1422 972 1420
f 1420 972 1462
f 1421 973 1423
f 1463 973 1421
f 1427 975 1245
f 1245 975 1814
f 1326 975 1324
f 1324 975 1381
f 1328 975 1326
f 1330 975 1328
f 1332 975 1330
f 1334 975 1332
f 1336 975 1334
f 1338 975 1336
f 1340 975 1338
f 1383 975 1340
f 1381 975 1379
f 1379 975 1429
f 1385 975 1383
f 1387 975 1385
f 1431 975 1387
f 1429 975 1427
f 1431 1997 975
f 1997 1976 975
f 976 977 978
f 978 977 979
f 977 1247 979
f 977 1273 1247
f 978 979 980
f 980 979 981
f 979 1224 981
f 979 1225 1224
f 979 1247 1225
f 980 981 1005
f 980 1005 1004
f 981 1204 1005
f 981 1224 1204
f 982 983 1010
f 1010 983 1011
f 1011 983 1251
f 985 986 984
f 985 984 1015
f 1015 984 1014
f 987 986 985
f 1455 987 985
f 1015 1368 985
f 1368 1413 985
f 985 1413 1415
f 985 1415 1453
f 985 1453 1455
f 987 988 986
f 989 988 987
f 989 987 1455
f 991 992 990
f 993 992 991
f 991 1259 993
f 991 1287 1259
f 993 994 992
f 995 994 993
f 993 1259 995
f 995 1016 994
f 1017 1016 995
f 995 1241 1017
f 995 1243 1241
f 995 1259 1243
f 1501 996 997
f 1813 997 996
f 1500 1001 996
f 996 1001 1813
f 1500 996 1501
f 1501 997 1024
f 1813 1024 997
f 1502 998 999
f 999 998 1814
f 1502 1025 998
f 1814 998 1025
f 1503 999 1002
f 1814 1002 999
f 1502 999 1503
f 1458 1000 1001
f 1001 1000 1813
f 1462 1000 1458
f 1458 1001 1459
f 1459 1001 1500
f 1460 1002 1003
f 1814 1003 1002
f 1503 1002 1460
f 1460 1003 1461
f 1461 1003 1463
f 1004 1005 1007
f 1004 1007 1006
f 1005 1204 1007
f 1006 1007 1009
f 1006 1009 1008
f 1007 1181 1009
f 1007 1204 1181
f 1008 1009 1027
f 1008 1027 1026
f 1009 1181 1027
f 1010 1011 1030
f 1030 1011 1031
f 1031 1011 1251
f 1013 1014 1012
f 1013 1012 1039
f 1039 1012 1038
f 1015 1014 1013
f 1013 1362 1015
f 1039 1362 1013
f 1015 1362 1364
f 1364 1366 1015
f 1366 1368 1015
f 1017 1018 1016
f 1019 1018 1017
f 1017 1222 1019
f 1017 1241 1222
f 1019 1040 1018
f 1041 1040 1019
f 1019 1202 1041
f 1019 1222 1202
f 1531 1020 1021
f 1021 1020 1813
f 1530 1024 1020
f 1020 1024 1813
f 1530 1020 1531
f 1532 1021 1022
f 1813 1022 1021
f 1531 1021 1532
f 1533 1022 1023
f 1814 1023 1022
f 1532 1022 1533
f 1814 1022 1813
f 1534 1023 1025
f 1814 1025 1023
f 1533 1023 1534
f 1501 1024 1498
f 1498 1024 1530
f 1499 1025 1502
f 1535 1025 1499
f 1534 1025 1535
f 1026 1027 1028
f 1028 1027 1029
f 1027 1155 1029
f 1027 1181 1155
f 1028 1029 1047
f 1028 1047 1046
f 1029 1135 1047
f 1029 1153 1135
f 1029 1155 1153
f 1030 1031 1032
f 1032 1031 1033
f 1251 1033 1031
f 1032 1033 1049
f 1049 1033 1050
f 1253 1050 1033
f 1253 1033 1251
f 1035 1036 1034
f 1035 1034 1054
f 1054 1034 1053
f 1037 1036 1035
f 1035 1358 1037
f 1054 1356 1035
f 1035 1356 1358
f 1037 1038 1036
f 1039 1038 1037
f 1037 1360 1039
f 1037 1358 1360
f 1360 1362 1039
f 1041 1042 1040
f 1043 1042 1041
f 1041 1200 1043
f 1041 1202 1200
f 1043 1044 1042
f 1045 1044 1043
f 1043 1179 1045
f 1043 1200 1179
f 1045 1055 1044
f 1056 1055 1045
f 1045 1151 1056
f 1045 1179 1151
f 1046 1047 1048
f 1048 1047 1060
f 1047 1120 1060
f 1047 1135 1120
f 1048 1060 1059
f 1049 1050 1063
f 1063 1522 1049
f 1049 1522 1486
f 1063 1050 1064
f 1253 1064 1050
f 1052 1053 1051
f 1052 1051 1070
f 1070 1051 1069
f 1054 1053 1052
f 1052 1354 1054
f 1070 1354 1052
f 1354 1356 1054
f 1056 1057 1055
f 1058 1057 1056
f 1056 1151 1058
f 1058 1071 1057
f 1072 1071 1058
f 1058 1133 1072
f 1058 1151 1133
f 1059 1060 1061
f 1061 1060 1062
f 1060 1104 1062
f 1060 1106 1104
f 1060 1120 1106
f 1061 1062 1075
f 1075 1062 1076
f 1062 1104 1076
f 1063 1064 1065
f 1065 1584 1063
f 1063 1554 1522
f 1063 1584 1554
f 1065 1064 1066
f 1066 1064 1253
f 1065 1066 1079
f 1079 1610 1065
f 1065 1610 1584
f 1079 1066 1080
f 1253 1080 1066
f 1068 1069 1067
f 1068 1067 1084
f 1084 1067 1083
f 1070 1069 1068
f 1068 1409 1070
f 1084 1407 1068
f 1068 1407 1409
f 1070 1411 1354
f 1070 1409 1411
f 1072 1073 1071
f 1074 1073 1072
f 1072 1131 1074
f 1072 1133 1131
f 1074 1085 1073
f 1086 1085 1074
f 1074 1118 1086
f 1074 1131 1118
f 1075 1076 1078
f 1075 1078 1077
f 1076 1092 1078
f 1076 1104 1092
f 1077 1078 1089
f 1089 1078 1090
f 1078 1092 1090
f 1079 1080 1093
f 1093 1634 1079
f 1079 1634 1610
f 1093 1080 1094
f 1094 1080 1253
f 1082 1083 1081
f 1082 1081 1098
f 1098 1081 1097
f 1084 1083 1082
f 1082 1407 1084
f 1098 1449 1082
f 1451 1407 1082
f 1082 1449 1451
f 1086 1087 1085
f 1088 1087 1086
f 1086 1116 1088
f 1086 1118 1116
f 1088 1099 1087
f 1100 1099 1088
f 1088 1102 1100
f 1088 1116 1102
f 1089 1090 1092
f 1089 1092 1091
f 1091 1092 1104
f 1091 1104 1103
f 1093 1094 1107
f 1107 1684 1093
f 1093 1658 1634
f 1093 1684 1658
f 1107 1094 1108
f 1253 1108 1094
f 1096 1097 1095
f 1096 1095 1114
f 1114 1095 1113
f 1098 1097 1096
f 1096 1449 1098
f 1114 1489 1096
f 1491 1449 1096
f 1096 1489 1491
f 1100 1101 1099
f 1850 1099 1101
f 1102 1101 1100
f 1102 1115 1101
f 1101 1115 1850
f 1116 1115 1102
f 1103 1104 1106
f 1103 1106 1105
f 1105 1106 1119
f 1119 1106 1120
f 1107 1108 1109
f 1109 1710 1107
f 1107 1710 1684
f 1109 1108 1110
f 1110 1108 1253
f 1109 1110 1122
f 1122 1736 1109
f 1109 1736 1710
f 1122 1110 1123
f 1253 1123 1110
f 1112 1113 1111
f 1112 1111 1129
f 1129 1111 1128
f 1114 1113 1112
f 1112 1525 1114
f 1129 1559 1112
f 1112 1559 1525
f 1114 1525 1489
f 1116 1117 1115
f 1850 1115 1117
f 1118 1117 1116
f 1118 1130 1117
f 1117 1130 1850
f 1131 1130 1118
f 1119 1120 1121
f 1121 1120 1135
f 1121 1135 1134
f 1122 1123 1124
f 1124 1769 1122
f 1122 1769 1736
f 1124 1123 1125
f 1125 1123 1253
f 1124 1125 1146
f 1146 1800 1124
f 1124 1800 1769
f 1146 1125 1147
f 1253 1147 1125
f 1127 1128 1126
f 1127 1126 1149
f 1149 1126 1148
f 1129 1128 1127
f 1127 1557 1129
f 1149 1587 1127
f 1127 1587 1557
f 1129 1557 1559
f 1131 1132 1130
f 1850 1130 1132
f 1133 1132 1131
f 1133 1150 1132
f 1850 1132 1150
f 1151 1150 1133
f 1134 1135 1153
f 1134 1153 1152
f 1761 1134 1152
f 1728 1134 1761
f 1137 1136 1139
f 1137 1162 1136
f 1139 1136 1138
f 1163 1162 1137
f 1139 1138 1141
f 1141 1138 1140
f 1141 1140 1143
f 1143 1140 1142
f 1143 1142 1145
f 1145 1142 1144
f 1145 1144 1165
f 1165 1144 1164
f 1146 1147 1172
f 1172 1838 1146
f 1146 1838 1800
f 1172 1147 1173
f 1173 1147 1253
f 1149 1148 1177
f 1177 1148 1176
f 1177 1613 1149
f 1149 1613 1587
f 1151 1178 1150
f 1850 1150 1178
f 1179 1178 1151
f 1152 1153 1155
f 1152 1155 1154
f 1761 1152 1154
f 1154 1155 1180
f 1790 1154 1180
f 1761 1154 1790
f 1180 1155 1181
f 1157 1156 1159
f 1157 1185 1156
f 1159 1156 1158
f 1186 1185 1157
f 1159 1158 1161
f 1161 1158 1160
f 1161 1160 1163
f 1163 1160 1162
f 1165 1164 1167
f 1167 1164 1166
f 1167 1166 1169
f 1169 1166 1168
f 1169 1168 1171
f 1171 1168 1170
f 1171 1170 1188
f 1188 1170 1187
f 1172 1173 1174
f 1174 1882 1172
f 1172 1882 1838
f 1174 1173 1175
f 1253 1175 1173
f 1174 1175 1193
f 1193 1884 1174
f 1174 1884 1882
f 1193 1175 1194
f 1253 1194 1175
f 1177 1176 1198
f 1198 1176 1197
f 1198 1637 1177
f 1177 1637 1613
f 1179 1199 1178
f 1850 1178 1199
f 1200 1199 1179
f 1180 1181 1182
f 1868 1180 1182
f 1790 1180 1830
f 1830 1180 1868
f 1182 1181 1204
f 1182 1204 1203
f 1868 1182 1203
f 1184 1183 1186
f 1184 1207 1183
f 1186 1183 1185
f 1208 1207 1184
f 1344 1208 1184
f 1188 1187 1190
f 1190 1187 1189
f 1190 1189 1192
f 1192 1189 1191
f 1192 1191 1210
f 1210 1191 1209
f 1193 1194 1215
f 1215 1933 1193
f 1193 1933 1884
f 1215 1194 1216
f 1253 1216 1194
f 1196 1197 1195
f 1196 1195 1220
f 1220 1195 1219
f 1198 1197 1196
f 1196 1687 1198
f 1220 1713 1196
f 1196 1713 1687
f 1198 1661 1637
f 1687 1661 1198
f 1200 1201 1199
f 1850 1199 1201
f 1202 1201 1200
f 1202 1221 1201
f 1850 1201 1221
f 1222 1221 1202
f 1203 1204 1223
f 1960 1203 1223
f 1868 1203 1923
f 1923 1203 1925
f 1925 1203 1960
f 1223 1204 1224
f 1206 1205 1208
f 1206 1228 1205
f 1208 1205 1207
f 1206 1208 1344
f 1229 1228 1206
f 1229 1206 1344
f 1210 1209 1212
f 1212 1209 1211
f 1212 1211 1214
f 1214 1211 1213
f 1214 1213 1231
f 1231 1213 1230
f 1215 1216 1217
f 1217 1933 1215
f 1217 1216 1218
f 1253 1218 1216
f 1217 1218 1234
f 1234 1968 1217
f 1217 1968 1933
f 1234 1218 1235
f 1235 1218 1253
f 1220 1219 1239
f 1239 1219 1238
f 1239 1772 1220
f 1739 1713 1220
f 1220 1741 1739
f 1220 1772 1741
f 1222 1240 1221
f 1221 1240 1850
f 1241 1240 1222
f 1223 1224 1225
f 1223 1225 1246
f 1977 1223 1246
f 1960 1223 1977
f 1246 1225 1247
f 1227 1226 1229
f 1227 1248 1226
f 1229 1226 1228
f 1344 1227 1229
f 1249 1248 1227
f 1249 1227 1344
f 1231 1230 1233
f 1233 1230 1232
f 1233 1232 1251
f 1251 1232 1250
f 1234 1235 1254
f 1254 1987 1234
f 1234 1987 1968
f 1253 1255 1235
f 1254 1235 1255
f 1237 1238 1236
f 1237 1236 1257
f 1257 1236 1256
f 1239 1238 1237
f 1237 2311 1239
f 2309 1237 1257
f 2311 1237 2309
f 1239 1803 1772
f 1805 1803 1239
f 1239 1841 1805
f 1239 2311 1841
f 1241 1242 1240
f 1850 1240 1242
f 1243 1242 1241
f 1243 1258 1242
f 1850 1242 1258
f 1259 1258 1243
f 1270 1245 1244
f 1245 1318 1244
f 1294 1270 1244
f 1291 1295 1244
f 1318 1291 1244
f 1295 1294 1244
f 1270 1271 1245
f 1271 2292 1245
f 1316 1318 1245
f 1245 1374 1316
f 1245 1372 1375
f 1245 1423 1372
f 1375 1374 1245
f 1816 1423 1245
f 1427 1245 1469
f 1469 1245 1467
f 1467 1245 1509
f 1509 1245 1507
f 1507 1245 1539
f 1539 1245 1569
f 1569 1245 1597
f 1597 1245 1595
f 1595 1245 1621
f 1621 1245 1645
f 1645 1245 1671
f 1671 1245 1697
f 1697 1245 1723
f 1723 1245 1752
f 1752 1245 1754
f 1754 1245 1783
f 1783 1245 1785
f 1785 1245 1820
f 1814 1816 1245
f 1245 2292 1820
f 1246 1247 1273
f 1246 1273 1272
f 1998 1246 1272
f 1977 1246 1998
f 1249 1274 1248
f 1275 1274 1249
f 1344 1275 1249
f 1251 1250 1253
f 1253 1250 1252
f 1253 1252 1277
f 1277 1252 1276
f 1276 1252 1840
f 1252 1450 1448
f 1252 1448 1490
f 1252 1490 1488
f 1488 1524 1252
f 1252 1524 1558
f 1558 1556 1252
f 1252 1556 1586
f 1586 1612 1252
f 1252 1612 1636
f 1252 1636 1660
f 1252 1660 1686
f 1686 1712 1252
f 1712 1738 1252
f 1252 1738 1740
f 1252 1740 1771
f 1771 1802 1252
f 1252 1802 1804
f 1804 1840 1252
f 1253 1281 1255
f 1277 1932 1253
f 1310 1281 1253
f 1253 1350 1310
f 1399 1350 1253
f 1253 1401 1399
f 1253 1445 1401
f 1253 1485 1445
f 1521 1485 1253
f 1253 1553 1521
f 1583 1553 1253
f 1253 1609 1583
f 1253 1633 1609
f 1657 1633 1253
f 1253 1683 1657
f 1709 1683 1253
f 1253 1735 1709
f 1253 1768 1735
f 1799 1768 1253
f 1253 1837 1799
f 1881 1837 1253
f 1253 1879 1881
f 1253 1932 1879
f 1254 1255 1280
f 1280 2010 1254
f 1254 2010 1987
f 1280 1255 1281
f 1257 1256 1285
f 1285 1256 1284
f 2307 1257 1285
f 2309 1257 2307
f 1259 1286 1258
f 1850 1258 1286
f 1287 1286 1259
f 1260 1263 1261
f 1260 1294 1263
f 1293 1294 1260
f 1261 1263 1262
f 1261 1262 1264
f 1264 1262 1269
f 1264 1268 1265
f 1264 1269 1268
f 1265 1267 1266
f 1265 1268 1267
f 1270 1297 1271
f 1294 1296 1270
f 1296 1297 1270
f 2328 1271 1297
f 2292 1271 2328
f 1272 1273 1298
f 1272 1298 1299
f 2018 1272 1299
f 1998 1272 2000
f 2000 1272 2018
f 1275 1303 1274
f 1304 1303 1275
f 1304 1275 1344
f 1277 1276 1279
f 1279 1276 1278
f 1840 1278 1276
f 1279 1932 1277
f 1279 1278 1306
f 1306 1278 1305
f 1840 1305 1278
f 1306 1932 1279
f 1280 1281 1309
f 1309 2030 1280
f 1280 2028 2010
f 1280 2030 2028
f 1309 1281 1310
f 1283 1284 1282
f 1283 1282 1312
f 1312 1282 1311
f 1285 1284 1283
f 2348 1285 1283
f 2346 1283 1312
f 2348 1283 2346
f 2307 1285 2348
f 1287 1288 1286
f 1286 1288 1850
f 1289 1288 1287
f 1289 1313 1288
f 1850 1288 1313
f 1314 1313 1289
f 1294 1292 1290
f 1294 1290 1317
f 1294 1293 1292
f 1294 1321 1296
f 1294 1317 1315
f 1294 1315 1373
f 1294 1319 1321
f 1376 1319 1294
f 1373 1371 1294
f 1294 1371 1422
f 1424 1376 1294
f 1294 1422 1420
f 1294 1420 1462
f 1460 1424 1294
f 1294 1458 1460
f 1294 1462 1458
f 1321 1297 1296
f 1321 1322 1297
f 2326 1297 1322
f 2328 1297 2326
f 1299 1298 1300
f 1299 1300 1342
f 1299 1342 1341
f 2041 1299 1341
f 2018 1299 2041
f 1302 1301 1304
f 1302 1345 1301
f 1304 1301 1303
f 1344 1302 1304
f 1344 1346 1302
f 1346 1345 1302
f 1306 1305 1308
f 1308 1305 1307
f 1840 1307 1305
f 1308 1932 1306
f 1308 1307 1348
f 1348 1307 1347
f 1347 1307 1840
f 1348 1932 1308
f 1309 1310 1349
f 1349 2030 1309
f 1349 1310 1350
f 1312 1311 1352
f 1352 1311 1351
f 2344 1312 1352
f 2346 1312 2344
f 1314 1369 1313
f 1313 1369 1850
f 1370 1369 1314
f 1319 1320 1321
f 1319 1377 1320
f 1376 1377 1319
f 1321 1320 1322
f 2326 1322 1320
f 2324 1320 1377
f 2326 1320 2324
f 1324 1323 1326
f 1324 1380 1323
f 1326 1323 1325
f 1813 1325 1323
f 1813 1323 1380
f 1381 1380 1324
f 1326 1325 1328
f 1328 1325 1327
f 1328 1327 1330
f 1330 1327 1329
f 1330 1329 1332
f 1332 1329 1331
f 1332 1331 1334
f 1334 1331 1333
f 1334 1333 1336
f 1336 1333 1335
f 1336 1335 1338
f 1338 1335 1337
f 1338 1337 1340
f 1340 1337 1339
f 1340 1339 1383
f 1383 1339 1382
f 1341 1342 1388
f 2066 1341 1388
f 2041 1341 2043
f 2043 1341 2066
f 1388 1342 1389
f 1343 1391 1344
f 1390 1391 1343
f 1393 1346 1344
f 1391 2003 1344
f 1344 1441 1393
f 1344 1479 1441
f 1517 1479 1344
f 1344 1549 1517
f 1344 1579 1549
f 1344 1577 1579
f 1344 1605 1577
f 1344 1629 1605
f 1653 1629 1344
f 1344 1679 1653
f 1344 1705 1679
f 1344 1731 1705
f 1344 1764 1731
f 1793 1764 1344
f 1795 1793 1344
f 1344 1833 1795
f 1344 1871 1833
f 1344 1873 1871
f 1928 1873 1344
f 1344 1963 1928
f 1965 1963 1344
f 1980 1965 1344
f 1982 1980 1344
f 1344 2003 1982
f 1346 1392 1345
f 1393 1392 1346
f 1348 1347 1395
f 1395 1347 1394
f 1840 1394 1347
f 1395 1932 1348
f 1349 1350 1398
f 1398 2055 1349
f 1349 2055 2030
f 1398 1350 1399
f 1352 1351 1405
f 1405 1351 1404
f 2342 1352 1405
f 2344 1352 2342
f 1354 1353 1356
f 1354 1410 1353
f 1356 1353 1355
f 1411 1410 1354
f 1356 1355 1358
f 1358 1355 1357
f 1358 1357 1360
f 1360 1357 1359
f 1360 1359 1362
f 1362 1359 1361
f 1362 1361 1364
f 1364 1361 1363
f 1364 1363 1366
f 1366 1363 1365
f 1366 1365 1368
f 1368 1365 1367
f 1368 1367 1413
f 1413 1367 1412
f 1370 1416 1369
f 1850 1369 1416
f 1417 1416 1370
f 1424 1377 1376
f 1424 1425 1377
f 2378 1377 1425
f 2324 1377 2322
f 2322 1377 2378
f 1379 1378 1381
f 1379 1428 1378
f 1381 1378 1380
f 1813 1380 1378
f 1813 1378 1428
f 1429 1428 1379
f 1383 1382 1385
f 1385 1382 1384
f 1385 1384 1387
f 1387 1384 1386
f 1387 1386 1431
f 1431 1386 1430
f 1388 1389 1434
f 2092 1388 1434
f 2066 1388 2092
f 1434 1389 1435
f 1390 1439 1391
f 1438 1439 1390
f 2003 1391 1439
f 1393 1440 1392
f 1441 1440 1393
f 1395 1394 1397
f 1397 1394 1396
f 1396 1394 1840
f 1397 1932 1395
f 1397 1396 1443
f 1443 1396 1442
f 1840 1442 1396
f 1443 1932 1397
f 1398 1399 1400
f 1400 2055 1398
f 1400 1399 1401
f 1400 1401 1444
f 1444 2080 1400
f 1400 2080 2055
f 1444 1401 1445
f 1403 1404 1402
f 1403 1402 1447
f 1447 1402 1446
f 1405 1404 1403
f 2342 1405 1403
f 2412 1403 1447
f 2342 1403 2412
f 1407 1406 1409
f 1407 1450 1406
f 1409 1406 1408
f 1451 1450 1407
f 1409 1408 1411
f 1411 1408 1410
f 1413 1412 1415
f 1415 1412 1414
f 1415 1414 1453
f 1453 1414 1452
f 1417 1418 1416
f 1416 1418 1850
f 1419 1418 1417
f 1419 1456 1418
f 1850 1418 1456
f 1457 1456 1419
f 1816 1421 1423
f 1463 1421 1816
f 1464 1425 1424
f 1460 1464 1424
f 1464 1465 1425
f 2376 1425 1465
f 2378 1425 2376
f 1427 1426 1429
f 1427 1468 1426
f 1429 1426 1428
f 1813 1428 1426
f 1813 1426 1468
f 1469 1468 1427
f 1431 1430 1433
f 1433 1430 1432
f 3239 1432 1430
f 1430 1604 1628
f 1430 1628 1652
f 1652 1678 1430
f 1678 1704 1430
f 1430 1704 1730
f 1430 1730 1763
f 1430 1763 1792
f 1430 1792 1794
f 1794 1832 1430
f 1430 1832 1870
f 1430 1870 1872
f 1430 1872 1927
f 1927 1962 1430
f 1430 1962 1964
f 1430 1964 1979
f 1430 1979 1981
f 1430 1981 2002
f 1430 2002 3239
f 1433 2017 1431
f 1431 1995 1997
f 1431 2017 1995
f 1433 1432 1471
f 1471 1432 1470
f 3237 1470 1432
f 3237 1432 3239
f 1471 2017 1433
f 1434 1435 1436
f 2094 1434 1436
f 2092 1434 2094
f 1436 1435 1437
f 1436 1437 1475
f 1436 1475 1474
f 2132 1436 1474
f 2094 1436 2132
f 1438 1477 1439
f 1476 1477 1438
f 1439 1477 2003
f 1441 1478 1440
f 1479 1478 1441
f 1443 1442 1481
f 1481 1442 1480
f 1480 1442 1840
f 1481 1932 1443
f 1444 1445 1484
f 1484 2118 1444
f 1444 2118 2080
f 1484 1445 1485
f 1447 1446 1487
f 1487 1446 1486
f 2410 1447 1487
f 2412 1447 2410
f 1449 1448 1451
f 1449 1490 1448
f 1451 1448 1450
f 1491 1490 1449
f 1453 1452 1455
f 1455 1452 1454
f 1455 1454 1493
f 1493 1454 1492
f 1852 1492 1454
f 1493 1591 1455
f 1457 1496 1456
f 1456 1496 1850
f 1497 1496 1457
f 1460 1458 1459
f 1460 1459 1503
f 1503 1459 1500
f 1460 1461 1815
f 1460 1504 1464
f 1460 1536 1504
f 1460 1566 1536
f 1460 1592 1566
f 1618 1592 1460
f 1642 1618 1460
f 1460 1668 1642
f 1460 1694 1668
f 1460 1719 1694
f 1460 1721 1719
f 1460 1749 1721
f 1815 1749 1460
f 1815 1461 1463
f 1815 1463 1816
f 1504 1465 1464
f 1504 1505 1465
f 2374 1465 1505
f 2376 1465 2374
f 1467 1466 1469
f 1467 1508 1466
f 1469 1466 1468
f 1813 1468 1466
f 1466 1508 1813
f 1509 1508 1467
f 1471 1470 1473
f 1473 1470 1472
f 3225 1472 1470
f 3225 1470 3227
f 3227 1470 3237
f 1473 2017 1471
f 1473 1472 1511
f 1511 1472 1510
f 3225 1510 1472
f 1511 2017 1473
f 1474 1475 1512
f 2132 1474 1512
f 1512 1475 1513
f 1476 1515 1477
f 1514 1515 1476
f 2003 1477 1515
f 1479 1516 1478
f 1517 1516 1479
f 1481 1480 1483
f 1483 1480 1482
f 1482 1480 1840
f 1483 1932 1481
f 1483 1482 1519
f 1519 1482 1518
f 1840 1518 1482
f 1519 1932 1483
f 1484 1485 1520
f 1520 2118 1484
f 1520 1485 1521
f 1487 1486 1523
f 1523 1486 1522
f 2408 1487 1523
f 2410 1487 2408
f 1489 1488 1491
f 1489 1524 1488
f 1491 1488 1490
f 1525 1524 1489
f 1493 1492 1495
f 1495 1492 1494
f 1494 1492 1852
f 1495 1591 1493
f 1495 1494 1527
f 1527 1494 1526
f 1852 1526 1494
f 1527 1591 1495
f 1497 1528 1496
f 1850 1496 1528
f 1529 1528 1497
f 1530 1501 1498
f 1502 1501 1499
f 1499 1501 1535
f 1503 1500 1501
f 1503 1501 1502
f 1531 1501 1530
f 1532 1501 1531
f 1533 1501 1532
f 1534 1501 1533
f 1535 1501 1534
f 1536 1505 1504
f 1536 1537 1505
f 2372 1505 1537
f 2374 1505 2372
f 1507 1506 1509
f 1507 1538 1506
f 1509 1506 1508
f 1813 1508 1506
f 1813 1506 1538
f 1539 1538 1507
f 1511 1510 1541
f 1541 1510 1540
f 3223 1540 1510
f 3223 1510 3225
f 1541 2017 1511
f 1512 1513 1544
f 2144 1512 1544
f 2132 1512 2144
f 1544 1513 1545
f 1514 1547 1515
f 1546 1547 1514
f 2003 1515 1547
f 1517 1548 1516
f 1549 1548 1517
f 1519 1518 1551
f 1551 1518 1550
f 1840 1550 1518
f 1551 1932 1519
f 1520 1521 1552
f 1552 2134 1520
f 1520 2120 2118
f 1520 2134 2120
f 1552 1521 1553
f 1523 1522 1555
f 1555 1522 1554
f 2406 1523 1555
f 2408 1523 2406
f 1525 1558 1524
f 1559 1558 1525
f 1527 1526 1561
f 1561 1526 1560
f 1852 1560 1526
f 1561 1591 1527
f 1529 1564 1528
f 1850 1528 1564
f 1565 1564 1529
f 1566 1537 1536
f 1566 1567 1537
f 2370 1537 1567
f 2372 1537 2370
f 1539 1568 1538
f 1813 1538 1568
f 1569 1568 1539
f 1541 1540 1543
f 1543 1540 1542
f 3211 1542 1540
f 3211 1540 3223
f 1543 2017 1541
f 1543 1542 1571
f 1571 1542 1570
f 3209 1570 1542
f 3209 1542 3211
f 1571 2017 1543
f 1544 1545 1573
f 1544 1573 1572
f 2161 1544 1572
f 2144 1544 2161
f 1546 1575 1547
f 1574 1575 1546
f 2003 1547 1575
f 1549 1578 1548
f 1579 1578 1549
f 1551 1550 1581
f 1581 1550 1580
f 1840 1580 1550
f 1581 1932 1551
f 1552 1553 1582
f 1582 2134 1552
f 1582 1553 1583
f 1555 1554 1585
f 1585 1554 1584
f 2404 1555 1585
f 2406 1555 2404
f 1557 1556 1559
f 1557 1586 1556
f 1559 1556 1558
f 1587 1586 1557
f 1561 1560 1563
f 1563 1560 1562
f 1852 1562 1560
f 1563 1591 1561
f 1563 1562 1589
f 1589 1562 1588
f 1588 1562 1852
f 1589 1591 1563
f 1565 1590 1564
f 1850 1564 1590
f 1591 1590 1565
f 1592 1567 1566
f 1592 1593 1567
f 2368 1567 1593
f 2370 1567 2368
f 1569 1596 1568
f 1568 1596 1813
f 1597 1596 1569
f 1571 1570 1599
f 1599 1570 1598
f 3207 1598 1570
f 3207 1570 3209
f 1599 2017 1571
f 1572 1573 1600
f 2161 1572 1600
f 1600 1573 1601
f 1574 1603 1575
f 1602 1603 1574
f 2003 1575 1603
f 1577 1576 1579
f 1577 1604 1576
f 1579 1576 1578
f 1605 1604 1577
f 1581 1580 1607
f 1607 1580 1606
f 1606 1580 1840
f 1607 1932 1581
f 1582 1583 1608
f 1608 2146 1582
f 1582 2146 2134
f 1608 1583 1609
f 1585 1584 1611
f 1611 1584 1610
f 2402 1585 1611
f 2404 1585 2402
f 1587 1612 1586
f 1613 1612 1587
f 1589 1588 1615
f 1615 1588 1614
f 1852 1614 1588
f 1615 1591 1589
f 1591 1616 1590
f 1590 1616 1850
f 1639 1591 1615
f 1617 1616 1591
f 1639 1617 1591
f 1592 1619 1593
f 1618 1619 1592
f 2366 1593 1619
f 2368 1593 2366
f 1595 1594 1597
f 1595 1620 1594
f 1597 1594 1596
f 1813 1596 1594
f 1813 1594 1620
f 1621 1620 1595
f 1599 1598 1623
f 1623 1598 1622
f 3205 1622 1598
f 3205 1598 3207
f 1623 2017 1599
f 1600 1601 1625
f 1600 1625 1624
f 2179 1600 1624
f 2161 1600 2179
f 1602 1627 1603
f 1626 1627 1602
f 1603 1627 2003
f 1605 1628 1604
f 1629 1628 1605
f 1607 1606 1631
f 1631 1606 1630
f 1630 1606 1840
f 1631 1932 1607
f 1608 1609 1632
f 1632 2148 1608
f 1608 2148 2146
f 1632 1609 1633
f 1611 1610 1635
f 1635 1610 1634
f 2400 1611 1635
f 2402 1611 2400
f 1613 1636 1612
f 1637 1636 1613
f 1615 1614 1639
f 1639 1614 1638
f 1852 1638 1614
f 1617 1640 1616
f 1850 1616 1640
f 1639 1641 1617
f 1641 1640 1617
f 1642 1619 1618
f 1642 1643 1619
f 2364 1619 1643
f 2366 1619 2364
f 1621 1644 1620
f 1813 1620 1644
f 1645 1644 1621
f 1623 1622 1647
f 1647 1622 1646
f 3203 1646 1622
f 3203 1622 3205
f 1647 2017 1623
f 1624 1625 1649
f 1624 1649 1648
f 2197 1624 1648
f 2179 1624 2197
f 1626 1651 1627
f 1650 1651 1626
f 2003 1627 1651
f 1629 1652 1628
f 1653 1652 1629
f 1631 1630 1655
f 1655 1630 1654
f 1840 1654 1630
f 1655 1932 1631
f 1632 1633 1656
f 1656 2163 1632
f 1632 2163 2148
f 1656 1633 1657
f 1635 1634 1659
f 1659 1634 1658
f 2398 1635 1659
f 2400 1635 2398
f 1637 1660 1636
f 1661 1660 1637
f 1639 1638 1663
f 1663 1638 1662
f 1852 1662 1638
f 1639 1667 1641
f 1663 1667 1639
f 1641 1666 1640
f 1850 1640 1666
f 1667 1666 1641
f 1642 1669 1643
f 1668 1669 1642
f 2362 1643 1669
f 2364 1643 2362
f 1645 1670 1644
f 1813 1644 1670
f 1671 1670 1645
f 1647 1646 1673
f 1673 1646 1672
f 3201 1672 1646
f 3201 1646 3203
f 1673 2017 1647
f 1648 1649 1675
f 1648 1675 1674
f 2197 1648 1674
f 1650 1677 1651
f 1676 1677 1650
f 2003 1651 1677
f 1653 1678 1652
f 1679 1678 1653
f 1655 1654 1681
f 1681 1654 1680
f 1840 1680 1654
f 1681 1932 1655
f 1656 1657 1682
f 1682 2165 1656
f 1656 2165 2163
f 1682 1657 1683
f 1659 1658 1685
f 1685 1658 1684
f 2396 1659 1685
f 2398 1659 2396
f 1661 1686 1660
f 1687 1686 1661
f 1663 1662 1689
f 1689 1662 1688
f 1688 1662 1852
f 1663 1665 1667
f 1663 1691 1665
f 1689 1747 1663
f 1663 1717 1691
f 1663 1747 1717
f 1665 1664 1667
f 1665 1690 1664
f 1667 1664 1666
f 1850 1666 1664
f 1664 1690 1850
f 1691 1690 1665
f 1668 1695 1669
f 1694 1695 1668
f 2360 1669 1695
f 2362 1669 2360
f 1671 1696 1670
f 1670 1696 1813
f 1697 1696 1671
f 1673 1672 1699
f 1699 1672 1698
f 3199 1698 1672
f 3199 1672 3201
f 1699 2017 1673
f 1674 1675 1701
f 1674 1701 1700
f 1674 1700 2197
f 1676 1703 1677
f 1702 1703 1676
f 2003 1677 1703
f 1679 1704 1678
f 1705 1704 1679
f 1681 1680 1707
f 1707 1680 1706
f 1840 1706 1680
f 1707 1932 1681
f 1682 1683 1708
f 1708 2165 1682
f 1708 1683 1709
f 1685 1684 1711
f 1711 1684 1710
f 2394 1685 1711
f 2396 1685 2394
f 1687 1712 1686
f 1713 1712 1687
f 1689 1688 1715
f 1715 1688 1714
f 1852 1714 1688
f 1715 1901 1689
f 1689 1776 1747
f 1689 1811 1776
f 1689 1849 1811
f 1689 1901 1849
f 1691 1716 1690
f 1850 1690 1716
f 1717 1716 1691
f 1692 1779 1693
f 1693 2259 1692
f 1778 1779 1692
f 2258 1853 1692
f 1692 2259 2258
f 1718 2312 1693
f 1693 2779 1718
f 1779 2782 1693
f 1693 2312 2259
f 2755 2756 1693
f 2782 2755 1693
f 1693 2756 2757
f 1693 2757 2758
f 1693 2758 2759
f 2759 2760 1693
f 2760 2783 1693
f 1693 2777 2778
f 2784 2777 1693
f 2778 2779 1693
f 1693 2783 2784
f 1719 1695 1694
f 1719 1720 1695
f 2358 1695 1720
f 2360 1695 2358
f 1697 1722 1696
f 1696 1722 1813
f 1723 1722 1697
f 1699 1698 1725
f 1725 1698 1724
f 3197 1724 1698
f 3197 1698 3199
f 1725 2017 1699
f 1700 1701 1727
f 1700 1727 1726
f 1700 1726 2213
f 2197 1700 2213
f 1702 1729 1703
f 1728 1729 1702
f 2003 1703 1729
f 1705 1730 1704
f 1731 1730 1705
f 1707 1706 1733
f 1733 1706 1732
f 1732 1706 1840
f 1733 1932 1707
f 1708 1709 1734
f 2181 1708 1734
f 2165 1708 2181
f 1734 1709 1735
f 1711 1710 1737
f 1737 1710 1736
f 2392 1711 1737
f 2394 1711 2392
f 1713 1738 1712
f 1739 1738 1713
f 1715 1714 1745
f 1745 1714 1744
f 1852 1744 1714
f 1745 1971 1715
f 1715 1899 1901
f 1715 1952 1899
f 1715 1971 1952
f 1717 1746 1716
f 1850 1716 1746
f 1747 1746 1717
f 1748 2349 1718
f 1718 2779 1748
f 1718 2349 2312
f 1721 1720 1719
f 1721 1750 1720
f 2356 1720 1750
f 2358 1720 2356
f 1749 1750 1721
f 1723 1751 1722
f 1813 1722 1751
f 1752 1751 1723
f 1725 1724 1758
f 1758 1724 1757
f 3219 1757 1724
f 3221 1724 3197
f 3219 1724 3221
f 1758 2017 1725
f 1726 1727 1760
f 1726 1760 1759
f 1726 1759 2213
f 1728 1762 1729
f 1761 1762 1728
f 1729 1762 2003
f 1731 1763 1730
f 1764 1763 1731
f 1733 1732 1766
f 1766 1732 1765
f 1765 1732 1840
f 1766 1932 1733
f 1734 1735 1767
f 2835 1734 1767
f 2181 1734 2835
f 1767 1735 1768
f 1737 1736 1770
f 1770 1736 1769
f 2390 1737 1770
f 2392 1737 2390
f 1739 1740 1738
f 1741 1740 1739
f 1741 1771 1740
f 1772 1771 1741
f 1743 1744 1742
f 1743 1742 1774
f 1852 1742 1744
f 1774 1742 1773
f 1852 1773 1742
f 1745 1744 1743
f 1743 2013 1745
f 1774 2058 1743
f 1743 2035 2013
f 1743 2033 2035
f 1743 2058 2033
f 1745 1990 1971
f 1745 2013 1990
f 1747 1775 1746
f 1746 1775 1850
f 1776 1775 1747
f 1777 2413 1748
f 1748 2779 1777
f 1748 2413 2349
f 1749 1781 1750
f 1780 1781 1749
f 1815 1780 1749
f 2354 1750 1781
f 2356 1750 2354
f 1752 1753 1751
f 1813 1751 1753
f 1754 1753 1752
f 1754 1782 1753
f 1753 1782 1813
f 1783 1782 1754
f 1756 1757 1755
f 1756 1755 1787
f 3217 1755 1757
f 1787 1755 1786
f 3217 1786 1755
f 1758 1757 1756
f 1756 2089 1758
f 1787 2131 1756
f 1756 2131 2089
f 3217 1757 3219
f 1758 2040 2017
f 1758 2065 2040
f 1758 2091 2065
f 1758 2089 2091
f 1759 1760 1789
f 1759 1789 1788
f 2233 1759 1788
f 2213 1759 2231
f 2231 1759 2233
f 1761 1791 1762
f 1790 1791 1761
f 2003 1762 1791
f 1764 1792 1763
f 1793 1792 1764
f 1766 1765 1797
f 1797 1765 1796
f 1840 1796 1765
f 1797 1932 1766
f 1767 1768 1798
f 1798 2835 1767
f 1798 1768 1799
f 1770 1769 1801
f 1801 1769 1800
f 2388 1770 1801
f 2390 1770 2388
f 1772 1802 1771
f 1803 1802 1772
f 1774 1773 1809
f 1809 1773 1808
f 1852 1808 1773
f 1809 2137 1774
f 1774 2085 2058
f 1774 2083 2085
f 1774 2125 2083
f 1774 2123 2125
f 1774 2137 2123
f 1776 1810 1775
f 1850 1775 1810
f 1811 1810 1776
f 1812 2420 1777
f 1777 2779 1812
f 1777 2420 2413
f 1851 1779 1778
f 1778 1850 1851
f 1779 1851 2754
f 2754 2849 1779
f 1779 2773 2774
f 1779 2809 2773
f 1779 2774 2775
f 2775 2776 1779
f 1779 2776 2781
f 1779 2781 2782
f 1779 2803 2804
f 2833 2803 1779
f 2804 2805 1779
f 1779 2805 2809
f 1779 2829 2830
f 1779 2849 2829
f 1779 2830 2833
f 1780 1818 1781
f 1815 1817 1780
f 1817 1818 1780
f 2352 1781 1818
f 2354 1781 2352
f 1783 1784 1782
f 1813 1782 1784
f 1785 1784 1783
f 1785 1819 1784
f 1784 1819 1813
f 1820 1819 1785
f 1787 1786 1826
f 1826 1786 1825
f 3233 1825 1786
f 3235 1786 3217
f 3233 1786 3235
f 1826 2176 1787
f 1787 2129 2131
f 1787 2143 2129
f 1787 2160 2143
f 1787 2159 2160
f 1787 2178 2159
f 1787 2176 2178
f 1788 1789 1829
f 1788 1829 2925
f 1788 2925 2233
f 1829 1789 1828
f 1790 1831 1791
f 1830 1831 1790
f 2003 1791 1831
f 1793 1794 1792
f 1795 1794 1793
f 1795 1832 1794
f 1833 1832 1795
f 1797 1796 1835
f 1835 1796 1834
f 1840 1834 1796
f 1835 1932 1797
f 1798 1799 1836
f 1836 2835 1798
f 1836 1799 1837
f 1801 1800 1839
f 1839 1800 1838
f 2386 1801 1839
f 2388 1801 2386
f 1803 1804 1802
f 1805 1804 1803
f 1805 1840 1804
f 1841 1840 1805
f 1807 1808 1806
f 1807 1806 1847
f 1806 1808 1852
f 1847 1806 1846
f 1852 1846 1806
f 1809 1808 1807
f 1807 2153 1809
f 1847 2186 1807
f 1807 2151 2153
f 1807 2170 2151
f 1807 2168 2170
f 1807 2188 2168
f 1807 2186 2188
f 1809 2153 2137
f 1811 1848 1810
f 1850 1810 1848
f 1849 1848 1811
f 1902 2429 1812
f 1812 2780 1902
f 1812 2429 2420
f 1812 2779 2780
f 1813 3859 1814
f 1813 1819 3375
f 1813 3375 3859
f 1814 3841 1816
f 3860 3841 1814
f 1814 3859 3860
f 1816 3838 1815
f 1815 1854 1817
f 1903 1854 1815
f 1954 1903 1815
f 1815 1973 1954
f 1815 1992 1973
f 1815 2014 1992
f 2037 2014 1815
f 1815 2060 2037
f 2062 2060 1815
f 1815 2086 2062
f 2127 2086 1815
f 1815 2138 2127
f 2140 2138 1815
f 1815 2154 2140
f 1815 2156 2154
f 1815 2171 2156
f 1815 2173 2171
f 1815 2189 2173
f 2191 2189 1815
f 1815 2207 2191
f 1815 2209 2207
f 1815 2223 2209
f 1815 2225 2223
f 2239 2225 1815
f 3493 2239 1815
f 1815 3505 3493
f 3507 3505 1815
f 1815 3521 3507
f 3843 3521 1815
f 1815 3838 3843
f 3841 3838 1816
f 1854 1818 1817
f 1854 1855 1818
f 2320 1818 1855
f 2352 1818 2320
f 1820 1821 1819
f 3363 1819 1821
f 3375 1819 3363
f 1822 1821 1820
f 1820 2267 1822
f 2294 2267 1820
f 1820 2292 2294
f 1822 1856 1821
f 3361 1821 1856
f 3363 1821 3361
f 1857 1856 1822
f 1822 2267 1857
f 1824 1825 1823
f 1824 1823 1865
f 3245 1823 1825
f 1865 1823 1864
f 3245 1864 1823
f 1826 1825 1824
f 1824 2230 1826
f 1865 2228 1824
f 1824 2228 2230
f 3247 1825 3233
f 3245 1825 3247
f 1826 2196 2176
f 1826 2194 2196
f 1826 2212 2194
f 1826 2230 2212
f 1829 1828 1827
f 1827 1828 1866
f 2923 1829 1827
f 2921 1827 1866
f 2923 1827 2921
f 1866 1828 1867
f 2925 1829 2923
f 1830 1869 1831
f 1868 1869 1830
f 2003 1831 1869
f 1833 1870 1832
f 1871 1870 1833
f 1835 1834 1877
f 1876 1834 1840
f 1877 1834 1876
f 1877 1932 1835
f 1836 1837 1880
f 1880 2835 1836
f 1880 1837 1881
f 1839 1838 1883
f 1883 1838 1882
f 2340 1839 1883
f 2386 1839 2340
f 1841 1842 1840
f 1842 1983 1840
f 1840 1874 1876
f 1840 1929 1874
f 1840 1966 1929
f 1840 1985 1966
f 1840 1983 1985
f 1843 1842 1841
f 2311 1843 1841
f 1843 1886 1842
f 1886 3249 1842
f 1842 2008 1983
f 3249 2008 1842
f 1887 1886 1843
f 2311 1887 1843
f 1845 1846 1844
f 1845 1844 1897
f 1852 1844 1846
f 1852 1896 1844
f 1897 1844 1896
f 1847 1846 1845
f 1845 2206 1847
f 1897 2238 1845
f 1845 2204 2206
f 1845 2222 2204
f 1845 2220 2222
f 1845 2238 2220
f 1847 2206 2186
f 1849 1900 1848
f 1848 1900 1850
f 1901 1900 1849
f 1850 2836 1851
f 1850 1900 1898
f 1850 1898 1951
f 1850 1951 1970
f 1850 1970 1989
f 1989 2012 1850
f 1850 2012 2034
f 2034 2032 1850
f 1850 2032 2057
f 1850 2057 2084
f 1850 2084 2082
f 2082 2124 1850
f 1850 2124 2122
f 2122 2136 1850
f 1850 2136 2152
f 2152 2150 1850
f 1850 2150 2169
f 2169 2167 1850
f 1850 2167 2187
f 2187 2185 1850
f 1850 2185 2205
f 2205 2203 1850
f 1850 2203 2221
f 2221 2219 1850
f 1850 2219 2237
f 1850 2237 2835
f 2835 2836 1850
f 2754 1851 2836
f 2258 1852 1853
f 1852 1892 1894
f 1949 1892 1852
f 1894 1896 1852
f 1947 1949 1852
f 1852 3327 1947
f 3067 1852 2258
f 3067 3463 1852
f 3859 3327 1852
f 3463 3859 1852
f 1903 1855 1854
f 1903 1904 1855
f 2318 1855 1904
f 2320 1855 2318
f 1857 1858 1856
f 3351 1856 1858
f 3361 1856 3351
f 1859 1858 1857
f 1857 2267 1859
f 1859 1860 1858
f 3337 1858 1860
f 3351 1858 3337
f 1861 1860 1859
f 1859 2267 1861
f 1861 1905 1860
f 3337 1860 1905
f 1906 1905 1861
f 1861 2267 1906
f 1863 1864 1862
f 1863 1862 1920
f 3257 1862 1864
f 1920 1862 1919
f 3265 1919 1862
f 3267 1862 3257
f 3265 1862 3267
f 1865 1864 1863
f 1863 2269 1865
f 1920 2267 1863
f 1863 2267 2269
f 3257 1864 3245
f 1865 2247 2228
f 1865 2243 2245
f 1865 2269 2243
f 1865 2245 2247
f 1866 1867 1921
f 2965 1866 1921
f 2921 1866 2967
f 2967 1866 2965
f 1921 1867 1922
f 1868 1924 1869
f 1923 1924 1868
f 2003 1869 1924
f 1871 1872 1870
f 1873 1872 1871
f 1873 1927 1872
f 1928 1927 1873
f 1875 1876 1874
f 1875 1874 1930
f 1930 1874 1929
f 1877 1876 1875
f 1875 1932 1877
f 1930 1932 1875
f 1878 1881 1879
f 1878 1879 1931
f 1880 1881 1878
f 1878 2835 1880
f 1931 2835 1878
f 1931 1879 1932
f 1883 1882 1885
f 1885 1882 1884
f 2340 1883 1885
f 1885 1884 1934
f 1934 1884 1933
f 2338 1885 1934
f 2340 1885 2338
f 1887 1888 1886
f 1888 3251 1886
f 1886 3251 3249
f 1889 1888 1887
f 2311 1889 1887
f 1889 1890 1888
f 1890 3259 1888
f 1888 3259 3251
f 1891 1890 1889
f 1891 1889 2311
f 1891 1935 1890
f 1935 3269 1890
f 1890 3269 3259
f 1936 1935 1891
f 2311 1936 1891
f 1893 1894 1892
f 1893 1892 1950
f 1950 1892 1949
f 1895 1894 1893
f 1893 2279 1895
f 2311 1893 1950
f 2279 1893 2311
f 1895 1896 1894
f 1897 1896 1895
f 1895 2238 1897
f 1895 2257 2238
f 1895 2255 2257
f 1895 2283 2255
f 1895 2279 2281
f 1895 2281 2283
f 1899 1898 1901
f 1899 1951 1898
f 1901 1898 1900
f 1952 1951 1899
f 1953 2442 1902
f 1902 2810 1953
f 1902 2442 2429
f 1902 2780 2810
f 1954 1904 1903
f 1954 1955 1904
f 2316 1904 1955
f 2318 1904 2316
f 1906 1907 1905
f 3325 1905 1907
f 3337 1905 3325
f 1908 1907 1906
f 1906 2267 1908
f 1908 1909 1907
f 3311 1907 1909
f 3325 1907 3311
f 1910 1909 1908
f 1908 2267 1910
f 1910 1911 1909
f 3303 1909 1911
f 3311 1909 3303
f 1912 1911 1910
f 1910 2267 1912
f 1912 1913 1911
f 3295 1911 1913
f 3303 1911 3295
f 1914 1913 1912
f 1912 2267 1914
f 1914 1915 1913
f 3287 1913 1915
f 3295 1913 3287
f 1916 1915 1914
f 1914 2267 1916
f 1916 1917 1915
f 3279 1915 1917
f 3287 1915 3279
f 1918 1917 1916
f 1916 2267 1918
f 1918 1919 1917
f 3265 1917 1919
f 3279 1917 3265
f 1920 1919 1918
f 1918 2267 1920
f 1921 1922 1959
f 1921 1959 1958
f 2963 1921 1958
f 2965 1921 2963
f 1923 1926 1924
f 1925 1926 1923
f 2003 1924 1926
f 1925 1961 1926
f 1960 1961 1925
f 1926 1961 2003
f 1928 1962 1927
f 1963 1962 1928
f 1930 1929 1967
f 1967 1929 1966
f 1967 1932 1930
f 1931 1932 2753
f 2753 2835 1931
f 1986 1932 1967
f 1984 1932 1986
f 2009 1932 1984
f 2009 2441 1932
f 2441 2753 1932
f 1934 1933 1969
f 1969 1933 1968
f 2336 1934 1969
f 2338 1934 2336
f 1936 1937 1935
f 1937 3271 1935
f 1935 3271 3269
f 1938 1937 1936
f 2311 1938 1936
f 1938 1939 1937
f 1939 3281 1937
f 1937 3281 3271
f 1940 1939 1938
f 2311 1940 1938
f 1940 1941 1939
f 1941 3289 1939
f 1939 3289 3281
f 1942 1941 1940
f 1942 1940 2311
f 1942 1943 1941
f 1943 3297 1941
f 1941 3297 3289
f 1944 1943 1942
f 1944 1942 2311
f 1944 1945 1943
f 1945 3313 1943
f 1943 3305 3297
f 1943 3313 3305
f 1946 1945 1944
f 2311 1946 1944
f 1946 1947 1945
f 1947 3327 1945
f 1945 3327 3313
f 1948 1947 1946
f 2311 1948 1946
f 1948 1949 1947
f 1950 1949 1948
f 2311 1950 1948
f 1952 1970 1951
f 1971 1970 1952
f 1972 2475 1953
f 1953 2810 1972
f 1953 2475 2442
f 1954 1974 1955
f 1973 1974 1954
f 2289 1955 1974
f 2314 1955 2289
f 2316 1955 2314
f 1958 1957 1956
f 1956 1957 1975
f 2963 1958 1956
f 2961 1956 1975
f 2963 1956 2961
f 1958 1959 1957
f 1975 1957 1976
f 1960 1978 1961
f 1977 1978 1960
f 2003 1961 1978
f 1963 1964 1962
f 1965 1964 1963
f 1965 1979 1964
f 1980 1979 1965
f 1967 1966 1986
f 1986 1966 1985
f 1969 1968 1988
f 1988 1968 1987
f 2305 1969 1988
f 2334 1969 2305
f 2336 1969 2334
f 1971 1989 1970
f 1990 1989 1971
f 1991 2476 1972
f 1972 2810 1991
f 1972 2476 2475
f 1973 1993 1974
f 1992 1993 1973
f 2287 1974 1993
f 2289 1974 2287
f 1975 1976 1997
f 1975 1997 1996
f 2983 1975 1996
f 2961 1975 2985
f 2985 1975 2983
f 1977 1999 1978
f 1998 1999 1977
f 2003 1978 1999
f 1980 1981 1979
f 1982 1981 1980
f 1982 2002 1981
f 2003 2002 1982
f 1984 1985 1983
f 1984 1983 2009
f 2009 1983 2008
f 1986 1985 1984
f 1988 1987 2011
f 2011 1987 2010
f 2303 1988 2011
f 2305 1988 2303
f 1990 2012 1989
f 2013 2012 1990
f 2036 2477 1991
f 1991 2806 2036
f 1991 2477 2476
f 1991 2810 2806
f 1992 2015 1993
f 2014 2015 1992
f 2285 1993 2015
f 2287 1993 2285
f 1996 1995 1994
f 1994 1995 2016
f 2983 1996 1994
f 2981 1994 2016
f 2983 1994 2981
f 1996 1997 1995
f 2016 1995 2017
f 1998 2001 1999
f 2000 2001 1998
f 2003 1999 2001
f 2000 2019 2001
f 2018 2019 2000
f 2001 2019 2003
f 2003 2004 2002
f 2002 2004 3239
f 2005 2004 2003
f 2003 2249 2005
f 2003 2019 2042
f 2042 2044 2003
f 2003 2044 2067
f 2067 2093 2003
f 2003 2093 2095
f 2003 2095 2133
f 2003 2133 2145
f 2145 2162 2003
f 2003 2162 2180
f 2003 2180 2198
f 2003 2198 2214
f 2214 2232 2003
f 2003 2232 2234
f 2003 2234 2249
f 2005 2020 2004
f 3239 2004 2020
f 2021 2020 2005
f 2005 2273 2021
f 2005 2249 2271
f 2005 2271 2273
f 2007 2008 2006
f 2007 2006 2027
f 3249 2006 2008
f 2027 2006 2026
f 3239 2026 2006
f 2006 3249 3239
f 2009 2008 2007
f 2007 2441 2009
f 2027 2441 2007
f 2011 2010 2029
f 2029 2010 2028
f 2301 2011 2029
f 2303 2011 2301
f 2013 2034 2012
f 2035 2034 2013
f 2037 2015 2014
f 2037 2038 2015
f 2263 2015 2038
f 2265 2015 2263
f 2285 2015 2265
f 2016 2017 2039
f 3003 2016 2039
f 2981 2016 3005
f 3005 2016 3003
f 2039 2017 2040
f 2018 2042 2019
f 2041 2042 2018
f 2021 2022 2020
f 3239 2020 2022
f 2023 2022 2021
f 2021 2297 2023
f 2021 2273 2297
f 2023 2045 2022
f 3239 2022 2045
f 2046 2045 2023
f 2023 2330 2046
f 2023 2297 2299
f 2023 2299 2330
f 2025 2026 2024
f 2025 2024 2054
f 3239 2024 2026
f 2054 2024 2053
f 3239 2053 2024
f 2027 2026 2025
f 2025 2441 2027
f 2054 2441 2025
f 2029 2028 2031
f 2031 2028 2030
f 2277 2029 2031
f 2301 2029 2277
f 2031 2030 2056
f 2056 2030 2055
f 2275 2031 2056
f 2277 2031 2275
f 2033 2032 2035
f 2033 2057 2032
f 2035 2032 2034
f 2058 2057 2033
f 2059 2478 2036
f 2036 2806 2059
f 2036 2478 2477
f 2037 2061 2038
f 2060 2061 2037
f 2261 2038 2061
f 2263 2038 2261
f 2039 2040 2065
f 2039 2065 2064
f 3001 2039 2064
f 3003 2039 3001
f 2041 2044 2042
f 2043 2044 2041
f 2043 2067 2044
f 2066 2067 2043
f 2046 2047 2045
f 2045 2047 3239
f 2048 2047 2046
f 2046 2332 2048
f 2046 2330 2332
f 2048 2049 2047
f 3239 2047 2049
f 2050 2049 2048
f 2048 2384 2050
f 2048 2332 2380
f 2048 2380 2382
f 2048 2382 2384
f 2050 2068 2049
f 2049 2068 3239
f 2069 2068 2050
f 2050 2417 2069
f 2050 2384 2415
f 2050 2415 2417
f 2052 2053 2051
f 2052 2051 2079
f 3239 2051 2053
f 2079 2051 2078
f 3239 2078 2051
f 2054 2053 2052
f 2052 2441 2054
f 2079 2441 2052
f 2056 2055 2081
f 2081 2055 2080
f 2253 2056 2081
f 2275 2056 2253
f 2058 2084 2057
f 2085 2084 2058
f 2059 3847 2478
f 2059 2806 2807
f 2059 2807 2808
f 2059 2808 2834
f 2059 2831 2832
f 2834 2831 2059
f 2832 2850 2059
f 2059 2847 2848
f 2059 2850 2847
f 2848 2864 2059
f 2059 2861 2862
f 2059 2864 2861
f 2059 2862 2878
f 2059 2875 2876
f 2059 2878 2875
f 2876 2890 2059
f 2059 2890 2888
f 2888 2899 2059
f 2059 2900 2896
f 2059 2896 2908
f 2059 2899 2900
f 2059 2908 2906
f 2059 2906 2916
f 2916 2914 2059
f 2059 2914 2956
f 2059 2956 2954
f 2954 2978 2059
f 2059 2978 3827
f 3827 3847 2059
f 2062 2061 2060
f 2062 2063 2061
f 2240 2061 2063
f 2242 2061 2240
f 2261 2061 2242
f 2086 2063 2062
f 2086 2087 2063
f 2240 2063 2087
f 2064 2065 2090
f 3019 2064 2090
f 3001 2064 3021
f 3021 2064 3019
f 2090 2065 2091
f 2066 2093 2067
f 2092 2093 2066
f 2069 2070 2068
f 3239 2068 2070
f 2071 2070 2069
f 2069 2419 2071
f 2069 2417 2419
f 2071 2072 2070
f 2070 2072 3239
f 2073 2072 2071
f 2071 2426 2073
f 2071 2419 2422
f 2071 2422 2424
f 2071 2424 2426
f 2073 2096 2072
f 2072 2096 3239
f 2097 2096 2073
f 2073 2431 2097
f 2073 2426 2431
f 2075 2076 2074
f 2075 2074 2117
f 3239 2074 2076
f 2117 2074 2116
f 3239 2116 2074
f 2077 2076 2075
f 2075 2441 2077
f 2117 2441 2075
f 2077 2078 2076
f 2076 2078 3239
f 2079 2078 2077
f 2077 2441 2079
f 2081 2080 2119
f 2119 2080 2118
f 2251 2081 2119
f 2253 2081 2251
f 2083 2082 2085
f 2083 2124 2082
f 2085 2082 2084
f 2125 2124 2083
f 2086 2126 2087
f 2127 2126 2086
f 2226 2087 2126
f 2240 2087 2226
f 2088 2091 2089
f 2088 2089 2130
f 2090 2091 2088
f 3019 2090 2088
f 3037 2088 2130
f 3019 2088 3037
f 2130 2089 2131
f 2092 2095 2093
f 2094 2095 2092
f 2094 2133 2095
f 2132 2133 2094
f 2097 2098 2096
f 3239 2096 2098
f 2099 2098 2097
f 2097 2433 2099
f 2097 2431 2433
f 2099 2100 2098
f 3239 2098 2100
f 2101 2100 2099
f 2099 2444 2101
f 2099 2433 2435
f 2099 2435 2437
f 2099 2437 2444
f 2101 2102 2100
f 3239 2100 2102
f 2103 2102 2101
f 2101 2448 2103
f 2101 2444 2446
f 2101 2446 2448
f 2103 2104 2102
f 2102 2104 3239
f 2105 2104 2103
f 2103 2452 2105
f 2103 2448 2450
f 2103 2450 2452
f 2105 2106 2104
f 2104 2106 3239
f 2107 2106 2105
f 2105 2456 2107
f 2105 2452 2454
f 2105 2454 2456
f 2107 2108 2106
f 3239 2106 2108
f 2109 2108 2107
f 2107 2460 2109
f 2107 2456 2458
f 2107 2458 2460
f 2109 2110 2108
f 3239 2108 2110
f 2111 2110 2109
f 2109 2464 2111
f 2109 2460 2462
f 2109 2462 2464
f 2111 2112 2110
f 3239 2110 2112
f 2113 2112 2111
f 2111 2468 2113
f 2111 2464 2466
f 2111 2466 2468
f 2113 2114 2112
f 2112 2114 3239
f 2115 2114 2113
f 2113 2472 2115
f 2113 2468 2470
f 2113 2470 2472
f 2115 2116 2114
f 2114 2116 3239
f 2117 2116 2115
f 2115 2441 2117
f 2115 2439 2441
f 2115 2474 2439
f 2115 2472 2474
f 2119 2118 2121
f 2121 2118 2120
f 2236 2119 2121
f 2251 2119 2236
f 2121 2120 2135
f 2135 2120 2134
f 2236 2121 2135
f 2123 2122 2125
f 2123 2136 2122
f 2125 2122 2124
f 2137 2136 2123
f 2127 2128 2126
f 2226 2126 2128
f 2138 2128 2127
f 2138 2139 2128
f 2210 2128 2139
f 2224 2128 2210
f 2226 2128 2224
f 2130 2131 2129
f 2130 2129 2142
f 2142 2129 2143
f 3037 2130 2142
f 2132 2145 2133
f 2144 2145 2132
f 2135 2134 2147
f 2147 2134 2146
f 2218 2135 2147
f 2236 2135 2218
f 2137 2152 2136
f 2153 2152 2137
f 2140 2139 2138
f 2140 2141 2139
f 2208 2139 2141
f 2210 2139 2208
f 2140 2155 2141
f 2154 2155 2140
f 2208 2141 2155
f 2142 2143 2160
f 2142 2160 2158
f 3053 2142 2158
f 3037 2142 3035
f 3035 2142 3055
f 3055 2142 3053
f 2144 2162 2145
f 2161 2162 2144
f 2147 2146 2149
f 2149 2146 2148
f 2218 2147 2149
f 2149 2148 2164
f 2164 2148 2163
f 2216 2149 2164
f 2218 2149 2216
f 2151 2150 2153
f 2151 2169 2150
f 2153 2150 2152
f 2170 2169 2151
f 2156 2155 2154
f 2156 2157 2155
f 2190 2155 2157
f 2192 2155 2190
f 2208 2155 2192
f 2156 2172 2157
f 2171 2172 2156
f 2190 2157 2172
f 2158 2160 2159
f 2158 2159 2177
f 3073 2158 2177
f 3053 2158 3075
f 3075 2158 3073
f 2177 2159 2178
f 2161 2180 2162
f 2179 2180 2161
f 2164 2163 2166
f 2166 2163 2165
f 2202 2164 2166
f 2216 2164 2202
f 2166 2165 2182
f 2182 2165 2181
f 2200 2166 2182
f 2202 2166 2200
f 2168 2167 2170
f 2168 2187 2167
f 2170 2167 2169
f 2188 2187 2168
f 2171 2174 2172
f 2173 2174 2171
f 2190 2172 2174
f 2189 2174 2173
f 2189 2190 2174
f 2175 2178 2176
f 2175 2176 2195
f 2177 2178 2175
f 3073 2177 2175
f 3087 2175 2195
f 3073 2175 3089
f 3089 2175 3087
f 2195 2176 2196
f 2179 2198 2180
f 2197 2198 2179
f 2182 2181 2184
f 2184 2181 2183
f 2835 2183 2181
f 2200 2182 2184
f 2184 2183 2200
f 2200 2183 2199
f 2835 2199 2183
f 2186 2185 2188
f 2186 2205 2185
f 2188 2185 2187
f 2206 2205 2186
f 2189 2192 2190
f 2191 2192 2189
f 2207 2192 2191
f 2207 2208 2192
f 2193 2196 2194
f 2193 2194 2212
f 2195 2196 2193
f 3087 2195 2193
f 2193 2212 2211
f 3101 2193 2211
f 3087 2193 3103
f 3103 2193 3101
f 2197 2214 2198
f 2213 2214 2197
f 2200 2199 2202
f 2202 2199 2201
f 2835 2201 2199
f 2202 2201 2216
f 2216 2201 2215
f 2835 2215 2201
f 2204 2203 2206
f 2204 2221 2203
f 2206 2203 2205
f 2222 2221 2204
f 2209 2208 2207
f 2209 2210 2208
f 2209 2224 2210
f 2223 2224 2209
f 2211 2212 2230
f 2211 2230 2229
f 3115 2211 2229
f 3101 2211 3117
f 3117 2211 3115
f 2213 2232 2214
f 2231 2232 2213
f 2216 2215 2218
f 2218 2215 2217
f 2217 2215 2835
f 2218 2217 2236
f 2236 2217 2235
f 2235 2217 2835
f 2220 2219 2222
f 2220 2237 2219
f 2222 2219 2221
f 2238 2237 2220
f 2225 2224 2223
f 2225 2226 2224
f 2239 2226 2225
f 2239 2240 2226
f 2229 2228 2227
f 2227 2228 2246
f 3131 2229 2227
f 3145 2227 2246
f 3131 2227 3129
f 3129 2227 3145
f 2229 2230 2228
f 2246 2228 2247
f 3115 2229 3131
f 2231 2234 2232
f 2233 2234 2231
f 2233 2249 2234
f 2248 2249 2233
f 2233 2927 2248
f 2233 2925 2927
f 2236 2235 2251
f 2251 2235 2250
f 2250 2235 2835
f 2238 2256 2237
f 2237 2256 2835
f 2257 2256 2238
f 2241 2240 2239
f 3481 2241 2239
f 3481 2239 3493
f 2241 2242 2240
f 2241 2261 2242
f 2260 2261 2241
f 3479 2260 2241
f 3479 2241 3481
f 2244 2245 2243
f 2244 2243 2268
f 2268 2243 2269
f 2244 2247 2245
f 2246 2247 2244
f 3145 2246 2244
f 3161 2244 2268
f 3145 2244 3163
f 3163 2244 3161
f 2248 2271 2249
f 2270 2271 2248
f 2931 2270 2248
f 2248 2927 2929
f 2931 2248 2929
f 2251 2250 2253
f 2253 2250 2252
f 2835 2252 2250
f 2253 2252 2275
f 2275 2252 2274
f 2835 2274 2252
f 2255 2254 2257
f 2255 2282 2254
f 2257 2254 2256
f 2835 2256 2254
f 2835 2254 2282
f 2283 2282 2255
f 2259 2479 2258
f 2258 2479 3067
f 2312 2480 2259
f 2259 2480 2479
f 2260 2263 2261
f 2262 2263 2260
f 3479 2262 2260
f 2264 2263 2262
f 3453 2264 2262
f 3453 2262 3467
f 3467 2262 3479
f 2264 2265 2263
f 2284 2265 2264
f 3453 2284 2264
f 2284 2285 2265
f 2266 2269 2267
f 2266 2267 2295
f 2268 2269 2266
f 3167 2268 2266
f 3171 2266 2295
f 3167 2266 3171
f 2295 2267 2294
f 3161 2268 3167
f 2270 2273 2271
f 2272 2273 2270
f 2933 2272 2270
f 2933 2270 2931
f 2272 2297 2273
f 2296 2297 2272
f 2935 2296 2272
f 2935 2272 2933
f 2275 2274 2277
f 2277 2274 2276
f 2835 2276 2274
f 2277 2276 2301
f 2301 2276 2300
f 2835 2300 2276
f 2279 2278 2281
f 2279 2310 2278
f 2281 2278 2280
f 2835 2280 2278
f 2835 2278 2310
f 2311 2310 2279
f 2281 2280 2283
f 2283 2280 2282
f 2835 2282 2280
f 2284 2287 2285
f 2286 2287 2284
f 3445 2286 2284
f 3445 2284 3453
f 2286 2289 2287
f 2288 2289 2286
f 3435 2288 2286
f 3435 2286 3437
f 3437 2286 3445
f 2313 2289 2288
f 3435 2313 2288
f 2313 2314 2289
f 2291 2292 2290
f 3183 2291 2290
f 2290 2292 2328
f 2290 2328 2327
f 3183 2290 2327
f 2293 2292 2291
f 3179 2293 2291
f 3179 2291 3185
f 3185 2291 3183
f 2293 2294 2292
f 2295 2294 2293
f 3171 2295 2293
f 3171 2293 3179
f 2296 2299 2297
f 2298 2299 2296
f 2939 2298 2296
f 2937 2296 2935
f 2939 2296 2937
f 2298 2330 2299
f 2329 2330 2298
f 2941 2329 2298
f 2941 2298 2939
f 2301 2300 2303
f 2303 2300 2302
f 2302 2300 2835
f 2303 2302 2305
f 2305 2302 2304
f 2835 2304 2302
f 2305 2304 2334
f 2334 2304 2333
f 2835 2333 2304
f 2307 2306 2309
f 2307 2347 2306
f 2309 2306 2308
f 2835 2308 2306
f 2835 2306 2347
f 2348 2347 2307
f 2309 2308 2311
f 2311 2308 2310
f 2310 2308 2835
f 2349 2480 2312
f 2315 2314 2313
f 3429 2315 2313
f 3429 2313 3435
f 2315 2316 2314
f 2317 2316 2315
f 3405 2317 2315
f 3405 2315 3429
f 2317 2318 2316
f 2319 2318 2317
f 3387 2319 2317
f 3387 2317 3405
f 2319 2320 2318
f 2350 2320 2319
f 3373 2350 2319
f 3373 2319 3387
f 2350 2352 2320
f 2323 2322 2321
f 2321 2322 2377
f 3215 2323 2321
f 3231 2321 2377
f 3215 2321 3231
f 2323 2324 2322
f 2377 2322 2378
f 2323 2326 2324
f 2325 2326 2323
f 3195 2325 2323
f 3195 2323 3215
f 2325 2328 2326
f 2327 2328 2325
f 3191 2327 2325
f 3191 2325 3195
f 3183 2327 3191
f 2329 2332 2330
f 2331 2332 2329
f 2943 2331 2329
f 2943 2329 2941
f 2331 2380 2332
f 2379 2380 2331
f 2945 2379 2331
f 2945 2331 2943
f 2334 2333 2336
f 2336 2333 2335
f 2835 2335 2333
f 2336 2335 2338
f 2338 2335 2337
f 2835 2337 2335
f 2338 2337 2340
f 2340 2337 2339
f 2339 2337 2835
f 2340 2339 2386
f 2386 2339 2385
f 2835 2385 2339
f 2342 2341 2344
f 2342 2411 2341
f 2344 2341 2343
f 2343 2341 2835
f 2835 2341 2411
f 2412 2411 2342
f 2344 2343 2346
f 2346 2343 2345
f 2835 2345 2343
f 2346 2345 2348
f 2348 2345 2347
f 2835 2347 2345
f 2413 2480 2349
f 2351 2352 2350
f 3373 2351 2350
f 2353 2352 2351
f 3359 2353 2351
f 3359 2351 3373
f 2353 2354 2352
f 2353 2356 2354
f 2355 2356 2353
f 3349 2355 2353
f 3349 2353 3359
f 2355 2358 2356
f 2357 2358 2355
f 3335 2357 2355
f 3335 2355 3349
f 2357 2360 2358
f 2359 2360 2357
f 3323 2359 2357
f 3323 2357 3335
f 2359 2362 2360
f 2361 2362 2359
f 3309 2361 2359
f 3309 2359 3321
f 3321 2359 3323
f 2361 2364 2362
f 2363 2364 2361
f 3301 2363 2361
f 3301 2361 3309
f 2363 2366 2364
f 2365 2366 2363
f 3293 2365 2363
f 3293 2363 3301
f 2367 2366 2365
f 3285 2367 2365
f 3285 2365 3293
f 2367 2368 2366
f 2369 2368 2367
f 3285 2369 2367
f 2369 2370 2368
f 2371 2370 2369
f 3263 2371 2369
f 3263 2369 3277
f 3277 2369 3275
f 3275 2369 3285
f 2371 2372 2370
f 2373 2372 2371
f 3255 2373 2371
f 3255 2371 3263
f 2373 2374 2372
f 2375 2374 2373
f 3243 2375 2373
f 3243 2373 3255
f 2375 2376 2374
f 2377 2376 2375
f 3231 2377 2375
f 3231 2375 3243
f 2377 2378 2376
f 2379 2382 2380
f 2381 2382 2379
f 2947 2381 2379
f 2947 2379 2945
f 2381 2384 2382
f 2383 2384 2381
f 2949 2383 2381
f 2949 2381 2947
f 2383 2415 2384
f 2414 2415 2383
f 2951 2414 2383
f 2951 2383 2949
f 2386 2385 2388
f 2388 2385 2387
f 2835 2387 2385
f 2388 2387 2390
f 2390 2387 2389
f 2389 2387 2835
f 2390 2389 2392
f 2392 2389 2391
f 2835 2391 2389
f 2392 2391 2394
f 2394 2391 2393
f 2835 2393 2391
f 2394 2393 2396
f 2396 2393 2395
f 2395 2393 2835
f 2396 2395 2398
f 2398 2395 2397
f 2835 2397 2395
f 2398 2397 2400
f 2400 2397 2399
f 2835 2399 2397
f 2400 2399 2402
f 2402 2399 2401
f 2835 2401 2399
f 2402 2401 2404
f 2404 2401 2403
f 2403 2401 2835
f 2404 2403 2406
f 2406 2403 2405
f 2835 2405 2403
f 2406 2405 2408
f 2408 2405 2407
f 2835 2407 2405
f 2408 2407 2410
f 2410 2407 2409
f 2409 2407 2835
f 2410 2409 2412
f 2412 2409 2411
f 2835 2411 2409
f 2420 2480 2413
f 2414 2417 2415
f 2416 2417 2414
f 2969 2416 2414
f 2969 2414 2951
f 2416 2419 2417
f 2418 2419 2416
f 2971 2418 2416
f 2971 2416 2969
f 2418 2422 2419
f 2421 2422 2418
f 2971 2421 2418
f 2429 2480 2420
f 2421 2424 2422
f 2423 2424 2421
f 2973 2423 2421
f 2973 2421 2971
f 2423 2426 2424
f 2425 2426 2423
f 2987 2425 2423
f 2987 2423 2973
f 2425 2431 2426
f 2430 2431 2425
f 2989 2430 2425
f 2989 2425 2987
f 2479 2428 2427
f 2511 2427 2428
f 2479 2427 3067
f 2535 2427 2511
f 2527 2427 2528
f 2557 2427 2527
f 2528 2427 2529
f 2529 2427 2530
f 2530 2427 2531
f 2531 2427 2532
f 2532 2427 2533
f 2533 2427 2534
f 2534 2427 2535
f 2551 2427 2553
f 2570 2427 2551
f 2553 2427 2554
f 2554 2427 2555
f 2555 2427 2556
f 2556 2427 2557
f 2567 2427 2569
f 2579 2427 2567
f 2569 2427 2570
f 2577 2427 2578
f 2591 2427 2577
f 2578 2427 2579
f 2589 2427 2590
f 2601 2427 2589
f 2590 2427 2591
f 2599 2427 2600
f 2612 2427 2599
f 2600 2427 2601
f 2609 2427 2611
f 2609 2879 2427
f 2611 2427 2612
f 3067 2427 2879
f 2480 2428 2479
f 2480 2882 2428
f 2511 2428 2512
f 2512 2428 2515
f 2513 2428 2514
f 2518 2428 2513
f 2514 2428 2536
f 2515 2428 2516
f 2516 2428 2517
f 2517 2428 2518
f 2536 2428 2537
f 2537 2428 2538
f 2538 2428 2539
f 2539 2428 2540
f 2540 2428 2541
f 2541 2428 2542
f 2542 2428 2543
f 2543 2428 2544
f 2544 2428 2558
f 2562 2428 2552
f 2552 2428 2571
f 2558 2428 2559
f 2559 2428 2560
f 2560 2428 2561
f 2561 2428 2562
f 2572 2428 2568
f 2568 2428 2580
f 2571 2428 2572
f 2580 2428 2581
f 2581 2428 2582
f 2582 2428 2592
f 2592 2428 2593
f 2593 2428 2594
f 2594 2428 2602
f 2602 2428 2603
f 2603 2428 2604
f 2604 2428 2613
f 2614 2428 2610
f 2610 2428 2621
f 2613 2428 2614
f 2621 2428 2622
f 2622 2428 2631
f 2631 2428 2882
f 2442 2480 2429
f 2430 2433 2431
f 2432 2433 2430
f 3007 2432 2430
f 2991 2430 2989
f 3007 2430 2991
f 2432 2435 2433
f 2434 2435 2432
f 3007 2434 2432
f 2434 2437 2435
f 2436 2437 2434
f 3009 2436 2434
f 3009 2434 3007
f 2436 2444 2437
f 2443 2444 2436
f 3009 2443 2436
f 2438 2441 2439
f 2438 2439 2473
f 2440 2441 2438
f 2440 2438 3177
f 3177 2438 2473
f 2473 2439 2474
f 2440 3149 2441
f 3177 3149 2440
f 3149 2753 2441
f 2475 2480 2442
f 2443 2446 2444
f 2445 2446 2443
f 3023 2445 2443
f 3023 2443 3009
f 2445 2448 2446
f 2447 2448 2445
f 3025 2447 2445
f 3025 2445 3023
f 2447 2450 2448
f 2449 2450 2447
f 3025 2449 2447
f 2449 2452 2450
f 2451 2452 2449
f 3041 2451 2449
f 3039 2449 3025
f 3041 2449 3039
f 2451 2454 2452
f 2453 2454 2451
f 3041 2453 2451
f 2453 2456 2454
f 2455 2456 2453
f 3043 2455 2453
f 3043 2453 3041
f 2455 2458 2456
f 2457 2458 2455
f 3057 2457 2455
f 3057 2455 3043
f 2457 2460 2458
f 2459 2460 2457
f 3059 2459 2457
f 3059 2457 3057
f 2459 2462 2460
f 2461 2462 2459
f 3077 2461 2459
f 3077 2459 3059
f 2461 2464 2462
f 2463 2464 2461
f 3077 2463 2461
f 2463 2466 2464
f 2465 2466 2463
f 3079 2465 2463
f 3079 2463 3077
f 2465 2468 2466
f 2467 2468 2465
f 3177 2467 2465
f 3177 2465 3079
f 2467 2470 2468
f 2469 2470 2467
f 3177 2469 2467
f 2469 2472 2470
f 2471 2472 2469
f 2471 2469 3177
f 2471 2474 2472
f 2473 2474 2471
f 3177 2473 2471
f 2476 2480 2475
f 2477 2480 2476
f 2478 2480 2477
f 3070 2480 2478
f 3466 3070 2478
f 3466 2478 3847
f 3070 2882 2480
f 2481 2484 2482
f 2775 2481 2482
f 2481 2502 2484
f 2501 2502 2481
f 2774 2501 2481
f 2774 2481 2775
f 2482 2484 2483
f 2482 2483 2485
f 2775 2482 2485
f 2779 2483 2484
f 2485 2483 2496
f 2778 2496 2483
f 2778 2483 2779
f 2779 2484 2502
f 2485 2496 2486
f 2776 2485 2486
f 2775 2485 2776
f 2486 2495 2487
f 2782 2486 2487
f 2486 2496 2495
f 2776 2486 2781
f 2781 2486 2782
f 2487 2494 2488
f 2755 2487 2488
f 2487 2495 2494
f 2782 2487 2755
f 2488 2493 2489
f 2756 2488 2489
f 2488 2494 2493
f 2755 2488 2756
f 2489 2492 2490
f 2757 2489 2490
f 2489 2493 2492
f 2756 2489 2757
f 2490 2492 2491
f 2758 2490 2491
f 2757 2490 2758
f 2759 2491 2492
f 2758 2491 2759
f 2760 2492 2493
f 2759 2492 2760
f 2783 2493 2494
f 2760 2493 2783
f 2784 2494 2495
f 2783 2494 2784
f 2778 2495 2496
f 2777 2495 2778
f 2784 2495 2777
f 2497 2498 2499
f 2497 2509 2498
f 2804 2497 2499
f 2508 2509 2497
f 2804 2508 2497
f 2499 2498 2504
f 2807 2504 2498
f 2808 2498 2509
f 2807 2498 2808
f 2499 2504 2500
f 2805 2499 2500
f 2804 2499 2805
f 2500 2503 2501
f 2774 2500 2501
f 2500 2504 2503
f 2773 2500 2774
f 2809 2500 2773
f 2805 2500 2809
f 2501 2503 2502
f 2780 2502 2503
f 2779 2502 2780
f 2807 2503 2504
f 2780 2503 2810
f 2806 2503 2807
f 2810 2503 2806
f 2505 2506 2507
f 2505 2525 2506
f 2830 2505 2507
f 2524 2525 2505
f 2830 2524 2505
f 2507 2506 2510
f 2831 2510 2506
f 2831 2506 2525
f 2507 2510 2508
f 2833 2507 2508
f 2830 2507 2833
f 2508 2510 2509
f 2803 2508 2804
f 2833 2508 2803
f 2831 2509 2510
f 2808 2509 2834
f 2834 2509 2831
f 2512 2669 2511
f 2511 2668 2535
f 2511 2669 2668
f 2515 2670 2512
f 2512 2670 2669
f 2514 2675 2513
f 2513 2674 2518
f 2513 2675 2674
f 2536 2676 2514
f 2514 2676 2675
f 2516 2671 2515
f 2515 2671 2670
f 2517 2672 2516
f 2516 2672 2671
f 2518 2673 2517
f 2517 2673 2672
f 2518 2674 2673
f 2519 2522 2520
f 2846 2519 2520
f 2519 2550 2522
f 2549 2550 2519
f 2845 2549 2519
f 2845 2519 2846
f 2520 2522 2521
f 2520 2521 2523
f 2846 2520 2523
f 2848 2521 2522
f 2523 2521 2526
f 2847 2526 2521
f 2847 2521 2848
f 2848 2522 2550
f 2523 2526 2524
f 2830 2523 2524
f 2829 2523 2830
f 2849 2523 2829
f 2846 2523 2849
f 2524 2526 2525
f 2832 2525 2526
f 2831 2525 2832
f 2832 2526 2850
f 2850 2526 2847
f 2528 2696 2527
f 2527 2695 2557
f 2527 2696 2695
f 2529 2657 2528
f 2528 2657 2696
f 2530 2658 2529
f 2529 2658 2657
f 2531 2659 2530
f 2530 2659 2658
f 2532 2660 2531
f 2531 2660 2659
f 2533 2665 2532
f 2532 2665 2660
f 2534 2666 2533
f 2533 2666 2665
f 2535 2667 2534
f 2534 2667 2666
f 2535 2668 2667
f 2537 2677 2536
f 2536 2677 2676
f 2538 2678 2537
f 2537 2678 2677
f 2539 2661 2538
f 2538 2661 2678
f 2540 2662 2539
f 2539 2662 2661
f 2541 2663 2540
f 2540 2663 2662
f 2542 2664 2541
f 2541 2664 2663
f 2543 2697 2542
f 2542 2697 2664
f 2544 2698 2543
f 2543 2698 2697
f 2558 2699 2544
f 2544 2699 2698
f 2545 2548 2546
f 2860 2545 2546
f 2545 2566 2548
f 2565 2566 2545
f 2859 2565 2545
f 2859 2545 2860
f 2546 2548 2547
f 2546 2547 2549
f 2860 2546 2549
f 2862 2547 2548
f 2549 2547 2550
f 2861 2550 2547
f 2861 2547 2862
f 2862 2548 2566
f 2863 2549 2845
f 2860 2549 2863
f 2848 2550 2864
f 2864 2550 2861
f 2553 2711 2551
f 2551 2710 2570
f 2551 2711 2710
f 2552 2713 2562
f 2571 2714 2552
f 2552 2714 2713
f 2554 2689 2553
f 2553 2689 2711
f 2555 2690 2554
f 2554 2690 2689
f 2556 2693 2555
f 2555 2693 2690
f 2557 2694 2556
f 2556 2694 2693
f 2557 2695 2694
f 2559 2700 2558
f 2558 2700 2699
f 2560 2691 2559
f 2559 2691 2700
f 2561 2692 2560
f 2560 2692 2691
f 2562 2712 2561
f 2561 2712 2692
f 2562 2713 2712
f 2563 2564 2565
f 2563 2576 2564
f 2874 2563 2565
f 2575 2576 2563
f 2874 2575 2563
f 2565 2564 2566
f 2875 2566 2564
f 2876 2564 2576
f 2875 2564 2876
f 2877 2565 2859
f 2874 2565 2877
f 2862 2566 2878
f 2878 2566 2875
f 2569 2730 2567
f 2567 2729 2579
f 2567 2730 2729
f 2568 2732 2572
f 2580 2727 2568
f 2568 2727 2732
f 2570 2707 2569
f 2569 2707 2730
f 2570 2709 2707
f 2570 2710 2709
f 2572 2731 2571
f 2571 2708 2714
f 2571 2731 2708
f 2572 2732 2731
f 2573 2574 2575
f 2573 2587 2574
f 2887 2573 2575
f 2586 2587 2573
f 2887 2586 2573
f 2575 2574 2576
f 2888 2576 2574
f 2888 2574 2587
f 2873 2575 2874
f 2889 2575 2873
f 2887 2575 2889
f 2876 2576 2890
f 2890 2576 2888
f 2578 2725 2577
f 2577 2744 2591
f 2577 2725 2744
f 2579 2726 2578
f 2578 2726 2725
f 2579 2729 2726
f 2581 2728 2580
f 2580 2728 2727
f 2582 2745 2581
f 2581 2745 2728
f 2592 2746 2582
f 2582 2746 2745
f 2583 2584 2585
f 2583 2598 2584
f 2895 2583 2585
f 2597 2598 2583
f 2895 2597 2583
f 2585 2584 2588
f 2896 2588 2584
f 2896 2584 2598
f 2585 2588 2586
f 2898 2585 2586
f 2895 2585 2897
f 2897 2585 2898
f 2586 2588 2587
f 2898 2586 2887
f 2900 2587 2588
f 2888 2587 2899
f 2899 2587 2900
f 2900 2588 2896
f 2590 2741 2589
f 2589 2765 2601
f 2589 2741 2765
f 2591 2743 2590
f 2590 2743 2741
f 2591 2744 2743
f 2593 2742 2592
f 2592 2742 2746
f 2594 2766 2593
f 2593 2766 2742
f 2602 2766 2594
f 2595 2596 2597
f 2595 2608 2596
f 2905 2595 2597
f 2607 2608 2595
f 2905 2607 2595
f 2597 2596 2598
f 2906 2598 2596
f 2906 2596 2608
f 2907 2597 2895
f 2905 2597 2907
f 2896 2598 2908
f 2908 2598 2906
f 2600 2763 2599
f 2599 2790 2612
f 2599 2763 2790
f 2601 2765 2600
f 2600 2765 2763
f 2603 2764 2602
f 2602 2764 2766
f 2604 2791 2603
f 2603 2791 2764
f 2613 2792 2604
f 2604 2792 2791
f 2605 2606 2607
f 2605 2618 2606
f 2913 2605 2607
f 2617 2618 2605
f 2913 2617 2605
f 2607 2606 2608
f 2914 2608 2606
f 2914 2606 2618
f 2915 2607 2905
f 2913 2607 2915
f 2906 2608 2916
f 2916 2608 2914
f 2611 2787 2609
f 2609 2815 2620
f 2620 2879 2609
f 2609 2787 2815
f 2610 2816 2614
f 2621 2814 2610
f 2610 2814 2816
f 2612 2789 2611
f 2611 2789 2787
f 2612 2790 2789
f 2614 2788 2613
f 2613 2788 2792
f 2614 2816 2788
f 2615 2616 2617
f 2615 2627 2616
f 2953 2615 2617
f 2626 2627 2615
f 2953 2626 2615
f 2617 2616 2618
f 2954 2618 2616
f 2954 2616 2627
f 2955 2617 2913
f 2953 2617 2955
f 2914 2618 2956
f 2956 2618 2954
f 2620 2813 2619
f 2619 2879 2620
f 2619 2842 2630
f 2630 2879 2619
f 2619 2813 2842
f 2620 2815 2813
f 2622 2843 2621
f 2621 2843 2814
f 2631 2844 2622
f 2622 2844 2843
f 2624 2626 2623
f 2624 2623 2636
f 2975 2623 2626
f 2636 2623 2635
f 2975 2635 2623
f 2627 2626 2624
f 2976 2627 2624
f 2976 2624 2636
f 2626 2627 2625
f 2625 2628 2626
f 2953 2625 2626
f 2977 2626 2625
f 2625 2627 2628
f 2977 2625 2953
f 2626 2628 2627
f 2975 2626 2977
f 2976 2628 2627
f 2978 2627 2628
f 2954 2627 2978
f 2978 2628 2976
f 2630 2841 2629
f 2629 2879 2630
f 2629 2839 2640
f 2640 2879 2629
f 2629 2841 2839
f 2630 2842 2841
f 2632 2840 2631
f 2631 2882 2632
f 2631 2840 2844
f 2641 2858 2632
f 2632 2882 2641
f 2632 2858 2840
f 2634 2635 2633
f 2634 2633 2646
f 2993 2633 2635
f 2646 2633 2645
f 2993 2645 2633
f 2636 2635 2634
f 2994 2636 2634
f 2994 2634 2646
f 2995 2635 2975
f 2993 2635 2995
f 2976 2636 2996
f 2996 2636 2994
f 2639 2855 2637
f 2637 2879 2639
f 2637 2871 2647
f 2647 2879 2637
f 2637 2855 2871
f 2638 2872 2642
f 2642 2882 2638
f 2648 2870 2638
f 2638 2882 2648
f 2638 2870 2872
f 2640 2857 2639
f 2639 2879 2640
f 2639 2857 2855
f 2640 2839 2857
f 2642 2856 2641
f 2641 2882 2642
f 2641 2856 2858
f 2642 2872 2856
f 2644 2645 2643
f 2644 2643 2652
f 3011 2643 2645
f 2652 2643 2651
f 3011 2651 2643
f 2646 2645 2644
f 3012 2646 2644
f 3012 2644 2652
f 3013 2645 2993
f 3011 2645 3013
f 2994 2646 3014
f 3014 2646 3012
f 2654 2879 2647
f 2647 2885 2654
f 2647 2871 2869
f 2647 2869 2885
f 2648 2882 2655
f 2655 2884 2648
f 2648 2886 2870
f 2648 2884 2886
f 2650 2651 2649
f 2650 2649 2684
f 3027 2649 2651
f 2684 2649 2681
f 3027 2681 2649
f 2652 2651 2650
f 3028 2652 2650
f 3028 2650 2684
f 3029 2651 3011
f 3027 2651 3029
f 3012 2652 3030
f 3030 2652 3028
f 2653 2879 2654
f 2654 2883 2653
f 2686 2879 2653
f 2653 2893 2686
f 2653 2883 2893
f 2654 2885 2883
f 2655 2882 2656
f 2656 2894 2655
f 2655 2894 2884
f 2656 2882 2687
f 2687 2892 2656
f 2656 2892 2894
f 2663 2657 2658
f 2664 2657 2663
f 2664 2696 2657
f 2662 2658 2659
f 2663 2658 2662
f 2661 2659 2660
f 2662 2659 2661
f 2661 2660 2678
f 2678 2660 2665
f 2697 2696 2664
f 2677 2665 2666
f 2678 2665 2677
f 2676 2666 2667
f 2677 2666 2676
f 2675 2667 2668
f 2676 2667 2675
f 2674 2668 2669
f 2675 2668 2674
f 2673 2669 2670
f 2674 2669 2673
f 2672 2670 2671
f 2673 2670 2672
f 2680 2682 2679
f 2680 2679 2704
f 3045 2679 2682
f 2704 2679 2703
f 3045 2703 2679
f 2683 2682 2680
f 3046 2683 2680
f 3046 2680 2704
f 2683 2681 2682
f 3047 2682 2681
f 2684 2681 2683
f 3047 2681 3027
f 3045 2682 3048
f 3048 2682 3047
f 3049 2684 2683
f 3049 2683 3046
f 3028 2684 3050
f 3050 2684 3049
f 2685 2879 2686
f 2686 2891 2685
f 2705 2879 2685
f 2685 2903 2705
f 2685 2891 2903
f 2686 2893 2891
f 2687 2882 2688
f 2688 2904 2687
f 2687 2904 2892
f 2688 2882 2706
f 2706 2902 2688
f 2688 2902 2904
f 2691 2689 2690
f 2692 2689 2691
f 2692 2711 2689
f 2691 2690 2700
f 2700 2690 2693
f 2712 2711 2692
f 2699 2693 2694
f 2700 2693 2699
f 2698 2694 2695
f 2699 2694 2698
f 2697 2695 2696
f 2698 2695 2697
f 2702 2703 2701
f 2702 2701 2720
f 3061 2701 2703
f 2720 2701 2719
f 3062 2719 2701
f 3062 2701 3061
f 2704 2703 2702
f 3063 2704 2702
f 3063 2702 2720
f 3065 2703 3045
f 3061 2703 3065
f 3046 2704 3066
f 3064 2704 3063
f 3066 2704 3064
f 2723 2879 2705
f 2705 2911 2723
f 2705 2903 2901
f 2705 2901 2911
f 2706 2882 2724
f 2724 2910 2706
f 2706 2912 2902
f 2706 2910 2912
f 2708 2707 2714
f 2708 2730 2707
f 2714 2707 2709
f 2731 2730 2708
f 2713 2709 2710
f 2714 2709 2713
f 2712 2710 2711
f 2713 2710 2712
f 2717 2715 2716
f 3081 2716 2715
f 2718 2715 2717
f 2718 2719 2715
f 3081 2715 2719
f 2717 2716 2738
f 2738 2716 2737
f 3082 2737 2716
f 3082 2716 3081
f 3083 2718 2717
f 3083 2717 2738
f 2720 2719 2718
f 3084 2720 2718
f 3084 2718 3083
f 3085 2719 3062
f 3081 2719 3085
f 3063 2720 3086
f 3086 2720 3084
f 2721 2879 2723
f 2723 2909 2721
f 2739 2879 2721
f 2721 2919 2739
f 2721 2909 2919
f 2724 2882 2722
f 2722 2920 2724
f 2722 2882 2740
f 2740 2918 2722
f 2722 2918 2920
f 2723 2911 2909
f 2724 2920 2910
f 2727 2725 2726
f 2728 2725 2727
f 2728 2744 2725
f 2727 2726 2732
f 2732 2726 2729
f 2745 2744 2728
f 2731 2729 2730
f 2732 2729 2731
f 2735 2733 2734
f 3095 2734 2733
f 2736 2733 2735
f 2736 2737 2733
f 3095 2733 2737
f 2735 2734 2752
f 2752 2734 2749
f 3096 2749 2734
f 3096 2734 3095
f 3097 2736 2735
f 3097 2735 2752
f 2738 2737 2736
f 3098 2738 2736
f 3098 2736 3097
f 3099 2737 3082
f 3095 2737 3099
f 3083 2738 3100
f 3100 2738 3098
f 2761 2879 2739
f 2739 2917 2761
f 2739 2919 2917
f 2740 2882 2762
f 2762 2960 2740
f 2740 2960 2918
f 2742 2741 2746
f 2742 2765 2741
f 2746 2741 2743
f 2766 2765 2742
f 2745 2743 2744
f 2746 2743 2745
f 2748 2750 2747
f 2748 2747 2772
f 3110 2747 2750
f 2772 2747 2769
f 3110 2769 2747
f 2751 2750 2748
f 3111 2751 2748
f 3111 2748 2772
f 2751 2749 2750
f 3109 2750 2749
f 2752 2749 2751
f 3113 2749 3096
f 3109 2749 3113
f 3110 2750 3109
f 3111 2752 2751
f 3097 2752 3114
f 3112 2752 3111
f 3114 2752 3112
f 2754 2836 2753
f 2754 2753 3150
f 2753 2836 2835
f 3150 2753 3149
f 2754 2845 2846
f 2754 2863 2845
f 2754 2846 2849
f 2754 2859 2860
f 2754 2877 2859
f 2860 2863 2754
f 2873 2874 2754
f 2754 2889 2873
f 2874 2877 2754
f 2887 2889 2754
f 2754 2898 2887
f 2895 2897 2754
f 2907 2895 2754
f 2754 2897 2898
f 2754 2905 2907
f 2915 2905 2754
f 2754 2913 2915
f 2754 2955 2913
f 2953 2955 2754
f 2953 2754 2977
f 2977 2754 3150
f 2785 2879 2761
f 2761 2957 2785
f 2761 2917 2959
f 2761 2959 2957
f 2762 2882 2786
f 2786 2980 2762
f 2762 2958 2960
f 2762 2980 2958
f 2764 2763 2766
f 2764 2790 2763
f 2766 2763 2765
f 2791 2790 2764
f 2768 2770 2767
f 2768 2767 2802
f 3121 2767 2770
f 2802 2767 2797
f 3122 2797 2767
f 3122 2767 3121
f 2771 2770 2768
f 3125 2771 2768
f 3125 2768 2802
f 2771 2769 2770
f 3110 2770 2769
f 2772 2769 2771
f 3127 2770 3110
f 3121 2770 3127
f 3128 2772 2771
f 3126 2771 3125
f 3128 2771 3126
f 3111 2772 3128
f 2811 2879 2785
f 2785 2999 2811
f 2785 2957 2979
f 2785 2979 2999
f 2786 2882 2812
f 2812 2998 2786
f 2786 3000 2980
f 2786 2998 3000
f 2788 2787 2792
f 2788 2815 2787
f 2792 2787 2789
f 2816 2815 2788
f 2791 2789 2790
f 2792 2789 2791
f 2795 2793 2794
f 3136 2794 2793
f 2796 2793 2795
f 2796 2799 2793
f 3136 2793 2799
f 2795 2794 2828
f 2828 2794 2817
f 3137 2817 2794
f 3137 2794 3136
f 3140 2796 2795
f 3140 2795 2828
f 2800 2799 2796
f 3141 2800 2796
f 3141 2796 3140
f 2801 2797 2798
f 3122 2798 2797
f 2802 2797 2801
f 2800 2798 2799
f 3135 2799 2798
f 2801 2798 2800
f 3123 2798 3122
f 3143 2798 3123
f 3135 2798 3143
f 3136 2799 3135
f 3141 2801 2800
f 3124 2802 2801
f 3124 2801 3144
f 3142 2801 3141
f 3144 2801 3142
f 3125 2802 3124
f 2837 2879 2811
f 2811 3017 2837
f 2811 2999 2997
f 2811 2997 3017
f 2812 2882 2838
f 2838 3016 2812
f 2812 3018 2998
f 2812 3016 3018
f 2814 2813 2816
f 2814 2842 2813
f 2816 2813 2815
f 2843 2842 2814
f 2827 2817 2818
f 3137 2818 2817
f 2828 2817 2827
f 2826 2818 2819
f 3157 2819 2818
f 2827 2818 2826
f 3138 2818 3137
f 3157 2818 3138
f 2825 2819 2820
f 3158 2820 2819
f 2826 2819 2825
f 3158 2819 3157
f 2824 2820 2821
f 3151 2821 2820
f 2825 2820 2824
f 3151 2820 3158
f 2823 2821 2822
f 3152 2822 2821
f 2824 2821 2823
f 3152 2821 3151
f 3153 2823 2822
f 3153 2822 3152
f 3154 2824 2823
f 3154 2823 3153
f 3155 2825 2824
f 3155 2824 3154
f 3156 2826 2825
f 3156 2825 3155
f 3159 2827 2826
f 3159 2826 3156
f 3139 2828 2827
f 3139 2827 3160
f 3160 2827 3159
f 3140 2828 3139
f 2852 2879 2837
f 2837 3015 2852
f 2837 3017 3015
f 2838 2882 2853
f 2853 3034 2838
f 2838 3034 3016
f 2840 2839 2844
f 2840 2857 2839
f 2844 2839 2841
f 2858 2857 2840
f 2843 2841 2842
f 2844 2841 2843
f 2851 2879 2852
f 2852 3033 2851
f 2866 2879 2851
f 2851 3031 2866
f 2851 3033 3031
f 2852 3015 3033
f 2853 2882 2854
f 2854 3032 2853
f 2853 3032 3034
f 2854 2882 2867
f 2867 3052 2854
f 2854 3052 3032
f 2856 2855 2858
f 2856 2871 2855
f 2858 2855 2857
f 2872 2871 2856
f 2865 2879 2866
f 2866 3051 2865
f 2880 2879 2865
f 2865 3071 2880
f 2865 3051 3071
f 2866 3031 3051
f 2867 2882 2868
f 2868 3072 2867
f 2867 3072 3052
f 2868 2882 2881
f 2881 3069 2868
f 2868 3069 3072
f 2870 2869 2872
f 2870 2885 2869
f 2872 2869 2871
f 2886 2885 2870
f 3068 2879 2880
f 3067 2879 3068
f 2880 3071 3068
f 3070 2881 2882
f 3069 2881 3070
f 2884 2883 2886
f 2884 2893 2883
f 2886 2883 2885
f 2894 2893 2884
f 2892 2891 2894
f 2892 2903 2891
f 2894 2891 2893
f 2904 2903 2892
f 2902 2901 2904
f 2902 2911 2901
f 2904 2901 2903
f 2912 2911 2902
f 2910 2909 2912
f 2910 2919 2909
f 2912 2909 2911
f 2920 2919 2910
f 2918 2917 2920
f 2918 2959 2917
f 2920 2917 2919
f 2960 2959 2918
f 2922 2923 2921
f 2922 2921 2968
f 2968 2921 2967
f 2924 2923 2922
f 2924 2922 3240
f 3240 2922 2968
f 2924 2925 2923
f 2926 2925 2924
f 3240 2926 2924
f 2926 2927 2925
f 2928 2927 2926
f 3240 2928 2926
f 2928 2929 2927
f 2930 2929 2928
f 3240 2930 2928
f 2930 2931 2929
f 2932 2931 2930
f 2932 2930 3240
f 2932 2933 2931
f 2934 2933 2932
f 3240 2934 2932
f 2934 2935 2933
f 2936 2935 2934
f 3240 2936 2934
f 2936 2937 2935
f 2938 2937 2936
f 2938 2936 3240
f 2938 2939 2937
f 2940 2939 2938
f 3240 2940 2938
f 2940 2941 2939
f 2942 2941 2940
f 3240 2942 2940
f 2942 2943 2941
f 2944 2943 2942
f 2942 3284 2944
f 3240 3284 2942
f 2944 2945 2943
f 2946 2945 2944
f 2944 3274 2946
f 2944 3284 3274
f 2946 2947 2945
f 2948 2947 2946
f 2946 3262 2948
f 2946 3274 3262
f 2948 2949 2947
f 2950 2949 2948
f 2948 3254 2950
f 2948 3262 3254
f 2950 2951 2949
f 2952 2951 2950
f 2950 3242 2952
f 2950 3254 3242
f 2952 2969 2951
f 2970 2969 2952
f 2952 3230 2970
f 2952 3242 3230
f 2958 2957 2960
f 2958 2979 2957
f 2960 2957 2959
f 2980 2979 2958
f 2962 2963 2961
f 2962 2961 2986
f 2986 2961 2985
f 2964 2963 2962
f 2964 2962 3240
f 3240 2962 2986
f 2964 2965 2963
f 2966 2965 2964
f 3240 2966 2964
f 2966 2967 2965
f 2968 2967 2966
f 3240 2968 2966
f 2970 2971 2969
f 2972 2971 2970
f 2970 3230 2972
f 2972 2973 2971
f 2974 2973 2972
f 2972 3194 2974
f 2972 3214 3194
f 2972 3230 3214
f 2974 2987 2973
f 2988 2987 2974
f 2974 3190 2988
f 2974 3194 3190
f 2977 3150 2975
f 2975 3150 2995
f 3827 2978 2976
f 3827 2976 2996
f 2980 2999 2979
f 3000 2999 2980
f 2982 2983 2981
f 2982 2981 3006
f 3006 2981 3005
f 2984 2983 2982
f 3240 2984 2982
f 3006 3226 2982
f 2982 3226 3228
f 3228 3238 2982
f 2982 3238 3240
f 2984 2985 2983
f 2986 2985 2984
f 3240 2986 2984
f 2988 2989 2987
f 2990 2989 2988
f 2988 3188 2990
f 2988 3190 3188
f 2990 2991 2989
f 2992 2991 2990
f 2990 3182 2992
f 2990 3188 3182
f 2992 3007 2991
f 3008 3007 2992
f 2992 3176 3008
f 2992 3182 3176
f 2995 3150 2993
f 2993 3150 3013
f 2996 2994 3827
f 3827 2994 3014
f 2998 2997 3000
f 2998 3017 2997
f 3000 2997 2999
f 3018 3017 2998
f 3002 3003 3001
f 3002 3001 3022
f 3022 3001 3021
f 3004 3003 3002
f 3002 3208 3004
f 3022 3206 3002
f 3002 3206 3208
f 3004 3005 3003
f 3006 3005 3004
f 3004 3212 3006
f 3004 3208 3210
f 3004 3210 3212
f 3006 3212 3224
f 3006 3224 3226
f 3008 3009 3007
f 3010 3009 3008
f 3008 3174 3010
f 3008 3176 3174
f 3010 3023 3009
f 3024 3023 3010
f 3010 3170 3024
f 3010 3174 3170
f 3013 3150 3011
f 3011 3150 3029
f 3827 3014 3012
f 3012 3030 3827
f 3016 3015 3018
f 3016 3033 3015
f 3018 3015 3017
f 3034 3033 3016
f 3020 3021 3019
f 3020 3019 3038
f 3038 3019 3037
f 3022 3021 3020
f 3020 3204 3022
f 3038 3202 3020
f 3020 3202 3204
f 3022 3204 3206
f 3024 3025 3023
f 3026 3025 3024
f 3024 3166 3026
f 3024 3170 3166
f 3026 3039 3025
f 3040 3039 3026
f 3026 3148 3040
f 3026 3166 3148
f 3029 3150 3027
f 3027 3150 3047
f 3827 3030 3028
f 3827 3028 3050
f 3032 3031 3034
f 3032 3051 3031
f 3034 3031 3033
f 3052 3051 3032
f 3036 3037 3035
f 3036 3035 3056
f 3056 3035 3055
f 3038 3037 3036
f 3036 3198 3038
f 3056 3222 3036
f 3036 3222 3198
f 3198 3200 3038
f 3200 3202 3038
f 3040 3041 3039
f 3042 3041 3040
f 3040 3134 3042
f 3040 3148 3134
f 3042 3043 3041
f 3044 3043 3042
f 3042 3134 3044
f 3044 3057 3043
f 3058 3057 3044
f 3044 3120 3058
f 3044 3134 3120
f 3048 3150 3045
f 3045 3150 3065
f 3827 3049 3046
f 3827 3046 3066
f 3047 3150 3048
f 3050 3049 3827
f 3052 3071 3051
f 3072 3071 3052
f 3054 3055 3053
f 3054 3053 3076
f 3076 3053 3075
f 3056 3055 3054
f 3054 3220 3056
f 3076 3218 3054
f 3054 3218 3220
f 3056 3220 3222
f 3058 3059 3057
f 3060 3059 3058
f 3058 3120 3060
f 3060 3077 3059
f 3078 3077 3060
f 3060 3108 3078
f 3060 3120 3108
f 3061 3150 3062
f 3065 3150 3061
f 3062 3150 3085
f 3827 3064 3063
f 3827 3063 3086
f 3827 3066 3064
f 3068 3463 3067
f 3068 3072 3069
f 3068 3069 3464
f 3071 3072 3068
f 3464 3463 3068
f 3069 3070 3465
f 3464 3069 3465
f 3465 3070 3466
f 3074 3075 3073
f 3074 3073 3090
f 3090 3073 3089
f 3076 3075 3074
f 3074 3236 3076
f 3090 3234 3074
f 3074 3234 3236
f 3076 3236 3218
f 3078 3079 3077
f 3080 3079 3078
f 3078 3094 3080
f 3078 3106 3094
f 3078 3108 3106
f 3080 3091 3079
f 3079 3091 3177
f 3092 3091 3080
f 3080 3094 3092
f 3081 3150 3082
f 3085 3150 3081
f 3082 3150 3099
f 3084 3083 3827
f 3827 3083 3100
f 3086 3084 3827
f 3088 3089 3087
f 3088 3087 3104
f 3104 3087 3103
f 3090 3089 3088
f 3088 3248 3090
f 3104 3246 3088
f 3246 3248 3088
f 3090 3248 3234
f 3092 3093 3091
f 3177 3091 3093
f 3094 3093 3092
f 3094 3105 3093
f 3093 3105 3177
f 3106 3105 3094
f 3095 3150 3096
f 3099 3150 3095
f 3096 3150 3113
f 3098 3097 3827
f 3097 3114 3827
f 3827 3100 3098
f 3102 3103 3101
f 3102 3101 3118
f 3118 3101 3117
f 3104 3103 3102
f 3102 3258 3104
f 3118 3258 3102
f 3104 3258 3246
f 3106 3107 3105
f 3177 3105 3107
f 3108 3107 3106
f 3108 3119 3107
f 3177 3107 3119
f 3120 3119 3108
f 3109 3839 3110
f 3113 3839 3109
f 3110 3839 3127
f 3827 3112 3111
f 3827 3111 3128
f 3827 3114 3112
f 3113 3150 3839
f 3116 3117 3115
f 3116 3115 3132
f 3132 3115 3131
f 3118 3117 3116
f 3116 3266 3118
f 3132 3280 3116
f 3116 3280 3266
f 3118 3268 3258
f 3118 3266 3268
f 3120 3133 3119
f 3177 3119 3133
f 3134 3133 3120
f 3121 3839 3122
f 3127 3839 3121
f 3122 3839 3123
f 3123 3839 3143
f 3125 3124 3827
f 3829 3124 3144
f 3827 3124 3828
f 3828 3124 3829
f 3827 3126 3125
f 3128 3126 3827
f 3130 3131 3129
f 3130 3129 3146
f 3146 3129 3145
f 3132 3131 3130
f 3130 3288 3132
f 3146 3288 3130
f 3132 3288 3280
f 3134 3147 3133
f 3177 3133 3147
f 3148 3147 3134
f 3135 3839 3136
f 3143 3839 3135
f 3136 3839 3137
f 3137 3839 3138
f 3138 3839 3157
f 3139 3842 3140
f 3160 3842 3139
f 3140 3842 3141
f 3835 3142 3141
f 3835 3141 3836
f 3141 3837 3836
f 3141 3840 3837
f 3141 3842 3840
f 3832 3144 3142
f 3832 3142 3835
f 3829 3144 3830
f 3830 3144 3831
f 3831 3144 3832
f 3146 3145 3164
f 3164 3145 3163
f 3164 3304 3146
f 3296 3288 3146
f 3146 3304 3296
f 3148 3165 3147
f 3177 3147 3165
f 3166 3165 3148
f 3150 3149 3178
f 3178 3149 3177
f 3150 3178 3839
f 3151 3842 3152
f 3158 3842 3151
f 3152 3842 3153
f 3153 3842 3154
f 3154 3842 3155
f 3155 3842 3156
f 3156 3842 3159
f 3157 3839 3158
f 3158 3839 3842
f 3159 3842 3160
f 3162 3163 3161
f 3162 3161 3168
f 3168 3161 3167
f 3164 3163 3162
f 3162 3304 3164
f 3168 3312 3162
f 3162 3312 3304
f 3166 3169 3165
f 3165 3169 3177
f 3170 3169 3166
f 3168 3167 3172
f 3172 3167 3171
f 3172 3352 3168
f 3326 3312 3168
f 3168 3338 3326
f 3168 3352 3338
f 3170 3173 3169
f 3169 3173 3177
f 3174 3173 3170
f 3172 3171 3180
f 3180 3171 3179
f 3694 3172 3180
f 3362 3352 3172
f 3172 3364 3362
f 3172 3376 3364
f 3172 3696 3376
f 3696 3172 3694
f 3174 3175 3173
f 3177 3173 3175
f 3176 3175 3174
f 3176 3181 3175
f 3177 3175 3181
f 3182 3181 3176
f 3178 3177 3844
f 3177 3181 3187
f 3187 3189 3177
f 3177 3189 3193
f 3193 3213 3177
f 3177 3213 3229
f 3177 3229 3241
f 3241 3253 3177
f 3177 3253 3261
f 3177 3261 3273
f 3273 3283 3177
f 3177 3283 3291
f 3177 3291 3299
f 3299 3307 3177
f 3307 3315 3177
f 3177 3315 3329
f 3177 3329 3343
f 3343 3355 3177
f 3177 3355 3369
f 3177 3369 3383
f 3383 3401 3177
f 3177 3401 3423
f 3177 3423 3431
f 3431 3441 3177
f 3177 3441 3439
f 3439 3447 3177
f 3177 3447 3457
f 3457 3455 3177
f 3177 3455 3469
f 3469 3485 3177
f 3177 3485 3483
f 3483 3495 3177
f 3177 3495 3509
f 3177 3509 3843
f 3844 3177 3843
f 3839 3178 3844
f 3180 3179 3186
f 3186 3179 3185
f 3692 3180 3186
f 3694 3180 3692
f 3182 3187 3181
f 3188 3187 3182
f 3184 3185 3183
f 3184 3183 3192
f 3192 3183 3191
f 3186 3185 3184
f 3692 3186 3184
f 3714 3184 3192
f 3692 3184 3714
f 3188 3189 3187
f 3190 3189 3188
f 3190 3193 3189
f 3194 3193 3190
f 3192 3191 3196
f 3196 3191 3195
f 3712 3192 3196
f 3714 3192 3712
f 3194 3213 3193
f 3214 3213 3194
f 3196 3195 3216
f 3216 3195 3215
f 3710 3196 3216
f 3712 3196 3710
f 3198 3197 3200
f 3198 3221 3197
f 3200 3197 3199
f 3222 3221 3198
f 3200 3199 3202
f 3202 3199 3201
f 3202 3201 3204
f 3204 3201 3203
f 3204 3203 3206
f 3206 3203 3205
f 3206 3205 3208
f 3208 3205 3207
f 3208 3207 3210
f 3210 3207 3209
f 3210 3209 3212
f 3212 3209 3211
f 3212 3211 3224
f 3224 3211 3223
f 3214 3229 3213
f 3230 3229 3214
f 3216 3215 3232
f 3232 3215 3231
f 3746 3216 3232
f 3710 3216 3748
f 3748 3216 3746
f 3218 3217 3220
f 3218 3235 3217
f 3220 3217 3219
f 3236 3235 3218
f 3220 3219 3222
f 3222 3219 3221
f 3224 3223 3226
f 3226 3223 3225
f 3226 3225 3228
f 3228 3225 3227
f 3228 3227 3238
f 3238 3227 3237
f 3230 3241 3229
f 3242 3241 3230
f 3232 3231 3244
f 3244 3231 3243
f 3744 3232 3244
f 3746 3232 3744
f 3234 3233 3236
f 3234 3247 3233
f 3236 3233 3235
f 3248 3247 3234
f 3238 3237 3240
f 3240 3237 3239
f 3240 3239 3250
f 3250 3239 3249
f 3250 3284 3240
f 3242 3253 3241
f 3254 3253 3242
f 3244 3243 3256
f 3256 3243 3255
f 3742 3244 3256
f 3744 3244 3742
f 3246 3245 3248
f 3246 3257 3245
f 3248 3245 3247
f 3258 3257 3246
f 3250 3249 3252
f 3252 3249 3251
f 3252 3284 3250
f 3252 3251 3260
f 3260 3251 3259
f 3260 3284 3252
f 3254 3261 3253
f 3262 3261 3254
f 3256 3255 3264
f 3264 3255 3263
f 3740 3256 3264
f 3742 3256 3740
f 3258 3267 3257
f 3268 3267 3258
f 3260 3259 3270
f 3270 3259 3269
f 3270 3284 3260
f 3262 3273 3261
f 3274 3273 3262
f 3264 3263 3278
f 3278 3263 3277
f 3738 3264 3278
f 3740 3264 3738
f 3266 3265 3268
f 3266 3279 3265
f 3268 3265 3267
f 3280 3279 3266
f 3270 3269 3272
f 3272 3269 3271
f 3272 3284 3270
f 3272 3271 3282
f 3282 3271 3281
f 3282 3292 3272
f 3272 3292 3284
f 3274 3283 3273
f 3284 3283 3274
f 3276 3277 3275
f 3276 3275 3286
f 3286 3275 3285
f 3278 3277 3276
f 3738 3278 3276
f 3736 3276 3286
f 3738 3276 3736
f 3280 3287 3279
f 3288 3287 3280
f 3282 3281 3290
f 3290 3281 3289
f 3290 3292 3282
f 3284 3291 3283
f 3292 3291 3284
f 3286 3285 3294
f 3294 3285 3293
f 3734 3286 3294
f 3736 3286 3734
f 3288 3295 3287
f 3296 3295 3288
f 3290 3289 3298
f 3298 3289 3297
f 3298 3292 3290
f 3292 3299 3291
f 3298 3300 3292
f 3300 3299 3292
f 3294 3293 3302
f 3302 3293 3301
f 3756 3294 3302
f 3734 3294 3758
f 3758 3294 3756
f 3296 3303 3295
f 3304 3303 3296
f 3298 3297 3306
f 3306 3297 3305
f 3298 3308 3300
f 3306 3308 3298
f 3300 3307 3299
f 3308 3307 3300
f 3302 3301 3310
f 3310 3301 3309
f 3732 3302 3310
f 3756 3302 3732
f 3304 3311 3303
f 3312 3311 3304
f 3306 3305 3314
f 3314 3305 3313
f 3306 3316 3308
f 3314 3344 3306
f 3306 3330 3316
f 3306 3344 3330
f 3308 3315 3307
f 3316 3315 3308
f 3310 3309 3322
f 3322 3309 3321
f 3730 3310 3322
f 3732 3310 3730
f 3312 3325 3311
f 3326 3325 3312
f 3314 3313 3328
f 3328 3313 3327
f 3328 3384 3314
f 3314 3356 3344
f 3314 3370 3356
f 3314 3384 3370
f 3316 3329 3315
f 3330 3329 3316
f 3331 3317 3318
f 3463 3318 3317
f 3332 3317 3331
f 3345 3317 3332
f 3346 3317 3345
f 3357 3317 3346
f 3371 3317 3357
f 3385 3317 3371
f 3403 3317 3385
f 3427 3317 3403
f 3425 3317 3427
f 3433 3317 3425
f 3443 3317 3433
f 3449 3317 3443
f 3450 3317 3449
f 3459 3317 3450
f 3460 3317 3459
f 3473 3317 3460
f 3463 3317 3845
f 3471 3317 3473
f 3487 3317 3471
f 3488 3317 3487
f 3497 3317 3488
f 3498 3317 3497
f 3513 3317 3498
f 3511 3317 3514
f 3511 3833 3317
f 3514 3317 3513
f 3845 3317 3833
f 3318 3464 3331
f 3464 3318 3463
f 3319 3320 3334
f 3465 3320 3319
f 3334 3478 3319
f 3319 3478 3465
f 3334 3320 3333
f 3333 3320 3348
f 3348 3320 3347
f 3347 3320 3358
f 3358 3320 3372
f 3372 3320 3386
f 3386 3320 3404
f 3404 3320 3428
f 3428 3320 3426
f 3426 3320 3434
f 3434 3320 3444
f 3444 3320 3452
f 3452 3320 3451
f 3451 3320 3462
f 3462 3320 3461
f 3461 3320 3474
f 3466 3320 3465
f 3466 3834 3320
f 3474 3320 3472
f 3472 3320 3490
f 3490 3320 3489
f 3489 3320 3500
f 3500 3320 3499
f 3499 3320 3834
f 3322 3321 3324
f 3324 3321 3323
f 3728 3322 3324
f 3730 3322 3728
f 3324 3323 3336
f 3336 3323 3335
f 3728 3324 3336
f 3326 3337 3325
f 3338 3337 3326
f 3328 3327 3342
f 3342 3327 3341
f 3859 3341 3327
f 3342 3432 3328
f 3328 3402 3384
f 3328 3424 3402
f 3328 3432 3424
f 3330 3343 3329
f 3344 3343 3330
f 3331 3477 3332
f 3331 3464 3477
f 3332 3475 3345
f 3332 3477 3475
f 3333 3476 3334
f 3348 3492 3333
f 3333 3492 3476
f 3334 3476 3478
f 3336 3335 3350
f 3350 3335 3349
f 3726 3336 3350
f 3728 3336 3726
f 3338 3351 3337
f 3352 3351 3338
f 3340 3341 3339
f 3340 3339 3354
f 3859 3339 3341
f 3354 3339 3353
f 3859 3353 3339
f 3342 3341 3340
f 3340 3440 3342
f 3354 3456 3340
f 3340 3448 3440
f 3340 3458 3448
f 3340 3456 3458
f 3342 3442 3432
f 3342 3440 3442
f 3344 3355 3343
f 3356 3355 3344
f 3345 3491 3346
f 3345 3475 3491
f 3346 3503 3357
f 3346 3491 3503
f 3347 3504 3348
f 3358 3502 3347
f 3347 3502 3504
f 3348 3504 3492
f 3350 3349 3360
f 3360 3349 3359
f 3724 3350 3360
f 3726 3350 3724
f 3352 3361 3351
f 3362 3361 3352
f 3354 3353 3368
f 3368 3353 3367
f 3859 3367 3353
f 3368 3510 3354
f 3354 3470 3456
f 3354 3486 3470
f 3354 3484 3486
f 3354 3496 3484
f 3354 3510 3496
f 3356 3369 3355
f 3370 3369 3356
f 3357 3501 3371
f 3357 3503 3501
f 3372 3520 3358
f 3358 3520 3502
f 3360 3359 3374
f 3374 3359 3373
f 3722 3360 3374
f 3724 3360 3722
f 3362 3363 3361
f 3364 3363 3362
f 3364 3375 3363
f 3376 3375 3364
f 3366 3367 3365
f 3366 3365 3382
f 3859 3365 3367
f 3382 3365 3381
f 3381 3365 3859
f 3368 3367 3366
f 3366 3510 3368
f 3382 3558 3366
f 3366 3526 3510
f 3366 3540 3526
f 3366 3538 3540
f 3366 3558 3538
f 3370 3383 3369
f 3384 3383 3370
f 3371 3517 3385
f 3371 3501 3519
f 3371 3519 3517
f 3386 3532 3372
f 3372 3518 3520
f 3372 3532 3518
f 3374 3373 3388
f 3388 3373 3387
f 3720 3374 3388
f 3722 3374 3720
f 3376 3377 3375
f 3859 3375 3377
f 3378 3377 3376
f 3696 3378 3376
f 3378 3389 3377
f 3859 3377 3389
f 3390 3389 3378
f 3696 3390 3378
f 3380 3381 3379
f 3380 3379 3400
f 3379 3381 3859
f 3400 3379 3399
f 3859 3399 3379
f 3382 3381 3380
f 3380 3556 3382
f 3400 3616 3380
f 3380 3576 3556
f 3380 3574 3576
f 3380 3596 3574
f 3380 3594 3596
f 3380 3616 3594
f 3382 3556 3558
f 3384 3401 3383
f 3402 3401 3384
f 3385 3549 3403
f 3385 3517 3531
f 3385 3531 3549
f 3404 3548 3386
f 3386 3550 3532
f 3386 3548 3550
f 3388 3387 3406
f 3406 3387 3405
f 3706 3388 3406
f 3708 3388 3706
f 3720 3388 3708
f 3390 3391 3389
f 3389 3391 3859
f 3392 3391 3390
f 3392 3390 3696
f 3392 3393 3391
f 3859 3391 3393
f 3394 3393 3392
f 3696 3394 3392
f 3394 3407 3393
f 3393 3407 3859
f 3408 3407 3394
f 3408 3394 3696
f 3396 3397 3395
f 3396 3395 3422
f 3859 3395 3397
f 3422 3395 3421
f 3859 3421 3395
f 3398 3397 3396
f 3396 3674 3398
f 3696 3396 3422
f 3396 3672 3674
f 3672 3396 3696
f 3398 3399 3397
f 3397 3399 3859
f 3400 3399 3398
f 3398 3614 3400
f 3398 3612 3614
f 3398 3638 3612
f 3398 3636 3638
f 3398 3676 3636
f 3398 3674 3676
f 3400 3614 3616
f 3402 3423 3401
f 3424 3423 3402
f 3403 3567 3427
f 3403 3549 3547
f 3403 3547 3567
f 3428 3566 3404
f 3404 3568 3548
f 3404 3566 3568
f 3406 3405 3430
f 3430 3405 3429
f 3704 3406 3430
f 3706 3406 3704
f 3408 3409 3407
f 3859 3407 3409
f 3410 3409 3408
f 3696 3410 3408
f 3410 3411 3409
f 3409 3411 3859
f 3412 3411 3410
f 3412 3410 3696
f 3412 3413 3411
f 3859 3411 3413
f 3414 3413 3412
f 3696 3414 3412
f 3414 3415 3413
f 3859 3413 3415
f 3416 3415 3414
f 3696 3416 3414
f 3416 3417 3415
f 3859 3415 3417
f 3418 3417 3416
f 3696 3418 3416
f 3418 3419 3417
f 3417 3419 3859
f 3420 3419 3418
f 3420 3418 3696
f 3420 3421 3419
f 3419 3421 3859
f 3422 3421 3420
f 3422 3420 3696
f 3424 3431 3423
f 3432 3431 3424
f 3427 3565 3425
f 3425 3587 3433
f 3425 3565 3587
f 3426 3588 3428
f 3434 3586 3426
f 3426 3586 3588
f 3427 3567 3565
f 3428 3588 3566
f 3430 3429 3436
f 3436 3429 3435
f 3702 3430 3436
f 3704 3430 3702
f 3432 3441 3431
f 3442 3441 3432
f 3433 3585 3443
f 3433 3587 3585
f 3444 3606 3434
f 3434 3606 3586
f 3436 3435 3438
f 3438 3435 3437
f 3688 3436 3438
f 3690 3436 3688
f 3702 3436 3690
f 3438 3437 3446
f 3446 3437 3445
f 3688 3438 3446
f 3440 3439 3442
f 3440 3447 3439
f 3442 3439 3441
f 3448 3447 3440
f 3443 3603 3449
f 3443 3585 3605
f 3443 3605 3603
f 3452 3630 3444
f 3444 3604 3606
f 3444 3630 3604
f 3446 3445 3454
f 3454 3445 3453
f 3686 3446 3454
f 3688 3446 3686
f 3448 3457 3447
f 3458 3457 3448
f 3449 3629 3450
f 3449 3603 3629
f 3450 3627 3459
f 3450 3629 3627
f 3451 3628 3452
f 3462 3664 3451
f 3451 3664 3628
f 3452 3628 3630
f 3454 3453 3468
f 3468 3453 3467
f 3668 3454 3468
f 3670 3454 3668
f 3686 3454 3670
f 3456 3455 3458
f 3456 3469 3455
f 3458 3455 3457
f 3470 3469 3456
f 3459 3663 3460
f 3459 3627 3663
f 3460 3661 3473
f 3460 3663 3661
f 3461 3662 3462
f 3474 3684 3461
f 3461 3684 3662
f 3462 3662 3664
f 3845 3857 3463
f 3463 3857 3859
f 3464 3465 3477
f 3477 3465 3478
f 3846 3834 3466
f 3847 3846 3466
f 3468 3467 3480
f 3480 3467 3479
f 3666 3468 3480
f 3668 3468 3666
f 3470 3485 3469
f 3486 3485 3470
f 3473 3681 3471
f 3471 3699 3487
f 3471 3681 3699
f 3472 3700 3474
f 3490 3698 3472
f 3472 3698 3700
f 3473 3661 3683
f 3473 3683 3681
f 3474 3682 3684
f 3474 3700 3682
f 3475 3478 3476
f 3475 3476 3491
f 3477 3478 3475
f 3491 3476 3492
f 3480 3479 3482
f 3482 3479 3481
f 3634 3480 3482
f 3666 3480 3634
f 3482 3481 3494
f 3494 3481 3493
f 3632 3482 3494
f 3634 3482 3632
f 3484 3483 3486
f 3484 3495 3483
f 3486 3483 3485
f 3496 3495 3484
f 3487 3697 3488
f 3487 3699 3697
f 3488 3717 3497
f 3488 3697 3717
f 3489 3718 3490
f 3500 3716 3489
f 3489 3716 3718
f 3490 3718 3698
f 3491 3492 3503
f 3503 3492 3504
f 3494 3493 3506
f 3506 3493 3505
f 3610 3494 3506
f 3632 3494 3610
f 3496 3509 3495
f 3510 3509 3496
f 3497 3715 3498
f 3497 3717 3715
f 3498 3751 3513
f 3498 3715 3751
f 3499 3754 3500
f 3516 3753 3499
f 3499 3834 3516
f 3499 3753 3754
f 3500 3754 3716
f 3501 3504 3502
f 3501 3502 3519
f 3503 3504 3501
f 3519 3502 3520
f 3506 3505 3508
f 3508 3505 3507
f 3610 3506 3508
f 3508 3507 3522
f 3522 3507 3521
f 3608 3508 3522
f 3610 3508 3608
f 3510 3525 3509
f 3843 3509 3525
f 3526 3525 3510
f 3514 3749 3511
f 3511 3761 3527
f 3527 3833 3511
f 3511 3749 3761
f 3512 3762 3515
f 3515 3834 3512
f 3530 3760 3512
f 3512 3834 3530
f 3512 3760 3762
f 3513 3752 3514
f 3513 3751 3752
f 3514 3752 3749
f 3515 3750 3516
f 3516 3834 3515
f 3515 3762 3750
f 3516 3750 3753
f 3517 3520 3518
f 3517 3518 3531
f 3519 3520 3517
f 3531 3518 3532
f 3522 3521 3524
f 3524 3521 3523
f 3523 3521 3843
f 3592 3522 3524
f 3608 3522 3592
f 3524 3523 3534
f 3534 3523 3533
f 3843 3533 3523
f 3590 3524 3534
f 3592 3524 3590
f 3526 3539 3525
f 3525 3539 3843
f 3540 3539 3526
f 3527 3759 3528
f 3528 3833 3527
f 3527 3761 3759
f 3528 3765 3541
f 3541 3833 3528
f 3528 3759 3765
f 3529 3768 3530
f 3530 3834 3529
f 3546 3767 3529
f 3529 3834 3546
f 3529 3767 3768
f 3530 3768 3760
f 3531 3532 3549
f 3549 3532 3550
f 3534 3533 3536
f 3536 3533 3535
f 3535 3533 3843
f 3572 3534 3536
f 3590 3534 3572
f 3536 3535 3552
f 3552 3535 3551
f 3843 3551 3535
f 3570 3536 3552
f 3572 3536 3570
f 3538 3537 3540
f 3538 3557 3537
f 3540 3537 3539
f 3843 3539 3537
f 3537 3557 3843
f 3558 3557 3538
f 3541 3766 3542
f 3542 3833 3541
f 3541 3765 3766
f 3542 3763 3543
f 3543 3833 3542
f 3542 3766 3763
f 3543 3771 3559
f 3559 3833 3543
f 3543 3763 3771
f 3544 3772 3545
f 3545 3834 3544
f 3564 3772 3544
f 3544 3834 3564
f 3545 3764 3546
f 3546 3834 3545
f 3545 3772 3764
f 3546 3764 3767
f 3547 3550 3548
f 3547 3548 3567
f 3549 3550 3547
f 3567 3548 3568
f 3552 3551 3554
f 3554 3551 3553
f 3553 3551 3843
f 3570 3552 3554
f 3554 3553 3570
f 3570 3553 3569
f 3843 3569 3553
f 3556 3555 3558
f 3556 3575 3555
f 3558 3555 3557
f 3843 3557 3555
f 3555 3575 3843
f 3576 3575 3556
f 3559 3771 3560
f 3560 3833 3559
f 3560 3769 3561
f 3561 3833 3560
f 3560 3771 3769
f 3561 3777 3579
f 3579 3833 3561
f 3561 3769 3777
f 3562 3780 3563
f 3563 3834 3562
f 3584 3779 3562
f 3562 3834 3584
f 3562 3779 3780
f 3563 3770 3564
f 3564 3834 3563
f 3563 3780 3770
f 3564 3770 3772
f 3565 3568 3566
f 3565 3566 3587
f 3567 3568 3565
f 3587 3566 3588
f 3570 3569 3572
f 3572 3569 3571
f 3571 3569 3843
f 3572 3571 3590
f 3590 3571 3589
f 3843 3589 3571
f 3574 3573 3576
f 3574 3595 3573
f 3576 3573 3575
f 3843 3575 3573
f 3573 3595 3843
f 3596 3595 3574
f 3581 3774 3577
f 3577 3833 3581
f 3577 3783 3599
f 3599 3833 3577
f 3577 3774 3783
f 3578 3786 3582
f 3582 3834 3578
f 3602 3785 3578
f 3578 3834 3602
f 3578 3785 3786
f 3579 3778 3580
f 3580 3833 3579
f 3579 3777 3778
f 3580 3773 3581
f 3581 3833 3580
f 3580 3778 3773
f 3581 3773 3774
f 3582 3775 3583
f 3583 3834 3582
f 3582 3786 3775
f 3583 3776 3584
f 3584 3834 3583
f 3583 3775 3776
f 3584 3776 3779
f 3585 3588 3586
f 3585 3586 3605
f 3587 3588 3585
f 3605 3586 3606
f 3590 3589 3592
f 3592 3589 3591
f 3591 3589 3843
f 3592 3591 3608
f 3608 3591 3607
f 3843 3607 3591
f 3594 3593 3596
f 3594 3615 3593
f 3596 3593 3595
f 3843 3595 3593
f 3593 3615 3843
f 3616 3615 3594
f 3600 3791 3597
f 3597 3833 3600
f 3597 3792 3617
f 3617 3833 3597
f 3597 3791 3792
f 3598 3795 3601
f 3601 3834 3598
f 3626 3794 3598
f 3598 3834 3626
f 3598 3794 3795
f 3599 3784 3600
f 3600 3833 3599
f 3599 3783 3784
f 3600 3784 3781
f 3600 3781 3791
f 3601 3782 3602
f 3602 3834 3601
f 3601 3796 3782
f 3601 3795 3796
f 3602 3782 3785
f 3603 3606 3604
f 3603 3604 3629
f 3605 3606 3603
f 3629 3604 3630
f 3608 3607 3610
f 3610 3607 3609
f 3843 3609 3607
f 3610 3609 3632
f 3632 3609 3631
f 3843 3631 3609
f 3612 3611 3614
f 3612 3637 3611
f 3614 3611 3613
f 3613 3611 3843
f 3843 3611 3637
f 3638 3637 3612
f 3614 3613 3616
f 3616 3613 3615
f 3843 3615 3613
f 3617 3793 3618
f 3618 3833 3617
f 3617 3792 3793
f 3618 3787 3619
f 3619 3833 3618
f 3618 3793 3787
f 3619 3788 3620
f 3620 3833 3619
f 3619 3787 3788
f 3620 3805 3621
f 3621 3833 3620
f 3620 3788 3805
f 3621 3806 3643
f 3643 3833 3621
f 3621 3805 3806
f 3622 3811 3623
f 3623 3834 3622
f 3660 3810 3622
f 3622 3834 3660
f 3622 3810 3811
f 3623 3812 3624
f 3624 3834 3623
f 3623 3811 3812
f 3624 3789 3625
f 3625 3834 3624
f 3624 3812 3789
f 3625 3790 3626
f 3626 3834 3625
f 3625 3789 3790
f 3626 3790 3794
f 3627 3630 3628
f 3627 3628 3663
f 3629 3630 3627
f 3663 3628 3664
f 3632 3631 3634
f 3634 3631 3633
f 3843 3633 3631
f 3634 3633 3666
f 3666 3633 3665
f 3843 3665 3633
f 3636 3635 3638
f 3636 3675 3635
f 3638 3635 3637
f 3637 3635 3843
f 3843 3635 3675
f 3676 3675 3636
f 3639 3816 3640
f 3640 3834 3639
f 3651 3815 3639
f 3639 3833 3651
f 3639 3815 3816
f 3639 3834 3833
f 3640 3817 3677
f 3677 3834 3640
f 3640 3816 3817
f 3641 3822 3642
f 3642 3834 3641
f 3680 3821 3641
f 3641 3834 3680
f 3641 3821 3822
f 3642 3823 3652
f 3652 3834 3642
f 3642 3822 3823
f 3643 3807 3644
f 3644 3833 3643
f 3643 3806 3807
f 3644 3808 3645
f 3645 3833 3644
f 3644 3807 3808
f 3645 3797 3646
f 3646 3833 3645
f 3645 3808 3797
f 3646 3798 3647
f 3647 3833 3646
f 3646 3797 3798
f 3647 3799 3648
f 3648 3833 3647
f 3647 3798 3799
f 3648 3800 3649
f 3649 3833 3648
f 3648 3799 3800
f 3649 3813 3650
f 3650 3833 3649
f 3649 3800 3813
f 3650 3814 3651
f 3651 3833 3650
f 3650 3813 3814
f 3651 3814 3815
f 3652 3824 3653
f 3653 3834 3652
f 3652 3823 3824
f 3653 3825 3654
f 3654 3834 3653
f 3653 3824 3825
f 3654 3826 3655
f 3655 3834 3654
f 3654 3825 3826
f 3655 3801 3656
f 3656 3834 3655
f 3655 3826 3801
f 3656 3802 3657
f 3657 3834 3656
f 3656 3801 3802
f 3657 3803 3658
f 3658 3834 3657
f 3657 3802 3803
f 3658 3804 3659
f 3659 3834 3658
f 3658 3803 3804
f 3659 3809 3660
f 3660 3834 3659
f 3659 3804 3809
f 3660 3809 3810
f 3661 3664 3662
f 3661 3662 3683
f 3663 3664 3661
f 3683 3662 3684
f 3666 3665 3668
f 3668 3665 3667
f 3843 3667 3665
f 3668 3667 3670
f 3670 3667 3669
f 3669 3667 3843
f 3670 3669 3686
f 3686 3669 3685
f 3843 3685 3669
f 3672 3671 3674
f 3672 3695 3671
f 3674 3671 3673
f 3843 3673 3671
f 3671 3695 3843
f 3696 3695 3672
f 3674 3673 3676
f 3676 3673 3675
f 3843 3675 3673
f 3677 3818 3678
f 3678 3834 3677
f 3677 3817 3818
f 3678 3819 3679
f 3679 3834 3678
f 3678 3818 3819
f 3679 3820 3680
f 3680 3834 3679
f 3679 3819 3820
f 3680 3820 3821
f 3681 3684 3682
f 3681 3682 3699
f 3683 3684 3681
f 3699 3682 3700
f 3686 3685 3688
f 3688 3685 3687
f 3843 3687 3685
f 3688 3687 3690
f 3690 3687 3689
f 3843 3689 3687
f 3690 3689 3702
f 3702 3689 3701
f 3701 3689 3843
f 3692 3691 3694
f 3692 3713 3691
f 3694 3691 3693
f 3693 3691 3843
f 3843 3691 3713
f 3714 3713 3692
f 3694 3693 3696
f 3696 3693 3695
f 3843 3695 3693
f 3697 3700 3698
f 3697 3698 3717
f 3699 3700 3697
f 3717 3698 3718
f 3702 3701 3704
f 3704 3701 3703
f 3843 3703 3701
f 3704 3703 3706
f 3706 3703 3705
f 3705 3703 3843
f 3706 3705 3708
f 3708 3705 3707
f 3843 3707 3705
f 3708 3707 3720
f 3720 3707 3719
f 3719 3707 3843
f 3710 3709 3712
f 3710 3747 3709
f 3712 3709 3711
f 3843 3711 3709
f 3843 3709 3747
f 3748 3747 3710
f 3712 3711 3714
f 3714 3711 3713
f 3843 3713 3711
f 3715 3718 3716
f 3715 3716 3751
f 3717 3718 3715
f 3751 3716 3754
f 3720 3719 3722
f 3722 3719 3721
f 3843 3721 3719
f 3722 3721 3724
f 3724 3721 3723
f 3723 3721 3843
f 3724 3723 3726
f 3726 3723 3725
f 3843 3725 3723
f 3726 3725 3728
f 3728 3725 3727
f 3843 3727 3725
f 3728 3727 3730
f 3730 3727 3729
f 3843 3729 3727
f 3730 3729 3732
f 3732 3729 3731
f 3731 3729 3843
f 3732 3731 3756
f 3756 3731 3755
f 3843 3755 3731
f 3734 3733 3736
f 3734 3757 3733
f 3736 3733 3735
f 3735 3733 3843
f 3843 3733 3757
f 3758 3757 3734
f 3736 3735 3738
f 3738 3735 3737
f 3843 3737 3735
f 3738 3737 3740
f 3740 3737 3739
f 3843 3739 3737
f 3740 3739 3742
f 3742 3739 3741
f 3741 3739 3843
f 3742 3741 3744
f 3744 3741 3743
f 3843 3743 3741
f 3744 3743 3746
f 3746 3743 3745
f 3843 3745 3743
f 3746 3745 3748
f 3748 3745 3747
f 3747 3745 3843
f 3749 3753 3750
f 3749 3750 3761
f 3752 3753 3749
f 3761 3750 3762
f 3751 3754 3752
f 3752 3754 3753
f 3756 3755 3758
f 3758 3755 3757
f 3843 3757 3755
f 3759 3762 3760
f 3759 3760 3765
f 3761 3762 3759
f 3765 3760 3768
f 3763 3767 3764
f 3763 3764 3771
f 3766 3767 3763
f 3771 3764 3772
f 3765 3768 3766
f 3766 3768 3767
f 3769 3772 3770
f 3769 3770 3777
f 3771 3772 3769
f 3777 3770 3780
f 3773 3776 3774
f 3773 3779 3776
f 3778 3779 3773
f 3774 3776 3775
f 3774 3775 3783
f 3783 3775 3786
f 3777 3780 3778
f 3778 3780 3779
f 3781 3785 3782
f 3781 3782 3791
f 3784 3785 3781
f 3791 3782 3796
f 3783 3786 3784
f 3784 3786 3785
f 3787 3790 3788
f 3787 3794 3790
f 3793 3794 3787
f 3788 3790 3789
f 3788 3789 3805
f 3805 3789 3812
f 3791 3796 3792
f 3792 3795 3793
f 3792 3796 3795
f 3793 3795 3794
f 3797 3804 3798
f 3797 3809 3804
f 3808 3809 3797
f 3798 3803 3799
f 3798 3804 3803
f 3799 3802 3800
f 3799 3803 3802
f 3800 3802 3801
f 3800 3801 3813
f 3813 3801 3826
f 3805 3812 3806
f 3806 3811 3807
f 3806 3812 3811
f 3807 3810 3808
f 3807 3811 3810
f 3808 3810 3809
f 3813 3826 3814
f 3814 3825 3815
f 3814 3826 3825
f 3815 3824 3816
f 3815 3825 3824
f 3816 3823 3817
f 3816 3824 3823
f 3817 3822 3818
f 3817 3823 3822
f 3818 3821 3819
f 3818 3822 3821
f 3819 3821 3820
f 3848 3827 3828
f 3847 3827 3848
f 3849 3828 3829
f 3848 3828 3849
f 3850 3829 3830
f 3849 3829 3850
f 3851 3830 3831
f 3850 3830 3851
f 3852 3831 3832
f 3851 3831 3852
f 3853 3832 3835
f 3852 3832 3853
f 3846 3833 3834
f 3845 3833 3846
f 3854 3835 3836
f 3853 3835 3854
f 3855 3836 3837
f 3854 3836 3855
f 3856 3837 3840
f 3855 3837 3856
f 3838 3841 3839
f 3844 3838 3839
f 3843 3838 3844
f 3839 3841 3842
f 3858 3840 3842
f 3856 3840 3858
f 3857 3842 3841
f 3860 3857 3841
f 3858 3842 3857
f 3858 3845 3846
f 3857 3845 3858
f 3848 3846 3847
f 3849 3846 3848
f 3850 3846 3849
f 3851 3846 3850
f 3852 3846 3851
f 3853 3846 3852
f 3854 3846 3853
f 3855 3846 3854
f 3856 3846 3855
f 3858 3846 3856
f 3857 3860 3859
f 3861 3863 3862
f 3862 3926 3861
f 3864 3863 3861
f 3861 3865 3864
f 3861 3866 3865
f 3867 3866 3861
f 3861 3868 3867
f 3861 3869 3868
f 3870 3869 3861
f 3870 3861 3871
f 3871 3861 3876
f 3861 3872 3874
f 3861 3882 3872
f 3874 3875 3861
f 3861 3875 3876
f 3861 3879 3880
f 3890 3879 3861
f 3880 3881 3861
f 3881 3882 3861
f 3887 3889 3861
f 3861 3894 3887
f 3889 3890 3861
f 3861 3893 3894
f 3861 3897 3893
f 3861 3899 3897
f 3861 3903 3899
f 3861 3905 3903
f 4113 3905 3861
f 3861 3926 3925
f 3861 3925 5693
f 4109 4110 3861
f 3861 4134 4109
f 4110 4111 3861
f 4111 4112 3861
f 3861 4112 4113
f 4133 4134 3861
f 4150 4133 3861
f 3861 4147 4149
f 3861 4163 4147
f 3861 4149 4150
f 3861 4173 4163
f 3861 4181 4173
f 3861 4726 4181
f 5693 4726 3861
f 3927 3862 3863
f 3926 3862 3927
f 3928 3863 3864
f 3927 3863 3928
f 3929 3864 3865
f 3928 3864 3929
f 3930 3865 3866
f 3929 3865 3930
f 3933 3866 3867
f 3930 3866 3933
f 3934 3867 3868
f 3933 3867 3934
f 3935 3868 3869
f 3934 3868 3935
f 3936 3869 3870
f 3935 3869 3936
f 3937 3870 3871
f 3936 3870 3937
f 3871 3876 3878
f 3946 3871 3878
f 3937 3871 3946
f 3940 3874 3872
f 3940 3872 3882
f 3878 3877 3873
f 3943 3873 3877
f 3878 3873 3883
f 3943 3883 3873
f 3940 3875 3874
f 3941 3876 3875
f 3941 3875 3940
f 3876 3877 3878
f 3942 3877 3876
f 3942 3876 3941
f 3943 3877 3942
f 3883 3884 3878
f 3884 3885 3878
f 3878 3885 3886
f 3886 3891 3878
f 3892 3888 3878
f 3878 3888 3895
f 3891 3892 3878
f 3878 3895 3896
f 3878 3896 3898
f 3878 3898 3900
f 3900 3902 3878
f 3902 4246 3878
f 3946 3878 5823
f 4663 3878 4246
f 5596 3878 4663
f 5645 3878 5596
f 5823 3878 5645
f 3947 3880 3879
f 3947 3879 3890
f 3938 3881 3880
f 3938 3880 3951
f 3948 3880 3947
f 3951 3880 3948
f 3939 3882 3881
f 3939 3881 3938
f 3940 3882 3939
f 3943 3884 3883
f 3944 3885 3884
f 3944 3884 3943
f 3949 3886 3885
f 3945 3885 3944
f 3952 3885 3945
f 3949 3885 3952
f 3950 3891 3886
f 3950 3886 3949
f 3954 3889 3887
f 3954 3887 3894
f 3955 3888 3892
f 3955 3895 3888
f 3957 3890 3889
f 3957 3889 3954
f 3947 3890 3957
f 3950 3892 3891
f 3958 3892 3950
f 3955 3892 3958
f 3953 3894 3893
f 3959 3893 3897
f 3953 3893 3961
f 3961 3893 3959
f 3954 3894 3953
f 3955 3896 3895
f 3960 3898 3896
f 3956 3896 3955
f 3962 3896 3956
f 3960 3896 3962
f 3963 3897 3899
f 3959 3897 3965
f 3965 3897 3963
f 3964 3900 3898
f 3966 3898 3960
f 3964 3898 3966
f 3967 3899 3903
f 3963 3899 3969
f 3969 3899 3967
f 3901 3900 3904
f 3968 3904 3900
f 3970 3900 3964
f 3968 3900 3970
f 3901 3931 3902
f 3901 3904 3908
f 3901 3908 3907
f 3907 3912 3901
f 3901 3912 3911
f 3911 3918 3901
f 3918 3917 3901
f 3901 3917 4116
f 3901 4382 3931
f 3901 4116 4135
f 3901 4135 4243
f 4243 4382 3901
f 3902 3931 3932
f 3902 3932 4246
f 3971 3903 3905
f 3967 3903 3973
f 3973 3903 3971
f 3972 3908 3904
f 3974 3904 3968
f 3972 3904 3974
f 3976 3905 3906
f 3906 3905 4113
f 3971 3905 3979
f 3975 3905 3976
f 3979 3905 3975
f 3976 3906 3909
f 4113 3909 3906
f 3978 3907 3908
f 3977 3912 3907
f 3977 3907 3978
f 3980 3908 3972
f 3978 3908 3980
f 3982 3909 3910
f 4113 3910 3909
f 3976 3909 3985
f 3981 3909 3982
f 3985 3909 3981
f 3982 3910 3913
f 4113 3913 3910
f 3984 3911 3912
f 3983 3918 3911
f 3983 3911 3984
f 3986 3912 3977
f 3984 3912 3986
f 3996 3913 3914
f 4113 3914 3913
f 3982 3913 3995
f 3995 3913 3996
f 3988 3914 3915
f 4113 3915 3914
f 3987 3914 3988
f 3996 3914 3987
f 3988 3915 3919
f 4113 3919 3915
f 3994 3916 3917
f 4116 3917 3916
f 3993 3924 3916
f 4115 3916 3924
f 3993 3916 3994
f 4116 3916 4115
f 3998 3917 3918
f 3994 3917 3997
f 3997 3917 3998
f 3998 3918 3983
f 3989 3919 3920
f 4113 3920 3919
f 3988 3919 3989
f 3990 3920 3921
f 4113 3921 3920
f 3989 3920 3990
f 4008 3921 3922
f 4113 3922 3921
f 3990 3921 4007
f 4007 3921 4008
f 3992 3922 3923
f 4113 3923 3922
f 3991 3922 3992
f 4008 3922 3991
f 3993 3923 3924
f 4115 3924 3923
f 3992 3923 3993
f 4114 3923 4113
f 4115 3923 4114
f 3927 3925 3926
f 3928 3925 3927
f 3929 3925 3928
f 3930 3925 3929
f 3933 3925 3930
f 3934 3925 3933
f 3935 3925 3934
f 3936 3925 3935
f 3937 3925 3936
f 3937 3942 3925
f 3925 3939 3938
f 3925 3938 3951
f 3925 3940 3939
f 3925 3941 3940
f 3942 3941 3925
f 3948 3947 3925
f 3925 3947 3957
f 3951 3948 3925
f 3925 3954 3953
f 3925 3953 3961
f 3957 3954 3925
f 3925 3961 3959
f 3959 3965 3925
f 3925 3965 3963
f 3963 3969 3925
f 3969 3967 3925
f 3967 3973 3925
f 3973 3971 3925
f 4401 3925 3971
f 3925 4399 4398
f 3925 4398 4423
f 3925 4400 4399
f 4400 3925 4401
f 3925 4415 4414
f 4414 4446 3925
f 3925 4422 4415
f 3925 4423 4422
f 3925 4446 4442
f 4442 4467 3925
f 3925 4466 4462
f 3925 4462 4486
f 4467 4466 3925
f 3925 4486 4482
f 3925 4482 4502
f 3925 4502 4498
f 4498 5114 3925
f 3925 5114 5835
f 5693 3925 5835
f 3931 4097 3932
f 3931 4087 4088
f 4128 4087 3931
f 3931 4088 4089
f 4089 4093 3931
f 3931 4093 4094
f 3931 4094 4095
f 4095 4096 3931
f 3931 4096 4097
f 3931 4121 4122
f 4143 4121 3931
f 3931 4122 4125
f 4125 4126 3931
f 3931 4126 4127
f 3931 4127 4128
f 4139 4141 3931
f 3931 4159 4139
f 3931 4141 4142
f 3931 4142 4143
f 3931 4155 4157
f 3931 4170 4155
f 4157 4158 3931
f 3931 4158 4159
f 3931 4167 4169
f 3931 4179 4167
f 4169 4170 3931
f 3931 4177 4179
f 3931 4188 4177
f 3931 4185 4187
f 3931 4197 4185
f 4187 4188 3931
f 4382 4197 3931
f 3932 4090 4091
f 3932 4108 4090
f 4091 4092 3932
f 3932 4092 4129
f 3932 4097 4098
f 3932 4098 4099
f 4099 4100 3932
f 3932 4100 4101
f 4101 4102 3932
f 3932 4102 4103
f 3932 4103 4104
f 4104 4105 3932
f 3932 4105 4106
f 3932 4106 4107
f 4107 4108 3932
f 4123 4124 3932
f 3932 4132 4123
f 3932 4124 4144
f 3932 4129 4130
f 4130 4131 3932
f 3932 4131 4132
f 3932 4146 4140
f 3932 4140 4160
f 3932 4144 4145
f 4145 4146 3932
f 3932 4162 4156
f 4156 4171 3932
f 4160 4161 3932
f 3932 4161 4162
f 3932 4172 4168
f 4168 4180 3932
f 3932 4171 4172
f 3932 4180 4178
f 4178 4189 3932
f 3932 4190 4186
f 4186 4198 3932
f 3932 4189 4190
f 3932 4198 4196
f 3932 4196 4209
f 4209 4210 3932
f 3932 4210 4385
f 4246 3932 4385
f 3946 3942 3937
f 3946 3943 3942
f 3946 3944 3943
f 3946 3945 3944
f 3946 3952 3945
f 3950 3949 3946
f 3949 3952 3946
f 3946 3958 3950
f 3946 3956 3955
f 3955 3958 3946
f 3946 3962 3956
f 3946 3960 3962
f 3966 3960 3946
f 3946 3964 3966
f 3970 3964 3946
f 3968 3970 3946
f 3974 3968 3946
f 3972 3974 3946
f 3980 3972 3946
f 3946 3977 3978
f 3946 3986 3977
f 3978 3980 3946
f 3983 3984 3946
f 3998 3983 3946
f 3946 3984 3986
f 3991 3992 3946
f 3946 4008 3991
f 3992 3993 3946
f 3993 3994 3946
f 3946 3994 3997
f 3946 3997 3998
f 4273 4008 3946
f 4274 4273 3946
f 3946 4275 4274
f 3946 4276 4275
f 4277 4276 3946
f 3946 4278 4277
f 3946 4295 4278
f 4289 4288 3946
f 3946 4288 4296
f 3946 4290 4289
f 3946 4291 4290
f 4292 4291 3946
f 3946 4320 4292
f 3946 4296 4295
f 3946 4316 4315
f 4315 4320 3946
f 3946 4317 4316
f 4318 4317 3946
f 3946 4340 4318
f 4337 4336 3946
f 3946 4336 4340
f 3946 4338 4337
f 3946 4358 4338
f 3946 4355 4354
f 4354 4358 3946
f 3946 4356 4355
f 4371 4356 3946
f 3946 4369 4368
f 3946 4368 4371
f 4379 4369 3946
f 3946 4377 4379
f 4393 4377 3946
f 3946 4391 4390
f 3946 4390 4393
f 4406 4391 3946
f 3946 4407 4406
f 3946 4427 4407
f 3946 4421 4420
f 4420 4427 3946
f 3946 4445 4421
f 3946 4471 4445
f 3946 4465 4471
f 4489 4465 3946
f 3946 4485 4489
f 4501 4485 3946
f 3946 4521 4501
f 3946 4539 4521
f 4563 4539 3946
f 3946 4577 4563
f 3946 4589 4577
f 4597 4589 3946
f 3946 4603 4597
f 3946 4601 4603
f 4611 4601 3946
f 3946 4609 4611
f 3946 4619 4609
f 3946 4629 4619
f 3946 4645 4629
f 4643 4645 3946
f 3946 4649 4643
f 3946 4647 4649
f 4651 4647 3946
f 3946 4653 4651
f 4657 4653 3946
f 3946 4655 4657
f 3946 4659 4655
f 3946 4665 4659
f 3946 4683 4665
f 4681 4683 3946
f 3946 4695 4681
f 3946 4705 4695
f 4703 4705 3946
f 3946 4711 4703
f 4731 4711 3946
f 3946 4753 4731
f 3946 4751 4753
f 4771 4751 3946
f 3946 4787 4771
f 4805 4787 3946
f 3946 4803 4805
f 3946 4823 4803
f 4839 4823 3946
f 3946 4837 4839
f 3946 4851 4837
f 3946 4869 4851
f 3946 4885 4869
f 4883 4885 3946
f 3946 4897 4883
f 4911 4897 3946
f 3946 4927 4911
f 3946 4925 4927
f 4943 4925 3946
f 3946 4941 4943
f 3946 4959 4941
f 3946 4973 4959
f 3946 4993 4973
f 4991 4993 3946
f 3946 5023 4991
f 3946 5021 5023
f 5823 5021 3946
f 3971 3979 4401
f 4401 3975 3976
f 3979 3975 4401
f 4401 3976 3985
f 3981 3982 4401
f 4401 3985 3981
f 3982 3995 4401
f 3987 3988 4401
f 4401 3996 3987
f 3988 3989 4401
f 3989 3990 4273
f 3989 4268 4267
f 4267 4294 3989
f 3989 4269 4268
f 4270 4269 3989
f 3989 4271 4270
f 3989 4272 4271
f 4272 3989 4273
f 3989 4284 4283
f 4283 4319 3989
f 4285 4284 3989
f 3989 4286 4285
f 3989 4287 4286
f 4293 4287 3989
f 3989 4294 4293
f 3989 4312 4311
f 3989 4311 4339
f 4313 4312 3989
f 3989 4314 4313
f 3989 4319 4314
f 3989 4334 4333
f 3989 4333 4357
f 4335 4334 3989
f 3989 4339 4335
f 3989 4352 4351
f 4351 4370 3989
f 3989 4353 4352
f 4357 4353 3989
f 3989 4370 4367
f 4367 4378 3989
f 3989 4378 4376
f 4376 4392 3989
f 3989 4389 4388
f 3989 4388 4405
f 3989 4392 4389
f 4401 3989 4404
f 4405 4404 3989
f 4273 3990 4007
f 4401 3995 3996
f 4098 3999 4001
f 4303 4001 3999
f 4097 4017 3999
f 4303 3999 4017
f 4097 3999 4098
f 4104 4006 4000
f 4000 4006 4303
f 4105 4000 4018
f 4303 4018 4000
f 4104 4000 4105
f 4099 4001 4002
f 4002 4001 4303
f 4098 4001 4099
f 4100 4002 4003
f 4303 4003 4002
f 4099 4002 4100
f 4101 4003 4004
f 4303 4004 4003
f 4100 4003 4101
f 4102 4004 4005
f 4303 4005 4004
f 4101 4004 4102
f 4103 4005 4006
f 4303 4006 4005
f 4102 4005 4103
f 4103 4006 4104
f 4273 4007 4008
f 4128 4009 4010
f 4303 4010 4009
f 4127 4031 4009
f 4303 4009 4031
f 4127 4009 4128
f 4087 4010 4011
f 4011 4010 4303
f 4128 4010 4087
f 4088 4011 4012
f 4303 4012 4011
f 4087 4011 4088
f 4089 4012 4013
f 4303 4013 4012
f 4088 4012 4089
f 4093 4013 4014
f 4014 4013 4303
f 4089 4013 4093
f 4094 4014 4015
f 4303 4015 4014
f 4093 4014 4094
f 4095 4015 4016
f 4303 4016 4015
f 4094 4015 4095
f 4096 4016 4017
f 4017 4016 4303
f 4095 4016 4096
f 4096 4017 4097
f 4106 4018 4019
f 4303 4019 4018
f 4105 4018 4106
f 4107 4019 4020
f 4020 4019 4303
f 4106 4019 4107
f 4108 4020 4021
f 4303 4021 4020
f 4107 4020 4108
f 4090 4021 4022
f 4303 4022 4021
f 4108 4021 4090
f 4091 4022 4023
f 4023 4022 4303
f 4090 4022 4091
f 4092 4023 4024
f 4303 4024 4023
f 4091 4023 4092
f 4129 4024 4025
f 4303 4025 4024
f 4092 4024 4129
f 4130 4025 4026
f 4026 4025 4303
f 4129 4025 4130
f 4131 4026 4032
f 4303 4032 4026
f 4130 4026 4131
f 4121 4027 4028
f 4028 4027 4303
f 4143 4039 4027
f 4303 4027 4039
f 4143 4027 4121
f 4122 4028 4029
f 4303 4029 4028
f 4121 4028 4122
f 4125 4029 4030
f 4303 4030 4029
f 4122 4029 4125
f 4126 4030 4031
f 4031 4030 4303
f 4125 4030 4126
f 4126 4031 4127
f 4132 4032 4033
f 4303 4033 4032
f 4131 4032 4132
f 4123 4033 4034
f 4034 4033 4303
f 4132 4033 4123
f 4124 4034 4035
f 4303 4035 4034
f 4123 4034 4124
f 4144 4035 4036
f 4303 4036 4035
f 4124 4035 4144
f 4145 4036 4040
f 4040 4036 4303
f 4144 4036 4145
f 4139 4037 4038
f 4303 4038 4037
f 4159 4046 4037
f 4303 4037 4046
f 4159 4037 4139
f 4142 4038 4039
f 4303 4039 4038
f 4139 4038 4141
f 4141 4038 4142
f 4142 4039 4143
f 4146 4040 4041
f 4303 4041 4040
f 4145 4040 4146
f 4160 4041 4042
f 4042 4041 4303
f 4146 4041 4140
f 4140 4041 4160
f 4161 4042 4047
f 4303 4047 4042
f 4160 4042 4161
f 4155 4043 4044
f 4303 4044 4043
f 4170 4053 4043
f 4043 4053 4303
f 4170 4043 4155
f 4157 4044 4045
f 4303 4045 4044
f 4155 4044 4157
f 4158 4045 4046
f 4046 4045 4303
f 4157 4045 4158
f 4158 4046 4159
f 4162 4047 4048
f 4303 4048 4047
f 4161 4047 4162
f 4156 4048 4049
f 4049 4048 4303
f 4162 4048 4156
f 4171 4049 4050
f 4303 4050 4049
f 4156 4049 4171
f 4172 4050 4054
f 4303 4054 4050
f 4171 4050 4172
f 4167 4051 4052
f 4303 4052 4051
f 4179 4059 4051
f 4051 4059 4303
f 4179 4051 4167
f 4169 4052 4053
f 4303 4053 4052
f 4167 4052 4169
f 4169 4053 4170
f 4168 4054 4055
f 4055 4054 4303
f 4172 4054 4168
f 4180 4055 4056
f 4303 4056 4055
f 4168 4055 4180
f 4180 4056 4060
f 4303 4060 4056
f 4177 4057 4058
f 4303 4058 4057
f 4188 4064 4057
f 4057 4064 4303
f 4188 4057 4177
f 4179 4058 4059
f 4303 4059 4058
f 4177 4058 4179
f 4178 4060 4061
f 4061 4060 4303
f 4180 4060 4178
f 4189 4061 4062
f 4303 4062 4061
f 4178 4061 4189
f 4190 4062 4065
f 4303 4065 4062
f 4189 4062 4190
f 4187 4063 4064
f 4303 4064 4063
f 4197 4068 4063
f 4063 4068 4303
f 4185 4063 4187
f 4197 4063 4185
f 4187 4064 4188
f 4186 4065 4066
f 4066 4065 4303
f 4190 4065 4186
f 4196 4066 4069
f 4303 4069 4066
f 4186 4066 4198
f 4198 4066 4196
f 4195 4067 4068
f 4303 4068 4067
f 4208 4072 4067
f 4303 4067 4072
f 4208 4067 4195
f 4195 4068 4197
f 4209 4069 4070
f 4070 4069 4303
f 4196 4069 4209
f 4210 4070 4073
f 4303 4073 4070
f 4209 4070 4210
f 4207 4071 4072
f 4072 4071 4303
f 4205 4077 4071
f 4303 4071 4077
f 4205 4071 4207
f 4207 4072 4208
f 4206 4073 4074
f 4303 4074 4073
f 4210 4073 4206
f 4226 4074 4078
f 4078 4074 4303
f 4206 4074 4226
f 4223 4075 4076
f 4076 4075 4303
f 4241 4081 4075
f 4303 4075 4081
f 4241 4075 4223
f 4225 4076 4077
f 4303 4077 4076
f 4223 4076 4225
f 4225 4077 4205
f 4224 4078 4079
f 4303 4079 4078
f 4226 4078 4224
f 4242 4079 4080
f 4303 4080 4079
f 4224 4079 4242
f 4240 4080 4082
f 4082 4080 4303
f 4242 4080 4240
f 4249 4084 4081
f 4081 4084 4303
f 4239 4081 4241
f 4249 4081 4239
f 4248 4082 4085
f 4303 4085 4082
f 4240 4082 4250
f 4250 4082 4248
f 4247 4083 4084
f 4303 4084 4083
f 4253 4118 4083
f 4303 4083 4118
f 4253 4083 4247
f 4247 4084 4249
f 4254 4085 4086
f 4086 4085 4303
f 4248 4085 4254
f 4252 4086 4119
f 4303 4119 4086
f 4254 4086 4252
f 4422 4110 4109
f 4414 4109 4134
f 4415 4109 4414
f 4422 4109 4415
f 4398 4111 4110
f 4398 4110 4423
f 4423 4110 4422
f 4399 4112 4111
f 4399 4111 4398
f 4400 4113 4112
f 4400 4112 4399
f 4401 4114 4113
f 4401 4113 4400
f 4402 4115 4114
f 4402 4114 4401
f 4424 4116 4115
f 4403 4115 4402
f 4424 4115 4403
f 4416 4135 4116
f 4416 4116 4425
f 4425 4116 4424
f 4251 4117 4118
f 4118 4117 4303
f 4257 4137 4117
f 4303 4117 4137
f 4257 4117 4251
f 4251 4118 4253
f 4258 4119 4120
f 4303 4120 4119
f 4252 4119 4258
f 4256 4120 4138
f 4138 4120 4303
f 4258 4120 4256
f 4442 4134 4133
f 4442 4133 4150
f 4414 4134 4446
f 4446 4134 4442
f 4135 4136 4243
f 4447 4136 4135
f 4417 4135 4416
f 4447 4135 4417
f 4136 4151 4243
f 4443 4151 4136
f 4443 4136 4447
f 4261 4153 4137
f 4137 4153 4303
f 4255 4137 4257
f 4261 4137 4255
f 4260 4138 4154
f 4303 4154 4138
f 4256 4138 4262
f 4262 4138 4260
f 4462 4149 4147
f 4462 4147 4163
f 4243 4152 4148
f 4463 4148 4152
f 4243 4148 4164
f 4463 4164 4148
f 4466 4150 4149
f 4466 4149 4462
f 4442 4150 4467
f 4467 4150 4466
f 4243 4151 4152
f 4468 4152 4151
f 4468 4151 4443
f 4463 4152 4469
f 4469 4152 4468
f 4265 4165 4153
f 4303 4153 4165
f 4259 4153 4261
f 4265 4153 4259
f 4264 4154 4166
f 4303 4166 4154
f 4260 4154 4266
f 4266 4154 4264
f 4482 4163 4173
f 4462 4163 4486
f 4486 4163 4482
f 4243 4164 4174
f 4483 4174 4164
f 4487 4164 4463
f 4483 4164 4487
f 4263 4175 4165
f 4165 4175 4303
f 4263 4165 4265
f 4282 4166 4176
f 4303 4176 4166
f 4264 4166 4282
f 4498 4173 4181
f 4482 4173 4502
f 4502 4173 4498
f 4243 4174 4182
f 4499 4182 4174
f 4503 4174 4483
f 4499 4174 4503
f 4279 4183 4175
f 4303 4175 4183
f 4281 4175 4263
f 4279 4175 4281
f 4303 4184 4176
f 4310 4176 4184
f 4282 4176 4280
f 4280 4176 4310
f 4518 4181 4191
f 4706 4191 4181
f 4498 4181 4522
f 4522 4181 4518
f 4706 4181 4726
f 4243 4182 4192
f 4519 4192 4182
f 4523 4182 4499
f 4519 4182 4523
f 4303 4183 4193
f 4331 4193 4183
f 4309 4183 4279
f 4331 4183 4309
f 4194 4184 4303
f 4330 4184 4194
f 4310 4184 4332
f 4332 4184 4330
f 4534 4191 4199
f 4696 4199 4191
f 4518 4191 4540
f 4540 4191 4534
f 4696 4191 4706
f 4192 4202 4243
f 4537 4202 4192
f 4541 4192 4519
f 4537 4192 4541
f 4193 4203 4303
f 4349 4203 4193
f 4329 4193 4331
f 4349 4193 4329
f 4303 4204 4194
f 4348 4194 4204
f 4330 4194 4350
f 4350 4194 4348
f 4382 4195 4197
f 4382 4208 4195
f 4535 4199 4200
f 4697 4200 4199
f 4534 4199 4535
f 4697 4199 4696
f 4558 4200 4213
f 4684 4213 4200
f 4535 4200 4564
f 4564 4200 4558
f 4684 4200 4697
f 4243 4202 4201
f 4537 4201 4202
f 4243 4201 4218
f 4561 4218 4201
f 4536 4201 4537
f 4565 4201 4536
f 4561 4201 4565
f 4303 4203 4220
f 4347 4220 4203
f 4347 4203 4349
f 4221 4204 4303
f 4366 4204 4221
f 4348 4204 4366
f 4382 4205 4207
f 4382 4225 4205
f 4385 4210 4206
f 4385 4206 4226
f 4207 4208 4382
f 4571 4215 4211
f 4666 4211 4215
f 4571 4211 4227
f 4668 4227 4211
f 4668 4211 4666
f 4243 4216 4212
f 4574 4212 4216
f 4212 4234 4243
f 4574 4234 4212
f 4559 4213 4214
f 4685 4214 4213
f 4558 4213 4559
f 4685 4213 4684
f 4571 4214 4215
f 4686 4215 4214
f 4559 4214 4578
f 4570 4214 4571
f 4578 4214 4570
f 4686 4214 4685
f 4666 4215 4686
f 4217 4216 4243
f 4575 4216 4217
f 4574 4216 4575
f 4243 4218 4217
f 4561 4217 4218
f 4560 4217 4561
f 4579 4217 4560
f 4575 4217 4579
f 4303 4220 4219
f 4365 4219 4220
f 4219 4236 4303
f 4363 4236 4219
f 4363 4219 4365
f 4365 4220 4347
f 4303 4222 4221
f 4364 4221 4222
f 4366 4221 4364
f 4303 4237 4222
f 4375 4222 4237
f 4364 4222 4375
f 4223 4225 4382
f 4382 4241 4223
f 4226 4224 4385
f 4385 4224 4242
f 4572 4227 4228
f 4669 4228 4227
f 4571 4227 4572
f 4669 4227 4668
f 4591 4228 4229
f 4670 4229 4228
f 4572 4228 4590
f 4590 4228 4591
f 4670 4228 4669
f 4585 4229 4230
f 4671 4230 4229
f 4584 4229 4585
f 4591 4229 4584
f 4671 4229 4670
f 4243 4231 4230
f 4586 4230 4231
f 4243 4230 4303
f 4298 4230 4297
f 4297 4230 4324
f 4299 4230 4298
f 4300 4230 4299
f 4301 4230 4300
f 4302 4230 4301
f 4303 4230 4302
f 4322 4230 4321
f 4321 4230 4343
f 4323 4230 4322
f 4324 4230 4323
f 4342 4230 4341
f 4341 4230 4360
f 4343 4230 4342
f 4360 4230 4359
f 4359 4230 4372
f 4372 4230 4430
f 4428 4429 4230
f 4453 4428 4230
f 4230 4429 4430
f 4452 4453 4230
f 4660 4452 4230
f 4585 4230 4586
f 4230 4672 4660
f 4230 4671 4672
f 4243 4232 4231
f 4587 4231 4232
f 4586 4231 4587
f 4243 4233 4232
f 4593 4232 4233
f 4587 4232 4592
f 4592 4232 4593
f 4243 4234 4233
f 4574 4233 4234
f 4573 4233 4574
f 4593 4233 4573
f 4303 4236 4235
f 4374 4235 4236
f 4235 4244 4303
f 4386 4244 4235
f 4386 4235 4374
f 4374 4236 4363
f 4238 4237 4303
f 4387 4237 4238
f 4375 4237 4387
f 4303 4245 4238
f 4384 4238 4245
f 4387 4238 4384
f 4382 4239 4241
f 4249 4239 4382
f 4385 4242 4240
f 4240 4250 4385
f 4303 4244 4243
f 4244 4383 4243
f 4243 4383 4382
f 4383 4244 4386
f 4303 4246 4245
f 4246 4385 4245
f 4245 4385 4384
f 4246 4303 4304
f 4304 4305 4246
f 4305 4306 4246
f 4246 4306 4307
f 4246 4307 4308
f 4246 4308 4325
f 4325 4326 4246
f 4326 4327 4246
f 4246 4327 4328
f 4246 4328 4344
f 4344 4345 4246
f 4246 4345 4346
f 4246 4346 4361
f 4361 4362 4246
f 4246 4362 4373
f 4246 4373 4381
f 4246 4381 4396
f 4396 4397 4246
f 4246 4397 4412
f 4246 4413 4409
f 4246 4409 4435
f 4246 4412 4413
f 4439 4246 4435
f 4440 4246 4439
f 4441 4246 4440
f 4460 4246 4441
f 4451 4246 4461
f 4480 4246 4451
f 4461 4246 4460
f 4481 4246 4480
f 4497 4246 4481
f 4517 4246 4497
f 4507 4246 4516
f 4533 4246 4507
f 4516 4246 4517
f 4532 4246 4533
f 4557 4246 4532
f 4556 4246 4557
f 4663 4246 4556
f 4382 4247 4249
f 4382 4253 4247
f 4385 4250 4248
f 4385 4248 4254
f 4251 4253 4382
f 4382 4257 4251
f 4254 4252 4385
f 4385 4252 4258
f 4382 4255 4257
f 4261 4255 4382
f 4385 4258 4256
f 4256 4262 4385
f 4382 4259 4261
f 4382 4265 4259
f 4385 4262 4260
f 4385 4260 4266
f 4263 4265 4382
f 4382 4281 4263
f 4266 4264 4385
f 4385 4264 4282
f 4714 4267 4268
f 4713 4294 4267
f 4713 4267 4714
f 4715 4268 4269
f 4714 4268 4715
f 4716 4269 4270
f 4715 4269 4716
f 4717 4270 4271
f 4716 4270 4717
f 4718 4271 4272
f 4717 4271 4718
f 4719 4272 4273
f 4718 4272 4719
f 4720 4273 4274
f 4719 4273 4720
f 4721 4274 4275
f 4720 4274 4721
f 4722 4275 4276
f 4721 4275 4722
f 4723 4276 4277
f 4722 4276 4723
f 4724 4277 4278
f 4723 4277 4724
f 4725 4278 4295
f 4724 4278 4725
f 4382 4279 4281
f 4309 4279 4382
f 4385 4282 4280
f 4280 4310 4385
f 4733 4283 4284
f 4732 4319 4283
f 4732 4283 4733
f 4734 4284 4285
f 4733 4284 4734
f 4735 4285 4286
f 4734 4285 4735
f 4736 4286 4287
f 4735 4286 4736
f 4737 4287 4293
f 4736 4287 4737
f 4740 4288 4289
f 4739 4296 4288
f 4739 4288 4740
f 4741 4289 4290
f 4740 4289 4741
f 4742 4290 4291
f 4741 4290 4742
f 4743 4291 4292
f 4742 4291 4743
f 4763 4292 4320
f 4743 4292 4763
f 4744 4293 4294
f 4737 4293 4744
f 4712 4294 4713
f 4744 4294 4712
f 4738 4295 4296
f 4725 4295 4745
f 4745 4295 4738
f 4738 4296 4739
f 4297 5143 4298
f 4324 5143 4297
f 4298 5144 4299
f 4298 5143 5144
f 4299 5121 4300
f 4299 5150 5121
f 4299 5144 5150
f 4300 5122 4301
f 4300 5121 5122
f 4301 5123 4302
f 4301 5122 5123
f 4302 5124 4303
f 4302 5123 5124
f 4303 5125 4304
f 4303 5124 5125
f 4304 5126 4305
f 4304 5125 5126
f 4305 5127 4306
f 4305 5126 5127
f 4306 5151 4307
f 4306 5127 5128
f 4306 5128 5151
f 4307 5145 4308
f 4307 5151 5145
f 4308 5146 4325
f 4308 5145 5146
f 4382 4331 4309
f 4385 4310 4332
f 4755 4311 4312
f 4754 4339 4311
f 4754 4311 4755
f 4756 4312 4313
f 4755 4312 4756
f 4757 4313 4314
f 4756 4313 4757
f 4762 4314 4319
f 4757 4314 4762
f 4759 4315 4316
f 4758 4320 4315
f 4758 4315 4759
f 4760 4316 4317
f 4759 4316 4760
f 4761 4317 4318
f 4760 4317 4761
f 4779 4318 4340
f 4761 4318 4779
f 4762 4319 4732
f 4763 4320 4758
f 4321 5168 4322
f 4343 5168 4321
f 4322 5141 4323
f 4322 5174 5141
f 4322 5168 5169
f 4322 5169 5174
f 4323 5142 4324
f 4323 5141 5142
f 4324 5142 5143
f 4325 5146 4326
f 4326 5147 4327
f 4326 5146 5147
f 4327 5170 4328
f 4327 5147 5148
f 4327 5148 5175
f 4327 5175 5170
f 4328 5171 4344
f 4328 5170 5171
f 4382 4329 4331
f 4349 4329 4382
f 4385 4332 4330
f 4330 4350 4385
f 4773 4333 4334
f 4772 4357 4333
f 4772 4333 4773
f 4774 4334 4335
f 4773 4334 4774
f 4778 4335 4339
f 4774 4335 4778
f 4776 4336 4337
f 4775 4340 4336
f 4775 4336 4776
f 4777 4337 4338
f 4776 4337 4777
f 4795 4338 4358
f 4777 4338 4795
f 4778 4339 4754
f 4779 4340 4775
f 4341 5196 4342
f 4360 5196 4341
f 4342 5167 4343
f 4342 5202 5167
f 4342 5196 5197
f 4342 5197 5202
f 4343 5167 5168
f 4344 5171 4345
f 4345 5198 4346
f 4345 5171 5172
f 4345 5172 5203
f 4345 5203 5198
f 4346 5199 4361
f 4346 5198 5199
f 4382 4347 4349
f 4382 4365 4347
f 4385 4350 4348
f 4385 4348 4366
f 4789 4351 4352
f 4788 4370 4351
f 4788 4351 4789
f 4790 4352 4353
f 4789 4352 4790
f 4794 4353 4357
f 4790 4353 4794
f 4792 4354 4355
f 4791 4358 4354
f 4791 4354 4792
f 4793 4355 4356
f 4792 4355 4793
f 4808 4356 4371
f 4793 4356 4808
f 4794 4357 4772
f 4795 4358 4791
f 4359 5195 4360
f 4372 5225 4359
f 4359 5231 5195
f 4359 5225 5226
f 4359 5226 5231
f 4360 5195 5196
f 4361 5199 4362
f 4362 5227 4373
f 4362 5199 5200
f 4362 5200 5232
f 4362 5232 5227
f 4363 4365 4382
f 4382 4374 4363
f 4366 4364 4385
f 4385 4364 4375
f 4807 4367 4370
f 4806 4378 4367
f 4806 4367 4807
f 4809 4368 4369
f 4808 4371 4368
f 4808 4368 4809
f 4827 4369 4379
f 4809 4369 4827
f 4807 4370 4788
f 4372 4430 4380
f 4380 5265 4372
f 4372 5270 5225
f 4372 5265 5266
f 4372 5266 5270
f 4373 5267 4381
f 4373 5227 5228
f 4373 5228 5271
f 4373 5271 5267
f 4382 4386 4374
f 4385 4375 4387
f 4826 4376 4378
f 4824 4392 4376
f 4824 4376 4826
f 4825 4379 4377
f 4845 4377 4393
f 4825 4377 4845
f 4826 4378 4806
f 4827 4379 4825
f 4380 4430 4395
f 4395 5294 4380
f 4380 5298 5265
f 4380 5294 5298
f 4381 5295 4396
f 4381 5267 5268
f 4381 5268 5299
f 4381 5299 5295
f 4383 4386 4382
f 4387 4384 4385
f 4841 4388 4389
f 4840 4405 4388
f 4840 4388 4841
f 4844 4389 4392
f 4841 4389 4844
f 4843 4390 4391
f 4842 4393 4390
f 4842 4390 4843
f 4855 4391 4406
f 4843 4391 4855
f 4844 4392 4824
f 4845 4393 4842
f 4395 4430 4394
f 4394 5293 4395
f 4394 4430 4411
f 4411 5305 4394
f 4394 5308 5293
f 4394 5305 5308
f 4395 5293 5294
f 4396 5295 4397
f 4397 5306 4412
f 4397 5295 5296
f 4397 5296 5309
f 4397 5309 5306
f 4402 4401 4404
f 4403 4402 4404
f 4424 4403 4404
f 4854 4404 4405
f 4404 4417 4416
f 4404 4416 4425
f 4426 4417 4404
f 4425 4424 4404
f 4853 4426 4404
f 4853 4404 4854
f 4854 4405 4840
f 4856 4406 4407
f 4855 4406 4856
f 4857 4407 4427
f 4856 4407 4857
f 4410 4430 4408
f 4408 5318 4410
f 4408 4430 4434
f 4434 5318 4408
f 4413 5319 4409
f 4409 5319 4435
f 4411 4430 4410
f 4410 5318 4411
f 4411 5323 5305
f 4411 5318 5323
f 4412 5324 4413
f 4412 5306 5324
f 4413 5324 5319
f 4418 4417 4419
f 4444 4417 4418
f 4419 4417 4426
f 4444 4447 4417
f 4871 4418 4419
f 4870 4444 4418
f 4870 4418 4871
f 4852 4419 4426
f 4871 4419 4852
f 4873 4420 4421
f 4872 4427 4420
f 4872 4420 4873
f 4887 4421 4445
f 4873 4421 4887
f 4852 4426 4853
f 4857 4427 4872
f 5335 4429 4428
f 5335 4428 4453
f 5349 4430 4429
f 5336 4429 5335
f 5349 4429 5336
f 4434 4430 4431
f 5316 4431 4430
f 5316 4430 5350
f 5350 4430 5349
f 4434 4431 4432
f 5351 4432 4431
f 5317 4431 5316
f 5351 4431 5317
f 4434 4432 4433
f 5337 4433 4432
f 5337 4432 5352
f 5352 4432 5351
f 4434 4433 4454
f 5338 4454 4433
f 5338 4433 5337
f 4434 4454 4455
f 4434 4455 4456
f 4456 5340 4434
f 4434 5340 5318
f 4437 4435 4436
f 4436 4435 4459
f 4438 4435 4437
f 4439 4435 4438
f 4458 4435 4457
f 4435 5341 4457
f 4459 4435 4458
f 4435 5319 5341
f 5343 4437 4436
f 5343 4436 4459
f 5353 4438 4437
f 5344 4437 5343
f 5353 4437 5344
f 5320 4439 4438
f 5320 4438 5354
f 5354 4438 5353
f 5355 4440 4439
f 5321 4439 5320
f 5355 4439 5321
f 5345 4441 4440
f 5345 4440 5356
f 5356 4440 5355
f 5346 4460 4441
f 5346 4441 5345
f 4464 4443 4447
f 4488 4443 4464
f 4520 4468 4443
f 4484 4443 4488
f 4500 4443 4484
f 4520 4443 4500
f 4470 4447 4444
f 4886 4470 4444
f 4886 4444 4870
f 4903 4445 4471
f 4887 4445 4903
f 4464 4447 4470
f 4660 4448 4452
f 5367 4452 4448
f 4660 4473 4448
f 5367 4448 4473
f 4456 4455 4449
f 5368 4449 4455
f 4449 4474 4456
f 5368 4474 4449
f 4458 4457 4450
f 4450 4457 4479
f 5373 4458 4450
f 5373 4450 4479
f 5374 4451 4461
f 5374 4480 4451
f 5334 4453 4452
f 5334 4452 5377
f 5377 4452 5367
f 5335 4453 5334
f 5338 4455 4454
f 5339 4455 5338
f 5378 4455 5339
f 5368 4455 5378
f 4456 4474 4475
f 4456 4475 4476
f 4476 5370 4456
f 4456 5379 5340
f 4456 5370 5379
f 4478 4457 4477
f 4457 5371 4477
f 4479 4457 4478
f 4457 5341 5380
f 4457 5380 5371
f 5342 4459 4458
f 5342 4458 5381
f 5381 4458 5373
f 5343 4459 5342
f 5346 4461 4460
f 5347 4461 5346
f 5382 4461 5347
f 5374 4461 5382
f 4538 4463 4469
f 4588 4487 4463
f 4562 4463 4538
f 4576 4463 4562
f 4588 4463 4576
f 4902 4464 4470
f 4899 4488 4464
f 4899 4464 4902
f 4900 4471 4465
f 4901 4465 4489
f 4900 4465 4901
f 4538 4469 4468
f 4538 4468 4520
f 4902 4470 4886
f 4903 4471 4900
f 4472 4473 4660
f 5366 4473 4472
f 4490 4472 4661
f 5394 4472 4490
f 4661 4472 4660
f 5366 4472 5401
f 5401 4472 5394
f 5367 4473 5366
f 5368 4475 4474
f 4476 4475 4491
f 5395 4491 4475
f 5369 4475 5368
f 5402 4475 5369
f 5395 4475 5402
f 4476 4491 4493
f 4493 5396 4476
f 4476 5403 5370
f 4476 5396 5403
f 4478 4477 4496
f 4496 4477 4494
f 4477 5397 4494
f 4477 5371 5404
f 4477 5404 5397
f 5372 4479 4478
f 5398 4478 4496
f 5372 4478 5405
f 5405 4478 5398
f 5373 4479 5372
f 5374 4481 4480
f 5399 4497 4481
f 5375 4481 5374
f 5406 4481 5375
f 5399 4481 5406
f 4588 4483 4487
f 4503 4483 4588
f 4898 4484 4488
f 4912 4500 4484
f 4912 4484 4898
f 4913 4489 4485
f 4929 4485 4501
f 4913 4485 4929
f 4898 4488 4899
f 4901 4489 4913
f 4661 4508 4490
f 5420 4490 4508
f 5394 4490 5428
f 5428 4490 5420
f 4492 4491 4493
f 4493 4491 4512
f 4512 4491 4511
f 5421 4511 4491
f 5429 4491 5395
f 5421 4491 5429
f 4493 5422 4492
f 4492 5430 4493
f 4492 5422 5430
f 4512 5422 4493
f 4493 5430 5396
f 4496 4494 4495
f 4494 5397 4495
f 4495 5431 4494
f 4496 4494 4513
f 4494 5423 4513
f 4494 5431 5423
f 4495 5397 5431
f 4496 4513 4514
f 5424 4496 4514
f 5398 4496 5432
f 5432 4496 5424
f 5425 4517 4497
f 5433 4497 5399
f 5425 4497 5433
f 4522 5118 4498
f 4498 5118 5114
f 4588 4499 4503
f 4588 4523 4499
f 4928 4520 4500
f 4928 4500 4912
f 4945 4501 4521
f 4929 4501 4945
f 4661 4504 4509
f 5453 4509 4504
f 4524 4504 4661
f 5453 4504 4524
f 4528 4510 4505
f 5454 4505 4510
f 4528 4505 4527
f 5454 4527 4505
f 4515 4529 4506
f 5459 4515 4506
f 4506 4529 4530
f 5459 4506 4530
f 5460 4507 4516
f 5460 4533 4507
f 4661 4509 4508
f 5453 4508 4509
f 5420 4508 5463
f 5452 4508 5453
f 5463 4508 5452
f 4528 4511 4510
f 5455 4510 4511
f 5454 4510 5455
f 4512 4511 4528
f 5464 4511 5421
f 5455 4511 5464
f 4528 5456 4512
f 4512 5465 5422
f 4512 5456 5465
f 4514 4513 4529
f 4513 5457 4529
f 4513 5423 5466
f 4513 5466 5457
f 4514 4529 4515
f 5459 4514 4515
f 5424 4514 5467
f 5458 4514 5459
f 5467 4514 5458
f 5461 4516 4517
f 5460 4516 5461
f 5468 4517 5425
f 5461 4517 5468
f 4518 5100 4522
f 4540 5104 4518
f 4518 5104 5100
f 4588 4519 4523
f 4588 4541 4519
f 4944 4538 4520
f 4944 4520 4928
f 4961 4521 4539
f 4945 4521 4961
f 4522 5100 5118
f 4525 4524 4661
f 5471 4524 4525
f 5453 4524 5485
f 5470 4524 5471
f 5485 4524 5470
f 4544 4525 4661
f 5471 4525 4544
f 4550 4527 4526
f 5475 4526 4527
f 4550 4526 4549
f 5474 4549 4526
f 5474 4526 5475
f 4528 4527 4550
f 5486 4527 5454
f 5475 4527 5486
f 4550 5476 4528
f 4528 5487 5456
f 4528 5476 5487
f 4530 4529 4551
f 4529 5477 4551
f 4529 5457 5488
f 4529 5488 5477
f 4530 4551 4531
f 5479 4530 4531
f 5459 4530 5489
f 5478 4530 5479
f 5489 4530 5478
f 4531 4551 4552
f 5479 4531 4552
f 5483 4532 4533
f 5482 4557 4532
f 5482 4532 5483
f 5490 4533 5460
f 5483 4533 5490
f 5038 4534 4535
f 4534 5086 4540
f 4534 5037 5036
f 4534 5036 5057
f 5037 4534 5038
f 4534 5049 5048
f 4534 5048 5074
f 4534 5050 5049
f 4534 5056 5050
f 4534 5057 5056
f 4534 5069 5068
f 5068 5092 4534
f 5074 5069 4534
f 5087 5086 4534
f 5092 5087 4534
f 5038 4535 4564
f 4536 4537 4588
f 4565 4536 4588
f 4588 4537 4541
f 4960 4562 4538
f 4960 4538 4944
f 4975 4539 4563
f 4961 4539 4975
f 4540 5086 5104
f 4550 4546 4542
f 4542 4546 4566
f 4542 5494 4550
f 4566 5494 4542
f 4555 4551 4543
f 4551 5495 4543
f 4555 4543 4569
f 4543 5495 4569
f 4545 4544 4661
f 5472 4544 4545
f 5471 4544 5472
f 4661 4546 4545
f 5500 4545 4546
f 5472 4545 5499
f 5499 4545 5500
f 4550 4547 4546
f 5493 4546 4547
f 4566 4546 4567
f 4567 4546 4580
f 4580 4546 4581
f 4581 4546 4594
f 4594 4546 4598
f 4598 4546 4604
f 4604 4546 4661
f 5492 4546 5493
f 5500 4546 5492
f 4548 4547 4550
f 5502 4547 4548
f 5493 4547 5501
f 5501 4547 5502
f 4550 4549 4548
f 5474 4548 4549
f 5473 4548 5474
f 5502 4548 5473
f 4550 5494 5476
f 4552 4551 4553
f 4553 4551 4554
f 4554 4551 4555
f 4551 5477 5495
f 5480 4552 4553
f 5479 4552 5480
f 5504 4553 4554
f 5480 4553 5503
f 5503 4553 5504
f 5497 4554 4555
f 5496 4554 5497
f 5504 4554 5496
f 4555 4595 4556
f 5506 4555 4556
f 4555 4569 4568
f 4583 4555 4568
f 4582 4555 4583
f 4595 4555 4582
f 5497 4555 5505
f 5505 4555 5506
f 5482 4556 4557
f 4556 4595 4599
f 4556 4599 4607
f 4607 4606 4556
f 4556 4606 4617
f 4556 4616 4615
f 4556 4615 4627
f 4556 4617 4616
f 4556 4625 4624
f 4624 4641 4556
f 4556 4626 4625
f 4627 4626 4556
f 4556 4641 4663
f 5481 4556 5482
f 5506 4556 5481
f 4558 4559 5038
f 5038 4564 4558
f 5038 4559 4578
f 4588 4560 4561
f 4579 4560 4588
f 4561 4565 4588
f 4974 4576 4562
f 4974 4562 4960
f 4995 4563 4577
f 4975 4563 4995
f 4567 5511 4566
f 4566 5511 5494
f 4580 5508 4567
f 4567 5508 5511
f 4569 5495 4568
f 4568 5509 4583
f 4568 5495 5512
f 4568 5512 5509
f 5038 4570 4571
f 4578 4570 5038
f 4571 4572 5038
f 4572 4590 5038
f 4588 4573 4574
f 4588 4593 4573
f 4588 4574 4575
f 4588 4575 4579
f 4994 4588 4576
f 4994 4576 4974
f 5025 4577 4589
f 4995 4577 5025
f 4581 5515 4580
f 4580 5519 5508
f 4580 5515 5514
f 4580 5514 5519
f 4594 5515 4581
f 4583 5517 4582
f 4582 5516 4595
f 4582 5517 5516
f 4583 5509 5520
f 4583 5520 5517
f 4585 4702 4584
f 4584 4730 4591
f 4584 4702 4710
f 4710 4730 4584
f 4586 4596 4585
f 4585 4596 4602
f 4585 4602 4600
f 4600 4610 4585
f 4585 4610 4608
f 4585 4608 4618
f 4585 4618 4628
f 4585 4628 4644
f 4644 4642 4585
f 4585 4642 4648
f 4585 4648 4646
f 4646 4650 4585
f 4585 4650 4652
f 4652 4656 4585
f 4585 4656 4654
f 4585 4654 4658
f 4585 4658 4664
f 4585 4664 4682
f 4682 4680 4585
f 4585 4680 4694
f 4585 4694 4704
f 4704 4702 4585
f 4588 4586 4587
f 4586 4588 4596
f 4588 4587 4592
f 4588 4592 4593
f 5024 4596 4588
f 5024 4588 4994
f 5043 4589 4597
f 5025 4589 5043
f 4591 4990 4590
f 4590 4990 5022
f 4590 5022 5020
f 5020 5040 4590
f 5040 5038 4590
f 4591 4730 4752
f 4591 4752 4750
f 4750 4770 4591
f 4591 4770 4786
f 4786 4804 4591
f 4591 4804 4802
f 4591 4802 4822
f 4822 4838 4591
f 4591 4838 4836
f 4591 4836 4850
f 4591 4850 4868
f 4591 4868 4884
f 4884 4882 4591
f 4591 4882 4896
f 4591 4896 4910
f 4910 4926 4591
f 4591 4926 4924
f 4591 4924 4942
f 4942 4940 4591
f 4591 4940 4958
f 4591 4958 4972
f 4972 4992 4591
f 4591 4992 4990
f 4598 5529 4594
f 4594 5533 5515
f 4594 5529 5528
f 4594 5528 5533
f 4595 5531 4599
f 4595 5516 5534
f 4595 5534 5531
f 5042 4602 4596
f 5042 4596 5024
f 5063 4597 4603
f 5043 4597 5063
f 4604 5543 4598
f 4598 5547 5529
f 4598 5543 5542
f 4598 5542 5547
f 4599 5545 4607
f 4599 5531 5530
f 4599 5530 5548
f 4599 5548 5545
f 5062 4600 4602
f 5060 4610 4600
f 5060 4600 5062
f 5061 4603 4601
f 5079 4601 4611
f 5061 4601 5079
f 5062 4602 5042
f 5063 4603 5061
f 4604 4661 4605
f 4605 5555 4604
f 4604 5562 5543
f 4604 5555 5554
f 4604 5554 5562
f 4605 4661 4612
f 4612 5555 4605
f 4607 5559 4606
f 4606 5558 4617
f 4606 5559 5558
f 4607 5545 5544
f 4607 5544 5563
f 4607 5563 5559
f 5078 4608 4610
f 5076 4618 4608
f 5076 4608 5078
f 5077 4611 4609
f 5095 4609 4619
f 5077 4609 5095
f 5078 4610 5060
f 5079 4611 5077
f 4612 4661 4613
f 4613 5556 4612
f 4612 5556 5555
f 4613 4661 4614
f 4614 5571 4613
f 4613 5577 5556
f 4613 5571 5570
f 4613 5570 5577
f 4614 4661 4620
f 4620 5571 4614
f 4616 5575 4615
f 4615 5574 4627
f 4615 5575 5574
f 4617 5558 4616
f 4616 5558 5557
f 4616 5557 5578
f 4616 5578 5575
f 5094 4628 4618
f 5094 4618 5076
f 5107 4619 4629
f 5095 4619 5107
f 4620 4661 4621
f 4621 5572 4620
f 4620 5572 5571
f 4621 4661 4622
f 4622 5583 4621
f 4621 5591 5572
f 4621 5583 5582
f 4621 5582 5591
f 4622 4661 4623
f 4623 5584 4622
f 4622 5584 5583
f 4623 4661 4630
f 4630 5584 4623
f 4625 5588 4624
f 4624 5587 4641
f 4624 5588 5587
f 4626 5589 4625
f 4625 5589 5588
f 4627 5574 4626
f 4626 5574 5573
f 4626 5573 5592
f 4626 5592 5589
f 5106 4644 4628
f 5106 4628 5094
f 5107 4629 4645
f 4630 4661 4631
f 4631 5585 4630
f 4630 5585 5584
f 4631 4661 4632
f 4632 5607 4631
f 4631 5607 5585
f 4632 4661 4633
f 4633 5599 4632
f 4632 5599 5598
f 4632 5598 5607
f 4633 4661 4634
f 4634 5600 4633
f 4633 5600 5599
f 4634 4661 4635
f 4635 5601 4634
f 4634 5601 5600
f 4635 4661 4636
f 4636 5602 4635
f 4635 5602 5601
f 4663 4637 4636
f 4637 5603 4636
f 4636 4661 4662
f 4636 4662 4663
f 4636 5603 5602
f 4663 4638 4637
f 4638 5604 4637
f 4637 5604 5603
f 4663 4639 4638
f 4639 5605 4638
f 4638 5605 5604
f 4640 4639 4663
f 4640 5586 4639
f 4639 5586 5608
f 4639 5608 5605
f 4663 4641 4640
f 4641 5587 4640
f 4640 5587 5586
f 5106 4642 4644
f 5120 4648 4642
f 5120 4642 5106
f 5129 4645 4643
f 5149 4643 4649
f 5129 4643 5149
f 5107 4645 5129
f 5140 4646 4648
f 5140 4650 4646
f 5149 4649 4647
f 5173 4647 4651
f 5149 4647 5173
f 5140 4648 5120
f 5166 4652 4650
f 5166 4650 5140
f 5201 4651 4653
f 5173 4651 5201
f 5194 4656 4652
f 5194 4652 5166
f 5233 4653 4657
f 5201 4653 5233
f 5230 4654 4656
f 5224 4658 4654
f 5224 4654 5230
f 5229 4657 4655
f 5269 4655 4659
f 5229 4655 5269
f 5230 4656 5194
f 5233 4657 5229
f 5264 4664 4658
f 5264 4658 5224
f 5297 4659 4665
f 5269 4659 5297
f 4660 4832 4661
f 4660 4675 4667
f 4660 4667 4687
f 4672 4673 4660
f 4673 4674 4660
f 4674 4675 4660
f 4660 4687 4688
f 4688 4689 4660
f 4660 4689 4698
f 4660 4698 4699
f 4660 4699 4707
f 4660 4707 4727
f 4660 4727 4747
f 4660 4747 4767
f 4660 4767 4765
f 4765 4783 4660
f 4660 4783 4782
f 4660 4782 4799
f 4660 4799 4798
f 4660 4798 5595
f 4660 5665 4832
f 5595 5665 4660
f 4662 4661 4679
f 4679 4661 4676
f 4833 4676 4661
f 4661 4832 4833
f 4662 4834 4663
f 4849 4662 4679
f 4834 4662 4849
f 4663 4834 4835
f 4663 4835 5596
f 5292 4682 4664
f 5292 4664 5264
f 5307 4665 4683
f 5297 4665 5307
f 5049 4668 4666
f 5049 4666 4686
f 5052 4667 4675
f 5052 4687 4667
f 5049 4669 4668
f 5056 4670 4669
f 5050 4669 5049
f 5056 4669 5050
f 5036 4671 4670
f 5036 4670 5057
f 5057 4670 5056
f 5037 4672 4671
f 5037 4671 5036
f 5038 4673 4672
f 5038 4672 5037
f 5058 4674 4673
f 5039 4673 5038
f 5058 4673 5039
f 5051 4675 4674
f 5051 4674 5059
f 5059 4674 5058
f 5052 4675 5051
f 4678 4676 4677
f 4848 4677 4676
f 4679 4676 4678
f 4848 4676 4833
f 4678 4677 4693
f 4693 4677 4690
f 4866 4690 4677
f 4866 4677 4848
f 4867 4679 4678
f 4865 4678 4693
f 4867 4678 4865
f 4849 4679 4867
f 5304 4680 4682
f 5304 4694 4680
f 5307 4683 4681
f 5322 4681 4695
f 5307 4681 5322
f 5304 4682 5292
f 5068 4685 4684
f 5068 4684 4697
f 5048 4686 4685
f 5048 4685 5074
f 5069 4685 5068
f 5074 4685 5069
f 5049 4686 5048
f 5052 4688 4687
f 5070 4689 4688
f 5053 4688 5052
f 5075 4688 5053
f 5070 4688 5075
f 5071 4698 4689
f 5071 4689 5070
f 4692 4690 4691
f 4864 4691 4690
f 4693 4690 4692
f 4864 4690 4866
f 4692 4691 4701
f 4701 4691 4700
f 4880 4700 4691
f 4880 4691 4864
f 4881 4693 4692
f 4879 4692 4701
f 4881 4692 4879
f 4865 4693 4881
f 5315 4704 4694
f 5315 4694 5304
f 5322 4695 4705
f 5086 4697 4696
f 5086 4696 4706
f 5068 4697 5092
f 5087 4697 5086
f 5092 4697 5087
f 5088 4699 4698
f 5093 4698 5071
f 5088 4698 5093
f 5089 4707 4699
f 5089 4699 5088
f 4701 4700 4709
f 4709 4700 4708
f 4878 4708 4700
f 4878 4700 4880
f 4895 4701 4709
f 4879 4701 4895
f 5315 4702 4704
f 5333 4710 4702
f 5333 4702 5315
f 5348 4705 4703
f 5376 4703 4711
f 5348 4703 5376
f 5322 4705 5348
f 5100 4706 4726
f 5086 4706 5104
f 5104 4706 5100
f 5101 4727 4707
f 5105 4707 5089
f 5101 4707 5105
f 4709 4708 4729
f 4729 4708 4728
f 4892 4728 4708
f 4894 4708 4878
f 4892 4708 4894
f 4909 4709 4729
f 4895 4709 4893
f 4893 4709 4909
f 5365 4730 4710
f 5365 4710 5333
f 5400 4711 4731
f 5376 4711 5400
f 4724 4712 4713
f 4725 4712 4724
f 4725 4744 4712
f 4723 4713 4714
f 4724 4713 4723
f 4722 4714 4715
f 4723 4714 4722
f 4721 4715 4716
f 4722 4715 4721
f 4720 4716 4717
f 4721 4716 4720
f 4719 4717 4718
f 4720 4717 4719
f 4745 4744 4725
f 5114 4726 4746
f 4746 4726 5693
f 5100 4726 5118
f 5118 4726 5114
f 5115 4747 4727
f 5119 4727 5101
f 5115 4727 5119
f 4729 4728 4749
f 4749 4728 4748
f 4922 4748 4728
f 4908 4728 4892
f 4922 4728 4908
f 4921 4729 4749
f 4909 4729 4923
f 4923 4729 4921
f 5393 4752 4730
f 5393 4730 5365
f 5434 4731 4753
f 5400 4731 5434
f 4742 4732 4733
f 4743 4732 4742
f 4743 4762 4732
f 4741 4733 4734
f 4742 4733 4741
f 4740 4734 4735
f 4741 4734 4740
f 4739 4735 4736
f 4740 4735 4739
f 4738 4736 4737
f 4739 4736 4738
f 4738 4737 4745
f 4745 4737 4744
f 4763 4762 4743
f 5134 4746 4766
f 4766 4746 5693
f 5114 4746 5138
f 5138 4746 5134
f 5135 4767 4747
f 5139 4747 5115
f 5135 4747 5139
f 4749 4748 4769
f 4769 4748 4768
f 4938 4768 4748
f 4920 4748 4922
f 4938 4748 4920
f 4937 4749 4769
f 4921 4749 4939
f 4939 4749 4937
f 5427 4750 4752
f 5419 4770 4750
f 5419 4750 5427
f 5426 4753 4751
f 5462 4751 4771
f 5426 4751 5462
f 5427 4752 5393
f 5434 4753 5426
f 4760 4754 4755
f 4761 4754 4760
f 4761 4778 4754
f 4759 4755 4756
f 4760 4755 4759
f 4758 4756 4757
f 4759 4756 4758
f 4758 4757 4763
f 4763 4757 4762
f 4779 4778 4761
f 5158 4766 4764
f 5565 4764 4766
f 5158 4764 4780
f 5565 4780 4764
f 5159 4765 4767
f 5159 4783 4765
f 5134 4766 5162
f 5162 4766 5158
f 5565 4766 5579
f 5579 4766 5693
f 5163 4767 5135
f 5159 4767 5163
f 4769 4768 4785
f 4785 4768 4784
f 4936 4784 4768
f 4936 4768 4938
f 4957 4769 4785
f 4937 4769 4957
f 5451 4786 4770
f 5451 4770 5419
f 5484 4771 4787
f 5462 4771 5484
f 4776 4772 4773
f 4777 4772 4776
f 4777 4794 4772
f 4775 4773 4774
f 4776 4773 4775
f 4775 4774 4779
f 4779 4774 4778
f 4795 4794 4777
f 5189 4780 4781
f 5566 4781 4780
f 5158 4780 5188
f 5188 4780 5189
f 5566 4780 5565
f 5184 4781 4796
f 5549 4796 4781
f 5189 4781 5184
f 5549 4781 5566
f 5191 4782 4783
f 5185 4799 4782
f 5185 4782 5190
f 5190 4782 5191
f 5191 4783 5159
f 4785 4784 4801
f 4801 4784 4800
f 4954 4800 4784
f 4956 4784 4936
f 4954 4784 4956
f 4971 4785 4801
f 4957 4785 4955
f 4955 4785 4971
f 5469 4804 4786
f 5469 4786 5451
f 5498 4787 4805
f 5484 4787 5498
f 4792 4788 4789
f 4793 4788 4792
f 4793 4807 4788
f 4791 4789 4790
f 4792 4789 4791
f 4791 4790 4795
f 4795 4790 4794
f 4808 4807 4793
f 5222 4796 4797
f 5550 4797 4796
f 5184 4796 5222
f 5550 4796 5549
f 5215 4797 4810
f 5536 4810 4797
f 5214 4797 5215
f 5222 4797 5214
f 5536 4797 5535
f 5535 4797 5550
f 5185 4798 4799
f 5217 4817 4798
f 4798 4817 5595
f 5223 4798 5185
f 5217 4798 5223
f 4801 4800 4821
f 4821 4800 4818
f 4968 4818 4800
f 4970 4800 4954
f 4968 4800 4970
f 4989 4801 4821
f 4971 4801 4969
f 4969 4801 4989
f 5491 4802 4804
f 5491 4822 4802
f 5498 4805 4803
f 5510 4803 4823
f 5498 4803 5510
f 5491 4804 5469
f 4808 4806 4807
f 4809 4806 4808
f 4809 4826 4806
f 4827 4826 4809
f 5259 4810 4811
f 5537 4811 4810
f 5215 4810 5258
f 5258 4810 5259
f 5537 4810 5536
f 5249 4811 4812
f 5522 4812 4811
f 5248 4811 5249
f 5259 4811 5248
f 5522 4811 5521
f 5521 4811 5537
f 5250 4812 4813
f 5523 4813 4812
f 5249 4812 5250
f 5523 4812 5522
f 5251 4813 4814
f 5524 4814 4813
f 5250 4813 5251
f 5524 4813 5523
f 5252 4814 4815
f 5524 4815 4814
f 5251 4814 5252
f 5253 4815 4816
f 5525 4816 4815
f 5252 4815 5253
f 5525 4815 5524
f 5261 4816 4817
f 5539 4817 4816
f 5253 4816 5260
f 5260 4816 5261
f 5526 4816 5525
f 5538 4816 5526
f 5539 4816 5538
f 5216 4817 5217
f 5261 4817 5216
f 5539 5595 4817
f 4820 4818 4819
f 4988 4819 4818
f 4821 4818 4820
f 4988 4818 4968
f 4820 4819 4831
f 4831 4819 4828
f 4986 4828 4819
f 4986 4819 4988
f 4987 4821 4820
f 5019 4820 4831
f 4987 4820 5019
f 4989 4821 4987
f 5507 4838 4822
f 5507 4822 5491
f 5510 4823 4839
f 4825 4824 4827
f 4825 4844 4824
f 4827 4824 4826
f 4845 4844 4825
f 4830 4828 4829
f 5018 4829 4828
f 4831 4828 4830
f 5018 4828 4986
f 4830 4829 4847
f 4847 4829 4846
f 5016 4846 4829
f 5016 4829 5018
f 5017 4831 4830
f 5035 4830 4847
f 5017 4830 5035
f 5019 4831 5017
f 4848 4833 4832
f 4832 4866 4848
f 4832 4864 4866
f 4880 4864 4832
f 4832 4878 4880
f 4832 4894 4878
f 4892 4894 4832
f 4832 4908 4892
f 4832 4922 4908
f 4920 4922 4832
f 4832 4938 4920
f 4832 4936 4938
f 4956 4936 4832
f 4832 4954 4956
f 4832 4970 4954
f 4968 4970 4832
f 4832 4988 4968
f 4832 4986 4988
f 5018 4986 4832
f 4832 5016 5018
f 4832 5034 5016
f 5032 5034 4832
f 4832 5046 5032
f 4832 5044 5046
f 5066 5044 4832
f 4832 5064 5066
f 4832 5082 5064
f 4832 5080 5083
f 4832 5098 5080
f 5083 5082 4832
f 5665 5098 4832
f 4834 4849 4835
f 4835 4849 4867
f 4835 4867 4865
f 4865 4881 4835
f 4835 4881 4879
f 4835 4879 4895
f 4895 4893 4835
f 4835 4893 4909
f 4835 4909 4923
f 4923 4921 4835
f 4835 4921 4939
f 4835 4939 4937
f 4937 4957 4835
f 4835 4957 4955
f 4835 4955 4971
f 4971 4969 4835
f 4835 4969 4989
f 4835 4989 4987
f 4987 5019 4835
f 4835 5019 5017
f 4835 5017 5035
f 5035 5033 4835
f 4835 5033 5047
f 4835 5047 5045
f 5045 5067 4835
f 4835 5067 5065
f 4835 5065 5085
f 4835 5085 5666
f 5596 4835 5666
f 5507 4836 4838
f 5513 4850 4836
f 5513 4836 5507
f 5518 4839 4837
f 5532 4837 4851
f 5518 4837 5532
f 5510 4839 5518
f 4842 4840 4841
f 4843 4840 4842
f 4843 4854 4840
f 4842 4841 4845
f 4845 4841 4844
f 4855 4854 4843
f 4847 4846 4863
f 4863 4846 4858
f 5032 4858 4846
f 5034 4846 5016
f 5032 4846 5034
f 5047 4847 4863
f 5035 4847 5033
f 5033 4847 5047
f 5527 4868 4850
f 5527 4850 5513
f 5546 4851 4869
f 5532 4851 5546
f 4856 4852 4853
f 4857 4852 4856
f 4857 4871 4852
f 4855 4853 4854
f 4856 4853 4855
f 4872 4871 4857
f 4862 4858 4859
f 5046 4859 4858
f 4863 4858 4862
f 5046 4858 5032
f 4861 4859 4860
f 5044 4860 4859
f 4862 4859 4861
f 5044 4859 5046
f 4861 4860 4877
f 4877 4860 4874
f 5066 4874 4860
f 5066 4860 5044
f 5067 4862 4861
f 5065 4861 4877
f 5067 4861 5065
f 5045 4863 4862
f 5045 4862 5067
f 5047 4863 5045
f 5541 4884 4868
f 5541 4868 5527
f 5564 4869 4885
f 5546 4869 5564
f 4872 4870 4871
f 4873 4870 4872
f 4873 4886 4870
f 4887 4886 4873
f 4876 4874 4875
f 5064 4875 4874
f 4877 4874 4876
f 5064 4874 5066
f 4876 4875 4891
f 4891 4875 4888
f 5082 4888 4875
f 5082 4875 5064
f 5085 4877 4876
f 5084 4876 4891
f 5085 4876 5084
f 5065 4877 5085
f 5561 4882 4884
f 5553 4896 4882
f 5553 4882 5561
f 5560 4885 4883
f 5576 4883 4897
f 5560 4883 5576
f 5561 4884 5541
f 5564 4885 5560
f 4887 4902 4886
f 4903 4902 4887
f 4890 4888 4889
f 5083 4889 4888
f 4891 4888 4890
f 5083 4888 5082
f 4890 4889 4907
f 4907 4889 4904
f 5080 4904 4889
f 5080 4889 5083
f 5081 4891 4890
f 5099 4890 4907
f 5081 4890 5099
f 5084 4891 5081
f 5569 4910 4896
f 5569 4896 5553
f 5590 4897 4911
f 5576 4897 5590
f 4900 4898 4899
f 4901 4898 4900
f 4901 4912 4898
f 4900 4899 4903
f 4903 4899 4902
f 4913 4912 4901
f 4906 4904 4905
f 5096 4905 4904
f 4907 4904 4906
f 5098 4904 5080
f 5096 4904 5098
f 4906 4905 4919
f 4919 4905 4914
f 5110 4914 4905
f 5110 4905 5096
f 5113 4907 4906
f 5112 4906 4919
f 5113 4906 5112
f 5099 4907 5097
f 5097 4907 5113
f 5581 4926 4910
f 5581 4910 5569
f 5590 4911 4927
f 4913 4928 4912
f 4929 4928 4913
f 4918 4914 4915
f 5111 4915 4914
f 4919 4914 4918
f 5111 4914 5110
f 4917 4915 4916
f 5108 4916 4915
f 4918 4915 4917
f 5108 4915 5111
f 4917 4916 4935
f 4935 4916 4930
f 5132 4930 4916
f 5132 4916 5108
f 5133 4918 4917
f 5133 4917 4935
f 5109 4919 4918
f 5109 4918 5133
f 5112 4919 5109
f 5581 4924 4926
f 5597 4942 4924
f 5597 4924 5581
f 5606 4927 4925
f 5612 4925 4943
f 5606 4925 5612
f 5590 4927 5606
f 4929 4944 4928
f 4945 4944 4929
f 4934 4930 4931
f 5132 4931 4930
f 4935 4930 4934
f 4933 4931 4932
f 5130 4932 4931
f 4934 4931 4933
f 5130 4931 5132
f 4933 4932 4953
f 4953 4932 4946
f 5154 4946 4932
f 5154 4932 5130
f 5157 4934 4933
f 5156 4933 4953
f 5157 4933 5156
f 5131 4935 4934
f 5131 4934 5157
f 5133 4935 5131
f 5611 4940 4942
f 5611 4958 4940
f 5612 4943 4941
f 5620 4941 4959
f 5612 4941 5620
f 5611 4942 5597
f 4945 4960 4944
f 4961 4960 4945
f 4952 4946 4947
f 5155 4947 4946
f 4953 4946 4952
f 5155 4946 5154
f 4951 4947 4948
f 5152 4948 4947
f 4952 4947 4951
f 5152 4947 5155
f 4950 4948 4949
f 5178 4949 4948
f 4951 4948 4950
f 5178 4948 5152
f 4950 4949 4967
f 4967 4949 4962
f 5179 4962 4949
f 5179 4949 5178
f 5182 4951 4950
f 5181 4950 4967
f 5182 4950 5181
f 5183 4952 4951
f 5183 4951 5182
f 5153 4953 4952
f 5153 4952 5183
f 5156 4953 5153
f 5619 4972 4958
f 5619 4958 5611
f 5626 4959 4973
f 5620 4959 5626
f 4961 4974 4960
f 4975 4974 4961
f 4966 4962 4963
f 5180 4963 4962
f 4967 4962 4966
f 5180 4962 5179
f 4965 4963 4964
f 5208 4964 4963
f 4966 4963 4965
f 5176 4963 5180
f 5208 4963 5176
f 4965 4964 4985
f 4985 4964 4976
f 5209 4976 4964
f 5209 4964 5208
f 5212 4966 4965
f 5211 4965 4985
f 5212 4965 5211
f 5177 4967 4966
f 5177 4966 5213
f 5213 4966 5212
f 5181 4967 5177
f 5625 4992 4972
f 5625 4972 5619
f 5640 4973 4993
f 5626 4973 5640
f 4975 4994 4974
f 4995 4994 4975
f 4984 4976 4977
f 5210 4977 4976
f 4985 4976 4984
f 5210 4976 5209
f 4983 4977 4978
f 5204 4978 4977
f 4984 4977 4983
f 5204 4977 5210
f 4982 4978 4979
f 5205 4979 4978
f 4983 4978 4982
f 5205 4978 5204
f 4981 4979 4980
f 5240 4980 4979
f 4982 4979 4981
f 5240 4979 5205
f 4981 4980 5015
f 5015 4980 4998
f 5241 4998 4980
f 5241 4980 5240
f 5246 4982 4981
f 5245 4981 5015
f 5246 4981 5245
f 5247 4983 4982
f 5247 4982 5246
f 5206 4984 4983
f 5206 4983 5247
f 5207 4985 4984
f 5207 4984 5206
f 5211 4985 5207
f 5639 4990 4992
f 5637 5022 4990
f 5637 4990 5639
f 5638 4993 4991
f 5649 4991 5023
f 5638 4991 5649
f 5639 4992 5625
f 5640 4993 5638
f 4995 5024 4994
f 5025 5024 4995
f 4997 5006 4996
f 4997 4996 5031
f 5275 4996 5006
f 5031 4996 5026
f 5276 5026 4996
f 5276 4996 5275
f 5007 5006 4997
f 5283 5007 4997
f 5282 4997 5031
f 5283 4997 5282
f 5014 4998 4999
f 5242 4999 4998
f 5015 4998 5014
f 5242 4998 5241
f 5013 4999 5000
f 5243 5000 4999
f 5014 4999 5013
f 5243 4999 5242
f 5012 5000 5001
f 5234 5001 5000
f 5013 5000 5012
f 5234 5000 5243
f 5011 5001 5002
f 5235 5002 5001
f 5012 5001 5011
f 5235 5001 5234
f 5010 5002 5003
f 5236 5003 5002
f 5011 5002 5010
f 5236 5002 5235
f 5009 5003 5004
f 5272 5004 5003
f 5010 5003 5009
f 5272 5003 5236
f 5008 5004 5005
f 5273 5005 5004
f 5009 5004 5008
f 5273 5004 5272
f 5007 5005 5006
f 5274 5006 5005
f 5008 5005 5007
f 5274 5005 5273
f 5275 5006 5274
f 5284 5008 5007
f 5284 5007 5283
f 5285 5009 5008
f 5285 5008 5284
f 5286 5010 5009
f 5286 5009 5285
f 5287 5011 5010
f 5287 5010 5286
f 5237 5012 5011
f 5237 5011 5287
f 5238 5013 5012
f 5238 5012 5237
f 5239 5014 5013
f 5239 5013 5238
f 5244 5015 5014
f 5244 5014 5239
f 5245 5015 5244
f 5648 5020 5022
f 5646 5040 5020
f 5646 5020 5648
f 5647 5023 5021
f 5652 5021 5041
f 5823 5041 5021
f 5647 5021 5652
f 5648 5022 5637
f 5649 5023 5647
f 5025 5042 5024
f 5043 5042 5025
f 5030 5026 5027
f 5277 5027 5026
f 5031 5026 5030
f 5277 5026 5276
f 5029 5027 5028
f 5278 5028 5027
f 5030 5027 5029
f 5278 5027 5277
f 5279 5029 5028
f 5279 5028 5278
f 5280 5030 5029
f 5280 5029 5279
f 5281 5031 5030
f 5281 5030 5280
f 5282 5031 5281
f 5040 5039 5038
f 5058 5039 5040
f 5040 5052 5051
f 5040 5051 5059
f 5053 5052 5040
f 5040 5075 5053
f 5054 5159 5040
f 5651 5054 5040
f 5040 5059 5058
f 5040 5071 5070
f 5040 5070 5075
f 5040 5093 5071
f 5040 5089 5088
f 5040 5088 5093
f 5040 5105 5089
f 5040 5101 5105
f 5119 5101 5040
f 5040 5115 5119
f 5040 5139 5115
f 5040 5135 5139
f 5040 5163 5135
f 5040 5159 5163
f 5651 5040 5646
f 5655 5041 5055
f 5823 5055 5041
f 5652 5041 5655
f 5043 5062 5042
f 5063 5062 5043
f 5072 5159 5054
f 5654 5072 5054
f 5654 5054 5651
f 5657 5055 5073
f 5073 5055 5823
f 5655 5055 5657
f 5061 5060 5063
f 5061 5078 5060
f 5063 5060 5062
f 5079 5078 5061
f 5090 5159 5072
f 5656 5090 5072
f 5656 5072 5654
f 5660 5073 5091
f 5823 5091 5073
f 5657 5073 5660
f 5077 5076 5079
f 5077 5094 5076
f 5079 5076 5078
f 5095 5094 5077
f 5666 5084 5081
f 5081 5099 5666
f 5666 5085 5084
f 5102 5190 5090
f 5659 5102 5090
f 5090 5191 5159
f 5090 5190 5191
f 5659 5090 5656
f 5663 5091 5103
f 5823 5103 5091
f 5660 5091 5663
f 5095 5106 5094
f 5107 5106 5095
f 5665 5096 5098
f 5110 5096 5665
f 5666 5099 5097
f 5666 5097 5113
f 5116 5185 5102
f 5662 5116 5102
f 5102 5185 5190
f 5662 5102 5659
f 5668 5103 5117
f 5117 5103 5823
f 5663 5103 5668
f 5107 5120 5106
f 5129 5120 5107
f 5665 5108 5111
f 5132 5108 5665
f 5666 5112 5109
f 5666 5109 5133
f 5665 5111 5110
f 5113 5112 5666
f 5114 5138 5835
f 5136 5185 5116
f 5667 5136 5116
f 5667 5116 5662
f 5671 5117 5137
f 5823 5137 5117
f 5668 5117 5671
f 5120 5122 5121
f 5120 5121 5150
f 5120 5123 5122
f 5120 5124 5123
f 5120 5125 5124
f 5129 5125 5120
f 5120 5144 5140
f 5150 5144 5120
f 5129 5126 5125
f 5129 5127 5126
f 5129 5128 5127
f 5129 5151 5128
f 5129 5146 5145
f 5145 5151 5129
f 5129 5147 5146
f 5129 5148 5147
f 5129 5175 5148
f 5149 5199 5129
f 5129 5171 5170
f 5129 5170 5175
f 5129 5172 5171
f 5129 5203 5172
f 5199 5198 5129
f 5129 5198 5203
f 5665 5130 5132
f 5154 5130 5665
f 5666 5133 5131
f 5666 5131 5157
f 5835 5138 5134
f 5162 5739 5134
f 5134 5739 5835
f 5164 5185 5136
f 5670 5164 5136
f 5670 5136 5667
f 5676 5137 5165
f 5823 5165 5137
f 5671 5137 5676
f 5142 5141 5140
f 5140 5141 5174
f 5140 5143 5142
f 5140 5144 5143
f 5140 5169 5166
f 5174 5169 5140
f 5173 5346 5149
f 5200 5199 5149
f 5149 5232 5200
f 5149 5227 5232
f 5321 5227 5149
f 5149 5355 5321
f 5149 5346 5345
f 5149 5345 5356
f 5149 5356 5355
f 5665 5152 5155
f 5178 5152 5665
f 5666 5156 5153
f 5666 5153 5183
f 5665 5155 5154
f 5157 5156 5666
f 5158 5739 5162
f 5188 5727 5158
f 5158 5727 5741
f 5158 5741 5739
f 5160 5185 5164
f 5673 5160 5164
f 5160 5223 5185
f 5192 5223 5160
f 5674 5192 5160
f 5674 5160 5673
f 5675 5165 5161
f 5823 5161 5165
f 5680 5161 5193
f 5193 5161 5823
f 5675 5161 5680
f 5673 5164 5670
f 5676 5165 5675
f 5166 5168 5167
f 5166 5167 5202
f 5166 5169 5168
f 5166 5196 5194
f 5197 5196 5166
f 5166 5202 5197
f 5201 5346 5173
f 5176 5180 5665
f 5665 5208 5176
f 5666 5181 5177
f 5177 5213 5666
f 5665 5179 5178
f 5665 5180 5179
f 5666 5182 5181
f 5183 5182 5666
f 5184 5728 5189
f 5222 5714 5184
f 5184 5714 5713
f 5184 5713 5731
f 5184 5731 5728
f 5186 5223 5192
f 5679 5186 5192
f 5218 5217 5186
f 5186 5217 5223
f 5677 5218 5186
f 5677 5186 5679
f 5678 5193 5187
f 5823 5187 5193
f 5685 5187 5221
f 5221 5187 5823
f 5678 5187 5685
f 5189 5728 5188
f 5188 5728 5727
f 5679 5192 5674
f 5680 5193 5678
f 5194 5196 5195
f 5194 5195 5231
f 5194 5231 5230
f 5233 5346 5201
f 5665 5205 5204
f 5665 5204 5210
f 5240 5205 5665
f 5666 5207 5206
f 5666 5206 5247
f 5211 5207 5666
f 5665 5209 5208
f 5210 5209 5665
f 5666 5212 5211
f 5666 5213 5212
f 5215 5718 5214
f 5214 5714 5222
f 5214 5717 5714
f 5214 5718 5717
f 5258 5699 5215
f 5215 5699 5718
f 5254 5216 5217
f 5254 5261 5216
f 5219 5217 5218
f 5262 5217 5219
f 5254 5217 5262
f 5682 5219 5218
f 5682 5218 5677
f 5683 5262 5219
f 5683 5219 5682
f 5684 5221 5220
f 5823 5220 5221
f 5692 5220 5263
f 5823 5263 5220
f 5684 5220 5692
f 5685 5221 5684
f 5230 5225 5224
f 5225 5270 5224
f 5224 5266 5264
f 5224 5270 5266
f 5230 5226 5225
f 5230 5231 5226
f 5321 5228 5227
f 5321 5271 5228
f 5229 5347 5233
f 5269 5347 5229
f 5233 5347 5346
f 5665 5235 5234
f 5665 5234 5243
f 5236 5235 5665
f 5665 5272 5236
f 5666 5238 5237
f 5237 5287 5666
f 5666 5239 5238
f 5244 5239 5666
f 5665 5241 5240
f 5665 5242 5241
f 5243 5242 5665
f 5666 5245 5244
f 5666 5246 5245
f 5247 5246 5666
f 5249 5701 5248
f 5248 5700 5259
f 5248 5701 5700
f 5250 5702 5249
f 5249 5702 5701
f 5251 5708 5250
f 5250 5707 5702
f 5250 5708 5707
f 5254 5251 5252
f 5254 5708 5251
f 5254 5252 5253
f 5254 5253 5260
f 5688 5255 5254
f 5255 5708 5254
f 5254 5260 5261
f 5687 5254 5262
f 5688 5254 5687
f 5689 5288 5255
f 5288 5708 5255
f 5689 5255 5688
f 5690 5257 5256
f 5823 5256 5257
f 5698 5256 5291
f 5823 5291 5256
f 5690 5256 5698
f 5691 5263 5257
f 5257 5263 5823
f 5691 5257 5690
f 5259 5700 5258
f 5258 5700 5699
f 5687 5262 5683
f 5692 5263 5691
f 5264 5266 5265
f 5264 5265 5298
f 5264 5294 5292
f 5264 5298 5294
f 5321 5268 5267
f 5321 5267 5271
f 5321 5299 5268
f 5297 5374 5269
f 5382 5347 5269
f 5374 5382 5269
f 5665 5273 5272
f 5274 5273 5665
f 5665 5275 5274
f 5665 5276 5275
f 5277 5276 5666
f 5666 5276 5665
f 5666 5278 5277
f 5666 5279 5278
f 5280 5279 5666
f 5666 5281 5280
f 5282 5281 5666
f 5666 5283 5282
f 5666 5284 5283
f 5285 5284 5666
f 5666 5286 5285
f 5666 5287 5286
f 5695 5289 5288
f 5289 5708 5288
f 5695 5288 5689
f 5696 5302 5289
f 5302 5708 5289
f 5696 5289 5695
f 5697 5291 5290
f 5290 5291 5823
f 5712 5290 5303
f 5823 5303 5290
f 5697 5290 5712
f 5698 5291 5697
f 5292 5294 5293
f 5292 5293 5308
f 5292 5308 5304
f 5321 5296 5295
f 5321 5295 5299
f 5321 5309 5296
f 5307 5374 5297
f 5300 5708 5302
f 5711 5300 5302
f 5313 5708 5300
f 5709 5313 5300
f 5709 5300 5711
f 5710 5303 5301
f 5823 5301 5303
f 5726 5301 5314
f 5823 5314 5301
f 5710 5301 5726
f 5711 5302 5696
f 5712 5303 5710
f 5304 5308 5305
f 5304 5305 5323
f 5304 5318 5315
f 5323 5318 5304
f 5321 5306 5309
f 5324 5306 5321
f 5322 5374 5307
f 5310 5708 5313
f 5725 5310 5313
f 5331 5708 5310
f 5721 5331 5310
f 5721 5310 5725
f 5723 5312 5311
f 5311 5312 5823
f 5723 5311 5332
f 5823 5332 5311
f 5724 5314 5312
f 5823 5312 5314
f 5724 5312 5723
f 5725 5313 5709
f 5726 5314 5724
f 5318 5316 5315
f 5315 5316 5350
f 5315 5335 5333
f 5336 5335 5315
f 5315 5349 5336
f 5315 5350 5349
f 5318 5317 5316
f 5351 5317 5318
f 5340 5352 5318
f 5352 5351 5318
f 5320 5319 5321
f 5320 5354 5319
f 5321 5319 5324
f 5319 5373 5341
f 5319 5343 5342
f 5319 5342 5381
f 5319 5344 5343
f 5353 5344 5319
f 5354 5353 5319
f 5319 5381 5373
f 5348 5399 5322
f 5322 5375 5374
f 5406 5375 5322
f 5322 5399 5406
f 5326 5708 5325
f 5733 5326 5325
f 5325 5708 5331
f 5722 5325 5331
f 5733 5325 5722
f 5327 5708 5326
f 5734 5327 5326
f 5734 5326 5733
f 5363 5708 5327
f 5735 5363 5327
f 5735 5327 5734
f 5736 5329 5328
f 5823 5328 5329
f 5750 5328 5364
f 5823 5364 5328
f 5736 5328 5750
f 5737 5330 5329
f 5329 5330 5823
f 5737 5329 5736
f 5738 5332 5330
f 5823 5330 5332
f 5738 5330 5737
f 5722 5331 5721
f 5723 5332 5738
f 5335 5334 5333
f 5334 5377 5333
f 5333 5367 5365
f 5377 5367 5333
f 5340 5338 5337
f 5337 5352 5340
f 5340 5339 5338
f 5340 5378 5339
f 5379 5378 5340
f 5341 5373 5372
f 5341 5372 5380
f 5376 5399 5348
f 5358 5708 5357
f 5743 5358 5357
f 5357 5708 5363
f 5749 5357 5363
f 5743 5357 5749
f 5359 5708 5358
f 5744 5359 5358
f 5744 5358 5743
f 5391 5708 5359
f 5745 5391 5359
f 5745 5359 5744
f 5746 5361 5360
f 5823 5360 5361
f 5764 5360 5392
f 5392 5360 5823
f 5746 5360 5764
f 5747 5362 5361
f 5823 5361 5362
f 5747 5361 5746
f 5748 5364 5362
f 5362 5364 5823
f 5748 5362 5747
f 5749 5363 5735
f 5750 5364 5748
f 5365 5367 5366
f 5365 5366 5401
f 5365 5394 5393
f 5365 5401 5394
f 5370 5369 5368
f 5370 5368 5379
f 5379 5368 5378
f 5370 5402 5369
f 5403 5402 5370
f 5380 5372 5371
f 5371 5372 5405
f 5371 5398 5404
f 5371 5405 5398
f 5400 5399 5376
f 5384 5708 5383
f 5755 5384 5383
f 5383 5708 5391
f 5763 5383 5391
f 5755 5383 5763
f 5385 5708 5384
f 5756 5385 5384
f 5756 5384 5755
f 5386 5708 5385
f 5757 5386 5385
f 5757 5385 5756
f 5417 5708 5386
f 5758 5417 5386
f 5758 5386 5757
f 5759 5388 5387
f 5823 5387 5388
f 5782 5387 5418
f 5823 5418 5387
f 5759 5387 5782
f 5760 5389 5388
f 5388 5389 5823
f 5760 5388 5759
f 5761 5390 5389
f 5823 5389 5390
f 5761 5389 5760
f 5762 5392 5390
f 5823 5390 5392
f 5762 5390 5761
f 5763 5391 5745
f 5764 5392 5762
f 5393 5394 5428
f 5393 5428 5427
f 5396 5395 5403
f 5429 5395 5396
f 5395 5402 5403
f 5429 5396 5430
f 5404 5398 5397
f 5397 5398 5432
f 5397 5432 5431
f 5434 5399 5400
f 5434 5433 5399
f 5408 5708 5407
f 5769 5408 5407
f 5407 5708 5417
f 5781 5407 5417
f 5769 5407 5781
f 5409 5708 5408
f 5770 5409 5408
f 5770 5408 5769
f 5410 5708 5409
f 5771 5410 5409
f 5771 5409 5770
f 5411 5708 5410
f 5772 5411 5410
f 5772 5410 5771
f 5447 5708 5411
f 5773 5447 5411
f 5773 5411 5772
f 5413 5708 5412
f 5776 5413 5412
f 5412 5708 5450
f 5775 5412 5450
f 5776 5412 5775
f 5414 5705 5413
f 5777 5414 5413
f 5413 5704 5703
f 5413 5703 5708
f 5413 5705 5704
f 5777 5413 5776
f 5415 5729 5414
f 5778 5415 5414
f 5706 5705 5414
f 5414 5719 5706
f 5716 5715 5414
f 5715 5720 5414
f 5414 5732 5716
f 5414 5720 5719
f 5414 5729 5732
f 5778 5414 5777
f 5768 5415 5416
f 5779 5416 5415
f 5730 5729 5415
f 5415 5742 5730
f 5415 5740 5742
f 5415 5754 5740
f 5415 5752 5754
f 5752 5415 5768
f 5779 5415 5778
f 5780 5418 5416
f 5416 5418 5823
f 5768 5416 5766
f 5766 5416 5786
f 5780 5416 5779
f 5786 5416 5784
f 5784 5416 5808
f 5806 5416 5805
f 5805 5416 5814
f 5808 5416 5806
f 5812 5416 5811
f 5811 5416 5825
f 5814 5416 5812
f 5821 5416 5820
f 5820 5416 5823
f 5822 5416 5821
f 5825 5416 5822
f 5781 5417 5758
f 5782 5418 5780
f 5427 5420 5419
f 5419 5420 5463
f 5419 5452 5451
f 5463 5452 5419
f 5428 5420 5427
f 5421 5430 5422
f 5421 5422 5464
f 5429 5430 5421
f 5464 5422 5465
f 5423 5432 5424
f 5423 5424 5466
f 5431 5432 5423
f 5466 5424 5457
f 5457 5424 5467
f 5426 5425 5434
f 5462 5425 5426
f 5434 5425 5433
f 5484 5425 5462
f 5498 5468 5425
f 5498 5425 5484
f 5436 5708 5435
f 5788 5436 5435
f 5435 5708 5448
f 5787 5435 5448
f 5788 5435 5787
f 5437 5708 5436
f 5789 5437 5436
f 5789 5436 5788
f 5438 5708 5437
f 5790 5438 5437
f 5790 5437 5789
f 5439 5708 5438
f 5791 5439 5438
f 5791 5438 5790
f 5440 5708 5439
f 5792 5440 5439
f 5792 5439 5791
f 5441 5708 5440
f 5793 5441 5440
f 5793 5440 5792
f 5442 5708 5441
f 5794 5442 5441
f 5794 5441 5793
f 5443 5708 5442
f 5795 5443 5442
f 5795 5442 5794
f 5444 5708 5443
f 5796 5444 5443
f 5796 5443 5795
f 5445 5708 5444
f 5797 5445 5444
f 5797 5444 5796
f 5446 5708 5445
f 5798 5446 5445
f 5798 5445 5797
f 5449 5708 5446
f 5799 5449 5446
f 5799 5446 5798
f 5448 5708 5447
f 5774 5448 5447
f 5774 5447 5773
f 5801 5448 5774
f 5787 5448 5801
f 5450 5708 5449
f 5802 5450 5449
f 5800 5449 5799
f 5802 5449 5800
f 5775 5450 5802
f 5451 5452 5453
f 5453 5485 5451
f 5451 5471 5469
f 5470 5471 5451
f 5485 5470 5451
f 5455 5456 5454
f 5454 5456 5486
f 5455 5465 5456
f 5464 5465 5455
f 5486 5456 5487
f 5457 5467 5458
f 5457 5458 5488
f 5477 5458 5459
f 5488 5458 5477
f 5477 5459 5495
f 5495 5459 5489
f 5498 5460 5461
f 5532 5490 5460
f 5510 5460 5498
f 5518 5460 5510
f 5532 5460 5518
f 5498 5461 5468
f 5469 5471 5472
f 5469 5472 5499
f 5469 5492 5491
f 5469 5500 5492
f 5469 5499 5500
f 5474 5476 5473
f 5473 5476 5502
f 5475 5476 5474
f 5475 5487 5476
f 5486 5487 5475
f 5493 5476 5494
f 5501 5476 5493
f 5502 5476 5501
f 5495 5478 5479
f 5495 5489 5478
f 5495 5479 5480
f 5480 5503 5495
f 5590 5481 5482
f 5612 5506 5481
f 5606 5481 5590
f 5612 5481 5606
f 5564 5482 5483
f 5560 5482 5564
f 5576 5482 5560
f 5590 5482 5576
f 5532 5483 5490
f 5546 5483 5532
f 5564 5483 5546
f 5492 5494 5491
f 5491 5494 5511
f 5491 5508 5507
f 5511 5508 5491
f 5493 5494 5492
f 5495 5496 5497
f 5504 5496 5495
f 5495 5497 5512
f 5503 5504 5495
f 5626 5497 5505
f 5512 5497 5509
f 5509 5497 5520
f 5517 5497 5516
f 5516 5497 5534
f 5520 5497 5517
f 5531 5497 5530
f 5530 5497 5548
f 5534 5497 5531
f 5548 5497 5663
f 5640 5497 5626
f 5638 5497 5640
f 5649 5497 5638
f 5647 5497 5649
f 5652 5497 5647
f 5497 5652 5655
f 5497 5655 5657
f 5657 5660 5497
f 5497 5660 5663
f 5620 5505 5506
f 5626 5505 5620
f 5620 5506 5612
f 5507 5508 5519
f 5507 5515 5513
f 5507 5514 5515
f 5507 5519 5514
f 5515 5533 5513
f 5513 5533 5527
f 5700 5522 5521
f 5700 5521 5537
f 5701 5523 5522
f 5701 5522 5700
f 5707 5524 5523
f 5702 5523 5701
f 5707 5523 5702
f 5703 5525 5524
f 5703 5524 5708
f 5708 5524 5707
f 5704 5526 5525
f 5704 5525 5703
f 5705 5538 5526
f 5705 5526 5704
f 5527 5528 5529
f 5527 5533 5528
f 5527 5529 5547
f 5527 5542 5541
f 5547 5542 5527
f 5717 5536 5535
f 5714 5535 5550
f 5717 5535 5714
f 5699 5537 5536
f 5699 5536 5718
f 5718 5536 5717
f 5700 5537 5699
f 5705 5539 5538
f 5540 5595 5539
f 5719 5540 5539
f 5706 5539 5705
f 5719 5539 5706
f 5551 5595 5540
f 5715 5551 5540
f 5715 5540 5720
f 5720 5540 5719
f 5541 5542 5543
f 5541 5543 5561
f 5561 5543 5562
f 5545 5671 5544
f 5544 5675 5563
f 5544 5671 5676
f 5544 5676 5675
f 5548 5663 5545
f 5545 5663 5668
f 5545 5668 5671
f 5713 5550 5549
f 5728 5549 5566
f 5713 5549 5731
f 5731 5549 5728
f 5714 5550 5713
f 5552 5595 5551
f 5715 5552 5551
f 5567 5595 5552
f 5729 5567 5552
f 5716 5552 5715
f 5732 5552 5716
f 5729 5552 5732
f 5555 5556 5553
f 5561 5555 5553
f 5553 5556 5577
f 5553 5577 5569
f 5554 5555 5561
f 5561 5562 5554
f 5558 5691 5557
f 5557 5690 5578
f 5557 5691 5690
f 5559 5678 5558
f 5558 5678 5685
f 5558 5685 5684
f 5558 5684 5692
f 5558 5692 5691
f 5563 5680 5559
f 5559 5680 5678
f 5563 5675 5680
f 5727 5566 5565
f 5739 5565 5579
f 5727 5565 5741
f 5741 5565 5739
f 5728 5566 5727
f 5568 5595 5567
f 5729 5568 5567
f 5580 5595 5568
f 5740 5580 5568
f 5730 5568 5729
f 5742 5568 5730
f 5740 5568 5742
f 5570 5571 5569
f 5569 5577 5570
f 5569 5571 5572
f 5572 5591 5569
f 5569 5583 5581
f 5582 5583 5569
f 5569 5591 5582
f 5574 5724 5573
f 5573 5723 5592
f 5573 5724 5723
f 5575 5712 5574
f 5574 5712 5710
f 5574 5710 5726
f 5574 5726 5724
f 5578 5698 5575
f 5575 5698 5697
f 5575 5697 5712
f 5578 5690 5698
f 5579 5693 5593
f 5751 5579 5593
f 5739 5579 5753
f 5753 5579 5751
f 5594 5595 5580
f 5752 5594 5580
f 5754 5580 5740
f 5752 5580 5754
f 5581 5583 5584
f 5584 5585 5581
f 5581 5585 5607
f 5581 5601 5597
f 5598 5599 5581
f 5581 5607 5598
f 5599 5600 5581
f 5581 5600 5601
f 5587 5761 5586
f 5586 5780 5608
f 5586 5760 5759
f 5586 5759 5782
f 5586 5761 5760
f 5586 5782 5780
f 5588 5747 5587
f 5587 5747 5746
f 5587 5746 5764
f 5587 5762 5761
f 5587 5764 5762
f 5589 5736 5588
f 5588 5736 5750
f 5588 5748 5747
f 5588 5750 5748
f 5592 5738 5589
f 5589 5737 5736
f 5589 5738 5737
f 5592 5723 5738
f 5593 5693 5609
f 5765 5593 5609
f 5751 5593 5767
f 5767 5593 5765
f 5610 5596 5594
f 5766 5610 5594
f 5768 5594 5752
f 5766 5594 5768
f 5596 5666 5595
f 5595 5666 5665
f 5618 5596 5610
f 5614 5596 5617
f 5624 5596 5614
f 5617 5596 5618
f 5623 5596 5624
f 5636 5596 5623
f 5628 5596 5633
f 5644 5596 5628
f 5633 5596 5634
f 5634 5596 5635
f 5635 5596 5636
f 5643 5596 5644
f 5643 5645 5596
f 5597 5601 5602
f 5597 5602 5611
f 5603 5797 5602
f 5611 5602 5619
f 5619 5602 5625
f 5625 5602 5639
f 5639 5602 5637
f 5637 5602 5648
f 5648 5602 5646
f 5646 5602 5651
f 5651 5602 5654
f 5654 5602 5656
f 5656 5602 5659
f 5659 5602 5662
f 5662 5602 5667
f 5667 5602 5670
f 5670 5602 5673
f 5673 5602 5674
f 5674 5602 5679
f 5679 5602 5677
f 5677 5602 5682
f 5682 5602 5683
f 5683 5602 5687
f 5687 5602 5688
f 5688 5602 5689
f 5689 5602 5695
f 5695 5602 5696
f 5696 5602 5711
f 5711 5602 5709
f 5709 5602 5725
f 5721 5602 5722
f 5725 5602 5721
f 5722 5602 5733
f 5733 5602 5734
f 5734 5602 5735
f 5735 5602 5749
f 5743 5602 5744
f 5749 5602 5743
f 5744 5602 5745
f 5745 5602 5763
f 5755 5602 5756
f 5763 5602 5755
f 5756 5602 5757
f 5757 5602 5758
f 5758 5602 5781
f 5769 5602 5770
f 5781 5602 5769
f 5770 5602 5771
f 5771 5602 5772
f 5772 5602 5773
f 5773 5602 5774
f 5774 5602 5801
f 5787 5602 5788
f 5801 5602 5787
f 5788 5602 5789
f 5789 5602 5790
f 5790 5602 5791
f 5791 5602 5792
f 5792 5602 5793
f 5602 5794 5793
f 5602 5795 5794
f 5602 5796 5795
f 5602 5797 5796
f 5604 5802 5603
f 5603 5798 5797
f 5603 5799 5798
f 5603 5800 5799
f 5603 5802 5800
f 5605 5777 5604
f 5604 5776 5775
f 5604 5775 5802
f 5604 5777 5776
f 5608 5779 5605
f 5605 5778 5777
f 5605 5779 5778
f 5608 5780 5779
f 5609 5693 5615
f 5783 5609 5615
f 5765 5609 5785
f 5785 5609 5783
f 5784 5618 5610
f 5786 5610 5766
f 5784 5610 5786
f 5616 5693 5613
f 5804 5616 5613
f 5613 5693 5621
f 5804 5613 5621
f 5805 5614 5617
f 5805 5624 5614
f 5615 5693 5616
f 5804 5615 5616
f 5783 5615 5807
f 5803 5615 5804
f 5807 5615 5803
f 5806 5617 5618
f 5805 5617 5806
f 5808 5618 5784
f 5806 5618 5808
f 5621 5693 5622
f 5809 5621 5622
f 5804 5621 5813
f 5813 5621 5809
f 5622 5693 5629
f 5809 5622 5629
f 5814 5623 5624
f 5812 5636 5623
f 5812 5623 5814
f 5814 5624 5805
f 5632 5693 5627
f 5817 5632 5627
f 5627 5693 5641
f 5817 5627 5641
f 5820 5628 5633
f 5820 5644 5628
f 5629 5693 5630
f 5810 5629 5630
f 5809 5629 5810
f 5630 5693 5631
f 5816 5630 5631
f 5810 5630 5824
f 5815 5630 5816
f 5824 5630 5815
f 5631 5693 5632
f 5817 5631 5632
f 5816 5631 5817
f 5821 5633 5634
f 5820 5633 5821
f 5822 5634 5635
f 5821 5634 5822
f 5812 5635 5636
f 5811 5635 5812
f 5825 5635 5811
f 5822 5635 5825
f 5641 5693 5642
f 5818 5641 5642
f 5817 5641 5818
f 5693 5643 5642
f 5819 5642 5643
f 5818 5642 5819
f 5820 5643 5644
f 5650 5645 5643
f 5643 5653 5650
f 5643 5658 5653
f 5661 5658 5643
f 5643 5664 5661
f 5643 5669 5664
f 5672 5669 5643
f 5643 5681 5672
f 5643 5686 5681
f 5694 5686 5643
f 5694 5643 5693
f 5819 5643 5820
f 5826 5645 5650
f 5823 5645 5826
f 5827 5650 5653
f 5826 5650 5827
f 5828 5653 5658
f 5827 5653 5828
f 5829 5658 5661
f 5828 5658 5829
f 5830 5661 5664
f 5829 5661 5830
f 5831 5664 5669
f 5830 5664 5831
f 5832 5669 5672
f 5831 5669 5832
f 5833 5672 5681
f 5832 5672 5833
f 5834 5681 5686
f 5833 5681 5834
f 5836 5686 5694
f 5834 5686 5836
f 5835 5694 5693
f 5836 5694 5835
f 5835 5739 5753
f 5835 5753 5751
f 5835 5751 5767
f 5835 5767 5765
f 5765 5785 5835
f 5835 5785 5783
f 5783 5807 5835
f 5835 5803 5804
f 5807 5803 5835
f 5835 5804 5813
f 5835 5809 5810
f 5813 5809 5835
f 5835 5810 5824
f 5815 5816 5835
f 5835 5824 5815
f 5816 5817 5835
f 5817 5818 5835
f 5835 5818 5819
f 5820 5823 5819
f 5819 5823 5826
f 5819 5826 5827
f 5827 5828 5819
f 5819 5828 5829
f 5819 5829 5830
f 5830 5831 5819
f 5819 5831 5832
f 5819 5832 5833
f 5833 5834 5819
f 5819 5834 5836
f 5819 5836 5835
