# CAD visual only; metres; body-local coordinates
v -0.0155176213 -0.00145294757 -0.00104528427
v -0.0155294468 -0.00144112201 -0.000871558189
v -0.0155466511 -0.00142389865 -0.000523357391
v -0.0155520489 -0.00141851993 -0.000348997116
v -0.0155563405 -0.00141420932 -6.9388939e-18
v -0.0155552723 -0.00141529651 0.0001745224
v -0.0155520489 -0.00141851993 0.000348997116
v -0.0155391171 -0.00143143268 0.000697565079
v -0.0155294468 -0.00144112201 0.000871558189
v -0.0155036404 -0.00146692844 0.00121869564
v -0.0152824261 -0.00168814273 -0.0027563715
v -0.0153154042 -0.0016551456 -0.00258819103
v -0.0153463032 -0.00162424655 -0.00241921902
v -0.0154018261 -0.00156874271 -0.00207911491
v -0.0154264309 -0.00154413791 -0.00190808773
v -0.0154692891 -0.00150126071 -0.00156434536
v -0.0154489186 -0.00152163119 0.00173648357
v -0.0154264309 -0.00154413791 0.00190808773
v -0.0153751233 -0.00159544559 0.00224951267
v -0.0153463032 -0.00162424655 0.00241921902
v -0.0153154042 -0.0016551456 0.00258819103
v -0.0152824261 -0.00168814273 0.0027563715
v -0.0154875424 -0.00148302646 -0.00139173031
v -0.0154875424 -0.00148302646 0.00139173031
v -0.015086694 -0.00188387485 -0.0035836792
v -0.0151711132 -0.0017994556 -0.00325568199
v -0.0152102711 -0.00176029773 -0.00309017181
v -0.0152102711 -0.00176029773 0.00309017181
v -0.0151299145 -0.00184065433 0.00342020035
v -0.0150414708 -0.00192909808 0.00374606609
v -0.015247369 -0.00172318072 -0.0029237175
v -0.015247369 -0.00172318072 0.0029237175
v -0.0147856572 -0.00218491168 -0.00453990459
v -0.0148407223 -0.00212984653 -0.00438371181
v -0.0149450161 -0.00202553363 -0.00406736851
v -0.014893842 -0.00207672687 0.00422618389
v -0.0148407223 -0.00212984653 0.00438371181
v -0.0147856572 -0.00218491168 0.00453990459
v -0.0149942257 -0.00197632403 -0.00390731335
v -0.0149942257 -0.00197632403 0.00390731335
v -0.0146089985 -0.00236155124 -0.005
v -0.0146697857 -0.00230078311 -0.00484809399
v -0.0146089985 -0.00236155124 0.005
v -0.0145463612 -0.00242418857 0.00515038013
v -0.0147286656 -0.00224190326 -0.00469471455
v -0.0147286656 -0.00224190326 0.00469471455
v -0.0143474629 -0.00262310596 -0.00559192896
v -0.0144155743 -0.00255497546 -0.00544639111
v -0.0144155743 -0.00255497546 0.00544639111
v -0.0142775586 -0.00269301028 0.0057357645
v -0.0144818928 -0.00248867602 -0.00529919147
v -0.0144818928 -0.00248867602 0.00529919147
v -0.0141324856 -0.00283808322 -0.00601814985
v -0.0142058995 -0.00276466937 -0.00587785244
v -0.0142058995 -0.00276466937 0.00587785244
v -0.0140573552 -0.00291319461 0.00615661621
v -0.0140122273 -0.000129915191 -0.00190808773
v -0.0140347149 -0.000107427551 -0.00173648357
v -0.0140733197 -6.88228142e-05 -0.00139173031
v -0.0140894368 -5.27057182e-05 -0.00121869564
v -0.0141152241 -2.68992912e-05 -0.000871558189
v -0.0141249134 -1.72290337e-05 -0.000697565079
v -0.0141378262 -4.31628343e-06 -0.000348997116
v -0.0141410496 -1.07379075e-06 -0.0001745224
v -0.0141410496 -1.07379075e-06 0.0001745224
v -0.0141378262 -4.31628343e-06 0.000348997116
v -0.0141324475 -9.69500657e-06 0.000523357391
v -0.0141152241 -2.68992912e-05 0.000871558189
v -0.0141033986 -3.87439263e-05 0.00104528427
v -0.0140733197 -6.88228142e-05 0.00139173031
v -0.0140550854 -8.70570671e-05 0.00156434536
v -0.0140122273 -0.000129915191 0.00190808773
v -0.013821893 -0.00314867587 -0.00656059027
v -0.0139020398 -0.00306852908 -0.00642787695
v -0.0139020398 -0.00306852908 0.00642787457
v -0.013821893 -0.00314867587 0.00656059265
v -0.0139805272 -0.00299002261 -0.00629320383
v -0.0139805272 -0.00299002261 0.00629320621
v -0.0137568905 -0.000385232879 -0.00325568199
v -0.0137960484 -0.000346075011 -0.00309017181
v -0.0138331654 -0.000308977081 -0.0029237175
v -0.0138682225 -0.000273920013 0.0027563715
v -0.0137960484 -0.000346075011 0.00309017181
v -0.0137568905 -0.000385232879 0.00325568199
v -0.0139012005 -0.000240941955 -0.00258819103
v -0.0139320996 -0.000210042907 -0.00241921902
v -0.0139609005 -0.000181222869 -0.00224951267
v -0.0139876225 -0.000154519988 0.00207911491
v -0.0139320996 -0.000210042907 0.00241921902
v -0.0139012005 -0.000240941955 0.00258819103
v -0.0136567357 -0.00331383319 -0.00681998253
v -0.0135717823 -0.0033987865 0.00694658279
v -0.0137401059 -0.00323046298 -0.00669130564
v -0.0137401059 -0.00323046298 0.00669130802
v -0.0135308125 -0.000611329986 -0.00406736851
v -0.0135800221 -0.000562120391 -0.00390731335
v -0.013627248 -0.000514894439 -0.00374606609
v -0.013627248 -0.000514894439 0.00374606609
v -0.0135800221 -0.000562120391 0.00390731335
v -0.0135308125 -0.000611329986 0.00406736851
v -0.0136724713 -0.000469652129 -0.0035836792
v -0.0137156918 -0.000426431609 -0.00342020035
v -0.0137156918 -0.000426431609 0.00342020035
v -0.0136724713 -0.000469652129 0.0035836792
v -0.013307729 -0.00366282077 -0.0073135376
v -0.0133972599 -0.0035733089 -0.00719339848
v -0.0133972599 -0.0035733089 0.00719339848
v -0.013307729 -0.00366282077 0.0073135376
v -0.0134852841 -0.00348528476 -0.00707106829
v -0.0134852841 -0.00348528476 0.0070710659
v -0.013255563 -0.000886579467 -0.00484809399
v -0.0133144429 -0.000827680541 -0.00469471455
v -0.0133714344 -0.000770708038 0.00453990459
v -0.013255563 -0.000886579467 0.00484809399
v -0.0134264996 -0.000715642883 -0.00438371181
v -0.0134796383 -0.00066250415 -0.00422618389
v -0.0134796383 -0.00066250415 0.00422618389
v -0.0134264996 -0.000715642883 0.00438371181
v -0.0131243184 -0.00384625049 -0.00754709482
v -0.0132167485 -0.00375382037 -0.00743144751
v -0.0132167485 -0.00375382037 0.00743144989
v -0.0130304768 -0.00394009204 0.00766044617
v -0.0130013707 -0.00114077182 -0.00544639111
v -0.0131321576 -0.00100998492 -0.00515038013
v -0.0131321576 -0.00100998492 0.00515038013
v -0.0130676701 -0.00107445331 0.00529919147
v -0.0131947949 -0.000947347594 -0.005
v -0.0131947949 -0.000947347594 0.005
v -0.0129352429 -0.00403530688 -0.00777145863
v -0.0128386738 -0.00413189502 0.00788010597
v -0.0127916768 -0.00135044665 -0.00587785244
v -0.0128633549 -0.00127878757 -0.0057357645
v -0.0128633549 -0.00127878757 0.0057357645
v -0.0127916768 -0.00135044665 0.00587785244
v -0.0129332402 -0.00120888324 -0.00559192896
v -0.0129332402 -0.00120888324 0.00559193134
v -0.0126415493 -0.0043290195 -0.00809016943
v -0.0125410702 -0.00442947955 0.00819151878
v -0.0127407505 -0.00422979922 -0.00798635483
v -0.0127407505 -0.00422979922 0.00798635483
v -0.0125663235 -0.00157581897 -0.00629320383
v -0.0125663235 -0.00157581897 0.00629320621
v -0.0126431515 -0.00149899097 -0.00615661383
v -0.012718282 -0.0014238605 0.00601815224
v -0.0124393704 -0.00453119846 -0.00829037666
v -0.0123364689 -0.00463409991 0.00838670731
v -0.0123259022 -0.00181624026 -0.00669130564
v -0.0123259022 -0.00181624026 0.00669130802
v -0.0124076703 -0.00173447223 -0.00656059027
v -0.012487817 -0.00165430637 -0.00642787695
v -0.012487817 -0.00165430637 0.00642787457
v -0.0124076703 -0.00173447223 0.00656059265
v -0.0121271565 -0.00484341235 -0.00857167244
v -0.0120208218 -0.00494974704 0.00866025448
v -0.0122323849 -0.00473818393 -0.0084804821
v -0.0122323849 -0.00473818393 0.0084804821
v -0.0120710614 -0.00207106204 -0.00707106829
v -0.0120710614 -0.00207106204 0.0070710659
v -0.0121575596 -0.00198456378 -0.00694658279
v -0.0122425129 -0.00189961047 0.00681998253
v -0.0118049481 -0.00516562076 -0.00882947683
v -0.0119133999 -0.00505716891 -0.00874619722
v -0.0119133999 -0.00505716891 0.00874619484
v -0.0118049481 -0.00516562076 0.00882947445
v -0.0118025448 -0.00233959766 -0.00743144751
v -0.0118025448 -0.00233959766 0.00743144989
v -0.0118935254 -0.00224861713 -0.0073135376
v -0.0119830372 -0.00215908618 -0.00719339848
v -0.0119830372 -0.00215908618 0.00719339848
v -0.0118935254 -0.00224861713 0.0073135376
v -0.0116954853 -0.0052750835 -0.0089100647
v -0.0115850308 -0.00538553805 0.00898794174
v -0.0115210392 -0.00262110324 -0.00777145863
v -0.0116162541 -0.00252586932 -0.00766044378
v -0.0116162541 -0.00252586932 0.00766044617
v -0.0115210392 -0.00262110324 0.00777145863
v -0.0117101147 -0.00243202777 -0.00754709482
v -0.0117101147 -0.00243202777 0.00754709721
v -0.0113613369 -0.00560921283 -0.0091354537
v -0.0113613369 -0.00560921283 0.00913545609
v -0.0114736416 -0.00549692721 -0.00906307697
v -0.0114736416 -0.00549692721 0.00906307697
v -0.0113265469 -0.00281559558 -0.00798635483
v -0.0113265469 -0.00281559558 0.00798635483
v -0.0114244511 -0.00271769137 -0.00788010836
v -0.0114244511 -0.00271769137 0.00788010597
v -0.0111341526 -0.0058364162 -0.00927183867
v -0.0110193303 -0.00595123859 0.00933580399
v -0.0112481739 -0.0057223949 -0.00920504808
v -0.0112481739 -0.0057223949 0.00920505047
v -0.0110251667 -0.00311697574 -0.00829037666
v -0.0111268666 -0.00301527591 -0.00819152117
v -0.0111268666 -0.00301527591 0.00819151878
v -0.0110251667 -0.00311697574 0.00829037666
v -0.0112273457 -0.00291479678 -0.00809016943
v -0.0112273457 -0.00291479678 0.00809017181
v -0.0109037259 -0.00606684299 -0.00939692736
v -0.0107873967 -0.00618317218 0.00945518494
v -0.0108181622 -0.00332398028 -0.0084804821
v -0.0108181622 -0.00332398028 0.0084804821
v -0.0109222462 -0.00321989627 -0.00838670492
v -0.0109222462 -0.00321989627 0.00838670731
v -0.0106703618 -0.00630020709 -0.0095105648
v -0.0105526593 -0.00641790958 0.0095630455
v -0.0106065991 -0.0035355434 -0.00866025448
v -0.0106065991 -0.0035355434 0.00866025448
v -0.0107129338 -0.00342918964 -0.00857167244
v -0.0107129338 -0.00342918964 0.00857167244
v -0.0104343274 -0.00653622241 -0.00961261749
v -0.0103154042 -0.0066551456 0.00965925694
v -0.0102812626 -0.00386086078 -0.0089100647
v -0.0103907254 -0.00375139804 0.00882947445
v -0.0104991963 -0.0036429462 -0.00874619722
v -0.0104991963 -0.0036429462 0.00874619484
v -0.0101959279 -0.00677464099 -0.00970295668
v -0.0100759175 -0.00689463229 0.00974370003
v -0.010059438 -0.0040827045 -0.00906307697
v -0.010059438 -0.0040827045 0.00906307697
v -0.0101708271 -0.00397131534 -0.00898793936
v -0.0101708271 -0.00397131534 0.00898794174
v -0.00995543026 -0.00701511951 -0.00978147507
v -0.00983450436 -0.00713606448 0.00981626987
v -0.00983395123 -0.00430817218 -0.00920504808
v -0.00983395123 -0.00430817218 0.00920505047
v -0.0099471333 -0.00419500919 -0.0091354537
v -0.0099471333 -0.00419500919 0.00913545609
v -0.00971315884 -0.00725741 -0.0098480773
v -0.0095048573 -0.00746571155 -0.000413455963
v -0.00953287625 -0.00743767352 -0.000234651566
v -0.009545789 -0.00742477985 2.617836e-05
v -0.00952982449 -0.00744074435 0.000260472298
v -0.00959143185 -0.00737911792 0.00987688541
v -0.00960510754 -0.00453701587 -0.00933580399
v -0.00960510754 -0.00453701587 0.00933580399
v -0.00971992993 -0.00442219348 -0.00927183867
v -0.00971992993 -0.00442219348 0.00927183628
v -0.00946938061 -0.00750118823 -0.00990267992
v -0.0092512753 -0.00771927447 -0.00819101334
v -0.00926310086 -0.00770746799 -0.00799999952
v -0.00926100277 -0.00770956607 -0.0010229969
v -0.00928577923 -0.00768478961 -0.00098408699
v -0.00940384411 -0.00756672473 -0.000749998093
v -0.00946871304 -0.0075018558 0.000561909676
v -0.00939444088 -0.00757610889 0.000772557259
v -0.00927351498 -0.00769705386 0.00100369453
v -0.0092512753 -0.00771927447 0.00780898571
v -0.00926310086 -0.00770746799 0.00800000191
v -0.0093470242 -0.00762352557 0.00992546082
v -0.00947548413 -0.00749506564 -0.000537552834
v -0.00948814892 -0.00748240085 -0.000488352776
v -0.00949959301 -0.00747097583 0.000438556671
v -0.00948196911 -0.00748858066 0.000513029099
v -0.00925613904 -0.00488598437 -0.0095105648
v -0.00937317395 -0.00476894946 -0.00945518494
v -0.00937317395 -0.00476894946 0.00945518494
v -0.00925613904 -0.00488598437 0.0095105648
v -0.00948952221 -0.00465262027 -0.00939692736
v -0.00948952221 -0.00465262027 0.00939692497
v -0.0091015675 -0.00786900134 -0.00996194601
v -0.00900574231 -0.00796482654 -0.00881745815
v -0.00906330609 -0.00790724368 -0.00873604298
v -0.00917831921 -0.00779224963 -0.00849938869
v -0.00921619916 -0.00775436969 -0.00762377739
v -0.00917204403 -0.00779850574 -0.00748358011
v -0.00905413174 -0.00791641803 -0.00724980116
v -0.0090156033 -0.00795494647 -0.00129903793
v -0.00907839322 -0.00789217563 -0.00124355793
v -0.00920864605 -0.00776190372 0.00109703064
v -0.00906296277 -0.00790760608 0.0012580061
v -0.00900574231 -0.00796482654 0.00718254089
v -0.00906330609 -0.00790724368 0.00726395607
v -0.00917831921 -0.00779224963 0.00750061035
v -0.00921619916 -0.00775436969 0.00837622166
v -0.00917204403 -0.00779850574 0.00851641655
v -0.00905413174 -0.00791641803 0.00875020027
v -0.0091015675 -0.00786900134 0.00996194839
v -0.00922440075 -0.00774614902 -0.00994521856
v -0.00922071957 -0.00774984927 -0.00835812569
v -0.00924316906 -0.00772739978 -0.00824744701
v -0.00924881482 -0.00772175403 -0.00779011011
v -0.00924000287 -0.00773056598 -0.00773388624
v -0.00922207379 -0.00774847598 -0.00107901096
v -0.00924826169 -0.00772230716 0.00104198933
v -0.00922071957 -0.00774984927 0.00764187336
v -0.00924316906 -0.00772739978 0.00775255203
v -0.00924881482 -0.00772175403 0.00820989132
v -0.00924000287 -0.00773056598 0.00826611519
v -0.00922440075 -0.00774614902 0.00994522095
v -0.00902012372 -0.00512201877 -0.00961261749
v -0.00913845562 -0.00500368686 0.0095630455
v -0.00885534787 -0.0081152019 -0.0099862957
v -0.008751302 -0.00821924777 -0.00903366089
v -0.00881399655 -0.00815655322 -0.00899693966
v -0.00896416211 -0.00800640674 -0.00713318825
v -0.008801656 -0.00816891284 -0.00699510098
v -0.00875980877 -0.00821076007 -0.00144888878
v -0.00896681332 -0.00800375552 0.0013365078
v -0.008751302 -0.00821924777 0.00696633816
v -0.00881399655 -0.00815655322 0.00700305939
v -0.00896416211 -0.00800640674 0.0088668108
v -0.008801656 -0.00816891284 0.00900489807
v -0.00885534787 -0.0081152019 0.0099862957
v -0.00897854352 -0.00799202533 -0.00997564077
v -0.00897478604 -0.00799578281 -0.00885486126
v -0.00899557614 -0.00797499271 -0.00716981888
v -0.00898323559 -0.00798733325 -0.00132441998
v -0.00899950528 -0.00797106357 0.00131193161
v -0.00897478604 -0.00799578281 0.00714513779
v -0.00899557614 -0.00797499271 0.00883018017
v -0.00897854352 -0.00799202533 0.00997563839
v -0.00878170514 -0.00536041827 -0.00970295668
v -0.00878170514 -0.00536041827 0.00970295906
v -0.00890120053 -0.00524094195 -0.00965925932
v -0.00890120053 -0.00524094195 0.00965925694
v -0.00860868954 -0.0083618793 -0.00999847651
v -0.00851242566 -0.00845814319 -0.0090993309
v -0.00871269726 -0.00825787158 -0.00694806576
v -0.00850378537 -0.0084667644 -0.00149977207
v -0.00870581173 -0.00826475711 0.00146722317
v -0.00851242566 -0.00845814319 0.00690066814
v -0.00871269726 -0.00825787158 0.00905193329
v -0.00860868954 -0.0083618793 0.00999847889
v -0.00873205685 -0.00823851199 -0.00999390841
v -0.00872564816 -0.00824492068 -0.00904616117
v -0.00873852276 -0.00823204608 -0.00695992947
v -0.00872387433 -0.00824667544 -0.00146155357
v -0.0087418797 -0.00822868915 0.00145544529
v -0.00872564816 -0.00824492068 0.00695383549
v -0.00873852276 -0.00823204608 0.00904006958
v -0.00873205685 -0.00823851199 0.00999390602
v -0.00854122662 -0.00560091586 -0.00978147507
v -0.00854122662 -0.00560091586 0.00978147507
v -0.00866171383 -0.00548042865 -0.00974370003
v -0.00866171383 -0.00548042865 0.00974370003
v -0.00836187863 -0.00860869022 -0.00999847651
v -0.00825787091 -0.00871269794 -0.00905193567
v -0.00845814251 -0.00851242633 -0.00690067053
v -0.00826475644 -0.00870581241 -0.00146722317
v -0.00846676373 -0.00850378604 0.00149977207
v -0.00825787091 -0.00871269794 0.00694806576
v -0.00845814251 -0.00851242633 0.0090993309
v -0.00836187863 -0.00860869022 0.00999847889
v -0.00848528409 -0.00848528476 -0.01
v -0.00847170376 -0.00849886508 -0.00909983158
v -0.00848528409 -0.00848528476 -0.00690000057
v -0.00848528409 -0.00848528476 -0.00150000095
v -0.00848528409 -0.00848528476 0.00150000095
v -0.00847170376 -0.00849886508 0.00690016747
v -0.00848528409 -0.00848528476 0.00909999847
v -0.00848528409 -0.00848528476 0.01
v -0.0082989552 -0.00584318729 -0.0098480773
v -0.0082989552 -0.00584318729 0.00984807968
v -0.00842028164 -0.00572184177 -0.00981627226
v -0.00842028164 -0.00572184177 0.00981626987
v -0.00811520123 -0.00885534854 -0.0099862957
v -0.00816891217 -0.00880165668 -0.00900490046
v -0.00800640606 -0.00896416278 -0.0088668108
v -0.00815655255 -0.00881399722 -0.00700306177
v -0.0082192471 -0.00875130267 -0.00696633816
v -0.00800375485 -0.00896681399 -0.0013365078
v -0.0082107594 -0.00875980945 0.00144888878
v -0.00816891217 -0.00880165668 0.00699510098
v -0.00800640606 -0.00896416278 0.00713318825
v -0.00815655255 -0.00881399722 0.00899693966
v -0.0082192471 -0.00875130267 0.00903366089
v -0.00811520123 -0.00885534854 0.0099862957
v -0.00823851132 -0.00873205752 -0.00999390841
v -0.00823204541 -0.00873852344 -0.00904006958
v -0.00824492001 -0.00872564883 -0.00695383787
v -0.00822868847 -0.00874188037 -0.00145544529
v -0.00824669384 -0.008723875 0.00146155357
v -0.00823204541 -0.00873852344 0.00695992947
v -0.00824492001 -0.00872564883 0.00904616356
v -0.00823851132 -0.00873205752 0.00999390602
v -0.00805517697 -0.00608696551 -0.00990267992
v -0.00806776547 -0.00607437701 -0.000513029099
v -0.00811562085 -0.00602652164 -0.000260472298
v -0.00813171887 -0.00601040454 -6.9388939e-18
v -0.0081186726 -0.00602346988 0.000234651566
v -0.00807394528 -0.0060681972 0.000488352776
v -0.00800756955 -0.00613455386 0.00070420742
v -0.00805517697 -0.00608696551 0.0099026823
v -0.00817722821 -0.00596491428 -0.00987688303
v -0.00817722821 -0.00596491428 0.00987688541
v -0.00786900067 -0.00910156818 -0.00996194601
v -0.00791641736 -0.00905413242 -0.00875019789
v -0.00779850506 -0.00917204471 -0.00851641893
v -0.00775436902 -0.00921619983 -0.00837622166
v -0.00779224896 -0.00917831988 -0.00750061035
v -0.00790724301 -0.00906330676 -0.00726395607
v -0.00796482586 -0.00900574298 -0.00718254089
v -0.00790760541 -0.00906296344 -0.0012580061
v -0.00776192212 -0.00920864673 -0.00109703064
v -0.00789217495 -0.00907839389 0.00124355793
v -0.0079549458 -0.00901560397 0.00129903793
v -0.00791641736 -0.00905413242 0.00724980354
v -0.00779850506 -0.00917204471 0.0074835825
v -0.00775436902 -0.00921619983 0.00762377739
v -0.00779224896 -0.00917831988 0.00849938869
v -0.00790724301 -0.00906330676 0.00873604298
v -0.00796482586 -0.00900574298 0.00881745815
v -0.00786900067 -0.00910156818 0.00996194839
v -0.00799202466 -0.00897852512 -0.00997564077
v -0.00797499203 -0.00899557681 -0.00883018017
v -0.00799578213 -0.00897478671 -0.00714514017
v -0.00797106289 -0.00899950595 -0.00131193161
v -0.00798733258 -0.00898323627 0.00132441998
v -0.00797499203 -0.00899557681 0.00716981888
v -0.00799578213 -0.00897478671 0.00885486126
v -0.00799202466 -0.00897852512 0.00997563839
v -0.00781019711 -0.00633194537 -0.00994521856
v -0.00775784039 -0.00638430209 -0.00851641893
v -0.00782578015 -0.00631636233 -0.00826611519
v -0.0078487637 -0.00629335971 -0.00801919699
v -0.00782894635 -0.00631317706 -0.00775255442
v -0.00776411557 -0.00637802692 -0.00750061035
v -0.00775135541 -0.006390768 -0.00746670961
v -0.00785929226 -0.00628285022 -0.00100369453
v -0.00788357281 -0.0062585506 -0.000964179039
v -0.00787155652 -0.00627058597 0.00098408699
v -0.00775284314 -0.00638928027 0.00114906788
v -0.00775784039 -0.00638430209 0.0074835825
v -0.00782578015 -0.00631636233 0.00773388386
v -0.0078487637 -0.00629335971 0.00798080444
v -0.00782894635 -0.00631317706 0.00824744701
v -0.00776411557 -0.00637802692 0.00849938869
v -0.00775135541 -0.006390768 0.00853329182
v -0.00781019711 -0.00633194537 0.00994522095
v -0.00793282055 -0.00620932193 -0.00992546082
v -0.00798023724 -0.00616190524 -0.000772557259
v -0.00799873852 -0.00614338489 -0.000727214813
v -0.0079896214 -0.00615250201 0.000749998093
v -0.00789536023 -0.00624678226 0.000943980217
v -0.00793282055 -0.00620932193 0.00992546082
v -0.00762354397 -0.00934702487 -0.00992546082
v -0.00770758175 -0.00926298709 -0.00801919699
v -0.0077192738 -0.00925127597 -0.00780898809
v -0.00769705319 -0.00927349658 -0.00100369453
v -0.00757612729 -0.00939444156 -0.000772557259
v -0.00750185513 -0.00946871371 -0.000561909676
v -0.00756672406 -0.00940384479 0.000749998093
v -0.00768478894 -0.00928577991 0.00098408699
v -0.0077095654 -0.00926100345 0.0010229969
v -0.00770758175 -0.00926298709 0.00798080444
v -0.0077192738 -0.00925127597 0.00819101334
v -0.00750118756 -0.00946938129 0.0099026823
v -0.00774614834 -0.00922440143 -0.00994521856
v -0.0077305653 -0.00924000354 -0.00826611519
v -0.00772175335 -0.00924881549 -0.00820988894
v -0.00772739911 -0.00924316974 -0.00775255442
v -0.0077498486 -0.00922072024 -0.00764187574
v -0.00772230649 -0.00924826236 -0.00104198933
v -0.00774849438 -0.00922207446 0.00107901096
v -0.0077305653 -0.00924000354 0.00773388386
v -0.00772175335 -0.00924881549 0.00779010773
v -0.00772739911 -0.00924316974 0.00824744701
v -0.0077498486 -0.00922072024 0.00835812569
v -0.00774614834 -0.00922440143 0.00994522095
v -0.0075643208 -0.00657782169 -0.00997564077
v -0.0076399281 -0.00650221439 -0.00875019789
v -0.00750601315 -0.00663611026 -0.00708805799
v -0.00763313794 -0.00650900455 -0.00127207279
v -0.00750248456 -0.00663965793 0.00137032032
v -0.0076399281 -0.00650221439 0.00724980354
v -0.00750601315 -0.00663611026 0.00891194344
v -0.0075643208 -0.00657782169 0.00997563839
v -0.00768734478 -0.00645477862 -0.00996194601
v -0.00774467968 -0.0063974628 -0.00855000019
v -0.00764910244 -0.00649304004 -0.00726395607
v -0.00764874005 -0.00649338336 -0.0012580061
v -0.0077385571 -0.00640356631 -0.00116571903
v -0.00766418957 -0.00647795291 0.00124355793
v -0.00764874005 -0.00649338336 0.0012580061
v -0.00774467968 -0.0063974628 0.00744999886
v -0.00764910244 -0.00649304004 0.00873604298
v -0.00768734478 -0.00645477862 0.00996194839
v -0.00737911725 -0.00959143252 -0.00987688303
v -0.00744074368 -0.00952982516 -0.000260472298
v -0.00742462658 -0.00954594226 -6.9388939e-18
v -0.00743767285 -0.00953287692 0.000234651566
v -0.00746571087 -0.00950485797 0.000413455963
v -0.00725740933 -0.00971315951 0.00984807968
v -0.00748857998 -0.00948196979 -0.000513029099
v -0.00747097516 -0.00949959369 -0.000438556671
v -0.00748240017 -0.0094881496 0.000488352776
v -0.00749506497 -0.0094754848 0.000537552834
v -0.00731785321 -0.00682428928 -0.00999390841
v -0.00738743329 -0.0067547092 -0.00900490046
v -0.00725924038 -0.0068829021 -0.00693267584
v -0.00738117718 -0.0067609653 -0.00143445492
v -0.00725525403 -0.00688688846 0.00147721291
v -0.00738743329 -0.0067547092 0.00699510098
v -0.00725924038 -0.0068829021 0.00906732559
v -0.00731785321 -0.00682428928 0.00999390602
v -0.00744114422 -0.00670099826 -0.0099862957
v -0.00749470257 -0.00664743991 -0.00892253876
v -0.00739979291 -0.00674234958 -0.00700306177
v -0.00748550915 -0.00665663333 -0.00138075829
v -0.00739883923 -0.00674330325 0.0014265871
v -0.00749470257 -0.00664743991 0.00707746029
v -0.00739979291 -0.00674234958 0.00899693966
v -0.00744114422 -0.00670099826 0.0099862957
v -0.00713606381 -0.00983450503 -0.00981627226
v -0.00701511883 -0.00995543094 0.00978147507
v -0.00707106137 -0.00707106204 -0.01
v -0.00713886761 -0.00700327487 -0.00909581423
v -0.00707106137 -0.00707106204 -0.00690000057
v -0.00707106137 -0.00707106204 -0.00150000095
v -0.00712658429 -0.0070155582 -0.00149794579
v -0.00708958172 -0.00705256076 0.00149977207
v -0.00707106137 -0.00707106204 0.00150000095
v -0.00713886761 -0.00700327487 0.0069041872
v -0.00707106137 -0.00707106204 0.00909999847
v -0.00707106137 -0.00707106204 0.01
v -0.00719446682 -0.00694765658 -0.00999847651
v -0.00724604153 -0.00689610095 -0.00907180786
v -0.00715237164 -0.00698977084 -0.00690602541
v -0.0072370007 -0.00690514178 -0.00148153305
v -0.00714504742 -0.00699707599 0.00149634838
v -0.00724604153 -0.00689610095 0.00692819118
v -0.00715237164 -0.00698977084 0.00909397602
v -0.00719446682 -0.00694765658 0.00999847889
v -0.00689463162 -0.0100759182 -0.00974370003
v -0.00677464032 -0.0101959285 0.00970295906
v -0.0068242886 -0.00731785388 -0.00999390841
v -0.00688290143 -0.00725924106 -0.00906732559
v -0.00675470852 -0.00738743396 -0.00699510098
v -0.00688688778 -0.0072552547 -0.00147721291
v -0.00676096463 -0.00738117786 0.00143445492
v -0.00688290143 -0.00725924106 0.00693267345
v -0.00675470852 -0.00738743396 0.00900489807
v -0.0068242886 -0.00731785388 0.00999390602
v -0.00694765591 -0.0071944675 -0.00999847651
v -0.00698977017 -0.00715237231 -0.00909397364
v -0.00689610028 -0.00724604221 -0.00692819357
v -0.00699707531 -0.00714504809 -0.00149634838
v -0.00690514111 -0.0072369823 0.00148153305
v -0.00698977017 -0.00715237231 0.00690602779
v -0.00689610028 -0.00724604221 0.00907180786
v -0.00694765591 -0.0071944675 0.00999847889
v -0.00665514493 -0.0103154048 -0.00965925932
v -0.00653622174 -0.010434328 0.00961261749
v -0.00657782101 -0.00756432147 -0.00997564077
v -0.00663610959 -0.00750601382 -0.00891194105
v -0.00650221371 -0.00763992877 -0.00724980116
v -0.00663965725 -0.00750248523 -0.00137032032
v -0.00650900387 -0.00763313861 0.00127207279
v -0.00663610959 -0.00750601382 0.00708806038
v -0.00650221371 -0.00763992877 0.00875020027
v -0.00657782101 -0.00756432147 0.00997563839
v -0.00670099759 -0.0074411449 -0.0099862957
v -0.0067423489 -0.00739979358 -0.00899693966
v -0.00664743924 -0.00749470325 -0.00707746267
v -0.00674330258 -0.00739882083 -0.0014265871
v -0.00665663266 -0.00748550983 0.00138075829
v -0.0067423489 -0.00739979358 0.00700305939
v -0.00664743924 -0.00749470325 0.00892253876
v -0.00670099759 -0.0074411449 0.0099862957
v -0.0064179089 -0.0105526599 -0.00956304789
v -0.00630020642 -0.0106703624 0.0095105648
v -0.0063319447 -0.00781019778 -0.00994521856
v -0.00639076733 -0.00775135608 -0.00853328943
v -0.00637802624 -0.00776411624 -0.00849938869
v -0.00631317639 -0.00782894702 -0.00824744701
v -0.0062932446 -0.00784887881 -0.00799999952
v -0.00631636166 -0.00782578082 -0.00773388624
v -0.00638430142 -0.00775784106 -0.00748358011
v -0.0063892796 -0.00775284381 -0.00114906788
v -0.00627058529 -0.00787155719 -0.00098408699
v -0.00625854992 -0.00788357349 0.000964179039
v -0.00628284955 -0.00785929294 0.00100369453
v -0.00639076733 -0.00775135608 0.00746670723
v -0.00637802624 -0.00776411624 0.00750061035
v -0.00631317639 -0.00782894702 0.00775255203
v -0.0062932446 -0.00784887881 0.00800000191
v -0.00631636166 -0.00782578082 0.00826611519
v -0.00638430142 -0.00775784106 0.00851641655
v -0.0063319447 -0.00781019778 0.00994522095
v -0.00645477795 -0.00768734546 -0.00996194601
v -0.00649303936 -0.00764910312 -0.00873604298
v -0.00639746213 -0.00774468036 -0.00744999886
v -0.00649338269 -0.00764874072 -0.0012580061
v -0.00647795224 -0.00766419025 -0.00124355793
v -0.00640356564 -0.00773855777 0.00116571903
v -0.00649338269 -0.00764874072 0.0012580061
v -0.00649303936 -0.00764910312 0.00726395607
v -0.00639746213 -0.00774468036 0.00855000019
v -0.00645477795 -0.00768734546 0.00996194839
v -0.00618317151 -0.0107873973 -0.00945518494
v -0.00606684231 -0.0109037265 0.00939692497
v -0.00608696484 -0.00805517764 -0.00990267992
v -0.00613455319 -0.00800757022 -0.00070420742
v -0.00606819653 -0.00807394595 -0.000488352776
v -0.00602346921 -0.00811867328 -0.000234651566
v -0.00601057553 -0.00813156695 2.617836e-05
v -0.00602652096 -0.00811562152 0.000260472298
v -0.00607437634 -0.00806776614 0.000513029099
v -0.00608696484 -0.00805517764 0.0099026823
v -0.00620932126 -0.00793282123 -0.00992546082
v -0.00624678158 -0.0078953609 -0.000943980217
v -0.00615250134 -0.00798962207 -0.000749998093
v -0.00614338421 -0.0079987392 0.000727214813
v -0.00616190457 -0.00798023791 0.000772557259
v -0.00620932126 -0.00793282123 0.00992546082
v -0.00595123791 -0.0110193309 -0.00933580399
v -0.00583641552 -0.0111341533 0.00927183628
v -0.00584318661 -0.0082989368 -0.0098480773
v -0.00584318661 -0.0082989368 0.00984807968
v -0.0059649136 -0.00817722888 -0.00987688303
v -0.0059649136 -0.00817722888 0.00987688541
v -0.00560921216 -0.0113613376 -0.0091354537
v -0.00560921216 -0.0113613376 0.00913545609
v -0.00572239422 -0.0112481746 -0.00920504808
v -0.00572239422 -0.0112481746 0.00920505047
v -0.00560091519 -0.00854122729 -0.00978147507
v -0.00560091519 -0.00854122729 0.00978147507
v -0.00572184109 -0.00842028232 -0.00981627226
v -0.00572184109 -0.00842028232 0.00981626987
v -0.00538553738 -0.0115850315 -0.00898793936
v -0.00527508282 -0.011695486 0.0089100647
v -0.00549692654 -0.0114736423 -0.00906307697
v -0.00549692654 -0.0114736423 0.00906307697
v -0.0053604176 -0.00878170581 -0.00970295668
v -0.0053604176 -0.00878170581 0.00970295906
v -0.00548042798 -0.00866171451 -0.00974370003
v -0.00548042798 -0.00866171451 0.00974370003
v -0.00516562008 -0.0118049488 -0.00882947683
v -0.00505716824 -0.0119134006 -0.00874619722
v -0.00505716824 -0.0119134006 0.00874619484
v -0.00516562008 -0.0118049488 0.00882947445
v -0.00500368619 -0.0091384563 -0.00956304789
v -0.00512201809 -0.00902012439 0.00961261749
v -0.00524094128 -0.0089012012 -0.00965925932
v -0.00524094128 -0.0089012012 0.00965925694
v -0.00494974637 -0.0120208225 -0.00866025448
v -0.00484341168 -0.0121271572 0.00857167244
v -0.0048859837 -0.00925613971 -0.0095105648
v -0.00476894879 -0.00937317462 -0.00945518494
v -0.00476894879 -0.00937317462 0.00945518494
v -0.0048859837 -0.00925613971 0.0095105648
v -0.00463409924 -0.0123364696 -0.00838670492
v -0.00453119778 -0.0124393711 0.00829037666
v -0.00473818326 -0.0122323856 -0.0084804821
v -0.00473818326 -0.0122323856 0.0084804821
v -0.0045370152 -0.00960510821 -0.00933580399
v -0.0045370152 -0.00960510821 0.00933580399
v -0.0046526196 -0.00948952289 -0.00939692736
v -0.0046526196 -0.00948952289 0.00939692497
v -0.00442947888 -0.0125410709 -0.00819152117
v -0.00432901883 -0.01264155 0.00809017181
v -0.00430819058 -0.0098339519 -0.00920504808
v -0.00430819058 -0.0098339519 0.00920505047
v -0.00442219281 -0.0097199306 -0.00927183867
v -0.00442219281 -0.0097199306 0.00927183628
v -0.00413189435 -0.0128386745 -0.00788010836
v -0.00403530621 -0.0129352436 0.00777145863
v -0.00422979855 -0.0127407512 -0.00798635483
v -0.00422979855 -0.0127407512 0.00798635483
v -0.00408270382 -0.0100594387 -0.00906307697
v -0.00408270382 -0.0100594387 0.00906307697
v -0.00419500851 -0.00994713397 -0.0091354537
v -0.00419500851 -0.00994713397 0.00913545609
v -0.00394009137 -0.0130304775 -0.00766044378
v -0.0037538197 -0.0132167491 -0.00743144751
v -0.0037538197 -0.0132167491 0.00743144989
v -0.00384624981 -0.013124319 0.00754709721
v -0.00375139737 -0.010390726 -0.00882947683
v -0.00386087918 -0.0102812633 0.0089100647
v -0.00397131466 -0.0101708278 -0.00898793936
v -0.00397131466 -0.0101708278 0.00898794174
v -0.0036628201 -0.0133077297 -0.0073135376
v -0.00357330822 -0.0133972606 -0.00719339848
v -0.00357330822 -0.0133972606 0.00719339848
v -0.0036628201 -0.0133077297 0.0073135376
v -0.00353554272 -0.0106065998 -0.00866025448
v -0.00353554272 -0.0106065998 0.00866025448
v -0.00364294552 -0.010499197 -0.00874619722
v -0.00364294552 -0.010499197 0.00874619484
v -0.00339878582 -0.013571783 -0.00694658279
v -0.00331383252 -0.0136567363 0.00681998253
v -0.00348528409 -0.0134852848 -0.00707106829
v -0.00348528409 -0.0134852848 0.0070710659
v -0.00332397961 -0.0108181629 -0.0084804821
v -0.00332397961 -0.0108181629 0.0084804821
v -0.00342920804 -0.0107129344 -0.00857167244
v -0.00342920804 -0.0107129344 0.00857167244
v -0.0031486752 -0.0138218746 -0.00656059027
v -0.00306852841 -0.0139020404 -0.00642787695
v -0.00306852841 -0.0139020404 0.00642787457
v -0.0031486752 -0.0138218746 0.00656059265
v -0.00323046231 -0.0137401065 -0.00669130564
v -0.00323046231 -0.0137401065 0.00669130802
v -0.00311697506 -0.0110251674 -0.00829037666
v -0.00301527524 -0.0111268672 -0.00819152117
v -0.00301527524 -0.0111268672 0.00819151878
v -0.00311697506 -0.0110251674 0.00829037666
v -0.0032198956 -0.0109222469 -0.00838670492
v -0.0032198956 -0.0109222469 0.00838670731
v -0.00291321301 -0.0140573558 -0.00615661383
v -0.0027646687 -0.0142059001 -0.00587785244
v -0.0027646687 -0.0142059001 0.00587785244
v -0.00283808255 -0.0141324863 0.00601815224
v -0.00299002194 -0.0139805278 -0.00629320383
v -0.00299002194 -0.0139805278 0.00629320621
v -0.00281559491 -0.0113265476 -0.00798635483
v -0.00281559491 -0.0113265476 0.00798635483
v -0.00291479611 -0.0112273464 -0.00809016943
v -0.00291479611 -0.0112273464 0.00809017181
v -0.00269300961 -0.0142775592 -0.0057357645
v -0.00255499386 -0.014415575 -0.00544639111
v -0.00255499386 -0.014415575 0.00544639111
v -0.00262310528 -0.0143474636 0.00559193134
v -0.00262110257 -0.0115210399 -0.00777145863
v -0.00252586865 -0.0116162548 -0.00766044378
v -0.00252586865 -0.0116162548 0.00766044617
v -0.00262110257 -0.0115210399 0.00777145863
v -0.0027176907 -0.0114244518 -0.00788010836
v -0.0027176907 -0.0114244518 0.00788010597
v -0.00242418789 -0.0145463619 -0.00515038013
v -0.00230078244 -0.0146697673 -0.00484809399
v -0.00230078244 -0.0146697673 0.00484809399
v -0.00242418789 -0.0145463619 0.00515038013
v -0.00248867535 -0.0144818935 -0.00529919147
v -0.00248867535 -0.0144818935 0.00529919147
v -0.00233959698 -0.0118025264 -0.00743144751
v -0.00233959698 -0.0118025264 0.00743144989
v -0.0024320271 -0.0117100963 -0.00754709482
v -0.0024320271 -0.0117100963 0.00754709721
v -0.00218491101 -0.0147856578 -0.00453990459
v -0.00212984585 -0.014840723 -0.00438371181
v -0.00207672619 -0.0148938427 -0.00422618389
v -0.00202553296 -0.0149450168 0.00406736851
v -0.00212984585 -0.014840723 0.00438371181
v -0.00218491101 -0.0147856578 0.00453990459
v -0.00224190259 -0.0147286663 -0.00469471455
v -0.00224190259 -0.0147286663 0.00469471455
v -0.00207106137 -0.012071062 -0.00707106829
v -0.00207106137 -0.012071062 0.0070710659
v -0.00224861645 -0.011893526 -0.0073135376
v -0.00215908551 -0.0119830379 -0.00719339848
v -0.00215908551 -0.0119830379 0.00719339848
v -0.00224861645 -0.011893526 0.0073135376
v -0.00192909741 -0.0150414524 -0.00374606609
v -0.00184065365 -0.0151299152 -0.00342020035
v -0.00176029706 -0.0152102718 -0.00309017181
v -0.00176029706 -0.0152102718 0.00309017181
v -0.00179945492 -0.0151711139 0.00325568199
v -0.00188387417 -0.0150866947 0.0035836792
v -0.00197632336 -0.0149942264 -0.00390731335
v -0.00197632336 -0.0149942264 0.00390731335
v -0.00181623959 -0.0123259029 -0.00669130564
v -0.00181623959 -0.0123259029 0.00669130802
v -0.0018996098 -0.0122425136 -0.00681998253
v -0.00198456311 -0.0121575603 0.00694658279
v -0.00168814206 -0.0152824268 -0.0027563715
v -0.00165514493 -0.0153154048 -0.00258819103
v -0.00162424588 -0.0153463039 -0.00241921902
v -0.00159544491 -0.0153751239 -0.00224951267
v -0.00154413723 -0.0154264316 -0.00190808773
v -0.00152163052 -0.0154489192 -0.00173648357
v -0.00150127911 -0.0154692897 0.00156434536
v -0.00154413723 -0.0154264316 0.00190808773
v -0.00156874203 -0.0154018268 0.00207911491
v -0.00162424588 -0.0153463039 0.00241921902
v -0.00165514493 -0.0153154048 0.00258819103
v -0.00168814206 -0.0152824268 0.0027563715
v -0.00172318005 -0.0152473697 -0.0029237175
v -0.00172318005 -0.0152473697 0.0029237175
v -0.0015758183 -0.0125663242 -0.00629320383
v -0.0015758183 -0.0125663242 0.00629320621
v -0.00173447155 -0.0124076709 -0.00656059027
v -0.00165432477 -0.0124878177 -0.00642787695
v -0.00165432477 -0.0124878177 0.00642787457
v -0.00173447155 -0.0124076709 0.00656059265
v -0.00146692776 -0.0155036411 -0.00121869564
v -0.00144112134 -0.0155294475 -0.000871558189
v -0.001431432 -0.0155391178 -0.000697565079
v -0.00141851925 -0.0155520496 -0.000348997116
v -0.00141529583 -0.015555273 -0.0001745224
v -0.00141529583 -0.015555273 0.0001745224
v -0.00141851925 -0.0155520496 0.000348997116
v -0.00142389798 -0.0155466518 0.000523357391
v -0.00144112134 -0.0155294475 0.000871558189
v -0.0014529469 -0.0155176219 0.00104528427
v -0.00148302578 -0.0154875431 -0.00139173031
v -0.00148302578 -0.0154875431 0.00139173031
v -0.00135044598 -0.0127916774 -0.00587785244
v -0.00127878689 -0.0128633556 -0.0057357645
v -0.00127878689 -0.0128633556 0.0057357645
v -0.00135044598 -0.0127916774 0.00587785244
v -0.00142385983 -0.0127182827 -0.00601814985
v -0.00149899029 -0.0126431522 0.00615661621
v -0.00107447171 -0.0130676708 -0.00529919147
v -0.00100998425 -0.0131321582 -0.00515038013
v -0.00100998425 -0.0131321582 0.00515038013
v -0.00114077115 -0.0130013713 0.00544639111
v -0.00120888257 -0.0129332408 -0.00559192896
v -0.00120888257 -0.0129332408 0.00559193134
v -0.000886578794 -0.0132555637 -0.00484809399
v -0.000770707364 -0.0133714351 -0.00453990459
v -0.000827679868 -0.0133144435 0.00469471455
v -0.000886578794 -0.0132555637 0.00484809399
v -0.000947346921 -0.0131947956 -0.005
v -0.000947346921 -0.0131947956 0.005
v -0.000611329313 -0.0135308132 -0.00406736851
v -0.000562119718 -0.0135800228 -0.00390731335
v -0.000514893766 -0.0136272487 -0.00374606609
v -0.000514893766 -0.0136272487 0.00374606609
v -0.000562119718 -0.0135800228 0.00390731335
v -0.000611329313 -0.0135308132 0.00406736851
v -0.000715642209 -0.0134265003 -0.00438371181
v -0.000662503476 -0.013479639 -0.00422618389
v -0.000662503476 -0.013479639 0.00422618389
v -0.000715642209 -0.0134265003 0.00438371181
v -0.000385251279 -0.0137568912 -0.00325568199
v -0.000346074338 -0.0137960491 -0.00309017181
v -0.000273919339 -0.0138682231 -0.0027563715
v -0.000308976407 -0.0138331661 0.0029237175
v -0.000346074338 -0.0137960491 0.00309017181
v -0.000385251279 -0.0137568912 0.00325568199
v -0.000469651456 -0.013672472 -0.0035836792
v -0.000426430936 -0.0137156925 -0.00342020035
v -0.000426430936 -0.0137156925 0.00342020035
v -0.000469651456 -0.013672472 0.0035836792
v -0.000129914518 -0.014012228 -0.00190808773
v -8.70563938e-05 -0.0140550861 -0.00156434536
v -6.88221409e-05 -0.0140733203 -0.00139173031
v -3.87432529e-05 -0.0141033992 -0.00104528427
v -2.68986179e-05 -0.0141152248 -0.000871558189
v -9.69433326e-06 -0.0141324481 -0.000523357391
v -4.31561011e-06 -0.0141378269 -0.000348997116
v -5.00220057e-09 -0.0141421375 -6.9388939e-18
v -1.07311743e-06 -0.0141410503 0.0001745224
v -4.31561011e-06 -0.0141378269 0.000348997116
v -1.72283604e-05 -0.0141249141 0.000697565079
v -2.68986179e-05 -0.0141152248 0.000871558189
v -5.27050449e-05 -0.0140894374 0.00121869564
v -6.88221409e-05 -0.0140733203 0.00139173031
v -0.000107426877 -0.0140347156 0.00173648357
v -0.000129914518 -0.014012228 0.00190808773
v -0.000240941281 -0.0139012012 -0.00258819103
v -0.000210042234 -0.0139321002 -0.00241921902
v -0.000154519315 -0.0139876232 -0.00207911491
v -0.000181222196 -0.0139609012 0.00224951267
v -0.000210042234 -0.0139321002 0.00241921902
v -0.000240941281 -0.0139012012 0.00258819103
v -0.00950296902 0.0059674397 -0.0786945915
v -0.00952486538 0.00598931699 -0.0784874773
v -0.00953518414 0.00599963574 -0.0776513767
v -0.00951841855 0.00598288922 -0.0774433064
v -0.00953905606 0.00600352673 -0.0782790256
v -0.00954206967 0.00600654034 -0.078209343
v -0.00954594159 0.00601041226 -0.0779999995
v -0.00953905606 0.00600352673 -0.0777209735
v -0.0092596867 0.00572415738 -0.0797534847
v -0.00928093457 0.00574540524 -0.0796904731
v -0.00928093457 0.00574540524 -0.076309526
v -0.0092596867 0.00572415738 -0.0762465143
v -0.00930141949 0.00576587109 -0.0796269464
v -0.00933998608 0.00580445676 -0.0794984269
v -0.00940750622 0.0058719769 -0.0792360687
v -0.00946192288 0.00592639356 -0.0789676881
v -0.00949396634 0.00595843701 -0.0772367644
v -0.00944956326 0.00591403394 -0.0769647241
v -0.00939184689 0.00585631757 -0.0766977262
v -0.00932110333 0.00578555493 -0.0764370751
v -0.00900576138 0.00547023206 -0.0803511405
v -0.00903442883 0.00549889951 -0.0757056952
v -0.00906239056 0.00552686124 -0.0802367711
v -0.00919130826 0.00565577893 -0.079939239
v -0.00923765683 0.0057021275 -0.0761840391
v -0.00916700863 0.00563147931 -0.075999999
v -0.00875212216 0.00521657376 -0.0807786345
v -0.00875212216 0.00521657376 -0.0752213669
v -0.00878609204 0.00525056271 -0.0807279944
v -0.00894634747 0.00541081815 -0.0804626465
v -0.00897638821 0.00544085889 -0.0755927396
v -0.00891562008 0.00538009076 -0.0754827189
v -0.00853559994 0.00500005154 -0.0810641789
v -0.00861010098 0.00507457166 -0.0809725785
v -0.00871752285 0.00518197446 -0.0751715732
v -0.00857313656 0.00503758817 -0.0749811625
v -0.00825798535 0.00472245602 -0.0813546824
v -0.00825798535 0.00472245602 -0.0746453166
v -0.00829914593 0.00476361661 -0.0813161492
v -0.00838001751 0.00484448819 -0.0812360668
v -0.00849751019 0.00496196179 -0.074891417
v -0.00833982968 0.00480430035 -0.0747233915
v -0.00800159955 0.00446605115 -0.0815640259
v -0.00800159955 0.00446605115 -0.0744359732
v -0.0080453732 0.00450984387 -0.0815317893
v -0.00808876538 0.00455323605 -0.0814984798
v -0.00821634793 0.0046808186 -0.0746078086
v -0.0080453732 0.00450984387 -0.0744682097
v -0.00800180935 0.0157799855 -0.0779080892
v -0.00802429699 0.0158024731 -0.0777364826
v -0.0080629208 0.0158410969 -0.0773917317
v -0.00807901883 0.0158571949 -0.0772186923
v -0.00810482525 0.0158830014 -0.0768715572
v -0.00811449551 0.0158926716 -0.0766975641
v -0.00812742733 0.0159056035 -0.0763489938
v -0.00813065075 0.0159088269 -0.0761745238
v -0.00813171887 0.015909895 -0.075999999
v -0.00812742733 0.0159056035 -0.0756510043
v -0.00812202954 0.0159002057 -0.0754766393
v -0.00810482525 0.0158830014 -0.0751284432
v -0.00809299969 0.0158711758 -0.0749547148
v -0.0080629208 0.0158410969 -0.0746082687
v -0.00804466748 0.0158228436 -0.0744356561
v -0.00800180935 0.0157799855 -0.0740919089
v -0.00777706646 0.00424153714 -0.0817087364
v -0.00777706646 0.00424153714 -0.074291265
v -0.00782267117 0.00428714185 -0.0816820192
v -0.00795740628 0.00442187695 -0.0744048238
v -0.00778564953 0.0155638257 -0.0790901709
v -0.00782274746 0.0156009236 -0.0789237165
v -0.00789078259 0.0156689587 -0.0785881901
v -0.00792168164 0.0156998578 -0.0784192181
v -0.00795050168 0.0157286778 -0.0782495117
v -0.00795050168 0.0157286778 -0.0737504888
v -0.00792168164 0.0156998578 -0.07358078
v -0.00789078259 0.0156689587 -0.0734118104
v -0.00785780453 0.0156359807 -0.0732436275
v -0.00778564953 0.0155638257 -0.0729098296
v -0.00797720456 0.0157553807 -0.0780791163
v -0.00797720456 0.0157553807 -0.0739208841
v -0.0075444653 0.00400893597 -0.0818252182
v -0.00773113751 0.00419558911 -0.0817343211
v -0.00773113751 0.00419558911 -0.0742656779
v -0.00768488431 0.00414935498 -0.0742412305
v -0.00752039456 0.0152985707 -0.0800673676
v -0.00756960415 0.0153477803 -0.0799073124
v -0.00761684918 0.0153950062 -0.0797460651
v -0.00770529294 0.0154834691 -0.0794202018
v -0.00770529294 0.0154834691 -0.0725797987
v -0.00766207242 0.0154402485 -0.0724163198
v -0.00756960415 0.0153477803 -0.0720926881
v -0.00752039456 0.0152985707 -0.0719326329
v -0.00774649167 0.0155246678 -0.079255681
v -0.00774649167 0.0155246678 -0.0727443194
v -0.00725719952 0.0037216702 -0.0819265079
v -0.00725719952 0.0037216702 -0.0740734911
v -0.00730556988 0.00377004056 -0.0819125915
v -0.00749714398 0.00396159558 -0.074154954
v -0.007304044 0.0150822201 -0.080694716
v -0.00741610074 0.0151942769 -0.0803837109
v -0.0074692204 0.0152473965 -0.0802261829
v -0.0074692204 0.0152473965 -0.0717738175
v -0.00741610074 0.0151942769 -0.0716162896
v -0.00736103558 0.0151392117 -0.0714600945
v -0.00701317334 0.00347762494 -0.0819780874
v -0.00701317334 0.00347762494 -0.0740219116
v -0.00706221127 0.00352668195 -0.0819701838
v -0.0072086575 0.00367312817 -0.0740607691
v -0.00705727124 0.0148354474 -0.0812991929
v -0.00712173962 0.0148999157 -0.0811503816
v -0.00718437695 0.0149625531 -0.080999999
v -0.00718437695 0.0149625531 -0.070999999
v -0.00705727124 0.0148354474 -0.0707008076
v -0.00724516415 0.0150233212 -0.0808480954
v -0.00724516415 0.0150233212 -0.0711519027
v -0.00676687741 0.00323134808 -0.0819993901
v -0.00676687741 0.00323134808 -0.0740006089
v -0.00681622052 0.00328069119 -0.0819975638
v -0.00696402096 0.00342849164 -0.0740152216
v -0.00678127789 0.014559454 -0.0818778515
v -0.00685293698 0.0146311131 -0.0817357635
v -0.00692284131 0.0147010174 -0.0704080701
v -0.00678127789 0.014559454 -0.0701221466
v -0.00699095273 0.0147691288 -0.0814463902
v -0.00699095273 0.0147691288 -0.0705536103
v -0.00652021908 0.00298467069 -0.0819902563
v -0.00652021908 0.00298467069 -0.0740097427
v -0.00671751523 0.0031819859 -0.0820000005
v -0.0065694859 0.00303395657 -0.0819945192
v -0.00671751523 0.0031819859 -0.074000001
v -0.00655590558 0.0143340817 -0.0822932029
v -0.00663273358 0.0144109097 -0.0821566153
v -0.00670786404 0.0144860402 -0.0699818492
v -0.00655590558 0.0143340817 -0.0697067952
v -0.00627504849 0.00273951917 -0.0819507527
v -0.00627504849 0.00273951917 -0.0740492463
v -0.00632387661 0.00278834729 -0.0819610715
v -0.00647100949 0.00293546109 -0.0740152216
v -0.00631548428 0.0140936604 -0.0826913071
v -0.00639727139 0.0141754284 -0.0694394088
v -0.00647741818 0.0142555943 -0.082427876
v -0.00647741818 0.0142555943 -0.0695721245
v -0.0060332539 0.00249772458 -0.0818811822
v -0.0060332539 0.00249772458 -0.0741188169
v -0.00608126187 0.00254571347 -0.0818974805
v -0.00622635388 0.00269082456 -0.0740607691
v -0.0060606625 0.0138388386 -0.0830710673
v -0.00614716076 0.0139253369 -0.0829465842
v -0.00614716076 0.0139253369 -0.0690534163
v -0.0060606625 0.0138388386 -0.0689289331
v -0.00623211407 0.0140102902 -0.082819984
v -0.00623211407 0.0140102902 -0.0691800165
v -0.00575012707 0.00221459775 -0.0817587709
v -0.00575012707 0.00221459775 -0.0742412305
v -0.00579666638 0.00226113706 -0.081782074
v -0.00598545575 0.00244992642 -0.0741362977
v -0.00579212689 0.013570303 -0.0834314489
v -0.00588310742 0.0136612835 -0.0686864638
v -0.00597263836 0.0137508145 -0.0831933975
v -0.00597263836 0.0137508145 -0.068806603
v -0.00552216076 0.00198663144 -0.0816252303
v -0.00552216076 0.00198663144 -0.0743747687
v -0.0055670979 0.0020315495 -0.0816541815
v -0.00570389294 0.00216836362 -0.0742656779
v -0.0055106213 0.0132887974 -0.0837714601
v -0.00560585522 0.0133840313 -0.0836604452
v -0.00569969677 0.0134778729 -0.0684529042
v -0.0055106213 0.0132887974 -0.0682285404
v -0.00526075863 0.00172522931 -0.0814286685
v -0.00526075863 0.00172522931 -0.0745713305
v -0.00538965725 0.00185410886 -0.0815317893
v -0.00530329251 0.00176776318 -0.0814641023
v -0.00534626507 0.00181073575 -0.0745015216
v -0.0054776051 0.00194207578 -0.0744048238
v -0.00531612896 0.0130943051 -0.0839863563
v -0.00541405224 0.0131922093 -0.0681198931
v -0.00501532101 0.00147979169 -0.0811945415
v -0.00501532101 0.00147979169 -0.0748054576
v -0.00509520077 0.00155965238 -0.0812766075
v -0.00505501294 0.00151946454 -0.0812360668
v -0.00505501294 0.00151946454 -0.0747639322
v -0.00521868252 0.00168313413 -0.0746078086
v -0.00501474881 0.0127929249 -0.0842903757
v -0.00511644864 0.0128946248 -0.0841915202
v -0.00521692776 0.0129951039 -0.0679098296
v -0.00501474881 0.0127929249 -0.0677096248
v -0.00475271725 0.00121718793 -0.0808773589
v -0.00475271725 0.00121718793 -0.0751226401
v -0.00486189389 0.00132636456 -0.0810188389
v -0.00478853726 0.00125298886 -0.0809254146
v -0.00482492947 0.00128940015 -0.0750274205
v -0.00497616314 0.00144063382 -0.0748479581
v -0.00480776333 0.0125859204 -0.0844804811
v -0.00491184735 0.0126900235 -0.0676132941
v -0.00451941037 0.000983881043 -0.0805172825
v -0.00451941037 0.000983881043 -0.0754827189
v -0.00468290829 0.00114737897 -0.0807786345
v -0.00455080533 0.001015276 -0.0805711508
v -0.00464893841 0.00111340909 -0.075272007
v -0.0047175076 0.00118197827 -0.0751715732
v -0.00459620022 0.0123743763 -0.0846602535
v -0.00470253491 0.012480711 -0.0674283266
v -0.00426802182 0.000732492493 -0.08
v -0.00426802182 0.000732492493 -0.075999999
v -0.00440060162 0.000865072297 -0.0802943063
v -0.00429308438 0.000757535981 -0.080060153
v -0.00437263989 0.000837110566 -0.0757632279
v -0.00448868298 0.000953153657 -0.0755373549
v -0.00427086377 0.0120490399 -0.0849100661
v -0.0043803265 0.0121585026 -0.0671705246
v -0.00448877835 0.0122669545 -0.0847461963
v -0.00448877835 0.0122669545 -0.0672538018
v -0.00401268506 0.000477136658 -0.079169488
v -0.00402752423 0.000491994904 -0.0767639327
v -0.00417534375 0.000639814423 -0.0797534847
v -0.00411392712 0.000578397797 -0.0795629239
v -0.00404318356 0.000507654237 -0.0793022728
v -0.00409504437 0.000559515046 -0.0765015745
v -0.00415409588 0.000618547486 -0.076309526
v -0.0042437222 0.000708173798 -0.0760607624
v -0.00404902005 0.0118271962 -0.085063076
v -0.00416040921 0.0119385853 -0.0849879408
v -0.00416040921 0.0119385853 -0.0670120597
v -0.00404902005 0.0118271962 -0.0669369221
v -0.00398546719 0.000449937867 -0.0790352774
v -0.00394104504 0.000405515717 -0.078763237
v -0.00391661191 0.000381082581 -0.0785566926
v -0.00389597439 0.000360445069 -0.0782790256
v -0.00388952755 0.000353979157 -0.0780698085
v -0.00388908886 0.000353559541 -0.0779999995
v -0.00391016507 0.000374635743 -0.0775125217
v -0.00393206143 0.000396532105 -0.0773054075
v -0.00397310757 0.000437578248 -0.0770323133
v -0.00399864697 0.000463117646 -0.0768974495
v -0.00382355237 0.0116017285 -0.0852050495
v -0.00379271054 0.0115708867 -0.0790352774
v -0.00383711361 0.0116152897 -0.078763237
v -0.00386156582 0.0116397419 -0.0785566926
v -0.00388220334 0.0116603795 -0.0782790256
v -0.00388865017 0.0116668263 -0.0780698085
v -0.00388908886 0.011667265 -0.0779999995
v -0.00386801266 0.0116461697 -0.0775125217
v -0.0038461163 0.0116242924 -0.0773054075
v -0.00380507016 0.0115832463 -0.0770323133
v -0.0037506535 0.0115288296 -0.0767639327
v -0.00393671536 0.0117148915 -0.0668645453
v -0.00359470868 0.0113728848 -0.085335803
v -0.00351015591 0.011288332 -0.08
v -0.00360283398 0.0113810101 -0.0797534847
v -0.00366423153 0.0114424077 -0.0795629239
v -0.00371851468 0.0114966908 -0.0793680811
v -0.00368313336 0.0114613095 -0.0765015745
v -0.00362408185 0.011402258 -0.076309526
v -0.00353445553 0.0113126317 -0.0760607624
v -0.00351015591 0.011288332 -0.075999999
v -0.00370953106 0.0114877072 -0.0667281604
v -0.00373499417 0.0115131703 -0.0793022728
v -0.00373499417 0.0115131703 -0.0766977262
v -0.00336277508 0.0111409512 -0.085455184
v -0.00325876736 0.0110369435 -0.0805172825
v -0.00337757611 0.0111557522 -0.0802943063
v -0.003459306 0.0112374821 -0.0801196766
v -0.00340553784 0.011183714 -0.0757632279
v -0.00328949475 0.0110676709 -0.0755373549
v -0.00325876736 0.0110369435 -0.0754827189
v -0.00336277508 0.0111409512 -0.0665448141
v -0.00347910428 0.0112572804 -0.085396924
v -0.00348509335 0.0112632695 -0.080060153
v -0.00348509335 0.0112632695 -0.0759398484
v -0.00347910428 0.0112572804 -0.0666030741
v -0.00300970578 0.0107878819 -0.0856126165
v -0.00309526944 0.0108734265 -0.0807786345
v -0.00319530987 0.0109734669 -0.0806242371
v -0.00312923932 0.0109074154 -0.075272007
v -0.0030254414 0.0108036175 -0.0751226401
v -0.00312803769 0.0109062138 -0.0664369535
v -0.00324574017 0.0110239163 -0.0855105639
v -0.00322735333 0.0110055295 -0.0805711508
v -0.00322735333 0.0110055295 -0.0754288507
v -0.00324574017 0.0110239163 -0.0664894342
v -0.00277130627 0.0105494824 -0.0857029581
v -0.00291628384 0.0106944409 -0.0810188389
v -0.00295324826 0.0107314244 -0.0809725785
v -0.00295324826 0.0107314244 -0.0750274205
v -0.00276285672 0.0105410328 -0.0748054576
v -0.00289078259 0.0106689587 -0.0663407421
v -0.00298964047 0.0107678166 -0.0809254146
v -0.00298964047 0.0107678166 -0.0750745845
v -0.00253080868 0.0103089848 -0.0857814741
v -0.0026512959 0.010429472 -0.0857436991
v -0.00268297696 0.0104611531 -0.0812766075
v -0.00251740002 0.0102955761 -0.0745713305
v -0.0026512959 0.010429472 -0.066256299
v -0.00253080868 0.0103089848 -0.066218524
v -0.00272316479 0.0105013409 -0.0812360668
v -0.00272316479 0.0105013409 -0.0747639322
v -0.00228853726 0.0100667134 -0.0858480787
v -0.00238852047 0.0101666966 -0.0815317893
v -0.00243191266 0.0102100888 -0.0814984798
v -0.00243191266 0.0102100888 -0.0745015216
v -0.00225599789 0.010034174 -0.0743747687
v -0.00240988278 0.0101880589 -0.0661837292
v -0.00247486615 0.0102530423 -0.0814641023
v -0.00247486615 0.0102530423 -0.0745358992
v -0.00226482892 0.0213567105 -0.0784192181
v -0.00232035183 0.0214122334 -0.0780791163
v -0.00234495663 0.0214368382 -0.0779080892
v -0.00238781476 0.0214796963 -0.0775643444
v -0.00240606808 0.0214979496 -0.0773917317
v -0.00240606808 0.0214979496 -0.0746082687
v -0.00236744427 0.0214593258 -0.0742635179
v -0.00234495663 0.0214368382 -0.0740919089
v -0.00229364895 0.0213855305 -0.0737504888
v -0.00226482892 0.0213567105 -0.07358078
v -0.00243614697 0.0215280285 -0.0770452857
v -0.00244797253 0.0215398541 -0.0768715572
v -0.00246517682 0.0215570584 -0.0765233588
v -0.00247057461 0.0215624562 -0.0763489938
v -0.00247379803 0.0215656796 -0.0761745238
v -0.00247379803 0.0215656796 -0.0758254766
v -0.00247057461 0.0215624562 -0.0756510043
v -0.00245764279 0.0215495244 -0.0753024364
v -0.00244797253 0.0215398541 -0.0751284432
v -0.0024221661 0.0215140477 -0.0747813058
v -0.00204475903 0.00982293515 -0.0859026814
v -0.00202803158 0.0098062077 -0.0817587709
v -0.00221107983 0.00998925595 -0.0816541815
v -0.00207428479 0.00985246091 -0.0742656779
v -0.00202803158 0.0098062077 -0.0742412305
v -0.00216681027 0.00994498639 -0.066123116
v -0.00200521969 0.0210971013 -0.0795836806
v -0.00208963894 0.0211815205 -0.079255681
v -0.00212879681 0.0212206784 -0.0790901709
v -0.00212879681 0.0212206784 -0.0729098296
v -0.00204844021 0.0211403218 -0.0725797987
v -0.00200521969 0.0210971013 -0.0724163198
v -0.00220095181 0.0212928334 -0.0787563729
v -0.00223392987 0.0213258114 -0.0785881901
v -0.00223392987 0.0213258114 -0.0734118104
v -0.00216589474 0.0212577763 -0.0730762839
v -0.00179977917 0.00957795529 -0.08594522
v -0.00193468594 0.00971286206 -0.0818042254
v -0.00179270291 0.00957087903 -0.0741362977
v -0.00192240262 0.00970057874 -0.0660745382
v -0.00198151135 0.00975968747 -0.081782074
v -0.00198151135 0.00975968747 -0.0742179251
v -0.00175924801 0.0208511296 -0.0803837109
v -0.00186354184 0.0209554234 -0.0800673676
v -0.00181236767 0.0209042492 -0.0717738175
v -0.00175924801 0.0208511296 -0.0716162896
v -0.00191275143 0.021004633 -0.0799073124
v -0.00195997738 0.021051878 -0.0797460651
v -0.00195997738 0.021051878 -0.072253933
v -0.00191275143 0.021004633 -0.0720926881
v -0.00155392193 0.00933207898 -0.0859756422
v -0.00169691586 0.00947509198 -0.0818974805
v -0.00150312924 0.00928130536 -0.0740492463
v -0.00167694592 0.00945512204 -0.066038053
v -0.00174492383 0.00952309995 -0.0818811822
v -0.00174492383 0.00952309995 -0.0741188169
v -0.00158829236 0.020680193 -0.0808480954
v -0.00164719128 0.0207390728 -0.080694716
v -0.00164719128 0.0207390728 -0.0713052845
v -0.00158829236 0.020680193 -0.0711519027
v -0.00152752423 0.0206194058 -0.070999999
v -0.00170418286 0.0207960644 -0.080539906
v -0.00170418286 0.0207960644 -0.0714600945
v -0.00130743527 0.00908561139 -0.0859939098
v -0.00145430111 0.00923247723 -0.0819610715
v -0.00125795865 0.00903613477 -0.0740097427
v -0.00143072629 0.00920890241 -0.0660137057
v -0.00126598858 0.0203578701 -0.081591928
v -0.00140041852 0.0204923001 -0.0812991929
v -0.0013341 0.0204259816 -0.0705536103
v -0.00126598858 0.0203578701 -0.0704080701
v -0.0014648869 0.0205567685 -0.0811503816
v -0.0014648869 0.0205567685 -0.0708496189
v -0.0010606625 0.00883883862 -0.085999999
v -0.0010606625 0.00883883862 -0.0820000005
v -0.00120869183 0.00898686795 -0.0819945192
v -0.00101130032 0.00878947644 -0.0740006089
v -0.00118406796 0.00896224408 -0.0660015225
v -0.0010606625 0.00883883862 -0.065999999
v -0.00105101132 0.0201428929 -0.0820181513
v -0.00112442517 0.0202163067 -0.0818778515
v -0.00112442517 0.0202163067 -0.0701221466
v -0.00105101132 0.0201428929 -0.0699818492
v -0.00119608426 0.0202879658 -0.0817357635
v -0.00119608426 0.0202879658 -0.0702642345
v -0.000813889737 0.00859206586 -0.0859939098
v -0.000961957212 0.00874013333 -0.0819975638
v -0.000765004392 0.00854318051 -0.0740219116
v -0.000937257047 0.00871543317 -0.0660015225
v -0.000899052854 0.0199909344 -0.0822932029
v -0.000820565458 0.019912447 -0.0695721245
v -0.000975880857 0.0200677624 -0.0821566153
v -0.000975880857 0.0200677624 -0.0698433852
v -0.000567403073 0.00834557919 -0.0859756422
v -0.000715966458 0.00849414258 -0.0819701838
v -0.000520978208 0.00829915433 -0.0740734911
v -0.000690579648 0.00846875577 -0.0660137057
v -0.00057526135 0.0196671429 -0.082819984
v -0.00057526135 0.0196671429 -0.0691800165
v -0.000740399594 0.0198323002 -0.0825605893
v -0.000658631559 0.0197505131 -0.0693086934
v -0.000321526761 0.00809970288 -0.08594522
v -0.000424409146 0.00820258527 -0.0818974805
v -0.00028103375 0.00805920987 -0.074154954
v -0.000444379087 0.00822255521 -0.066038053
v -0.000472588773 0.00825076489 -0.0819125915
v -0.000472588773 0.00825076489 -0.07408741
v -0.000403809781 0.0194956913 -0.0830710673
v -0.000315785642 0.0194076672 -0.068806603
v -0.000490308042 0.0195821896 -0.0829465842
v -0.000490308042 0.0195821896 -0.0690534163
v -7.65659763e-05 0.00785472302 -0.0859026814
v -0.000186619992 0.00796479611 -0.0818042254
v -4.70402195e-05 0.00782521634 -0.0817343211
v -1.11126441e-06 0.00777928738 -0.074291265
v -9.32743503e-05 0.00787145047 -0.0742412305
v -0.000198922391 0.00797707944 -0.0660745382
v -0.00023371243 0.00801188855 -0.0818252182
v -0.00023371243 0.00801188855 -0.0741747808
v -4.28440525e-05 0.0191347256 -0.0835470963
v -0.000135274167 0.0192271557 -0.0834314489
v -0.000135274167 0.0192271557 -0.0685685515
v -4.28440525e-05 0.0191347256 -0.0684529042
v -0.000226254697 0.0193181363 -0.0833135366
v -0.000226254697 0.0193181363 -0.0686864638
v 0.000167212252 0.00761096387 -0.0858480787
v 4.44934414e-05 0.00773368268 -0.0816820192
v 0.000223421817 0.0075547543 -0.0744359732
v 4.55043362e-05 0.00773267178 -0.066123116
v 0.000146231417 0.0189456501 -0.0837714601
v 0.000242819552 0.0188490811 -0.0681198931
v 5.09975002e-05 0.0190408841 -0.0836604452
v 5.09975002e-05 0.0190408841 -0.0683395553
v 0.000409502749 0.00736867337 -0.0857814741
v 0.000310587649 0.00746758847 -0.0814984798
v 0.00047980762 0.0072983685 -0.0746453166
v 0.000288557772 0.00748961835 -0.0661837292
v 0.000267214541 0.00751096158 -0.0815317893
v 0.000267214541 0.00751096158 -0.0744682097
v 0.00043992496 0.0186519566 -0.0840901709
v 0.00043992496 0.0186519566 -0.0679098296
v 0.000340723758 0.0187511578 -0.0839863563
v 0.000340723758 0.0187511578 -0.0680136442
v 0.000649981265 0.00712819486 -0.0857029581
v 0.00056165195 0.00721652417 -0.0812766075
v 0.000601839785 0.00717633633 -0.0812360668
v 0.000719332461 0.00705884366 -0.074891417
v 0.00056165195 0.00721652417 -0.0747233915
v 0.000529989962 0.00724818616 -0.066256299
v 0.000520968203 0.00725720792 -0.0813161492
v 0.000520968203 0.00725720792 -0.0746838498
v 0.000642103915 0.0184497776 -0.0842903757
v 0.000745005374 0.0183468762 -0.0676132941
v 0.000540404086 0.0185514775 -0.0841915202
v 0.000540404086 0.0185514775 -0.0678084803
v 0.000888380771 0.00688977628 -0.0856126165
v 0.000794958834 0.00698321729 -0.0810188389
v 0.000831923251 0.00694625287 -0.0809725785
v 0.00097394443 0.00680423169 -0.0752213669
v 0.000794958834 0.00698321729 -0.0749811625
v 0.000888380771 0.00688977628 -0.0663873839
v 0.000769457583 0.00700869946 -0.085659256
v 0.000757422213 0.00702075391 -0.0810641789
v 0.000757422213 0.00702075391 -0.0749358225
v 0.000769457583 0.00700869946 -0.0663407421
v 0.000954317813 0.0181375638 -0.0845716739
v 0.000849108462 0.0182427922 -0.0844804811
v 0.000849108462 0.0182427922 -0.0675195193
v 0.000954317813 0.0181375638 -0.0674283266
v 0.00112441516 0.00665376096 -0.0855105639
v 0.00124145008 0.00653672604 -0.085455184
v 0.00104127384 0.00673690228 -0.0806765223
v 0.00116816974 0.00661000638 -0.0804626465
v 0.00122758365 0.00655059247 -0.0756488585
v 0.00113744235 0.00664073377 -0.0754827189
v 0.00124145008 0.00653672604 -0.0665448141
v 0.00112441516 0.00665376096 -0.0664894342
v 0.00100671268 0.00677146344 -0.0855630493
v 0.00100791431 0.00677026181 -0.0807279944
v 0.00100791431 0.00677026181 -0.075272007
v 0.00100671268 0.00677146344 -0.0664369535
v 0.00116807437 0.0179238072 -0.0847461963
v 0.00116807437 0.0179238072 -0.0672538018
v 0.0010606525 0.0180312291 -0.0846602535
v 0.0010606525 0.0180312291 -0.067339747
v 0.00147338367 0.00630479245 -0.085335803
v 0.00128421283 0.00649396329 -0.0802367711
v 0.00141313053 0.00636504559 -0.079939239
v 0.00148150897 0.00629666715 -0.0762465143
v 0.0013888309 0.00638934522 -0.075999999
v 0.00135777927 0.00642037778 -0.0666030741
v 0.0012562511 0.00652192502 -0.0802943063
v 0.0012562511 0.00652192502 -0.0757056952
v 0.00138598896 0.0177058926 -0.0849100661
v 0.00149644351 0.0175954381 -0.0670120597
v 0.00127652622 0.0178153553 -0.0848294759
v 0.00127652622 0.0178153553 -0.0671705246
v 0.00158820606 0.00618997006 -0.0852718401
v 0.00170222736 0.00607594876 -0.0852050495
v 0.0015429256 0.00623525052 -0.0795629239
v 0.00156180835 0.00621636777 -0.0794984269
v 0.00162932849 0.00614884763 -0.0792360687
v 0.00168374515 0.00609443097 -0.0789676881
v 0.00172479129 0.00605338483 -0.0786945915
v 0.00174668766 0.00603148847 -0.0784874773
v 0.00174668766 0.00603148847 -0.0775125217
v 0.00174024082 0.0060379353 -0.0774433064
v 0.00171580768 0.00606236844 -0.0772367644
v 0.00167138553 0.00610679059 -0.0769647241
v 0.00161366916 0.00616450696 -0.0766977262
v 0.0015429256 0.00623525052 -0.0764370751
v 0.00170222736 0.00607594876 -0.066794951
v 0.00158820606 0.00618997006 -0.0667281604
v 0.00150275684 0.00627540021 -0.0796904731
v 0.00152324176 0.00625493436 -0.0763730526
v 0.00160783267 0.0174840489 -0.085063076
v 0.00172013736 0.0173717442 -0.0668645453
v 0.00192769504 0.00585048108 -0.085063076
v 0.00181540943 0.00596276669 -0.0668645453
v 0.00175227619 0.00602589993 -0.0784181142
v 0.00176389194 0.00601428418 -0.078209343
v 0.00176776386 0.00601041226 -0.0779999995
v 0.00176087833 0.00601729779 -0.0777209735
v 0.00194732166 0.0171445599 -0.0852718401
v 0.00199262119 0.0170992604 -0.0795629239
v 0.00197371936 0.0171181622 -0.0794984269
v 0.00190619922 0.0171856823 -0.0792360687
v 0.00185178256 0.017240099 -0.0789676881
v 0.00185178256 0.017240099 -0.0770323133
v 0.00186414218 0.0172277394 -0.0769647241
v 0.00192185855 0.017170023 -0.0766977262
v 0.00199262119 0.0170992604 -0.0764370751
v 0.00194732166 0.0171445599 -0.0667281604
v 0.00183330036 0.0172585812 -0.0852050495
v 0.00184026218 0.0172516194 -0.0788998032
v 0.00181073642 0.0172811451 -0.0786945915
v 0.00178885913 0.0173030415 -0.0784874773
v 0.00177163578 0.0173202458 -0.078209343
v 0.00176776386 0.0173241177 -0.0779999995
v 0.00177464939 0.0173172322 -0.0777209735
v 0.0017952869 0.0172965947 -0.0774433064
v 0.00181973911 0.0172721425 -0.0772367644
v 0.00183330036 0.0172585812 -0.066794951
v 0.00214953876 0.00562863736 -0.0849100661
v 0.0020390842 0.00573909192 -0.0670120597
v 0.00217774845 0.0169141331 -0.085396924
v 0.00222407794 0.0168678036 -0.0801785564
v 0.00212239719 0.0169694844 -0.079939239
v 0.00209884143 0.0169930401 -0.0761221147
v 0.00214669681 0.0169451848 -0.075999999
v 0.00217774845 0.0169141331 -0.0666030741
v 0.00206214405 0.0170297375 -0.085335803
v 0.00207604862 0.0170158329 -0.0798159623
v 0.00203277088 0.0170591107 -0.0796904731
v 0.00201230503 0.0170795765 -0.0763730526
v 0.00205401874 0.0170378628 -0.0762465143
v 0.00206214405 0.0170297375 -0.0666641951
v 0.00247487522 0.0053033009 -0.0846602535
v 0.00236745334 0.00541070371 -0.0672538018
v 0.0022590015 0.00551917462 -0.0848294759
v 0.0022590015 0.00551917462 -0.0671705246
v 0.00241111255 0.016680769 -0.0855105639
v 0.00249425388 0.0165976277 -0.0806765223
v 0.00236735797 0.0167245236 -0.0804626465
v 0.00236735797 0.0167245236 -0.0755373549
v 0.00239808536 0.0166937962 -0.0754827189
v 0.00241111255 0.016680769 -0.0664894342
v 0.00229407764 0.0167978039 -0.085455184
v 0.00233731723 0.0167545643 -0.0804072595
v 0.00225131488 0.0168405667 -0.0802367711
v 0.00225131488 0.0168405667 -0.0757632279
v 0.00227927661 0.016812605 -0.0757056952
v 0.00229407764 0.0167978039 -0.0665448141
v 0.0025812099 0.00519696622 -0.0845716739
v 0.00268643833 0.00509173779 -0.0844804811
v 0.00268643833 0.00509173779 -0.0675195193
v 0.0025812099 0.00519696622 -0.0674283266
v 0.00264714694 0.0164447346 -0.0856126165
v 0.00274058795 0.0163513127 -0.0810188389
v 0.00270360446 0.0163882771 -0.0809725785
v 0.00259620166 0.0164956799 -0.0751715732
v 0.00274058795 0.0163513127 -0.0749811625
v 0.00264714694 0.0164447346 -0.0663873839
v 0.00252881504 0.0165630665 -0.0855630493
v 0.00256160236 0.0165302983 -0.0807786345
v 0.00252761341 0.0165642682 -0.0807279944
v 0.00252761341 0.0165642682 -0.075272007
v 0.00256160236 0.0165302983 -0.0752213669
v 0.00252881504 0.0165630665 -0.0664369535
v 0.0028934238 0.00488475232 -0.0842903757
v 0.0029951427 0.00478303342 -0.0841915202
v 0.0029951427 0.00478303342 -0.0678084803
v 0.00279052234 0.00498765378 -0.0676132941
v 0.00288554645 0.0162063351 -0.0857029581
v 0.00297387577 0.0161180058 -0.0812766075
v 0.00293368793 0.0161581936 -0.0812360668
v 0.00285483814 0.0162370434 -0.0748479581
v 0.00297387577 0.0161180058 -0.0747233915
v 0.00288554645 0.0162063351 -0.0662970424
v 0.00276607013 0.0163258114 -0.085659256
v 0.00281621433 0.0162756672 -0.0811085844
v 0.00277812458 0.0163137761 -0.0749358225
v 0.00276607013 0.0163258114 -0.0663407421
v 0.00309560276 0.00468257337 -0.0840901709
v 0.00319482303 0.00458335309 -0.0839863563
v 0.00319482303 0.00458335309 -0.0680136442
v 0.00309560276 0.00468257337 -0.0679098296
v 0.00312604404 0.0159658375 -0.0857814741
v 0.00322494007 0.0158669415 -0.0814984798
v 0.00309735752 0.015994524 -0.0746078086
v 0.00324696994 0.0158449116 -0.0661837292
v 0.00300555683 0.0160863247 -0.0857436991
v 0.0030557201 0.0160361615 -0.0813546824
v 0.00301455951 0.0160773221 -0.0746838498
v 0.00300555683 0.0160863247 -0.066256299
v 0.00338931537 0.00438886075 -0.0837714601
v 0.00348453022 0.00429364591 -0.0836604452
v 0.00348453022 0.00429364591 -0.0683395553
v 0.00329272724 0.00448544888 -0.0681198931
v 0.00336831546 0.0157235661 -0.0858480787
v 0.00349103427 0.0156008473 -0.0816820192
v 0.00335629917 0.0157355824 -0.0744048238
v 0.00349004245 0.0156018391 -0.066123116
v 0.0033121059 0.0157797757 -0.0815640259
v 0.00326833225 0.0158235493 -0.0744682097
v 0.00357837177 0.00419980435 -0.0835470963
v 0.00367080188 0.00410737424 -0.0834314489
v 0.00367080188 0.00410737424 -0.0685685515
v 0.00357837177 0.00419980435 -0.0684529042
v 0.00361209369 0.0154797879 -0.0859026814
v 0.00372216678 0.0153697148 -0.0818042254
v 0.00362882114 0.0154630604 -0.0742412305
v 0.00373445011 0.0153574315 -0.0660745382
v 0.00358256793 0.0155093136 -0.0817343211
v 0.00353663898 0.0155552426 -0.074291265
v 0.0039393375 0.00383883862 -0.0830710673
v 0.00385131336 0.00392686276 -0.068806603
v 0.00376180149 0.00401637463 -0.0833135366
v 0.00376180149 0.00401637463 -0.0686864638
v 0.00385707355 0.015234808 -0.08594522
v 0.00395993686 0.0151319447 -0.0818974805
v 0.00386414981 0.0152277318 -0.0741362977
v 0.0039799068 0.0151119748 -0.066038053
v 0.00381658054 0.015275301 -0.0818450475
v 0.00376924015 0.0153226414 -0.0741747808
v 0.00411078907 0.00366738706 -0.082819984
v 0.00419415927 0.00358401685 -0.0826913071
v 0.00419415927 0.00358401685 -0.0693086934
v 0.00411078907 0.00366738706 -0.0691800165
v 0.00402583576 0.00375234036 -0.0829465842
v 0.00402583576 0.00375234036 -0.0690534163
v 0.00410294986 0.0149889508 -0.0859756422
v 0.00420255161 0.01488933 -0.0819610715
v 0.00410504795 0.0149868336 -0.0740607691
v 0.00422612644 0.0148657551 -0.0660137057
v 0.00405650592 0.0150353756 -0.0819265079
v 0.00400813556 0.015083746 -0.07408741
v 0.00443459964 0.00334357648 -0.0822932029
v 0.00435609317 0.00342208295 -0.0695721245
v 0.00427594638 0.00350222974 -0.0825605893
v 0.00427594638 0.00350222974 -0.0694394088
v 0.00434941745 0.0147424641 -0.0859939098
v 0.00449748493 0.0145943966 -0.0819975638
v 0.00434968448 0.0147421971 -0.0740152216
v 0.00447278476 0.0146190968 -0.0660015225
v 0.00430055118 0.0147913495 -0.0819780874
v 0.00425149417 0.0148403874 -0.0740298152
v 0.00458653903 0.00319163709 -0.0820181513
v 0.00465995288 0.00311822324 -0.0818778515
v 0.00473161197 0.00304656415 -0.0817357635
v 0.00473161197 0.00304656415 -0.0702642345
v 0.00465995288 0.00311822324 -0.0701221466
v 0.00458653903 0.00319163709 -0.0699818492
v 0.00451140857 0.00326674847 -0.0821566153
v 0.00451140857 0.00326674847 -0.0698433852
v 0.00459619022 0.0144956913 -0.085999999
v 0.00459619022 0.0144956913 -0.0820000005
v 0.00474421955 0.014347662 -0.0819945192
v 0.00459619022 0.0144956913 -0.074000001
v 0.00471959568 0.0143722859 -0.0660015225
v 0.00459619022 0.0144956913 -0.065999999
v 0.00454682804 0.0145450535 -0.0819993901
v 0.00454682804 0.0145450535 -0.0740006089
v 0.0048015163 0.00297665982 -0.081591928
v 0.00493594623 0.00284222989 -0.0812991929
v 0.00486962772 0.00290852933 -0.0705536103
v 0.0048015163 0.00297665982 -0.0704080701
v 0.00484296298 0.0142489186 -0.0859939098
v 0.00498982883 0.0141020527 -0.0819610715
v 0.00484271503 0.0142491665 -0.0740152216
v 0.00496627307 0.0141256085 -0.0660137057
v 0.00479348636 0.0142983952 -0.0819902563
v 0.00479348636 0.0142983952 -0.0740097427
v 0.00512383914 0.00265433698 -0.0808480954
v 0.00523971057 0.00253846555 -0.080539906
v 0.005182719 0.00259545712 -0.0713052845
v 0.00512383914 0.00265433698 -0.0711519027
v 0.00506307102 0.0027151051 -0.070999999
v 0.00500043369 0.00277774243 -0.0811503816
v 0.00500043369 0.00277774243 -0.0708496189
v 0.00521247364 0.0138794079 -0.0859619474
v 0.00523244358 0.013859438 -0.0818974805
v 0.00513587451 0.0139560071 -0.0740734911
v 0.00521247364 0.0138794079 -0.066038053
v 0.00508944965 0.0140024319 -0.0859756422
v 0.00508735157 0.01400453 -0.08193923
v 0.00503865695 0.0140532246 -0.0740492463
v 0.00508944965 0.0140024319 -0.0660243607
v 0.00529477573 0.00248340039 -0.0803837109
v 0.00539908863 0.00237908749 -0.0800673676
v 0.00544829822 0.0023298779 -0.0799073124
v 0.00549552417 0.00228265195 -0.0797460651
v 0.00549552417 0.00228265195 -0.072253933
v 0.00544829822 0.0023298779 -0.0720926881
v 0.00534789539 0.00243026166 -0.0717738175
v 0.00529477573 0.00248340039 -0.0716162896
v 0.0054579494 0.0136339512 -0.0859254599
v 0.00547023273 0.0136216488 -0.0818042254
v 0.00537581897 0.0137160626 -0.074154954
v 0.0054579494 0.0136339512 -0.0660745382
v 0.00533532596 0.0137565556 -0.08594522
v 0.0053282497 0.0137636319 -0.0818637037
v 0.00528045154 0.01381143 -0.0741188169
v 0.00533532596 0.0137565556 -0.0660547805
v 0.00554074741 0.00223742871 -0.0795836806
v 0.00562516666 0.00215300946 -0.079255681
v 0.00566432453 0.00211385159 -0.0790901709
v 0.00573647953 0.00204169659 -0.0787563729
v 0.00570144153 0.00207673459 -0.0730762839
v 0.00566432453 0.00211385159 -0.0729098296
v 0.00558396793 0.00219420819 -0.0725797987
v 0.00554074741 0.00223742871 -0.0724163198
v 0.00570235706 0.0133895245 -0.0858768845
v 0.00574662662 0.0133452549 -0.0816541815
v 0.0056098125 0.0134820691 -0.0742656779
v 0.00570235706 0.0133895245 -0.066123116
v 0.00558030582 0.0135115948 -0.0859026814
v 0.00556357837 0.0135283032 -0.0817587709
v 0.00551703907 0.0135748425 -0.0742179251
v 0.00558030582 0.0135115948 -0.0660973191
v 0.0058003757 0.00197780042 -0.0784192181
v 0.00585587955 0.0019222775 -0.0780791163
v 0.00588048435 0.00189769177 -0.0779080892
v 0.00592334247 0.00185481458 -0.0775643444
v 0.0059415958 0.00183658032 -0.0773917317
v 0.00597167469 0.00180650144 -0.0770452857
v 0.00598350025 0.00179467587 -0.0768715572
v 0.00599318958 0.00178498654 -0.0766975641
v 0.00599318958 0.00178498654 -0.0753024364
v 0.00598350025 0.00179467587 -0.0751284432
v 0.00595769382 0.0018204823 -0.0747813058
v 0.0059415958 0.00183658032 -0.0746082687
v 0.00590299106 0.00187518506 -0.0742635179
v 0.00588048435 0.00189769177 -0.0740919089
v 0.00582917667 0.00194899945 -0.0737504888
v 0.0058003757 0.00197780042 -0.07358078
v 0.00576945758 0.00200869946 -0.0785881901
v 0.00576945758 0.00200869946 -0.0734118104
v 0.00594541049 0.0131464711 -0.0858162737
v 0.00592406726 0.0131678143 -0.0815317893
v 0.00596744037 0.0131244412 -0.0814984798
v 0.00596744037 0.0131244412 -0.0745015216
v 0.00588027454 0.013211607 -0.0744359732
v 0.00594541049 0.0131464711 -0.0661837292
v 0.00582406497 0.0132678166 -0.0858480787
v 0.00583610034 0.0132557812 -0.0815951753
v 0.00579154468 0.0133003369 -0.0743747687
v 0.00582406497 0.0132678166 -0.0661519217
v 0.0060007236 0.00177745252 -0.0765233588
v 0.00600610233 0.00177207379 -0.0763489938
v 0.00600932575 0.00176885037 -0.0761745238
v 0.00601041294 0.00176776318 -0.075999999
v 0.00600610233 0.00177207379 -0.0756510043
v 0.0060007236 0.00177745252 -0.0754766393
v 0.00618684268 0.0129050389 -0.0857436991
v 0.00621850467 0.0128733769 -0.0812766075
v 0.00609502292 0.0129968586 -0.0746078086
v 0.00618684268 0.0129050389 -0.066256299
v 0.00606635547 0.0130255261 -0.0857814741
v 0.00605294681 0.0130389348 -0.0814286685
v 0.00601041294 0.0130814686 -0.0745358992
v 0.00606635547 0.0130255261 -0.066218524
v 0.00642632938 0.0126655713 -0.085659256
v 0.00645181156 0.01264007 -0.0810188389
v 0.00648877597 0.0126031056 -0.0809725785
v 0.00648877597 0.0126031056 -0.0750274205
v 0.00637618518 0.0127156964 -0.074891417
v 0.00642632938 0.0126655713 -0.0663407421
v 0.00630683399 0.0127850476 -0.0857029581
v 0.0063375423 0.0127543393 -0.0811520433
v 0.00625869251 0.0128331891 -0.0747639322
v 0.00630683399 0.0127850476 -0.0662970424
v 0.0066635654 0.0124283162 -0.0855630493
v 0.00663079715 0.0124610844 -0.0807786345
v 0.00673083759 0.012361044 -0.0806242371
v 0.00666476703 0.0124271145 -0.075272007
v 0.00659619785 0.0124956837 -0.0751715732
v 0.0066635654 0.0124283162 -0.0664369535
v 0.00654525257 0.0125466481 -0.0856126165
v 0.00656098819 0.0125308934 -0.0808773589
v 0.00652516819 0.0125667134 -0.0750745845
v 0.00654525257 0.0125466481 -0.0663873839
v 0.00674504734 0.022246336 -0.0785566926
v 0.00674504734 0.022246336 -0.0774433064
v 0.00672440982 0.0222669735 -0.0782790256
v 0.00671794391 0.0222734395 -0.0780698085
v 0.00672139621 0.0222699872 -0.0777906561
v 0.0067386005 0.0222527829 -0.0775125217
v 0.0068983028 0.0121935788 -0.085455184
v 0.00691310382 0.0121787777 -0.0802943063
v 0.00699483371 0.0120970479 -0.0801196766
v 0.00694106555 0.012150816 -0.0757632279
v 0.00685508228 0.0122367993 -0.0755927396
v 0.0068983028 0.0121935788 -0.0665448141
v 0.00678126789 0.0123106137 -0.0855105639
v 0.00679429508 0.0122975865 -0.0805172825
v 0.00682502246 0.0122668591 -0.0804626465
v 0.00682502246 0.0122668591 -0.0755373549
v 0.00676290012 0.0123289814 -0.0754288507
v 0.00678126789 0.0123106137 -0.0664894342
v 0.00694236255 0.0220490208 -0.0795629239
v 0.00687161899 0.0221197644 -0.0793022728
v 0.00681388355 0.0221774807 -0.0790352774
v 0.00676948047 0.0222219029 -0.078763237
v 0.00675233341 0.02223905 -0.0786257386
v 0.00676047779 0.0222308865 -0.0773054075
v 0.00680152393 0.0221898404 -0.0770323133
v 0.00685594058 0.0221354237 -0.0767639327
v 0.00692346073 0.0220679036 -0.0765015745
v 0.00698251224 0.0220088711 -0.076309526
v 0.00713023639 0.0119616452 -0.085335803
v 0.0071383617 0.0119535199 -0.0797534847
v 0.00719977832 0.0118921032 -0.0795629239
v 0.00723676181 0.0118551198 -0.0794334722
v 0.00721866107 0.0118732205 -0.0765015745
v 0.00715962863 0.011932272 -0.076309526
v 0.007093539 0.0119983426 -0.0761221147
v 0.00724505878 0.0118468228 -0.0667281604
v 0.00701465106 0.0120772496 -0.085396924
v 0.00704568363 0.0120461979 -0.08
v 0.00706998325 0.0120218983 -0.079939239
v 0.00706998325 0.0120218983 -0.0760607624
v 0.00702062107 0.0120712605 -0.0759398484
v 0.00701465106 0.0120772496 -0.0666030741
v 0.00722903705 0.0217623463 -0.0802943063
v 0.00709645725 0.0218949261 -0.08
v 0.0070037601 0.0219876042 -0.0797534847
v 0.00707213855 0.0219192257 -0.0760607624
v 0.00720107532 0.021790308 -0.0757632279
v 0.00722903705 0.0217623463 -0.0757056952
v 0.00735908008 0.0117328015 -0.0852050495
v 0.0073726604 0.0117192212 -0.078763237
v 0.00739709354 0.011694788 -0.0785566926
v 0.00741773105 0.0116741505 -0.0782790256
v 0.00742419696 0.0116676846 -0.0780698085
v 0.00742074466 0.0116711369 -0.0777906561
v 0.00740354038 0.0116883412 -0.0775125217
v 0.00738164402 0.0117102375 -0.0773054075
v 0.00735213733 0.0117397633 -0.0771001959
v 0.00747226215 0.0116196194 -0.0668645453
v 0.00727052188 0.0118213597 -0.0793022728
v 0.00732823825 0.0117636433 -0.0790352774
v 0.00734059787 0.0117512837 -0.0789676881
v 0.00734059787 0.0117512837 -0.0770323133
v 0.00728618122 0.0118057003 -0.0767639327
v 0.00725404239 0.0118378392 -0.0766319203
v 0.0073478458 0.0216435376 -0.0805172825
v 0.0072577045 0.0217336789 -0.0803511405
v 0.00731711841 0.021674265 -0.0755373549
v 0.00747735477 0.0215140095 -0.075272007
v 0.00769593692 0.0113959446 -0.0849879408
v 0.00769593692 0.0113959446 -0.0670120597
v 0.00758454776 0.0115073338 -0.085063076
v 0.00758454776 0.0115073338 -0.0669369221
v 0.00769032932 0.021301054 -0.0810188389
v 0.00751134372 0.0214800396 -0.0807786345
v 0.00765334583 0.0213380185 -0.0750274205
v 0.00772786594 0.0212635174 -0.0749358225
v 0.00791585422 0.0111760273 -0.0848294759
v 0.00791585422 0.0111760273 -0.0671705246
v 0.00780639148 0.0112854901 -0.0849100661
v 0.00780639148 0.0112854901 -0.0670899343
v 0.00792361713 0.0210677472 -0.0812766075
v 0.00776595569 0.0212254277 -0.0811085844
v 0.00788342929 0.021107935 -0.0747639322
v 0.00796430088 0.0210270634 -0.0746838498
v 0.00813172794 0.0109601536 -0.0846602535
v 0.00823806262 0.0108538189 -0.0674283266
v 0.00802432514 0.0110675755 -0.0847461963
v 0.00802432514 0.0110675755 -0.0672538018
v 0.00821807361 0.0207733098 -0.0815317893
v 0.00800546146 0.0209859028 -0.0813546824
v 0.0081747005 0.0208166829 -0.0745015216
v 0.00821807361 0.0207733098 -0.0744682097
v 0.00834329105 0.0107485905 -0.0844804811
v 0.00844737506 0.0106445065 -0.0676132941
v 0.00826186634 0.020729517 -0.0815640259
v 0.00848639942 0.0205049839 -0.074291265
v 0.00865199543 0.0104398861 -0.0841915202
v 0.00865199543 0.0104398861 -0.0678084803
v 0.00855027652 0.010541605 -0.0842903757
v 0.00855027652 0.010541605 -0.0677096248
v 0.0085785625 0.0204128209 -0.0817587709
v 0.00853232837 0.020459055 -0.0817343211
v 0.00853232837 0.020459055 -0.0742656779
v 0.00871898151 0.0202723828 -0.0741747808
v 0.00885167575 0.0102402058 -0.0839863563
v 0.00894957996 0.0101423016 -0.0681198931
v 0.00875245548 0.0103394261 -0.0840901709
v 0.00875245548 0.0103394261 -0.0679098296
v 0.0087663219 0.0202250615 -0.0818450475
v 0.00895787693 0.0200335064 -0.07408741
v 0.00914138294 0.00995049863 -0.0836604452
v 0.00923522449 0.00985665707 -0.0684529042
v 0.00904616809 0.0100457135 -0.0837714601
v 0.00904616809 0.0100457135 -0.0682285404
v 0.00900624729 0.019985117 -0.0819265079
v 0.00920123554 0.0197901288 -0.0740298152
v 0.00941865421 0.00967322736 -0.0833135366
v 0.00941865421 0.00967322736 -0.0686864638
v 0.0093276546 0.00976422696 -0.0834314489
v 0.0093276546 0.00976422696 -0.0685685515
v 0.0094965694 0.0194947949 -0.0819993901
v 0.0094965694 0.0194947949 -0.0740006089
v 0.00925029254 0.0197410908 -0.0819780874
v 0.00944722629 0.019544138 -0.0740024376
v 0.00959619022 0.00949569135 -0.0830710673
v 0.00968268848 0.00940919309 -0.0829465842
v 0.00968268848 0.00940919309 -0.0690534163
v 0.00959619022 0.00949569135 -0.0689289331
v 0.00950816608 0.00958371549 -0.0831933975
v 0.00950816608 0.00958371549 -0.068806603
v 0.0097432468 0.0192481366 -0.0819902563
v 0.0097432468 0.0192481366 -0.0740097427
v 0.00954595066 0.0194454327 -0.0820000005
v 0.00959531284 0.0193960705 -0.0819993901
v 0.00969396091 0.0192974034 -0.0740054822
v 0.009851012 0.00924086957 -0.0826913071
v 0.00993279911 0.00915908246 -0.0694394088
v 0.00976764179 0.00932423978 -0.082819984
v 0.00976764179 0.00932423978 -0.0691800165
v 0.00979245639 0.019198927 -0.0819847798
v 0.00998839832 0.019002966 -0.0740492463
v 0.0101682804 0.00892362027 -0.0821566153
v 0.0102433918 0.00884848981 -0.0699818492
v 0.0100129459 0.00907893567 -0.082427876
v 0.0100914524 0.0090004292 -0.0697067952
v 0.0100370929 0.0189542904 -0.08193923
v 0.0102301929 0.0187611714 -0.0741188169
v 0.0103884647 0.00870341687 -0.0817357635
v 0.010458369 0.00863351254 -0.0704080701
v 0.0103168056 0.00877507596 -0.0818778515
v 0.0103168056 0.00877507596 -0.0701221466
v 0.0102779911 0.0187133923 -0.0818637037
v 0.0104667804 0.0185245839 -0.0742179251
v 0.010592799 0.00849908261 -0.0812991929
v 0.0106572864 0.00843459515 -0.0811503816
v 0.0107199237 0.00837195783 -0.080999999
v 0.0107199237 0.00837195783 -0.070999999
v 0.010592799 0.00849908261 -0.0707008076
v 0.0105264995 0.00856540112 -0.0814463902
v 0.0105264995 0.00856540112 -0.0705536103
v 0.0105133197 0.0184780636 -0.0817587709
v 0.0105595539 0.0184318104 -0.0817343211
v 0.010741286 0.0182500973 -0.0743747687
v 0.0105133197 0.0184780636 -0.0742412305
v 0.0108965633 0.00819531827 -0.080539906
v 0.0109516285 0.00814025311 -0.0803837109
v 0.0109516285 0.00814025311 -0.0716162896
v 0.0108965633 0.00819531827 -0.0714600945
v 0.0107806919 0.0083111897 -0.0808480954
v 0.0108395717 0.00825230985 -0.080694716
v 0.0108395717 0.00825230985 -0.0713052845
v 0.0107806919 0.0083111897 -0.0711519027
v 0.0107858417 0.0182055417 -0.0815951753
v 0.0109171817 0.0180741826 -0.0814984798
v 0.0109601543 0.0180312291 -0.0745358992
v 0.0108738086 0.0181175747 -0.0744682097
v 0.0111051509 0.00798673062 -0.0799073124
v 0.0111523769 0.00793950467 -0.0797460651
v 0.0112408207 0.00785106091 -0.0794202018
v 0.0112408207 0.00785106091 -0.0725797987
v 0.0111976001 0.00789428143 -0.0724163198
v 0.0111051509 0.00798673062 -0.0720926881
v 0.0110047672 0.00808713345 -0.0802261829
v 0.0110559413 0.00803594022 -0.0719326329
v 0.0112481258 0.0177432385 -0.0811945415
v 0.0112481258 0.0177432385 -0.0748054576
v 0.0110026882 0.0179886952 -0.0814286685
v 0.0112084529 0.0177829304 -0.0812360668
v 0.0112084529 0.0177829304 -0.0747639322
v 0.0111682651 0.0178231183 -0.0747233915
v 0.0113582943 0.00773358731 -0.0789237165
v 0.0114263294 0.00766557126 -0.0785881901
v 0.0114572284 0.00763465314 -0.0784192181
v 0.0114860294 0.00760585217 -0.0782495117
v 0.0114860294 0.00760585217 -0.0737504888
v 0.0114572284 0.00763465314 -0.07358078
v 0.0114263294 0.00766557126 -0.0734118104
v 0.0113933322 0.00769854932 -0.0732436275
v 0.0112820194 0.00780986218 -0.079255681
v 0.0113211772 0.00777070432 -0.0790901709
v 0.0113211772 0.00777070432 -0.0729098296
v 0.0112820194 0.00780986218 -0.0727443194
v 0.0112873027 0.0177040806 -0.0811520433
v 0.0114385364 0.017552847 -0.0809725785
v 0.0114749286 0.0175164547 -0.0750745845
v 0.0114015529 0.0175898304 -0.0749811625
v 0.0115984485 0.00749343305 -0.0773917317
v 0.0116145465 0.00747733502 -0.0772186923
v 0.011640353 0.0074515286 -0.0768715572
v 0.0116500423 0.00744183926 -0.0766975641
v 0.0116629551 0.00742892651 -0.0763489938
v 0.0116661785 0.0074257031 -0.0761745238
v 0.0116672657 0.00742461591 -0.075999999
v 0.0116629551 0.00742892651 -0.0756510043
v 0.0116575763 0.00743430524 -0.0754766393
v 0.011640353 0.0074515286 -0.0751284432
v 0.0116285274 0.00746335416 -0.0749547148
v 0.0115984485 0.00749343305 -0.0746082687
v 0.0115127513 0.00757914929 -0.0780791163
v 0.0115373371 0.0075545445 -0.0779080892
v 0.0115598438 0.00753203778 -0.0777364826
v 0.0115802143 0.00751168637 -0.0744356561
v 0.0115373371 0.0075545445 -0.0740919089
v 0.0115127513 0.00757914929 -0.0739208841
v 0.0117440364 0.0172473279 -0.0805172825
v 0.0117440364 0.0172473279 -0.0754827189
v 0.0115107296 0.0174806538 -0.0808773589
v 0.0116145275 0.0173768559 -0.0807279944
v 0.0117126415 0.0172787419 -0.0754288507
v 0.0115805385 0.0174108448 -0.0752213669
v 0.011995425 0.0169959393 -0.08
v 0.011995425 0.0169959393 -0.075999999
v 0.0117747638 0.0172166005 -0.0804626465
v 0.0118908069 0.0171005574 -0.0802367711
v 0.0119703815 0.0170210019 -0.0759398484
v 0.0118628452 0.0171285191 -0.0757056952
v 0.0120197437 0.0169716397 -0.079939239
v 0.01210937 0.0168820134 -0.0796904731
v 0.0121684215 0.0168229619 -0.0794984269
v 0.0122359417 0.0167554417 -0.0792360687
v 0.0122359417 0.0167554417 -0.0767639327
v 0.0122202632 0.016771101 -0.0766977262
v 0.0121495197 0.0168418637 -0.0764370751
v 0.0120881221 0.0169032612 -0.0762465143
v 0.0122507808 0.0167406025 -0.079169488
v 0.0122903583 0.0167010251 -0.0789676881
v 0.0123314045 0.0166599789 -0.0786945915
v 0.0123532817 0.0166380826 -0.0784874773
v 0.012370486 0.0166208783 -0.078209343
v 0.012374377 0.0166170063 -0.0779999995
v 0.0123674724 0.0166238919 -0.0777209735
v 0.0123468349 0.0166445294 -0.0774433064
v 0.0123224018 0.0166689816 -0.0772367644
v 0.0122779987 0.0167133847 -0.0769647241
f 61 1 2
f 1 229 2
f 60 23 1
f 23 229 1
f 60 1 61
f 62 2 3
f 2 229 3
f 61 2 62
f 63 3 4
f 3 229 4
f 62 3 63
f 64 4 5
f 4 229 5
f 63 4 64
f 65 5 6
f 5 229 6
f 64 5 65
f 66 6 7
f 6 230 7
f 65 6 66
f 6 229 230
f 67 7 8
f 7 230 8
f 66 7 67
f 68 8 9
f 8 230 9
f 67 8 68
f 69 9 10
f 9 230 10
f 68 9 69
f 70 10 24
f 10 230 24
f 69 10 70
f 85 11 12
f 11 229 12
f 81 31 11
f 31 229 11
f 81 11 85
f 86 12 13
f 12 229 13
f 85 12 86
f 87 13 14
f 13 229 14
f 86 13 87
f 57 14 15
f 14 229 15
f 87 14 57
f 58 15 16
f 15 229 16
f 57 15 58
f 59 16 23
f 16 229 23
f 58 16 59
f 72 17 18
f 17 231 18
f 71 24 17
f 24 230 17
f 71 17 72
f 17 230 231
f 88 18 19
f 18 231 19
f 72 18 88
f 89 19 20
f 19 231 20
f 88 19 89
f 90 20 21
f 20 231 21
f 89 20 90
f 82 21 22
f 21 231 22
f 90 21 82
f 82 22 32
f 22 231 32
f 59 23 60
f 70 24 71
f 102 25 26
f 25 229 26
f 97 39 25
f 39 229 25
f 97 25 101
f 101 25 102
f 80 26 27
f 26 229 27
f 79 26 80
f 102 26 79
f 81 27 31
f 27 229 31
f 80 27 81
f 84 28 29
f 28 251 29
f 83 32 28
f 32 251 28
f 83 28 84
f 104 29 30
f 29 252 30
f 84 29 103
f 103 29 104
f 29 251 252
f 99 30 40
f 30 243 40
f 98 30 99
f 104 30 98
f 30 252 243
f 82 32 83
f 32 231 251
f 115 33 34
f 33 229 34
f 112 45 33
f 45 229 33
f 112 33 115
f 116 34 35
f 34 229 35
f 115 34 116
f 96 35 39
f 35 229 39
f 95 35 96
f 116 35 95
f 118 36 37
f 36 243 37
f 100 40 36
f 40 243 36
f 100 36 117
f 117 36 118
f 113 37 38
f 37 243 38
f 118 37 113
f 113 38 46
f 38 243 46
f 96 39 97
f 99 40 100
f 111 41 42
f 41 229 42
f 124 51 41
f 51 229 41
f 127 41 111
f 124 41 127
f 112 42 45
f 42 229 45
f 111 42 112
f 125 43 44
f 43 243 44
f 114 46 43
f 46 243 43
f 114 43 128
f 128 43 125
f 126 44 52
f 44 244 52
f 125 44 126
f 44 243 244
f 113 46 114
f 123 47 48
f 47 229 48
f 132 54 47
f 54 229 47
f 135 47 123
f 132 47 135
f 123 48 51
f 48 229 51
f 136 49 50
f 49 244 50
f 126 52 49
f 52 244 49
f 126 49 136
f 134 50 55
f 50 244 55
f 133 50 134
f 136 50 133
f 123 51 124
f 131 53 54
f 53 229 54
f 143 77 53
f 77 229 53
f 143 53 131
f 131 54 132
f 144 55 56
f 55 244 56
f 134 55 144
f 142 56 78
f 56 244 78
f 144 56 142
f 71 57 58
f 72 57 71
f 72 87 57
f 70 58 59
f 71 58 70
f 69 59 60
f 70 59 69
f 68 60 61
f 69 60 68
f 67 61 62
f 68 61 67
f 66 62 63
f 67 62 66
f 65 63 64
f 66 63 65
f 88 87 72
f 150 73 74
f 73 229 74
f 149 93 73
f 93 229 73
f 149 73 150
f 141 74 77
f 74 229 77
f 150 74 141
f 152 75 76
f 75 244 76
f 151 78 75
f 78 244 75
f 151 75 152
f 148 76 94
f 76 244 94
f 152 76 148
f 141 77 143
f 142 78 151
f 83 79 80
f 84 79 83
f 84 102 79
f 82 80 81
f 83 80 82
f 82 81 90
f 90 81 85
f 103 102 84
f 89 85 86
f 90 85 89
f 88 86 87
f 89 86 88
f 147 91 93
f 91 229 93
f 159 109 91
f 109 229 91
f 159 91 147
f 160 94 92
f 94 245 92
f 158 92 110
f 92 245 110
f 160 92 158
f 147 93 149
f 148 94 160
f 94 244 245
f 99 95 96
f 100 95 99
f 100 116 95
f 98 96 97
f 99 96 98
f 98 97 104
f 104 97 101
f 117 116 100
f 103 101 102
f 104 101 103
f 168 105 106
f 105 229 106
f 167 120 105
f 120 229 105
f 167 105 168
f 157 106 109
f 106 229 109
f 168 106 157
f 170 107 108
f 107 245 108
f 169 110 107
f 110 245 107
f 169 107 170
f 166 108 121
f 108 245 121
f 170 108 166
f 157 109 159
f 158 110 169
f 113 111 112
f 114 111 113
f 114 127 111
f 113 112 118
f 118 112 115
f 128 127 114
f 117 115 116
f 118 115 117
f 165 119 120
f 119 229 120
f 174 129 119
f 129 229 119
f 177 119 165
f 174 119 177
f 165 120 167
f 178 121 122
f 121 245 122
f 166 121 178
f 176 122 130
f 122 245 130
f 175 122 176
f 178 122 175
f 125 123 124
f 126 123 125
f 126 135 123
f 125 124 128
f 128 124 127
f 136 135 126
f 185 139 129
f 139 229 129
f 173 129 174
f 185 129 173
f 184 130 140
f 130 247 140
f 176 130 186
f 186 130 184
f 130 245 247
f 133 131 132
f 134 131 133
f 134 143 131
f 133 132 136
f 136 132 135
f 144 143 134
f 183 137 139
f 137 229 139
f 192 145 137
f 145 229 137
f 195 137 183
f 192 137 195
f 196 140 138
f 140 247 138
f 194 138 146
f 138 247 146
f 193 138 194
f 196 138 193
f 183 139 185
f 184 140 196
f 142 141 144
f 142 150 141
f 144 141 143
f 151 150 142
f 201 155 145
f 155 229 145
f 191 145 192
f 201 145 191
f 200 146 156
f 146 247 156
f 194 146 202
f 202 146 200
f 148 147 152
f 148 159 147
f 152 147 149
f 160 159 148
f 151 149 150
f 152 149 151
f 199 153 155
f 153 229 155
f 205 162 153
f 162 229 153
f 207 153 199
f 205 153 207
f 208 156 154
f 156 247 154
f 214 154 163
f 154 247 163
f 208 154 206
f 206 154 214
f 199 155 201
f 200 156 208
f 158 157 160
f 158 168 157
f 160 157 159
f 169 168 158
f 213 161 162
f 161 229 162
f 211 171 161
f 171 229 161
f 211 161 213
f 213 162 205
f 212 163 164
f 163 247 164
f 214 163 212
f 212 164 172
f 164 247 172
f 166 165 170
f 166 177 165
f 170 165 167
f 178 177 166
f 169 167 168
f 170 167 169
f 219 181 171
f 181 229 171
f 219 171 211
f 218 172 182
f 172 247 182
f 212 172 220
f 220 172 218
f 175 173 174
f 176 173 175
f 176 185 173
f 175 174 178
f 178 174 177
f 186 185 176
f 217 179 181
f 179 229 181
f 225 189 179
f 189 229 179
f 225 179 217
f 226 182 180
f 182 247 180
f 224 180 190
f 180 247 190
f 226 180 224
f 217 181 219
f 218 182 226
f 184 183 186
f 184 195 183
f 186 183 185
f 196 195 184
f 223 187 189
f 187 229 189
f 197 229 187
f 233 197 187
f 235 187 223
f 233 187 235
f 236 190 188
f 190 247 188
f 188 247 198
f 258 188 198
f 236 188 234
f 234 188 258
f 223 189 225
f 224 190 236
f 193 191 192
f 194 191 193
f 194 201 191
f 193 192 196
f 196 192 195
f 202 201 194
f 203 229 197
f 254 203 197
f 257 197 233
f 254 197 257
f 247 204 198
f 256 198 204
f 255 198 256
f 258 198 255
f 200 199 202
f 200 207 199
f 202 199 201
f 208 207 200
f 209 229 203
f 289 209 203
f 253 203 254
f 289 203 253
f 204 247 210
f 290 204 210
f 256 204 290
f 206 205 208
f 206 213 205
f 208 205 207
f 214 213 206
f 215 229 209
f 313 215 209
f 313 209 289
f 210 287 216
f 312 210 216
f 210 247 286
f 210 286 287
f 290 210 314
f 314 210 312
f 212 211 214
f 212 219 211
f 214 211 213
f 220 219 212
f 221 229 215
f 333 221 215
f 311 215 313
f 333 215 311
f 216 273 222
f 332 216 222
f 216 287 273
f 312 216 334
f 334 216 332
f 218 217 220
f 218 225 217
f 220 217 219
f 226 225 218
f 227 229 221
f 353 227 221
f 331 221 333
f 353 221 331
f 222 274 232
f 352 222 232
f 222 273 274
f 332 222 354
f 354 222 352
f 224 223 226
f 224 235 223
f 226 223 225
f 236 235 224
f 228 229 227
f 227 250 228
f 237 249 227
f 383 237 227
f 227 249 250
f 351 227 353
f 383 227 351
f 377 229 228
f 377 228 250
f 378 230 229
f 378 229 377
f 379 231 230
f 379 230 378
f 380 251 231
f 380 231 379
f 232 274 248
f 382 232 248
f 352 232 384
f 384 232 382
f 234 233 236
f 234 257 233
f 236 233 235
f 258 257 234
f 238 239 237
f 237 279 238
f 237 239 240
f 237 240 241
f 237 241 242
f 237 242 249
f 277 278 237
f 429 277 237
f 237 278 279
f 375 237 383
f 429 237 375
f 414 239 238
f 414 238 279
f 240 239 280
f 415 280 239
f 415 239 414
f 418 241 240
f 240 280 282
f 418 240 282
f 430 242 241
f 419 241 418
f 430 241 419
f 376 249 242
f 376 242 431
f 431 242 430
f 432 244 243
f 381 243 252
f 432 243 381
f 420 245 244
f 420 244 433
f 433 244 432
f 245 246 247
f 245 285 246
f 245 271 272
f 283 271 245
f 245 272 284
f 421 283 245
f 245 284 285
f 421 245 420
f 424 247 246
f 424 246 285
f 425 286 247
f 425 247 424
f 248 274 275
f 275 309 248
f 248 309 288
f 428 248 288
f 382 248 434
f 434 248 428
f 376 250 249
f 377 250 376
f 380 252 251
f 381 252 380
f 254 415 253
f 253 414 289
f 253 415 414
f 257 415 254
f 256 378 255
f 255 378 258
f 290 378 256
f 258 378 257
f 257 377 376
f 257 376 431
f 378 377 257
f 418 415 257
f 257 419 418
f 430 419 257
f 431 430 257
f 259 260 261
f 259 304 260
f 259 261 277
f 411 259 277
f 303 304 259
f 467 303 259
f 467 259 411
f 460 261 260
f 460 260 304
f 277 261 262
f 412 262 261
f 412 261 468
f 468 261 460
f 262 278 277
f 413 278 262
f 413 262 412
f 267 263 264
f 416 264 263
f 282 263 267
f 282 281 263
f 416 263 281
f 266 264 265
f 469 265 264
f 267 264 266
f 417 264 416
f 469 264 417
f 266 265 306
f 306 265 305
f 461 305 265
f 461 265 469
f 470 267 266
f 462 266 306
f 470 266 462
f 418 282 267
f 418 267 471
f 471 267 470
f 269 299 268
f 472 269 268
f 268 270 271
f 268 308 270
f 268 271 283
f 421 268 283
f 268 299 308
f 472 268 421
f 307 299 269
f 463 307 269
f 463 269 473
f 473 269 472
f 464 271 270
f 464 270 308
f 422 272 271
f 422 271 474
f 474 271 464
f 423 284 272
f 423 272 422
f 426 274 273
f 426 273 287
f 475 275 274
f 427 274 426
f 475 274 427
f 465 309 275
f 465 275 475
f 288 300 276
f 476 288 276
f 276 300 310
f 466 276 310
f 476 276 466
f 411 277 429
f 413 279 278
f 414 279 413
f 280 281 282
f 415 281 280
f 416 281 415
f 423 285 284
f 424 285 423
f 425 287 286
f 426 287 425
f 288 309 300
f 428 288 476
f 289 414 313
f 314 378 290
f 292 293 291
f 291 324 292
f 291 293 303
f 459 291 303
f 323 324 291
f 495 323 291
f 495 291 459
f 488 293 292
f 488 292 324
f 303 293 304
f 460 304 293
f 460 293 496
f 496 293 488
f 296 294 295
f 497 295 294
f 296 305 294
f 461 294 305
f 497 294 461
f 296 295 326
f 326 295 325
f 489 325 295
f 489 295 497
f 306 305 296
f 462 306 296
f 490 296 326
f 462 296 498
f 498 296 490
f 297 298 299
f 297 328 298
f 297 299 307
f 463 297 307
f 327 320 297
f 297 320 328
f 491 327 297
f 499 297 463
f 491 297 499
f 492 299 298
f 492 298 328
f 464 308 299
f 464 299 500
f 500 299 492
f 300 301 310
f 501 301 300
f 465 300 309
f 501 300 465
f 310 301 302
f 302 301 329
f 493 329 301
f 493 301 501
f 502 310 302
f 302 329 321
f 302 321 330
f 494 302 330
f 502 302 494
f 459 303 467
f 466 310 502
f 313 413 311
f 311 413 333
f 312 378 314
f 334 378 312
f 313 414 413
f 315 316 323
f 315 344 316
f 487 315 323
f 343 344 315
f 515 343 315
f 515 315 487
f 323 316 324
f 488 324 316
f 506 316 344
f 488 316 516
f 516 316 506
f 326 317 318
f 318 317 345
f 326 325 317
f 489 317 325
f 507 345 317
f 517 317 489
f 507 317 517
f 490 326 318
f 318 345 346
f 508 318 346
f 490 318 518
f 509 318 508
f 518 318 509
f 319 320 327
f 319 348 320
f 491 319 327
f 347 348 319
f 510 347 319
f 519 319 491
f 510 319 519
f 492 328 320
f 512 320 348
f 492 320 520
f 520 320 512
f 330 321 322
f 322 321 350
f 493 321 329
f 350 321 349
f 513 349 321
f 521 321 493
f 513 321 521
f 522 330 322
f 514 322 350
f 522 322 514
f 487 323 495
f 494 330 522
f 333 413 331
f 331 413 353
f 332 378 334
f 354 378 332
f 335 336 343
f 335 368 336
f 505 335 343
f 367 368 335
f 533 367 335
f 533 335 505
f 343 336 344
f 506 344 336
f 526 336 368
f 506 336 534
f 534 336 526
f 338 345 337
f 338 337 370
f 507 337 345
f 370 337 369
f 527 369 337
f 535 337 507
f 527 337 535
f 346 345 338
f 509 346 338
f 528 338 370
f 509 338 536
f 536 338 528
f 339 340 348
f 371 340 339
f 339 348 347
f 511 339 347
f 529 371 339
f 510 339 511
f 537 339 510
f 529 339 537
f 512 348 340
f 361 340 371
f 361 372 340
f 530 340 372
f 512 340 538
f 538 340 530
f 350 341 342
f 342 341 374
f 350 349 341
f 513 341 349
f 341 373 366
f 374 341 366
f 531 373 341
f 539 341 513
f 531 341 539
f 540 350 342
f 532 342 374
f 540 342 532
f 505 343 515
f 508 346 509
f 511 347 510
f 514 350 540
f 353 468 351
f 351 468 383
f 352 378 354
f 384 378 352
f 353 413 412
f 353 412 468
f 355 357 367
f 355 404 357
f 525 355 367
f 403 404 355
f 551 403 355
f 551 355 525
f 367 357 356
f 552 356 357
f 356 368 367
f 526 368 356
f 526 356 552
f 544 357 404
f 552 357 544
f 360 359 358
f 527 358 359
f 360 358 405
f 545 405 358
f 553 358 527
f 545 358 553
f 370 359 360
f 370 369 359
f 527 359 369
f 528 370 360
f 360 405 406
f 546 360 406
f 528 360 554
f 554 360 546
f 361 363 362
f 361 362 372
f 407 363 361
f 529 361 371
f 547 407 361
f 555 361 529
f 547 361 555
f 556 362 363
f 530 372 362
f 530 362 556
f 394 363 395
f 394 408 363
f 395 363 407
f 548 363 408
f 556 363 548
f 410 365 364
f 531 364 365
f 410 364 402
f 402 364 458
f 364 409 458
f 549 409 364
f 557 364 531
f 549 364 557
f 366 373 365
f 366 365 410
f 531 365 373
f 558 374 366
f 550 366 410
f 558 366 550
f 525 367 533
f 532 374 558
f 383 468 375
f 375 460 429
f 375 468 460
f 384 379 378
f 384 380 379
f 425 381 380
f 425 380 384
f 425 432 381
f 382 475 384
f 434 465 382
f 382 465 475
f 384 426 425
f 384 427 426
f 475 427 384
f 388 387 385
f 385 387 403
f 385 448 388
f 543 385 403
f 447 448 385
f 579 447 385
f 579 385 543
f 403 387 386
f 580 386 387
f 403 386 404
f 544 404 386
f 544 386 580
f 563 387 388
f 562 387 563
f 580 387 562
f 563 388 448
f 393 390 389
f 567 389 390
f 389 451 393
f 566 451 389
f 566 389 567
f 392 391 390
f 545 390 391
f 392 390 393
f 581 390 545
f 567 390 581
f 406 391 392
f 406 405 391
f 545 391 405
f 583 392 393
f 546 406 392
f 546 392 582
f 582 392 583
f 393 451 452
f 568 393 452
f 583 393 568
f 585 394 395
f 394 397 396
f 394 396 408
f 453 397 394
f 571 453 394
f 571 394 584
f 584 394 585
f 547 395 407
f 585 395 547
f 586 396 397
f 548 408 396
f 548 396 586
f 443 398 397
f 573 397 398
f 443 397 453
f 572 397 573
f 586 397 572
f 454 398 443
f 573 398 454
f 482 400 399
f 577 399 400
f 482 399 457
f 576 457 399
f 576 399 577
f 446 401 400
f 549 400 401
f 446 400 482
f 587 400 549
f 577 400 587
f 409 401 446
f 549 401 409
f 588 410 402
f 578 402 458
f 588 402 578
f 543 403 551
f 458 409 446
f 550 410 588
f 429 460 411
f 460 496 411
f 411 496 467
f 418 416 415
f 418 417 416
f 418 469 417
f 471 469 418
f 425 421 420
f 420 433 425
f 421 423 422
f 421 422 474
f 424 423 421
f 424 421 425
f 421 464 472
f 421 474 464
f 433 432 425
f 428 465 434
f 428 501 465
f 476 501 428
f 436 435 439
f 435 436 447
f 440 439 435
f 483 440 435
f 561 435 447
f 477 478 435
f 591 477 435
f 435 478 484
f 435 484 483
f 599 435 561
f 591 435 599
f 436 439 437
f 565 436 437
f 436 449 447
f 564 449 436
f 564 436 565
f 439 438 437
f 452 437 438
f 452 450 437
f 565 437 450
f 569 438 439
f 568 452 438
f 568 438 569
f 601 439 440
f 569 439 600
f 600 439 601
f 592 440 483
f 601 440 592
f 442 441 445
f 603 441 442
f 441 486 445
f 597 486 441
f 597 441 602
f 602 441 603
f 445 443 442
f 571 442 443
f 570 442 571
f 603 442 570
f 444 443 445
f 444 455 443
f 571 443 453
f 455 454 443
f 575 444 445
f 574 455 444
f 574 444 575
f 482 456 445
f 575 445 456
f 445 481 482
f 445 485 481
f 445 486 485
f 604 458 446
f 610 446 482
f 604 446 598
f 598 446 610
f 449 448 447
f 561 447 579
f 564 448 449
f 563 448 564
f 451 450 452
f 566 450 451
f 565 450 566
f 574 454 455
f 573 454 574
f 482 457 456
f 576 456 457
f 575 456 576
f 578 458 604
f 467 496 459
f 459 488 495
f 496 488 459
f 462 461 470
f 462 497 461
f 470 461 469
f 498 497 462
f 473 464 463
f 463 464 500
f 463 500 499
f 472 464 473
f 466 501 476
f 466 493 501
f 502 493 466
f 470 469 471
f 503 478 477
f 607 503 477
f 609 477 591
f 607 477 609
f 594 478 479
f 760 479 478
f 593 484 478
f 523 478 503
f 541 478 523
f 559 478 541
f 589 478 559
f 605 478 589
f 593 478 594
f 613 478 605
f 611 478 613
f 621 478 611
f 619 478 621
f 627 478 619
f 628 478 627
f 635 478 628
f 643 478 635
f 641 478 643
f 649 478 641
f 657 478 649
f 655 478 657
f 663 478 655
f 664 478 663
f 671 478 664
f 672 478 671
f 681 478 672
f 679 478 681
f 691 478 679
f 688 478 687
f 687 478 691
f 703 478 688
f 700 478 699
f 699 478 703
f 709 478 700
f 710 478 709
f 723 478 710
f 720 478 719
f 719 478 723
f 735 478 720
f 730 478 729
f 729 478 735
f 731 478 730
f 749 478 731
f 744 478 743
f 743 478 749
f 745 478 744
f 767 478 745
f 756 478 755
f 755 478 767
f 757 478 756
f 758 478 757
f 759 478 758
f 760 478 759
f 482 480 479
f 595 479 480
f 482 479 504
f 504 479 524
f 524 479 542
f 542 479 560
f 560 479 590
f 590 479 606
f 594 479 595
f 606 479 614
f 614 479 612
f 612 479 622
f 622 479 620
f 620 479 630
f 630 479 629
f 629 479 636
f 636 479 644
f 644 479 642
f 642 479 650
f 650 479 658
f 658 479 656
f 656 479 666
f 666 479 665
f 665 479 674
f 674 479 673
f 673 479 682
f 682 479 680
f 680 479 692
f 690 479 689
f 689 479 704
f 692 479 690
f 702 479 701
f 701 479 712
f 704 479 702
f 712 479 711
f 711 479 724
f 722 479 721
f 721 479 736
f 724 479 722
f 733 479 732
f 732 479 750
f 734 479 733
f 736 479 734
f 747 479 746
f 746 479 768
f 748 479 747
f 750 479 748
f 785 479 760
f 762 479 761
f 761 479 786
f 763 479 762
f 764 479 763
f 765 479 764
f 766 479 765
f 768 479 766
f 776 479 775
f 775 479 785
f 777 479 776
f 778 479 777
f 779 479 778
f 780 479 779
f 781 479 780
f 782 479 781
f 783 479 782
f 784 479 783
f 786 479 784
f 482 481 480
f 596 480 481
f 595 480 596
f 596 481 485
f 618 482 504
f 610 482 608
f 608 482 618
f 593 483 484
f 592 483 593
f 597 485 486
f 596 485 597
f 495 488 487
f 487 488 516
f 487 516 515
f 490 489 498
f 490 517 489
f 498 489 497
f 518 517 490
f 499 492 491
f 491 492 520
f 491 520 519
f 499 500 492
f 494 493 502
f 494 521 493
f 522 521 494
f 615 523 503
f 617 503 607
f 615 503 617
f 626 504 524
f 618 504 616
f 616 504 626
f 515 506 505
f 505 506 533
f 515 516 506
f 506 534 533
f 507 509 508
f 509 507 518
f 507 509 536
f 518 507 517
f 507 536 535
f 510 512 511
f 519 512 510
f 510 512 537
f 519 520 512
f 537 512 538
f 514 513 522
f 540 513 514
f 513 521 522
f 540 539 513
f 623 541 523
f 625 523 615
f 623 523 625
f 634 524 542
f 626 524 624
f 624 524 634
f 525 534 526
f 525 526 551
f 533 534 525
f 551 526 543
f 543 526 552
f 535 528 527
f 527 528 554
f 527 554 553
f 535 536 528
f 529 538 530
f 529 530 555
f 537 538 529
f 555 530 556
f 532 531 539
f 558 531 532
f 557 531 550
f 550 531 558
f 532 539 540
f 631 559 541
f 633 541 623
f 631 541 633
f 632 542 560
f 634 542 632
f 543 552 579
f 561 552 544
f 561 544 599
f 591 544 580
f 599 544 591
f 553 546 545
f 545 546 582
f 545 582 581
f 553 554 546
f 547 556 548
f 547 548 585
f 555 556 547
f 584 548 571
f 571 548 586
f 585 548 584
f 549 557 578
f 604 549 578
f 598 587 549
f 598 549 604
f 588 557 550
f 579 552 561
f 578 557 588
f 637 589 559
f 637 559 631
f 639 560 590
f 632 560 640
f 640 560 639
f 609 562 563
f 580 562 609
f 609 563 564
f 609 564 565
f 566 568 565
f 565 568 569
f 565 569 600
f 592 593 565
f 601 592 565
f 565 593 609
f 565 600 601
f 567 568 566
f 567 583 568
f 581 583 567
f 752 570 571
f 773 603 570
f 774 570 752
f 773 570 774
f 571 572 573
f 586 572 571
f 571 573 574
f 571 574 575
f 718 571 575
f 715 571 716
f 728 571 715
f 716 571 718
f 726 571 728
f 742 571 726
f 738 571 741
f 754 571 738
f 741 571 742
f 752 571 754
f 634 575 576
f 632 575 634
f 640 575 632
f 575 640 639
f 575 639 648
f 646 575 648
f 654 575 646
f 652 575 654
f 662 575 652
f 660 575 662
f 670 575 660
f 668 575 670
f 678 575 668
f 676 575 678
f 686 575 676
f 684 575 686
f 698 575 684
f 695 575 696
f 708 575 695
f 696 575 698
f 706 575 708
f 718 575 706
f 618 576 577
f 616 576 618
f 626 576 616
f 624 576 626
f 634 576 624
f 618 577 587
f 591 580 609
f 581 582 583
f 610 587 598
f 608 587 610
f 618 587 608
f 647 605 589
f 638 589 637
f 647 589 638
f 646 590 606
f 639 590 648
f 648 590 646
f 593 594 609
f 833 594 595
f 609 594 607
f 607 594 617
f 617 594 615
f 615 594 625
f 625 594 623
f 623 594 633
f 633 594 631
f 631 594 637
f 637 594 638
f 638 594 647
f 647 594 645
f 645 594 653
f 653 594 651
f 651 594 661
f 661 594 659
f 659 594 669
f 669 594 667
f 667 594 677
f 677 594 675
f 675 594 685
f 685 594 683
f 683 594 697
f 693 594 694
f 697 594 693
f 694 594 707
f 707 594 705
f 705 594 717
f 713 594 714
f 717 594 713
f 714 594 727
f 727 594 725
f 725 594 739
f 740 594 737
f 737 594 753
f 739 594 740
f 753 594 751
f 751 594 771
f 772 594 769
f 769 594 791
f 771 594 772
f 787 594 788
f 791 594 787
f 788 594 797
f 793 594 794
f 797 594 793
f 794 594 803
f 799 594 800
f 803 594 799
f 800 594 811
f 805 594 806
f 812 594 805
f 806 594 807
f 807 594 821
f 811 594 812
f 815 594 816
f 822 594 815
f 816 594 817
f 817 594 841
f 821 594 822
f 825 594 826
f 843 594 825
f 826 594 827
f 827 594 828
f 828 594 829
f 829 594 830
f 830 594 831
f 831 594 832
f 832 594 833
f 841 594 842
f 842 594 843
f 839 595 596
f 833 595 834
f 834 595 835
f 835 595 836
f 836 595 837
f 837 595 838
f 838 595 839
f 823 596 597
f 818 596 819
f 846 596 818
f 819 596 820
f 820 596 823
f 839 596 840
f 840 596 844
f 844 596 845
f 845 596 846
f 802 597 602
f 801 597 802
f 814 597 801
f 808 597 809
f 824 597 808
f 809 597 810
f 810 597 813
f 813 597 814
f 823 597 824
f 795 602 603
f 804 602 795
f 802 602 804
f 770 603 773
f 792 603 770
f 789 603 790
f 798 603 789
f 790 603 792
f 795 603 796
f 796 603 798
f 653 613 605
f 645 605 647
f 653 605 645
f 652 606 614
f 646 606 654
f 654 606 652
f 651 611 613
f 661 621 611
f 661 611 651
f 662 614 612
f 660 612 622
f 662 612 660
f 651 613 653
f 652 614 662
f 659 619 621
f 667 627 619
f 669 619 659
f 667 619 669
f 670 622 620
f 668 620 630
f 670 620 668
f 659 621 661
f 660 622 670
f 667 628 627
f 677 635 628
f 677 628 667
f 678 630 629
f 676 629 636
f 678 629 676
f 668 630 678
f 685 643 635
f 675 635 677
f 685 635 675
f 684 636 644
f 676 636 686
f 686 636 684
f 683 641 643
f 693 649 641
f 697 641 683
f 693 641 697
f 698 644 642
f 695 642 650
f 696 642 695
f 698 642 696
f 683 643 685
f 684 644 698
f 707 657 649
f 694 649 693
f 707 649 694
f 706 650 658
f 695 650 708
f 708 650 706
f 705 655 657
f 713 663 655
f 717 655 705
f 713 655 717
f 718 658 656
f 715 656 666
f 716 656 715
f 718 656 716
f 705 657 707
f 706 658 718
f 727 664 663
f 714 663 713
f 727 663 714
f 725 671 664
f 725 664 727
f 726 666 665
f 742 665 674
f 726 665 742
f 715 666 728
f 728 666 726
f 739 672 671
f 739 671 725
f 740 681 672
f 740 672 739
f 741 674 673
f 738 673 682
f 741 673 738
f 742 674 741
f 737 679 681
f 753 691 679
f 753 679 737
f 754 682 680
f 752 680 692
f 754 680 752
f 737 681 740
f 738 682 754
f 771 688 687
f 751 687 691
f 771 687 751
f 772 703 688
f 772 688 771
f 773 690 689
f 770 689 704
f 773 689 770
f 774 692 690
f 774 690 773
f 751 691 753
f 752 692 774
f 791 700 699
f 769 699 703
f 791 699 769
f 787 709 700
f 787 700 791
f 790 702 701
f 789 701 712
f 790 701 789
f 792 704 702
f 792 702 790
f 769 703 772
f 770 704 792
f 797 710 709
f 788 709 787
f 797 709 788
f 793 723 710
f 793 710 797
f 796 712 711
f 796 711 724
f 789 712 798
f 798 712 796
f 803 720 719
f 793 719 723
f 794 719 793
f 803 719 794
f 799 735 720
f 799 720 803
f 804 722 721
f 801 721 736
f 802 721 801
f 804 721 802
f 795 724 722
f 795 722 804
f 796 724 795
f 800 730 729
f 800 729 735
f 811 731 730
f 811 730 800
f 805 749 731
f 805 731 812
f 812 731 811
f 813 733 732
f 809 732 750
f 810 732 809
f 813 732 810
f 814 734 733
f 814 733 813
f 801 736 734
f 801 734 814
f 800 735 799
f 821 744 743
f 806 743 749
f 807 743 806
f 821 743 807
f 815 745 744
f 815 744 822
f 822 744 821
f 816 767 745
f 816 745 815
f 819 747 746
f 818 746 768
f 819 746 818
f 823 748 747
f 820 747 819
f 823 747 820
f 808 750 748
f 808 748 824
f 824 748 823
f 806 749 805
f 809 750 808
f 817 756 755
f 817 755 767
f 841 757 756
f 841 756 817
f 842 758 757
f 842 757 841
f 843 759 758
f 843 758 842
f 825 760 759
f 825 759 843
f 826 785 760
f 826 760 825
f 839 762 761
f 838 761 786
f 839 761 838
f 840 763 762
f 840 762 839
f 844 764 763
f 844 763 840
f 845 765 764
f 845 764 844
f 846 766 765
f 846 765 845
f 818 768 766
f 818 766 846
f 817 767 816
f 828 776 775
f 827 775 785
f 828 775 827
f 829 777 776
f 829 776 828
f 830 778 777
f 830 777 829
f 831 779 778
f 831 778 830
f 832 780 779
f 832 779 831
f 833 781 780
f 833 780 832
f 834 782 781
f 834 781 833
f 835 783 782
f 835 782 834
f 836 784 783
f 836 783 835
f 837 786 784
f 837 784 836
f 827 785 826
f 838 786 837
f 1073 848 847
f 848 1085 847
f 1072 847 862
f 847 1084 862
f 1073 847 1072
f 847 1085 1084
f 1074 851 848
f 851 1085 848
f 1074 848 1073
f 849 1077 850
f 850 1089 849
f 854 1077 849
f 849 1088 854
f 849 1089 1088
f 850 1078 863
f 863 1090 850
f 850 1077 1078
f 850 1090 1089
f 1074 852 851
f 852 1086 851
f 851 1086 1085
f 1075 853 852
f 853 1087 852
f 1075 852 1074
f 852 1087 1086
f 853 1076 854
f 854 1088 853
f 1076 853 1075
f 853 1088 1087
f 854 1076 1077
f 1061 856 855
f 856 1096 855
f 1061 855 870
f 855 1095 870
f 855 1096 1095
f 1062 859 856
f 859 1096 856
f 1062 856 1061
f 857 1065 858
f 858 1100 857
f 866 1065 857
f 857 1099 866
f 857 1100 1099
f 858 1066 871
f 871 1100 858
f 858 1065 1066
f 1062 860 859
f 860 1097 859
f 859 1097 1096
f 1063 861 860
f 861 1082 860
f 1063 860 1062
f 860 1082 1103
f 860 1103 1097
f 1071 862 861
f 862 1083 861
f 1059 861 1063
f 1071 861 1059
f 861 1083 1082
f 1072 862 1071
f 862 1084 1083
f 863 1079 864
f 864 1091 863
f 863 1078 1079
f 863 1091 1090
f 864 1060 865
f 865 1104 864
f 864 1080 1060
f 864 1079 1080
f 864 1104 1091
f 865 1064 866
f 866 1099 865
f 865 1060 1064
f 865 1099 1098
f 865 1098 1104
f 866 1064 1065
f 1051 869 867
f 869 1108 867
f 1051 867 876
f 867 1107 876
f 867 1108 1107
f 872 1053 868
f 868 1110 872
f 868 1054 877
f 877 1110 868
f 868 1053 1054
f 1049 870 869
f 870 1095 869
f 1049 869 1052
f 1052 869 1051
f 869 1095 1094
f 869 1094 1114
f 869 1114 1108
f 1061 870 1049
f 871 1066 872
f 872 1101 871
f 871 1101 1100
f 872 1050 1053
f 872 1066 1050
f 872 1115 1101
f 872 1110 1109
f 872 1109 1115
f 1043 875 873
f 875 1119 873
f 1043 873 880
f 873 1118 880
f 873 1119 1118
f 878 1045 874
f 874 1121 878
f 874 1046 881
f 881 1121 874
f 874 1045 1046
f 1041 876 875
f 876 1107 875
f 1041 875 1044
f 1044 875 1043
f 875 1107 1106
f 875 1106 1124
f 875 1124 1119
f 1051 876 1041
f 877 1054 878
f 878 1111 877
f 877 1111 1110
f 878 1042 1045
f 878 1054 1042
f 878 1125 1111
f 878 1121 1120
f 878 1120 1125
f 1035 880 879
f 880 1129 879
f 1035 879 886
f 879 1128 886
f 879 1129 1128
f 1033 880 1036
f 1043 880 1033
f 1036 880 1035
f 880 1118 1133
f 880 1133 1129
f 881 1037 882
f 882 1131 881
f 881 1034 1037
f 881 1046 1034
f 881 1134 1121
f 881 1131 1130
f 881 1130 1134
f 882 1038 887
f 887 1131 882
f 882 1037 1038
f 1025 885 883
f 885 1137 883
f 1025 883 892
f 883 1137 892
f 888 1028 884
f 884 1138 888
f 884 1028 893
f 893 1138 884
f 1025 886 885
f 886 1141 885
f 885 1141 1137
f 1023 886 1026
f 1035 886 1023
f 1026 886 1025
f 886 1128 1141
f 887 1027 888
f 888 1138 887
f 887 1024 1027
f 887 1038 1024
f 887 1142 1131
f 887 1138 1142
f 888 1027 1028
f 1017 891 889
f 891 1144 889
f 1017 889 913
f 889 1144 913
f 894 1020 890
f 890 1147 894
f 890 1020 914
f 914 1147 890
f 1017 892 891
f 892 1145 891
f 891 1145 1144
f 1015 892 1018
f 1025 892 1015
f 1018 892 1017
f 892 1137 1149
f 892 1149 1145
f 893 1019 894
f 894 1147 893
f 893 1016 1019
f 893 1028 1016
f 893 1150 1138
f 893 1147 1146
f 893 1146 1150
f 894 1019 1020
f 895 1087 896
f 896 1154 895
f 925 1086 895
f 895 1153 925
f 1086 1087 895
f 895 1154 1153
f 896 1088 897
f 897 1155 896
f 896 1087 1088
f 896 1155 1154
f 897 1089 898
f 898 1161 897
f 897 1088 1089
f 897 1161 1155
f 898 1090 899
f 899 1162 898
f 898 1089 1090
f 898 1162 1161
f 899 1091 900
f 900 1163 899
f 899 1090 1091
f 899 1163 1162
f 900 1098 901
f 901 1164 900
f 900 1091 1104
f 1104 1098 900
f 900 1164 1163
f 901 1099 902
f 902 1165 901
f 901 1098 1099
f 901 1165 1164
f 902 1100 903
f 903 1166 902
f 902 1099 1100
f 902 1166 1165
f 903 1109 904
f 904 1167 903
f 903 1100 1101
f 903 1101 1115
f 903 1115 1109
f 903 1167 1166
f 904 1110 905
f 905 1168 904
f 904 1109 1110
f 904 1168 1167
f 905 1120 906
f 906 1169 905
f 1110 1111 905
f 905 1111 1125
f 905 1125 1120
f 905 1169 1168
f 906 1121 907
f 907 1170 906
f 906 1120 1121
f 906 1170 1169
f 907 1142 908
f 908 1156 907
f 907 1121 1134
f 1130 1131 907
f 907 1134 1130
f 907 1131 1142
f 907 1156 1170
f 908 1138 909
f 909 1157 908
f 908 1142 1138
f 908 1157 1156
f 910 1158 909
f 909 1175 910
f 909 1138 1150
f 909 1146 1147
f 1150 1146 909
f 909 1147 1174
f 909 1158 1157
f 1174 1175 909
f 926 1159 910
f 910 1203 926
f 910 1159 1158
f 910 1175 1192
f 910 1192 1189
f 1189 1206 910
f 910 1206 1203
f 1009 913 911
f 913 1173 911
f 1009 911 928
f 911 1173 928
f 914 1010 912
f 912 1174 914
f 912 1010 929
f 929 1174 912
f 1007 913 1009
f 1017 913 1007
f 913 1144 1173
f 914 1008 1010
f 914 1020 1008
f 914 1174 1147
f 915 1082 916
f 916 1183 915
f 939 1082 915
f 915 1179 939
f 915 1183 1179
f 916 1084 917
f 917 1184 916
f 916 1082 1083
f 1083 1084 916
f 916 1184 1183
f 917 1084 918
f 918 1151 917
f 917 1151 1184
f 918 1085 919
f 919 1152 918
f 918 1084 1085
f 918 1152 1151
f 919 1086 925
f 925 1152 919
f 1085 1086 919
f 921 1160 920
f 920 1227 921
f 920 1159 926
f 926 1227 920
f 920 1160 1159
f 922 1185 921
f 921 1227 922
f 921 1185 1160
f 923 1186 922
f 922 1227 923
f 922 1186 1185
f 924 1180 923
f 923 1227 924
f 923 1180 1186
f 940 1181 924
f 924 1227 940
f 924 1181 1180
f 925 1153 1152
f 926 1203 1216
f 1216 1227 926
f 999 928 927
f 928 1173 927
f 1001 927 943
f 927 1188 943
f 999 927 1001
f 927 1173 1172
f 927 1172 1191
f 927 1191 1188
f 1009 928 999
f 929 1010 930
f 930 1175 929
f 929 1175 1174
f 930 1002 944
f 944 1189 930
f 930 1000 1002
f 930 1010 1000
f 930 1192 1175
f 930 1189 1192
f 931 1114 932
f 932 1197 931
f 947 1108 931
f 931 1194 947
f 931 1108 1114
f 931 1197 1194
f 932 1095 933
f 933 1198 932
f 932 1094 1095
f 932 1114 1094
f 932 1198 1197
f 933 1096 934
f 934 1178 933
f 1095 1096 933
f 933 1178 1177
f 933 1177 1198
f 934 1097 939
f 939 1178 934
f 934 1096 1097
f 936 1182 935
f 935 1227 936
f 935 1181 940
f 940 1227 935
f 935 1182 1181
f 937 1200 936
f 936 1227 937
f 936 1199 1182
f 936 1200 1199
f 938 1195 937
f 937 1227 938
f 937 1195 1200
f 948 1195 938
f 938 1227 948
f 939 1103 1082
f 939 1097 1103
f 939 1179 1178
f 991 943 941
f 943 1202 941
f 991 941 953
f 941 1202 953
f 944 992 942
f 942 1203 944
f 942 992 954
f 954 1203 942
f 989 943 991
f 1001 943 989
f 943 1188 1205
f 943 1205 1202
f 944 990 992
f 944 1002 990
f 944 1206 1189
f 944 1203 1206
f 945 1106 946
f 946 1193 945
f 960 1118 945
f 945 1208 960
f 1124 1106 945
f 945 1118 1119
f 945 1119 1124
f 945 1193 1212
f 945 1212 1208
f 946 1107 947
f 947 1194 946
f 946 1106 1107
f 946 1194 1193
f 947 1107 1108
f 949 1196 948
f 948 1227 949
f 948 1196 1195
f 950 1213 949
f 949 1227 950
f 949 1213 1196
f 961 1210 950
f 950 1227 961
f 950 1210 1209
f 950 1209 1213
f 983 953 951
f 953 1215 951
f 983 951 964
f 951 1215 964
f 954 984 952
f 952 1216 954
f 952 984 965
f 965 1216 952
f 981 953 983
f 991 953 981
f 953 1202 1215
f 954 982 984
f 954 992 982
f 954 1216 1203
f 955 1137 956
f 956 1222 955
f 970 1137 955
f 955 1219 970
f 955 1222 1219
f 956 1128 957
f 957 1207 956
f 956 1141 1128
f 956 1137 1141
f 956 1207 1222
f 957 1129 960
f 960 1207 957
f 1128 1129 957
f 959 1220 958
f 958 1227 959
f 958 1211 961
f 961 1227 958
f 958 1223 1211
f 958 1220 1223
f 971 1220 959
f 959 1227 971
f 960 1133 1118
f 960 1129 1133
f 960 1208 1207
f 961 1211 1210
f 975 964 962
f 964 1226 962
f 975 962 974
f 962 1226 974
f 965 976 963
f 963 1227 965
f 976 1227 963
f 972 964 975
f 983 964 972
f 964 1215 1226
f 965 973 976
f 965 984 973
f 965 1227 1216
f 966 1188 967
f 967 1234 966
f 978 1226 966
f 966 1231 978
f 966 1205 1188
f 966 1202 1205
f 966 1215 1202
f 1226 1215 966
f 966 1234 1231
f 967 1144 970
f 970 1219 967
f 967 1173 1144
f 1172 1173 967
f 967 1191 1172
f 967 1188 1191
f 967 1219 1218
f 967 1218 1234
f 968 1227 969
f 969 1232 968
f 968 1221 971
f 971 1227 968
f 968 1235 1221
f 968 1232 1235
f 969 1227 979
f 979 1233 969
f 969 1233 1232
f 970 1149 1137
f 970 1144 1145
f 1145 1149 970
f 971 1221 1220
f 975 1237 972
f 972 1237 983
f 973 1238 976
f 984 1238 973
f 974 1225 975
f 974 1226 1225
f 975 1225 1226
f 975 1226 1237
f 976 1238 1227
f 978 1242 977
f 1508 978 977
f 977 1240 987
f 1508 977 987
f 977 1242 1240
f 978 1225 1226
f 1518 1225 978
f 978 1231 1230
f 978 1230 1242
f 1524 978 1508
f 1518 978 1524
f 979 1227 980
f 980 1241 979
f 979 1243 1233
f 979 1241 1243
f 980 1227 988
f 988 1241 980
f 983 1245 981
f 981 1245 991
f 982 1246 984
f 992 1246 982
f 983 1237 1245
f 984 1246 1238
f 987 1240 985
f 1510 987 985
f 985 1250 997
f 1496 985 997
f 985 1240 1250
f 1497 985 1496
f 1510 985 1497
f 988 1227 986
f 986 1251 988
f 986 1227 998
f 998 1249 986
f 986 1249 1251
f 1508 987 1510
f 988 1251 1241
f 991 1253 989
f 989 1253 1001
f 990 1254 992
f 1002 1254 990
f 991 1245 1256
f 991 1256 1253
f 992 1257 1246
f 992 1254 1257
f 994 1260 993
f 1486 994 993
f 993 1258 1005
f 1486 993 1005
f 993 1260 1258
f 997 1248 994
f 1500 997 994
f 994 1248 1260
f 1500 994 1486
f 996 1259 995
f 995 1501 996
f 998 1227 995
f 995 1261 998
f 995 1227 1501
f 995 1259 1261
f 1006 1259 996
f 996 1487 1006
f 996 1501 1487
f 997 1250 1248
f 1496 997 1500
f 998 1261 1249
f 1001 1263 999
f 999 1263 1009
f 1000 1266 1002
f 1010 1265 1000
f 1000 1265 1266
f 1001 1253 1268
f 1001 1268 1263
f 1002 1269 1254
f 1002 1266 1269
f 1005 1258 1003
f 1488 1005 1003
f 1003 1271 1012
f 1476 1003 1012
f 1003 1258 1274
f 1003 1274 1271
f 1477 1003 1476
f 1488 1003 1477
f 1004 1275 1006
f 1006 1487 1004
f 1013 1273 1004
f 1004 1478 1013
f 1004 1273 1272
f 1004 1272 1275
f 1004 1489 1478
f 1004 1487 1489
f 1486 1005 1488
f 1006 1275 1259
f 1009 1277 1007
f 1007 1277 1017
f 1008 1278 1010
f 1020 1278 1008
f 1009 1263 1264
f 1009 1264 1277
f 1010 1278 1265
f 1012 1282 1011
f 1466 1012 1011
f 1011 1280 1021
f 1466 1011 1021
f 1011 1282 1280
f 1012 1271 1270
f 1012 1270 1282
f 1467 1012 1466
f 1476 1012 1467
f 1014 1281 1013
f 1013 1468 1014
f 1013 1283 1273
f 1013 1281 1283
f 1013 1479 1468
f 1013 1478 1479
f 1022 1281 1014
f 1014 1469 1022
f 1014 1468 1469
f 1018 1285 1015
f 1015 1285 1025
f 1016 1286 1019
f 1028 1286 1016
f 1017 1288 1018
f 1017 1277 1288
f 1018 1288 1285
f 1019 1286 1020
f 1020 1289 1278
f 1020 1286 1289
f 1021 1292 1030
f 1454 1021 1030
f 1021 1280 1292
f 1455 1021 1454
f 1466 1021 1455
f 1031 1291 1022
f 1022 1456 1031
f 1022 1293 1281
f 1022 1291 1293
f 1022 1469 1456
f 1026 1296 1023
f 1023 1296 1035
f 1024 1297 1027
f 1038 1297 1024
f 1025 1295 1026
f 1025 1285 1300
f 1025 1300 1295
f 1026 1295 1296
f 1027 1297 1028
f 1028 1301 1286
f 1028 1297 1298
f 1028 1298 1301
f 1030 1304 1029
f 1440 1030 1029
f 1029 1302 1039
f 1440 1029 1039
f 1029 1304 1302
f 1030 1292 1290
f 1030 1290 1304
f 1441 1030 1440
f 1454 1030 1441
f 1032 1303 1031
f 1031 1442 1032
f 1031 1305 1291
f 1031 1303 1305
f 1031 1457 1442
f 1031 1456 1457
f 1040 1303 1032
f 1032 1443 1040
f 1032 1442 1443
f 1036 1308 1033
f 1033 1308 1043
f 1034 1309 1037
f 1046 1309 1034
f 1035 1307 1036
f 1035 1296 1313
f 1035 1313 1307
f 1036 1307 1308
f 1037 1309 1038
f 1038 1314 1297
f 1038 1309 1310
f 1038 1310 1314
f 1039 1317 1047
f 1424 1039 1047
f 1039 1302 1317
f 1425 1039 1424
f 1440 1039 1425
f 1048 1319 1040
f 1040 1426 1048
f 1040 1318 1303
f 1040 1319 1318
f 1040 1443 1426
f 1044 1322 1041
f 1041 1322 1051
f 1042 1325 1045
f 1054 1324 1042
f 1042 1324 1325
f 1043 1308 1044
f 1044 1308 1329
f 1044 1329 1322
f 1045 1330 1046
f 1045 1325 1330
f 1046 1330 1309
f 1047 1334 1057
f 1408 1047 1057
f 1047 1317 1316
f 1047 1316 1334
f 1424 1047 1408
f 1058 1333 1048
f 1048 1409 1058
f 1048 1335 1319
f 1048 1333 1335
f 1048 1427 1409
f 1048 1426 1427
f 1052 1337 1049
f 1049 1337 1061
f 1050 1340 1053
f 1066 1339 1050
f 1050 1339 1340
f 1051 1342 1052
f 1051 1322 1323
f 1051 1323 1342
f 1052 1342 1337
f 1053 1340 1054
f 1054 1343 1324
f 1054 1340 1343
f 1057 1332 1055
f 1410 1057 1055
f 1055 1344 1068
f 1394 1055 1068
f 1055 1332 1346
f 1055 1346 1344
f 1410 1055 1394
f 1056 1347 1058
f 1058 1409 1056
f 1069 1345 1056
f 1056 1395 1069
f 1056 1345 1347
f 1056 1411 1395
f 1056 1409 1411
f 1057 1334 1332
f 1408 1057 1410
f 1058 1347 1333
f 1063 1351 1059
f 1059 1352 1071
f 1059 1351 1352
f 1060 1359 1064
f 1080 1359 1060
f 1061 1338 1062
f 1061 1337 1338
f 1062 1350 1063
f 1062 1338 1364
f 1062 1364 1350
f 1063 1350 1351
f 1064 1360 1065
f 1064 1359 1360
f 1065 1365 1066
f 1065 1360 1361
f 1065 1361 1365
f 1066 1365 1339
f 1068 1344 1067
f 1368 1068 1067
f 1067 1366 1081
f 1368 1067 1081
f 1067 1344 1366
f 1394 1068 1368
f 1070 1367 1069
f 1069 1395 1070
f 1069 1367 1345
f 1092 1367 1070
f 1070 1369 1092
f 1070 1395 1369
f 1071 1352 1072
f 1072 1353 1073
f 1072 1352 1353
f 1073 1354 1074
f 1073 1353 1354
f 1074 1370 1075
f 1074 1354 1355
f 1074 1355 1370
f 1075 1371 1076
f 1075 1370 1371
f 1076 1372 1077
f 1076 1371 1372
f 1077 1356 1078
f 1077 1373 1356
f 1077 1372 1373
f 1078 1357 1079
f 1078 1356 1357
f 1079 1358 1080
f 1079 1357 1358
f 1080 1358 1359
f 1348 1081 1093
f 1081 1384 1093
f 1349 1081 1348
f 1368 1081 1349
f 1081 1366 1384
f 1092 1362 1102
f 1102 1383 1092
f 1092 1369 1362
f 1092 1393 1367
f 1092 1383 1393
f 1336 1093 1113
f 1093 1402 1113
f 1348 1093 1336
f 1093 1384 1374
f 1093 1374 1402
f 1102 1341 1116
f 1116 1401 1102
f 1102 1363 1341
f 1102 1362 1363
f 1102 1407 1383
f 1102 1401 1407
f 1321 1113 1105
f 1113 1396 1105
f 1320 1105 1123
f 1105 1418 1123
f 1321 1105 1320
f 1105 1396 1418
f 1116 1341 1112
f 1112 1423 1116
f 1112 1326 1126
f 1126 1417 1112
f 1112 1341 1326
f 1112 1417 1423
f 1336 1113 1321
f 1113 1402 1396
f 1116 1423 1401
f 1328 1123 1117
f 1123 1412 1117
f 1312 1117 1127
f 1117 1428 1127
f 1306 1117 1312
f 1328 1117 1306
f 1117 1412 1434
f 1117 1434 1428
f 1126 1327 1122
f 1122 1439 1126
f 1122 1311 1132
f 1132 1453 1122
f 1122 1331 1311
f 1122 1327 1331
f 1122 1433 1439
f 1122 1453 1433
f 1320 1123 1328
f 1123 1418 1412
f 1126 1326 1327
f 1126 1439 1417
f 1294 1127 1136
f 1127 1444 1136
f 1312 1127 1294
f 1127 1428 1450
f 1127 1450 1444
f 1132 1299 1139
f 1139 1465 1132
f 1132 1315 1299
f 1132 1311 1315
f 1132 1449 1453
f 1132 1465 1449
f 1284 1136 1135
f 1136 1462 1135
f 1284 1135 1143
f 1135 1458 1143
f 1135 1462 1458
f 1294 1136 1284
f 1136 1444 1462
f 1139 1299 1140
f 1140 1461 1139
f 1139 1461 1465
f 1140 1287 1148
f 1148 1461 1140
f 1140 1299 1287
f 1276 1143 1171
f 1143 1470 1171
f 1284 1143 1276
f 1143 1458 1470
f 1148 1279 1176
f 1176 1473 1148
f 1148 1287 1279
f 1148 1473 1461
f 1152 1387 1151
f 1151 1386 1184
f 1151 1387 1386
f 1153 1388 1152
f 1152 1388 1387
f 1154 1389 1153
f 1153 1389 1388
f 1155 1390 1154
f 1154 1390 1389
f 1161 1391 1155
f 1155 1391 1390
f 1157 1460 1156
f 1156 1447 1170
f 1156 1448 1447
f 1464 1448 1156
f 1156 1460 1464
f 1158 1482 1157
f 1475 1460 1157
f 1157 1472 1475
f 1485 1472 1157
f 1157 1482 1485
f 1159 1507 1158
f 1495 1482 1158
f 1158 1492 1495
f 1158 1507 1492
f 1848 1159 1160
f 1159 1504 1507
f 1159 1517 1504
f 1159 1514 1517
f 1159 1533 1514
f 1529 1533 1159
f 1876 1529 1159
f 1847 1159 1848
f 1876 1159 1847
f 1849 1160 1185
f 1848 1160 1849
f 1162 1379 1161
f 1161 1379 1392
f 1161 1392 1391
f 1163 1380 1162
f 1380 1379 1162
f 1164 1381 1163
f 1163 1381 1380
f 1165 1405 1164
f 1382 1381 1164
f 1164 1405 1382
f 1166 1399 1165
f 1165 1399 1406
f 1406 1405 1165
f 1167 1400 1166
f 1166 1400 1399
f 1168 1422 1167
f 1421 1400 1167
f 1167 1422 1421
f 1169 1437 1168
f 1168 1416 1415
f 1415 1422 1168
f 1168 1437 1416
f 1170 1431 1169
f 1169 1431 1438
f 1438 1437 1169
f 1170 1432 1431
f 1170 1452 1432
f 1447 1452 1170
f 1262 1171 1187
f 1171 1480 1187
f 1276 1171 1262
f 1171 1470 1480
f 1176 1267 1190
f 1190 1483 1176
f 1176 1279 1267
f 1176 1483 1473
f 1178 1375 1177
f 1177 1404 1198
f 1177 1375 1404
f 1179 1377 1178
f 1376 1375 1178
f 1178 1377 1376
f 1183 1377 1179
f 1854 1180 1181
f 1853 1186 1180
f 1853 1180 1854
f 1833 1181 1182
f 1832 1181 1833
f 1854 1181 1832
f 1833 1182 1199
f 1184 1386 1183
f 1183 1378 1377
f 1183 1385 1378
f 1183 1386 1385
f 1850 1185 1186
f 1849 1185 1850
f 1850 1186 1853
f 1252 1187 1201
f 1187 1490 1201
f 1262 1187 1252
f 1187 1480 1490
f 1190 1255 1204
f 1204 1493 1190
f 1190 1267 1255
f 1190 1493 1483
f 1194 1419 1193
f 1193 1413 1212
f 1414 1413 1193
f 1193 1419 1414
f 1197 1397 1194
f 1194 1397 1420
f 1194 1420 1419
f 1819 1195 1196
f 1836 1200 1195
f 1836 1195 1819
f 1820 1196 1213
f 1819 1196 1820
f 1198 1398 1197
f 1197 1398 1397
f 1403 1398 1198
f 1198 1404 1403
f 1834 1199 1200
f 1833 1199 1834
f 1834 1200 1836
f 1244 1201 1214
f 1201 1502 1214
f 1252 1201 1244
f 1201 1490 1502
f 1204 1247 1217
f 1217 1505 1204
f 1204 1255 1247
f 1204 1505 1493
f 1208 1430 1207
f 1207 1451 1222
f 1207 1430 1429
f 1207 1429 1451
f 1212 1413 1208
f 1208 1413 1436
f 1435 1430 1208
f 1208 1436 1435
f 1824 1209 1210
f 1823 1213 1209
f 1823 1209 1824
f 1809 1210 1211
f 1824 1210 1809
f 1809 1211 1223
f 1820 1213 1823
f 1236 1214 1224
f 1214 1512 1224
f 1244 1214 1236
f 1214 1502 1512
f 1217 1239 1228
f 1228 1515 1217
f 1217 1247 1239
f 1217 1515 1505
f 1219 1474 1218
f 1218 1484 1234
f 1218 1474 1471
f 1218 1471 1484
f 1222 1445 1219
f 1219 1445 1463
f 1463 1459 1219
f 1459 1474 1219
f 1801 1220 1221
f 1810 1223 1220
f 1812 1220 1801
f 1810 1220 1812
f 1801 1221 1235
f 1222 1446 1445
f 1222 1451 1446
f 1809 1223 1810
f 1224 1526 1236
f 1224 1512 1526
f 1518 1226 1225
f 1518 1237 1226
f 1501 1227 1238
f 1228 1239 1229
f 1229 1531 1228
f 1228 1531 1515
f 1239 1530 1229
f 1229 1530 1531
f 1231 1532 1230
f 1230 1527 1242
f 1230 1532 1527
f 1234 1491 1231
f 1491 1506 1231
f 1231 1506 1503
f 1231 1503 1516
f 1231 1516 1513
f 1231 1513 1532
f 1795 1232 1233
f 1803 1235 1232
f 1803 1232 1795
f 1795 1233 1243
f 1234 1484 1481
f 1234 1481 1494
f 1494 1491 1234
f 1801 1235 1803
f 1236 1538 1244
f 1236 1526 1538
f 1518 1245 1237
f 1238 1246 1501
f 1247 1541 1239
f 1239 1541 1530
f 1242 1527 1240
f 1240 1527 1250
f 1797 1243 1241
f 1789 1241 1251
f 1797 1241 1789
f 1795 1243 1797
f 1244 1555 1252
f 1244 1538 1555
f 1256 1245 1518
f 1501 1246 1257
f 1255 1554 1247
f 1247 1558 1541
f 1247 1554 1558
f 1250 1527 1248
f 1248 1527 1260
f 1791 1251 1249
f 1779 1249 1261
f 1791 1249 1779
f 1789 1251 1791
f 1252 1571 1262
f 1252 1555 1551
f 1252 1551 1571
f 1518 1253 1256
f 1518 1268 1253
f 1257 1254 1501
f 1501 1254 1269
f 1267 1570 1255
f 1255 1574 1554
f 1255 1570 1574
f 1260 1527 1258
f 1258 1527 1274
f 1780 1261 1259
f 1770 1259 1275
f 1782 1259 1770
f 1780 1259 1782
f 1779 1261 1780
f 1262 1587 1276
f 1262 1571 1567
f 1262 1567 1587
f 1264 1263 1518
f 1263 1268 1518
f 1518 1277 1264
f 1501 1266 1265
f 1501 1265 1278
f 1501 1269 1266
f 1279 1586 1267
f 1267 1590 1570
f 1267 1586 1590
f 1271 1527 1270
f 1270 1527 1282
f 1274 1527 1271
f 1764 1272 1273
f 1772 1275 1272
f 1772 1272 1764
f 1764 1273 1283
f 1770 1275 1772
f 1276 1615 1284
f 1276 1587 1583
f 1276 1583 1615
f 1518 1288 1277
f 1278 1289 1501
f 1287 1614 1279
f 1279 1618 1586
f 1279 1614 1618
f 1282 1527 1280
f 1280 1527 1292
f 1766 1283 1281
f 1758 1281 1293
f 1766 1281 1758
f 1764 1283 1766
f 1284 1629 1294
f 1284 1615 1609
f 1284 1609 1629
f 1518 1285 1288
f 1518 1300 1285
f 1501 1289 1286
f 1286 1301 1501
f 1299 1628 1287
f 1287 1632 1614
f 1287 1628 1632
f 1292 1527 1290
f 1290 1527 1304
f 1760 1293 1291
f 1750 1291 1305
f 1760 1291 1750
f 1758 1293 1760
f 1294 1639 1312
f 1294 1629 1625
f 1294 1625 1639
f 1296 1295 1518
f 1518 1295 1300
f 1518 1313 1296
f 1501 1298 1297
f 1509 1297 1314
f 1499 1297 1498
f 1498 1297 1511
f 1501 1297 1499
f 1511 1297 1509
f 1501 1301 1298
f 1315 1638 1299
f 1299 1642 1628
f 1299 1638 1642
f 1304 1527 1302
f 1302 1527 1317
f 1752 1305 1303
f 1746 1303 1318
f 1752 1303 1746
f 1750 1305 1752
f 1312 1633 1306
f 1306 1649 1328
f 1306 1633 1649
f 1308 1307 1518
f 1518 1307 1313
f 1518 1329 1308
f 1522 1310 1309
f 1548 1309 1330
f 1522 1309 1521
f 1521 1309 1537
f 1537 1309 1536
f 1536 1309 1550
f 1550 1309 1548
f 1525 1314 1310
f 1523 1310 1522
f 1525 1310 1523
f 1311 1652 1315
f 1331 1648 1311
f 1311 1648 1652
f 1312 1639 1633
f 1509 1314 1525
f 1315 1652 1638
f 1317 1527 1316
f 1316 1527 1334
f 1738 1318 1319
f 1746 1318 1738
f 1738 1319 1335
f 1320 1665 1321
f 1328 1643 1320
f 1320 1643 1665
f 1321 1659 1336
f 1321 1665 1659
f 1518 1323 1322
f 1322 1329 1518
f 1518 1342 1323
f 1565 1325 1324
f 1582 1324 1343
f 1564 1324 1563
f 1563 1324 1582
f 1565 1324 1564
f 1547 1330 1325
f 1547 1325 1546
f 1546 1325 1566
f 1566 1325 1565
f 1326 1664 1327
f 1341 1694 1326
f 1326 1694 1664
f 1327 1670 1331
f 1327 1664 1670
f 1328 1649 1643
f 1548 1330 1547
f 1331 1670 1648
f 1334 1527 1332
f 1332 1527 1346
f 1740 1335 1333
f 1730 1333 1347
f 1740 1333 1730
f 1738 1335 1740
f 1336 1681 1348
f 1336 1659 1689
f 1336 1689 1681
f 1518 1338 1337
f 1518 1337 1342
f 1518 1364 1338
f 1606 1340 1339
f 1603 1339 1365
f 1604 1339 1603
f 1605 1339 1604
f 1606 1339 1605
f 1581 1343 1340
f 1580 1340 1579
f 1579 1340 1608
f 1581 1340 1580
f 1608 1340 1606
f 1363 1688 1341
f 1341 1688 1694
f 1582 1343 1581
f 1346 1527 1344
f 1344 1527 1366
f 1732 1347 1345
f 1724 1345 1367
f 1722 1345 1724
f 1732 1345 1722
f 1730 1347 1732
f 1348 1681 1349
f 1349 1701 1368
f 1349 1681 1701
f 1518 1351 1350
f 1518 1350 1364
f 1535 1352 1351
f 1519 1351 1518
f 1520 1351 1519
f 1534 1351 1520
f 1535 1351 1534
f 1544 1353 1352
f 1549 1352 1535
f 1544 1352 1549
f 1559 1354 1353
f 1545 1353 1544
f 1559 1353 1545
f 1561 1355 1354
f 1560 1354 1559
f 1561 1354 1560
f 1562 1370 1355
f 1562 1355 1561
f 1594 1357 1356
f 1594 1356 1373
f 1596 1358 1357
f 1595 1357 1594
f 1596 1357 1595
f 1620 1359 1358
f 1597 1358 1596
f 1598 1358 1597
f 1619 1358 1598
f 1620 1358 1619
f 1623 1360 1359
f 1621 1359 1620
f 1622 1359 1621
f 1623 1359 1622
f 1601 1361 1360
f 1600 1360 1599
f 1599 1360 1624
f 1601 1360 1600
f 1624 1360 1623
f 1602 1365 1361
f 1602 1361 1601
f 1362 1710 1363
f 1369 1710 1362
f 1363 1710 1688
f 1603 1365 1602
f 1366 1527 1384
f 1710 1367 1393
f 1724 1367 1710
f 1368 1723 1394
f 1368 1701 1723
f 1395 1722 1369
f 1369 1724 1710
f 1369 1722 1724
f 1576 1371 1370
f 1575 1370 1562
f 1576 1370 1575
f 1578 1372 1371
f 1577 1371 1576
f 1578 1371 1577
f 1592 1373 1372
f 1607 1372 1578
f 1592 1372 1591
f 1591 1372 1607
f 1593 1373 1592
f 1594 1373 1593
f 1384 1527 1374
f 1374 1527 1402
f 1672 1375 1376
f 1671 1404 1375
f 1671 1375 1672
f 1673 1376 1377
f 1672 1376 1673
f 1674 1377 1378
f 1673 1377 1674
f 1674 1378 1385
f 1678 1379 1380
f 1677 1392 1379
f 1677 1379 1678
f 1679 1380 1381
f 1678 1380 1679
f 1680 1381 1382
f 1679 1381 1680
f 1680 1382 1405
f 1688 1393 1383
f 1688 1383 1407
f 1675 1385 1386
f 1674 1385 1675
f 1655 1386 1387
f 1653 1386 1655
f 1675 1386 1653
f 1656 1387 1388
f 1655 1387 1656
f 1657 1388 1389
f 1656 1388 1657
f 1658 1389 1390
f 1657 1389 1658
f 1654 1390 1391
f 1658 1390 1654
f 1677 1391 1392
f 1654 1391 1676
f 1676 1391 1677
f 1710 1393 1688
f 1394 1731 1410
f 1394 1723 1721
f 1394 1721 1731
f 1411 1730 1395
f 1395 1732 1722
f 1395 1730 1732
f 1402 1527 1396
f 1396 1527 1418
f 1697 1397 1398
f 1696 1420 1397
f 1696 1397 1697
f 1697 1398 1403
f 1699 1399 1400
f 1698 1406 1399
f 1698 1399 1699
f 1699 1400 1421
f 1694 1407 1401
f 1664 1401 1423
f 1694 1401 1664
f 1671 1403 1404
f 1697 1403 1671
f 1698 1405 1406
f 1680 1405 1698
f 1688 1407 1694
f 1410 1729 1408
f 1408 1737 1424
f 1408 1729 1739
f 1408 1739 1737
f 1409 1740 1411
f 1427 1738 1409
f 1409 1738 1740
f 1410 1731 1729
f 1411 1740 1730
f 1418 1527 1412
f 1412 1527 1434
f 1718 1413 1414
f 1717 1436 1413
f 1717 1413 1718
f 1718 1414 1419
f 1720 1415 1416
f 1719 1422 1415
f 1719 1415 1720
f 1720 1416 1437
f 1670 1423 1417
f 1648 1417 1439
f 1670 1417 1648
f 1696 1419 1420
f 1695 1419 1696
f 1718 1419 1695
f 1700 1421 1422
f 1699 1421 1700
f 1700 1422 1719
f 1664 1423 1670
f 1424 1737 1425
f 1425 1745 1440
f 1425 1737 1745
f 1426 1746 1427
f 1443 1746 1426
f 1427 1746 1738
f 1434 1527 1428
f 1428 1527 1450
f 1726 1429 1430
f 1725 1451 1429
f 1725 1429 1726
f 1726 1430 1435
f 1728 1431 1432
f 1727 1438 1431
f 1727 1431 1728
f 1728 1432 1452
f 1652 1439 1433
f 1638 1433 1453
f 1652 1433 1638
f 1717 1435 1436
f 1726 1435 1717
f 1727 1437 1438
f 1720 1437 1727
f 1648 1439 1652
f 1440 1751 1441
f 1440 1745 1751
f 1441 1749 1454
f 1441 1751 1749
f 1442 1750 1443
f 1457 1760 1442
f 1442 1760 1750
f 1443 1752 1746
f 1443 1750 1752
f 1450 1527 1444
f 1444 1527 1462
f 1734 1445 1446
f 1733 1463 1445
f 1733 1445 1734
f 1734 1446 1451
f 1736 1447 1448
f 1735 1452 1447
f 1735 1447 1736
f 1736 1448 1464
f 1642 1453 1449
f 1628 1449 1465
f 1642 1449 1628
f 1734 1451 1725
f 1728 1452 1735
f 1638 1453 1642
f 1454 1759 1455
f 1454 1749 1759
f 1455 1757 1466
f 1455 1759 1757
f 1456 1758 1457
f 1469 1758 1456
f 1457 1758 1760
f 1462 1527 1458
f 1458 1527 1470
f 1742 1459 1463
f 1742 1474 1459
f 1743 1464 1460
f 1744 1460 1475
f 1743 1460 1744
f 1632 1465 1461
f 1618 1461 1473
f 1614 1461 1618
f 1632 1461 1614
f 1742 1463 1733
f 1736 1464 1743
f 1628 1465 1632
f 1466 1765 1467
f 1466 1757 1765
f 1467 1763 1476
f 1467 1765 1763
f 1468 1764 1469
f 1479 1764 1468
f 1469 1766 1758
f 1469 1764 1766
f 1470 1527 1480
f 1747 1471 1474
f 1747 1484 1471
f 1748 1475 1472
f 1748 1472 1485
f 1590 1473 1483
f 1586 1473 1590
f 1618 1473 1586
f 1741 1474 1742
f 1747 1474 1741
f 1744 1475 1748
f 1476 1763 1477
f 1477 1771 1488
f 1477 1763 1771
f 1478 1772 1479
f 1489 1770 1478
f 1478 1770 1772
f 1479 1772 1764
f 1480 1527 1490
f 1754 1481 1484
f 1753 1494 1481
f 1753 1481 1754
f 1756 1485 1482
f 1756 1482 1495
f 1574 1483 1493
f 1570 1483 1574
f 1590 1483 1570
f 1754 1484 1747
f 1748 1485 1755
f 1755 1485 1756
f 1488 1769 1486
f 1486 1777 1500
f 1486 1769 1781
f 1486 1781 1777
f 1487 1782 1489
f 1501 1779 1487
f 1487 1779 1780
f 1487 1780 1782
f 1488 1771 1769
f 1489 1782 1770
f 1490 1527 1502
f 1761 1491 1494
f 1761 1506 1491
f 1762 1495 1492
f 1762 1492 1507
f 1558 1493 1505
f 1554 1493 1558
f 1574 1493 1554
f 1761 1494 1753
f 1756 1495 1762
f 1496 1790 1497
f 1500 1778 1496
f 1496 1778 1790
f 1497 1788 1510
f 1497 1790 1788
f 1498 1789 1499
f 1511 1789 1498
f 1499 1791 1501
f 1499 1789 1791
f 1500 1777 1778
f 1501 1791 1779
f 1502 1527 1512
f 1767 1503 1506
f 1767 1516 1503
f 1768 1507 1504
f 1768 1504 1517
f 1541 1505 1515
f 1558 1505 1541
f 1767 1506 1761
f 1762 1507 1768
f 1510 1788 1508
f 1508 1796 1524
f 1508 1788 1796
f 1509 1797 1511
f 1525 1795 1509
f 1509 1795 1797
f 1511 1797 1789
f 1512 1527 1526
f 1775 1513 1516
f 1775 1532 1513
f 1776 1517 1514
f 1774 1514 1533
f 1776 1514 1774
f 1530 1515 1531
f 1541 1515 1530
f 1775 1516 1767
f 1768 1517 1776
f 1518 1794 1519
f 1524 1794 1518
f 1519 1802 1520
f 1519 1794 1802
f 1520 1800 1534
f 1520 1802 1800
f 1521 1801 1522
f 1537 1801 1521
f 1522 1803 1523
f 1522 1801 1803
f 1523 1795 1525
f 1523 1803 1795
f 1524 1796 1794
f 1526 1527 1528
f 1526 1528 1538
f 1785 1528 1527
f 1773 1527 1532
f 1785 1527 1773
f 1538 1528 1542
f 1786 1542 1528
f 1786 1528 1785
f 1787 1533 1529
f 1784 1529 1543
f 1543 1529 1876
f 1787 1529 1784
f 1773 1532 1775
f 1774 1533 1787
f 1534 1800 1535
f 1535 1806 1549
f 1535 1800 1811
f 1535 1811 1806
f 1536 1812 1537
f 1550 1809 1536
f 1536 1809 1810
f 1536 1810 1812
f 1537 1812 1801
f 1538 1542 1539
f 1538 1539 1555
f 1783 1539 1542
f 1555 1539 1551
f 1551 1539 1571
f 1571 1539 1556
f 1792 1556 1539
f 1792 1539 1783
f 1793 1543 1540
f 1876 1540 1543
f 1793 1540 1557
f 1876 1557 1540
f 1783 1542 1786
f 1784 1543 1793
f 1544 1821 1545
f 1549 1807 1544
f 1544 1807 1808
f 1544 1808 1821
f 1545 1817 1559
f 1545 1822 1817
f 1545 1821 1822
f 1546 1823 1547
f 1566 1819 1546
f 1546 1819 1820
f 1546 1820 1823
f 1547 1824 1548
f 1547 1823 1824
f 1548 1809 1550
f 1548 1824 1809
f 1549 1806 1807
f 1587 1556 1552
f 1798 1552 1556
f 1615 1552 1572
f 1798 1572 1552
f 1587 1552 1583
f 1583 1552 1615
f 1799 1557 1553
f 1876 1553 1557
f 1799 1553 1573
f 1875 1573 1553
f 1875 1553 1876
f 1571 1556 1567
f 1567 1556 1587
f 1798 1556 1792
f 1793 1557 1799
f 1559 1818 1560
f 1559 1817 1818
f 1560 1835 1561
f 1560 1818 1835
f 1561 1829 1562
f 1561 1835 1829
f 1562 1830 1575
f 1562 1829 1830
f 1563 1833 1564
f 1582 1833 1563
f 1564 1834 1565
f 1564 1833 1834
f 1565 1836 1566
f 1565 1834 1836
f 1566 1836 1819
f 1629 1572 1568
f 1804 1568 1572
f 1639 1568 1588
f 1804 1588 1568
f 1629 1568 1625
f 1625 1568 1639
f 1805 1573 1569
f 1875 1569 1573
f 1805 1569 1589
f 1875 1589 1569
f 1615 1572 1609
f 1609 1572 1629
f 1804 1572 1798
f 1799 1573 1805
f 1575 1830 1576
f 1576 1851 1577
f 1576 1830 1831
f 1576 1831 1851
f 1577 1852 1578
f 1577 1851 1852
f 1578 1843 1607
f 1578 1852 1843
f 1579 1850 1580
f 1608 1849 1579
f 1579 1849 1850
f 1580 1853 1581
f 1580 1850 1853
f 1581 1832 1582
f 1581 1854 1832
f 1581 1853 1854
f 1582 1832 1833
f 1633 1588 1584
f 1813 1584 1588
f 1665 1584 1616
f 1814 1616 1584
f 1633 1584 1649
f 1649 1584 1643
f 1643 1584 1665
f 1814 1584 1813
f 1815 1589 1585
f 1585 1589 1874
f 1815 1585 1617
f 1874 1617 1585
f 1639 1588 1633
f 1813 1588 1804
f 1805 1589 1816
f 1816 1589 1815
f 1874 1589 1875
f 1591 1845 1592
f 1607 1844 1591
f 1591 1844 1845
f 1592 1871 1593
f 1592 1845 1846
f 1592 1846 1871
f 1593 1872 1594
f 1593 1871 1872
f 1594 1873 1595
f 1594 1872 1873
f 1595 1859 1596
f 1595 1873 1859
f 1596 1860 1597
f 1596 1859 1860
f 1597 1861 1598
f 1597 1860 1861
f 1598 1862 1619
f 1598 1861 1862
f 1599 1867 1600
f 1624 1867 1599
f 1600 1868 1601
f 1600 1867 1868
f 1601 1869 1602
f 1601 1868 1869
f 1602 1870 1603
f 1602 1869 1870
f 1603 1874 1604
f 1603 1870 1874
f 1604 1875 1605
f 1604 1874 1875
f 1605 1847 1606
f 1605 1876 1847
f 1605 1875 1876
f 1606 1848 1608
f 1606 1847 1848
f 1607 1843 1844
f 1608 1848 1849
f 1681 1610 1611
f 1825 1611 1610
f 1689 1616 1610
f 1825 1610 1616
f 1689 1610 1681
f 1681 1611 1630
f 1826 1630 1611
f 1826 1611 1825
f 1827 1613 1612
f 1874 1612 1613
f 1827 1612 1631
f 1631 1612 1874
f 1828 1617 1613
f 1613 1617 1874
f 1828 1613 1827
f 1665 1616 1659
f 1659 1616 1689
f 1825 1616 1814
f 1815 1617 1828
f 1619 1862 1620
f 1620 1863 1621
f 1620 1862 1863
f 1621 1864 1622
f 1621 1863 1864
f 1622 1865 1623
f 1622 1864 1865
f 1623 1866 1624
f 1623 1865 1866
f 1624 1866 1867
f 1701 1630 1626
f 1839 1626 1630
f 1731 1626 1640
f 1839 1640 1626
f 1701 1626 1723
f 1723 1626 1721
f 1721 1626 1731
f 1842 1631 1627
f 1874 1627 1631
f 1841 1627 1641
f 1870 1641 1627
f 1842 1627 1841
f 1870 1627 1874
f 1681 1630 1701
f 1839 1630 1826
f 1827 1631 1842
f 1745 1634 1635
f 1855 1635 1634
f 1739 1640 1634
f 1855 1634 1640
f 1739 1634 1737
f 1737 1634 1745
f 1745 1635 1650
f 1856 1650 1635
f 1856 1635 1855
f 1857 1637 1636
f 1636 1637 1869
f 1857 1636 1651
f 1869 1651 1636
f 1858 1641 1637
f 1869 1637 1641
f 1858 1637 1857
f 1731 1640 1729
f 1729 1640 1739
f 1837 1640 1840
f 1855 1640 1837
f 1840 1640 1839
f 1841 1641 1838
f 1838 1641 1858
f 1869 1641 1870
f 1759 1644 1645
f 1879 1645 1644
f 1751 1650 1644
f 1879 1644 1650
f 1751 1644 1749
f 1749 1644 1759
f 1757 1645 1666
f 1880 1666 1645
f 1759 1645 1757
f 1880 1645 1879
f 1868 1646 1647
f 1881 1647 1646
f 1867 1669 1646
f 1881 1646 1669
f 1867 1646 1868
f 1647 1651 1868
f 1882 1651 1647
f 1882 1647 1881
f 1745 1650 1751
f 1879 1650 1856
f 1857 1651 1882
f 1868 1651 1869
f 1655 1900 1653
f 1653 1899 1675
f 1653 1900 1899
f 1904 1658 1654
f 1904 1654 1676
f 1656 1901 1655
f 1655 1901 1900
f 1902 1656 1657
f 1901 1656 1902
f 1903 1657 1658
f 1902 1657 1903
f 1903 1658 1904
f 1769 1660 1661
f 1885 1661 1660
f 1763 1667 1660
f 1885 1660 1667
f 1763 1660 1771
f 1771 1660 1769
f 1778 1661 1690
f 1886 1690 1661
f 1769 1661 1781
f 1777 1661 1778
f 1781 1661 1777
f 1886 1661 1885
f 1867 1662 1663
f 1887 1663 1662
f 1867 1693 1662
f 1887 1662 1693
f 1867 1663 1668
f 1888 1668 1663
f 1888 1663 1887
f 1763 1666 1667
f 1877 1667 1666
f 1757 1666 1765
f 1765 1666 1763
f 1877 1666 1880
f 1885 1667 1877
f 1668 1669 1867
f 1888 1669 1668
f 1881 1669 1878
f 1878 1669 1888
f 1672 1891 1671
f 1671 1890 1697
f 1671 1891 1890
f 1673 1892 1672
f 1672 1892 1891
f 1674 1898 1673
f 1673 1897 1892
f 1673 1898 1897
f 1675 1899 1674
f 1674 1899 1898
f 1905 1676 1677
f 1904 1676 1905
f 1906 1677 1678
f 1905 1677 1906
f 1894 1678 1679
f 1893 1678 1894
f 1906 1678 1893
f 1895 1679 1680
f 1894 1679 1895
f 1896 1680 1698
f 1895 1680 1896
f 1796 1682 1683
f 1889 1683 1682
f 1788 1691 1682
f 1889 1682 1691
f 1788 1682 1796
f 1794 1683 1684
f 1890 1684 1683
f 1796 1683 1794
f 1890 1683 1889
f 1800 1684 1711
f 1891 1711 1684
f 1794 1684 1802
f 1802 1684 1800
f 1891 1684 1890
f 1867 1685 1686
f 1894 1686 1685
f 1867 1716 1685
f 1894 1685 1716
f 1867 1686 1687
f 1895 1687 1686
f 1895 1686 1894
f 1867 1687 1692
f 1896 1692 1687
f 1896 1687 1895
f 1790 1690 1691
f 1883 1691 1690
f 1778 1690 1790
f 1883 1690 1886
f 1790 1691 1788
f 1889 1691 1883
f 1867 1692 1693
f 1896 1693 1692
f 1887 1693 1884
f 1884 1693 1896
f 1696 1886 1695
f 1695 1885 1718
f 1695 1886 1885
f 1697 1889 1696
f 1696 1883 1886
f 1696 1889 1883
f 1697 1890 1889
f 1884 1698 1699
f 1896 1698 1884
f 1888 1699 1700
f 1884 1699 1887
f 1887 1699 1888
f 1888 1700 1719
f 1818 1702 1703
f 1898 1703 1702
f 1821 1713 1702
f 1898 1702 1713
f 1817 1702 1818
f 1822 1702 1817
f 1821 1702 1822
f 1829 1703 1704
f 1899 1704 1703
f 1818 1703 1835
f 1835 1703 1829
f 1899 1703 1898
f 1831 1704 1705
f 1900 1705 1704
f 1829 1704 1830
f 1830 1704 1831
f 1900 1704 1899
f 1843 1705 1706
f 1901 1706 1705
f 1831 1705 1851
f 1852 1705 1843
f 1851 1705 1852
f 1901 1705 1900
f 1846 1706 1707
f 1902 1707 1706
f 1843 1706 1844
f 1844 1706 1845
f 1845 1706 1846
f 1902 1706 1901
f 1873 1707 1708
f 1903 1708 1707
f 1846 1707 1871
f 1871 1707 1872
f 1872 1707 1873
f 1903 1707 1902
f 1860 1708 1709
f 1904 1709 1708
f 1859 1708 1860
f 1873 1708 1859
f 1904 1708 1903
f 1862 1709 1714
f 1905 1714 1709
f 1860 1709 1861
f 1861 1709 1862
f 1905 1709 1904
f 1811 1711 1712
f 1891 1712 1711
f 1800 1711 1811
f 1808 1712 1713
f 1897 1713 1712
f 1806 1712 1807
f 1811 1712 1806
f 1807 1712 1808
f 1892 1712 1891
f 1897 1712 1892
f 1808 1713 1821
f 1898 1713 1897
f 1863 1714 1715
f 1905 1715 1714
f 1862 1714 1863
f 1866 1715 1716
f 1893 1716 1715
f 1863 1715 1864
f 1864 1715 1865
f 1865 1715 1866
f 1893 1715 1906
f 1906 1715 1905
f 1866 1716 1867
f 1894 1716 1893
f 1718 1885 1717
f 1717 1880 1726
f 1717 1877 1880
f 1717 1885 1877
f 1878 1719 1720
f 1888 1719 1878
f 1882 1720 1727
f 1878 1720 1881
f 1881 1720 1882
f 1726 1856 1725
f 1725 1855 1734
f 1725 1856 1855
f 1726 1879 1856
f 1726 1880 1879
f 1858 1727 1728
f 1857 1727 1858
f 1882 1727 1857
f 1858 1728 1735
f 1734 1840 1733
f 1733 1839 1742
f 1733 1840 1839
f 1734 1837 1840
f 1734 1855 1837
f 1842 1735 1736
f 1838 1735 1841
f 1858 1735 1838
f 1841 1735 1842
f 1842 1736 1743
f 1742 1826 1741
f 1741 1825 1747
f 1741 1826 1825
f 1742 1839 1826
f 1828 1743 1744
f 1827 1743 1828
f 1842 1743 1827
f 1828 1744 1748
f 1747 1814 1754
f 1747 1825 1814
f 1815 1748 1755
f 1828 1748 1815
f 1754 1814 1753
f 1753 1804 1761
f 1753 1813 1804
f 1753 1814 1813
f 1816 1755 1756
f 1815 1755 1816
f 1805 1756 1762
f 1816 1756 1805
f 1761 1798 1767
f 1761 1804 1798
f 1799 1762 1768
f 1805 1762 1799
f 1767 1792 1775
f 1767 1798 1792
f 1793 1768 1776
f 1799 1768 1793
f 1775 1786 1773
f 1773 1786 1785
f 1787 1776 1774
f 1775 1783 1786
f 1775 1792 1783
f 1784 1776 1787
f 1793 1776 1784
