# CAD visual only; metres; body-local coordinates
v -0.0364513454 -0.0245719669 -0.126000004
v -0.0364513454 -0.0245719669 -0.124000001
v -0.0332623539 -0.0235737369 -0.126000004
v -0.0332754764 -0.0235367153 -0.124000001
v -0.0332879314 -0.0234994838 -0.126000004
v -0.0333488903 -0.0232719944 -0.124000001
v -0.0333567104 -0.0232335231 -0.126000004
v -0.0333894977 -0.0230002925 -0.124000001
v -0.0333925685 -0.0229611538 -0.126000004
v -0.0333977184 -0.0227649257 -0.124000001
v -0.0333966884 -0.0227256725 -0.126000004
v -0.033381277 -0.0225299785 -0.124000001
v -0.0333761653 -0.0224910495 -0.126000004
v -0.0333312282 -0.0222598789 -0.124000001
v -0.0333213863 -0.0222218463 -0.126000004
v -0.0332623539 -0.0220346401 -0.124000001
v -0.0330133876 -0.0240623806 -0.126000004
v -0.0330350551 -0.0240296314 -0.124000001
v -0.0330561695 -0.0239965198 -0.126000004
v -0.0331872425 -0.0237550876 -0.124000001
v -0.0332035312 -0.0237193439 -0.126000004
v -0.0332486019 -0.0236105297 -0.124000001
v -0.0332486019 -0.0219978664 -0.126000004
v -0.0331528148 -0.0217827175 -0.124000001
v -0.033134695 -0.0217478893 -0.126000004
v -0.0330133876 -0.0215460155 -0.124000001
v -0.0327665767 -0.0243671749 -0.126000004
v -0.0328716526 -0.0242504642 -0.124000001
v -0.0328966388 -0.0242201564 -0.126000004
v -0.0329911479 -0.0240947483 -0.124000001
v -0.0329911479 -0.0215136478 -0.126000004
v -0.0329911479 -0.0215136478 -0.124000001
v -0.0329683361 -0.0214816806 -0.126000004
v -0.0327936039 -0.0212696979 -0.124000001
v -0.0327665767 -0.0212412212 -0.126000004
v -0.0327665767 -0.0212412212 -0.124000001
v -0.0325021419 -0.0246011303 -0.126000004
v -0.0326241931 -0.0245022914 -0.124000001
v -0.0326536045 -0.0244762752 -0.126000004
v -0.0327390346 -0.0243951747 -0.124000001
v -0.0327390346 -0.0212132022 -0.126000004
v -0.0325021419 -0.0210072658 -0.124000001
v -0.0322730503 -0.0247527454 -0.126000004
v -0.0322730503 -0.0247527454 -0.124000001
v -0.0323068866 -0.0247328136 -0.126000004
v -0.0324705753 -0.0246244762 -0.124000001
v -0.0324705753 -0.0209839008 -0.126000004
v -0.0322730503 -0.0208556316 -0.124000001
v -0.032027193 -0.0248753307 -0.126000004
v -0.0322388706 -0.0247720859 -0.124000001
v -0.0322388706 -0.0208362911 -0.126000004
v -0.0320989475 -0.0207649944 -0.124000001
v -0.0320632038 -0.0207487247 -0.126000004
v -0.032027193 -0.0207330654 -0.124000001
v -0.0317682323 -0.024967036 -0.126000004
v -0.0319909153 -0.0248903606 -0.124000001
v -0.0319909153 -0.0207180355 -0.126000004
v -0.0317682323 -0.02064136 -0.124000001
v -0.03150004 -0.0250264881 -0.126000004
v -0.0316158542 -0.0250050304 -0.124000001
v -0.0316541919 -0.0249965236 -0.126000004
v -0.0317303905 -0.0249775264 -0.124000001
v -0.0317303905 -0.0206308696 -0.126000004
v -0.03150004 -0.0205818889 -0.124000001
v -0.0312658176 -0.0250511119 -0.126000004
v -0.0314611873 -0.0250323055 -0.124000001
v -0.0314611873 -0.0205760906 -0.126000004
v -0.0312658176 -0.0205572841 -0.124000001
v -0.0311480579 -0.0298752544 -0.153100004
v -0.0311480579 -0.0298752544 -0.126000004
v -0.0311480579 -0.0298752544 -0.124000001
v -0.0311480579 -0.0298752544 -0.116999998
v -0.0310302982 -0.0250511119 -0.126000004
v -0.0312265834 -0.0250528286 -0.124000001
v -0.0312265834 -0.0205555675 -0.126000004
v -0.0310302982 -0.0205572841 -0.124000001
v -0.0307573375 -0.0250200031 -0.126000004
v -0.0309911022 -0.0250487087 -0.124000001
v -0.0309911022 -0.0205596683 -0.126000004
v -0.0307573375 -0.0205883739 -0.124000001
v -0.0306802616 -0.0250050304 -0.126000004
v -0.0307187328 -0.0250128505 -0.124000001
v -0.0305278644 -0.024967036 -0.126000004
v -0.0306419048 -0.0249965236 -0.124000001
v -0.0307187328 -0.0205955265 -0.126000004
v -0.0305278644 -0.02064136 -0.124000001
v -0.0302689037 -0.0248753307 -0.126000004
v -0.0304902133 -0.024955878 -0.124000001
v -0.0304902133 -0.020652499 -0.126000004
v -0.0302689037 -0.0207330654 -0.124000001
v -0.0300230464 -0.0247527454 -0.126000004
v -0.0302328929 -0.0248596714 -0.124000001
v -0.0301971683 -0.0207649944 -0.126000004
v -0.0300230464 -0.0208556316 -0.124000001
v -0.0302328929 -0.0207487247 -0.126000004
v -0.0302328929 -0.0207487247 -0.124000001
v -0.0297628078 -0.0245772121 -0.126000004
v -0.0299892101 -0.0247328136 -0.124000001
v -0.0297939739 -0.0210072658 -0.126000004
v -0.0297628078 -0.0210311649 -0.124000001
v -0.0299892101 -0.0208755634 -0.126000004
v -0.0298255405 -0.0209839008 -0.124000001
v -0.0296719226 -0.0245022914 -0.126000004
v -0.0297320804 -0.024552779 -0.124000001
v -0.0295025119 -0.0243386982 -0.126000004
v -0.0296425113 -0.0244762752 -0.124000001
v -0.0295025119 -0.0212696979 -0.126000004
v -0.0295025119 -0.0212696979 -0.124000001
v -0.0295570621 -0.0212132022 -0.126000004
v -0.0295570621 -0.0212132022 -0.124000001
v -0.0294244632 -0.0242504642 -0.126000004
v -0.0294759807 -0.0243097446 -0.124000001
v -0.0292610416 -0.0240296314 -0.126000004
v -0.029399477 -0.0242201564 -0.124000001
v -0.0293049678 -0.0215136478 -0.126000004
v -0.0292610416 -0.0215787647 -0.124000001
v -0.0294759807 -0.0212986515 -0.126000004
v -0.0293277606 -0.0214816806 -0.124000001
v -0.0291088542 -0.0237550876 -0.126000004
v -0.0292399463 -0.0239965198 -0.124000001
v -0.0290206394 -0.0235367153 -0.126000004
v -0.0290925846 -0.0237193439 -0.124000001
v -0.0290081844 -0.0234994838 -0.126000004
v -0.0290081844 -0.0234994838 -0.124000001
v -0.0290337429 -0.0220346401 -0.126000004
v -0.0290081844 -0.0221089122 -0.124000001
v -0.0291432819 -0.0217827175 -0.126000004
v -0.0290474948 -0.0219978664 -0.124000001
v -0.0292399463 -0.0216118763 -0.126000004
v -0.0291614208 -0.0217478893 -0.124000001
v -0.0289472255 -0.0232719944 -0.126000004
v -0.0289963588 -0.0234620235 -0.124000001
v -0.0289066181 -0.0230002925 -0.126000004
v -0.0289393863 -0.0232335231 -0.124000001
v -0.0288983974 -0.0227649257 -0.126000004
v -0.0289035282 -0.0229611538 -0.124000001
v -0.0289148197 -0.0225299785 -0.126000004
v -0.0288994274 -0.0227256725 -0.124000001
v -0.0289648876 -0.0222598789 -0.126000004
v -0.0289199504 -0.0224910495 -0.124000001
v -0.0289963588 -0.0221463535 -0.126000004
v -0.0289747295 -0.0222218463 -0.124000001
v -0.0262503109 -0.0163154743 -0.126000004
v -0.0262601528 -0.0162774417 -0.124000001
v -0.0262693271 -0.0162392566 -0.126000004
v -0.0263102207 -0.016007323 -0.124000001
v -0.0263146648 -0.0159683178 -0.126000004
v -0.0263266429 -0.0157723949 -0.124000001
v -0.0263269863 -0.0157331226 -0.126000004
v -0.0263184223 -0.0155370281 -0.124000001
v -0.0263146648 -0.0154979274 -0.126000004
v -0.0262778148 -0.0152653263 -0.124000001
v -0.0262693271 -0.0152269886 -0.126000004
v -0.0262503109 -0.01515079 -0.124000001
v -0.0260056171 -0.0168919704 -0.126000004
v -0.0260817585 -0.0167546032 -0.124000001
v -0.0260992679 -0.0167194698 -0.126000004
v -0.0261912975 -0.0165026805 -0.124000001
v -0.026204401 -0.0164656589 -0.126000004
v -0.0262398204 -0.0163533161 -0.124000001
v -0.0262398204 -0.0151129482 -0.126000004
v -0.026204401 -0.0150006053 -0.124000001
v -0.0261912975 -0.0149635837 -0.126000004
v -0.0261161861 -0.014782233 -0.124000001
v -0.0260992679 -0.0147467945 -0.126000004
v -0.0260056171 -0.0145742939 -0.124000001
v -0.0257750759 -0.0172092578 -0.126000004
v -0.0259200725 -0.0170236728 -0.124000001
v -0.0259423122 -0.0169913051 -0.126000004
v -0.025985094 -0.0169254444 -0.124000001
v -0.025985094 -0.0145408008 -0.126000004
v -0.0259639987 -0.0145076892 -0.124000001
v -0.0259423122 -0.0144749401 -0.126000004
v -0.0257750759 -0.0142569873 -0.124000001
v -0.0255232486 -0.0174567173 -0.126000004
v -0.0257225284 -0.0172676227 -0.124000001
v -0.0257490596 -0.0172386692 -0.126000004
v -0.0257490596 -0.0172386692 -0.124000001
v -0.0257490596 -0.014227576 -0.126000004
v -0.0255232486 -0.0140095279 -0.124000001
v -0.0252693042 -0.0176412342 -0.126000004
v -0.0254622325 -0.0175061557 -0.124000001
v -0.0254929599 -0.0174817035 -0.126000004
v -0.0254929599 -0.0174817035 -0.124000001
v -0.0254929599 -0.0139845417 -0.126000004
v -0.0252693042 -0.013825011 -0.124000001
v -0.025027872 -0.0177723262 -0.126000004
v -0.0250633297 -0.0177554081 -0.124000001
v -0.025098463 -0.0177378986 -0.126000004
v -0.0252358303 -0.0176617572 -0.124000001
v -0.0252358303 -0.013804507 -0.126000004
v -0.0251678142 -0.0137652347 -0.124000001
v -0.0251332912 -0.0137464855 -0.126000004
v -0.025027872 -0.013693938 -0.124000001
v -0.0247722682 -0.0178729961 -0.126000004
v -0.0249921474 -0.0177885959 -0.124000001
v -0.0249921474 -0.0136776493 -0.126000004
v -0.0247722682 -0.0135932491 -0.124000001
v -0.0245063076 -0.0179417942 -0.126000004
v -0.024734827 -0.0178848026 -0.124000001
v -0.024734827 -0.0135814426 -0.126000004
v -0.0245063076 -0.0135244701 -0.124000001
v -0.024273077 -0.0179745624 -0.126000004
v -0.0244677028 -0.0179489467 -0.124000001
v -0.0244677028 -0.0135173175 -0.126000004
v -0.024390131 -0.0135050151 -0.124000001
v -0.0243511829 -0.0134999034 -0.126000004
v -0.024273077 -0.0134916828 -0.124000001
v -0.0240377101 -0.0179827831 -0.126000004
v -0.0242339382 -0.0179776523 -0.124000001
v -0.0242339382 -0.0134886119 -0.126000004
v -0.0240377101 -0.0134834621 -0.124000001
v -0.023763853 -0.01796123 -0.126000004
v -0.0239984569 -0.0179817531 -0.124000001
v -0.023763853 -0.0135050151 -0.126000004
v -0.023763853 -0.0135050151 -0.124000001
v -0.0239984569 -0.0134844921 -0.126000004
v -0.023802782 -0.0134999034 -0.124000001
v -0.0235326633 -0.0179162929 -0.126000004
v -0.0237250003 -0.0179554317 -0.124000001
v -0.0237250003 -0.0135108326 -0.126000004
v -0.0235326633 -0.0135499523 -0.124000001
v -0.0232706508 -0.0178336856 -0.126000004
v -0.0234946498 -0.017906451 -0.124000001
v -0.0234946498 -0.0135597942 -0.126000004
v -0.0232706508 -0.0136325786 -0.124000001
v -0.0230906543 -0.0177554081 -0.126000004
v -0.0232341251 -0.0178192852 -0.124000001
v -0.0230206737 -0.0177197597 -0.126000004
v -0.0230555019 -0.0177378986 -0.124000001
v -0.0232341251 -0.01364696 -0.126000004
v -0.0230206737 -0.0137464855 -0.124000001
v -0.0227544651 -0.0175534198 -0.126000004
v -0.0229861698 -0.0177010295 -0.124000001
v -0.0229861698 -0.0137652347 -0.126000004
v -0.0227544651 -0.0139128444 -0.124000001
v -0.0225186214 -0.0317110202 -0.116999998
v -0.0225186214 -0.0317110202 -0.110999999
v -0.022591959 -0.0314055774 -0.116999998
v -0.022591959 -0.0314055774 -0.110999999
v -0.0226319179 -0.0311999843 -0.116999998
v -0.0226319179 -0.0311999843 -0.110999999
v -0.0226646862 -0.0309931514 -0.116999998
v -0.0226646862 -0.0309931514 -0.110999999
v -0.0227002391 -0.0306810329 -0.116999998
v -0.0227002391 -0.0306810329 -0.110999999
v -0.0227148494 -0.030472121 -0.116999998
v -0.0227148494 -0.030472121 -0.110999999
v -0.0227230701 -0.0301580951 -0.116999998
v -0.0227230701 -0.0301580951 -0.110999999
v -0.0227194271 -0.0299487064 -0.116999998
v -0.0227194271 -0.0299487064 -0.110999999
v -0.0227084598 -0.0297395656 -0.116999998
v -0.0227084598 -0.0297395656 -0.110999999
v -0.0226783428 -0.029426894 -0.116999998
v -0.0226783428 -0.029426894 -0.110999999
v -0.0226491985 -0.0292194889 -0.116999998
v -0.0226491985 -0.0292194889 -0.110999999
v -0.022591959 -0.0289106319 -0.116999998
v -0.022591959 -0.0289106319 -0.110999999
v -0.0225448474 -0.0287065647 -0.116999998
v -0.0225448474 -0.0287065647 -0.110999999
v -0.0226917514 -0.0175061557 -0.126000004
v -0.0227228984 -0.0175300548 -0.124000001
v -0.0225140056 -0.0173516414 -0.126000004
v -0.022661024 -0.0174817035 -0.124000001
v -0.0226307163 -0.0140095279 -0.126000004
v -0.0225140056 -0.0141146038 -0.124000001
v -0.0227228984 -0.0139361904 -0.126000004
v -0.022661024 -0.0139845417 -0.124000001
v -0.0222861728 -0.0324057529 -0.116999998
v -0.0222861728 -0.0324057529 -0.110999999
v -0.022361227 -0.0322102306 -0.116999998
v -0.022361227 -0.0322102306 -0.110999999
v -0.022460905 -0.0319123409 -0.116999998
v -0.022460905 -0.0319123409 -0.110999999
v -0.0224906406 -0.0285042713 -0.116999998
v -0.0224906406 -0.0285042713 -0.110999999
v -0.022460905 -0.0284038684 -0.116999998
v -0.022460905 -0.0284038684 -0.110999999
v -0.0223961887 -0.0282047031 -0.116999998
v -0.0223961887 -0.0282047031 -0.110999999
v -0.0222861728 -0.0279104564 -0.116999998
v -0.0222861728 -0.0279104564 -0.110999999
v -0.0224314365 -0.0172676227 -0.126000004
v -0.0224859867 -0.0173241184 -0.124000001
v -0.0222567043 -0.01705564 -0.126000004
v -0.0224049053 -0.0172386692 -0.124000001
v -0.022378889 -0.0142569873 -0.126000004
v -0.0222567043 -0.0144106052 -0.124000001
v -0.0224859867 -0.0141421268 -0.126000004
v -0.0224859867 -0.0141421268 -0.124000001
v -0.0223092136 -0.010429816 -0.126000004
v -0.0223092136 -0.010429816 -0.124000001
v -0.0220207653 -0.0329749248 -0.116999998
v -0.0220207653 -0.0329749248 -0.110999999
v -0.0221609172 -0.0326938198 -0.116999998
v -0.0221609172 -0.0326938198 -0.110999999
v -0.0222460994 -0.0278137157 -0.116999998
v -0.0222460994 -0.0278137157 -0.110999999
v -0.0222043476 -0.0277176807 -0.116999998
v -0.0222043476 -0.0277176807 -0.110999999
v -0.0220691165 -0.0274341533 -0.116999998
v -0.0220691165 -0.0274341533 -0.110999999
v -0.0222338924 -0.0170236728 -0.126000004
v -0.0222338924 -0.0170236728 -0.124000001
v -0.0220722255 -0.0167546032 -0.126000004
v -0.0222116527 -0.0169913051 -0.124000001
v -0.0220058498 -0.0166122768 -0.126000004
v -0.022054697 -0.0167194698 -0.124000001
v -0.0220377979 -0.014782233 -0.126000004
v -0.0220058498 -0.0148539875 -0.124000001
v -0.0221899852 -0.0145076892 -0.126000004
v -0.022054697 -0.0147467945 -0.124000001
v -0.0222338924 -0.0144425724 -0.126000004
v -0.0222116527 -0.0144749401 -0.124000001
v -0.0217550907 -0.0334259365 -0.116999998
v -0.0217550907 -0.0334259365 -0.110999999
v -0.0218660793 -0.0332483242 -0.116999998
v -0.0218660793 -0.0332483242 -0.110999999
v -0.0219707927 -0.0272492549 -0.116999998
v -0.0219707927 -0.0272492549 -0.110999999
v -0.0218113575 -0.0269785831 -0.116999998
v -0.0218113575 -0.0269785831 -0.110999999
v -0.0219626865 -0.0165026805 -0.126000004
v -0.0219908199 -0.016575999 -0.124000001
v -0.0218938121 -0.0162774417 -0.126000004
v -0.0219495639 -0.0164656589 -0.124000001
v -0.0218437633 -0.016007323 -0.126000004
v -0.0218846569 -0.0162392566 -0.124000001
v -0.021827322 -0.0157723949 -0.126000004
v -0.0218393192 -0.0159683178 -0.124000001
v -0.0218355426 -0.0155370281 -0.126000004
v -0.0218269786 -0.0157331226 -0.124000001
v -0.0218761501 -0.0152653263 -0.126000004
v -0.0218393192 -0.0154979274 -0.124000001
v -0.0219495639 -0.0150006053 -0.126000004
v -0.0218846569 -0.0152269886 -0.124000001
v -0.0219908199 -0.0148902652 -0.126000004
v -0.0219626865 -0.0149635837 -0.124000001
v -0.0215148792 -0.0337689922 -0.116999998
v -0.0215148792 -0.0337689922 -0.110999999
v -0.0215771732 -0.0336848209 -0.116999998
v -0.0215771732 -0.0336848209 -0.110999999
v -0.021697298 -0.0268029544 -0.116999998
v -0.021697298 -0.0268029544 -0.110999999
v -0.0216379795 -0.0267166469 -0.116999998
v -0.0216379795 -0.0267166469 -0.110999999
v -0.0212513408 -0.0340944622 -0.116999998
v -0.0212513408 -0.0340944622 -0.110999999
v -0.0213859424 -0.0339340351 -0.116999998
v -0.0213859424 -0.0339340351 -0.110999999
v -0.0214511356 -0.026464133 -0.116999998
v -0.0214511356 -0.026464133 -0.110999999
v -0.0212513408 -0.0262217472 -0.116999998
v -0.0212513408 -0.0262217472 -0.110999999
v -0.0210391101 -0.0343260524 -0.116999998
v -0.0210391101 -0.0343260524 -0.110999999
v -0.0211819515 -0.0341728923 -0.116999998
v -0.0211819515 -0.0341728923 -0.110999999
v -0.0211819515 -0.026143317 -0.116999998
v -0.0211819515 -0.026143317 -0.110999999
v -0.0210391101 -0.0259901569 -0.116999998
v -0.0210391101 -0.0259901569 -0.110999999
v -0.020815073 -0.0345462177 -0.116999998
v -0.020815073 -0.0345462177 -0.110999999
v -0.0209657154 -0.0344007442 -0.116999998
v -0.0209657154 -0.0344007442 -0.110999999
v -0.0209657154 -0.0259154651 -0.116999998
v -0.0209657154 -0.0259154651 -0.110999999
v -0.0205798015 -0.0347543666 -0.116999998
v -0.0205798015 -0.0347543666 -0.110999999
v -0.0206594333 -0.0346863697 -0.116999998
v -0.0206594333 -0.0346863697 -0.110999999
v -0.0207378635 -0.025699229 -0.116999998
v -0.0207378635 -0.025699229 -0.110999999
v -0.0203339633 -0.034949908 -0.116999998
v -0.0203339633 -0.034949908 -0.110999999
v -0.0204990062 -0.025495219 -0.116999998
v -0.0204990062 -0.025495219 -0.110999999
v -0.020078226 -0.0351323268 -0.116999998
v -0.020078226 -0.0351323268 -0.110999999
v -0.0202497921 -0.0253040073 -0.116999998
v -0.0202497921 -0.0253040073 -0.110999999
v -0.0201645336 -0.025243201 -0.116999998
v -0.0201645336 -0.025243201 -0.110999999
v -0.0198132953 -0.0353011081 -0.116999998
v -0.0198132953 -0.0353011081 -0.110999999
v -0.0199025974 -0.0352463863 -0.116999998
v -0.0199025974 -0.0352463863 -0.110999999
v -0.0199909076 -0.0251260898 -0.116999998
v -0.0199909076 -0.0251260898 -0.110999999
v -0.019539896 -0.0354557941 -0.116999998
v -0.019539896 -0.0354557941 -0.110999999
v -0.0197230777 -0.0249619434 -0.116999998
v -0.0197230777 -0.0249619434 -0.110999999
v -0.0192587909 -0.0355959461 -0.116999998
v -0.0192587909 -0.0355959461 -0.110999999
v -0.0194470272 -0.0248120639 -0.116999998
v -0.0194470272 -0.0248120639 -0.110999999
v -0.0192587909 -0.0247202632 -0.116999998
v -0.0192587909 -0.0247202632 -0.110999999
v -0.0190674648 -0.0356811283 -0.116999998
v -0.0190674648 -0.0356811283 -0.110999999
v -0.0191634998 -0.0246768329 -0.116999998
v -0.0191634998 -0.0246768329 -0.110999999
v -0.0187752018 -0.0357962558 -0.116999998
v -0.0187752018 -0.0357962558 -0.110999999
v -0.0189707241 -0.0357212017 -0.116999998
v -0.0189707241 -0.0357212017 -0.110999999
v -0.0189707241 -0.0245950077 -0.116999998
v -0.0189707241 -0.0245950077 -0.110999999
v -0.0185771808 -0.0358644435 -0.116999998
v -0.0185771808 -0.0358644435 -0.110999999
v -0.0186764774 -0.0244849918 -0.116999998
v -0.0186764774 -0.0244849918 -0.110999999
v -0.0182759914 -0.0359536502 -0.116999998
v -0.0182759914 -0.0359536502 -0.110999999
v -0.018477312 -0.0244202755 -0.116999998
v -0.018477312 -0.0244202755 -0.110999999
v -0.0180727825 -0.0360043285 -0.116999998
v -0.0180727825 -0.0360043285 -0.110999999
v -0.0181746158 -0.0359798763 -0.116999998
v -0.0181746158 -0.0359798763 -0.110999999
v -0.0181746158 -0.024336333 -0.116999998
v -0.0181746158 -0.024336333 -0.110999999
v -0.0177649555 -0.0360669467 -0.116999998
v -0.0177649555 -0.0360669467 -0.110999999
v -0.0179705486 -0.0242892215 -0.116999998
v -0.0179705486 -0.0242892215 -0.110999999
v -0.0177649555 -0.0242492626 -0.116999998
v -0.0177649555 -0.0242492626 -0.110999999
v -0.0175581226 -0.036099715 -0.116999998
v -0.0175581226 -0.036099715 -0.110999999
v -0.0176616916 -0.024231982 -0.116999998
v -0.0176616916 -0.024231982 -0.110999999
v -0.0173502407 -0.0361252353 -0.116999998
v -0.0173502407 -0.0361252353 -0.110999999
v -0.0174542865 -0.0242028186 -0.116999998
v -0.0174542865 -0.0242028186 -0.110999999
v -0.0170370922 -0.0361498783 -0.116999998
v -0.0170370922 -0.0361498783 -0.110999999
v -0.0172460041 -0.0241809413 -0.116999998
v -0.0172460041 -0.0241809413 -0.110999999
v -0.0170059261 -0.0157331226 -0.153100004
v -0.0170059261 -0.0157331226 -0.126000004
v -0.0170059261 -0.0157331226 -0.124000001
v -0.0170059261 -0.0157331226 -0.116999998
v -0.0168277988 -0.0361571834 -0.116999998
v -0.0168277988 -0.0361571834 -0.110999999
v -0.0169324741 -0.0241617534 -0.116999998
v -0.0169324741 -0.0241617534 -0.110999999
v -0.0165136776 -0.0361544559 -0.116999998
v -0.0165136776 -0.0361544559 -0.110999999
v -0.0167230663 -0.0241581104 -0.116999998
v -0.0167230663 -0.0241581104 -0.110999999
v -0.0163045368 -0.0361434887 -0.116999998
v -0.0163045368 -0.0361434887 -0.110999999
v -0.0164090595 -0.0241663311 -0.116999998
v -0.0164090595 -0.0241663311 -0.110999999
v -0.016095911 -0.0361252353 -0.116999998
v -0.016095911 -0.0361252353 -0.110999999
v -0.0162001476 -0.0241809413 -0.116999998
v -0.0162001476 -0.0241809413 -0.110999999
v -0.01578446 -0.0360842273 -0.116999998
v -0.01578446 -0.0360842273 -0.110999999
v -0.0159918651 -0.0242028186 -0.116999998
v -0.0159918651 -0.0242028186 -0.110999999
v -0.0155782184 -0.0360478733 -0.116999998
v -0.0155782184 -0.0360478733 -0.110999999
v -0.0155782184 -0.0242683361 -0.116999998
v -0.0155782184 -0.0242683361 -0.110999999
v -0.0156811771 -0.0242492626 -0.116999998
v -0.0156811771 -0.0242492626 -0.110999999
v -0.0153733692 -0.0360043285 -0.116999998
v -0.0153733692 -0.0360043285 -0.110999999
v -0.0152715358 -0.0359798763 -0.116999998
v -0.0152715358 -0.0359798763 -0.110999999
v -0.0154756031 -0.0242892215 -0.116999998
v -0.0154756031 -0.0242892215 -0.110999999
v -0.0150692424 -0.0359256694 -0.116999998
v -0.0150692424 -0.0359256694 -0.110999999
v -0.0151701602 -0.02436254 -0.116999998
v -0.0151701602 -0.02436254 -0.110999999
v -0.0147696743 -0.0358312175 -0.116999998
v -0.0147696743 -0.0358312175 -0.110999999
v -0.0149688396 -0.0244202755 -0.116999998
v -0.0149688396 -0.0244202755 -0.110999999
v -0.014572874 -0.0357595775 -0.116999998
v -0.014572874 -0.0357595775 -0.110999999
v -0.0146709499 -0.0245199535 -0.116999998
v -0.0146709499 -0.0245199535 -0.110999999
v -0.0142826519 -0.0356393764 -0.116999998
v -0.0142826519 -0.0356393764 -0.110999999
v -0.0144754276 -0.0245950077 -0.116999998
v -0.0144754276 -0.0245950077 -0.110999999
v -0.0140928516 -0.0355508754 -0.116999998
v -0.0140928516 -0.0355508754 -0.110999999
v -0.0140928516 -0.0247653339 -0.116999998
v -0.0140928516 -0.0247653339 -0.110999999
v -0.0141873607 -0.0247202632 -0.116999998
v -0.0141873607 -0.0247202632 -0.110999999
v -0.0139991245 -0.0355041454 -0.116999998
v -0.0139991245 -0.0355041454 -0.110999999
v -0.0138142261 -0.0354058216 -0.116999998
v -0.0138142261 -0.0354058216 -0.110999999
v -0.0139991245 -0.0248120639 -0.116999998
v -0.0139991245 -0.0248120639 -0.110999999
v -0.0136328563 -0.0353011081 -0.116999998
v -0.0136328563 -0.0353011081 -0.110999999
v -0.0135435543 -0.0352463863 -0.116999998
v -0.0135435543 -0.0352463863 -0.110999999
v -0.0136328563 -0.0250151012 -0.116999998
v -0.0136328563 -0.0250151012 -0.110999999
v -0.0137230739 -0.0249619434 -0.116999998
v -0.0137230739 -0.0249619434 -0.110999999
v -0.0132816181 -0.0350730083 -0.116999998
v -0.0132816181 -0.0350730083 -0.110999999
v -0.013455244 -0.0251260898 -0.116999998
v -0.013455244 -0.0251260898 -0.110999999
v -0.0131963596 -0.035012202 -0.116999998
v -0.0131963596 -0.035012202 -0.110999999
v -0.0130291042 -0.0348861644 -0.116999998
v -0.0130291042 -0.0348861644 -0.110999999
v -0.0131963596 -0.0253040073 -0.116999998
v -0.0131963596 -0.0253040073 -0.110999999
v -0.0128663501 -0.0347543666 -0.116999998
v -0.0128663501 -0.0347543666 -0.110999999
v -0.0127867183 -0.0346863697 -0.116999998
v -0.0127867183 -0.0346863697 -0.110999999
v -0.0128663501 -0.0255618427 -0.116999998
v -0.0128663501 -0.0255618427 -0.110999999
v -0.0129471454 -0.025495219 -0.116999998
v -0.0129471454 -0.025495219 -0.110999999
v -0.0126310787 -0.0345462177 -0.116999998
v -0.0126310787 -0.0345462177 -0.110999999
v -0.0125551281 -0.034474139 -0.116999998
v -0.0125551281 -0.034474139 -0.110999999
v -0.0126310787 -0.0257699726 -0.116999998
v -0.0126310787 -0.0257699726 -0.110999999
v -0.0127082881 -0.025699229 -0.116999998
v -0.0127082881 -0.025699229 -0.110999999
v -0.0123349437 -0.0342501018 -0.116999998
v -0.0123349437 -0.0342501018 -0.110999999
v -0.0122642002 -0.0341728923 -0.116999998
v -0.0122642002 -0.0341728923 -0.110999999
v -0.0123349437 -0.0260661075 -0.116999998
v -0.0123349437 -0.0260661075 -0.110999999
v -0.0124804363 -0.0259154651 -0.116999998
v -0.0124804363 -0.0259154651 -0.110999999
v -0.0121268138 -0.0340148304 -0.116999998
v -0.0121268138 -0.0340148304 -0.110999999
v -0.0120601902 -0.0339340351 -0.116999998
v -0.0120601902 -0.0339340351 -0.110999999
v -0.0121268138 -0.026301379 -0.116999998
v -0.0121268138 -0.026301379 -0.110999999
v -0.0121948108 -0.0262217472 -0.116999998
v -0.0121948108 -0.0262217472 -0.110999999
v -0.0119312534 -0.0337689922 -0.116999998
v -0.0119312534 -0.0337689922 -0.110999999
v -0.0118081722 -0.0335995624 -0.116999998
v -0.0118081722 -0.0335995624 -0.110999999
v -0.0119312534 -0.0265472171 -0.116999998
v -0.0119312534 -0.0265472171 -0.110999999
v -0.0119950161 -0.026464133 -0.116999998
v -0.0119950161 -0.026464133 -0.110999999
v -0.0117488536 -0.0335132549 -0.116999998
v -0.0117488536 -0.0335132549 -0.110999999
v -0.0116347942 -0.0333376262 -0.116999998
v -0.0116347942 -0.0333376262 -0.110999999
v -0.0115269146 -0.0331581066 -0.116999998
v -0.0115269146 -0.0331581066 -0.110999999
v -0.0115800724 -0.0270678852 -0.116999998
v -0.0115800724 -0.0270678852 -0.110999999
v -0.0117488536 -0.0268029544 -0.116999998
v -0.0117488536 -0.0268029544 -0.110999999
v -0.0114753589 -0.0330669544 -0.116999998
v -0.0114753589 -0.0330669544 -0.110999999
v -0.0113303051 -0.0327883289 -0.116999998
v -0.0113303051 -0.0327883289 -0.110999999
v -0.0112852344 -0.0326938198 -0.116999998
v -0.0112852344 -0.0326938198 -0.110999999
v -0.0113303051 -0.0275278804 -0.116999998
v -0.0113303051 -0.0275278804 -0.110999999
v -0.0114253864 -0.0273412654 -0.116999998
v -0.0114253864 -0.0273412654 -0.110999999
v -0.0114753589 -0.0272492549 -0.116999998
v -0.0114753589 -0.0272492549 -0.110999999
v -0.0112000522 -0.0325024936 -0.116999998
v -0.0112000522 -0.0325024936 -0.110999999
v -0.0111215839 -0.0323083065 -0.116999998
v -0.0111215839 -0.0323083065 -0.110999999
v -0.0110167369 -0.0320122097 -0.116999998
v -0.0110167369 -0.0320122097 -0.110999999
v -0.0110167369 -0.0283039997 -0.116999998
v -0.0110167369 -0.0283039997 -0.110999999
v -0.0111215839 -0.0280079029 -0.116999998
v -0.0111215839 -0.0280079029 -0.110999999
v -0.0112000522 -0.0278137157 -0.116999998
v -0.0112000522 -0.0278137157 -0.110999999
v -0.0112418041 -0.0277176807 -0.116999998
v -0.0112418041 -0.0277176807 -0.110999999
v -0.010955511 -0.031811919 -0.116999998
v -0.010955511 -0.031811919 -0.110999999
v -0.010876852 -0.0315078113 -0.116999998
v -0.010876852 -0.0315078113 -0.110999999
v -0.0108333072 -0.0313029621 -0.116999998
v -0.0108333072 -0.0313029621 -0.110999999
v -0.0107969532 -0.0310967205 -0.116999998
v -0.0107969532 -0.0310967205 -0.110999999
v -0.0107559452 -0.0307852695 -0.116999998
v -0.0107559452 -0.0307852695 -0.110999999
v -0.0107559452 -0.0295309398 -0.116999998
v -0.0107559452 -0.0295309398 -0.110999999
v -0.0107814655 -0.0293230579 -0.116999998
v -0.0107814655 -0.0293230579 -0.110999999
v -0.0108333072 -0.0290132473 -0.116999998
v -0.0108333072 -0.0290132473 -0.110999999
v -0.010876852 -0.028808398 -0.116999998
v -0.010876852 -0.028808398 -0.110999999
v -0.010955511 -0.0285042713 -0.116999998
v -0.010955511 -0.0285042713 -0.110999999
v -0.0109852466 -0.0284038684 -0.116999998
v -0.0109852466 -0.0284038684 -0.110999999
v -0.0107376918 -0.0305766437 -0.116999998
v -0.0107376918 -0.0305766437 -0.110999999
v -0.0107239971 -0.0302628276 -0.116999998
v -0.0107239971 -0.0302628276 -0.110999999
v -0.0107239971 -0.0300533817 -0.116999998
v -0.0107239971 -0.0300533817 -0.110999999
v -0.0107313022 -0.0298440883 -0.116999998
v -0.0107313022 -0.0298440883 -0.110999999
v -0.0107459125 -0.0296351764 -0.116999998
v -0.0107459125 -0.0296351764 -0.110999999
v -0.00251022906 -0.0585130832 -0.153100004
v -0.00251022906 -0.0585130832 -0.126000004
v -0.00251022906 -0.0585130832 -0.124000001
v -0.00251022906 -0.0585130832 -0.116999998
v 0.00244653134 -0.0592826221 -0.126000004
v 0.00248969464 -0.0593922374 -0.124000001
v 0.00236850171 -0.0590192173 -0.126000004
v 0.00243342786 -0.0592456195 -0.124000001
v 0.00232760816 -0.0587872837 -0.126000004
v 0.00236001401 -0.0589808795 -0.124000001
v 0.00231084256 -0.0585130832 -0.126000004
v 0.00232316403 -0.0587482784 -0.124000001
v 0.00232316403 -0.0582778881 -0.126000004
v 0.00231118588 -0.0584738109 -0.124000001
v 0.00236850171 -0.0580069492 -0.126000004
v 0.00232760816 -0.0582388828 -0.124000001
v 0.00243342786 -0.057780566 -0.126000004
v 0.00237767606 -0.0579687641 -0.124000001
v 0.00248969464 -0.0576339481 -0.126000004
v 0.00244653134 -0.0577435443 -0.124000001
v 0.00269549756 -0.0597712657 -0.126000004
v 0.00274054913 -0.0598356006 -0.124000001
v 0.00255607037 -0.0595345638 -0.126000004
v 0.00267383008 -0.0597385166 -0.124000001
v 0.00250535397 -0.0594282482 -0.126000004
v 0.00253856091 -0.0594994304 -0.124000001
v 0.00253856091 -0.0575267551 -0.126000004
v 0.00250535397 -0.0575979374 -0.124000001
v 0.00269549756 -0.0572549007 -0.126000004
v 0.00255607037 -0.0574916027 -0.124000001
v 0.00274054913 -0.0571905658 -0.126000004
v 0.00271773724 -0.057222533 -0.124000001
v 0.00279307752 -0.0638163898 -0.126000004
v 0.00279307752 -0.0638163898 -0.124000001
v 0.0028887692 -0.0600186298 -0.126000004
v 0.00299785046 -0.0601316021 -0.124000001
v 0.00276391415 -0.0598671672 -0.126000004
v 0.00286273389 -0.0599892185 -0.124000001
v 0.0028887692 -0.0570075367 -0.126000004
v 0.00276391415 -0.0571589992 -0.124000001
v 0.00299785046 -0.0568945644 -0.126000004
v 0.00291530042 -0.0569785831 -0.124000001
v 0.0031448689 -0.0602616642 -0.126000004
v 0.00323832898 -0.0603333805 -0.124000001
v 0.00302634625 -0.0601586292 -0.126000004
v 0.00311456113 -0.0602366779 -0.124000001
v 0.0031448689 -0.0567645023 -0.126000004
v 0.00302634625 -0.0568675373 -0.124000001
v 0.00323832898 -0.0566928051 -0.126000004
v 0.00317559628 -0.0567400692 -0.124000001
v 0.00327029614 -0.0603561733 -0.126000004
v 0.00347001462 -0.0604809711 -0.124000001
v 0.00347001462 -0.0565451953 -0.126000004
v 0.00327029614 -0.0566699932 -0.124000001
v 0.00353936581 -0.0605178592 -0.126000004
v 0.00371796994 -0.0605992458 -0.124000001
v 0.00350451856 -0.0604997203 -0.126000004
v 0.00350451856 -0.0604997203 -0.124000001
v 0.00353936581 -0.0565083263 -0.126000004
v 0.00350451856 -0.0565264461 -0.124000001
v 0.00371796994 -0.0564269207 -0.126000004
v 0.00357449918 -0.0564907978 -0.124000001
v 0.00375451474 -0.0606136463 -0.126000004
v 0.00397849469 -0.0606864116 -0.124000001
v 0.00397849469 -0.0563397548 -0.126000004
v 0.00375451474 -0.0564125392 -0.124000001
v 0.00401650815 -0.0606962535 -0.126000004
v 0.00424769788 -0.0607411907 -0.124000001
v 0.00424769788 -0.0562849758 -0.126000004
v 0.00401650815 -0.0563299129 -0.124000001
v 0.00432565122 -0.0607507656 -0.126000004
v 0.00448232083 -0.0607617137 -0.124000001
v 0.00428662686 -0.0607463214 -0.126000004
v 0.00428662686 -0.0607463214 -0.124000001
v 0.00448232083 -0.0562644527 -0.126000004
v 0.00428662686 -0.0562798641 -0.124000001
v 0.00452157407 -0.0607627437 -0.126000004
v 0.00471778302 -0.0607576129 -0.124000001
v 0.00471778302 -0.0562685726 -0.126000004
v 0.00452157407 -0.0562634227 -0.124000001
v 0.00475694089 -0.060754523 -0.126000004
v 0.00479602246 -0.0607507656 -0.124000001
v 0.00483504681 -0.0607463214 -0.126000004
v 0.00499015241 -0.0607217548 -0.124000001
v 0.00499015241 -0.0563044307 -0.126000004
v 0.00475694089 -0.0562716434 -0.124000001
v 0.0050286427 -0.0607139156 -0.126000004
v 0.00521867185 -0.0606647632 -0.124000001
v 0.00521867185 -0.0563614032 -0.126000004
v 0.0050286427 -0.0563122509 -0.124000001
v 0.00525613217 -0.0606529567 -0.126000004
v 0.00547599225 -0.0605685566 -0.124000001
v 0.00547599225 -0.0564576099 -0.126000004
v 0.00525613217 -0.0563732097 -0.124000001
v 0.00551173596 -0.0605522869 -0.126000004
v 0.00558230786 -0.0605178592 -0.124000001
v 0.00561715512 -0.0604997203 -0.126000004
v 0.00571967511 -0.0604417179 -0.124000001
v 0.00571967511 -0.0565844677 -0.126000004
v 0.00558230786 -0.0565083263 -0.124000001
v 0.0055471745 -0.0564907978 -0.126000004
v 0.00551173596 -0.0564738987 -0.124000001
v 0.00575314908 -0.0604211948 -0.126000004
v 0.00597680478 -0.0602616642 -0.124000001
v 0.00597680478 -0.0567645023 -0.126000004
v 0.00597680478 -0.0567645023 -0.124000001
v 0.00594607739 -0.0567400692 -0.126000004
v 0.00575314908 -0.0566049717 -0.124000001
v 0.00600711255 -0.0602366779 -0.126000004
v 0.00623292355 -0.0600186298 -0.124000001
v 0.00623292355 -0.0570075367 -0.126000004
v 0.00623292355 -0.0570075367 -0.124000001
v 0.00615182309 -0.0569220874 -0.126000004
v 0.00615182309 -0.0569220874 -0.124000001
v 0.00625893979 -0.0599892185 -0.126000004
v 0.00642617612 -0.0597712657 -0.124000001
v 0.0064478436 -0.0597385166 -0.126000004
v 0.00648946195 -0.059671931 -0.124000001
v 0.00648946195 -0.0573542545 -0.126000004
v 0.00642617612 -0.0572549007 -0.124000001
v 0.00640393643 -0.057222533 -0.126000004
v 0.00625893979 -0.057036948 -0.124000001
v 0.00650939374 -0.0596380947 -0.126000004
v 0.0065656033 -0.0595345638 -0.124000001
v 0.00658313184 -0.0594994304 -0.126000004
v 0.00667514233 -0.0592826221 -0.124000001
v 0.00668826489 -0.0592456195 -0.126000004
v 0.00674399762 -0.0590574024 -0.124000001
v 0.00674399762 -0.0579687641 -0.126000004
v 0.00668826489 -0.057780566 -0.124000001
v 0.00667514233 -0.0577435443 -0.126000004
v 0.00658313184 -0.0575267551 -0.124000001
v 0.0065656033 -0.0574916027 -0.126000004
v 0.00650939374 -0.0573880909 -0.124000001
v 0.00675317197 -0.0590192173 -0.126000004
v 0.00675317197 -0.0590192173 -0.124000001
v 0.00676167874 -0.0589808795 -0.126000004
v 0.00679406552 -0.0587872837 -0.124000001
v 0.00679850964 -0.0587482784 -0.126000004
v 0.00681083112 -0.0585130832 -0.124000001
v 0.00681048779 -0.0584738109 -0.126000004
v 0.00679850964 -0.0582778881 -0.124000001
v 0.00679406552 -0.0582388828 -0.126000004
v 0.00675317197 -0.0580069492 -0.124000001
v 0.00945857434 -0.0520243595 -0.126000004
v 0.00949202924 -0.0521373127 -0.124000001
v 0.00940379529 -0.0517551563 -0.126000004
v 0.00944873242 -0.051986346 -0.124000001
v 0.00938327222 -0.0515205333 -0.126000004
v 0.00939868359 -0.0517162273 -0.124000001
v 0.00938739209 -0.0512850711 -0.126000004
v 0.00938224225 -0.0514812801 -0.124000001
v 0.00942325024 -0.0510127018 -0.126000004
v 0.00939046292 -0.0512459133 -0.124000001
v 0.00948022275 -0.0507841823 -0.126000004
v 0.00943107037 -0.0509742115 -0.124000001
v 0.00949202924 -0.050746722 -0.126000004
v 0.00949202924 -0.050746722 -0.124000001
v 0.00966401486 -0.0525328395 -0.126000004
v 0.00974490552 -0.0526674602 -0.124000001
v 0.00954574017 -0.0522848842 -0.126000004
v 0.00964526563 -0.0524983356 -0.124000001
v 0.00950448422 -0.0521745441 -0.126000004
v 0.00953135877 -0.0522483394 -0.124000001
v 0.00957642941 -0.0505268619 -0.126000004
v 0.00950448422 -0.0507094905 -0.124000001
v 0.00970328717 -0.050283179 -0.126000004
v 0.00959271817 -0.0504911182 -0.124000001
v 0.00974490552 -0.0502165744 -0.126000004
v 0.00972379117 -0.0502497051 -0.124000001
v 0.00981162457 -0.0527645443 -0.126000004
v 0.00998635678 -0.0529765079 -0.124000001
v 0.009766573 -0.0527002094 -0.126000004
v 0.00978881268 -0.052732558 -0.124000001
v 0.00988332181 -0.0500260494 -0.126000004
v 0.009766573 -0.0501838253 -0.124000001
v 0.00998635678 -0.0499075267 -0.126000004
v 0.00990830808 -0.0499957416 -0.124000001
v 0.0100133839 -0.0530050037 -0.126000004
v 0.0102466717 -0.0532150409 -0.124000001
v 0.0101263562 -0.0497699497 -0.126000004
v 0.0100133839 -0.0498790309 -0.124000001
v 0.0102466717 -0.0496689937 -0.126000004
v 0.0101557675 -0.0497439144 -0.124000001
v 0.0103093853 -0.053262305 -0.126000004
v 0.010473074 -0.0533706424 -0.124000001
v 0.0102778187 -0.05323894 -0.126000004
v 0.0102778187 -0.05323894 -0.124000001
v 0.010473074 -0.0495133922 -0.126000004
v 0.0102778187 -0.0496450946 -0.124000001
v 0.0105069104 -0.0533905742 -0.126000004
v 0.0107167569 -0.0534975002 -0.124000001
v 0.0107167569 -0.0493865345 -0.126000004
v 0.0105069104 -0.0494934604 -0.124000001
v 0.0107527676 -0.0535131595 -0.126000004
v 0.0109740773 -0.0535937069 -0.124000001
v 0.0109740773 -0.0492903278 -0.126000004
v 0.0107527676 -0.0493708751 -0.124000001
v 0.0110117283 -0.0536048648 -0.126000004
v 0.0112412014 -0.0536578319 -0.124000001
v 0.0110875836 -0.0492588565 -0.126000004
v 0.0110117283 -0.0492791889 -0.124000001
v 0.0112412014 -0.0492262027 -0.126000004
v 0.0111257687 -0.0492496822 -0.124000001
v 0.0112799206 -0.0536643169 -0.126000004
v 0.011474947 -0.0536865375 -0.124000001
v 0.011474947 -0.0491974971 -0.126000004
v 0.0112799206 -0.0492197177 -0.124000001
v 0.011514143 -0.0536889408 -0.126000004
v 0.0117496624 -0.0536889408 -0.124000001
v 0.0117496624 -0.0491950939 -0.126000004
v 0.011514143 -0.0491950939 -0.124000001
v 0.0116319027 -0.0443709514 -0.153100004
v 0.0116319027 -0.0443709514 -0.126000004
v 0.0116319027 -0.0443709514 -0.124000001
v 0.0116319027 -0.0443709514 -0.116999998
v 0.0117888585 -0.0536865375 -0.126000004
v 0.0119838849 -0.0536643169 -0.124000001
v 0.0119838849 -0.0492197177 -0.126000004
v 0.0117888585 -0.0491974971 -0.124000001
v 0.0120226231 -0.0536578319 -0.126000004
v 0.0122142544 -0.0536153553 -0.124000001
v 0.0122142544 -0.0492686794 -0.126000004
v 0.0121762219 -0.0492588565 -0.124000001
v 0.0121380558 -0.0492496822 -0.126000004
v 0.0120226231 -0.0492262027 -0.124000001
v 0.0122520962 -0.0536048648 -0.126000004
v 0.0124747792 -0.0535281894 -0.124000001
v 0.0124747792 -0.0493558452 -0.126000004
v 0.0122520962 -0.0492791889 -0.124000001
v 0.0125110569 -0.0535131595 -0.126000004
v 0.0125110569 -0.0535131595 -0.124000001
v 0.0125470677 -0.0534975002 -0.126000004
v 0.0127227345 -0.0534099147 -0.124000001
v 0.0127227345 -0.0494741199 -0.126000004
v 0.0125110569 -0.0493708751 -0.124000001
v 0.0127569142 -0.0533905742 -0.126000004
v 0.0129544201 -0.053262305 -0.124000001
v 0.0129859868 -0.05323894 -0.126000004
v 0.0129859868 -0.05323894 -0.124000001
v 0.0129859868 -0.0496450946 -0.126000004
v 0.0127907506 -0.0495133922 -0.124000001
v 0.0127569142 -0.0494934604 -0.126000004
v 0.0127569142 -0.0494934604 -0.124000001
v 0.0130171528 -0.0532150409 -0.126000004
v 0.0132228985 -0.0530330036 -0.124000001
v 0.0132228985 -0.0498510311 -0.126000004
v 0.0132228985 -0.0498510311 -0.124000001
v 0.013108038 -0.0497439144 -0.126000004
v 0.0130171528 -0.0496689937 -0.124000001
v 0.0132504216 -0.0530050037 -0.126000004
v 0.0132504216 -0.0530050037 -0.124000001
v 0.0132774487 -0.0529765079 -0.126000004
v 0.0134522 -0.0527645443 -0.124000001
v 0.0134749928 -0.052732558 -0.126000004
v 0.0134972325 -0.0527002094 -0.124000001
v 0.0134972325 -0.0501838253 -0.126000004
v 0.0133804837 -0.0500260494 -0.124000001
v 0.0133554974 -0.0499957416 -0.126000004
v 0.0132504216 -0.0498790309 -0.124000001
v 0.013518919 -0.0526674602 -0.126000004
v 0.0135998097 -0.0525328395 -0.124000001
v 0.0136185399 -0.0524983356 -0.126000004
v 0.0137180653 -0.0522848842 -0.124000001
v 0.0137324658 -0.0522483394 -0.126000004
v 0.0137462178 -0.0522115657 -0.124000001
v 0.0137462178 -0.0506724689 -0.126000004
v 0.0136873761 -0.0505268619 -0.124000001
v 0.0136711064 -0.0504911182 -0.126000004
v 0.0135605374 -0.050283179 -0.124000001
v 0.0135400143 -0.0502497051 -0.126000004
v 0.013518919 -0.0502165744 -0.124000001
v 0.0137593213 -0.0521745441 -0.126000004
v 0.0138052311 -0.0520243595 -0.124000001
v 0.0138150731 -0.051986346 -0.126000004
v 0.0138600102 -0.0517551563 -0.124000001
v 0.013865141 -0.0517162273 -0.126000004
v 0.0138805333 -0.0515205333 -0.124000001
v 0.0138815632 -0.0514812801 -0.126000004
v 0.0138764325 -0.0512850711 -0.124000001
v 0.0138733426 -0.0512459133 -0.126000004
v 0.0138405743 -0.0510127018 -0.124000001
v 0.0138327351 -0.0509742115 -0.126000004
v 0.0137835827 -0.0507841823 -0.124000001
v 0.0137717762 -0.050746722 -0.126000004
v 0.0137593213 -0.0507094905 -0.124000001
v 0.0169352093 -0.049674258 -0.126000004
v 0.0169352093 -0.049674258 -0.124000001
v 0.00240416913 -0.0456791065 -0.0880000019
v 0.00240416913 -0.0456791065 -0.0679999995
v 0.00240416913 -0.0350724933 -0.0880000019
v 0.00240416913 -0.0350724933 -0.0679999995
v 0.00258119016 -0.0455020855 -0.0830392671
v 0.00258311658 -0.04550014 -0.0828822446
v 0.00258119016 -0.0455020855 -0.0730392671
v 0.00258311658 -0.04550014 -0.0728822446
v 0.00267688184 -0.0454063747 -0.0837695456
v 0.00262172131 -0.0454615352 -0.0835061407
v 0.00259280591 -0.0454904697 -0.0832742071
v 0.00258481412 -0.0454984424 -0.0831569529
v 0.00258965878 -0.0454935978 -0.0827648115
v 0.00261571317 -0.0454675624 -0.0825321984
v 0.00266761212 -0.0454156444 -0.0822674727
v 0.00274196057 -0.045341296 -0.0820136642
v 0.00267688184 -0.0454063747 -0.0737695456
v 0.00262172131 -0.0454615352 -0.0735061407
v 0.00259280591 -0.0454904697 -0.0732742071
v 0.00258481412 -0.0454984424 -0.0731569529
v 0.00258965878 -0.0454935978 -0.0727648115
v 0.00261571317 -0.0454675624 -0.0725321984
v 0.00266761212 -0.0454156444 -0.0722674727
v 0.00274196057 -0.045341296 -0.0720136642
v 0.00275433926 -0.0453289173 -0.0840214777
v 0.00282269864 -0.0452605579 -0.0818076825
v 0.00275433926 -0.0453289173 -0.0740214777
v 0.00282269864 -0.0452605579 -0.0718076825
v 0.00298959165 -0.0450936649 -0.0845055437
v 0.00285293012 -0.0452303264 -0.0842581844
v 0.00283761411 -0.0452456424 -0.0842254376
v 0.00283761411 -0.0452456424 -0.0817745614
v 0.00297118573 -0.0451120708 -0.0815238667
v 0.00298959165 -0.0450936649 -0.0814944553
v 0.00298959165 -0.0450936649 -0.0745055437
v 0.00285293012 -0.0452303264 -0.0742581844
v 0.00283761411 -0.0452456424 -0.0742254376
v 0.00283761411 -0.0452456424 -0.0717745614
v 0.00297118573 -0.0451120708 -0.0715238667
v 0.00298959165 -0.0450936649 -0.0714944553
v 0.00300835996 -0.0450749157 -0.0845344973
v 0.0030667439 -0.0450165317 -0.0813814855
v 0.00300835996 -0.0450749157 -0.0745344973
v 0.0030667439 -0.0450165317 -0.0713814855
v 0.0031924191 -0.0448908374 -0.0847730231
v 0.0030868855 -0.0449963901 -0.0846455455
v 0.0031706944 -0.0449125812 -0.081251421
v 0.00323676495 -0.0448464916 -0.0811797118
v 0.0031924191 -0.0448908374 -0.0747730231
v 0.0030868855 -0.0449963901 -0.0746455455
v 0.0031706944 -0.0449125812 -0.071251421
v 0.00323676495 -0.0448464916 -0.0711797118
v 0.00325936704 -0.0448238895 -0.084843092
v 0.00332883267 -0.0447544239 -0.0810918927
v 0.00325936704 -0.0448238895 -0.074843092
v 0.00332883267 -0.0447544239 -0.0710918927
v 0.00344964414 -0.0446336315 -0.0850047636
v 0.00335250287 -0.0447307537 -0.084928627
v 0.00342500119 -0.0446582553 -0.0810133672
v 0.00349954038 -0.0445837162 -0.0809608078
v 0.00344964414 -0.0446336315 -0.0750047636
v 0.00335250287 -0.0447307537 -0.074928627
v 0.00342500119 -0.0446582553 -0.0710133672
v 0.00349954038 -0.0445837162 -0.0709608078
v 0.00352481274 -0.0445584438 -0.0850554752
v 0.00357592969 -0.0445073268 -0.080913837
v 0.00352481274 -0.0445584438 -0.0750554776
v 0.00357592969 -0.0445073268 -0.070913837
v 0.00360177426 -0.0444814823 -0.0851005554
v 0.00373340039 -0.0443498752 -0.0808371615
v 0.00360177426 -0.0444814823 -0.0751005554
v 0.00373340039 -0.0443498752 -0.0708371615
v 0.00381837277 -0.0470933101 -0.0880000019
v 0.00381837277 -0.0470933101 -0.0679999995
v 0.00399903684 -0.0469126651 -0.0831569529
v 0.00399514584 -0.0469165371 -0.0829999995
v 0.00399903684 -0.0469126651 -0.0731569529
v 0.00399514584 -0.0469165371 -0.0729999995
v 0.00376016049 -0.0443231151 -0.0851733351
v 0.00381404309 -0.0442692325 -0.0808076668
v 0.00376016049 -0.0443231151 -0.0751733327
v 0.00381404309 -0.0442692325 -0.0708076668
v 0.00384114652 -0.04424211 -0.0852008343
v 0.00397803693 -0.0441052196 -0.0807667708
v 0.00384114652 -0.04424211 -0.0752008319
v 0.00397803693 -0.0441052196 -0.0707667708
v 0.00415616422 -0.0467555187 -0.0839863348
v 0.00408183484 -0.0468298481 -0.0837325287
v 0.00402991681 -0.0468817661 -0.0834678006
v 0.00400386243 -0.0469078205 -0.0832351899
v 0.00400121121 -0.0469104717 -0.0828039002
v 0.00400700955 -0.0469046733 -0.0827257943
v 0.00403592496 -0.0468757579 -0.0824938607
v 0.00409110455 -0.0468205783 -0.0822304535
v 0.00415616422 -0.0467555187 -0.0739863348
v 0.00408183484 -0.0468298481 -0.0737325287
v 0.00402991681 -0.0468817661 -0.0734678006
v 0.00400386243 -0.0469078205 -0.0732351899
v 0.00400121121 -0.0469104717 -0.0728039002
v 0.00400700955 -0.0469046733 -0.0727257943
v 0.00403592496 -0.0468757579 -0.0724938607
v 0.00409110455 -0.0468205783 -0.0722304535
v 0.00423690228 -0.0466747806 -0.0841923189
v 0.00416856198 -0.0467431209 -0.0819785213
v 0.00423690228 -0.0466747806 -0.0741923189
v 0.00416856198 -0.0467431209 -0.0719785213
v 0.00400561719 -0.0440776393 -0.0852376747
v 0.00406094937 -0.0440223072 -0.0807554817
v 0.00400561719 -0.0440776393 -0.0752376747
v 0.00406094937 -0.0440223072 -0.0707554817
v 0.00417193799 -0.0439113376 -0.085250001
v 0.00408866315 -0.0439945934 -0.0852469158
v 0.00422746091 -0.0438558147 -0.0807513714
v 0.00417193799 -0.0439113376 -0.075250001
v 0.00408866315 -0.0439945934 -0.0752469158
v 0.00422746091 -0.0438558147 -0.0707513714
v 0.00440381436 -0.0465078876 -0.0845055437
v 0.00438540845 -0.0465262744 -0.0844761324
v 0.00425181775 -0.0466598651 -0.0842254376
v 0.00425181775 -0.0466598651 -0.0817745614
v 0.00426715283 -0.0466445301 -0.081741817
v 0.00440381436 -0.0465078876 -0.0814944553
v 0.00440381436 -0.0465078876 -0.0745055437
v 0.00438540845 -0.0465262744 -0.0744761324
v 0.00425181775 -0.0466598651 -0.0742254376
v 0.00425181775 -0.0466598651 -0.0717745614
v 0.00426715283 -0.0466445301 -0.071741817
v 0.00440381436 -0.0465078876 -0.0714944553
v 0.00448094754 -0.0464307354 -0.0846185136
v 0.0044225636 -0.0464891193 -0.0814655042
v 0.00448094754 -0.0464307354 -0.0746185136
v 0.0044225636 -0.0464891193 -0.0714655042
v 0.00425519376 -0.0438280628 -0.0852469158
v 0.00431060223 -0.0437726734 -0.0807585621
v 0.00425519376 -0.0438280628 -0.0752469158
v 0.00431060223 -0.0437726734 -0.0707585621
v 0.00433823972 -0.0437450359 -0.0852376747
v 0.0044755116 -0.043607764 -0.0807913399
v 0.00433823972 -0.0437450359 -0.0752376747
v 0.0044755116 -0.043607764 -0.0707913399
v 0.00465098767 -0.0462607143 -0.0848202872
v 0.00458489804 -0.0463267849 -0.0847485781
v 0.00450108914 -0.0464105938 -0.0813544536
v 0.00460662274 -0.0463050602 -0.0812269759
v 0.00465098767 -0.0462607143 -0.0748202872
v 0.00458489804 -0.0463267849 -0.0747485781
v 0.00450108914 -0.0464105938 -0.0713544536
v 0.00460662274 -0.0463050602 -0.0712269759
v 0.00474305539 -0.0461686466 -0.0849081087
v 0.00467358975 -0.0462380931 -0.0811569071
v 0.00474305539 -0.0461686466 -0.0749081087
v 0.00467358975 -0.0462380931 -0.0711569071
v 0.00450271039 -0.0435805461 -0.0852008343
v 0.00455682187 -0.0435264347 -0.080816834
v 0.00450271039 -0.0435805461 -0.0752008319
v 0.00455682187 -0.0435264347 -0.070816834
v 0.00458371549 -0.0434995601 -0.0851733351
v 0.00474208264 -0.0433411739 -0.0808994436
v 0.00458371549 -0.0434995601 -0.0751733327
v 0.00474208264 -0.0433411739 -0.0708994436
v 0.00488870053 -0.0460229824 -0.0850222874
v 0.00483922391 -0.0460724781 -0.0849866319
v 0.00476672559 -0.0461449573 -0.0810713744
v 0.00486384778 -0.0460478351 -0.0809952354
v 0.00488870053 -0.0460229824 -0.0750222874
v 0.00483922391 -0.0460724781 -0.0749866319
v 0.00476672559 -0.0461449573 -0.0710713744
v 0.00486384778 -0.0460478351 -0.0709952354
v 0.00499015241 -0.0459215496 -0.0850861645
v 0.00491376309 -0.0459979198 -0.0809608078
v 0.00499015241 -0.0459215496 -0.0750861645
v 0.00491376309 -0.0459979198 -0.0709608078
v 0.00476792722 -0.0433153293 -0.0850861645
v 0.00481904416 -0.0432642124 -0.0809445238
v 0.00476792722 -0.0433153293 -0.0750861645
v 0.00481904416 -0.0432642124 -0.0709445238
v 0.00484431653 -0.0432389591 -0.0850391912
v 0.00491885571 -0.0431644008 -0.0849866319
v 0.00499135404 -0.0430919025 -0.0810713744
v 0.00489423184 -0.0431890438 -0.0809952354
v 0.00484431653 -0.0432389591 -0.0750391936
v 0.00491885571 -0.0431644008 -0.0749866319
v 0.00499135404 -0.0430919025 -0.0710713744
v 0.00489423184 -0.0431890438 -0.0709952354
v 0.00514760404 -0.0457640789 -0.0851628399
v 0.00501597791 -0.045895705 -0.0808994436
v 0.00514760404 -0.0457640789 -0.0751628399
v 0.00501597791 -0.045895705 -0.0708994436
v 0.00522824674 -0.0456834362 -0.0851923323
v 0.00517436414 -0.0457373188 -0.0808266664
v 0.00522824674 -0.0456834362 -0.0751923323
v 0.00517436414 -0.0457373188 -0.0708266664
v 0.00501502423 -0.0430682323 -0.0849081087
v 0.00506160169 -0.0430216548 -0.081134665
v 0.00501502423 -0.0430682323 -0.0749081087
v 0.00506160169 -0.0430216548 -0.071134665
v 0.00508448987 -0.0429987857 -0.084843092
v 0.00517318158 -0.042910094 -0.0847485781
v 0.00523650555 -0.042846751 -0.0813279247
v 0.00515143781 -0.0429318187 -0.0812269759
v 0.00508448987 -0.0429987857 -0.074843092
v 0.00517318158 -0.042910094 -0.0747485781
v 0.00523650555 -0.042846751 -0.0713279247
v 0.00515143781 -0.0429318187 -0.0712269759
v 0.00539225964 -0.0455194423 -0.0852332306
v 0.00525535016 -0.0456563327 -0.0807991672
v 0.00539225964 -0.0455194423 -0.0752332282
v 0.00525535016 -0.0456563327 -0.0707991672
v 0.00547515302 -0.0454365299 -0.0852445173
v 0.00541983991 -0.045491843 -0.0807623267
v 0.00547515302 -0.0454365299 -0.0752445197
v 0.00541983991 -0.045491843 -0.0707623267
v 0.00525699048 -0.0428262851 -0.0846455455
v 0.00531638532 -0.0427668712 -0.0814370179
v 0.00525699048 -0.0428262851 -0.0746455455
v 0.00531638532 -0.0427668712 -0.0714370179
v 0.00533551602 -0.0427477596 -0.0845344973
v 0.00537267117 -0.0427106044 -0.0844761324
v 0.00549092679 -0.0425923488 -0.081741817
v 0.00535426526 -0.0427289913 -0.0814944553
v 0.00533551602 -0.0427477596 -0.0745344973
v 0.00537267117 -0.0427106044 -0.0744761324
v 0.00549092679 -0.0425923488 -0.071741817
v 0.00535426526 -0.0427289913 -0.0714944553
v 0.00558614163 -0.0453255413 -0.085250001
v 0.00564166455 -0.0452700183 -0.0852486277
v 0.00550288587 -0.0454088161 -0.0807530832
v 0.00558614163 -0.0453255413 -0.075250001
v 0.00564166455 -0.0452700183 -0.07524863
v 0.00550288587 -0.0454088161 -0.0707530832
v 0.00572480588 -0.045186877 -0.085241437
v 0.00566941647 -0.0452422855 -0.0807530832
v 0.00572480588 -0.045186877 -0.075241437
v 0.00566941647 -0.0452422855 -0.0707530832
v 0.0055062428 -0.0425770137 -0.0842254376
v 0.00557670026 -0.0425065754 -0.0819436884
v 0.0055062428 -0.0425770137 -0.0742254376
v 0.00557670026 -0.0425065754 -0.0719436884
v 0.00558951764 -0.0424937389 -0.0840214777
v 0.00560189633 -0.0424813602 -0.0839863348
v 0.00567624478 -0.0424070118 -0.0837325287
v 0.00572816281 -0.0423551128 -0.0834678006
v 0.00574744611 -0.0423358295 -0.0826868606
v 0.00572213559 -0.0423611209 -0.0824938607
v 0.00566697507 -0.0424162815 -0.0822304535
v 0.00558951764 -0.0424937389 -0.0819785213
v 0.00558951764 -0.0424937389 -0.0740214777
v 0.00560189633 -0.0424813602 -0.0739863348
v 0.00567624478 -0.0424070118 -0.0737325287
v 0.00572816281 -0.0423551128 -0.0734678006
v 0.00574744611 -0.0423358295 -0.0726868606
v 0.00572213559 -0.0423611209 -0.0724938607
v 0.00566697507 -0.0424162815 -0.0722304535
v 0.00558951764 -0.0424937389 -0.0719785213
v 0.00588971524 -0.0450219677 -0.0852086592
v 0.00575244336 -0.0451592395 -0.0807623267
v 0.00588971524 -0.0450219677 -0.0752086616
v 0.00575244336 -0.0451592395 -0.0707623267
v 0.00599791913 -0.0449137638 -0.0851733351
v 0.00591693311 -0.0449947498 -0.0807991672
v 0.00599791913 -0.0449137638 -0.0751733327
v 0.00591693311 -0.0449947498 -0.0707991672
v 0.00575107007 -0.0423322055 -0.0832742071
v 0.00575419812 -0.0423290584 -0.0832351899
v 0.0057629147 -0.0423203418 -0.0829999995
v 0.00575107007 -0.0423322055 -0.0827257943
v 0.00575107007 -0.0423322055 -0.0732742071
v 0.00575419812 -0.0423290584 -0.0732351899
v 0.0057629147 -0.0423203418 -0.0729999995
v 0.00575107007 -0.0423322055 -0.0727257943
v 0.00615630536 -0.0447553775 -0.0851005554
v 0.00602467923 -0.0448870037 -0.0808371615
v 0.00615630536 -0.0447553775 -0.0751005554
v 0.00602467923 -0.0448870037 -0.0708371615
v 0.00623326688 -0.0446784351 -0.0850554752
v 0.00618213086 -0.044729552 -0.080913837
v 0.00623326688 -0.0446784351 -0.0750554776
v 0.00618213086 -0.044729552 -0.070913837
v 0.00630843549 -0.0446032474 -0.0850047636
v 0.00640555768 -0.0445061252 -0.084928627
v 0.00633305936 -0.0445786235 -0.0810133672
v 0.00625852017 -0.0446531627 -0.0809608078
v 0.00630843549 -0.0446032474 -0.0750047636
v 0.00640555768 -0.0445061252 -0.074928627
v 0.00633305936 -0.0445786235 -0.0710133672
v 0.00625852017 -0.0446531627 -0.0709608078
v 0.00649869351 -0.0444129894 -0.084843092
v 0.00642924695 -0.044482455 -0.0810918927
v 0.00649869351 -0.0444129894 -0.074843092
v 0.00642924695 -0.044482455 -0.0710918927
v 0.00656566052 -0.0443460414 -0.0847730231
v 0.00665072827 -0.0442609737 -0.0846720767
v 0.00658738522 -0.0443242977 -0.081251421
v 0.00652129559 -0.0443903873 -0.0811797118
v 0.00656566052 -0.0443460414 -0.0747730231
v 0.00665072827 -0.0442609737 -0.0746720767
v 0.00658738522 -0.0443242977 -0.071251421
v 0.00652129559 -0.0443903873 -0.0711797118
v 0.00674971967 -0.0441619632 -0.0845344973
v 0.00667119412 -0.0442404888 -0.0813544536
v 0.00674971967 -0.0441619632 -0.0745344973
v 0.00667119412 -0.0442404888 -0.0713544536
v 0.00676848798 -0.044143214 -0.0845055437
v 0.00690513043 -0.0440065525 -0.0842581844
v 0.00678687482 -0.0441248081 -0.0815238667
v 0.00676848798 -0.044143214 -0.0814944553
v 0.00676848798 -0.044143214 -0.0745055437
v 0.00690513043 -0.0440065525 -0.0742581844
v 0.00678687482 -0.0441248081 -0.0715238667
v 0.00676848798 -0.044143214 -0.0714944553
v 0.0069909039 -0.043920779 -0.0840563107
v 0.00692046552 -0.0439912365 -0.0817745614
v 0.0069909039 -0.043920779 -0.0740563107
v 0.00692046552 -0.0439912365 -0.0717745614
v 0.00700372128 -0.0439079616 -0.0840214777
v 0.00708117871 -0.0438305042 -0.0837695456
v 0.00713635831 -0.0437753246 -0.0835061407
v 0.00716164975 -0.0437500331 -0.0833131385
v 0.00714236646 -0.0437693164 -0.0825321984
v 0.00709044843 -0.0438212345 -0.0822674727
v 0.00701611905 -0.0438955638 -0.0820136642
v 0.00700372128 -0.0439079616 -0.0819785213
v 0.00700372128 -0.0439079616 -0.0740214777
v 0.00708117871 -0.0438305042 -0.0737695456
v 0.00713635831 -0.0437753246 -0.0735061407
v 0.00716164975 -0.0437500331 -0.0733131385
v 0.00714236646 -0.0437693164 -0.0725321984
v 0.00709044843 -0.0438212345 -0.0722674727
v 0.00701611905 -0.0438955638 -0.0720136642
v 0.00700372128 -0.0439079616 -0.0719785213
v 0.00716527371 -0.0437464092 -0.0832742071
v 0.00717688947 -0.0437347934 -0.0830392671
v 0.00717713742 -0.0437345455 -0.0829999995
v 0.00716527371 -0.0437464092 -0.0827257943
v 0.00716527371 -0.0437464092 -0.0732742071
v 0.00717688947 -0.0437347934 -0.0730392671
v 0.00717713742 -0.0437345455 -0.0729999995
v 0.00716527371 -0.0437464092 -0.0727257943
v 0.00770745664 -0.0403757999 -0.0880000019
v 0.00770745664 -0.0403757999 -0.0679999995
v 0.00912167935 -0.0417900035 -0.0880000019
v 0.00912167935 -0.0417900035 -0.0679999995
v 0.0152344265 -0.0137569568 -0.078731215
v 0.0152131215 -0.0137782428 -0.0784185386
v 0.0152053776 -0.0137860057 -0.0782093978
v 0.0152028027 -0.0137885807 -0.0779999995
v 0.015208601 -0.0137827632 -0.0776859832
v 0.0152189389 -0.0137724445 -0.0774770665
v 0.0152440777 -0.0137472866 -0.0788350391
v 0.0152440777 -0.0137472866 -0.0771649623
v 0.0154845944 -0.013506789 -0.0801502085
v 0.0154339352 -0.0135574291 -0.0799534082
v 0.0153671399 -0.0136242244 -0.0796538234
v 0.0153288212 -0.0136625621 -0.0794515324
v 0.0152954998 -0.0136958644 -0.0792474699
v 0.0152550259 -0.0137363575 -0.0789386058
v 0.0152550259 -0.0137363575 -0.0770613933
v 0.015267252 -0.0137241314 -0.0769581103
v 0.0153115407 -0.0136798427 -0.0766502929
v 0.0153473607 -0.0136440227 -0.0764470863
v 0.0153881779 -0.0136032054 -0.0762457705
v 0.0154586545 -0.0135327289 -0.0759478784
v 0.0157347432 -0.0132566402 -0.0809088588
v 0.0156652203 -0.0133261631 -0.0807239437
v 0.0155695858 -0.0134217784 -0.0804404187
v 0.015511736 -0.0134796474 -0.0802476406
v 0.015511736 -0.0134796474 -0.0757523608
v 0.0155400601 -0.0134513042 -0.0756556129
v 0.0156002942 -0.0133910892 -0.0754642916
v 0.0156994 -0.0132919643 -0.0751831698
v 0.0159700718 -0.0130213115 -0.0814414597
v 0.0158474675 -0.0131438968 -0.0811795163
v 0.0157711926 -0.0132201717 -0.080999999
v 0.0157711926 -0.0132201717 -0.075
v 0.0158087864 -0.0131825969 -0.0749097705
v 0.0158872548 -0.0131041286 -0.0747321653
v 0.0161953869 -0.0127959964 -0.0818567252
v 0.0161021939 -0.0128891895 -0.0816939688
v 0.0160130635 -0.0129783008 -0.0744732881
v 0.0161482945 -0.0128430889 -0.0742240787
v 0.0162434712 -0.0127479122 -0.0819363546
v 0.0162434712 -0.0127479122 -0.0740636468
v 0.0164454403 -0.012545943 -0.0822426414
v 0.0162925473 -0.0126988361 -0.0739852166
v 0.0164982548 -0.0124931285 -0.0823160386
v 0.0164982548 -0.0124931285 -0.0736839604
v 0.0167183247 -0.0122730587 -0.0825962663
v 0.0166065541 -0.0123848293 -0.082458868
v 0.0165519658 -0.0124394176 -0.073611877
v 0.0166620198 -0.0123293636 -0.0734717417
v 0.0169516697 -0.0120396946 -0.0828541017
v 0.0168334141 -0.0121579692 -0.0827280641
v 0.0167754498 -0.0122159145 -0.0733371234
v 0.0168921605 -0.0120992229 -0.0732081866
v 0.0171971837 -0.0117941997 -0.0830882883
v 0.0170729771 -0.0119183872 -0.0829742265
v 0.017011961 -0.0119794223 -0.0730850887
v 0.0171347371 -0.0118566463 -0.0729679775
v 0.0174536458 -0.0115377376 -0.0832976866
v 0.017388567 -0.0116028163 -0.0832477188
v 0.0172603169 -0.0117310665 -0.0728569961
v 0.0174536458 -0.0115377376 -0.0727023149
v 0.0177197972 -0.0112715862 -0.0834812737
v 0.0175193158 -0.0114720676 -0.0726539612
v 0.0179250088 -0.0110663745 -0.0836014819
v 0.0177876988 -0.0112036655 -0.0724769711
v 0.01799436 -0.0109970043 -0.0836381555
v 0.01799436 -0.0109970043 -0.0723618436
v 0.0182050076 -0.0107863758 -0.0837378287
v 0.018064169 -0.0109272144 -0.072326889
v 0.0184910527 -0.0105003307 -0.083846221
v 0.0182759991 -0.0107153652 -0.07223243
v 0.0187087002 -0.0102826641 -0.0839088464
v 0.0185633412 -0.0104280422 -0.072131114
v 0.0189283886 -0.0100629947 -0.083955276
v 0.0187817326 -0.0102096317 -0.0720738697
v 0.0192233983 -0.00976798511 -0.0839917779
v 0.0190019551 -0.00998940921 -0.0720328689
v 0.019461588 -0.0180150745 -0.0785229349
v 0.0194512501 -0.0180254123 -0.0783140159
v 0.0194460812 -0.0180305812 -0.0781047153
v 0.0194454327 -0.0180312297 -0.0779999995
v 0.0194557705 -0.0180208919 -0.0775814605
v 0.0194686833 -0.0180079792 -0.0773728299
v 0.0194867268 -0.0179899356 -0.0788350391
v 0.0194770565 -0.0179996059 -0.078731215
v 0.0194770565 -0.0179996059 -0.077268784
v 0.019497675 -0.0179789875 -0.0770613933
v 0.0194454327 -0.00954595066 -0.084000001
v 0.0193713894 -0.00961999393 -0.0839990854
v 0.0192973652 -0.00969399906 -0.0720036554
v 0.0197013035 -0.0177753589 -0.0800521207
v 0.019630827 -0.0178458355 -0.079754231
v 0.0195900097 -0.0178866527 -0.0795529151
v 0.0195541707 -0.0179224918 -0.0793497062
v 0.0195099011 -0.0179667614 -0.0790418887
v 0.0195381489 -0.0179385135 -0.0767525291
v 0.0195714703 -0.0179051921 -0.0765484691
v 0.0196097889 -0.0178668735 -0.0763461757
v 0.0196765843 -0.0178000782 -0.0760465908
v 0.0197013035 -0.0177753589 -0.0759478784
v 0.0197272244 -0.0177494381 -0.0801502085
v 0.0197272244 -0.0177494381 -0.075849793
v 0.0196674862 -0.00932389713 -0.0839917779
v 0.019519476 -0.00947188831 -0.0720009136
v 0.019741396 -0.00924998737 -0.0839853835
v 0.019741396 -0.00924998737 -0.0720146155
v 0.0199420491 -0.0175346134 -0.0808168292
v 0.0198429432 -0.0176337192 -0.0805357099
v 0.0197827092 -0.0176939533 -0.0803443861
v 0.019754366 -0.0177222965 -0.0802476406
v 0.019754366 -0.0177222965 -0.0757523608
v 0.0198122349 -0.0176644275 -0.0755595803
v 0.0199078503 -0.0175688121 -0.0752760577
v 0.0199420491 -0.0175346134 -0.0751831698
v 0.0199773732 -0.0174992702 -0.0809088588
v 0.0199773732 -0.0174992702 -0.0750911427
v 0.0199624768 -0.00902888751 -0.083955276
v 0.0198152104 -0.00917617298 -0.0720228314
v 0.0201299038 -0.0173467586 -0.0812678337
v 0.0200514164 -0.0174252269 -0.0810902286
v 0.0200138417 -0.0174628208 -0.080999999
v 0.0200138417 -0.0174628208 -0.075
v 0.0200901165 -0.0173865459 -0.0748204851
v 0.0202127018 -0.0172639415 -0.0745585418
v 0.0201821652 -0.00880921817 -0.0839088464
v 0.0200358906 -0.00895547367 -0.0720583916
v 0.0203909245 -0.0170857379 -0.0817759228
v 0.0202557126 -0.0172209499 -0.081526711
v 0.0203448239 -0.0171318195 -0.0743060303
v 0.0204380169 -0.0170386264 -0.0741432738
v 0.0204861203 -0.0169905422 -0.0819363546
v 0.0204861203 -0.0169905422 -0.0740636468
v 0.0204718152 -0.00851954914 -0.0838217735
v 0.0202549687 -0.00873641468 -0.0721102381
v 0.0205351773 -0.0169414852 -0.0820147848
v 0.0206880703 -0.016788573 -0.07375736
v 0.0207408848 -0.0167357776 -0.0823160386
v 0.0207408848 -0.0167357776 -0.0736839604
v 0.0206148663 -0.00837651706 -0.0837675691
v 0.0206858578 -0.00830550647 -0.0837378287
v 0.0206858578 -0.00830550647 -0.0722621703
v 0.0205435124 -0.00844787097 -0.0722044444
v 0.0209046498 -0.0165720127 -0.0825282574
v 0.0207945958 -0.0166820476 -0.0823881221
v 0.0208492032 -0.0166274593 -0.073541131
v 0.0209609547 -0.0165157077 -0.0734037328
v 0.0209658566 -0.00802550769 -0.0836014819
v 0.0207564869 -0.00823489643 -0.0722936606
v 0.0211347905 -0.016341872 -0.0827918124
v 0.0210180989 -0.0164585636 -0.0826628757
v 0.0210760441 -0.0164006183 -0.073271935
v 0.0211943188 -0.0162823436 -0.0731458974
v 0.0211031666 -0.00788821674 -0.0835230303
v 0.0212384549 -0.0077529285 -0.0834378457
v 0.0211710682 -0.00782029605 -0.0725187278
v 0.02103475 -0.00795661426 -0.0724368978
v 0.0213773671 -0.0160992954 -0.0830320239
v 0.021254591 -0.0162220523 -0.0829149127
v 0.0213156262 -0.0161610363 -0.073025775
v 0.0214398137 -0.0160368488 -0.0729117107
v 0.0214372387 -0.00755414463 -0.0832976866
v 0.0213052884 -0.007686095 -0.0726072359
v 0.0216962758 -0.0157803867 -0.0832976866
v 0.0215029469 -0.0159736965 -0.083143003
v 0.021631197 -0.0158454464 -0.0727522826
v 0.0216962758 -0.0157803867 -0.0727023149
v 0.0216937008 -0.00729768253 -0.0830882883
v 0.0215023175 -0.00748906589 -0.0727522826
v 0.0217619648 -0.0157146976 -0.0833460402
v 0.0219624463 -0.0155142162 -0.0725187278
v 0.0217561474 -0.00723523593 -0.0830320239
v 0.0219391957 -0.00705218769 -0.0828541017
v 0.0218178883 -0.00717349506 -0.073025775
v 0.0217561474 -0.00723523593 -0.0729679775
v 0.021998724 -0.00699265933 -0.0827918124
v 0.021998724 -0.00699265933 -0.0732081866
v 0.0220303479 -0.0154463146 -0.0835230303
v 0.0221676579 -0.0153090045 -0.0723985171
v 0.0222370091 -0.0152396534 -0.0836381555
v 0.0222370091 -0.0152396534 -0.0723618436
v 0.0222288647 -0.00676251865 -0.0825282574
v 0.0220574704 -0.006933913 -0.073271935
v 0.022306799 -0.0151698444 -0.0836731124
v 0.0224476567 -0.0150290058 -0.0722621703
v 0.0223926297 -0.0065987537 -0.0823160386
v 0.0224454442 -0.00654593921 -0.0822426414
v 0.0224454442 -0.00654593921 -0.07375736
v 0.0222843113 -0.00670705295 -0.073541131
v 0.0224973431 -0.00649404026 -0.0821679497
v 0.0224973431 -0.00649404026 -0.0738320494
v 0.0225186482 -0.0149580143 -0.0837675691
v 0.0226616803 -0.0148149631 -0.0721782255
v 0.0227336827 -0.0147429607 -0.083846221
v 0.0227336827 -0.0147429607 -0.0721537805
v 0.0225983372 -0.00639304615 -0.0820147848
v 0.0226954785 -0.00629588581 -0.0818567252
v 0.0226473942 -0.00634398914 -0.0740636468
v 0.0225483075 -0.0064430759 -0.0739080095
v 0.02274259 -0.00624879337 -0.0817759228
v 0.02274259 -0.00624879337 -0.0742240787
v 0.0228059903 -0.0146706722 -0.083868885
v 0.0229513493 -0.0145253131 -0.0720911527
v 0.0228778019 -0.00611358142 -0.081526711
v 0.0229627362 -0.00602862812 -0.0813551569
v 0.0229208127 -0.00607057071 -0.0745585418
v 0.0227886906 -0.00620269275 -0.0743060303
v 0.0230243817 -0.0144522808 -0.0839261293
v 0.0231710377 -0.0143056247 -0.072044723
v 0.0232446042 -0.0142320583 -0.0839671302
v 0.0232446042 -0.0142320583 -0.0720328689
v 0.0230036107 -0.00598777271 -0.0812678337
v 0.0230820981 -0.00590928531 -0.0810902286
v 0.0231914654 -0.00579991794 -0.0808168292
v 0.0232256642 -0.00576571918 -0.0807239437
v 0.0232256642 -0.00576571918 -0.0752760577
v 0.0231196728 -0.00587171054 -0.075
v 0.0230433979 -0.00594798542 -0.0748204851
v 0.0230036107 -0.00598777271 -0.0747321653
v 0.0233183041 -0.0141583583 -0.0839771676
v 0.0234660283 -0.0140106342 -0.0720082235
v 0.0232905713 -0.00570081211 -0.0805357099
v 0.0233508053 -0.00564057804 -0.0803443861
v 0.023432211 -0.0055591724 -0.0800521207
v 0.0234804287 -0.00551095462 -0.0798541021
v 0.0234569302 -0.00553445316 -0.0760465908
v 0.0233791485 -0.00561223484 -0.0757523608
v 0.0233212796 -0.00567010379 -0.0755595803
v 0.0232586995 -0.0057326839 -0.0753697729
v 0.0236880818 -0.0137885807 -0.084000001
v 0.0235400143 -0.0139366481 -0.083996346
v 0.0236880818 -0.0137885807 -0.0720000005
v 0.0235026875 -0.00548867679 -0.079754231
v 0.0235435048 -0.00544785953 -0.0795529151
v 0.0235793438 -0.00541203952 -0.0793497062
v 0.0236236134 -0.00536775089 -0.0790418887
v 0.0236467877 -0.00534459568 -0.0788350391
v 0.0236719265 -0.00531943775 -0.0785229349
v 0.0236822644 -0.00530911899 -0.0783140159
v 0.0236874333 -0.00530395008 -0.0781047153
v 0.0236854878 -0.0053058765 -0.0777906036
v 0.023677744 -0.00531363941 -0.0775814605
v 0.0236564579 -0.00533492542 -0.077268784
v 0.0236358395 -0.00535554386 -0.0770613933
v 0.0235953656 -0.00539601779 -0.0767525291
v 0.0235620442 -0.0054293201 -0.0765484691
v 0.0235237256 -0.00546765781 -0.0763461757
v 0.0235026875 -0.00548867679 -0.0762457705
v 0.0237621251 -0.0137145374 -0.0839990854
v 0.0239101162 -0.0135665462 -0.0720082235
v 0.023984026 -0.0134926364 -0.0839853835
v 0.023984026 -0.0134926364 -0.0720146155
v 0.0240578404 -0.013418803 -0.0839771676
v 0.0242051259 -0.0132715366 -0.072044723
v 0.0242785397 -0.0131981227 -0.0839416075
v 0.0244247952 -0.0130518482 -0.0720911527
v 0.0244976178 -0.0129790447 -0.0838897634
v 0.0244976178 -0.0129790447 -0.0721102381
v 0.0245701733 -0.0129064891 -0.083868885
v 0.0247144642 -0.0127621982 -0.0721782255
v 0.0247861615 -0.012690501 -0.0837955546
v 0.0249285069 -0.0125481556 -0.0837378287
v 0.0249285069 -0.0125481556 -0.0722621703
v 0.0248575154 -0.0126191471 -0.07223243
v 0.0249991169 -0.0124775264 -0.0837063384
v 0.0249991169 -0.0124775264 -0.0722936606
v 0.0250693455 -0.0124073169 -0.0836731124
v 0.0252085057 -0.0122681568 -0.0723985171
v 0.0252773991 -0.0121992633 -0.0835631037
v 0.0254137173 -0.0120629451 -0.0834812737
v 0.0254137173 -0.0120629451 -0.0725187278
v 0.0253458157 -0.0121308467 -0.0724769711
v 0.0254811039 -0.0119955585 -0.0834378457
v 0.0254811039 -0.0119955585 -0.0725621533
v 0.0255479374 -0.011928725 -0.0833927631
v 0.0256798687 -0.0117967746 -0.0727023149
v 0.0257449475 -0.011731715 -0.0832477188
v 0.0257449475 -0.011731715 -0.0727522826
v 0.0258093968 -0.0116672657 -0.0831961513
v 0.0259363308 -0.0115403316 -0.0729117107
v 0.0259987774 -0.0114778659 -0.0830320239
v 0.0259987774 -0.0114778659 -0.0729679775
v 0.0260605374 -0.0114161251 -0.0829742265
v 0.0261818448 -0.0112948177 -0.0731458974
v 0.026241354 -0.0112352893 -0.0827918124
v 0.026241354 -0.0112352893 -0.0732081866
v 0.0263001004 -0.011176543 -0.0827280641
v 0.0264714947 -0.0110051677 -0.0734717417
v 0.0265269604 -0.010949702 -0.082458868
v 0.0266880742 -0.0107885883 -0.0822426414
v 0.0266880742 -0.0107885883 -0.07375736
v 0.0266352597 -0.0108414028 -0.0736839604
v 0.0267399731 -0.0107366893 -0.0821679497
v 0.0267399731 -0.0107366893 -0.0738320494
v 0.0267909565 -0.0106857059 -0.0820919895
v 0.0268900433 -0.0105866191 -0.0819363546
v 0.0269381276 -0.0105385349 -0.0741432738
v 0.0268409672 -0.0106356952 -0.0739852166
v 0.02698522 -0.0104914234 -0.0817759228
v 0.02698522 -0.0104914234 -0.0742240787
v 0.0270313206 -0.0104453418 -0.0816939688
v 0.0271634427 -0.0103132198 -0.0814414597
v 0.0272053853 -0.0102712772 -0.0746448421
v 0.027120451 -0.0103562114 -0.0744732881
v 0.0272462597 -0.0102304027 -0.0812678337
v 0.0272462597 -0.0102304027 -0.0747321653
v 0.027286047 -0.0101906154 -0.0811795163
v 0.0273623028 -0.0101143405 -0.080999999
v 0.0274682942 -0.0100083683 -0.0807239437
v 0.0274682942 -0.0100083683 -0.0752760577
v 0.0274341145 -0.0100425479 -0.0751831698
v 0.0273247281 -0.0101519344 -0.0749097705
v 0.0275013295 -0.00997531391 -0.0806302261
v 0.0275639287 -0.0099127338 -0.0804404187
v 0.0276217785 -0.00985486484 -0.0802476406
v 0.0276995793 -0.00977708316 -0.0799534082
v 0.0277230587 -0.00975358463 -0.0761458969
v 0.02767486 -0.0098018024 -0.0759478784
v 0.0275934544 -0.00988320804 -0.0756556129
v 0.0275332203 -0.00994344211 -0.0754642916
v 0.0277453366 -0.00973132587 -0.079754231
v 0.0277453366 -0.00973132587 -0.0762457705
v 0.0279307118 -0.0605990551 -0.0880000019
v 0.0279307118 -0.0605990551 -0.0679999995
v 0.0277663746 -0.00971028781 -0.0796538234
v 0.0278046933 -0.00967196918 -0.0794515324
v 0.0278380146 -0.0096386478 -0.0792474699
v 0.0278784886 -0.00959817386 -0.0789386058
v 0.027899088 -0.0095775745 -0.078731215
v 0.027920374 -0.00955626941 -0.0784185386
v 0.0279281369 -0.00954852558 -0.0782093978
v 0.0279307118 -0.00954595066 -0.0779999995
v 0.0279248944 -0.009551749 -0.0776859832
v 0.0279145756 -0.00956208683 -0.0774770665
v 0.0278894368 -0.00958722568 -0.0771649623
v 0.0278662625 -0.00961039997 -0.0769581103
v 0.0278219738 -0.0096546886 -0.0766502929
v 0.0277861538 -0.00969050861 -0.0764470863
v 0.0310419789 -0.00643466449 -0.0880000019
v 0.0310419789 -0.00643466449 -0.0679999995
v 0.0363452855 -0.0117379711 -0.0880000019
v 0.0363452855 -0.0117379711 -0.0679999995
v 0.0377595082 -0.0131521938 -0.0880000019
v 0.0377595082 -0.0131521938 -0.0679999995
v 0.0383306065 -0.00975265003 -0.0835061407
v 0.0383016911 -0.00978156543 -0.0832742071
v 0.0382900753 -0.00979318119 -0.0830392671
v 0.038298544 -0.00978471256 -0.0827648115
v 0.0383245984 -0.00975865818 -0.0825321984
v 0.0383306065 -0.00975265003 -0.0824938607
v 0.0383306065 -0.00975265003 -0.0735061407
v 0.0383016911 -0.00978156543 -0.0732742071
v 0.0382900753 -0.00979318119 -0.0730392671
v 0.038298544 -0.00978471256 -0.0727648115
v 0.0383245984 -0.00975865818 -0.0725321984
v 0.0383306065 -0.00975265003 -0.0724938607
v 0.0384632435 -0.009620013 -0.0840214777
v 0.0383857861 -0.0096974895 -0.0837695456
v 0.0383370915 -0.00974616504 -0.0835443234
v 0.0383765164 -0.00970674015 -0.0822674727
v 0.0384508458 -0.00963241077 -0.0820136642
v 0.038489317 -0.00959395862 -0.0819091773
v 0.0384632435 -0.009620013 -0.0740214777
v 0.0383857861 -0.0096974895 -0.0737695456
v 0.0383370915 -0.00974616504 -0.0735443234
v 0.0383765164 -0.00970674015 -0.0722674727
v 0.0384508458 -0.00963241077 -0.0720136642
v 0.038489317 -0.00959395862 -0.0719091773
v 0.0385618344 -0.00952142215 -0.0842581844
v 0.0385029927 -0.00958028293 -0.084124999
v 0.0385464993 -0.00953675724 -0.0817745614
v 0.0385775509 -0.0095057056 -0.0817094541
v 0.0385618344 -0.00952142215 -0.0742581844
v 0.0385029927 -0.00958028293 -0.074124999
v 0.0385464993 -0.00953675724 -0.0717745614
v 0.0385775509 -0.0095057056 -0.0717094541
v 0.0386984768 -0.0093847797 -0.0845055437
v 0.0385936871 -0.00948956943 -0.0843225169
v 0.03868009 -0.00940316654 -0.0815238667
v 0.0387363568 -0.00934689975 -0.0814370179
v 0.0386984768 -0.0093847797 -0.0745055437
v 0.0385936871 -0.00948956943 -0.0743225169
v 0.03868009 -0.00940316654 -0.0715238667
v 0.0387363568 -0.00934689975 -0.0714370179
v 0.0387558308 -0.0093274448 -0.0845909905
v 0.0388162365 -0.00926701999 -0.0813279247
v 0.0387558308 -0.0093274448 -0.0745909905
v 0.0388162365 -0.00926701999 -0.0713279247
v 0.0389013043 -0.00918195224 -0.0847730231
v 0.0388370457 -0.00924622989 -0.0846980977
v 0.0388795796 -0.00920367694 -0.081251421
v 0.0389911595 -0.00909211612 -0.081134665
v 0.0389013043 -0.00918195224 -0.0747730231
v 0.0388370457 -0.00924622989 -0.0746980977
v 0.0388795796 -0.00920367694 -0.071251421
v 0.0389911595 -0.00909211612 -0.071134665
v 0.0390143147 -0.00906896091 -0.0848870087
v 0.0390614071 -0.00902186847 -0.0810713744
v 0.0390143147 -0.00906896091 -0.0748870087
v 0.0390614071 -0.00902186847 -0.0710713744
v 0.0391585293 -0.00892472721 -0.0850047636
v 0.0390853253 -0.00899793125 -0.0849485564
v 0.0391339055 -0.00894937015 -0.0810133672
v 0.039233717 -0.0088495586 -0.0809445238
v 0.0391585293 -0.00892472721 -0.0750047636
v 0.0390853253 -0.00899793125 -0.0749485564
v 0.0391339055 -0.00894937015 -0.0710133672
v 0.039233717 -0.0088495586 -0.0709445238
v 0.0392591801 -0.00882409549 -0.0850711346
v 0.0393106595 -0.00877259708 -0.0808994436
v 0.0392591801 -0.00882409549 -0.075071137
v 0.0393106595 -0.00877259708 -0.0708994436
v 0.0393366757 -0.00874658084 -0.0851143074
v 0.0394959202 -0.00858733631 -0.080816834
v 0.0393366757 -0.00874658084 -0.0751143074
v 0.0394959202 -0.00858733631 -0.070816834
v 0.0397448292 -0.0111668727 -0.0835061407
v 0.0397388211 -0.0111728809 -0.0834678006
v 0.0397127667 -0.0111989353 -0.0832351899
v 0.0397040501 -0.0112076519 -0.0829999995
v 0.0397159138 -0.0111957881 -0.0827257943
v 0.0397448292 -0.0111668727 -0.0824938607
v 0.0397448292 -0.0111668727 -0.0735061407
v 0.0397388211 -0.0111728809 -0.0734678006
v 0.0397127667 -0.0111989353 -0.0732351899
v 0.0397040501 -0.0112076519 -0.0729999995
v 0.0397159138 -0.0111957881 -0.0727257943
v 0.0397448292 -0.0111668727 -0.0724938607
v 0.0395229283 -0.00856032825 -0.0851923323
v 0.0395772496 -0.00850600696 -0.0807913399
v 0.0395229283 -0.00856032825 -0.0751923323
v 0.0395772496 -0.00850600696 -0.0707913399
v 0.0396045437 -0.0084787128 -0.0852158165
v 0.0397421589 -0.0083410976 -0.0807585621
v 0.0396045437 -0.0084787128 -0.0752158165
v 0.0397421589 -0.0083410976 -0.0707585621
v 0.0399035206 -0.0110081623 -0.0840908217
v 0.0398650685 -0.0110466335 -0.0839863348
v 0.03979072 -0.0111209629 -0.0837325287
v 0.0397513142 -0.0111603878 -0.0824556756
v 0.0397999897 -0.0111116931 -0.0822304535
v 0.0398774472 -0.0110342357 -0.0819785213
v 0.0399035206 -0.0110081623 -0.0740908217
v 0.0398650685 -0.0110466335 -0.0739863348
v 0.03979072 -0.0111209629 -0.0737325287
v 0.0397513142 -0.0111603878 -0.0724556756
v 0.0397999897 -0.0111116931 -0.0722304535
v 0.0398774472 -0.0110342357 -0.0719785213
v 0.0399917737 -0.0109199092 -0.0842905474
v 0.039960722 -0.0109509609 -0.0842254376
v 0.0399171963 -0.0109944866 -0.081875
v 0.039976038 -0.0109356449 -0.081741817
v 0.0399917737 -0.0109199092 -0.0742905474
v 0.039960722 -0.0109509609 -0.0742254376
v 0.0399171963 -0.0109944866 -0.071875
v 0.039976038 -0.0109356449 -0.071741817
v 0.0397698346 -0.00831342197 -0.0852445173
v 0.0398253003 -0.00825795627 -0.0807513714
v 0.0397698346 -0.00831342197 -0.0752445197
v 0.0398253003 -0.00825795627 -0.0707513714
v 0.0398808232 -0.00820243335 -0.085250001
v 0.0398530522 -0.00823020435 -0.0852496576
v 0.0399918118 -0.00809146381 -0.0807554817
v 0.0398808232 -0.00820243335 -0.075250001
v 0.0398530522 -0.00823020435 -0.0752496576
v 0.0399918118 -0.00809146381 -0.0707554817
v 0.0401505795 -0.0107611225 -0.0845629811
v 0.0400942936 -0.0108173893 -0.0844761324
v 0.0400078907 -0.0109037921 -0.0816774821
v 0.0401126996 -0.0107989833 -0.0814944553
v 0.0401505795 -0.0107611225 -0.0745629811
v 0.0400942936 -0.0108173893 -0.0744761324
v 0.0400078907 -0.0109037921 -0.0716774821
v 0.0401126996 -0.0107989833 -0.0714944553
v 0.0402304593 -0.0106812236 -0.0846720767
v 0.0401700345 -0.0107416484 -0.0814090109
v 0.0402304593 -0.0106812236 -0.0746720767
v 0.0401700345 -0.0107416484 -0.0714090109
v 0.0400194874 -0.00806376911 -0.085241437
v 0.0400747242 -0.00800855136 -0.0807667708
v 0.0400194874 -0.00806376911 -0.075241437
v 0.0400747242 -0.00800855136 -0.0707667708
v 0.0401022473 -0.00798100925 -0.0852281046
v 0.0402387181 -0.00784453845 -0.0808076668
v 0.0401022473 -0.00798100925 -0.0752281022
v 0.0402387181 -0.00784453845 -0.0708076668
v 0.0404053631 -0.0105063198 -0.084865334
v 0.0402938023 -0.0106178997 -0.0847485781
v 0.0402512494 -0.0106604335 -0.0813019037
v 0.040315527 -0.0105961559 -0.0812269759
v 0.0404053631 -0.0105063198 -0.074865334
v 0.0402938023 -0.0106178997 -0.0747485781
v 0.0402512494 -0.0106604335 -0.0713019037
v 0.040315527 -0.0105961559 -0.0712269759
v 0.040499548 -0.010412154 -0.0849485564
v 0.0404285183 -0.0104831646 -0.0811129904
v 0.040499548 -0.010412154 -0.0749485564
v 0.0404285183 -0.0104831646 -0.0711129904
v 0.0402657261 -0.00781754947 -0.0851831675
v 0.0403193608 -0.00776389575 -0.0808371615
v 0.0402657261 -0.00781754947 -0.0751831651
v 0.0403193608 -0.00776389575 -0.0708371615
v 0.0403459874 -0.00773726917 -0.0851516867
v 0.0404768124 -0.00760644412 -0.080913837
v 0.0403459874 -0.00773726917 -0.0751516867
v 0.0404768124 -0.00760644412 -0.070913837
v 0.0406479207 -0.0102637622 -0.0850554752
v 0.0405481091 -0.0103635738 -0.0849866319
v 0.0405237141 -0.0103879879 -0.0810321045
v 0.040572733 -0.0103389499 -0.0809952354
v 0.0406479207 -0.0102637622 -0.0750554776
v 0.0405481091 -0.0103635738 -0.0749866319
v 0.0405237141 -0.0103879879 -0.0710321045
v 0.040572733 -0.0103389499 -0.0709952354
v 0.0407248822 -0.0101868198 -0.0851005554
v 0.0406733838 -0.0102382991 -0.0809288645
v 0.0407248822 -0.0101868198 -0.0751005554
v 0.0406733838 -0.0102382991 -0.0709288645
v 0.0405024662 -0.00758079029 -0.0850711346
v 0.0405782643 -0.00750499225 -0.0809777141
v 0.0405024662 -0.00758079029 -0.075071137
v 0.0405782643 -0.00750499225 -0.0709777141
v 0.040603117 -0.0074801395 -0.0850047636
v 0.0406277409 -0.00745551563 -0.0849866319
v 0.0407473317 -0.00733592487 -0.0811129904
v 0.040603117 -0.0074801395 -0.0809952354
v 0.040603117 -0.0074801395 -0.0750047636
v 0.0406277409 -0.00745551563 -0.0749866319
v 0.0407473317 -0.00733592487 -0.0711129904
v 0.040603117 -0.0074801395 -0.0709952354
v 0.0409101429 -0.01000154 -0.0851831675
v 0.0407508793 -0.0101608036 -0.0808856916
v 0.0409101429 -0.01000154 -0.0751831651
v 0.0407508793 -0.0101608036 -0.0708856916
v 0.0409914532 -0.00992022968 -0.0852086592
v 0.0409371319 -0.00997455097 -0.0808076668
v 0.0409914532 -0.00992022968 -0.0752086616
v 0.0409371319 -0.00997455097 -0.0708076668
v 0.0407704869 -0.00731276966 -0.084865334
v 0.0408159771 -0.00726727939 -0.0811797118
v 0.0407704869 -0.00731276966 -0.074865334
v 0.0408159771 -0.00726727939 -0.0711797118
v 0.0408383122 -0.00724496341 -0.0847969294
v 0.0408820668 -0.00720118976 -0.0847485781
v 0.0409860173 -0.00709723926 -0.0813814855
v 0.0408603421 -0.00722293354 -0.0812269759
v 0.0408383122 -0.00724496341 -0.0747969294
v 0.0408820668 -0.00720118976 -0.0747485781
v 0.0409860173 -0.00709723926 -0.0713814855
v 0.0408603421 -0.00722293354 -0.0712269759
v 0.0411563626 -0.00975532032 -0.085241437
v 0.0410187664 -0.00989291645 -0.0807841825
v 0.0411563626 -0.00975532032 -0.075241437
v 0.0410187664 -0.00989291645 -0.0707841825
v 0.0412395039 -0.00967217899 -0.0852486277
v 0.0411840573 -0.00972762561 -0.0807554817
v 0.0412395039 -0.00967217899 -0.07524863
v 0.0411840573 -0.00972762561 -0.0707554817
v 0.0410058156 -0.00707744098 -0.0845909905
v 0.0410815564 -0.00700170017 -0.0844761324
v 0.0410815564 -0.00700170017 -0.0815238667
v 0.0410631505 -0.00702010608 -0.0814944553
v 0.0410058156 -0.00707744098 -0.0745909905
v 0.0410815564 -0.00700170017 -0.0744761324
v 0.0410815564 -0.00700170017 -0.0715238667
v 0.0410631505 -0.00702010608 -0.0714944553
v 0.0410995999 -0.00698367572 -0.0844462729
v 0.0412151471 -0.00686812854 -0.0842254376
v 0.0412445584 -0.00683869815 -0.0818411636
v 0.041199812 -0.00688344455 -0.081741817
v 0.0410995999 -0.00698367572 -0.0744462729
v 0.0412151471 -0.00686812854 -0.0742254376
v 0.0412445584 -0.00683869815 -0.0718411636
v 0.041199812 -0.00688344455 -0.071741817
v 0.0412950268 -0.00961665607 -0.085250001
v 0.0414060154 -0.00950566745 -0.0852445173
v 0.0412672749 -0.00964442707 -0.0807503438
v 0.0412950268 -0.00961665607 -0.075250001
v 0.0414060154 -0.00950566745 -0.0752445197
v 0.0412672749 -0.00964442707 -0.0707503438
v 0.0414889279 -0.00942275501 -0.0852332306
v 0.0414336911 -0.00947799182 -0.0807585621
v 0.0414889279 -0.00942275501 -0.0752332282
v 0.0414336911 -0.00947799182 -0.0707585621
v 0.0412586537 -0.00682460285 -0.084124999
v 0.0413108006 -0.00677247501 -0.0839863348
v 0.0413227406 -0.00676051593 -0.0820491099
v 0.0412984028 -0.0067848537 -0.0819785213
v 0.0412586537 -0.00682460285 -0.074124999
v 0.0413108006 -0.00677247501 -0.0739863348
v 0.0413227406 -0.00676051593 -0.0720491099
v 0.0412984028 -0.0067848537 -0.0719785213
v 0.041334261 -0.00674899555 -0.0839151573
v 0.04138513 -0.00669812656 -0.0837325287
v 0.041437048 -0.00664620853 -0.0834678006
v 0.0414631024 -0.00662017322 -0.0832351899
v 0.041471819 -0.00661145664 -0.0829999995
v 0.0414599553 -0.00662330127 -0.0827257943
v 0.0414310399 -0.00665221668 -0.0824938607
v 0.0413758603 -0.00670739627 -0.0822304535
v 0.041334261 -0.00674899555 -0.0739151573
v 0.04138513 -0.00669812656 -0.0737325287
v 0.041437048 -0.00664620853 -0.0734678006
v 0.0414631024 -0.00662017322 -0.0732351899
v 0.041471819 -0.00661145664 -0.0729999995
v 0.0414599553 -0.00662330127 -0.0727257943
v 0.0414310399 -0.00665221668 -0.0724938607
v 0.0413758603 -0.00670739627 -0.0722304535
v 0.0416529217 -0.00925876117 -0.0851923323
v 0.0415164509 -0.00939523197 -0.0807718968
v 0.0416529217 -0.00925876117 -0.0751923323
v 0.0415164509 -0.00939523197 -0.0707718968
v 0.0417335644 -0.00917811847 -0.0851628399
v 0.0416799298 -0.00923175312 -0.080816834
v 0.0417335644 -0.00917811847 -0.0751628399
v 0.0416799298 -0.00923175312 -0.070816834
v 0.041648592 -0.00643466449 -0.0880000019
v 0.041648592 -0.00643466449 -0.0679999995
v 0.0418910351 -0.00902064777 -0.0850861645
v 0.041760191 -0.00915149189 -0.0808483148
v 0.0418910351 -0.00902064777 -0.0750861645
v 0.041760191 -0.00915149189 -0.0708483148
v 0.041992487 -0.00891921497 -0.0850222874
v 0.041916689 -0.00899499393 -0.0809288645
v 0.041992487 -0.00891921497 -0.0750222874
v 0.041916689 -0.00899499393 -0.0709288645
v 0.0420173398 -0.00889436222 -0.0850047636
v 0.0421615544 -0.00875012851 -0.0848870087
v 0.0420419636 -0.00886971927 -0.0810133672
v 0.0420173398 -0.00889436222 -0.0809952354
v 0.0420173398 -0.00889436222 -0.0750047636
v 0.0421615544 -0.00875012851 -0.0748870087
v 0.0420419636 -0.00886971927 -0.0710133672
v 0.0420173398 -0.00889436222 -0.0709952354
v 0.0422301999 -0.00868148303 -0.0848202872
v 0.0421847096 -0.0087269733 -0.081134665
v 0.0422301999 -0.00868148303 -0.0748202872
v 0.0421847096 -0.0087269733 -0.071134665
v 0.0422745457 -0.00863713718 -0.0847730231
v 0.04240024 -0.00851146198 -0.0846185136
v 0.0422962704 -0.00861541248 -0.081251421
v 0.0422525158 -0.00865916706 -0.0812030697
v 0.0422745457 -0.00863713718 -0.0747730231
v 0.04240024 -0.00851146198 -0.0746185136
v 0.0422962704 -0.00861541248 -0.071251421
v 0.0422525158 -0.00865916706 -0.0712030697
v 0.0424773732 -0.00843430973 -0.0845055437
v 0.0424957791 -0.00841592288 -0.0844761324
v 0.0424957791 -0.00841592288 -0.0815238667
v 0.0424200383 -0.00849164463 -0.0814090109
v 0.0424773732 -0.00843430973 -0.0745055437
v 0.0424957791 -0.00841592288 -0.0744761324
v 0.0424957791 -0.00841592288 -0.0715238667
v 0.0424200383 -0.00849164463 -0.0714090109
v 0.0426140347 -0.00829766727 -0.0842581844
v 0.0426587811 -0.0082529018 -0.0841588354
v 0.0426293507 -0.00828233219 -0.0817745614
v 0.0425138035 -0.00839787937 -0.0815537286
v 0.0426140347 -0.00829766727 -0.0742581844
v 0.0426587811 -0.0082529018 -0.0741588354
v 0.0426293507 -0.00828233219 -0.0717745614
v 0.0425138035 -0.00839787937 -0.0715537286
v 0.0427126256 -0.00819907642 -0.0840214777
v 0.0427484837 -0.00816321826 -0.0839151573
v 0.0427250042 -0.00818667865 -0.0820136642
v 0.0426728764 -0.00823880649 -0.081875
v 0.0427126256 -0.00819907642 -0.0740214777
v 0.0427484837 -0.00816321826 -0.0739151573
v 0.0427250042 -0.00818667865 -0.0720136642
v 0.0426728764 -0.00823880649 -0.071875
v 0.042790083 -0.00812161899 -0.0837695456
v 0.0428452435 -0.00806643939 -0.0835061407
v 0.0428741589 -0.00803752399 -0.0832742071
v 0.0428857747 -0.00802590824 -0.0830392671
v 0.0428860226 -0.00802566028 -0.0829999995
v 0.0428512516 -0.00806043125 -0.0825321984
v 0.0427993527 -0.00811234928 -0.0822674727
v 0.0427595463 -0.00815213657 -0.0821208549
v 0.042790083 -0.00812161899 -0.0737695456
v 0.0428452435 -0.00806643939 -0.0735061407
v 0.0428741589 -0.00803752399 -0.0732742071
v 0.0428857747 -0.00802590824 -0.0730392671
v 0.0428860226 -0.00802566028 -0.0729999995
v 0.0428512516 -0.00806043125 -0.0725321984
v 0.0427993527 -0.00811234928 -0.0722674727
v 0.0427595463 -0.00815213657 -0.0721208549
v 0.0430627957 -0.00784888721 -0.0880000019
v 0.0430627957 -0.00784888721 -0.0679999995
v 0.0565685406 -0.0319612262 -0.0880000019
v 0.0565685406 -0.0319612262 -0.0679999995
f 2 1 71
f 2 293 1
f 5 3 1
f 1 3 21
f 1 7 5
f 1 9 7
f 1 11 9
f 1 13 11
f 15 13 1
f 23 15 1
f 1 19 17
f 1 17 29
f 21 19 1
f 1 25 23
f 1 31 25
f 29 27 1
f 1 27 39
f 33 31 1
f 1 35 33
f 41 35 1
f 39 37 1
f 1 37 45
f 293 41 1
f 1 45 43
f 1 43 70
f 71 1 70
f 4 6 2
f 2 22 4
f 2 6 8
f 2 8 10
f 2 10 12
f 2 12 14
f 14 16 2
f 16 24 2
f 2 18 20
f 2 30 18
f 20 22 2
f 2 24 26
f 2 26 32
f 28 30 2
f 2 40 28
f 32 34 2
f 2 34 36
f 36 42 2
f 38 40 2
f 2 46 38
f 42 180 2
f 2 44 46
f 71 44 2
f 2 180 294
f 294 293 2
f 4 3 6
f 4 21 3
f 6 3 5
f 22 21 4
f 6 5 8
f 8 5 7
f 8 7 10
f 10 7 9
f 10 9 12
f 12 9 11
f 12 11 14
f 14 11 13
f 14 13 16
f 16 13 15
f 16 15 24
f 24 15 23
f 18 17 20
f 18 29 17
f 20 17 19
f 30 29 18
f 20 19 22
f 22 19 21
f 24 23 26
f 26 23 25
f 26 25 32
f 32 25 31
f 28 27 30
f 28 39 27
f 30 27 29
f 40 39 28
f 32 31 34
f 34 31 33
f 34 33 36
f 36 33 35
f 36 35 42
f 42 35 41
f 38 37 40
f 38 45 37
f 40 37 39
f 46 45 38
f 42 41 48
f 48 41 47
f 173 47 41
f 173 41 179
f 179 41 293
f 48 174 42
f 42 174 180
f 44 43 46
f 44 49 43
f 46 43 45
f 70 43 49
f 50 49 44
f 71 50 44
f 48 47 52
f 52 47 51
f 165 51 47
f 165 47 171
f 171 47 173
f 52 166 48
f 48 166 172
f 48 172 174
f 50 55 49
f 70 49 55
f 56 55 50
f 71 56 50
f 52 51 54
f 54 51 53
f 163 53 51
f 163 51 165
f 54 164 52
f 52 164 166
f 54 53 58
f 58 53 57
f 163 57 53
f 58 164 54
f 56 61 55
f 55 61 70
f 62 61 56
f 62 56 71
f 58 57 64
f 64 57 63
f 161 63 57
f 161 57 163
f 64 154 58
f 58 154 162
f 58 162 164
f 60 59 62
f 60 65 59
f 62 59 61
f 61 59 70
f 70 59 65
f 60 62 71
f 66 65 60
f 71 66 60
f 64 63 68
f 68 63 67
f 151 67 63
f 151 63 153
f 153 63 161
f 68 152 64
f 64 152 154
f 66 73 65
f 70 65 73
f 71 74 66
f 74 73 66
f 68 67 76
f 76 67 75
f 149 75 67
f 149 67 151
f 76 150 68
f 68 150 152
f 70 445 69
f 636 70 69
f 69 445 635
f 636 69 635
f 637 71 70
f 70 73 77
f 70 77 81
f 70 81 83
f 70 83 87
f 87 91 70
f 70 91 97
f 97 103 70
f 103 105 70
f 105 111 70
f 111 113 70
f 113 233 70
f 70 233 446
f 446 445 70
f 637 70 636
f 71 72 447
f 638 72 71
f 71 78 74
f 71 82 78
f 71 84 82
f 71 88 84
f 92 88 71
f 71 98 92
f 104 98 71
f 106 104 71
f 112 106 71
f 114 112 71
f 447 114 71
f 638 71 637
f 237 239 72
f 275 237 72
f 72 239 241
f 72 241 243
f 72 243 245
f 245 247 72
f 247 249 72
f 72 249 251
f 72 251 253
f 72 253 255
f 255 257 72
f 257 259 72
f 72 259 261
f 72 261 277
f 72 271 273
f 72 297 271
f 72 273 275
f 72 277 279
f 72 279 281
f 72 281 283
f 72 283 299
f 72 295 297
f 72 319 295
f 299 301 72
f 301 303 72
f 72 303 321
f 72 317 319
f 343 317 72
f 72 321 323
f 72 323 345
f 341 343 72
f 72 351 341
f 72 345 347
f 72 347 353
f 349 351 72
f 72 359 349
f 72 353 355
f 355 361 72
f 357 359 72
f 72 367 357
f 72 361 363
f 363 369 72
f 365 367 72
f 72 373 365
f 72 369 448
f 371 373 72
f 72 377 371
f 72 381 377
f 638 381 72
f 447 72 448
f 74 77 73
f 78 77 74
f 76 75 80
f 80 75 79
f 147 79 75
f 147 75 149
f 80 148 76
f 76 148 150
f 78 81 77
f 82 81 78
f 80 79 86
f 86 79 85
f 145 85 79
f 145 79 147
f 86 146 80
f 80 146 148
f 82 83 81
f 84 83 82
f 84 87 83
f 88 87 84
f 86 85 90
f 90 85 89
f 159 89 85
f 143 85 145
f 159 85 143
f 90 160 86
f 86 144 146
f 86 160 144
f 88 91 87
f 92 91 88
f 90 89 96
f 96 89 95
f 157 95 89
f 157 89 159
f 96 158 90
f 90 158 160
f 92 97 91
f 98 97 92
f 94 95 93
f 94 93 102
f 157 93 95
f 102 93 101
f 155 101 93
f 155 93 157
f 96 95 94
f 94 158 96
f 102 156 94
f 94 156 158
f 98 103 97
f 104 103 98
f 100 101 99
f 100 99 110
f 167 99 101
f 110 99 109
f 167 109 99
f 102 101 100
f 100 168 102
f 110 168 100
f 169 101 155
f 167 101 169
f 102 170 156
f 102 168 170
f 104 105 103
f 106 105 104
f 106 111 105
f 112 111 106
f 108 109 107
f 108 107 118
f 109 175 107
f 118 107 117
f 107 175 117
f 110 109 108
f 176 110 108
f 176 108 118
f 177 109 167
f 175 109 177
f 110 178 168
f 110 176 178
f 112 113 111
f 114 113 112
f 114 119 113
f 119 233 113
f 120 119 114
f 234 120 114
f 234 114 447
f 116 117 115
f 116 115 130
f 117 181 115
f 130 115 129
f 115 181 129
f 118 117 116
f 182 118 116
f 182 116 130
f 117 175 183
f 117 183 181
f 176 118 184
f 184 118 182
f 120 121 119
f 121 227 119
f 119 227 229
f 119 229 233
f 122 121 120
f 228 122 120
f 228 120 230
f 230 120 234
f 122 123 121
f 123 223 121
f 121 223 227
f 124 123 122
f 224 124 122
f 224 122 228
f 124 131 123
f 131 223 123
f 132 131 124
f 224 132 124
f 126 127 125
f 126 125 142
f 127 195 125
f 142 125 141
f 125 195 141
f 128 127 126
f 196 128 126
f 200 126 142
f 196 126 200
f 128 129 127
f 129 189 127
f 127 189 187
f 127 187 195
f 130 129 128
f 190 130 128
f 190 128 188
f 188 128 196
f 129 181 189
f 182 130 190
f 132 133 131
f 133 219 131
f 131 219 223
f 134 133 132
f 220 134 132
f 220 132 224
f 134 135 133
f 135 213 133
f 133 213 219
f 136 135 134
f 214 136 134
f 214 134 220
f 136 137 135
f 137 209 135
f 135 209 213
f 138 137 136
f 210 138 136
f 210 136 214
f 138 139 137
f 139 203 137
f 137 203 209
f 140 139 138
f 204 140 138
f 204 138 210
f 140 141 139
f 141 199 139
f 139 199 203
f 142 141 140
f 200 142 140
f 200 140 204
f 141 195 199
f 144 143 146
f 144 159 143
f 146 143 145
f 160 159 144
f 146 145 148
f 148 145 147
f 148 147 150
f 150 147 149
f 150 149 152
f 152 149 151
f 152 151 154
f 154 151 153
f 154 153 162
f 162 153 161
f 156 155 158
f 156 169 155
f 158 155 157
f 170 169 156
f 158 157 160
f 160 157 159
f 162 161 164
f 164 161 163
f 164 163 166
f 166 163 165
f 166 165 172
f 172 165 171
f 168 167 170
f 168 177 167
f 170 167 169
f 178 177 168
f 172 171 174
f 174 171 173
f 174 173 180
f 180 173 179
f 176 175 178
f 176 183 175
f 178 175 177
f 184 183 176
f 180 179 186
f 186 179 185
f 293 185 179
f 294 180 186
f 182 181 184
f 182 189 181
f 184 181 183
f 190 189 182
f 186 185 192
f 192 185 191
f 293 191 185
f 294 186 192
f 188 187 190
f 188 195 187
f 190 187 189
f 196 195 188
f 192 191 194
f 194 191 193
f 293 193 191
f 294 192 194
f 194 193 198
f 198 193 197
f 293 197 193
f 294 194 198
f 196 199 195
f 200 199 196
f 198 197 202
f 202 197 201
f 201 197 293
f 198 202 294
f 200 203 199
f 204 203 200
f 202 201 206
f 206 201 205
f 293 205 201
f 294 202 206
f 204 209 203
f 210 209 204
f 206 205 208
f 208 205 207
f 293 207 205
f 294 206 208
f 208 207 212
f 212 207 211
f 293 211 207
f 294 208 212
f 210 213 209
f 214 213 210
f 212 211 218
f 218 211 217
f 293 217 211
f 294 212 218
f 214 219 213
f 220 219 214
f 216 217 215
f 216 215 222
f 293 215 217
f 222 215 221
f 293 221 215
f 218 217 216
f 294 218 216
f 294 216 222
f 220 223 219
f 224 223 220
f 222 221 226
f 226 221 225
f 293 225 221
f 294 222 226
f 224 227 223
f 228 227 224
f 226 225 232
f 232 225 231
f 231 225 293
f 226 232 294
f 228 229 227
f 230 229 228
f 230 233 229
f 234 233 230
f 232 231 236
f 236 231 235
f 293 235 231
f 294 232 236
f 234 263 233
f 233 263 446
f 264 263 234
f 264 234 447
f 236 235 270
f 270 235 269
f 269 235 293
f 236 270 294
f 237 238 239
f 237 276 238
f 275 276 237
f 239 238 240
f 238 480 240
f 276 484 238
f 238 484 480
f 239 240 241
f 241 240 242
f 240 472 242
f 240 480 472
f 241 242 243
f 243 242 244
f 242 468 244
f 242 474 468
f 242 472 474
f 243 244 245
f 245 244 246
f 244 464 246
f 244 468 464
f 245 246 247
f 247 246 248
f 246 460 248
f 246 464 460
f 247 248 249
f 249 248 250
f 248 456 250
f 248 460 456
f 249 250 251
f 251 250 252
f 250 452 252
f 250 456 452
f 251 252 253
f 253 252 254
f 252 444 254
f 252 452 444
f 253 254 255
f 255 254 256
f 254 440 256
f 254 444 440
f 255 256 257
f 257 256 258
f 256 436 258
f 256 440 436
f 257 258 259
f 259 258 260
f 258 430 260
f 258 432 430
f 258 436 432
f 259 260 261
f 261 260 262
f 260 426 262
f 260 430 426
f 261 262 277
f 277 262 278
f 262 420 278
f 262 426 420
f 264 265 263
f 446 263 265
f 266 265 264
f 447 266 264
f 266 285 265
f 446 265 285
f 286 285 266
f 447 286 266
f 268 269 267
f 268 267 292
f 267 269 293
f 292 267 291
f 293 291 267
f 270 269 268
f 270 268 294
f 268 292 294
f 271 272 273
f 271 298 272
f 297 298 271
f 273 272 274
f 272 492 274
f 298 496 272
f 272 496 492
f 273 274 275
f 275 274 276
f 274 488 276
f 274 492 488
f 276 488 484
f 277 278 279
f 279 278 280
f 278 420 280
f 279 280 281
f 281 280 282
f 280 416 282
f 280 420 416
f 281 282 283
f 283 282 284
f 282 412 284
f 282 416 412
f 283 284 299
f 299 284 300
f 284 412 300
f 286 287 285
f 446 285 287
f 288 287 286
f 447 288 286
f 288 305 287
f 287 305 446
f 306 305 288
f 306 288 447
f 290 291 289
f 290 289 316
f 289 291 293
f 315 289 293
f 316 289 315
f 292 291 290
f 294 292 290
f 294 290 316
f 293 294 446
f 293 313 315
f 446 313 293
f 316 314 294
f 294 314 447
f 446 294 447
f 295 296 297
f 295 320 296
f 319 320 295
f 297 296 298
f 296 500 298
f 320 508 296
f 296 508 500
f 298 502 496
f 298 500 502
f 299 300 301
f 301 300 302
f 300 406 302
f 300 412 406
f 301 302 303
f 303 302 304
f 302 400 304
f 302 402 400
f 302 406 402
f 303 304 321
f 321 304 322
f 304 396 322
f 304 400 396
f 306 307 305
f 446 305 307
f 308 307 306
f 447 308 306
f 308 309 307
f 307 309 446
f 310 309 308
f 310 308 447
f 310 325 309
f 446 309 325
f 326 325 310
f 447 326 310
f 312 313 311
f 312 311 340
f 446 311 313
f 340 311 339
f 446 339 311
f 314 313 312
f 447 314 312
f 447 312 340
f 314 315 313
f 316 315 314
f 317 318 319
f 317 344 318
f 343 344 317
f 319 318 320
f 318 514 320
f 344 520 318
f 318 520 514
f 320 516 508
f 320 514 516
f 321 322 323
f 323 322 324
f 322 392 324
f 322 396 392
f 323 324 345
f 345 324 346
f 324 392 346
f 326 327 325
f 446 325 327
f 328 327 326
f 447 328 326
f 328 329 327
f 446 327 329
f 330 329 328
f 447 330 328
f 330 331 329
f 446 329 331
f 332 331 330
f 447 332 330
f 332 333 331
f 446 331 333
f 334 333 332
f 447 334 332
f 334 335 333
f 446 333 335
f 336 335 334
f 447 336 334
f 336 337 335
f 335 337 446
f 338 337 336
f 338 336 447
f 338 339 337
f 446 337 339
f 340 339 338
f 447 340 338
f 341 342 343
f 341 352 342
f 351 352 341
f 343 342 344
f 342 526 344
f 352 526 342
f 344 526 520
f 345 346 347
f 347 346 348
f 346 386 348
f 346 392 386
f 347 348 353
f 353 348 354
f 348 380 354
f 348 384 380
f 348 386 384
f 349 350 351
f 349 360 350
f 359 360 349
f 351 350 352
f 350 532 352
f 360 542 350
f 350 542 532
f 352 534 526
f 352 532 534
f 353 354 355
f 355 354 356
f 354 376 356
f 354 380 376
f 355 356 361
f 361 356 362
f 356 376 362
f 357 358 359
f 357 368 358
f 367 368 357
f 359 358 360
f 358 540 360
f 368 550 358
f 358 550 540
f 360 540 542
f 361 362 363
f 363 362 364
f 362 370 364
f 362 376 370
f 363 364 369
f 369 364 370
f 365 366 367
f 365 374 366
f 373 374 365
f 367 366 368
f 548 368 366
f 548 366 374
f 550 368 548
f 369 370 375
f 369 375 448
f 375 370 376
f 371 372 373
f 371 378 372
f 377 378 371
f 373 372 374
f 556 374 372
f 556 372 378
f 548 374 558
f 558 374 556
f 375 376 379
f 375 379 448
f 379 376 380
f 377 382 378
f 381 382 377
f 564 378 382
f 556 378 566
f 566 378 564
f 379 380 383
f 379 383 448
f 383 380 384
f 381 390 382
f 389 390 381
f 638 389 381
f 576 382 390
f 564 382 576
f 383 384 385
f 448 383 385
f 385 384 386
f 385 386 391
f 385 391 448
f 391 386 392
f 387 388 389
f 387 394 388
f 638 387 389
f 393 394 387
f 638 393 387
f 389 388 390
f 574 390 388
f 574 388 394
f 576 390 574
f 391 392 395
f 391 395 448
f 395 392 396
f 393 398 394
f 397 398 393
f 638 397 393
f 586 394 398
f 574 394 588
f 588 394 586
f 395 396 399
f 395 399 448
f 399 396 400
f 397 404 398
f 403 404 397
f 638 403 397
f 602 398 404
f 586 398 584
f 584 398 602
f 399 400 401
f 448 399 401
f 401 400 402
f 401 402 405
f 401 405 448
f 405 402 406
f 403 410 404
f 409 410 403
f 638 409 403
f 600 404 410
f 602 404 600
f 405 406 411
f 448 405 411
f 411 406 412
f 407 408 409
f 407 414 408
f 638 407 409
f 413 414 407
f 638 413 407
f 409 408 410
f 598 410 408
f 598 408 414
f 600 410 598
f 411 412 415
f 448 411 415
f 415 412 416
f 413 418 414
f 417 418 413
f 417 413 638
f 624 414 418
f 598 414 596
f 596 414 624
f 415 416 419
f 448 415 419
f 419 416 420
f 417 424 418
f 423 424 417
f 423 417 638
f 622 418 424
f 624 418 622
f 419 420 425
f 448 419 425
f 425 420 426
f 421 422 423
f 421 428 422
f 638 421 423
f 427 428 421
f 638 427 421
f 423 422 424
f 620 424 422
f 620 422 428
f 622 424 620
f 425 426 429
f 425 429 448
f 429 426 430
f 427 434 428
f 433 434 427
f 638 433 427
f 618 428 434
f 620 428 618
f 429 430 431
f 448 429 431
f 431 430 432
f 431 432 435
f 431 435 448
f 435 432 436
f 433 438 434
f 437 438 433
f 638 437 433
f 616 434 438
f 618 434 616
f 435 436 439
f 448 435 439
f 439 436 440
f 437 442 438
f 441 442 437
f 441 437 638
f 634 438 442
f 616 438 614
f 614 438 634
f 439 440 443
f 448 439 443
f 443 440 444
f 441 450 442
f 449 450 441
f 449 441 638
f 632 442 450
f 634 442 632
f 443 444 451
f 448 443 451
f 451 444 452
f 446 847 445
f 635 445 847
f 447 848 446
f 446 848 847
f 448 849 447
f 447 849 848
f 451 455 448
f 455 459 448
f 448 459 463
f 448 463 467
f 448 467 473
f 448 473 471
f 471 479 448
f 479 483 448
f 448 483 487
f 448 487 491
f 448 491 495
f 448 495 501
f 448 501 499
f 499 507 448
f 507 515 448
f 448 515 513
f 513 519 448
f 519 525 448
f 525 533 448
f 448 533 531
f 531 541 448
f 448 541 539
f 539 549 448
f 448 549 547
f 448 547 557
f 448 557 555
f 448 555 565
f 448 565 563
f 448 563 850
f 448 850 849
f 449 454 450
f 453 454 449
f 638 453 449
f 630 450 454
f 632 450 630
f 451 452 455
f 455 452 456
f 453 458 454
f 457 458 453
f 638 457 453
f 628 454 458
f 630 454 628
f 455 456 459
f 459 456 460
f 457 462 458
f 461 462 457
f 638 461 457
f 626 458 462
f 628 458 626
f 459 460 463
f 463 460 464
f 461 466 462
f 465 466 461
f 465 461 638
f 612 462 466
f 626 462 612
f 463 464 467
f 467 464 468
f 465 470 466
f 469 470 465
f 469 465 638
f 610 466 470
f 612 466 610
f 467 468 473
f 473 468 474
f 469 476 470
f 475 476 469
f 638 475 469
f 608 470 476
f 610 470 608
f 471 474 472
f 471 472 479
f 473 474 471
f 479 472 480
f 475 478 476
f 477 478 475
f 638 477 475
f 606 476 478
f 608 476 606
f 477 482 478
f 481 482 477
f 638 481 477
f 606 478 482
f 479 480 483
f 483 480 484
f 481 486 482
f 485 486 481
f 638 485 481
f 604 482 486
f 606 482 604
f 483 484 487
f 487 484 488
f 485 490 486
f 489 490 485
f 638 489 485
f 594 486 490
f 604 486 594
f 487 488 491
f 491 488 492
f 489 494 490
f 493 494 489
f 493 489 638
f 592 490 494
f 594 490 592
f 491 492 495
f 495 492 496
f 493 498 494
f 497 498 493
f 497 493 638
f 582 494 498
f 590 494 582
f 592 494 590
f 495 496 501
f 501 496 502
f 497 504 498
f 503 504 497
f 638 503 497
f 580 498 504
f 582 498 580
f 499 502 500
f 499 500 507
f 501 502 499
f 507 500 508
f 503 506 504
f 505 506 503
f 505 503 638
f 580 504 506
f 505 510 506
f 509 510 505
f 638 509 505
f 572 506 510
f 578 506 572
f 580 506 578
f 507 508 515
f 515 508 516
f 509 512 510
f 511 512 509
f 638 511 509
f 570 510 512
f 572 510 570
f 511 518 512
f 517 518 511
f 638 517 511
f 570 512 518
f 513 516 514
f 513 514 519
f 515 516 513
f 519 514 520
f 517 522 518
f 521 522 517
f 638 521 517
f 562 518 522
f 568 518 562
f 570 518 568
f 519 520 525
f 525 520 526
f 521 524 522
f 523 524 521
f 523 521 638
f 560 522 524
f 562 522 560
f 523 528 524
f 527 528 523
f 638 527 523
f 554 524 528
f 560 524 554
f 525 526 533
f 533 526 534
f 527 530 528
f 529 530 527
f 638 529 527
f 552 528 530
f 554 528 552
f 529 536 530
f 535 536 529
f 638 535 529
f 546 530 536
f 552 530 546
f 531 534 532
f 531 532 541
f 533 534 531
f 541 532 542
f 535 538 536
f 537 538 535
f 638 537 535
f 544 536 538
f 546 536 544
f 537 544 538
f 543 544 537
f 638 543 537
f 539 542 540
f 539 540 549
f 541 542 539
f 549 540 550
f 543 546 544
f 545 546 543
f 545 543 850
f 850 543 638
f 545 552 546
f 551 552 545
f 850 551 545
f 547 550 548
f 547 548 557
f 549 550 547
f 557 548 558
f 551 554 552
f 553 554 551
f 553 551 850
f 553 560 554
f 559 560 553
f 850 559 553
f 555 558 556
f 555 556 565
f 557 558 555
f 565 556 566
f 559 562 560
f 561 562 559
f 561 559 850
f 561 568 562
f 567 568 561
f 850 567 561
f 563 566 564
f 563 564 575
f 565 566 563
f 850 563 575
f 575 564 576
f 567 570 568
f 569 570 567
f 569 567 850
f 569 572 570
f 571 572 569
f 850 571 569
f 571 578 572
f 577 578 571
f 850 577 571
f 573 576 574
f 573 574 587
f 575 576 573
f 850 575 573
f 573 587 850
f 587 574 588
f 577 580 578
f 579 580 577
f 850 579 577
f 579 582 580
f 581 582 579
f 850 581 579
f 581 590 582
f 589 590 581
f 589 581 850
f 583 586 584
f 583 584 601
f 585 586 583
f 585 583 850
f 850 583 601
f 601 584 602
f 585 588 586
f 587 588 585
f 850 587 585
f 589 592 590
f 591 592 589
f 850 591 589
f 591 594 592
f 593 594 591
f 850 593 591
f 593 604 594
f 603 604 593
f 850 603 593
f 595 598 596
f 595 596 623
f 597 598 595
f 850 597 595
f 595 623 850
f 623 596 624
f 597 600 598
f 599 600 597
f 850 599 597
f 599 602 600
f 601 602 599
f 601 599 850
f 603 606 604
f 605 606 603
f 605 603 850
f 605 608 606
f 607 608 605
f 607 605 850
f 607 610 608
f 609 610 607
f 850 609 607
f 609 612 610
f 611 612 609
f 850 611 609
f 611 626 612
f 625 626 611
f 850 625 611
f 613 616 614
f 613 614 633
f 615 616 613
f 850 615 613
f 613 633 850
f 633 614 634
f 615 618 616
f 617 618 615
f 617 615 850
f 617 620 618
f 619 620 617
f 619 617 850
f 619 622 620
f 621 622 619
f 850 621 619
f 621 624 622
f 623 624 621
f 850 623 621
f 625 628 626
f 627 628 625
f 627 625 850
f 627 630 628
f 629 630 627
f 629 627 850
f 629 632 630
f 631 632 629
f 850 631 629
f 631 634 632
f 633 634 631
f 850 633 631
f 636 635 848
f 848 635 847
f 636 668 637
f 636 641 639
f 636 639 659
f 643 641 636
f 645 643 636
f 636 647 645
f 636 649 647
f 636 651 649
f 636 653 651
f 661 653 636
f 636 659 657
f 636 657 667
f 663 661 636
f 636 665 663
f 636 673 665
f 667 668 636
f 636 675 673
f 636 681 675
f 636 683 681
f 636 687 683
f 848 687 636
f 637 850 638
f 637 640 642
f 637 660 640
f 642 644 637
f 644 646 637
f 637 646 648
f 637 648 650
f 637 650 652
f 637 652 654
f 654 662 637
f 637 658 660
f 668 658 637
f 662 664 637
f 637 664 666
f 637 666 674
f 637 674 676
f 637 676 682
f 637 682 684
f 637 684 688
f 688 810 637
f 637 810 849
f 849 850 637
f 640 639 642
f 640 659 639
f 642 639 641
f 660 659 640
f 642 641 644
f 644 641 643
f 644 643 646
f 646 643 645
f 646 645 648
f 648 645 647
f 648 647 650
f 650 647 649
f 650 649 652
f 652 649 651
f 652 651 654
f 654 651 653
f 654 653 662
f 662 653 661
f 656 655 658
f 656 671 655
f 658 655 657
f 667 657 655
f 667 655 671
f 668 656 658
f 668 672 656
f 672 671 656
f 658 657 660
f 660 657 659
f 662 661 664
f 664 661 663
f 664 663 666
f 666 663 665
f 666 665 674
f 674 665 673
f 668 667 922
f 671 669 667
f 667 669 679
f 679 677 667
f 667 677 685
f 667 685 691
f 691 689 667
f 689 697 667
f 667 697 701
f 667 701 707
f 707 705 667
f 667 705 711
f 667 711 715
f 667 715 717
f 717 721 667
f 721 725 667
f 667 725 729
f 667 729 731
f 667 731 737
f 667 737 743
f 743 879 667
f 667 879 921
f 922 667 921
f 670 672 668
f 668 680 670
f 678 680 668
f 668 686 678
f 668 692 686
f 690 692 668
f 698 690 668
f 668 702 698
f 668 708 702
f 706 708 668
f 668 712 706
f 668 716 712
f 668 718 716
f 722 718 668
f 726 722 668
f 668 730 726
f 668 732 730
f 668 738 732
f 668 744 738
f 922 744 668
f 670 669 672
f 670 679 669
f 672 669 671
f 680 679 670
f 674 673 676
f 676 673 675
f 676 675 682
f 682 675 681
f 678 677 680
f 678 685 677
f 680 677 679
f 686 685 678
f 682 681 684
f 684 681 683
f 684 683 688
f 688 683 687
f 686 691 685
f 692 691 686
f 688 687 694
f 694 687 693
f 801 693 687
f 801 687 803
f 803 687 809
f 809 687 848
f 694 802 688
f 688 802 804
f 688 804 810
f 690 689 692
f 690 697 689
f 692 689 691
f 698 697 690
f 694 693 696
f 696 693 695
f 801 695 693
f 696 802 694
f 696 695 700
f 700 695 699
f 799 699 695
f 799 695 801
f 700 800 696
f 696 800 802
f 698 701 697
f 702 701 698
f 700 699 704
f 704 699 703
f 789 703 699
f 789 699 791
f 791 699 799
f 704 790 700
f 700 790 792
f 700 792 800
f 702 707 701
f 708 707 702
f 704 703 710
f 710 703 709
f 787 709 703
f 787 703 789
f 710 788 704
f 704 788 790
f 706 705 708
f 706 711 705
f 708 705 707
f 712 711 706
f 710 709 714
f 714 709 713
f 785 713 709
f 785 709 787
f 714 786 710
f 710 786 788
f 712 715 711
f 716 715 712
f 714 713 720
f 720 713 719
f 783 719 713
f 783 713 785
f 720 784 714
f 714 784 786
f 716 717 715
f 718 717 716
f 718 721 717
f 722 721 718
f 720 719 724
f 724 719 723
f 781 723 719
f 781 719 783
f 724 782 720
f 720 782 784
f 722 725 721
f 726 725 722
f 724 723 728
f 728 723 727
f 779 727 723
f 779 723 781
f 728 780 724
f 724 780 782
f 726 729 725
f 730 729 726
f 728 727 736
f 736 727 735
f 795 735 727
f 797 727 779
f 795 727 797
f 736 796 728
f 728 798 780
f 728 796 798
f 730 731 729
f 732 731 730
f 732 737 731
f 738 737 732
f 734 735 733
f 734 733 742
f 795 733 735
f 742 733 741
f 793 741 733
f 793 733 795
f 736 735 734
f 734 796 736
f 742 794 734
f 734 794 796
f 738 743 737
f 744 743 738
f 740 741 739
f 740 739 748
f 805 739 741
f 748 739 747
f 805 747 739
f 742 741 740
f 740 806 742
f 748 806 740
f 807 741 793
f 805 741 807
f 742 808 794
f 742 806 808
f 744 749 743
f 749 879 743
f 750 749 744
f 880 750 744
f 880 744 922
f 746 747 745
f 746 745 756
f 747 813 745
f 756 745 755
f 745 813 755
f 748 747 746
f 814 748 746
f 814 746 756
f 813 747 805
f 748 814 806
f 750 751 749
f 751 871 749
f 749 871 873
f 749 873 879
f 752 751 750
f 872 752 750
f 872 750 874
f 874 750 880
f 752 757 751
f 757 871 751
f 758 757 752
f 872 758 752
f 754 755 753
f 754 753 768
f 755 819 753
f 768 753 767
f 753 819 767
f 756 755 754
f 820 756 754
f 826 754 768
f 820 754 826
f 755 813 821
f 755 821 819
f 814 756 822
f 822 756 820
f 758 759 757
f 759 867 757
f 757 867 871
f 760 759 758
f 868 760 758
f 868 758 872
f 760 761 759
f 761 861 759
f 759 861 865
f 759 865 867
f 762 761 760
f 862 762 760
f 862 760 866
f 866 760 868
f 762 769 761
f 769 855 761
f 761 855 861
f 770 769 762
f 856 770 762
f 856 762 862
f 764 765 763
f 764 763 778
f 765 829 763
f 778 763 777
f 763 833 777
f 763 829 833
f 766 765 764
f 830 766 764
f 834 764 778
f 830 764 834
f 766 767 765
f 767 825 765
f 765 825 829
f 768 767 766
f 826 768 766
f 826 766 830
f 767 819 825
f 770 771 769
f 771 855 769
f 772 771 770
f 856 772 770
f 772 773 771
f 773 851 771
f 771 851 855
f 774 773 772
f 852 774 772
f 852 772 856
f 774 775 773
f 775 843 773
f 773 843 851
f 776 775 774
f 844 776 774
f 844 774 852
f 776 777 775
f 777 839 775
f 775 839 843
f 778 777 776
f 840 778 776
f 840 776 844
f 777 833 839
f 834 778 840
f 780 779 782
f 780 797 779
f 782 779 781
f 798 797 780
f 782 781 784
f 784 781 783
f 784 783 786
f 786 783 785
f 786 785 788
f 788 785 787
f 788 787 790
f 790 787 789
f 790 789 792
f 792 789 791
f 792 791 800
f 800 791 799
f 794 793 796
f 794 807 793
f 796 793 795
f 808 807 794
f 796 795 798
f 798 795 797
f 800 799 802
f 802 799 801
f 802 801 804
f 804 801 803
f 804 803 810
f 810 803 809
f 806 805 808
f 806 813 805
f 808 805 807
f 814 813 806
f 810 809 812
f 812 809 811
f 811 809 848
f 810 812 849
f 812 811 816
f 816 811 815
f 848 815 811
f 849 812 816
f 814 821 813
f 822 821 814
f 816 815 818
f 818 815 817
f 817 815 848
f 816 818 849
f 818 817 824
f 824 817 823
f 848 823 817
f 849 818 824
f 820 819 822
f 820 825 819
f 822 819 821
f 826 825 820
f 824 823 828
f 828 823 827
f 848 827 823
f 849 824 828
f 826 829 825
f 830 829 826
f 828 827 832
f 832 827 831
f 831 827 848
f 828 832 849
f 830 833 829
f 834 833 830
f 832 831 836
f 836 831 835
f 848 835 831
f 849 832 836
f 834 839 833
f 840 839 834
f 836 835 838
f 838 835 837
f 848 837 835
f 849 836 838
f 838 837 842
f 842 837 841
f 848 841 837
f 849 838 842
f 840 843 839
f 844 843 840
f 842 841 846
f 846 841 845
f 848 845 841
f 849 842 846
f 844 851 843
f 852 851 844
f 846 845 854
f 853 845 848
f 854 845 853
f 846 854 849
f 849 921 848
f 859 853 848
f 848 857 859
f 863 857 848
f 848 869 863
f 848 877 869
f 921 877 848
f 854 860 849
f 849 860 858
f 858 864 849
f 849 864 870
f 849 870 878
f 849 878 922
f 922 921 849
f 852 855 851
f 856 855 852
f 854 853 860
f 860 853 859
f 856 861 855
f 862 861 856
f 858 859 857
f 858 857 864
f 864 857 863
f 860 859 858
f 862 865 861
f 866 865 862
f 864 863 870
f 870 863 869
f 866 867 865
f 868 867 866
f 868 871 867
f 872 871 868
f 870 869 878
f 878 869 877
f 872 873 871
f 874 873 872
f 874 879 873
f 880 879 874
f 876 877 875
f 876 875 884
f 875 877 921
f 884 875 883
f 921 883 875
f 878 877 876
f 922 878 876
f 922 876 884
f 880 885 879
f 879 885 921
f 886 885 880
f 886 880 922
f 882 883 881
f 882 881 894
f 921 881 883
f 894 881 893
f 893 881 921
f 884 883 882
f 884 882 922
f 922 882 894
f 886 887 885
f 921 885 887
f 888 887 886
f 922 888 886
f 888 889 887
f 887 889 921
f 890 889 888
f 890 888 922
f 890 895 889
f 921 889 895
f 896 895 890
f 922 896 890
f 892 893 891
f 892 891 906
f 891 893 921
f 906 891 905
f 905 891 921
f 894 893 892
f 894 892 922
f 892 906 922
f 896 897 895
f 921 895 897
f 898 897 896
f 922 898 896
f 898 899 897
f 921 897 899
f 900 899 898
f 922 900 898
f 900 907 899
f 921 899 907
f 908 907 900
f 922 908 900
f 902 903 901
f 902 901 920
f 901 903 921
f 920 901 919
f 921 919 901
f 904 903 902
f 904 902 922
f 922 902 920
f 904 905 903
f 921 903 905
f 906 905 904
f 922 906 904
f 908 909 907
f 907 909 921
f 910 909 908
f 910 908 922
f 910 911 909
f 921 909 911
f 912 911 910
f 922 912 910
f 912 913 911
f 921 911 913
f 914 913 912
f 922 914 912
f 914 915 913
f 921 913 915
f 916 915 914
f 922 916 914
f 916 917 915
f 921 915 917
f 918 917 916
f 922 918 916
f 918 919 917
f 921 917 919
f 920 919 918
f 922 920 918
f 924 928 923
f 924 923 996
f 928 927 923
f 927 934 923
f 923 932 931
f 923 931 947
f 933 932 923
f 934 933 923
f 923 947 953
f 923 952 951
f 951 963 923
f 953 952 923
f 923 963 968
f 968 967 923
f 967 975 923
f 923 975 980
f 923 980 979
f 923 979 987
f 923 987 991
f 923 991 1001
f 996 923 995
f 1261 995 923
f 923 1001 1005
f 923 1005 1029
f 923 1029 1034
f 923 1034 1033
f 923 1034 1055
f 923 1055 1059
f 923 1059 1075
f 923 1075 1079
f 923 1079 1261
f 929 928 924
f 924 930 929
f 943 930 924
f 944 943 924
f 945 944 924
f 924 946 945
f 924 950 946
f 924 960 950
f 961 960 924
f 924 962 961
f 966 962 924
f 924 973 966
f 974 973 924
f 978 974 924
f 924 985 978
f 924 986 985
f 924 990 986
f 924 994 990
f 924 1004 994
f 1264 924 996
f 924 1008 1004
f 924 1032 1008
f 924 1038 1032
f 924 1058 1038
f 924 1062 1058
f 924 1078 1062
f 924 1082 1078
f 1262 1082 924
f 1262 924 1264
f 925 1262 926
f 1344 925 926
f 1261 1262 925
f 1601 1261 925
f 1341 925 1342
f 1348 925 1341
f 1342 925 1343
f 1343 925 1344
f 1347 925 1348
f 1358 925 1347
f 1354 925 1355
f 1364 925 1354
f 1355 925 1356
f 1356 925 1357
f 1357 925 1358
f 1373 925 1364
f 1370 925 1371
f 1378 925 1370
f 1371 925 1372
f 1372 925 1373
f 1384 925 1378
f 1382 925 1383
f 1391 925 1382
f 1383 925 1384
f 1390 925 1391
f 1394 925 1390
f 1398 925 1394
f 1400 925 1398
f 1407 925 1400
f 1406 925 1407
f 1413 925 1406
f 1412 925 1413
f 1421 925 1412
f 1420 925 1421
f 1427 925 1420
f 1426 925 1427
f 1432 925 1426
f 1440 925 1432
f 1442 925 1440
f 1446 925 1442
f 1454 925 1446
f 1456 925 1454
f 1464 925 1456
f 1464 1601 925
f 1604 926 1262
f 1344 926 1345
f 1345 926 1346
f 1346 926 1349
f 1349 926 1350
f 1350 926 1359
f 1359 926 1360
f 1360 926 1361
f 1361 926 1362
f 1362 926 1363
f 1363 926 1365
f 1365 926 1374
f 1374 926 1375
f 1375 926 1376
f 1376 926 1377
f 1377 926 1379
f 1379 926 1385
f 1385 926 1386
f 1386 926 1387
f 1387 926 1392
f 1392 926 1393
f 1393 926 1395
f 1395 926 1399
f 1399 926 1401
f 1401 926 1408
f 1408 926 1409
f 1409 926 1414
f 1414 926 1415
f 1415 926 1422
f 1422 926 1423
f 1423 926 1428
f 1428 926 1429
f 1429 926 1433
f 1433 926 1441
f 1441 926 1443
f 1443 926 1447
f 1447 926 1455
f 1455 926 1457
f 1457 926 1465
f 1465 926 1602
f 1602 926 1604
f 928 998 927
f 927 997 934
f 927 998 997
f 928 929 935
f 935 998 928
f 930 1000 929
f 935 929 942
f 929 999 942
f 929 1000 999
f 943 1000 930
f 932 1010 931
f 931 1009 947
f 931 1010 1009
f 933 1011 932
f 932 1011 1010
f 934 1012 933
f 933 1012 1011
f 934 997 1012
f 935 942 936
f 936 1014 935
f 935 1013 998
f 935 1014 1013
f 936 941 937
f 937 1015 936
f 936 942 941
f 936 1015 1014
f 937 940 938
f 938 1016 937
f 937 941 940
f 937 1016 1015
f 938 940 939
f 938 939 948
f 948 1026 938
f 938 1026 1016
f 940 1018 939
f 948 939 949
f 939 1017 949
f 939 1018 1017
f 941 1019 940
f 940 1019 1018
f 942 1020 941
f 941 1020 1019
f 942 999 1020
f 944 1022 943
f 943 1021 1000
f 943 1022 1021
f 945 1023 944
f 944 1023 1022
f 946 1024 945
f 945 1024 1023
f 950 1028 946
f 946 1028 1024
f 947 1025 953
f 947 1009 1025
f 948 949 954
f 954 1042 948
f 948 1042 1026
f 954 949 959
f 949 1027 959
f 949 1017 1027
f 960 1048 950
f 950 1048 1028
f 952 1040 951
f 951 1039 963
f 951 1040 1039
f 953 1041 952
f 952 1041 1040
f 953 1025 1041
f 954 959 955
f 955 1043 954
f 954 1043 1042
f 955 958 956
f 956 1044 955
f 955 959 958
f 955 1044 1043
f 956 958 957
f 956 957 964
f 964 1052 956
f 956 1052 1044
f 958 1046 957
f 964 957 965
f 957 1045 965
f 957 1046 1045
f 959 1047 958
f 958 1047 1046
f 959 1027 1047
f 961 1049 960
f 960 1049 1048
f 962 1050 961
f 961 1050 1049
f 966 1054 962
f 962 1054 1050
f 963 1051 968
f 963 1039 1051
f 964 965 969
f 969 1065 964
f 964 1065 1052
f 969 965 972
f 965 1053 972
f 965 1045 1053
f 973 1069 966
f 966 1069 1054
f 968 1064 967
f 967 1063 975
f 967 1064 1063
f 968 1051 1064
f 969 972 970
f 970 1066 969
f 969 1066 1065
f 970 972 971
f 970 971 976
f 976 1072 970
f 970 1072 1066
f 972 1068 971
f 976 971 977
f 971 1067 977
f 971 1068 1067
f 972 1053 1068
f 974 1070 973
f 973 1070 1069
f 978 1074 974
f 974 1074 1070
f 975 1071 980
f 975 1063 1071
f 976 977 981
f 981 1085 976
f 976 1085 1072
f 981 977 984
f 977 1073 984
f 977 1067 1073
f 985 1089 978
f 978 1089 1074
f 980 1084 979
f 979 1091 987
f 979 1084 1083
f 979 1083 1091
f 980 1071 1084
f 981 984 982
f 982 1086 981
f 981 1086 1085
f 982 984 983
f 982 983 988
f 988 1092 982
f 982 1092 1086
f 984 1088 983
f 988 983 989
f 983 1093 989
f 983 1088 1087
f 983 1087 1093
f 984 1073 1088
f 986 1090 985
f 985 1090 1089
f 990 1094 986
f 986 1094 1090
f 987 1091 991
f 988 989 992
f 992 1108 988
f 988 1108 1092
f 992 989 993
f 989 1093 993
f 994 1110 990
f 990 1110 1094
f 991 1107 1001
f 991 1091 1107
f 992 993 1002
f 1002 1112 992
f 992 1112 1108
f 1002 993 1003
f 993 1109 1003
f 993 1093 1109
f 1004 1114 994
f 994 1114 1110
f 995 999 996
f 997 998 995
f 995 1012 997
f 998 999 995
f 995 1009 1010
f 995 1025 1009
f 1010 1011 995
f 1011 1012 995
f 995 1041 1025
f 995 1039 1040
f 1051 1039 995
f 1040 1041 995
f 995 1064 1051
f 1063 1064 995
f 1071 1063 995
f 995 1084 1071
f 995 1083 1084
f 995 1091 1083
f 995 1107 1091
f 995 1111 1107
f 995 1127 1111
f 995 1131 1127
f 995 1148 1131
f 1148 1147 995
f 995 1153 1148
f 995 1177 1153
f 995 1181 1177
f 1263 1181 995
f 1263 995 1261
f 996 999 1000
f 996 1000 1021
f 1021 1022 996
f 1022 1023 996
f 996 1023 1024
f 996 1024 1028
f 996 1028 1048
f 1048 1049 996
f 996 1049 1050
f 1050 1054 996
f 996 1054 1069
f 1069 1070 996
f 1070 1074 996
f 996 1074 1089
f 996 1089 1090
f 996 1090 1094
f 996 1094 1110
f 996 1110 1114
f 996 1114 1130
f 996 1130 1134
f 996 1134 1152
f 996 1152 1156
f 996 1156 1180
f 996 1180 1184
f 996 1184 1264
f 998 1020 999
f 1013 1020 998
f 1001 1111 1005
f 1001 1107 1111
f 1002 1003 1006
f 1006 1128 1002
f 1002 1128 1112
f 1006 1003 1007
f 1003 1113 1007
f 1003 1109 1113
f 1008 1130 1004
f 1004 1130 1114
f 1005 1127 1029
f 1005 1111 1127
f 1006 1007 1030
f 1030 1132 1006
f 1006 1132 1128
f 1030 1007 1031
f 1007 1129 1031
f 1007 1113 1129
f 1032 1134 1008
f 1008 1134 1130
f 1014 1019 1013
f 1013 1019 1020
f 1015 1018 1014
f 1014 1018 1019
f 1016 1017 1015
f 1015 1017 1018
f 1016 1027 1017
f 1026 1027 1016
f 1026 1047 1027
f 1042 1047 1026
f 1029 1131 1034
f 1029 1127 1131
f 1030 1031 1035
f 1035 1149 1030
f 1030 1149 1132
f 1035 1031 1037
f 1031 1133 1037
f 1031 1129 1133
f 1038 1152 1032
f 1032 1152 1134
f 1033 1147 1034
f 1034 1148 1033
f 1033 1148 1147
f 1034 1148 1055
f 1034 1131 1148
f 1034 1147 1148
f 1035 1037 1036
f 1035 1037 1056
f 1056 1154 1035
f 1035 1154 1149
f 1036 1150 1037
f 1037 1151 1036
f 1036 1151 1150
f 1056 1037 1057
f 1037 1151 1057
f 1037 1133 1151
f 1037 1150 1151
f 1058 1156 1038
f 1038 1156 1152
f 1043 1046 1042
f 1042 1046 1047
f 1044 1045 1043
f 1043 1045 1046
f 1044 1053 1045
f 1052 1053 1044
f 1052 1068 1053
f 1065 1068 1052
f 1055 1153 1059
f 1055 1148 1153
f 1056 1057 1060
f 1060 1178 1056
f 1056 1178 1154
f 1060 1057 1061
f 1057 1155 1061
f 1057 1151 1155
f 1062 1180 1058
f 1058 1180 1156
f 1059 1177 1075
f 1059 1153 1177
f 1060 1061 1076
f 1076 1182 1060
f 1060 1182 1178
f 1076 1061 1077
f 1061 1179 1077
f 1061 1155 1179
f 1078 1184 1062
f 1062 1184 1180
f 1066 1067 1065
f 1065 1067 1068
f 1066 1073 1067
f 1072 1073 1066
f 1072 1088 1073
f 1085 1088 1072
f 1075 1181 1079
f 1075 1177 1181
f 1076 1077 1080
f 1080 1182 1076
f 1080 1077 1081
f 1077 1183 1081
f 1077 1179 1183
f 1082 1184 1078
f 1079 1193 1095
f 1261 1079 1095
f 1079 1181 1193
f 1080 1081 1096
f 1096 1198 1080
f 1080 1194 1182
f 1080 1198 1194
f 1096 1081 1097
f 1081 1195 1097
f 1081 1183 1195
f 1098 1200 1082
f 1098 1082 1262
f 1082 1196 1184
f 1082 1200 1196
f 1086 1087 1085
f 1085 1087 1088
f 1086 1093 1087
f 1092 1093 1086
f 1092 1109 1093
f 1108 1109 1092
f 1095 1197 1099
f 1261 1095 1099
f 1095 1193 1197
f 1096 1097 1102
f 1102 1204 1096
f 1096 1204 1198
f 1102 1097 1103
f 1097 1199 1103
f 1097 1195 1199
f 1106 1208 1098
f 1106 1098 1262
f 1098 1208 1200
f 1099 1201 1100
f 1261 1099 1100
f 1099 1197 1201
f 1100 1202 1115
f 1261 1100 1115
f 1100 1201 1202
f 1102 1103 1101
f 1101 1203 1102
f 1101 1103 1104
f 1101 1104 1116
f 1116 1210 1101
f 1101 1210 1203
f 1102 1203 1204
f 1103 1205 1104
f 1103 1199 1205
f 1116 1104 1117
f 1104 1206 1117
f 1104 1205 1206
f 1105 1207 1106
f 1105 1106 1262
f 1118 1212 1105
f 1262 1118 1105
f 1105 1212 1207
f 1106 1207 1208
f 1108 1113 1109
f 1112 1113 1108
f 1112 1129 1113
f 1128 1129 1112
f 1115 1209 1119
f 1261 1115 1119
f 1115 1202 1209
f 1116 1117 1122
f 1122 1210 1116
f 1122 1117 1123
f 1117 1211 1123
f 1117 1206 1211
f 1126 1212 1118
f 1262 1126 1118
f 1119 1213 1120
f 1119 1120 1261
f 1119 1209 1213
f 1120 1214 1135
f 1261 1120 1135
f 1120 1213 1214
f 1122 1123 1121
f 1121 1215 1122
f 1121 1123 1124
f 1121 1124 1136
f 1136 1222 1121
f 1121 1222 1215
f 1122 1216 1210
f 1122 1215 1216
f 1123 1217 1124
f 1123 1211 1217
f 1136 1124 1137
f 1124 1218 1137
f 1124 1217 1218
f 1125 1219 1126
f 1262 1125 1126
f 1138 1224 1125
f 1138 1125 1262
f 1125 1224 1219
f 1126 1220 1212
f 1126 1219 1220
f 1128 1133 1129
f 1132 1133 1128
f 1132 1151 1133
f 1149 1151 1132
f 1135 1221 1139
f 1261 1135 1139
f 1135 1214 1221
f 1136 1137 1142
f 1142 1222 1136
f 1142 1137 1143
f 1137 1223 1143
f 1137 1218 1223
f 1146 1224 1138
f 1262 1146 1138
f 1139 1225 1140
f 1261 1139 1140
f 1139 1221 1225
f 1140 1226 1157
f 1140 1157 1261
f 1140 1225 1226
f 1142 1143 1141
f 1141 1227 1142
f 1141 1143 1144
f 1141 1144 1158
f 1158 1234 1141
f 1141 1234 1227
f 1142 1228 1222
f 1142 1227 1228
f 1143 1229 1144
f 1143 1223 1229
f 1158 1144 1159
f 1144 1230 1159
f 1144 1229 1230
f 1145 1231 1146
f 1145 1146 1262
f 1160 1236 1145
f 1262 1160 1145
f 1145 1236 1231
f 1146 1232 1224
f 1146 1231 1232
f 1149 1151 1150
f 1149 1155 1151
f 1154 1155 1149
f 1154 1179 1155
f 1178 1179 1154
f 1157 1233 1161
f 1157 1161 1261
f 1157 1226 1233
f 1158 1159 1168
f 1168 1244 1158
f 1158 1244 1234
f 1168 1159 1169
f 1159 1235 1169
f 1159 1230 1235
f 1176 1252 1160
f 1262 1176 1160
f 1160 1252 1236
f 1161 1237 1162
f 1261 1161 1162
f 1161 1233 1237
f 1162 1238 1163
f 1261 1162 1163
f 1162 1237 1238
f 1163 1239 1164
f 1163 1164 1261
f 1163 1238 1239
f 1164 1240 1185
f 1261 1164 1185
f 1164 1239 1240
f 1166 1171 1165
f 1165 1241 1166
f 1165 1171 1172
f 1165 1172 1261
f 1188 1256 1165
f 1261 1188 1165
f 1165 1256 1241
f 1167 1170 1166
f 1166 1242 1167
f 1166 1170 1171
f 1166 1241 1242
f 1168 1169 1167
f 1167 1243 1168
f 1167 1169 1170
f 1167 1242 1243
f 1168 1243 1244
f 1169 1245 1170
f 1169 1235 1245
f 1170 1246 1171
f 1170 1245 1246
f 1171 1247 1172
f 1171 1246 1247
f 1172 1248 1189
f 1262 1172 1189
f 1172 1247 1248
f 1261 1172 1262
f 1173 1249 1174
f 1262 1173 1174
f 1192 1260 1173
f 1262 1192 1173
f 1173 1260 1249
f 1174 1250 1175
f 1262 1174 1175
f 1174 1249 1250
f 1175 1251 1176
f 1175 1176 1262
f 1175 1250 1251
f 1176 1251 1252
f 1178 1183 1179
f 1182 1183 1178
f 1193 1181 1263
f 1182 1195 1183
f 1194 1195 1182
f 1264 1184 1196
f 1185 1253 1186
f 1185 1186 1261
f 1185 1240 1253
f 1186 1254 1187
f 1186 1187 1261
f 1186 1253 1254
f 1187 1255 1188
f 1261 1187 1188
f 1187 1254 1255
f 1188 1255 1256
f 1189 1257 1190
f 1262 1189 1190
f 1189 1248 1257
f 1190 1258 1191
f 1190 1191 1262
f 1190 1257 1258
f 1191 1259 1192
f 1262 1191 1192
f 1191 1258 1259
f 1192 1259 1260
f 1197 1193 1263
f 1194 1199 1195
f 1198 1199 1194
f 1264 1196 1200
f 1201 1197 1263
f 1198 1205 1199
f 1204 1205 1198
f 1264 1200 1208
f 1202 1201 1263
f 1263 1209 1202
f 1203 1206 1204
f 1203 1211 1206
f 1210 1211 1203
f 1204 1206 1205
f 1264 1208 1207
f 1264 1207 1212
f 1263 1213 1209
f 1210 1217 1211
f 1216 1217 1210
f 1212 1220 1264
f 1263 1214 1213
f 1221 1214 1263
f 1215 1218 1216
f 1215 1223 1218
f 1222 1223 1215
f 1216 1218 1217
f 1220 1219 1264
f 1264 1219 1224
f 1263 1225 1221
f 1222 1229 1223
f 1228 1229 1222
f 1224 1232 1264
f 1226 1225 1263
f 1263 1233 1226
f 1227 1230 1228
f 1227 1235 1230
f 1234 1235 1227
f 1228 1230 1229
f 1264 1232 1231
f 1231 1236 1264
f 1263 1237 1233
f 1234 1245 1235
f 1244 1245 1234
f 1236 1252 1264
f 1238 1237 1263
f 1263 1239 1238
f 1263 1240 1239
f 1263 1253 1240
f 1241 1248 1242
f 1248 1241 1264
f 1263 1241 1256
f 1264 1241 1263
f 1242 1247 1243
f 1242 1248 1247
f 1243 1246 1244
f 1243 1247 1246
f 1244 1246 1245
f 1264 1257 1248
f 1250 1249 1264
f 1264 1249 1260
f 1264 1251 1250
f 1264 1252 1251
f 1263 1254 1253
f 1263 1255 1254
f 1263 1256 1255
f 1264 1258 1257
f 1264 1259 1258
f 1260 1259 1264
f 1603 1263 1261
f 1603 1261 1601
f 1606 1262 1264
f 1604 1262 1606
f 1264 1263 1586
f 1586 1263 1585
f 1605 1585 1263
f 1605 1263 1603
f 1952 1264 1586
f 1606 1264 1952
f 1265 1341 1266
f 1266 1501 1265
f 1271 1347 1265
f 1265 1500 1271
f 1265 1348 1341
f 1265 1347 1348
f 1265 1501 1500
f 1266 1342 1267
f 1267 1502 1266
f 1266 1341 1342
f 1266 1502 1501
f 1267 1343 1268
f 1268 1503 1267
f 1267 1342 1343
f 1267 1503 1502
f 1268 1344 1269
f 1504 1268 1269
f 1268 1343 1344
f 1503 1268 1504
f 1269 1345 1270
f 1505 1269 1270
f 1269 1344 1345
f 1504 1269 1505
f 1270 1349 1272
f 1506 1270 1272
f 1270 1345 1346
f 1270 1346 1349
f 1505 1270 1506
f 1278 1347 1271
f 1271 1499 1278
f 1271 1500 1499
f 1272 1350 1279
f 1506 1272 1279
f 1272 1349 1350
f 1273 1354 1274
f 1274 1487 1273
f 1288 1373 1273
f 1273 1486 1288
f 1273 1364 1354
f 1273 1373 1364
f 1273 1487 1486
f 1274 1355 1275
f 1275 1496 1274
f 1274 1354 1355
f 1274 1495 1487
f 1274 1496 1495
f 1275 1356 1276
f 1276 1497 1275
f 1275 1355 1356
f 1275 1497 1496
f 1276 1357 1277
f 1277 1498 1276
f 1276 1356 1357
f 1276 1498 1497
f 1277 1358 1278
f 1278 1499 1277
f 1277 1357 1358
f 1277 1499 1498
f 1278 1358 1347
f 1279 1350 1280
f 1507 1279 1280
f 1506 1279 1507
f 1280 1359 1281
f 1508 1280 1281
f 1280 1350 1359
f 1507 1280 1508
f 1281 1360 1282
f 1509 1281 1282
f 1281 1359 1360
f 1508 1281 1509
f 1282 1361 1283
f 1510 1282 1283
f 1282 1360 1361
f 1509 1282 1510
f 1283 1362 1284
f 1489 1283 1284
f 1283 1361 1362
f 1488 1283 1489
f 1510 1283 1488
f 1284 1365 1289
f 1489 1284 1289
f 1284 1362 1363
f 1284 1363 1365
f 1285 1370 1286
f 1286 1477 1285
f 1295 1384 1285
f 1285 1476 1295
f 1285 1378 1370
f 1285 1384 1378
f 1285 1477 1476
f 1286 1371 1287
f 1287 1485 1286
f 1286 1370 1371
f 1286 1484 1477
f 1286 1485 1484
f 1287 1372 1288
f 1288 1486 1287
f 1287 1371 1372
f 1287 1486 1485
f 1288 1372 1373
f 1289 1374 1290
f 1490 1289 1290
f 1289 1365 1374
f 1489 1289 1490
f 1290 1375 1291
f 1491 1290 1291
f 1290 1374 1375
f 1490 1290 1491
f 1291 1376 1292
f 1479 1291 1292
f 1291 1375 1376
f 1478 1291 1479
f 1491 1291 1478
f 1292 1379 1296
f 1479 1292 1296
f 1292 1376 1377
f 1292 1377 1379
f 1293 1382 1294
f 1294 1475 1293
f 1300 1391 1293
f 1293 1467 1300
f 1293 1391 1382
f 1293 1474 1467
f 1293 1475 1474
f 1294 1383 1295
f 1295 1476 1294
f 1294 1382 1383
f 1294 1476 1475
f 1295 1383 1384
f 1296 1385 1297
f 1480 1296 1297
f 1296 1379 1385
f 1479 1296 1480
f 1297 1386 1298
f 1481 1297 1298
f 1297 1385 1386
f 1480 1297 1481
f 1298 1387 1301
f 1469 1298 1301
f 1298 1386 1387
f 1468 1298 1469
f 1481 1298 1468
f 1299 1390 1300
f 1300 1466 1299
f 1303 1394 1299
f 1299 1459 1303
f 1299 1394 1390
f 1299 1462 1459
f 1299 1466 1462
f 1300 1390 1391
f 1300 1467 1466
f 1301 1392 1302
f 1463 1301 1302
f 1301 1387 1392
f 1469 1301 1463
f 1302 1393 1304
f 1460 1302 1304
f 1302 1392 1393
f 1463 1302 1460
f 1305 1398 1303
f 1303 1459 1305
f 1303 1398 1394
f 1304 1395 1306
f 1461 1304 1306
f 1304 1393 1395
f 1460 1304 1461
f 1307 1400 1305
f 1305 1449 1307
f 1305 1400 1398
f 1305 1452 1449
f 1305 1458 1452
f 1305 1459 1458
f 1306 1399 1308
f 1451 1306 1308
f 1306 1395 1399
f 1450 1306 1451
f 1453 1306 1450
f 1461 1306 1453
f 1310 1407 1307
f 1307 1448 1310
f 1307 1407 1400
f 1307 1449 1448
f 1308 1401 1311
f 1451 1308 1311
f 1308 1399 1401
f 1309 1406 1310
f 1310 1448 1309
f 1314 1413 1309
f 1309 1444 1314
f 1309 1413 1406
f 1309 1448 1444
f 1310 1406 1407
f 1311 1408 1312
f 1445 1311 1312
f 1311 1401 1408
f 1451 1311 1445
f 1312 1409 1315
f 1445 1312 1315
f 1312 1408 1409
f 1313 1412 1314
f 1314 1444 1313
f 1318 1421 1313
f 1313 1435 1318
f 1313 1421 1412
f 1313 1438 1435
f 1313 1444 1438
f 1314 1412 1413
f 1315 1414 1316
f 1439 1315 1316
f 1315 1409 1414
f 1445 1315 1439
f 1316 1415 1319
f 1436 1316 1319
f 1316 1414 1415
f 1439 1316 1436
f 1317 1420 1318
f 1318 1435 1317
f 1322 1427 1317
f 1317 1430 1322
f 1317 1427 1420
f 1317 1434 1430
f 1317 1435 1434
f 1318 1420 1421
f 1319 1422 1320
f 1437 1319 1320
f 1319 1415 1422
f 1436 1319 1437
f 1320 1423 1323
f 1431 1320 1323
f 1320 1422 1423
f 1437 1320 1431
f 1321 1426 1322
f 1322 1430 1321
f 1321 1424 1325
f 1325 1432 1321
f 1321 1430 1424
f 1321 1432 1426
f 1322 1426 1427
f 1425 1323 1324
f 1323 1428 1324
f 1323 1423 1428
f 1431 1323 1425
f 1425 1324 1326
f 1324 1429 1326
f 1324 1428 1429
f 1325 1417 1327
f 1327 1440 1325
f 1325 1424 1417
f 1325 1440 1432
f 1419 1326 1328
f 1326 1433 1328
f 1418 1326 1419
f 1425 1326 1418
f 1326 1429 1433
f 1327 1410 1329
f 1329 1442 1327
f 1327 1416 1410
f 1327 1417 1416
f 1327 1442 1440
f 1411 1328 1330
f 1328 1441 1330
f 1419 1328 1411
f 1328 1433 1441
f 1329 1410 1331
f 1331 1446 1329
f 1329 1446 1442
f 1411 1330 1332
f 1330 1443 1332
f 1330 1441 1443
f 1331 1403 1333
f 1333 1454 1331
f 1331 1410 1403
f 1331 1454 1446
f 1405 1332 1334
f 1332 1447 1334
f 1404 1332 1405
f 1411 1332 1404
f 1332 1443 1447
f 1333 1396 1335
f 1335 1464 1333
f 1333 1402 1396
f 1333 1403 1402
f 1333 1456 1454
f 1333 1464 1456
f 1397 1334 1336
f 1334 1457 1336
f 1405 1334 1397
f 1334 1447 1455
f 1334 1455 1457
f 1335 1388 1337
f 1337 1470 1335
f 1335 1396 1388
f 1335 1470 1464
f 1389 1336 1338
f 1336 1465 1338
f 1397 1336 1389
f 1336 1457 1465
f 1337 1380 1339
f 1339 1472 1337
f 1337 1388 1380
f 1337 1472 1470
f 1381 1338 1340
f 1338 1471 1340
f 1389 1338 1381
f 1338 1465 1471
f 1339 1366 1352
f 1352 1493 1339
f 1339 1368 1366
f 1339 1380 1368
f 1339 1482 1472
f 1339 1493 1482
f 1367 1340 1353
f 1340 1483 1353
f 1369 1340 1367
f 1381 1340 1369
f 1340 1471 1473
f 1340 1473 1483
f 1352 1366 1351
f 1351 1492 1352
f 1366 1511 1351
f 1351 1511 1492
f 1352 1492 1493
f 1353 1494 1367
f 1353 1483 1494
f 1368 1513 1366
f 1366 1513 1511
f 1367 1512 1369
f 1367 1494 1512
f 1380 1515 1368
f 1368 1515 1513
f 1369 1514 1381
f 1369 1512 1514
f 1388 1517 1380
f 1380 1517 1515
f 1381 1516 1389
f 1381 1514 1516
f 1396 1519 1388
f 1388 1519 1517
f 1389 1518 1397
f 1389 1516 1518
f 1402 1523 1396
f 1396 1521 1519
f 1396 1523 1521
f 1397 1522 1405
f 1397 1518 1520
f 1397 1520 1522
f 1403 1524 1402
f 1402 1524 1523
f 1410 1527 1403
f 1403 1527 1524
f 1405 1526 1404
f 1404 1525 1411
f 1404 1526 1525
f 1405 1522 1526
f 1416 1531 1410
f 1410 1529 1527
f 1410 1531 1529
f 1411 1530 1419
f 1411 1525 1528
f 1411 1528 1530
f 1417 1532 1416
f 1416 1532 1531
f 1424 1537 1417
f 1417 1535 1532
f 1417 1537 1535
f 1419 1534 1418
f 1418 1536 1425
f 1418 1534 1533
f 1418 1533 1536
f 1419 1530 1534
f 1430 1539 1424
f 1424 1539 1537
f 1425 1538 1431
f 1425 1536 1538
f 1434 1543 1430
f 1430 1541 1539
f 1430 1543 1541
f 1431 1542 1437
f 1431 1538 1540
f 1431 1540 1542
f 1435 1545 1434
f 1434 1545 1543
f 1438 1547 1435
f 1435 1547 1545
f 1437 1544 1436
f 1436 1546 1439
f 1436 1544 1546
f 1437 1542 1544
f 1444 1549 1438
f 1438 1549 1547
f 1439 1548 1445
f 1439 1546 1548
f 1448 1551 1444
f 1444 1551 1549
f 1445 1550 1451
f 1445 1548 1550
f 1449 1552 1448
f 1448 1552 1551
f 1452 1555 1449
f 1449 1555 1552
f 1451 1554 1450
f 1450 1553 1453
f 1450 1554 1553
f 1451 1550 1554
f 1458 1557 1452
f 1452 1557 1555
f 1453 1556 1461
f 1453 1553 1556
f 1459 1558 1458
f 1458 1558 1557
f 1462 1561 1459
f 1459 1561 1558
f 1461 1560 1460
f 1460 1559 1463
f 1460 1560 1559
f 1461 1556 1560
f 1466 1563 1462
f 1462 1563 1561
f 1463 1562 1469
f 1463 1559 1562
f 1470 1601 1464
f 1465 1602 1471
f 1467 1564 1466
f 1466 1564 1563
f 1474 1567 1467
f 1467 1567 1564
f 1469 1566 1468
f 1468 1565 1481
f 1468 1566 1565
f 1469 1562 1566
f 1472 1601 1470
f 1471 1602 1473
f 1482 1601 1472
f 1473 1602 1483
f 1475 1569 1474
f 1474 1569 1567
f 1476 1570 1475
f 1475 1570 1569
f 1477 1571 1476
f 1476 1571 1570
f 1484 1575 1477
f 1477 1575 1571
f 1479 1573 1478
f 1478 1572 1491
f 1478 1573 1572
f 1480 1574 1479
f 1479 1574 1573
f 1481 1568 1480
f 1480 1568 1574
f 1481 1565 1568
f 1493 1601 1482
f 1483 1602 1494
f 1485 1576 1484
f 1484 1576 1575
f 1486 1577 1485
f 1485 1577 1576
f 1487 1578 1486
f 1486 1578 1577
f 1495 1583 1487
f 1487 1583 1578
f 1489 1580 1488
f 1488 1579 1510
f 1488 1580 1579
f 1490 1581 1489
f 1489 1581 1580
f 1491 1582 1490
f 1490 1582 1581
f 1491 1572 1582
f 1492 1601 1493
f 1511 1601 1492
f 1494 1602 1512
f 1496 1587 1495
f 1495 1587 1583
f 1497 1588 1496
f 1496 1588 1587
f 1498 1589 1497
f 1497 1589 1588
f 1499 1590 1498
f 1498 1590 1589
f 1500 1591 1499
f 1499 1591 1590
f 1501 1592 1500
f 1500 1592 1591
f 1502 1593 1501
f 1501 1593 1592
f 1503 1594 1502
f 1502 1594 1593
f 1504 1595 1503
f 1503 1595 1594
f 1505 1596 1504
f 1504 1596 1595
f 1506 1597 1505
f 1505 1597 1596
f 1507 1598 1506
f 1506 1598 1597
f 1508 1599 1507
f 1507 1599 1598
f 1509 1600 1508
f 1508 1600 1599
f 1510 1584 1509
f 1509 1584 1600
f 1510 1579 1584
f 1513 1601 1511
f 1512 1602 1514
f 1515 1601 1513
f 1514 1602 1516
f 1517 1601 1515
f 1516 1602 1518
f 1519 1601 1517
f 1518 1602 1520
f 1521 1601 1519
f 1520 1602 1522
f 1523 1601 1521
f 1522 1602 1526
f 1524 1601 1523
f 1527 1601 1524
f 1526 1602 1525
f 1525 1602 1528
f 1529 1601 1527
f 1528 1602 1530
f 1531 1601 1529
f 1530 1602 1534
f 1532 1601 1531
f 1535 1601 1532
f 1534 1602 1533
f 1533 1602 1536
f 1537 1601 1535
f 1536 1602 1538
f 1539 1601 1537
f 1538 1602 1540
f 1541 1601 1539
f 1540 1602 1542
f 1543 1601 1541
f 1542 1602 1544
f 1545 1601 1543
f 1544 1602 1546
f 1547 1601 1545
f 1546 1602 1548
f 1549 1601 1547
f 1548 1602 1550
f 1551 1601 1549
f 1550 1602 1554
f 1552 1601 1551
f 1555 1601 1552
f 1554 1602 1553
f 1553 1602 1556
f 1557 1601 1555
f 1556 1602 1560
f 1558 1601 1557
f 1561 1601 1558
f 1560 1602 1559
f 1559 1602 1562
f 1563 1601 1561
f 1562 1602 1566
f 1564 1601 1563
f 1567 1601 1564
f 1566 1602 1565
f 1565 1602 1568
f 1569 1601 1567
f 1568 1602 1574
f 1570 1601 1569
f 1571 1601 1570
f 1575 1601 1571
f 1573 1602 1572
f 1572 1602 1582
f 1574 1602 1573
f 1576 1601 1575
f 1577 1601 1576
f 1578 1601 1577
f 1583 1601 1578
f 1580 1602 1579
f 1579 1602 1584
f 1581 1602 1580
f 1582 1602 1581
f 1587 1601 1583
f 1584 1602 1600
f 1586 1585 1952
f 1951 1585 1605
f 1952 1585 1951
f 1588 1601 1587
f 1589 1601 1588
f 1590 1601 1589
f 1591 1601 1590
f 1592 1601 1591
f 1593 1601 1592
f 1594 1601 1593
f 1595 1602 1594
f 1594 1602 1601
f 1596 1602 1595
f 1597 1602 1596
f 1598 1602 1597
f 1599 1602 1598
f 1600 1602 1599
f 1602 1603 1601
f 1604 1603 1602
f 1604 1611 1603
f 1603 1879 1605
f 1608 1607 1603
f 1603 1607 1621
f 1609 1608 1603
f 1610 1609 1603
f 1603 1611 1610
f 1603 1620 1619
f 1603 1619 1632
f 1603 1621 1620
f 1632 1631 1603
f 1603 1631 1640
f 1603 1640 1639
f 1603 1639 1647
f 1647 1652 1603
f 1652 1651 1603
f 1603 1651 1659
f 1603 1659 1664
f 1603 1664 1663
f 1663 1671 1603
f 1671 1675 1603
f 1603 1675 1879
f 1606 1950 1604
f 1614 1611 1604
f 1604 1615 1614
f 1604 1616 1615
f 1617 1616 1604
f 1618 1617 1604
f 1604 1628 1618
f 1604 1629 1628
f 1604 1630 1629
f 1604 1637 1630
f 1638 1637 1604
f 1604 1645 1638
f 1604 1646 1645
f 1604 1650 1646
f 1657 1650 1604
f 1658 1657 1604
f 1604 1662 1658
f 1604 1669 1662
f 1604 1670 1669
f 1674 1670 1604
f 1678 1674 1604
f 1880 1678 1604
f 1604 1950 1880
f 1605 1686 1606
f 1605 1606 1951
f 1679 1680 1605
f 1605 1701 1679
f 1680 1681 1605
f 1681 1682 1605
f 1605 1682 1683
f 1683 1686 1605
f 1605 1699 1700
f 1605 1712 1699
f 1605 1700 1701
f 1711 1712 1605
f 1605 1730 1711
f 1605 1729 1730
f 1605 1737 1729
f 1750 1737 1605
f 1749 1750 1605
f 1605 1757 1749
f 1770 1757 1605
f 1605 1769 1770
f 1777 1769 1605
f 1793 1777 1605
f 1949 1793 1605
f 1605 1879 1949
f 1606 1686 1687
f 1606 1687 1688
f 1688 1689 1606
f 1689 1690 1606
f 1606 1690 1708
f 1606 1708 1709
f 1606 1709 1710
f 1606 1710 1717
f 1717 1718 1606
f 1606 1718 1735
f 1606 1735 1736
f 1606 1736 1740
f 1740 1755 1606
f 1755 1756 1606
f 1606 1756 1760
f 1760 1775 1606
f 1606 1775 1776
f 1776 1780 1606
f 1780 1796 1606
f 1606 1796 1950
f 1951 1606 1952
f 1680 1607 1608
f 1679 1621 1607
f 1679 1607 1680
f 1681 1608 1609
f 1680 1608 1681
f 1682 1609 1610
f 1681 1609 1682
f 1683 1610 1611
f 1682 1610 1683
f 1611 1614 1612
f 1684 1611 1612
f 1683 1611 1684
f 1612 1614 1613
f 1612 1613 1622
f 1702 1612 1622
f 1684 1612 1702
f 1686 1613 1614
f 1622 1613 1627
f 1685 1627 1613
f 1685 1613 1686
f 1687 1614 1615
f 1686 1614 1687
f 1688 1615 1616
f 1687 1615 1688
f 1689 1616 1617
f 1688 1616 1689
f 1690 1617 1618
f 1689 1617 1690
f 1708 1618 1628
f 1690 1618 1708
f 1700 1619 1620
f 1699 1632 1619
f 1699 1619 1700
f 1701 1620 1621
f 1700 1620 1701
f 1701 1621 1679
f 1622 1627 1623
f 1703 1622 1623
f 1702 1622 1703
f 1623 1626 1624
f 1704 1623 1624
f 1623 1627 1626
f 1703 1623 1704
f 1624 1626 1625
f 1624 1625 1633
f 1713 1624 1633
f 1704 1624 1713
f 1706 1625 1626
f 1633 1625 1636
f 1705 1636 1625
f 1705 1625 1706
f 1707 1626 1627
f 1706 1626 1707
f 1707 1627 1685
f 1709 1628 1629
f 1708 1628 1709
f 1710 1629 1630
f 1709 1629 1710
f 1717 1630 1637
f 1710 1630 1717
f 1712 1631 1632
f 1711 1640 1631
f 1711 1631 1712
f 1712 1632 1699
f 1633 1636 1634
f 1714 1633 1634
f 1713 1633 1714
f 1634 1636 1635
f 1634 1635 1641
f 1731 1634 1641
f 1714 1634 1731
f 1716 1635 1636
f 1641 1635 1644
f 1715 1644 1635
f 1715 1635 1716
f 1716 1636 1705
f 1718 1637 1638
f 1717 1637 1718
f 1735 1638 1645
f 1718 1638 1735
f 1730 1639 1640
f 1729 1647 1639
f 1729 1639 1730
f 1730 1640 1711
f 1641 1644 1642
f 1732 1641 1642
f 1731 1641 1732
f 1642 1644 1643
f 1642 1643 1648
f 1738 1642 1648
f 1732 1642 1738
f 1734 1643 1644
f 1648 1643 1649
f 1733 1649 1643
f 1733 1643 1734
f 1734 1644 1715
f 1736 1645 1646
f 1735 1645 1736
f 1740 1646 1650
f 1736 1646 1740
f 1737 1652 1647
f 1737 1647 1729
f 1648 1649 1653
f 1751 1648 1653
f 1738 1648 1751
f 1653 1649 1656
f 1739 1656 1649
f 1739 1649 1733
f 1755 1650 1657
f 1740 1650 1755
f 1750 1651 1652
f 1749 1659 1651
f 1749 1651 1750
f 1750 1652 1737
f 1653 1656 1654
f 1752 1653 1654
f 1751 1653 1752
f 1654 1656 1655
f 1654 1655 1660
f 1758 1654 1660
f 1752 1654 1758
f 1754 1655 1656
f 1660 1655 1661
f 1753 1661 1655
f 1753 1655 1754
f 1754 1656 1739
f 1756 1657 1658
f 1755 1657 1756
f 1760 1658 1662
f 1756 1658 1760
f 1757 1664 1659
f 1757 1659 1749
f 1660 1661 1665
f 1758 1660 1665
f 1665 1661 1668
f 1759 1668 1661
f 1759 1661 1753
f 1760 1662 1669
f 1770 1663 1664
f 1769 1671 1663
f 1769 1663 1770
f 1770 1664 1757
f 1665 1668 1666
f 1772 1665 1666
f 1758 1665 1771
f 1771 1665 1772
f 1666 1668 1667
f 1666 1667 1672
f 1778 1666 1672
f 1772 1666 1778
f 1774 1667 1668
f 1672 1667 1673
f 1773 1673 1667
f 1773 1667 1774
f 1774 1668 1759
f 1776 1669 1670
f 1760 1669 1775
f 1775 1669 1776
f 1780 1670 1674
f 1776 1670 1780
f 1777 1675 1671
f 1777 1671 1769
f 1672 1673 1676
f 1794 1672 1676
f 1778 1672 1794
f 1676 1673 1677
f 1779 1677 1673
f 1779 1673 1773
f 1796 1674 1678
f 1780 1674 1796
f 1793 1691 1675
f 1879 1675 1691
f 1793 1675 1777
f 1676 1677 1692
f 1798 1676 1692
f 1794 1676 1798
f 1692 1677 1693
f 1795 1693 1677
f 1795 1677 1779
f 1800 1678 1694
f 1880 1694 1678
f 1796 1678 1800
f 1684 1685 1683
f 1683 1685 1686
f 1684 1707 1685
f 1702 1707 1684
f 1797 1695 1691
f 1879 1691 1695
f 1797 1691 1793
f 1692 1693 1696
f 1814 1692 1696
f 1798 1692 1814
f 1696 1693 1697
f 1799 1697 1693
f 1799 1693 1795
f 1816 1694 1698
f 1880 1698 1694
f 1800 1694 1816
f 1813 1719 1695
f 1879 1695 1719
f 1813 1695 1797
f 1696 1697 1720
f 1818 1696 1720
f 1814 1696 1818
f 1720 1697 1721
f 1815 1721 1697
f 1815 1697 1799
f 1820 1698 1722
f 1880 1722 1698
f 1816 1698 1820
f 1703 1706 1702
f 1702 1706 1707
f 1704 1705 1703
f 1703 1705 1706
f 1704 1716 1705
f 1713 1716 1704
f 1714 1715 1713
f 1713 1715 1716
f 1714 1734 1715
f 1731 1734 1714
f 1817 1724 1719
f 1879 1719 1724
f 1817 1719 1813
f 1720 1721 1725
f 1839 1720 1725
f 1818 1720 1839
f 1725 1721 1727
f 1819 1727 1721
f 1819 1721 1815
f 1842 1722 1728
f 1880 1728 1722
f 1820 1722 1842
f 1837 1724 1723
f 1838 1723 1724
f 1724 1723 1879
f 1837 1723 1838
f 1838 1741 1724
f 1879 1724 1741
f 1838 1724 1817
f 1838 1724 1837
f 1725 1727 1726
f 1725 1727 1742
f 1844 1725 1742
f 1839 1725 1844
f 1840 1727 1726
f 1841 1726 1727
f 1840 1726 1841
f 1742 1727 1743
f 1841 1743 1727
f 1841 1727 1819
f 1841 1727 1840
f 1846 1728 1744
f 1880 1744 1728
f 1842 1728 1846
f 1732 1733 1731
f 1731 1733 1734
f 1732 1739 1733
f 1738 1739 1732
f 1738 1754 1739
f 1751 1754 1738
f 1843 1745 1741
f 1879 1741 1745
f 1843 1741 1838
f 1742 1743 1746
f 1872 1742 1746
f 1844 1742 1872
f 1746 1743 1747
f 1845 1747 1743
f 1845 1743 1841
f 1874 1744 1748
f 1880 1748 1744
f 1846 1744 1874
f 1871 1761 1745
f 1879 1745 1761
f 1871 1745 1843
f 1746 1747 1762
f 1876 1746 1762
f 1872 1746 1876
f 1762 1747 1763
f 1873 1763 1747
f 1873 1747 1845
f 1878 1748 1764
f 1880 1764 1748
f 1874 1748 1878
f 1752 1753 1751
f 1751 1753 1754
f 1752 1759 1753
f 1758 1759 1752
f 1758 1774 1759
f 1771 1774 1758
f 1875 1765 1761
f 1879 1761 1765
f 1875 1761 1871
f 1762 1763 1766
f 1882 1762 1766
f 1876 1762 1882
f 1766 1763 1767
f 1877 1767 1763
f 1877 1763 1873
f 1880 1768 1764
f 1884 1764 1768
f 1878 1764 1884
f 1879 1765 1781
f 1881 1781 1765
f 1881 1765 1875
f 1766 1767 1782
f 1886 1766 1782
f 1882 1766 1886
f 1782 1767 1783
f 1883 1783 1767
f 1883 1767 1877
f 1880 1784 1768
f 1888 1768 1784
f 1884 1768 1888
f 1772 1773 1771
f 1771 1773 1774
f 1772 1779 1773
f 1778 1779 1772
f 1778 1795 1779
f 1794 1795 1778
f 1781 1785 1879
f 1885 1785 1781
f 1885 1781 1881
f 1782 1783 1788
f 1892 1782 1788
f 1886 1782 1892
f 1788 1783 1789
f 1887 1789 1783
f 1887 1783 1883
f 1880 1792 1784
f 1896 1784 1792
f 1888 1784 1896
f 1879 1785 1786
f 1889 1786 1785
f 1889 1785 1885
f 1879 1786 1801
f 1890 1801 1786
f 1890 1786 1889
f 1788 1789 1787
f 1891 1788 1787
f 1787 1789 1790
f 1787 1790 1802
f 1898 1787 1802
f 1891 1787 1898
f 1892 1788 1891
f 1893 1790 1789
f 1893 1789 1887
f 1802 1790 1803
f 1894 1803 1790
f 1894 1790 1893
f 1791 1792 1880
f 1895 1792 1791
f 1804 1791 1880
f 1900 1791 1804
f 1895 1791 1900
f 1896 1792 1895
f 1949 1797 1793
f 1794 1799 1795
f 1798 1799 1794
f 1950 1796 1800
f 1949 1813 1797
f 1798 1815 1799
f 1814 1815 1798
f 1950 1800 1816
f 1879 1801 1805
f 1897 1805 1801
f 1897 1801 1890
f 1802 1803 1808
f 1904 1802 1808
f 1898 1802 1904
f 1808 1803 1809
f 1899 1809 1803
f 1899 1803 1894
f 1812 1804 1880
f 1908 1804 1812
f 1900 1804 1908
f 1805 1806 1879
f 1901 1806 1805
f 1901 1805 1897
f 1806 1821 1879
f 1902 1821 1806
f 1902 1806 1901
f 1808 1809 1807
f 1903 1808 1807
f 1807 1809 1810
f 1807 1810 1824
f 1912 1807 1824
f 1903 1807 1912
f 1904 1808 1903
f 1905 1810 1809
f 1905 1809 1899
f 1824 1810 1825
f 1906 1825 1810
f 1906 1810 1905
f 1880 1811 1812
f 1907 1812 1811
f 1880 1828 1811
f 1916 1811 1828
f 1907 1811 1916
f 1908 1812 1907
f 1949 1817 1813
f 1814 1819 1815
f 1818 1819 1814
f 1950 1816 1820
f 1949 1838 1817
f 1818 1841 1819
f 1839 1841 1818
f 1950 1820 1842
f 1879 1821 1822
f 1909 1822 1821
f 1909 1821 1902
f 1879 1822 1829
f 1910 1829 1822
f 1910 1822 1909
f 1824 1825 1823
f 1911 1824 1823
f 1823 1825 1826
f 1823 1826 1832
f 1920 1823 1832
f 1911 1823 1920
f 1912 1824 1911
f 1913 1826 1825
f 1913 1825 1906
f 1832 1826 1833
f 1914 1833 1826
f 1914 1826 1913
f 1827 1828 1880
f 1915 1828 1827
f 1880 1836 1827
f 1924 1827 1836
f 1915 1827 1924
f 1916 1828 1915
f 1829 1830 1879
f 1917 1830 1829
f 1917 1829 1910
f 1830 1847 1879
f 1918 1847 1830
f 1918 1830 1917
f 1832 1833 1831
f 1919 1832 1831
f 1831 1833 1834
f 1831 1834 1850
f 1928 1831 1850
f 1919 1831 1928
f 1920 1832 1919
f 1921 1834 1833
f 1921 1833 1914
f 1850 1834 1851
f 1922 1851 1834
f 1922 1834 1921
f 1880 1835 1836
f 1923 1836 1835
f 1880 1854 1835
f 1932 1835 1854
f 1923 1835 1932
f 1924 1836 1923
f 1949 1838 1837
f 1949 1843 1838
f 1839 1841 1840
f 1839 1845 1841
f 1844 1845 1839
f 1950 1842 1846
f 1949 1871 1843
f 1844 1873 1845
f 1872 1873 1844
f 1950 1846 1874
f 1879 1847 1848
f 1925 1848 1847
f 1925 1847 1918
f 1848 1855 1879
f 1926 1855 1848
f 1926 1848 1925
f 1850 1851 1849
f 1927 1850 1849
f 1849 1851 1852
f 1849 1852 1862
f 1927 1849 1862
f 1928 1850 1927
f 1929 1852 1851
f 1929 1851 1922
f 1862 1852 1863
f 1930 1863 1852
f 1930 1852 1929
f 1853 1854 1880
f 1931 1854 1853
f 1880 1870 1853
f 1931 1853 1870
f 1932 1854 1931
f 1879 1855 1856
f 1933 1856 1855
f 1933 1855 1926
f 1856 1857 1879
f 1934 1857 1856
f 1934 1856 1933
f 1857 1858 1879
f 1935 1858 1857
f 1935 1857 1934
f 1858 1859 1879
f 1936 1859 1858
f 1936 1858 1935
f 1860 1865 1859
f 1937 1860 1859
f 1859 1865 1866
f 1859 1866 1879
f 1937 1859 1936
f 1861 1864 1860
f 1938 1861 1860
f 1860 1864 1865
f 1938 1860 1937
f 1862 1863 1861
f 1939 1862 1861
f 1861 1863 1864
f 1939 1861 1938
f 1927 1862 1940
f 1940 1862 1939
f 1941 1864 1863
f 1941 1863 1930
f 1942 1865 1864
f 1942 1864 1941
f 1943 1866 1865
f 1943 1865 1942
f 1866 1867 1880
f 1944 1867 1866
f 1879 1866 1880
f 1944 1866 1943
f 1880 1867 1868
f 1945 1868 1867
f 1945 1867 1944
f 1880 1868 1869
f 1946 1869 1868
f 1946 1868 1945
f 1880 1869 1870
f 1947 1870 1869
f 1947 1869 1946
f 1931 1870 1948
f 1948 1870 1947
f 1949 1875 1871
f 1872 1877 1873
f 1876 1877 1872
f 1950 1874 1878
f 1949 1881 1875
f 1876 1883 1877
f 1882 1883 1876
f 1950 1878 1884
f 1880 1949 1879
f 1950 1949 1880
f 1949 1885 1881
f 1882 1887 1883
f 1886 1887 1882
f 1950 1884 1888
f 1889 1885 1949
f 1886 1893 1887
f 1892 1893 1886
f 1888 1896 1950
f 1949 1890 1889
f 1949 1897 1890
f 1891 1894 1892
f 1891 1899 1894
f 1898 1899 1891
f 1892 1894 1893
f 1950 1896 1895
f 1950 1895 1900
f 1949 1901 1897
f 1898 1905 1899
f 1904 1905 1898
f 1950 1900 1908
f 1902 1901 1949
f 1909 1902 1949
f 1903 1906 1904
f 1903 1913 1906
f 1912 1913 1903
f 1904 1906 1905
f 1908 1907 1950
f 1907 1916 1950
f 1949 1910 1909
f 1949 1917 1910
f 1911 1914 1912
f 1911 1921 1914
f 1920 1921 1911
f 1912 1914 1913
f 1950 1916 1915
f 1950 1915 1924
f 1918 1917 1949
f 1925 1918 1949
f 1919 1922 1920
f 1919 1929 1922
f 1928 1929 1919
f 1920 1922 1921
f 1924 1923 1950
f 1923 1932 1950
f 1949 1926 1925
f 1949 1933 1926
f 1927 1930 1928
f 1927 1941 1930
f 1940 1941 1927
f 1928 1930 1929
f 1950 1932 1931
f 1950 1931 1948
f 1949 1934 1933
f 1935 1934 1949
f 1936 1935 1949
f 1937 1936 1949
f 1937 1944 1938
f 1944 1937 1950
f 1950 1937 1949
f 1938 1943 1939
f 1938 1944 1943
f 1939 1942 1940
f 1939 1943 1942
f 1940 1942 1941
f 1950 1945 1944
f 1946 1945 1950
f 1947 1946 1950
f 1950 1948 1947
