# CAD visual only; metres; body-local coordinates
v -0.0604365448 -0.0470015243 0.0160125237
v -0.0604537491 -0.0470187286 0.016290658
v -0.0604572014 -0.0470221618 0.016569808
v -0.0604507354 -0.047015715 0.0167790251
v -0.0602516655 -0.046816645 0.0150015717
v -0.0603192047 -0.0468841652 0.0152639322
v -0.0603736213 -0.0469385818 0.0155323105
v -0.0604146675 -0.046979628 0.0158054094
v -0.0604300979 -0.0469950775 0.0170566921
v -0.0604056648 -0.0469706253 0.0172632341
v -0.0603612617 -0.0469262222 0.0175352745
v -0.0603035263 -0.0468685058 0.0178022747
v -0.060192633 -0.0467575935 0.0148095255
v -0.0602327827 -0.0467977623 0.0180629234
v -0.060001326 -0.0465662864 0.0143214445
v -0.060078688 -0.0466436676 0.014500001
v -0.0601713852 -0.0467363456 0.0182534866
v -0.060078688 -0.0466436676 0.0185000019
v -0.0599461082 -0.0465110878 0.0142056923
v -0.05997407 -0.0465390495 0.0142632275
v -0.05997407 -0.0465390495 0.0187367706
v -0.0599461082 -0.0465110878 0.0187943058
v -0.059763842 -0.0463288215 0.0138757639
v -0.0598580269 -0.0464230064 0.0140373545
v -0.0599174408 -0.0464824203 0.01885114
v -0.0598272995 -0.046392279 0.0190172796
v -0.0596977905 -0.046262751 0.0137720089
v -0.059731131 -0.0462961105 0.0191765242
v -0.0595217804 -0.0460867599 0.01352742
v -0.0596638015 -0.0462287811 0.0192786341
v -0.0594472793 -0.0460122589 0.0134358244
v -0.059484816 -0.0460497955 0.019518836
v -0.0592515281 -0.0458164886 0.0132233934
v -0.059291716 -0.0458566765 0.0132639341
v -0.0594091896 -0.0459741691 0.0196085815
v -0.0592515281 -0.0458164886 0.0197766094
v -0.0592108444 -0.0457758049 0.0131838493
v -0.0592108444 -0.0457758049 0.0198161488
v -0.0590004448 -0.0455654243 0.0130015211
v -0.0591696838 -0.0457346443 0.019854682
v -0.0589570717 -0.0455220321 0.0129682093
v -0.0589570717 -0.0455220321 0.0200317888
v -0.058779631 -0.0453445915 0.0128458195
v -0.0587724594 -0.0453374199 0.0159746723
v -0.058816481 -0.0453814605 0.0162340622
v -0.058831282 -0.0453962616 0.016499999
v -0.05881959 -0.0453845504 0.0167365961
v -0.0587787536 -0.0453437332 0.0169970303
v -0.0587514404 -0.04531642 0.0171092253
v -0.0589132789 -0.0454782585 0.0200640278
v -0.0586887459 -0.0452537254 0.0127912645
v -0.0587002662 -0.0452652458 0.0157282143
v -0.0587437538 -0.0453087333 0.0158631687
v -0.0587096313 -0.0452745918 0.0172452288
v -0.0586905769 -0.0452555565 0.0172981005
v -0.0587343506 -0.0452993301 0.0201820211
v -0.0585032371 -0.0450681976 0.0126957731
v -0.0586428169 -0.0452077965 0.0127656775
v -0.0585892204 -0.0451542 0.0154769163
v -0.0586805633 -0.0452455429 0.0156758242
v -0.0586017135 -0.045166674 0.0174992352
v -0.0585083488 -0.0450733284 0.0176593952
v -0.0586428169 -0.0452077965 0.0202343206
v -0.0585965828 -0.0451615623 0.0202587729
v -0.0584561638 -0.0450211242 0.0126747828
v -0.0584939102 -0.0450588707 0.0153190784
v -0.0584490112 -0.0450139908 0.0177432995
v -0.0584561638 -0.0450211242 0.0203252201
v -0.058265467 -0.0448304275 0.0126025181
v -0.0584335617 -0.0449985222 0.0152366524
v -0.0582662109 -0.0448311714 0.0179416828
v -0.0584088234 -0.0449738029 0.020345047
v -0.0582172683 -0.0447822288 0.0125874119
v -0.0581935409 -0.0447585205 0.0149989872
v -0.05824832 -0.0448132995 0.0150428133
v -0.058211985 -0.0447769455 0.0179868536
v -0.0581935409 -0.0447585205 0.0180010109
v -0.0582172683 -0.0447822288 0.020412591
v -0.0580228523 -0.0445878128 0.0125389271
v -0.0581749443 -0.0447399048 0.0149852877
v -0.0580006698 -0.0445656303 0.0181167965
v -0.058168898 -0.0447338585 0.0204265099
v -0.0579739097 -0.0445388702 0.0125298147
v -0.0579806617 -0.0445456222 0.01487428
v -0.0579403213 -0.0445053009 0.0181420736
v -0.0579739097 -0.0445388702 0.0204701834
v -0.0577772239 -0.0443422035 0.0125054817
v -0.0579200081 -0.0444849876 0.0148504953
v -0.0577548507 -0.0443198303 0.0181906872
v -0.0579248527 -0.0444898323 0.0204780893
v -0.057727919 -0.0442928795 0.0125024347
v -0.0577339653 -0.0442989448 0.014806469
v -0.057692118 -0.0442570785 0.0181976681
v -0.057727919 -0.0442928795 0.0204975634
v -0.0576291946 -0.0441941742 0.0124999981
v -0.0576785568 -0.0442435364 0.0125006084
v -0.0576711563 -0.0442361168 0.0148010378
v -0.0576291946 -0.0441941742 0.0181999998
v -0.0576785568 -0.0442435364 0.0204993896
v -0.0574811653 -0.0440461448 0.0125054817
v -0.0574827102 -0.0440476707 0.0148126726
v -0.0574411491 -0.0440061287 0.0181790714
v -0.0574811653 -0.0440461448 0.0204945164
v -0.0572844986 -0.0438494781 0.0125298147
v -0.0574204544 -0.0439854339 0.0148258286
v -0.0572577385 -0.043822718 0.0181167965
v -0.0574318985 -0.043996878 0.0204902582
v -0.057186747 -0.0437517074 0.0125492458
v -0.0572378448 -0.0438028053 0.0148926191
v -0.0571984199 -0.0437633804 0.0180870848
v -0.057235556 -0.0438005356 0.020461071
v -0.05704114 -0.0436061195 0.0125874119
v -0.0571788887 -0.0437438682 0.0149237852
v -0.0570464233 -0.0436113838 0.0150131445
v -0.0570100883 -0.0435750488 0.0179571848
v -0.0570648674 -0.0436298279 0.0180010109
v -0.0571380523 -0.0437030319 0.0204392319
v -0.0569449524 -0.0435099128 0.0126188164
v -0.0569921974 -0.0435571769 0.01505832
v -0.0569397262 -0.0435046867 0.0178925591
v -0.0569929413 -0.0435579208 0.02039748
v -0.0567551712 -0.0433201507 0.0126957731
v -0.0569226364 -0.0434876159 0.0151246719
v -0.056809378 -0.0433743576 0.0152566986
v -0.0567500595 -0.04331502 0.0176593952
v -0.0568248466 -0.0433898262 0.0177633457
v -0.0568971542 -0.0434621147 0.0203637056
v -0.0567083648 -0.0432733253 0.012717927
v -0.0567358879 -0.0433008484 0.0153624802
v -0.0566950134 -0.0432599739 0.0175698452
v -0.0567083648 -0.0432733253 0.0202820759
v -0.0566618255 -0.043226786 0.01274123
v -0.0565240387 -0.0430890182 0.0128179817
v -0.0566819481 -0.0432469276 0.0154533749
v -0.0566566948 -0.0432216743 0.0155007629
v -0.056548777 -0.0431137565 0.0157547693
v -0.0565069679 -0.0430719284 0.0171092253
v -0.0565581421 -0.0431231025 0.0172717838
v -0.0566691688 -0.0432341484 0.0175230865
v -0.0566155914 -0.0431805519 0.0202343206
v -0.0566618255 -0.043226786 0.0202587729
v -0.0564787773 -0.0430437568 0.0128458195
v -0.0564996246 -0.0430645851 0.0159185677
v -0.0564796547 -0.0430446151 0.0160029678
v -0.0564388183 -0.0430037979 0.0162634068
v -0.0564360718 -0.0430010513 0.01670718
v -0.0564419273 -0.0430068878 0.0167659407
v -0.0564859489 -0.0430509285 0.0170253305
v -0.0564787773 -0.0430437568 0.0201541834
v -0.0563013366 -0.0428663162 0.0129682093
v -0.0562579445 -0.042822924 0.0130015211
v -0.0564337066 -0.0429986862 0.0163223009
v -0.0564272979 -0.0429922775 0.0165296679
v -0.0562579445 -0.042822924 0.019998477
v -0.0564338592 -0.0429988197 0.0201252298
v -0.056214991 -0.0427799515 0.0130358963
v -0.056214991 -0.0427799515 0.0199641018
v -0.0560068802 -0.0425718597 0.0132233934
v -0.0561724571 -0.0427374176 0.019928668
v -0.0559666923 -0.0425316719 0.0132639341
v -0.0559666923 -0.0425316719 0.0197360687
v -0.0557735923 -0.0423385528 0.0134811621
v -0.0559270195 -0.04249198 0.019694541
v -0.0557002166 -0.0422651962 0.013574584
v -0.0557366089 -0.0423015884 0.019472578
v -0.0555946068 -0.0421595672 0.0137213688
v -0.0555272773 -0.0420922378 0.0138234787
v -0.0555606178 -0.0421255974 0.019227994
v -0.0556644157 -0.0422293762 0.0193773584
v -0.0554625038 -0.0420274643 0.0139288502
v -0.0554945663 -0.0420595268 0.0191242342
v -0.0554311088 -0.0419960693 0.0139827185
v -0.0553123001 -0.0418772606 0.0142056923
v -0.0552570823 -0.0418220619 0.0143214445
v -0.0552843384 -0.0418492988 0.0187367706
v -0.0554003624 -0.0419653419 0.0189626436
v -0.0554311088 -0.0419960693 0.0190172796
v -0.0552047638 -0.0417697433 0.0144398479
v -0.0552305511 -0.0417955307 0.0186196785
v -0.0550870231 -0.0416520027 0.0147465162
v -0.0550256256 -0.0415905861 0.0149370747
v -0.0550067238 -0.0415717033 0.0150015717
v -0.0550067238 -0.0415717033 0.0179984264
v -0.0550657753 -0.0416307548 0.0181904726
v -0.0551554016 -0.0417203811 0.0184392385
v -0.0551797203 -0.0417446808 0.0185000019
v -0.0549548629 -0.0415198425 0.0151977282
v -0.0549392036 -0.0415041832 0.0152639322
v -0.0549392036 -0.0415041832 0.0177360659
v -0.0549886421 -0.0415536026 0.0179334717
v -0.0548971466 -0.0414621261 0.0154647236
v -0.0548527435 -0.041417704 0.015736764
v -0.0548283104 -0.0413932708 0.015943306
v -0.0548076729 -0.0413726333 0.016220973
v -0.0548007683 -0.0413657478 0.016499999
v -0.0548046592 -0.0413696197 0.0167093449
v -0.0548218635 -0.041386824 0.0169874792
v -0.0548437408 -0.0414087204 0.0171945934
v -0.054884787 -0.0414497665 0.0174676876
v -0.0549243644 -0.041489344 0.0176694851
v -0.0363640312 -0.0710122589 0.015736764
v -0.0363884643 -0.0710367111 0.015943306
v -0.0364091018 -0.0710573486 0.016220973
v -0.0364160064 -0.0710642341 0.016499999
v -0.0364121155 -0.0710603622 0.0167093449
v -0.0363949112 -0.0710431579 0.0169874792
v -0.0363730339 -0.0710212616 0.0171945934
v -0.0363541893 -0.071002417 0.017331646
v -0.0362619117 -0.0709101394 0.0151977282
v -0.0363196281 -0.0709678558 0.0154647236
v -0.0363435081 -0.0709917358 0.0156001978
v -0.0363319877 -0.0709802154 0.0174676876
v -0.0362775711 -0.0709257988 0.0177360659
v -0.0362619117 -0.0709101394 0.0178022747
v -0.0361297516 -0.0707779793 0.0147465162
v -0.0361911491 -0.0708393768 0.0149370747
v -0.0362454323 -0.0708936599 0.0151319199
v -0.0362100509 -0.0708582786 0.0179984264
v -0.0361509994 -0.0707992271 0.0181904726
v -0.0361077217 -0.0707559494 0.0183159618
v -0.0360120109 -0.0706602386 0.0144398479
v -0.0360849289 -0.0707331566 0.0146221142
v -0.0360613731 -0.0707096008 0.0184392385
v -0.0360120109 -0.0706602386 0.0185601501
v -0.0359044746 -0.0705527214 0.0142056923
v -0.0359862236 -0.0706344513 0.0143803244
v -0.0359324363 -0.0705806831 0.0187367706
v -0.0358758262 -0.0705240539 0.01885114
v -0.0357856659 -0.0704339126 0.0139827185
v -0.0358464531 -0.0704946808 0.0140927391
v -0.0358164123 -0.07046464 0.0189626436
v -0.0357542709 -0.0704024986 0.0190711527
v -0.0356221679 -0.0702703956 0.0137213688
v -0.0357222084 -0.0703704361 0.0138757639
v -0.0356561569 -0.0703043846 0.019227994
v -0.0356221679 -0.0702703956 0.0192786341
v -0.0355875686 -0.0702357963 0.0136715727
v -0.035516558 -0.0701647857 0.0194254141
v -0.0354431823 -0.07009141 0.0134811621
v -0.0354801658 -0.0701283935 0.01352742
v -0.0354801658 -0.0701283935 0.019472578
v -0.035367556 -0.0700157837 0.0196085815
v -0.0353289322 -0.0699771599 0.0133479576
v -0.0352500824 -0.0698983101 0.0197360687
v -0.0352098945 -0.0698581222 0.0132233934
v -0.0351280502 -0.0697762779 0.019854682
v -0.0350864128 -0.0697346405 0.0131078081
v -0.0350017837 -0.0696500114 0.0199641018
v -0.0349154381 -0.0695636657 0.0129682093
v -0.0349588302 -0.0696070579 0.0130015211
v -0.0349588302 -0.0696070579 0.019998477
v -0.0348716453 -0.0695198921 0.0200640278
v -0.0348274711 -0.0694756988 0.0129048233
v -0.0347539428 -0.0694021705 0.0160887318
v -0.0347779564 -0.0694261841 0.0162634068
v -0.0347894767 -0.0694377044 0.0165296679
v -0.0347748474 -0.0694230942 0.0167659407
v -0.0347829155 -0.0694311432 0.0201252298
v -0.0347379974 -0.0693862251 0.0128458195
v -0.0346070007 -0.0692552284 0.0155991392
v -0.0346679977 -0.0693162254 0.0157547693
v -0.03473712 -0.0693853668 0.0160029678
v -0.0347486976 -0.0693969253 0.016939991
v -0.0347308258 -0.0693790535 0.0170253305
v -0.0346586326 -0.0693068603 0.0172717838
v -0.0346471122 -0.069295359 0.0202087336
v -0.0345549492 -0.0692031769 0.01274123
v -0.0346011833 -0.0692494301 0.0127656775
v -0.0345084289 -0.0691566566 0.0154072599
v -0.0345600799 -0.0692083076 0.0155007629
v -0.0345957283 -0.069243956 0.0174258881
v -0.0345476059 -0.0691958336 0.0175230865
v -0.0346011833 -0.0692494301 0.0202343206
v -0.0345084099 -0.0691566566 0.0202820759
v -0.0344616035 -0.0691098312 0.0126957731
v -0.034360247 -0.0690084938 0.0151977234
v -0.0344073967 -0.0690556244 0.0152566986
v -0.0344947914 -0.0691430191 0.0176153021
v -0.0343919281 -0.0690401558 0.0177633457
v -0.0343671898 -0.0690154175 0.020345047
v -0.0343196205 -0.0689678482 0.0126362972
v -0.0342597679 -0.0689079956 0.0150906353
v -0.0343440727 -0.0689923004 0.0178211479
v -0.0342718223 -0.0689200691 0.0203811817
v -0.0342238334 -0.0688720611 0.0126025181
v -0.0341145233 -0.0687627701 0.0149720507
v -0.0341703514 -0.0688185791 0.0150131445
v -0.0342422775 -0.0688905052 0.0179257421
v -0.0341519073 -0.0688001541 0.0180010109
v -0.0341272644 -0.0687754921 0.0204265099
v -0.0340787224 -0.06872695 0.012560771
v -0.0340183548 -0.0686665825 0.0149129133
v -0.0340956024 -0.0687438301 0.0180407219
v -0.0340300277 -0.0686782745 0.0204507523
v -0.0339812187 -0.0686294464 0.0125389271
v -0.0338579849 -0.0685062126 0.0148435717
v -0.0339987091 -0.0686469368 0.0180974798
v -0.0338832191 -0.0685314468 0.0204780893
v -0.0338340858 -0.0684823135 0.0125152235
v -0.0337548736 -0.0684031013 0.0148165445
v -0.0338375 -0.0684857277 0.0181628494
v -0.0337848762 -0.0684331039 0.0204902582
v -0.0337356094 -0.0683838371 0.0125054817
v -0.0336085418 -0.0682567886 0.0148002605
v -0.0337340645 -0.0683822921 0.0181873302
v -0.0336369423 -0.06828517 0.0204993896
v -0.0335875801 -0.0682358078 0.0124999981
v -0.0335382179 -0.0681864456 0.0125006084
v -0.033503714 -0.0681519607 0.014804142
v -0.0335875801 -0.0682358078 0.0181999998
v -0.0335382179 -0.0681864456 0.0204993896
v -0.0334888557 -0.0681371025 0.0125024347
v -0.0333582023 -0.06800643 0.0148312359
v -0.0334828094 -0.0681310371 0.0181935291
v -0.0333902649 -0.0680385116 0.0204902582
v -0.0333410553 -0.067989283 0.0125152235
v -0.0332562355 -0.0679044632 0.0148658543
v -0.0333376411 -0.0679858688 0.0181628494
v -0.033291922 -0.0679401497 0.0204780893
v -0.033242865 -0.0678911117 0.0125298147
v -0.0331178764 -0.0677661232 0.0149351435
v -0.0332361129 -0.0678843406 0.0181257181
v -0.0331451133 -0.067793341 0.0204507523
v -0.0330964187 -0.0677446464 0.012560771
v -0.0330232338 -0.0676714615 0.0149989872
v -0.0330047897 -0.0676530174 0.0150131445
v -0.0330047897 -0.0676530174 0.0179868536
v -0.0330986503 -0.067746878 0.0180530291
v -0.0330478767 -0.0676961235 0.0204265099
v -0.0329995064 -0.067647734 0.0125874119
v -0.0328641418 -0.0675123695 0.0151423197
v -0.0329865364 -0.0676347641 0.0179722433
v -0.0328555206 -0.0675037483 0.0203637056
v -0.0328079513 -0.067456179 0.0126549511
v -0.0327832321 -0.0674314598 0.0152366524
v -0.0327525429 -0.0674007705 0.0152771215
v -0.0327677635 -0.0674159912 0.0177432995
v -0.0328474907 -0.0674957374 0.0178396206
v -0.0327606109 -0.0674088577 0.0203252201
v -0.0327135376 -0.0673617653 0.0126957731
v -0.0326275543 -0.067275782 0.0154769163
v -0.0326028923 -0.06725112 0.0155249195
v -0.0326150612 -0.0672633079 0.0174992352
v -0.0327375702 -0.0673857979 0.0177020817
v -0.0326201919 -0.0672684196 0.0202587729
v -0.0325739578 -0.0672221855 0.0127656775
v -0.0325165085 -0.0671647361 0.0157282143
v -0.0325071434 -0.0671553901 0.0157547693
v -0.0325071434 -0.0671553901 0.0172452288
v -0.0325910095 -0.0672392372 0.0174506264
v -0.0325280288 -0.0671762565 0.0202087336
v -0.0324824241 -0.0671306518 0.0128179817
v -0.0324443153 -0.0670925621 0.0159746723
v -0.0324002937 -0.0670485214 0.0162340622
v -0.0323854927 -0.0670337204 0.016499999
v -0.0323971847 -0.0670454124 0.0167365961
v -0.0324380211 -0.0670862488 0.0169970303
v -0.0324981216 -0.0671463493 0.0172184496
v -0.0323922256 -0.0670404533 0.0201252298
v -0.03234767 -0.0669958976 0.0129048233
v -0.032259703 -0.0669079307 0.0200317888
v -0.0322163299 -0.0668645576 0.0130015211
v -0.0321308235 -0.0667790512 0.019928668
v -0.0320887283 -0.0667369751 0.0131078081
v -0.0320059303 -0.0666541771 0.0198161488
v -0.0319652466 -0.0666134933 0.0132233934
v -0.0319250587 -0.0665733055 0.0132639341
v -0.0318853859 -0.0665336136 0.019694541
v -0.0319652466 -0.0666134933 0.0197766094
v -0.031846228 -0.0664944557 0.0133479576
v -0.0317694954 -0.0664177231 0.0195641785
v -0.0317319587 -0.0663801864 0.0134811621
v -0.0316949943 -0.066343222 0.01352742
v -0.0316227821 -0.0662710098 0.0193773584
v -0.0317319587 -0.0663801864 0.019518836
v -0.0315875725 -0.0662358001 0.0136715727
v -0.0315189842 -0.066167231 0.0137720089
v -0.0315189842 -0.066167231 0.019227994
v -0.0315529731 -0.0662012008 0.0192786341
v -0.0314856437 -0.0661338714 0.0138234787
v -0.0313587478 -0.0660069755 0.0140373545
v -0.0313587478 -0.0660069755 0.0189626436
v -0.0313894752 -0.0660377029 0.0190172796
v -0.031328688 -0.0659769157 0.0140927391
v -0.0312706665 -0.0659188942 0.0187943058
v -0.0312427047 -0.0658909324 0.0142632275
v -0.0311380867 -0.0657863144 0.014500001
v -0.031113768 -0.0657620147 0.0184392385
v -0.0311380867 -0.0657863144 0.0185000019
v -0.0310902122 -0.065738459 0.0146221142
v -0.0310241417 -0.0656723694 0.0148095255
v -0.0310036758 -0.0656519035 0.0181269484
v -0.0310453895 -0.0656936363 0.0182534866
v -0.030983992 -0.0656322197 0.0149370747
v -0.0309651092 -0.0656133369 0.0150015717
v -0.03089757 -0.0655458168 0.0152639322
v -0.030855513 -0.0655037597 0.0175352745
v -0.0309132484 -0.0655614761 0.0178022747
v -0.030983992 -0.0656322197 0.0180629234
v -0.0308431534 -0.0654914001 0.0155323105
v -0.0308021072 -0.065450354 0.0158054094
v -0.0307802299 -0.0654284576 0.0160125237
v -0.0307630256 -0.0654112533 0.016290658
v -0.0307595733 -0.065407801 0.016569808
v -0.0307660392 -0.0654142669 0.0167790251
v -0.0307866768 -0.0654349045 0.0170566921
v -0.0308111099 -0.0654593376 0.0172632341
v -0.0604365448 -0.0470015243 -0.0359874768
v -0.0604537491 -0.0470187286 -0.0357093437
v -0.0604572014 -0.0470221618 -0.0354301901
v -0.0604507354 -0.047015715 -0.0352209742
v -0.0602516655 -0.046816645 -0.0369984264
v -0.0603192047 -0.0468841652 -0.0367360682
v -0.0603736213 -0.0469385818 -0.0364676876
v -0.0604146675 -0.046979628 -0.0361945922
v -0.0604300979 -0.0469950775 -0.0349433072
v -0.0604056648 -0.0469706253 -0.034736764
v -0.0603612617 -0.0469262222 -0.0344647236
v -0.0603035263 -0.0468685058 -0.0341977282
v -0.060192633 -0.0467575935 -0.0371904726
v -0.0602327827 -0.0467977623 -0.0339370747
v -0.060001326 -0.0465662864 -0.037678556
v -0.060078688 -0.0466436676 -0.0374999995
v -0.0601713852 -0.0467363456 -0.0337465162
v -0.0600536445 -0.046618605 -0.0334398479
v -0.0599461082 -0.0465110878 -0.0377943058
v -0.05997407 -0.0465390495 -0.0377367718
v -0.05997407 -0.0465390495 -0.0332632275
v -0.0599461082 -0.0465110878 -0.0332056947
v -0.059763842 -0.0463288215 -0.0381242366
v -0.0598580269 -0.0464230064 -0.037962646
v -0.0599174408 -0.0464824203 -0.0331488581
v -0.0598272995 -0.046392279 -0.0329827185
v -0.0596977905 -0.046262751 -0.038227994
v -0.059731131 -0.0462961105 -0.0328234787
v -0.0595217804 -0.0460867599 -0.0384725792
v -0.0596638015 -0.0462287811 -0.0327213664
v -0.0594472793 -0.0460122589 -0.0385641773
v -0.059484816 -0.0460497955 -0.0324811621
v -0.0592515281 -0.0458164886 -0.0387766082
v -0.059291716 -0.0458566765 -0.0387360675
v -0.0594091896 -0.0459741691 -0.0323914165
v -0.0592515281 -0.0458164886 -0.0322233911
v -0.0592108444 -0.0457758049 -0.03881615
v -0.0592108444 -0.0457758049 -0.0321838493
v -0.0590004448 -0.0455654243 -0.0389984794
v -0.0591696838 -0.0457346443 -0.0321453185
v -0.0589570717 -0.0455220321 -0.03903179
v -0.0589570717 -0.0455220321 -0.0319682093
v -0.058779631 -0.0453445915 -0.0391541822
v -0.0587724594 -0.0453374199 -0.0360253294
v -0.058816481 -0.0453814605 -0.0357659383
v -0.058831282 -0.0453962616 -0.0355000002
v -0.05881959 -0.0453845504 -0.0352634056
v -0.0587787536 -0.0453437332 -0.0350029678
v -0.0587514404 -0.04531642 -0.034890774
v -0.0589132789 -0.0454782585 -0.0319359751
v -0.0586887459 -0.0452537254 -0.0392087359
v -0.0587002662 -0.0452652458 -0.0362717838
v -0.0587437538 -0.0453087333 -0.0361368318
v -0.0587096313 -0.0452745918 -0.0347547693
v -0.0586905769 -0.0452555565 -0.0347018988
v -0.0587343506 -0.0452993301 -0.0318179817
v -0.0585032371 -0.0450681976 -0.0393042262
v -0.0586428169 -0.0452077965 -0.0392343218
v -0.0585892204 -0.0451542 -0.0365230854
v -0.0586805633 -0.0452455429 -0.0363241763
v -0.0586017135 -0.045166674 -0.0345007653
v -0.0585083488 -0.0450733284 -0.0343406029
v -0.0586428169 -0.0452077965 -0.0317656775
v -0.0585965828 -0.0451615623 -0.03174123
v -0.0584561638 -0.0450211242 -0.0393252189
v -0.0584939102 -0.0450588707 -0.0366809196
v -0.0584490112 -0.0450139908 -0.0342566986
v -0.0584561638 -0.0450211242 -0.0316747804
v -0.058265467 -0.0448304275 -0.03939748
v -0.0584335617 -0.0449985222 -0.0367633457
v -0.0582662109 -0.0448311714 -0.0340583177
v -0.0584088234 -0.0449738029 -0.0316549535
v -0.0582172683 -0.0447822288 -0.039412591
v -0.0581935409 -0.0447585205 -0.0370010109
v -0.05824832 -0.0448132995 -0.0369571848
v -0.058211985 -0.0447769455 -0.0340131469
v -0.0581935409 -0.0447585205 -0.0339989896
v -0.0582172683 -0.0447822288 -0.0315874095
v -0.0580228523 -0.0445878128 -0.0394610722
v -0.0581749443 -0.0447399048 -0.0370147116
v -0.0580006698 -0.0445656303 -0.033883204
v -0.058168898 -0.0447338585 -0.0315734906
v -0.0579739097 -0.0445388702 -0.0394701846
v -0.0579806617 -0.0445456222 -0.0371257181
v -0.0579403213 -0.0445053009 -0.0338579268
v -0.0579739097 -0.0445388702 -0.0315298147
v -0.0577772239 -0.0443422035 -0.0394945176
v -0.0579200081 -0.0444849876 -0.0371495028
v -0.0577548507 -0.0443198303 -0.0338093133
v -0.0579248527 -0.0444898323 -0.0315219135
v -0.057727919 -0.0442928795 -0.0394975634
v -0.0577339653 -0.0442989448 -0.0371935315
v -0.057692118 -0.0442570785 -0.03380233
v -0.057727919 -0.0442928795 -0.0315024371
v -0.0576291946 -0.0441941742 -0.0395
v -0.0576711563 -0.0442361168 -0.0371989639
v -0.0576291946 -0.0441941742 -0.0338000007
v -0.0576785568 -0.0442435364 -0.0315006084
v -0.0574811653 -0.0440461448 -0.0394945176
v -0.0574827102 -0.0440476707 -0.0371873279
v -0.0574411491 -0.0440061287 -0.0338209291
v -0.0574811653 -0.0440461448 -0.0315054817
v -0.0572844986 -0.0438494781 -0.0394701846
v -0.0574204544 -0.0439854339 -0.0371741731
v -0.0572577385 -0.043822718 -0.033883204
v -0.0574318985 -0.043996878 -0.0315097446
v -0.057186747 -0.0437517074 -0.0394507535
v -0.0572378448 -0.0438028053 -0.0371073813
v -0.0571984199 -0.0437633804 -0.0339129133
v -0.057235556 -0.0438005356 -0.0315389271
v -0.05704114 -0.0436061195 -0.039412591
v -0.0571788887 -0.0437438682 -0.0370762129
v -0.0570464233 -0.0436113838 -0.0369868536
v -0.0570100883 -0.0435750488 -0.0340428157
v -0.0570648674 -0.0436298279 -0.0339989896
v -0.0571380523 -0.0437030319 -0.0315607686
v -0.0569449524 -0.0435099128 -0.0393811829
v -0.0569921974 -0.0435571769 -0.0369416816
v -0.0569397262 -0.0435046867 -0.0341074414
v -0.0569929413 -0.0435579208 -0.0316025205
v -0.0567551712 -0.0433201507 -0.0393042262
v -0.0569226364 -0.0434876159 -0.0368753285
v -0.056809378 -0.0433743576 -0.0367433019
v -0.0567500595 -0.04331502 -0.0343406029
v -0.0568248466 -0.0433898262 -0.0342366548
v -0.0568971542 -0.0434621147 -0.0316362972
v -0.0567083648 -0.0432733253 -0.0392820747
v -0.0567358879 -0.0433008484 -0.0366375215
v -0.0566950134 -0.0432599739 -0.0344301553
v -0.0567083648 -0.0432733253 -0.0317179246
v -0.0566618255 -0.043226786 -0.0392587705
v -0.0565240387 -0.0430890182 -0.0391820199
v -0.0566819481 -0.0432469276 -0.0365466244
v -0.0566566948 -0.0432216743 -0.0364992352
v -0.056548777 -0.0431137565 -0.0362452312
v -0.0565069679 -0.0430719284 -0.034890774
v -0.0565581421 -0.0431231025 -0.0347282166
v -0.0566691688 -0.0432341484 -0.0344769139
v -0.0566155914 -0.0431805519 -0.0317656775
v -0.0566618255 -0.043226786 -0.03174123
v -0.0564787773 -0.0430437568 -0.0391541822
v -0.0564996246 -0.0430645851 -0.036081434
v -0.0564796547 -0.0430446151 -0.0359970315
v -0.0564388183 -0.0430037979 -0.0357365937
v -0.0564360718 -0.0430010513 -0.0352928216
v -0.0564419273 -0.0430068878 -0.035234061
v -0.0564859489 -0.0430509285 -0.0349746711
v -0.0564787773 -0.0430437568 -0.0318458171
v -0.0563013366 -0.0428663162 -0.03903179
v -0.0562579445 -0.042822924 -0.0389984794
v -0.0564337066 -0.0429986862 -0.0356776984
v -0.0564272979 -0.0429922775 -0.0354703314
v -0.0562579445 -0.042822924 -0.0320015211
v -0.0564338592 -0.0429988197 -0.0318747683
v -0.056214991 -0.0427799515 -0.0389641018
v -0.056214991 -0.0427799515 -0.0320358987
v -0.0560068802 -0.0425718597 -0.0387766082
v -0.0561724571 -0.0427374176 -0.0320713301
v -0.0559666923 -0.0425316719 -0.0387360675
v -0.0559666923 -0.0425316719 -0.0322639318
v -0.0557735923 -0.0423385528 -0.0385188384
v -0.0559270195 -0.04249198 -0.0323054571
v -0.0557002166 -0.0422651962 -0.0384254153
v -0.0557366089 -0.0423015884 -0.03252742
v -0.0555946068 -0.0421595672 -0.0382786341
v -0.0555272773 -0.0420922378 -0.038176523
v -0.0555606178 -0.0421255974 -0.0327720065
v -0.0556644157 -0.0422293762 -0.0326226397
v -0.0554625038 -0.0420274643 -0.0380711503
v -0.0554945663 -0.0420595268 -0.0328757639
v -0.0554311088 -0.0419960693 -0.038017282
v -0.0553123001 -0.0418772606 -0.0377943058
v -0.0552570823 -0.0418220619 -0.037678556
v -0.0552843384 -0.0418492988 -0.0332632275
v -0.0554003624 -0.0419653419 -0.0330373545
v -0.0554311088 -0.0419960693 -0.0329827185
v -0.0552047638 -0.0417697433 -0.0375601525
v -0.0552305511 -0.0417955307 -0.033380322
v -0.0550870231 -0.0416520027 -0.0372534842
v -0.0550256256 -0.0415905861 -0.0370629246
v -0.0550067238 -0.0415717033 -0.0369984264
v -0.0550067238 -0.0415717033 -0.034001574
v -0.0550657753 -0.0416307548 -0.0338095279
v -0.0551797203 -0.0417446808 -0.033500001
v -0.0549548629 -0.0415198425 -0.0368022723
v -0.0549392036 -0.0415041832 -0.0367360682
v -0.0549392036 -0.0415041832 -0.0342639322
v -0.0549886421 -0.0415536026 -0.0340665288
v -0.0548971466 -0.0414621261 -0.0365352757
v -0.0548527435 -0.041417704 -0.0362632365
v -0.0548283104 -0.0413932708 -0.0360566921
v -0.0548076729 -0.0413726333 -0.0357790263
v -0.0548007683 -0.0413657478 -0.0355000002
v -0.0548046592 -0.0413696197 -0.0352906556
v -0.0548218635 -0.041386824 -0.0350125225
v -0.0548437408 -0.0414087204 -0.034805407
v -0.054884787 -0.0414497665 -0.0345323129
v -0.0549243644 -0.041489344 -0.034330513
v -0.0363640312 -0.0710122589 -0.0362632365
v -0.0363884643 -0.0710367111 -0.0360566921
v -0.0364091018 -0.0710573486 -0.0357790263
v -0.0364160064 -0.0710642341 -0.0355000002
v -0.0364121155 -0.0710603622 -0.0352906556
v -0.0363949112 -0.0710431579 -0.0350125225
v -0.0363730339 -0.0710212616 -0.034805407
v -0.0363541893 -0.071002417 -0.0346683533
v -0.0362619117 -0.0709101394 -0.0368022723
v -0.0363196281 -0.0709678558 -0.0365352757
v -0.0363435081 -0.0709917358 -0.0363998039
v -0.0363319877 -0.0709802154 -0.0345323129
v -0.0362775711 -0.0709257988 -0.0342639322
v -0.0362619117 -0.0709101394 -0.0341977282
v -0.0361297516 -0.0707779793 -0.0372534842
v -0.0361911491 -0.0708393768 -0.0370629246
v -0.0362454323 -0.0708936599 -0.0368680806
v -0.0362100509 -0.0708582786 -0.034001574
v -0.0361509994 -0.0707992271 -0.0338095279
v -0.0361077217 -0.0707559494 -0.0336840386
v -0.0360120109 -0.0706602386 -0.0375601525
v -0.0360849289 -0.0707331566 -0.0373778863
v -0.0360370544 -0.0706853012 -0.033500001
v -0.0360120109 -0.0706602386 -0.0334398479
v -0.0359044746 -0.0705527214 -0.0377943058
v -0.0359862236 -0.0706344513 -0.0376196773
v -0.0359324363 -0.0705806831 -0.0332632275
v -0.0358758262 -0.0705240539 -0.0331488581
v -0.0357856659 -0.0704339126 -0.038017282
v -0.0358464531 -0.0704946808 -0.0379072602
v -0.0358164123 -0.07046464 -0.0330373545
v -0.0357542709 -0.0704024986 -0.0329288502
v -0.0356221679 -0.0702703956 -0.0382786341
v -0.0357222084 -0.0703704361 -0.0381242366
v -0.0356561569 -0.0703043846 -0.0327720065
v -0.0356221679 -0.0702703956 -0.0327213664
v -0.0355875686 -0.0702357963 -0.0383284266
v -0.035516558 -0.0701647857 -0.032574584
v -0.0354431823 -0.07009141 -0.0385188384
v -0.0354801658 -0.0701283935 -0.0384725792
v -0.0354801658 -0.0701283935 -0.03252742
v -0.035367556 -0.0700157837 -0.0323914165
v -0.0353289322 -0.0699771599 -0.0386520429
v -0.0352500824 -0.0698983101 -0.0322639318
v -0.0352098945 -0.0698581222 -0.0387766082
v -0.0351280502 -0.0697762779 -0.0321453185
v -0.0350864128 -0.0697346405 -0.0388921924
v -0.0350017837 -0.0696500114 -0.0320358987
v -0.0349154381 -0.0695636657 -0.03903179
v -0.0349588302 -0.0696070579 -0.0389984794
v -0.0349588302 -0.0696070579 -0.0320015211
v -0.0348716453 -0.0695198921 -0.0319359751
v -0.0348274711 -0.0694756988 -0.039095176
v -0.0347539428 -0.0694021705 -0.0359112675
v -0.0347779564 -0.0694261841 -0.0357365937
v -0.0347894767 -0.0694377044 -0.0354703314
v -0.0347748474 -0.0694230942 -0.035234061
v -0.0347829155 -0.0694311432 -0.0318747683
v -0.0347379974 -0.0693862251 -0.0391541822
v -0.0346070007 -0.0692552284 -0.0364008625
v -0.0346679977 -0.0693162254 -0.0362452312
v -0.03473712 -0.0693853668 -0.0359970315
v -0.0347486976 -0.0693969253 -0.0350600071
v -0.0347308258 -0.0693790535 -0.0349746711
v -0.0346586326 -0.0693068603 -0.0347282166
v -0.0346471122 -0.069295359 -0.0317912645
v -0.0345549492 -0.0692031769 -0.0392587705
v -0.0346011833 -0.0692494301 -0.0392343218
v -0.0345084289 -0.0691566566 -0.0365927393
v -0.0345600799 -0.0692083076 -0.0364992352
v -0.0345957283 -0.069243956 -0.0345741136
v -0.0345476059 -0.0691958336 -0.0344769139
v -0.0346011833 -0.0692494301 -0.0317656775
v -0.0345084099 -0.0691566566 -0.0317179246
v -0.0344616035 -0.0691098312 -0.0393042262
v -0.034360247 -0.0690084938 -0.0368022759
v -0.0344073967 -0.0690556244 -0.0367433019
v -0.0344947914 -0.0691430191 -0.0343847008
v -0.0343919281 -0.0690401558 -0.0342366548
v -0.0343671898 -0.0690154175 -0.0316549535
v -0.0343196205 -0.0689678482 -0.0393637033
v -0.0342597679 -0.0689079956 -0.036909364
v -0.0343440727 -0.0689923004 -0.0341788526
v -0.0342718223 -0.0689200691 -0.0316188164
v -0.0342238334 -0.0688720611 -0.03939748
v -0.0341145233 -0.0687627701 -0.0370279498
v -0.0341703514 -0.0688185791 -0.0369868536
v -0.0342422775 -0.0688905052 -0.0340742607
v -0.0341519073 -0.0688001541 -0.0339989896
v -0.0341272644 -0.0687754921 -0.0315734906
v -0.0340787224 -0.06872695 -0.0394392307
v -0.0340183548 -0.0686665825 -0.0370870872
v -0.0340956024 -0.0687438301 -0.0339592762
v -0.0340300277 -0.0686782745 -0.0315492458
v -0.0339812187 -0.0686294464 -0.0394610722
v -0.0338579849 -0.0685062126 -0.0371564288
v -0.0339987091 -0.0686469368 -0.033902523
v -0.0338832191 -0.0685314468 -0.0315219135
v -0.0338340858 -0.0684823135 -0.0394847794
v -0.0337548736 -0.0684031013 -0.0371834559
v -0.0338375 -0.0684857277 -0.0338371487
v -0.0337848762 -0.0684331039 -0.0315097446
v -0.0337356094 -0.0683838371 -0.0394945176
v -0.0336085418 -0.0682567886 -0.0371997411
v -0.0337340645 -0.0683822921 -0.0338126726
v -0.0336369423 -0.06828517 -0.0315006084
v -0.0335875801 -0.0682358078 -0.0395
v -0.033503714 -0.0681519607 -0.0371958585
v -0.0335875801 -0.0682358078 -0.0338000007
v -0.0335382179 -0.0681864456 -0.0315006084
v -0.0334888557 -0.0681371025 -0.0394975634
v -0.0333582023 -0.06800643 -0.0371687658
v -0.0334828094 -0.0681310371 -0.033806469
v -0.0333902649 -0.0680385116 -0.0315097446
v -0.0333410553 -0.067989283 -0.0394847794
v -0.0332562355 -0.0679044632 -0.037134145
v -0.0333376411 -0.0679858688 -0.0338371487
v -0.033291922 -0.0679401497 -0.0315219135
v -0.033242865 -0.0678911117 -0.0394701846
v -0.0331178764 -0.0677661232 -0.0370648582
v -0.0332361129 -0.0678843406 -0.0338742824
v -0.0331451133 -0.067793341 -0.0315492458
v -0.0330964187 -0.0677446464 -0.0394392307
v -0.0330232338 -0.0676714615 -0.0370010109
v -0.0330047897 -0.0676530174 -0.0369868536
v -0.0330047897 -0.0676530174 -0.0340131469
v -0.0330986503 -0.067746878 -0.0339469738
v -0.0330478767 -0.0676961235 -0.0315734906
v -0.0329995064 -0.067647734 -0.039412591
v -0.0328641418 -0.0675123695 -0.0368576808
v -0.0329865364 -0.0676347641 -0.0340277572
v -0.0328555206 -0.0675037483 -0.0316362972
v -0.0328079513 -0.067456179 -0.039345047
v -0.0327832321 -0.0674314598 -0.0367633457
v -0.0327525429 -0.0674007705 -0.0367228777
v -0.0327677635 -0.0674159912 -0.0342566986
v -0.0328474907 -0.0674957374 -0.0341603823
v -0.0327606109 -0.0674088577 -0.0316747804
v -0.0327135376 -0.0673617653 -0.0393042262
v -0.0326275543 -0.067275782 -0.0365230854
v -0.0326028923 -0.06725112 -0.0364750798
v -0.0326150612 -0.0672633079 -0.0345007653
v -0.0327375702 -0.0673857979 -0.0342979188
v -0.0326201919 -0.0672684196 -0.03174123
v -0.0325739578 -0.0672221855 -0.0392343218
v -0.0325165085 -0.0671647361 -0.0362717838
v -0.0325071434 -0.0671553901 -0.0362452312
v -0.0325071434 -0.0671553901 -0.0347547693
v -0.0325910095 -0.0672392372 -0.0345493717
v -0.0325280288 -0.0671762565 -0.0317912645
v -0.0324824241 -0.0671306518 -0.0391820199
v -0.0324443153 -0.0670925621 -0.0360253294
v -0.0324002937 -0.0670485214 -0.0357659383
v -0.0323854927 -0.0670337204 -0.0355000002
v -0.0323971847 -0.0670454124 -0.0352634056
v -0.0324380211 -0.0670862488 -0.0350029678
v -0.0324981216 -0.0671463493 -0.0347815485
v -0.0323922256 -0.0670404533 -0.0318747683
v -0.03234767 -0.0669958976 -0.039095176
v -0.032259703 -0.0669079307 -0.0319682093
v -0.0322163299 -0.0668645576 -0.0389984794
v -0.0321308235 -0.0667790512 -0.0320713301
v -0.0320887283 -0.0667369751 -0.0388921924
v -0.0320059303 -0.0666541771 -0.0321838493
v -0.0319652466 -0.0666134933 -0.0387766082
v -0.0319250587 -0.0665733055 -0.0387360675
v -0.0318853859 -0.0665336136 -0.0323054571
v -0.0319652466 -0.0666134933 -0.0322233911
v -0.031846228 -0.0664944557 -0.0386520429
v -0.0317694954 -0.0664177231 -0.032435822
v -0.0317319587 -0.0663801864 -0.0385188384
v -0.0316949943 -0.066343222 -0.0384725792
v -0.0316227821 -0.0662710098 -0.0326226397
v -0.0317319587 -0.0663801864 -0.0324811621
v -0.0315875725 -0.0662358001 -0.0383284266
v -0.0315189842 -0.066167231 -0.038227994
v -0.0315189842 -0.066167231 -0.0327720065
v -0.0315529731 -0.0662012008 -0.0327213664
v -0.0314856437 -0.0661338714 -0.038176523
v -0.0313587478 -0.0660069755 -0.037962646
v -0.0313587478 -0.0660069755 -0.0330373545
v -0.0313894752 -0.0660377029 -0.0329827185
v -0.031328688 -0.0659769157 -0.0379072602
v -0.0312706665 -0.0659188942 -0.0332056947
v -0.0312427047 -0.0658909324 -0.0377367718
v -0.0311380867 -0.0657863144 -0.0374999995
v -0.031113768 -0.0657620147 -0.0335607619
v -0.0311631302 -0.0658113769 -0.0334398479
v -0.0310902122 -0.065738459 -0.0373778863
v -0.0310241417 -0.0656723694 -0.0371904726
v -0.0310036758 -0.0656519035 -0.0338730545
v -0.0310453895 -0.0656936363 -0.0337465162
v -0.030983992 -0.0656322197 -0.0370629246
v -0.0309651092 -0.0656133369 -0.0369984264
v -0.03089757 -0.0655458168 -0.0367360682
v -0.030855513 -0.0655037597 -0.0344647236
v -0.0309132484 -0.0655614761 -0.0341977282
v -0.030983992 -0.0656322197 -0.0339370747
v -0.0308431534 -0.0654914001 -0.0364676876
v -0.0308021072 -0.065450354 -0.0361945922
v -0.0307802299 -0.0654284576 -0.0359874768
v -0.0307630256 -0.0654112533 -0.0357093437
v -0.0307595733 -0.065407801 -0.0354301901
v -0.0307660392 -0.0654142669 -0.0352209742
v -0.0307866768 -0.0654349045 -0.0349433072
v -0.0308111099 -0.0654593376 -0.034736764
v -0.100003634 -0.0865686134 0.015736764
v -0.100012637 -0.0865776161 0.0158054094
v -0.100034533 -0.0865994934 0.0160125237
v -0.100051737 -0.0866166977 0.016290658
v -0.10005517 -0.08662015 0.016569808
v -0.100048724 -0.0866136841 0.0167790251
v -0.100028086 -0.0865930465 0.0170566921
v -0.100003634 -0.0865686134 0.0172632341
v -0.0999460319 -0.0865110115 0.0153974514
v -0.0999715904 -0.08653657 0.0155323105
v -0.099993811 -0.0865587715 0.017331646
v -0.0999592308 -0.0865242103 0.0175352745
v -0.0997693542 -0.0863343338 0.0147465162
v -0.0997906021 -0.0863555816 0.0148095255
v -0.0998496536 -0.0864146332 0.0150015717
v -0.0999171737 -0.0864821533 0.0152639322
v -0.0999320129 -0.0864969925 0.0176694851
v -0.0999015144 -0.0864664749 0.0178022747
v -0.0998307708 -0.0863957313 0.0180629234
v -0.0997693542 -0.0863343338 0.0182534866
v -0.0997009758 -0.0862659553 0.0145607595
v -0.0997473243 -0.0863123039 0.0183159618
v -0.0995154289 -0.0860804085 0.0141488581
v -0.0995720581 -0.0861370186 0.0142632275
v -0.0996766762 -0.0862416366 0.014500001
v -0.0996766762 -0.0862416366 0.0185000019
v -0.0995440963 -0.0861090568 0.0187943058
v -0.099456015 -0.0860209755 0.0140373545
v -0.0994860557 -0.0860510353 0.018907259
v -0.0992617897 -0.0858267502 0.0137213688
v -0.0992957596 -0.0858607391 0.0137720089
v -0.0994252876 -0.0859902481 0.0190172796
v -0.0992617897 -0.0858267502 0.0192786341
v -0.0991919807 -0.0857569412 0.0136226397
v -0.0992271904 -0.0857921509 0.0193284254
v -0.0990071777 -0.0855721382 0.0133914165
v -0.0991197685 -0.0856847481 0.01352742
v -0.0991561607 -0.0857211403 0.0194254141
v -0.0990828041 -0.0856477646 0.019518836
v -0.0989685348 -0.0855335144 0.0133479576
v -0.0989685348 -0.0855335144 0.0196520452
v -0.0987676529 -0.0853326324 0.0131453161
v -0.098889685 -0.0854546646 0.0132639341
v -0.098929377 -0.0854943374 0.019694541
v -0.0988494972 -0.0854144767 0.0197766094
v -0.0987260154 -0.085290995 0.0131078081
v -0.0987260154 -0.085290995 0.0198921947
v -0.0985112671 -0.0850762275 0.0129359751
v -0.0985984329 -0.0851633934 0.0130015211
v -0.0986839393 -0.0852488998 0.019928668
v -0.0985550407 -0.0851200203 0.0200317888
v -0.0984670738 -0.0850320533 0.0129048233
v -0.0984670738 -0.0850320533 0.0200951748
v -0.098286734 -0.0848516945 0.0127912645
v -0.0982982544 -0.0848632148 0.0157282143
v -0.0983704284 -0.084935408 0.0159746723
v -0.0984144691 -0.0849794296 0.0162340622
v -0.0984292701 -0.0849942306 0.016499999
v -0.098417559 -0.0849825386 0.0167365961
v -0.0983767418 -0.0849417022 0.0169970303
v -0.0983076004 -0.0848725799 0.0172452288
v -0.0982575706 -0.0848225311 0.0173755627
v -0.0984225181 -0.0849874977 0.0201252298
v -0.0981945709 -0.0847595314 0.01274123
v -0.098240805 -0.0848057655 0.0127656775
v -0.0981872085 -0.0847521881 0.0154769163
v -0.0982466034 -0.0848115829 0.0155991392
v -0.0981996826 -0.0847646621 0.0174992352
v -0.0981872085 -0.0847521881 0.0175230865
v -0.098240805 -0.0848057655 0.0202343206
v -0.0981945709 -0.0847595314 0.0202587729
v -0.0980068115 -0.084571772 0.0126549511
v -0.0980315307 -0.0845965103 0.0152366524
v -0.0981744293 -0.0847394088 0.0154533749
v -0.0980469993 -0.0846119789 0.0177432995
v -0.0980158142 -0.0845807937 0.0177830057
v -0.0981480316 -0.0847129921 0.0202820759
v -0.0979592422 -0.0845242027 0.0126362972
v -0.0979998687 -0.0845648292 0.0151977234
v -0.097950621 -0.0845155815 0.0178576784
v -0.0979592422 -0.0845242027 0.0203637056
v -0.097766867 -0.0843318466 0.012573493
v -0.0977915291 -0.0843564895 0.0149989872
v -0.097933741 -0.0844987205 0.0151246719
v -0.097809954 -0.0843749336 0.0179868536
v -0.097754145 -0.0843191055 0.0180279522
v -0.0979114441 -0.0844764045 0.0203811817
v -0.097718325 -0.0842833046 0.012560771
v -0.0977352051 -0.0843001846 0.0149592762
v -0.0976968673 -0.0842618469 0.0180648594
v -0.097718325 -0.0842833046 0.0204392319
v -0.0975228409 -0.0840878013 0.0125219135
v -0.0976774887 -0.0842424682 0.0149237852
v -0.0975179962 -0.0840829567 0.0181495028
v -0.0976696495 -0.08423461 0.0204507523
v -0.0974736885 -0.084038668 0.0125152235
v -0.0974975876 -0.0840625671 0.0148435717
v -0.097435923 -0.0840008835 0.0181741743
v -0.0974736885 -0.084038668 0.0204847794
v -0.0972765449 -0.0838415245 0.0125006084
v -0.0974152282 -0.0839802078 0.0148209314
v -0.0972691253 -0.0838341049 0.0181989651
v -0.0974244789 -0.0839894584 0.0204902582
v -0.0972271827 -0.0837921623 0.0124999981
v -0.0972481636 -0.0838131241 0.0148002605
v -0.0972271827 -0.0837921623 0.0181999998
v -0.0972271827 -0.0837921623 0.0205
v -0.0970298866 -0.0835948471 0.0125097446
v -0.0971642784 -0.0837292389 0.01480233
v -0.0970184425 -0.0835834221 0.0181741743
v -0.0971778206 -0.0837428001 0.0204993896
v -0.096980677 -0.0835456375 0.0125152235
v -0.096997805 -0.0835627845 0.0148312359
v -0.0969363693 -0.0835013489 0.0181495028
v -0.096980677 -0.0835456375 0.0204847794
v -0.096784716 -0.0833496956 0.0125492458
v -0.096916056 -0.0834810356 0.0148579245
v -0.0967574981 -0.0833224586 0.0180648594
v -0.0969315246 -0.0834965042 0.0204780893
v -0.0966874984 -0.0832524589 0.012573493
v -0.096738253 -0.0833032135 0.0149469738
v -0.0967002205 -0.0832652 0.0180279522
v -0.0967360405 -0.0833010009 0.0204392319
v -0.0965429214 -0.083107901 0.0126188164
v -0.0966814522 -0.0832464126 0.0149852877
v -0.0966443924 -0.0832093719 0.0150131445
v -0.0965037445 -0.083068724 0.0178576784
v -0.0966628364 -0.083227816 0.0180010109
v -0.0966391281 -0.0832040886 0.020412591
v -0.096447554 -0.0830125335 0.0126549511
v -0.0964871124 -0.0830520729 0.0151603823
v -0.0964385513 -0.0830035118 0.0177830057
v -0.0964951233 -0.0830601028 0.0203637056
v -0.0962597946 -0.0828247741 0.01274123
v -0.0964228348 -0.0829877952 0.0152366524
v -0.0964073662 -0.0829723266 0.0152566986
v -0.0962546829 -0.0828196434 0.0155007629
v -0.0962546829 -0.0828196434 0.0174992352
v -0.096267157 -0.0828321365 0.0175230865
v -0.0964228348 -0.0829877952 0.0177633457
v -0.0964002327 -0.0829651931 0.0203252201
v -0.0962135605 -0.08277854 0.0127656775
v -0.0962424949 -0.0828074745 0.0155249195
v -0.0961861519 -0.0827511123 0.0173499994
v -0.0962135605 -0.08277854 0.0202343206
v -0.0960318283 -0.0825968078 0.0128747683
v -0.096175814 -0.0827407936 0.0156758242
v -0.0961467651 -0.0827117256 0.0157547693
v -0.0960776237 -0.0826426033 0.0160029678
v -0.0960368065 -0.0826017669 0.0162634068
v -0.0960252861 -0.0825902466 0.0165296679
v -0.0960398964 -0.0826048759 0.0167659407
v -0.096083937 -0.0826488975 0.0170253305
v -0.0961561111 -0.0827210907 0.0172717838
v -0.0961676315 -0.0827326111 0.0202087336
v -0.0959430984 -0.082508078 0.0129359751
v -0.0959872726 -0.0825522522 0.0200951748
v -0.0958993248 -0.0824642853 0.0129682093
v -0.0957704262 -0.0823354057 0.0130713301
v -0.0958559326 -0.0824209121 0.019998477
v -0.0958993248 -0.0824642853 0.0200317888
v -0.0956867126 -0.0822516731 0.0131453161
v -0.09572835 -0.0822933105 0.0198921947
v -0.0956048683 -0.0821698288 0.0132233934
v -0.0955249885 -0.0820899681 0.0133054571
v -0.0955646805 -0.0821296409 0.0197360687
v -0.095645552 -0.0822105125 0.0198161488
v -0.0954471878 -0.0820121673 0.0133914165
v -0.0954858307 -0.0820507911 0.0196520452
v -0.0953715614 -0.081936541 0.0134811621
v -0.0952623848 -0.0818273643 0.0136226397
v -0.095334597 -0.0818995575 0.019472578
v -0.095409098 -0.0819740776 0.0195641785
v -0.0951925758 -0.0817575554 0.0137213688
v -0.0952271751 -0.0817921547 0.0193284254
v -0.0950290779 -0.0815940574 0.0139827185
v -0.0951586059 -0.0817235664 0.019227994
v -0.0949389366 -0.0815039161 0.0141488581
v -0.0949983505 -0.0815633301 0.0189626436
v -0.0949102691 -0.0814752487 0.0142056923
v -0.0948027519 -0.0813677124 0.0144398479
v -0.0947533897 -0.0813183502 0.0145607595
v -0.0947533897 -0.0813183502 0.0184392385
v -0.0948823074 -0.081447287 0.0187367706
v -0.0949102691 -0.0814752487 0.0187943058
v -0.0947070411 -0.0812720016 0.0146840363
v -0.094729834 -0.0812947944 0.0183778839
v -0.0946850113 -0.0812499717 0.0147465162
v -0.0946235946 -0.0811885742 0.0149370747
v -0.0945528511 -0.0811178306 0.0151977282
v -0.0945083145 -0.081073294 0.0153974514
v -0.0945371917 -0.0811021522 0.0177360659
v -0.0946047119 -0.0811696724 0.0179984264
v -0.0946637634 -0.0812287239 0.0181904726
v -0.0946850113 -0.0812499717 0.0182534866
v -0.0944951347 -0.0810600952 0.0154647236
v -0.0944507126 -0.0810156921 0.015736764
v -0.0944417289 -0.0810066894 0.0158054094
v -0.0944417289 -0.0810066894 0.0171945934
v -0.0944827751 -0.0810477356 0.0174676876
v -0.0944951347 -0.0810600952 0.0175352745
v -0.0944262794 -0.080991259 0.015943306
v -0.0944056419 -0.0809706215 0.016220973
v -0.0943987564 -0.0809637359 0.016499999
v -0.0944026283 -0.0809676079 0.0167093449
v -0.0944198326 -0.0809848121 0.0169874792
v -0.0944335846 -0.080998545 0.0171257381
v -0.07600709 -0.110655318 0.016220973
v -0.0760139755 -0.110662203 0.016499999
v -0.0760101036 -0.110658331 0.0167093449
v -0.0760032181 -0.110651446 0.0168486242
v -0.0758598808 -0.110508108 0.0151977282
v -0.0759175972 -0.110565844 0.0154647236
v -0.0759620193 -0.110610247 0.015736764
v -0.0759864525 -0.11063468 0.015943306
v -0.0759984878 -0.110646716 0.0160818844
v -0.0759928993 -0.110641127 0.0169874792
v -0.0759710029 -0.11061925 0.0171945934
v -0.0759299568 -0.110578204 0.0174676876
v -0.0758755401 -0.110523787 0.0177360659
v -0.0758598808 -0.110508108 0.0178022747
v -0.0757891372 -0.110437365 0.0149370747
v -0.0758434013 -0.110491629 0.0151319199
v -0.07580802 -0.110456248 0.0179984264
v -0.0757694534 -0.110417681 0.0181269484
v -0.07560998 -0.110258227 0.0144398479
v -0.0757277206 -0.110375948 0.0147465162
v -0.0757489685 -0.110397215 0.0148095255
v -0.0757489685 -0.110397215 0.0181904726
v -0.0756593422 -0.110307589 0.0184392385
v -0.07560998 -0.110258227 0.0185601501
v -0.0755024627 -0.11015069 0.0142056923
v -0.0755841926 -0.11023242 0.0143803244
v -0.0755304245 -0.110178652 0.0187367706
v -0.0755024627 -0.11015069 0.0187943058
v -0.075383654 -0.110031882 0.0139827185
v -0.0754737953 -0.110122023 0.0141488581
v -0.0754143814 -0.110062609 0.0189626436
v -0.075352259 -0.110000487 0.0190711527
v -0.0753201965 -0.109968424 0.0138757639
v -0.0752541259 -0.109902373 0.019227994
v -0.0752201561 -0.109868384 0.0137213688
v -0.0751145271 -0.109762774 0.0194254141
v -0.0750411705 -0.109689398 0.0134811621
v -0.0750781349 -0.109726363 0.01352742
v -0.0750781349 -0.109726363 0.019472578
v -0.0750036339 -0.109651862 0.0195641785
v -0.0749655441 -0.109613772 0.0133914165
v -0.0748877434 -0.109535971 0.019694541
v -0.0748078636 -0.10945611 0.0132233934
v -0.0748480514 -0.109496298 0.0132639341
v -0.0748480514 -0.109496298 0.0197360687
v -0.0747671798 -0.109415427 0.0198161488
v -0.0747260193 -0.109374247 0.0131453161
v -0.0746423057 -0.109290533 0.019928668
v -0.0745134262 -0.109161654 0.0129682093
v -0.0745997719 -0.109248 0.0130358963
v -0.0745567993 -0.109205027 0.019998477
v -0.0745134262 -0.109161654 0.0200317888
v -0.0744696335 -0.109117861 0.0129359751
v -0.074351931 -0.109000159 0.0160887318
v -0.0743759254 -0.109024172 0.0162634068
v -0.0743874458 -0.109035673 0.0165296679
v -0.0743728355 -0.109021063 0.0167659407
v -0.0743809036 -0.109029131 0.0201252298
v -0.0743359855 -0.108984213 0.0128458195
v -0.0742566208 -0.108904848 0.0157282143
v -0.0742659668 -0.108914214 0.0157547693
v -0.0743351082 -0.108983336 0.0160029678
v -0.0743466667 -0.108994913 0.016939991
v -0.0743287948 -0.108977023 0.0170253305
v -0.0742566208 -0.108904848 0.0172717838
v -0.0742907051 -0.108938933 0.0201820211
v -0.0741529373 -0.108801165 0.01274123
v -0.0742451004 -0.108893328 0.0127912645
v -0.074106398 -0.108754626 0.0154072599
v -0.074158049 -0.108806296 0.0155007629
v -0.0742469314 -0.108895159 0.0172981005
v -0.0741455749 -0.108793803 0.0175230865
v -0.0741991714 -0.108847399 0.0202343206
v -0.074106398 -0.108754626 0.0202820759
v -0.0740595916 -0.108707819 0.0126957731
v -0.0740053657 -0.108653593 0.0152566986
v -0.0740927795 -0.108741007 0.0176153021
v -0.0740124992 -0.108660727 0.0203252201
v -0.0739651779 -0.108613406 0.0126549511
v -0.073857756 -0.108505984 0.0150906353
v -0.0739898971 -0.108638125 0.0177633457
v -0.0738698105 -0.108518038 0.0203811817
v -0.0738218025 -0.108470049 0.0126025181
v -0.0737683395 -0.108416567 0.0150131445
v -0.0738402466 -0.108488493 0.0179257421
v -0.0737736229 -0.108421851 0.020412591
v -0.0737252334 -0.10837348 0.012573493
v -0.0736163429 -0.108264571 0.0149129133
v -0.0737498955 -0.108398123 0.0180010109
v -0.0736280159 -0.108276244 0.0204507523
v -0.0735791877 -0.108227435 0.0125389271
v -0.0735168937 -0.108165121 0.0148658543
v -0.0735966972 -0.108244925 0.0180974798
v -0.0735302452 -0.108178492 0.0204701834
v -0.0734812072 -0.108129435 0.0125219135
v -0.0733528427 -0.108001089 0.0148165445
v -0.0734966758 -0.108144904 0.0181420736
v -0.0733828453 -0.108031092 0.0204902582
v -0.0733335785 -0.107981806 0.0125054817
v -0.0732693962 -0.107917643 0.014804142
v -0.0733320526 -0.10798028 0.0181873302
v -0.0732842544 -0.107932501 0.0204975634
v -0.0731855491 -0.107833777 0.0124999981
v -0.073136187 -0.107784415 0.0125006084
v -0.0731226448 -0.107770872 0.01480233
v -0.0731855491 -0.107833777 0.0181999998
v -0.073136187 -0.107784415 0.0204993896
v -0.0730868438 -0.107735072 0.0125024347
v -0.0730182556 -0.107666483 0.0148165445
v -0.0731017021 -0.10774993 0.0181958609
v -0.0730375198 -0.107685748 0.0204945164
v -0.072988253 -0.107636481 0.0125097446
v -0.0728542045 -0.107502451 0.0148658543
v -0.0729975036 -0.107645731 0.0181790714
v -0.0728899101 -0.107538138 0.0204780893
v -0.0728408531 -0.107489081 0.0125298147
v -0.0727547554 -0.107403002 0.0149129133
v -0.0728341011 -0.107482329 0.0181257181
v -0.0727919105 -0.107440138 0.020461071
v -0.0727430824 -0.107391329 0.0125492458
v -0.0726212028 -0.10726945 0.0149989872
v -0.0726027778 -0.107251006 0.0150131445
v -0.0726027778 -0.107251006 0.0179868536
v -0.0727352432 -0.107383471 0.0180762129
v -0.0726458648 -0.107294093 0.0204265099
v -0.0725974945 -0.107245722 0.0125874119
v -0.0725133613 -0.107161589 0.0150906353
v -0.0725845054 -0.107232752 0.0179722433
v -0.0725012878 -0.107149535 0.0203811817
v -0.0724535087 -0.107101736 0.0126362972
v -0.0723812011 -0.107029429 0.0152366524
v -0.0723657325 -0.10701396 0.0152566986
v -0.0723657325 -0.10701396 0.0177432995
v -0.0724960617 -0.107144289 0.0178925591
v -0.0723585991 -0.107006827 0.0203252201
v -0.0723115257 -0.106959753 0.0126957731
v -0.0722513679 -0.106899596 0.0154301577
v -0.0723505119 -0.10699874 0.0177228765
v -0.0722647003 -0.106912947 0.0202820759
v -0.0722181801 -0.106866408 0.01274123
v -0.0721719269 -0.106820174 0.0127656775
v -0.0722255233 -0.106873751 0.0154769163
v -0.0721144966 -0.106762724 0.0157282143
v -0.0721051315 -0.106753359 0.0157547693
v -0.0721051315 -0.106753359 0.0172452288
v -0.0722130493 -0.106861277 0.0174992352
v -0.0722383026 -0.10688653 0.0175466232
v -0.0721259979 -0.106774245 0.0202087336
v -0.0722181801 -0.106866408 0.0202587729
v -0.0720803932 -0.106728621 0.0128179817
v -0.0720423034 -0.106690531 0.0159746723
v -0.0720017341 -0.106649962 0.0162047987
v -0.0720359901 -0.106684237 0.0169970303
v -0.0720960907 -0.106744337 0.0172184496
v -0.0720351318 -0.10668336 0.0201541834
v -0.0719902137 -0.106638441 0.0128747683
v -0.0719982628 -0.10664651 0.0162340622
v -0.0719834617 -0.106631708 0.016499999
v -0.0719951729 -0.106643401 0.0167365961
v -0.0719982628 -0.10664651 0.0167659407
v -0.0718576912 -0.106505919 0.0200317888
v -0.071814299 -0.106462527 0.0130015211
v -0.0717713455 -0.106419573 0.0199641018
v -0.0717288116 -0.106377039 0.0130713301
v -0.0716039184 -0.106252146 0.0198161488
v -0.0715632347 -0.106211462 0.0132233934
v -0.0715230468 -0.106171275 0.0132639341
v -0.0715230468 -0.106171275 0.0197360687
v -0.0715632347 -0.106211462 0.0197766094
v -0.0714833549 -0.106131602 0.0133054571
v -0.0713674644 -0.106015711 0.0195641785
v -0.0713299278 -0.105978175 0.0134811621
v -0.0712929634 -0.105941191 0.01352742
v -0.0712565712 -0.105904799 0.0194254141
v -0.0713299278 -0.105978175 0.019518836
v -0.0712207702 -0.105868998 0.0136226397
v -0.0711169723 -0.1057652 0.0137720089
v -0.0711169723 -0.1057652 0.019227994
v -0.0711509422 -0.105799189 0.0192786341
v -0.0710836128 -0.10573186 0.0138234787
v -0.0710188583 -0.105667086 0.0190711527
v -0.0709874443 -0.105635691 0.0139827185
v -0.0709567169 -0.105604945 0.0140373545
v -0.0708686355 -0.105516863 0.0187943058
v -0.0709874443 -0.105635691 0.0190172796
v -0.0708406738 -0.105488921 0.0142632275
v -0.0707611183 -0.105409346 0.0185601501
v -0.0707360557 -0.105384302 0.014500001
v -0.0706221298 -0.105270357 0.0148095255
v -0.0706221298 -0.105270357 0.0181904726
v -0.0706433777 -0.105291605 0.0182534866
v -0.0707360557 -0.105384302 0.0185000019
v -0.0706016639 -0.105249892 0.0148730545
v -0.0705630783 -0.105211306 0.0150015717
v -0.0705112175 -0.105159445 0.0178022747
v -0.0705819801 -0.105230208 0.0180629234
v -0.0704955581 -0.105143786 0.0152639322
v -0.0704411415 -0.105089369 0.0155323105
v -0.0704000953 -0.105048323 0.0158054094
v -0.070378199 -0.105026446 0.0160125237
v -0.0703609947 -0.105009241 0.016290658
v -0.0703575615 -0.105005789 0.016569808
v -0.0703640083 -0.105012255 0.0167790251
v -0.0703846458 -0.105032893 0.0170566921
v -0.070409098 -0.105057326 0.0172632341
v -0.0704535011 -0.105101729 0.0175352745
v -0.100003634 -0.0865686134 -0.0362632365
v -0.100012637 -0.0865776161 -0.0361945922
v -0.100034533 -0.0865994934 -0.0359874768
v -0.100051737 -0.0866166977 -0.0357093437
v -0.10005517 -0.08662015 -0.0354301901
v -0.100048724 -0.0866136841 -0.0352209742
v -0.100028086 -0.0865930465 -0.0349433072
v -0.100003634 -0.0865686134 -0.034736764
v -0.0999460319 -0.0865110115 -0.0366025491
v -0.0999715904 -0.08653657 -0.0364676876
v -0.099993811 -0.0865587715 -0.0346683533
v -0.0999592308 -0.0865242103 -0.0344647236
v -0.0997693542 -0.0863343338 -0.0372534842
v -0.0997906021 -0.0863555816 -0.0371904726
v -0.0998496536 -0.0864146332 -0.0369984264
v -0.0999171737 -0.0864821533 -0.0367360682
v -0.0999320129 -0.0864969925 -0.034330513
v -0.0999015144 -0.0864664749 -0.0341977282
v -0.0998307708 -0.0863957313 -0.0339370747
v -0.0997693542 -0.0863343338 -0.0337465162
v -0.0997009758 -0.0862659553 -0.0374392385
v -0.0997473243 -0.0863123039 -0.0336840386
v -0.0995154289 -0.0860804085 -0.0378511412
v -0.0995720581 -0.0861370186 -0.0377367718
v -0.0996766762 -0.0862416366 -0.0374999995
v -0.0996766762 -0.0862416366 -0.033500001
v -0.0996516136 -0.0862165931 -0.0334398479
v -0.0995440963 -0.0861090568 -0.0332056947
v -0.099456015 -0.0860209755 -0.037962646
v -0.0994860557 -0.0860510353 -0.0330927391
v -0.0992617897 -0.0858267502 -0.0382786341
v -0.0992957596 -0.0858607391 -0.038227994
v -0.0994252876 -0.0859902481 -0.0329827185
v -0.0992617897 -0.0858267502 -0.0327213664
v -0.0991919807 -0.0857569412 -0.0383773596
v -0.0992271904 -0.0857921509 -0.0326715727
v -0.0990071777 -0.0855721382 -0.0386085839
v -0.0991197685 -0.0856847481 -0.0384725792
v -0.0991561607 -0.0857211403 -0.032574584
v -0.0990828041 -0.0856477646 -0.0324811621
v -0.0989685348 -0.0855335144 -0.0386520429
v -0.0989685348 -0.0855335144 -0.0323479576
v -0.0987676529 -0.0853326324 -0.038854682
v -0.098889685 -0.0854546646 -0.0387360675
v -0.098929377 -0.0854943374 -0.0323054571
v -0.0988494972 -0.0854144767 -0.0322233911
v -0.0987260154 -0.085290995 -0.0388921924
v -0.0987260154 -0.085290995 -0.0321078081
v -0.0985112671 -0.0850762275 -0.0390640266
v -0.0985984329 -0.0851633934 -0.0389984794
v -0.0986839393 -0.0852488998 -0.0320713301
v -0.0985550407 -0.0851200203 -0.0319682093
v -0.0984670738 -0.0850320533 -0.039095176
v -0.0984670738 -0.0850320533 -0.0319048233
v -0.098286734 -0.0848516945 -0.0392087359
v -0.0982982544 -0.0848632148 -0.0362717838
v -0.0983704284 -0.084935408 -0.0360253294
v -0.0984144691 -0.0849794296 -0.0357659383
v -0.0984292701 -0.0849942306 -0.0355000002
v -0.098417559 -0.0849825386 -0.0352634056
v -0.0983767418 -0.0849417022 -0.0350029678
v -0.0983076004 -0.0848725799 -0.0347547693
v -0.0982575706 -0.0848225311 -0.0346244354
v -0.0984225181 -0.0849874977 -0.0318747683
v -0.0981945709 -0.0847595314 -0.0392587705
v -0.098240805 -0.0848057655 -0.0392343218
v -0.0981872085 -0.0847521881 -0.0365230854
v -0.0982466034 -0.0848115829 -0.0364008625
v -0.0981996826 -0.0847646621 -0.0345007653
v -0.0981872085 -0.0847521881 -0.0344769139
v -0.098240805 -0.0848057655 -0.0317656775
v -0.0981945709 -0.0847595314 -0.03174123
v -0.0980068115 -0.084571772 -0.039345047
v -0.0980315307 -0.0845965103 -0.0367633457
v -0.0981744293 -0.0847394088 -0.0365466244
v -0.0980469993 -0.0846119789 -0.0342566986
v -0.0980158142 -0.0845807937 -0.0342169948
v -0.0981480316 -0.0847129921 -0.0317179246
v -0.0979592422 -0.0845242027 -0.0393637033
v -0.0979998687 -0.0845648292 -0.0368022759
v -0.097950621 -0.0845155815 -0.0341423197
v -0.0979592422 -0.0845242027 -0.0316362972
v -0.097766867 -0.0843318466 -0.0394265087
v -0.0977915291 -0.0843564895 -0.0370010109
v -0.097933741 -0.0844987205 -0.0368753285
v -0.097809954 -0.0843749336 -0.0340131469
v -0.097754145 -0.0843191055 -0.0339720507
v -0.0979114441 -0.0844764045 -0.0316188164
v -0.097718325 -0.0842833046 -0.0394392307
v -0.0977352051 -0.0843001846 -0.0370407231
v -0.0976968673 -0.0842618469 -0.0339351411
v -0.097718325 -0.0842833046 -0.0315607686
v -0.0975228409 -0.0840878013 -0.0394780881
v -0.0976774887 -0.0842424682 -0.0370762129
v -0.0975179962 -0.0840829567 -0.0338504977
v -0.0976696495 -0.08423461 -0.0315492458
v -0.0974736885 -0.084038668 -0.0394847794
v -0.0974975876 -0.0840625671 -0.0371564288
v -0.097435923 -0.0840008835 -0.0338258262
v -0.0974736885 -0.084038668 -0.0315152211
v -0.0972765449 -0.0838415245 -0.0394993908
v -0.0974152282 -0.0839802078 -0.0371790702
v -0.0972691253 -0.0838341049 -0.0338010354
v -0.0974244789 -0.0839894584 -0.0315097446
v -0.0972271827 -0.0837921623 -0.0395
v -0.0972481636 -0.0838131241 -0.0371997411
v -0.0972271827 -0.0837921623 -0.0338000007
v -0.0972271827 -0.0837921623 -0.0315000005
v -0.0970298866 -0.0835948471 -0.0394902558
v -0.0971642784 -0.0837292389 -0.0371976705
v -0.0970184425 -0.0835834221 -0.0338258262
v -0.0971778206 -0.0837428001 -0.0315006084
v -0.096980677 -0.0835456375 -0.0394847794
v -0.096997805 -0.0835627845 -0.0371687658
v -0.0969363693 -0.0835013489 -0.0338504977
v -0.096980677 -0.0835456375 -0.0315152211
v -0.096784716 -0.0833496956 -0.0394507535
v -0.096916056 -0.0834810356 -0.0371420736
v -0.0967574981 -0.0833224586 -0.0339351411
v -0.0969315246 -0.0834965042 -0.0315219135
v -0.0966874984 -0.0832524589 -0.0394265087
v -0.096738253 -0.0833032135 -0.0370530279
v -0.0967002205 -0.0832652 -0.0339720507
v -0.0967360405 -0.0833010009 -0.0315607686
v -0.0965429214 -0.083107901 -0.0393811829
v -0.0966814522 -0.0832464126 -0.0370147116
v -0.0966443924 -0.0832093719 -0.0369868536
v -0.0965037445 -0.083068724 -0.0341423197
v -0.0966628364 -0.083227816 -0.0339989896
v -0.0966391281 -0.0832040886 -0.0315874095
v -0.096447554 -0.0830125335 -0.039345047
v -0.0964871124 -0.0830520729 -0.0368396182
v -0.0964385513 -0.0830035118 -0.0342169948
v -0.0964951233 -0.0830601028 -0.0316362972
v -0.0962597946 -0.0828247741 -0.0392587705
v -0.0964228348 -0.0829877952 -0.0367633457
v -0.0964073662 -0.0829723266 -0.0367433019
v -0.0962546829 -0.0828196434 -0.0364992352
v -0.0962546829 -0.0828196434 -0.0345007653
v -0.096267157 -0.0828321365 -0.0344769139
v -0.0964228348 -0.0829877952 -0.0342366548
v -0.0964002327 -0.0829651931 -0.0316747804
v -0.0962135605 -0.08277854 -0.0392343218
v -0.0962424949 -0.0828074745 -0.0364750798
v -0.0961861519 -0.0827511123 -0.0346499999
v -0.0962135605 -0.08277854 -0.0317656775
v -0.0960318283 -0.0825968078 -0.039125231
v -0.096175814 -0.0827407936 -0.0363241763
v -0.0961467651 -0.0827117256 -0.0362452312
v -0.0960776237 -0.0826426033 -0.0359970315
v -0.0960368065 -0.0826017669 -0.0357365937
v -0.0960252861 -0.0825902466 -0.0354703314
v -0.0960398964 -0.0826048759 -0.035234061
v -0.096083937 -0.0826488975 -0.0349746711
v -0.0961561111 -0.0827210907 -0.0347282166
v -0.0961676315 -0.0827326111 -0.0317912645
v -0.0959430984 -0.082508078 -0.0390640266
v -0.0959872726 -0.0825522522 -0.0319048233
v -0.0958993248 -0.0824642853 -0.03903179
v -0.0957704262 -0.0823354057 -0.0389286692
v -0.0958559326 -0.0824209121 -0.0320015211
v -0.0958993248 -0.0824642853 -0.0319682093
v -0.0956867126 -0.0822516731 -0.038854682
v -0.09572835 -0.0822933105 -0.0321078081
v -0.0956048683 -0.0821698288 -0.0387766082
v -0.0955249885 -0.0820899681 -0.0386945422
v -0.0955646805 -0.0821296409 -0.0322639318
v -0.095645552 -0.0822105125 -0.0321838493
v -0.0954471878 -0.0820121673 -0.0386085839
v -0.0954858307 -0.0820507911 -0.0323479576
v -0.0953715614 -0.081936541 -0.0385188384
v -0.0952623848 -0.0818273643 -0.0383773596
v -0.095334597 -0.0818995575 -0.03252742
v -0.095409098 -0.0819740776 -0.032435822
v -0.0951925758 -0.0817575554 -0.0382786341
v -0.0952271751 -0.0817921547 -0.0326715727
v -0.0950290779 -0.0815940574 -0.038017282
v -0.0951586059 -0.0817235664 -0.0327720065
v -0.0949389366 -0.0815039161 -0.0378511412
v -0.0949983505 -0.0815633301 -0.0330373545
v -0.0949102691 -0.0814752487 -0.0377943058
v -0.0948027519 -0.0813677124 -0.0375601525
v -0.0947533897 -0.0813183502 -0.0374392385
v -0.0947776893 -0.0813426689 -0.033500001
v -0.0948823074 -0.081447287 -0.0332632275
v -0.0949102691 -0.0814752487 -0.0332056947
v -0.0947070411 -0.0812720016 -0.0373159618
v -0.094729834 -0.0812947944 -0.0336221142
v -0.0946850113 -0.0812499717 -0.0372534842
v -0.0946235946 -0.0811885742 -0.0370629246
v -0.0945528511 -0.0811178306 -0.0368022723
v -0.0945083145 -0.081073294 -0.0366025491
v -0.0945371917 -0.0811021522 -0.0342639322
v -0.0946047119 -0.0811696724 -0.034001574
v -0.0946637634 -0.0812287239 -0.0338095279
v -0.0946850113 -0.0812499717 -0.0337465162
v -0.0944951347 -0.0810600952 -0.0365352757
v -0.0944507126 -0.0810156921 -0.0362632365
v -0.0944417289 -0.0810066894 -0.0361945922
v -0.0944417289 -0.0810066894 -0.034805407
v -0.0944827751 -0.0810477356 -0.0345323129
v -0.0944951347 -0.0810600952 -0.0344647236
v -0.0944262794 -0.080991259 -0.0360566921
v -0.0944056419 -0.0809706215 -0.0357790263
v -0.0943987564 -0.0809637359 -0.0355000002
v -0.0944026283 -0.0809676079 -0.0352906556
v -0.0944198326 -0.0809848121 -0.0350125225
v -0.0944335846 -0.080998545 -0.0348742623
v -0.07600709 -0.110655318 -0.0357790263
v -0.0760139755 -0.110662203 -0.0355000002
v -0.0760101036 -0.110658331 -0.0352906556
v -0.0760032181 -0.110651446 -0.0351513774
v -0.0758598808 -0.110508108 -0.0368022723
v -0.0759175972 -0.110565844 -0.0365352757
v -0.0759620193 -0.110610247 -0.0362632365
v -0.0759864525 -0.11063468 -0.0360566921
v -0.0759984878 -0.110646716 -0.0359181137
v -0.0759928993 -0.110641127 -0.0350125225
v -0.0759710029 -0.11061925 -0.034805407
v -0.0759299568 -0.110578204 -0.0345323129
v -0.0758755401 -0.110523787 -0.0342639322
v -0.0758598808 -0.110508108 -0.0341977282
v -0.0757891372 -0.110437365 -0.0370629246
v -0.0758434013 -0.110491629 -0.0368680806
v -0.07580802 -0.110456248 -0.034001574
v -0.0757694534 -0.110417681 -0.0338730545
v -0.07560998 -0.110258227 -0.0375601525
v -0.0757277206 -0.110375948 -0.0372534842
v -0.0757489685 -0.110397215 -0.0371904726
v -0.0757489685 -0.110397215 -0.0338095279
v -0.0756350425 -0.11028327 -0.033500001
v -0.07560998 -0.110258227 -0.0334398479
v -0.0755024627 -0.11015069 -0.0377943058
v -0.0755841926 -0.11023242 -0.0376196773
v -0.0755304245 -0.110178652 -0.0332632275
v -0.0755024627 -0.11015069 -0.0332056947
v -0.075383654 -0.110031882 -0.038017282
v -0.0754737953 -0.110122023 -0.0378511412
v -0.0754143814 -0.110062609 -0.0330373545
v -0.075352259 -0.110000487 -0.0329288502
v -0.0753201965 -0.109968424 -0.0381242366
v -0.0752541259 -0.109902373 -0.0327720065
v -0.0752201561 -0.109868384 -0.0382786341
v -0.0751145271 -0.109762774 -0.032574584
v -0.0750411705 -0.109689398 -0.0385188384
v -0.0750781349 -0.109726363 -0.0384725792
v -0.0750781349 -0.109726363 -0.03252742
v -0.0750036339 -0.109651862 -0.032435822
v -0.0749655441 -0.109613772 -0.0386085839
v -0.0748877434 -0.109535971 -0.0323054571
v -0.0748078636 -0.10945611 -0.0387766082
v -0.0748480514 -0.109496298 -0.0387360675
v -0.0748480514 -0.109496298 -0.0322639318
v -0.0747671798 -0.109415427 -0.0321838493
v -0.0747260193 -0.109374247 -0.038854682
v -0.0746423057 -0.109290533 -0.0320713301
v -0.0745134262 -0.109161654 -0.03903179
v -0.0745997719 -0.109248 -0.0389641018
v -0.0745567993 -0.109205027 -0.0320015211
v -0.0745134262 -0.109161654 -0.0319682093
v -0.0744696335 -0.109117861 -0.0390640266
v -0.074351931 -0.109000159 -0.0359112675
v -0.0743759254 -0.109024172 -0.0357365937
v -0.0743874458 -0.109035673 -0.0354703314
v -0.0743728355 -0.109021063 -0.035234061
v -0.0743809036 -0.109029131 -0.0318747683
v -0.0743359855 -0.108984213 -0.0391541822
v -0.0742566208 -0.108904848 -0.0362717838
v -0.0742659668 -0.108914214 -0.0362452312
v -0.0743351082 -0.108983336 -0.0359970315
v -0.0743466667 -0.108994913 -0.0350600071
v -0.0743287948 -0.108977023 -0.0349746711
v -0.0742566208 -0.108904848 -0.0347282166
v -0.0742907051 -0.108938933 -0.0318179817
v -0.0741529373 -0.108801165 -0.0392587705
v -0.0742451004 -0.108893328 -0.0392087359
v -0.074106398 -0.108754626 -0.0365927393
v -0.074158049 -0.108806296 -0.0364992352
v -0.0742469314 -0.108895159 -0.0347018988
v -0.0741455749 -0.108793803 -0.0344769139
v -0.0741991714 -0.108847399 -0.0317656775
v -0.074106398 -0.108754626 -0.0317179246
v -0.0740595916 -0.108707819 -0.0393042262
v -0.0740053657 -0.108653593 -0.0367433019
v -0.0740927795 -0.108741007 -0.0343847008
v -0.0740124992 -0.108660727 -0.0316747804
v -0.0739651779 -0.108613406 -0.039345047
v -0.073857756 -0.108505984 -0.036909364
v -0.0739898971 -0.108638125 -0.0342366548
v -0.0738698105 -0.108518038 -0.0316188164
v -0.0738218025 -0.108470049 -0.03939748
v -0.0737683395 -0.108416567 -0.0369868536
v -0.0738402466 -0.108488493 -0.0340742607
v -0.0737736229 -0.108421851 -0.0315874095
v -0.0737252334 -0.10837348 -0.0394265087
v -0.0736163429 -0.108264571 -0.0370870872
v -0.0737498955 -0.108398123 -0.0339989896
v -0.0736280159 -0.108276244 -0.0315492458
v -0.0735791877 -0.108227435 -0.0394610722
v -0.0735168937 -0.108165121 -0.037134145
v -0.0735966972 -0.108244925 -0.033902523
v -0.0735302452 -0.108178492 -0.0315298147
v -0.0734812072 -0.108129435 -0.0394780881
v -0.0733528427 -0.108001089 -0.0371834559
v -0.0734966758 -0.108144904 -0.0338579268
v -0.0733828453 -0.108031092 -0.0315097446
v -0.0733335785 -0.107981806 -0.0394945176
v -0.0732693962 -0.107917643 -0.0371958585
v -0.0733320526 -0.10798028 -0.0338126726
v -0.0732842544 -0.107932501 -0.0315024371
v -0.0731855491 -0.107833777 -0.0395
v -0.0731226448 -0.107770872 -0.0371976705
v -0.0731855491 -0.107833777 -0.0338000007
v -0.073136187 -0.107784415 -0.0315006084
v -0.0730868438 -0.107735072 -0.0394975634
v -0.0730182556 -0.107666483 -0.0371834559
v -0.0731017021 -0.10774993 -0.033804142
v -0.0730375198 -0.107685748 -0.0315054817
v -0.072988253 -0.107636481 -0.0394902558
v -0.0728542045 -0.107502451 -0.037134145
v -0.0729975036 -0.107645731 -0.0338209291
v -0.0728899101 -0.107538138 -0.0315219135
v -0.0728408531 -0.107489081 -0.0394701846
v -0.0727547554 -0.107403002 -0.0370870872
v -0.0728341011 -0.107482329 -0.0338742824
v -0.0727919105 -0.107440138 -0.0315389271
v -0.0727430824 -0.107391329 -0.0394507535
v -0.0726212028 -0.10726945 -0.0370010109
v -0.0726027778 -0.107251006 -0.0369868536
v -0.0726027778 -0.107251006 -0.0340131469
v -0.0727352432 -0.107383471 -0.0339237876
v -0.0726458648 -0.107294093 -0.0315734906
v -0.0725974945 -0.107245722 -0.039412591
v -0.0725133613 -0.107161589 -0.036909364
v -0.0725845054 -0.107232752 -0.0340277572
v -0.0725012878 -0.107149535 -0.0316188164
v -0.0724535087 -0.107101736 -0.0393637033
v -0.0723812011 -0.107029429 -0.0367633457
v -0.0723657325 -0.10701396 -0.0367433019
v -0.0723657325 -0.10701396 -0.0342566986
v -0.0724960617 -0.107144289 -0.0341074414
v -0.0723585991 -0.107006827 -0.0316747804
v -0.0723115257 -0.106959753 -0.0393042262
v -0.0722513679 -0.106899596 -0.0365698452
v -0.0723505119 -0.10699874 -0.0342771215
v -0.0722647003 -0.106912947 -0.0317179246
v -0.0722181801 -0.106866408 -0.0392587705
v -0.0721719269 -0.106820174 -0.0392343218
v -0.0722255233 -0.106873751 -0.0365230854
v -0.0721144966 -0.106762724 -0.0362717838
v -0.0721051315 -0.106753359 -0.0362452312
v -0.0721051315 -0.106753359 -0.0347547693
v -0.0722130493 -0.106861277 -0.0345007653
v -0.0722383026 -0.10688653 -0.0344533749
v -0.0721259979 -0.106774245 -0.0317912645
v -0.0722181801 -0.106866408 -0.03174123
v -0.0720803932 -0.106728621 -0.0391820199
v -0.0720423034 -0.106690531 -0.0360253294
v -0.0720017341 -0.106649962 -0.0357952018
v -0.0720359901 -0.106684237 -0.0350029678
v -0.0720960907 -0.106744337 -0.0347815485
v -0.0720351318 -0.10668336 -0.0318458171
v -0.0719902137 -0.106638441 -0.039125231
v -0.0719982628 -0.10664651 -0.0357659383
v -0.0719834617 -0.106631708 -0.0355000002
v -0.0719951729 -0.106643401 -0.0352634056
v -0.0719982628 -0.10664651 -0.035234061
v -0.0718576912 -0.106505919 -0.0319682093
v -0.071814299 -0.106462527 -0.0389984794
v -0.0717713455 -0.106419573 -0.0320358987
v -0.0717288116 -0.106377039 -0.0389286692
v -0.0716039184 -0.106252146 -0.0321838493
v -0.0715632347 -0.106211462 -0.0387766082
v -0.0715230468 -0.106171275 -0.0387360675
v -0.0715230468 -0.106171275 -0.0322639318
v -0.0715632347 -0.106211462 -0.0322233911
v -0.0714833549 -0.106131602 -0.0386945422
v -0.0713674644 -0.106015711 -0.032435822
v -0.0713299278 -0.105978175 -0.0385188384
v -0.0712929634 -0.105941191 -0.0384725792
v -0.0712565712 -0.105904799 -0.032574584
v -0.0713299278 -0.105978175 -0.0324811621
v -0.0712207702 -0.105868998 -0.0383773596
v -0.0711169723 -0.1057652 -0.038227994
v -0.0711169723 -0.1057652 -0.0327720065
v -0.0711509422 -0.105799189 -0.0327213664
v -0.0710836128 -0.10573186 -0.038176523
v -0.0710188583 -0.105667086 -0.0329288502
v -0.0709874443 -0.105635691 -0.038017282
v -0.0709567169 -0.105604945 -0.037962646
v -0.0708686355 -0.105516863 -0.0332056947
v -0.0709874443 -0.105635691 -0.0329827185
v -0.0708406738 -0.105488921 -0.0377367718
v -0.0707611183 -0.105409346 -0.0334398479
v -0.0707360557 -0.105384302 -0.0374999995
v -0.0706221298 -0.105270357 -0.0371904726
v -0.0706221298 -0.105270357 -0.0338095279
v -0.0706433777 -0.105291605 -0.0337465162
v -0.0706016639 -0.105249892 -0.0371269472
v -0.0705630783 -0.105211306 -0.0369984264
v -0.0705112175 -0.105159445 -0.0341977282
v -0.0705819801 -0.105230208 -0.0339370747
v -0.0704955581 -0.105143786 -0.0367360682
v -0.0704411415 -0.105089369 -0.0364676876
v -0.0704000953 -0.105048323 -0.0361945922
v -0.070378199 -0.105026446 -0.0359874768
v -0.0703609947 -0.105009241 -0.0357093437
v -0.0703575615 -0.105005789 -0.0354301901
v -0.0703640083 -0.105012255 -0.0352209742
v -0.0703846458 -0.105032893 -0.0349433072
v -0.070409098 -0.105057326 -0.034736764
v -0.0704535011 -0.105101729 -0.0344647236
v -0.104524489 -0.0628052047 -0.0120747013
v -0.104554301 -0.0628349975 -0.0117545815
v -0.104580145 -0.0628608421 -0.0114337749
v -0.104602023 -0.0628827194 -0.0111123819
v -0.104619933 -0.0629006294 -0.010790493
v -0.104633875 -0.0629145721 -0.0104682131
v -0.104643832 -0.0629245285 -0.0101456423
v -0.104649821 -0.0629305176 -0.00982287121
v -0.104651804 -0.0629325012 -0.0095
v -0.104649821 -0.0629305176 -0.00917712879
v -0.104643832 -0.0629245285 -0.00885435772
v -0.104633875 -0.0629145721 -0.00853178692
v -0.104619933 -0.0629006294 -0.00820950699
v -0.104602023 -0.0628827194 -0.00788761806
v -0.104580145 -0.0628608421 -0.00756622505
v -0.104554301 -0.0628349975 -0.00724541855
v -0.104524489 -0.0628052047 -0.00692529869
v -0.104490748 -0.0627714447 -0.0123940392
v -0.104490748 -0.0627714447 -0.00660596085
v -0.10426322 -0.0625439361 -0.0139755554
v -0.104316531 -0.0625972275 -0.0136615963
v -0.10436595 -0.0626466469 -0.013346364
v -0.104411459 -0.0626921562 -0.0130299683
v -0.104453059 -0.0627337745 -0.0127124901
v -0.104453059 -0.0627337745 -0.00628750992
v -0.104411459 -0.0626921562 -0.00597003174
v -0.10436595 -0.0626466469 -0.00565363598
v -0.104316531 -0.0625972275 -0.0053384037
v -0.10426322 -0.0625439361 -0.00502444458
v -0.104011546 -0.0622922424 -0.015216815
v -0.10408021 -0.062360907 -0.0149088759
v -0.104145041 -0.0624257568 -0.0145992918
v -0.104206057 -0.0624867538 -0.0142881508
v -0.104206057 -0.0624867538 -0.00471184921
v -0.104145041 -0.0624257568 -0.0044007082
v -0.10408021 -0.062360907 -0.00409112167
v -0.104011546 -0.0622922424 -0.00378318501
v -0.103782931 -0.0620636467 -0.0161298079
v -0.103862887 -0.0621436027 -0.0158273716
v -0.103939104 -0.0622198013 -0.0155230112
v -0.103939104 -0.0622198013 -0.00347698879
v -0.103862887 -0.0621436027 -0.0031726284
v -0.103782931 -0.0620636467 -0.00287019444
v -0.103520842 -0.0618015579 -0.0170246286
v -0.103611899 -0.0618925956 -0.0167285271
v -0.103699255 -0.0619799522 -0.0164302225
v -0.103699255 -0.0619799522 -0.00256977749
v -0.103611899 -0.0618925956 -0.00227147293
v -0.103520842 -0.0618015579 -0.00197537136
v -0.103327875 -0.0616085724 -0.0176098652
v -0.10342618 -0.0617068771 -0.017318439
v -0.10342618 -0.0617068771 -0.00168156338
v -0.103327875 -0.0616085724 -0.00139013481
v -0.103226004 -0.0615067009 -0.0178988237
v -0.103226004 -0.0615067009 -0.00110117626
v -0.103011637 -0.061292353 -0.0184689779
v -0.103120585 -0.0614012817 -0.0181852241
v -0.103120585 -0.0614012817 -0.000814778328
v -0.103011637 -0.061292353 -0.000531022072
v -0.102783347 -0.0610640434 -0.0190282054
v -0.102899218 -0.0611799148 -0.0187499995
v -0.102899218 -0.0611799148 -0.000249998093
v -0.102783347 -0.0610640434 2.82030106e-05
v -0.10254138 -0.0608220772 -0.0195758219
v -0.102664042 -0.0609447578 -0.0193035073
v -0.102664042 -0.0609447578 0.000303504944
v -0.10254138 -0.0608220772 0.000575821877
v -0.102286044 -0.0605667404 -0.0201111646
v -0.102415362 -0.0606960586 -0.019845068
v -0.102415362 -0.0606960586 0.000845067978
v -0.102286044 -0.0605667404 0.00111116219
v -0.10201766 -0.0602983574 -0.0206335778
v -0.102153464 -0.0604341606 -0.0203740282
v -0.102153464 -0.0604341606 0.00137402821
v -0.10201766 -0.0602983574 0.00163358021
v -0.101878672 -0.0601593689 -0.0208897371
v -0.101878672 -0.0601593689 0.00188973713
v -0.101736536 -0.0600172523 -0.0211424274
v -0.101736536 -0.0600172523 0.00214242744
v -0.101591311 -0.0598720268 -0.0213915701
v -0.101591311 -0.0598720268 0.00239157009
v -0.101291762 -0.0595724586 -0.0218789167
v -0.101443034 -0.0597237495 -0.0216370912
v -0.101443034 -0.0597237495 0.00263709354
v -0.101291762 -0.0595724586 0.00287891674
v -0.101137514 -0.0594182113 -0.0221169705
v -0.101137514 -0.0594182113 0.00311696815
v -0.100980349 -0.0592610458 -0.022351181
v -0.100980349 -0.0592610458 0.00335118103
v -0.100820322 -0.0591010193 -0.0225814743
v -0.100820322 -0.0591010193 0.0035814743
v -0.100657492 -0.0589381889 -0.022807786
v -0.100657492 -0.0589381889 0.00380778599
v -0.100491877 -0.0587725738 -0.0230300446
v -0.100491877 -0.0587725738 0.00403004456
v -0.100323534 -0.0586042503 -0.0232481785
v -0.100274878 -0.0585555748 -0.0116706009
v -0.100300341 -0.0585810379 -0.0114554329
v -0.100343275 -0.0586239723 -0.011023366
v -0.100360747 -0.0586414436 -0.0108066053
v -0.100375529 -0.0586562256 -0.0105894489
v -0.10038764 -0.0586683372 -0.010371954
v -0.100397044 -0.0586777405 -0.0101542015
v -0.100403777 -0.0586844734 -0.00993624401
v -0.100409155 -0.0586898712 -0.0095
v -0.10040782 -0.058688517 -0.009281847
v -0.100403777 -0.0586844734 -0.00906375599
v -0.100397044 -0.0586777405 -0.00884579849
v -0.10038764 -0.0586683372 -0.00862804604
v -0.100375529 -0.0586562256 -0.00841055107
v -0.100360747 -0.0586414436 -0.00819339466
v -0.100323153 -0.0586038498 -0.00776033592
v -0.100300341 -0.0585810379 -0.00754456711
v -0.100274878 -0.0585555748 -0.00732939911
v -0.100323534 -0.0586042503 0.00424817848
v -0.100246764 -0.0585274605 -0.0118851109
v -0.100246764 -0.0585274605 -0.00711488914
v -0.100152541 -0.0584332565 -0.0234621282
v -0.100022955 -0.0583036522 -0.0131546469
v -0.100066767 -0.058347464 -0.0129454679
v -0.100146609 -0.0584273056 -0.012524025
v -0.100182619 -0.0584633163 -0.0123118896
v -0.100216017 -0.058496714 -0.012098896
v -0.100216017 -0.058496714 -0.00690110397
v -0.100182619 -0.0584633163 -0.00668811035
v -0.100107985 -0.0583886818 -0.00626476002
v -0.100066767 -0.058347464 -0.00605453205
v -0.100022955 -0.0583036522 -0.00584535313
v -0.100152541 -0.0584332565 0.00446212578
v -0.0999789337 -0.0582596306 -0.0236718221
v -0.0999765686 -0.0582572654 -0.0133627148
v -0.0999765686 -0.0582572654 -0.00563728523
v -0.0999789337 -0.0582596306 0.00467182446
v -0.099802771 -0.0580834678 -0.0238772006
v -0.0997655586 -0.0580462555 -0.0141825838
v -0.0998761085 -0.0581568245 -0.0137752504
v -0.0999276069 -0.0582083038 -0.0135696001
v -0.0999276069 -0.0582083038 -0.00543039989
v -0.0998220924 -0.0581027893 -0.005020401
v -0.0997655586 -0.0580462555 -0.00481741619
v -0.099802771 -0.0580834678 0.00487719822
v -0.0995747474 -0.0677549461 -0.0120747013
v -0.0996045402 -0.0677847389 -0.0117545815
v -0.0996304039 -0.0678105835 -0.0114337749
v -0.0996522812 -0.0678324798 -0.0111123819
v -0.0996701912 -0.0678503898 -0.010790493
v -0.0996841339 -0.0678643326 -0.0104682131
v -0.0996940902 -0.0678742889 -0.0101456423
v -0.0997000602 -0.0678802589 -0.00982287121
v -0.099702063 -0.0678822426 -0.0095
v -0.0997000602 -0.0678802589 -0.00917712879
v -0.0996940902 -0.0678742889 -0.00885435772
v -0.0996841339 -0.0678643326 -0.00853178692
v -0.0996701912 -0.0678503898 -0.00820950699
v -0.0996522812 -0.0678324798 -0.00788761806
v -0.0996304039 -0.0678105835 -0.00756622505
v -0.0996045402 -0.0677847389 -0.00724541855
v -0.0995747474 -0.0677549461 -0.00692529869
v -0.0995033172 -0.0676835159 -0.0127124901
v -0.0995410064 -0.0677212051 -0.0123940392
v -0.0995410064 -0.0677212051 -0.00660596085
v -0.0995033172 -0.0676835159 -0.00628750992
v -0.0996240905 -0.0579047874 -0.0240781994
v -0.0995810417 -0.0578617386 -0.0147827287
v -0.0996450142 -0.057925711 -0.0145842071
v -0.0997065262 -0.057987223 -0.0143841381
v -0.0997065262 -0.057987223 -0.00461586189
v -0.0996450142 -0.057925711 -0.00441579056
v -0.0995146278 -0.0577953247 -0.00402035904
v -0.0996240905 -0.0579047874 0.00507819939
v -0.0993667701 -0.0675469688 -0.0136615963
v -0.0994161895 -0.0675963882 -0.013346364
v -0.099461718 -0.0676419166 -0.0130299683
v -0.099461718 -0.0676419166 -0.00597003174
v -0.0994161895 -0.0675963882 -0.00565363598
v -0.0993667701 -0.0675469688 -0.0053384037
v -0.0992563156 -0.0674365143 -0.0142881508
v -0.0993134788 -0.0674936775 -0.0139755554
v -0.0993134788 -0.0674936775 -0.00502444458
v -0.0992563156 -0.0674365143 -0.00471184921
v -0.0992594246 -0.0575401214 -0.0244668145
v -0.0993009475 -0.0575816444 -0.0155601211
v -0.0993745521 -0.057655249 -0.0153683944
v -0.0994457916 -0.0577264885 -0.0151748819
v -0.0994457916 -0.0577264885 -0.00382511806
v -0.0993745521 -0.057655249 -0.00363160324
v -0.0993009475 -0.0575816444 -0.00343988132
v -0.0994429496 -0.0577236656 0.00527475643
v -0.0991304496 -0.0673106483 -0.0149088759
v -0.0991952995 -0.0673754982 -0.0145992918
v -0.0991952995 -0.0673754982 -0.0044007082
v -0.0991304496 -0.0673106483 -0.00409112167
v -0.0990618042 -0.0672420028 -0.015216815
v -0.0990618042 -0.0672420028 -0.00378318501
v -0.0992249778 -0.0575056747 -0.01575
v -0.0992249778 -0.0575056747 -0.00325
v -0.0990735534 -0.0573542503 -0.0246543117
v -0.0990660766 -0.0573467926 -0.0161239905
v -0.0991466812 -0.0574273971 -0.0159379764
v -0.0991466812 -0.0574273971 -0.00306202602
v -0.0990660766 -0.0573467926 -0.00287600708
v -0.0990735534 -0.0573542503 0.00565431404
v -0.0988331894 -0.067013388 -0.0161298079
v -0.0989131454 -0.0670933441 -0.0158273716
v -0.0989893631 -0.0671695617 -0.0155230112
v -0.0989893631 -0.0671695617 -0.00347698879
v -0.0989131454 -0.0670933441 -0.0031726284
v -0.0988331894 -0.067013388 -0.00287019444
v -0.0989832023 -0.0572638992 -0.0163079877
v -0.0989832023 -0.0572638992 -0.00269200993
v -0.0988853935 -0.0571660904 -0.0248371954
v -0.0988106827 -0.0570913795 -0.0166697044
v -0.0988980583 -0.0571787552 -0.0164899106
v -0.0988980583 -0.0571787552 -0.00251008701
v -0.0988106827 -0.0570913795 -0.00233029556
v -0.0988853935 -0.0571660904 0.0058371954
v -0.0985711006 -0.0667512993 -0.0170246286
v -0.0986621383 -0.066842337 -0.0167285271
v -0.098749514 -0.0669297127 -0.0164302225
v -0.098749514 -0.0669297127 -0.00256977749
v -0.0986621383 -0.066842337 -0.00227147293
v -0.0985711006 -0.0667512993 -0.00197537136
v -0.0987210945 -0.0570017914 -0.0168473167
v -0.0987210945 -0.0570017914 -0.00215268326
v -0.0985024551 -0.056783152 -0.025188889
v -0.0986293319 -0.0569100288 -0.0170226879
v -0.0985354332 -0.05681613 -0.00180422974
v -0.098695002 -0.0569757179 0.00601540375
v -0.0983781341 -0.0665583328 -0.0176098652
v -0.0984764198 -0.0666566185 -0.017318439
v -0.0984764198 -0.0666566185 -0.00168156338
v -0.0983781341 -0.0665583328 -0.00139013481
v -0.0982762626 -0.0664564613 -0.0178988237
v -0.0982762626 -0.0664564613 -0.00110117626
v -0.0983077911 -0.056588488 -0.025357594
v -0.0983412651 -0.0566219619 -0.0175348444
v -0.0984393982 -0.056720095 -0.0173665042
v -0.0984393982 -0.056720095 -0.00163349342
v -0.0983412651 -0.0566219619 -0.0014651556
v -0.0983077911 -0.056588488 0.0063575964
v -0.0981708435 -0.0663510421 -0.0181852241
v -0.0981708435 -0.0663510421 -0.000814778328
v -0.0980618957 -0.0662420944 -0.0184689779
v -0.0980618957 -0.0662420944 -0.000531022072
v -0.0982410721 -0.056521788 -0.0177007384
v -0.0982410721 -0.056521788 -0.00129926395
v -0.0981110672 -0.056391764 -0.025521471
v -0.0980346397 -0.0563153366 -0.0180249805
v -0.0981388572 -0.0564195541 -0.0178641315
v -0.0981388572 -0.0564195541 -0.00113586617
v -0.0980346397 -0.0563153366 -0.000975019455
v -0.0981110672 -0.056391764 0.00652147102
v -0.0978335861 -0.0660137848 -0.0190282054
v -0.0979494766 -0.0661296562 -0.0187499995
v -0.0979494766 -0.0661296562 -0.000249998093
v -0.0978335861 -0.0660137848 2.82030106e-05
v -0.0979123596 -0.0561930565 -0.0256804652
v -0.09782033 -0.0561010269 -0.0183388348
v -0.0979284576 -0.0562091545 -0.0181832285
v -0.0979284576 -0.0562091545 -0.000816771507
v -0.09782033 -0.0561010269 -0.000661165237
v -0.0979123596 -0.0561930565 0.00668046284
v -0.0975916198 -0.0657718185 -0.0195758219
v -0.0977143005 -0.0658944992 -0.0193035073
v -0.0977143005 -0.0658944992 0.000303504944
v -0.0975916198 -0.0657718185 0.000575821877
v -0.0975091842 -0.0557899002 -0.0259836216
v -0.0975983909 -0.0558791069 -0.018641922
v -0.0977102951 -0.0559909919 -0.0184917469
v -0.0977102951 -0.0559909919 -0.000508253098
v -0.0975983909 -0.0558791069 -0.000358078003
v -0.0977117065 -0.0559924034 0.00683452892
v -0.0973363022 -0.0655165008 -0.0201111646
v -0.0974656204 -0.0656458191 -0.019845068
v -0.0974656204 -0.0656458191 0.000845067978
v -0.0973363022 -0.0655165008 0.00111116219
v -0.0974846557 -0.0557653717 -0.01878931
v -0.0974846557 -0.0557653717 -0.000210687637
v -0.0973048691 -0.0555855659 -0.0261276908
v -0.0972518257 -0.0555325226 -0.0190755553
v -0.0973691276 -0.0556498245 -0.0189338703
v -0.0973691276 -0.0556498245 -6.61296844e-05
v -0.0972518257 -0.0555325226 7.55577087e-05
v -0.0973048691 -0.0555855659 0.00712768841
v -0.0972037224 -0.065383921 -0.0203740282
v -0.0972037224 -0.065383921 0.00137402821
v -0.0970679191 -0.0652480987 -0.0206335778
v -0.0970679191 -0.0652480987 0.00163358021
v -0.0970987991 -0.055379496 -0.0262666936
v -0.0970120529 -0.0552927498 -0.0193501348
v -0.0971327881 -0.0554134849 -0.0192143245
v -0.0971327881 -0.0554134849 0.000214326859
v -0.0970120529 -0.0552927498 0.00035013485
v -0.0970987991 -0.055379496 0.00726669598
v -0.0969289306 -0.0651091102 -0.0208897371
v -0.0969289306 -0.0651091102 0.00188973713
v -0.096786795 -0.0649669937 -0.0211424274
v -0.096786795 -0.0649669937 0.00214242744
v -0.0968910507 -0.0551717476 -0.0264005919
v -0.0967656616 -0.0550463585 -0.0196127124
v -0.0968896774 -0.0551703743 -0.0194829435
v -0.0968896774 -0.0551703743 0.000482943535
v -0.0967656616 -0.0550463585 0.000612714767
v -0.0968910507 -0.0551717476 0.00740059185
v -0.0966415695 -0.0648217682 -0.0213915701
v -0.0966415695 -0.0648217682 0.00239157009
v -0.096681662 -0.0549623588 -0.0265293403
v -0.0965129379 -0.0547936348 -0.0198629708
v -0.0966400818 -0.0549207786 -0.0197394009
v -0.0966400818 -0.0549207786 0.000739400864
v -0.0965129379 -0.0547936348 0.000862968445
v -0.096681662 -0.0549623588 0.00752933788
v -0.0963420204 -0.0645222 -0.0218789167
v -0.0964932922 -0.0646734909 -0.0216370912
v -0.0964932922 -0.0646734909 0.00263709354
v -0.0963420204 -0.0645222 0.00287891674
v -0.0964707283 -0.0547514442 -0.0266529007
v -0.0964707283 -0.0547514442 0.0076529007
v -0.0962583069 -0.0545390037 -0.0267712374
v -0.0962542061 -0.0545349029 -0.0201006002
v -0.0963843063 -0.0546650032 -0.0199833817
v -0.0963843063 -0.0546650032 0.000983384132
v -0.0962542061 -0.0545349029 0.00110060024
v -0.0962583069 -0.0545390037 0.00777123737
v -0.0961877731 -0.0643679527 -0.0221169705
v -0.0961877731 -0.0643679527 0.00311696815
v -0.0960306076 -0.0642108062 -0.022351181
v -0.0960306076 -0.0642108062 0.00335118103
v -0.0960444549 -0.0543251518 -0.0268843145
v -0.0961226562 -0.0544033722 -0.0202145905
v -0.0961226562 -0.0544033722 0.00121459293
v -0.0960444549 -0.0543251518 0.00788431454
v -0.095870581 -0.0640507797 -0.0225814743
v -0.095870581 -0.0640507797 0.0035814743
v -0.0959897522 -0.054270449 -0.0203253169
v -0.0959897522 -0.054270449 0.00132531929
v -0.0958292488 -0.0541099457 -0.026992094
v -0.0958554748 -0.0541361717 -0.0204327459
v -0.0958554748 -0.0541361717 0.00143274593
v -0.0958292488 -0.0541099457 0.00799209404
v -0.0957077316 -0.0638879303 -0.022807786
v -0.0957077316 -0.0638879303 0.00380778599
v -0.0955421165 -0.0637223152 -0.0230300446
v -0.0955421165 -0.0637223152 0.00403004456
v -0.0957199005 -0.0540006164 -0.0205368443
v -0.0957199005 -0.0540006164 0.00153684425
v -0.0956127266 -0.0538934234 -0.0270945449
v -0.0955830673 -0.0538637832 -0.0206375809
v -0.0955830673 -0.0538637832 0.00163758087
v -0.0956127266 -0.0538934234 0.00809454727
v -0.095373793 -0.0635539917 -0.0232481785
v -0.0953251365 -0.0635053352 -0.0116706009
v -0.0953505996 -0.0635307983 -0.0114554329
v -0.0953733925 -0.0635535911 -0.0112396641
v -0.0954109863 -0.063591185 -0.0108066053
v -0.0954257873 -0.0636059669 -0.0105894489
v -0.0954378799 -0.0636180786 -0.010371954
v -0.0954473022 -0.0636275009 -0.0101542015
v -0.0954540352 -0.0636342338 -0.00993624401
v -0.0954580787 -0.0636382583 -0.009718153
v -0.0954580787 -0.0636382583 -0.009281847
v -0.0954540352 -0.0636342338 -0.00906375599
v -0.0954473022 -0.0636275009 -0.00884579849
v -0.0954378799 -0.0636180786 -0.00862804604
v -0.0954257873 -0.0636059669 -0.00841055107
v -0.0954109863 -0.063591185 -0.00819339466
v -0.0953935341 -0.0635737327 -0.00797663403
v -0.0953505996 -0.0635307983 -0.00754456711
v -0.0953251365 -0.0635053352 -0.00732939911
v -0.095373793 -0.0635539917 0.00424817848
v -0.0952662567 -0.0634464554 -0.012098896
v -0.0952970222 -0.0634772209 -0.0118851109
v -0.0952970222 -0.0634772209 -0.00711488914
v -0.0952662567 -0.0634464554 -0.00690110397
v -0.0953949836 -0.0536756805 -0.0271916385
v -0.095305777 -0.0535864738 -0.0208288474
v -0.0954450134 -0.0537257103 -0.0207349248
v -0.0954450134 -0.0537257103 0.00173492718
v -0.095305777 -0.0535864738 0.00182884502
v -0.0953949836 -0.0536756805 0.00819163609
v -0.0952027992 -0.0633829979 -0.0234621282
v -0.0950731949 -0.0632533935 -0.0131546469
v -0.0951170067 -0.0632972053 -0.0129454679
v -0.0951582435 -0.0633384422 -0.01273524
v -0.0952328781 -0.0634130768 -0.0123118896
v -0.0952328781 -0.0634130768 -0.00668811035
v -0.0951968673 -0.063377066 -0.00647597504
v -0.0951170067 -0.0632972053 -0.00605453205
v -0.0950731949 -0.0632533935 -0.00584535313
v -0.0952027992 -0.0633829979 0.00446212578
v -0.0950291923 -0.063209391 -0.0236718221
v -0.0950268081 -0.0632070068 -0.0133627148
v -0.0950268081 -0.0632070068 -0.00563728523
v -0.0950291923 -0.063209391 0.00467182446
v -0.0951760772 -0.0534567741 -0.0272833414
v -0.095023928 -0.053304644 -0.0210063095
v -0.0951654152 -0.053446112 -0.0209193177
v -0.0951654152 -0.053446112 0.00191932011
v -0.095023928 -0.053304644 0.00200630951
v -0.0951760772 -0.0534567741 0.00828334141
v -0.0948530105 -0.0630332092 -0.0238772006
v -0.094872351 -0.0630525306 -0.013979599
v -0.0949778656 -0.0631580642 -0.0135696001
v -0.0949778656 -0.0631580642 -0.00543039989
v -0.0949263672 -0.0631065658 -0.00522474957
v -0.0948530105 -0.0630332092 0.00487719822
v -0.0947567657 -0.0629369644 -0.0143841381
v -0.0948157982 -0.0629959968 -0.0141825838
v -0.0948157982 -0.0629959968 -0.00481741619
v -0.0947567657 -0.0629369644 -0.00461586189
v -0.0949560646 -0.0532367614 -0.0273696275
v -0.094881411 -0.0531621078 -0.0210897989
v -0.094881411 -0.0531621078 0.00208979893
v -0.0949560646 -0.0532367614 0.00836962986
v -0.0946743492 -0.0628545288 -0.0240781994
v -0.0946312813 -0.0628114799 -0.0147827287
v -0.0946952537 -0.0628754524 -0.0145842071
v -0.0946952537 -0.0628754524 -0.00441579056
v -0.0946312813 -0.0628114799 -0.00421727371
v -0.0946743492 -0.0628545288 0.00507819939
v -0.0945648674 -0.062745066 -0.0149796386
v -0.0945648674 -0.062745066 -0.00402035904
v -0.0947350219 -0.0530157188 -0.0274504704
v -0.094737883 -0.0530185798 -0.021169755
v -0.094737883 -0.0530185798 0.00216975498
v -0.0947350219 -0.0530157188 0.00845047283
v -0.0945130256 -0.0527937225 -0.0275258465
v -0.0945933822 -0.0528740791 -0.0212461586
v -0.0945933822 -0.0528740791 0.0022461586
v -0.0945130256 -0.0527937225 0.00852584648
v -0.0944932083 -0.062673407 -0.0242747564
v -0.0943512062 -0.0625313858 -0.0155601211
v -0.0944248108 -0.0626050094 -0.0153683944
v -0.0944960312 -0.0626762298 -0.0151748819
v -0.0944960312 -0.0626762298 -0.00382511806
v -0.0944248108 -0.0626050094 -0.00363160324
v -0.0943512062 -0.0625313858 -0.00343988132
v -0.0944932083 -0.062673407 0.00527475643
v -0.0943096832 -0.0624898819 -0.0244668145
v -0.0942752365 -0.0624554352 -0.01575
v -0.0942752365 -0.0624554352 -0.00325
v -0.0943096832 -0.0624898819 0.00546681213
v -0.0942901138 -0.0525708107 -0.0275957317
v -0.094447966 -0.0527286628 -0.0213189812
v -0.0943016723 -0.0525823692 0.00238820839
v -0.0942901138 -0.0525708107 0.00859573174
v -0.0941238121 -0.0623040107 -0.0246543117
v -0.0941163353 -0.0622965339 -0.0161239905
v -0.0941969398 -0.0623771385 -0.0159379764
v -0.0941969398 -0.0623771385 -0.00306202602
v -0.0941163353 -0.0622965339 -0.00287600708
v -0.0941238121 -0.0623040107 0.00565431404
v -0.0940334419 -0.0622136406 -0.0163079877
v -0.0940334419 -0.0622136406 -0.00269200993
v -0.0940664009 -0.0523470978 -0.0276601024
v -0.0940066437 -0.0522873405 -0.0215157719
v -0.0941545585 -0.0524352554 -0.0214538093
v -0.0941545585 -0.0524352554 0.00245381165
v -0.0940066437 -0.0522873405 0.00251577187
v -0.0940664009 -0.0523470978 0.00866010475
v -0.0939356521 -0.0621158508 -0.0248371954
v -0.0938609222 -0.0620411209 -0.0166697044
v -0.0939482979 -0.0621284965 -0.0164899106
v -0.0939482979 -0.0621284965 -0.00251008701
v -0.0938609222 -0.0620411209 -0.00233029556
v -0.0939356521 -0.0621158508 0.0058371954
v -0.0937713531 -0.0619515518 -0.0168473167
v -0.0937713531 -0.0619515518 -0.00215268326
v -0.0938419059 -0.0521226028 -0.0277189441
v -0.0938579849 -0.0521386818 -0.0215740724
v -0.0938579849 -0.0521386818 0.00257407475
v -0.0938419059 -0.0521226028 0.00871894169
v -0.0937452606 -0.0619254593 -0.0250154061
v -0.0935856727 -0.0617658714 -0.0171957679
v -0.0936795906 -0.0618597892 -0.00197731209
v -0.0937452606 -0.0619254593 0.00601540375
v -0.0935527137 -0.0617328933 -0.025188889
v -0.0935527137 -0.0617328933 0.00618889141
v -0.0936167244 -0.0518974212 -0.0277722354
v -0.0937086395 -0.0519893364 -0.0216286964
v -0.0935586265 -0.0518393425 0.00267962742
v -0.0936167244 -0.0518974212 0.00877223301
v -0.0933580307 -0.0615382293 -0.025357594
v -0.0933915237 -0.0615717224 -0.0175348444
v -0.0934896377 -0.0616698364 -0.0173665042
v -0.0934896377 -0.0616698364 -0.00163349342
v -0.0933915237 -0.0615717224 -0.0014651556
v -0.0933580307 -0.0615382293 0.0063575964
v -0.0932913307 -0.0614715294 -0.0177007384
v -0.0932913307 -0.0614715294 -0.00129926395
v -0.0933909134 -0.0516716102 -0.0278199596
v -0.0932568649 -0.0515375618 -0.0217703409
v -0.0934080223 -0.0516887192 -0.0217268438
v -0.0934080223 -0.0516887192 0.00272684383
v -0.0932568649 -0.0515375618 0.00277034092
v -0.0933909134 -0.0516716102 0.00881995964
v -0.0931613258 -0.0613415054 -0.025521471
v -0.0930848983 -0.061265097 -0.0180249805
v -0.0931891159 -0.0613693145 -0.0178641315
v -0.0931891159 -0.0613693145 -0.00113586617
v -0.0930848983 -0.061265097 -0.000975019455
v -0.0931613258 -0.0613415054 0.00652147102
v -0.0931645683 -0.0514452652 -0.0278621049
v -0.0931051735 -0.0513858703 -0.0218100972
v -0.0931051735 -0.0513858703 0.00281009483
v -0.0931645683 -0.0514452652 0.00886210251
v -0.0929625992 -0.0611427978 -0.0256804652
v -0.0928705887 -0.0610507683 -0.0183388348
v -0.0929786972 -0.0611588958 -0.0181832285
v -0.0929786972 -0.0611588958 -0.000816771507
v -0.0928705887 -0.0610507683 -0.000661165237
v -0.0929625992 -0.0611427978 0.00668046284
v -0.0927619652 -0.0609421638 -0.0258345313
v -0.0927605537 -0.0609407524 -0.0184917469
v -0.0927605537 -0.0609407524 -0.000508253098
v -0.0927619652 -0.0609421638 0.00683452892
v -0.0929377083 -0.0512184051 -0.0278986545
v -0.0929530243 -0.0512337211 -0.0218461032
v -0.0928004554 -0.0510811523 0.0028783493
v -0.0929377083 -0.0512184051 0.00889865685
v -0.0926486496 -0.0608288482 -0.018641922
v -0.0926486496 -0.0608288482 -0.000358078003
v -0.0925594429 -0.0607396415 -0.0259836216
v -0.0925349144 -0.060715113 -0.01878931
v -0.0925349144 -0.060715113 -0.000210687637
v -0.0925594429 -0.0607396415 0.0069836216
v -0.0927104477 -0.0509911445 -0.0279296012
v -0.0926475052 -0.050928202 -0.021906826
v -0.0926475052 -0.050928202 0.00290682602
v -0.0927104477 -0.0509911445 0.00892960358
v -0.0923551277 -0.0605353264 -0.0261276908
v -0.0924193863 -0.0605995659 -0.0189338703
v -0.0924193863 -0.0605995659 -6.61296844e-05
v -0.0923551277 -0.0605353264 0.00712768841
v -0.0923020653 -0.0604822639 -0.0190755553
v -0.0923020653 -0.0604822639 7.55577087e-05
v -0.0924828438 -0.0507635406 -0.0279549356
v -0.0924942306 -0.0507749466 -0.0219315238
v -0.0924942306 -0.0507749466 0.00293152142
v -0.0924828438 -0.0507635406 0.00895493317
v -0.0922549537 -0.0505356506 -0.0279746456
v -0.0923406891 -0.0506213859 -0.0219524331
v -0.0923406891 -0.0506213859 0.00295243549
v -0.0922549537 -0.0505356506 0.00897464561
v -0.0921490577 -0.0603292373 -0.0262666936
v -0.0921830467 -0.0603632263 -0.0192143245
v -0.0921830467 -0.0603632263 0.000214326859
v -0.0921490577 -0.0603292373 0.00726669598
v -0.0920623115 -0.0602425102 -0.0193501348
v -0.0920623115 -0.0602425102 0.00035013485
v -0.092026873 -0.0503075699 -0.0279887314
v -0.0921868995 -0.0504675964 -0.0219695516
v -0.0920329193 -0.0503136162 0.00298286724
v -0.092026873 -0.0503075699 0.00898873138
v -0.0919412903 -0.0601214889 -0.0264005919
v -0.091939917 -0.0601201156 -0.0194829435
v -0.091939917 -0.0601201156 0.000482943535
v -0.0919412903 -0.0601214889 0.00740059185
v -0.0918159202 -0.0599961189 -0.0196127124
v -0.0918159202 -0.0599961189 0.000612714767
v -0.0917986397 -0.0500793365 -0.0279971833
v -0.0918788055 -0.0501595024 -0.0219923849
v -0.0918788055 -0.0501595024 0.00299238491
v -0.0917986397 -0.0500793365 0.00899718094
v -0.0917319206 -0.0599121193 -0.0265293403
v -0.0916903213 -0.05987052 -0.0197394009
v -0.0916903213 -0.05987052 0.000739400864
v -0.0917319206 -0.0599121193 0.00752933788
v -0.0915209869 -0.0597011856 -0.0266529007
v -0.0915631965 -0.0597433952 -0.0198629708
v -0.0915631965 -0.0597433952 0.000862968445
v -0.0915209869 -0.0597011856 0.0076529007
v -0.0917245964 -0.0500052932 -0.021998095
v -0.0917245964 -0.0500052932 0.00299809742
v -0.09157033 -0.0498510269 -0.027999999
v -0.09157033 -0.0498510269 -0.022
v -0.09157033 -0.0498510269 0.003
v -0.09157033 -0.0498510269 0.00899999905
v -0.0914345459 -0.0596147445 -0.0199833817
v -0.0914345459 -0.0596147445 0.000983384132
v -0.0913085655 -0.0594887642 -0.0267712374
v -0.0913044456 -0.0594846443 -0.0201006002
v -0.0913044456 -0.0594846443 0.00110060024
v -0.0913085655 -0.0594887642 0.00777123737
v -0.0913420204 -0.0496227173 -0.0279971833
v -0.0914160637 -0.0496967605 -0.021998095
v -0.0912618545 -0.0495425514 0.00299238491
v -0.0913420204 -0.0496227173 0.00899718094
v -0.0910947136 -0.0592749122 -0.0268843145
v -0.0911729149 -0.0593531135 -0.0202145905
v -0.0911729149 -0.0593531135 0.00121459293
v -0.0910947136 -0.0592749122 0.00788431454
v -0.0910399917 -0.0592201904 -0.0203253169
v -0.0910399917 -0.0592201904 0.00132531929
v -0.0911137871 -0.0493944839 -0.0279887314
v -0.0911077408 -0.0493884376 -0.0219828696
v -0.0911077408 -0.0493884376 0.00298286724
v -0.0911137871 -0.0493944839 0.00898873138
v -0.0908794883 -0.059059687 -0.026992094
v -0.0909057335 -0.0590859321 -0.0204327459
v -0.0909057335 -0.0590859321 0.00143274593
v -0.0908794883 -0.059059687 0.00799209404
v -0.0907701591 -0.0589503578 -0.0205368443
v -0.0907701591 -0.0589503578 0.00153684425
v -0.0908856872 -0.0491664032 -0.0279746456
v -0.0909537605 -0.0492344574 -0.0219695516
v -0.090799971 -0.0490806679 0.00295243549
v -0.0908856872 -0.0491664032 0.00897464561
v -0.0906629852 -0.0588431648 -0.0270945449
v -0.0906333259 -0.0588135246 -0.0206375809
v -0.0906333259 -0.0588135246 0.00163758087
v -0.0906629852 -0.0588431648 0.00809454727
v -0.0906578163 -0.0489385132 -0.0279549356
v -0.0906464103 -0.0489271263 -0.0219315238
v -0.0906464103 -0.0489271263 0.00293152142
v -0.0906578163 -0.0489385132 0.00895493317
v -0.0904452423 -0.0586254219 -0.0271916385
v -0.0903560356 -0.0585362343 -0.0208288474
v -0.090495272 -0.0586754707 -0.0207349248
v -0.090495272 -0.0586754707 0.00173492718
v -0.0903560356 -0.0585362343 0.00182884502
v -0.0904452423 -0.0586254219 0.00819163609
v -0.0904931358 -0.0487738517 -0.021906826
v -0.0904931358 -0.0487738517 0.00290682602
v -0.0904301933 -0.0487109092 -0.0279296012
v -0.0903402046 -0.0486209015 -0.0218783517
v -0.0903402046 -0.0486209015 0.0028783493
v -0.0904301933 -0.0487109092 0.00892960358
v -0.0902263168 -0.0584065155 -0.0272833414
v -0.0900741867 -0.0582543853 -0.0210063095
v -0.0902156547 -0.0583958534 -0.0209193177
v -0.0902156547 -0.0583958534 0.00191932011
v -0.0900741867 -0.0582543853 0.00200630951
v -0.0902263168 -0.0584065155 0.00828334141
v -0.0900063232 -0.0581865028 -0.0273696275
v -0.0900063232 -0.0581865028 0.00836962986
v -0.0902029327 -0.0484836487 -0.0278986545
v -0.0901876358 -0.0484683326 -0.0218461032
v -0.0900354866 -0.0483161834 0.00281009483
v -0.0902029327 -0.0484836487 0.00889865685
v -0.0899316696 -0.0581118683 -0.0210897989
v -0.0899316696 -0.0581118683 0.00208979893
v -0.0897852806 -0.0579654793 -0.0274504704
v -0.0897881416 -0.0579683212 -0.021169755
v -0.0897881416 -0.0579683212 0.00216975498
v -0.0897852806 -0.0579654793 0.00845047283
v -0.0899760917 -0.0482567886 -0.0278621049
v -0.0899760917 -0.0482567886 0.00886210251
v -0.0898837951 -0.048164492 -0.0217703409
v -0.0898837951 -0.048164492 0.00277034092
v -0.0896436409 -0.0578238395 -0.0212461586
v -0.0896436409 -0.0578238395 0.0022461586
v -0.0895632652 -0.0577434639 -0.0275258465
v -0.0895632652 -0.0577434639 0.00852584648
v -0.0897497467 -0.0480304435 -0.0278199596
v -0.0897326378 -0.0480133346 -0.0217268438
v -0.0897326378 -0.0480133346 0.00272684383
v -0.0897497467 -0.0480304435 0.00881995964
v -0.0895239357 -0.0478046325 -0.0277722354
v -0.0895820144 -0.0478627304 -0.021679625
v -0.0895820144 -0.0478627304 0.00267962742
v -0.0895239357 -0.0478046325 0.00877223301
v -0.0893403724 -0.0575205711 -0.0275957317
v -0.089351931 -0.0575321296 -0.021388206
v -0.0894982246 -0.0576784233 0.00231898117
v -0.0893403724 -0.0575205711 0.00859573174
v -0.0892987541 -0.047579451 -0.0277189441
v -0.0894320205 -0.0477127174 -0.0216286964
v -0.0892826751 -0.047563372 0.00257407475
v -0.0892987541 -0.047579451 0.00871894169
v -0.0891166404 -0.0572968391 -0.0276601024
v -0.0892047981 -0.0573849968 -0.0214538093
v -0.0892047981 -0.0573849968 0.00245381165
v -0.0891166404 -0.0572968391 0.00866010475
v -0.0890569023 -0.0572370819 -0.0215157719
v -0.0890569023 -0.0572370819 0.00251577187
v -0.0890742592 -0.047354956 -0.0276601024
v -0.0891340164 -0.0474147133 -0.0215157719
v -0.0891340164 -0.0474147133 0.00251577187
v -0.0890742592 -0.047354956 0.00866010475
v -0.0888921646 -0.0570723442 -0.0277189441
v -0.0889082435 -0.0570884422 -0.0215740724
v -0.0889082435 -0.0570884422 0.00257407475
v -0.0888921646 -0.0570723442 0.00871894169
v -0.0887588791 -0.0569390777 -0.0216286964
v -0.0887588791 -0.0569390777 0.00262869644
v -0.0889861015 -0.0472667984 -0.0214538093
v -0.0889861015 -0.0472667984 0.00245381165
v -0.0888505272 -0.0471312431 -0.0275957317
v -0.0888389686 -0.0471196846 -0.021388206
v -0.0888389686 -0.0471196846 0.00238820839
v -0.0888505272 -0.0471312431 0.00859573174
v -0.088666983 -0.0568471626 -0.0277722354
v -0.0886088852 -0.0567890838 -0.021679625
v -0.0886088852 -0.0567890838 0.00267962742
v -0.088666983 -0.0568471626 0.00877223301
v -0.0886276344 -0.0469083313 -0.0275258465
v -0.0886926941 -0.0469733909 -0.0213189812
v -0.0885472778 -0.0468279747 -0.0212461586
v -0.0885472778 -0.0468279747 0.0022461586
v -0.0886926941 -0.0469733909 0.00231898117
v -0.0886276344 -0.0469083313 0.00852584648
v -0.088441172 -0.0566213707 -0.0278199596
v -0.0884582809 -0.0566384796 -0.0217268438
v -0.0884582809 -0.0566384796 0.00272684383
v -0.088441172 -0.0566213707 0.00881995964
v -0.0883071045 -0.0564873031 -0.0217703409
v -0.0883071045 -0.0564873031 0.00277034092
v -0.0884056381 -0.046686335 -0.0274504704
v -0.0884027771 -0.0466834739 -0.021169755
v -0.0882592491 -0.046539946 0.00208979893
v -0.0884056381 -0.046686335 0.00845047283
v -0.0882148079 -0.0563950065 -0.0278621049
v -0.0881554321 -0.0563356308 -0.0218100972
v -0.0881554321 -0.0563356308 0.00281009483
v -0.0882148079 -0.0563950065 0.00886210251
v -0.0880032829 -0.0561834816 -0.0218461032
v -0.0880032829 -0.0561834816 0.00284610558
v -0.0881845955 -0.0464652923 -0.0273696275
v -0.0881167129 -0.0463974289 -0.0210063095
v -0.0881167129 -0.0463974289 0.00200630951
v -0.0881845955 -0.0464652923 0.00836962986
v -0.0879879669 -0.0561681656 -0.0278986545
v -0.0878507141 -0.0560309128 -0.0218783517
v -0.0878507141 -0.0560309128 0.0028783493
v -0.0879879669 -0.0561681656 0.00889865685
v -0.0877607063 -0.055940905 -0.0279296012
v -0.0877607063 -0.055940905 0.00892960358
v -0.0879752449 -0.0462559417 -0.0209193177
v -0.0879752449 -0.0462559417 0.00191932011
v -0.0879645828 -0.0462452797 -0.0272833414
v -0.0878348831 -0.04611558 -0.0208288474
v -0.0878348831 -0.04611558 0.00182884502
v -0.0879645828 -0.0462452797 0.00828334141
v -0.0876977638 -0.0558779625 -0.021906826
v -0.0876977638 -0.0558779625 0.00290682602
v -0.0875331024 -0.0557133011 -0.0279549356
v -0.0875444893 -0.0557246879 -0.0219315238
v -0.0875444893 -0.0557246879 0.00293152142
v -0.0875331024 -0.0557133011 0.00895493317
v -0.0877456764 -0.0460263733 -0.0271916385
v -0.0877456764 -0.0460263733 0.00819163609
v -0.0875279335 -0.0458086303 -0.0270945449
v -0.0876956466 -0.0459763435 -0.0207349248
v -0.0875575737 -0.0458382896 0.00163758087
v -0.0875279335 -0.0458086303 0.00809454727
v -0.0873909286 -0.0555711273 -0.0219524331
v -0.0873909286 -0.0555711273 0.00295243549
v -0.0873052124 -0.055485411 -0.0279746456
v -0.0873052124 -0.055485411 0.00897464561
v -0.0873114113 -0.0455921081 -0.026992094
v -0.0874207405 -0.0457014374 -0.0205368443
v -0.0872851852 -0.0455658821 -0.0204327459
v -0.0872851852 -0.0455658821 0.00143274593
v -0.0874207405 -0.0457014374 0.00153684425
v -0.0873114113 -0.0455921081 0.00799209404
v -0.0870771126 -0.0552573112 -0.0279887314
v -0.0870831779 -0.0552633575 -0.0219828696
v -0.0872371391 -0.0554173378 0.00296954918
v -0.0870771126 -0.0552573112 0.00898873138
v -0.0870962051 -0.045376902 -0.0268843145
v -0.0871509079 -0.0454316047 -0.0203253169
v -0.0870179847 -0.0452987007 -0.0202145905
v -0.0870179847 -0.0452987007 0.00121459293
v -0.0871509079 -0.0454316047 0.00132531929
v -0.0870962051 -0.045376902 0.00788431454
v -0.0868488792 -0.0550290779 -0.0279971833
v -0.0869290451 -0.0551092437 -0.0219923849
v -0.0869290451 -0.0551092437 0.00299238491
v -0.0868488792 -0.0550290779 0.00899718094
v -0.0867748359 -0.0549550346 -0.021998095
v -0.0867748359 -0.0549550346 0.00299809742
v -0.0868823532 -0.0451630501 -0.0267712374
v -0.086886454 -0.0451671509 -0.0201006002
v -0.0867563537 -0.0450370506 -0.0199833817
v -0.0867563537 -0.0450370506 0.000983384132
v -0.086886454 -0.0451671509 0.00110060024
v -0.0868823532 -0.0451630501 0.00777123737
v -0.0866205887 -0.0548007683 -0.027999999
v -0.0866205887 -0.0548007683 -0.022
v -0.0866205887 -0.0548007683 0.003
v -0.0866205887 -0.0548007683 0.00899999905
v -0.0866699127 -0.0449506286 -0.0266529007
v -0.0866277221 -0.044908419 -0.0198629708
v -0.0865005783 -0.0447812752 -0.0197394009
v -0.0865005783 -0.0447812752 0.000739400864
v -0.0866277221 -0.044908419 0.000862968445
v -0.0866699127 -0.0449506286 0.0076529007
v -0.086392279 -0.0545724777 -0.0279971833
v -0.0864663223 -0.054646521 -0.021998095
v -0.0864663223 -0.054646521 0.00299809742
v -0.086392279 -0.0545724777 0.00899718094
v -0.0863121132 -0.0544923118 -0.0219923849
v -0.0863121132 -0.0544923118 0.00299238491
v -0.086458979 -0.044739695 -0.0265293403
v -0.0863749984 -0.0446556953 -0.0196127124
v -0.0862509826 -0.0445316795 -0.0194829435
v -0.0862509826 -0.0445316795 0.000482943535
v -0.0863749984 -0.0446556953 0.000612714767
v -0.086458979 -0.044739695 0.00752933788
v -0.0861640457 -0.0543442444 -0.0279887314
v -0.0861579994 -0.054338179 -0.0219828696
v -0.0861579994 -0.054338179 0.00298286724
v -0.0861640457 -0.0543442444 0.00898873138
v -0.0860040191 -0.0541842178 -0.0219695516
v -0.0860040191 -0.0541842178 0.00296954918
v -0.0862496093 -0.0445303062 -0.0264005919
v -0.0862496093 -0.0445303062 0.00740059185
v -0.0860418609 -0.0443225578 -0.0262666936
v -0.0861286072 -0.044409304 -0.0193501348
v -0.086007872 -0.0442885689 -0.0192143245
v -0.086007872 -0.0442885689 0.000214326859
v -0.0861286072 -0.044409304 0.00035013485
v -0.0860418609 -0.0443225578 0.00726669598
v -0.0859359459 -0.0541161445 -0.0279746456
v -0.0858502296 -0.0540304283 -0.0219524331
v -0.0858502296 -0.0540304283 0.00295243549
v -0.0859359459 -0.0541161445 0.00897464561
v -0.085835791 -0.0441164879 -0.0261276908
v -0.0858888344 -0.0441695312 -0.0190755553
v -0.0857715324 -0.0440522293 -0.0189338703
v -0.0857715324 -0.0440522293 -6.61296844e-05
v -0.0858888344 -0.0441695312 7.55577087e-05
v -0.085835791 -0.0441164879 0.00712768841
v -0.0857080559 -0.0538882545 -0.0279549356
v -0.085696669 -0.0538768676 -0.0219315238
v -0.085696669 -0.0538768676 0.00293152142
v -0.0857080559 -0.0538882545 0.00895493317
v -0.0855433944 -0.0537235931 -0.021906826
v -0.0855433944 -0.0537235931 0.00290682602
v -0.0856314567 -0.0439121536 -0.0259836216
v -0.0856559852 -0.0439367012 -0.01878931
v -0.08554225 -0.043822966 -0.018641922
v -0.08554225 -0.043822966 -0.000358078003
v -0.0856559852 -0.0439367012 -0.000210687637
v -0.0856314567 -0.0439121536 0.0069836216
v -0.0854804519 -0.0536606506 -0.0279296012
v -0.0853904442 -0.0535706428 -0.0218783517
v -0.0853904442 -0.0535706428 0.0028783493
v -0.0854804519 -0.0536606506 0.00892960358
v -0.0852531913 -0.05343339 -0.0278986545
v -0.0852531913 -0.05343339 0.00889865685
v -0.0854289535 -0.0437096504 -0.0258345313
v -0.085430365 -0.0437110618 -0.0184917469
v -0.08532033 -0.0436010269 -0.000661165237
v -0.0854289535 -0.0437096504 0.00683452892
v -0.0850857261 -0.0532659248 -0.0218100972
v -0.0852378753 -0.053418074 0.00284610558
v -0.0850263504 -0.053206549 -0.0278621049
v -0.0850263504 -0.053206549 0.00886210251
v -0.0852283004 -0.0435089973 -0.0256804652
v -0.0852283004 -0.0435089973 0.00668046284
v -0.0850295929 -0.0433102897 -0.025521471
v -0.0852122024 -0.0434928993 -0.0181832285
v -0.0850018028 -0.0432824997 -0.0178641315
v -0.0850018028 -0.0432824997 -0.00113586617
v -0.0851060203 -0.0433867172 -0.000975019455
v -0.0850295929 -0.0433102897 0.00652147102
v -0.0849340538 -0.0531142524 -0.0217703409
v -0.0849340538 -0.0531142524 0.00277034092
v -0.0847999862 -0.0529801849 -0.0278199596
v -0.0847828773 -0.052963076 -0.0217268438
v -0.0847828773 -0.052963076 0.00272684383
v -0.0847999862 -0.0529801849 0.00881995964
v -0.0848328689 -0.0431135658 -0.025357594
v -0.0848995689 -0.0431802658 -0.0177007384
v -0.084799395 -0.0430800918 -0.0014651556
v -0.0848328689 -0.0431135658 0.0063575964
v -0.0845741943 -0.0527543739 -0.0277722354
v -0.0846322731 -0.0528124717 -0.021679625
v -0.0846322731 -0.0528124717 0.00267962742
v -0.0845741943 -0.0527543739 0.00877223301
v -0.0846382049 -0.0429189018 -0.025188889
v -0.0847012619 -0.0429819587 -0.0173665042
v -0.0846052269 -0.0428859237 -0.0171957679
v -0.0845113281 -0.042792025 -0.00197731209
v -0.0847012619 -0.0429819587 -0.00163349342
v -0.0846382049 -0.0429189018 0.00618889141
v -0.0843490127 -0.0525291923 -0.0277189441
v -0.0843329147 -0.0525131134 -0.0215740724
v -0.0844822792 -0.0526624588 0.00262869644
v -0.0843490127 -0.0525291923 0.00871894169
v -0.084445639 -0.042726355 -0.0250154061
v -0.0842552665 -0.0425359634 -0.0248371954
v -0.0844195656 -0.0427002624 -0.0168473167
v -0.0843299774 -0.0426106743 -0.0166697044
v -0.0843299774 -0.0426106743 -0.00233029556
v -0.0844195656 -0.0427002624 -0.00215268326
v -0.0842552665 -0.0425359634 0.0058371954
v -0.084445639 -0.042726355 0.00601540375
v -0.0841245178 -0.0523047165 -0.0276601024
v -0.084184275 -0.0523644546 -0.0215157719
v -0.084184275 -0.0523644546 0.00251577187
v -0.0841245178 -0.0523047165 0.00866010475
v -0.0840363601 -0.0522165588 -0.0214538093
v -0.0840363601 -0.0522165588 0.00245381165
v -0.0842426017 -0.0425232986 -0.0164899106
v -0.0842426017 -0.0425232986 -0.00251008701
v -0.0840671066 -0.0423478035 -0.0246543117
v -0.0841574577 -0.0424381546 -0.0163079877
v -0.0840745643 -0.0423552803 -0.0161239905
v -0.0840745643 -0.0423552803 -0.00287600708
v -0.0841574577 -0.0424381546 -0.00269200993
v -0.0840671066 -0.0423478035 0.00565431404
v -0.0839007858 -0.0520809845 -0.0275957317
v -0.0838892273 -0.0520694259 -0.021388206
v -0.0838892273 -0.0520694259 0.00238820839
v -0.0839007858 -0.0520809845 0.00859573174
v -0.0839939598 -0.0422746757 -0.0159379764
v -0.0839939598 -0.0422746757 -0.00306202602
v -0.0838812355 -0.0421619323 -0.0244668145
v -0.0839156822 -0.0421963791 -0.01575
v -0.0837661079 -0.0420468048 -0.0153683944
v -0.0837661079 -0.0420468048 -0.00363160324
v -0.0838397125 -0.0421204094 -0.00343988132
v -0.0838812355 -0.0421619323 0.00546681213
v -0.083677893 -0.0518580917 -0.0275258465
v -0.0837429336 -0.0519231323 -0.0213189812
v -0.0835975174 -0.051777716 -0.0212461586
v -0.0835975174 -0.051777716 0.0022461586
v -0.0837429336 -0.0519231323 0.00231898117
v -0.083677893 -0.0518580917 0.00852584648
v -0.0836976913 -0.0419784073 -0.0242747564
v -0.0835165695 -0.0417972664 -0.0240781994
v -0.0836948684 -0.0419755653 -0.0151748819
v -0.0836260322 -0.0419067291 -0.0149796386
v -0.0835596184 -0.0418403152 -0.00421727371
v -0.0836948684 -0.0419755653 -0.00382511806
v -0.0835165695 -0.0417972664 0.00507819939
v -0.0836976913 -0.0419784073 0.00527475643
v -0.0834558777 -0.0516360763 -0.0274504704
v -0.0834530166 -0.0516332153 -0.021169755
v -0.0834530166 -0.0516332153 0.00216975498
v -0.0834558777 -0.0516360763 0.00845047283
v -0.0833094887 -0.0514896873 -0.0210897989
v -0.0833094887 -0.0514896873 0.00208979893
v -0.0834956459 -0.0417763427 -0.0145842071
v -0.0834956459 -0.0417763427 -0.00441579056
v -0.0833378891 -0.0416185859 -0.0238772006
v -0.0834341339 -0.0417148308 -0.0143841381
v -0.0833751014 -0.0416557983 -0.0141825838
v -0.0833185676 -0.0415992645 -0.013979599
v -0.0832645324 -0.0415452484 -0.00522474957
v -0.0833751014 -0.0416557983 -0.00481741619
v -0.0834341339 -0.0417148308 -0.00461586189
v -0.0833378891 -0.0416185859 0.00487719822
v -0.0832348541 -0.0514150337 -0.0273696275
v -0.0831669716 -0.0513471702 -0.0210063095
v -0.0831669716 -0.0513471702 0.00200630951
v -0.0832348541 -0.0514150337 0.00836962986
v -0.0830148414 -0.0511950401 -0.0272833414
v -0.0830255035 -0.0512057022 -0.0209193177
v -0.0830255035 -0.0512057022 0.00191932011
v -0.0830148414 -0.0511950401 0.00828334141
v -0.0831617264 -0.0414424232 -0.0236718221
v -0.0832130531 -0.04149375 -0.0135696001
v -0.0831640915 -0.0414447883 -0.0133627148
v -0.0831177047 -0.0413984016 -0.0131546469
v -0.0830738929 -0.0413545898 -0.0129454679
v -0.0830326751 -0.041313372 -0.01273524
v -0.0830326751 -0.041313372 -0.00626476002
v -0.0830738929 -0.0413545898 -0.00605453205
v -0.0831177047 -0.0413984016 -0.00584535313
v -0.0831640915 -0.0414447883 -0.00563728523
v -0.0832130531 -0.04149375 -0.00543039989
v -0.0831617264 -0.0414424232 0.00467182446
v -0.0828851227 -0.0510653213 -0.0208288474
v -0.0828851227 -0.0510653213 0.00182884502
v -0.082795935 -0.0509761146 -0.0271916385
v -0.082795935 -0.0509761146 0.00819163609
v -0.0829881004 -0.0412688163 -0.0234621282
v -0.0829940513 -0.0412747482 -0.012524025
v -0.0829940513 -0.0412747482 -0.00647597504
v -0.0829881004 -0.0412688163 0.00446212578
v -0.0828171066 -0.0410978035 -0.0232481785
v -0.0829580406 -0.0412387375 -0.0123118896
v -0.0829246429 -0.0412053398 -0.012098896
v -0.0828938965 -0.0411745933 -0.0118851109
v -0.0828657821 -0.041146479 -0.0116706009
v -0.082840319 -0.0411210159 -0.0114554329
v -0.0828175071 -0.041098204 -0.0112396641
v -0.0827799133 -0.0410606102 -0.0108066053
v -0.0827651314 -0.0410458282 -0.0105894489
v -0.0827530197 -0.0410337166 -0.010371954
v -0.0827530197 -0.0410337166 -0.00862804604
v -0.0827651314 -0.0410458282 -0.00841055107
v -0.0827799133 -0.0410606102 -0.00819339466
v -0.0827973846 -0.0410780815 -0.00797663403
v -0.082840319 -0.0411210159 -0.00754456711
v -0.0828657821 -0.041146479 -0.00732939911
v -0.0828938965 -0.0411745933 -0.00711488914
v -0.0829246429 -0.0412053398 -0.00690110397
v -0.0829580406 -0.0412387375 -0.00668811035
v -0.0828171066 -0.0410978035 0.00424817848
v -0.082578173 -0.0507583717 -0.0270945449
v -0.0826078323 -0.050788031 -0.0206375809
v -0.0827458862 -0.0509260849 0.00173492718
v -0.082578173 -0.0507583717 0.00809454727
v -0.0827435974 -0.0410243133 -0.0101542015
v -0.0827368835 -0.0410175804 -0.00993624401
v -0.0827328399 -0.0410135368 -0.009718153
v -0.0827328399 -0.0410135368 -0.009281847
v -0.0827368835 -0.0410175804 -0.00906375599
v -0.0827435974 -0.0410243133 -0.00884579849
v -0.0826487831 -0.04092948 -0.0230300446
v -0.0826487831 -0.04092948 0.00403004456
v -0.0823616699 -0.0505418686 -0.026992094
v -0.0824709991 -0.0506511978 -0.0205368443
v -0.0823354248 -0.0505156234 -0.0204327459
v -0.0823354248 -0.0505156234 0.00143274593
v -0.0824709991 -0.0506511978 0.00153684425
v -0.0823616699 -0.0505418686 0.00799209404
v -0.082483168 -0.0407638649 -0.022807786
v -0.082483168 -0.0407638649 0.00380778599
v -0.0823203377 -0.0406010345 -0.0225814743
v -0.0823203377 -0.0406010345 0.0035814743
v -0.0821464447 -0.0503266433 -0.0268843145
v -0.0822011665 -0.0503813652 -0.0203253169
v -0.0822011665 -0.0503813652 0.00132531929
v -0.0821464447 -0.0503266433 0.00788431454
v -0.0820682434 -0.0502484421 -0.0202145905
v -0.0820682434 -0.0502484421 0.00121459293
v -0.0821603111 -0.040441008 -0.022351181
v -0.0820031456 -0.0402838424 -0.0221169705
v -0.0820031456 -0.0402838424 0.00311696815
v -0.0821603111 -0.040441008 0.00335118103
v -0.0819325927 -0.0501127914 -0.0267712374
v -0.0819367126 -0.0501169113 -0.0201006002
v -0.0819367126 -0.0501169113 0.00110060024
v -0.0819325927 -0.0501127914 0.00777123737
v -0.0818066124 -0.049986792 -0.0199833817
v -0.0818066124 -0.049986792 0.000983384132
v -0.0818488983 -0.0401295952 -0.0218789167
v -0.0818488983 -0.0401295952 0.00287891674
v -0.0817201713 -0.04990037 -0.0266529007
v -0.0816779617 -0.0498581604 -0.0198629708
v -0.0816779617 -0.0498581604 0.000862968445
v -0.0817201713 -0.04990037 0.0076529007
v -0.0815092376 -0.0496894363 -0.0265293403
v -0.0815508369 -0.0497310356 -0.0197394009
v -0.0815508369 -0.0497310356 0.000739400864
v -0.0815092376 -0.0496894363 0.00752933788
v -0.0816976074 -0.0399783043 -0.0216370912
v -0.0815493301 -0.039830027 -0.0213915701
v -0.0815493301 -0.039830027 0.00239157009
v -0.0816976074 -0.0399783043 0.00263709354
v -0.081425238 -0.0496054367 -0.0196127124
v -0.081425238 -0.0496054367 0.000612714767
v -0.081299868 -0.0494800667 -0.0264005919
v -0.0813012413 -0.0494814399 -0.0194829435
v -0.0813012413 -0.0494814399 0.000482943535
v -0.081299868 -0.0494800667 0.00740059185
v -0.0814041046 -0.0396848205 -0.0211424274
v -0.081261988 -0.0395426849 -0.0208897371
v -0.081261988 -0.0395426849 0.00188973713
v -0.0814041046 -0.0396848205 0.00214242744
v -0.0810921196 -0.0492722992 -0.0262666936
v -0.0811788467 -0.0493590454 -0.0193501348
v -0.0811788467 -0.0493590454 0.00035013485
v -0.0810921196 -0.0492722992 0.00726669598
v -0.0810581306 -0.0492383102 -0.0192143245
v -0.0810581306 -0.0492383102 0.000214326859
v -0.0811229995 -0.0394036964 -0.0206335778
v -0.0811229995 -0.0394036964 0.00163358021
v -0.0808860306 -0.0490662292 -0.0261276908
v -0.080939093 -0.0491192726 -0.0190755553
v -0.080821791 -0.0490019706 -0.0189338703
v -0.080821791 -0.0490019706 -6.61296844e-05
v -0.080939093 -0.0491192726 7.55577087e-05
v -0.0808860306 -0.0490662292 0.00712768841
v -0.0809871963 -0.0392678932 -0.0203740282
v -0.0809871963 -0.0392678932 0.00137402821
v -0.0808546165 -0.0391353134 -0.0201111646
v -0.0808546165 -0.0391353134 0.00111116219
v -0.0806817154 -0.048861914 -0.0259836216
v -0.0807062439 -0.0488864425 -0.01878931
v -0.0805925087 -0.0487727073 -0.018641922
v -0.0805925087 -0.0487727073 -0.000358078003
v -0.0807062439 -0.0488864425 -0.000210687637
v -0.0806817154 -0.048861914 0.0069836216
v -0.0807252983 -0.0390059952 -0.019845068
v -0.0807252983 -0.0390059952 0.000845067978
v -0.0805992798 -0.0388799766 -0.0195758219
v -0.0805992798 -0.0388799766 0.000575821877
v -0.0804791931 -0.0486593918 -0.0258345313
v -0.0803705887 -0.0485507683 -0.0183388348
v -0.0804806045 -0.0486608032 -0.000508253098
v -0.0804791931 -0.0486593918 0.00683452892
v -0.0802785591 -0.0484587578 -0.0256804652
v -0.0802624611 -0.0484426407 -0.0181832285
v -0.0802624611 -0.0484426407 -0.000816771507
v -0.0802785591 -0.0484587578 0.00668046284
v -0.0804765991 -0.038757315 -0.0193035073
v -0.0804765991 -0.038757315 0.000303504944
v -0.0803573135 -0.0386380104 -0.0190282054
v -0.0803573135 -0.0386380104 2.82030106e-05
v -0.0800798515 -0.0482600311 -0.025521471
v -0.0801562599 -0.0483364586 -0.0180249805
v -0.0801562599 -0.0483364586 -0.000975019455
v -0.0800798515 -0.0482600311 0.00652147102
v -0.0800520424 -0.048232241 -0.0178641315
v -0.0800520424 -0.048232241 -0.00113586617
v -0.0802414421 -0.038522139 -0.0187499995
v -0.0802414421 -0.038522139 -0.000249998093
v -0.0801290039 -0.0384097198 -0.0184689779
v -0.0800200752 -0.0383007721 -0.0181852241
v -0.0800200752 -0.0383007721 -0.000814778328
v -0.0801290039 -0.0384097198 -0.000531022072
v -0.0798831276 -0.0480633262 -0.025357594
v -0.0798496345 -0.0480298332 -0.0175348444
v -0.0799498275 -0.0481300262 -0.00129926395
v -0.0798831276 -0.0480633262 0.0063575964
v -0.0797515205 -0.0479317192 -0.0173665042
v -0.0797515205 -0.0479317192 -0.00163349342
v -0.079914656 -0.0381953529 -0.0178988237
v -0.0798127845 -0.0380934814 -0.0176098652
v -0.0798127845 -0.0380934814 -0.00139013481
v -0.079914656 -0.0381953529 -0.00110117626
v -0.0796884636 -0.0478686432 -0.025188889
v -0.0796554855 -0.0478356842 -0.0171957679
v -0.0796554855 -0.0478356842 -0.00180422974
v -0.0796884636 -0.0478686432 0.00618889141
v -0.0795615677 -0.0477417663 -0.0170226879
v -0.0795615677 -0.0477417663 -0.00197731209
v -0.0797144798 -0.0379951767 -0.017318439
v -0.079619799 -0.037900515 -0.0170246286
v -0.0795287613 -0.0378094581 -0.0167285271
v -0.0795287613 -0.0378094581 -0.00227147293
v -0.079619799 -0.037900515 -0.00197537136
v -0.0797144798 -0.0379951767 -0.00168156338
v -0.0794958976 -0.0476760963 -0.0250154061
v -0.0794698051 -0.0476500038 -0.0168473167
v -0.079380236 -0.0475604347 -0.0166697044
v -0.079380236 -0.0475604347 -0.00233029556
v -0.0794698051 -0.0476500038 -0.00215268326
v -0.0794958976 -0.0476760963 0.00601540375
v -0.0793055061 -0.0474857048 -0.0248371954
v -0.0792928604 -0.04747304 -0.0164899106
v -0.0792928604 -0.04747304 -0.00251008701
v -0.0793055061 -0.0474857048 0.0058371954
v -0.0794414047 -0.0377221016 -0.0164302225
v -0.0793577102 -0.0376384262 -0.0161298079
v -0.0792777542 -0.0375584701 -0.0158273716
v -0.0792777542 -0.0375584701 -0.0031726284
v -0.0793577102 -0.0376384262 -0.00287019444
v -0.0794414047 -0.0377221016 -0.00256977749
v -0.0791173462 -0.0472975448 -0.0246543117
v -0.0792077163 -0.0473878959 -0.0163079877
v -0.079124823 -0.0473050216 -0.0161239905
v -0.079124823 -0.0473050216 -0.00287600708
v -0.0792077163 -0.0473878959 -0.00269200993
v -0.0791173462 -0.0472975448 0.00565431404
v -0.0790442184 -0.0472244171 -0.0159379764
v -0.0790442184 -0.0472244171 -0.00306202602
v -0.0792015556 -0.0374822525 -0.0155230112
v -0.0791291145 -0.0374098114 -0.015216815
v -0.07906045 -0.0373411468 -0.0149088759
v -0.07906045 -0.0373411468 -0.00409112167
v -0.0791291145 -0.0374098114 -0.00378318501
v -0.0792015556 -0.0374822525 -0.00347698879
v -0.078931475 -0.0471116737 -0.0244668145
v -0.0788899711 -0.0470701507 -0.0155601211
v -0.0789659218 -0.0471461204 -0.00325
v -0.078931475 -0.0471116737 0.00546681213
v -0.0788163475 -0.0469965461 -0.0153683944
v -0.0788163475 -0.0469965461 -0.00363160324
v -0.0789956001 -0.037276316 -0.0145992918
v -0.0789956001 -0.037276316 -0.0044007082
v -0.078934584 -0.0372153 -0.0142881508
v -0.0788774208 -0.0371581367 -0.0139755554
v -0.0788241295 -0.0371048263 -0.0136615963
v -0.0787747101 -0.0370554069 -0.013346364
v -0.0787747101 -0.0370554069 -0.00565363598
v -0.0788241295 -0.0371048263 -0.0053384037
v -0.0788774208 -0.0371581367 -0.00502444458
v -0.078934584 -0.0372153 -0.00471184921
v -0.07874795 -0.0469281486 -0.0242747564
v -0.0787451271 -0.0469253067 -0.0151748819
v -0.078609877 -0.0467900757 -0.0147827287
v -0.0786762909 -0.0468564895 -0.00402035904
v -0.0787451271 -0.0469253067 -0.00382511806
v -0.07874795 -0.0469281486 0.00527475643
v -0.0785668281 -0.0467470077 -0.0240781994
v -0.0785459045 -0.0467261032 -0.0145842071
v -0.0785459045 -0.0467261032 -0.00441579056
v -0.0785668281 -0.0467470077 0.00507819939
v -0.0787292007 -0.0370098976 -0.0130299683
v -0.0787292007 -0.0370098976 -0.00597003174
v -0.0786875824 -0.0369682983 -0.0127124901
v -0.0786499122 -0.0369306091 -0.0123940392
v -0.0786161522 -0.0368968681 -0.0120747013
v -0.0785863594 -0.0368670562 -0.0117545815
v -0.0785605148 -0.0368412117 -0.0114337749
v -0.0785386375 -0.0368193344 -0.0111123819
v -0.0785207275 -0.0368014244 -0.010790493
v -0.0785067848 -0.0367874817 -0.0104682131
v -0.0785067848 -0.0367874817 -0.00853178692
v -0.0785207275 -0.0368014244 -0.00820950699
v -0.0785386375 -0.0368193344 -0.00788761806
v -0.0785605148 -0.0368412117 -0.00756622505
v -0.0785863594 -0.0368670562 -0.00724541855
v -0.0786161522 -0.0368968681 -0.00692529869
v -0.0786499122 -0.0369306091 -0.00660596085
v -0.0786875824 -0.0369682983 -0.00628750992
v -0.0783881477 -0.0465683273 -0.0238772006
v -0.0784843925 -0.0466645912 -0.0143841381
v -0.0784253601 -0.0466055588 -0.0141825838
v -0.0783688263 -0.0465490059 -0.013979599
v -0.0783688263 -0.0465490059 -0.005020401
v -0.0784253601 -0.0466055588 -0.00481741619
v -0.0784843925 -0.0466645912 -0.00461586189
v -0.0783881477 -0.0465683273 0.00487719822
v -0.0783147911 -0.0464949897 -0.0137752504
v -0.0782632927 -0.0464434913 -0.0135696001
v -0.0782632927 -0.0464434913 -0.00543039989
v -0.0783147911 -0.0464949897 -0.00522474957
v -0.0784968284 -0.0367775253 -0.0101456423
v -0.0784908394 -0.0367715362 -0.00982287121
v -0.0784888557 -0.0367695526 -0.0095
v -0.0784908394 -0.0367715362 -0.00917712879
v -0.0784968284 -0.0367775253 -0.00885435772
v -0.0782119659 -0.0463921646 -0.0236718221
v -0.0782143501 -0.0463945488 -0.0133627148
v -0.0781679634 -0.0463481621 -0.0131546469
v -0.0781241516 -0.0463043503 -0.0129454679
v -0.0780829147 -0.0462631134 -0.01273524
v -0.0780829147 -0.0462631134 -0.00626476002
v -0.0781241516 -0.0463043503 -0.00605453205
v -0.0781679634 -0.0463481621 -0.00584535313
v -0.0782143501 -0.0463945488 -0.00563728523
v -0.0782119659 -0.0463921646 0.00467182446
v -0.078038359 -0.0462185577 -0.0234621282
v -0.0780442909 -0.0462244896 -0.012524025
v -0.0780082802 -0.0461884788 -0.0123118896
v -0.0780082802 -0.0461884788 -0.00668811035
v -0.0780442909 -0.0462244896 -0.00647597504
v -0.078038359 -0.0462185577 0.00446212578
v -0.0778673652 -0.0460475639 -0.0232481785
v -0.0779749016 -0.0461550812 -0.012098896
v -0.077944136 -0.0461243347 -0.0118851109
v -0.0779160217 -0.0460962204 -0.0116706009
v -0.0778905586 -0.0460707573 -0.0114554329
v -0.0778476242 -0.0460278228 -0.011023366
v -0.0778301719 -0.0460103515 -0.0108066053
v -0.0778301719 -0.0460103515 -0.00819339466
v -0.0778677658 -0.0460479645 -0.00776033592
v -0.0778905586 -0.0460707573 -0.00754456711
v -0.0779160217 -0.0460962204 -0.00732939911
v -0.077944136 -0.0461243347 -0.00711488914
v -0.0779749016 -0.0461550812 -0.00690110397
v -0.0778673652 -0.0460475639 0.00424817848
v -0.0778153709 -0.0459955696 -0.0105894489
v -0.0778032783 -0.045983477 -0.010371954
v -0.077793856 -0.0459740547 -0.0101542015
v -0.0777871231 -0.0459673218 -0.00993624401
v -0.0777817444 -0.045961943 -0.0095
v -0.0777830986 -0.0459632782 -0.009281847
v -0.0777871231 -0.0459673218 -0.00906375599
v -0.077793856 -0.0459740547 -0.00884579849
v -0.0778032783 -0.045983477 -0.00862804604
v -0.0778153709 -0.0459955696 -0.00841055107
v -0.0776990417 -0.0458792213 -0.0230300446
v -0.0776990417 -0.0458792213 0.00403004456
v -0.0775334266 -0.0457136253 -0.022807786
v -0.0775334266 -0.0457136253 0.00380778599
v -0.0773705772 -0.0455507759 -0.0225814743
v -0.0773705772 -0.0455507759 0.0035814743
v -0.0772105507 -0.0453907493 -0.022351181
v -0.0772105507 -0.0453907493 0.00335118103
v -0.0770534042 -0.0452335838 -0.0221169705
v -0.0770534042 -0.0452335838 0.00311696815
v -0.0768991569 -0.0450793365 -0.0218789167
v -0.0768991569 -0.0450793365 0.00287891674
v -0.076747866 -0.0449280647 -0.0216370912
v -0.0765995887 -0.0447797874 -0.0213915701
v -0.0765995887 -0.0447797874 0.00239157009
v -0.076747866 -0.0449280647 0.00263709354
v -0.0764543632 -0.0446345619 -0.0211424274
v -0.0764543632 -0.0446345619 0.00214242744
v -0.0763122467 -0.0444924263 -0.0208897371
v -0.0763122467 -0.0444924263 0.00188973713
v -0.0761732582 -0.0443534378 -0.0206335778
v -0.0761732582 -0.0443534378 0.00163358021
v -0.0760374359 -0.0442176346 -0.0203740282
v -0.0760374359 -0.0442176346 0.00137402821
v -0.0759048561 -0.0440850548 -0.0201111646
v -0.0759048561 -0.0440850548 0.00111116219
v -0.0757755378 -0.0439557365 -0.019845068
v -0.0757755378 -0.0439557365 0.000845067978
v -0.0756495384 -0.043829718 -0.0195758219
v -0.0756495384 -0.043829718 0.000575821877
v -0.0755268577 -0.0437070564 -0.0193035073
v -0.0755268577 -0.0437070564 0.000303504944
v -0.0754075721 -0.0435877708 -0.0190282054
v -0.0754075721 -0.0435877708 2.82030106e-05
v -0.0752916816 -0.0434718803 -0.0187499995
v -0.0752916816 -0.0434718803 -0.000249998093
v -0.0751792625 -0.0433594612 -0.0184689779
v -0.0750703148 -0.0432505134 -0.0181852241
v -0.0750703148 -0.0432505134 -0.000814778328
v -0.0751792625 -0.0433594612 -0.000531022072
v -0.0749648956 -0.0431450943 -0.0178988237
v -0.0748630241 -0.0430432228 -0.0176098652
v -0.0748630241 -0.0430432228 -0.00139013481
v -0.0749648956 -0.0431450943 -0.00110117626
v -0.0747647384 -0.0429449371 -0.017318439
v -0.0747647384 -0.0429449371 -0.00168156338
v -0.0746700577 -0.0428502563 -0.0170246286
v -0.0745790199 -0.0427592186 -0.0167285271
v -0.0745790199 -0.0427592186 -0.00227147293
v -0.0746700577 -0.0428502563 -0.00197537136
v -0.0744916443 -0.0426718429 -0.0164302225
v -0.0744079689 -0.0425881675 -0.0161298079
v -0.0743280128 -0.0425082115 -0.0158273716
v -0.0743280128 -0.0425082115 -0.0031726284
v -0.0744079689 -0.0425881675 -0.00287019444
v -0.0744916443 -0.0426718429 -0.00256977749
v -0.0742517952 -0.0424319938 -0.0155230112
v -0.0742517952 -0.0424319938 -0.00347698879
v -0.0741793541 -0.0423595527 -0.015216815
v -0.0741107086 -0.0422909073 -0.0149088759
v -0.0741107086 -0.0422909073 -0.00409112167
v -0.0741793541 -0.0423595527 -0.00378318501
v -0.0740458587 -0.0422260574 -0.0145992918
v -0.0740458587 -0.0422260574 -0.0044007082
v -0.0739848427 -0.0421650413 -0.0142881508
v -0.0739276794 -0.0421078781 -0.0139755554
v -0.0738743881 -0.0420545868 -0.0136615963
v -0.0738249687 -0.0420051674 -0.013346364
v -0.0738249687 -0.0420051674 -0.00565363598
v -0.0738743881 -0.0420545868 -0.0053384037
v -0.0739276794 -0.0421078781 -0.00502444458
v -0.0739848427 -0.0421650413 -0.00471184921
v -0.0737794403 -0.041959639 -0.0130299683
v -0.0737794403 -0.041959639 -0.00597003174
v -0.073737841 -0.0419180397 -0.0127124901
v -0.0737001518 -0.0418803505 -0.0123940392
v -0.0736664108 -0.0418466095 -0.0120747013
v -0.073636618 -0.0418168167 -0.0117545815
v -0.0736107734 -0.041790953 -0.0114337749
v -0.0735888771 -0.0417690757 -0.0111123819
v -0.0735709671 -0.0417511657 -0.010790493
v -0.0735709671 -0.0417511657 -0.00820950699
v -0.0735888771 -0.0417690757 -0.00788761806
v -0.0736107734 -0.041790953 -0.00756622505
v -0.073636618 -0.0418168167 -0.00724541855
v -0.0736664108 -0.0418466095 -0.00692529869
v -0.0737001518 -0.0418803505 -0.00660596085
v -0.073737841 -0.0419180397 -0.00628750992
v -0.0735570244 -0.041737223 -0.0104682131
v -0.073547068 -0.0417272667 -0.0101456423
v -0.073541098 -0.0417212967 -0.00982287121
v -0.0735391144 -0.0417192939 -0.0095
v -0.073541098 -0.0417212967 -0.00917712879
v -0.073547068 -0.0417272667 -0.00885435772
v -0.0735570244 -0.041737223 -0.00853178692
v -0.0590124229 -0.0936606506 -0.0103362293
v -0.0590296272 -0.093677874 -0.0100580521
v -0.059039965 -0.0936882118 -0.00977919769
v -0.0590434173 -0.093691645 -0.0095
v -0.059042559 -0.0936907867 -0.00936038208
v -0.0590356544 -0.0936839012 -0.00908131313
v -0.0590218834 -0.0936701301 -0.0088027544
v -0.0590012459 -0.0936494926 -0.00852504444
v -0.0588984398 -0.0935466675 -0.0112996073
v -0.0589394859 -0.0935877136 -0.0110264702
v -0.05897378 -0.0936220077 -0.0107514734
v -0.0589883713 -0.0936365989 -0.0106133862
v -0.0589883713 -0.0936365989 -0.00838661385
v -0.0589574722 -0.0936056999 -0.008110816
v -0.0589198021 -0.0935680298 -0.00783670616
v -0.0588753799 -0.0935236076 -0.00756462288
v -0.058796244 -0.0934444717 -0.0118389721
v -0.0588506607 -0.0934988884 -0.0115705509
v -0.058824282 -0.0934725097 -0.00729489994
v -0.0587665466 -0.0934147743 -0.00702786636
v -0.0586676887 -0.0933159164 -0.0123669453
v -0.0587352279 -0.0933834556 -0.0121045465
v -0.058702269 -0.0933504966 -0.00676383686
v -0.0586315063 -0.093279734 -0.00650314522
v -0.0585543541 -0.0932025818 -0.0127538939
v -0.0585937217 -0.0932419494 -0.0126258488
v -0.0585937217 -0.0932419494 -0.00637415123
v -0.0585134224 -0.0931616501 -0.00611905289
v -0.0583812622 -0.0930295089 -0.0132557745
v -0.0584709076 -0.0931191353 -0.0130069704
v -0.0584268478 -0.0930750946 -0.00586807442
v -0.0583812622 -0.0930295089 -0.0057442255
v -0.0582855324 -0.0929337791 -0.013500001
v -0.0583341507 -0.0929823974 -0.013378479
v -0.0583341507 -0.0929823974 -0.005621521
v -0.0582855324 -0.0929337791 -0.00549999905
v -0.0581308082 -0.0927790359 -0.0138571138
v -0.0582354263 -0.0928836731 -0.013620307
v -0.0581838516 -0.0928320793 -0.00526064587
v -0.0581308082 -0.0927790359 -0.00514288616
v -0.0580203918 -0.0926686195 -0.0140886135
v -0.0580763153 -0.092724543 -0.0139735432
v -0.0580763153 -0.092724543 -0.00502645683
v -0.0580203918 -0.0926686195 -0.00491138649
v -0.0579043297 -0.0925525573 -0.0143145199
v -0.0579630569 -0.0926112846 -0.014202282
v -0.0579630569 -0.0926112846 -0.00479771805
v -0.0579043297 -0.0925525573 -0.00468548012
v -0.0577827553 -0.092431002 -0.0145345635
v -0.0578442291 -0.0924924568 -0.0144252939
v -0.0578442291 -0.0924924568 -0.00457470608
v -0.0577827553 -0.092431002 -0.00446543884
v -0.0577199653 -0.092368193 -0.0146423001
v -0.0576558403 -0.092304068 -0.00425152969
v -0.0575904182 -0.092238665 -0.0148530455
v -0.0575237182 -0.092171965 -0.00404401493
v -0.0574557594 -0.0921039871 -0.0150572677
v -0.0573865608 -0.0920347885 -0.00384314728
v -0.0573161415 -0.0919643692 -0.0152547188
v -0.0573161415 -0.0919643692 -0.00374528122
v -0.0572445205 -0.0918927673 -0.0153508301
v -0.0571717361 -0.0918199638 -0.003554842
v -0.0570977882 -0.0917460159 -0.0155376763
v -0.057022715 -0.0916709427 -0.00337164593
v -0.0568692688 -0.0915174965 -0.0158040853
v -0.0569465355 -0.0915947632 -0.0157171674
v -0.0569465355 -0.0915947632 -0.00328283024
v -0.0568692688 -0.0915174965 -0.00319591236
v -0.056790934 -0.0914391807 -0.0158890839
v -0.056790934 -0.0914391807 -0.00311091614
v -0.0566311935 -0.0912794403 -0.016053216
v -0.0567115692 -0.091359816 -0.015972137
v -0.0567115692 -0.091359816 -0.00302786541
v -0.0566311935 -0.0912794403 -0.00294678402
v -0.056549826 -0.0911980728 -0.0161322994
v -0.056549826 -0.0911980728 -0.00286770058
v -0.05638423 -0.0910324768 -0.0162843843
v -0.0564675049 -0.0911157325 -0.0162093635
v -0.0564675049 -0.0911157325 -0.00279063416
v -0.05638423 -0.0910324768 -0.00271561337
v -0.0563000587 -0.0909482864 -0.016357338
v -0.0563000587 -0.0909482864 -0.00264266205
v -0.056214991 -0.0908632187 -0.0164282031
v -0.0561054138 -0.0907536606 -0.0106025476
v -0.0561309723 -0.0907792 -0.0104676886
v -0.0561720184 -0.0908202461 -0.0101945944
v -0.0561939148 -0.0908421425 -0.0099874754
v -0.0562111191 -0.0908593467 -0.00970934582
v -0.0562145523 -0.090862799 -0.00943019104
v -0.0562081054 -0.0908563331 -0.00922097397
v -0.0561874679 -0.0908356956 -0.00894330692
v -0.0561630157 -0.0908112625 -0.00873676491
v -0.0561186126 -0.0907668403 -0.00846472454
v -0.0561290649 -0.0907772926 -0.00250304413
v -0.0560422996 -0.0906905273 -0.0165635796
v -0.0560090355 -0.0906572632 -0.0109984274
v -0.0560765556 -0.0907247833 -0.0107360668
v -0.0560913948 -0.0907396415 -0.00833051395
v -0.0560608963 -0.090709124 -0.00819772911
v -0.0560422996 -0.0906905273 -0.00243642044
v -0.0559547142 -0.0906029609 -0.0166280527
v -0.0558603576 -0.0905085853 -0.0114392395
v -0.055949984 -0.0905982116 -0.0111904736
v -0.0559901336 -0.0906383804 -0.00793707561
v -0.0559287361 -0.0905769638 -0.00774651718
v -0.0558663658 -0.0905145935 -0.00230964851
v -0.0557772545 -0.0904254822 -0.0167504616
v -0.0557586769 -0.0904069046 -0.0116785545
v -0.055836058 -0.0904842857 -0.0114999981
v -0.055836058 -0.0904842857 -0.00750000191
v -0.0558109955 -0.0904592231 -0.0074398489
v -0.0557772545 -0.0904254822 -0.00224953842
v -0.0555001358 -0.0972194389 -0.00991868687
v -0.0555070213 -0.0972263244 -0.00963961792
v -0.0555070213 -0.0972263244 -0.00936038208
v -0.0555044273 -0.0972237304 -0.00922080231
v -0.0556874183 -0.090335646 -0.0168083639
v -0.0556153969 -0.0902636245 -0.0119626446
v -0.0557314399 -0.0903796676 -0.0117367716
v -0.0557314399 -0.0903796676 -0.00726322842
v -0.0557034782 -0.0903517059 -0.00720569324
v -0.0556874183 -0.090335646 -0.00219163609
v -0.0555968765 -0.0902451042 -0.0168640394
v -0.055521212 -0.0901694397 -0.0121242352
v -0.0555846695 -0.0902328972 -0.00698271942
v -0.055505648 -0.0901538948 -0.00208253098
v -0.0552887443 -0.0970080475 -0.0117051001
v -0.0553398422 -0.0970591453 -0.0114353771
v -0.0553842643 -0.0971035675 -0.0111632938
v -0.0554219345 -0.0971412376 -0.010889184
v -0.0554528335 -0.0971721367 -0.0106133862
v -0.0554657081 -0.0971850113 -0.0104749556
v -0.0554863647 -0.0972056488 -0.0101972456
v -0.0554941086 -0.0972134117 -0.00894194794
v -0.0554768852 -0.0971961883 -0.00866377068
v -0.0554528335 -0.0971721367 -0.00838661385
v -0.0554382423 -0.0971575454 -0.00824852657
v -0.0554039482 -0.0971232513 -0.00797352982
v -0.055362902 -0.0970822052 -0.00770039272
v -0.055315123 -0.0970344261 -0.00742944908
v -0.0552607063 -0.0969800094 -0.0118389721
v -0.0552607063 -0.0969800094 -0.00716102791
v -0.0554137901 -0.0900620369 -0.0169686432
v -0.0553865532 -0.0900347999 -0.0123284264
v -0.0554551414 -0.0901033691 -0.0122279949
v -0.0554885009 -0.0901367286 -0.00682347965
v -0.0554211715 -0.0900693992 -0.00672136497
v -0.0554137901 -0.0900620369 -0.00203135681
v -0.0553213218 -0.0899695495 -0.0170175405
v -0.0552791504 -0.0899273781 -0.012472579
v -0.0553513435 -0.0899995903 -0.00662264061
v -0.0553213218 -0.0899695495 -0.00198245716
v -0.055058184 -0.0967774872 -0.0126258488
v -0.0550959686 -0.0968152717 -0.0124968548
v -0.0551667312 -0.0968860344 -0.0122361631
v -0.0552310089 -0.096950312 -0.0119721336
v -0.0552310089 -0.096950312 -0.00702786636
v -0.0551996902 -0.0969189934 -0.00689545345
v -0.055132151 -0.0968514541 -0.00663305473
v -0.055058184 -0.0967774872 -0.00637415123
v -0.0550188163 -0.0967381195 -0.0127538939
v -0.0550188163 -0.0967381195 -0.00624610615
v -0.0552282623 -0.08987649 -0.0170641489
v -0.0551279167 -0.0897761444 -0.0126520414
v -0.0552421859 -0.0898904136 -0.00648116302
v -0.0551346306 -0.0897828582 -0.00189154816
v -0.0550404648 -0.0896886924 -0.0171504374
v -0.0550088791 -0.0896571068 -0.0127766104
v -0.0550490669 -0.0896972946 -0.0127360697
v -0.0550887588 -0.0897369865 -0.00630545807
v -0.0550088791 -0.0896571068 -0.00622338963
v -0.0550404648 -0.0896886924 -0.00184956264
v -0.054798632 -0.0965179161 -0.013378479
v -0.0548913292 -0.0966106132 -0.0131319256
v -0.0549778846 -0.0966971878 -0.0128809471
v -0.0549778846 -0.0966971878 -0.00611905289
v -0.0549353698 -0.096654673 -0.00599302959
v -0.0548457245 -0.0965650276 -0.0057442255
v -0.0547500137 -0.0964693168 -0.013500001
v -0.0547500137 -0.0964693168 -0.00549999905
v -0.054945803 -0.0895940307 -0.0171900935
v -0.0548853973 -0.089533625 -0.0128921909
v -0.0549681953 -0.089616423 -0.00618385029
v -0.054945803 -0.0895940307 -0.0018099041
v -0.0547550873 -0.0894033149 -0.0172623653
v -0.0548506645 -0.0894988922 -0.017227406
v -0.0547578148 -0.0894060425 -0.0129984779
v -0.0548433021 -0.0894915489 -0.00607133102
v -0.0548506645 -0.0894988922 -0.00177259159
v -0.0547550873 -0.0894033149 -0.00173763466
v -0.0545407776 -0.0962600807 -0.0139735432
v -0.0546483139 -0.096367617 -0.0137393541
v -0.0546999077 -0.0964191917 -0.00537969303
v -0.0545952705 -0.0963145736 -0.00514288616
v -0.0546590713 -0.0893073181 -0.0172949595
v -0.0546264557 -0.0892747024 -0.0130951757
v -0.0547144226 -0.0893626693 -0.00596821022
v -0.0546590713 -0.0893073181 -0.00170503807
v -0.054562693 -0.0892109207 -0.0173251815
v -0.0545369819 -0.0891852287 -0.0131541796
v -0.0545819 -0.0892301468 -0.00587476921
v -0.054562693 -0.0892109207 -0.0016748209
v -0.0543086914 -0.0960279945 -0.0144252939
v -0.0544275192 -0.0961468223 -0.014202282
v -0.0544848541 -0.0962041572 -0.00491138649
v -0.0543687919 -0.0960880951 -0.00468548012
v -0.0544659332 -0.08911418 -0.0173530169
v -0.0543539337 -0.0890021805 -0.013258769
v -0.0544001869 -0.0890484146 -0.0132343216
v -0.0544917206 -0.0891399482 -0.00581798267
v -0.0543539337 -0.0890021805 -0.00574123096
v -0.0543688682 -0.0890170959 -0.00162153912
v -0.0542714981 -0.0889197258 -0.0174015064
v -0.054260588 -0.0889088348 -0.0133042259
v -0.0543074135 -0.0889556411 -0.00571792793
v -0.0542714981 -0.0889197258 -0.00159849358
v -0.0540548996 -0.0957741836 -0.0148530455
v -0.0541203026 -0.0958396057 -0.0147484727
v -0.0542472366 -0.0959665207 -0.00446543884
v -0.0540548996 -0.0957741836 -0.00414695454
v -0.0541738418 -0.0888220695 -0.0174221439
v -0.054118605 -0.0887668518 -0.0133637018
v -0.0542135147 -0.0888617424 -0.00567477894
v -0.0541738418 -0.0888220695 -0.00157785606
v -0.0540759567 -0.0887241844 -0.0174403687
v -0.054022818 -0.0886710457 -0.013397481
v -0.0540708259 -0.0887190536 -0.00561881733
v -0.0540759567 -0.0887241844 -0.00155963135
v -0.0538510231 -0.0955703262 -0.0151568551
v -0.0539881805 -0.0957074836 -0.0149559875
v -0.0539881805 -0.0957074836 -0.00404401493
v -0.0539202217 -0.0956395248 -0.00394273472
v -0.0537806038 -0.0954999069 -0.0152547188
v -0.0537806038 -0.0954999069 -0.00374528122
v -0.0539778618 -0.0886260895 -0.0174561758
v -0.0538777069 -0.0885259536 -0.0134392328
v -0.0539746193 -0.088622866 -0.00558740807
v -0.0538795952 -0.0885278228 -0.00153044415
v -0.0537811569 -0.0884294037 -0.0174805136
v -0.0537802032 -0.0884284309 -0.013461072
v -0.0538290313 -0.088477259 -0.00554924679
v -0.0537811569 -0.0884294037 -0.00151948643
v -0.0535622505 -0.0952815536 -0.0155376763
v -0.0536361984 -0.0953555015 -0.015445158
v -0.0537090019 -0.095428286 -0.00364916992
v -0.0535622505 -0.0952815536 -0.00346232128
v -0.0536826233 -0.088330851 -0.017489037
v -0.0536330703 -0.0882813171 -0.0134847803
v -0.0537312607 -0.0883794883 -0.00552981567
v -0.0536826233 -0.088330851 -0.00151096535
v -0.0535839752 -0.088232222 -0.0174951262
v -0.0535345939 -0.0881828216 -0.0134945173
v -0.0535838608 -0.0882320884 -0.0055097456
v -0.0535839752 -0.088232222 -0.00150487137
v -0.0533337311 -0.0950530342 -0.0158040853
v -0.0534109977 -0.0951303009 -0.0157171674
v -0.0534871772 -0.0952064804 -0.00337164593
v -0.0533337311 -0.0950530342 -0.00319591236
v -0.0532554153 -0.0949746994 -0.0158890839
v -0.0532554153 -0.0949746994 -0.00311091614
v -0.0533865646 -0.0880347923 -0.0174999995
v -0.0533865646 -0.0880347923 -0.013500001
v -0.0534359268 -0.0880841545 -0.0134993906
v -0.0534852699 -0.0881334976 -0.00550243568
v -0.0533865646 -0.0880347923 -0.00549999905
v -0.053485289 -0.0881335167 -0.0015012188
v -0.0533865646 -0.0880347923 -0.00149999809
v -0.0532878402 -0.0879360679 -0.0174987812
v -0.0532878593 -0.087936087 -0.0134975643
v -0.0533372024 -0.0879854301 -0.0055006094
v -0.0532878402 -0.0879360679 -0.0015012188
v -0.0530956749 -0.0948149589 -0.016053216
v -0.0531760505 -0.0948953346 -0.015972137
v -0.0531760505 -0.0948953346 -0.00302786541
v -0.0530956749 -0.0948149589 -0.00294678402
v -0.0530143074 -0.0947335914 -0.0161322994
v -0.0530143074 -0.0947335914 -0.00286770058
v -0.053189135 -0.0878373817 -0.0174951262
v -0.0531400398 -0.0877882866 -0.0134847803
v -0.0532385353 -0.087886763 -0.00550548267
v -0.053189135 -0.0878373817 -0.00150487137
v -0.053090506 -0.0877387336 -0.017489037
v -0.0530418686 -0.0876900963 -0.0134701843
v -0.0530909065 -0.0877391342 -0.00552191448
v -0.053090506 -0.0877387336 -0.00151096535
v -0.0528487114 -0.0945679954 -0.0162843843
v -0.0529319671 -0.0946512703 -0.0162093635
v -0.0529319671 -0.0946512703 -0.00279063416
v -0.0528487114 -0.0945679954 -0.00271561337
v -0.052764521 -0.0944838241 -0.016357338
v -0.052764521 -0.0944838241 -0.00264266205
v -0.0529919533 -0.0876402 -0.0174805136
v -0.0528954033 -0.08754365 -0.0134392328
v -0.052992926 -0.0876411537 -0.00553892803
v -0.0528935341 -0.0875417618 -0.00153044415
v -0.0527952675 -0.0874434952 -0.0174561758
v -0.0527503113 -0.0873985389 -0.013397481
v -0.0528468803 -0.087495108 -0.00557348919
v -0.0527952675 -0.0874434952 -0.0015438242
v -0.0525935272 -0.0943128303 -0.0164969583
v -0.0525830749 -0.0943023781 -0.0105352755
v -0.0526274971 -0.0943467811 -0.0102632351
v -0.0526519302 -0.0943712333 -0.0100566931
v -0.0526725677 -0.0943918709 -0.00977902603
v -0.0526794533 -0.0943987564 -0.0095
v -0.0526755813 -0.0943948845 -0.00929065418
v -0.052658377 -0.0943776802 -0.0090125246
v -0.0526364807 -0.0943557838 -0.00880540562
v -0.0525954345 -0.0943147377 -0.00853231144
v -0.0525410179 -0.094260321 -0.00826393318
v -0.0526794533 -0.0943987564 -0.00257179451
v -0.0525067619 -0.094226065 -0.0165635796
v -0.0525253586 -0.0942446617 -0.0108022709
v -0.0525088791 -0.0942281822 -0.00813192081
v -0.0525067619 -0.094226065 -0.00243642044
v -0.0526971725 -0.0873454002 -0.0174403687
v -0.0526069359 -0.0872551826 -0.013345048
v -0.0527023033 -0.087350531 -0.00561881733
v -0.0526971725 -0.0873454002 -0.00155963135
v -0.0525992874 -0.0872475151 -0.0174221439
v -0.0525125221 -0.0871607689 -0.0133042259
v -0.0525596145 -0.0872078422 -0.00567477894
v -0.0525016311 -0.0871498588 -0.00159849358
v -0.0523308281 -0.0940501312 -0.0166903515
v -0.0523931984 -0.0941125015 -0.0112534828
v -0.052454615 -0.0941739181 -0.0110629244
v -0.0524915985 -0.0942109016 -0.0109334726
v -0.0524734977 -0.0941928009 -0.00800157261
v -0.0524144462 -0.0941337494 -0.00780952644
v -0.0523005203 -0.0940198234 -0.00750000191
v -0.0524191955 -0.0941384796 -0.00237194729
v -0.0522754577 -0.0939947609 -0.0115601511
v -0.0522754577 -0.0939947609 -0.0074398489
v -0.052404261 -0.0870524887 -0.0173784609
v -0.0524191765 -0.0870674232 -0.013258769
v -0.0523729423 -0.08702117 -0.0132343216
v -0.0523729423 -0.08702117 -0.00576567841
v -0.0524657158 -0.0871139435 -0.00571792793
v -0.052404261 -0.0870524887 -0.00162153912
v -0.0523071769 -0.0869554237 -0.0173530169
v -0.0522814087 -0.0869296364 -0.0131820173
v -0.0523270134 -0.0869752411 -0.00579126549
v -0.0523071769 -0.0869554237 -0.00164698315
v -0.0520613388 -0.0937806419 -0.0168640394
v -0.0520491317 -0.0937684349 -0.0120172806
v -0.0521679405 -0.0938872436 -0.0117943068
v -0.0522496704 -0.0939689735 -0.0116196747
v -0.0521959022 -0.0939152054 -0.00726322842
v -0.0520798591 -0.0937991623 -0.00703735542
v -0.0520491317 -0.0937684349 -0.00698271942
v -0.0522417167 -0.0939610199 -0.00224953842
v -0.0520177368 -0.0937370208 -0.0120711489
v -0.0520177368 -0.0937370208 -0.00692885113
v -0.0522104362 -0.0868586639 -0.0173251815
v -0.0521024803 -0.086750708 -0.013064024
v -0.0522361282 -0.086884375 -0.00584582043
v -0.0521140388 -0.0867622856 -0.00170503807
v -0.052018042 -0.0866662697 -0.0172623653
v -0.0520586876 -0.0867069343 -0.0130317898
v -0.0520153145 -0.0866635421 -0.0129984779
v -0.0520153145 -0.0866635421 -0.00600152206
v -0.0520586876 -0.0867069343 -0.00596821022
v -0.052018042 -0.0866662697 -0.00173763466
v -0.0517857841 -0.0935050873 -0.0170175405
v -0.0518782715 -0.0935975555 -0.0169686432
v -0.0518856338 -0.093604937 -0.012278635
v -0.0519856743 -0.0937049774 -0.0121242352
v -0.0519196037 -0.0936389068 -0.00677200508
v -0.0518158249 -0.093535128 -0.00662264061
v -0.0519701294 -0.0936894325 -0.00208253098
v -0.0517857841 -0.0935050873 -0.00198245716
v -0.0517800049 -0.093499308 -0.012425415
v -0.0517800049 -0.093499308 -0.00657458496
v -0.0519224647 -0.0865706924 -0.017227406
v -0.0518877319 -0.0865359596 -0.0128921909
v -0.0519723419 -0.0866205887 -0.00603589725
v -0.0519224647 -0.0865706924 -0.00177259159
v -0.0518273262 -0.0864755539 -0.0171900935
v -0.0517642502 -0.0864124778 -0.0127766104
v -0.0518460945 -0.0864943222 -0.00614531708
v -0.0518273262 -0.0864755539 -0.0018099041
v -0.0515990928 -0.093318396 -0.0171084518
v -0.0517066482 -0.0934259514 -0.012518837
v -0.0517436126 -0.0934629158 -0.012472579
v -0.0517436126 -0.0934629158 -0.006527421
v -0.0515532211 -0.0932725242 -0.00630545807
v -0.0516927246 -0.0934120277 -0.0019358511
v -0.051504927 -0.0932242302 -0.0171504374
v -0.0515135292 -0.0932328323 -0.0127360697
v -0.0515135292 -0.0932328323 -0.00626393032
v -0.051504927 -0.0932242302 -0.00184956264
v -0.0517326645 -0.0863808922 -0.0171504374
v -0.0516065696 -0.0862548164 -0.0126085825
v -0.0517240623 -0.08637229 -0.00626393032
v -0.0516384987 -0.0862867264 -0.00189154816
v -0.0515448669 -0.0861930946 -0.0170641489
v -0.0515309433 -0.086179171 -0.012518837
v -0.0515684799 -0.0862167076 -0.00643582058
v -0.0515448669 -0.0861930946 -0.0019358511
v -0.0513151268 -0.0930344299 -0.017227406
v -0.0514733413 -0.0931926445 -0.0127766104
v -0.0513077835 -0.0930270675 -0.00607133102
v -0.0514102653 -0.0931295685 -0.0018099041
v -0.0512652496 -0.0929845337 -0.0129641027
v -0.0512652496 -0.0929845337 -0.00603589725
v -0.0514518074 -0.0861000351 -0.0170175405
v -0.05135932 -0.0860075668 -0.0169686432
v -0.0513519577 -0.0860001854 -0.012278635
v -0.0514939789 -0.0861422065 -0.006527421
v -0.05135932 -0.0860075668 -0.00203135681
v -0.0514518074 -0.0861000351 -0.00198245716
v -0.0512674621 -0.0859156898 -0.0169174714
v -0.0512519172 -0.0859001449 -0.0121242352
v -0.0513179878 -0.0859662155 -0.00677200508
v -0.0512674621 -0.0859156898 -0.00208253098
v -0.0511235527 -0.0928428367 -0.0172949595
v -0.0511788849 -0.092898188 -0.0130317898
v -0.051222277 -0.0929415802 -0.0129984779
v -0.051222277 -0.0929415802 -0.00600152206
v -0.0510463814 -0.0927656654 -0.00587476921
v -0.0512195495 -0.0929388527 -0.00173763466
v -0.0510271553 -0.0927464584 -0.0173251815
v -0.0510014442 -0.0927207473 -0.0131541796
v -0.0510014442 -0.0927207473 -0.00584582043
v -0.0510271553 -0.0927464584 -0.0016748209
v -0.0511762527 -0.0858244804 -0.0168640394
v -0.0511884598 -0.0858366874 -0.0120172806
v -0.0511276726 -0.0857759193 -0.0119072599
v -0.0511577324 -0.0858059601 -0.00703735542
v -0.0512198547 -0.0858681015 -0.00692885113
v -0.0511762527 -0.0858244804 -0.00213596058
v -0.0510857109 -0.0857339386 -0.0168083639
v -0.051069651 -0.0857178787 -0.0117943068
v -0.0510144523 -0.08566268 -0.0116785545
v -0.0510416893 -0.085689917 -0.00726322842
v -0.0510983185 -0.0857465461 -0.00714885902
v -0.0510857109 -0.0857339386 -0.00219163609
v -0.0508333305 -0.0925526336 -0.0173784609
v -0.050818415 -0.0925376991 -0.013258769
v -0.0509561828 -0.092675486 -0.0131820173
v -0.0508646492 -0.0925839523 -0.00576567841
v -0.050818415 -0.0925376991 -0.00574123096
v -0.0509304146 -0.0926496986 -0.00164698315
v -0.0507718757 -0.0924911789 -0.0132820721
v -0.0507718757 -0.0924911789 -0.00571792793
v -0.0509958748 -0.0856441025 -0.0167504616
v -0.0509067634 -0.0855549911 -0.0166903515
v -0.0509621338 -0.0856103615 -0.0115601511
v -0.050866423 -0.0855146507 -0.0113159628
v -0.0509370712 -0.0855852989 -0.00750000191
v -0.0509879211 -0.0856361488 -0.00738032532
v -0.0509067634 -0.0855549911 -0.00230964851
v -0.0509958748 -0.0856441025 -0.00224953842
v -0.050818396 -0.0854666427 -0.0166280527
v -0.0508443931 -0.0854926208 -0.0112534828
v -0.0507829765 -0.0854312042 -0.0110629244
v -0.0507640938 -0.0854123214 -0.0109984274
v -0.0507640938 -0.0854123214 -0.00800157261
v -0.0508231453 -0.085471373 -0.00780952644
v -0.0508443931 -0.0854926208 -0.00774651718
v -0.050818396 -0.0854666427 -0.00237194729
v -0.050540419 -0.0922597221 -0.0174403687
v -0.0507250694 -0.0924443535 -0.0133042259
v -0.0505352882 -0.0922545913 -0.00561881733
v -0.0507359604 -0.0924552635 -0.00159849358
v -0.0507308296 -0.0853790573 -0.0165635796
v -0.0506440643 -0.085292292 -0.0164969583
v -0.0507122329 -0.0853604606 -0.0108022709
v -0.0506545166 -0.0853027443 -0.0105352755
v -0.0506100944 -0.0852583412 -0.0102632351
v -0.050642157 -0.0852903846 -0.00853231144
v -0.0506965736 -0.0853448013 -0.00826393318
v -0.050745993 -0.0853942207 -0.00806652737
v -0.0506440643 -0.085292292 -0.00250304413
v -0.0507308296 -0.0853790573 -0.00243642044
v -0.0505581382 -0.0852063659 -0.0164282031
v -0.0505856613 -0.085233889 -0.0100566931
v -0.0505650238 -0.0852132515 -0.00977902603
v -0.0505581382 -0.0852063659 -0.0095
v -0.0505620102 -0.0852102379 -0.00929065418
v -0.0505792145 -0.0852274421 -0.0090125246
v -0.0506011108 -0.0852493385 -0.00880540562
v -0.0505581382 -0.0852063659 -0.00257179451
v -0.0503440574 -0.0920633606 -0.0174695582
v -0.0504872802 -0.0922065834 -0.013397481
v -0.0502934936 -0.0920127968 -0.00554924679
v -0.050442324 -0.0921616272 -0.0015438242
v -0.0504730705 -0.0851212982 -0.016357338
v -0.0503888801 -0.0850371269 -0.00271561337
v -0.0503056244 -0.0849538521 -0.0162093635
v -0.0503056244 -0.0849538521 -0.00279063416
v -0.0500484565 -0.0917677406 -0.0174951262
v -0.0502446655 -0.0919639686 -0.013461072
v -0.050048323 -0.0917676262 -0.0055097456
v -0.0502456382 -0.0919649223 -0.00151948643
v -0.0502232841 -0.0848715309 -0.0161322994
v -0.0501419166 -0.0847901634 -0.00294678402
v -0.050061541 -0.0847097877 -0.015972137
v -0.050061541 -0.0847097877 -0.00302786541
v -0.0498510269 -0.09157033 -0.0174999995
v -0.0498510269 -0.09157033 -0.013500001
v -0.0499990562 -0.0917183593 -0.0134945173
v -0.0499003891 -0.0916196922 -0.0055006094
v -0.0498510269 -0.09157033 -0.00549999905
v -0.0499497513 -0.0916690544 -0.0015012188
v -0.0498510269 -0.09157033 -0.00149999809
v -0.0497523025 -0.0914716057 -0.0174987812
v -0.0497523216 -0.0914716247 -0.0134975643
v -0.0497523216 -0.0914716247 -0.00550243568
v -0.0497523025 -0.0914716057 -0.0015012188
v -0.0499821762 -0.0846304229 -0.0158890839
v -0.0499038604 -0.0845520881 -0.00319591236
v -0.0498265938 -0.0844748214 -0.0157171674
v -0.0497504142 -0.0843986419 -0.00337164593
v -0.0495549682 -0.0912742714 -0.017489037
v -0.0497029976 -0.0914223007 -0.0134945173
v -0.0495553688 -0.0912746719 -0.00552191448
v -0.0496535972 -0.0913729004 -0.00150487137
v -0.0495063308 -0.091225634 -0.0134701843
v -0.0495063308 -0.091225634 -0.00552981567
v -0.049675341 -0.0843235687 -0.0155376763
v -0.049675341 -0.0843235687 -0.00346232128
v -0.0496013931 -0.0842496208 -0.015445158
v -0.0495285896 -0.0841768364 -0.00364916992
v -0.0493579963 -0.0910772995 -0.0174695582
v -0.0494573883 -0.0911766914 -0.013461072
v -0.0493113426 -0.0910306457 -0.00557348919
v -0.0494564346 -0.0911757187 -0.00151948643
v -0.0492597297 -0.0909790329 -0.0174561758
v -0.0492629722 -0.0909822563 -0.0134125919
v -0.0492629722 -0.0909822563 -0.00558740807
v -0.0492597297 -0.0909790329 -0.0015438242
v -0.0494569877 -0.0841052154 -0.0152547188
v -0.0493865684 -0.0840347961 -0.0151568551
v -0.0493865684 -0.0840347961 -0.00384314728
v -0.0494569877 -0.0841052154 -0.00374528122
v -0.0493173698 -0.0839655975 -0.0150572677
v -0.0493173698 -0.0839655975 -0.00394273472
v -0.0490637497 -0.0907830528 -0.0174221439
v -0.0492147735 -0.0909340767 -0.013397481
v -0.0490714172 -0.0907907013 -0.00565495205
v -0.0491616348 -0.0908809379 -0.00155963135
v -0.0490240768 -0.0907433799 -0.0133252211
v -0.0490240768 -0.0907433799 -0.00567477894
v -0.0492493919 -0.0838976387 -0.0149559875
v -0.0491172889 -0.0837655166 -0.0147484727
v -0.0491172889 -0.0837655166 -0.00425152969
v -0.0491826919 -0.0838309387 -0.00414695454
v -0.0490531639 -0.0837013916 -0.0146423001
v -0.0490531639 -0.0837013916 -0.00435769749
v -0.0488687233 -0.0905880264 -0.0173784609
v -0.0489770035 -0.0906962875 -0.0133042259
v -0.0488374046 -0.0905567077 -0.0132343216
v -0.0487914757 -0.0905107788 -0.00579126549
v -0.0488836578 -0.0906029419 -0.00574123096
v -0.0489660934 -0.0906853965 -0.00159849358
v -0.0487716583 -0.0904909424 -0.0173530169
v -0.0487716583 -0.0904909424 -0.00164698315
v -0.0489903549 -0.0836386017 -0.0145345635
v -0.0489289001 -0.0835771278 -0.0144252939
v -0.0488687996 -0.0835170273 -0.00468548012
v -0.0489903549 -0.0836386017 -0.00446543884
v -0.0488100723 -0.0834583 -0.014202282
v -0.0487527374 -0.0834009651 -0.00491138649
v -0.0485785202 -0.0902978042 -0.0172949595
v -0.0487458709 -0.0904651741 -0.0131820173
v -0.0485669426 -0.0902862457 -0.00593597603
v -0.0486748985 -0.0903942016 -0.0016748209
v -0.0485231689 -0.090242453 -0.0130317898
v -0.0485231689 -0.090242453 -0.00596821022
v -0.0486968139 -0.0833450416 -0.0139735432
v -0.048642321 -0.0832905487 -0.00514288616
v -0.0485892776 -0.0832375053 -0.0137393541
v -0.0485376838 -0.0831859306 -0.00537969303
v -0.0484825042 -0.0902018074 -0.0172623653
v -0.0482917885 -0.0900110916 -0.0171900935
v -0.0484797767 -0.0901990799 -0.0129984779
v -0.0483105568 -0.0900298599 -0.00614531708
v -0.048386927 -0.0901062301 -0.00177259159
v -0.0484825042 -0.0902018074 -0.00173763466
v -0.0482693962 -0.0899886993 -0.0128161497
v -0.0482693962 -0.0899886993 -0.00618385029
v -0.0484875778 -0.0831358055 -0.013500001
v -0.0484389595 -0.0830872062 -0.013378479
v -0.048391848 -0.0830400947 -0.0057442255
v -0.0484875778 -0.0831358055 -0.00549999905
v -0.0483462623 -0.0829945091 -0.0131319256
v -0.0482597069 -0.0829079345 -0.0128809471
v -0.0482597069 -0.0829079345 -0.00611905289
v -0.0483022217 -0.0829504493 -0.00599302959
v -0.0481029609 -0.0898222641 -0.0171084518
v -0.0482287124 -0.0899480156 -0.0127766104
v -0.0481885246 -0.0899078277 -0.0127360697
v -0.0480329422 -0.0897522453 -0.00643582058
v -0.0482287124 -0.0899480156 -0.00622338963
v -0.0481971267 -0.0899164299 -0.00184956264
v -0.0480093292 -0.0897286323 -0.0170641489
v -0.0480093292 -0.0897286323 -0.0019358511
v -0.0482187752 -0.0828670028 -0.0127538939
v -0.0481794075 -0.0828276352 -0.0126258488
v -0.0481416229 -0.0827898506 -0.0124968548
v -0.0481054405 -0.0827536682 -0.00663305473
v -0.0481794075 -0.0828276352 -0.00637415123
v -0.0482187752 -0.0828670028 -0.00624610615
v -0.0480708603 -0.082719088 -0.0122361631
v -0.0480065826 -0.0826548103 -0.0119721336
v -0.0480065826 -0.0826548103 -0.00702786636
v -0.0480379013 -0.082686129 -0.00689545345
v -0.0479162697 -0.0896355728 -0.0170175405
v -0.0478238014 -0.0895430855 -0.0169686432
v -0.0479954056 -0.0897147087 -0.012518837
v -0.0479584411 -0.0896777443 -0.012472579
v -0.0477824501 -0.0895017532 -0.0122279949
v -0.0477824501 -0.0895017532 -0.00677200508
v -0.04781642 -0.0895357231 -0.00672136497
v -0.0479954056 -0.0897147087 -0.00648116302
v -0.0478238014 -0.0895430855 -0.00203135681
v -0.0479162697 -0.0896355728 -0.00198245716
v -0.0479768852 -0.0826251129 -0.0118389721
v -0.0479488472 -0.0825970749 -0.0117051001
v -0.0478977493 -0.082545977 -0.0114353771
v -0.0478533272 -0.0825015548 -0.0111632938
v -0.0478533272 -0.0825015548 -0.00783670616
v -0.0478746895 -0.0825229171 -0.00770039272
v -0.0479224685 -0.0825706962 -0.00742944908
v -0.0479768852 -0.0826251129 -0.00716102791
v -0.0478336433 -0.082481871 -0.0110264702
v -0.047815657 -0.0824638847 -0.010889184
v -0.047784758 -0.0824329857 -0.0106133862
v -0.0477718643 -0.0824201111 -0.0104749556
v -0.0477512268 -0.0823994735 -0.0101972456
v -0.0477512268 -0.0823994735 -0.0088027544
v -0.0477606872 -0.082408934 -0.00866377068
v -0.047784758 -0.0824329857 -0.00838661385
v -0.0477993492 -0.0824475769 -0.00824852657
v -0.0478336433 -0.082481871 -0.00797352982
v -0.0475501732 -0.0892694763 -0.0168083639
v -0.0477490905 -0.0894683937 -0.0121765203
v -0.0476221946 -0.0893414978 -0.0119626446
v -0.0475341133 -0.0892534164 -0.00720569324
v -0.047652922 -0.0893722252 -0.00698271942
v -0.0477319244 -0.0894512275 -0.00208253098
v -0.0475061516 -0.0892254547 -0.0117367716
v -0.0475061516 -0.0892254547 -0.00726322842
v -0.0477434829 -0.0823917106 -0.0100580521
v -0.0477374557 -0.0823856834 -0.00991868687
v -0.0477305702 -0.0823787979 -0.00963961792
v -0.0477305702 -0.0823787979 -0.00936038208
v -0.0477331451 -0.0823813919 -0.00922080231
v -0.0477434829 -0.0823917106 -0.00894194794
v -0.047460337 -0.0891796402 -0.0167504616
v -0.0472828773 -0.0890021614 -0.0166280527
v -0.0474789146 -0.0891982177 -0.0116785545
v -0.0474015335 -0.0891208366 -0.0114999981
v -0.0472876075 -0.0890069107 -0.0111904736
v -0.0472876075 -0.0890069107 -0.00780952644
v -0.0473088554 -0.0890281585 -0.00774651718
v -0.047426596 -0.0891458992 -0.0074398489
v -0.0473712257 -0.0890905288 -0.00230964851
v -0.047460337 -0.0891796402 -0.00224953842
v -0.0472671226 -0.0889864258 -0.0111269445
v -0.0472671226 -0.0889864258 -0.00787305546
v -0.0471952919 -0.088914595 -0.0165635796
v -0.0471085266 -0.0888278297 -0.0164969583
v -0.0472474388 -0.0889667419 -0.0110629244
v -0.047228556 -0.0889478592 -0.0109984274
v -0.0471610359 -0.088880339 -0.0107360668
v -0.0471066192 -0.0888259224 -0.0104676886
v -0.0470655731 -0.0887848762 -0.0101945944
v -0.0470436767 -0.0887629799 -0.0099874754
v -0.047033358 -0.0887526611 -0.00915137482
v -0.0470501236 -0.0887694267 -0.00894330692
v -0.0470745758 -0.0887938598 -0.00873676491
v -0.0471189789 -0.088838282 -0.00846472454
v -0.0471766952 -0.0888959984 -0.00819772911
v -0.0472474388 -0.0889667419 -0.00793707561
v -0.0471085266 -0.0888278297 -0.00250304413
v -0.0471952919 -0.088914595 -0.00243642044
v -0.0470226005 -0.0887419037 -0.0164282031
v -0.0470294861 -0.0887487892 -0.00977902603
v -0.0470264724 -0.0887457756 -0.00970934582
v -0.0470230392 -0.0887423233 -0.00943019104
v -0.0470294861 -0.0887487892 -0.00922097397
v -0.0470226005 -0.0887419037 -0.00257179451
v -0.0468533615 -0.0885726455 -0.0162843843
v -0.0469375328 -0.0886568359 -0.00264266205
v -0.0467700866 -0.0884893898 -0.0162093635
v -0.0467700866 -0.0884893898 -0.00279063416
v -0.046606398 -0.088325682 -0.016053216
v -0.0466877464 -0.0884070495 -0.00286770058
v -0.0465260032 -0.0882453064 -0.015972137
v -0.0465260032 -0.0882453064 -0.00302786541
v -0.0463683227 -0.0880876259 -0.0158040853
v -0.046291056 -0.0880103592 -0.0157171674
v -0.046291056 -0.0880103592 -0.00328283024
v -0.0464466575 -0.0881659416 -0.00311091614
v -0.0461398033 -0.0878591064 -0.0155376763
v -0.0460658554 -0.0877851585 -0.015445158
v -0.0460658554 -0.0877851585 -0.003554842
v -0.0462148765 -0.0879341797 -0.00337164593
v -0.04592145 -0.0876407531 -0.0152547188
v -0.0457818321 -0.0875011352 -0.0150572677
v -0.0458510307 -0.0875703338 -0.00384314728
v -0.045993071 -0.087712355 -0.00364916992
v -0.0456471733 -0.0873664573 -0.0148530455
v -0.0455817512 -0.0873010544 -0.0147484727
v -0.0455817512 -0.0873010544 -0.00425152969
v -0.0457138733 -0.0874331764 -0.00404401493
v -0.0455176262 -0.0872369293 -0.0146423001
v -0.0455176262 -0.0872369293 -0.00435769749
v -0.0454548172 -0.0871741203 -0.0145345635
v -0.0453332618 -0.087052565 -0.0143145199
v -0.0453933624 -0.0871126655 -0.00457470608
v -0.0454548172 -0.0871741203 -0.00446543884
v -0.0452745346 -0.0869938377 -0.014202282
v -0.0452745346 -0.0869938377 -0.00479771805
v -0.0452171997 -0.0869365028 -0.0140886135
v -0.0451067833 -0.0868260864 -0.0138571138
v -0.0450537399 -0.086773043 -0.0137393541
v -0.0450537399 -0.086773043 -0.00526064587
v -0.0451612762 -0.0868805793 -0.00502645683
v -0.0452171997 -0.0869365028 -0.00491138649
v -0.0450021652 -0.0867214493 -0.013620307
v -0.0450021652 -0.0867214493 -0.00537969303
v -0.0449520401 -0.0866713432 -0.013500001
v -0.0448563293 -0.0865756134 -0.0132557745
v -0.0448107246 -0.0865300277 -0.0131319256
v -0.0448107246 -0.0865300277 -0.00586807442
v -0.0449034408 -0.0866227249 -0.005621521
v -0.0449520401 -0.0866713432 -0.00549999905
v -0.0447666839 -0.0864859871 -0.0130069704
v -0.0447666839 -0.0864859871 -0.00599302959
v -0.0446832374 -0.0864025406 -0.0127538939
v -0.0446438698 -0.0863631729 -0.0126258488
v -0.0445699028 -0.0862892059 -0.0123669453
v -0.0445353225 -0.0862546257 -0.0122361631
v -0.0445353225 -0.0862546257 -0.00676383686
v -0.0446060852 -0.0863253883 -0.00650314522
v -0.0446438698 -0.0863631729 -0.00637415123
v -0.0447241691 -0.0864434723 -0.00611905289
v -0.0445023636 -0.0862216667 -0.0121045465
v -0.0445023636 -0.0862216667 -0.00689545345
v -0.0444413475 -0.0861606506 -0.0118389721
v -0.0443869308 -0.086106234 -0.0115705509
v -0.0443391517 -0.0860584549 -0.0112996073
v -0.0442981056 -0.0860174087 -0.0110264702
v -0.0443177894 -0.0860370926 -0.00783670616
v -0.0443622116 -0.0860815147 -0.00756462288
v -0.0444133095 -0.0861326126 -0.00729489994
v -0.0444710449 -0.086190348 -0.00702786636
v -0.0442638115 -0.0859831146 -0.0107514734
v -0.0442801193 -0.0859994224 -0.008110816
v -0.0442492202 -0.0859685234 -0.0106133862
v -0.0442251686 -0.0859444717 -0.0103362293
v -0.0442079452 -0.0859272484 -0.0100580521
v -0.0441976265 -0.0859169105 -0.00977919769
v -0.0441941742 -0.0859134773 -0.0095
v -0.0441950325 -0.0859143356 -0.00936038208
v -0.044201918 -0.0859212211 -0.00908131313
v -0.0442157081 -0.0859349922 -0.0088027544
v -0.0442363456 -0.0859556488 -0.00852504444
v -0.0442492202 -0.0859685234 -0.00838661385
v -0.0632734588 -0.0965074829 -0.0101803656
v -0.0632804588 -0.0965144829 -0.00995369148
v -0.063284655 -0.096518679 -0.00972687912
v -0.063284655 -0.096518679 -0.00927312088
v -0.0632804588 -0.0965144829 -0.00904630852
v -0.0632734588 -0.0965074829 -0.00881963444
v -0.0632510856 -0.0964850906 -0.0106330223
v -0.0632636741 -0.0964976791 -0.0104068346
v -0.0632636741 -0.0964976791 -0.0085931654
v -0.0632510856 -0.0964850906 -0.00836697769
v -0.0630504516 -0.0962844757 -0.012424366
v -0.0630851845 -0.0963192085 -0.0122028513
v -0.0631171707 -0.0963511947 -0.0119805164
v -0.0631728843 -0.0964069084 -0.0115336485
v -0.0631965927 -0.0964306167 -0.0113092489
v -0.0632175354 -0.0964515594 -0.011084301
v -0.0632356933 -0.0964697174 -0.0108588715
v -0.0632356933 -0.0964697174 -0.00814112854
v -0.0632175354 -0.0964515594 -0.00791569901
v -0.0631965927 -0.0964306167 -0.00769075108
v -0.0631728843 -0.0964069084 -0.00746635151
v -0.0631464103 -0.0963804153 -0.00724257183
v -0.0630851845 -0.0963192085 -0.0067971487
v -0.0630504516 -0.0962844757 -0.006575634
v -0.0630130104 -0.0962470154 -0.0126449842
v -0.0630130104 -0.0962470154 -0.00635501575
v -0.0627852348 -0.0960192589 -0.0137323875
v -0.0628843979 -0.0961184028 -0.0133008308
v -0.0629299644 -0.0961639694 -0.0130832834
v -0.0629728416 -0.0962068466 -0.0128646488
v -0.0629728416 -0.0962068466 -0.00613535118
v -0.0629299644 -0.0961639694 -0.00591671658
v -0.0628843979 -0.0961184028 -0.00569916916
v -0.0628361419 -0.096070166 -0.00548278046
v -0.062510424 -0.0971586708 -0.011084301
v -0.062528601 -0.0971768287 -0.0108588715
v -0.0625439743 -0.097192202 -0.0106330223
v -0.0625565628 -0.0972047905 -0.0104068346
v -0.0625663475 -0.0972145752 -0.0101803656
v -0.0625733474 -0.0972215751 -0.00995369148
v -0.0625789551 -0.0972271827 -0.0095
v -0.0625775436 -0.0972257904 -0.00927312088
v -0.0625733474 -0.0972215751 -0.00904630852
v -0.0625663475 -0.0972145752 -0.00881963444
v -0.0625565628 -0.0972047905 -0.0085931654
v -0.0625439743 -0.097192202 -0.00836697769
v -0.062528601 -0.0971768287 -0.00814112854
v -0.062510424 -0.0971586708 -0.00791569901
v -0.0625553039 -0.095789328 -0.0145795054
v -0.0626167015 -0.0958507255 -0.0143698854
v -0.062675505 -0.0959095291 -0.0141587849
v -0.0627316955 -0.0959657005 -0.0139462633
v -0.0627316955 -0.0959657005 -0.00505373669
v -0.062675505 -0.0959095291 -0.00484121513
v -0.0626167015 -0.0958507255 -0.00463011456
v -0.0625553039 -0.095789328 -0.00442049694
v -0.0623780731 -0.0970263008 -0.0122028513
v -0.062439299 -0.0970875267 -0.0117574282
v -0.062465773 -0.0971140007 -0.0115336485
v -0.0624894813 -0.0971377281 -0.0113092489
v -0.0624894813 -0.0971377281 -0.00769075108
v -0.062465773 -0.0971140007 -0.00746635151
v -0.0624100593 -0.097058287 -0.00701948357
v -0.0623780731 -0.0970263008 -0.0067971487
v -0.0622657303 -0.096913958 -0.0128646488
v -0.062305899 -0.0969541267 -0.0126449842
v -0.0623433593 -0.096991587 -0.012424366
v -0.0623433593 -0.096991587 -0.006575634
v -0.062305899 -0.0969541267 -0.00635501575
v -0.0622657303 -0.096913958 -0.00613535118
v -0.0622841552 -0.0955181602 -0.0154018755
v -0.062355738 -0.095589743 -0.0151988239
v -0.0624248031 -0.0956588272 -0.0149940367
v -0.0624913315 -0.0957253555 -0.00421242428
v -0.062355738 -0.095589743 -0.00380117607
v -0.0622841552 -0.0955181602 -0.0035981245
v -0.0621290497 -0.0967772773 -0.0135172195
v -0.0621772865 -0.0968255142 -0.0133008308
v -0.0622228531 -0.0968710808 -0.0130832834
v -0.0622228531 -0.0968710808 -0.00591671658
v -0.0621772865 -0.0968255142 -0.00569916916
v -0.0621290497 -0.0967772773 -0.00548278046
v -0.0620245842 -0.0966728119 -0.0139462633
v -0.0620781425 -0.0967263702 -0.0137323875
v -0.0620781425 -0.0967263702 -0.00526761246
v -0.0620245842 -0.0966728119 -0.00505373669
v -0.0620545105 -0.0952885345 -0.016000001
v -0.0621335129 -0.0953675369 -0.015802526
v -0.0622100738 -0.0954440788 -0.0156031294
v -0.0622100738 -0.0954440788 -0.00339687061
v -0.0621335129 -0.0953675369 -0.00319747639
v -0.0620545105 -0.0952885345 -0.00299999905
v -0.0619095901 -0.0965578369 -0.0143698854
v -0.0619683937 -0.0966166214 -0.0141587849
v -0.0619683937 -0.0966166214 -0.00484121513
v -0.0619095901 -0.0965578369 -0.00463011456
v -0.0617842201 -0.0964324669 -0.0147875757
v -0.0618481926 -0.0964964393 -0.0145795054
v -0.0618481926 -0.0964964393 -0.00442049694
v -0.0617842201 -0.0964324669 -0.00421242428
v -0.0618030456 -0.0950370697 -0.016580307
v -0.0618892578 -0.0951232818 -0.0163889499
v -0.0619730858 -0.0952071098 -0.0161954947
v -0.0619730858 -0.0952071098 -0.00280450535
v -0.0618892578 -0.0951232818 -0.00261104774
v -0.0618030456 -0.0950370697 -0.00241969299
v -0.0616486267 -0.0962968544 -0.0151988239
v -0.0617176918 -0.0963659195 -0.0149940367
v -0.0617176918 -0.0963659195 -0.00400596333
v -0.0616486267 -0.0962968544 -0.00380117607
v -0.0615029625 -0.0961511902 -0.0156031294
v -0.0615770439 -0.0962252716 -0.0154018755
v -0.0615770439 -0.0962252716 -0.0035981245
v -0.0615029625 -0.0961511902 -0.00339687061
v -0.0615304664 -0.0947644905 -0.0171412082
v -0.0616236404 -0.0948576454 -0.0169564934
v -0.0617145065 -0.0949485306 -0.00223049355
v -0.0615304664 -0.0947644905 -0.00185878944
v -0.0614264015 -0.0960746292 -0.015802526
v -0.0614264015 -0.0960746292 -0.00319747639
v -0.0613473991 -0.0959956268 -0.016000001
v -0.0612659744 -0.0959142021 -0.00280450535
v -0.0613373665 -0.0945713905 -0.0175035996
v -0.0614350418 -0.0946690468 -0.017323596
v -0.0614350418 -0.0946690468 -0.001676404
v -0.0613373665 -0.0945713905 -0.00149640274
v -0.0611821464 -0.0958303741 -0.0163889499
v -0.0611821464 -0.0958303741 -0.00261104774
v -0.0610073951 -0.0956556228 -0.0167695088
v -0.0610959533 -0.095744181 -0.016580307
v -0.0610959533 -0.095744181 -0.00241969299
v -0.0610073951 -0.0956556228 -0.00223049355
v -0.0610312561 -0.0942652801 -0.0180287666
v -0.0611354545 -0.0943694595 -0.0178562398
v -0.0612374977 -0.0944715217 -0.0176811643
v -0.0612374977 -0.0944715217 -0.00131883335
v -0.0611354545 -0.0943694595 -0.00114376259
v -0.0610312561 -0.0942652801 -0.000971233368
v -0.0609165291 -0.0955647567 -0.0169564934
v -0.0609165291 -0.0955647567 -0.00204350662
v -0.0608233551 -0.0954716018 -0.0171412082
v -0.0608233551 -0.0954716018 -0.00185878944
v -0.0608165649 -0.0940505699 -0.0183659787
v -0.0609249405 -0.0941589645 -0.0181986971
v -0.0609249405 -0.0941589645 -0.00080130291
v -0.0608165649 -0.0940505699 -0.000634023666
v -0.0606302551 -0.0952785019 -0.0175035996
v -0.0607279304 -0.0953761581 -0.017323596
v -0.0607279304 -0.0953761581 -0.001676404
v -0.0606302551 -0.0952785019 -0.00149640274
v -0.0605303863 -0.095178614 -0.0176811643
v -0.0605303863 -0.095178614 -0.00131883335
v -0.0605936722 -0.0938276962 -0.0186923881
v -0.0607061104 -0.0939401344 -0.000469443321
v -0.0604283432 -0.0950765709 -0.0178562398
v -0.0604283432 -0.0950765709 -0.00114376259
v -0.0603241447 -0.0949723724 -0.0180287666
v -0.0603241447 -0.0949723724 -0.000971233368
v -0.0603628639 -0.0935968879 -0.0190075989
v -0.0604792312 -0.0937132553 -0.018851418
v -0.0604792312 -0.0937132553 -0.000148584366
v -0.0603628639 -0.0935968879 7.59887695e-06
v -0.0601094536 -0.0947576812 -0.0183659787
v -0.0602178291 -0.0948660759 -0.0181986971
v -0.0602178291 -0.0948660759 -0.00080130291
v -0.0601094536 -0.0947576812 -0.000634023666
v -0.0601244262 -0.0933584312 -0.0193112249
v -0.0602445701 -0.0934785942 -0.0191608829
v -0.0602445701 -0.0934785942 0.00016088295
v -0.0601244262 -0.0933584312 0.000311224937
v -0.0600024132 -0.0932364372 -0.0194585772
v -0.0600024132 -0.0932364372 0.000458577156
v -0.0599990181 -0.0946472458 -0.0185305591
v -0.0598865608 -0.0945347885 -0.000307609558
v -0.059772139 -0.0944203666 -0.018851418
v -0.059772139 -0.0944203666 -0.000148584366
v -0.0598786262 -0.0931126503 -0.0196028967
v -0.0598786262 -0.0931126503 0.00060289669
v -0.0597530655 -0.0929870895 -0.0197441406
v -0.0597530655 -0.0929870895 0.000744140625
v -0.0596557525 -0.0943039802 -0.0190075989
v -0.0596557525 -0.0943039802 7.59887695e-06
v -0.0595374778 -0.0941857055 -0.0191608829
v -0.0595374778 -0.0941857055 0.00016088295
v -0.0596257881 -0.0928598121 -0.0198822613
v -0.0596257881 -0.0928598121 0.000882261276
v -0.0594173149 -0.0940655426 -0.0193112249
v -0.0594173149 -0.0940655426 0.000311224937
v -0.0592953209 -0.0939435486 -0.0194585772
v -0.0592953209 -0.0939435486 0.000458577156
v -0.0593661979 -0.092600222 -0.0201489778
v -0.0594968132 -0.0927308372 0.0010172205
v -0.0591715149 -0.0938197426 -0.0196028967
v -0.0591715149 -0.0938197426 0.00060289669
v -0.0590459541 -0.0936942009 -0.0197441406
v -0.0590459541 -0.0936942009 0.000744140625
v -0.0591001991 -0.0923342231 -0.0204027171
v -0.0592339805 -0.0924680046 0.00127748775
v -0.0589186767 -0.0935669044 -0.0198822613
v -0.0589186767 -0.0935669044 0.000882261276
v -0.0587897209 -0.0934379486 -0.0200172205
v -0.0587897209 -0.0934379486 0.0010172205
v -0.0588280967 -0.0920621208 -0.0206431742
v -0.0589648918 -0.0921989158 0.00152462292
v -0.0586591057 -0.0933073333 -0.0201489778
v -0.0586591057 -0.0933073333 0.00114897537
v -0.0585268882 -0.0931751159 -0.0202774878
v -0.0585268882 -0.0931751159 0.00127748775
v -0.0585502342 -0.0917842392 -0.0208700557
v -0.0585533432 -0.0917873481 -0.0110724945
v -0.0585894302 -0.0918234352 -0.010851428
v -0.0586332802 -0.0918673042 -0.0105168219
v -0.0586555961 -0.0918896202 -0.0102921505
v -0.0586723808 -0.0919063858 -0.0100665112
v -0.0586835579 -0.0919175819 -0.00984018517
v -0.0586898712 -0.0919238762 -0.0095
v -0.0586870674 -0.0919210724 -0.00927315426
v -0.0586786751 -0.09191268 -0.00904658508
v -0.0586646751 -0.0918986992 -0.00882056427
v -0.0586451248 -0.0918791488 -0.00859537315
v -0.0586054138 -0.0918394378 -0.00825974178
v -0.0585720543 -0.0918060783 -0.008037817
v -0.0585332588 -0.0917672638 -0.00781767559
v -0.0586898712 -0.0919238762 0.00175833035
v -0.0585118202 -0.0917458252 -0.0112916441
v -0.0585118202 -0.0917458252 -0.0077083559
v -0.0583930877 -0.0930413345 -0.0204027171
v -0.0583930877 -0.0930413345 0.0014027195
v -0.0582577804 -0.0929060272 -0.0205246253
v -0.0582577804 -0.0929060272 0.00152462292
v -0.0582669166 -0.0915009407 -0.0210830851
v -0.058409243 -0.091643248 -0.0209783192
v -0.0583244804 -0.0915585045 -0.0120397539
v -0.058384581 -0.091618605 -0.0118293924
v -0.0584649185 -0.0916989235 -0.0115086098
v -0.0584890274 -0.0917230514 -0.0114004154
v -0.0584890274 -0.0917230514 -0.00759958458
v -0.0584126762 -0.0916467003 -0.00727687073
v -0.0583551887 -0.0915892128 -0.00706505489
v -0.0582924942 -0.0915265182 -0.00685620975
v -0.058409243 -0.091643248 0.00197831917
v -0.0582669166 -0.0915009407 0.00208308506
v -0.05825923 -0.0914932541 -0.0122470207
v -0.05825923 -0.0914932541 -0.00675297928
v -0.0581209854 -0.0927692322 -0.0206431742
v -0.0581209854 -0.0927692322 0.00164317417
v -0.0581233505 -0.0913573745 -0.0211843224
v -0.0580333809 -0.0912673858 -0.0128477497
v -0.0581518654 -0.0913858894 -0.0125515671
v -0.058224707 -0.091458712 -0.012349412
v -0.0581889061 -0.0914229301 -0.00654905987
v -0.0580740837 -0.0913081077 -0.00625000191
v -0.0580333809 -0.0912673858 -0.00615225029
v -0.0581233505 -0.0913573745 0.00218432236
v -0.0579827598 -0.0926309875 -0.0207583303
v -0.057864962 -0.0925131897 -0.010962183
v -0.0578983024 -0.0925465492 -0.0107402582
v -0.0579380325 -0.0925862602 -0.0104046268
v -0.0579575828 -0.0926058105 -0.0101794357
v -0.0579715637 -0.0926197914 -0.00995341492
v -0.057979956 -0.0926281837 -0.00972684574
v -0.0579820541 -0.0926302818 -0.00938656044
v -0.0579764656 -0.0926246933 -0.00915981483
v -0.0579652694 -0.0926134971 -0.00893348885
v -0.0579485038 -0.0925967315 -0.0087078495
v -0.0579261688 -0.0925743965 -0.00848317814
v -0.0578823189 -0.0925305465 -0.00814857197
v -0.0579827598 -0.0926309875 0.00175833035
v -0.0578431228 -0.0924913505 -0.0208700557
v -0.0577578071 -0.0924060348 -0.0115086098
v -0.057781916 -0.0924301628 -0.0114004154
v -0.0578261474 -0.0924743751 -0.0111823244
v -0.0578462318 -0.0924944595 -0.00792750549
v -0.0578047088 -0.0924529365 -0.0077083559
v -0.0577578071 -0.0924060348 -0.00749139023
v -0.0578431228 -0.0924913505 0.00187005806
v -0.0578325561 -0.0910665611 -0.021376092
v -0.0578120712 -0.0910460952 -0.0133206053
v -0.0579483703 -0.0911823753 -0.0130401535
v -0.0579914573 -0.0912254814 -0.0129444761
v -0.0579914573 -0.0912254814 -0.00605552387
v -0.0578586487 -0.0910926727 -0.00577175331
v -0.0578120712 -0.0910460952 -0.00567939472
v -0.0579785446 -0.0912125496 0.00228200245
v -0.0577643493 -0.0909983734 -0.0134117956
v -0.0577643493 -0.0909983734 -0.00558820438
v -0.0577021316 -0.0923503593 -0.0209783192
v -0.0576173881 -0.0922656158 -0.0120397539
v -0.0576480774 -0.0922963051 -0.0119349451
v -0.0577055649 -0.0923538116 -0.0117231293
v -0.057732344 -0.0923805717 -0.00738380623
v -0.0576774696 -0.0923257164 -0.00717060757
v -0.0576173881 -0.0922656158 -0.00696024609
v -0.0577021316 -0.0923503593 0.00197831917
v -0.0575598243 -0.092208052 -0.0210830851
v -0.0575175956 -0.0921658233 -0.012349412
v -0.0575521377 -0.0922003654 -0.0122470207
v -0.0575854019 -0.0922336296 -0.00685620975
v -0.0575175956 -0.0921658233 -0.00665058804
v -0.0575598243 -0.092208052 0.00208308506
v -0.0575372032 -0.0907712082 -0.0215533895
v -0.0576854233 -0.0909194473 -0.0214665623
v -0.0575624565 -0.0907964805 -0.0137643833
v -0.0577155212 -0.0909495453 -0.0135017986
v -0.0576145653 -0.0908485702 -0.00532188129
v -0.0575624565 -0.0907964805 -0.00523561668
v -0.0576854233 -0.0909194473 0.00246656227
v -0.0575372032 -0.0907712082 0.00255338955
v -0.0575092987 -0.0907433227 -0.0138493509
v -0.0575092987 -0.0907433227 -0.00515064907
v -0.0574162391 -0.0920644668 -0.0211843224
v -0.0573669914 -0.0920152191 -0.0127499981
v -0.0574817947 -0.0921300415 -0.0124509401
v -0.0574817947 -0.0921300415 -0.00654905987
v -0.057444754 -0.0920930008 -0.00644843292
v -0.0574162391 -0.0920644668 0.00218432236
v -0.0572714332 -0.0919196609 -0.0212820001
v -0.0572843651 -0.0919325927 -0.0129444761
v -0.0573262695 -0.0919744972 -0.00615225029
v -0.0572714332 -0.0919196609 0.00228200245
v -0.0573879341 -0.0906219391 -0.0216365452
v -0.0573998932 -0.0906339172 -0.0140152807
v -0.0574551109 -0.090689135 -0.0139329882
v -0.0574551109 -0.090689135 -0.00506701183
v -0.0572864441 -0.0905204681 -0.00482429218
v -0.0573879341 -0.0906219391 0.00263654518
v -0.0571254448 -0.0917736725 -0.021376092
v -0.0571049598 -0.0917531875 -0.0133206053
v -0.0571515373 -0.0917997841 -0.0132282467
v -0.057241259 -0.0918894867 -0.0059598465
v -0.0571049598 -0.0917531875 -0.00567939472
v -0.0571254448 -0.0917736725 0.00237609196
v -0.0570084099 -0.0916566375 -0.0135017986
v -0.057057238 -0.0917054847 -0.0134117956
v -0.057057238 -0.0917054847 -0.00558820438
v -0.0570084099 -0.0916566375 -0.00549820137
v -0.0570864204 -0.0903204445 -0.0217917414
v -0.0572376541 -0.0904716781 -0.0217160029
v -0.0572282699 -0.0904622749 -0.0142537994
v -0.0570480446 -0.0902820686 -0.00452070904
v -0.0572376541 -0.0904716781 0.00271600533
v -0.0570864204 -0.0903204445 0.00279174137
v -0.0569783119 -0.0916265396 -0.0214665623
v -0.0568553451 -0.0915035919 -0.0137643833
v -0.0569074539 -0.0915556816 -0.0136781187
v -0.0569584755 -0.0916067032 -0.00540941906
v -0.0568553451 -0.0915035919 -0.00523561668
v -0.0569783119 -0.0916265396 0.00246656227
v -0.0568300918 -0.0914783195 -0.0215533895
v -0.0568022064 -0.0914504341 -0.0138493509
v -0.0568022064 -0.0914504341 -0.00515064907
v -0.0568300918 -0.0914783195 0.00255338955
v -0.0567812637 -0.0900152878 -0.0219319625
v -0.0567952446 -0.0900292686 -0.0147586102
v -0.0569861511 -0.0902201751 -0.0145514483
v -0.056859732 -0.090093737 -0.00430886936
v -0.0567952446 -0.0900292686 -0.00424138737
v -0.0569342712 -0.0901682953 0.00286373425
v -0.0566808227 -0.0913290504 -0.0216365452
v -0.0566365532 -0.0912847999 -0.0140961952
v -0.0567479995 -0.0913962463 -0.0139329882
v -0.0567479995 -0.0913962463 -0.00506701183
v -0.0566927818 -0.0913410286 -0.00498471928
v -0.0566808227 -0.0913290504 0.00263654518
v -0.0565305427 -0.0911787704 -0.0217160029
v -0.0565211586 -0.0911693863 -0.0142537994
v -0.0565793518 -0.0912275795 -0.0141757078
v -0.0565793518 -0.0912275795 -0.00482429218
v -0.0565211586 -0.0911693863 -0.00474620056
v -0.0565305427 -0.0911787704 0.00271600533
v -0.056627436 -0.0898614601 -0.0219964023
v -0.0565292839 -0.0897633079 -0.0150123115
v -0.056729937 -0.089963961 -0.0148244877
v -0.0565969375 -0.0898309616 -0.00404864025
v -0.0565292839 -0.0897633079 -0.00398768616
v -0.056627436 -0.0898614601 0.00299639988
v -0.0563793091 -0.0910275367 -0.0217917414
v -0.0564019302 -0.091050177 -0.0144056101
v -0.0564620117 -0.0911102394 -0.00466955853
v -0.0563793091 -0.0910275367 0.00279174137
v -0.0562790397 -0.0909272674 -0.0145514483
v -0.0563409332 -0.09098918 -0.014479291
v -0.0563409332 -0.09098918 -0.00452070904
v -0.0562790397 -0.0909272674 -0.00444854927
v -0.056317511 -0.089551535 -0.0221138449
v -0.0564608864 -0.0896949104 -0.0150715871
v -0.0563219551 -0.0895559601 -0.00381497097
v -0.0564728264 -0.0897068504 0.00305703449
v -0.0562514595 -0.0894854645 -0.0152391596
v -0.0562514595 -0.0894854645 -0.00376084042
v -0.0562271599 -0.0908754066 -0.0218637342
v -0.0561526207 -0.0908008484 -0.0146911306
v -0.0562162689 -0.0908644966 -0.00437792969
v -0.0562271599 -0.0908754066 0.00286373425
v -0.0560741523 -0.09072238 -0.0219319625
v -0.0560228256 -0.0906710724 -0.0148244877
v -0.0560881332 -0.0907363609 -0.00424138737
v -0.0560741523 -0.09072238 0.00293196011
v -0.0561615089 -0.089395533 -0.0221668119
v -0.0561802963 -0.0894143203 -0.0152915425
v -0.0560361007 -0.0892701248 -0.00360900116
v -0.0561615089 -0.089395533 0.00316681194
v -0.0560048774 -0.0892389015 -0.022215919
v -0.0560048774 -0.0892389015 0.00321591663
v -0.0559203247 -0.0905685524 -0.0219964023
v -0.0558898262 -0.0905380539 -0.0149513597
v -0.0559567169 -0.0906049446 -0.00411125374
v -0.0559203247 -0.0905685524 0.00299639988
v -0.0557657341 -0.0904139618 -0.0220570369
v -0.055753775 -0.0904020027 -0.0150715871
v -0.0558221725 -0.0904704002 -0.00398768616
v -0.0557657341 -0.0904139618 0.00305703449
v -0.0558476547 -0.0890816787 -0.0222611542
v -0.0558154396 -0.0890494446 -0.0155266948
v -0.0559631065 -0.0891971306 -0.015438046
v -0.0558895401 -0.0891235641 -0.00351671886
v -0.0558154396 -0.0890494446 -0.00347330284
v -0.0558476547 -0.0890816787 0.00326115417
v -0.0556103996 -0.0902586273 -0.0221138449
v -0.0556148437 -0.0902630714 -0.015185029
v -0.0556846527 -0.0903328994 -0.00387083721
v -0.0556103996 -0.0902586273 0.00311384487
v -0.0555443481 -0.0901925758 -0.0152391596
v -0.0555443481 -0.0901925758 -0.00376084042
v -0.0555316833 -0.0887656883 -0.0223399491
v -0.055740805 -0.08897481 -0.0155682726
v -0.0555900482 -0.0888240532 -0.00335412693
v -0.055689917 -0.0889239219 0.00330250072
v -0.0555139641 -0.0887479881 -0.0156818671
v -0.0555139641 -0.0887479881 -0.00331813049
v -0.0554543976 -0.0901026252 -0.0221668119
v -0.0554013923 -0.0900496391 -0.0153421612
v -0.0554731849 -0.0901214317 -0.00370845985
v -0.0554543976 -0.0901026252 0.00316681194
v -0.0552977661 -0.0899459938 -0.022215919
v -0.0552559952 -0.0899042419 -0.015438046
v -0.0553289894 -0.0899772361 -0.00360900116
v -0.0552977661 -0.0899459938 0.00321591663
v -0.055373011 -0.088607016 -0.0223734851
v -0.0552832512 -0.0885172752 -0.0157785172
v -0.0554374603 -0.0886714843 -0.0157159801
v -0.055360556 -0.088594561 -0.00325179768
v -0.0552832512 -0.0885172752 -0.00322148037
v -0.055373011 -0.088607016 0.0033734827
v -0.0551405433 -0.0897887901 -0.0222611542
v -0.0551083282 -0.0897565559 -0.0155266948
v -0.0551824287 -0.0898306755 -0.0154832811
v -0.0551824287 -0.0898306755 -0.00351671886
v -0.0551083282 -0.0897565559 -0.00347330284
v -0.0551405433 -0.0897887901 0.00326115417
v -0.0550336937 -0.0896819214 -0.0155682726
v -0.0550336937 -0.0896819214 -0.00343172741
v -0.055054541 -0.088288546 -0.0224287839
v -0.0552055839 -0.088439608 -0.0158069224
v -0.0550492767 -0.0882832817 -0.0031420393
v -0.0552139381 -0.0884479622 0.00340309906
v -0.0549828056 -0.0896310333 -0.0223025007
v -0.0548829368 -0.0895311645 -0.0156458707
v -0.0549585441 -0.0896067909 -0.00339199734
v -0.0549828056 -0.0896310333 0.00330250072
v -0.054824572 -0.0894727997 -0.0223399491
v -0.0548068718 -0.0894550995 -0.0156818671
v -0.0548068718 -0.0894550995 -0.00331813049
v -0.054824572 -0.0894727997 0.00333994675
v -0.0548948387 -0.0881288627 -0.0224505301
v -0.0549706558 -0.0882046798 -0.0158805771
v -0.0548126701 -0.0880466942 -0.00308002663
v -0.0548948387 -0.0881288627 0.00345053005
v -0.0546658996 -0.0893141273 -0.0223734851
v -0.0546534446 -0.0893016723 -0.0157481999
v -0.054730368 -0.0893785957 -0.00328401756
v -0.0546658996 -0.0893141273 0.0033734827
v -0.0545068268 -0.0891550735 -0.0224030991
v -0.0545761398 -0.0892243675 -0.0157785172
v -0.0545761398 -0.0892243675 -0.00322148037
v -0.0545068268 -0.0891550735 0.00340309906
v -0.0545747665 -0.0878087715 -0.0224821849
v -0.0547333435 -0.0879673485 -0.0159367414
v -0.0545740989 -0.087808123 -0.00303560925
v -0.0547348884 -0.0879689125 0.00346833038
v -0.0544204811 -0.0890687088 -0.015833406
v -0.0544984726 -0.0891467193 -0.00319307995
v -0.0543474296 -0.0889956573 -0.0224287839
v -0.0542635635 -0.0889117912 -0.0158805771
v -0.0543421653 -0.088990393 -0.0031420393
v -0.0543474296 -0.0889956573 0.00342878628
v -0.0544144729 -0.087648497 -0.0224920816
v -0.0544942573 -0.0877282814 -0.015975265
v -0.0543342117 -0.0875682358 -0.00300890636
v -0.0544144729 -0.087648497 0.00349208164
v -0.0542541031 -0.087488108 -0.0224980206
v -0.0542540649 -0.087488089 -0.0159960408
v -0.0542540649 -0.087488089 -0.00300396156
v -0.0542541031 -0.087488108 0.00349801826
v -0.0541877273 -0.088835955 -0.0224505301
v -0.0541055588 -0.0887538055 -0.0159199734
v -0.0541846756 -0.0888329223 -0.00309874725
v -0.0541877273 -0.088835955 0.00345053005
v -0.0540277961 -0.0886760238 -0.0224683328
v -0.0540262321 -0.0886744598 -0.0159367414
v -0.0540262321 -0.0886744598 -0.00306325626
v -0.0540277961 -0.0886760238 0.00346833038
v -0.054093676 -0.0873276809 -0.0224999995
v -0.054093676 -0.0873276809 -0.016000001
v -0.05417388 -0.087407904 -0.0159990091
v -0.05417388 -0.087407904 -0.00300099087
v -0.054093676 -0.0873276809 -0.00299999905
v -0.054093676 -0.0873276809 0.00350000191
v -0.0540134529 -0.0872474769 -0.0159990091
v -0.0540134529 -0.0872474769 -0.00300099087
v -0.0538676552 -0.0885158828 -0.0224821849
v -0.0538669876 -0.0885152343 -0.0159643931
v -0.0539466957 -0.0885949234 -0.00304845047
v -0.0538676552 -0.0885158828 0.0034821825
v -0.053787146 -0.0884353737 -0.015975265
v -0.053787146 -0.0884353737 -0.00302473259
v -0.0537728599 -0.087006884 -0.0224920816
v -0.0539332679 -0.087167292 -0.0159960408
v -0.0537730507 -0.0870070747 -0.00301583481
v -0.0539332489 -0.0871672538 0.00349801826
v -0.0537073806 -0.0883556083 -0.0224920816
v -0.0536271003 -0.0882753471 -0.0159910913
v -0.0537071708 -0.0883554176 -0.00301583481
v -0.0537073806 -0.0883556083 0.00349208164
v -0.0535469917 -0.0881952194 -0.0224980206
v -0.0535469726 -0.0881952003 -0.0159960408
v -0.0535469726 -0.0881952003 -0.00300396156
v -0.0535469917 -0.0881952194 0.00349801826
v -0.0536125854 -0.0868465904 -0.0224821849
v -0.0536930755 -0.0869270996 -0.015975265
v -0.0535335258 -0.0867675499 -0.00304845047
v -0.0536125854 -0.0868465904 0.0034821825
v -0.0533865646 -0.0880347923 -0.0224999995
v -0.0533865646 -0.0880347923 -0.016000001
v -0.0534667686 -0.0881150154 -0.0159990091
v -0.0534667686 -0.0881150154 -0.00300099087
v -0.0533865646 -0.0880347923 -0.00299999905
v -0.0533865646 -0.0880347923 0.00350000191
v -0.0533063415 -0.0879545883 -0.0159990091
v -0.0533063415 -0.0879545883 -0.00300099087
v -0.0532924942 -0.0865265182 -0.0224505301
v -0.0534540085 -0.0866880134 -0.0159367414
v -0.0532955459 -0.08652957 -0.00309874725
v -0.0534524444 -0.0866864494 0.00346833038
v -0.0532261375 -0.0878743652 -0.0224980206
v -0.0531460098 -0.0877942566 -0.0159910913
v -0.0532261566 -0.0878743843 -0.00300396156
v -0.0532261375 -0.0878743652 0.00349801826
v -0.0530657486 -0.0877139763 -0.0224920816
v -0.0530659393 -0.0877141861 -0.0159841652
v -0.0530659393 -0.0877141861 -0.00301583481
v -0.0530657486 -0.0877139763 0.00349208164
v -0.0531328109 -0.0863668159 -0.0224287839
v -0.0532166771 -0.0864507011 -0.0158805771
v -0.0530597595 -0.0862937645 -0.00316659641
v -0.0531328109 -0.0863668159 0.00342878628
v -0.0529054741 -0.0875537018 -0.0224821849
v -0.0529061226 -0.0875543693 -0.0159643931
v -0.0529859832 -0.0876342109 -0.00302473259
v -0.0529054741 -0.0875537018 0.0034821825
v -0.0528264335 -0.0874746612 -0.0159515495
v -0.0528264335 -0.0874746612 -0.00304845047
v -0.0528143409 -0.0860483459 -0.0223734851
v -0.0529817489 -0.086215773 -0.0158069224
v -0.0528267769 -0.0860608009 -0.0157481999
v -0.0528267769 -0.0860608009 -0.00325179768
v -0.0529040817 -0.0861381057 -0.00322148037
v -0.0529733947 -0.0862074188 0.00340309906
v -0.0527453331 -0.0873935608 -0.0224683328
v -0.0526675514 -0.0873157982 -0.0159199734
v -0.0527468971 -0.0873951248 -0.00306325626
v -0.0527453331 -0.0873935608 0.00346833038
v -0.0525854019 -0.0872336296 -0.0224505301
v -0.0525095657 -0.0871577934 -0.0158805771
v -0.0525884346 -0.0872366813 -0.00309874725
v -0.0525854019 -0.0872336296 0.00345053005
v -0.0526556686 -0.0858896736 -0.0223399491
v -0.0527498726 -0.0859838966 -0.0157159801
v -0.0525216774 -0.0857557014 -0.00339199734
v -0.0526556686 -0.0858896736 0.00333994675
v -0.0524256996 -0.0870739273 -0.0224287839
v -0.0523526481 -0.0870008758 -0.015833406
v -0.0524309639 -0.0870791916 -0.0031420393
v -0.0524256996 -0.0870739273 0.00342878628
v -0.0522662834 -0.0869145302 -0.0224030991
v -0.0522746376 -0.0869228653 -0.0158069224
v -0.0522746376 -0.0869228653 -0.00319307995
v -0.0522662834 -0.0869145302 0.00340309906
v -0.0523396782 -0.0855737022 -0.0222611542
v -0.0524465469 -0.0856805519 -0.0155682726
v -0.0522977928 -0.0855318168 -0.0154832811
v -0.0522977928 -0.0855318168 -0.00351671886
v -0.0523719124 -0.0856059173 -0.00347330284
v -0.052497435 -0.0857314399 0.00330250072
v -0.0521072296 -0.0867554573 -0.0223734851
v -0.0521969703 -0.0868452171 -0.0157785172
v -0.0521196846 -0.0867679123 -0.0157481999
v -0.0521196846 -0.0867679123 -0.00325179768
v -0.0521969703 -0.0868452171 -0.00322148037
v -0.0521072296 -0.0867554573 0.0033734827
v -0.0520427612 -0.0866909889 -0.0157159801
v -0.0520427612 -0.0866909889 -0.00328401756
v -0.0520258239 -0.085259848 -0.0221668119
v -0.0522242264 -0.0854582504 -0.015438046
v -0.0520788292 -0.0853128532 -0.00365783882
v -0.0521824554 -0.0854164795 0.00321591663
v -0.0520070366 -0.0852410606 -0.0152915425
v -0.0520070366 -0.0852410606 -0.00370845985
v -0.0519485573 -0.0865967849 -0.0223399491
v -0.0518901924 -0.0865384201 -0.0156458707
v -0.0519662575 -0.0866144851 -0.00331813049
v -0.0519485573 -0.0865967849 0.00333994675
v -0.0517903236 -0.0864385513 -0.0223025007
v -0.051814566 -0.0864628128 -0.0156080027
v -0.051814566 -0.0864628128 -0.00339199734
v -0.0517903236 -0.0864385513 0.00330250072
v -0.0518698219 -0.085103846 -0.0221138449
v -0.0519358925 -0.0851698974 -0.0152391596
v -0.0517955688 -0.0850295929 -0.00387083721
v -0.0518698219 -0.085103846 0.00311384487
v -0.0516325668 -0.0862807945 -0.0222611542
v -0.051664801 -0.0863130287 -0.0155266948
v -0.0517394356 -0.0863876632 -0.00343172741
v -0.0516325668 -0.0862807945 0.00326115417
v -0.051517115 -0.0861653618 -0.015438046
v -0.0515906814 -0.0862389091 -0.00351671886
v -0.0517145065 -0.0849485306 -0.0220570369
v -0.0515598968 -0.0847939209 -0.0219964023
v -0.0517264465 -0.0849604706 -0.0150715871
v -0.0515903953 -0.0848244194 -0.0149513597
v -0.0515235046 -0.0847575287 -0.00411125374
v -0.051658049 -0.084892073 -0.00398768616
v -0.0515598968 -0.0847939209 0.00299639988
v -0.0517145065 -0.0849485306 0.00305703449
v -0.0514753631 -0.0861235908 -0.022215919
v -0.0513717178 -0.0860199646 -0.0153421612
v -0.0514441208 -0.0860923675 -0.00360900116
v -0.0514753631 -0.0861235908 0.00321591663
v -0.0513187317 -0.0859669594 -0.0221668119
v -0.0512999252 -0.085948172 -0.0152915425
v -0.0512999252 -0.085948172 -0.00370845985
v -0.0513187317 -0.0859669594 0.00316681194
v -0.0514060692 -0.0846400932 -0.0219319625
v -0.0514573959 -0.08469142 -0.0148244877
v -0.0513276008 -0.0845616249 -0.0146911306
v -0.0513276008 -0.0845616249 -0.00430886936
v -0.0513920883 -0.0846261123 -0.00424138737
v -0.0514060692 -0.0846400932 0.00293196011
v -0.0512530616 -0.0844870857 -0.0218637342
v -0.0512639717 -0.0844979957 -0.0146220703
v -0.0512639717 -0.0844979957 -0.00437792969
v -0.0512530616 -0.0844870857 0.00286373425
v -0.0511627296 -0.0858109573 -0.0221138449
v -0.0511582855 -0.0858065132 -0.015185029
v -0.0512287811 -0.0858770088 -0.00376084042
v -0.0511627296 -0.0858109573 0.00311384487
v -0.0510073951 -0.0856556228 -0.0220570369
v -0.0510193542 -0.0856675819 -0.0150715871
v -0.0510884575 -0.0857367042 -0.00387083721
v -0.0510073951 -0.0856556228 0.00305703449
v -0.0511009124 -0.0843349365 -0.0217917414
v -0.0512011818 -0.0844352058 -0.0145514483
v -0.0511392883 -0.0843733124 -0.014479291
v -0.0510182098 -0.0842522339 -0.00466955853
v -0.0512011818 -0.0844352058 -0.00444854927
v -0.0511009124 -0.0843349365 0.00279174137
v -0.0508528045 -0.0855010322 -0.0219964023
v -0.0509509567 -0.0855991844 -0.0150123115
v -0.050883303 -0.0855315307 -0.0149513597
v -0.050883303 -0.0855315307 -0.00404864025
v -0.0509509567 -0.0855991844 -0.00398768616
v -0.0508528045 -0.0855010322 0.00299639988
v -0.0507502845 -0.0853985313 -0.0148244877
v -0.0508164123 -0.08546464 -0.00411125374
v -0.0507994179 -0.0840334228 -0.0216365452
v -0.0509590629 -0.084193087 -0.0142537994
v -0.0509008888 -0.0841348938 -0.0141757078
v -0.0507874397 -0.0840214637 -0.00498471928
v -0.0509590629 -0.084193087 -0.00474620056
v -0.0509496788 -0.0841837028 0.00271600533
v -0.0506989769 -0.0853472046 -0.0219319625
v -0.050684996 -0.0853332237 -0.0147586102
v -0.0506205085 -0.0852687362 -0.0146911306
v -0.0506205085 -0.0852687362 -0.00430886936
v -0.050684996 -0.0853332237 -0.00424138737
v -0.0506989769 -0.0853472046 0.00293196011
v -0.0505459503 -0.0851941971 -0.0218637342
v -0.0505568603 -0.085205088 -0.0146220703
v -0.0505568603 -0.085205088 -0.00437792969
v -0.0505459503 -0.0851941971 0.00286373425
v -0.0506501487 -0.0838841537 -0.0215533895
v -0.050732222 -0.083966246 -0.0139329882
v -0.0505727867 -0.0838067917 -0.0136781187
v -0.050521746 -0.0837557701 -0.00540941906
v -0.0506248764 -0.0838589004 -0.00523561668
v -0.0506501487 -0.0838841537 0.00255338955
v -0.0505019096 -0.0837359337 -0.0214665623
v -0.0505019096 -0.0837359337 0.00246656227
v -0.0503938202 -0.0850420479 -0.0217917414
v -0.0504940895 -0.0851423172 -0.0145514483
v -0.0503711799 -0.0850194267 -0.0144056101
v -0.0504321769 -0.0850804237 -0.00452070904
v -0.0504940895 -0.0851423172 -0.00444854927
v -0.0503938202 -0.0850420479 0.00279174137
v -0.0502519706 -0.0849001983 -0.0142537994
v -0.0503110985 -0.0849593452 -0.00466955853
v -0.0503547958 -0.0835888008 -0.021376092
v -0.0504718116 -0.0837058357 -0.0135017986
v -0.0504229835 -0.0836570076 -0.0134117956
v -0.0503286842 -0.0835627083 -0.0132282467
v -0.0502832512 -0.0835172752 -0.00586524677
v -0.0503752617 -0.0836092857 -0.00567939472
v -0.0504718116 -0.0837058357 -0.00549820137
v -0.0503547958 -0.0835888008 0.00237609196
v -0.0502425865 -0.0848908142 -0.0217160029
v -0.050136557 -0.0847848037 -0.0140961952
v -0.0501937774 -0.0848420051 -0.00482429218
v -0.0502425865 -0.0848908142 0.00271600533
v -0.0500923065 -0.0847405342 -0.0216365452
v -0.0500803283 -0.0847285751 -0.0140152807
v -0.0500251106 -0.0846733574 -0.0139329882
v -0.0500251106 -0.0846733574 -0.00506701183
v -0.0500803283 -0.0847285751 -0.00498471928
v -0.0500923065 -0.0847405342 0.00263654518
v -0.0502087883 -0.0834428123 -0.0212820001
v -0.0500639824 -0.0832980064 -0.0211843224
v -0.0502389816 -0.0834729866 -0.0130401535
v -0.0501958755 -0.0834298996 -0.0129444761
v -0.0501132492 -0.0833472732 -0.0127499981
v -0.0500354675 -0.0832694916 -0.00644843292
v -0.050153952 -0.083387976 -0.00615225029
v -0.0502389816 -0.0834729866 -0.0059598465
v -0.0500639824 -0.0832980064 0.00218432236
v -0.0502087883 -0.0834428123 0.00228200245
v -0.0499430374 -0.0845912651 -0.0215533895
v -0.049917765 -0.0845660118 -0.0137643833
v -0.0498656753 -0.084513903 -0.0136781187
v -0.0498656753 -0.084513903 -0.00532188129
v -0.0499709228 -0.0846191505 -0.00515064907
v -0.0499430374 -0.0845912651 0.00255338955
v -0.0497948173 -0.084443045 -0.0214665623
v -0.0497647194 -0.0844129471 -0.0135017986
v -0.0498146538 -0.0844628814 -0.00540941906
v -0.0497948173 -0.084443045 0.00246656227
v -0.0499204162 -0.0831544212 -0.0210830851
v -0.049778109 -0.0830121139 -0.0209783192
v -0.0499984268 -0.0832324508 -0.0124509401
v -0.0499281028 -0.0831621269 -0.0122470207
v -0.0498321441 -0.0830661682 -0.0119349451
v -0.0497746567 -0.0830086807 -0.0117231293
v -0.0497746567 -0.0830086807 -0.00727687073
v -0.0498027519 -0.0830367759 -0.00717060757
v -0.0498628525 -0.0830968765 -0.00696024609
v -0.0499626449 -0.0831966499 -0.00665058804
v -0.049778109 -0.0830121139 0.00197831917
v -0.0499204162 -0.0831544212 0.00208308506
v -0.0496476845 -0.0842959121 -0.021376092
v -0.0496681694 -0.0843163971 -0.0133206053
v -0.0496215728 -0.0842698196 -0.0132282467
v -0.0496215728 -0.0842698196 -0.00577175331
v -0.0497158722 -0.0843641189 -0.00558820438
v -0.0496476845 -0.0842959121 0.00237609196
v -0.049501696 -0.0841499237 -0.0212820001
v -0.0495318702 -0.0841800979 -0.0130401535
v -0.0495761398 -0.0842243675 -0.00586524677
v -0.049501696 -0.0841499237 0.00228200245
v -0.0496371177 -0.0828711227 -0.0208700557
v -0.0497478775 -0.0829819015 -0.0116161938
v -0.0496983055 -0.0829323295 -0.0114004154
v -0.0496540931 -0.0828880981 -0.0111823244
v -0.0496152786 -0.0828493026 -0.010962183
v -0.0495819191 -0.0828159431 -0.0107402582
v -0.0495422081 -0.0827762321 -0.0104046268
v -0.0495226577 -0.0827566627 -0.0101794357
v -0.0495226577 -0.0827566627 -0.00882056427
v -0.0495317367 -0.0827657608 -0.0087078495
v -0.0495540527 -0.0827880768 -0.00848317814
v -0.0495979217 -0.0828319267 -0.00814857197
v -0.0496340088 -0.0828680137 -0.00792750549
v -0.0496755317 -0.0829095367 -0.0077083559
v -0.0497224334 -0.0829564384 -0.00749139023
v -0.0496371177 -0.0828711227 0.00187005806
v -0.0495149711 -0.0827489761 -0.0100665112
v -0.0495086769 -0.0827426819 -0.00995341492
v -0.0495002655 -0.0827342895 -0.00972684574
v -0.0495002655 -0.0827342895 -0.00927315426
v -0.049503775 -0.082737799 -0.00915981483
v -0.0495149711 -0.0827489761 -0.00893348885
v -0.0493568901 -0.0840051178 -0.0211843224
v -0.0494468597 -0.0840950874 -0.0128477497
v -0.0493666366 -0.0840148643 -0.0126512642
v -0.0494061378 -0.0840543655 -0.00625000191
v -0.0494887642 -0.0841369919 -0.00605552387
v -0.0493568901 -0.0840051178 0.00218432236
v -0.0493283561 -0.0839766029 -0.0125515671
v -0.0492555336 -0.0839037613 -0.012349412
v -0.0492913154 -0.0839395622 -0.00654905987
v -0.0493283561 -0.0839766029 -0.00644843292
v -0.0494974807 -0.0827314857 -0.0207583303
v -0.0493592361 -0.0825932602 -0.0206431742
v -0.0494981674 -0.0827321914 -0.00961343956
v -0.0494981674 -0.0827321914 -0.00938656044
v -0.0493592361 -0.0825932602 0.00164317417
v -0.0494974807 -0.0827314857 0.00175833035
v -0.0492133049 -0.0838615326 -0.0210830851
v -0.0491557411 -0.0838039688 -0.0120397539
v -0.0491250519 -0.0837732795 -0.0119349451
v -0.0491250519 -0.0837732795 -0.00706505489
v -0.0492209915 -0.0838692192 -0.00675297928
v -0.0492133049 -0.0838615326 0.00208308506
v -0.0490709976 -0.0837192253 -0.0209783192
v -0.0490956405 -0.0837438682 -0.0118293924
v -0.0490153221 -0.0836635498 -0.0115086098
v -0.0490675453 -0.0837157921 -0.00727687073
v -0.0490956405 -0.0837438682 -0.00717060757
v -0.0490709976 -0.0837192253 0.00197831917
v -0.0492224411 -0.0824564651 -0.0205246253
v -0.0490871338 -0.0823211578 -0.0204027171
v -0.0490871338 -0.0823211578 0.0014027195
v -0.0492224411 -0.0824564651 0.00152462292
v -0.0489300064 -0.0835782341 -0.0208700557
v -0.0489684204 -0.0836166481 -0.0112916441
v -0.0489268974 -0.0835751251 -0.0110724945
v -0.0488908104 -0.0835390381 -0.010851428
v -0.0488601974 -0.0835084251 -0.0106287117
v -0.0488748077 -0.0835230545 -0.00825974178
v -0.0489081672 -0.0835563949 -0.008037817
v -0.0489469818 -0.0835952095 -0.00781767559
v -0.0489911941 -0.0836394409 -0.00759958458
v -0.0489300064 -0.0835782341 0.00187005806
v -0.0487903694 -0.0834385971 -0.0207583303
v -0.0488469604 -0.0834951881 -0.0105168219
v -0.0488246254 -0.0834728531 -0.0102921505
v -0.0488078598 -0.0834560875 -0.0100665112
v -0.0487966636 -0.0834448913 -0.00984018517
v -0.0487903694 -0.0834385971 -0.0095
v -0.0487931732 -0.0834414009 -0.00927315426
v -0.0488015655 -0.0834497932 -0.00904658508
v -0.0488155464 -0.0834637741 -0.00882056427
v -0.0488350967 -0.0834833244 -0.00859537315
v -0.0488469604 -0.0834951881 -0.00848317814
v -0.0487903694 -0.0834385971 0.00175833035
v -0.0489533523 -0.0821873764 -0.0202774878
v -0.0488211349 -0.082055159 -0.0201489778
v -0.0488211349 -0.082055159 0.00114897537
v -0.0489533523 -0.0821873764 0.00127748775
v -0.0486521248 -0.0833003715 -0.0206431742
v -0.0486521248 -0.0833003715 0.00164317417
v -0.0485153297 -0.0831635765 -0.0205246253
v -0.0485153297 -0.0831635765 0.00152462292
v -0.0486905197 -0.0819245437 -0.0200172205
v -0.0485615448 -0.0817955688 -0.0198822613
v -0.0485615448 -0.0817955688 0.000882261276
v -0.0486905197 -0.0819245437 0.0010172205
v -0.0483800224 -0.0830282692 -0.0204027171
v -0.0483800224 -0.0830282692 0.0014027195
v -0.0483087066 -0.0815427307 -0.0196028967
v -0.0484342674 -0.0816682914 0.000744140625
v -0.048246241 -0.0828944687 -0.0202774878
v -0.0481140236 -0.0827622513 -0.0201489778
v -0.0481140236 -0.0827622513 0.00114897537
v -0.048246241 -0.0828944687 0.00127748775
v -0.0480629257 -0.0812969307 -0.0193112249
v -0.0481849197 -0.0814189438 0.000458577156
v -0.0479834083 -0.082631636 -0.0200172205
v -0.0478544525 -0.0825026802 -0.0198822613
v -0.0478544525 -0.0825026802 0.000882261276
v -0.0479834083 -0.082631636 0.0010172205
v -0.047824469 -0.081058493 -0.0190075989
v -0.0479427627 -0.0811767868 0.00016088295
v -0.047727156 -0.0823754028 -0.0197441406
v -0.047727156 -0.0823754028 0.000744140625
v -0.0476015953 -0.082249842 -0.0196028967
v -0.0476015953 -0.082249842 0.00060289669
v -0.0477081016 -0.0809421257 -0.018851418
v -0.0475936607 -0.0808276848 -0.0186923881
v -0.0475936607 -0.0808276848 -0.000307609558
v -0.0477081016 -0.0809421257 -0.000148584366
v -0.0474778084 -0.082126036 -0.0194585772
v -0.0473558143 -0.082004042 0.000311224937
v -0.0474812225 -0.0807152275 -0.0185305591
v -0.047370787 -0.080604792 -0.0183659787
v -0.047370787 -0.080604792 -0.000634023666
v -0.0474812225 -0.0807152275 -0.000469443321
v -0.0472623924 -0.0804964164 -0.0181986971
v -0.0472623924 -0.0804964164 -0.00080130291
v -0.0472356514 -0.0818838791 -0.0191608829
v -0.0471173767 -0.0817656044 7.59887695e-06
v -0.0470009903 -0.081649218 -0.018851418
v -0.0470009903 -0.081649218 -0.000148584366
v -0.0471560768 -0.0803901008 -0.0180287666
v -0.0470518974 -0.0802859024 -0.0178562398
v -0.0470518974 -0.0802859024 -0.00114376259
v -0.0471560768 -0.0803901008 -0.000971233368
v -0.0468865684 -0.0815347961 -0.0186923881
v -0.0468865684 -0.0815347961 -0.000307609558
v -0.0467741111 -0.0814223388 -0.0185305591
v -0.0467741111 -0.0814223388 -0.000469443321
v -0.0468499664 -0.0800839905 -0.0175035996
v -0.0469498352 -0.0801838592 -0.00131883335
v -0.0467523102 -0.0799863151 -0.017323596
v -0.0467523102 -0.0799863151 -0.001676404
v -0.0466636757 -0.0813119034 -0.0183659787
v -0.0466636757 -0.0813119034 -0.000634023666
v -0.046555281 -0.0812035278 -0.0181986971
v -0.046555281 -0.0812035278 -0.00080130291
v -0.0466568664 -0.0798908905 -0.0171412082
v -0.0465637115 -0.0797977165 -0.0169564934
v -0.0465637115 -0.0797977165 -0.00204350662
v -0.0466568664 -0.0798908905 -0.00185878944
v -0.0464489845 -0.0810972122 -0.0180287666
v -0.0464489845 -0.0810972122 -0.000971233368
v -0.046344786 -0.0809930137 -0.0178562398
v -0.046344786 -0.0809930137 -0.00114376259
v -0.0464728264 -0.0797068504 -0.0167695088
v -0.0463842872 -0.0796183113 -0.016580307
v -0.0462980751 -0.0795320991 -0.0163889499
v -0.0462980751 -0.0795320991 -0.00261104774
v -0.0463842872 -0.0796183113 -0.00241969299
v -0.0464728264 -0.0797068504 -0.00223049355
v -0.0462427429 -0.0808909706 -0.0176811643
v -0.046142855 -0.0807911018 -0.00149640274
v -0.0460451988 -0.0806934265 -0.017323596
v -0.0460451988 -0.0806934265 -0.001676404
v -0.0461328224 -0.0793668464 -0.016000001
v -0.04605382 -0.0792878441 -0.015802526
v -0.04605382 -0.0792878441 -0.00319747639
v -0.0462142471 -0.0794482712 -0.00280450535
v -0.0459497551 -0.0805980018 -0.0171412082
v -0.0458566002 -0.0805048279 -0.0169564934
v -0.0458566002 -0.0805048279 -0.00204350662
v -0.0459497551 -0.0805980018 -0.00185878944
v -0.0457657341 -0.0804139618 -0.0167695088
v -0.0457657341 -0.0804139618 -0.00223049355
v -0.0459772781 -0.0792112831 -0.0156031294
v -0.0459031967 -0.0791372017 -0.0154018755
v -0.0458316139 -0.0790656189 -0.0151988239
v -0.0458316139 -0.0790656189 -0.00380117607
v -0.0459031967 -0.0791372017 -0.0035981245
v -0.0459772781 -0.0792112831 -0.00339687061
v -0.0457625297 -0.0789965538 -0.0149940367
v -0.0457625297 -0.0789965538 -0.00400596333
v -0.0456771759 -0.0803254036 -0.016580307
v -0.0456771759 -0.0803254036 -0.00241969299
v -0.0455909828 -0.0802392105 -0.0163889499
v -0.0455071548 -0.0801553825 -0.0161954947
v -0.0455071548 -0.0801553825 -0.00280450535
v -0.0455909828 -0.0802392105 -0.00261104774
v -0.0456960014 -0.0789300255 -0.0147875757
v -0.0456320289 -0.078866053 -0.0145795054
v -0.0455706314 -0.0788046554 -0.0143698854
v -0.0455706314 -0.0788046554 -0.00463011456
v -0.0456320289 -0.078866053 -0.00442049694
v -0.0456960014 -0.0789300255 -0.00421242428
v -0.0455118278 -0.0787458519 -0.0141587849
v -0.0455118278 -0.0787458519 -0.00484121513
v -0.045425711 -0.0800739578 -0.016000001
v -0.045425711 -0.0800739578 -0.00299999905
v -0.0453467087 -0.0799949554 -0.015802526
v -0.0452701668 -0.0799183944 -0.0156031294
v -0.0452701668 -0.0799183944 -0.00339687061
v -0.0453467087 -0.0799949554 -0.00319747639
v -0.0454556564 -0.0786896614 -0.0139462633
v -0.0453511909 -0.078585215 -0.0135172195
v -0.045302935 -0.078536959 -0.0133008308
v -0.045302935 -0.078536959 -0.00569916916
v -0.0454020981 -0.0786361221 -0.00526761246
v -0.0454556564 -0.0786896614 -0.00505373669
v -0.0452573875 -0.0784913925 -0.0130832834
v -0.0452573875 -0.0784913925 -0.00591671658
v -0.0451960853 -0.079844313 -0.0154018755
v -0.0451245025 -0.0797727302 -0.0151988239
v -0.0451245025 -0.0797727302 -0.00380117607
v -0.0451960853 -0.079844313 -0.0035981245
v -0.0450554374 -0.0797036651 -0.0149940367
v -0.0450554374 -0.0797036651 -0.00400596333
v -0.0452145103 -0.0784485153 -0.0128646488
v -0.0451743416 -0.0784083465 -0.0126449842
v -0.0451368812 -0.0783709053 -0.012424366
v -0.0451021484 -0.0783361725 -0.0122028513
v -0.0450409416 -0.0782749466 -0.0117574282
v -0.0450701622 -0.0783041862 -0.00701948357
v -0.0451021484 -0.0783361725 -0.0067971487
v -0.0451368812 -0.0783709053 -0.006575634
v -0.0451743416 -0.0784083465 -0.00635501575
v -0.0452145103 -0.0784485153 -0.00613535118
v -0.0450144485 -0.0782484726 -0.0115336485
v -0.0450144485 -0.0782484726 -0.00746635151
v -0.04498889 -0.0796371368 -0.0147875757
v -0.0449249176 -0.0795731643 -0.0145795054
v -0.04486352 -0.0795117668 -0.0143698854
v -0.04486352 -0.0795117668 -0.00463011456
v -0.0449249176 -0.0795731643 -0.00442049694
v -0.04498889 -0.0796371368 -0.00421242428
v -0.0448047355 -0.0794529632 -0.0141587849
v -0.0448047355 -0.0794529632 -0.00484121513
v -0.0449907402 -0.0782247642 -0.0113092489
v -0.0449697975 -0.0782038215 -0.011084301
v -0.0449516395 -0.0781856636 -0.0108588715
v -0.0449362663 -0.0781702713 -0.0106330223
v -0.0449236778 -0.0781576828 -0.0104068346
v -0.044913874 -0.0781478981 -0.0101803656
v -0.0449068741 -0.0781408981 -0.00995369148
v -0.0449012855 -0.0781352905 -0.0095
v -0.0449026779 -0.0781367019 -0.00927312088
v -0.0449068741 -0.0781408981 -0.00904630852
v -0.044913874 -0.0781478981 -0.00881963444
v -0.0449236778 -0.0781576828 -0.0085931654
v -0.0449362663 -0.0781702713 -0.00836697769
v -0.0449516395 -0.0781856636 -0.00814112854
v -0.0449697975 -0.0782038215 -0.00791569901
v -0.0449907402 -0.0782247642 -0.00769075108
v -0.044748545 -0.0793967727 -0.0139462633
v -0.0446949867 -0.0793432144 -0.0137323875
v -0.0446440796 -0.0792923073 -0.00548278046
v -0.044748545 -0.0793967727 -0.00505373669
v -0.0445958427 -0.0792440704 -0.0133008308
v -0.0445502762 -0.0791985038 -0.0130832834
v -0.044507399 -0.0791556267 -0.0128646488
v -0.044507399 -0.0791556267 -0.00613535118
v -0.0445502762 -0.0791985038 -0.00591671658
v -0.0445958427 -0.0792440704 -0.00569916916
v -0.0444672302 -0.0791154579 -0.0126449842
v -0.0444297699 -0.0790779976 -0.012424366
v -0.0443950561 -0.0790432838 -0.0122028513
v -0.0443630699 -0.0790112976 -0.0119805164
v -0.0443630699 -0.0790112976 -0.00701948357
v -0.0443950561 -0.0790432838 -0.0067971487
v -0.0444297699 -0.0790779976 -0.006575634
v -0.0444672302 -0.0791154579 -0.00635501575
v -0.0443338302 -0.0789820579 -0.0117574282
v -0.0443073562 -0.0789555839 -0.0115336485
v -0.0442836288 -0.0789318565 -0.0113092489
v -0.0442626861 -0.0789109329 -0.011084301
v -0.0442626861 -0.0789109329 -0.00791569901
v -0.0442836288 -0.0789318565 -0.00769075108
v -0.0443073562 -0.0789555839 -0.00746635151
v -0.0443338302 -0.0789820579 -0.00724257183
v -0.0442445282 -0.0788927559 -0.0108588715
v -0.0442291549 -0.0788773826 -0.0106330223
v -0.0442165664 -0.0788647941 -0.0104068346
v -0.0442067627 -0.0788550094 -0.0101803656
v -0.0441997818 -0.0788480095 -0.00995369148
v -0.0441955665 -0.0788438133 -0.00972687912
v -0.0441955665 -0.0788438133 -0.00927312088
v -0.0441997818 -0.0788480095 -0.00904630852
v -0.0442067627 -0.0788550094 -0.00881963444
v -0.0442165664 -0.0788647941 -0.0085931654
v -0.0442291549 -0.0788773826 -0.00836697769
v -0.0442445282 -0.0788927559 -0.00814112854
f 2 46 1
f 203 2 1
f 1 46 8
f 202 1 8
f 203 1 202
f 3 46 2
f 204 3 2
f 204 2 203
f 4 46 3
f 205 4 3
f 205 3 204
f 9 46 4
f 206 9 4
f 206 4 205
f 6 44 5
f 209 6 5
f 5 53 13
f 216 5 13
f 5 44 53
f 209 5 217
f 217 5 216
f 7 45 6
f 210 7 6
f 6 45 44
f 210 6 209
f 8 45 7
f 201 8 7
f 201 7 211
f 211 7 210
f 8 46 45
f 202 8 201
f 10 46 9
f 207 10 9
f 207 9 206
f 11 46 10
f 212 11 10
f 208 10 207
f 212 10 208
f 12 46 11
f 213 12 11
f 213 11 212
f 14 46 12
f 218 14 12
f 214 12 213
f 218 12 214
f 13 53 16
f 215 13 16
f 216 13 215
f 17 46 14
f 219 17 14
f 219 14 218
f 16 60 15
f 221 16 15
f 15 60 20
f 226 15 20
f 221 15 226
f 16 53 52
f 16 52 60
f 215 16 222
f 222 16 221
f 18 46 17
f 223 18 17
f 220 17 219
f 223 17 220
f 21 46 18
f 227 21 18
f 224 18 223
f 227 18 224
f 20 60 19
f 225 20 19
f 19 60 24
f 225 19 24
f 226 20 225
f 22 46 21
f 227 22 21
f 25 46 22
f 228 25 22
f 228 22 227
f 24 59 23
f 229 24 23
f 23 59 27
f 234 23 27
f 229 23 234
f 24 60 59
f 225 24 230
f 230 24 229
f 26 46 25
f 231 26 25
f 231 25 228
f 28 46 26
f 235 28 26
f 232 26 231
f 235 26 232
f 27 59 29
f 233 27 29
f 234 27 233
f 30 46 28
f 235 30 28
f 29 70 31
f 239 29 31
f 29 59 66
f 29 66 70
f 233 29 237
f 237 29 240
f 240 29 239
f 32 46 30
f 241 32 30
f 236 30 235
f 238 30 236
f 241 30 238
f 31 70 34
f 239 31 34
f 35 46 32
f 242 35 32
f 242 32 241
f 34 70 33
f 245 34 33
f 33 70 37
f 245 33 37
f 239 34 243
f 243 34 245
f 36 46 35
f 244 36 35
f 244 35 242
f 38 46 36
f 246 38 36
f 246 36 244
f 37 70 39
f 245 37 39
f 40 46 38
f 246 40 38
f 39 75 41
f 249 39 41
f 39 70 75
f 245 39 247
f 247 39 250
f 250 39 249
f 42 46 40
f 251 42 40
f 248 40 246
f 251 40 248
f 41 74 43
f 249 41 43
f 41 75 74
f 50 46 42
f 252 50 42
f 252 42 251
f 43 80 51
f 259 43 51
f 43 74 80
f 249 43 253
f 253 43 259
f 262 44 45
f 261 53 44
f 261 44 262
f 255 45 46
f 254 45 255
f 262 45 254
f 50 47 46
f 256 46 47
f 255 46 256
f 48 47 50
f 257 47 48
f 256 47 257
f 56 49 48
f 264 48 49
f 56 48 50
f 257 48 263
f 263 48 264
f 54 49 56
f 264 49 54
f 266 56 50
f 258 50 252
f 266 50 258
f 51 80 58
f 268 51 58
f 259 51 268
f 261 52 53
f 260 60 52
f 260 52 261
f 55 54 56
f 265 54 55
f 264 54 265
f 56 61 55
f 265 55 61
f 63 61 56
f 266 63 56
f 58 80 57
f 267 58 57
f 57 80 65
f 275 57 65
f 267 57 275
f 268 58 267
f 270 59 60
f 277 66 59
f 269 59 270
f 277 59 269
f 270 60 260
f 64 62 61
f 272 61 62
f 64 61 63
f 265 61 271
f 271 61 272
f 64 67 62
f 278 62 67
f 272 62 278
f 273 64 63
f 273 63 266
f 68 67 64
f 280 68 64
f 274 64 273
f 280 64 274
f 65 84 69
f 275 65 69
f 65 80 84
f 277 70 66
f 72 67 68
f 71 67 72
f 279 67 71
f 278 67 279
f 280 72 68
f 69 88 73
f 285 69 73
f 69 84 88
f 275 69 281
f 281 69 285
f 287 75 70
f 276 70 277
f 282 70 276
f 287 70 282
f 72 76 71
f 288 71 76
f 279 71 283
f 283 71 288
f 78 76 72
f 290 78 72
f 284 72 280
f 290 72 284
f 73 88 79
f 285 73 79
f 287 74 75
f 286 80 74
f 286 74 287
f 77 76 82
f 289 76 77
f 82 76 78
f 288 76 289
f 82 81 77
f 289 77 81
f 290 82 78
f 79 88 83
f 295 79 83
f 285 79 291
f 291 79 295
f 296 84 80
f 292 80 286
f 296 80 292
f 86 81 82
f 86 85 81
f 297 81 85
f 289 81 293
f 293 81 297
f 298 86 82
f 294 82 290
f 298 82 294
f 83 88 87
f 295 83 87
f 296 88 84
f 90 85 86
f 90 89 85
f 297 85 89
f 298 90 86
f 87 88 91
f 303 87 91
f 295 87 299
f 299 87 303
f 91 88 92
f 304 92 88
f 300 88 296
f 304 88 300
f 94 89 90
f 94 93 89
f 305 89 93
f 297 89 301
f 301 89 305
f 306 94 90
f 302 90 298
f 306 90 302
f 91 92 96
f 303 91 96
f 96 92 97
f 304 97 92
f 99 93 94
f 99 98 93
f 305 93 98
f 306 99 94
f 96 97 95
f 307 96 95
f 308 95 96
f 307 95 308
f 96 97 100
f 312 96 100
f 303 96 307
f 308 96 312
f 100 97 101
f 313 101 97
f 309 97 304
f 313 97 309
f 103 98 99
f 103 102 98
f 314 98 102
f 305 98 310
f 310 98 314
f 315 103 99
f 311 99 306
f 315 99 311
f 100 101 104
f 312 100 104
f 104 101 105
f 313 105 101
f 107 102 103
f 107 106 102
f 314 102 106
f 315 107 103
f 104 105 108
f 320 104 108
f 312 104 316
f 316 104 320
f 108 105 109
f 321 109 105
f 317 105 313
f 321 105 317
f 111 106 107
f 111 110 106
f 322 106 110
f 314 106 318
f 318 106 322
f 323 111 107
f 319 107 315
f 323 107 319
f 108 109 113
f 108 113 112
f 324 108 112
f 320 108 324
f 321 113 109
f 111 116 110
f 322 110 116
f 117 116 111
f 323 117 111
f 112 113 114
f 112 114 118
f 330 112 118
f 324 112 330
f 325 114 113
f 325 113 321
f 118 114 119
f 331 119 114
f 326 114 325
f 331 114 326
f 117 115 116
f 327 116 115
f 121 115 117
f 121 120 115
f 332 115 120
f 327 115 332
f 322 116 328
f 328 116 327
f 333 121 117
f 329 117 323
f 333 117 329
f 118 119 122
f 330 118 122
f 122 119 123
f 331 123 119
f 127 120 121
f 126 120 127
f 332 120 126
f 333 127 121
f 122 123 124
f 122 124 128
f 340 122 128
f 330 122 334
f 334 122 340
f 335 124 123
f 335 123 331
f 128 124 129
f 341 129 124
f 336 124 335
f 341 124 336
f 127 125 126
f 337 126 125
f 131 125 127
f 130 125 131
f 344 125 130
f 337 125 344
f 332 126 338
f 338 126 337
f 345 131 127
f 339 127 333
f 345 127 339
f 128 129 132
f 340 128 132
f 132 129 134
f 341 134 129
f 141 130 131
f 139 130 141
f 344 130 139
f 345 141 131
f 132 135 133
f 346 132 133
f 132 134 135
f 340 132 346
f 133 135 136
f 133 136 142
f 352 133 142
f 346 133 352
f 341 135 134
f 347 136 135
f 342 135 341
f 347 135 342
f 136 143 142
f 353 143 136
f 348 136 347
f 353 136 348
f 140 137 138
f 349 138 137
f 149 137 140
f 149 148 137
f 358 137 148
f 349 137 358
f 141 138 139
f 343 139 138
f 140 138 141
f 343 138 350
f 350 138 349
f 344 139 343
f 345 140 141
f 359 149 140
f 351 140 345
f 359 140 351
f 143 144 142
f 142 144 150
f 352 142 150
f 353 144 143
f 150 144 145
f 354 145 144
f 354 144 353
f 150 145 152
f 355 152 145
f 355 145 354
f 146 147 155
f 356 147 146
f 155 153 146
f 356 146 153
f 149 147 148
f 357 148 147
f 155 147 149
f 357 147 356
f 358 148 357
f 359 155 149
f 150 155 151
f 362 150 151
f 150 152 155
f 352 150 360
f 360 150 362
f 151 155 154
f 151 154 156
f 362 151 156
f 152 153 155
f 355 153 152
f 356 153 355
f 361 154 155
f 156 154 157
f 363 157 154
f 363 154 361
f 361 155 359
f 156 157 158
f 362 156 158
f 158 157 159
f 363 159 157
f 158 159 160
f 367 158 160
f 362 158 364
f 364 158 366
f 366 158 367
f 160 159 161
f 369 161 159
f 365 159 363
f 369 159 365
f 160 161 162
f 367 160 162
f 162 161 163
f 368 163 161
f 368 161 369
f 162 163 164
f 373 162 164
f 367 162 370
f 370 162 372
f 372 162 373
f 164 163 165
f 375 165 163
f 371 163 368
f 375 163 371
f 164 165 166
f 373 164 166
f 166 165 169
f 374 169 165
f 374 165 375
f 166 169 167
f 377 166 167
f 373 166 376
f 376 166 377
f 167 169 168
f 167 168 170
f 380 167 170
f 377 167 380
f 379 168 169
f 170 168 171
f 383 171 168
f 378 168 379
f 383 168 378
f 379 169 374
f 170 171 172
f 380 170 172
f 172 171 177
f 383 177 171
f 172 177 173
f 381 172 173
f 380 172 381
f 173 176 174
f 386 173 174
f 173 177 176
f 381 173 384
f 384 173 386
f 174 176 175
f 174 175 178
f 386 174 178
f 385 175 176
f 178 175 179
f 389 179 175
f 389 175 385
f 383 176 177
f 382 176 383
f 385 176 382
f 178 179 180
f 387 178 180
f 386 178 387
f 180 179 186
f 389 186 179
f 180 185 181
f 391 180 181
f 180 186 185
f 387 180 390
f 390 180 391
f 181 184 182
f 395 181 182
f 181 185 184
f 391 181 394
f 394 181 395
f 182 184 183
f 182 183 187
f 395 182 187
f 399 183 184
f 187 183 190
f 398 190 183
f 398 183 399
f 393 184 185
f 392 184 393
f 399 184 392
f 389 185 186
f 388 185 389
f 393 185 388
f 187 190 188
f 396 187 188
f 395 187 396
f 188 190 189
f 188 189 191
f 396 188 191
f 398 189 190
f 191 189 200
f 397 200 189
f 397 189 398
f 191 200 192
f 400 191 192
f 396 191 400
f 192 199 193
f 401 192 193
f 192 200 199
f 400 192 401
f 193 198 194
f 402 193 194
f 193 199 198
f 401 193 402
f 194 197 195
f 403 194 195
f 194 198 197
f 402 194 403
f 195 197 196
f 404 195 196
f 403 195 404
f 405 196 197
f 404 196 405
f 406 197 198
f 405 197 406
f 407 198 199
f 406 198 407
f 397 199 200
f 407 199 397
f 201 208 202
f 201 212 208
f 211 212 201
f 202 207 203
f 202 208 207
f 203 206 204
f 203 207 206
f 204 206 205
f 209 214 210
f 209 218 214
f 217 218 209
f 210 213 211
f 210 214 213
f 211 213 212
f 215 220 216
f 215 223 220
f 222 223 215
f 216 219 217
f 216 220 219
f 217 219 218
f 221 224 222
f 221 227 224
f 226 227 221
f 222 224 223
f 225 228 226
f 225 231 228
f 230 231 225
f 226 228 227
f 229 232 230
f 229 235 232
f 234 235 229
f 230 232 231
f 233 236 234
f 233 238 236
f 237 238 233
f 234 236 235
f 237 241 238
f 240 241 237
f 239 242 240
f 239 244 242
f 243 244 239
f 240 242 241
f 243 246 244
f 245 246 243
f 245 248 246
f 247 248 245
f 247 251 248
f 250 251 247
f 249 252 250
f 249 258 252
f 253 258 249
f 250 252 251
f 255 253 254
f 254 253 262
f 255 258 253
f 292 253 259
f 261 253 260
f 260 253 270
f 262 253 261
f 270 253 269
f 269 253 277
f 277 253 276
f 276 253 282
f 282 253 287
f 287 253 286
f 286 253 292
f 256 258 255
f 257 266 256
f 256 266 258
f 263 266 257
f 292 259 268
f 264 266 263
f 265 266 264
f 265 273 266
f 271 273 265
f 292 268 267
f 296 267 275
f 292 267 296
f 272 274 271
f 271 274 273
f 278 274 272
f 278 280 274
f 296 275 281
f 279 280 278
f 279 284 280
f 283 284 279
f 296 281 285
f 283 290 284
f 288 290 283
f 300 285 291
f 296 285 300
f 289 290 288
f 289 294 290
f 293 294 289
f 300 291 295
f 293 298 294
f 297 298 293
f 304 295 299
f 300 295 304
f 297 302 298
f 301 302 297
f 304 299 303
f 301 306 302
f 305 306 301
f 304 303 307
f 304 307 309
f 305 311 306
f 310 311 305
f 309 307 308
f 309 308 312
f 309 312 313
f 311 310 315
f 315 310 314
f 313 312 316
f 313 316 320
f 313 324 317
f 313 320 324
f 315 314 319
f 319 314 318
f 317 334 321
f 317 324 330
f 317 330 334
f 319 318 323
f 323 318 322
f 321 352 325
f 321 334 340
f 321 340 346
f 321 346 352
f 323 322 329
f 329 322 328
f 325 360 326
f 325 352 360
f 326 362 331
f 326 360 362
f 333 328 327
f 327 332 333
f 329 328 333
f 331 367 335
f 331 362 364
f 331 364 366
f 331 366 367
f 332 338 333
f 333 338 339
f 335 373 336
f 335 367 370
f 335 370 372
f 335 372 373
f 336 373 341
f 339 338 337
f 339 337 345
f 345 337 344
f 341 384 342
f 341 373 376
f 341 376 377
f 341 377 380
f 341 380 381
f 341 381 384
f 342 384 347
f 345 344 343
f 345 343 351
f 351 343 350
f 347 386 348
f 347 384 386
f 348 386 353
f 359 350 349
f 349 358 359
f 351 350 359
f 353 386 354
f 354 386 355
f 356 355 361
f 361 355 363
f 363 355 365
f 365 355 369
f 369 355 368
f 368 355 371
f 371 355 375
f 375 355 374
f 374 355 379
f 379 355 378
f 378 355 383
f 383 355 382
f 382 355 385
f 385 355 389
f 355 386 389
f 359 357 356
f 359 356 361
f 358 357 359
f 389 386 387
f 389 387 388
f 388 387 393
f 393 387 390
f 392 390 391
f 393 390 392
f 392 391 399
f 399 391 394
f 398 394 395
f 399 394 398
f 397 395 396
f 398 395 397
f 397 396 407
f 407 396 400
f 406 400 401
f 407 400 406
f 405 401 402
f 406 401 405
f 404 402 403
f 405 402 404
f 409 453 408
f 608 409 408
f 408 453 415
f 607 408 415
f 608 408 607
f 410 453 409
f 609 410 409
f 609 409 608
f 411 453 410
f 610 411 410
f 610 410 609
f 416 453 411
f 611 416 411
f 611 411 610
f 413 451 412
f 614 413 412
f 412 460 420
f 621 412 420
f 412 451 460
f 614 412 622
f 622 412 621
f 414 452 413
f 615 414 413
f 413 452 451
f 615 413 614
f 415 452 414
f 606 415 414
f 606 414 616
f 616 414 615
f 415 453 452
f 607 415 606
f 417 453 416
f 612 417 416
f 612 416 611
f 418 453 417
f 617 418 417
f 613 417 612
f 617 417 613
f 419 453 418
f 618 419 418
f 618 418 617
f 421 453 419
f 623 421 419
f 619 419 618
f 623 419 619
f 420 460 423
f 620 420 423
f 621 420 620
f 424 453 421
f 624 424 421
f 624 421 623
f 423 467 422
f 626 423 422
f 422 467 427
f 631 422 427
f 626 422 631
f 423 460 459
f 423 459 467
f 620 423 627
f 627 423 626
f 425 453 424
f 628 425 424
f 625 424 624
f 628 424 625
f 428 453 425
f 632 428 425
f 629 425 628
f 632 425 629
f 427 467 426
f 630 427 426
f 426 467 431
f 630 426 431
f 631 427 630
f 429 453 428
f 632 429 428
f 432 453 429
f 633 432 429
f 633 429 632
f 431 466 430
f 634 431 430
f 430 466 434
f 639 430 434
f 634 430 639
f 431 467 466
f 630 431 635
f 635 431 634
f 433 453 432
f 636 433 432
f 636 432 633
f 435 453 433
f 640 435 433
f 637 433 636
f 640 433 637
f 434 466 436
f 638 434 436
f 639 434 638
f 437 453 435
f 640 437 435
f 436 477 438
f 644 436 438
f 436 466 473
f 436 473 477
f 638 436 642
f 642 436 645
f 645 436 644
f 439 453 437
f 646 439 437
f 641 437 640
f 643 437 641
f 646 437 643
f 438 477 441
f 644 438 441
f 442 453 439
f 647 442 439
f 647 439 646
f 441 477 440
f 650 441 440
f 440 477 444
f 650 440 444
f 644 441 648
f 648 441 650
f 443 453 442
f 649 443 442
f 649 442 647
f 445 453 443
f 651 445 443
f 651 443 649
f 444 477 446
f 650 444 446
f 447 453 445
f 651 447 445
f 446 482 448
f 654 446 448
f 446 477 482
f 650 446 652
f 652 446 655
f 655 446 654
f 449 453 447
f 656 449 447
f 653 447 651
f 656 447 653
f 448 481 450
f 654 448 450
f 448 482 481
f 457 453 449
f 657 457 449
f 657 449 656
f 450 487 458
f 664 450 458
f 450 481 487
f 654 450 658
f 658 450 664
f 667 451 452
f 666 460 451
f 666 451 667
f 660 452 453
f 659 452 660
f 667 452 659
f 457 454 453
f 661 453 454
f 660 453 661
f 455 454 457
f 662 454 455
f 661 454 662
f 463 456 455
f 669 455 456
f 463 455 457
f 662 455 668
f 668 455 669
f 461 456 463
f 669 456 461
f 671 463 457
f 663 457 657
f 671 457 663
f 458 487 465
f 673 458 465
f 664 458 673
f 666 459 460
f 665 467 459
f 665 459 666
f 462 461 463
f 670 461 462
f 669 461 670
f 463 468 462
f 670 462 468
f 470 468 463
f 671 470 463
f 465 487 464
f 672 465 464
f 464 487 472
f 680 464 472
f 672 464 680
f 673 465 672
f 675 466 467
f 682 473 466
f 674 466 675
f 682 466 674
f 675 467 665
f 471 469 468
f 677 468 469
f 471 468 470
f 670 468 676
f 676 468 677
f 471 474 469
f 683 469 474
f 677 469 683
f 678 471 470
f 678 470 671
f 475 474 471
f 685 475 471
f 679 471 678
f 685 471 679
f 472 491 476
f 680 472 476
f 472 487 491
f 682 477 473
f 479 474 475
f 478 474 479
f 684 474 478
f 683 474 684
f 685 479 475
f 476 495 480
f 690 476 480
f 476 491 495
f 680 476 686
f 686 476 690
f 692 482 477
f 681 477 682
f 687 477 681
f 692 477 687
f 479 483 478
f 693 478 483
f 684 478 688
f 688 478 693
f 485 483 479
f 695 485 479
f 689 479 685
f 695 479 689
f 480 495 486
f 690 480 486
f 692 481 482
f 691 487 481
f 691 481 692
f 484 483 489
f 694 483 484
f 489 483 485
f 693 483 694
f 489 488 484
f 694 484 488
f 695 489 485
f 486 495 490
f 700 486 490
f 690 486 696
f 696 486 700
f 701 491 487
f 697 487 691
f 701 487 697
f 493 488 489
f 493 492 488
f 702 488 492
f 694 488 698
f 698 488 702
f 703 493 489
f 699 489 695
f 703 489 699
f 490 495 494
f 700 490 494
f 701 495 491
f 497 492 493
f 497 496 492
f 702 492 496
f 703 497 493
f 494 495 498
f 708 494 498
f 700 494 704
f 704 494 708
f 498 495 499
f 709 499 495
f 705 495 701
f 709 495 705
f 501 496 497
f 501 500 496
f 710 496 500
f 702 496 706
f 706 496 710
f 711 501 497
f 707 497 703
f 711 497 707
f 498 499 502
f 708 498 502
f 502 499 503
f 709 503 499
f 505 500 501
f 505 504 500
f 710 500 504
f 711 505 501
f 502 503 506
f 716 502 506
f 708 502 712
f 712 502 716
f 506 503 507
f 717 507 503
f 713 503 709
f 717 503 713
f 509 504 505
f 509 508 504
f 718 504 508
f 710 504 714
f 714 504 718
f 719 509 505
f 715 505 711
f 719 505 715
f 506 507 510
f 716 506 510
f 510 507 511
f 717 511 507
f 513 508 509
f 513 512 508
f 718 508 512
f 719 513 509
f 510 511 514
f 724 510 514
f 716 510 720
f 720 510 724
f 514 511 515
f 725 515 511
f 721 511 717
f 725 511 721
f 517 512 513
f 517 516 512
f 726 512 516
f 718 512 722
f 722 512 726
f 727 517 513
f 723 513 719
f 727 513 723
f 514 515 519
f 514 519 518
f 728 514 518
f 724 514 728
f 725 519 515
f 517 522 516
f 726 516 522
f 523 522 517
f 727 523 517
f 518 519 520
f 518 520 524
f 734 518 524
f 728 518 734
f 729 520 519
f 729 519 725
f 524 520 525
f 735 525 520
f 730 520 729
f 735 520 730
f 523 521 522
f 731 522 521
f 527 521 523
f 527 526 521
f 736 521 526
f 731 521 736
f 726 522 732
f 732 522 731
f 737 527 523
f 733 523 727
f 737 523 733
f 524 525 528
f 734 524 528
f 528 525 529
f 735 529 525
f 533 526 527
f 532 526 533
f 736 526 532
f 737 533 527
f 528 529 530
f 528 530 534
f 744 528 534
f 734 528 738
f 738 528 744
f 739 530 529
f 739 529 735
f 534 530 535
f 745 535 530
f 740 530 739
f 745 530 740
f 533 531 532
f 741 532 531
f 537 531 533
f 536 531 537
f 748 531 536
f 741 531 748
f 736 532 742
f 742 532 741
f 749 537 533
f 743 533 737
f 749 533 743
f 534 535 538
f 744 534 538
f 538 535 540
f 745 540 535
f 547 536 537
f 545 536 547
f 748 536 545
f 749 547 537
f 538 541 539
f 750 538 539
f 538 540 541
f 744 538 750
f 539 541 542
f 539 542 548
f 756 539 548
f 750 539 756
f 745 541 540
f 751 542 541
f 746 541 745
f 751 541 746
f 542 549 548
f 757 549 542
f 752 542 751
f 757 542 752
f 546 543 544
f 753 544 543
f 555 543 546
f 555 554 543
f 762 543 554
f 753 543 762
f 547 544 545
f 747 545 544
f 546 544 547
f 747 544 754
f 754 544 753
f 748 545 747
f 749 546 547
f 763 555 546
f 755 546 749
f 763 546 755
f 549 550 548
f 548 550 556
f 756 548 556
f 757 550 549
f 556 550 551
f 758 551 550
f 758 550 757
f 556 551 558
f 759 558 551
f 759 551 758
f 552 553 561
f 760 553 552
f 561 559 552
f 760 552 559
f 555 553 554
f 761 554 553
f 561 553 555
f 761 553 760
f 762 554 761
f 763 561 555
f 556 561 557
f 766 556 557
f 556 558 561
f 756 556 764
f 764 556 766
f 557 561 560
f 557 560 562
f 766 557 562
f 558 559 561
f 759 559 558
f 760 559 759
f 765 560 561
f 562 560 563
f 767 563 560
f 767 560 765
f 765 561 763
f 562 563 564
f 766 562 564
f 564 563 565
f 767 565 563
f 564 565 566
f 771 564 566
f 766 564 768
f 768 564 770
f 770 564 771
f 566 565 567
f 773 567 565
f 769 565 767
f 773 565 769
f 566 567 568
f 771 566 568
f 568 567 569
f 772 569 567
f 772 567 773
f 568 569 570
f 777 568 570
f 771 568 774
f 774 568 776
f 776 568 777
f 570 569 571
f 779 571 569
f 775 569 772
f 779 569 775
f 570 571 572
f 777 570 572
f 572 571 575
f 778 575 571
f 778 571 779
f 572 575 573
f 781 572 573
f 777 572 780
f 780 572 781
f 573 575 574
f 573 574 576
f 784 573 576
f 781 573 784
f 783 574 575
f 576 574 577
f 787 577 574
f 782 574 783
f 787 574 782
f 783 575 778
f 576 577 578
f 784 576 578
f 578 577 583
f 787 583 577
f 578 583 579
f 785 578 579
f 784 578 785
f 579 582 580
f 790 579 580
f 579 583 582
f 785 579 788
f 788 579 790
f 580 582 581
f 580 581 584
f 790 580 584
f 789 581 582
f 584 581 585
f 793 585 581
f 793 581 789
f 787 582 583
f 786 582 787
f 789 582 786
f 584 585 586
f 791 584 586
f 790 584 791
f 586 585 591
f 793 591 585
f 586 591 587
f 795 586 587
f 791 586 794
f 794 586 795
f 587 590 588
f 799 587 588
f 587 591 590
f 795 587 798
f 798 587 799
f 588 590 589
f 588 589 592
f 799 588 592
f 803 589 590
f 592 589 595
f 802 595 589
f 802 589 803
f 797 590 591
f 796 590 797
f 803 590 796
f 792 591 793
f 797 591 792
f 592 595 593
f 800 592 593
f 799 592 800
f 593 595 594
f 593 594 596
f 800 593 596
f 802 594 595
f 596 594 605
f 801 605 594
f 801 594 802
f 596 605 597
f 804 596 597
f 800 596 804
f 597 604 598
f 805 597 598
f 597 605 604
f 804 597 805
f 598 603 599
f 806 598 599
f 598 604 603
f 805 598 806
f 599 602 600
f 807 599 600
f 599 603 602
f 806 599 807
f 600 602 601
f 808 600 601
f 807 600 808
f 809 601 602
f 808 601 809
f 810 602 603
f 809 602 810
f 811 603 604
f 810 603 811
f 801 604 605
f 811 604 801
f 606 613 607
f 606 617 613
f 616 617 606
f 607 612 608
f 607 613 612
f 608 611 609
f 608 612 611
f 609 611 610
f 614 619 615
f 614 623 619
f 622 623 614
f 615 618 616
f 615 619 618
f 616 618 617
f 620 625 621
f 620 628 625
f 627 628 620
f 621 624 622
f 621 625 624
f 622 624 623
f 626 629 627
f 626 632 629
f 631 632 626
f 627 629 628
f 630 633 631
f 630 636 633
f 635 636 630
f 631 633 632
f 634 637 635
f 634 640 637
f 639 640 634
f 635 637 636
f 638 641 639
f 638 643 641
f 642 643 638
f 639 641 640
f 642 646 643
f 645 646 642
f 644 647 645
f 644 649 647
f 648 649 644
f 645 647 646
f 648 651 649
f 650 651 648
f 650 653 651
f 652 653 650
f 652 656 653
f 655 656 652
f 654 657 655
f 654 663 657
f 658 663 654
f 655 657 656
f 660 658 659
f 659 658 667
f 660 663 658
f 697 658 664
f 666 658 665
f 665 658 675
f 667 658 666
f 675 658 674
f 674 658 682
f 682 658 681
f 681 658 687
f 687 658 692
f 692 658 691
f 691 658 697
f 661 663 660
f 662 671 661
f 661 671 663
f 668 671 662
f 697 664 673
f 669 671 668
f 670 671 669
f 670 678 671
f 676 678 670
f 697 673 672
f 701 672 680
f 697 672 701
f 677 679 676
f 676 679 678
f 683 679 677
f 683 685 679
f 701 680 686
f 684 685 683
f 684 689 685
f 688 689 684
f 701 686 690
f 688 695 689
f 693 695 688
f 705 690 696
f 701 690 705
f 694 695 693
f 694 699 695
f 698 699 694
f 705 696 700
f 698 703 699
f 702 703 698
f 709 700 704
f 705 700 709
f 702 707 703
f 706 707 702
f 709 704 708
f 706 711 707
f 710 711 706
f 709 708 712
f 709 712 713
f 710 715 711
f 714 715 710
f 713 712 716
f 713 716 717
f 715 714 719
f 719 714 718
f 717 716 720
f 717 720 724
f 717 728 721
f 717 724 728
f 719 718 723
f 723 718 722
f 721 738 725
f 721 728 734
f 721 734 738
f 723 722 727
f 727 722 726
f 725 756 729
f 725 738 744
f 725 744 750
f 725 750 756
f 727 726 733
f 733 726 732
f 729 764 730
f 729 756 764
f 730 766 735
f 730 764 766
f 737 732 731
f 731 736 737
f 733 732 737
f 735 771 739
f 735 766 768
f 735 768 770
f 735 770 771
f 736 742 737
f 737 742 743
f 739 777 740
f 739 771 774
f 739 774 776
f 739 776 777
f 740 777 745
f 743 742 741
f 743 741 749
f 749 741 748
f 745 788 746
f 745 777 780
f 745 780 781
f 745 781 784
f 745 784 785
f 745 785 788
f 746 788 751
f 749 748 747
f 749 747 755
f 755 747 754
f 751 790 752
f 751 788 790
f 752 790 757
f 763 754 753
f 753 762 763
f 755 754 763
f 757 790 758
f 758 790 759
f 760 759 765
f 765 759 767
f 767 759 769
f 769 759 773
f 773 759 772
f 772 759 775
f 775 759 779
f 779 759 778
f 778 759 783
f 783 759 782
f 782 759 787
f 787 759 786
f 786 759 789
f 789 759 793
f 759 790 793
f 763 761 760
f 763 760 765
f 762 761 763
f 792 790 791
f 793 790 792
f 792 791 797
f 797 791 794
f 796 794 795
f 797 794 796
f 796 795 803
f 803 795 798
f 802 798 799
f 803 798 802
f 801 799 800
f 802 799 801
f 801 800 811
f 811 800 804
f 810 804 805
f 811 804 810
f 809 805 806
f 810 805 809
f 808 806 807
f 809 806 808
f 813 868 812
f 1025 813 812
f 812 868 821
f 1025 812 821
f 814 869 813
f 1026 814 813
f 813 869 868
f 1026 813 1025
f 815 869 814
f 1019 815 814
f 1019 814 1027
f 1027 814 1026
f 816 869 815
f 1020 816 815
f 1020 815 1019
f 817 869 816
f 1021 817 816
f 1021 816 1020
f 818 869 817
f 1028 818 817
f 1022 817 1021
f 1028 817 1022
f 819 869 818
f 1029 819 818
f 1029 818 1028
f 822 869 819
f 1030 822 819
f 1030 819 1029
f 821 868 820
f 1024 821 820
f 820 868 827
f 1024 820 827
f 1025 821 1024
f 823 869 822
f 1030 823 822
f 828 869 823
f 1031 828 823
f 1031 823 1030
f 825 867 824
f 1038 825 824
f 824 867 832
f 1038 824 832
f 826 867 825
f 1033 826 825
f 1033 825 1039
f 1039 825 1038
f 827 867 826
f 1023 827 826
f 1023 826 1034
f 1034 826 1033
f 827 868 867
f 1024 827 1023
f 829 869 828
f 1031 829 828
f 830 869 829
f 1035 830 829
f 1032 829 1031
f 1035 829 1032
f 831 869 830
f 1040 831 830
f 1036 830 1035
f 1040 830 1036
f 833 869 831
f 1041 833 831
f 1041 831 1040
f 832 866 836
f 1038 832 836
f 832 867 866
f 837 869 833
f 1041 837 833
f 835 878 834
f 1043 835 834
f 834 878 839
f 1048 834 839
f 1043 834 1048
f 836 866 835
f 1037 836 835
f 835 866 878
f 1037 835 1044
f 1044 835 1043
f 1038 836 1037
f 838 869 837
f 1045 838 837
f 1042 837 1041
f 1045 837 1042
f 840 869 838
f 1049 840 838
f 1046 838 1045
f 1049 838 1046
f 839 885 842
f 1047 839 842
f 839 878 877
f 839 877 885
f 1048 839 1047
f 843 869 840
f 1049 843 840
f 842 885 841
f 1053 842 841
f 841 885 845
f 1053 841 845
f 1047 842 1051
f 1051 842 1053
f 844 869 843
f 1052 844 843
f 1050 843 1049
f 1052 843 1050
f 846 869 844
f 1054 846 844
f 1054 844 1052
f 845 885 848
f 1053 845 848
f 849 869 846
f 1054 849 846
f 848 884 847
f 1055 848 847
f 847 890 851
f 1059 847 851
f 847 884 890
f 1055 847 1059
f 848 885 884
f 1053 848 1056
f 1056 848 1055
f 850 869 849
f 1057 850 849
f 1057 849 1054
f 852 869 850
f 1060 852 850
f 1058 850 1057
f 1060 850 1058
f 851 890 854
f 1059 851 854
f 855 869 852
f 1060 855 852
f 854 895 853
f 1061 854 853
f 853 895 857
f 1065 853 857
f 1061 853 1065
f 854 890 895
f 1059 854 1062
f 1062 854 1061
f 856 869 855
f 1063 856 855
f 1063 855 1060
f 858 869 856
f 1066 858 856
f 1064 856 1063
f 1066 856 1064
f 857 895 860
f 1065 857 860
f 861 869 858
f 1066 861 858
f 860 895 859
f 1067 860 859
f 859 894 863
f 1071 859 863
f 859 895 894
f 1067 859 1071
f 1065 860 1068
f 1068 860 1067
f 862 869 861
f 1069 862 861
f 1069 861 1066
f 864 869 862
f 1076 864 862
f 1070 862 1069
f 1076 862 1070
f 863 894 865
f 1071 863 865
f 874 869 864
f 1076 874 864
f 865 904 876
f 1086 865 876
f 865 894 900
f 865 900 904
f 1071 865 1077
f 1077 865 1086
f 1079 866 867
f 1088 878 866
f 1078 866 1079
f 1088 866 1078
f 1080 867 868
f 1079 867 1080
f 1073 868 869
f 1072 868 1073
f 1080 868 1072
f 874 870 869
f 1074 869 870
f 1073 869 1074
f 871 870 874
f 1075 870 871
f 1074 870 1075
f 874 872 871
f 1082 871 872
f 1075 871 1081
f 1081 871 1082
f 873 872 874
f 1083 872 873
f 1082 872 1083
f 881 873 874
f 881 879 873
f 1089 873 879
f 1083 873 1089
f 1091 881 874
f 1084 874 1076
f 1091 874 1084
f 876 904 875
f 1085 876 875
f 875 904 883
f 1085 875 883
f 1086 876 1085
f 1088 877 878
f 1087 885 877
f 1087 877 1088
f 882 880 879
f 1090 879 880
f 882 879 881
f 1089 879 1090
f 888 880 882
f 888 886 880
f 1090 880 886
f 1091 882 881
f 1092 888 882
f 1092 882 1091
f 883 904 889
f 1097 883 889
f 1085 883 1093
f 1093 883 1097
f 1094 884 885
f 1098 890 884
f 1098 884 1094
f 1094 885 1087
f 887 886 888
f 1099 886 887
f 1090 886 1095
f 1095 886 1099
f 888 891 887
f 1099 887 891
f 892 891 888
f 1100 892 888
f 1096 888 1092
f 1100 888 1096
f 889 904 893
f 1097 889 893
f 1098 895 890
f 898 891 892
f 896 891 898
f 1099 891 896
f 1100 898 892
f 893 908 899
f 1105 893 899
f 893 904 908
f 1097 893 1101
f 1101 893 1105
f 1102 894 895
f 1106 900 894
f 1106 894 1102
f 1102 895 1098
f 897 896 898
f 1107 896 897
f 1099 896 1103
f 1103 896 1107
f 902 897 898
f 902 901 897
f 1107 897 901
f 1108 902 898
f 1104 898 1100
f 1108 898 1104
f 899 908 903
f 1105 899 903
f 1106 904 900
f 906 901 902
f 906 905 901
f 1107 901 905
f 1108 906 902
f 903 912 907
f 1113 903 907
f 903 908 912
f 1105 903 1109
f 1109 903 1113
f 1114 908 904
f 1110 904 1106
f 1114 904 1110
f 910 905 906
f 909 905 910
f 1115 905 909
f 1107 905 1111
f 1111 905 1115
f 1116 910 906
f 1112 906 1108
f 1116 906 1112
f 907 912 911
f 1113 907 911
f 1114 912 908
f 914 909 910
f 914 913 909
f 1115 909 913
f 1116 914 910
f 911 912 915
f 1121 911 915
f 1113 911 1117
f 1117 911 1122
f 1122 911 1121
f 915 912 916
f 1123 916 912
f 1118 912 1114
f 1123 912 1118
f 918 913 914
f 918 917 913
f 1124 913 917
f 1115 913 1119
f 1119 913 1124
f 1125 918 914
f 1120 914 1116
f 1125 914 1120
f 915 916 919
f 1122 915 919
f 1121 915 1122
f 916 920 919
f 1123 920 916
f 922 917 918
f 922 921 917
f 1124 917 921
f 1125 922 918
f 919 920 923
f 1130 919 923
f 1122 919 1126
f 1126 919 1130
f 923 920 924
f 1131 924 920
f 1127 920 1123
f 1131 920 1127
f 926 921 922
f 926 925 921
f 1132 921 925
f 1124 921 1128
f 1128 921 1132
f 1133 926 922
f 1129 922 1125
f 1133 922 1129
f 923 924 927
f 1130 923 927
f 924 928 927
f 1131 928 924
f 930 925 926
f 930 929 925
f 1132 925 929
f 1133 930 926
f 927 928 931
f 1138 927 931
f 1130 927 1134
f 1134 927 1138
f 931 928 932
f 1139 932 928
f 1135 928 1131
f 1139 928 1135
f 934 929 930
f 934 933 929
f 1142 929 933
f 1132 929 1136
f 1136 929 1142
f 1143 934 930
f 1137 930 1133
f 1143 930 1137
f 931 932 936
f 931 936 935
f 1144 931 935
f 1138 931 1144
f 1139 936 932
f 934 939 933
f 1142 933 939
f 940 939 934
f 1143 940 934
f 935 936 937
f 935 937 941
f 1148 935 941
f 1144 935 1148
f 1139 937 936
f 937 942 941
f 1149 942 937
f 1140 937 1139
f 1145 937 1140
f 1149 937 1145
f 940 938 939
f 1141 939 938
f 944 938 940
f 944 943 938
f 1152 938 943
f 1141 938 1146
f 1146 938 1152
f 1142 939 1141
f 1147 944 940
f 1147 940 1143
f 941 942 945
f 1148 941 945
f 945 942 946
f 1149 946 942
f 952 943 944
f 951 943 952
f 1152 943 951
f 1153 952 944
f 1153 944 1147
f 945 946 947
f 945 947 948
f 945 948 953
f 1159 945 953
f 1148 945 1154
f 1154 945 1158
f 1158 945 1159
f 1149 947 946
f 1160 948 947
f 1150 947 1149
f 1155 947 1150
f 1160 947 1155
f 953 948 954
f 1161 954 948
f 1161 948 1160
f 952 949 950
f 1164 950 949
f 956 949 952
f 956 955 949
f 1164 949 955
f 952 950 951
f 1151 951 950
f 1151 950 1156
f 1156 950 1165
f 1165 950 1164
f 1152 951 1151
f 1167 956 952
f 1157 952 1153
f 1167 952 1157
f 953 954 957
f 1159 953 957
f 954 958 957
f 1161 958 954
f 966 955 956
f 966 965 955
f 1164 955 965
f 1166 966 956
f 1166 956 1167
f 957 958 959
f 959 960 957
f 957 960 961
f 957 961 967
f 1174 957 967
f 1159 957 1168
f 1168 957 1174
f 1161 959 958
f 1169 960 959
f 1162 959 1161
f 1169 959 1162
f 1175 961 960
f 1170 960 1169
f 1175 960 1170
f 961 962 968
f 1176 962 961
f 967 961 968
f 1176 961 1175
f 962 963 966
f 1177 963 962
f 968 962 966
f 1177 962 1176
f 966 963 964
f 1171 964 963
f 1171 963 1178
f 1178 963 1177
f 966 964 965
f 1163 965 964
f 1163 964 1172
f 1172 964 1171
f 1164 965 1163
f 1179 968 966
f 1173 966 1166
f 1179 966 1173
f 967 968 969
f 1174 967 969
f 969 968 972
f 1179 972 968
f 969 972 970
f 1180 969 970
f 1174 969 1180
f 970 972 971
f 970 971 973
f 1182 970 973
f 1180 970 1182
f 1179 971 972
f 973 971 974
f 1183 974 971
f 1181 971 1179
f 1183 971 1181
f 973 974 975
f 1182 973 975
f 975 974 978
f 1183 978 974
f 975 978 976
f 1185 975 976
f 1182 975 1184
f 1184 975 1185
f 976 978 977
f 976 977 979
f 1188 976 979
f 1185 976 1188
f 1187 977 978
f 979 977 980
f 1189 980 977
f 1186 977 1187
f 1189 977 1186
f 1187 978 1183
f 979 980 981
f 1188 979 981
f 981 980 984
f 1189 984 980
f 981 984 982
f 1191 981 982
f 1188 981 1190
f 1190 981 1191
f 982 984 983
f 982 983 985
f 1194 982 985
f 1191 982 1194
f 1193 983 984
f 985 983 986
f 1197 986 983
f 1192 983 1193
f 1197 983 1192
f 1193 984 1189
f 985 986 987
f 1195 985 987
f 1194 985 1195
f 987 986 988
f 1197 988 986
f 987 988 989
f 1201 987 989
f 1195 987 1198
f 1198 987 1200
f 1200 987 1201
f 989 988 990
f 1203 990 988
f 1196 988 1197
f 1199 988 1196
f 1203 988 1199
f 989 990 991
f 1201 989 991
f 991 990 996
f 1202 996 990
f 1202 990 1203
f 991 996 992
f 1204 991 992
f 1201 991 1204
f 992 995 993
f 1206 992 993
f 992 996 995
f 1204 992 1206
f 993 995 994
f 993 994 997
f 1206 993 997
f 1210 994 995
f 997 994 998
f 1209 998 994
f 1209 994 1210
f 1202 995 996
f 1205 995 1202
f 1210 995 1205
f 997 998 999
f 1206 997 999
f 999 998 1006
f 1209 1006 998
f 999 1006 1000
f 1207 999 1000
f 1206 999 1207
f 1000 1005 1001
f 1212 1000 1001
f 1000 1006 1005
f 1207 1000 1211
f 1211 1000 1212
f 1001 1004 1002
f 1215 1001 1002
f 1001 1005 1004
f 1212 1001 1215
f 1002 1004 1003
f 1002 1003 1007
f 1215 1002 1007
f 1213 1003 1004
f 1007 1003 1012
f 1224 1012 1003
f 1224 1003 1213
f 1214 1004 1005
f 1213 1004 1214
f 1209 1005 1006
f 1208 1005 1209
f 1214 1005 1208
f 1007 1012 1008
f 1216 1007 1008
f 1215 1007 1216
f 1008 1011 1009
f 1217 1008 1009
f 1008 1012 1011
f 1216 1008 1217
f 1009 1011 1010
f 1009 1010 1013
f 1217 1009 1013
f 1223 1010 1011
f 1013 1010 1018
f 1222 1018 1010
f 1222 1010 1223
f 1224 1011 1012
f 1223 1011 1224
f 1013 1018 1014
f 1218 1013 1014
f 1217 1013 1218
f 1014 1017 1015
f 1219 1014 1015
f 1014 1018 1017
f 1218 1014 1219
f 1015 1017 1016
f 1220 1015 1016
f 1219 1015 1220
f 1221 1016 1017
f 1220 1016 1221
f 1222 1017 1018
f 1221 1017 1222
f 1019 1022 1020
f 1019 1028 1022
f 1027 1028 1019
f 1020 1022 1021
f 1023 1032 1024
f 1023 1035 1032
f 1034 1035 1023
f 1024 1031 1025
f 1024 1032 1031
f 1025 1030 1026
f 1025 1031 1030
f 1026 1029 1027
f 1026 1030 1029
f 1027 1029 1028
f 1033 1036 1034
f 1033 1040 1036
f 1039 1040 1033
f 1034 1036 1035
f 1037 1042 1038
f 1037 1045 1042
f 1044 1045 1037
f 1038 1041 1039
f 1038 1042 1041
f 1039 1041 1040
f 1043 1046 1044
f 1043 1049 1046
f 1048 1049 1043
f 1044 1046 1045
f 1047 1050 1048
f 1047 1052 1050
f 1051 1052 1047
f 1048 1050 1049
f 1051 1054 1052
f 1053 1054 1051
f 1053 1057 1054
f 1056 1057 1053
f 1055 1058 1056
f 1055 1060 1058
f 1059 1060 1055
f 1056 1058 1057
f 1059 1063 1060
f 1062 1063 1059
f 1061 1064 1062
f 1061 1066 1064
f 1065 1066 1061
f 1062 1064 1063
f 1065 1069 1066
f 1068 1069 1065
f 1067 1070 1068
f 1067 1076 1070
f 1071 1076 1067
f 1068 1070 1069
f 1073 1071 1072
f 1072 1071 1080
f 1073 1076 1071
f 1106 1071 1077
f 1079 1071 1078
f 1078 1071 1088
f 1080 1071 1079
f 1088 1071 1087
f 1087 1071 1094
f 1094 1071 1098
f 1098 1071 1102
f 1102 1071 1106
f 1074 1076 1073
f 1075 1084 1074
f 1074 1084 1076
f 1081 1084 1075
f 1106 1077 1086
f 1082 1084 1081
f 1083 1091 1082
f 1082 1091 1084
f 1089 1091 1083
f 1106 1086 1085
f 1110 1085 1093
f 1106 1085 1110
f 1090 1092 1089
f 1089 1092 1091
f 1095 1092 1090
f 1095 1096 1092
f 1110 1093 1097
f 1095 1100 1096
f 1099 1100 1095
f 1114 1097 1101
f 1110 1097 1114
f 1099 1104 1100
f 1103 1104 1099
f 1114 1101 1105
f 1103 1108 1104
f 1107 1108 1103
f 1114 1105 1109
f 1107 1112 1108
f 1111 1112 1107
f 1118 1109 1113
f 1114 1109 1118
f 1111 1116 1112
f 1115 1116 1111
f 1118 1113 1117
f 1115 1120 1116
f 1119 1120 1115
f 1118 1117 1123
f 1123 1117 1122
f 1119 1125 1120
f 1124 1125 1119
f 1123 1122 1121
f 1123 1122 1126
f 1123 1126 1127
f 1125 1124 1129
f 1129 1124 1128
f 1127 1126 1130
f 1127 1130 1134
f 1127 1134 1131
f 1129 1128 1133
f 1133 1128 1132
f 1131 1134 1138
f 1131 1148 1135
f 1131 1138 1144
f 1131 1144 1148
f 1133 1132 1137
f 1137 1132 1136
f 1135 1159 1139
f 1135 1148 1154
f 1135 1154 1158
f 1135 1158 1159
f 1137 1136 1143
f 1143 1136 1142
f 1139 1174 1140
f 1139 1159 1168
f 1139 1168 1174
f 1140 1180 1145
f 1140 1174 1180
f 1147 1142 1141
f 1141 1146 1147
f 1143 1142 1147
f 1145 1182 1149
f 1145 1180 1182
f 1146 1152 1147
f 1147 1152 1153
f 1149 1191 1150
f 1149 1182 1184
f 1149 1184 1185
f 1149 1185 1188
f 1149 1188 1190
f 1149 1190 1191
f 1150 1191 1155
f 1153 1152 1151
f 1151 1156 1153
f 1153 1156 1157
f 1155 1200 1160
f 1155 1191 1194
f 1155 1194 1195
f 1155 1195 1198
f 1155 1198 1200
f 1157 1156 1167
f 1167 1156 1165
f 1160 1201 1161
f 1160 1200 1201
f 1161 1204 1162
f 1161 1201 1204
f 1162 1204 1169
f 1173 1164 1163
f 1163 1172 1173
f 1167 1165 1164
f 1167 1164 1166
f 1166 1164 1173
f 1169 1204 1170
f 1170 1204 1175
f 1172 1171 1173
f 1173 1171 1179
f 1179 1171 1178
f 1175 1204 1176
f 1177 1176 1179
f 1179 1176 1181
f 1181 1176 1183
f 1183 1176 1187
f 1187 1176 1186
f 1186 1176 1189
f 1189 1176 1193
f 1193 1176 1192
f 1192 1176 1197
f 1197 1176 1196
f 1196 1176 1199
f 1199 1176 1203
f 1203 1176 1202
f 1202 1176 1205
f 1176 1204 1205
f 1179 1178 1177
f 1205 1204 1210
f 1210 1204 1206
f 1208 1206 1207
f 1209 1206 1208
f 1210 1206 1209
f 1208 1207 1214
f 1214 1207 1211
f 1213 1211 1212
f 1214 1211 1213
f 1213 1212 1224
f 1224 1212 1215
f 1223 1215 1216
f 1224 1215 1223
f 1222 1216 1217
f 1223 1216 1222
f 1221 1217 1218
f 1222 1217 1221
f 1220 1218 1219
f 1221 1218 1220
f 1226 1282 1225
f 1439 1226 1225
f 1225 1282 1234
f 1439 1225 1234
f 1227 1283 1226
f 1440 1227 1226
f 1226 1283 1282
f 1440 1226 1439
f 1228 1283 1227
f 1433 1228 1227
f 1433 1227 1441
f 1441 1227 1440
f 1229 1283 1228
f 1434 1229 1228
f 1434 1228 1433
f 1230 1283 1229
f 1435 1230 1229
f 1435 1229 1434
f 1231 1283 1230
f 1442 1231 1230
f 1436 1230 1435
f 1442 1230 1436
f 1232 1283 1231
f 1443 1232 1231
f 1443 1231 1442
f 1235 1283 1232
f 1444 1235 1232
f 1444 1232 1443
f 1234 1282 1233
f 1438 1234 1233
f 1233 1282 1240
f 1438 1233 1240
f 1439 1234 1438
f 1236 1283 1235
f 1444 1236 1235
f 1241 1283 1236
f 1445 1241 1236
f 1445 1236 1444
f 1238 1281 1237
f 1452 1238 1237
f 1237 1281 1245
f 1452 1237 1245
f 1239 1281 1238
f 1447 1239 1238
f 1447 1238 1453
f 1453 1238 1452
f 1240 1281 1239
f 1437 1240 1239
f 1437 1239 1448
f 1448 1239 1447
f 1240 1282 1281
f 1438 1240 1437
f 1242 1283 1241
f 1445 1242 1241
f 1243 1283 1242
f 1449 1243 1242
f 1446 1242 1445
f 1449 1242 1446
f 1244 1283 1243
f 1454 1244 1243
f 1450 1243 1449
f 1454 1243 1450
f 1246 1283 1244
f 1455 1246 1244
f 1455 1244 1454
f 1245 1280 1249
f 1452 1245 1249
f 1245 1281 1280
f 1250 1283 1246
f 1455 1250 1246
f 1248 1292 1247
f 1457 1248 1247
f 1247 1292 1253
f 1462 1247 1253
f 1457 1247 1462
f 1249 1280 1248
f 1451 1249 1248
f 1248 1280 1292
f 1451 1248 1458
f 1458 1248 1457
f 1452 1249 1451
f 1251 1283 1250
f 1455 1251 1250
f 1252 1283 1251
f 1459 1252 1251
f 1456 1251 1455
f 1459 1251 1456
f 1254 1283 1252
f 1463 1254 1252
f 1460 1252 1459
f 1463 1252 1460
f 1253 1299 1256
f 1461 1253 1256
f 1253 1292 1291
f 1253 1291 1299
f 1462 1253 1461
f 1257 1283 1254
f 1463 1257 1254
f 1256 1299 1255
f 1467 1256 1255
f 1255 1299 1259
f 1467 1255 1259
f 1461 1256 1465
f 1465 1256 1467
f 1258 1283 1257
f 1466 1258 1257
f 1464 1257 1463
f 1466 1257 1464
f 1260 1283 1258
f 1468 1260 1258
f 1468 1258 1466
f 1259 1299 1262
f 1467 1259 1262
f 1263 1283 1260
f 1468 1263 1260
f 1262 1298 1261
f 1469 1262 1261
f 1261 1304 1265
f 1473 1261 1265
f 1261 1298 1304
f 1469 1261 1473
f 1262 1299 1298
f 1467 1262 1470
f 1470 1262 1469
f 1264 1283 1263
f 1471 1264 1263
f 1471 1263 1468
f 1266 1283 1264
f 1474 1266 1264
f 1472 1264 1471
f 1474 1264 1472
f 1265 1304 1268
f 1473 1265 1268
f 1269 1283 1266
f 1474 1269 1266
f 1268 1309 1267
f 1475 1268 1267
f 1267 1309 1271
f 1479 1267 1271
f 1475 1267 1479
f 1268 1304 1309
f 1473 1268 1476
f 1476 1268 1475
f 1270 1283 1269
f 1477 1270 1269
f 1477 1269 1474
f 1272 1283 1270
f 1480 1272 1270
f 1478 1270 1477
f 1480 1270 1478
f 1271 1309 1274
f 1479 1271 1274
f 1275 1283 1272
f 1480 1275 1272
f 1274 1309 1273
f 1481 1274 1273
f 1273 1308 1277
f 1485 1273 1277
f 1273 1309 1308
f 1481 1273 1485
f 1479 1274 1482
f 1482 1274 1481
f 1276 1283 1275
f 1483 1276 1275
f 1483 1275 1480
f 1278 1283 1276
f 1490 1278 1276
f 1484 1276 1483
f 1490 1276 1484
f 1277 1308 1279
f 1485 1277 1279
f 1288 1283 1278
f 1490 1288 1278
f 1279 1318 1290
f 1500 1279 1290
f 1279 1308 1314
f 1279 1314 1318
f 1485 1279 1491
f 1491 1279 1500
f 1493 1280 1281
f 1502 1292 1280
f 1492 1280 1493
f 1502 1280 1492
f 1494 1281 1282
f 1493 1281 1494
f 1487 1282 1283
f 1486 1282 1487
f 1494 1282 1486
f 1288 1284 1283
f 1488 1283 1284
f 1487 1283 1488
f 1285 1284 1288
f 1489 1284 1285
f 1488 1284 1489
f 1288 1286 1285
f 1496 1285 1286
f 1489 1285 1495
f 1495 1285 1496
f 1287 1286 1288
f 1497 1286 1287
f 1496 1286 1497
f 1295 1287 1288
f 1295 1293 1287
f 1503 1287 1293
f 1497 1287 1503
f 1505 1295 1288
f 1498 1288 1490
f 1505 1288 1498
f 1290 1318 1289
f 1499 1290 1289
f 1289 1318 1297
f 1499 1289 1297
f 1500 1290 1499
f 1502 1291 1292
f 1501 1299 1291
f 1501 1291 1502
f 1296 1294 1293
f 1504 1293 1294
f 1296 1293 1295
f 1503 1293 1504
f 1302 1294 1296
f 1302 1300 1294
f 1504 1294 1300
f 1505 1296 1295
f 1506 1302 1296
f 1506 1296 1505
f 1297 1318 1303
f 1511 1297 1303
f 1499 1297 1507
f 1507 1297 1511
f 1508 1298 1299
f 1512 1304 1298
f 1512 1298 1508
f 1508 1299 1501
f 1301 1300 1302
f 1513 1300 1301
f 1504 1300 1509
f 1509 1300 1513
f 1302 1305 1301
f 1513 1301 1305
f 1306 1305 1302
f 1514 1306 1302
f 1510 1302 1506
f 1514 1302 1510
f 1303 1318 1307
f 1511 1303 1307
f 1512 1309 1304
f 1312 1305 1306
f 1310 1305 1312
f 1513 1305 1310
f 1514 1312 1306
f 1307 1322 1313
f 1519 1307 1313
f 1307 1318 1322
f 1511 1307 1515
f 1515 1307 1519
f 1516 1308 1309
f 1520 1314 1308
f 1520 1308 1516
f 1516 1309 1512
f 1311 1310 1312
f 1521 1310 1311
f 1513 1310 1517
f 1517 1310 1521
f 1316 1311 1312
f 1316 1315 1311
f 1521 1311 1315
f 1522 1316 1312
f 1518 1312 1514
f 1522 1312 1518
f 1313 1322 1317
f 1519 1313 1317
f 1520 1318 1314
f 1320 1315 1316
f 1320 1319 1315
f 1521 1315 1319
f 1522 1320 1316
f 1317 1326 1321
f 1527 1317 1321
f 1317 1322 1326
f 1519 1317 1523
f 1523 1317 1527
f 1528 1322 1318
f 1524 1318 1520
f 1528 1318 1524
f 1324 1319 1320
f 1323 1319 1324
f 1529 1319 1323
f 1521 1319 1525
f 1525 1319 1529
f 1530 1324 1320
f 1526 1320 1522
f 1530 1320 1526
f 1321 1326 1325
f 1527 1321 1325
f 1528 1326 1322
f 1328 1323 1324
f 1328 1327 1323
f 1529 1323 1327
f 1530 1328 1324
f 1325 1326 1329
f 1535 1325 1329
f 1527 1325 1531
f 1531 1325 1535
f 1329 1326 1330
f 1536 1330 1326
f 1532 1326 1528
f 1536 1326 1532
f 1332 1327 1328
f 1332 1331 1327
f 1537 1327 1331
f 1529 1327 1533
f 1533 1327 1537
f 1538 1332 1328
f 1534 1328 1530
f 1538 1328 1534
f 1329 1330 1333
f 1535 1329 1333
f 1330 1334 1333
f 1536 1334 1330
f 1336 1331 1332
f 1336 1335 1331
f 1537 1331 1335
f 1538 1336 1332
f 1333 1334 1337
f 1543 1333 1337
f 1535 1333 1539
f 1539 1333 1543
f 1337 1334 1338
f 1544 1338 1334
f 1540 1334 1536
f 1544 1334 1540
f 1340 1335 1336
f 1340 1339 1335
f 1545 1335 1339
f 1537 1335 1541
f 1541 1335 1545
f 1546 1340 1336
f 1542 1336 1538
f 1546 1336 1542
f 1337 1338 1341
f 1543 1337 1341
f 1338 1342 1341
f 1544 1342 1338
f 1344 1339 1340
f 1344 1343 1339
f 1545 1339 1343
f 1546 1344 1340
f 1341 1342 1345
f 1551 1341 1345
f 1543 1341 1547
f 1547 1341 1551
f 1345 1342 1346
f 1552 1346 1342
f 1548 1342 1544
f 1552 1342 1548
f 1348 1343 1344
f 1348 1347 1343
f 1555 1343 1347
f 1545 1343 1549
f 1549 1343 1555
f 1556 1348 1344
f 1550 1344 1546
f 1556 1344 1550
f 1345 1346 1350
f 1345 1350 1349
f 1557 1345 1349
f 1551 1345 1557
f 1552 1350 1346
f 1348 1353 1347
f 1555 1347 1353
f 1354 1353 1348
f 1556 1354 1348
f 1349 1350 1351
f 1349 1351 1355
f 1561 1349 1355
f 1557 1349 1561
f 1552 1351 1350
f 1351 1356 1355
f 1562 1356 1351
f 1553 1351 1552
f 1558 1351 1553
f 1562 1351 1558
f 1354 1352 1353
f 1554 1353 1352
f 1358 1352 1354
f 1358 1357 1352
f 1565 1352 1357
f 1554 1352 1559
f 1559 1352 1565
f 1555 1353 1554
f 1560 1358 1354
f 1560 1354 1556
f 1355 1356 1359
f 1561 1355 1359
f 1359 1356 1360
f 1562 1360 1356
f 1366 1357 1358
f 1365 1357 1366
f 1565 1357 1365
f 1566 1366 1358
f 1566 1358 1560
f 1359 1360 1361
f 1359 1361 1362
f 1359 1362 1367
f 1572 1359 1367
f 1561 1359 1567
f 1567 1359 1571
f 1571 1359 1572
f 1562 1361 1360
f 1573 1362 1361
f 1563 1361 1562
f 1568 1361 1563
f 1573 1361 1568
f 1367 1362 1368
f 1574 1368 1362
f 1574 1362 1573
f 1366 1363 1364
f 1577 1364 1363
f 1370 1363 1366
f 1370 1369 1363
f 1577 1363 1369
f 1366 1364 1365
f 1564 1365 1364
f 1564 1364 1569
f 1569 1364 1578
f 1578 1364 1577
f 1565 1365 1564
f 1580 1370 1366
f 1570 1366 1566
f 1580 1366 1570
f 1367 1368 1371
f 1572 1367 1371
f 1368 1372 1371
f 1574 1372 1368
f 1380 1369 1370
f 1380 1379 1369
f 1577 1369 1379
f 1579 1380 1370
f 1579 1370 1580
f 1371 1372 1373
f 1373 1374 1371
f 1371 1374 1375
f 1371 1375 1381
f 1587 1371 1381
f 1572 1371 1581
f 1581 1371 1587
f 1574 1373 1372
f 1582 1374 1373
f 1575 1373 1574
f 1582 1373 1575
f 1588 1375 1374
f 1583 1374 1582
f 1588 1374 1583
f 1375 1376 1382
f 1589 1376 1375
f 1381 1375 1382
f 1589 1375 1588
f 1376 1377 1380
f 1590 1377 1376
f 1382 1376 1380
f 1590 1376 1589
f 1380 1377 1378
f 1584 1378 1377
f 1584 1377 1591
f 1591 1377 1590
f 1380 1378 1379
f 1576 1379 1378
f 1576 1378 1585
f 1585 1378 1584
f 1577 1379 1576
f 1592 1382 1380
f 1586 1380 1579
f 1592 1380 1586
f 1381 1382 1383
f 1587 1381 1383
f 1383 1382 1386
f 1592 1386 1382
f 1383 1386 1384
f 1593 1383 1384
f 1587 1383 1593
f 1384 1386 1385
f 1384 1385 1387
f 1595 1384 1387
f 1593 1384 1595
f 1592 1385 1386
f 1387 1385 1388
f 1596 1388 1385
f 1594 1385 1592
f 1596 1385 1594
f 1387 1388 1389
f 1595 1387 1389
f 1389 1388 1392
f 1596 1392 1388
f 1389 1392 1390
f 1598 1389 1390
f 1595 1389 1597
f 1597 1389 1598
f 1390 1392 1391
f 1390 1391 1393
f 1601 1390 1393
f 1598 1390 1601
f 1600 1391 1392
f 1393 1391 1394
f 1602 1394 1391
f 1599 1391 1600
f 1602 1391 1599
f 1600 1392 1596
f 1393 1394 1395
f 1601 1393 1395
f 1395 1394 1398
f 1602 1398 1394
f 1395 1398 1396
f 1604 1395 1396
f 1601 1395 1603
f 1603 1395 1604
f 1396 1398 1397
f 1396 1397 1399
f 1607 1396 1399
f 1604 1396 1607
f 1606 1397 1398
f 1399 1397 1400
f 1610 1400 1397
f 1605 1397 1606
f 1610 1397 1605
f 1606 1398 1602
f 1399 1400 1401
f 1608 1399 1401
f 1607 1399 1608
f 1401 1400 1402
f 1610 1402 1400
f 1401 1402 1403
f 1614 1401 1403
f 1608 1401 1611
f 1611 1401 1613
f 1613 1401 1614
f 1403 1402 1404
f 1616 1404 1402
f 1609 1402 1610
f 1612 1402 1609
f 1616 1402 1612
f 1403 1404 1405
f 1614 1403 1405
f 1405 1404 1410
f 1615 1410 1404
f 1615 1404 1616
f 1405 1410 1406
f 1617 1405 1406
f 1614 1405 1617
f 1406 1409 1407
f 1619 1406 1407
f 1406 1410 1409
f 1617 1406 1619
f 1407 1409 1408
f 1407 1408 1411
f 1619 1407 1411
f 1618 1408 1409
f 1411 1408 1412
f 1622 1412 1408
f 1622 1408 1618
f 1615 1409 1410
f 1618 1409 1615
f 1411 1412 1413
f 1619 1411 1413
f 1413 1412 1420
f 1622 1420 1412
f 1413 1420 1414
f 1620 1413 1414
f 1619 1413 1620
f 1414 1419 1415
f 1624 1414 1415
f 1414 1420 1419
f 1620 1414 1623
f 1623 1414 1624
f 1415 1418 1416
f 1627 1415 1416
f 1415 1419 1418
f 1624 1415 1627
f 1416 1418 1417
f 1416 1417 1421
f 1627 1416 1421
f 1625 1417 1418
f 1421 1417 1426
f 1636 1426 1417
f 1636 1417 1625
f 1626 1418 1419
f 1625 1418 1626
f 1622 1419 1420
f 1621 1419 1622
f 1626 1419 1621
f 1421 1426 1422
f 1628 1421 1422
f 1627 1421 1628
f 1422 1425 1423
f 1629 1422 1423
f 1422 1426 1425
f 1628 1422 1629
f 1423 1425 1424
f 1423 1424 1427
f 1629 1423 1427
f 1635 1424 1425
f 1427 1424 1432
f 1634 1432 1424
f 1634 1424 1635
f 1636 1425 1426
f 1635 1425 1636
f 1427 1432 1428
f 1630 1427 1428
f 1629 1427 1630
f 1428 1431 1429
f 1631 1428 1429
f 1428 1432 1431
f 1630 1428 1631
f 1429 1431 1430
f 1632 1429 1430
f 1631 1429 1632
f 1633 1430 1431
f 1632 1430 1633
f 1634 1431 1432
f 1633 1431 1634
f 1433 1436 1434
f 1433 1442 1436
f 1441 1442 1433
f 1434 1436 1435
f 1437 1446 1438
f 1437 1449 1446
f 1448 1449 1437
f 1438 1445 1439
f 1438 1446 1445
f 1439 1444 1440
f 1439 1445 1444
f 1440 1443 1441
f 1440 1444 1443
f 1441 1443 1442
f 1447 1450 1448
f 1447 1454 1450
f 1453 1454 1447
f 1448 1450 1449
f 1451 1456 1452
f 1451 1459 1456
f 1458 1459 1451
f 1452 1455 1453
f 1452 1456 1455
f 1453 1455 1454
f 1457 1460 1458
f 1457 1463 1460
f 1462 1463 1457
f 1458 1460 1459
f 1461 1464 1462
f 1461 1466 1464
f 1465 1466 1461
f 1462 1464 1463
f 1465 1468 1466
f 1467 1468 1465
f 1467 1471 1468
f 1470 1471 1467
f 1469 1472 1470
f 1469 1474 1472
f 1473 1474 1469
f 1470 1472 1471
f 1473 1477 1474
f 1476 1477 1473
f 1475 1478 1476
f 1475 1480 1478
f 1479 1480 1475
f 1476 1478 1477
f 1479 1483 1480
f 1482 1483 1479
f 1481 1484 1482
f 1481 1490 1484
f 1485 1490 1481
f 1482 1484 1483
f 1487 1485 1486
f 1486 1485 1494
f 1487 1490 1485
f 1520 1485 1491
f 1493 1485 1492
f 1492 1485 1502
f 1494 1485 1493
f 1502 1485 1501
f 1501 1485 1508
f 1508 1485 1512
f 1512 1485 1516
f 1516 1485 1520
f 1488 1490 1487
f 1489 1498 1488
f 1488 1498 1490
f 1495 1498 1489
f 1520 1491 1500
f 1496 1498 1495
f 1497 1505 1496
f 1496 1505 1498
f 1503 1505 1497
f 1520 1500 1499
f 1524 1499 1507
f 1520 1499 1524
f 1504 1506 1503
f 1503 1506 1505
f 1509 1506 1504
f 1509 1510 1506
f 1524 1507 1511
f 1509 1514 1510
f 1513 1514 1509
f 1528 1511 1515
f 1524 1511 1528
f 1513 1518 1514
f 1517 1518 1513
f 1528 1515 1519
f 1517 1522 1518
f 1521 1522 1517
f 1528 1519 1523
f 1521 1526 1522
f 1525 1526 1521
f 1532 1523 1527
f 1528 1523 1532
f 1525 1530 1526
f 1529 1530 1525
f 1532 1527 1531
f 1529 1534 1530
f 1533 1534 1529
f 1532 1531 1536
f 1536 1531 1535
f 1533 1538 1534
f 1537 1538 1533
f 1536 1535 1539
f 1536 1539 1540
f 1538 1537 1542
f 1542 1537 1541
f 1540 1539 1543
f 1540 1543 1547
f 1540 1547 1544
f 1542 1541 1546
f 1546 1541 1545
f 1544 1547 1551
f 1544 1561 1548
f 1544 1551 1557
f 1544 1557 1561
f 1546 1545 1550
f 1550 1545 1549
f 1548 1572 1552
f 1548 1561 1567
f 1548 1567 1571
f 1548 1571 1572
f 1550 1549 1556
f 1556 1549 1555
f 1552 1587 1553
f 1552 1572 1581
f 1552 1581 1587
f 1553 1593 1558
f 1553 1587 1593
f 1560 1555 1554
f 1554 1559 1560
f 1556 1555 1560
f 1558 1595 1562
f 1558 1593 1595
f 1559 1565 1560
f 1560 1565 1566
f 1562 1604 1563
f 1562 1595 1597
f 1562 1597 1598
f 1562 1598 1601
f 1562 1601 1603
f 1562 1603 1604
f 1563 1604 1568
f 1566 1565 1564
f 1564 1569 1566
f 1566 1569 1570
f 1568 1613 1573
f 1568 1604 1607
f 1568 1607 1608
f 1568 1608 1611
f 1568 1611 1613
f 1570 1569 1580
f 1580 1569 1578
f 1573 1614 1574
f 1573 1613 1614
f 1574 1617 1575
f 1574 1614 1617
f 1575 1617 1582
f 1586 1577 1576
f 1576 1585 1586
f 1580 1578 1577
f 1580 1577 1579
f 1579 1577 1586
f 1582 1617 1583
f 1583 1617 1588
f 1585 1584 1586
f 1586 1584 1592
f 1592 1584 1591
f 1588 1617 1589
f 1590 1589 1592
f 1592 1589 1594
f 1594 1589 1596
f 1596 1589 1600
f 1600 1589 1599
f 1599 1589 1602
f 1602 1589 1606
f 1606 1589 1605
f 1605 1589 1610
f 1610 1589 1609
f 1609 1589 1612
f 1612 1589 1616
f 1616 1589 1615
f 1615 1589 1618
f 1589 1617 1618
f 1592 1591 1590
f 1618 1617 1622
f 1622 1617 1619
f 1621 1619 1620
f 1622 1619 1621
f 1621 1620 1626
f 1626 1620 1623
f 1625 1623 1624
f 1626 1623 1625
f 1625 1624 1636
f 1636 1624 1627
f 1635 1627 1628
f 1636 1627 1635
f 1634 1628 1629
f 1635 1628 1634
f 1633 1629 1630
f 1634 1629 1633
f 1632 1630 1631
f 1633 1630 1632
f 1638 1735 1637
f 1778 1638 1637
f 1637 1735 1654
f 1796 1637 1654
f 1778 1637 1796
f 1639 1736 1638
f 1779 1639 1638
f 1638 1736 1735
f 1779 1638 1778
f 1640 1737 1639
f 1780 1640 1639
f 1639 1737 1736
f 1780 1639 1779
f 1641 1738 1640
f 1781 1641 1640
f 1640 1738 1737
f 1781 1640 1780
f 1642 1739 1641
f 1782 1642 1641
f 1641 1739 1738
f 1782 1641 1781
f 1643 1740 1642
f 1783 1643 1642
f 1642 1740 1739
f 1783 1642 1782
f 1644 1741 1643
f 1784 1644 1643
f 1643 1741 1740
f 1784 1643 1783
f 1741 1644 1645
f 1785 1645 1644
f 1785 1644 1784
f 1741 1645 1646
f 1786 1646 1645
f 1786 1645 1785
f 1646 1647 1741
f 1787 1647 1646
f 1787 1646 1786
f 1741 1647 1648
f 1788 1648 1647
f 1788 1647 1787
f 1741 1648 1649
f 1789 1649 1648
f 1789 1648 1788
f 1649 1650 1741
f 1790 1650 1649
f 1790 1649 1789
f 1741 1650 1651
f 1791 1651 1650
f 1791 1650 1790
f 1741 1651 1652
f 1792 1652 1651
f 1792 1651 1791
f 1652 1653 1741
f 1793 1653 1652
f 1793 1652 1792
f 1741 1653 1655
f 1794 1655 1653
f 1794 1653 1793
f 1654 1734 1660
f 1795 1654 1660
f 1654 1735 1734
f 1796 1654 1795
f 1741 1655 1661
f 1797 1661 1655
f 1797 1655 1794
f 1657 1758 1656
f 1814 1657 1656
f 1656 1757 1669
f 1813 1656 1669
f 1656 1758 1757
f 1814 1656 1813
f 1658 1759 1657
f 1807 1658 1657
f 1657 1759 1758
f 1807 1657 1814
f 1659 1752 1658
f 1808 1659 1658
f 1658 1752 1759
f 1808 1658 1807
f 1660 1733 1659
f 1809 1660 1659
f 1659 1733 1752
f 1809 1659 1808
f 1660 1734 1733
f 1795 1660 1809
f 1661 1662 1741
f 1798 1662 1661
f 1798 1661 1797
f 1741 1662 1663
f 1810 1663 1662
f 1810 1662 1798
f 1741 1663 1664
f 1811 1664 1663
f 1811 1663 1810
f 1664 1665 1741
f 1812 1665 1664
f 1812 1664 1811
f 1741 1665 1670
f 1815 1670 1665
f 1815 1665 1812
f 1667 1755 1666
f 1829 1667 1666
f 1666 1767 1676
f 1841 1666 1676
f 1666 1755 1767
f 1829 1666 1841
f 1668 1756 1667
f 1825 1668 1667
f 1667 1756 1755
f 1825 1667 1829
f 1669 1757 1668
f 1826 1669 1668
f 1668 1757 1756
f 1826 1668 1825
f 1813 1669 1826
f 1741 1670 1671
f 1816 1671 1670
f 1816 1670 1815
f 1671 1672 1741
f 1827 1672 1671
f 1827 1671 1816
f 1741 1672 1673
f 1828 1673 1672
f 1828 1672 1827
f 1741 1673 1677
f 1830 1677 1673
f 1830 1673 1828
f 1675 1772 1674
f 1839 1675 1674
f 1674 1772 1682
f 1855 1674 1682
f 1839 1674 1855
f 1676 1773 1675
f 1840 1676 1675
f 1675 1773 1772
f 1840 1675 1839
f 1676 1767 1773
f 1841 1676 1840
f 1677 1678 1741
f 1842 1678 1677
f 1842 1677 1830
f 1741 1678 1679
f 1843 1679 1678
f 1843 1678 1842
f 1741 1679 1683
f 1844 1683 1679
f 1844 1679 1843
f 1681 1802 1680
f 1853 1681 1680
f 1680 1801 1687
f 1866 1680 1687
f 1680 1802 1801
f 1853 1680 1866
f 1682 1771 1681
f 1854 1682 1681
f 1681 1771 1802
f 1854 1681 1853
f 1682 1772 1771
f 1855 1682 1854
f 1683 1684 1741
f 1856 1684 1683
f 1856 1683 1844
f 1741 1684 1685
f 1857 1685 1684
f 1857 1684 1856
f 1741 1685 1688
f 1858 1688 1685
f 1858 1685 1857
f 1687 1800 1686
f 1865 1687 1686
f 1686 1800 1690
f 1869 1686 1690
f 1865 1686 1869
f 1687 1801 1800
f 1866 1687 1865
f 1688 1689 1741
f 1867 1689 1688
f 1867 1688 1858
f 1741 1689 1691
f 1868 1691 1689
f 1868 1689 1867
f 1690 1820 1693
f 1877 1690 1693
f 1690 1800 1820
f 1869 1690 1877
f 1741 1691 1694
f 1870 1694 1691
f 1870 1691 1868
f 1693 1819 1692
f 1879 1693 1692
f 1692 1818 1697
f 1890 1692 1697
f 1692 1819 1818
f 1879 1692 1890
f 1693 1820 1819
f 1877 1693 1879
f 1694 1695 1741
f 1878 1695 1694
f 1878 1694 1870
f 1741 1695 1698
f 1880 1698 1695
f 1880 1695 1878
f 1697 1831 1696
f 1889 1697 1696
f 1696 1835 1701
f 1900 1696 1701
f 1696 1831 1835
f 1889 1696 1900
f 1697 1818 1831
f 1890 1697 1889
f 1741 1698 1699
f 1891 1699 1698
f 1891 1698 1880
f 1699 1702 1741
f 1892 1702 1699
f 1892 1699 1891
f 1701 1834 1700
f 1899 1701 1700
f 1700 1845 1705
f 1910 1700 1705
f 1700 1834 1845
f 1899 1700 1910
f 1701 1835 1834
f 1900 1701 1899
f 1741 1702 1703
f 1901 1703 1702
f 1901 1702 1892
f 1741 1703 1706
f 1902 1706 1703
f 1902 1703 1901
f 1705 1849 1704
f 1909 1705 1704
f 1704 1848 1709
f 1921 1704 1709
f 1704 1849 1848
f 1909 1704 1921
f 1705 1845 1849
f 1910 1705 1909
f 1706 1707 1741
f 1911 1707 1706
f 1911 1706 1902
f 1741 1707 1710
f 1912 1710 1707
f 1912 1707 1911
f 1709 1859 1708
f 1923 1709 1708
f 1708 1862 1712
f 1931 1708 1712
f 1708 1859 1862
f 1923 1708 1931
f 1709 1848 1859
f 1921 1709 1923
f 1741 1710 1711
f 1922 1711 1710
f 1922 1710 1912
f 1711 1713 1741
f 1924 1713 1711
f 1924 1711 1922
f 1712 1862 1714
f 1933 1712 1714
f 1931 1712 1933
f 1741 1713 1715
f 1932 1715 1713
f 1932 1713 1924
f 1714 1873 1716
f 1941 1714 1716
f 1714 1862 1873
f 1933 1714 1941
f 1741 1715 1717
f 1934 1717 1715
f 1934 1715 1932
f 1716 1872 1719
f 1950 1716 1719
f 1716 1873 1872
f 1941 1716 1950
f 1717 1720 1741
f 1942 1720 1717
f 1942 1717 1934
f 1719 1881 1718
f 1949 1719 1718
f 1718 1885 1722
f 1961 1718 1722
f 1718 1881 1885
f 1949 1718 1961
f 1719 1872 1881
f 1950 1719 1949
f 1741 1720 1721
f 1951 1721 1720
f 1951 1720 1942
f 1741 1721 1723
f 1952 1723 1721
f 1952 1721 1951
f 1722 1884 1724
f 1963 1722 1724
f 1722 1885 1884
f 1961 1722 1963
f 1723 1725 1741
f 1962 1725 1723
f 1962 1723 1952
f 1724 1895 1726
f 1969 1724 1726
f 1724 1884 1895
f 1963 1724 1969
f 1741 1725 1727
f 1964 1727 1725
f 1964 1725 1962
f 1726 1894 1728
f 1977 1726 1728
f 1726 1895 1894
f 1969 1726 1977
f 1741 1727 1729
f 1970 1729 1727
f 1970 1727 1964
f 1728 1905 1730
f 1979 1728 1730
f 1728 1894 1905
f 1977 1728 1979
f 1729 1731 1741
f 1978 1731 1729
f 1978 1729 1970
f 1730 1904 1732
f 1987 1730 1732
f 1730 1905 1904
f 1979 1730 1987
f 1731 1742 1741
f 1731 1743 1742
f 1744 1743 1731
f 1731 1745 1744
f 1731 1746 1745
f 1747 1746 1731
f 1731 1748 1747
f 1749 1748 1731
f 1731 1750 1749
f 1731 1753 1750
f 1751 1907 1731
f 1980 1751 1731
f 1760 1753 1731
f 1731 1761 1760
f 1731 1762 1761
f 1731 1763 1762
f 1731 1764 1763
f 1768 1764 1731
f 1731 1774 1768
f 1731 1775 1774
f 1731 1776 1775
f 1731 1803 1776
f 1804 1803 1731
f 1731 1805 1804
f 1821 1805 1731
f 1731 1822 1821
f 1731 1823 1822
f 1832 1823 1731
f 1731 1836 1832
f 1731 1837 1836
f 1846 1837 1731
f 1731 1850 1846
f 1731 1851 1850
f 1860 1851 1731
f 1731 1863 1860
f 1874 1863 1731
f 1731 1875 1874
f 1731 1882 1875
f 1886 1882 1731
f 1731 1887 1886
f 1731 1896 1887
f 1897 1896 1731
f 1731 1906 1897
f 1731 1907 1906
f 1980 1731 1978
f 1732 1913 1754
f 2017 1732 1754
f 1732 1904 1913
f 1987 1732 2017
f 1989 1733 1734
f 1988 1752 1733
f 1988 1733 1989
f 1990 1734 1735
f 1989 1734 1990
f 1991 1735 1736
f 1990 1735 1991
f 1992 1736 1737
f 1991 1736 1992
f 1993 1737 1738
f 1992 1737 1993
f 1994 1738 1739
f 1993 1738 1994
f 1995 1739 1740
f 1994 1739 1995
f 1996 1740 1741
f 1995 1740 1996
f 1997 1741 1742
f 1996 1741 1997
f 1998 1742 1743
f 1997 1742 1998
f 1999 1743 1744
f 1998 1743 1999
f 2000 1744 1745
f 1999 1744 2000
f 2001 1745 1746
f 2000 1745 2001
f 2002 1746 1747
f 2001 1746 2002
f 2003 1747 1748
f 2002 1747 2003
f 2004 1748 1749
f 2003 1748 2004
f 2005 1749 1750
f 2004 1749 2005
f 2009 1750 1753
f 2005 1750 2009
f 1765 1914 1751
f 2006 1765 1751
f 1751 1914 1907
f 2006 1751 1980
f 2008 1759 1752
f 2008 1752 1988
f 2010 1753 1760
f 2009 1753 2010
f 1754 1917 1766
f 2027 1754 1766
f 1754 1913 1917
f 2017 1754 2027
f 2019 1755 1756
f 2018 1767 1755
f 2018 1755 2019
f 2020 1756 1757
f 2019 1756 2020
f 2021 1757 1758
f 2020 1757 2021
f 2007 1758 1759
f 2021 1758 2007
f 2007 1759 2008
f 2022 1760 1761
f 2010 1760 2022
f 2023 1761 1762
f 2022 1761 2023
f 2024 1762 1763
f 2023 1762 2024
f 2025 1763 1764
f 2024 1763 2025
f 2029 1764 1768
f 2025 1764 2029
f 1769 1918 1765
f 2026 1769 1765
f 1765 1918 1914
f 2026 1765 2006
f 1766 1916 1770
f 2037 1766 1770
f 1766 1917 1916
f 2027 1766 2037
f 2028 1773 1767
f 2028 1767 2018
f 2040 1768 1774
f 2029 1768 2040
f 1777 1919 1769
f 2030 1777 1769
f 1769 1919 1918
f 2030 1769 2026
f 1770 1927 1799
f 2051 1770 1799
f 1770 1916 1927
f 2037 1770 2051
f 2038 1771 1772
f 2044 1802 1771
f 2044 1771 2038
f 2039 1772 1773
f 2038 1772 2039
f 2039 1773 2028
f 2041 1774 1775
f 2040 1774 2041
f 2045 1775 1776
f 2041 1775 2045
f 2046 1776 1803
f 2045 1776 2046
f 1806 1928 1777
f 2042 1806 1777
f 1777 1928 1919
f 2042 1777 2030
f 1779 1778 1996
f 1996 1778 1796
f 1996 1780 1779
f 1996 1781 1780
f 1782 1781 1996
f 1996 1783 1782
f 1996 1784 1783
f 1785 1784 1996
f 1996 1786 1785
f 1996 1787 1786
f 1787 1997 1788
f 1997 1787 1996
f 1788 1998 1789
f 1788 1997 1998
f 1789 1999 1790
f 1789 1998 1999
f 1790 1999 1791
f 1791 1999 1792
f 1792 1999 1793
f 1793 1999 1794
f 1794 1999 1797
f 1996 1796 1795
f 1795 1809 1996
f 1797 1999 1798
f 1798 2000 1810
f 1798 1999 2000
f 1799 1926 1817
f 2067 1799 1817
f 1799 1927 1926
f 2051 1799 2067
f 2053 1800 1801
f 2057 1820 1800
f 2052 1800 2053
f 2057 1800 2052
f 2043 1801 1802
f 2053 1801 2043
f 2043 1802 2044
f 2054 1803 1804
f 2046 1803 2054
f 2055 1804 1805
f 2054 1804 2055
f 2071 1805 1821
f 2055 1805 2058
f 2058 1805 2071
f 1824 1929 1806
f 2056 1824 1806
f 1806 1929 1928
f 2056 1806 2042
f 1996 1808 1807
f 1807 1814 1996
f 1996 1809 1808
f 1810 2000 1811
f 1811 2000 1812
f 1812 2000 1815
f 1996 1814 1813
f 1996 1813 1826
f 1815 2000 1816
f 1816 2000 1827
f 1817 1936 1833
f 2083 1817 1833
f 1817 1926 1937
f 1817 1937 1936
f 2067 1817 2075
f 2075 1817 2083
f 2069 1818 1819
f 2068 1831 1818
f 2068 1818 2069
f 2070 1819 1820
f 2069 1819 2070
f 2070 1820 2057
f 2072 1821 1822
f 2071 1821 2072
f 2073 1822 1823
f 2072 1822 2073
f 2077 1823 1832
f 2073 1823 2077
f 1838 1929 1824
f 2078 1838 1824
f 2074 1824 2056
f 2078 1824 2074
f 1826 1825 1996
f 1996 1825 1829
f 1827 2000 1828
f 1828 2000 1830
f 1996 1829 1841
f 1830 2000 1842
f 2076 1835 1831
f 2076 1831 2068
f 2086 1832 1836
f 2077 1832 2086
f 1833 1945 1847
f 2097 1833 1847
f 1833 1936 1945
f 2083 1833 2097
f 2085 1834 1835
f 2084 1845 1834
f 2084 1834 2085
f 2085 1835 2076
f 2087 1836 1837
f 2086 1836 2087
f 2090 1837 1846
f 2087 1837 2090
f 1852 1929 1838
f 2088 1852 1838
f 2088 1838 2078
f 1996 1840 1839
f 1996 1839 1855
f 1841 1840 1996
f 1842 2000 1843
f 1843 2000 1844
f 1844 2000 1856
f 2089 1849 1845
f 2089 1845 2084
f 2100 1846 1850
f 2090 1846 2100
f 1847 1944 1861
f 2109 1847 1861
f 1847 1945 1944
f 2097 1847 2109
f 2099 1848 1849
f 2098 1859 1848
f 2098 1848 2099
f 2099 1849 2089
f 2101 1850 1851
f 2100 1850 2101
f 2104 1851 1860
f 2101 1851 2104
f 1864 1929 1852
f 2102 1864 1852
f 2102 1852 2088
f 1996 1854 1853
f 1996 1853 1866
f 1855 1854 1996
f 1856 2000 1857
f 1857 2000 1858
f 1858 2000 1867
f 2103 1862 1859
f 2103 1859 2098
f 2111 1860 1863
f 2104 1860 2111
f 1861 1956 1871
f 2119 1861 1871
f 1861 1944 1957
f 1861 1957 1956
f 2109 1861 2113
f 2113 1861 2119
f 2110 1873 1862
f 2110 1862 2103
f 2122 1863 1874
f 2111 1863 2122
f 1876 1929 1864
f 2114 1876 1864
f 2112 1864 2102
f 2114 1864 2112
f 1866 1865 1996
f 1996 1865 1869
f 1867 2000 1868
f 1868 2000 1870
f 1996 1869 1877
f 1870 2000 1878
f 1871 1966 1883
f 2133 1871 1883
f 1871 1956 1966
f 2119 1871 2133
f 2121 1872 1873
f 2120 1881 1872
f 2120 1872 2121
f 2121 1873 2110
f 2123 1874 1875
f 2122 1874 2123
f 2126 1875 1882
f 2123 1875 2126
f 1888 1929 1876
f 2124 1888 1876
f 2124 1876 2114
f 1877 1879 1996
f 1878 2000 1880
f 1996 1879 1890
f 1880 2000 1891
f 2125 1885 1881
f 2125 1881 2120
f 2136 1882 1886
f 2126 1882 2136
f 1883 1971 1893
f 2143 1883 1893
f 1883 1966 1971
f 2133 1883 2143
f 2135 1884 1885
f 2134 1895 1884
f 2134 1884 2135
f 2135 1885 2125
f 2137 1886 1887
f 2136 1886 2137
f 2146 1887 1896
f 2137 1887 2146
f 1898 1929 1888
f 2138 1898 1888
f 2138 1888 2124
f 1996 1890 1889
f 1889 1900 1996
f 1891 2000 1892
f 1892 2000 1901
f 1893 1974 1903
f 2149 1893 1903
f 1893 1971 1974
f 2143 1893 2149
f 2145 1894 1895
f 2144 1905 1894
f 2144 1894 2145
f 2145 1895 2134
f 2147 1896 1897
f 2146 1896 2147
f 2151 1897 1906
f 2147 1897 2151
f 1908 1929 1898
f 2148 1908 1898
f 2148 1898 2138
f 1996 1900 1899
f 1996 1899 1910
f 1901 2000 1902
f 1902 2000 1911
f 1903 1984 1915
f 2167 1903 1915
f 1903 1974 1981
f 1903 1981 1984
f 2149 1903 2159
f 2159 1903 2167
f 2150 1904 1905
f 2157 1913 1904
f 2157 1904 2150
f 2150 1905 2144
f 2158 1906 1907
f 2151 1906 2158
f 2161 1907 1914
f 2158 1907 2161
f 1920 1929 1908
f 2162 1920 1908
f 2152 1908 2148
f 2162 1908 2152
f 1910 1909 1996
f 1996 1909 1921
f 1911 2000 1912
f 1912 2000 1922
f 2160 1917 1913
f 2160 1913 2157
f 2169 1914 1918
f 2161 1914 2169
f 1915 2013 1925
f 2181 1915 1925
f 1915 1984 2013
f 2167 1915 2181
f 2168 1916 1917
f 2171 1927 1916
f 2171 1916 2168
f 2168 1917 2160
f 2172 1918 1919
f 2169 1918 2172
f 2183 1919 1928
f 2172 1919 2183
f 1930 1929 1920
f 2170 1930 1920
f 2170 1920 2162
f 1996 1921 1923
f 1922 2000 1924
f 1923 1931 1996
f 1924 2000 1932
f 1925 2012 1935
f 2191 1925 1935
f 1925 2013 2012
f 2181 1925 2191
f 2182 1926 1927
f 2185 1937 1926
f 2185 1926 2182
f 2182 1927 2171
f 2186 1928 1929
f 2183 1928 2186
f 1940 1929 1930
f 1940 1938 1929
f 2193 1929 1938
f 2186 1929 2193
f 2184 1940 1930
f 2184 1930 2170
f 1996 1931 1933
f 1932 2000 1934
f 1996 1933 1941
f 1934 2000 1942
f 1935 2033 1943
f 2201 1935 1943
f 1935 2012 2033
f 2191 1935 2201
f 2192 1936 1937
f 2195 1945 1936
f 2195 1936 2192
f 2192 1937 2185
f 1948 1939 1938
f 2196 1938 1939
f 1948 1938 1940
f 2193 1938 2196
f 1948 1946 1939
f 2203 1939 1946
f 2196 1939 2203
f 2194 1948 1940
f 2194 1940 2184
f 1941 1950 1996
f 1942 2000 1951
f 1943 2032 1953
f 2205 1943 1953
f 1943 2033 2032
f 2201 1943 2205
f 2202 1944 1945
f 2206 1957 1944
f 2206 1944 2202
f 2202 1945 2195
f 1954 1947 1946
f 2207 1946 1947
f 1954 1946 1948
f 2203 1946 2207
f 1954 1958 1947
f 2216 1947 1958
f 2207 1947 2216
f 2204 1954 1948
f 2204 1948 2194
f 1996 1950 1949
f 1996 1949 1961
f 1951 2000 1952
f 1952 2000 1962
f 1953 2048 1955
f 2217 1953 1955
f 1953 2032 2048
f 2205 1953 2217
f 1960 1958 1954
f 2208 1960 1954
f 2208 1954 2204
f 1955 2060 1965
f 2225 1955 1965
f 1955 2048 2060
f 2217 1955 2225
f 2215 1956 1957
f 2218 1966 1956
f 2218 1956 2215
f 2215 1957 2206
f 1960 1959 1958
f 2219 1958 1959
f 2216 1958 2219
f 1968 1959 1960
f 1968 1967 1959
f 2227 1959 1967
f 2219 1959 2227
f 2220 1968 1960
f 2220 1960 2208
f 1961 1963 1996
f 1962 2000 1964
f 1996 1963 1969
f 1964 2000 1970
f 1965 2064 1973
f 2235 1965 1973
f 1965 2060 2064
f 2225 1965 2235
f 2226 1971 1966
f 2226 1966 2218
f 1968 1972 1967
f 2230 1967 1972
f 2227 1967 2230
f 1976 1972 1968
f 2228 1976 1968
f 2228 1968 2220
f 1996 1969 1977
f 1970 2000 1978
f 2229 1974 1971
f 2229 1971 2226
f 1976 1975 1972
f 2237 1972 1975
f 2230 1972 2237
f 1973 2080 1983
f 2245 1973 1983
f 1973 2064 2080
f 2235 1973 2245
f 2236 1981 1974
f 2236 1974 2229
f 1976 1982 1975
f 2240 1975 1982
f 2237 1975 2240
f 1986 1982 1976
f 2238 1986 1976
f 2238 1976 2228
f 1977 1979 1996
f 2000 1980 1978
f 1987 2157 1979
f 1979 1988 1989
f 1979 2008 1988
f 1989 1990 1979
f 1979 1990 1991
f 1991 1992 1979
f 1979 1992 1993
f 1979 1993 1994
f 1994 1995 1979
f 1979 1995 1996
f 2007 2008 1979
f 1979 2021 2007
f 1979 2018 2019
f 2028 2018 1979
f 1979 2019 2020
f 1979 2020 2021
f 1979 2039 2028
f 1979 2038 2039
f 1979 2044 2038
f 1979 2043 2044
f 2053 2043 1979
f 1979 2052 2053
f 1979 2057 2052
f 2070 2057 1979
f 1979 2068 2069
f 2076 2068 1979
f 1979 2069 2070
f 1979 2085 2076
f 1979 2084 2085
f 2089 2084 1979
f 1979 2099 2089
f 1979 2098 2099
f 2103 2098 1979
f 1979 2110 2103
f 2121 2110 1979
f 1979 2120 2121
f 1979 2125 2120
f 2135 2125 1979
f 1979 2134 2135
f 1979 2145 2134
f 2144 2145 1979
f 1979 2150 2144
f 1979 2157 2150
f 2000 2006 1980
f 2239 1984 1981
f 2239 1981 2236
f 1986 1985 1982
f 2247 1982 1985
f 2240 1982 2247
f 1983 2080 2011
f 2253 1983 2011
f 2245 1983 2253
f 2246 2013 1984
f 2246 1984 2239
f 2016 1985 1986
f 2016 2014 1985
f 2256 1985 2014
f 2247 1985 2256
f 2248 2016 1986
f 2248 1986 2238
f 2017 2160 1987
f 1987 2160 2157
f 2001 2006 2000
f 2002 2006 2001
f 2003 2006 2002
f 2004 2026 2003
f 2003 2026 2006
f 2005 2026 2004
f 2009 2026 2005
f 2010 2026 2009
f 2022 2026 2010
f 2011 2093 2031
f 2265 2011 2031
f 2011 2080 2093
f 2253 2011 2265
f 2255 2012 2013
f 2254 2033 2012
f 2254 2012 2255
f 2255 2013 2246
f 2016 2015 2014
f 2257 2014 2015
f 2256 2014 2257
f 2036 2015 2016
f 2036 2034 2015
f 2268 2015 2034
f 2257 2015 2268
f 2258 2036 2016
f 2258 2016 2248
f 2027 2168 2017
f 2017 2168 2160
f 2023 2026 2022
f 2024 2030 2023
f 2023 2030 2026
f 2025 2030 2024
f 2029 2030 2025
f 2037 2171 2027
f 2027 2171 2168
f 2029 2042 2030
f 2040 2042 2029
f 2031 2092 2047
f 2271 2031 2047
f 2031 2093 2092
f 2265 2031 2271
f 2267 2032 2033
f 2266 2048 2032
f 2266 2032 2267
f 2267 2033 2254
f 2050 2035 2034
f 2269 2034 2035
f 2050 2034 2036
f 2268 2034 2269
f 2050 2049 2035
f 2278 2035 2049
f 2269 2035 2278
f 2270 2050 2036
f 2270 2036 2258
f 2051 2182 2037
f 2037 2182 2171
f 2041 2042 2040
f 2045 2042 2041
f 2045 2056 2042
f 2046 2056 2045
f 2054 2056 2046
f 2047 2106 2059
f 2279 2047 2059
f 2047 2092 2106
f 2271 2047 2279
f 2277 2060 2048
f 2277 2048 2266
f 2062 2049 2050
f 2062 2061 2049
f 2281 2049 2061
f 2278 2049 2281
f 2272 2062 2050
f 2272 2050 2270
f 2067 2185 2051
f 2051 2185 2182
f 2055 2056 2054
f 2055 2074 2056
f 2058 2074 2055
f 2071 2074 2058
f 2059 2116 2063
f 2289 2059 2063
f 2059 2106 2116
f 2279 2059 2289
f 2280 2064 2060
f 2280 2060 2277
f 2062 2065 2061
f 2288 2061 2065
f 2281 2061 2288
f 2066 2065 2062
f 2282 2066 2062
f 2282 2062 2272
f 2063 2116 2079
f 2299 2063 2079
f 2289 2063 2299
f 2287 2080 2064
f 2287 2064 2280
f 2066 2081 2065
f 2301 2065 2081
f 2288 2065 2301
f 2082 2081 2066
f 2290 2082 2066
f 2290 2066 2282
f 2075 2192 2067
f 2067 2192 2185
f 2072 2074 2071
f 2073 2078 2072
f 2072 2078 2074
f 2077 2078 2073
f 2083 2195 2075
f 2075 2195 2192
f 2077 2088 2078
f 2086 2088 2077
f 2079 2129 2091
f 2307 2079 2091
f 2079 2116 2129
f 2299 2079 2307
f 2300 2093 2080
f 2300 2080 2287
f 2082 2094 2081
f 2309 2081 2094
f 2301 2081 2309
f 2096 2094 2082
f 2302 2096 2082
f 2302 2082 2290
f 2097 2202 2083
f 2083 2202 2195
f 2087 2088 2086
f 2087 2102 2088
f 2090 2102 2087
f 2100 2102 2090
f 2091 2128 2105
f 2317 2091 2105
f 2091 2129 2128
f 2307 2091 2317
f 2308 2092 2093
f 2311 2106 2092
f 2311 2092 2308
f 2308 2093 2300
f 2096 2095 2094
f 2312 2094 2095
f 2309 2094 2312
f 2108 2095 2096
f 2108 2107 2095
f 2319 2095 2107
f 2312 2095 2319
f 2310 2108 2096
f 2310 2096 2302
f 2109 2206 2097
f 2097 2206 2202
f 2101 2102 2100
f 2101 2112 2102
f 2104 2112 2101
f 2111 2112 2104
f 2105 2140 2115
f 2329 2105 2115
f 2105 2128 2140
f 2317 2105 2329
f 2318 2116 2106
f 2318 2106 2311
f 2108 2117 2107
f 2322 2107 2117
f 2319 2107 2322
f 2118 2117 2108
f 2320 2118 2108
f 2320 2108 2310
f 2113 2215 2109
f 2109 2215 2206
f 2111 2114 2112
f 2122 2114 2111
f 2119 2218 2113
f 2113 2218 2215
f 2122 2124 2114
f 2115 2154 2127
f 2339 2115 2127
f 2115 2140 2154
f 2329 2115 2339
f 2330 2129 2116
f 2321 2116 2318
f 2330 2116 2321
f 2132 2117 2118
f 2132 2130 2117
f 2341 2117 2130
f 2322 2117 2331
f 2331 2117 2341
f 2332 2132 2118
f 2332 2118 2320
f 2133 2226 2119
f 2119 2226 2218
f 2123 2124 2122
f 2126 2124 2123
f 2126 2138 2124
f 2136 2138 2126
f 2127 2154 2139
f 2349 2127 2139
f 2339 2127 2349
f 2340 2128 2129
f 2343 2140 2128
f 2343 2128 2340
f 2340 2129 2330
f 2132 2131 2130
f 2344 2130 2131
f 2341 2130 2344
f 2142 2131 2132
f 2142 2141 2131
f 2351 2131 2141
f 2344 2131 2351
f 2342 2142 2132
f 2342 2132 2332
f 2143 2229 2133
f 2133 2229 2226
f 2137 2138 2136
f 2137 2148 2138
f 2146 2148 2137
f 2139 2164 2153
f 2359 2139 2153
f 2139 2154 2164
f 2349 2139 2359
f 2350 2154 2140
f 2350 2140 2343
f 2156 2141 2142
f 2156 2155 2141
f 2354 2141 2155
f 2351 2141 2354
f 2352 2156 2142
f 2352 2142 2342
f 2149 2236 2143
f 2143 2236 2229
f 2147 2148 2146
f 2147 2152 2148
f 2151 2152 2147
f 2159 2239 2149
f 2149 2239 2236
f 2151 2162 2152
f 2158 2162 2151
f 2153 2174 2163
f 2363 2153 2163
f 2153 2164 2174
f 2359 2153 2363
f 2360 2164 2154
f 2353 2154 2350
f 2360 2154 2353
f 2166 2155 2156
f 2166 2165 2155
f 2372 2155 2165
f 2354 2155 2361
f 2361 2155 2372
f 2362 2166 2156
f 2362 2156 2352
f 2161 2162 2158
f 2167 2246 2159
f 2159 2246 2239
f 2161 2170 2162
f 2169 2170 2161
f 2163 2178 2173
f 2373 2163 2173
f 2163 2174 2178
f 2363 2163 2373
f 2371 2174 2164
f 2371 2164 2360
f 2176 2165 2166
f 2176 2175 2165
f 2375 2165 2175
f 2372 2165 2375
f 2364 2176 2166
f 2364 2166 2362
f 2181 2255 2167
f 2167 2255 2246
f 2172 2170 2169
f 2172 2184 2170
f 2183 2184 2172
f 2173 2188 2177
f 2385 2173 2177
f 2173 2178 2188
f 2373 2173 2385
f 2374 2178 2174
f 2374 2174 2371
f 2176 2179 2175
f 2384 2175 2179
f 2375 2175 2384
f 2180 2179 2176
f 2376 2180 2176
f 2376 2176 2364
f 2177 2188 2187
f 2393 2177 2187
f 2385 2177 2393
f 2383 2188 2178
f 2383 2178 2374
f 2180 2189 2179
f 2395 2179 2189
f 2384 2179 2395
f 2190 2189 2180
f 2386 2190 2180
f 2386 2180 2376
f 2191 2254 2181
f 2181 2254 2255
f 2186 2184 2183
f 2186 2194 2184
f 2193 2194 2186
f 2187 2188 2198
f 2187 2198 2197
f 2403 2187 2197
f 2393 2187 2403
f 2394 2198 2188
f 2394 2188 2383
f 2190 2199 2189
f 2405 2189 2199
f 2395 2189 2405
f 2200 2199 2190
f 2396 2200 2190
f 2396 2190 2386
f 2201 2267 2191
f 2191 2267 2254
f 2193 2204 2194
f 2196 2204 2193
f 2203 2204 2196
f 2197 2198 2209
f 2197 2209 2211
f 2415 2197 2211
f 2403 2197 2415
f 2404 2209 2198
f 2404 2198 2394
f 2200 2210 2199
f 2408 2199 2210
f 2405 2199 2408
f 2214 2210 2200
f 2406 2214 2200
f 2406 2200 2396
f 2205 2266 2201
f 2201 2266 2267
f 2203 2208 2204
f 2207 2208 2203
f 2217 2277 2205
f 2205 2277 2266
f 2216 2208 2207
f 2216 2220 2208
f 2211 2209 2212
f 2407 2212 2209
f 2407 2209 2404
f 2214 2213 2210
f 2417 2210 2213
f 2408 2210 2417
f 2211 2212 2221
f 2425 2211 2221
f 2415 2211 2425
f 2221 2212 2222
f 2416 2222 2212
f 2416 2212 2407
f 2223 2213 2214
f 2427 2213 2223
f 2417 2213 2427
f 2224 2223 2214
f 2418 2224 2214
f 2418 2214 2406
f 2219 2220 2216
f 2225 2280 2217
f 2217 2280 2277
f 2219 2228 2220
f 2227 2228 2219
f 2221 2222 2231
f 2437 2221 2231
f 2425 2221 2437
f 2231 2222 2232
f 2429 2232 2222
f 2426 2222 2416
f 2429 2222 2426
f 2234 2223 2224
f 2234 2233 2223
f 2439 2223 2233
f 2427 2223 2430
f 2430 2223 2439
f 2428 2234 2224
f 2428 2224 2418
f 2235 2287 2225
f 2225 2287 2280
f 2230 2228 2227
f 2230 2238 2228
f 2237 2238 2230
f 2231 2232 2241
f 2451 2231 2241
f 2437 2231 2451
f 2241 2232 2242
f 2438 2242 2232
f 2438 2232 2429
f 2244 2233 2234
f 2244 2243 2233
f 2442 2233 2243
f 2439 2233 2442
f 2440 2244 2234
f 2440 2234 2428
f 2245 2300 2235
f 2235 2300 2287
f 2240 2238 2237
f 2240 2248 2238
f 2247 2248 2240
f 2241 2242 2249
f 2461 2241 2249
f 2451 2241 2461
f 2249 2242 2261
f 2261 2242 2250
f 2452 2250 2242
f 2441 2242 2438
f 2452 2242 2441
f 2252 2243 2244
f 2252 2251 2243
f 2463 2243 2251
f 2442 2243 2453
f 2453 2243 2463
f 2454 2252 2244
f 2454 2244 2440
f 2253 2300 2245
f 2247 2258 2248
f 2256 2258 2247
f 2473 2249 2261
f 2461 2249 2473
f 2273 2250 2259
f 2462 2259 2250
f 2261 2250 2273
f 2462 2250 2452
f 2264 2251 2252
f 2264 2260 2251
f 2466 2251 2260
f 2463 2251 2466
f 2464 2264 2252
f 2464 2252 2454
f 2265 2308 2253
f 2253 2308 2300
f 2257 2258 2256
f 2257 2270 2258
f 2268 2270 2257
f 2283 2259 2262
f 2465 2262 2259
f 2273 2259 2283
f 2465 2259 2462
f 2264 2263 2260
f 2475 2260 2263
f 2466 2260 2475
f 2477 2261 2273
f 2473 2261 2477
f 2291 2262 2274
f 2474 2274 2262
f 2283 2262 2291
f 2474 2262 2465
f 2276 2263 2264
f 2276 2275 2263
f 2484 2263 2275
f 2475 2263 2484
f 2476 2276 2264
f 2476 2264 2464
f 2271 2311 2265
f 2265 2311 2308
f 2269 2272 2268
f 2268 2272 2270
f 2278 2272 2269
f 2279 2318 2271
f 2271 2318 2311
f 2278 2282 2272
f 2485 2273 2283
f 2477 2273 2485
f 2303 2274 2285
f 2483 2285 2274
f 2291 2274 2295
f 2295 2274 2303
f 2483 2274 2474
f 2284 2275 2276
f 2284 2286 2275
f 2496 2275 2286
f 2484 2275 2496
f 2478 2284 2276
f 2478 2276 2476
f 2281 2282 2278
f 2289 2321 2279
f 2279 2321 2318
f 2288 2282 2281
f 2288 2290 2282
f 2497 2283 2291
f 2485 2283 2497
f 2294 2286 2284
f 2486 2294 2284
f 2486 2284 2478
f 2313 2285 2292
f 2495 2292 2285
f 2303 2285 2313
f 2495 2285 2483
f 2294 2293 2286
f 2499 2286 2293
f 2496 2286 2499
f 2301 2290 2288
f 2299 2330 2289
f 2289 2330 2321
f 2301 2302 2290
f 2505 2291 2295
f 2497 2291 2505
f 2325 2292 2296
f 2498 2296 2292
f 2313 2292 2325
f 2498 2292 2495
f 2298 2293 2294
f 2298 2297 2293
f 2507 2293 2297
f 2499 2293 2507
f 2500 2298 2294
f 2500 2294 2486
f 2515 2295 2303
f 2505 2295 2515
f 2333 2296 2304
f 2506 2304 2296
f 2325 2296 2333
f 2506 2296 2498
f 2298 2305 2297
f 2517 2297 2305
f 2507 2297 2517
f 2306 2305 2298
f 2508 2306 2298
f 2508 2298 2500
f 2307 2340 2299
f 2299 2340 2330
f 2309 2302 2301
f 2309 2310 2302
f 2527 2303 2313
f 2515 2303 2527
f 2355 2304 2314
f 2516 2314 2304
f 2333 2304 2345
f 2345 2304 2355
f 2516 2304 2506
f 2316 2305 2306
f 2316 2315 2305
f 2529 2305 2315
f 2517 2305 2529
f 2518 2316 2306
f 2518 2306 2508
f 2317 2343 2307
f 2307 2343 2340
f 2312 2310 2309
f 2312 2320 2310
f 2319 2320 2312
f 2541 2313 2325
f 2527 2313 2541
f 2367 2314 2323
f 2528 2323 2314
f 2355 2314 2367
f 2528 2314 2516
f 2316 2324 2315
f 2532 2315 2324
f 2529 2315 2532
f 2328 2324 2316
f 2530 2328 2316
f 2530 2316 2518
f 2329 2350 2317
f 2317 2350 2343
f 2322 2320 2319
f 2322 2332 2320
f 2331 2332 2322
f 2377 2323 2326
f 2531 2326 2323
f 2367 2323 2377
f 2531 2323 2528
f 2328 2327 2324
f 2543 2324 2327
f 2532 2324 2543
f 2553 2325 2333
f 2541 2325 2553
f 2379 2326 2334
f 2542 2334 2326
f 2377 2326 2379
f 2542 2326 2531
f 2338 2327 2328
f 2338 2337 2327
f 2557 2327 2337
f 2543 2327 2557
f 2544 2338 2328
f 2544 2328 2530
f 2339 2353 2329
f 2329 2353 2350
f 2331 2342 2332
f 2341 2342 2331
f 2567 2333 2345
f 2553 2333 2567
f 2387 2334 2335
f 2554 2335 2334
f 2379 2334 2387
f 2554 2334 2542
f 2397 2335 2346
f 2555 2346 2335
f 2387 2335 2397
f 2555 2335 2554
f 2338 2336 2337
f 2556 2337 2336
f 2348 2336 2338
f 2348 2347 2336
f 2569 2336 2347
f 2556 2336 2569
f 2557 2337 2556
f 2558 2348 2338
f 2558 2338 2544
f 2349 2360 2339
f 2339 2360 2353
f 2344 2342 2341
f 2344 2352 2342
f 2351 2352 2344
f 2583 2345 2355
f 2567 2345 2583
f 2419 2346 2356
f 2571 2356 2346
f 2397 2346 2409
f 2409 2346 2419
f 2568 2346 2555
f 2571 2346 2568
f 2358 2347 2348
f 2358 2357 2347
f 2585 2347 2357
f 2569 2347 2572
f 2572 2347 2585
f 2570 2358 2348
f 2570 2348 2558
f 2359 2371 2349
f 2349 2371 2360
f 2351 2362 2352
f 2354 2362 2351
f 2361 2362 2354
f 2587 2355 2367
f 2583 2355 2587
f 2431 2356 2365
f 2584 2365 2356
f 2419 2356 2431
f 2584 2356 2571
f 2370 2357 2358
f 2370 2366 2357
f 2589 2357 2366
f 2585 2357 2589
f 2586 2370 2358
f 2586 2358 2570
f 2363 2374 2359
f 2359 2374 2371
f 2361 2364 2362
f 2372 2364 2361
f 2373 2383 2363
f 2363 2383 2374
f 2372 2376 2364
f 2443 2365 2368
f 2588 2368 2365
f 2431 2365 2443
f 2588 2365 2584
f 2370 2369 2366
f 2604 2366 2369
f 2589 2366 2604
f 2605 2367 2377
f 2587 2367 2605
f 2445 2368 2380
f 2603 2380 2368
f 2443 2368 2445
f 2603 2368 2588
f 2378 2369 2370
f 2378 2381 2369
f 2633 2369 2381
f 2604 2369 2633
f 2590 2378 2370
f 2590 2370 2586
f 2375 2376 2372
f 2373 2394 2383
f 2385 2394 2373
f 2384 2376 2375
f 2384 2386 2376
f 2631 2377 2379
f 2605 2377 2631
f 2382 2381 2378
f 2606 2382 2378
f 2606 2378 2590
f 2643 2379 2387
f 2631 2379 2643
f 2467 2380 2388
f 2632 2388 2380
f 2445 2380 2455
f 2455 2380 2467
f 2632 2380 2603
f 2382 2391 2381
f 2647 2381 2391
f 2633 2381 2647
f 2392 2391 2382
f 2634 2392 2382
f 2634 2382 2606
f 2395 2386 2384
f 2393 2394 2385
f 2395 2396 2386
f 2653 2387 2397
f 2643 2387 2653
f 2479 2388 2389
f 2644 2389 2388
f 2467 2388 2479
f 2644 2388 2632
f 2487 2389 2398
f 2645 2398 2389
f 2479 2389 2487
f 2645 2389 2644
f 2392 2390 2391
f 2646 2391 2390
f 2402 2390 2392
f 2402 2401 2390
f 2655 2390 2401
f 2646 2390 2655
f 2647 2391 2646
f 2648 2402 2392
f 2648 2392 2634
f 2393 2404 2394
f 2403 2404 2393
f 2405 2396 2395
f 2405 2406 2396
f 2663 2397 2409
f 2653 2397 2663
f 2489 2398 2399
f 2654 2399 2398
f 2487 2398 2489
f 2654 2398 2645
f 2501 2399 2410
f 2657 2410 2399
f 2489 2399 2501
f 2657 2399 2654
f 2402 2400 2401
f 2658 2401 2400
f 2414 2400 2402
f 2414 2413 2400
f 2665 2400 2413
f 2658 2400 2665
f 2655 2401 2658
f 2656 2414 2402
f 2656 2402 2648
f 2403 2407 2404
f 2415 2407 2403
f 2408 2406 2405
f 2408 2418 2406
f 2415 2416 2407
f 2417 2418 2408
f 2671 2409 2419
f 2663 2409 2671
f 2509 2410 2411
f 2664 2411 2410
f 2501 2410 2509
f 2664 2410 2657
f 2519 2411 2420
f 2667 2420 2411
f 2509 2411 2519
f 2667 2411 2664
f 2414 2412 2413
f 2668 2413 2412
f 2424 2412 2414
f 2424 2423 2412
f 2673 2412 2423
f 2668 2412 2673
f 2665 2413 2668
f 2666 2424 2414
f 2666 2414 2656
f 2415 2426 2416
f 2425 2426 2415
f 2417 2428 2418
f 2427 2428 2417
f 2675 2419 2431
f 2671 2419 2675
f 2520 2420 2421
f 2672 2421 2420
f 2519 2420 2520
f 2672 2420 2667
f 2535 2421 2432
f 2676 2432 2421
f 2520 2421 2535
f 2676 2421 2672
f 2436 2422 2423
f 2677 2423 2422
f 2436 2435 2422
f 2684 2422 2435
f 2677 2422 2684
f 2436 2423 2424
f 2673 2423 2677
f 2674 2436 2424
f 2674 2424 2666
f 2425 2429 2426
f 2437 2429 2425
f 2427 2430 2428
f 2428 2430 2440
f 2437 2438 2429
f 2440 2430 2439
f 2685 2431 2443
f 2675 2431 2685
f 2547 2432 2433
f 2683 2433 2432
f 2535 2432 2547
f 2683 2432 2676
f 2559 2433 2446
f 2686 2446 2433
f 2547 2433 2559
f 2686 2433 2683
f 2444 2434 2435
f 2687 2435 2434
f 2444 2449 2434
f 2695 2434 2449
f 2687 2434 2695
f 2444 2435 2436
f 2684 2435 2687
f 2678 2444 2436
f 2678 2436 2674
f 2451 2438 2437
f 2451 2441 2438
f 2440 2439 2454
f 2454 2439 2442
f 2461 2441 2451
f 2461 2452 2441
f 2454 2442 2453
f 2693 2443 2445
f 2685 2443 2693
f 2450 2449 2444
f 2688 2450 2444
f 2688 2444 2678
f 2701 2445 2455
f 2693 2445 2701
f 2560 2446 2447
f 2694 2447 2446
f 2559 2446 2560
f 2694 2446 2686
f 2575 2447 2456
f 2697 2456 2447
f 2560 2447 2575
f 2697 2447 2694
f 2450 2448 2449
f 2698 2449 2448
f 2460 2448 2450
f 2460 2459 2448
f 2705 2448 2459
f 2698 2448 2705
f 2695 2449 2698
f 2696 2460 2450
f 2696 2450 2688
f 2473 2452 2461
f 2473 2462 2452
f 2454 2453 2464
f 2464 2453 2463
f 2711 2455 2467
f 2701 2455 2711
f 2591 2456 2457
f 2702 2457 2456
f 2575 2456 2591
f 2702 2456 2697
f 2607 2457 2468
f 2703 2468 2457
f 2591 2457 2607
f 2703 2457 2702
f 2460 2458 2459
f 2704 2459 2458
f 2472 2458 2460
f 2472 2471 2458
f 2715 2458 2471
f 2704 2458 2715
f 2705 2459 2704
f 2706 2472 2460
f 2706 2460 2696
f 2477 2465 2462
f 2477 2462 2473
f 2464 2463 2476
f 2476 2463 2466
f 2485 2474 2465
f 2485 2465 2477
f 2476 2466 2475
f 2721 2467 2479
f 2711 2467 2721
f 2611 2468 2469
f 2712 2469 2468
f 2607 2468 2611
f 2712 2468 2703
f 2641 2469 2480
f 2713 2480 2469
f 2611 2469 2641
f 2713 2469 2712
f 2472 2470 2471
f 2714 2471 2470
f 2482 2470 2472
f 2482 2481 2470
f 2723 2470 2481
f 2714 2470 2723
f 2715 2471 2714
f 2716 2482 2472
f 2716 2472 2706
f 2497 2483 2474
f 2497 2474 2485
f 2476 2475 2478
f 2478 2475 2484
f 2478 2484 2486
f 2725 2479 2487
f 2721 2479 2725
f 2480 2490 2641
f 2722 2490 2480
f 2722 2480 2713
f 2488 2481 2482
f 2488 2493 2481
f 2727 2481 2493
f 2723 2481 2727
f 2724 2488 2482
f 2724 2482 2716
f 2515 2495 2483
f 2505 2483 2497
f 2515 2483 2505
f 2486 2484 2496
f 2486 2496 2500
f 2733 2487 2489
f 2725 2487 2733
f 2494 2493 2488
f 2728 2494 2488
f 2728 2488 2724
f 2745 2489 2501
f 2733 2489 2745
f 2641 2490 2491
f 2734 2491 2490
f 2726 2490 2722
f 2734 2490 2726
f 2491 2502 2641
f 2737 2502 2491
f 2737 2491 2734
f 2494 2492 2493
f 2738 2493 2492
f 2504 2492 2494
f 2504 2503 2492
f 2747 2492 2503
f 2738 2492 2747
f 2727 2493 2735
f 2735 2493 2738
f 2736 2504 2494
f 2736 2494 2728
f 2527 2498 2495
f 2527 2495 2515
f 2500 2496 2499
f 2541 2506 2498
f 2541 2498 2527
f 2500 2499 2508
f 2508 2499 2507
f 2755 2501 2509
f 2745 2501 2755
f 2641 2502 2510
f 2746 2510 2502
f 2746 2502 2737
f 2514 2503 2504
f 2514 2513 2503
f 2750 2503 2513
f 2747 2503 2750
f 2748 2514 2504
f 2748 2504 2736
f 2553 2516 2506
f 2553 2506 2541
f 2508 2507 2517
f 2508 2517 2518
f 2767 2509 2519
f 2755 2509 2767
f 2510 2511 2641
f 2749 2511 2510
f 2749 2510 2746
f 2641 2511 2521
f 2759 2521 2511
f 2756 2511 2749
f 2759 2511 2756
f 2514 2512 2513
f 2757 2513 2512
f 2526 2512 2514
f 2526 2524 2512
f 2771 2512 2524
f 2757 2512 2760
f 2760 2512 2771
f 2750 2513 2757
f 2758 2526 2514
f 2758 2514 2748
f 2583 2528 2516
f 2567 2516 2553
f 2583 2516 2567
f 2518 2517 2530
f 2530 2517 2529
f 2773 2519 2520
f 2767 2519 2773
f 2783 2520 2535
f 2773 2520 2783
f 2521 2522 2641
f 2768 2522 2521
f 2768 2521 2759
f 2641 2522 2533
f 2769 2533 2522
f 2769 2522 2768
f 2525 2523 2524
f 2770 2524 2523
f 2525 2534 2523
f 2775 2523 2534
f 2770 2523 2775
f 2525 2524 2526
f 2771 2524 2770
f 2772 2525 2526
f 2540 2534 2525
f 2776 2540 2525
f 2776 2525 2772
f 2772 2526 2758
f 2587 2531 2528
f 2587 2528 2583
f 2530 2529 2532
f 2530 2532 2544
f 2605 2542 2531
f 2605 2531 2587
f 2544 2532 2543
f 2641 2533 2536
f 2774 2536 2533
f 2774 2533 2769
f 2539 2534 2540
f 2787 2534 2539
f 2775 2534 2787
f 2797 2535 2547
f 2783 2535 2797
f 2536 2537 2641
f 2784 2537 2536
f 2784 2536 2774
f 2641 2537 2545
f 2785 2545 2537
f 2785 2537 2784
f 2540 2538 2539
f 2786 2539 2538
f 2540 2546 2538
f 2790 2538 2546
f 2786 2538 2790
f 2787 2539 2786
f 2552 2546 2540
f 2788 2552 2540
f 2788 2540 2776
f 2631 2554 2542
f 2631 2542 2605
f 2544 2543 2558
f 2558 2543 2557
f 2641 2545 2548
f 2789 2548 2545
f 2789 2545 2785
f 2552 2551 2546
f 2799 2546 2551
f 2790 2546 2799
f 2813 2547 2559
f 2797 2547 2813
f 2641 2548 2549
f 2798 2549 2548
f 2798 2548 2789
f 2641 2549 2561
f 2801 2561 2549
f 2801 2549 2798
f 2566 2550 2551
f 2802 2551 2550
f 2566 2564 2550
f 2817 2550 2564
f 2802 2550 2817
f 2566 2551 2552
f 2799 2551 2802
f 2800 2566 2552
f 2800 2552 2788
f 2643 2555 2554
f 2643 2554 2631
f 2653 2568 2555
f 2653 2555 2643
f 2558 2557 2556
f 2558 2556 2570
f 2570 2556 2569
f 2819 2559 2560
f 2813 2559 2819
f 2841 2560 2575
f 2819 2560 2841
f 2561 2562 2641
f 2814 2562 2561
f 2814 2561 2801
f 2641 2562 2573
f 2815 2573 2562
f 2815 2562 2814
f 2563 2564 2565
f 2816 2564 2563
f 2565 2574 2563
f 2821 2563 2574
f 2816 2563 2821
f 2565 2564 2566
f 2817 2564 2816
f 2818 2565 2566
f 2582 2574 2565
f 2822 2582 2565
f 2822 2565 2818
f 2818 2566 2800
f 2663 2571 2568
f 2663 2568 2653
f 2570 2569 2586
f 2586 2569 2572
f 2671 2584 2571
f 2671 2571 2663
f 2586 2572 2585
f 2573 2576 2641
f 2820 2576 2573
f 2820 2573 2815
f 2581 2574 2582
f 2847 2574 2581
f 2821 2574 2847
f 2858 2575 2591
f 2841 2575 2858
f 2641 2576 2577
f 2842 2577 2576
f 2842 2576 2820
f 2641 2577 2578
f 2843 2578 2577
f 2843 2577 2842
f 2641 2578 2592
f 2849 2592 2578
f 2844 2578 2843
f 2849 2578 2844
f 2582 2579 2580
f 2845 2580 2579
f 2602 2579 2582
f 2601 2579 2602
f 2851 2579 2601
f 2845 2579 2852
f 2852 2579 2851
f 2582 2580 2581
f 2846 2581 2580
f 2846 2580 2845
f 2847 2581 2846
f 2848 2602 2582
f 2848 2582 2822
f 2675 2588 2584
f 2675 2584 2671
f 2586 2585 2590
f 2590 2585 2589
f 2685 2603 2588
f 2685 2588 2675
f 2590 2589 2604
f 2590 2604 2606
f 2868 2591 2607
f 2858 2591 2868
f 2641 2592 2593
f 2850 2593 2592
f 2850 2592 2849
f 2593 2594 2641
f 2859 2594 2593
f 2859 2593 2850
f 2641 2594 2595
f 2860 2595 2594
f 2860 2594 2859
f 2641 2595 2596
f 2861 2596 2595
f 2861 2595 2860
f 2596 2608 2641
f 2862 2608 2596
f 2862 2596 2861
f 2597 2598 2610
f 2863 2598 2597
f 2610 2609 2597
f 2872 2597 2609
f 2863 2597 2872
f 2610 2598 2599
f 2864 2599 2598
f 2864 2598 2863
f 2602 2599 2600
f 2865 2600 2599
f 2610 2599 2602
f 2865 2599 2864
f 2602 2600 2601
f 2866 2601 2600
f 2866 2600 2865
f 2851 2601 2866
f 2867 2610 2602
f 2867 2602 2848
f 2693 2632 2603
f 2693 2603 2685
f 2606 2604 2633
f 2606 2633 2634
f 2874 2607 2611
f 2868 2607 2874
f 2641 2608 2612
f 2869 2612 2608
f 2869 2608 2862
f 2610 2629 2609
f 2871 2609 2629
f 2872 2609 2871
f 2630 2629 2610
f 2873 2630 2610
f 2873 2610 2867
f 2898 2611 2641
f 2874 2611 2898
f 2641 2612 2613
f 2870 2613 2612
f 2870 2612 2869
f 2613 2614 2641
f 2875 2614 2613
f 2875 2613 2870
f 2641 2614 2615
f 2876 2615 2614
f 2876 2614 2875
f 2641 2615 2616
f 2877 2616 2615
f 2877 2615 2876
f 2616 2617 2641
f 2878 2617 2616
f 2878 2616 2877
f 2641 2617 2618
f 2879 2618 2617
f 2879 2617 2878
f 2618 2619 2641
f 2880 2619 2618
f 2880 2618 2879
f 2641 2619 2620
f 2888 2620 2619
f 2888 2619 2880
f 2641 2620 2635
f 2889 2635 2620
f 2889 2620 2888
f 2642 2621 2622
f 2896 2622 2621
f 2642 2640 2621
f 2895 2621 2640
f 2896 2621 2895
f 2622 2623 2642
f 2897 2623 2622
f 2897 2622 2896
f 2642 2623 2624
f 2881 2624 2623
f 2881 2623 2897
f 2630 2624 2625
f 2882 2625 2624
f 2642 2624 2630
f 2882 2624 2881
f 2625 2626 2630
f 2883 2626 2625
f 2883 2625 2882
f 2630 2626 2627
f 2884 2627 2626
f 2884 2626 2883
f 2630 2627 2628
f 2885 2628 2627
f 2885 2627 2884
f 2628 2629 2630
f 2886 2629 2628
f 2886 2628 2885
f 2871 2629 2886
f 2887 2642 2630
f 2887 2630 2873
f 2711 2644 2632
f 2701 2632 2693
f 2711 2632 2701
f 2634 2633 2647
f 2634 2647 2648
f 2635 2636 2641
f 2890 2636 2635
f 2890 2635 2889
f 2641 2636 2637
f 2891 2637 2636
f 2891 2636 2890
f 2642 2637 2638
f 2892 2638 2637
f 2641 2637 2642
f 2892 2637 2891
f 2642 2638 2639
f 2893 2639 2638
f 2893 2638 2892
f 2639 2640 2642
f 2894 2640 2639
f 2894 2639 2893
f 2895 2640 2894
f 2641 2642 2649
f 2900 2641 2649
f 2898 2641 2900
f 2649 2642 2650
f 2899 2650 2642
f 2899 2642 2887
f 2721 2645 2644
f 2721 2644 2711
f 2725 2654 2645
f 2725 2645 2721
f 2648 2647 2646
f 2648 2646 2656
f 2656 2646 2655
f 2649 2650 2651
f 2902 2649 2651
f 2900 2649 2902
f 2651 2650 2652
f 2901 2652 2650
f 2901 2650 2899
f 2651 2652 2659
f 2904 2651 2659
f 2902 2651 2904
f 2659 2652 2662
f 2903 2662 2652
f 2903 2652 2901
f 2733 2657 2654
f 2733 2654 2725
f 2656 2655 2658
f 2656 2658 2666
f 2745 2664 2657
f 2745 2657 2733
f 2666 2658 2665
f 2659 2662 2660
f 2906 2659 2660
f 2904 2659 2906
f 2660 2662 2661
f 2660 2661 2669
f 2908 2660 2669
f 2906 2660 2908
f 2905 2661 2662
f 2669 2661 2670
f 2907 2670 2661
f 2907 2661 2905
f 2905 2662 2903
f 2755 2667 2664
f 2755 2664 2745
f 2666 2665 2668
f 2666 2668 2674
f 2767 2672 2667
f 2767 2667 2755
f 2674 2668 2673
f 2669 2670 2679
f 2910 2669 2679
f 2908 2669 2910
f 2679 2670 2682
f 2909 2682 2670
f 2909 2670 2907
f 2773 2676 2672
f 2773 2672 2767
f 2674 2673 2678
f 2678 2673 2677
f 2783 2683 2676
f 2783 2676 2773
f 2678 2677 2684
f 2678 2684 2688
f 2679 2682 2680
f 2911 2679 2680
f 2910 2679 2911
f 2680 2682 2681
f 2680 2681 2689
f 2914 2680 2689
f 2911 2680 2914
f 2913 2681 2682
f 2689 2681 2692
f 2912 2692 2681
f 2912 2681 2913
f 2913 2682 2909
f 2797 2686 2683
f 2797 2683 2783
f 2688 2684 2687
f 2813 2694 2686
f 2813 2686 2797
f 2688 2687 2695
f 2688 2695 2696
f 2689 2692 2690
f 2916 2689 2690
f 2914 2689 2916
f 2690 2692 2691
f 2690 2691 2699
f 2918 2690 2699
f 2916 2690 2918
f 2915 2691 2692
f 2699 2691 2700
f 2917 2700 2691
f 2917 2691 2915
f 2915 2692 2912
f 2819 2697 2694
f 2819 2694 2813
f 2696 2695 2698
f 2696 2698 2706
f 2841 2702 2697
f 2841 2697 2819
f 2706 2698 2705
f 2699 2700 2707
f 2920 2699 2707
f 2918 2699 2920
f 2707 2700 2708
f 2919 2708 2700
f 2919 2700 2917
f 2858 2703 2702
f 2858 2702 2841
f 2868 2712 2703
f 2868 2703 2858
f 2706 2705 2704
f 2706 2704 2716
f 2716 2704 2715
f 2707 2708 2709
f 2922 2707 2709
f 2920 2707 2922
f 2709 2708 2710
f 2921 2710 2708
f 2921 2708 2919
f 2709 2710 2717
f 2924 2709 2717
f 2922 2709 2924
f 2717 2710 2718
f 2923 2718 2710
f 2923 2710 2921
f 2874 2713 2712
f 2874 2712 2868
f 2898 2722 2713
f 2898 2713 2874
f 2716 2715 2714
f 2716 2714 2724
f 2724 2714 2723
f 2717 2718 2719
f 2926 2717 2719
f 2924 2717 2926
f 2719 2718 2720
f 2925 2720 2718
f 2925 2718 2923
f 2719 2720 2729
f 2928 2719 2729
f 2926 2719 2928
f 2729 2720 2730
f 2927 2730 2720
f 2927 2720 2925
f 2902 2726 2722
f 2900 2722 2898
f 2902 2722 2900
f 2724 2723 2728
f 2728 2723 2727
f 2904 2734 2726
f 2904 2726 2902
f 2728 2727 2736
f 2736 2727 2735
f 2729 2730 2731
f 2930 2729 2731
f 2928 2729 2930
f 2731 2730 2732
f 2929 2732 2730
f 2929 2730 2927
f 2731 2732 2739
f 2932 2731 2739
f 2930 2731 2932
f 2739 2732 2740
f 2931 2740 2732
f 2931 2732 2929
f 2906 2737 2734
f 2906 2734 2904
f 2736 2735 2738
f 2736 2738 2748
f 2908 2746 2737
f 2908 2737 2906
f 2748 2738 2747
f 2739 2740 2741
f 2934 2739 2741
f 2932 2739 2934
f 2741 2740 2744
f 2933 2744 2740
f 2933 2740 2931
f 2741 2744 2742
f 2935 2741 2742
f 2934 2741 2935
f 2742 2744 2743
f 2742 2743 2751
f 2938 2742 2751
f 2935 2742 2938
f 2937 2743 2744
f 2751 2743 2754
f 2936 2754 2743
f 2936 2743 2937
f 2937 2744 2933
f 2911 2749 2746
f 2910 2746 2908
f 2911 2746 2910
f 2748 2747 2758
f 2758 2747 2750
f 2914 2756 2749
f 2914 2749 2911
f 2758 2750 2757
f 2751 2754 2752
f 2939 2751 2752
f 2938 2751 2939
f 2752 2754 2753
f 2752 2753 2761
f 2942 2752 2761
f 2939 2752 2942
f 2941 2753 2754
f 2761 2753 2766
f 2940 2766 2753
f 2940 2753 2941
f 2941 2754 2936
f 2916 2759 2756
f 2916 2756 2914
f 2758 2757 2772
f 2772 2757 2760
f 2918 2768 2759
f 2918 2759 2916
f 2772 2760 2771
f 2761 2766 2762
f 2944 2761 2762
f 2942 2761 2944
f 2762 2765 2763
f 2945 2762 2763
f 2762 2766 2765
f 2944 2762 2945
f 2763 2765 2764
f 2763 2764 2777
f 2948 2763 2777
f 2945 2763 2948
f 2947 2764 2765
f 2777 2764 2782
f 2946 2782 2764
f 2946 2764 2947
f 2943 2765 2766
f 2947 2765 2943
f 2943 2766 2940
f 2920 2769 2768
f 2920 2768 2918
f 2922 2774 2769
f 2922 2769 2920
f 2776 2771 2770
f 2776 2770 2775
f 2772 2771 2776
f 2924 2784 2774
f 2924 2774 2922
f 2776 2775 2788
f 2788 2775 2787
f 2777 2782 2778
f 2949 2777 2778
f 2948 2777 2949
f 2778 2781 2779
f 2950 2778 2779
f 2778 2782 2781
f 2949 2778 2950
f 2779 2781 2780
f 2779 2780 2791
f 2954 2779 2791
f 2950 2779 2954
f 2952 2780 2781
f 2791 2780 2796
f 2951 2796 2780
f 2951 2780 2952
f 2953 2781 2782
f 2952 2781 2953
f 2953 2782 2946
f 2926 2785 2784
f 2926 2784 2924
f 2928 2789 2785
f 2928 2785 2926
f 2788 2787 2786
f 2786 2790 2788
f 2788 2790 2800
f 2930 2798 2789
f 2930 2789 2928
f 2800 2790 2799
f 2791 2796 2792
f 2956 2791 2792
f 2954 2791 2956
f 2792 2795 2793
f 2957 2792 2793
f 2792 2796 2795
f 2956 2792 2957
f 2793 2795 2794
f 2793 2794 2803
f 2960 2793 2803
f 2957 2793 2960
f 2959 2794 2795
f 2803 2794 2804
f 2958 2804 2794
f 2958 2794 2959
f 2955 2795 2796
f 2959 2795 2955
f 2955 2796 2951
f 2934 2801 2798
f 2932 2798 2930
f 2934 2798 2932
f 2800 2799 2818
f 2818 2799 2802
f 2935 2814 2801
f 2935 2801 2934
f 2818 2802 2817
f 2803 2804 2805
f 2962 2803 2805
f 2960 2803 2962
f 2805 2804 2812
f 2961 2812 2804
f 2961 2804 2958
f 2805 2812 2806
f 2963 2805 2806
f 2962 2805 2963
f 2806 2811 2807
f 2964 2806 2807
f 2806 2812 2811
f 2963 2806 2964
f 2807 2810 2808
f 2965 2807 2808
f 2807 2811 2810
f 2964 2807 2965
f 2808 2810 2809
f 2808 2809 2823
f 2970 2808 2823
f 2965 2808 2970
f 2967 2809 2810
f 2823 2809 2824
f 2966 2824 2809
f 2966 2809 2967
f 2968 2810 2811
f 2967 2810 2968
f 2969 2811 2812
f 2968 2811 2969
f 2969 2812 2961
f 2938 2815 2814
f 2938 2814 2935
f 2942 2820 2815
f 2939 2815 2938
f 2942 2815 2939
f 2822 2817 2816
f 2816 2821 2822
f 2818 2817 2822
f 2944 2842 2820
f 2944 2820 2942
f 2822 2821 2848
f 2848 2821 2847
f 2823 2824 2825
f 2972 2823 2825
f 2970 2823 2972
f 2825 2824 2840
f 2971 2840 2824
f 2971 2824 2966
f 2825 2840 2826
f 2973 2825 2826
f 2972 2825 2973
f 2826 2839 2827
f 2974 2826 2827
f 2826 2840 2839
f 2973 2826 2974
f 2827 2838 2828
f 2975 2827 2828
f 2827 2839 2838
f 2974 2827 2975
f 2828 2837 2829
f 2976 2828 2829
f 2828 2838 2837
f 2975 2828 2976
f 2829 2836 2830
f 2977 2829 2830
f 2829 2837 2836
f 2976 2829 2977
f 2830 2835 2831
f 2978 2830 2831
f 2830 2836 2835
f 2977 2830 2978
f 2831 2834 2832
f 2986 2831 2832
f 2831 2835 2834
f 2978 2831 2986
f 2832 2834 2833
f 2832 2833 2853
f 2987 2832 2853
f 2986 2832 2987
f 2979 2833 2834
f 2853 2833 2857
f 2992 2857 2833
f 2992 2833 2979
f 2980 2834 2835
f 2979 2834 2980
f 2981 2835 2836
f 2980 2835 2981
f 2982 2836 2837
f 2981 2836 2982
f 2983 2837 2838
f 2982 2837 2983
f 2984 2838 2839
f 2983 2838 2984
f 2985 2839 2840
f 2984 2839 2985
f 2985 2840 2971
f 2945 2843 2842
f 2945 2842 2944
f 2948 2844 2843
f 2948 2843 2945
f 2949 2849 2844
f 2949 2844 2948
f 2846 2845 2848
f 2848 2845 2867
f 2867 2845 2852
f 2848 2847 2846
f 2950 2850 2849
f 2950 2849 2949
f 2954 2859 2850
f 2954 2850 2950
f 2867 2852 2851
f 2851 2866 2867
f 2853 2857 2854
f 2988 2853 2854
f 2987 2853 2988
f 2854 2856 2855
f 2989 2854 2855
f 2854 2857 2856
f 2988 2854 2989
f 2990 2855 2856
f 2989 2855 2990
f 2991 2856 2857
f 2990 2856 2991
f 2991 2857 2992
f 2956 2860 2859
f 2956 2859 2954
f 2957 2861 2860
f 2957 2860 2956
f 2960 2862 2861
f 2960 2861 2957
f 2962 2869 2862
f 2962 2862 2960
f 2873 2864 2863
f 2863 2872 2873
f 2873 2865 2864
f 2867 2866 2865
f 2867 2865 2873
f 2963 2870 2869
f 2963 2869 2962
f 2964 2875 2870
f 2964 2870 2963
f 2873 2872 2871
f 2873 2871 2887
f 2887 2871 2886
f 2965 2876 2875
f 2965 2875 2964
f 2970 2877 2876
f 2970 2876 2965
f 2972 2878 2877
f 2972 2877 2970
f 2973 2879 2878
f 2973 2878 2972
f 2975 2880 2879
f 2974 2879 2973
f 2975 2879 2974
f 2976 2888 2880
f 2976 2880 2975
f 2899 2882 2881
f 2899 2881 2897
f 2887 2883 2882
f 2887 2882 2899
f 2887 2884 2883
f 2885 2884 2887
f 2887 2886 2885
f 2977 2889 2888
f 2977 2888 2976
f 2978 2890 2889
f 2978 2889 2977
f 2986 2891 2890
f 2986 2890 2978
f 2987 2892 2891
f 2987 2891 2986
f 2899 2893 2892
f 2899 2892 2901
f 2901 2892 2903
f 2903 2892 2905
f 2905 2892 2907
f 2907 2892 2909
f 2909 2892 2913
f 2913 2892 2912
f 2912 2892 2915
f 2915 2892 2917
f 2917 2892 2919
f 2919 2892 2921
f 2921 2892 2923
f 2923 2892 2925
f 2925 2892 2927
f 2927 2892 2929
f 2929 2892 2931
f 2931 2892 2933
f 2933 2892 2937
f 2937 2892 2936
f 2936 2892 2941
f 2941 2892 2940
f 2940 2892 2943
f 2943 2892 2947
f 2947 2892 2946
f 2946 2892 2953
f 2952 2892 2951
f 2951 2892 2955
f 2953 2892 2952
f 2955 2892 2959
f 2959 2892 2958
f 2958 2892 2961
f 2961 2892 2969
f 2967 2892 2966
f 2966 2892 2971
f 2968 2892 2967
f 2969 2892 2968
f 2971 2892 2985
f 2980 2892 2979
f 2979 2892 2992
f 2981 2892 2980
f 2982 2892 2981
f 2983 2892 2982
f 2984 2892 2983
f 2985 2892 2984
f 2988 2892 2987
f 2989 2892 2988
f 2990 2892 2989
f 2991 2892 2990
f 2992 2892 2991
f 2894 2893 2899
f 2899 2895 2894
f 2899 2896 2895
f 2897 2896 2899
f 2999 2993 2994
f 3124 2994 2993
f 3000 2993 2999
f 3000 3004 2993
f 3123 2993 3004
f 3124 2993 3123
f 2998 2994 2995
f 3125 2995 2994
f 2999 2994 2998
f 3125 2994 3124
f 2997 2995 2996
f 3105 2996 2995
f 2998 2995 2997
f 3105 2995 3125
f 3106 2997 2996
f 3106 2996 3105
f 3107 2998 2997
f 3107 2997 3106
f 3108 2999 2998
f 3108 2998 3107
f 3126 3000 2999
f 3126 2999 3108
f 3005 3004 3000
f 3127 3005 3000
f 3127 3000 3126
f 3007 3001 3002
f 3120 3002 3001
f 3008 3001 3007
f 3008 3010 3001
f 3119 3001 3010
f 3120 3001 3119
f 3006 3002 3003
f 3121 3003 3002
f 3007 3002 3006
f 3121 3002 3120
f 3005 3003 3004
f 3122 3004 3003
f 3006 3003 3005
f 3122 3003 3121
f 3123 3004 3122
f 3128 3006 3005
f 3128 3005 3127
f 3129 3007 3006
f 3129 3006 3128
f 3130 3008 3007
f 3130 3007 3129
f 3011 3010 3008
f 3131 3011 3008
f 3131 3008 3130
f 3011 3009 3010
f 3133 3010 3009
f 3012 3009 3011
f 3012 3014 3009
f 3147 3009 3014
f 3133 3009 3148
f 3148 3009 3147
f 3119 3010 3133
f 3132 3012 3011
f 3132 3011 3131
f 3015 3014 3012
f 3149 3015 3012
f 3134 3012 3132
f 3149 3012 3134
f 3015 3013 3014
f 3146 3014 3013
f 3016 3013 3015
f 3016 3018 3013
f 3145 3013 3018
f 3146 3013 3145
f 3147 3014 3146
f 3150 3016 3015
f 3150 3015 3149
f 3019 3018 3016
f 3151 3019 3016
f 3151 3016 3150
f 3019 3017 3018
f 3153 3018 3017
f 3020 3017 3019
f 3020 3022 3017
f 3166 3017 3022
f 3153 3017 3167
f 3167 3017 3166
f 3145 3018 3153
f 3152 3020 3019
f 3152 3019 3151
f 3023 3022 3020
f 3168 3023 3020
f 3154 3020 3152
f 3168 3020 3154
f 3023 3021 3022
f 3165 3022 3021
f 3024 3021 3023
f 3024 3026 3021
f 3165 3021 3026
f 3166 3022 3165
f 3169 3024 3023
f 3169 3023 3168
f 3027 3026 3024
f 3170 3027 3024
f 3170 3024 3169
f 3027 3025 3026
f 3171 3026 3025
f 3028 3025 3027
f 3028 3030 3025
f 3184 3025 3030
f 3171 3025 3184
f 3165 3026 3171
f 3170 3028 3027
f 3031 3030 3028
f 3172 3031 3028
f 3172 3028 3170
f 3031 3029 3030
f 3183 3030 3029
f 3032 3029 3031
f 3032 3034 3029
f 3183 3029 3034
f 3184 3030 3183
f 3185 3032 3031
f 3185 3031 3172
f 3035 3034 3032
f 3186 3035 3032
f 3186 3032 3185
f 3035 3033 3034
f 3196 3034 3033
f 3036 3033 3035
f 3036 3038 3033
f 3196 3033 3038
f 3183 3034 3196
f 3186 3036 3035
f 3039 3038 3036
f 3197 3039 3036
f 3197 3036 3186
f 3039 3037 3038
f 3195 3038 3037
f 3040 3037 3039
f 3040 3042 3037
f 3195 3037 3042
f 3196 3038 3195
f 3197 3040 3039
f 3043 3042 3040
f 3198 3043 3040
f 3198 3040 3197
f 3043 3041 3042
f 3210 3042 3041
f 3044 3041 3043
f 3044 3045 3041
f 3210 3041 3045
f 3195 3042 3210
f 3198 3044 3043
f 3046 3045 3044
f 3211 3046 3044
f 3211 3044 3198
f 3046 3047 3045
f 3209 3045 3047
f 3210 3045 3209
f 3048 3047 3046
f 3211 3048 3046
f 3048 3049 3047
f 3221 3047 3049
f 3209 3047 3222
f 3222 3047 3221
f 3050 3049 3048
f 3223 3050 3048
f 3212 3048 3211
f 3223 3048 3212
f 3050 3051 3049
f 3225 3049 3051
f 3221 3049 3225
f 3052 3051 3050
f 3224 3052 3050
f 3224 3050 3223
f 3052 3053 3051
f 3236 3051 3053
f 3225 3051 3236
f 3054 3053 3052
f 3226 3054 3052
f 3226 3052 3224
f 3054 3055 3053
f 3235 3053 3055
f 3236 3053 3235
f 3056 3055 3054
f 3237 3056 3054
f 3237 3054 3226
f 3056 3058 3055
f 3248 3055 3058
f 3235 3055 3248
f 3059 3058 3056
f 3249 3059 3056
f 3238 3056 3237
f 3249 3056 3238
f 3059 3057 3058
f 3247 3058 3057
f 3060 3057 3059
f 3060 3061 3057
f 3251 3057 3061
f 3247 3057 3251
f 3248 3058 3247
f 3249 3060 3059
f 3062 3061 3060
f 3250 3062 3060
f 3250 3060 3249
f 3062 3064 3061
f 3265 3061 3064
f 3251 3061 3265
f 3065 3064 3062
f 3252 3065 3062
f 3252 3062 3250
f 3065 3063 3064
f 3264 3064 3063
f 3066 3063 3065
f 3066 3067 3063
f 3268 3063 3067
f 3264 3063 3268
f 3265 3064 3264
f 3266 3066 3065
f 3266 3065 3252
f 3068 3067 3066
f 3267 3068 3066
f 3267 3066 3266
f 3068 3070 3067
f 3279 3067 3070
f 3268 3067 3279
f 3071 3070 3068
f 3269 3071 3068
f 3269 3068 3267
f 3071 3069 3070
f 3278 3070 3069
f 3072 3069 3071
f 3072 3073 3069
f 3282 3069 3073
f 3278 3069 3282
f 3279 3070 3278
f 3280 3072 3071
f 3280 3071 3269
f 3074 3073 3072
f 3281 3074 3072
f 3281 3072 3280
f 3074 3075 3073
f 3292 3073 3075
f 3282 3073 3292
f 3074 3080 3075
f 3086 3080 3074
f 3283 3086 3074
f 3283 3074 3281
f 3075 3077 3076
f 3075 3076 3089
f 3075 3078 3077
f 3075 3079 3078
f 3080 3079 3075
f 3075 3179 3087
f 3304 3075 3087
f 3089 3088 3075
f 3075 3088 3095
f 3075 3095 3094
f 3075 3094 3101
f 3101 3100 3075
f 3100 3111 3075
f 3075 3111 3110
f 3075 3110 3116
f 3075 3116 3137
f 3075 3137 3136
f 3136 3142 3075
f 3142 3156 3075
f 3075 3156 3161
f 3161 3160 3075
f 3075 3160 3174
f 3075 3174 3179
f 3292 3075 3304
f 3294 3076 3077
f 3293 3089 3076
f 3293 3076 3294
f 3295 3077 3078
f 3294 3077 3295
f 3296 3078 3079
f 3295 3078 3296
f 3297 3079 3080
f 3296 3079 3297
f 3086 3081 3080
f 3298 3080 3081
f 3297 3080 3298
f 3082 3081 3086
f 3299 3081 3082
f 3298 3081 3299
f 3086 3083 3082
f 3300 3082 3083
f 3299 3082 3300
f 3086 3084 3083
f 3301 3083 3084
f 3300 3083 3301
f 3086 3085 3084
f 3302 3084 3085
f 3301 3084 3302
f 3092 3085 3086
f 3092 3090 3085
f 3302 3085 3090
f 3303 3092 3086
f 3303 3086 3283
f 3087 3188 3093
f 3316 3087 3093
f 3087 3179 3188
f 3304 3087 3316
f 3293 3088 3089
f 3319 3095 3088
f 3305 3088 3293
f 3319 3088 3305
f 3091 3090 3092
f 3306 3090 3091
f 3302 3090 3306
f 3098 3091 3092
f 3096 3091 3098
f 3321 3091 3096
f 3306 3091 3320
f 3320 3091 3321
f 3307 3098 3092
f 3307 3092 3303
f 3093 3188 3099
f 3336 3093 3099
f 3316 3093 3336
f 3318 3094 3095
f 3317 3101 3094
f 3317 3094 3318
f 3318 3095 3319
f 3098 3097 3096
f 3322 3096 3097
f 3321 3096 3322
f 3104 3097 3098
f 3104 3102 3097
f 3322 3097 3102
f 3323 3104 3098
f 3323 3098 3307
f 3099 3192 3109
f 3336 3099 3109
f 3099 3188 3192
f 3317 3100 3101
f 3339 3111 3100
f 3324 3100 3317
f 3339 3100 3324
f 3103 3102 3104
f 3325 3102 3103
f 3322 3102 3325
f 3114 3103 3104
f 3112 3103 3114
f 3340 3103 3112
f 3325 3103 3340
f 3343 3114 3104
f 3343 3104 3323
f 3105 3297 3106
f 3125 3297 3105
f 3106 3297 3107
f 3107 3297 3108
f 3108 3297 3126
f 3109 3192 3115
f 3336 3109 3115
f 3339 3110 3111
f 3338 3116 3110
f 3338 3110 3339
f 3114 3113 3112
f 3341 3112 3113
f 3340 3112 3341
f 3118 3113 3114
f 3118 3117 3113
f 3342 3113 3117
f 3341 3113 3342
f 3343 3118 3114
f 3115 3201 3135
f 3357 3115 3135
f 3115 3192 3201
f 3336 3115 3357
f 3359 3137 3116
f 3337 3116 3338
f 3344 3116 3337
f 3359 3116 3344
f 3118 3138 3117
f 3360 3117 3138
f 3342 3117 3345
f 3345 3117 3360
f 3140 3138 3118
f 3362 3140 3118
f 3362 3118 3343
f 3119 3294 3120
f 3133 3293 3119
f 3119 3293 3294
f 3120 3294 3121
f 3121 3295 3122
f 3121 3294 3295
f 3122 3295 3123
f 3123 3296 3124
f 3123 3295 3296
f 3124 3296 3125
f 3125 3296 3297
f 3126 3297 3127
f 3127 3297 3128
f 3128 3297 3129
f 3129 3297 3130
f 3130 3297 3131
f 3131 3297 3132
f 3132 3297 3134
f 3148 3293 3133
f 3134 3297 3149
f 3135 3201 3141
f 3356 3135 3141
f 3357 3135 3356
f 3359 3136 3137
f 3358 3142 3136
f 3358 3136 3359
f 3140 3139 3138
f 3361 3138 3139
f 3360 3138 3361
f 3144 3139 3140
f 3144 3143 3139
f 3361 3139 3143
f 3362 3144 3140
f 3141 3200 3155
f 3374 3141 3155
f 3141 3201 3200
f 3356 3141 3374
f 3376 3156 3142
f 3364 3142 3358
f 3376 3142 3364
f 3158 3143 3144
f 3158 3157 3143
f 3378 3143 3157
f 3361 3143 3365
f 3365 3143 3377
f 3377 3143 3378
f 3363 3158 3144
f 3363 3144 3362
f 3145 3319 3146
f 3153 3318 3145
f 3145 3318 3319
f 3146 3305 3147
f 3146 3319 3305
f 3147 3293 3148
f 3147 3305 3293
f 3149 3297 3150
f 3150 3297 3151
f 3151 3297 3152
f 3152 3297 3154
f 3167 3318 3153
f 3154 3297 3168
f 3155 3206 3159
f 3380 3155 3159
f 3155 3200 3206
f 3374 3155 3380
f 3375 3161 3156
f 3375 3156 3376
f 3164 3157 3158
f 3162 3157 3164
f 3378 3157 3162
f 3379 3164 3158
f 3379 3158 3363
f 3159 3214 3173
f 3392 3159 3173
f 3159 3206 3214
f 3380 3159 3392
f 3381 3160 3161
f 3393 3174 3160
f 3393 3160 3381
f 3381 3161 3375
f 3164 3163 3162
f 3394 3162 3163
f 3378 3162 3382
f 3382 3162 3394
f 3176 3163 3164
f 3176 3175 3163
f 3394 3163 3175
f 3383 3176 3164
f 3383 3164 3379
f 3165 3317 3166
f 3171 3317 3165
f 3166 3318 3167
f 3166 3317 3318
f 3168 3297 3169
f 3169 3297 3170
f 3170 3297 3172
f 3184 3317 3171
f 3172 3297 3185
f 3173 3214 3178
f 3392 3173 3178
f 3393 3179 3174
f 3181 3175 3176
f 3181 3180 3175
f 3394 3175 3180
f 3395 3181 3176
f 3395 3176 3383
f 3178 3214 3177
f 3408 3178 3177
f 3177 3218 3187
f 3408 3177 3187
f 3177 3214 3218
f 3392 3178 3408
f 3410 3188 3179
f 3396 3179 3393
f 3410 3179 3396
f 3182 3180 3181
f 3182 3189 3180
f 3412 3180 3189
f 3394 3180 3397
f 3397 3180 3411
f 3411 3180 3412
f 3395 3182 3181
f 3190 3189 3182
f 3413 3190 3182
f 3413 3182 3395
f 3183 3339 3184
f 3196 3339 3183
f 3184 3324 3317
f 3184 3339 3324
f 3185 3297 3186
f 3186 3297 3197
f 3187 3218 3191
f 3414 3187 3191
f 3408 3187 3414
f 3409 3192 3188
f 3409 3188 3410
f 3194 3189 3190
f 3194 3193 3189
f 3412 3189 3193
f 3413 3194 3190
f 3191 3228 3199
f 3430 3191 3199
f 3191 3218 3228
f 3414 3191 3430
f 3415 3201 3192
f 3415 3192 3409
f 3204 3193 3194
f 3204 3202 3193
f 3433 3193 3202
f 3412 3193 3416
f 3416 3193 3433
f 3417 3204 3194
f 3417 3194 3413
f 3195 3338 3196
f 3210 3338 3195
f 3196 3338 3339
f 3197 3297 3198
f 3198 3297 3211
f 3199 3228 3205
f 3454 3199 3205
f 3430 3199 3454
f 3432 3200 3201
f 3431 3206 3200
f 3431 3200 3432
f 3432 3201 3415
f 3204 3203 3202
f 3434 3202 3203
f 3433 3202 3434
f 3208 3203 3204
f 3208 3207 3203
f 3437 3203 3207
f 3434 3203 3437
f 3435 3208 3204
f 3435 3204 3417
f 3205 3232 3213
f 3454 3205 3213
f 3205 3228 3232
f 3455 3214 3206
f 3436 3206 3431
f 3455 3206 3436
f 3216 3207 3208
f 3216 3215 3207
f 3456 3207 3215
f 3437 3207 3456
f 3457 3216 3208
f 3457 3208 3435
f 3209 3359 3210
f 3222 3359 3209
f 3210 3337 3338
f 3210 3344 3337
f 3210 3359 3344
f 3211 3297 3212
f 3212 3297 3223
f 3213 3232 3217
f 3454 3213 3217
f 3455 3218 3214
f 3220 3215 3216
f 3220 3219 3215
f 3456 3215 3219
f 3457 3220 3216
f 3217 3240 3227
f 3476 3217 3227
f 3217 3232 3240
f 3454 3217 3476
f 3477 3228 3218
f 3477 3218 3455
f 3230 3219 3220
f 3230 3229 3219
f 3478 3219 3229
f 3456 3219 3478
f 3457 3230 3220
f 3221 3359 3222
f 3225 3358 3221
f 3221 3358 3359
f 3223 3297 3224
f 3224 3297 3226
f 3236 3358 3225
f 3226 3297 3237
f 3227 3240 3231
f 3484 3227 3231
f 3476 3227 3484
f 3477 3232 3228
f 3234 3229 3230
f 3234 3233 3229
f 3478 3229 3233
f 3479 3234 3230
f 3479 3230 3457
f 3231 3244 3239
f 3484 3231 3239
f 3231 3240 3244
f 3485 3240 3232
f 3485 3232 3477
f 3242 3233 3234
f 3242 3241 3233
f 3486 3233 3241
f 3478 3233 3486
f 3487 3242 3234
f 3487 3234 3479
f 3235 3376 3236
f 3248 3375 3235
f 3235 3375 3376
f 3236 3364 3358
f 3236 3376 3364
f 3237 3297 3238
f 3238 3297 3249
f 3239 3244 3243
f 3484 3239 3243
f 3485 3244 3240
f 3246 3241 3242
f 3246 3245 3241
f 3486 3241 3245
f 3487 3246 3242
f 3243 3244 3255
f 3243 3255 3253
f 3492 3243 3253
f 3484 3243 3492
f 3494 3255 3244
f 3494 3244 3485
f 3258 3245 3246
f 3258 3256 3245
f 3495 3245 3256
f 3486 3245 3495
f 3487 3258 3246
f 3247 3375 3248
f 3251 3375 3247
f 3249 3297 3250
f 3250 3297 3252
f 3265 3375 3251
f 3252 3297 3266
f 3253 3255 3254
f 3253 3254 3260
f 3499 3253 3260
f 3492 3253 3499
f 3494 3254 3255
f 3260 3254 3261
f 3493 3261 3254
f 3493 3254 3494
f 3259 3257 3256
f 3496 3256 3257
f 3259 3256 3258
f 3495 3256 3496
f 3262 3257 3259
f 3495 3257 3262
f 3496 3257 3495
f 3497 3259 3258
f 3497 3258 3487
f 3263 3262 3259
f 3498 3263 3259
f 3498 3259 3497
f 3260 3261 3270
f 3507 3260 3270
f 3499 3260 3507
f 3270 3261 3271
f 3500 3271 3261
f 3494 3261 3493
f 3500 3261 3494
f 3263 3272 3262
f 3509 3262 3272
f 3495 3262 3501
f 3501 3262 3509
f 3273 3272 3263
f 3502 3273 3263
f 3502 3263 3498
f 3264 3381 3265
f 3268 3393 3264
f 3264 3393 3381
f 3265 3381 3375
f 3266 3297 3267
f 3267 3297 3269
f 3279 3393 3268
f 3269 3297 3280
f 3270 3271 3274
f 3507 3270 3274
f 3274 3271 3284
f 3284 3271 3275
f 3508 3275 3271
f 3508 3271 3500
f 3277 3272 3273
f 3277 3276 3272
f 3509 3272 3276
f 3510 3277 3273
f 3510 3273 3502
f 3517 3274 3284
f 3507 3274 3517
f 3284 3275 3288
f 3308 3275 3285
f 3511 3285 3275
f 3288 3275 3308
f 3511 3275 3508
f 3287 3276 3277
f 3287 3286 3276
f 3519 3276 3286
f 3509 3276 3512
f 3512 3276 3519
f 3510 3287 3277
f 3278 3393 3279
f 3282 3393 3278
f 3280 3297 3281
f 3297 3283 3281
f 3292 3393 3282
f 3297 3303 3283
f 3521 3284 3288
f 3517 3284 3521
f 3326 3285 3289
f 3518 3289 3285
f 3308 3285 3312
f 3312 3285 3326
f 3518 3285 3511
f 3287 3290 3286
f 3519 3286 3290
f 3291 3290 3287
f 3520 3291 3287
f 3520 3287 3510
f 3531 3288 3308
f 3521 3288 3531
f 3346 3289 3309
f 3532 3309 3289
f 3326 3289 3332
f 3332 3289 3346
f 3522 3289 3518
f 3532 3289 3522
f 3311 3290 3291
f 3311 3310 3290
f 3533 3290 3310
f 3519 3290 3523
f 3523 3290 3533
f 3524 3311 3291
f 3524 3291 3520
f 3304 3410 3292
f 3292 3396 3393
f 3292 3410 3396
f 3298 3303 3297
f 3299 3303 3298
f 3300 3303 3299
f 3301 3303 3300
f 3302 3303 3301
f 3302 3307 3303
f 3306 3307 3302
f 3316 3409 3304
f 3304 3409 3410
f 3320 3307 3306
f 3320 3323 3307
f 3531 3308 3312
f 3370 3309 3313
f 3532 3313 3309
f 3346 3309 3350
f 3350 3309 3366
f 3366 3309 3370
f 3315 3310 3311
f 3315 3314 3310
f 3536 3310 3314
f 3533 3310 3536
f 3534 3315 3311
f 3534 3311 3524
f 3543 3312 3326
f 3531 3312 3543
f 3384 3313 3327
f 3544 3327 3313
f 3370 3313 3384
f 3535 3313 3532
f 3544 3313 3535
f 3315 3330 3314
f 3547 3314 3330
f 3536 3314 3547
f 3331 3330 3315
f 3548 3331 3315
f 3548 3315 3534
f 3336 3409 3316
f 3321 3323 3320
f 3322 3323 3321
f 3322 3343 3323
f 3325 3343 3322
f 3340 3343 3325
f 3549 3326 3332
f 3543 3326 3549
f 3398 3327 3328
f 3544 3328 3327
f 3384 3327 3388
f 3388 3327 3398
f 3399 3328 3333
f 3545 3333 3328
f 3398 3328 3399
f 3545 3328 3544
f 3331 3329 3330
f 3546 3330 3329
f 3335 3329 3331
f 3335 3334 3329
f 3546 3329 3334
f 3547 3330 3546
f 3548 3335 3331
f 3557 3332 3346
f 3549 3332 3557
f 3418 3333 3347
f 3558 3347 3333
f 3399 3333 3404
f 3404 3333 3418
f 3558 3333 3545
f 3349 3334 3335
f 3349 3348 3334
f 3559 3334 3348
f 3546 3334 3559
f 3550 3349 3335
f 3550 3335 3548
f 3357 3432 3336
f 3336 3415 3409
f 3336 3432 3415
f 3341 3343 3340
f 3342 3343 3341
f 3342 3362 3343
f 3345 3362 3342
f 3360 3362 3345
f 3567 3346 3350
f 3557 3346 3567
f 3446 3347 3351
f 3558 3351 3347
f 3418 3347 3424
f 3424 3347 3438
f 3438 3347 3439
f 3439 3347 3446
f 3355 3348 3349
f 3355 3354 3348
f 3562 3348 3354
f 3559 3348 3562
f 3560 3355 3349
f 3560 3349 3550
f 3568 3350 3366
f 3567 3350 3568
f 3458 3351 3352
f 3561 3352 3351
f 3446 3351 3458
f 3561 3351 3558
f 3459 3352 3367
f 3569 3367 3352
f 3458 3352 3459
f 3569 3352 3561
f 3355 3353 3354
f 3570 3354 3353
f 3369 3353 3355
f 3368 3353 3369
f 3570 3353 3368
f 3562 3354 3570
f 3572 3369 3355
f 3572 3355 3560
f 3356 3432 3357
f 3374 3431 3356
f 3356 3431 3432
f 3361 3362 3360
f 3361 3363 3362
f 3365 3363 3361
f 3365 3379 3363
f 3377 3379 3365
f 3568 3366 3370
f 3480 3367 3371
f 3569 3371 3367
f 3459 3367 3468
f 3468 3367 3480
f 3373 3368 3369
f 3373 3372 3368
f 3570 3368 3372
f 3571 3373 3369
f 3571 3369 3572
f 3583 3370 3384
f 3568 3370 3583
f 3488 3371 3385
f 3584 3385 3371
f 3480 3371 3482
f 3482 3371 3488
f 3573 3371 3569
f 3584 3371 3573
f 3387 3372 3373
f 3387 3386 3372
f 3586 3372 3386
f 3570 3372 3574
f 3574 3372 3587
f 3587 3372 3586
f 3571 3387 3373
f 3380 3455 3374
f 3374 3436 3431
f 3374 3455 3436
f 3378 3379 3377
f 3378 3383 3379
f 3382 3383 3378
f 3392 3455 3380
f 3394 3383 3382
f 3394 3395 3383
f 3589 3384 3388
f 3583 3384 3589
f 3505 3385 3389
f 3585 3389 3385
f 3488 3385 3490
f 3490 3385 3503
f 3503 3385 3505
f 3585 3385 3584
f 3391 3386 3387
f 3391 3390 3386
f 3586 3386 3390
f 3588 3391 3387
f 3588 3387 3571
f 3601 3388 3398
f 3589 3388 3601
f 3513 3389 3400
f 3603 3400 3389
f 3505 3389 3513
f 3603 3389 3585
f 3403 3390 3391
f 3401 3390 3403
f 3607 3390 3401
f 3586 3390 3608
f 3608 3390 3607
f 3590 3403 3391
f 3590 3391 3588
f 3408 3455 3392
f 3394 3413 3395
f 3397 3413 3394
f 3411 3413 3397
f 3602 3398 3399
f 3601 3398 3602
f 3629 3399 3404
f 3602 3399 3629
f 3529 3400 3405
f 3604 3405 3400
f 3513 3400 3515
f 3515 3400 3525
f 3525 3400 3526
f 3526 3400 3529
f 3604 3400 3603
f 3402 3401 3403
f 3407 3401 3402
f 3406 3401 3407
f 3606 3401 3406
f 3607 3401 3606
f 3610 3402 3403
f 3609 3407 3402
f 3609 3402 3610
f 3610 3403 3590
f 3629 3404 3418
f 3538 3405 3419
f 3630 3419 3405
f 3529 3405 3537
f 3537 3405 3538
f 3605 3405 3604
f 3630 3405 3605
f 3423 3406 3407
f 3422 3406 3423
f 3633 3406 3422
f 3606 3406 3633
f 3634 3423 3407
f 3634 3407 3609
f 3414 3477 3408
f 3408 3477 3455
f 3412 3413 3411
f 3412 3417 3413
f 3416 3417 3412
f 3430 3477 3414
f 3416 3435 3417
f 3433 3435 3416
f 3629 3418 3424
f 3551 3419 3420
f 3630 3420 3419
f 3538 3419 3541
f 3541 3419 3551
f 3552 3420 3425
f 3631 3425 3420
f 3551 3420 3552
f 3631 3420 3630
f 3423 3421 3422
f 3632 3422 3421
f 3429 3421 3423
f 3429 3428 3421
f 3632 3421 3428
f 3633 3422 3632
f 3634 3429 3423
f 3643 3424 3438
f 3629 3424 3643
f 3555 3425 3426
f 3631 3426 3425
f 3552 3425 3555
f 3563 3426 3440
f 3645 3440 3426
f 3555 3426 3563
f 3635 3426 3631
f 3645 3426 3635
f 3427 3428 3445
f 3636 3428 3427
f 3445 3443 3427
f 3650 3427 3443
f 3636 3427 3650
f 3445 3428 3429
f 3632 3428 3636
f 3634 3445 3429
f 3454 3477 3430
f 3434 3435 3433
f 3434 3457 3435
f 3437 3457 3434
f 3456 3457 3437
f 3644 3438 3439
f 3643 3438 3644
f 3644 3439 3446
f 3565 3440 3441
f 3645 3441 3440
f 3563 3440 3565
f 3579 3441 3447
f 3646 3447 3441
f 3565 3441 3575
f 3575 3441 3576
f 3576 3441 3579
f 3646 3441 3645
f 3442 3443 3444
f 3649 3443 3442
f 3453 3442 3444
f 3452 3442 3453
f 3649 3442 3452
f 3444 3443 3445
f 3650 3443 3649
f 3652 3444 3445
f 3651 3453 3444
f 3651 3444 3652
f 3652 3445 3634
f 3655 3446 3458
f 3644 3446 3655
f 3579 3447 3448
f 3646 3448 3447
f 3591 3448 3449
f 3657 3449 3448
f 3579 3448 3580
f 3580 3448 3591
f 3647 3448 3646
f 3653 3448 3647
f 3657 3448 3653
f 3592 3449 3460
f 3658 3460 3449
f 3591 3449 3592
f 3658 3449 3657
f 3450 3451 3467
f 3667 3451 3450
f 3467 3465 3450
f 3667 3450 3465
f 3453 3451 3452
f 3648 3452 3451
f 3467 3451 3453
f 3648 3451 3654
f 3654 3451 3668
f 3668 3451 3667
f 3649 3452 3648
f 3651 3467 3453
f 3476 3485 3454
f 3454 3485 3477
f 3456 3479 3457
f 3478 3479 3456
f 3656 3458 3459
f 3655 3458 3656
f 3671 3459 3468
f 3656 3459 3671
f 3592 3460 3461
f 3658 3461 3460
f 3592 3461 3462
f 3659 3462 3461
f 3659 3461 3658
f 3462 3469 3592
f 3660 3469 3462
f 3660 3462 3659
f 3466 3463 3464
f 3665 3464 3463
f 3475 3463 3466
f 3475 3474 3463
f 3664 3463 3474
f 3665 3463 3664
f 3466 3464 3465
f 3666 3465 3464
f 3666 3464 3665
f 3466 3465 3467
f 3667 3465 3666
f 3670 3466 3467
f 3669 3475 3466
f 3669 3466 3670
f 3670 3467 3651
f 3677 3468 3480
f 3671 3468 3677
f 3469 3470 3592
f 3661 3470 3469
f 3661 3469 3660
f 3592 3470 3471
f 3672 3471 3470
f 3662 3470 3661
f 3672 3470 3662
f 3475 3471 3472
f 3673 3472 3471
f 3481 3471 3475
f 3483 3471 3481
f 3489 3471 3483
f 3491 3471 3489
f 3504 3471 3491
f 3506 3471 3504
f 3514 3471 3506
f 3516 3471 3514
f 3528 3471 3516
f 3527 3471 3528
f 3530 3471 3527
f 3540 3471 3530
f 3539 3471 3540
f 3542 3471 3539
f 3554 3471 3542
f 3553 3471 3554
f 3556 3471 3553
f 3564 3471 3556
f 3566 3471 3564
f 3578 3471 3566
f 3577 3471 3578
f 3582 3471 3577
f 3581 3471 3582
f 3596 3471 3581
f 3592 3471 3596
f 3673 3471 3672
f 3475 3472 3473
f 3674 3473 3472
f 3674 3472 3673
f 3475 3473 3474
f 3663 3474 3473
f 3663 3473 3675
f 3675 3473 3674
f 3664 3474 3663
f 3676 3481 3475
f 3676 3475 3669
f 3484 3485 3476
f 3478 3487 3479
f 3486 3487 3478
f 3679 3480 3482
f 3677 3480 3679
f 3678 3483 3481
f 3678 3481 3676
f 3681 3482 3488
f 3679 3482 3681
f 3680 3489 3483
f 3680 3483 3678
f 3484 3494 3485
f 3492 3494 3484
f 3486 3497 3487
f 3495 3497 3486
f 3683 3488 3490
f 3681 3488 3683
f 3682 3491 3489
f 3682 3489 3680
f 3685 3490 3503
f 3683 3490 3685
f 3684 3504 3491
f 3684 3491 3682
f 3492 3494 3493
f 3499 3494 3492
f 3499 3500 3494
f 3496 3498 3495
f 3495 3502 3496
f 3495 3498 3497
f 3495 3501 3502
f 3496 3502 3498
f 3507 3500 3499
f 3507 3508 3500
f 3502 3501 3509
f 3502 3509 3510
f 3686 3503 3505
f 3685 3503 3686
f 3688 3506 3504
f 3688 3504 3684
f 3689 3505 3513
f 3686 3505 3689
f 3692 3514 3506
f 3687 3506 3688
f 3692 3506 3687
f 3517 3508 3507
f 3521 3511 3508
f 3521 3508 3517
f 3510 3509 3512
f 3510 3512 3520
f 3531 3518 3511
f 3531 3511 3521
f 3520 3512 3519
f 3690 3513 3515
f 3689 3513 3690
f 3692 3516 3514
f 3693 3515 3525
f 3690 3515 3693
f 3696 3528 3516
f 3691 3516 3692
f 3696 3516 3691
f 3549 3522 3518
f 3543 3518 3531
f 3549 3518 3543
f 3520 3519 3524
f 3524 3519 3523
f 3557 3532 3522
f 3557 3522 3549
f 3524 3523 3533
f 3524 3533 3534
f 3694 3525 3526
f 3693 3525 3694
f 3694 3526 3529
f 3696 3527 3528
f 3695 3530 3527
f 3695 3527 3696
f 3697 3529 3537
f 3694 3529 3697
f 3695 3540 3530
f 3568 3535 3532
f 3567 3532 3557
f 3568 3532 3567
f 3534 3533 3536
f 3534 3536 3548
f 3583 3544 3535
f 3583 3535 3568
f 3548 3536 3547
f 3698 3537 3538
f 3697 3537 3698
f 3701 3538 3541
f 3698 3538 3701
f 3700 3539 3540
f 3699 3542 3539
f 3699 3539 3700
f 3700 3540 3695
f 3703 3541 3551
f 3701 3541 3703
f 3702 3554 3542
f 3702 3542 3699
f 3601 3545 3544
f 3589 3544 3583
f 3601 3544 3589
f 3558 3545 3602
f 3602 3545 3601
f 3548 3547 3546
f 3548 3546 3550
f 3550 3546 3559
f 3550 3559 3560
f 3704 3551 3552
f 3703 3551 3704
f 3707 3552 3555
f 3704 3552 3707
f 3706 3553 3554
f 3705 3556 3553
f 3705 3553 3706
f 3706 3554 3702
f 3710 3555 3563
f 3707 3555 3709
f 3709 3555 3710
f 3714 3564 3556
f 3708 3556 3705
f 3714 3556 3708
f 3629 3561 3558
f 3629 3558 3602
f 3560 3559 3572
f 3572 3559 3562
f 3569 3561 3629
f 3572 3562 3570
f 3711 3563 3565
f 3710 3563 3711
f 3713 3566 3564
f 3713 3564 3714
f 3717 3565 3575
f 3711 3565 3715
f 3715 3565 3717
f 3716 3578 3566
f 3712 3566 3713
f 3716 3566 3712
f 3629 3573 3569
f 3572 3570 3571
f 3571 3570 3574
f 3571 3574 3588
f 3584 3573 3629
f 3588 3574 3587
f 3718 3575 3576
f 3717 3575 3718
f 3719 3576 3579
f 3718 3576 3719
f 3722 3577 3578
f 3721 3582 3577
f 3721 3577 3722
f 3722 3578 3716
f 3725 3579 3580
f 3719 3579 3723
f 3723 3579 3725
f 3725 3580 3591
f 3724 3581 3582
f 3732 3596 3581
f 3732 3581 3724
f 3720 3582 3721
f 3724 3582 3720
f 3629 3585 3584
f 3603 3585 3629
f 3588 3587 3586
f 3588 3586 3590
f 3590 3586 3608
f 3590 3608 3610
f 3726 3591 3592
f 3725 3591 3726
f 3592 3595 3593
f 3727 3592 3593
f 3596 3595 3592
f 3726 3592 3727
f 3593 3595 3594
f 3593 3594 3597
f 3728 3593 3597
f 3727 3593 3728
f 3731 3594 3595
f 3597 3594 3600
f 3730 3600 3594
f 3730 3594 3731
f 3732 3595 3596
f 3731 3595 3732
f 3597 3600 3598
f 3735 3597 3598
f 3728 3597 3733
f 3733 3597 3735
f 3598 3600 3599
f 3598 3599 3611
f 3735 3598 3611
f 3734 3599 3600
f 3611 3599 3618
f 3742 3618 3599
f 3742 3599 3734
f 3729 3600 3730
f 3734 3600 3729
f 3629 3604 3603
f 3605 3604 3629
f 3629 3630 3605
f 3634 3607 3606
f 3634 3606 3633
f 3610 3608 3607
f 3610 3607 3609
f 3609 3607 3634
f 3611 3618 3612
f 3736 3611 3612
f 3735 3611 3736
f 3612 3617 3613
f 3737 3612 3613
f 3612 3618 3617
f 3736 3612 3737
f 3613 3616 3614
f 3738 3613 3614
f 3613 3617 3616
f 3737 3613 3738
f 3614 3616 3615
f 3614 3615 3619
f 3738 3614 3619
f 3740 3615 3616
f 3619 3615 3628
f 3739 3628 3615
f 3739 3615 3740
f 3741 3616 3617
f 3740 3616 3741
f 3742 3617 3618
f 3741 3617 3742
f 3619 3628 3620
f 3743 3619 3620
f 3738 3619 3743
f 3620 3627 3621
f 3745 3620 3621
f 3620 3628 3627
f 3743 3620 3745
f 3621 3626 3622
f 3746 3621 3622
f 3621 3627 3626
f 3745 3621 3746
f 3622 3625 3623
f 3747 3622 3623
f 3622 3626 3625
f 3746 3622 3747
f 3623 3625 3624
f 3623 3624 3637
f 3747 3623 3637
f 3753 3624 3625
f 3637 3624 3642
f 3752 3642 3624
f 3752 3624 3753
f 3754 3625 3626
f 3753 3625 3754
f 3744 3626 3627
f 3754 3626 3744
f 3739 3627 3628
f 3744 3627 3739
f 3629 3631 3630
f 3643 3631 3629
f 3635 3631 3643
f 3633 3632 3634
f 3634 3632 3652
f 3652 3632 3636
f 3643 3645 3635
f 3652 3636 3650
f 3637 3642 3638
f 3748 3637 3638
f 3747 3637 3748
f 3638 3641 3639
f 3749 3638 3639
f 3638 3642 3641
f 3748 3638 3749
f 3639 3641 3640
f 3750 3639 3640
f 3749 3639 3750
f 3751 3640 3641
f 3750 3640 3751
f 3752 3641 3642
f 3751 3641 3752
f 3644 3645 3643
f 3646 3645 3644
f 3644 3647 3646
f 3644 3653 3647
f 3655 3653 3644
f 3649 3648 3651
f 3651 3648 3654
f 3651 3650 3649
f 3652 3650 3651
f 3651 3654 3670
f 3655 3657 3653
f 3670 3654 3668
f 3656 3658 3655
f 3658 3657 3655
f 3656 3659 3658
f 3656 3660 3659
f 3671 3660 3656
f 3661 3660 3671
f 3662 3661 3671
f 3672 3662 3671
f 3676 3664 3663
f 3676 3663 3675
f 3676 3665 3664
f 3666 3665 3669
f 3669 3665 3676
f 3669 3667 3666
f 3670 3668 3667
f 3670 3667 3669
f 3671 3673 3672
f 3673 3671 3678
f 3671 3677 3678
f 3676 3674 3673
f 3673 3678 3676
f 3676 3675 3674
f 3678 3677 3680
f 3680 3677 3679
f 3680 3679 3682
f 3682 3679 3681
f 3682 3681 3684
f 3684 3681 3683
f 3684 3683 3688
f 3688 3683 3685
f 3687 3685 3686
f 3688 3685 3687
f 3687 3686 3692
f 3692 3686 3689
f 3691 3689 3690
f 3692 3689 3691
f 3691 3690 3696
f 3696 3690 3693
f 3695 3693 3694
f 3696 3693 3695
f 3695 3694 3700
f 3700 3694 3697
f 3699 3697 3698
f 3700 3697 3699
f 3699 3698 3702
f 3702 3698 3701
f 3702 3701 3706
f 3706 3701 3703
f 3705 3703 3704
f 3706 3703 3705
f 3705 3704 3708
f 3708 3704 3707
f 3708 3707 3714
f 3714 3707 3709
f 3713 3709 3710
f 3714 3709 3713
f 3712 3710 3711
f 3713 3710 3712
f 3712 3711 3716
f 3716 3711 3715
f 3716 3715 3722
f 3722 3715 3717
f 3721 3717 3718
f 3722 3717 3721
f 3720 3718 3719
f 3721 3718 3720
f 3720 3719 3724
f 3724 3719 3723
f 3724 3723 3732
f 3732 3723 3725
f 3731 3725 3726
f 3732 3725 3731
f 3730 3726 3727
f 3731 3726 3730
f 3729 3727 3728
f 3730 3727 3729
f 3729 3728 3734
f 3734 3728 3733
f 3734 3733 3742
f 3742 3733 3735
f 3741 3735 3736
f 3742 3735 3741
f 3740 3736 3737
f 3741 3736 3740
f 3739 3737 3738
f 3740 3737 3739
f 3739 3738 3744
f 3744 3738 3743
f 3744 3743 3754
f 3754 3743 3745
f 3753 3745 3746
f 3754 3745 3753
f 3752 3746 3747
f 3753 3746 3752
f 3751 3747 3748
f 3752 3747 3751
f 3750 3748 3749
f 3751 3748 3750
f 3759 3755 3756
f 3793 3756 3755
f 3760 3755 3759
f 3760 3762 3755
f 3792 3755 3762
f 3793 3755 3792
f 3758 3756 3757
f 3794 3757 3756
f 3759 3756 3758
f 3794 3756 3793
f 3795 3758 3757
f 3795 3757 3794
f 3796 3759 3758
f 3796 3758 3795
f 3797 3760 3759
f 3797 3759 3796
f 3763 3762 3760
f 3798 3763 3760
f 3798 3760 3797
f 3763 3761 3762
f 3791 3762 3761
f 3764 3761 3763
f 3764 3771 3761
f 3790 3761 3771
f 3791 3761 3790
f 3792 3762 3791
f 3799 3764 3763
f 3799 3763 3798
f 3772 3771 3764
f 3800 3772 3764
f 3800 3764 3799
f 3777 3765 3766
f 3821 3766 3765
f 3778 3765 3777
f 3778 3779 3765
f 3820 3765 3779
f 3821 3765 3820
f 3776 3766 3767
f 3811 3767 3766
f 3777 3766 3776
f 3811 3766 3821
f 3775 3767 3768
f 3812 3768 3767
f 3776 3767 3775
f 3812 3767 3811
f 3774 3768 3769
f 3813 3769 3768
f 3775 3768 3774
f 3813 3768 3812
f 3773 3769 3770
f 3814 3770 3769
f 3774 3769 3773
f 3814 3769 3813
f 3772 3770 3771
f 3789 3771 3770
f 3773 3770 3772
f 3789 3770 3814
f 3790 3771 3789
f 3801 3773 3772
f 3801 3772 3800
f 3802 3774 3773
f 3802 3773 3801
f 3815 3775 3774
f 3815 3774 3802
f 3816 3776 3775
f 3816 3775 3815
f 3817 3777 3776
f 3817 3776 3816
f 3818 3778 3777
f 3818 3777 3817
f 3780 3779 3778
f 3822 3780 3778
f 3822 3778 3818
f 3780 3784 3779
f 3819 3779 3784
f 3820 3779 3819
f 3785 3784 3780
f 3823 3785 3780
f 3823 3780 3822
f 3787 3781 3782
f 3831 3782 3781
f 3788 3781 3787
f 3788 3806 3781
f 3837 3781 3806
f 3831 3781 3838
f 3838 3781 3837
f 3786 3782 3783
f 3832 3783 3782
f 3787 3782 3786
f 3832 3782 3831
f 3785 3783 3784
f 3833 3784 3783
f 3786 3783 3785
f 3833 3783 3832
f 3819 3784 3833
f 3824 3786 3785
f 3824 3785 3823
f 3834 3787 3786
f 3834 3786 3824
f 3835 3788 3787
f 3835 3787 3834
f 3807 3806 3788
f 3839 3807 3788
f 3836 3788 3835
f 3839 3788 3836
f 3789 4013 3790
f 3814 4012 3789
f 3789 4012 4013
f 3790 4013 3791
f 3791 4014 3792
f 3791 4013 4014
f 3792 4014 3793
f 3793 4015 3794
f 3793 4014 4015
f 3794 4015 3795
f 3795 4015 3796
f 3796 4015 3797
f 3797 4015 3798
f 3798 4015 3799
f 3799 4015 3800
f 3800 4015 3801
f 3801 4015 3802
f 3802 4015 3815
f 3809 3803 3804
f 3852 3804 3803
f 3810 3803 3809
f 3810 3827 3803
f 3851 3803 3827
f 3852 3803 3851
f 3808 3804 3805
f 3847 3805 3804
f 3809 3804 3808
f 3847 3804 3852
f 3807 3805 3806
f 3848 3806 3805
f 3808 3805 3807
f 3848 3805 3847
f 3837 3806 3848
f 3840 3808 3807
f 3840 3807 3839
f 3849 3809 3808
f 3849 3808 3840
f 3850 3810 3809
f 3850 3809 3849
f 3828 3827 3810
f 3853 3828 3810
f 3853 3810 3850
f 3811 4011 3812
f 3821 4010 3811
f 3811 4010 4011
f 3812 4011 3813
f 3813 4012 3814
f 3813 4011 4012
f 3815 4015 3816
f 3816 4015 3817
f 3817 4015 3818
f 3818 4015 3822
f 3819 4026 3820
f 3833 4026 3819
f 3820 4010 3821
f 3820 4026 4010
f 3822 4015 3823
f 3823 4015 3824
f 3824 4015 3834
f 3829 3825 3826
f 3866 3826 3825
f 3830 3825 3829
f 3830 3843 3825
f 3865 3825 3843
f 3866 3825 3865
f 3828 3826 3827
f 3861 3827 3826
f 3829 3826 3828
f 3861 3826 3866
f 3851 3827 3862
f 3862 3827 3861
f 3863 3829 3828
f 3854 3828 3853
f 3863 3828 3854
f 3864 3830 3829
f 3864 3829 3863
f 3844 3843 3830
f 3867 3844 3830
f 3867 3830 3864
f 3831 4025 3832
f 3838 4024 3831
f 3831 4024 4025
f 3832 4025 3833
f 3833 4025 4026
f 3834 4015 3835
f 3835 4015 3836
f 3836 4015 3839
f 3837 4044 3838
f 3848 4044 3837
f 3838 4044 4024
f 3839 4015 3840
f 3840 4015 3849
f 3845 3841 3842
f 3875 3842 3841
f 3846 3841 3845
f 3846 3857 3841
f 3875 3841 3857
f 3844 3842 3843
f 3873 3843 3842
f 3845 3842 3844
f 3873 3842 3875
f 3865 3843 3873
f 3868 3845 3844
f 3868 3844 3867
f 3874 3846 3845
f 3874 3845 3868
f 3858 3857 3846
f 3876 3858 3846
f 3876 3846 3874
f 3847 4043 3848
f 3852 4043 3847
f 3848 4043 4044
f 3849 4015 3850
f 3850 4015 3853
f 3851 4042 3852
f 3862 4051 3851
f 3851 4051 4042
f 3852 4042 4043
f 3853 4015 3854
f 3854 4015 3863
f 3859 3855 3856
f 3884 3856 3855
f 3860 3855 3859
f 3860 3870 3855
f 3883 3855 3870
f 3884 3855 3883
f 3858 3856 3857
f 3881 3857 3856
f 3859 3856 3858
f 3881 3856 3884
f 3875 3857 3881
f 3876 3859 3858
f 3882 3860 3859
f 3882 3859 3876
f 3871 3870 3860
f 3885 3871 3860
f 3885 3860 3882
f 3861 4051 3862
f 3866 4050 3861
f 3861 4050 4051
f 3863 4015 3864
f 3864 4015 3867
f 3865 4067 3866
f 3873 4066 3865
f 3865 4066 4067
f 3866 4067 4050
f 3867 4015 3868
f 3868 4015 3874
f 3871 3869 3870
f 3895 3870 3869
f 3872 3869 3871
f 3872 3878 3869
f 3902 3869 3878
f 3895 3869 3902
f 3883 3870 3893
f 3893 3870 3895
f 3894 3872 3871
f 3886 3871 3885
f 3894 3871 3886
f 3879 3878 3872
f 3896 3879 3872
f 3896 3872 3894
f 3875 4066 3873
f 3874 4015 3876
f 3881 4072 3875
f 3875 4072 4066
f 3876 4015 3882
f 3879 3877 3878
f 3901 3878 3877
f 3880 3877 3879
f 3880 3889 3877
f 3905 3877 3889
f 3901 3877 3905
f 3902 3878 3901
f 3903 3880 3879
f 3903 3879 3896
f 3890 3889 3880
f 3904 3890 3880
f 3904 3880 3903
f 3884 4072 3881
f 3882 4015 3885
f 3883 4083 3884
f 3893 4083 3883
f 3884 4083 4072
f 3885 4015 3886
f 3886 4015 3894
f 3891 3887 3888
f 3911 3888 3887
f 3892 3887 3891
f 3892 3898 3887
f 3918 3887 3898
f 3911 3887 3918
f 3890 3888 3889
f 3909 3889 3888
f 3891 3888 3890
f 3909 3888 3911
f 3905 3889 3909
f 3906 3891 3890
f 3906 3890 3904
f 3910 3892 3891
f 3910 3891 3906
f 3899 3898 3892
f 3912 3899 3892
f 3912 3892 3910
f 3895 4083 3893
f 3894 4015 3896
f 3902 4082 3895
f 3895 4082 4083
f 3896 4015 3903
f 3899 3897 3898
f 3917 3898 3897
f 3900 3897 3899
f 3900 3907 3897
f 3927 3897 3907
f 3917 3897 3927
f 3918 3898 3917
f 3919 3900 3899
f 3919 3899 3912
f 3908 3907 3900
f 3920 3908 3900
f 3920 3900 3919
f 3901 4088 3902
f 3905 4087 3901
f 3901 4087 4088
f 3902 4088 4082
f 3903 4015 3904
f 3904 4015 3906
f 3909 4099 3905
f 3905 4099 4087
f 3906 4015 3910
f 3908 3914 3907
f 3929 3907 3914
f 3927 3907 3929
f 3915 3914 3908
f 3928 3915 3908
f 3928 3908 3920
f 3911 4099 3909
f 3910 4015 3912
f 3918 4098 3911
f 3911 4098 4099
f 3912 4015 3919
f 3915 3913 3914
f 3935 3914 3913
f 3916 3913 3915
f 3916 3922 3913
f 3937 3913 3922
f 3935 3913 3937
f 3929 3914 3935
f 3930 3916 3915
f 3930 3915 3928
f 3923 3922 3916
f 3936 3923 3916
f 3936 3916 3930
f 3917 4104 3918
f 3927 4115 3917
f 3917 4115 4104
f 3918 4104 4098
f 3919 4015 3920
f 3920 4015 3928
f 3923 3921 3922
f 3941 3922 3921
f 3924 3921 3923
f 3924 3925 3921
f 3943 3921 3925
f 3941 3921 3943
f 3937 3922 3941
f 3938 3924 3923
f 3938 3923 3936
f 3926 3925 3924
f 3942 3926 3924
f 3942 3924 3938
f 3926 3931 3925
f 3947 3925 3931
f 3943 3925 3947
f 3932 3931 3926
f 3944 3932 3926
f 3944 3926 3942
f 3929 4114 3927
f 3927 4114 4115
f 3928 4015 3930
f 3935 4121 3929
f 3929 4121 4114
f 3930 4015 3936
f 3932 3933 3931
f 3949 3931 3933
f 3947 3931 3949
f 3934 3933 3932
f 3948 3934 3932
f 3948 3932 3944
f 3934 3939 3933
f 3953 3933 3939
f 3949 3933 3953
f 3940 3939 3934
f 3950 3940 3934
f 3950 3934 3948
f 3937 4120 3935
f 3935 4120 4121
f 3936 4015 3938
f 3941 4132 3937
f 3937 4132 4120
f 3938 4015 3942
f 3940 3945 3939
f 3955 3939 3945
f 3953 3939 3955
f 3946 3945 3940
f 3954 3946 3940
f 3954 3940 3950
f 3943 4132 3941
f 3942 4015 3944
f 3947 4136 3943
f 3943 4136 4132
f 3944 4015 3948
f 3946 3951 3945
f 3961 3945 3951
f 3955 3945 3959
f 3959 3945 3961
f 3952 3951 3946
f 3960 3952 3946
f 3956 3946 3954
f 3960 3946 3956
f 3949 4135 3947
f 3947 4135 4136
f 3948 4015 3950
f 3953 4146 3949
f 3949 4146 4135
f 3950 4015 3954
f 3952 3957 3951
f 3983 3951 3957
f 3961 3951 3981
f 3981 3951 3983
f 3958 3957 3952
f 3982 3958 3952
f 3962 3952 3960
f 3982 3952 3962
f 3955 4146 3953
f 3954 4015 3956
f 3959 4150 3955
f 3955 4150 4146
f 3956 4015 3960
f 3958 3963 3957
f 4009 3957 3963
f 3983 3957 3999
f 3999 3957 4009
f 3958 3970 3963
f 3978 3970 3958
f 4000 3978 3958
f 3984 3958 3982
f 4000 3958 3984
f 3961 4150 3959
f 3960 4015 3962
f 3981 4160 3961
f 3961 4160 4150
f 3962 4015 3982
f 3963 3965 3964
f 3964 3979 3963
f 3963 3966 3965
f 3963 3967 3966
f 3968 3967 3963
f 3963 3969 3968
f 3963 3970 3969
f 3963 3979 3990
f 4041 3963 3986
f 3963 4140 3986
f 3963 3988 3987
f 3987 3997 3963
f 3963 3989 3988
f 3963 3990 3989
f 3963 3997 4004
f 4003 4002 3963
f 3963 4002 4034
f 4004 4003 3963
f 4009 3963 4023
f 4023 3963 4041
f 3963 4033 4032
f 4032 4039 3963
f 3963 4034 4033
f 3963 4039 4058
f 3963 4058 4057
f 3963 4057 4063
f 4063 4077 3963
f 3963 4077 4076
f 3963 4076 4093
f 3963 4093 4109
f 3963 4109 4108
f 4108 4127 3963
f 4127 4126 3963
f 3963 4126 4140
f 4010 3964 3965
f 4026 3979 3964
f 4026 3964 4010
f 4011 3965 3966
f 4010 3965 4011
f 4012 3966 3967
f 4011 3966 4012
f 4013 3967 3968
f 4012 3967 4013
f 4014 3968 3969
f 4013 3968 4014
f 4015 3969 3970
f 4014 3969 4015
f 3978 3971 3970
f 4016 3970 3971
f 4015 3970 4016
f 3978 3972 3971
f 4017 3971 3972
f 4016 3971 4017
f 3978 3973 3972
f 4018 3972 3973
f 4017 3972 4018
f 3974 3973 3978
f 4019 3973 3974
f 4018 3973 4019
f 3978 3975 3974
f 4020 3974 3975
f 4019 3974 4020
f 3978 3976 3975
f 4021 3975 3976
f 4020 3975 4021
f 3978 3977 3976
f 4027 3976 3977
f 4021 3976 4027
f 3995 3977 3978
f 3980 3977 3995
f 4028 3977 3980
f 4027 3977 4028
f 4030 3995 3978
f 4022 3978 4000
f 4030 3978 4022
f 4025 3990 3979
f 4025 3979 4026
f 3995 3991 3980
f 4028 3980 3991
f 3983 4160 3981
f 3982 4015 3984
f 3999 4164 3983
f 3983 4164 4160
f 4015 4000 3984
f 4049 3986 3985
f 3986 4143 3985
f 4065 3985 4001
f 3985 4154 4001
f 4049 3985 4065
f 3985 4143 4154
f 4041 3986 4049
f 3986 4140 4143
f 4043 3987 3988
f 4051 3997 3987
f 4042 3987 4043
f 4051 3987 4042
f 4044 3988 3989
f 4043 3988 4044
f 4025 3989 3990
f 4024 3989 4025
f 4044 3989 4024
f 3995 3992 3991
f 4029 3991 3992
f 4028 3991 4029
f 3995 3993 3992
f 4046 3992 3993
f 4029 3992 4045
f 4045 3992 4046
f 3994 3993 3996
f 4047 3993 3994
f 3996 3993 3995
f 4046 3993 4047
f 3996 3998 3994
f 4052 3994 3998
f 4047 3994 4052
f 4048 3996 3995
f 4048 3995 4030
f 4008 3998 3996
f 4054 4008 3996
f 4054 3996 4048
f 4051 4004 3997
f 4008 4005 3998
f 4053 3998 4005
f 4052 3998 4053
f 4009 4164 3999
f 4015 4022 4000
f 4071 4001 4031
f 4001 4154 4031
f 4065 4001 4071
f 4066 4002 4003
f 4072 4034 4002
f 4072 4002 4066
f 4067 4003 4004
f 4066 4003 4067
f 4050 4004 4051
f 4067 4004 4050
f 4008 4006 4005
f 4069 4005 4006
f 4053 4005 4068
f 4068 4005 4069
f 4007 4006 4038
f 4073 4006 4007
f 4038 4006 4008
f 4069 4006 4073
f 4038 4035 4007
f 4073 4007 4035
f 4070 4038 4008
f 4070 4008 4054
f 4023 4174 4009
f 4009 4174 4164
f 4016 4022 4015
f 4017 4030 4016
f 4016 4030 4022
f 4018 4030 4017
f 4019 4030 4018
f 4020 4030 4019
f 4021 4030 4020
f 4027 4030 4021
f 4041 4174 4023
f 4028 4048 4027
f 4027 4048 4030
f 4029 4048 4028
f 4045 4048 4029
f 4097 4031 4056
f 4031 4169 4056
f 4071 4031 4081
f 4081 4031 4097
f 4031 4154 4169
f 4083 4032 4033
f 4082 4039 4032
f 4082 4032 4083
f 4072 4033 4034
f 4083 4033 4072
f 4038 4036 4035
f 4084 4035 4036
f 4073 4035 4084
f 4038 4037 4036
f 4085 4036 4037
f 4084 4036 4085
f 4061 4037 4038
f 4040 4037 4061
f 4089 4037 4040
f 4085 4037 4089
f 4086 4061 4038
f 4074 4038 4070
f 4086 4038 4074
f 4088 4058 4039
f 4088 4039 4082
f 4061 4059 4040
f 4090 4040 4059
f 4089 4040 4090
f 4049 4177 4041
f 4041 4177 4174
f 4046 4048 4045
f 4047 4054 4046
f 4046 4054 4048
f 4052 4054 4047
f 4065 4186 4049
f 4049 4186 4177
f 4053 4070 4052
f 4052 4070 4054
f 4068 4070 4053
f 4103 4056 4055
f 4056 4169 4055
f 4113 4055 4075
f 4055 4168 4075
f 4103 4055 4113
f 4055 4169 4168
f 4097 4056 4103
f 4099 4057 4058
f 4098 4063 4057
f 4098 4057 4099
f 4087 4058 4088
f 4099 4058 4087
f 4062 4060 4059
f 4101 4059 4060
f 4062 4059 4061
f 4090 4059 4100
f 4100 4059 4101
f 4062 4064 4060
f 4105 4060 4064
f 4101 4060 4105
f 4102 4062 4061
f 4102 4061 4086
f 4080 4064 4062
f 4106 4080 4062
f 4106 4062 4102
f 4104 4077 4063
f 4104 4063 4098
f 4078 4064 4080
f 4116 4064 4078
f 4105 4064 4116
f 4071 4186 4065
f 4069 4070 4068
f 4069 4074 4070
f 4073 4074 4069
f 4081 4190 4071
f 4071 4190 4186
f 4084 4074 4073
f 4084 4086 4074
f 4119 4075 4092
f 4075 4180 4092
f 4113 4075 4119
f 4075 4168 4180
f 4115 4076 4077
f 4121 4093 4076
f 4114 4076 4115
f 4121 4076 4114
f 4115 4077 4104
f 4080 4079 4078
f 4117 4078 4079
f 4116 4078 4117
f 4095 4079 4080
f 4095 4094 4079
f 4123 4079 4094
f 4117 4079 4122
f 4122 4079 4123
f 4118 4095 4080
f 4118 4080 4106
f 4097 4190 4081
f 4085 4086 4084
f 4085 4102 4086
f 4089 4102 4085
f 4090 4102 4089
f 4100 4102 4090
f 4131 4092 4091
f 4092 4180 4091
f 4145 4091 4107
f 4091 4180 4107
f 4131 4091 4145
f 4119 4092 4131
f 4136 4109 4093
f 4120 4093 4121
f 4132 4093 4120
f 4136 4093 4132
f 4096 4094 4095
f 4112 4094 4096
f 4112 4110 4094
f 4138 4094 4110
f 4123 4094 4133
f 4133 4094 4137
f 4137 4094 4138
f 4124 4096 4095
f 4124 4095 4118
f 4134 4112 4096
f 4134 4096 4124
f 4103 4201 4097
f 4097 4201 4190
f 4101 4106 4100
f 4100 4106 4102
f 4105 4106 4101
f 4113 4200 4103
f 4103 4200 4201
f 4105 4118 4106
f 4116 4118 4105
f 4159 4107 4125
f 4107 4195 4125
f 4145 4107 4149
f 4149 4107 4159
f 4107 4180 4183
f 4107 4183 4195
f 4146 4108 4109
f 4150 4127 4108
f 4150 4108 4146
f 4135 4109 4136
f 4146 4109 4135
f 4112 4111 4110
f 4151 4110 4111
f 4138 4110 4147
f 4147 4110 4151
f 4112 4128 4111
f 4151 4111 4128
f 4130 4128 4112
f 4152 4130 4112
f 4148 4112 4134
f 4152 4112 4148
f 4119 4205 4113
f 4113 4205 4200
f 4117 4118 4116
f 4117 4124 4118
f 4122 4124 4117
f 4131 4212 4119
f 4119 4212 4205
f 4123 4124 4122
f 4123 4134 4124
f 4133 4134 4123
f 4163 4125 4139
f 4125 4195 4139
f 4159 4125 4163
f 4160 4126 4127
f 4164 4140 4126
f 4164 4126 4160
f 4160 4127 4150
f 4142 4129 4128
f 4165 4128 4129
f 4142 4128 4130
f 4151 4128 4161
f 4161 4128 4165
f 4142 4141 4129
f 4165 4129 4141
f 4162 4142 4130
f 4162 4130 4152
f 4145 4212 4131
f 4137 4134 4133
f 4137 4148 4134
f 4138 4148 4137
f 4147 4148 4138
f 4185 4139 4153
f 4139 4208 4153
f 4163 4139 4173
f 4173 4139 4185
f 4139 4195 4194
f 4139 4194 4208
f 4174 4143 4140
f 4174 4140 4164
f 4142 4144 4141
f 4178 4141 4144
f 4165 4141 4175
f 4175 4141 4178
f 4156 4144 4142
f 4176 4156 4142
f 4166 4142 4162
f 4176 4142 4166
f 4177 4154 4143
f 4177 4143 4174
f 4156 4155 4144
f 4187 4144 4155
f 4178 4144 4187
f 4149 4216 4145
f 4145 4216 4212
f 4147 4152 4148
f 4151 4152 4147
f 4159 4224 4149
f 4149 4224 4216
f 4151 4162 4152
f 4161 4162 4151
f 4189 4153 4157
f 4153 4208 4157
f 4185 4153 4189
f 4190 4169 4154
f 4186 4154 4177
f 4190 4154 4186
f 4158 4155 4156
f 4158 4170 4155
f 4191 4155 4170
f 4187 4155 4191
f 4188 4158 4156
f 4188 4156 4176
f 4199 4157 4167
f 4157 4208 4167
f 4189 4157 4199
f 4172 4170 4158
f 4192 4172 4158
f 4192 4158 4188
f 4163 4224 4159
f 4161 4166 4162
f 4165 4166 4161
f 4173 4228 4163
f 4163 4228 4224
f 4165 4176 4166
f 4175 4176 4165
f 4211 4167 4179
f 4167 4220 4179
f 4199 4167 4211
f 4167 4208 4220
f 4201 4168 4169
f 4200 4180 4168
f 4200 4168 4201
f 4201 4169 4190
f 4172 4171 4170
f 4203 4170 4171
f 4191 4170 4202
f 4202 4170 4203
f 4182 4171 4172
f 4182 4181 4171
f 4206 4171 4181
f 4203 4171 4206
f 4204 4182 4172
f 4204 4172 4192
f 4185 4235 4173
f 4173 4235 4228
f 4178 4176 4175
f 4178 4188 4176
f 4187 4188 4178
f 4179 4220 4193
f 4223 4179 4193
f 4211 4179 4215
f 4215 4179 4223
f 4212 4183 4180
f 4205 4180 4200
f 4212 4180 4205
f 4182 4184 4181
f 4217 4181 4184
f 4206 4181 4213
f 4213 4181 4217
f 4198 4184 4182
f 4218 4198 4182
f 4214 4182 4204
f 4218 4182 4214
f 4216 4195 4183
f 4216 4183 4212
f 4198 4196 4184
f 4225 4184 4196
f 4217 4184 4225
f 4189 4235 4185
f 4187 4192 4188
f 4191 4192 4187
f 4199 4238 4189
f 4189 4238 4235
f 4191 4204 4192
f 4202 4204 4191
f 4227 4193 4207
f 4193 4232 4207
f 4193 4220 4232
f 4223 4193 4227
f 4224 4194 4195
f 4228 4208 4194
f 4228 4194 4224
f 4224 4195 4216
f 4210 4197 4196
f 4229 4196 4197
f 4210 4196 4198
f 4225 4196 4229
f 4210 4209 4197
f 4236 4197 4209
f 4229 4197 4236
f 4226 4210 4198
f 4226 4198 4218
f 4211 4238 4199
f 4203 4204 4202
f 4203 4214 4204
f 4206 4214 4203
f 4213 4214 4206
f 4207 4232 4219
f 4249 4207 4219
f 4227 4207 4237
f 4237 4207 4249
f 4238 4220 4208
f 4235 4208 4228
f 4238 4208 4235
f 4222 4209 4210
f 4222 4221 4209
f 4239 4209 4221
f 4236 4209 4239
f 4240 4222 4210
f 4230 4210 4226
f 4240 4210 4230
f 4215 4250 4211
f 4211 4250 4238
f 4213 4218 4214
f 4217 4218 4213
f 4223 4250 4215
f 4217 4226 4218
f 4225 4226 4217
f 4219 4242 4231
f 4253 4219 4231
f 4219 4232 4242
f 4249 4219 4253
f 4250 4232 4220
f 4250 4220 4238
f 4234 4221 4222
f 4234 4233 4221
f 4255 4221 4233
f 4239 4221 4251
f 4251 4221 4255
f 4252 4234 4222
f 4252 4222 4240
f 4227 4254 4223
f 4223 4254 4250
f 4225 4230 4226
f 4229 4230 4225
f 4237 4266 4227
f 4227 4266 4254
f 4236 4230 4229
f 4236 4240 4230
f 4231 4242 4241
f 4275 4231 4241
f 4253 4231 4265
f 4265 4231 4275
f 4266 4242 4232
f 4254 4232 4250
f 4266 4232 4254
f 4244 4233 4234
f 4244 4243 4233
f 4270 4233 4243
f 4255 4233 4267
f 4267 4233 4270
f 4268 4244 4234
f 4256 4234 4252
f 4268 4234 4256
f 4239 4240 4236
f 4249 4266 4237
f 4239 4252 4240
f 4251 4252 4239
f 4241 4242 4246
f 4241 4246 4245
f 4279 4241 4245
f 4275 4241 4279
f 4276 4246 4242
f 4269 4242 4266
f 4276 4242 4269
f 4248 4243 4244
f 4248 4247 4243
f 4281 4243 4247
f 4270 4243 4277
f 4277 4243 4281
f 4278 4248 4244
f 4278 4244 4268
f 4245 4246 4259
f 4245 4259 4257
f 4287 4245 4257
f 4279 4245 4287
f 4280 4259 4246
f 4280 4246 4276
f 4262 4247 4248
f 4262 4260 4247
f 4290 4247 4260
f 4281 4247 4290
f 4282 4262 4248
f 4282 4248 4278
f 4253 4269 4249
f 4249 4269 4266
f 4251 4256 4252
f 4255 4256 4251
f 4265 4276 4253
f 4253 4276 4269
f 4255 4268 4256
f 4267 4268 4255
f 4257 4259 4258
f 4257 4258 4271
f 4299 4257 4271
f 4287 4257 4299
f 4289 4258 4259
f 4271 4258 4263
f 4288 4263 4258
f 4288 4258 4289
f 4289 4259 4280
f 4262 4261 4260
f 4291 4260 4261
f 4290 4260 4291
f 4264 4261 4262
f 4294 4261 4264
f 4291 4261 4294
f 4274 4264 4262
f 4292 4274 4262
f 4292 4262 4282
f 4271 4263 4272
f 4293 4272 4263
f 4293 4263 4288
f 4274 4273 4264
f 4301 4264 4273
f 4294 4264 4301
f 4275 4276 4265
f 4267 4278 4268
f 4270 4278 4267
f 4277 4278 4270
f 4271 4272 4283
f 4311 4271 4283
f 4299 4271 4303
f 4303 4271 4311
f 4283 4272 4295
f 4295 4272 4284
f 4304 4284 4272
f 4300 4272 4293
f 4304 4272 4300
f 4274 4285 4273
f 4313 4273 4285
f 4301 4273 4305
f 4305 4273 4313
f 4286 4285 4274
f 4306 4286 4274
f 4302 4274 4292
f 4306 4274 4302
f 4275 4280 4276
f 4279 4280 4275
f 4277 4282 4278
f 4281 4282 4277
f 4279 4289 4280
f 4287 4289 4279
f 4281 4292 4282
f 4290 4292 4281
f 4323 4283 4295
f 4311 4283 4323
f 4295 4284 4307
f 4315 4296 4284
f 4317 4284 4296
f 4312 4284 4304
f 4307 4284 4317
f 4315 4284 4312
f 4298 4285 4286
f 4298 4297 4285
f 4325 4285 4297
f 4313 4285 4316
f 4316 4285 4325
f 4314 4298 4286
f 4314 4286 4306
f 4287 4288 4289
f 4287 4293 4288
f 4299 4293 4287
f 4291 4292 4290
f 4291 4302 4292
f 4294 4302 4291
f 4299 4300 4293
f 4294 4301 4302
f 4335 4295 4307
f 4323 4295 4327
f 4327 4295 4335
f 4328 4308 4296
f 4343 4296 4308
f 4324 4296 4315
f 4317 4296 4331
f 4328 4296 4324
f 4331 4296 4343
f 4298 4309 4297
f 4329 4297 4309
f 4325 4297 4329
f 4310 4309 4298
f 4330 4310 4298
f 4326 4298 4314
f 4330 4298 4326
f 4303 4300 4299
f 4311 4300 4303
f 4311 4304 4300
f 4302 4301 4306
f 4306 4301 4305
f 4323 4304 4311
f 4323 4312 4304
f 4306 4305 4313
f 4306 4313 4314
f 4339 4307 4317
f 4335 4307 4339
f 4336 4318 4308
f 4357 4308 4318
f 4336 4308 4328
f 4343 4308 4357
f 4322 4309 4310
f 4322 4321 4309
f 4341 4309 4321
f 4329 4309 4337
f 4337 4309 4341
f 4338 4322 4310
f 4338 4310 4330
f 4335 4315 4312
f 4327 4312 4323
f 4335 4312 4327
f 4314 4313 4316
f 4314 4316 4326
f 4339 4324 4315
f 4339 4315 4335
f 4326 4316 4325
f 4363 4317 4331
f 4339 4317 4349
f 4349 4317 4363
f 4350 4319 4318
f 4381 4318 4319
f 4340 4318 4336
f 4350 4318 4340
f 4357 4318 4371
f 4371 4318 4381
f 4351 4332 4319
f 4382 4319 4332
f 4351 4319 4350
f 4381 4319 4382
f 4322 4320 4321
f 4352 4321 4320
f 4322 4333 4320
f 4356 4320 4333
f 4352 4320 4356
f 4341 4321 4353
f 4353 4321 4352
f 4334 4333 4322
f 4354 4334 4322
f 4342 4322 4338
f 4354 4322 4342
f 4363 4328 4324
f 4349 4324 4339
f 4363 4324 4349
f 4326 4325 4330
f 4330 4325 4329
f 4375 4336 4328
f 4367 4328 4363
f 4375 4328 4367
f 4330 4329 4338
f 4338 4329 4337
f 4367 4331 4343
f 4363 4331 4367
f 4368 4344 4332
f 4429 4332 4344
f 4355 4332 4351
f 4364 4332 4355
f 4368 4332 4364
f 4382 4332 4397
f 4397 4332 4403
f 4403 4332 4415
f 4415 4332 4429
f 4348 4333 4334
f 4348 4347 4333
f 4377 4333 4347
f 4356 4333 4365
f 4365 4333 4369
f 4369 4333 4377
f 4366 4348 4334
f 4366 4334 4354
f 4393 4340 4336
f 4389 4336 4375
f 4393 4336 4389
f 4338 4337 4342
f 4342 4337 4341
f 4407 4350 4340
f 4407 4340 4393
f 4342 4341 4353
f 4342 4353 4354
f 4389 4343 4357
f 4367 4343 4375
f 4375 4343 4389
f 4376 4345 4344
f 4445 4344 4345
f 4376 4344 4368
f 4429 4344 4445
f 4379 4358 4345
f 4451 4345 4358
f 4379 4345 4376
f 4445 4345 4451
f 4348 4346 4347
f 4380 4347 4346
f 4360 4346 4348
f 4360 4359 4346
f 4380 4346 4359
f 4377 4347 4380
f 4378 4360 4348
f 4370 4348 4366
f 4378 4348 4370
f 4411 4351 4350
f 4411 4350 4407
f 4421 4355 4351
f 4421 4351 4411
f 4354 4353 4352
f 4354 4352 4356
f 4354 4356 4366
f 4435 4364 4355
f 4435 4355 4421
f 4366 4356 4365
f 4407 4357 4371
f 4389 4357 4393
f 4393 4357 4407
f 4390 4361 4358
f 4480 4358 4361
f 4390 4358 4379
f 4451 4358 4461
f 4461 4358 4479
f 4479 4358 4480
f 4360 4362 4359
f 4395 4359 4362
f 4380 4359 4391
f 4391 4359 4395
f 4374 4362 4360
f 4396 4374 4360
f 4392 4360 4378
f 4396 4360 4392
f 4394 4372 4361
f 4499 4361 4372
f 4394 4361 4390
f 4480 4361 4499
f 4374 4373 4362
f 4409 4362 4373
f 4395 4362 4409
f 4453 4368 4364
f 4441 4364 4435
f 4453 4364 4441
f 4366 4365 4370
f 4370 4365 4369
f 4469 4376 4368
f 4469 4368 4453
f 4370 4369 4377
f 4370 4377 4378
f 4411 4371 4381
f 4407 4371 4411
f 4412 4383 4372
f 4553 4372 4383
f 4408 4372 4394
f 4412 4372 4408
f 4499 4372 4500
f 4500 4372 4521
f 4521 4372 4553
f 4388 4373 4374
f 4388 4386 4373
f 4413 4373 4386
f 4409 4373 4413
f 4410 4388 4374
f 4410 4374 4396
f 4379 4376 4473
f 4473 4376 4469
f 4378 4377 4380
f 4378 4380 4392
f 4473 4390 4379
f 4392 4380 4391
f 4421 4381 4382
f 4411 4381 4421
f 4435 4382 4397
f 4421 4382 4435
f 4422 4384 4383
f 4571 4383 4384
f 4422 4383 4412
f 4553 4383 4554
f 4554 4383 4571
f 4427 4398 4384
f 4597 4384 4398
f 4423 4384 4422
f 4427 4384 4423
f 4571 4384 4572
f 4572 4384 4597
f 4387 4385 4386
f 4424 4386 4385
f 4402 4385 4387
f 4402 4401 4385
f 4428 4385 4401
f 4424 4385 4428
f 4387 4386 4388
f 4413 4386 4425
f 4425 4386 4424
f 4414 4387 4388
f 4426 4402 4387
f 4426 4387 4414
f 4414 4388 4410
f 4489 4394 4390
f 4489 4390 4473
f 4392 4391 4396
f 4396 4391 4395
f 4489 4408 4394
f 4396 4395 4410
f 4410 4395 4409
f 4441 4397 4403
f 4435 4397 4441
f 4436 4399 4398
f 4605 4398 4399
f 4436 4398 4427
f 4597 4398 4598
f 4598 4398 4605
f 4437 4404 4399
f 4606 4399 4404
f 4437 4399 4436
f 4605 4399 4606
f 4400 4401 4406
f 4438 4401 4400
f 4406 4405 4400
f 4443 4400 4405
f 4438 4400 4443
f 4406 4401 4402
f 4428 4401 4439
f 4439 4401 4438
f 4440 4406 4402
f 4440 4402 4426
f 4453 4403 4415
f 4441 4403 4453
f 4442 4416 4404
f 4611 4404 4416
f 4442 4404 4437
f 4606 4404 4611
f 4406 4419 4405
f 4457 4405 4419
f 4443 4405 4457
f 4420 4419 4406
f 4444 4420 4406
f 4444 4406 4440
f 4489 4412 4408
f 4410 4409 4414
f 4414 4409 4413
f 4422 4412 4489
f 4413 4425 4414
f 4414 4425 4426
f 4469 4415 4429
f 4453 4415 4469
f 4454 4417 4416
f 4611 4416 4417
f 4454 4416 4442
f 4459 4430 4417
f 4623 4417 4430
f 4455 4417 4454
f 4459 4417 4455
f 4611 4417 4617
f 4617 4417 4623
f 4420 4418 4419
f 4456 4419 4418
f 4434 4418 4420
f 4434 4433 4418
f 4460 4418 4433
f 4456 4418 4460
f 4457 4419 4456
f 4458 4434 4420
f 4458 4420 4444
f 4489 4423 4422
f 4489 4427 4423
f 4426 4425 4424
f 4426 4424 4428
f 4426 4428 4440
f 4489 4436 4427
f 4440 4428 4439
f 4489 4429 4445
f 4469 4429 4473
f 4473 4429 4489
f 4459 4431 4430
f 4623 4430 4431
f 4474 4446 4431
f 4635 4431 4446
f 4470 4431 4459
f 4474 4431 4470
f 4623 4431 4629
f 4629 4431 4630
f 4630 4431 4635
f 4434 4432 4433
f 4471 4433 4432
f 4450 4432 4434
f 4449 4432 4450
f 4476 4432 4449
f 4471 4432 4477
f 4477 4432 4476
f 4460 4433 4471
f 4478 4450 4434
f 4472 4434 4458
f 4478 4434 4472
f 4489 4437 4436
f 4442 4437 4489
f 4444 4439 4438
f 4444 4438 4443
f 4440 4439 4444
f 4489 4454 4442
f 4443 4457 4444
f 4444 4457 4458
f 4495 4445 4451
f 4489 4445 4495
f 4490 4447 4446
f 4645 4446 4447
f 4475 4446 4474
f 4490 4446 4475
f 4635 4446 4636
f 4636 4446 4639
f 4639 4446 4645
f 4496 4462 4447
f 4653 4447 4462
f 4491 4447 4490
f 4496 4447 4491
f 4645 4447 4646
f 4646 4447 4653
f 4448 4449 4452
f 4492 4449 4448
f 4452 4467 4448
f 4497 4448 4467
f 4492 4448 4497
f 4452 4449 4450
f 4476 4449 4493
f 4493 4449 4492
f 4494 4452 4450
f 4494 4450 4478
f 4511 4451 4461
f 4495 4451 4511
f 4468 4467 4452
f 4498 4468 4452
f 4498 4452 4494
f 4489 4455 4454
f 4489 4459 4455
f 4458 4457 4456
f 4458 4456 4472
f 4472 4456 4460
f 4470 4459 4489
f 4460 4471 4472
f 4517 4461 4479
f 4511 4461 4517
f 4496 4463 4462
f 4653 4462 4463
f 4512 4464 4463
f 4661 4463 4464
f 4512 4463 4496
f 4653 4463 4655
f 4655 4463 4661
f 4518 4481 4464
f 4669 4464 4481
f 4513 4464 4512
f 4518 4464 4513
f 4661 4464 4662
f 4662 4464 4669
f 4468 4465 4466
f 4514 4466 4465
f 4488 4465 4468
f 4488 4486 4465
f 4519 4465 4486
f 4514 4465 4519
f 4466 4467 4468
f 4515 4467 4466
f 4515 4466 4514
f 4497 4467 4515
f 4516 4488 4468
f 4516 4468 4498
f 4489 4474 4470
f 4472 4471 4478
f 4478 4471 4477
f 4475 4474 4489
f 4489 4490 4475
f 4494 4477 4476
f 4494 4476 4493
f 4478 4477 4494
f 4543 4479 4480
f 4517 4479 4543
f 4559 4480 4499
f 4543 4480 4559
f 4518 4482 4481
f 4670 4481 4482
f 4669 4481 4670
f 4544 4483 4482
f 4679 4482 4483
f 4544 4482 4518
f 4670 4482 4671
f 4671 4482 4679
f 4549 4501 4483
f 4689 4483 4501
f 4545 4483 4544
f 4549 4483 4545
f 4679 4483 4680
f 4680 4483 4689
f 4484 4485 4487
f 4546 4485 4484
f 4510 4484 4487
f 4510 4508 4484
f 4551 4484 4508
f 4546 4484 4552
f 4552 4484 4551
f 4488 4485 4486
f 4547 4486 4485
f 4487 4485 4488
f 4547 4485 4546
f 4519 4486 4547
f 4520 4487 4488
f 4548 4510 4487
f 4548 4487 4520
f 4520 4488 4516
f 4495 4490 4489
f 4491 4490 4495
f 4495 4496 4491
f 4498 4493 4492
f 4498 4492 4497
f 4494 4493 4498
f 4511 4496 4495
f 4512 4496 4511
f 4498 4497 4516
f 4516 4497 4515
f 4565 4499 4500
f 4559 4499 4565
f 4575 4500 4521
f 4565 4500 4575
f 4550 4502 4501
f 4691 4501 4502
f 4550 4501 4549
f 4689 4501 4690
f 4690 4501 4691
f 4560 4503 4502
f 4703 4502 4503
f 4560 4502 4550
f 4691 4502 4695
f 4695 4502 4703
f 4566 4504 4503
f 4704 4503 4504
f 4561 4503 4560
f 4566 4503 4561
f 4703 4503 4704
f 4567 4522 4504
f 4504 4522 4704
f 4567 4504 4566
f 4509 4505 4506
f 4568 4506 4505
f 4536 4505 4509
f 4535 4505 4536
f 4568 4505 4535
f 4506 4507 4509
f 4562 4507 4506
f 4562 4506 4569
f 4569 4506 4568
f 4510 4507 4508
f 4563 4508 4507
f 4509 4507 4510
f 4563 4507 4562
f 4551 4508 4563
f 4564 4509 4510
f 4570 4536 4509
f 4570 4509 4564
f 4564 4510 4548
f 4511 4513 4512
f 4517 4513 4511
f 4518 4513 4517
f 4515 4514 4516
f 4516 4514 4520
f 4520 4514 4519
f 4517 4544 4518
f 4543 4544 4517
f 4519 4547 4520
f 4520 4547 4548
f 4585 4521 4553
f 4575 4521 4585
f 4567 4523 4522
f 4704 4522 4523
f 4576 4524 4523
f 4704 4523 4524
f 4576 4523 4567
f 4577 4525 4524
f 4524 4525 4704
f 4577 4524 4576
f 4578 4526 4525
f 4704 4525 4526
f 4578 4525 4577
f 4586 4527 4526
f 4704 4526 4527
f 4579 4526 4578
f 4586 4526 4579
f 4587 4528 4527
f 4704 4527 4528
f 4587 4527 4586
f 4588 4537 4528
f 4704 4528 4537
f 4588 4528 4587
f 4558 4529 4530
f 4593 4530 4529
f 4542 4529 4558
f 4593 4529 4542
f 4530 4531 4558
f 4594 4531 4530
f 4594 4530 4593
f 4531 4532 4558
f 4580 4532 4531
f 4580 4531 4595
f 4595 4531 4594
f 4558 4532 4533
f 4581 4533 4532
f 4581 4532 4580
f 4536 4533 4534
f 4582 4534 4533
f 4558 4533 4536
f 4582 4533 4581
f 4536 4534 4535
f 4583 4535 4534
f 4583 4534 4582
f 4568 4535 4583
f 4584 4558 4536
f 4584 4536 4570
f 4588 4538 4537
f 4537 4538 4704
f 4589 4539 4538
f 4704 4538 4539
f 4589 4538 4588
f 4590 4555 4539
f 4539 4555 4704
f 4590 4539 4589
f 4540 4541 4558
f 4591 4541 4540
f 4558 4556 4540
f 4591 4540 4556
f 4558 4541 4542
f 4592 4542 4541
f 4592 4541 4591
f 4593 4542 4592
f 4545 4544 4543
f 4543 4549 4545
f 4559 4549 4543
f 4548 4547 4546
f 4548 4546 4552
f 4548 4552 4564
f 4559 4550 4549
f 4559 4560 4550
f 4564 4552 4551
f 4551 4563 4564
f 4601 4553 4554
f 4585 4553 4601
f 4603 4554 4571
f 4601 4554 4603
f 4558 4555 4556
f 4590 4556 4555
f 4557 4555 4558
f 4574 4555 4557
f 4573 4555 4574
f 4600 4555 4573
f 4599 4555 4600
f 4608 4555 4599
f 4607 4555 4608
f 4612 4555 4607
f 4618 4555 4612
f 4624 4555 4618
f 4632 4555 4624
f 4631 4555 4632
f 4638 4555 4631
f 4637 4555 4638
f 4640 4555 4637
f 4648 4555 4640
f 4647 4555 4648
f 4654 4555 4647
f 4656 4555 4654
f 4664 4555 4656
f 4663 4555 4664
f 4674 4555 4663
f 4672 4555 4673
f 4682 4555 4672
f 4673 4555 4674
f 4681 4555 4682
f 4694 4555 4681
f 4692 4555 4693
f 4696 4555 4692
f 4693 4555 4694
f 4708 4555 4696
f 4704 4555 4708
f 4591 4556 4590
f 4596 4557 4558
f 4602 4574 4557
f 4602 4557 4596
f 4596 4558 4584
f 4565 4560 4559
f 4561 4560 4565
f 4565 4566 4561
f 4570 4563 4562
f 4562 4569 4570
f 4564 4563 4570
f 4565 4567 4566
f 4575 4567 4565
f 4575 4576 4567
f 4570 4569 4568
f 4570 4568 4584
f 4568 4583 4584
f 4609 4571 4572
f 4603 4571 4609
f 4613 4572 4597
f 4609 4572 4613
f 4604 4573 4574
f 4610 4600 4573
f 4610 4573 4604
f 4604 4574 4602
f 4575 4577 4576
f 4585 4577 4575
f 4578 4577 4585
f 4585 4579 4578
f 4585 4586 4579
f 4581 4580 4596
f 4596 4580 4595
f 4596 4582 4581
f 4584 4583 4582
f 4584 4582 4596
f 4585 4587 4586
f 4585 4588 4587
f 4589 4588 4585
f 4585 4590 4589
f 4590 4585 4602
f 4585 4601 4602
f 4596 4591 4590
f 4590 4602 4596
f 4592 4591 4596
f 4596 4593 4592
f 4596 4594 4593
f 4595 4594 4596
f 4614 4597 4598
f 4613 4597 4614
f 4619 4598 4605
f 4614 4598 4619
f 4616 4599 4600
f 4615 4608 4599
f 4615 4599 4616
f 4616 4600 4610
f 4602 4601 4604
f 4604 4601 4603
f 4604 4603 4610
f 4610 4603 4609
f 4620 4605 4606
f 4619 4605 4620
f 4625 4606 4611
f 4620 4606 4625
f 4622 4607 4608
f 4621 4612 4607
f 4621 4607 4622
f 4622 4608 4615
f 4610 4609 4616
f 4616 4609 4613
f 4633 4611 4617
f 4625 4611 4627
f 4627 4611 4633
f 4628 4618 4612
f 4626 4612 4621
f 4628 4612 4626
f 4615 4613 4614
f 4616 4613 4615
f 4615 4614 4622
f 4622 4614 4619
f 4641 4617 4623
f 4633 4617 4641
f 4634 4624 4618
f 4634 4618 4628
f 4621 4619 4620
f 4622 4619 4621
f 4621 4620 4626
f 4626 4620 4625
f 4643 4623 4629
f 4641 4623 4643
f 4642 4632 4624
f 4642 4624 4634
f 4626 4625 4628
f 4628 4625 4627
f 4628 4627 4634
f 4634 4627 4633
f 4649 4629 4630
f 4643 4629 4649
f 4651 4630 4635
f 4649 4630 4651
f 4644 4631 4632
f 4650 4638 4631
f 4650 4631 4644
f 4644 4632 4642
f 4634 4633 4642
f 4642 4633 4641
f 4657 4635 4636
f 4651 4635 4657
f 4659 4636 4639
f 4657 4636 4659
f 4652 4637 4638
f 4658 4640 4637
f 4658 4637 4652
f 4652 4638 4650
f 4665 4639 4645
f 4659 4639 4665
f 4660 4648 4640
f 4660 4640 4658
f 4642 4641 4644
f 4644 4641 4643
f 4644 4643 4650
f 4650 4643 4649
f 4667 4645 4646
f 4665 4645 4667
f 4675 4646 4653
f 4667 4646 4675
f 4666 4647 4648
f 4668 4654 4647
f 4668 4647 4666
f 4666 4648 4660
f 4650 4649 4652
f 4652 4649 4651
f 4652 4651 4658
f 4658 4651 4657
f 4677 4653 4655
f 4675 4653 4677
f 4676 4656 4654
f 4676 4654 4668
f 4683 4655 4661
f 4677 4655 4683
f 4678 4664 4656
f 4678 4656 4676
f 4658 4657 4660
f 4660 4657 4659
f 4660 4659 4666
f 4666 4659 4665
f 4684 4661 4662
f 4683 4661 4684
f 4687 4662 4669
f 4684 4662 4687
f 4686 4663 4664
f 4685 4674 4663
f 4685 4663 4686
f 4686 4664 4678
f 4666 4665 4668
f 4668 4665 4667
f 4668 4667 4676
f 4676 4667 4675
f 4697 4669 4670
f 4687 4669 4697
f 4699 4670 4671
f 4697 4670 4699
f 4700 4671 4679
f 4699 4671 4700
f 4698 4672 4673
f 4702 4682 4672
f 4702 4672 4698
f 4688 4673 4674
f 4698 4673 4688
f 4688 4674 4685
f 4676 4675 4678
f 4678 4675 4677
f 4678 4677 4686
f 4686 4677 4683
f 4713 4679 4680
f 4700 4679 4711
f 4711 4679 4713
f 4714 4680 4689
f 4713 4680 4714
f 4712 4681 4682
f 4716 4694 4681
f 4716 4681 4712
f 4701 4682 4702
f 4712 4682 4701
f 4685 4683 4684
f 4686 4683 4685
f 4685 4684 4688
f 4688 4684 4687
f 4688 4687 4698
f 4698 4687 4697
f 4725 4689 4690
f 4714 4689 4725
f 4726 4690 4691
f 4725 4690 4726
f 4729 4691 4695
f 4726 4691 4729
f 4728 4692 4693
f 4727 4696 4692
f 4727 4692 4728
f 4715 4693 4694
f 4728 4693 4715
f 4715 4694 4716
f 4743 4695 4703
f 4729 4695 4743
f 4730 4708 4696
f 4730 4696 4727
f 4698 4697 4702
f 4702 4697 4699
f 4701 4699 4700
f 4702 4699 4701
f 4701 4700 4712
f 4712 4700 4711
f 4744 4703 4704
f 4743 4703 4744
f 4704 4707 4705
f 4745 4704 4705
f 4708 4707 4704
f 4744 4704 4745
f 4705 4707 4706
f 4705 4706 4709
f 4749 4705 4709
f 4745 4705 4749
f 4747 4706 4707
f 4709 4706 4710
f 4746 4710 4706
f 4746 4706 4747
f 4748 4707 4708
f 4747 4707 4748
f 4748 4708 4730
f 4709 4710 4717
f 4767 4709 4717
f 4749 4709 4767
f 4717 4710 4722
f 4750 4722 4710
f 4750 4710 4746
f 4712 4711 4716
f 4716 4711 4713
f 4715 4713 4714
f 4716 4713 4715
f 4715 4714 4728
f 4728 4714 4725
f 4717 4722 4718
f 4768 4717 4718
f 4767 4717 4768
f 4718 4721 4719
f 4771 4718 4719
f 4718 4722 4721
f 4768 4718 4771
f 4719 4721 4720
f 4719 4720 4723
f 4772 4719 4723
f 4771 4719 4772
f 4769 4720 4721
f 4723 4720 4724
f 4776 4724 4720
f 4776 4720 4769
f 4770 4721 4722
f 4769 4721 4770
f 4770 4722 4750
f 4723 4724 4731
f 4773 4723 4731
f 4772 4723 4773
f 4731 4724 4740
f 4775 4740 4724
f 4775 4724 4776
f 4727 4725 4726
f 4728 4725 4727
f 4727 4726 4730
f 4730 4726 4729
f 4730 4729 4748
f 4748 4729 4743
f 4731 4740 4732
f 4777 4731 4732
f 4773 4731 4777
f 4732 4739 4733
f 4778 4732 4733
f 4732 4740 4739
f 4777 4732 4778
f 4733 4738 4734
f 4779 4733 4734
f 4733 4739 4738
f 4778 4733 4779
f 4734 4737 4735
f 4780 4734 4735
f 4734 4738 4737
f 4779 4734 4780
f 4735 4737 4736
f 4735 4736 4741
f 4786 4735 4741
f 4780 4735 4785
f 4785 4735 4786
f 4782 4736 4737
f 4741 4736 4742
f 4792 4742 4736
f 4781 4736 4782
f 4792 4736 4781
f 4783 4737 4738
f 4782 4737 4783
f 4784 4738 4739
f 4783 4738 4784
f 4774 4739 4740
f 4784 4739 4774
f 4774 4740 4775
f 4741 4742 4751
f 4787 4741 4751
f 4786 4741 4787
f 4751 4742 4766
f 4791 4766 4742
f 4791 4742 4792
f 4747 4743 4744
f 4748 4743 4747
f 4746 4744 4745
f 4747 4744 4746
f 4746 4745 4750
f 4750 4745 4749
f 4750 4749 4770
f 4770 4749 4767
f 4751 4766 4752
f 4788 4751 4752
f 4787 4751 4788
f 4752 4765 4753
f 4793 4752 4753
f 4752 4766 4765
f 4788 4752 4793
f 4753 4764 4754
f 4794 4753 4754
f 4753 4765 4764
f 4793 4753 4794
f 4754 4763 4755
f 4795 4754 4755
f 4754 4764 4763
f 4794 4754 4795
f 4755 4762 4756
f 4796 4755 4756
f 4755 4763 4762
f 4795 4755 4796
f 4756 4761 4757
f 4797 4756 4757
f 4756 4762 4761
f 4796 4756 4797
f 4757 4760 4758
f 4798 4757 4758
f 4757 4761 4760
f 4797 4757 4798
f 4758 4760 4759
f 4799 4758 4759
f 4798 4758 4799
f 4800 4759 4760
f 4799 4759 4800
f 4801 4760 4761
f 4800 4760 4801
f 4802 4761 4762
f 4801 4761 4802
f 4803 4762 4763
f 4802 4762 4803
f 4804 4763 4764
f 4803 4763 4804
f 4789 4764 4765
f 4804 4764 4789
f 4790 4765 4766
f 4789 4765 4790
f 4790 4766 4791
f 4769 4767 4768
f 4770 4767 4769
f 4769 4768 4776
f 4776 4768 4771
f 4775 4771 4772
f 4776 4771 4775
f 4774 4772 4773
f 4775 4772 4774
f 4774 4773 4784
f 4784 4773 4777
f 4783 4777 4778
f 4784 4777 4783
f 4782 4778 4779
f 4783 4778 4782
f 4781 4779 4780
f 4782 4779 4781
f 4781 4780 4792
f 4792 4780 4785
f 4791 4785 4786
f 4792 4785 4791
f 4790 4786 4787
f 4791 4786 4790
f 4789 4787 4788
f 4790 4787 4789
f 4789 4788 4804
f 4804 4788 4793
f 4803 4793 4794
f 4804 4793 4803
f 4802 4794 4795
f 4803 4794 4802
f 4801 4795 4796
f 4802 4795 4801
f 4800 4796 4797
f 4801 4796 4800
f 4799 4797 4798
f 4800 4797 4799
