v -0.0143095632 -0.0125165458 0.0189999998
v -0.0142519994 -0.0126626797 0.020999999
v -0.0143882627 -0.012266943 0.0189999998
v -0.0143270404 -0.0124671907 0.020999999
v -0.0144449086 -0.0120114298 0.0189999998
v -0.0144013722 -0.0122162504 0.020999999
v -0.0144790692 -0.0117519517 0.0189999998
v -0.0144535501 -0.0119597883 0.020999999
v -0.0144900281 -0.0115428419 0.0189999998
v -0.0144831772 -0.0116997547 0.020999999
v -0.0144831772 -0.0112812157 0.0189999998
v -0.0144904847 -0.0114904852 0.020999999
v -0.0144535501 -0.0110211821 0.0189999998
v -0.0144790692 -0.0112290187 0.020999999
v -0.0144013722 -0.01076472 0.0189999998
v -0.0144449086 -0.0109695406 0.020999999
v -0.0143270404 -0.0105137796 0.0189999998
v -0.0143882627 -0.0107140274 0.020999999
v -0.0142519994 -0.0103182907 0.0189999998
v -0.0143095632 -0.0104644246 0.020999999
v -0.0142519994 0.0103182917 0.0189999998
v -0.0142519994 0.0103182917 0.020999999
v -0.0143270404 0.0105137806 0.0189999998
v -0.0143270404 0.0105137806 0.020999999
v -0.0144013722 0.0107647209 0.0189999998
v -0.0144013722 0.0107647209 0.020999999
v -0.0144535501 0.011021183 0.0189999998
v -0.0144535501 0.011021183 0.020999999
v -0.0144831772 0.0112812166 0.0189999998
v -0.0144831772 0.0112812166 0.020999999
v -0.0144900281 0.0115428429 0.0189999998
v -0.0144900281 0.0115428429 0.020999999
v -0.0144790692 0.0117519503 0.0189999998
v -0.0144790692 0.0117519503 0.020999999
v -0.0144449086 0.0120114307 0.0189999998
v -0.0144449086 0.0120114307 0.020999999
v -0.0143882627 0.0122669439 0.0189999998
v -0.0143882627 0.0122669439 0.020999999
v -0.0143095632 0.0125165443 0.0189999998
v -0.0143095632 0.0125165443 0.020999999
v -0.0140619869 -0.0130355997 0.0189999998
v -0.0140064974 -0.0131244035 0.020999999
v -0.0142094083 -0.0127583404 0.0189999998
v -0.0140885611 -0.0129904861 0.020999999
v -0.0142311211 -0.0127106948 0.0189999998
v -0.0142311211 -0.0127106948 0.020999999
v -0.0142311211 -0.0102702756 0.0189999998
v -0.0142311211 -0.0102702756 0.020999999
v -0.0141143436 -0.0100360556 0.0189999998
v -0.0142094083 -0.01022263 0.020999999
v -0.0140064974 -0.0098565669 0.0189999998
v -0.0140885611 -0.00999048423 0.020999999
v -0.0140064974 0.00985657025 0.0189999998
v -0.0140064974 0.00985657025 0.020999999
v -0.0141143436 0.0100360565 0.0189999998
v -0.0141143436 0.0100360565 0.020999999
v -0.0142311211 0.0102702742 0.0189999998
v -0.0142311211 0.0102702742 0.020999999
v -0.0142311211 0.0127106934 0.0189999998
v -0.0142311211 0.0127106934 0.020999999
v -0.0142094083 0.0127583389 0.0189999998
v -0.0142094083 0.0127583389 0.020999999
v -0.0140619869 0.0130356007 0.0189999998
v -0.0140619869 0.0130356007 0.020999999
v -0.0139175363 -0.0132538409 0.0189999998
v -0.0137546129 -0.0134586616 0.020999999
v -0.0139775987 -0.0131680651 0.0189999998
v -0.0139479418 -0.0132112141 0.020999999
v -0.0139479418 -0.00976975631 0.0189999998
v -0.0139775987 -0.00981290531 0.020999999
v -0.0137546129 -0.00952230882 0.0189999998
v -0.0139175363 -0.00972712945 0.020999999
v -0.0137546129 0.0095223074 0.0189999998
v -0.0137546129 0.0095223074 0.020999999
v -0.0139479418 0.00976975728 0.0189999998
v -0.0139479418 0.00976975728 0.020999999
v -0.0139775987 0.013168066 0.0189999998
v -0.0139775987 0.013168066 0.020999999
v -0.0139175363 0.0132538395 0.0189999998
v -0.0139175363 0.0132538395 0.020999999
v -0.0136845465 -0.0135364814 0.0189999998
v -0.0135364814 -0.0136845465 0.020999999
v -0.0137199206 -0.0134978766 0.0189999998
v -0.0137199206 -0.0134978766 0.020999999
v -0.013611805 -0.00936916542 0.0189999998
v -0.013611805 -0.00936916542 0.020999999
v -0.013611805 0.00936916638 0.0189999998
v -0.013611805 0.00936916638 0.020999999
v -0.0137199206 0.0134978752 0.0189999998
v -0.0137199206 0.0134978752 0.020999999
v -0.0136845465 0.01353648 0.0189999998
v -0.0136845465 0.01353648 0.020999999
v -0.0134586616 -0.0137546129 0.0189999998
v -0.0132538409 -0.0139175363 0.020999999
v -0.0134978766 -0.0137199206 0.0189999998
v -0.0134978766 -0.0137199206 0.020999999
v -0.0134978766 0.0137199192 0.0189999998
v -0.0134978766 0.0137199192 0.020999999
v -0.0134586616 0.0137546139 0.0189999998
v -0.0134586616 0.0137546139 0.020999999
v -0.0131244035 -0.0140064974 0.0189999998
v -0.0130355997 -0.0140619869 0.020999999
v -0.0132112141 -0.0139479418 0.0189999998
v -0.0131680651 -0.0139775987 0.020999999
v -0.0132112141 0.0139479427 0.0189999998
v -0.0132112141 0.0139479427 0.020999999
v -0.0131244035 0.0140064983 0.0189999998
v -0.0131244035 0.0140064983 0.020999999
v -0.0129904861 -0.0140885611 0.0189999998
v -0.0127583404 -0.0142094083 0.020999999
v -0.0129904861 0.014088562 0.0189999998
v -0.0129904861 0.014088562 0.020999999
v -0.0126626797 -0.0142519994 0.0189999998
v -0.0125165458 -0.0143095632 0.020999999
v -0.0127106948 -0.0142311211 0.0189999998
v -0.0127106948 -0.0142311211 0.020999999
v -0.0127106948 0.014231122 0.0189999998
v -0.0127106948 0.014231122 0.020999999
v -0.0126626797 0.014251998 0.0189999998
v -0.0126626797 0.014251998 0.020999999
v -0.0124671907 -0.0143270404 0.0189999998
v -0.012266943 -0.0143882627 0.020999999
v -0.0124671907 0.0143270426 0.0189999998
v -0.0124671907 0.0143270426 0.020999999
v -0.0122162504 -0.0144013722 0.0189999998
v -0.0120114298 -0.0144449086 0.020999999
v -0.0120208163 -0.0120208163 0.0189999998
v -0.0120208163 -0.0120208163 0.020999999
v -0.0121906705 -0.0117592616 0.0189999998
v -0.0120478435 -0.0119923325 0.020999999
v -0.0122403712 -0.0115035744 0.0189999998
v -0.0121952553 -0.0117469997 0.020999999
v -0.0122037787 -0.0112587233 0.0189999998
v -0.0122404857 -0.0114904852 0.020999999
v -0.0120650191 -0.0110083957 0.0189999998
v -0.0121996231 -0.0112463088 0.020999999
v -0.0120019836 -0.0109419699 0.0189999998
v -0.0120565171 -0.0109984417 0.020999999
v -0.0120208163 0.0109601574 0.0189999998
v -0.0120208163 0.0109601574 0.020999999
v -0.0121996231 0.0112463074 0.0189999998
v -0.0120650191 0.0110083942 0.020999999
v -0.0122404857 0.0114904861 0.0189999998
v -0.0122037787 0.0112587242 0.020999999
v -0.0121952553 0.0117470007 0.0189999998
v -0.0122403712 0.0115035753 0.020999999
v -0.0120478435 0.0119923334 0.0189999998
v -0.0121906705 0.0117592602 0.020999999
v -0.0120019836 0.0120390015 0.0189999998
v -0.0120390005 0.0120019846 0.020999999
v -0.0122162504 0.014401372 0.0189999998
v -0.0122162504 0.014401372 0.020999999
v -0.0119597883 -0.0144535501 0.0189999998
v -0.0117519517 -0.0144790692 0.020999999
v -0.0119923325 -0.0120478435 0.0189999998
v -0.0117592616 -0.0121906705 0.020999999
v -0.0117592616 -0.0107902999 0.0189999998
v -0.0119923325 -0.0109331269 0.020999999
v -0.0119923325 0.0109331255 0.0189999998
v -0.0117592616 0.0107902985 0.020999999
v -0.0117592616 0.0121906691 0.0189999998
v -0.0119923325 0.012047842 0.020999999
v -0.0119597883 0.0144535523 0.0189999998
v -0.0119597883 0.0144535523 0.020999999
v -0.0116997547 -0.0144831772 0.0189999998
v -0.0115428419 -0.0144900281 0.020999999
v -0.0117469997 -0.0121952553 0.0189999998
v -0.0115035744 -0.0122403712 0.020999999
v -0.0116207213 -0.0107518787 0.0189999998
v -0.0117469997 -0.0107857151 0.020999999
v -0.0115035744 -0.0107405992 0.0189999998
v -0.011607811 -0.0107497187 0.020999999
v -0.011607811 0.0107497196 0.0189999998
v -0.0115035744 0.0107405977 0.020999999
v -0.0117469997 0.0107857161 0.0189999998
v -0.0116207213 0.0107518797 0.020999999
v -0.0115035744 0.0122403698 0.0189999998
v -0.0117469997 0.0121952562 0.020999999
v -0.0116997547 0.0144831781 0.0189999998
v -0.0116997547 0.0144831781 0.020999999
v -0.0114904852 -0.0144904847 0.0189999998
v -0.0112812157 -0.0144831772 0.020999999
v -0.0114904852 -0.0122404857 0.0189999998
v -0.0112587233 -0.0122037787 0.020999999
v -0.0112587233 -0.0107771916 0.0189999998
v -0.011360249 -0.0107518787 0.020999999
v -0.0113731594 -0.0107497187 0.0189999998
v -0.0114904852 -0.0107404847 0.020999999
v -0.0114904852 0.0107404833 0.0189999998
v -0.0113731594 0.0107497196 0.020999999
v -0.011360249 0.0107518797 0.0189999998
v -0.0112587233 0.010777195 0.020999999
v -0.0112587233 0.0122037773 0.0189999998
v -0.0114904852 0.0122404842 0.020999999
v -0.0114904852 0.0144904833 0.0189999998
v -0.0114904852 0.0144904833 0.020999999
v -0.0112290187 -0.0144790692 0.0189999998
v -0.0110211821 -0.0144535501 0.020999999
v -0.0112463088 -0.0121996231 0.0189999998
v -0.0110083957 -0.0120650191 0.020999999
v -0.0110083957 -0.0109159512 0.0189999998
v -0.0112463088 -0.0107813473 0.020999999
v -0.0112463088 0.0107813482 0.0189999998
v -0.0110083957 0.0109159498 0.020999999
v -0.0110083957 0.0120650177 0.0189999998
v -0.0112463088 0.0121996241 0.020999999
v -0.0112290187 0.0144790678 0.0189999998
v -0.0112290187 0.0144790678 0.020999999
v -0.0109695406 -0.0144449086 0.0189999998
v -0.01076472 -0.0144013722 0.020999999
v -0.0109984417 -0.0120565171 0.0189999998
v -0.0109419699 -0.0120019836 0.020999999
v -0.0109331269 -0.0119923325 0.0189999998
v -0.0107902999 -0.0117592616 0.020999999
v -0.0107857151 -0.0117469997 0.0189999998
v -0.0107518787 -0.0116207213 0.020999999
v -0.0107518787 -0.011360249 0.0189999998
v -0.0107771916 -0.0112587233 0.020999999
v -0.0107813473 -0.0112463088 0.0189999998
v -0.0109159512 -0.0110083957 0.020999999
v -0.0109244533 -0.0109984417 0.0189999998
v -0.0109984417 -0.0109244533 0.020999999
v -0.0109984417 0.0109244518 0.0189999998
v -0.0109244533 0.0109984427 0.020999999
v -0.0109159512 0.0110083942 0.0189999998
v -0.0107813473 0.0112463074 0.020999999
v -0.0107771916 0.0112587242 0.0189999998
v -0.0107518787 0.0113602476 0.020999999
v -0.0107518787 0.0116207199 0.0189999998
v -0.0107857151 0.0117470007 0.020999999
v -0.0107902999 0.0117592602 0.0189999998
v -0.0109331269 0.0119923334 0.020999999
v -0.0109419699 0.0120019846 0.0189999998
v -0.0109984417 0.0120565157 0.020999999
v -0.0109695406 0.0144449072 0.0189999998
v -0.0109695406 0.0144449072 0.020999999
v -0.0107140274 -0.0143882627 0.0189999998
v -0.0105137796 -0.0143270404 0.020999999
v -0.0107497187 -0.011607811 0.0189999998
v -0.0107405992 -0.0115035744 0.020999999
v -0.0107404847 -0.0114904852 0.0189999998
v -0.0107497187 -0.0113731594 0.020999999
v -0.0107497187 0.0113731604 0.0189999998
v -0.0107404847 0.0114904861 0.020999999
v -0.0107405992 0.0115035753 0.0189999998
v -0.0107497187 0.0116078119 0.020999999
v -0.0107140274 0.0143882637 0.0189999998
v -0.0107140274 0.0143882637 0.020999999
v -0.0104644246 -0.0143095632 0.0189999998
v -0.0103182907 -0.0142519994 0.020999999
v -0.0102702756 -0.0142311211 0.0189999998
v -0.0102702756 -0.0142311211 0.020999999
v -0.0102530475 -0.0102530475 0.0189999998
v -0.0102530475 -0.0102530475 0.020999999
v -0.0102622242 -0.010243711 0.0189999998
v -0.010418107 -0.0100036735 0.020999999
v -0.010422904 -0.00999149513 0.0189999998
v -0.0104716892 -0.00976196956 0.020999999
v -0.0104722614 -0.0097488923 0.0189999998
v -0.0104399462 -0.00950344038 0.020999999
v -0.0104360099 -0.00949095439 0.0189999998
v -0.0103055782 -0.0092507286 0.020999999
v -0.0102972527 -0.00924062681 0.0189999998
v -0.0102530475 -0.00919238758 0.020999999
v -0.0102530475 0.00919238854 0.0189999998
v -0.0102530475 0.00919238854 0.020999999
v -0.0104360099 0.00949095536 0.0189999998
v -0.0104360099 0.00949095536 0.020999999
v -0.0104722614 0.00974889088 0.0189999998
v -0.0104722614 0.00974889088 0.020999999
v -0.010422904 0.00999149609 0.0189999998
v -0.010422904 0.00999149609 0.020999999
v -0.0102622242 0.0102437143 0.0189999998
v -0.0102622242 0.0102437143 0.020999999
v -0.0102530475 0.010253046 0.0189999998
v -0.0102530475 0.010253046 0.020999999
v -0.0102702756 0.014231122 0.0189999998
v -0.0102702756 0.014231122 0.020999999
v -0.0104644246 0.0143095617 0.0189999998
v -0.0104644246 0.0143095617 0.020999999
v -0.01022263 -0.0142094083 0.0189999998
v -0.0100360556 -0.0141143436 0.020999999
v -0.0100036735 -0.010418107 0.0189999998
v -0.010243711 -0.0102622242 0.020999999
v -0.010243711 -0.00918321323 0.0189999998
v -0.0100036735 -0.00902733039 0.020999999
v -0.010243711 0.00918321419 0.0189999998
v -0.010243711 0.00918321419 0.020999999
v -0.0100036735 0.010418108 0.0189999998
v -0.0100036735 0.010418108 0.020999999
v -0.01022263 0.0142094069 0.0189999998
v -0.01022263 0.0142094069 0.020999999
v -0.00999048423 -0.0140885611 0.0189999998
v -0.0098565669 -0.0140064974 0.020999999
v -0.00981290531 -0.0139775987 0.0189999998
v -0.00976975631 -0.0139479418 0.020999999
v -0.00976196956 -0.0104716892 0.0189999998
v -0.00999149513 -0.010422904 0.020999999
v -0.00999149513 -0.00902253341 0.0189999998
v -0.00992944669 -0.00900177192 0.020999999
v -0.00991683197 -0.00899827432 0.0189999998
v -0.00976196956 -0.00897374582 0.020999999
v -0.00991683197 0.0089982729 0.0189999998
v -0.00991683197 0.0089982729 0.020999999
v -0.00999149513 0.00902253437 0.0189999998
v -0.00999149513 0.00902253437 0.020999999
v -0.00976196956 0.0104716902 0.0189999998
v -0.00976196956 0.0104716902 0.020999999
v -0.00981290531 0.0139775972 0.0189999998
v -0.00981290531 0.0139775972 0.020999999
v -0.00999048423 0.014088562 0.0189999998
v -0.00999048423 0.014088562 0.020999999
v -0.00972712945 -0.0139175363 0.0189999998
v -0.00952230882 -0.0137546129 0.020999999
v -0.00950344038 -0.0104399462 0.0189999998
v -0.0097488923 -0.0104722614 0.020999999
v -0.00951599073 -0.00900177192 0.0189999998
v -0.00950344038 -0.00900548887 0.020999999
v -0.0097488923 -0.008973176 0.0189999998
v -0.00952860307 -0.00899827432 0.020999999
v -0.0097488923 0.00897317696 0.0189999998
v -0.0097488923 0.00897317696 0.020999999
v -0.00951599073 0.00900177289 0.0189999998
v -0.00951599073 0.00900177289 0.020999999
v -0.00950344038 0.0104399471 0.0189999998
v -0.00950344038 0.0104399471 0.020999999
v -0.00972712945 0.0139175348 0.0189999998
v -0.00972712945 0.0139175348 0.020999999
v -0.00936916542 -0.013611805 0.0189999998
v -0.00936916542 -0.013611805 0.020999999
v -0.0092507286 -0.0103055782 0.0189999998
v -0.00949095439 -0.0104360099 0.020999999
v -0.00949095439 -0.00900942516 0.0189999998
v -0.0092507286 -0.0091398592 0.020999999
v -0.00949095439 0.00900942612 0.0189999998
v -0.00949095439 0.00900942612 0.020999999
v -0.0092507286 0.0103055792 0.0189999998
v -0.0092507286 0.0103055792 0.020999999
v -0.00948309373 0.0137199192 0.0189999998
v -0.00948309373 0.0137199192 0.020999999
v -0.00919238758 -0.0102530475 0.0189999998
v -0.00924062681 -0.0102972527 0.020999999
v -0.00902733039 -0.0100036735 0.0189999998
v -0.00918321323 -0.010243711 0.020999999
v -0.00900177192 -0.00992944669 0.0189999998
v -0.00902253341 -0.00999149513 0.020999999
v -0.00900548887 -0.00950344038 0.0189999998
v -0.00900177192 -0.00951599073 0.020999999
v -0.0091398592 -0.0092507286 0.0189999998
v -0.00900942516 -0.00949095439 0.020999999
v -0.00924062681 -0.00914818477 0.0189999998
v -0.00914818477 -0.00924062681 0.020999999
v -0.00924062681 0.00914818573 0.0189999998
v -0.00924062681 0.00914818573 0.020999999
v -0.0091398592 0.00925072957 0.0189999998
v -0.0091398592 0.00925072957 0.020999999
v -0.00900548887 0.00950343895 0.0189999998
v -0.00900548887 0.00950343895 0.020999999
v -0.00900177192 0.00992944527 0.0189999998
v -0.00900177192 0.00992944527 0.020999999
v -0.00902733039 0.0100036745 0.0189999998
v -0.00902733039 0.0100036745 0.020999999
v -0.00919238758 0.010253046 0.0189999998
v -0.00919238758 0.010253046 0.020999999
v -0.00897374582 -0.00976196956 0.0189999998
v -0.00899827432 -0.00991683197 0.020999999
v -0.00899827432 -0.00952860307 0.0189999998
v -0.008973176 -0.0097488923 0.020999999
v -0.00899827432 0.00952860165 0.0189999998
v -0.00899827432 0.00952860165 0.020999999
v -0.00897374582 0.00976197052 0.0189999998
v -0.00897374582 0.00976197052 0.020999999
v -0.00850346756 -0.00846645069 0.0189999998
v -0.00864011001 -0.00826000404 0.020999999
v -0.00864532899 -0.00824799966 0.0189999998
v -0.00870312404 -0.00800726842 0.020999999
v -0.00870392274 -0.00799420309 0.0189999998
v -0.00867939662 -0.0077608366 0.020999999
v -0.00867589664 -0.00774822425 0.0189999998
v -0.00855392885 -0.0075035901 0.020999999
v -0.00854595851 -0.00749320459 0.0189999998
v -0.00850346756 -0.0074434514 0.020999999
v -0.00854595851 0.00749320317 0.0189999998
v -0.00854595851 0.00749320317 0.020999999
v -0.00867589664 0.00774822522 0.0189999998
v -0.00867589664 0.00774822522 0.020999999
v -0.00870392274 0.00799420166 0.0189999998
v -0.00870392274 0.00799420166 0.020999999
v -0.00864532899 0.00824799824 0.0189999998
v -0.00864532899 0.00824799824 0.020999999
v -0.00850346756 0.00846645165 0.0189999998
v -0.00850346756 0.00846645165 0.020999999
v -0.00826000404 -0.00864011001 0.0189999998
v -0.00846645069 -0.00850346756 0.020999999
v -0.00848528099 -0.00848528099 0.0189999998
v -0.00848528099 -0.00848528099 0.020999999
v -0.00849445533 -0.00743395757 0.0189999998
v -0.00826000404 -0.00726979208 0.020999999
v -0.00848528099 0.00742461968 0.0189999998
v -0.00848528099 0.00742461968 0.020999999
v -0.00847594451 0.0084944563 0.0189999998
v -0.00847594451 0.0084944563 0.020999999
v -0.00826000404 0.00864011097 0.0189999998
v -0.00826000404 0.00864011097 0.020999999
v -0.00800726842 -0.00870312404 0.0189999998
v -0.00824799966 -0.00864532899 0.020999999
v -0.00824799966 -0.00726457309 0.0189999998
v -0.00821146678 -0.00725018215 0.020999999
v -0.00819912624 -0.00724581193 0.0189999998
v -0.00800726842 -0.00720677804 0.020999999
v -0.00819912624 0.00724581051 0.0189999998
v -0.00819912624 0.00724581051 0.020999999
v -0.00824799966 0.00726457406 0.0189999998
v -0.00824799966 0.00726457406 0.020999999
v -0.00800726842 0.008703125 0.0189999998
v -0.00800726842 0.008703125 0.020999999
v -0.0077608366 -0.00867939662 0.0189999998
v -0.00799420309 -0.00870392274 0.020999999
v -0.00799420309 -0.00720597934 0.0189999998
v -0.0077608366 -0.00723050785 0.020999999
v -0.00799420309 0.00720598031 0.0189999998
v -0.00799420309 0.00720598031 0.020999999
v -0.0077608366 0.00867939759 0.0189999998
v -0.0077608366 0.00867939759 0.020999999
v -0.0075035901 -0.00855392885 0.0189999998
v -0.00774822425 -0.00867589664 0.020999999
v -0.0076984353 -0.00725018215 0.0189999998
v -0.0075035901 -0.00735597562 0.020999999
v -0.00774822425 -0.00723400545 0.0189999998
v -0.00771077585 -0.00724581193 0.020999999
v -0.00774822425 0.00723400403 0.0189999998
v -0.00774822425 0.00723400403 0.020999999
v -0.0076984353 0.00725018311 0.0189999998
v -0.0076984353 0.00725018311 0.020999999
v -0.0075035901 0.00855392743 0.0189999998
v -0.0075035901 0.00855392743 0.020999999
v -0.0074434514 -0.00850346756 0.0189999998
v -0.00749320459 -0.00854595851 0.020999999
v -0.00726979208 -0.00826000404 0.0189999998
v -0.00743395757 -0.00849445533 0.020999999
v -0.00725018215 -0.00821146678 0.0189999998
v -0.00726457309 -0.00824799966 0.020999999
v -0.00735597562 -0.0075035901 0.0189999998
v -0.00725018215 -0.0076984353 0.020999999
v -0.00749320459 -0.00736394357 0.0189999998
v -0.00736394357 -0.00749320459 0.020999999
v -0.00749320459 0.00736394215 0.0189999998
v -0.00749320459 0.00736394215 0.020999999
v -0.00735597562 0.00750358868 0.0189999998
v -0.00735597562 0.00750358868 0.020999999
v -0.00725018215 0.00821146775 0.0189999998
v -0.00725018215 0.00821146775 0.020999999
v -0.00726979208 0.008260005 0.0189999998
v -0.00726979208 0.008260005 0.020999999
v -0.0074434514 0.00850346852 0.0189999998
v -0.0074434514 0.00850346852 0.020999999
v -0.00720677804 -0.00800726842 0.0189999998
v -0.00724581193 -0.00819912624 0.020999999
v -0.00723050785 -0.0077608366 0.0189999998
v -0.00720597934 -0.00799420309 0.020999999
v -0.00724581193 -0.00771077585 0.0189999998
v -0.00723400545 -0.00774822425 0.020999999
v -0.00724581193 0.00771077443 0.0189999998
v -0.00724581193 0.00771077443 0.020999999
v -0.00723050785 0.00776083756 0.0189999998
v -0.00723050785 0.00776083756 0.020999999
v -0.00720677804 0.008007267 0.0189999998
v -0.00720677804 0.008007267 0.020999999
v -0.00675321769 -0.00667922925 0.0189999998
v -0.00686691474 -0.00650414896 0.020999999
v -0.00687234354 -0.00649223756 0.0189999998
v -0.00693432998 -0.0062525506 0.020999999
v -0.00693535757 -0.00623950195 0.0189999998
v -0.00691490602 -0.00600574207 0.020999999
v -0.00691162776 -0.00599307012 0.0189999998
v -0.00680154752 -0.00575700235 0.020999999
v -0.00679394674 -0.00574634504 0.0189999998
v -0.00675321769 -0.00569513988 0.020999999
v -0.00679394674 0.00574634362 0.0189999998
v -0.00675321769 0.00569514084 0.020999999
v -0.00691162776 0.0059930687 0.0189999998
v -0.00680154752 0.00575700093 0.020999999
v -0.00693535757 0.00623950291 0.0189999998
v -0.00691490602 0.00600574303 0.020999999
v -0.00687234354 0.00649223614 0.0189999998
v -0.00693432998 0.00625254918 0.020999999
v -0.00675321769 0.00667922783 0.0189999998
v -0.00686691474 0.00650414753 0.020999999
v -0.00650414896 -0.00686691474 0.0189999998
v -0.00667922925 -0.00675321769 0.020999999
v -0.00671751451 -0.00671751451 0.0189999998
v -0.00671751451 -0.00671751451 0.020999999
v -0.00674454402 -0.00568533611 0.0189999998
v -0.00650414896 -0.00550745439 0.020999999
v -0.00671751451 0.0056568532 0.0189999998
v -0.00671751451 0.0056568532 0.020999999
v -0.00668903303 0.00674454499 0.0189999998
v -0.00674454402 0.00668903161 0.020999999
v -0.00650414896 0.00686691571 0.0189999998
v -0.00667922925 0.00675321866 0.020999999
v -0.0062525506 -0.00693432998 0.0189999998
v -0.00649223756 -0.00687234354 0.020999999
v -0.00649223756 -0.0055020256 0.0189999998
v -0.00649223756 -0.0055020256 0.020999999
v -0.00648023319 -0.00549680662 0.0189999998
v -0.0062525506 -0.00544003915 0.020999999
v -0.00648023319 0.0054968052 0.0189999998
v -0.0062525506 0.00544003773 0.020999999
v -0.00649223756 0.00550202418 0.0189999998
v -0.00649223756 0.00550202418 0.020999999
v -0.0062525506 0.00693433094 0.0189999998
v -0.00649223756 0.00687234211 0.020999999
v -0.00600574207 -0.00691490602 0.0189999998
v -0.00623950195 -0.00693535757 0.020999999
v -0.00623950195 -0.00543901157 0.0189999998
v -0.00600574207 -0.00545946311 0.020999999
v -0.00623950195 0.00543901015 0.0189999998
v -0.00600574207 0.00545946169 0.020999999
v -0.00600574207 0.0069149046 0.0189999998
v -0.00623950195 0.00693535614 0.020999999
v -0.00575700235 -0.00680154752 0.0189999998
v -0.00599307012 -0.00691162776 0.020999999
v -0.00588213157 -0.0055020256 0.0189999998
v -0.00575700235 -0.00557281923 0.020999999
v -0.00599307012 -0.00546273899 0.0189999998
v -0.00589413595 -0.00549680662 0.020999999
v -0.00599307012 0.00546273995 0.0189999998
v -0.00589413595 0.0054968052 0.020999999
v -0.00588213157 0.00550202418 0.0189999998
v -0.00575700235 0.00557282019 0.020999999
v -0.00575700235 0.0068015461 0.0189999998
v -0.00599307012 0.00691162873 0.020999999
v -0.00569513988 -0.00675321769 0.0189999998
v -0.00574634504 -0.00679394674 0.020999999
v -0.00550745439 -0.00650414896 0.0189999998
v -0.00568533611 -0.00674454402 0.020999999
v -0.0055020256 -0.00649223756 0.0189999998
v -0.0055020256 -0.00649223756 0.020999999
v -0.00557281923 -0.00575700235 0.0189999998
v -0.0055020256 -0.00588213157 0.020999999
v -0.00574634504 -0.0055804224 0.0189999998
v -0.0055804224 -0.00574634504 0.020999999
v -0.00574634504 0.00558042098 0.0189999998
v -0.0055804224 0.00574634362 0.020999999
v -0.00557281923 0.00575700093 0.0189999998
v -0.0055020256 0.00588213253 0.020999999
v -0.0055020256 0.00649223614 0.0189999998
v -0.0055020256 0.00649223614 0.020999999
v -0.00550745439 0.00650414753 0.0189999998
v -0.00568533611 0.00674454499 0.020999999
v -0.00569513988 0.00675321866 0.0189999998
v -0.00574634504 0.00679394532 0.020999999
v -0.00544003915 -0.0062525506 0.0189999998
v -0.00549680662 -0.00648023319 0.020999999
v -0.00545946311 -0.00600574207 0.0189999998
v -0.00543901157 -0.00623950195 0.020999999
v -0.00549680662 -0.00589413595 0.0189999998
v -0.00546273899 -0.00599307012 0.020999999
v -0.00549680662 0.00589413453 0.0189999998
v -0.00546273899 0.0059930687 0.020999999
v -0.00545946311 0.00600574303 0.0189999998
v -0.00543901157 0.00623950291 0.020999999
v -0.00544003915 0.00625254918 0.0189999998
v -0.00549680662 0.00648023415 0.020999999
v -0.00475528192 -0.00154508543 0.0158000004
v -0.00475271654 -0.00155296278 0.0189999998
v -0.00478152465 -0.00146185827 0.0158000004
v -0.00482723903 -0.00130298566 0.0189999998
v -0.00485147905 -0.00120960903 0.0158000004
v -0.00488862228 -0.00104946088 0.0189999998
v -0.00490813684 -0.000954045768 0.0158000004
v -0.00493670177 -0.000793082233 0.0189999998
v -0.00495134067 -0.000695864673 0.0158000004
v -0.00494974803 -0.000707106109 0.0189999998
v -0.00497059297 -0.000541483875 0.020999999
v -0.00498097372 -0.000435778613 0.0158000004
v -0.0049914689 -0.000291974063 0.020999999
v -0.00499695491 -0.000174498077 0.0158000004
v -0.00499982547 -4.17346909e-05 0.020999999
v -0.00499999952 4.81354366e-10 0.0158000004
v -0.004995646 0.00020861197 0.020999999
v -0.00499314737 0.000261679177 0.0158000004
v -0.00497894001 0.000458434109 0.020999999
v -0.00497260999 0.000522642617 0.0158000004
v -0.00494974803 0.000707107072 0.0189999998
v -0.00494974803 0.000707107072 0.020999999
v -0.00493844223 0.000782173161 0.0158000004
v -0.00490613412 0.000964284425 0.0189999998
v -0.00489073705 0.00103955794 0.0158000004
v -0.00484916877 0.00121883679 0.0189999998
v -0.00482962799 0.001294096 0.0158000004
v -0.00477900457 0.00147007275 0.0189999998
v -0.00475528192 0.001545084 0.0158000004
v -0.00475271654 0.00155296135 0.0189999998
v -0.00453153801 -0.00211309146 0.0158000004
v -0.00456510257 -0.00203956794 0.0189999998
v -0.00460252475 -0.00195365619 0.0158000004
v -0.00466525745 -0.00179871273 0.0189999998
v -0.004698462 -0.00171009969 0.0158000004
v -0.00472498846 -0.00163538169 0.0189999998
v -0.00472759199 0.00162784148 0.0158000004
v -0.00469583463 0.00171730805 0.0189999998
v -0.00466790151 0.00179184008 0.0158000004
v -0.00459988308 0.00195986796 0.0189999998
v -0.00456772756 0.00203368235 0.0158000004
v -0.00452894163 0.00211865235 0.0189999998
v -0.00428583574 -0.00257518959 0.0158000004
v -0.00432782363 -0.00250398588 0.0189999998
v -0.00433012676 -0.00249999952 0.0158000004
v -0.00445252132 -0.00227487278 0.0189999998
v -0.00449397039 -0.00219185543 0.0158000004
v -0.00449141216 -0.00219709348 0.0189999998
v -0.00449397039 0.00219185639 0.0158000004
v -0.00449141216 0.00219709444 0.0189999998
v -0.00445503187 0.00226995278 0.0158000004
v -0.00437071514 0.00242834139 0.0189999998
v -0.00433012676 0.00250000048 0.0158000004
v -0.00428362321 0.00257887173 0.0189999998
v -0.00404508543 -0.00293892574 0.0158000004
v -0.00414329958 -0.00279876184 0.0189999998
v -0.00419335317 -0.00272319507 0.0158000004
v -0.0042381258 -0.00265297842 0.0189999998
v -0.00424024057 0.00264959622 0.0158000004
v -0.00419134569 0.00272628355 0.0189999998
v -0.00414518785 0.00279596377 0.0158000004
v -0.0040434618 0.00294116068 0.0189999998
v -0.00377354812 -0.00328029584 0.0158000004
v -0.00377274227 -0.00328122091 0.0189999998
v -0.0038302226 -0.00321393919 0.0158000004
v -0.00399169874 -0.00301103544 0.0189999998
v -0.00399317693 0.00300907422 0.0158000004
v -0.00382923555 0.00321511317 0.0189999998
v -0.00377354812 0.00328029442 0.0158000004
v -0.00377274227 0.00328122187 0.0189999998
v -0.00353553485 -0.00353553485 0.0158000004
v -0.00353553485 -0.00353553485 0.0189999998
v -0.00359669876 -0.00347329092 0.0158000004
v -0.00371510696 -0.00334633779 0.0189999998
v -0.00371572446 0.00334565211 0.0158000004
v -0.00359648656 0.00347351361 0.0189999998
v -0.00353553485 0.00353553343 0.0158000004
v -0.00353553485 0.00353553343 0.0189999998
v -0.00328029584 -0.00377354812 0.0158000004
v -0.00328122091 -0.00377274227 0.0189999998
v -0.00334565353 -0.00371572446 0.0158000004
v -0.00347351265 -0.00359648656 0.0189999998
v -0.00347329092 0.00359669972 0.0158000004
v -0.00334633779 0.00371510792 0.0189999998
v -0.00328029584 0.00377354908 0.0158000004
v -0.00328122091 0.00377274323 0.0189999998
v -0.00300907564 -0.00399317693 0.0158000004
v -0.0032151122 -0.00382923555 0.0189999998
v -0.00300366354 -0.000529627319 0.0158000004
v -0.00300366354 -0.000529627319 0.0189999998
v -0.00301244926 -0.000477125163 0.0158000004
v -0.00303839397 -0.000265824313 0.0189999998
v -0.00304257106 -0.000212757106 0.0158000004
v -0.00304953527 -5.32288506e-05 0.0189999998
v -0.00305000019 4.81354366e-10 0.0158000004
v -0.00304257106 0.000212758069 0.0189999998
v -0.00303839397 0.000265825276 0.0158000004
v -0.00301244926 0.000477126126 0.0189999998
v -0.00300366354 0.000529625897 0.0158000004
v -0.00300366354 0.000529625897 0.0189999998
v -0.00321393919 0.00383022118 0.0158000004
v -0.00301103544 0.0039916997 0.0189999998
v -0.00279596519 -0.00414518785 0.0158000004
v -0.00294115972 -0.0040434618 0.0189999998
v -0.00276423883 -0.00128898572 0.0158000004
v -0.00276423883 -0.00128898572 0.0189999998
v -0.00278631401 -0.00124054622 0.0158000004
v -0.00286606264 -0.00104316186 0.0189999998
v -0.00288383197 -0.000992981906 0.0158000004
v -0.00294607353 -0.000789398666 0.0189999998
v -0.00295940113 -0.000737862106 0.0158000004
v -0.00299396228 -0.000581967349 0.0189999998
v -0.00299396228 0.000581968312 0.0158000004
v -0.00295940113 0.000737860684 0.0189999998
v -0.00294607353 0.000789397244 0.0158000004
v -0.00288383197 0.000992982869 0.0189999998
v -0.00286606264 0.00104316044 0.0158000004
v -0.00278631401 0.00124054718 0.0189999998
v -0.00276423883 0.00128898669 0.0158000004
v -0.00276423883 0.00128898669 0.0189999998
v -0.00293892574 0.004045084 0.0158000004
v -0.00279876184 0.00414330054 0.0189999998
v -0.00257518959 -0.00428583574 0.0158000004
v -0.00257887077 -0.00428362321 0.0189999998
v -0.00264959526 -0.00424024057 0.0158000004
v -0.00272628259 -0.00419134569 0.0189999998
v -0.00252856445 -0.00170553875 0.0158000004
v -0.00264137697 -0.00152500104 0.0189999998
v -0.00266759109 -0.00147866916 0.0158000004
v -0.00274132204 -0.00133703184 0.0189999998
v -0.00274132204 0.0013370328 0.0158000004
v -0.00266759109 0.00147867012 0.0189999998
v -0.00264137697 0.00152499962 0.0158000004
v -0.00252856445 0.00170553732 0.0189999998
v -0.00272319507 0.00419335175 0.0158000004
v -0.00265297842 0.00423812438 0.0189999998
v -0.00257518959 0.0042858367 0.0158000004
v -0.00250398588 0.0043278246 0.0189999998
v -0.00226995182 -0.00445503187 0.0158000004
v -0.00242834043 -0.00437071514 0.0189999998
v -0.0022665925 -0.00204084825 0.0158000004
v -0.00230186414 -0.0020009799 0.0189999998
v -0.00233643484 -0.00196050119 0.0158000004
v -0.00246750068 -0.00179274511 0.0189999998
v -0.00249841404 -0.00174940776 0.0158000004
v -0.00249841404 -0.00174940776 0.0189999998
v -0.00249841404 0.00174940873 0.0158000004
v -0.00249841404 0.00174940873 0.0189999998
v -0.00246750068 0.00179274607 0.0158000004
v -0.00233643484 0.00196050215 0.0189999998
v -0.00230186414 0.00200098086 0.0158000004
v -0.0022665925 0.00204084921 0.0189999998
v -0.00249999952 0.00433012772 0.0158000004
v -0.00227487278 0.00445252228 0.0189999998
v -0.00203368377 -0.00456772756 0.0158000004
v -0.00211865139 -0.00452894163 0.0189999998
v -0.00219185543 -0.00449397039 0.0158000004
v -0.00219709348 -0.00449141216 0.0189999998
v -0.0020009799 -0.00230186414 0.0158000004
v -0.00204084825 -0.0022665925 0.0189999998
v -0.00215667676 -0.00215667676 0.0158000004
v -0.00223062944 -0.00208009433 0.0189999998
v -0.00223062944 0.0020800953 0.0158000004
v -0.00208009433 0.00223062802 0.0189999998
v -0.00204084825 0.00226659108 0.0158000004
v -0.0020009799 0.00230186511 0.0189999998
v -0.00219185543 0.00449397135 0.0158000004
v -0.00219709348 0.00449141074 0.0189999998
v -0.00211309146 0.00453153897 0.0158000004
v -0.00203956794 0.00456510354 0.0189999998
v -0.00179183912 -0.00466790151 0.0158000004
v -0.001959867 -0.00459988308 0.0189999998
v -0.00179274511 -0.00246750068 0.0158000004
v -0.00196050119 -0.00233643484 0.0189999998
v -0.00196050119 0.0023364358 0.0158000004
v -0.00179274511 0.00246750164 0.0189999998
v -0.00195365619 0.00460252333 0.0158000004
v -0.00179871273 0.00466525841 0.0189999998
v -0.00154508543 -0.00475528192 0.0158000004
v -0.00155296278 -0.00475271654 0.0189999998
v -0.00162784051 -0.00472759199 0.0158000004
v -0.00171730709 -0.00469583463 0.0189999998
v -0.00152500104 -0.00264137697 0.0158000004
v -0.00170553875 -0.00252856445 0.0189999998
v -0.00174940776 -0.00249841404 0.0158000004
v -0.00174940776 -0.00249841404 0.0189999998
v -0.00174940776 0.00249841261 0.0158000004
v -0.00174940776 0.00249841261 0.0189999998
v -0.00170553875 0.00252856541 0.0158000004
v -0.00152500104 0.00264137793 0.0189999998
v -0.00171009969 0.00469846297 0.0158000004
v -0.00163538169 0.00472498942 0.0189999998
v -0.00154508543 0.00475528288 0.0158000004
v -0.00155296278 0.00475271512 0.0189999998
v -0.00129409503 -0.00482962799 0.0158000004
v -0.00147007179 -0.00477900457 0.0189999998
v -0.00128898572 -0.00276423883 0.0158000004
v -0.00128898572 -0.00276423883 0.0189999998
v -0.00133703184 -0.00274132204 0.0158000004
v -0.00147866916 -0.00266759109 0.0189999998
v -0.00125573587 -0.000724999423 0.0189999998
v -0.00135369253 -0.000519632812 0.020999999
v -0.00136255455 -0.000495929237 0.0189999998
v -0.00142797184 -0.000251790996 0.020999999
v -0.00143214893 -0.000226830955 0.0189999998
v -0.00144977998 -2.53052666e-05 0.020999999
v -0.00144999933 4.81354366e-10 0.0189999998
v -0.00143214893 0.000226829533 0.020999999
v -0.00142797184 0.000251789574 0.0189999998
v -0.00136255455 0.000495930199 0.020999999
v -0.00135369253 0.000519633775 0.0189999998
v -0.00125573587 0.000725000386 0.020999999
v -0.00147866916 0.00266758967 0.0158000004
v -0.00133703184 0.002741323 0.0189999998
v -0.00128898572 0.00276423979 0.0158000004
v -0.00128898572 0.00276423979 0.0189999998
v -0.00146185827 0.00478152323 0.0158000004
v -0.00130298566 0.00482723761 0.0189999998
v -0.00103955936 -0.00489073705 0.0158000004
v -0.00121883821 -0.00484916877 0.0189999998
v -0.00104316186 -0.00286606264 0.0158000004
v -0.00124054622 -0.00278631401 0.0189999998
v -0.00102530431 -0.00102530431 0.0189999998
v -0.00102530431 -0.00102530431 0.020999999
v -0.0010604639 -0.000988897796 0.0189999998
v -0.00122966957 -0.000768382068 0.020999999
v -0.00124289226 -0.000746805187 0.0189999998
v -0.00124289226 -0.000746805187 0.020999999
v -0.00124289226 0.000746806149 0.0189999998
v -0.00124289226 0.000746806149 0.020999999
v -0.00122966957 0.000768383031 0.0189999998
v -0.0010604639 0.000988898759 0.020999999
v -0.00104304266 0.00100725461 0.0189999998
v -0.00100725364 0.00104304362 0.020999999
v -0.00124054622 0.00278631258 0.0158000004
v -0.00104316186 0.0028660636 0.0189999998
v -0.00120960903 0.00485147763 0.0158000004
v -0.00104946088 0.00488862324 0.0189999998
v -0.000782172199 -0.00493844223 0.0158000004
v -0.000964283462 -0.00490613412 0.0189999998
v -0.000789398666 -0.00294607353 0.0158000004
v -0.000992981906 -0.00288383197 0.0189999998
v -0.000768382068 -0.00122966957 0.0189999998
v -0.000988897796 -0.0010604639 0.020999999
v -0.000988897796 0.00106046248 0.0189999998
v -0.000768382068 0.00122967053 0.020999999
v -0.000992981906 0.00288383055 0.0158000004
v -0.000789398666 0.00294607449 0.0189999998
v -0.000954045768 0.00490813542 0.0158000004
v -0.000793082233 0.00493670273 0.0189999998
v -0.000522641654 -0.00497260999 0.0158000004
v -0.000707106109 -0.00494974803 0.0189999998
v -0.000707106109 -0.00494974803 0.020999999
v -0.000529627319 -0.00300366354 0.0158000004
v -0.000529627319 -0.00300366354 0.0189999998
v -0.000581967349 -0.00299396228 0.0158000004
v -0.000737862106 -0.00295940113 0.0189999998
v -0.000519632812 -0.00135369253 0.0189999998
v -0.000724999423 -0.00125573587 0.020999999
v -0.000746805187 -0.00124289226 0.0189999998
v -0.000746805187 -0.00124289226 0.020999999
v -0.000746805187 0.00124289322 0.0189999998
v -0.000746805187 0.00124289322 0.020999999
v -0.000724999423 0.00125573683 0.0189999998
v -0.000519632812 0.00135369111 0.020999999
v -0.000737862106 0.00295940209 0.0158000004
v -0.000581967349 0.00299396325 0.0189999998
v -0.000529627319 0.0030036645 0.0158000004
v -0.000529627319 0.0030036645 0.0189999998
v -0.000695864673 0.00495133925 0.0158000004
v -0.000707106109 0.00494974661 0.0189999998
v -0.000707106109 0.00494974661 0.020999999
v -0.000261680599 -0.00499314737 0.0158000004
v -0.000458433147 -0.00497894001 0.020999999
v -0.000265824313 -0.00303839397 0.0158000004
v -0.000477125163 -0.00301244926 0.0189999998
v -0.000251790996 -0.00142797184 0.0189999998
v -0.000495929237 -0.00136255455 0.020999999
v -0.000495929237 0.00136255312 0.0189999998
v -0.000251790996 0.00142797041 0.020999999
v -0.000477125163 0.00301245022 0.0158000004
v -0.000265824313 0.00303839493 0.0189999998
v -0.000435778613 0.00498097468 0.0158000004
v -0.000291974063 0.00499146748 0.020999999
v -8.72631028e-05 -0.00499923896 0.0158000004
v -0.000208611007 -0.004995646 0.020999999
v -5.32288506e-05 -0.00304953527 0.0158000004
v -0.000212757106 -0.00304257106 0.0189999998
v -2.53052666e-05 -0.00144977998 0.0189999998
v -0.000226830955 -0.00143214893 0.020999999
v -0.000226830955 0.00143214751 0.0189999998
v -2.53052666e-05 0.00144977856 0.020999999
v -0.000212757106 0.00304256964 0.0158000004
v -5.32288506e-05 0.00304953623 0.0189999998
v -0.000174498077 0.00499695349 0.0158000004
v -4.17346909e-05 0.00499982644 0.020999999
v 0.000174496655 -0.00499695491 0.0158000004
v 4.17332694e-05 -0.00499982547 0.020999999
v 0.000212758069 -0.00304257106 0.0158000004
v 4.81354366e-10 -0.00305000019 0.0189999998
v 0.000226829533 -0.00143214893 0.0189999998
v 4.81354366e-10 -0.00144999933 0.020999999
v 4.81354366e-10 0.00145000029 0.0189999998
v 0.000226829533 0.00143214751 0.020999999
v 4.81354366e-10 0.00305000115 0.0158000004
v 0.000212758069 0.00304256964 0.0189999998
v 8.72616813e-05 0.00499923754 0.0158000004
v 0.00020861197 0.00499564696 0.020999999
v 4.81354366e-10 0.00500000048 0.0158000004
v 0.000435779576 -0.00498097372 0.0158000004
v 0.000291975026 -0.0049914689 0.020999999
v 0.000477126126 -0.00301244926 0.0158000004
v 0.000265825276 -0.00303839397 0.0189999998
v 0.000495930199 -0.00136255455 0.0189999998
v 0.000251789574 -0.00142797184 0.020999999
v 0.000251789574 0.00142797041 0.0189999998
v 0.000495930199 0.00136255312 0.020999999
v 0.000265825276 0.00303839493 0.0158000004
v 0.000477126126 0.00301245022 0.0189999998
v 0.000261679177 0.00499314833 0.0158000004
v 0.000458434109 0.00497893858 0.020999999
v 0.000695865636 -0.00495134067 0.0158000004
v 0.000707107072 -0.00494974803 0.0189999998
v 0.000541482453 -0.00497059297 0.020999999
v 0.000529625897 -0.00300366354 0.0158000004
v 0.000529625897 -0.00300366354 0.0189999998
v 0.000737860684 -0.00295940113 0.0158000004
v 0.000581968312 -0.00299396228 0.0189999998
v 0.000725000386 -0.00125573587 0.0189999998
v 0.000519633775 -0.00135369253 0.020999999
v 0.000746806149 -0.00124289226 0.0189999998
v 0.000746806149 -0.00124289226 0.020999999
v 0.000746806149 0.00124289322 0.0189999998
v 0.000746806149 0.00124289322 0.020999999
v 0.000519633775 0.00135369111 0.0189999998
v 0.000725000386 0.00125573683 0.020999999
v 0.000581968312 0.00299396325 0.0158000004
v 0.000737860684 0.00295940209 0.0189999998
v 0.000529625897 0.0030036645 0.0158000004
v 0.000529625897 0.0030036645 0.0189999998
v 0.000522642617 0.00497260857 0.0158000004
v 0.000707107072 0.00494974661 0.0189999998
v 0.000707107072 0.00494974661 0.020999999
v 0.000954044347 -0.00490813684 0.0158000004
v 0.000793080811 -0.00493670177 0.0189999998
v 0.000992982869 -0.00288383197 0.0158000004
v 0.000789397244 -0.00294607353 0.0189999998
v 0.000988898759 -0.0010604639 0.0189999998
v 0.000768383031 -0.00122966957 0.020999999
v 0.000768383031 0.00122967053 0.0189999998
v 0.000988898759 0.00106046248 0.020999999
v 0.000789397244 0.00294607449 0.0158000004
v 0.000992982869 0.00288383055 0.0189999998
v 0.000782173161 0.0049384408 0.0158000004
v 0.000964284425 0.00490613509 0.0189999998
v 0.00120960999 -0.00485147905 0.0158000004
v 0.00104946185 -0.00488862228 0.0189999998
v 0.00124054718 -0.00278631401 0.0158000004
v 0.00104316044 -0.00286606264 0.0189999998
v 0.00104304362 -0.00100725364 0.0189999998
v 0.00100725461 -0.00104304266 0.020999999
v 0.00122967053 -0.000768382068 0.0189999998
v 0.00106046248 -0.000988897796 0.020999999
v 0.00124289322 -0.000746805187 0.0189999998
v 0.00124289322 -0.000746805187 0.020999999
v 0.00124289322 0.000746806149 0.0189999998
v 0.00124289322 0.000746806149 0.020999999
v 0.00106046248 0.000988898759 0.0189999998
v 0.00122967053 0.000768383031 0.020999999
v 0.00100725461 0.00104304362 0.0189999998
v 0.00104304362 0.00100725461 0.020999999
v 0.00104316044 0.0028660636 0.0158000004
v 0.00124054718 0.00278631258 0.0189999998
v 0.00103955794 0.00489073801 0.0158000004
v 0.00121883679 0.00484916974 0.0189999998
v 0.00146185923 -0.00478152465 0.0158000004
v 0.00130298424 -0.00482723903 0.0189999998
v 0.00128898669 -0.00276423883 0.0158000004
v 0.00128898669 -0.00276423883 0.0189999998
v 0.00147867012 -0.00266759109 0.0158000004
v 0.0013370328 -0.00274132204 0.0189999998
v 0.00135369111 -0.000519632812 0.0189999998
v 0.00125573683 -0.000724999423 0.020999999
v 0.00142797041 -0.000251790996 0.0189999998
v 0.00136255312 -0.000495929237 0.020999999
v 0.00144977856 -2.53052666e-05 0.0189999998
v 0.00143214751 -0.000226830955 0.020999999
v 0.00143214751 0.000226829533 0.0189999998
v 0.00145000029 4.81354366e-10 0.020999999
v 0.00136255312 0.000495930199 0.0189999998
v 0.00142797041 0.000251789574 0.020999999
v 0.00125573683 0.000725000386 0.0189999998
v 0.00135369111 0.000519633775 0.020999999
v 0.0013370328 0.002741323 0.0158000004
v 0.00147867012 0.00266758967 0.0189999998
v 0.00128898669 0.00276423979 0.0158000004
v 0.00128898669 0.00276423979 0.0189999998
v 0.001294096 0.00482962895 0.0158000004
v 0.00147007275 0.00477900553 0.0189999998
v 0.001545084 -0.00475528192 0.0158000004
v 0.00155296135 -0.00475271654 0.0189999998
v 0.00171010066 -0.004698462 0.0158000004
v 0.00163538266 -0.00472498846 0.0189999998
v 0.00170553732 -0.00252856445 0.0158000004
v 0.00152499962 -0.00264137697 0.0189999998
v 0.00174940873 -0.00249841404 0.0158000004
v 0.00174940873 -0.00249841404 0.0189999998
v 0.00174940873 0.00249841261 0.0158000004
v 0.00174940873 0.00249841261 0.0189999998
v 0.00152499962 0.00264137793 0.0158000004
v 0.00170553732 0.00252856541 0.0189999998
v 0.00162784148 0.00472759295 0.0158000004
v 0.00171730805 0.00469583321 0.0189999998
v 0.001545084 0.00475528288 0.0158000004
v 0.00155296135 0.00475271512 0.0189999998
v 0.00195365477 -0.00460252475 0.0158000004
v 0.00179871369 -0.00466525745 0.0189999998
v 0.00196050215 -0.00233643484 0.0158000004
v 0.00179274607 -0.00246750068 0.0189999998
v 0.00179274607 0.00246750164 0.0158000004
v 0.00196050215 0.0023364358 0.0189999998
v 0.00179184008 0.00466790247 0.0158000004
v 0.00195986796 0.00459988165 0.0189999998
v 0.00211309243 -0.00453153801 0.0158000004
v 0.00203956891 -0.00456510257 0.0189999998
v 0.00219185639 -0.00449397039 0.0158000004
v 0.00219709444 -0.00449141216 0.0189999998
v 0.00204084921 -0.0022665925 0.0158000004
v 0.00200098086 -0.00230186414 0.0189999998
v 0.00223062802 -0.00208009433 0.0158000004
v 0.0020800953 -0.00223062944 0.0189999998
v 0.0020800953 0.00223062802 0.0158000004
v 0.00215667534 0.00215667534 0.0189999998
v 0.00200098086 0.00230186511 0.0158000004
v 0.00204084921 0.00226659108 0.0189999998
v 0.00219185639 0.00449397135 0.0158000004
v 0.00219709444 0.00449141074 0.0189999998
v 0.00203368235 0.00456772614 0.0158000004
v 0.00211865235 0.00452894259 0.0189999998
v 0.00242404747 -0.00437309932 0.0158000004
v 0.00227487135 -0.00445252132 0.0189999998
v 0.00230186511 -0.0020009799 0.0158000004
v 0.00226659108 -0.00204084825 0.0189999998
v 0.00246750164 -0.00179274511 0.0158000004
v 0.0023364358 -0.00196050119 0.0189999998
v 0.00249841261 -0.00174940776 0.0158000004
v 0.00249841261 -0.00174940776 0.0189999998
v 0.00249841261 0.00174940873 0.0158000004
v 0.00249841261 0.00174940873 0.0189999998
v 0.0023364358 0.00196050215 0.0158000004
v 0.00246750164 0.00179274607 0.0189999998
v 0.00226659108 0.00204084921 0.0158000004
v 0.00230186511 0.00200098086 0.0189999998
v 0.00226995278 0.00445503283 0.0158000004
v 0.00242834139 0.0043707161 0.0189999998
v 0.00257519055 -0.00428583574 0.0158000004
v 0.00250398446 -0.00432782363 0.0189999998
v 0.00272319603 -0.00419335317 0.0158000004
v 0.00265297938 -0.0042381258 0.0189999998
v 0.00264137793 -0.00152500104 0.0158000004
v 0.00252856541 -0.00170553875 0.0189999998
v 0.002741323 -0.00133703184 0.0158000004
v 0.00266758967 -0.00147866916 0.0189999998
v 0.00266758967 0.00147867012 0.0158000004
v 0.002741323 0.0013370328 0.0189999998
v 0.00252856541 0.00170553732 0.0158000004
v 0.00264137793 0.00152499962 0.0189999998
v 0.00264959622 0.00424024153 0.0158000004
v 0.00272628355 0.00419134665 0.0189999998
v 0.00250000048 0.00433012772 0.0158000004
v 0.00257887173 0.00428362179 0.0189999998
v 0.0029389267 -0.00404508543 0.0158000004
v 0.0027987628 -0.00414329958 0.0189999998
v 0.00276423979 -0.00128898572 0.0158000004
v 0.00276423979 -0.00128898572 0.0189999998
v 0.0028660636 -0.00104316186 0.0158000004
v 0.00278631258 -0.00124054622 0.0189999998
v 0.00294607449 -0.000789398666 0.0158000004
v 0.00288383055 -0.000992981906 0.0189999998
v 0.00299396325 -0.000581967349 0.0158000004
v 0.00295940209 -0.000737862106 0.0189999998
v 0.00295940209 0.000737860684 0.0158000004
v 0.00299396325 0.000581968312 0.0189999998
v 0.00288383055 0.000992982869 0.0158000004
v 0.00294607449 0.000789397244 0.0189999998
v 0.00278631258 0.00124054718 0.0158000004
v 0.0028660636 0.00104316044 0.0189999998
v 0.00276423979 0.00128898669 0.0158000004
v 0.00276423979 0.00128898669 0.0189999998
v 0.00279596377 0.00414518881 0.0158000004
v 0.00294116068 0.00404346037 0.0189999998
v 0.00321393776 -0.0038302226 0.0158000004
v 0.0030110364 -0.00399169874 0.0189999998
v 0.0030036645 -0.000529627319 0.0158000004
v 0.0030036645 -0.000529627319 0.0189999998
v 0.00303839493 -0.000265824313 0.0158000004
v 0.00301245022 -0.000477125163 0.0189999998
v 0.00304953623 -5.32288506e-05 0.0158000004
v 0.00304256964 -0.000212757106 0.0189999998
v 0.00304256964 0.000212758069 0.0158000004
v 0.00305000115 4.81354366e-10 0.0189999998
v 0.00301245022 0.000477126126 0.0158000004
v 0.00303839493 0.000265825276 0.0189999998
v 0.0030036645 0.000529625897 0.0158000004
v 0.0030036645 0.000529625897 0.0189999998
v 0.00300907422 0.0039931779 0.0158000004
v 0.00321511317 0.00382923651 0.0189999998
v 0.00328029442 -0.00377354812 0.0158000004
v 0.00328122187 -0.00377274227 0.0189999998
v 0.00347329188 -0.00359669876 0.0158000004
v 0.00334633637 -0.00371510696 0.0189999998
v 0.00334565211 0.00371572304 0.0158000004
v 0.00347351361 0.00359648514 0.0189999998
v 0.00328029442 0.00377354908 0.0158000004
v 0.00328122187 0.00377274323 0.0189999998
v 0.00353553343 -0.00353553485 0.0158000004
v 0.00353553343 -0.00353553485 0.0189999998
v 0.00371572304 -0.00334565353 0.0158000004
v 0.00359648514 -0.00347351265 0.0189999998
v 0.00359669972 0.00347329188 0.0158000004
v 0.00371510792 0.00334633637 0.0189999998
v 0.00353553343 0.00353553343 0.0158000004
v 0.00353553343 0.00353553343 0.0189999998
v 0.00377354908 -0.00328029584 0.0158000004
v 0.00377274323 -0.00328122091 0.0189999998
v 0.0039931779 -0.00300907564 0.0158000004
v 0.00382923651 -0.0032151122 0.0189999998
v 0.00383022118 0.00321393776 0.0158000004
v 0.0039916997 0.0030110364 0.0189999998
v 0.00377354908 0.00328029442 0.0158000004
v 0.00377274323 0.00328122187 0.0189999998
v 0.00414518881 -0.00279596519 0.0158000004
v 0.00404346037 -0.00294115972 0.0189999998
v 0.00424024153 -0.00264959526 0.0158000004
v 0.00419134665 -0.00272628259 0.0189999998
v 0.00419335175 0.00272319603 0.0158000004
v 0.00423812438 0.00265297938 0.0189999998
v 0.004045084 0.0029389267 0.0158000004
v 0.00414330054 0.0027987628 0.0189999998
v 0.0042858367 -0.00257518959 0.0158000004
v 0.00428362179 -0.00257887077 0.0189999998
v 0.00445503283 -0.00226995182 0.0158000004
v 0.0043707161 -0.00242834043 0.0189999998
v 0.00449397135 -0.00219185543 0.0158000004
v 0.00449141074 -0.00219709348 0.0189999998
v 0.00449397135 0.00219185639 0.0158000004
v 0.00449141074 0.00219709444 0.0189999998
v 0.0043730979 0.00242404747 0.0158000004
v 0.00445252228 0.00227487135 0.0189999998
v 0.0042858367 0.00257519055 0.0158000004
v 0.0043278246 0.00250398446 0.0189999998
v 0.00456772614 -0.00203368377 0.0158000004
v 0.00452894259 -0.00211865139 0.0189999998
v 0.00466790247 -0.00179183912 0.0158000004
v 0.00459988165 -0.001959867 0.0189999998
v 0.00472759295 -0.00162784051 0.0158000004
v 0.00469583321 -0.00171730709 0.0189999998
v 0.00469846297 0.00171010066 0.0158000004
v 0.00472498942 0.00163538266 0.0189999998
v 0.00460252333 0.00195365477 0.0158000004
v 0.00466525841 0.00179871369 0.0189999998
v 0.00453153897 0.00211309243 0.0158000004
v 0.00456510354 0.00203956891 0.0189999998
v 0.00475528288 -0.00154508543 0.0158000004
v 0.00475271512 -0.00155296278 0.0189999998
v 0.00482962895 -0.00129409503 0.0158000004
v 0.00477900553 -0.00147007179 0.0189999998
v 0.00489073801 -0.00103955936 0.0158000004
v 0.00484916974 -0.00121883821 0.0189999998
v 0.0049384408 -0.000782172199 0.0158000004
v 0.00490613509 -0.000964283462 0.0189999998
v 0.00497260857 -0.000522641654 0.0158000004
v 0.00494974661 -0.000707106109 0.0189999998
v 0.00494974661 -0.000707106109 0.020999999
v 0.00499314833 -0.000261680599 0.0158000004
v 0.00497893858 -0.000458433147 0.020999999
v 0.00499923754 -8.72631028e-05 0.0158000004
v 0.00499564696 -0.000208611007 0.020999999
v 0.00499695349 0.000174496655 0.0158000004
v 0.00499982644 4.17332694e-05 0.020999999
v 0.00498097468 0.000435779576 0.0158000004
v 0.00499146748 0.000291975026 0.020999999
v 0.00495133925 0.000695865636 0.0158000004
v 0.00494974661 0.000707107072 0.0189999998
v 0.00494974661 0.000707107072 0.020999999
v 0.00490813542 0.000954044347 0.0158000004
v 0.00493670273 0.000793080811 0.0189999998
v 0.00485147763 0.00120960999 0.0158000004
v 0.00488862324 0.00104946185 0.0189999998
v 0.00478152323 0.00146185923 0.0158000004
v 0.00482723761 0.00130298424 0.0189999998
v 0.00475528288 0.001545084 0.0158000004
v 0.00475271512 0.00155296135 0.0189999998
v 0.00500000048 4.81354366e-10 0.0158000004
v 0.00544003773 -0.0062525506 0.0189999998
v 0.00544003773 -0.0062525506 0.020999999
v 0.00545946169 -0.00600574207 0.0189999998
v 0.00545946169 -0.00600574207 0.020999999
v 0.0054968052 -0.00589413595 0.0189999998
v 0.0054968052 -0.00589413595 0.020999999
v 0.00546273995 0.0059930687 0.0189999998
v 0.00546273995 0.0059930687 0.020999999
v 0.00543901015 0.00623950291 0.0189999998
v 0.00543901015 0.00623950291 0.020999999
v 0.0054968052 0.00648023415 0.0189999998
v 0.0054968052 0.00648023415 0.020999999
v 0.00569514084 -0.00675321769 0.0189999998
v 0.00569514084 -0.00675321769 0.020999999
v 0.0056568532 -0.00671751451 0.0189999998
v 0.0056568532 -0.00671751451 0.020999999
v 0.00550202418 -0.00649223756 0.0189999998
v 0.00550202418 -0.00649223756 0.020999999
v 0.00557282019 -0.00575700235 0.0189999998
v 0.00557282019 -0.00575700235 0.020999999
v 0.00574634362 -0.0055804224 0.0189999998
v 0.00574634362 -0.0055804224 0.020999999
v 0.0056568532 0.0056568532 0.0189999998
v 0.0056568532 0.0056568532 0.020999999
v 0.00550202418 0.00588213253 0.0189999998
v 0.00550202418 0.00588213253 0.020999999
v 0.00550202418 0.00649223614 0.0189999998
v 0.00550202418 0.00649223614 0.020999999
v 0.00568533707 0.00674454499 0.0189999998
v 0.00568533707 0.00674454499 0.020999999
v 0.00574634362 0.00679394532 0.0189999998
v 0.00574634362 0.00679394532 0.020999999
v 0.00575700093 -0.00680154752 0.0189999998
v 0.00575700093 -0.00680154752 0.020999999
v 0.00588213253 -0.0055020256 0.0189999998
v 0.00588213253 -0.0055020256 0.020999999
v 0.0059930687 -0.00546273899 0.0189999998
v 0.0059930687 -0.00546273899 0.020999999
v 0.00589413453 0.0054968052 0.0189999998
v 0.00589413453 0.0054968052 0.020999999
v 0.00575700093 0.00557282019 0.0189999998
v 0.00575700093 0.00557282019 0.020999999
v 0.0059930687 0.00691162873 0.0189999998
v 0.0059930687 0.00691162873 0.020999999
v 0.00600574303 -0.00691490602 0.0189999998
v 0.00600574303 -0.00691490602 0.020999999
v 0.00623950291 -0.00543901157 0.0189999998
v 0.00623950291 -0.00543901157 0.020999999
v 0.00600574303 0.00545946169 0.0189999998
v 0.00600574303 0.00545946169 0.020999999
v 0.00623950291 0.00693535614 0.0189999998
v 0.00623950291 0.00693535614 0.020999999
v 0.00625254918 -0.00693432998 0.0189999998
v 0.00625254918 -0.00693432998 0.020999999
v 0.00649223614 -0.0055020256 0.0189999998
v 0.00649223614 -0.0055020256 0.020999999
v 0.00648023415 -0.00549680662 0.0189999998
v 0.00648023415 -0.00549680662 0.020999999
v 0.00625254918 0.00544003773 0.0189999998
v 0.00625254918 0.00544003773 0.020999999
v 0.00649223614 0.00550202418 0.0189999998
v 0.00649223614 0.00550202418 0.020999999
v 0.00649223614 0.00687234211 0.0189999998
v 0.00649223614 0.00687234211 0.020999999
v 0.00650414753 -0.00686691474 0.0189999998
v 0.00650414753 -0.00686691474 0.020999999
v 0.00668903161 -0.00674454402 0.0189999998
v 0.00668903161 -0.00674454402 0.020999999
v 0.00674454499 -0.00568533611 0.0189999998
v 0.00674454499 -0.00568533611 0.020999999
v 0.00650414753 0.00550745297 0.0189999998
v 0.00650414753 0.00550745297 0.020999999
v 0.00674454499 0.00668903161 0.0189999998
v 0.00674454499 0.00668903161 0.020999999
v 0.00667922783 0.00675321866 0.0189999998
v 0.00667922783 0.00675321866 0.020999999
v 0.00675321866 -0.00667922925 0.0189999998
v 0.00675321866 -0.00667922925 0.020999999
v 0.00687234211 -0.00649223756 0.0189999998
v 0.00687234211 -0.00649223756 0.020999999
v 0.00693535614 -0.00623950195 0.0189999998
v 0.00693535614 -0.00623950195 0.020999999
v 0.00691162873 -0.00599307012 0.0189999998
v 0.00691162873 -0.00599307012 0.020999999
v 0.00679394532 -0.00574634504 0.0189999998
v 0.00679394532 -0.00574634504 0.020999999
v 0.00675321866 0.00569514084 0.0189999998
v 0.00675321866 0.00569514084 0.020999999
v 0.0068015461 0.00575700093 0.0189999998
v 0.0068015461 0.00575700093 0.020999999
v 0.0069149046 0.00600574303 0.0189999998
v 0.0069149046 0.00600574303 0.020999999
v 0.00693433094 0.00625254918 0.0189999998
v 0.00693433094 0.00625254918 0.020999999
v 0.00686691571 0.00650414753 0.0189999998
v 0.00686691571 0.00650414753 0.020999999
v 0.00724581051 -0.00819912624 0.0189999998
v 0.00720677662 -0.00800726842 0.020999999
v 0.00720598031 -0.00799420309 0.0189999998
v 0.00723050881 -0.0077608366 0.020999999
v 0.00723400403 -0.00774822425 0.0189999998
v 0.00724581051 -0.00771077585 0.020999999
v 0.00723400403 0.00774822522 0.0189999998
v 0.00723400403 0.00774822522 0.020999999
v 0.00720598031 0.00799420166 0.0189999998
v 0.00720598031 0.00799420166 0.020999999
v 0.00724581051 0.0081991272 0.0189999998
v 0.00724581051 0.0081991272 0.020999999
v 0.00749320317 -0.00854595851 0.0189999998
v 0.00744345475 -0.00850346756 0.020999999
v 0.00742461968 -0.00848528099 0.0189999998
v 0.00742461968 -0.00848528099 0.020999999
v 0.00726457406 -0.00824799966 0.0189999998
v 0.00725018311 -0.00821146678 0.020999999
v 0.00725018311 -0.0076984353 0.0189999998
v 0.0073559742 -0.0075035901 0.020999999
v 0.00736394215 -0.00749320459 0.0189999998
v 0.00749320317 -0.00736394357 0.020999999
v 0.00742461968 0.00742461968 0.0189999998
v 0.00742461968 0.00742461968 0.020999999
v 0.00725018311 0.00769843388 0.0189999998
v 0.00725018311 0.00769843388 0.020999999
v 0.00726457406 0.00824799824 0.0189999998
v 0.00726457406 0.00824799824 0.020999999
v 0.00743395615 0.0084944563 0.0189999998
v 0.00743395615 0.0084944563 0.020999999
v 0.00749320317 0.00854595948 0.0189999998
v 0.00749320317 0.00854595948 0.020999999
v 0.00774822522 -0.00867589664 0.0189999998
v 0.00750358868 -0.00855392885 0.020999999
v 0.00750358868 -0.00735597562 0.0189999998
v 0.00769843388 -0.00725018215 0.020999999
v 0.00771077443 -0.00724581193 0.0189999998
v 0.00774822522 -0.00723400545 0.020999999
v 0.00771077443 0.00724581051 0.0189999998
v 0.00771077443 0.00724581051 0.020999999
v 0.00750358868 0.0073559742 0.0189999998
v 0.00750358868 0.0073559742 0.020999999
v 0.00774822522 0.0086758976 0.0189999998
v 0.00774822522 0.0086758976 0.020999999
v 0.00799420166 -0.00870392274 0.0189999998
v 0.00776083756 -0.00867939662 0.020999999
v 0.00776083756 -0.00723050785 0.0189999998
v 0.00799420166 -0.00720597934 0.020999999
v 0.00776083756 0.00723050881 0.0189999998
v 0.00776083756 0.00723050881 0.020999999
v 0.00799420166 0.00870392132 0.0189999998
v 0.00799420166 0.00870392132 0.020999999
v 0.00824799824 -0.00864532899 0.0189999998
v 0.008007267 -0.00870312404 0.020999999
v 0.00821146775 -0.00725018215 0.0189999998
v 0.00824799824 -0.00726457309 0.020999999
v 0.008007267 -0.00720677804 0.0189999998
v 0.0081991272 -0.00724581193 0.020999999
v 0.008007267 0.00720677662 0.0189999998
v 0.008007267 0.00720677662 0.020999999
v 0.00821146775 0.00725018311 0.0189999998
v 0.00821146775 0.00725018311 0.020999999
v 0.00824799824 0.00864532757 0.0189999998
v 0.00824799824 0.00864532757 0.020999999
v 0.00846645165 -0.00850346756 0.0189999998
v 0.008260005 -0.00864011001 0.020999999
v 0.0084944563 -0.00847594451 0.0189999998
v 0.00847594548 -0.00849445533 0.020999999
v 0.008260005 -0.00726979208 0.0189999998
v 0.0084944563 -0.00743395757 0.020999999
v 0.008260005 0.00726979065 0.0189999998
v 0.008260005 0.00726979065 0.020999999
v 0.0084944563 0.00847594548 0.0189999998
v 0.0084944563 0.00847594548 0.020999999
v 0.00846645165 0.00850346852 0.0189999998
v 0.00846645165 0.00850346852 0.020999999
v 0.00864011097 -0.00826000404 0.0189999998
v 0.00850346852 -0.00846645069 0.020999999
v 0.008703125 -0.00800726842 0.0189999998
v 0.00864532757 -0.00824799966 0.020999999
v 0.00867939759 -0.0077608366 0.0189999998
v 0.00870392132 -0.00799420309 0.020999999
v 0.00855392743 -0.0075035901 0.0189999998
v 0.0086758976 -0.00774822425 0.020999999
v 0.00850346852 -0.0074434514 0.0189999998
v 0.00854595948 -0.00749320459 0.020999999
v 0.00850346852 0.00744345475 0.0189999998
v 0.00850346852 0.00744345475 0.020999999
v 0.00855392743 0.00750358868 0.0189999998
v 0.00855392743 0.00750358868 0.020999999
v 0.00867939759 0.00776083756 0.0189999998
v 0.00867939759 0.00776083756 0.020999999
v 0.008703125 0.008007267 0.0189999998
v 0.008703125 0.008007267 0.020999999
v 0.00864011097 0.008260005 0.0189999998
v 0.00864011097 0.008260005 0.020999999
v 0.0089737444 -0.00976196956 0.0189999998
v 0.0089982729 -0.00991683197 0.020999999
v 0.0089982729 -0.00952860307 0.0189999998
v 0.00897317696 -0.0097488923 0.020999999
v 0.00897317696 0.00974889088 0.0189999998
v 0.0089982729 0.00952860165 0.020999999
v 0.0089982729 0.00991683293 0.0189999998
v 0.0089737444 0.00976197052 0.020999999
v 0.00919238854 -0.0102530475 0.0189999998
v 0.00919238854 -0.0102530475 0.020999999
v 0.00902733136 -0.0100036735 0.0189999998
v 0.00918321419 -0.010243711 0.020999999
v 0.00900177289 -0.00992944669 0.0189999998
v 0.00902253437 -0.00999149513 0.020999999
v 0.00900548745 -0.00950344038 0.0189999998
v 0.00900177289 -0.00951599073 0.020999999
v 0.00913986016 -0.0092507286 0.0189999998
v 0.00900942612 -0.00949095439 0.020999999
v 0.00924062539 -0.00914818477 0.0189999998
v 0.00914818573 -0.00924062681 0.020999999
v 0.00919238854 0.00919238854 0.0189999998
v 0.00919238854 0.00919238854 0.020999999
v 0.00900942612 0.00949095536 0.0189999998
v 0.00913986016 0.00925072957 0.020999999
v 0.00900177289 0.00951598931 0.0189999998
v 0.00900548745 0.00950343895 0.020999999
v 0.00902253437 0.00999149609 0.0189999998
v 0.00900177289 0.00992944527 0.020999999
v 0.00918321419 0.0102437143 0.0189999998
v 0.00902733136 0.0100036745 0.020999999
v 0.00924062539 0.0102972536 0.0189999998
v 0.00919238854 0.010253046 0.020999999
v 0.00948309231 -0.0137199206 0.0189999998
v 0.00936916638 -0.013611805 0.020999999
v 0.00925072957 -0.0103055782 0.0189999998
v 0.00949095536 -0.0104360099 0.020999999
v 0.00949095536 -0.00900942516 0.0189999998
v 0.00925072957 -0.0091398592 0.020999999
v 0.00925072957 0.00913986016 0.0189999998
v 0.00949095536 0.00900942612 0.020999999
v 0.00949095536 0.0104360085 0.0189999998
v 0.00925072957 0.0103055792 0.020999999
v 0.00936916638 0.0136118059 0.0189999998
v 0.00936916638 0.0136118059 0.020999999
v 0.00972712803 -0.0139175363 0.0189999998
v 0.0095223074 -0.0137546129 0.020999999
v 0.00950343895 -0.0104399462 0.0189999998
v 0.00974889088 -0.0104722614 0.020999999
v 0.00951598931 -0.00900177192 0.0189999998
v 0.00950343895 -0.00900548887 0.020999999
v 0.00974889088 -0.008973176 0.0189999998
v 0.00952860165 -0.00899827432 0.020999999
v 0.00952860165 0.0089982729 0.0189999998
v 0.00974889088 0.00897317696 0.020999999
v 0.00950343895 0.00900548745 0.0189999998
v 0.00951598931 0.00900177289 0.020999999
v 0.00974889088 0.0104722624 0.0189999998
v 0.00950343895 0.0104399471 0.020999999
v 0.0095223074 0.0137546139 0.0189999998
v 0.0095223074 0.0137546139 0.020999999
v 0.0099904852 -0.0140885611 0.0189999998
v 0.00985657025 -0.0140064974 0.020999999
v 0.00981290627 -0.0139775987 0.0189999998
v 0.00976975728 -0.0139479418 0.020999999
v 0.00976197052 -0.0104716892 0.0189999998
v 0.00999149609 -0.010422904 0.020999999
v 0.00999149609 -0.00902253341 0.0189999998
v 0.00992944527 -0.00900177192 0.020999999
v 0.00991683293 -0.00899827432 0.0189999998
v 0.00976197052 -0.00897374582 0.020999999
v 0.00976197052 0.0089737444 0.0189999998
v 0.00991683293 0.0089982729 0.020999999
v 0.00992944527 0.00900177289 0.0189999998
v 0.00999149609 0.00902253437 0.020999999
v 0.00999149609 0.010422905 0.0189999998
v 0.00976197052 0.0104716902 0.020999999
v 0.00976975728 0.0139479427 0.0189999998
v 0.00976975728 0.0139479427 0.020999999
v 0.00985657025 0.0140064983 0.0189999998
v 0.00985657025 0.0140064983 0.020999999
v 0.0102226286 -0.0142094083 0.0189999998
v 0.0100360565 -0.0141143436 0.020999999
v 0.0100036745 -0.010418107 0.0189999998
v 0.0102437143 -0.0102622242 0.020999999
v 0.0102437143 -0.00918321323 0.0189999998
v 0.0100036745 -0.00902733039 0.020999999
v 0.0100036745 0.00902733136 0.0189999998
v 0.0102437143 0.00918321419 0.020999999
v 0.0102437143 0.0102622252 0.0189999998
v 0.0100036745 0.010418108 0.020999999
v 0.0100360565 0.0141143446 0.0189999998
v 0.0100360565 0.0141143446 0.020999999
v 0.0104644232 -0.0143095632 0.0189999998
v 0.0103182917 -0.0142519994 0.020999999
v 0.0102702742 -0.0142311211 0.0189999998
v 0.0102702742 -0.0142311211 0.020999999
v 0.010253046 -0.0102530475 0.0189999998
v 0.010253046 -0.0102530475 0.020999999
v 0.0102622252 -0.010243711 0.0189999998
v 0.010418108 -0.0100036735 0.020999999
v 0.010422905 -0.00999149513 0.0189999998
v 0.0104716902 -0.00976196956 0.020999999
v 0.0104722624 -0.0097488923 0.0189999998
v 0.0104399471 -0.00950344038 0.020999999
v 0.0104360085 -0.00949095439 0.0189999998
v 0.0103055792 -0.0092507286 0.020999999
v 0.0102972536 -0.00924062681 0.0189999998
v 0.010253046 -0.00919238758 0.020999999
v 0.010253046 0.00919238854 0.0189999998
v 0.0102972536 0.00924062539 0.020999999
v 0.0103055792 0.00925072957 0.0189999998
v 0.0104360085 0.00949095536 0.020999999
v 0.0104399471 0.00950343895 0.0189999998
v 0.0104722624 0.00974889088 0.020999999
v 0.0104716902 0.00976197052 0.0189999998
v 0.010422905 0.00999149609 0.020999999
v 0.010418108 0.0100036745 0.0189999998
v 0.0102622252 0.0102437143 0.020999999
v 0.010253046 0.010253046 0.0189999998
v 0.010253046 0.010253046 0.020999999
v 0.0102702742 0.014231122 0.0189999998
v 0.0102702742 0.014231122 0.020999999
v 0.0103182917 0.014251998 0.0189999998
v 0.0103182917 0.014251998 0.020999999
v 0.0107140284 -0.0143882627 0.0189999998
v 0.0105137806 -0.0143270404 0.020999999
v 0.0107405977 -0.0115035744 0.0189999998
v 0.0107497196 -0.011607811 0.020999999
v 0.0107497196 -0.0113731594 0.0189999998
v 0.0107404833 -0.0114904852 0.020999999
v 0.0107404833 0.0114904861 0.0189999998
v 0.0107404833 0.0114904861 0.020999999
v 0.0107497196 0.0116078119 0.0189999998
v 0.0107497196 0.0116078119 0.020999999
v 0.0105137806 0.0143270426 0.0189999998
v 0.0105137806 0.0143270426 0.020999999
v 0.0109695416 -0.0144449086 0.0189999998
v 0.0107647209 -0.0144013722 0.020999999
v 0.0109601574 -0.0120208163 0.0189999998
v 0.0109601574 -0.0120208163 0.020999999
v 0.0107902985 -0.0117592616 0.0189999998
v 0.0109331255 -0.0119923325 0.020999999
v 0.0107518797 -0.0116207213 0.0189999998
v 0.0107857161 -0.0117469997 0.020999999
v 0.010777195 -0.0112587233 0.0189999998
v 0.0107518797 -0.011360249 0.020999999
v 0.0109159498 -0.0110083957 0.0189999998
v 0.0107813482 -0.0112463088 0.020999999
v 0.0109984427 -0.0109244533 0.0189999998
v 0.0109244518 -0.0109984417 0.020999999
v 0.0109601574 0.0109601574 0.0189999998
v 0.0109601574 0.0109601574 0.020999999
v 0.0107813482 0.0112463074 0.0189999998
v 0.0107813482 0.0112463074 0.020999999
v 0.0107518797 0.0113602476 0.0189999998
v 0.0107518797 0.0113602476 0.020999999
v 0.0107857161 0.0117470007 0.0189999998
v 0.0107857161 0.0117470007 0.020999999
v 0.0109331255 0.0119923334 0.0189999998
v 0.0109331255 0.0119923334 0.020999999
v 0.0109984427 0.0120565157 0.0189999998
v 0.0109984427 0.0120565157 0.020999999
v 0.0107647209 0.014401372 0.0189999998
v 0.0107647209 0.014401372 0.020999999
v 0.0112290173 -0.0144790692 0.0189999998
v 0.011021183 -0.0144535501 0.020999999
v 0.0110083942 -0.0120650191 0.0189999998
v 0.0112463074 -0.0121996231 0.020999999
v 0.0112463074 -0.0107813473 0.0189999998
v 0.0110083942 -0.0109159512 0.020999999
v 0.0110083942 0.0109159498 0.0189999998
v 0.0110083942 0.0109159498 0.020999999
v 0.0112463074 0.0121996241 0.0189999998
v 0.0112463074 0.0121996241 0.020999999
v 0.011021183 0.0144535523 0.0189999998
v 0.011021183 0.0144535523 0.020999999
v 0.0114904861 -0.0144904847 0.0189999998
v 0.0112812166 -0.0144831772 0.020999999
v 0.0112587242 -0.0122037787 0.0189999998
v 0.0114904861 -0.0122404857 0.020999999
v 0.0113602476 -0.0107518787 0.0189999998
v 0.0112587242 -0.0107771916 0.020999999
v 0.0114904861 -0.0107404847 0.0189999998
v 0.0113731604 -0.0107497187 0.020999999
v 0.0113731604 0.0107497196 0.0189999998
v 0.0113731604 0.0107497196 0.020999999
v 0.0112587242 0.010777195 0.0189999998
v 0.0112587242 0.010777195 0.020999999
v 0.0114904861 0.0122404842 0.0189999998
v 0.0114904861 0.0122404842 0.020999999
v 0.0112812166 0.0144831781 0.0189999998
v 0.0112812166 0.0144831781 0.020999999
v 0.0116997557 -0.0144831772 0.0189999998
v 0.0115428429 -0.0144900281 0.020999999
v 0.0115035753 -0.0122403712 0.0189999998
v 0.0117470007 -0.0121952553 0.020999999
v 0.0117470007 -0.0107857151 0.0189999998
v 0.0116207199 -0.0107518787 0.020999999
v 0.0116078119 -0.0107497187 0.0189999998
v 0.0115035753 -0.0107405992 0.020999999
v 0.0115035753 0.0107405977 0.0189999998
v 0.0115035753 0.0107405977 0.020999999
v 0.0116207199 0.0107518797 0.0189999998
v 0.0116207199 0.0107518797 0.020999999
v 0.0117470007 0.0121952562 0.0189999998
v 0.0117470007 0.0121952562 0.020999999
v 0.0115428429 0.0144900303 0.0189999998
v 0.0115428429 0.0144900303 0.020999999
v 0.0119597893 -0.0144535501 0.0189999998
v 0.0117519503 -0.0144790692 0.020999999
v 0.0117592602 -0.0121906705 0.0189999998
v 0.0119923334 -0.0120478435 0.020999999
v 0.0119923334 -0.0109331269 0.0189999998
v 0.0117592602 -0.0107902999 0.020999999
v 0.0117592602 0.0107902985 0.0189999998
v 0.0117592602 0.0107902985 0.020999999
v 0.0119923334 0.012047842 0.0189999998
v 0.0119923334 0.012047842 0.020999999
v 0.0117519503 0.0144790678 0.0189999998
v 0.0117519503 0.0144790678 0.020999999
v 0.0122162514 -0.0144013722 0.0189999998
v 0.0120114307 -0.0144449086 0.020999999
v 0.0120019846 -0.0120390005 0.0189999998
v 0.0120390015 -0.0120019836 0.020999999
v 0.012047842 -0.0119923325 0.0189999998
v 0.0121906691 -0.0117592616 0.020999999
v 0.0121952562 -0.0117469997 0.0189999998
v 0.0122403698 -0.0115035744 0.020999999
v 0.0122404842 -0.0114904852 0.0189999998
v 0.0122037773 -0.0112587233 0.020999999
v 0.0121996241 -0.0112463088 0.0189999998
v 0.0120650177 -0.0110083957 0.020999999
v 0.0120565157 -0.0109984417 0.0189999998
v 0.0120019846 -0.0109419699 0.020999999
v 0.0120019846 0.0109419708 0.0189999998
v 0.0120019846 0.0109419708 0.020999999
v 0.0120650177 0.0110083942 0.0189999998
v 0.0120650177 0.0110083942 0.020999999
v 0.0122037773 0.0112587242 0.0189999998
v 0.0122037773 0.0112587242 0.020999999
v 0.0122403698 0.0115035753 0.0189999998
v 0.0122403698 0.0115035753 0.020999999
v 0.0121906691 0.0117592602 0.0189999998
v 0.0121906691 0.0117592602 0.020999999
v 0.0120390015 0.0120019846 0.0189999998
v 0.0120390015 0.0120019846 0.020999999
v 0.0120114307 0.0144449072 0.0189999998
v 0.0120114307 0.0144449072 0.020999999
v 0.0124671917 -0.0143270404 0.0189999998
v 0.0122669439 -0.0143882627 0.020999999
v 0.0122669439 0.0143882637 0.0189999998
v 0.0122669439 0.0143882637 0.020999999
v 0.0126626806 -0.0142519994 0.0189999998
v 0.0125165443 -0.0143095632 0.020999999
v 0.0127106934 -0.0142311211 0.0189999998
v 0.0127106934 -0.0142311211 0.020999999
v 0.0127106934 0.014231122 0.0189999998
v 0.0127106934 0.014231122 0.020999999
v 0.0125165443 0.0143095617 0.0189999998
v 0.0125165443 0.0143095617 0.020999999
v 0.0129904871 -0.0140885611 0.0189999998
v 0.0127583389 -0.0142094083 0.020999999
v 0.0127583389 0.0142094069 0.0189999998
v 0.0127583389 0.0142094069 0.020999999
v 0.0131244021 -0.0140064974 0.0189999998
v 0.0130356007 -0.0140619869 0.020999999
v 0.013211215 -0.0139479418 0.0189999998
v 0.013168066 -0.0139775987 0.020999999
v 0.013168066 0.0139775972 0.0189999998
v 0.013168066 0.0139775972 0.020999999
v 0.0130356007 0.0140619879 0.0189999998
v 0.0130356007 0.0140619879 0.020999999
v 0.0134586601 -0.0137546129 0.0189999998
v 0.0132538395 -0.0139175363 0.020999999
v 0.0134978752 -0.0137199206 0.0189999998
v 0.0134978752 -0.0137199206 0.020999999
v 0.0134978752 0.0137199192 0.0189999998
v 0.0134978752 0.0137199192 0.020999999
v 0.0132538395 0.0139175348 0.0189999998
v 0.0132538395 0.0139175348 0.020999999
v 0.0136845474 -0.0135364814 0.0189999998
v 0.01353648 -0.0136845465 0.020999999
v 0.0137199192 -0.0134978766 0.0189999998
v 0.0137199192 -0.0134978766 0.020999999
v 0.0136118059 -0.00936916542 0.0189999998
v 0.0137199192 -0.00948309373 0.020999999
v 0.0137199192 0.00948309231 0.0189999998
v 0.0137199192 0.00948309231 0.020999999
v 0.0137199192 0.0134978752 0.0189999998
v 0.0137199192 0.0134978752 0.020999999
v 0.01353648 0.0136845474 0.0189999998
v 0.01353648 0.0136845474 0.020999999
v 0.0139175348 -0.0132538409 0.0189999998
v 0.0137546139 -0.0134586616 0.020999999
v 0.0139775972 -0.0131680651 0.0189999998
v 0.0139479427 -0.0132112141 0.020999999
v 0.0139479427 -0.00976975631 0.0189999998
v 0.0139775972 -0.00981290531 0.020999999
v 0.0137546139 -0.00952230882 0.0189999998
v 0.0139175348 -0.00972712945 0.020999999
v 0.0139175348 0.00972712803 0.0189999998
v 0.0139175348 0.00972712803 0.020999999
v 0.0139775972 0.00981290627 0.0189999998
v 0.0139775972 0.00981290627 0.020999999
v 0.0139479427 0.013211215 0.0189999998
v 0.0139479427 0.013211215 0.020999999
v 0.0137546139 0.0134586601 0.0189999998
v 0.0137546139 0.0134586601 0.020999999
v 0.0140619879 -0.0130355997 0.0189999998
v 0.0140064983 -0.0131244035 0.020999999
v 0.0142094069 -0.0127583404 0.0189999998
v 0.014088562 -0.0129904861 0.020999999
v 0.014231122 -0.0127106948 0.0189999998
v 0.014231122 -0.0127106948 0.020999999
v 0.014231122 -0.0102702756 0.0189999998
v 0.014231122 -0.0102702756 0.020999999
v 0.0141143446 -0.0100360556 0.0189999998
v 0.0142094069 -0.01022263 0.020999999
v 0.0140064983 -0.0098565669 0.0189999998
v 0.014088562 -0.00999048423 0.020999999
v 0.014088562 0.0099904852 0.0189999998
v 0.014088562 0.0099904852 0.020999999
v 0.0142094069 0.0102226286 0.0189999998
v 0.0142094069 0.0102226286 0.020999999
v 0.014231122 0.0102702742 0.0189999998
v 0.014231122 0.0102702742 0.020999999
v 0.014231122 0.0127106934 0.0189999998
v 0.014231122 0.0127106934 0.020999999
v 0.014088562 0.0129904871 0.0189999998
v 0.014088562 0.0129904871 0.020999999
v 0.0140064983 0.0131244021 0.0189999998
v 0.0140064983 0.0131244021 0.020999999
v 0.0143095617 -0.0125165458 0.0189999998
v 0.014251998 -0.0126626797 0.020999999
v 0.0143882637 -0.012266943 0.0189999998
v 0.0143270426 -0.0124671907 0.020999999
v 0.0144449072 -0.0120114298 0.0189999998
v 0.014401372 -0.0122162504 0.020999999
v 0.0144790678 -0.0117519517 0.0189999998
v 0.0144535523 -0.0119597883 0.020999999
v 0.0144900303 -0.0115428419 0.0189999998
v 0.0144831781 -0.0116997547 0.020999999
v 0.0144831781 -0.0112812157 0.0189999998
v 0.0144904833 -0.0114904852 0.020999999
v 0.0144535523 -0.0110211821 0.0189999998
v 0.0144790678 -0.0112290187 0.020999999
v 0.014401372 -0.01076472 0.0189999998
v 0.0144449072 -0.0109695406 0.020999999
v 0.0143270426 -0.0105137796 0.0189999998
v 0.0143882637 -0.0107140274 0.020999999
v 0.014251998 -0.0103182907 0.0189999998
v 0.0143095617 -0.0104644246 0.020999999
v 0.0143095617 0.0104644232 0.0189999998
v 0.0143095617 0.0104644232 0.020999999
v 0.0143882637 0.0107140284 0.0189999998
v 0.0143882637 0.0107140284 0.020999999
v 0.0144449072 0.0109695416 0.0189999998
v 0.0144449072 0.0109695416 0.020999999
v 0.0144790678 0.0112290173 0.0189999998
v 0.0144790678 0.0112290173 0.020999999
v 0.0144904833 0.0114904861 0.0189999998
v 0.0144904833 0.0114904861 0.020999999
v 0.0144831781 0.0116997557 0.0189999998
v 0.0144831781 0.0116997557 0.020999999
v 0.0144535523 0.0119597893 0.0189999998
v 0.0144535523 0.0119597893 0.020999999
v 0.014401372 0.0122162514 0.0189999998
v 0.014401372 0.0122162514 0.020999999
v 0.0143270426 0.0124671917 0.0189999998
v 0.0143270426 0.0124671917 0.020999999
v 0.014251998 0.0126626806 0.0189999998
v 0.014251998 0.0126626806 0.020999999
f 2 3 1
f 2 1 46
f 3 135 1
f 46 1 45
f 1 135 45
f 4 3 2
f 132 4 2
f 130 2 46
f 132 2 130
f 4 5 3
f 5 135 3
f 6 5 4
f 4 86 6
f 575 86 4
f 4 132 134
f 4 134 136
f 136 138 4
f 138 264 4
f 264 398 4
f 4 398 494
f 4 494 796
f 4 798 575
f 796 798 4
f 6 7 5
f 7 135 5
f 8 7 6
f 6 86 8
f 8 9 7
f 9 137 7
f 7 137 135
f 10 9 8
f 8 86 10
f 10 11 9
f 137 9 11
f 12 11 10
f 10 86 12
f 12 13 11
f 157 11 13
f 137 11 157
f 14 13 12
f 12 86 14
f 14 15 13
f 157 13 15
f 16 15 14
f 14 86 16
f 16 17 15
f 15 17 85
f 85 157 15
f 18 17 16
f 16 86 18
f 18 19 17
f 85 17 19
f 20 19 18
f 18 86 20
f 20 47 19
f 19 47 85
f 48 47 20
f 20 86 48
f 21 22 23
f 21 58 22
f 247 21 23
f 57 58 21
f 279 57 21
f 279 21 247
f 23 22 24
f 22 280 24
f 58 278 22
f 22 278 280
f 23 24 25
f 235 23 25
f 247 23 235
f 25 24 26
f 24 248 26
f 24 280 248
f 25 26 27
f 207 25 27
f 235 25 207
f 27 26 28
f 26 236 28
f 26 248 236
f 27 28 29
f 195 27 29
f 207 27 195
f 29 28 30
f 28 208 30
f 28 236 208
f 29 30 31
f 179 29 31
f 195 29 179
f 31 30 32
f 30 196 32
f 30 208 196
f 31 32 33
f 163 31 33
f 179 31 163
f 33 32 34
f 32 180 34
f 32 196 180
f 33 34 35
f 151 33 35
f 163 33 151
f 35 34 36
f 34 164 36
f 34 180 164
f 35 36 37
f 123 35 37
f 151 35 123
f 37 36 38
f 36 152 38
f 36 164 152
f 37 38 39
f 119 37 39
f 123 37 119
f 39 38 40
f 38 124 40
f 38 152 124
f 39 40 59
f 117 39 59
f 119 39 117
f 59 40 60
f 40 120 60
f 40 124 120
f 42 43 41
f 42 41 68
f 43 133 41
f 68 41 67
f 41 131 67
f 41 133 131
f 44 43 42
f 130 44 42
f 130 42 68
f 44 45 43
f 45 133 43
f 46 45 44
f 130 46 44
f 45 135 133
f 48 49 47
f 85 47 49
f 50 49 48
f 48 86 50
f 50 51 49
f 49 51 85
f 52 51 50
f 50 86 52
f 52 69 51
f 85 51 69
f 70 69 52
f 52 86 70
f 53 54 55
f 53 76 54
f 291 53 55
f 75 76 53
f 145 75 53
f 145 53 147
f 147 53 149
f 149 53 311
f 311 53 291
f 55 54 56
f 54 312 56
f 76 146 54
f 54 146 148
f 54 148 150
f 54 150 312
f 55 56 57
f 277 55 57
f 291 55 277
f 57 56 58
f 56 292 58
f 56 312 292
f 277 57 279
f 58 292 278
f 59 60 61
f 111 59 61
f 117 59 111
f 61 60 62
f 60 118 62
f 60 120 118
f 61 62 63
f 107 61 63
f 111 61 107
f 63 62 64
f 62 112 64
f 62 118 112
f 63 64 77
f 105 63 77
f 107 63 105
f 77 64 78
f 64 108 78
f 64 112 108
f 66 67 65
f 66 65 84
f 67 131 65
f 84 65 83
f 65 129 83
f 65 131 129
f 68 67 66
f 130 68 66
f 130 66 84
f 70 71 69
f 69 71 85
f 72 71 70
f 70 86 72
f 72 85 71
f 86 85 72
f 73 74 75
f 73 88 74
f 143 73 75
f 87 88 73
f 141 87 73
f 141 73 143
f 75 74 76
f 74 144 76
f 88 142 74
f 142 144 74
f 143 75 145
f 144 146 76
f 77 78 79
f 99 77 79
f 105 77 99
f 79 78 80
f 78 106 80
f 78 108 106
f 79 80 89
f 97 79 89
f 99 79 97
f 89 80 90
f 80 100 90
f 80 106 100
f 82 83 81
f 82 81 96
f 83 129 81
f 96 81 95
f 81 155 95
f 129 127 81
f 81 127 155
f 84 83 82
f 130 84 82
f 96 156 82
f 130 82 128
f 82 156 128
f 86 574 85
f 261 157 85
f 85 263 261
f 85 285 263
f 381 285 85
f 85 397 381
f 570 397 85
f 570 85 572
f 572 85 574
f 575 574 86
f 87 586 88
f 139 87 141
f 139 585 87
f 585 586 87
f 88 140 142
f 586 140 88
f 89 90 91
f 97 89 91
f 91 90 92
f 90 98 92
f 90 100 98
f 91 92 97
f 97 92 98
f 94 95 93
f 94 93 104
f 95 155 93
f 104 93 103
f 93 167 103
f 93 155 167
f 96 95 94
f 94 156 96
f 104 156 94
f 97 98 99
f 99 98 100
f 99 100 105
f 105 100 106
f 102 103 101
f 102 101 110
f 103 167 101
f 110 101 109
f 101 183 109
f 167 183 101
f 104 103 102
f 102 156 104
f 110 156 102
f 105 106 107
f 107 106 108
f 107 108 111
f 111 108 112
f 110 109 116
f 116 109 115
f 109 183 115
f 116 156 110
f 111 112 117
f 117 112 118
f 114 115 113
f 114 113 122
f 115 199 113
f 122 113 121
f 113 199 121
f 116 115 114
f 114 156 116
f 122 168 114
f 114 168 156
f 183 199 115
f 117 118 119
f 119 118 120
f 119 120 123
f 123 120 124
f 122 121 126
f 126 121 125
f 121 199 125
f 126 168 122
f 123 124 151
f 151 124 152
f 126 125 154
f 154 125 153
f 125 199 153
f 154 168 126
f 127 130 128
f 127 128 155
f 129 130 127
f 155 128 156
f 129 132 130
f 131 132 129
f 131 134 132
f 133 134 131
f 133 136 134
f 135 136 133
f 135 138 136
f 137 138 135
f 137 158 138
f 157 158 137
f 158 264 138
f 139 142 140
f 139 140 159
f 141 142 139
f 585 139 159
f 159 140 160
f 160 140 586
f 141 144 142
f 143 144 141
f 143 146 144
f 145 146 143
f 145 148 146
f 147 148 145
f 147 150 148
f 149 150 147
f 149 162 150
f 161 162 149
f 149 311 161
f 312 150 162
f 151 152 163
f 163 152 164
f 154 153 166
f 166 153 165
f 153 211 165
f 153 199 211
f 166 168 154
f 155 156 167
f 167 156 168
f 157 170 158
f 169 170 157
f 261 169 157
f 170 262 158
f 158 262 264
f 159 160 175
f 585 159 175
f 175 160 176
f 586 176 160
f 161 178 162
f 177 178 161
f 161 311 177
f 312 162 178
f 163 164 179
f 179 164 180
f 166 165 182
f 182 165 181
f 165 211 181
f 166 184 168
f 182 184 166
f 167 168 183
f 183 168 184
f 169 172 170
f 171 172 169
f 259 171 169
f 259 169 261
f 172 260 170
f 170 260 262
f 171 188 172
f 187 188 171
f 259 187 171
f 188 260 172
f 173 176 174
f 173 174 189
f 175 176 173
f 585 175 173
f 585 173 189
f 174 176 586
f 189 174 190
f 190 174 586
f 177 194 178
f 193 194 177
f 177 311 193
f 310 178 194
f 312 178 310
f 179 180 195
f 195 180 196
f 182 181 198
f 198 181 197
f 181 213 197
f 181 211 213
f 198 184 182
f 183 184 199
f 210 184 198
f 199 184 200
f 238 200 184
f 238 184 210
f 185 186 187
f 185 202 186
f 257 185 187
f 201 202 185
f 257 201 185
f 187 186 188
f 186 258 188
f 202 258 186
f 257 187 259
f 188 258 260
f 189 190 191
f 585 189 191
f 191 190 192
f 586 192 190
f 191 192 203
f 267 191 203
f 585 191 267
f 203 192 204
f 268 204 192
f 268 192 586
f 193 206 194
f 205 206 193
f 193 311 205
f 194 206 328
f 310 194 328
f 195 196 207
f 207 196 208
f 198 197 210
f 210 197 209
f 197 213 209
f 199 200 211
f 211 200 212
f 314 212 200
f 250 200 238
f 252 200 250
f 282 200 252
f 294 200 282
f 296 200 294
f 314 200 296
f 201 222 202
f 221 222 201
f 255 221 201
f 255 201 257
f 222 256 202
f 202 256 258
f 203 204 223
f 267 203 223
f 223 204 224
f 268 224 204
f 205 234 206
f 233 234 205
f 205 311 233
f 340 206 234
f 328 206 340
f 207 208 235
f 235 208 236
f 210 209 238
f 209 213 329
f 238 209 237
f 209 329 237
f 211 212 213
f 213 212 214
f 342 214 212
f 330 212 314
f 817 212 330
f 842 342 212
f 842 212 817
f 213 214 215
f 331 213 215
f 213 331 329
f 215 214 216
f 332 216 214
f 332 214 342
f 215 216 239
f 315 215 239
f 331 215 315
f 239 216 240
f 316 240 216
f 316 216 332
f 217 218 219
f 217 242 218
f 297 217 219
f 241 242 217
f 297 241 217
f 219 218 220
f 298 220 218
f 298 218 242
f 219 220 221
f 283 219 221
f 297 219 283
f 221 220 222
f 284 222 220
f 284 220 298
f 253 221 255
f 283 221 253
f 256 222 254
f 254 222 284
f 223 224 225
f 289 223 225
f 267 223 269
f 269 223 271
f 271 223 273
f 273 223 275
f 275 223 289
f 225 224 226
f 338 226 224
f 270 224 268
f 272 224 270
f 274 224 272
f 276 224 274
f 290 224 276
f 308 224 290
f 326 224 308
f 338 224 326
f 225 226 227
f 307 225 227
f 289 225 307
f 227 226 228
f 338 228 226
f 227 228 243
f 307 227 243
f 243 228 244
f 836 244 228
f 836 228 338
f 229 230 231
f 229 246 230
f 337 229 231
f 245 246 229
f 325 245 229
f 325 229 337
f 231 230 232
f 836 232 230
f 230 246 836
f 231 232 233
f 233 311 231
f 231 311 339
f 231 339 337
f 233 232 234
f 234 232 836
f 340 234 836
f 235 236 247
f 247 236 248
f 238 237 250
f 250 237 249
f 237 329 249
f 239 240 241
f 315 239 241
f 241 240 242
f 316 242 240
f 315 241 297
f 298 242 316
f 243 244 245
f 325 243 245
f 307 243 325
f 245 244 246
f 246 244 836
f 247 248 279
f 279 248 280
f 250 249 252
f 252 249 251
f 249 329 251
f 252 251 282
f 282 251 281
f 251 329 281
f 253 256 254
f 253 254 283
f 255 256 253
f 283 254 284
f 255 258 256
f 257 258 255
f 257 260 258
f 259 260 257
f 259 262 260
f 261 262 259
f 261 264 262
f 263 264 261
f 263 286 264
f 285 286 263
f 286 398 264
f 265 268 266
f 265 266 287
f 267 268 265
f 267 265 585
f 585 265 287
f 266 268 586
f 287 266 288
f 288 266 586
f 267 270 268
f 269 270 267
f 269 272 270
f 271 272 269
f 271 274 272
f 273 274 271
f 273 276 274
f 275 276 273
f 275 290 276
f 289 290 275
f 277 280 278
f 277 278 291
f 279 280 277
f 291 278 292
f 282 281 294
f 294 281 293
f 281 329 293
f 283 284 297
f 297 284 298
f 285 300 286
f 299 300 285
f 379 299 285
f 379 285 381
f 300 380 286
f 286 380 382
f 286 382 398
f 287 288 305
f 287 305 585
f 305 288 306
f 306 288 586
f 289 308 290
f 307 308 289
f 291 292 311
f 311 292 312
f 294 293 296
f 296 293 295
f 293 329 295
f 296 295 314
f 314 295 313
f 295 329 313
f 297 298 315
f 315 298 316
f 299 302 300
f 301 302 299
f 379 301 299
f 302 378 300
f 300 378 380
f 301 320 302
f 319 320 301
f 377 319 301
f 377 301 379
f 320 378 302
f 303 306 304
f 303 304 321
f 305 306 303
f 305 303 585
f 585 303 321
f 304 306 586
f 321 304 322
f 586 322 304
f 307 326 308
f 325 326 307
f 309 312 310
f 309 310 327
f 311 312 309
f 311 309 339
f 339 309 327
f 327 310 328
f 314 313 330
f 330 313 329
f 315 316 331
f 331 316 332
f 317 318 319
f 317 334 318
f 375 317 319
f 333 334 317
f 375 333 317
f 319 318 320
f 318 376 320
f 334 376 318
f 375 319 377
f 320 376 378
f 321 322 323
f 585 321 323
f 323 322 324
f 586 324 322
f 323 324 335
f 323 335 585
f 335 324 336
f 336 324 586
f 325 338 326
f 337 338 325
f 327 328 339
f 339 328 340
f 329 817 330
f 329 331 341
f 329 341 343
f 329 343 437
f 329 437 439
f 329 439 784
f 329 784 804
f 329 804 816
f 816 817 329
f 331 332 341
f 341 332 342
f 333 352 334
f 351 352 333
f 373 351 333
f 373 333 375
f 352 374 334
f 334 374 376
f 335 336 353
f 385 335 353
f 585 335 385
f 353 336 354
f 386 354 336
f 386 336 586
f 337 364 338
f 363 337 339
f 363 364 337
f 836 338 364
f 340 835 339
f 361 363 339
f 455 361 339
f 455 339 453
f 453 339 835
f 836 835 340
f 341 342 343
f 343 342 344
f 440 344 342
f 440 342 842
f 343 344 345
f 425 343 345
f 437 343 425
f 345 344 346
f 426 346 344
f 426 344 438
f 438 344 440
f 345 346 365
f 417 345 365
f 425 345 417
f 365 346 366
f 426 366 346
f 347 348 349
f 347 368 348
f 405 347 349
f 367 368 347
f 405 367 347
f 349 348 350
f 406 350 348
f 406 348 368
f 349 350 351
f 393 349 351
f 405 349 393
f 351 350 352
f 394 352 350
f 394 350 406
f 395 351 373
f 393 351 395
f 352 396 374
f 396 352 394
f 353 354 355
f 403 353 355
f 385 353 387
f 387 353 389
f 389 353 391
f 391 353 401
f 401 353 403
f 355 354 356
f 436 356 354
f 388 354 386
f 390 354 388
f 392 354 390
f 402 354 392
f 404 354 402
f 416 354 404
f 424 354 416
f 436 354 424
f 355 356 357
f 415 355 357
f 403 355 415
f 357 356 358
f 358 356 836
f 836 356 436
f 357 358 369
f 415 357 369
f 369 358 370
f 836 370 358
f 359 360 361
f 359 372 360
f 435 359 361
f 371 372 359
f 435 371 359
f 361 360 362
f 362 360 836
f 360 372 836
f 361 362 363
f 435 361 455
f 363 362 364
f 836 364 362
f 365 366 367
f 417 365 367
f 367 366 368
f 418 368 366
f 418 366 426
f 417 367 405
f 406 368 418
f 369 370 371
f 423 369 371
f 415 369 423
f 371 370 372
f 836 372 370
f 423 371 435
f 373 376 374
f 373 374 395
f 375 376 373
f 395 374 396
f 375 378 376
f 377 378 375
f 377 380 378
f 379 380 377
f 379 382 380
f 381 382 379
f 381 398 382
f 397 398 381
f 383 386 384
f 383 384 399
f 385 386 383
f 385 383 585
f 383 399 585
f 586 384 386
f 399 384 400
f 586 400 384
f 385 388 386
f 387 388 385
f 387 390 388
f 389 390 387
f 389 392 390
f 391 392 389
f 391 402 392
f 401 402 391
f 393 396 394
f 393 394 405
f 395 396 393
f 405 394 406
f 397 408 398
f 407 408 397
f 475 407 397
f 475 397 477
f 477 397 568
f 568 397 570
f 476 398 408
f 478 398 476
f 494 398 478
f 399 400 413
f 585 399 413
f 413 400 414
f 414 400 586
f 401 404 402
f 403 404 401
f 403 416 404
f 415 416 403
f 405 406 417
f 417 406 418
f 407 410 408
f 409 410 407
f 475 409 407
f 476 408 410
f 409 420 410
f 419 420 409
f 473 419 409
f 473 409 475
f 474 410 420
f 476 410 474
f 411 414 412
f 411 412 421
f 413 414 411
f 585 413 411
f 411 421 585
f 586 412 414
f 421 412 422
f 586 422 412
f 415 424 416
f 423 424 415
f 417 418 425
f 425 418 426
f 419 430 420
f 429 430 419
f 471 429 419
f 471 419 473
f 472 420 430
f 474 420 472
f 421 422 431
f 585 421 431
f 431 422 432
f 432 422 586
f 423 436 424
f 435 436 423
f 425 426 437
f 437 426 438
f 427 428 429
f 427 446 428
f 471 427 429
f 445 446 427
f 469 445 427
f 469 427 471
f 429 428 430
f 472 430 428
f 470 428 446
f 472 428 470
f 431 432 433
f 585 431 433
f 433 432 434
f 586 434 432
f 433 434 447
f 585 433 447
f 447 434 448
f 586 448 434
f 435 456 436
f 455 456 435
f 436 456 836
f 437 438 439
f 439 438 440
f 439 440 441
f 521 439 441
f 533 439 521
f 760 439 533
f 784 439 760
f 441 440 442
f 522 442 440
f 522 440 534
f 534 440 536
f 536 440 842
f 441 442 457
f 521 441 457
f 457 442 458
f 522 458 442
f 443 444 445
f 443 462 444
f 489 443 445
f 461 462 443
f 501 461 443
f 501 443 489
f 445 444 446
f 490 446 444
f 502 444 462
f 490 444 502
f 491 445 469
f 489 445 491
f 470 446 492
f 492 446 490
f 447 448 449
f 449 519 447
f 483 481 447
f 585 447 481
f 447 485 483
f 487 485 447
f 447 497 487
f 499 497 447
f 447 511 499
f 447 519 511
f 449 448 450
f 450 448 836
f 482 484 448
f 482 448 586
f 448 484 486
f 486 488 448
f 448 488 498
f 498 500 448
f 448 500 512
f 448 512 520
f 448 520 532
f 836 448 532
f 449 450 463
f 463 519 449
f 463 450 464
f 464 450 836
f 451 452 453
f 451 468 452
f 453 531 451
f 467 468 451
f 451 531 467
f 453 452 454
f 836 454 452
f 452 468 836
f 453 454 455
f 453 835 531
f 455 454 456
f 456 454 836
f 457 458 459
f 513 457 459
f 521 457 513
f 459 458 460
f 514 460 458
f 514 458 522
f 459 460 461
f 501 459 461
f 513 459 501
f 461 460 462
f 502 462 460
f 502 460 514
f 463 464 465
f 465 519 463
f 465 464 466
f 836 466 464
f 465 466 467
f 467 519 465
f 467 466 468
f 836 468 466
f 467 531 519
f 469 472 470
f 469 470 491
f 471 472 469
f 491 470 492
f 471 474 472
f 473 474 471
f 473 476 474
f 475 476 473
f 475 478 476
f 477 478 475
f 477 494 478
f 493 494 477
f 568 493 477
f 479 482 480
f 479 480 495
f 481 482 479
f 481 479 585
f 479 495 585
f 482 586 480
f 495 480 496
f 480 586 496
f 481 484 482
f 483 484 481
f 483 486 484
f 485 486 483
f 485 488 486
f 487 488 485
f 487 498 488
f 497 498 487
f 489 492 490
f 489 490 501
f 491 492 489
f 501 490 502
f 493 504 494
f 503 504 493
f 503 493 608
f 566 493 568
f 600 493 566
f 596 493 598
f 612 493 596
f 598 493 600
f 608 493 610
f 610 493 612
f 494 504 768
f 770 494 768
f 772 494 770
f 774 494 772
f 776 494 774
f 794 494 776
f 796 494 794
f 495 496 509
f 495 509 585
f 509 496 510
f 496 586 510
f 497 500 498
f 499 500 497
f 499 512 500
f 511 512 499
f 501 502 513
f 513 502 514
f 503 506 504
f 505 506 503
f 608 505 503
f 768 504 506
f 505 516 506
f 515 516 505
f 620 515 505
f 622 505 608
f 620 505 622
f 768 506 516
f 507 510 508
f 507 508 517
f 509 510 507
f 585 509 507
f 585 507 517
f 510 586 508
f 517 508 518
f 508 586 518
f 511 520 512
f 519 520 511
f 513 514 521
f 521 514 522
f 515 526 516
f 525 526 515
f 630 525 515
f 630 515 620
f 768 516 526
f 517 518 527
f 517 527 585
f 527 518 528
f 518 586 528
f 519 532 520
f 531 532 519
f 521 522 533
f 533 522 534
f 523 524 525
f 523 542 524
f 523 525 628
f 541 542 523
f 638 541 523
f 638 523 628
f 525 524 526
f 766 526 524
f 790 524 542
f 766 524 792
f 792 524 790
f 628 525 630
f 768 526 766
f 527 528 529
f 527 529 585
f 529 528 530
f 528 586 530
f 529 530 543
f 529 543 585
f 543 530 544
f 530 586 544
f 531 552 532
f 551 552 531
f 835 551 531
f 552 836 532
f 533 534 535
f 760 533 535
f 535 534 536
f 535 536 537
f 688 535 537
f 704 535 688
f 722 535 704
f 720 535 722
f 736 535 720
f 746 535 736
f 744 535 746
f 760 535 744
f 537 536 538
f 538 536 842
f 537 538 553
f 688 537 553
f 553 538 554
f 842 554 538
f 539 540 541
f 539 558 540
f 646 539 541
f 557 558 539
f 557 539 644
f 644 539 646
f 541 540 542
f 808 542 540
f 823 540 558
f 808 540 825
f 825 540 823
f 636 541 638
f 646 541 636
f 790 542 788
f 788 542 808
f 543 544 545
f 835 543 545
f 585 543 588
f 588 543 590
f 590 543 592
f 592 543 594
f 594 543 602
f 602 543 604
f 604 543 606
f 606 543 614
f 614 543 616
f 616 543 618
f 618 543 624
f 624 543 626
f 626 543 632
f 632 543 634
f 634 543 640
f 640 543 642
f 642 543 648
f 648 543 650
f 650 543 666
f 666 543 686
f 686 543 700
f 700 543 702
f 702 543 718
f 718 543 732
f 732 543 734
f 734 543 742
f 742 543 756
f 756 543 758
f 758 543 782
f 782 543 802
f 802 543 814
f 814 543 835
f 545 544 546
f 544 836 546
f 544 586 836
f 545 546 559
f 835 545 559
f 559 546 560
f 546 836 560
f 547 548 549
f 547 564 548
f 835 547 549
f 563 564 547
f 563 547 835
f 549 548 550
f 548 836 550
f 564 836 548
f 549 550 551
f 835 549 551
f 551 550 552
f 550 836 552
f 553 554 555
f 668 553 555
f 690 553 668
f 688 553 690
f 555 554 556
f 842 556 554
f 555 556 557
f 652 555 557
f 668 555 652
f 557 556 558
f 842 558 556
f 652 557 644
f 823 558 842
f 559 560 561
f 835 559 561
f 561 560 562
f 560 836 562
f 561 562 563
f 835 561 563
f 563 562 564
f 562 836 564
f 568 565 566
f 566 565 599
f 568 567 565
f 661 565 567
f 659 599 565
f 659 565 661
f 566 599 600
f 570 567 568
f 570 569 567
f 677 567 569
f 661 567 663
f 663 567 677
f 572 569 570
f 572 571 569
f 681 569 571
f 677 569 679
f 679 569 681
f 574 571 572
f 574 573 571
f 711 571 573
f 681 571 683
f 683 571 695
f 695 571 697
f 697 571 711
f 575 573 574
f 577 573 575
f 577 576 573
f 884 573 576
f 711 573 713
f 713 573 715
f 715 573 727
f 727 573 905
f 905 573 884
f 575 907 577
f 575 798 907
f 579 576 577
f 579 578 576
f 871 576 578
f 884 576 871
f 577 885 579
f 577 907 885
f 579 580 578
f 873 578 580
f 871 578 873
f 581 580 579
f 579 872 581
f 579 885 872
f 581 582 580
f 847 580 582
f 859 580 847
f 873 580 859
f 583 582 581
f 581 860 583
f 581 872 860
f 583 584 582
f 834 582 584
f 847 582 834
f 586 584 583
f 583 848 586
f 583 860 848
f 585 584 586
f 585 587 584
f 813 584 587
f 834 584 813
f 588 587 585
f 586 848 836
f 588 589 587
f 801 587 589
f 813 587 801
f 590 589 588
f 590 591 589
f 781 589 591
f 801 589 781
f 592 591 590
f 592 593 591
f 757 591 593
f 781 591 757
f 594 593 592
f 594 601 593
f 755 593 601
f 757 593 755
f 602 601 594
f 598 595 596
f 596 595 611
f 598 597 595
f 655 595 597
f 675 611 595
f 653 595 655
f 675 595 653
f 596 611 612
f 600 597 598
f 600 599 597
f 657 597 599
f 655 597 657
f 657 599 659
f 602 603 601
f 741 601 603
f 755 601 741
f 604 603 602
f 604 605 603
f 733 603 605
f 741 603 733
f 606 605 604
f 606 613 605
f 731 605 613
f 733 605 731
f 614 613 606
f 608 609 607
f 608 607 621
f 671 607 609
f 671 621 607
f 610 609 608
f 608 621 622
f 612 609 610
f 612 611 609
f 675 609 611
f 671 609 673
f 673 609 675
f 614 615 613
f 717 613 615
f 731 613 717
f 616 615 614
f 616 617 615
f 717 615 617
f 618 617 616
f 618 623 617
f 699 617 623
f 701 617 699
f 717 617 701
f 624 623 618
f 622 619 620
f 620 619 629
f 622 621 619
f 693 619 621
f 691 629 619
f 691 619 693
f 620 629 630
f 669 621 671
f 693 621 669
f 624 625 623
f 685 623 625
f 699 623 685
f 626 625 624
f 626 631 625
f 665 625 631
f 685 625 665
f 632 631 626
f 630 627 628
f 628 627 637
f 630 629 627
f 707 627 629
f 707 637 627
f 628 637 638
f 709 629 691
f 707 629 709
f 632 633 631
f 649 631 633
f 665 631 649
f 634 633 632
f 634 639 633
f 647 633 639
f 649 633 647
f 640 639 634
f 638 635 636
f 636 635 646
f 638 637 635
f 725 635 637
f 646 635 645
f 725 645 635
f 705 637 707
f 725 637 705
f 640 641 639
f 647 639 641
f 642 641 640
f 648 641 642
f 648 647 641
f 644 645 643
f 644 643 652
f 645 737 643
f 652 643 651
f 643 737 651
f 646 645 644
f 645 725 723
f 645 723 737
f 650 647 648
f 650 649 647
f 666 649 650
f 666 665 649
f 652 651 668
f 668 651 667
f 651 747 667
f 651 737 749
f 651 749 747
f 653 656 654
f 653 654 675
f 655 656 653
f 883 654 656
f 675 654 676
f 904 676 654
f 904 654 883
f 655 658 656
f 657 658 655
f 870 656 658
f 883 656 870
f 657 660 658
f 659 660 657
f 870 658 660
f 659 662 660
f 661 662 659
f 846 660 662
f 858 660 846
f 870 660 858
f 661 664 662
f 663 664 661
f 833 662 664
f 846 662 833
f 663 678 664
f 677 678 663
f 831 664 678
f 833 664 831
f 686 665 666
f 686 685 665
f 668 667 690
f 690 667 689
f 667 763 689
f 667 747 763
f 669 672 670
f 669 670 693
f 671 672 669
f 771 670 672
f 693 670 694
f 771 694 670
f 671 674 672
f 673 674 671
f 775 672 674
f 771 672 773
f 773 672 775
f 673 676 674
f 675 676 673
f 902 674 676
f 775 674 793
f 793 674 795
f 795 674 797
f 797 674 917
f 917 674 902
f 902 676 904
f 677 680 678
f 679 680 677
f 812 678 680
f 831 678 812
f 679 682 680
f 681 682 679
f 800 680 682
f 812 680 800
f 681 684 682
f 683 684 681
f 780 682 684
f 800 682 780
f 683 696 684
f 695 696 683
f 778 684 696
f 780 684 778
f 700 685 686
f 700 699 685
f 688 689 687
f 688 687 703
f 689 785 687
f 687 785 703
f 690 689 688
f 688 703 704
f 689 763 761
f 689 761 785
f 691 694 692
f 691 692 709
f 693 694 691
f 767 692 694
f 709 692 710
f 765 710 692
f 765 692 767
f 767 694 769
f 769 694 771
f 695 698 696
f 697 698 695
f 754 696 698
f 778 696 754
f 697 712 698
f 711 712 697
f 752 698 712
f 754 698 752
f 702 699 700
f 702 701 699
f 702 717 701
f 718 717 702
f 704 703 722
f 722 703 721
f 703 820 721
f 703 785 805
f 703 805 820
f 705 708 706
f 705 706 725
f 707 708 705
f 789 706 708
f 725 706 726
f 789 726 706
f 707 710 708
f 709 710 707
f 765 708 710
f 791 708 765
f 789 708 791
f 711 714 712
f 713 714 711
f 740 712 714
f 752 712 740
f 713 716 714
f 715 716 713
f 730 714 716
f 740 714 730
f 715 728 716
f 727 728 715
f 730 716 728
f 732 717 718
f 732 731 717
f 720 721 719
f 720 719 736
f 721 820 719
f 736 719 735
f 719 839 735
f 719 820 818
f 719 818 839
f 722 721 720
f 723 726 724
f 723 724 737
f 725 726 723
f 726 807 724
f 737 724 738
f 724 807 738
f 787 726 789
f 787 807 726
f 727 730 728
f 729 730 727
f 727 905 729
f 729 740 730
f 739 740 729
f 729 905 739
f 734 731 732
f 734 733 731
f 742 733 734
f 742 741 733
f 736 735 746
f 746 735 745
f 735 851 745
f 735 839 851
f 737 738 749
f 749 738 750
f 738 822 750
f 738 807 824
f 738 824 822
f 739 752 740
f 751 752 739
f 739 905 751
f 756 741 742
f 756 755 741
f 744 745 743
f 744 743 760
f 745 863 743
f 760 743 759
f 743 863 759
f 746 745 744
f 745 851 863
f 747 750 748
f 747 748 763
f 749 750 747
f 750 822 748
f 763 748 764
f 748 841 764
f 748 822 841
f 751 754 752
f 753 754 751
f 751 905 753
f 753 778 754
f 777 778 753
f 753 905 777
f 758 755 756
f 758 757 755
f 782 757 758
f 782 781 757
f 760 759 784
f 784 759 783
f 759 891 783
f 759 863 876
f 759 876 889
f 889 891 759
f 761 764 762
f 761 762 785
f 763 764 761
f 764 853 762
f 785 762 786
f 762 865 786
f 762 853 865
f 841 853 764
f 765 768 766
f 765 766 791
f 767 768 765
f 791 766 792
f 767 770 768
f 769 770 767
f 769 772 770
f 771 772 769
f 771 774 772
f 773 774 771
f 773 776 774
f 775 776 773
f 775 794 776
f 793 794 775
f 777 780 778
f 779 780 777
f 777 905 779
f 779 800 780
f 799 800 779
f 779 905 799
f 802 781 782
f 802 801 781
f 784 783 804
f 804 783 803
f 783 910 803
f 783 891 910
f 785 786 805
f 805 786 806
f 786 878 806
f 865 878 786
f 787 790 788
f 787 788 807
f 789 790 787
f 807 788 808
f 789 792 790
f 791 792 789
f 793 796 794
f 795 796 793
f 795 798 796
f 797 798 795
f 797 810 798
f 809 810 797
f 797 917 809
f 907 798 810
f 799 812 800
f 811 812 799
f 799 905 811
f 814 801 802
f 814 813 801
f 804 803 816
f 816 803 815
f 803 968 815
f 803 910 922
f 922 942 803
f 803 942 944
f 803 944 968
f 805 806 820
f 820 806 821
f 806 924 821
f 878 893 806
f 893 895 806
f 806 895 912
f 806 912 924
f 807 808 824
f 824 808 825
f 809 827 810
f 826 827 809
f 809 917 826
f 907 810 827
f 811 831 812
f 830 831 811
f 811 905 830
f 835 813 814
f 835 834 813
f 816 815 817
f 817 815 838
f 838 815 837
f 815 994 837
f 815 968 970
f 970 982 815
f 815 982 992
f 815 992 994
f 838 1146 817
f 854 842 817
f 866 854 817
f 817 879 866
f 894 879 817
f 817 896 894
f 817 913 896
f 817 925 913
f 817 1149 925
f 817 1146 1149
f 818 821 819
f 818 819 839
f 820 821 818
f 821 924 819
f 839 819 840
f 819 924 840
f 822 825 823
f 822 823 841
f 824 825 822
f 841 823 842
f 826 829 827
f 828 829 826
f 826 917 828
f 907 827 829
f 828 844 829
f 843 844 828
f 828 917 843
f 829 844 907
f 830 833 831
f 832 833 830
f 830 905 832
f 832 846 833
f 845 846 832
f 832 905 845
f 836 834 835
f 848 834 836
f 848 847 834
f 838 837 850
f 850 837 849
f 837 994 849
f 850 1144 838
f 838 1144 1146
f 839 840 851
f 851 840 852
f 840 924 852
f 841 842 853
f 853 842 854
f 843 856 844
f 855 856 843
f 843 917 855
f 907 844 856
f 845 858 846
f 857 858 845
f 845 905 857
f 860 847 848
f 860 859 847
f 850 849 861
f 849 994 861
f 850 861 862
f 862 1142 850
f 850 1142 1144
f 851 852 863
f 863 852 864
f 852 924 864
f 853 854 865
f 865 854 866
f 855 868 856
f 867 868 855
f 855 917 867
f 907 856 868
f 857 870 858
f 869 870 857
f 857 905 869
f 860 873 859
f 872 873 860
f 862 861 874
f 861 994 874
f 862 874 875
f 875 1140 862
f 862 1140 1142
f 863 864 876
f 876 864 877
f 864 924 877
f 865 866 878
f 878 866 879
f 867 881 868
f 880 881 867
f 867 917 880
f 868 881 907
f 869 883 870
f 882 883 869
f 869 905 882
f 872 871 873
f 872 884 871
f 885 884 872
f 875 874 886
f 874 994 886
f 875 886 888
f 888 1138 875
f 875 1138 1140
f 876 877 889
f 889 877 890
f 877 924 890
f 878 879 893
f 893 879 894
f 880 900 881
f 899 900 880
f 880 937 899
f 880 917 937
f 900 1166 881
f 907 881 1512
f 881 1166 1168
f 881 1168 1170
f 881 1170 1186
f 1186 1188 881
f 1188 1284 881
f 881 1284 1382
f 881 1382 1512
f 882 904 883
f 903 904 882
f 882 918 903
f 882 905 918
f 885 905 884
f 907 905 885
f 888 886 887
f 887 886 908
f 886 994 908
f 888 887 1384
f 887 908 909
f 887 909 1383
f 1384 887 1383
f 888 1180 1138
f 888 1160 1162
f 888 1176 1160
f 1162 1164 888
f 1164 1178 888
f 1172 1174 888
f 1270 1172 888
f 1174 1176 888
f 1178 1180 888
f 1270 888 1384
f 889 890 891
f 891 890 892
f 890 924 892
f 891 892 910
f 910 892 911
f 892 924 911
f 893 894 895
f 895 894 896
f 895 896 912
f 912 896 913
f 897 898 899
f 897 915 898
f 899 975 897
f 914 915 897
f 897 975 914
f 899 898 900
f 898 1184 900
f 915 1184 898
f 899 937 961
f 899 961 959
f 899 959 975
f 900 1184 1166
f 901 902 903
f 901 917 902
f 903 918 901
f 916 917 901
f 901 962 916
f 901 918 938
f 901 938 962
f 903 902 904
f 906 905 907
f 906 918 905
f 906 907 1393
f 919 918 906
f 919 906 1393
f 1393 907 1394
f 1512 1394 907
f 909 908 920
f 908 994 920
f 909 920 921
f 909 921 1383
f 910 911 922
f 922 911 923
f 911 1043 923
f 924 1043 911
f 912 913 924
f 924 913 925
f 914 935 915
f 934 935 914
f 914 997 934
f 914 975 973
f 914 973 985
f 914 985 999
f 914 999 997
f 935 1182 915
f 915 1182 1184
f 916 937 917
f 936 937 916
f 916 976 936
f 916 962 978
f 916 978 976
f 919 938 918
f 939 938 919
f 939 919 1393
f 921 920 940
f 920 994 940
f 921 940 941
f 921 941 1383
f 922 923 942
f 942 923 943
f 923 1041 943
f 923 1043 1041
f 924 925 926
f 926 1043 924
f 926 925 927
f 925 1720 927
f 925 1149 1720
f 926 927 928
f 928 1043 926
f 928 927 929
f 927 1720 929
f 928 929 946
f 946 1043 928
f 946 929 947
f 929 1720 947
f 930 931 932
f 930 957 931
f 932 1031 930
f 956 957 930
f 930 1031 956
f 932 931 933
f 931 1200 933
f 957 1200 931
f 932 933 934
f 934 997 932
f 932 997 1017
f 932 1015 1013
f 932 1013 1031
f 932 1017 1015
f 934 933 935
f 933 1182 935
f 933 1200 1182
f 936 961 937
f 960 961 936
f 936 1002 960
f 936 976 986
f 936 986 1002
f 939 962 938
f 963 962 939
f 1283 963 939
f 1283 939 1393
f 941 940 964
f 940 994 964
f 941 964 965
f 941 965 1383
f 942 943 944
f 944 943 945
f 943 1039 945
f 943 1041 1039
f 944 945 968
f 968 945 969
f 945 1027 969
f 945 1039 1027
f 946 947 948
f 948 1043 946
f 948 947 949
f 947 1720 949
f 948 949 950
f 950 1061 948
f 948 1045 1043
f 948 1059 1045
f 948 1061 1059
f 950 949 951
f 949 1722 951
f 949 1720 1722
f 950 951 952
f 952 1065 950
f 950 1063 1061
f 950 1065 1063
f 952 951 953
f 951 1680 953
f 951 1678 1680
f 951 1722 1678
f 952 953 954
f 954 1069 952
f 952 1067 1065
f 952 1069 1067
f 954 953 955
f 953 1680 955
f 954 955 956
f 956 1051 954
f 954 1049 1047
f 954 1047 1069
f 954 1051 1049
f 956 955 957
f 955 1198 957
f 955 1208 1198
f 1218 1208 955
f 955 1220 1218
f 955 1230 1220
f 955 1680 1230
f 956 1031 1029
f 956 1029 1053
f 956 1053 1051
f 957 1198 1200
f 958 959 960
f 958 975 959
f 960 1000 958
f 974 975 958
f 958 1034 974
f 958 1000 1018
f 958 1018 1034
f 960 959 961
f 960 1002 1000
f 963 978 962
f 979 978 963
f 963 1187 979
f 963 1189 1187
f 1283 1189 963
f 965 964 966
f 964 994 966
f 965 966 967
f 1383 965 967
f 967 966 980
f 966 994 980
f 967 980 981
f 967 981 1383
f 968 969 970
f 970 969 971
f 969 1025 971
f 969 1027 1025
f 970 971 982
f 982 971 983
f 971 1011 983
f 971 1025 1011
f 972 973 974
f 972 985 973
f 974 1054 972
f 984 985 972
f 972 1054 984
f 974 973 975
f 974 1034 1032
f 974 1032 1054
f 977 976 979
f 977 986 976
f 979 976 978
f 979 1187 977
f 987 986 977
f 977 1187 987
f 981 980 988
f 980 994 988
f 981 988 989
f 981 989 1383
f 982 983 992
f 992 983 993
f 983 1009 993
f 983 1011 1009
f 984 999 985
f 998 999 984
f 984 1078 998
f 984 1054 1070
f 984 1070 1078
f 987 1002 986
f 1003 1002 987
f 987 1187 1003
f 989 988 990
f 988 994 990
f 989 990 991
f 1383 989 991
f 991 990 1004
f 990 994 1004
f 991 1004 1005
f 991 1005 1383
f 992 993 994
f 994 993 995
f 993 1007 995
f 993 1009 1007
f 994 995 1006
f 1004 994 1020
f 1006 1082 994
f 1020 994 1022
f 1022 994 1036
f 1036 994 1056
f 1056 994 1072
f 1072 994 1074
f 994 1080 1074
f 994 1082 1080
f 1006 995 1007
f 996 997 998
f 996 1017 997
f 998 1076 996
f 1016 1017 996
f 996 1084 1016
f 996 1076 1086
f 996 1086 1084
f 998 997 999
f 998 1078 1076
f 1001 1000 1003
f 1001 1018 1000
f 1003 1000 1002
f 1003 1187 1001
f 1019 1018 1001
f 1001 1187 1019
f 1005 1004 1020
f 1005 1020 1021
f 1005 1021 1383
f 1006 1007 1008
f 1008 1090 1006
f 1006 1088 1082
f 1006 1090 1088
f 1008 1007 1009
f 1008 1009 1010
f 1010 1096 1008
f 1008 1096 1090
f 1010 1009 1011
f 1010 1011 1024
f 1024 1096 1010
f 1024 1011 1025
f 1012 1013 1014
f 1012 1031 1013
f 1014 1102 1012
f 1030 1031 1012
f 1012 1102 1030
f 1014 1013 1015
f 1014 1015 1016
f 1016 1094 1014
f 1014 1094 1092
f 1014 1092 1102
f 1016 1015 1017
f 1016 1084 1094
f 1019 1034 1018
f 1035 1034 1019
f 1019 1187 1035
f 1021 1020 1022
f 1021 1022 1023
f 1383 1021 1023
f 1023 1022 1036
f 1023 1036 1037
f 1383 1023 1037
f 1024 1025 1026
f 1026 1106 1024
f 1024 1098 1096
f 1024 1104 1098
f 1024 1106 1104
f 1026 1025 1027
f 1026 1027 1038
f 1038 1116 1026
f 1026 1108 1106
f 1026 1116 1108
f 1038 1027 1039
f 1028 1029 1030
f 1028 1053 1029
f 1030 1114 1028
f 1052 1053 1028
f 1028 1110 1052
f 1028 1112 1110
f 1028 1114 1112
f 1030 1029 1031
f 1030 1102 1100
f 1030 1100 1114
f 1033 1032 1035
f 1033 1054 1032
f 1035 1032 1034
f 1035 1169 1033
f 1055 1054 1033
f 1033 1169 1055
f 1035 1185 1169
f 1035 1187 1185
f 1037 1036 1056
f 1037 1056 1057
f 1383 1037 1057
f 1038 1039 1040
f 1040 1116 1038
f 1040 1039 1041
f 1040 1041 1042
f 1042 1120 1040
f 1040 1118 1116
f 1040 1120 1118
f 1042 1041 1043
f 1042 1043 1044
f 1044 1132 1042
f 1042 1128 1120
f 1042 1130 1128
f 1042 1132 1130
f 1044 1043 1045
f 1044 1045 1058
f 1058 1134 1044
f 1044 1134 1132
f 1058 1045 1059
f 1046 1047 1048
f 1046 1069 1047
f 1048 1154 1046
f 1068 1069 1046
f 1046 1150 1068
f 1046 1152 1150
f 1046 1154 1152
f 1048 1047 1049
f 1048 1049 1050
f 1050 1122 1048
f 1048 1122 1156
f 1048 1156 1154
f 1050 1049 1051
f 1050 1051 1052
f 1052 1126 1050
f 1050 1124 1122
f 1050 1126 1124
f 1052 1051 1053
f 1052 1110 1126
f 1055 1070 1054
f 1071 1070 1055
f 1055 1167 1071
f 1055 1169 1167
f 1057 1056 1072
f 1057 1072 1073
f 1383 1057 1073
f 1058 1059 1060
f 1060 1134 1058
f 1060 1059 1061
f 1060 1061 1062
f 1062 1139 1060
f 1060 1136 1134
f 1060 1139 1136
f 1062 1061 1063
f 1062 1063 1064
f 1064 1158 1062
f 1062 1141 1139
f 1062 1158 1141
f 1064 1063 1065
f 1064 1065 1066
f 1066 1145 1064
f 1064 1145 1143
f 1064 1143 1158
f 1066 1065 1067
f 1066 1067 1068
f 1068 1150 1066
f 1066 1147 1145
f 1066 1150 1147
f 1068 1067 1069
f 1071 1078 1070
f 1079 1078 1071
f 1071 1165 1079
f 1071 1167 1165
f 1073 1072 1074
f 1073 1074 1075
f 1073 1075 1383
f 1075 1074 1080
f 1075 1080 1081
f 1075 1081 1383
f 1077 1076 1079
f 1077 1086 1076
f 1079 1076 1078
f 1079 1183 1077
f 1087 1086 1077
f 1077 1181 1087
f 1077 1183 1181
f 1165 1183 1079
f 1081 1080 1083
f 1083 1080 1082
f 1179 1081 1083
f 1159 1081 1161
f 1175 1081 1159
f 1161 1081 1163
f 1163 1081 1177
f 1173 1081 1175
f 1173 1383 1081
f 1177 1081 1179
f 1083 1082 1089
f 1089 1082 1088
f 1193 1083 1089
f 1179 1083 1193
f 1085 1084 1086
f 1095 1084 1085
f 1095 1094 1084
f 1085 1086 1087
f 1087 1181 1085
f 1085 1199 1095
f 1085 1181 1199
f 1089 1088 1091
f 1091 1088 1090
f 1195 1089 1091
f 1193 1089 1195
f 1091 1090 1097
f 1097 1090 1096
f 1205 1091 1097
f 1195 1091 1205
f 1093 1092 1094
f 1103 1092 1093
f 1103 1102 1092
f 1093 1094 1095
f 1095 1197 1093
f 1093 1207 1103
f 1093 1197 1207
f 1199 1197 1095
f 1097 1096 1099
f 1099 1096 1098
f 1215 1097 1099
f 1205 1097 1215
f 1099 1098 1105
f 1105 1098 1104
f 1215 1099 1105
f 1101 1100 1102
f 1115 1100 1101
f 1115 1114 1100
f 1101 1102 1103
f 1103 1217 1101
f 1101 1217 1115
f 1103 1207 1217
f 1105 1104 1106
f 1105 1106 1107
f 1227 1105 1107
f 1215 1105 1213
f 1213 1105 1227
f 1107 1106 1109
f 1109 1106 1108
f 1227 1107 1109
f 1109 1108 1117
f 1117 1108 1116
f 1227 1109 1117
f 1111 1110 1112
f 1127 1110 1111
f 1127 1126 1110
f 1111 1112 1113
f 1113 1229 1111
f 1111 1229 1127
f 1113 1112 1114
f 1113 1114 1115
f 1115 1229 1113
f 1115 1217 1219
f 1219 1229 1115
f 1117 1116 1119
f 1119 1116 1118
f 1227 1117 1119
f 1119 1118 1121
f 1121 1118 1120
f 1227 1119 1121
f 1121 1120 1129
f 1129 1120 1128
f 1227 1121 1129
f 1123 1122 1124
f 1157 1122 1123
f 1157 1156 1122
f 1123 1124 1125
f 1125 1229 1123
f 1123 1229 1157
f 1125 1124 1126
f 1125 1126 1127
f 1127 1229 1125
f 1129 1128 1131
f 1131 1128 1130
f 1227 1129 1131
f 1131 1130 1133
f 1133 1130 1132
f 1133 1323 1131
f 1227 1131 1243
f 1131 1323 1243
f 1133 1132 1135
f 1135 1132 1134
f 1635 1133 1135
f 1635 1323 1133
f 1135 1134 1137
f 1137 1134 1136
f 1635 1135 1137
f 1137 1136 1138
f 1138 1136 1140
f 1140 1136 1139
f 1137 1138 1635
f 1180 1194 1138
f 1194 1196 1138
f 1196 1206 1138
f 1138 1206 1216
f 1138 1216 1214
f 1214 1228 1138
f 1228 1244 1138
f 1138 1244 1324
f 1138 1324 1636
f 1635 1138 1636
f 1140 1139 1142
f 1142 1139 1141
f 1142 1141 1158
f 1142 1158 1144
f 1144 1143 1145
f 1144 1158 1143
f 1144 1145 1146
f 1146 1145 1147
f 1146 1147 1149
f 1149 1147 1148
f 1148 1147 1150
f 1149 1148 1638
f 1148 1150 1151
f 1151 1637 1148
f 1638 1148 1637
f 1149 1638 1720
f 1151 1150 1152
f 1151 1152 1153
f 1153 1637 1151
f 1153 1152 1154
f 1153 1154 1155
f 1155 1325 1153
f 1153 1325 1637
f 1155 1154 1156
f 1155 1156 1157
f 1157 1229 1155
f 1155 1229 1245
f 1245 1325 1155
f 1159 1162 1160
f 1159 1160 1175
f 1161 1162 1159
f 1175 1160 1176
f 1161 1164 1162
f 1163 1164 1161
f 1163 1178 1164
f 1177 1178 1163
f 1165 1168 1166
f 1165 1166 1183
f 1167 1168 1165
f 1183 1166 1184
f 1167 1170 1168
f 1169 1170 1167
f 1169 1186 1170
f 1185 1186 1169
f 1171 1174 1172
f 1171 1172 1191
f 1173 1174 1171
f 1171 1383 1173
f 1191 1383 1171
f 1191 1172 1192
f 1270 1192 1172
f 1173 1176 1174
f 1175 1176 1173
f 1177 1180 1178
f 1179 1180 1177
f 1179 1194 1180
f 1193 1194 1179
f 1181 1184 1182
f 1181 1182 1199
f 1183 1184 1181
f 1199 1182 1200
f 1185 1188 1186
f 1187 1188 1185
f 1187 1190 1188
f 1189 1190 1187
f 1190 1284 1188
f 1189 1202 1190
f 1201 1202 1189
f 1283 1201 1189
f 1202 1284 1190
f 1191 1192 1203
f 1203 1383 1191
f 1203 1192 1204
f 1256 1204 1192
f 1256 1192 1272
f 1272 1192 1270
f 1193 1196 1194
f 1195 1196 1193
f 1195 1206 1196
f 1205 1206 1195
f 1197 1200 1198
f 1197 1198 1207
f 1199 1200 1197
f 1207 1198 1208
f 1201 1210 1202
f 1209 1210 1201
f 1265 1209 1201
f 1265 1201 1281
f 1281 1201 1283
f 1210 1266 1202
f 1202 1266 1282
f 1202 1282 1284
f 1203 1204 1211
f 1211 1383 1203
f 1211 1204 1212
f 1258 1212 1204
f 1258 1204 1256
f 1205 1216 1206
f 1215 1216 1205
f 1207 1208 1217
f 1217 1208 1218
f 1209 1222 1210
f 1221 1222 1209
f 1263 1221 1209
f 1263 1209 1265
f 1222 1264 1210
f 1210 1264 1266
f 1211 1212 1223
f 1223 1383 1211
f 1223 1212 1224
f 1274 1224 1212
f 1260 1212 1258
f 1274 1212 1260
f 1213 1214 1215
f 1213 1228 1214
f 1227 1228 1213
f 1215 1214 1216
f 1217 1218 1219
f 1219 1218 1220
f 1219 1220 1229
f 1229 1220 1230
f 1221 1234 1222
f 1233 1234 1221
f 1279 1233 1221
f 1261 1221 1263
f 1279 1221 1261
f 1234 1280 1222
f 1222 1262 1264
f 1222 1280 1262
f 1223 1224 1225
f 1225 1271 1223
f 1223 1271 1383
f 1225 1224 1226
f 1276 1226 1224
f 1276 1224 1274
f 1225 1226 1235
f 1235 1275 1225
f 1225 1257 1255
f 1255 1271 1225
f 1225 1259 1257
f 1273 1259 1225
f 1275 1273 1225
f 1235 1226 1236
f 1276 1236 1226
f 1227 1244 1228
f 1243 1244 1227
f 1229 1230 1245
f 1245 1230 1246
f 1230 1326 1246
f 1680 1326 1230
f 1231 1232 1233
f 1231 1254 1232
f 1277 1231 1233
f 1253 1254 1231
f 1231 1277 1253
f 1233 1232 1234
f 1232 1278 1234
f 1254 1278 1232
f 1277 1233 1279
f 1234 1278 1280
f 1235 1236 1237
f 1237 1289 1235
f 1235 1289 1275
f 1237 1236 1238
f 1290 1238 1236
f 1290 1236 1276
f 1237 1238 1239
f 1239 1301 1237
f 1237 1291 1289
f 1237 1301 1291
f 1239 1238 1240
f 1302 1240 1238
f 1292 1238 1290
f 1302 1238 1292
f 1239 1240 1241
f 1241 1311 1239
f 1239 1311 1301
f 1241 1240 1242
f 1312 1242 1240
f 1312 1240 1302
f 1241 1242 1243
f 1243 1323 1241
f 1241 1309 1311
f 1241 1323 1309
f 1243 1242 1244
f 1324 1244 1242
f 1310 1242 1312
f 1324 1242 1310
f 1245 1246 1247
f 1247 1325 1245
f 1247 1246 1248
f 1246 1326 1248
f 1247 1248 1249
f 1249 1313 1247
f 1247 1313 1315
f 1247 1315 1325
f 1249 1248 1250
f 1248 1314 1250
f 1248 1316 1314
f 1248 1326 1316
f 1249 1250 1251
f 1251 1303 1249
f 1249 1303 1313
f 1251 1250 1252
f 1250 1304 1252
f 1250 1314 1304
f 1251 1252 1253
f 1253 1295 1251
f 1251 1295 1293
f 1251 1293 1303
f 1253 1252 1254
f 1252 1296 1254
f 1252 1294 1296
f 1252 1304 1294
f 1253 1277 1295
f 1254 1296 1278
f 1255 1258 1256
f 1255 1256 1271
f 1257 1258 1255
f 1271 1256 1272
f 1257 1260 1258
f 1259 1260 1257
f 1259 1274 1260
f 1273 1274 1259
f 1261 1264 1262
f 1261 1262 1279
f 1263 1264 1261
f 1279 1262 1280
f 1263 1266 1264
f 1265 1266 1263
f 1265 1282 1266
f 1281 1282 1265
f 1267 1270 1268
f 1267 1268 1287
f 1269 1270 1267
f 1383 1269 1267
f 1383 1267 1287
f 1270 1384 1268
f 1287 1268 1288
f 1268 1384 1288
f 1269 1272 1270
f 1271 1272 1269
f 1383 1271 1269
f 1273 1276 1274
f 1275 1276 1273
f 1275 1290 1276
f 1289 1290 1275
f 1277 1280 1278
f 1277 1278 1295
f 1279 1280 1277
f 1295 1278 1296
f 1281 1284 1282
f 1283 1284 1281
f 1283 1286 1284
f 1285 1286 1283
f 1285 1283 1393
f 1286 1380 1284
f 1284 1380 1382
f 1285 1298 1286
f 1297 1298 1285
f 1379 1297 1285
f 1379 1285 1393
f 1298 1380 1286
f 1287 1288 1299
f 1287 1299 1383
f 1299 1288 1300
f 1352 1300 1288
f 1352 1288 1364
f 1364 1288 1362
f 1288 1384 1362
f 1289 1292 1290
f 1291 1292 1289
f 1291 1302 1292
f 1301 1302 1291
f 1293 1296 1294
f 1293 1294 1303
f 1295 1296 1293
f 1303 1294 1304
f 1297 1306 1298
f 1305 1306 1297
f 1377 1305 1297
f 1377 1297 1379
f 1306 1358 1298
f 1298 1358 1378
f 1298 1378 1380
f 1299 1300 1307
f 1383 1299 1307
f 1307 1300 1308
f 1354 1308 1300
f 1354 1300 1352
f 1301 1312 1302
f 1311 1312 1301
f 1303 1304 1313
f 1313 1304 1314
f 1305 1318 1306
f 1317 1318 1305
f 1355 1317 1305
f 1355 1305 1357
f 1357 1305 1377
f 1318 1356 1306
f 1306 1356 1358
f 1307 1308 1319
f 1307 1319 1383
f 1319 1308 1320
f 1368 1320 1308
f 1366 1308 1354
f 1368 1308 1366
f 1309 1310 1311
f 1309 1324 1310
f 1323 1324 1309
f 1311 1310 1312
f 1313 1314 1315
f 1315 1314 1316
f 1315 1316 1325
f 1325 1316 1326
f 1317 1330 1318
f 1329 1330 1317
f 1373 1329 1317
f 1375 1317 1355
f 1373 1317 1375
f 1330 1374 1318
f 1318 1376 1356
f 1318 1374 1376
f 1319 1320 1321
f 1383 1319 1321
f 1321 1320 1322
f 1370 1322 1320
f 1370 1320 1368
f 1321 1322 1331
f 1331 1369 1321
f 1321 1353 1351
f 1321 1351 1383
f 1321 1365 1353
f 1321 1367 1365
f 1321 1369 1367
f 1331 1322 1332
f 1370 1332 1322
f 1323 1340 1324
f 1339 1340 1323
f 1635 1339 1323
f 1636 1324 1340
f 1325 1326 1341
f 1637 1325 1341
f 1341 1326 1342
f 1438 1342 1326
f 1438 1326 1460
f 1680 1460 1326
f 1327 1328 1329
f 1327 1350 1328
f 1371 1327 1329
f 1349 1350 1327
f 1327 1371 1349
f 1329 1328 1330
f 1328 1372 1330
f 1372 1328 1350
f 1371 1329 1373
f 1330 1372 1374
f 1331 1332 1333
f 1333 1387 1331
f 1331 1387 1369
f 1333 1332 1334
f 1388 1334 1332
f 1388 1332 1370
f 1333 1334 1335
f 1335 1401 1333
f 1333 1399 1387
f 1333 1401 1399
f 1335 1334 1336
f 1402 1336 1334
f 1400 1334 1388
f 1402 1334 1400
f 1335 1336 1337
f 1337 1419 1335
f 1335 1419 1401
f 1337 1336 1338
f 1420 1338 1336
f 1420 1336 1402
f 1337 1338 1339
f 1339 1435 1337
f 1337 1417 1419
f 1337 1435 1417
f 1339 1338 1340
f 1636 1340 1338
f 1418 1338 1420
f 1436 1338 1418
f 1636 1338 1436
f 1635 1435 1339
f 1341 1342 1343
f 1343 1437 1341
f 1341 1437 1637
f 1343 1342 1344
f 1438 1344 1342
f 1343 1344 1345
f 1345 1421 1343
f 1343 1421 1423
f 1343 1423 1437
f 1345 1344 1346
f 1424 1346 1344
f 1424 1344 1438
f 1345 1346 1347
f 1347 1403 1345
f 1345 1403 1421
f 1347 1346 1348
f 1404 1348 1346
f 1404 1346 1422
f 1422 1346 1424
f 1347 1348 1349
f 1349 1389 1347
f 1347 1389 1405
f 1347 1405 1403
f 1349 1348 1350
f 1390 1350 1348
f 1390 1348 1406
f 1406 1348 1404
f 1349 1371 1389
f 1372 1350 1390
f 1351 1354 1352
f 1351 1352 1363
f 1353 1354 1351
f 1383 1351 1363
f 1363 1352 1364
f 1353 1366 1354
f 1365 1366 1353
f 1355 1358 1356
f 1355 1356 1375
f 1357 1358 1355
f 1375 1356 1376
f 1357 1378 1358
f 1377 1378 1357
f 1359 1362 1360
f 1359 1360 1385
f 1361 1362 1359
f 1361 1359 1383
f 1359 1385 1383
f 1384 1360 1362
f 1384 1386 1360
f 1385 1360 1386
f 1361 1364 1362
f 1363 1364 1361
f 1383 1363 1361
f 1365 1368 1366
f 1367 1368 1365
f 1367 1370 1368
f 1369 1370 1367
f 1369 1388 1370
f 1387 1388 1369
f 1371 1374 1372
f 1371 1372 1389
f 1373 1374 1371
f 1389 1372 1390
f 1373 1376 1374
f 1375 1376 1373
f 1377 1380 1378
f 1379 1380 1377
f 1379 1382 1380
f 1381 1382 1379
f 1393 1381 1379
f 1381 1392 1382
f 1391 1392 1381
f 1393 1391 1381
f 1510 1382 1392
f 1512 1382 1510
f 1383 1396 1384
f 1383 1385 1397
f 1395 1396 1383
f 1383 1517 1395
f 1397 1415 1383
f 1383 1415 1433
f 1433 1447 1383
f 1497 1383 1447
f 1477 1383 1479
f 1493 1383 1477
f 1479 1383 1495
f 1489 1383 1491
f 1489 1517 1383
f 1491 1383 1493
f 1495 1383 1497
f 1384 1398 1386
f 1490 1384 1396
f 1494 1398 1384
f 1492 1384 1490
f 1494 1384 1492
f 1385 1386 1397
f 1397 1386 1398
f 1387 1400 1388
f 1399 1400 1387
f 1389 1390 1405
f 1405 1390 1406
f 1391 1408 1392
f 1509 1391 1393
f 1407 1408 1391
f 1507 1407 1391
f 1507 1391 1509
f 1508 1392 1408
f 1510 1392 1508
f 1393 1394 1409
f 1427 1393 1409
f 1429 1393 1427
f 1441 1393 1429
f 1471 1393 1441
f 1473 1393 1471
f 1485 1393 1473
f 1513 1393 1485
f 1513 1509 1393
f 1409 1394 1410
f 1394 1512 1410
f 1395 1414 1396
f 1413 1414 1395
f 1395 1529 1413
f 1395 1517 1529
f 1518 1396 1414
f 1490 1396 1518
f 1397 1398 1415
f 1415 1398 1416
f 1480 1416 1398
f 1480 1398 1478
f 1478 1398 1494
f 1399 1402 1400
f 1401 1402 1399
f 1401 1420 1402
f 1419 1420 1401
f 1403 1406 1404
f 1403 1404 1421
f 1405 1406 1403
f 1421 1404 1422
f 1407 1426 1408
f 1425 1426 1407
f 1481 1425 1407
f 1481 1407 1483
f 1483 1407 1507
f 1482 1408 1426
f 1484 1408 1482
f 1508 1408 1484
f 1409 1410 1427
f 1427 1410 1428
f 1410 1524 1428
f 1410 1512 1524
f 1411 1412 1413
f 1411 1432 1412
f 1413 1545 1411
f 1431 1432 1411
f 1411 1669 1431
f 1411 1545 1561
f 1561 1573 1411
f 1411 1573 1669
f 1413 1412 1414
f 1518 1414 1412
f 1518 1412 1432
f 1413 1529 1545
f 1415 1416 1433
f 1433 1416 1434
f 1498 1434 1416
f 1496 1416 1480
f 1498 1416 1496
f 1417 1418 1419
f 1417 1436 1418
f 1435 1436 1417
f 1419 1418 1420
f 1421 1422 1423
f 1423 1422 1424
f 1423 1424 1437
f 1437 1424 1438
f 1425 1440 1426
f 1439 1440 1425
f 1503 1439 1425
f 1505 1425 1481
f 1503 1425 1505
f 1504 1426 1440
f 1482 1426 1506
f 1506 1426 1504
f 1427 1428 1429
f 1429 1428 1430
f 1428 1524 1430
f 1429 1430 1441
f 1441 1430 1442
f 1430 1524 1442
f 1431 1446 1432
f 1445 1446 1431
f 1431 1667 1445
f 1431 1669 1667
f 1518 1432 1446
f 1433 1434 1447
f 1447 1434 1448
f 1500 1448 1434
f 1500 1434 1498
f 1435 1458 1436
f 1457 1458 1435
f 1457 1435 1635
f 1636 1436 1458
f 1437 1438 1459
f 1637 1437 1459
f 1459 1438 1460
f 1439 1470 1440
f 1469 1470 1439
f 1501 1469 1439
f 1501 1439 1503
f 1502 1440 1470
f 1504 1440 1502
f 1441 1442 1471
f 1471 1442 1472
f 1442 1524 1472
f 1443 1444 1445
f 1443 1476 1444
f 1445 1665 1443
f 1475 1476 1443
f 1443 1701 1475
f 1443 1665 1701
f 1445 1444 1446
f 1518 1446 1444
f 1518 1444 1476
f 1445 1667 1665
f 1447 1448 1449
f 1499 1447 1449
f 1497 1447 1499
f 1449 1448 1450
f 1500 1450 1448
f 1449 1450 1451
f 1451 1519 1449
f 1499 1449 1519
f 1451 1450 1452
f 1520 1452 1450
f 1520 1450 1500
f 1451 1452 1453
f 1453 1533 1451
f 1451 1531 1519
f 1451 1533 1531
f 1453 1452 1454
f 1534 1454 1452
f 1532 1452 1520
f 1534 1452 1532
f 1453 1454 1455
f 1533 1453 1455
f 1455 1454 1456
f 1636 1456 1454
f 1550 1454 1534
f 1548 1454 1550
f 1548 1636 1454
f 1455 1456 1457
f 1455 1457 1635
f 1533 1455 1635
f 1457 1456 1458
f 1636 1458 1456
f 1459 1460 1461
f 1637 1459 1461
f 1461 1460 1462
f 1566 1462 1460
f 1566 1460 1586
f 1586 1460 1680
f 1461 1462 1463
f 1463 1553 1461
f 1461 1553 1565
f 1461 1565 1637
f 1463 1462 1464
f 1554 1464 1462
f 1554 1462 1566
f 1463 1464 1465
f 1465 1535 1463
f 1463 1535 1551
f 1463 1551 1553
f 1465 1464 1466
f 1536 1466 1464
f 1536 1464 1552
f 1552 1464 1554
f 1465 1466 1467
f 1467 1521 1465
f 1465 1521 1537
f 1465 1537 1535
f 1467 1466 1468
f 1522 1468 1466
f 1522 1466 1538
f 1538 1466 1536
f 1467 1468 1469
f 1501 1467 1469
f 1467 1501 1521
f 1469 1468 1470
f 1502 1470 1468
f 1502 1468 1522
f 1471 1472 1473
f 1473 1472 1474
f 1472 1524 1474
f 1473 1474 1485
f 1485 1474 1486
f 1474 1524 1486
f 1475 1488 1476
f 1487 1488 1475
f 1475 1699 1487
f 1475 1701 1699
f 1530 1476 1488
f 1518 1476 1530
f 1477 1480 1478
f 1477 1478 1493
f 1479 1480 1477
f 1493 1478 1494
f 1479 1496 1480
f 1495 1496 1479
f 1481 1484 1482
f 1481 1482 1505
f 1483 1484 1481
f 1505 1482 1506
f 1483 1508 1484
f 1507 1508 1483
f 1485 1486 1513
f 1513 1486 1514
f 1486 1524 1514
f 1487 1516 1488
f 1515 1516 1487
f 1487 1697 1515
f 1487 1699 1697
f 1530 1488 1516
f 1489 1492 1490
f 1489 1490 1517
f 1491 1492 1489
f 1517 1490 1518
f 1491 1494 1492
f 1493 1494 1491
f 1495 1498 1496
f 1497 1498 1495
f 1497 1500 1498
f 1499 1500 1497
f 1499 1520 1500
f 1519 1520 1499
f 1501 1504 1502
f 1501 1502 1521
f 1503 1504 1501
f 1521 1502 1522
f 1503 1506 1504
f 1505 1506 1503
f 1507 1510 1508
f 1509 1510 1507
f 1509 1512 1510
f 1511 1512 1509
f 1541 1511 1509
f 1525 1509 1513
f 1541 1509 1525
f 1511 1524 1512
f 1523 1524 1511
f 1569 1523 1511
f 1557 1511 1541
f 1569 1511 1557
f 1513 1514 1525
f 1514 1524 1526
f 1525 1514 1526
f 1515 1528 1516
f 1527 1528 1515
f 1515 1695 1527
f 1515 1697 1695
f 1530 1516 1528
f 1517 1518 1529
f 1529 1518 1530
f 1519 1532 1520
f 1531 1532 1519
f 1521 1522 1537
f 1537 1522 1538
f 1523 1540 1524
f 1539 1540 1523
f 1539 1523 1607
f 1597 1523 1569
f 1601 1523 1597
f 1609 1523 1601
f 1607 1523 1609
f 1526 1524 1542
f 1622 1524 1540
f 1542 1524 1558
f 1558 1524 1570
f 1570 1524 1598
f 1598 1524 1602
f 1602 1524 1610
f 1610 1524 1608
f 1608 1524 1614
f 1614 1524 1622
f 1525 1526 1541
f 1541 1526 1542
f 1527 1544 1528
f 1543 1544 1527
f 1527 1693 1543
f 1527 1695 1693
f 1530 1528 1546
f 1546 1528 1544
f 1529 1530 1545
f 1545 1530 1546
f 1531 1534 1532
f 1533 1534 1531
f 1533 1550 1534
f 1549 1550 1533
f 1635 1549 1533
f 1535 1538 1536
f 1535 1536 1551
f 1537 1538 1535
f 1551 1536 1552
f 1539 1556 1540
f 1555 1556 1539
f 1555 1539 1621
f 1613 1539 1607
f 1621 1539 1613
f 1620 1540 1556
f 1622 1540 1620
f 1541 1542 1557
f 1557 1542 1558
f 1543 1560 1544
f 1559 1560 1543
f 1543 1691 1559
f 1543 1693 1691
f 1546 1544 1560
f 1545 1546 1561
f 1546 1560 1572
f 1561 1546 1562
f 1546 1604 1562
f 1546 1572 1600
f 1546 1600 1604
f 1547 1548 1549
f 1547 1564 1548
f 1635 1547 1549
f 1563 1564 1547
f 1635 1563 1547
f 1549 1548 1550
f 1564 1636 1548
f 1551 1552 1553
f 1553 1552 1554
f 1553 1554 1565
f 1565 1554 1566
f 1555 1568 1556
f 1567 1568 1555
f 1629 1567 1555
f 1619 1555 1621
f 1629 1555 1619
f 1630 1556 1568
f 1620 1556 1630
f 1557 1558 1569
f 1569 1558 1570
f 1559 1572 1560
f 1571 1572 1559
f 1559 1689 1571
f 1559 1691 1689
f 1561 1562 1573
f 1573 1562 1574
f 1562 1626 1574
f 1562 1604 1606
f 1562 1606 1612
f 1562 1612 1616
f 1562 1616 1618
f 1562 1618 1624
f 1562 1624 1626
f 1563 1584 1564
f 1583 1584 1563
f 1635 1583 1563
f 1584 1636 1564
f 1565 1566 1585
f 1585 1711 1565
f 1637 1565 1707
f 1565 1709 1707
f 1565 1711 1709
f 1585 1566 1586
f 1567 1596 1568
f 1595 1596 1567
f 1641 1595 1567
f 1627 1567 1629
f 1641 1567 1627
f 1642 1568 1596
f 1630 1568 1628
f 1628 1568 1642
f 1569 1570 1597
f 1597 1570 1598
f 1571 1600 1572
f 1599 1600 1571
f 1571 1687 1599
f 1571 1689 1687
f 1573 1574 1575
f 1573 1575 1669
f 1575 1574 1576
f 1574 1670 1576
f 1574 1626 1632
f 1574 1632 1634
f 1574 1634 1644
f 1574 1644 1646
f 1574 1646 1660
f 1574 1660 1662
f 1574 1662 1664
f 1574 1664 1684
f 1574 1666 1668
f 1574 1702 1666
f 1574 1668 1670
f 1684 1686 1574
f 1574 1686 1688
f 1574 1688 1690
f 1690 1692 1574
f 1574 1692 1694
f 1694 1696 1574
f 1574 1696 1698
f 1574 1698 1700
f 1700 1702 1574
f 1575 1576 1577
f 1669 1575 1577
f 1577 1576 1578
f 1576 1670 1578
f 1577 1578 1579
f 1647 1577 1579
f 1669 1577 1647
f 1579 1578 1580
f 1578 1670 1580
f 1579 1580 1581
f 1649 1579 1581
f 1647 1579 1649
f 1581 1580 1582
f 1580 1670 1582
f 1581 1582 1583
f 1635 1581 1583
f 1649 1581 1635
f 1583 1582 1584
f 1582 1650 1584
f 1582 1648 1650
f 1582 1670 1648
f 1584 1650 1636
f 1585 1586 1587
f 1715 1585 1587
f 1585 1713 1711
f 1713 1585 1715
f 1587 1586 1588
f 1680 1588 1586
f 1587 1588 1589
f 1677 1587 1589
f 1721 1587 1677
f 1715 1587 1717
f 1717 1587 1719
f 1719 1587 1721
f 1589 1588 1590
f 1682 1590 1588
f 1682 1588 1680
f 1589 1590 1591
f 1681 1589 1591
f 1677 1589 1679
f 1679 1589 1681
f 1591 1590 1592
f 1656 1592 1590
f 1656 1590 1682
f 1591 1592 1593
f 1657 1591 1593
f 1655 1591 1657
f 1681 1591 1655
f 1593 1592 1594
f 1658 1594 1592
f 1658 1592 1656
f 1593 1594 1595
f 1593 1595 1641
f 1639 1593 1641
f 1657 1593 1639
f 1595 1594 1596
f 1596 1594 1642
f 1642 1594 1640
f 1640 1594 1658
f 1597 1598 1601
f 1601 1598 1602
f 1599 1604 1600
f 1603 1604 1599
f 1599 1685 1603
f 1599 1687 1685
f 1601 1602 1609
f 1609 1602 1610
f 1603 1606 1604
f 1605 1606 1603
f 1603 1683 1605
f 1603 1685 1683
f 1605 1612 1606
f 1611 1612 1605
f 1605 1663 1611
f 1605 1683 1663
f 1607 1610 1608
f 1607 1608 1613
f 1609 1610 1607
f 1613 1608 1614
f 1611 1616 1612
f 1615 1616 1611
f 1611 1661 1615
f 1611 1663 1661
f 1613 1614 1621
f 1621 1614 1622
f 1615 1618 1616
f 1617 1618 1615
f 1615 1659 1617
f 1615 1661 1659
f 1617 1624 1618
f 1623 1624 1617
f 1617 1645 1623
f 1617 1659 1645
f 1619 1622 1620
f 1619 1620 1629
f 1621 1622 1619
f 1629 1620 1630
f 1623 1626 1624
f 1625 1626 1623
f 1623 1643 1625
f 1623 1645 1643
f 1625 1632 1626
f 1631 1632 1625
f 1625 1633 1631
f 1625 1643 1633
f 1627 1630 1628
f 1627 1628 1641
f 1629 1630 1627
f 1641 1628 1642
f 1631 1634 1632
f 1633 1634 1631
f 1633 1644 1634
f 1643 1644 1633
f 1635 1636 1649
f 1649 1636 1650
f 1637 1652 1638
f 1651 1652 1637
f 1653 1651 1637
f 1637 1671 1653
f 1673 1671 1637
f 1637 1675 1673
f 1703 1675 1637
f 1637 1705 1703
f 1707 1705 1637
f 1720 1638 1652
f 1639 1642 1640
f 1639 1640 1657
f 1641 1642 1639
f 1657 1640 1658
f 1643 1646 1644
f 1645 1646 1643
f 1645 1660 1646
f 1659 1660 1645
f 1647 1650 1648
f 1647 1648 1669
f 1649 1650 1647
f 1669 1648 1670
f 1651 1654 1652
f 1653 1654 1651
f 1720 1652 1654
f 1653 1672 1654
f 1671 1672 1653
f 1654 1672 1720
f 1655 1658 1656
f 1655 1656 1681
f 1657 1658 1655
f 1681 1656 1682
f 1659 1662 1660
f 1661 1662 1659
f 1661 1664 1662
f 1663 1664 1661
f 1663 1684 1664
f 1683 1684 1663
f 1665 1668 1666
f 1665 1666 1701
f 1667 1668 1665
f 1701 1666 1702
f 1667 1670 1668
f 1669 1670 1667
f 1671 1674 1672
f 1673 1674 1671
f 1720 1672 1674
f 1673 1676 1674
f 1675 1676 1673
f 1674 1676 1720
f 1675 1704 1676
f 1703 1704 1675
f 1720 1676 1704
f 1677 1680 1678
f 1677 1678 1721
f 1679 1680 1677
f 1721 1678 1722
f 1679 1682 1680
f 1681 1682 1679
f 1683 1686 1684
f 1685 1686 1683
f 1685 1688 1686
f 1687 1688 1685
f 1687 1690 1688
f 1689 1690 1687
f 1689 1692 1690
f 1691 1692 1689
f 1691 1694 1692
f 1693 1694 1691
f 1693 1696 1694
f 1695 1696 1693
f 1695 1698 1696
f 1697 1698 1695
f 1697 1700 1698
f 1699 1700 1697
f 1699 1702 1700
f 1701 1702 1699
f 1703 1706 1704
f 1705 1706 1703
f 1720 1704 1706
f 1705 1708 1706
f 1707 1708 1705
f 1720 1706 1708
f 1707 1710 1708
f 1709 1710 1707
f 1708 1710 1720
f 1709 1712 1710
f 1711 1712 1709
f 1720 1710 1712
f 1711 1714 1712
f 1713 1714 1711
f 1720 1712 1714
f 1713 1716 1714
f 1715 1716 1713
f 1720 1714 1716
f 1715 1718 1716
f 1717 1718 1715
f 1720 1716 1718
f 1717 1720 1718
f 1719 1720 1717
f 1719 1722 1720
f 1721 1722 1719
