v -0.0327794189 0.00186880876 -0.060386498
v -0.0328062076 0.00184202958 -0.0600468636
v -0.032828886 0.00181935121 -0.0597066331
v -0.0328474445 0.00180078317 -0.0593659067
v -0.0328618927 0.00178634454 -0.0590247774
v -0.0328722114 0.00177602578 -0.0586833525
v -0.0328784008 0.0017698269 -0.0583417249
v -0.0328804607 0.00176776696 -0.0579999995
v -0.0326745148 0.00197372247 -0.0614008188
v -0.0327135677 0.0019346695 -0.0610635734
v -0.032748539 0.00189968873 -0.0607254338
v -0.0325329895 0.0021152382 -0.0624062061
v -0.0325842113 0.00206401635 -0.0620722342
v -0.0326313896 0.00201683808 -0.0617370725
v -0.0324184818 0.00222974587 -0.0630701947
v -0.0324777431 0.00217049409 -0.062738893
v -0.0322880001 0.00236023713 -0.0637282634
v -0.0323552246 0.00229300309 -0.0634000182
v -0.0322168083 0.00243141938 -0.0640548372
v -0.0320626564 0.00258558084 -0.0647025847
v -0.0321416874 0.00250654031 -0.064379642
v -0.0319797344 0.00266850282 -0.0650235724
v -0.0318023128 0.00284592439 -0.0656592989
v -0.0318929405 0.00275528718 -0.0653425074
v -0.0317078609 0.00294036675 -0.0659738541
v -0.0315076466 0.00314059068 -0.0665958905
v -0.0316096325 0.00303860475 -0.0662860823
v -0.0314019222 0.00324630548 -0.0669031882
v -0.0312925072 0.00335572053 -0.0672078872
v -0.03117943 0.00346880723 -0.0675098991
v -0.0310627098 0.00358551789 -0.0678091335
v -0.0307508488 -0.00034526061 -0.0586848879
v -0.0307570667 -0.000351478567 -0.0583424926
v -0.0307591457 -0.000353557577 -0.0579999995
v -0.0309424038 0.00370583344 -0.0681055021
v -0.030818531 0.0038297062 -0.0683989215
v -0.0306576462 -0.000252058019 -0.0603918362
v -0.0306845493 -0.000278961172 -0.0600514483
v -0.0307073326 -0.000301734914 -0.0597104597
v -0.0307259769 -0.000320388784 -0.0593689704
v -0.0307404823 -0.00033489417 -0.0590270805
v -0.0305089493 -0.00010336112 -0.0617453718
v -0.0305522652 -0.000146677007 -0.0614083862
v -0.0305914993 -0.000185901632 -0.0610704041
v -0.0306266231 -0.000221034994 -0.0607315207
v -0.0306911297 0.00395710755 -0.0686893058
v -0.0305602379 0.00408799935 -0.0689765692
v -0.0304101105 -4.52231367e-06 -0.0624159455
v -0.0304615612 -5.5973043e-05 -0.0620812559
v -0.0302950973 0.000110500346 -0.0630813384
v -0.0303546162 5.09719948e-05 -0.0627493382
v -0.0304258938 0.00422234345 -0.0692606282
v -0.0302881355 0.00436009217 -0.0695413971
v -0.0302622528 0.00427725602 -0.069484179
v -0.0301640339 0.000241563807 -0.0637407732
v -0.030231554 0.000174034129 -0.0634118485
v -0.0300170727 0.000388515482 -0.0643934727
v -0.0300925274 0.00031306077 -0.0640680122
v -0.0300039883 0.0036417656 -0.0690941429
v -0.030138771 0.00393994142 -0.069265461
v -0.0300648613 0.00376951982 -0.0691647315
v -0.0301726646 0.00402490426 -0.0693182564
v -0.0299376888 0.000467899332 -0.0647170568
v -0.0297672291 0.00063835908 -0.0653582215
v -0.0298544044 0.000551193247 -0.0650386715
v -0.0297539062 0.00320148278 -0.0688897228
v -0.0299155159 0.00347232629 -0.0690077925
v -0.0297931595 0.00326331903 -0.0689142823
v -0.0299384136 0.00351454545 -0.0690284824
v -0.0298390312 0.00418736268 -0.0697829199
v -0.0299378128 0.00410215188 -0.0696087217
v -0.029763567 0.00488466073 -0.070525496
v -0.0296762009 0.000729387293 -0.0656756139
v -0.0295813389 0.000824249278 -0.0659907556
v -0.0295093079 0.00286189843 -0.0687855673
v -0.0295254917 0.00320173074 -0.0691024661
v -0.0296290989 0.00301913072 -0.0688267851
v -0.0295427151 0.00444297601 -0.0703055191
v -0.0296414871 0.00435777474 -0.070131321
v -0.0297402592 0.00427256394 -0.0699571204
v -0.0296096725 0.00503855516 -0.0707917047
v -0.0294826813 0.000922906886 -0.0663035536
v -0.029274065 0.00113152314 -0.0669217539
v -0.0293802471 0.00102534104 -0.0666139174
v -0.0292622681 0.00258303453 -0.0687503219
v -0.0293410892 0.00297734071 -0.0690555716
v -0.0294302196 0.00276641656 -0.0687674499
v -0.029380991 0.00332733918 -0.0693604231
v -0.0294439335 0.00452818681 -0.0704797196
v -0.0294525642 0.00519566346 -0.071054132
v -0.0292922897 0.0053559475 -0.0713126993
v -0.0292616386 0.00538658906 -0.0598761129
v -0.0292791004 0.00536912728 -0.0596685743
v -0.0292945213 0.00535371591 -0.0594607115
v -0.0293192024 0.00532903482 -0.0590441751
v -0.0293284626 0.00531977464 -0.0588355851
v -0.0293356628 0.00531256486 -0.0586268306
v -0.0293408127 0.00530741502 -0.0584179544
v -0.0293439026 0.00530433465 -0.0582089972
v -0.0293449325 0.00530330468 -0.0579999995
v -0.0291641827 0.00124141503 -0.0672269726
v -0.0290506096 0.00135497857 -0.0675294876
v -0.0290175266 0.00235711862 -0.0687712073
v -0.0291909904 0.0025124817 -0.0687511325
v -0.0291397591 0.00276364137 -0.0690387464
v -0.029035656 0.00324887086 -0.0696059656
v -0.0291883774 0.00311310578 -0.0693307686
v -0.0292364998 0.00345295716 -0.0696183801
v -0.0290920086 0.00357856561 -0.0698763347
v -0.029171402 0.00547682572 -0.0607022214
v -0.0291970081 0.00545121957 -0.0604963803
v -0.029242136 0.0054060917 -0.0600832868
v -0.0291288872 0.00551934053 -0.0715673327
v -0.0290130825 0.00563515473 -0.0617227602
v -0.0290824432 0.005565794 -0.0613164353
v -0.0291141148 0.00553412248 -0.0611122894
v -0.0291437645 0.00550446321 -0.0609075379
v -0.0289333935 0.00147219468 -0.067829206
v -0.0288125629 0.00159302522 -0.0681260419
v -0.0287673874 0.00216926385 -0.0688397765
v -0.0288207741 0.00248174478 -0.0690751362
v -0.0288942928 0.002259367 -0.0687993288
v -0.0289860649 0.00261991311 -0.0690474463
v -0.0288254852 0.00276984979 -0.0693416405
v -0.0288229198 0.00305274774 -0.0696149445
v -0.0288829441 0.0033846264 -0.0698811626
v -0.0289475078 0.00370417405 -0.0701342916
v -0.0288030167 0.0038297825 -0.0703922486
v -0.0289624233 0.00568581391 -0.071817956
v -0.028935749 0.00571248818 -0.0621261907
v -0.0289754028 0.00567282487 -0.0619248557
v -0.0287929268 0.00585530091 -0.0720644951
v -0.0287537784 0.00589445878 -0.0652578044
v -0.0287504406 0.0058977871 -0.0650919867
v -0.0287573833 0.00589085389 -0.0629231334
v -0.0288049145 0.00584332276 -0.0627252364
v -0.0288941021 0.00575412561 -0.0623267269
v -0.0286881657 0.00171743203 -0.0684199095
v -0.0285602207 0.00184537698 -0.0687107205
v -0.0285117741 0.00201788713 -0.0689532208
v -0.028546421 0.00228777696 -0.0691598487
v -0.0286597271 0.00263635446 -0.0693726945
v -0.028664896 0.00291978646 -0.0696358371
v -0.0285043068 0.00306972314 -0.0699300313
v -0.0285060806 0.00334185411 -0.0701911402
v -0.0285775204 0.00365614701 -0.0704315567
v -0.0287302322 0.00352039147 -0.0701563597
v -0.0286585159 0.00395539094 -0.0706502056
v -0.0286840076 0.00596422006 -0.065504303
v -0.0287495251 0.00589870263 -0.0652943182
v -0.0287328739 0.00591536332 -0.0650029707
v -0.0286489887 0.00599924851 -0.0648171353
v -0.0286564941 0.0059917431 -0.0633160233
v -0.0287079067 0.00594033052 -0.0631200767
v -0.0286204643 0.00602776338 -0.0723068762
v -0.0286455936 0.0060026436 -0.0655673122
v -0.0285217018 0.00617033769 -0.0654551435
v -0.0285300751 0.00617781449 -0.0652462459
v -0.0285939236 0.00605430413 -0.0647518229
v -0.0285005493 0.00614767839 -0.0646859217
v -0.0285478992 0.00610032846 -0.0637047863
v -0.0284287662 0.00197682191 -0.0689983892
v -0.0282670994 0.00199484635 -0.0657657552
v -0.0282543869 0.00193145562 -0.0655072069
v -0.0282641621 0.00192024995 -0.0652985358
v -0.0283408852 0.00199289132 -0.0650272489
v -0.0284075756 0.00220543672 -0.0692195606
v -0.0284908409 0.00200715829 -0.068964231
v -0.0282579155 0.00214767266 -0.0661959076
v -0.0283025856 0.00210300256 -0.0659967971
v -0.028344471 0.00206112672 -0.0657425165
v -0.028370554 0.00203503419 -0.0654840517
v -0.0283806534 0.00202494432 -0.0652233577
v -0.0283563633 0.00204922486 -0.0645486712
v -0.0283325882 0.00207299996 -0.0640834618
v -0.0283058567 0.00209973146 -0.0636195517
v -0.0282762165 0.00212938119 -0.0631576014
v -0.0283869762 0.00244667817 -0.0694567156
v -0.0283376236 0.00294556428 -0.0699678087
v -0.0284986706 0.0027909546 -0.0696702504
v -0.0283437176 0.00321965982 -0.0702242279
v -0.0283476658 0.00348641206 -0.070479238
v -0.028424799 0.00379191209 -0.0707067537
v -0.0284562035 0.00404428292 -0.070925808
v -0.0282949371 0.00471733857 -0.0611200976
v -0.0282696075 0.00463248063 -0.0609151006
v -0.0283387585 0.00489226152 -0.0615280509
v -0.0283180256 0.00480397988 -0.0613244295
v -0.0283855266 0.00516550828 -0.0621341991
v -0.028372633 0.00507317353 -0.0619329929
v -0.028402626 0.00535313417 -0.0625337291
v -0.0283955688 0.00525888253 -0.0623344517
v -0.0283981724 0.00573589135 -0.0633207059
v -0.0284044666 0.00563964654 -0.0631255174
v -0.0284072132 0.00554366876 -0.0629292798
v -0.0283659954 0.00597666551 -0.0638039565
v -0.0283881874 0.00583225061 -0.0635148239
v -0.028393652 0.00578406144 -0.0634178996
v -0.0284450836 0.00620314408 -0.0725450277
v -0.0284959812 0.00615224649 -0.0656958294
v -0.0284510536 0.00624668885 -0.0654551435
v -0.0284949417 0.00621644784 -0.0652462459
v -0.0284544773 0.00624997903 -0.0649848557
v -0.0284045048 0.00624373246 -0.0646593714
v -0.0283085842 0.00621574212 -0.064280231
v -0.0283347149 0.00612047006 -0.0640905762
v -0.0283566017 0.00602469255 -0.0638997769
v -0.0282668323 0.00638140489 -0.0727788806
v -0.0283931656 0.00625507165 -0.0657210207
v -0.028263237 0.0064263897 -0.0654551435
v -0.0282707138 0.00643476296 -0.0652462459
v -0.0282665367 0.00642981339 -0.0649848557
v -0.0282669563 0.00633971025 -0.0645282006
v -0.028293869 0.00626313973 -0.0643746233
v -0.0280093117 0.00173923303 -0.0655072069
v -0.0280178566 0.00172707368 -0.0652985358
v -0.0280292435 0.00173341561 -0.0651305175
v -0.0280210895 0.00197655488 -0.0662677979
v -0.028032629 0.00188037683 -0.0660199308
v -0.0280285664 0.00180095483 -0.0657657552
v -0.0280515308 0.00176947404 -0.0655072069
v -0.0280602856 0.00175746728 -0.0652985358
v -0.0282283802 0.00189031411 -0.0650657105
v -0.0281565876 0.00224900056 -0.0665320468
v -0.0281728287 0.00223275949 -0.0664851332
v -0.0282452316 0.00216036607 -0.0662449598
v -0.0282442112 0.00202018548 -0.0659189105
v -0.0282436962 0.00216189195 -0.0626982641
v -0.028208353 0.00219724465 -0.0622421908
v -0.0281702251 0.00223536302 -0.0617900324
v -0.0282492084 0.00236447145 -0.0695135832
v -0.028006422 0.00239916612 -0.0668915367
v -0.0280859394 0.00231965829 -0.0667154908
v -0.0281293888 0.00227620889 -0.0613424301
v -0.0280858726 0.00231971551 -0.0609000134
v -0.0280397625 0.00236582566 -0.0604634166
v -0.0280908508 0.00252350617 -0.0698076057
v -0.0280680771 0.0027644806 -0.070050447
v -0.0281765671 0.00310017396 -0.0702653646
v -0.0280155201 0.00325478364 -0.070562923
v -0.0280225391 0.00351953317 -0.0708126163
v -0.0281139297 0.00423987199 -0.0598815942
v -0.0280778808 0.0041686802 -0.0596734905
v -0.0280018635 0.00403476525 -0.0592562199
v -0.0282127685 0.00446867753 -0.0605032706
v -0.0281815071 0.00439000894 -0.0602965283
v -0.0281485195 0.00431369592 -0.0600892878
v -0.0282421799 0.00454954911 -0.0607094765
v -0.0282457752 0.00640245248 -0.0656856728
v -0.0282300587 0.00646789361 -0.0652985358
v -0.0282288093 0.00646642495 -0.0650370741
v -0.0282128734 0.00644758035 -0.0647767711
v -0.028247921 0.00638202477 -0.0646172047
v -0.028082592 0.00648316194 -0.0644889951
v -0.0280857582 0.00656246949 -0.0730083656
v -0.0281442661 0.00650396157 -0.0656025434
v -0.0280731506 0.0065750866 -0.0654945517
v -0.0281900616 0.00650151063 -0.0650893354
v -0.0281327457 0.00651303102 -0.0647767711
v -0.0281227131 0.006500309 -0.064673419
v -0.0280005188 0.00654744912 -0.0644986057
v -0.0277835102 0.00171159555 -0.0660199308
v -0.0277711029 0.00163298417 -0.0657657552
v -0.0277906628 0.00159928132 -0.0655072069
v -0.0277527637 0.00156061936 -0.0652985358
v -0.0279877777 0.00170423318 -0.0651435471
v -0.0277659435 0.00192219544 -0.0665074801
v -0.0277819843 0.00180840303 -0.0662677979
v -0.0277590389 0.0017521267 -0.066169529
v -0.0278761883 0.00175321389 -0.0659695387
v -0.0279974098 0.00175614167 -0.0656627512
v -0.0277559967 0.00209944535 -0.0667817283
v -0.0277643032 0.00200826455 -0.0666465974
v -0.027932951 0.00201206971 -0.0664602876
v -0.0279184456 0.00248715211 -0.0670593286
v -0.0279634685 0.00244212915 -0.0669765162
v -0.0279911156 0.00241448213 -0.060033257
v -0.0279399986 0.00246559907 -0.0596101427
v -0.0279324837 0.00268253137 -0.0701016259
v -0.027771532 0.0026340561 -0.0672937751
v -0.0278224201 0.00258317758 -0.0672180557
v -0.0278864784 0.00251910974 -0.0591946769
v -0.0278306503 0.00257494737 -0.0587874484
v -0.0277725716 0.0026330166 -0.0583890343
v -0.027774126 0.0028415661 -0.0703956485
v -0.027760231 0.00299675752 -0.0579999995
v -0.0277748318 0.00320058633 -0.0579999995
v -0.0278544636 0.00340939332 -0.0708604813
v -0.0277734489 0.00345543672 -0.0579999995
v -0.0277502842 0.00370865632 -0.0579999995
v -0.0279621334 0.00397227098 -0.0590471506
v -0.0279213924 0.00391290475 -0.0588378787
v -0.0278797359 0.00385675241 -0.0586284661
v -0.0278372688 0.00380392839 -0.0584189725
v -0.0277940864 0.00375452806 -0.0582094622
v -0.0279019279 0.00674629975 -0.0732334137
v -0.0279197807 0.00672844697 -0.0655101156
v -0.0279961414 0.00664622117 -0.0653128004
v -0.027979805 0.00665576745 -0.0650370741
v -0.0279659099 0.00663536836 -0.0647767711
v -0.0277864666 0.00669539262 -0.0645262909
v -0.027825777 0.00682246018 -0.0657354164
v -0.0278043766 0.00676877786 -0.0652985358
v -0.0278034038 0.00676711846 -0.0650370741
v -0.0277943725 0.00675163079 -0.0648286438
v -0.0275134773 0.00145721246 -0.0655072069
v -0.0275929661 0.00147649575 -0.0652609849
v -0.0276385994 0.00149861146 -0.0652479696
v -0.0275266571 0.00166610528 -0.0662677979
v -0.027518074 0.00156966973 -0.0660199308
v -0.0275441284 0.00151414681 -0.0657657552
v -0.0275482101 0.00150545884 -0.0657143331
v -0.0276607056 0.00151140023 -0.0652985358
v -0.0277286167 0.00154526521 -0.0652218914
v -0.0275311489 0.00195827294 -0.0667817283
v -0.0275225563 0.00178094674 -0.0665074801
v -0.0275328464 0.0017608719 -0.0664602876
v -0.027749979 0.00176711846 -0.066218822
v -0.0275145931 0.0021569233 -0.0670385695
v -0.0275033779 0.00200810243 -0.0668694186
v -0.0276599712 0.00200274278 -0.0667371511
v -0.0275029774 0.00239396859 -0.0672751927
v -0.0275482578 0.00225584794 -0.0671198225
v -0.0277379341 0.00226977159 -0.0669970918
v -0.0275086517 0.00273630906 -0.0675222611
v -0.02766432 0.00274126817 -0.0674374747
v -0.0277057571 0.00250226785 -0.0672372723
v -0.0277123375 0.00269325067 -0.0579999995
v -0.0275208015 0.00288479615 -0.0676016903
v -0.0276364345 0.0027691536 -0.0674717212
v -0.0277477188 0.00289517213 -0.0579999995
v -0.0275897331 0.00324118424 -0.0709410477
v -0.0276157589 0.00300060082 -0.0706896687
v -0.0277307911 0.00674967576 -0.065761404
v -0.0276975746 0.00674927522 -0.0645387912
v -0.0277153892 0.00693284799 -0.073453958
v -0.0275406189 0.0067800789 -0.0660136127
v -0.0277290077 0.00691922952 -0.0659583664
v -0.0277488727 0.00677650262 -0.0655591726
v -0.0277133198 0.00681980897 -0.0652985358
v -0.0277124042 0.00681812097 -0.0650370741
v -0.0277460594 0.00677148629 -0.0647767711
v -0.0275147552 0.00684757043 -0.0645661545
v -0.0275261898 0.0071220379 -0.0736699367
v -0.0275272865 0.00712094117 -0.0663969326
v -0.0276295013 0.0070187359 -0.0661788917
v -0.0272865505 0.00147307206 -0.0660199308
v -0.0272594089 0.00139825631 -0.0657657552
v -0.0272721977 0.00136144448 -0.0655072069
v -0.0274537392 0.00141514588 -0.0652998829
v -0.0272657795 0.00166584779 -0.0665074801
v -0.0272578735 0.0015512066 -0.0662677979
v -0.0272759743 0.00150188256 -0.0661199403
v -0.0274371643 0.00150360871 -0.0659189105
v -0.0272519512 0.00182426263 -0.0667817283
v -0.0272820206 0.00175039102 -0.0666465974
v -0.027259676 0.00202344705 -0.0670385695
v -0.0273106022 0.00201174546 -0.0669970918
v -0.0272769565 0.00226014901 -0.0672751927
v -0.0273607178 0.00226407815 -0.0672372723
v -0.0272685738 0.00256433297 -0.0675222611
v -0.027260582 0.00251267243 -0.0674890113
v -0.0272672291 0.00298125077 -0.0677619386
v -0.0274300308 0.00297556687 -0.067691524
v -0.0274574013 0.00315963555 -0.0709836912
v -0.0272717686 0.00313381959 -0.0678259659
v -0.0273677177 0.00303787042 -0.0677476358
v -0.0273154564 0.00678619195 -0.0662668109
v -0.0274963493 0.00678359796 -0.0660668373
v -0.0274997063 0.00685358811 -0.0658170033
v -0.027472517 0.00691961099 -0.0655072069
v -0.0274783916 0.0069332676 -0.0652985358
v -0.0274776287 0.00693150331 -0.0650370741
v -0.0274678726 0.00690883447 -0.0647767711
v -0.0272779865 0.00695212174 -0.0646046138
v -0.0274224014 0.00722582627 -0.0666124177
v -0.0272838993 0.0070090561 -0.0652985358
v -0.0272832699 0.00700724412 -0.0650370741
v -0.0272809048 0.00700050164 -0.0649327016
v -0.0273344059 0.00731383134 -0.0738812828
v -0.0273148746 0.00733335305 -0.066825285
v -0.0270257301 0.00147729684 -0.0662677979
v -0.0270475025 0.00139695931 -0.0660199308
v -0.0270139618 0.00132478524 -0.0657657552
v -0.0270235081 0.0012870102 -0.0655072069
v -0.0272148342 0.0013297825 -0.0653639913
v -0.0270011635 0.00173714448 -0.0667817283
v -0.0270435734 0.00159082223 -0.0665074801
v -0.0270154495 0.00151521493 -0.066364758
v -0.0271715183 0.00150175859 -0.066218822
v -0.0270296116 0.00193444062 -0.0670385695
v -0.0270352669 0.00177672196 -0.0668258214
v -0.0271366711 0.00175157357 -0.0667371511
v -0.0270009823 0.00214216996 -0.0672751927
v -0.0270469589 0.00200984765 -0.0671198225
v -0.0270045967 0.00243192483 -0.0675222611
v -0.0270310707 0.00227248956 -0.0673851037
v -0.0270024986 0.00252040673 -0.067586627
v -0.0270213623 0.00281777192 -0.0677619386
v -0.0270179005 0.00276560594 -0.0677346253
v -0.0271679897 0.00323759843 -0.0713174152
v -0.0271730537 0.00323253442 -0.0678971052
v -0.0270045967 0.00340099145 -0.0715718818
v -0.027003128 0.00340246011 -0.0679991674
v -0.0270507831 0.00676075746 -0.0665173769
v -0.0272456856 0.00678255845 -0.0663371778
v -0.0272458477 0.00690036584 -0.0660199308
v -0.0272175903 0.00697476197 -0.0657657552
v -0.0272257824 0.00699952889 -0.0656110263
v -0.0271810741 0.00698807527 -0.0646212602
v -0.0271197147 0.0070052414 -0.0657657552
v -0.027229826 0.007011755 -0.0655072069
v -0.0272344894 0.00702586938 -0.0652985358
v -0.0272338886 0.00702404786 -0.0650370741
v -0.0272261448 0.00700061608 -0.0647767711
v -0.0270337219 0.00703557778 -0.0646475244
v -0.0272047443 0.00744348336 -0.0670354652
v -0.0271400661 0.00750816155 -0.0740879321
v -0.0270920391 0.00755619813 -0.0672428989
v -0.0267692776 0.00123447228 -0.0655072069
v -0.0268690033 0.00124682237 -0.0654514098
v -0.0267880363 0.00142385293 -0.0662677979
v -0.0267532749 0.00133349229 -0.0660199308
v -0.0267630596 0.00127294351 -0.0657657552
v -0.0267659778 0.00125489045 -0.0656627512
v -0.0269689197 0.00126610566 -0.065426774
v -0.0267861576 0.00168484498 -0.0667817283
v -0.0267695732 0.00152669717 -0.0665074801
v -0.0267735596 0.00150449563 -0.0664602876
v -0.026751234 0.0018615799 -0.0670385695
v -0.0267693443 0.00176991273 -0.0669125056
v -0.026784708 0.00207948495 -0.0672751927
v -0.0267631359 0.00200145532 -0.0671987295
v -0.0267551155 0.00235009957 -0.0675222611
v -0.0267747421 0.00227236558 -0.0674550605
v -0.0267745037 0.00271223832 -0.0677619386
v -0.026771986 0.00252781678 -0.067648077
v -0.0267604465 0.00275507737 -0.0677884698
v -0.0269931717 0.00275319863 -0.0677346253
v -0.0267709656 0.00300588418 -0.0679091239
v -0.0269335098 0.00347207833 -0.0680340695
v -0.026832592 0.00325013925 -0.0679908133
v -0.0268381424 0.0035674553 -0.0718223381
v -0.0267560692 0.00364951898 -0.0681061554
v -0.0269747181 0.00674795915 -0.0665818739
v -0.0269984932 0.00675641824 -0.0665542722
v -0.0269851227 0.00689222146 -0.0662677979
v -0.0269981022 0.0069431286 -0.0661199403
v -0.0269601459 0.006998518 -0.0659695387
v -0.0268588848 0.0070062523 -0.0660199308
v -0.0269710369 0.00704454232 -0.0657657552
v -0.026980011 0.00708246041 -0.0655072069
v -0.0269834442 0.00709692765 -0.0652985358
v -0.0269830055 0.00709505845 -0.0650370741
v -0.0269773407 0.0070710354 -0.0647767711
v -0.0267838211 0.00709730912 -0.0646945596
v -0.0269432564 0.00770498086 -0.0742898273
v -0.0269767876 0.00767144967 -0.0674475217
v -0.0268590279 0.00778919984 -0.0676492715
v -0.0265086002 0.00124310304 -0.0657657552
v -0.0266164226 0.00121427346 -0.0655115366
v -0.0267178554 0.00122460176 -0.0654877543
v -0.0265371532 0.00149534036 -0.0665074801
v -0.0265466041 0.00139126588 -0.0662677979
v -0.026504118 0.00130427171 -0.0660199308
v -0.0265078373 0.00125356484 -0.0658170033
v -0.0267134113 0.00125566293 -0.0657143331
v -0.0265233631 0.00164705087 -0.0667817283
v -0.0265350361 0.00151862908 -0.0665542722
v -0.0265070648 0.00182645608 -0.0670385695
v -0.0265127678 0.00176369477 -0.0669550681
v -0.0265257854 0.00203532029 -0.0672751927
v -0.026567585 0.00200394441 -0.0672372723
v -0.0265293045 0.00230752755 -0.0675222611
v -0.0265010376 0.00226355363 -0.0674890113
v -0.0265130157 0.00265105058 -0.0677619386
v -0.0265030022 0.00251613427 -0.0676776862
v -0.0265178604 0.00278997232 -0.0678391552
v -0.0265095253 0.00317704011 -0.0680091214
v -0.0265003033 0.00302640725 -0.0679516482
v -0.0265044041 0.00327728082 -0.0680431604
v -0.0266686554 0.00373693276 -0.0720687127
v -0.0266839619 0.00372162629 -0.068128829
v -0.0265016479 0.00390394975 -0.0681698656
v -0.0267384167 0.00669414331 -0.066763978
v -0.0267138023 0.00674189378 -0.066692102
v -0.0267297382 0.00683897782 -0.0665074801
v -0.0267466564 0.00694209863 -0.0662677979
v -0.0267496319 0.00696022798 -0.066218822
v -0.0267102928 0.00703196336 -0.0660199308
v -0.0267192097 0.00709264566 -0.0657657552
v -0.0267249031 0.00713119317 -0.0655072069
v -0.0267270965 0.00714589883 -0.0652985358
v -0.0267268677 0.00714399148 -0.0650370741
v -0.0267233486 0.00711955834 -0.0647767711
v -0.0265301914 0.00713683892 -0.0647453642
v -0.0267440052 0.0079042225 -0.0744869089
v -0.0267388077 0.00790942956 -0.067848084
v -0.0265423984 0.00810582925 -0.0746791172
v -0.0266161461 0.00803208161 -0.0680439043
v -0.0262525101 0.00123550225 -0.0657657552
v -0.0264635677 0.00120556642 -0.0655464673
v -0.0262559624 0.00148454476 -0.0665074801
v -0.0262545128 0.00138005067 -0.0662677979
v -0.0262533588 0.00129683305 -0.0660199308
v -0.0262528152 0.00125737001 -0.0658680606
v -0.02625807 0.00163686563 -0.0667817283
v -0.0262562866 0.00150791932 -0.0665542722
v -0.0262605591 0.00181699563 -0.0670385695
v -0.0262596912 0.00175397683 -0.0669550681
v -0.0262634201 0.00202296067 -0.0672751927
v -0.0262671585 0.00229287911 -0.0675222611
v -0.0262665958 0.00225251008 -0.0674890113
v -0.0262718983 0.00263548661 -0.0677619386
v -0.0262700672 0.00250312615 -0.0676776862
v -0.0262507458 0.0028190117 -0.0678632927
v -0.0262612362 0.00315448571 -0.0680091214
v -0.0262566681 0.00300854493 -0.0679516482
v -0.0262506313 0.00330383111 -0.0680588794
v -0.0262541599 0.0037118702 -0.0681528997
v -0.026496212 0.00390937615 -0.0723109317
v -0.0264281292 0.0039774685 -0.0681799722
v -0.0263208408 0.00408474732 -0.0725489235
v -0.0262805672 0.00412503053 -0.0681892967
v -0.026353447 0.00656404305 -0.0670090318
v -0.0264926739 0.0066169243 -0.0669271684
v -0.0264874287 0.00674224664 -0.0667371511
v -0.02649687 0.00686685372 -0.0665074801
v -0.0264985676 0.00688936044 -0.0664602876
v -0.0264571972 0.0069926529 -0.066218822
v -0.0264609737 0.00705739785 -0.0660199308
v -0.0264645405 0.00711863328 -0.0657657552
v -0.0264668007 0.00715753366 -0.0655072069
v -0.0264676685 0.00717237283 -0.0652985358
v -0.0264675541 0.00717045594 -0.0650370741
v -0.0262747593 0.00715387155 -0.0647995496
v -0.0264910908 0.00815713693 -0.0682366681
v -0.0263384838 0.00830974389 -0.0748663926
v -0.0263636799 0.00828455735 -0.0684263182
v -0.0260477657 0.00124547769 -0.0657657552
v -0.026207983 0.00120916177 -0.0656024694
v -0.0260218162 0.00149799157 -0.0665074801
v -0.0260112877 0.001394022 -0.0662677979
v -0.0260029049 0.00131121446 -0.0660199308
v -0.0260001678 0.00128415872 -0.0659189105
v -0.0260033913 0.00174050141 -0.0669125056
v -0.0260241718 0.00152125169 -0.0665542722
v -0.0260144157 0.00183328439 -0.0670385695
v -0.0260069771 0.00177070428 -0.0669550681
v -0.0260014839 0.00204258729 -0.0672751927
v -0.026034481 0.0020020466 -0.0672372723
v -0.0260014553 0.002484787 -0.067648077
v -0.0260325451 0.00227003861 -0.0674890113
v -0.0260047836 0.00266253282 -0.0677619386
v -0.02600877 0.00252728272 -0.0676776862
v -0.0260032196 0.00299499322 -0.0679308033
v -0.0260119171 0.00324472238 -0.0680265713
v -0.0260015316 0.00314534951 -0.0679908133
v -0.0260058231 0.00345856477 -0.0680877018
v -0.0260042496 0.00374621202 -0.068144269
v -0.026037466 0.00399801065 -0.0681733775
v -0.0261697884 0.00423580934 -0.0681867433
v -0.0261426086 0.00426297952 -0.0727826166
v -0.026022522 0.00438307572 -0.0681706238
v -0.0261849804 0.00649137307 -0.0670985055
v -0.0262412472 0.00651670266 -0.0670697665
v -0.0262199421 0.0067211609 -0.0667817283
v -0.0262191505 0.00674851228 -0.0667371511
v -0.0262155456 0.00687343408 -0.0665074801
v -0.026212532 0.00697789002 -0.0662677979
v -0.026211998 0.00699624826 -0.066218822
v -0.0262101288 0.00706108857 -0.0660199308
v -0.0262083645 0.00712239076 -0.0657657552
v -0.0262072391 0.00716133882 -0.0655072069
v -0.02620681 0.00717619706 -0.0652985358
v -0.0262068672 0.00717428018 -0.0650370741
v -0.0260194607 0.00714826394 -0.0648567033
v -0.0262339516 0.00841428567 -0.0686127973
v -0.026132328 0.0085159092 -0.0750486851
v -0.0261019344 0.00854629327 -0.0687960482
v -0.0259530468 0.00123534967 -0.0656553292
v -0.0257701988 0.0014290886 -0.0662677979
v -0.0257546444 0.00134732057 -0.0660199308
v -0.0257520218 0.00133353044 -0.0659695387
v -0.0258516903 0.00125211526 -0.0656755042
v -0.0257747669 0.00169005204 -0.0667817283
v -0.0257534141 0.00158749391 -0.0666006494
v -0.0257855053 0.00150957871 -0.0664602876
v -0.0257550354 0.00198160935 -0.067159574
v -0.0257506676 0.00178402711 -0.0669125056
v -0.0257532329 0.00212938119 -0.067312479
v -0.0257632942 0.00201530267 -0.0671987295
v -0.0257612343 0.00241200257 -0.0675548029
v -0.0257591934 0.00228642274 -0.0674550605
v -0.0257716198 0.00272613336 -0.0677619386
v -0.0257565422 0.00268414308 -0.0677346253
v -0.025764267 0.00297633935 -0.0678866196
v -0.0258642406 0.0032480507 -0.0680091214
v -0.0257606048 0.00324632455 -0.0679908133
v -0.0257572002 0.00348582078 -0.0680588794
v -0.0257790489 0.00374286462 -0.068112998
v -0.0257502766 0.00399894525 -0.0681347394
v -0.0259871502 0.00424750138 -0.0681733775
v -0.0259615631 0.00444402505 -0.0730119467
v -0.0259127827 0.00449280549 -0.0681490397
v -0.0257777614 0.0046278267 -0.0732368398
v -0.0257679958 0.00463760186 -0.0681077147
v -0.0258197517 0.00629990388 -0.0672575688
v -0.0259879131 0.00639397431 -0.0671902061
v -0.0259792633 0.00652110864 -0.0670385695
v -0.0259992428 0.00670515824 -0.0667817283
v -0.0259960766 0.0067323475 -0.0667371511
v -0.0259816284 0.00685647775 -0.0665074801
v -0.0259695454 0.00696027566 -0.0662677979
v -0.0259653969 0.00699591447 -0.066169529
v -0.0259599228 0.00704294015 -0.0660199308
v -0.0259528274 0.00710386087 -0.0657657552
v -0.025999958 0.00714813043 -0.0655072069
v -0.0259984989 0.00716292192 -0.0652985358
v -0.0259986801 0.00716100503 -0.0650370741
v -0.0257662506 0.00712008287 -0.0649163938
v -0.0259239788 0.00872425843 -0.075225935
v -0.0259676857 0.00868055154 -0.0689760137
v -0.025831234 0.00881700326 -0.0691526437
v -0.0255330677 0.00148497392 -0.0662677979
v -0.0255104751 0.00140487481 -0.0660199308
v -0.0255030842 0.00137870599 -0.0659189105
v -0.0257007046 0.00128393937 -0.0657046485
v -0.0255603142 0.00174455453 -0.0667817283
v -0.0255015869 0.00170629312 -0.066692102
v -0.0255036278 0.00155625154 -0.0664127088
v -0.0255060787 0.00198636819 -0.0670794821
v -0.0255038662 0.00185365487 -0.0669125056
v -0.0255080242 0.0022102337 -0.067312479
v -0.0255041428 0.00209578324 -0.0671987295
v -0.0255038853 0.00246578027 -0.0675222611
v -0.0255015678 0.00237890054 -0.0674550605
v -0.0257213421 0.0027451687 -0.0677619386
v -0.0255085773 0.00274751473 -0.0677065372
v -0.0255077858 0.00295650292 -0.0678142118
v -0.0255056496 0.00279971887 -0.0677346253
v -0.0255144234 0.00324113656 -0.0679308033
v -0.0255351276 0.00348896791 -0.0680091214
v -0.0255116196 0.0034422474 -0.0679908133
v -0.0255292339 0.00374965478 -0.0680588794
v -0.0255383415 0.00399960328 -0.0680877018
v -0.0257248135 0.00424471665 -0.0681347394
v -0.0257453556 0.00447688867 -0.0681243134
v -0.0256609268 0.00474466134 -0.0680674219
v -0.0255912514 0.00481434632 -0.0734572339
v -0.0255207653 0.00488482286 -0.0680015087
v -0.0257362575 0.0062494259 -0.0672873473
v -0.0255574627 0.0062449627 -0.0672372723
v -0.0257489128 0.00626624871 -0.0672751927
v -0.0257368107 0.0064755993 -0.0670385695
v -0.025688879 0.00649640847 -0.0669970918
v -0.0257374973 0.00666073609 -0.0667817283
v -0.0257200642 0.00673855592 -0.0666465974
v -0.025704195 0.00680938531 -0.0665074801
v -0.0257290096 0.00692159463 -0.0662677979
v -0.0257152386 0.00698851396 -0.0660700703
v -0.0256109829 0.00699481774 -0.0659695387
v -0.0257122345 0.00700312425 -0.0660199308
v -0.0256998749 0.00706319619 -0.0657657552
v -0.0257429714 0.00711138536 -0.0655072069
v -0.0257402344 0.00712599565 -0.0652985358
v -0.0257405872 0.00712410737 -0.0650370741
v -0.0255170555 0.00706951905 -0.0649781632
v -0.0257135029 0.00893472482 -0.075398097
v -0.0256926269 0.00895561029 -0.069325881
v -0.0255009766 0.00914726068 -0.075565114
v -0.0255519028 0.00909633447 -0.0694956732
v -0.0254862804 0.001498621 -0.0662677979
v -0.0252722187 0.00148342897 -0.0660199308
v -0.0254528637 0.00135455895 -0.0657500505
v -0.0252515526 0.0016937523 -0.0665074801
v -0.0252562733 0.00157892991 -0.0662677979
v -0.0252830906 0.00151213456 -0.0661199403
v -0.0254181404 0.00198482324 -0.0670385695
v -0.0252532596 0.00192169953 -0.0668694186
v -0.0252587433 0.00182665635 -0.0667371511
v -0.0253569813 0.00223660279 -0.0672751927
v -0.0252566929 0.0022071724 -0.0671987295
v -0.0252537174 0.00202232171 -0.0669970918
v -0.0254447098 0.00249429513 -0.0675222611
v -0.0252607651 0.00237074662 -0.0673491192
v -0.0252648373 0.00274848748 -0.0676177216
v -0.0252518101 0.00255799104 -0.0674890113
v -0.025307066 0.00299133111 -0.0677619386
v -0.0252574463 0.00297485162 -0.0677346253
v -0.0252526684 0.0032317238 -0.0678391552
v -0.0252864571 0.003491457 -0.0679308033
v -0.0253667183 0.0037401085 -0.0680091214
v -0.0252623196 0.00373388101 -0.0679716516
v -0.0252847118 0.00399422456 -0.0680091214
v -0.025252573 0.00391231347 -0.0679908133
v -0.0254194374 0.00424907495 -0.0680588794
v -0.025472271 0.00448667337 -0.0680588794
v -0.0252632351 0.00448507119 -0.0679908133
v -0.0254984112 0.00474597741 -0.0680265713
v -0.0253770752 0.00474065591 -0.0679908133
v -0.0254904575 0.00481737901 -0.0680091214
v -0.0254179592 0.00498763848 -0.0679431033
v -0.0254020901 0.00500350762 -0.0736730623
v -0.0252518482 0.00515373994 -0.0678291559
v -0.025355999 0.00598654557 -0.067391789
v -0.0254896183 0.00608529855 -0.0673610258
v -0.0254860039 0.0062180977 -0.0672372723
v -0.0254617996 0.00639092256 -0.0670385695
v -0.0254690761 0.00649308015 -0.0669125056
v -0.0254818077 0.0065892582 -0.0667817283
v -0.0254777832 0.00674821664 -0.0665074801
v -0.0253812809 0.00673952867 -0.0664602876
v -0.0254927463 0.00686216165 -0.0662677979
v -0.0254689426 0.00694191743 -0.0660199308
v -0.0254544086 0.00699063111 -0.0658170033
v -0.0253995151 0.00699474145 -0.0657143331
v -0.0252890892 0.00699830819 -0.0654030013
v -0.0252737636 0.00699697305 -0.0650415421
v -0.0254514046 0.00700068284 -0.0657657552
v -0.0254901619 0.00705243875 -0.0655072069
v -0.0254861565 0.00706676293 -0.0652985358
v -0.0253218574 0.00701321412 -0.0650287604
v -0.025467865 0.00705674935 -0.0649907255
v -0.0254091091 0.00923912812 -0.0696619678
v -0.025286438 0.00936178971 -0.075726943
v -0.0252642841 0.0093839531 -0.0698247147
v -0.025211422 0.00144666482 -0.0657911897
v -0.0251656456 0.0017315178 -0.0665074801
v -0.0250090618 0.00173600007 -0.066364758
v -0.0250033874 0.00161790658 -0.0660700703
v -0.0250703926 0.0015119629 -0.0658136964
v -0.0250326271 0.00197111894 -0.0667817283
v -0.0250058765 0.00192426492 -0.066692102
v -0.0250187797 0.00175451089 -0.0664127088
v -0.0250000973 0.00224116136 -0.0670794821
v -0.0250021095 0.00209010888 -0.0669125056
v -0.0250043125 0.00245033074 -0.0672751927
v -0.0250135727 0.00239888955 -0.0672372723
v -0.0250631256 0.00274888803 -0.0675222611
v -0.0250115509 0.00274036218 -0.0674890113
v -0.0250112743 0.00297039796 -0.0676177216
v -0.0250656147 0.00324292947 -0.0677619386
v -0.0250135536 0.00323800851 -0.0677346253
v -0.0250142593 0.00348902513 -0.0678142118
v -0.0250093479 0.00372772981 -0.0678632927
v -0.025039875 0.00399411965 -0.0679091239
v -0.0251723404 0.00424916078 -0.0679716516
v -0.0252165718 0.00449891854 -0.0679716516
v -0.0252116413 0.00474248696 -0.0679308033
v -0.0251988621 0.00498858262 -0.0678632927
v -0.0252103252 0.00519526292 -0.0738842607
v -0.0251557751 0.00524981309 -0.0677511287
v -0.0251027794 0.0052313881 -0.0677346253
v -0.0250160332 0.00538955499 -0.0740907669
v -0.0250024719 0.00540312577 -0.0676056671
v -0.0250492592 0.00573046495 -0.0674358892
v -0.0252255268 0.00588292886 -0.0674152708
v -0.0250491161 0.00598495294 -0.0672372723
v -0.0252285786 0.00605495263 -0.0672751927
v -0.0252142258 0.00624455262 -0.0670794821
v -0.0250750847 0.00624090959 -0.0669970918
v -0.0252357502 0.00629216958 -0.0670385695
v -0.0252349586 0.00649150659 -0.0667817283
v -0.0251830501 0.00649741937 -0.0667371511
v -0.0252143879 0.0066491871 -0.0665074801
v -0.0252247734 0.00674631883 -0.0663164496
v -0.0251204128 0.00674175073 -0.066218822
v -0.025217392 0.00676406671 -0.0662677979
v -0.0252319069 0.006859787 -0.0660199308
v -0.0252093239 0.00691680718 -0.0657657552
v -0.0252434273 0.00697173883 -0.0655072069
v -0.0252381916 0.00698565293 -0.0652985358
v -0.0250382252 0.00690298844 -0.065106051
v -0.025069973 0.00957825471 -0.0758835268
v -0.0251174755 0.00953076173 -0.0699838686
v -0.024905302 0.00174807359 -0.0662677979
v -0.0247777481 0.00172706414 -0.0660199308
v -0.0249782104 0.00155957032 -0.0658277559
v -0.0249943466 0.00199342538 -0.0667817283
v -0.0247586746 0.00196385194 -0.0665074801
v -0.0247501488 0.00186652947 -0.0663164496
v -0.0247518749 0.00177964021 -0.0661199403
v -0.024947998 0.002237175 -0.0670385695
v -0.0247554798 0.00218978692 -0.0668258214
v -0.0247571678 0.00211880494 -0.0667371511
v -0.0249448986 0.00249625016 -0.0672751927
v -0.0247656937 0.00246433068 -0.0671198225
v -0.0247638721 0.00233695794 -0.0669970918
v -0.0247509785 0.00272491265 -0.067312479
v -0.0247514076 0.00262039949 -0.0672372723
v -0.0248339291 0.00298359681 -0.0675222611
v -0.0247504444 0.00295944978 -0.0674550605
v -0.0247524853 0.0032406788 -0.067586627
v -0.0247610779 0.00301063348 -0.0674890113
v -0.0249098034 0.00349372674 -0.0677619386
v -0.0247661896 0.00348768045 -0.0676776862
v -0.0248119469 0.00374373246 -0.0677619386
v -0.024769146 0.00373114396 -0.0677346253
v -0.0247621078 0.00398022462 -0.0677619386
v -0.0247544689 0.00378447343 -0.0677346253
v -0.0247507496 0.00424846459 -0.0677619386
v -0.0249700088 0.00449796487 -0.0678632927
v -0.0249505825 0.00473592568 -0.0678142118
v -0.0248053665 0.00473624993 -0.0677346253
v -0.0249765987 0.00498596955 -0.0677619386
v -0.0249243183 0.00498555947 -0.0677346253
v -0.0249908371 0.00500877191 -0.0677619386
v -0.0249992008 0.00524518777 -0.0676776862
v -0.0249149818 0.00549060632 -0.0675095296
v -0.0248717041 0.00548049737 -0.0674890113
v -0.0248192615 0.00558633615 -0.0742925215
v -0.0248586864 0.00554691125 -0.0674419045
v -0.0247551746 0.00574215699 -0.0672372723
v -0.0249785156 0.00588898469 -0.0672751927
v -0.024997303 0.00599179078 -0.0671987295
v -0.0249867554 0.00614794541 -0.0670385695
v -0.0249709148 0.00624913026 -0.0669125056
v -0.024762146 0.00624372293 -0.0667371511
v -0.024999649 0.00636855889 -0.0667817283
v -0.0249862308 0.00648184587 -0.0666006494
v -0.0248701496 0.00649471093 -0.0664602876
v -0.0249627323 0.00652321626 -0.0665074801
v -0.0249967594 0.00666074563 -0.0662677979
v -0.0249582119 0.00673451234 -0.0660199308
v -0.0249517174 0.00674694825 -0.0659695387
v -0.0248350258 0.00674814988 -0.0657143331
v -0.0249754448 0.00681220819 -0.0657657552
v -0.0249580021 0.00684705545 -0.0655072069
v -0.0249982185 0.00688330461 -0.0652985358
v -0.0247683353 0.0067629223 -0.065184257
v -0.0249687214 0.00967950631 -0.0701393747
v -0.0248516388 0.00979659844 -0.0760348272
v -0.024818079 0.00983015824 -0.0702911878
v -0.0247117062 0.00172127534 -0.0658652043
v -0.0247203369 0.00199089814 -0.0665074801
v -0.0245428963 0.00199444581 -0.0662677979
v -0.0245001907 0.00194112588 -0.0660700703
v -0.0246688957 0.00175089646 -0.065870738
v -0.0246691723 0.00222286988 -0.0667817283
v -0.0245007248 0.00216683198 -0.0665074801
v -0.024507143 0.00210234452 -0.0664127088
v -0.0246319027 0.00249955941 -0.0670385695
v -0.0245064564 0.0024943142 -0.0669125056
v -0.0245180626 0.00232083131 -0.0667371511
v -0.0246987648 0.00272727777 -0.0672751927
v -0.0245167751 0.00272371102 -0.0671198225
v -0.0245229072 0.0025671177 -0.0669970918
v -0.0245126076 0.00296270181 -0.0672751927
v -0.0245046635 0.00291104127 -0.0672372723
v -0.024665205 0.00322597314 -0.0675222611
v -0.0245279522 0.00322652627 -0.0674204206
v -0.0245363731 0.00349170495 -0.0675222611
v -0.0245112629 0.00344585229 -0.0674890113
v -0.0245054645 0.00372056771 -0.0675548029
v -0.0245003338 0.00397784043 -0.067586627
v -0.0247497768 0.00422159959 -0.0677619386
v -0.0245317573 0.00422755052 -0.0676177216
v -0.0247367115 0.00449724961 -0.0677346253
v -0.0247131843 0.00473958779 -0.0676776862
v -0.024730217 0.00499310304 -0.0676177216
v -0.0245035953 0.00499531556 -0.0674550605
v -0.0247380657 0.00524759103 -0.0675222611
v -0.0246860237 0.00524263192 -0.0674890113
v -0.0247149486 0.00547925759 -0.0673851037
v -0.0245301552 0.005482996 -0.0672372723
v -0.0247409363 0.00566466142 -0.0676438427
v -0.0247278519 0.00566287805 -0.0672751927
v -0.024702961 0.00573990632 -0.0671987295
v -0.024620058 0.0057855301 -0.0744894648
v -0.0246207065 0.0057848816 -0.0678428435
v -0.0247261257 0.00594750215 -0.0670385695
v -0.0247364159 0.00599873353 -0.0669970918
v -0.0247431202 0.00619506646 -0.0667817283
v -0.024710228 0.00623783876 -0.066692102
v -0.0245262928 0.00624427606 -0.0664602876
v -0.0247256203 0.00637172509 -0.0665074801
v -0.0247047348 0.00648472596 -0.0662677979
v -0.0246943111 0.00649985124 -0.066218822
v -0.0245117493 0.00649591256 -0.0658680606
v -0.0247451038 0.00651202966 -0.0662677979
v -0.0247411365 0.00660877038 -0.0660199308
v -0.0247081108 0.00666044999 -0.0657657552
v -0.024731142 0.00672086526 -0.0655072069
v -0.0245151539 0.00659457017 -0.0652625251
v -0.0245560665 0.00662451554 -0.0652495122
v -0.0246655865 0.00998265077 -0.0704392648
v -0.0246314926 0.0100167446 -0.0761807966
v -0.0245112915 0.0101369457 -0.0705835581
v -0.0244136352 0.00199359704 -0.0660199308
v -0.0244625301 0.00190990258 -0.065895257
v -0.0244317455 0.00223046113 -0.0665074801
v -0.0242902679 0.00222343255 -0.0662677979
v -0.0242526836 0.00218673516 -0.0661199403
v -0.0243453045 0.00201368142 -0.065907402
v -0.0244132824 0.00246728707 -0.0667817283
v -0.0242565079 0.00245031167 -0.0665542722
v -0.0242524166 0.00238477517 -0.0664602876
v -0.0244147797 0.00274647523 -0.0670385695
v -0.024265625 0.00274152566 -0.0668694186
v -0.0242563743 0.00256877709 -0.066692102
v -0.0244916935 0.00299388696 -0.0672751927
v -0.0242545147 0.00298545648 -0.0670385695
v -0.0242703838 0.00289815713 -0.0669970918
v -0.0243938084 0.0032379799 -0.067312479
v -0.0242800445 0.00322488595 -0.0671987295
v -0.0242588444 0.00346369554 -0.0672751927
v -0.0242514343 0.00338017274 -0.0672372723
v -0.0244579048 0.00374227334 -0.0675222611
v -0.0242592163 0.00373221208 -0.0673491192
v -0.024418375 0.00396862794 -0.0675222611
v -0.0242577381 0.00398638536 -0.0673851037
v -0.0244072742 0.00423095513 -0.0675222611
v -0.024287941 0.0042342167 -0.0674204206
v -0.0244326897 0.00449229051 -0.0675222611
v -0.0243928642 0.0044989853 -0.0674890113
v -0.0244941444 0.00474755097 -0.0675222611
v -0.0244076557 0.00473895837 -0.0674550605
v -0.0244183369 0.00499506761 -0.0673851037
v -0.0242533703 0.00498358537 -0.0672372723
v -0.0244986744 0.00523620416 -0.0673491192
v -0.0243351765 0.00524247933 -0.0671987295
v -0.024494564 0.00536928941 -0.0672751927
v -0.0244506855 0.00549276162 -0.067159574
v -0.0242734833 0.00546555329 -0.0669970918
v -0.024495842 0.00571282197 -0.0670385695
v -0.02447159 0.00573350717 -0.0669970918
v -0.0242535515 0.00574314881 -0.0667371511
v -0.024418499 0.0059870987 -0.0746815348
v -0.024498045 0.00590754319 -0.0680388474
v -0.0244783134 0.0059603386 -0.0667817283
v -0.0244397945 0.00599813272 -0.066692102
v -0.0242567463 0.00597898294 -0.0664602876
v -0.0243729896 0.00603260804 -0.0682317948
v -0.0244706364 0.00616479684 -0.0665074801
v -0.0244623299 0.00624511529 -0.066364758
v -0.0243282623 0.00624667932 -0.0661199403
v -0.0242611904 0.00624403764 -0.0659695387
v -0.0244730205 0.00630653192 -0.0662677979
v -0.0244962902 0.00643368531 -0.0660199308
v -0.0244580669 0.00648164559 -0.0657657552
v -0.024446661 0.00649595071 -0.0656627512
v -0.0242814369 0.00639976312 -0.0653399968
v -0.0244984169 0.00651325036 -0.0657657552
v -0.0244746609 0.00654413987 -0.0655072069
v -0.0243956966 0.00650034715 -0.0653014135
v -0.0244096012 0.0102386265 -0.0763213921
v -0.0243552322 0.0102929955 -0.0707240224
v -0.0241618557 0.00223830987 -0.0660199308
v -0.0242334099 0.00212339212 -0.0659175825
v -0.0242086239 0.00247120667 -0.0665074801
v -0.024067337 0.0024814396 -0.0662677979
v -0.0240092106 0.00249918748 -0.066169529
v -0.0240930481 0.00227837373 -0.0659280491
v -0.0241937942 0.00274485398 -0.0667817283
v -0.0240164299 0.00273730088 -0.0665074801
v -0.0240048714 0.00267352868 -0.0664127088
v -0.024023325 0.00250956346 -0.066218822
v -0.0240556641 0.00297159005 -0.0667817283
v -0.0240106697 0.00299814035 -0.0667371511
v -0.0241244907 0.00324215699 -0.0670385695
v -0.0240221043 0.00324448396 -0.0669125056
v -0.0242466946 0.0034992199 -0.0672751927
v -0.0240385837 0.00347340394 -0.0670385695
v -0.0240081711 0.00346387673 -0.0669970918
v -0.0241869278 0.00371632386 -0.0672751927
v -0.0240092106 0.00371878434 -0.0670794821
v -0.0241462536 0.00397581864 -0.0672751927
v -0.0240067882 0.00396259118 -0.0671198225
v -0.0241374226 0.00423832704 -0.0672751927
v -0.024031374 0.00424122621 -0.067159574
v -0.0241605682 0.00449996759 -0.0672751927
v -0.0240164394 0.00448119927 -0.0671198225
v -0.0242056198 0.00472060014 -0.0672751927
v -0.0241029282 0.00474721719 -0.067159574
v -0.0242483349 0.00486454774 -0.0672751927
v -0.0242204685 0.00499655534 -0.0671987295
v -0.0240070267 0.0049899273 -0.0669550681
v -0.0241789169 0.0052337246 -0.0670385695
v -0.0241503925 0.00524794389 -0.0669970918
v -0.0242368336 0.00534266282 -0.0670385695
v -0.0242215557 0.00549861718 -0.0669125056
v -0.0240556736 0.00549708177 -0.066692102
v -0.0242486496 0.00569112588 -0.0667817283
v -0.024184515 0.00573854257 -0.0666465974
v -0.0240179367 0.00574220468 -0.066364758
v -0.0242428894 0.00592860986 -0.0665074801
v -0.0242404575 0.00599337388 -0.0664127088
v -0.0240915604 0.00599250604 -0.0661199403
v -0.0240053768 0.00599751283 -0.0658680606
v -0.024214632 0.00619096566 -0.0748686814
v -0.0242455597 0.00616002847 -0.0684216285
v -0.0242279835 0.00606951524 -0.0662677979
v -0.0242355747 0.00619851876 -0.0660199308
v -0.0241918011 0.00624147225 -0.0657657552
v -0.0241849537 0.00624819566 -0.0657143331
v -0.024004509 0.0061025982 -0.065440588
v -0.0240085144 0.00639707376 -0.0750508404
v -0.0241158218 0.00628977586 -0.0686082864
v -0.0242280216 0.00627775003 -0.0657657552
v -0.0242380161 0.00634162713 -0.0655072069
v -0.0241377277 0.00625623513 -0.0653907824
v -0.0241860409 0.0104621964 -0.0764565706
v -0.0241974754 0.0104507618 -0.0708606172
v -0.0240380497 0.010610178 -0.0709933019
v -0.0239710731 0.00247113038 -0.0660199308
v -0.0239947719 0.00240073968 -0.0659335423
v -0.0239024277 0.00272278596 -0.0662677979
v -0.0238056106 0.00272256661 -0.0660199308
v -0.0239027901 0.00252796937 -0.0659369969
v -0.0238994236 0.00299294282 -0.0665542722
v -0.0237635822 0.002980011 -0.0662677979
v -0.0237683887 0.0029279976 -0.066218822
v -0.0237683983 0.00275921632 -0.0659695387
v -0.0239419193 0.00321147729 -0.0667817283
v -0.0237668438 0.00324086953 -0.0665074801
v -0.0237625523 0.00318880845 -0.0664602876
v -0.0238538093 0.0034619217 -0.0667817283
v -0.0237647934 0.00348333169 -0.0666465974
v -0.0239772625 0.0037123375 -0.0670385695
v -0.0237922974 0.00372019578 -0.0667817283
v -0.0237653751 0.00371525575 -0.0667371511
v -0.0239376564 0.00399735261 -0.0670385695
v -0.0237580509 0.00398346711 -0.0667817283
v -0.0237507553 0.00380353738 -0.0667371511
v -0.0239315147 0.00424395371 -0.0670385695
v -0.0237514324 0.00424887467 -0.0667817283
v -0.0239511223 0.00448985864 -0.0670385695
v -0.0238886375 0.00449814607 -0.0669550681
v -0.0239962501 0.00473237802 -0.0670385695
v -0.0239349766 0.00474713136 -0.0669550681
v -0.0237584515 0.00474312593 -0.066692102
v -0.0238822098 0.00498720933 -0.0667817283
v -0.0238562603 0.00499590684 -0.0667371511
v -0.0239795799 0.00523421098 -0.0667817283
v -0.0239546699 0.0052455597 -0.0667371511
v -0.0237625999 0.00522831727 -0.0664127088
v -0.023998291 0.00527432252 -0.0667817283
v -0.0239677925 0.00549485017 -0.0665542722
v -0.0238673897 0.0054964428 -0.066364758
v -0.0237633819 0.00549640466 -0.0661199403
v -0.023995058 0.00558722306 -0.0665074801
v -0.0239583034 0.00572402764 -0.0662677979
v -0.0239283771 0.00574382592 -0.066169529
v -0.0238282795 0.00574905206 -0.0658680606
v -0.0237545509 0.00573454667 -0.0655591726
v -0.0239855499 0.00576444436 -0.0662677979
v -0.0239752026 0.00589330483 -0.0660199308
v -0.0239567108 0.00597071458 -0.0657657552
v -0.0237721081 0.0057680111 -0.0655363011
v -0.0238824386 0.00593959619 -0.0654891729
v -0.0239882488 0.00601112176 -0.0657657552
v -0.0239904137 0.00607574273 -0.0655072069
v -0.0239420433 0.00602222253 -0.0654650474
v -0.0239837856 0.00642180253 -0.0687917161
v -0.0238002224 0.00660536576 -0.0752279663
v -0.0238495178 0.00655607034 -0.068971858
v -0.0239608593 0.0106873684 -0.0765862942
v -0.0238770218 0.0107712154 -0.0711220336
v -0.023506052 0.000722740183 -0.0386728555
v -0.0235028095 0.000566757212 0.019000001
v -0.0235011883 0.000878685007 -0.0386632133
v -0.0235053368 0.00077475358 0.019000001
v -0.0236672707 0.00298989106 -0.0660199308
v -0.0237387295 0.00279564668 -0.0659377623
v -0.0236688919 0.00320448686 -0.0662677979
v -0.023573801 0.0032226925 -0.0660199308
v -0.0236233063 0.00303042222 -0.065932138
v -0.0236948128 0.00346406747 -0.0665074801
v -0.0235815353 0.00348343659 -0.0662677979
v -0.0235009212 0.00346274186 -0.0660199308
v -0.0235282059 0.00327394296 -0.0659208679
v -0.023634388 0.00373890687 -0.0665074801
v -0.0235312958 0.00372182656 -0.0662677979
v -0.023513176 0.00371882249 -0.066218822
v -0.0236061592 0.00397172738 -0.0665074801
v -0.0235019703 0.00396367837 -0.0662677979
v -0.0235055752 0.00376728822 -0.066218822
v -0.0237240715 0.00424962808 -0.0667371511
v -0.0235130043 0.00420697022 -0.0663164496
v -0.0236157532 0.00448697854 -0.0665074801
v -0.0235119362 0.00449890901 -0.0662677979
v -0.0237332649 0.00474872399 -0.0666465974
v -0.0235502453 0.00473950196 -0.0662677979
v -0.0235150833 0.00474668313 -0.066169529
v -0.0237232418 0.00499099542 -0.0665074801
v -0.0237017269 0.00499778558 -0.0664602876
v -0.0235295315 0.0049995308 -0.0660199308
v -0.0235021515 0.00495505143 -0.0659695387
v -0.0237377567 0.0050356083 -0.0665074801
v -0.0237247486 0.00524400521 -0.0663164496
v -0.02361129 0.00523670007 -0.0660199308
v -0.0235859985 0.0052466755 -0.0659189105
v -0.023500721 0.00516153146 -0.0656766796
v -0.023745882 0.00534074594 -0.0662677979
v -0.0237133713 0.00546586801 -0.0660199308
v -0.0236584778 0.00549322892 -0.0657657552
v -0.0235334225 0.00525893022 -0.0656565404
v -0.0237361545 0.00551058579 -0.0660199308
v -0.0237306614 0.005628994 -0.0657657552
v -0.0236515255 0.00554276277 -0.0655928111
v -0.023713047 0.00669255067 -0.0691486597
v -0.0235898037 0.00681578446 -0.0754000044
v -0.0235744114 0.0068311863 -0.0693220687
v -0.0237341423 0.0109140854 -0.0767105246
v -0.0237144203 0.0109338074 -0.0712467718
v -0.0235059471 0.0111422806 -0.0768292236
v -0.023550312 0.0110979204 -0.0713674831
v -0.0233269615 -0.000699541082 -0.04
v -0.0232725449 -0.000645124425 -0.0393902981
v -0.0233345241 -0.000707103719 -0.0306999999
v -0.0233345241 -0.000707103719 0.010999999
v -0.0233345241 -0.000707103719 0.020999999
v -0.0233328171 -0.000297700872 -0.0387582469
v -0.0232563991 -0.000491163244 0.019000001
v -0.0233498115 -0.000248538961 -0.0387531933
v -0.0234091968 -4.91924187e-05 -0.0387337348
v -0.0233498115 -0.000248538961 0.019000001
v -0.0234637756 0.000204999934 -0.0387112218
v -0.0234218712 1.24741594e-06 0.019000001
v -0.0234961433 0.000462949763 -0.0386908779
v -0.023472044 0.000256345759 0.019000001
v -0.0234999294 0.000514829646 -0.0386870831
v -0.0234999294 0.000514829646 0.019000001
v -0.0234934349 0.000982416163 -0.0386572897
v -0.0234977646 0.000930583964 0.019000001
v -0.0234583874 0.00124002267 -0.0386442977
v -0.0234882183 0.00103417207 0.019000001
v -0.0234011574 0.00149363328 -0.0386339772
v -0.023448698 0.00129113008 0.019000001
v -0.0233221931 0.00174133111 -0.0386264053
v -0.0233870907 0.00154370118 0.019000001
v -0.0232646103 0.00188633729 -0.0386232063
v -0.0233038349 0.00178999711 0.019000001
v -0.0234960194 0.00337338258 -0.0659147978
v -0.0234491844 0.00370821763 -0.0660199308
v -0.023454134 0.00352434922 -0.0659040356
v -0.0234189911 0.00395726014 -0.0660199308
v -0.0234016628 0.00377973367 -0.0658817697
v -0.0234937878 0.00420716096 -0.0662677979
v -0.0234105606 0.00420799066 -0.0660199308
v -0.0233711929 0.00403816987 -0.0658542395
v -0.023499052 0.0043532734 -0.0662677979
v -0.0234239597 0.00445850183 -0.0660199308
v -0.0233629627 0.00429767419 -0.0658216548
v -0.0234590835 0.00470689584 -0.0660199308
v -0.0233724232 0.00450471688 -0.06579211
v -0.023490488 0.00485413362 -0.0660199308
v -0.0234042473 0.00476118852 -0.0657510757
v -0.0234132595 0.00481200982 -0.0657423449
v -0.0234857387 0.00506599237 -0.0657657552
v -0.0234580536 0.0050132351 -0.0657057714
v -0.0234336586 0.0069719391 -0.0694920278
v -0.0233773346 0.0070282631 -0.0755669022
v -0.0232908268 0.0071147709 -0.0696584892
v -0.02327635 0.0113718872 -0.0769423532
v -0.0233847351 0.0112634926 -0.0714841294
v -0.023032629 -0.0010090084 -0.0393783626
v -0.023248312 -0.000793315878 -0.0398680079
v -0.0231979008 -0.000843727102 -0.0397444212
v -0.023078062 -0.000963565816 -0.0394723678
v -0.0230130215 -0.00094071578 -0.0306999999
v -0.0231191463 -0.000766651144 0.010999999
v -0.0232132072 -0.00058578681 -0.0387900412
v -0.0231438084 -0.000722047796 -0.0306999999
v -0.0232132072 -0.00058578681 0.010999999
v -0.0232132072 -0.00058578681 0.019000001
v -0.0232220764 0.00198125649 -0.0386216393
v -0.0232437534 0.00193398286 0.019000001
v -0.0231015606 0.00221161653 -0.0386197147
v -0.0231995792 0.00202814866 0.019000001
v -0.0230198307 0.00234452058 -0.0386199307
v -0.0230750866 0.00225639154 0.019000001
v -0.0231628628 0.00724273492 -0.0757286119
v -0.0231459637 0.00725962449 -0.0698214006
v -0.0232177563 0.011430481 -0.0715966725
v -0.0230453987 0.0116028338 -0.0770498896
v -0.0230494041 0.0115988283 -0.0717050815
v -0.0227905388 -0.00125109862 -0.0389931554
v -0.022766592 -0.00126524161 -0.0306999999
v -0.022766592 -0.00126524161 0.010999999
v -0.0229886265 -0.00105300139 -0.0392928502
v -0.022956583 -0.00108504485 -0.0392342982
v -0.0227950401 -0.00124658774 -0.0389980435
v -0.0227997703 -0.00122655105 -0.0306999999
v -0.0229555817 -0.0010249443 0.010999999
v -0.0229846592 -0.000983077993 -0.0306999999
v -0.0229846592 -0.000983077993 0.010999999
v -0.0229313106 0.00247299005 -0.0386211747
v -0.0229910679 0.00238785554 0.019000001
v -0.02276931 0.00267633248 -0.038625522
v -0.0229003258 0.00251477052 0.019000001
v -0.022946455 0.00745914269 -0.0758850861
v -0.0229991169 0.0074064808 -0.0699807119
v -0.0228503246 0.00755527307 -0.0701363754
v -0.022813179 0.0118350487 -0.0771517944
v -0.0228797455 0.011768487 -0.0718093228
v -0.0225223846 -0.00151925277 -0.0390030658
v -0.0225407333 -0.00150089454 -0.0389728129
v -0.0225140114 -0.0015218563 -0.0306999999
v -0.0225140114 -0.0015218563 0.010999999
v -0.0227467747 -0.0012948532 -0.0389516303
v -0.0226274128 -0.00141421508 -0.0306999999
v -0.0226274128 -0.00141421508 0.010999999
v -0.0227348347 0.00271527101 -0.0386267304
v -0.0227348347 0.00271527101 0.019000001
v -0.0225142593 0.00293584634 -0.0386363217
v -0.0226996822 0.00275360871 0.019000001
v -0.022728178 0.00767741014 -0.0760362768
v -0.0226996345 0.00770596314 -0.0702883434
v -0.0225080986 0.00789749909 -0.0761821365
v -0.0225470943 0.00785850335 -0.0704365706
v -0.022708828 0.0119394093 -0.0719093633
v -0.0225797577 0.0120684748 -0.0772480345
v -0.0225366993 0.0121115379 -0.0720051718
v -0.0223814983 -0.00166012954 -0.0398051625
v -0.0224035854 -0.00163805198 -0.0395225498
v -0.0224428959 -0.00159874152 -0.0392532834
v -0.0224986381 -0.00154299926 -0.039054282
v -0.0222711773 -0.00171869468 -0.0306999999
v -0.022474987 -0.00155639838 0.010999999
v -0.0224753208 0.00297032167 -0.038638306
v -0.0224753208 0.00297032167 0.019000001
v -0.0222719784 0.00313232232 -0.0386498448
v -0.022435791 0.00300411988 0.019000001
v -0.0222862739 0.0081193142 -0.0763226318
v -0.0223927421 0.008012846 -0.0705810094
v -0.0223452015 0.012303031 -0.0773385859
v -0.0223634167 0.0122848206 -0.0720967197
v -0.0222375698 -0.0017523117 -0.04
v -0.0220091648 -0.00188919257 -0.0306999999
v -0.022185833 -0.00177854728 0.010999999
v -0.0222287578 -0.00174899291 -0.0306999999
v -0.0222287578 -0.00174899291 0.010999999
v -0.0220996876 0.00324885179 -0.0386609742
v -0.0222296734 0.00316256333 0.019000001
v -0.0220106048 0.00330257226 -0.0386671537
v -0.0220553799 0.00327609826 0.019000001
v -0.0222366352 0.00816895295 -0.0707216191
v -0.0220627804 0.00834280778 -0.0764577103
v -0.0220788212 0.00832677651 -0.0708583546
v -0.0221890278 0.0124592047 -0.0721839833
v -0.0221095772 0.0125386553 -0.0774234247
v -0.0220135898 0.0126346378 -0.0722669315
v -0.0217782326 -0.0020098133 -0.0306999999
v -0.0217782326 -0.0020098133 0.010999999
v -0.0219552822 -0.00189880561 -0.04
v -0.0218252487 -0.00198730658 -0.0306999999
v -0.0219638367 -0.00191491317 0.010999999
v -0.0217802448 0.00342308808 -0.0386843356
v -0.0219653816 0.00332826425 0.019000001
v -0.0219193382 0.00848624993 -0.0709911752
v -0.0218376751 0.00856791307 -0.0765873384
v -0.0217582436 0.00864735414 -0.0711200404
v -0.0218729515 0.012775281 -0.0775025177
v -0.0218371601 0.0128110724 -0.0723455381
v -0.0216600532 -0.0020164318 -0.04
v -0.0215377064 -0.00210993957 -0.0306999999
v -0.0217308445 -0.00203150939 0.010999999
v -0.0217100258 -0.00199889373 -0.04
v -0.0216373272 0.00348565866 -0.0386957917
v -0.0217329712 0.0034447651 0.019000001
v -0.0215403194 0.00352320481 -0.0387038884
v -0.0215889854 0.00350484658 0.019000001
v -0.0216110344 0.0087945633 -0.0767114782
v -0.0215955849 0.00881001283 -0.0712449098
v -0.0216597862 0.0129884462 -0.0724197841
v -0.0216354103 0.0130128269 -0.0775758505
v -0.0214575691 -0.00207819175 -0.04
v -0.0212894077 -0.0021888275 -0.0306999999
v -0.0214886112 -0.00212743949 0.010999999
v -0.0212926216 0.00360216905 -0.0387256646
v -0.0214913387 0.00354070474 0.019000001
v -0.0214314003 0.00897418786 -0.0713657475
v -0.0213829155 0.0090226822 -0.0768300915
v -0.0212657661 0.00913983155 -0.0714825153
v -0.0214815254 0.013166707 -0.0724896431
v -0.0213970013 0.0132512312 -0.0776433945
v -0.0213024254 0.0133458023 -0.0725550961
v -0.0212131996 -0.00282842826 -0.04
v -0.0212131996 -0.00282842826 -0.0306999999
v -0.0212131996 -0.00282842826 0.010999999
v -0.0212131996 -0.00282842826 0.020999999
v -0.0211997719 -0.00213612746 -0.04
v -0.0210351868 -0.00224586677 -0.0306999999
v -0.0212389774 -0.00220199775 0.010999999
v -0.021039011 0.00365938951 -0.0387495014
v -0.0212423057 0.0036153679 0.019000001
v -0.0211533852 0.009252203 -0.07694314
v -0.0210987015 0.00930688668 -0.0715951753
v -0.0211578102 0.0134904223 -0.0777051306
v -0.0211225529 0.0135256796 -0.0726161194
v -0.020776989 -0.00228063773 -0.0306999999
v -0.0209838028 -0.00225461196 0.010999999
v -0.0209909458 -0.00216679763 -0.04
v -0.0207814045 0.00369444657 -0.0387752193
v -0.020987751 0.00366819192 0.019000001
v -0.0209225197 0.00948307801 -0.0770505953
v -0.0209302826 0.00947530557 -0.0717036986
v -0.0207605476 0.00964505006 -0.0718080497
v -0.0209179039 0.0137303286 -0.0777610445
v -0.020941946 0.0137062817 -0.0726727009
v -0.0207606811 0.0138875561 -0.0727248168
v -0.0206627865 -0.00227800559 -0.0392540345
v -0.0206730194 -0.00228824805 -0.0390000001
v -0.0206730194 -0.00228824805 -0.0306999999
v -0.0207250328 -0.00228489112 0.010999999
v -0.0206730194 -0.00228824805 0.019000001
v -0.0207282848 -0.00218530845 -0.04
v -0.0206125946 -0.00222781371 -0.0396867454
v -0.020521738 0.00370706368 -0.0388026252
v -0.0207295723 0.00369876672 0.019000001
v -0.0206903763 0.00971521188 -0.0771524239
v -0.0205895443 0.00981604386 -0.071908195
v -0.0206773586 0.0139708738 -0.0778111172
v -0.0205787868 0.0140694409 -0.0727724552
v -0.0204493732 -0.00226468276 -0.0394065401
v -0.0204650135 -0.00229261588 -0.0390000001
v -0.0204650135 -0.00229261588 0.019000001
v -0.0202619476 0.00369715501 -0.0388315135
v -0.0204697246 0.00370688249 0.019000001
v -0.0204570312 0.00994855691 -0.0772485971
v -0.0204173393 0.00998824884 -0.072004106
v -0.0204362316 0.0142119961 -0.0778553343
v -0.0203963394 0.0142518883 -0.0728155994
v -0.0202081032 -0.00225082587 -0.0394023055
v -0.0202053947 -0.00227778624 -0.0390000001
v -0.0202053947 -0.00227778624 0.019000001
v -0.02024687 -0.0022477455 -0.0394490433
v -0.0200003738 -0.00224308204 -0.0392016086
v -0.0200039883 0.0036647873 -0.0388616672
v -0.020210144 0.00369247247 0.019000001
v -0.0202225609 0.0101830368 -0.0773390818
v -0.0202439804 0.0101616173 -0.0720957518
v -0.0200695057 0.0103360825 -0.0721831059
v -0.0201946087 0.0144536238 -0.0778936815
v -0.0202133961 0.0144348412 -0.0728542376
v -0.020029995 0.0146182375 -0.0728883576
v -0.0199457474 -0.00219586562 -0.0395087045
v -0.0199955959 -0.00220669936 -0.0394991249
v -0.0199992294 -0.00224976729 -0.0390000001
v -0.0199992294 -0.00224976729 0.019000001
v -0.0198002453 0.00362288285 -0.0388865492
v -0.0199527855 0.00365564157 0.019000001
v -0.0199870129 0.0104185753 -0.0774238539
v -0.019750473 0.0106551151 -0.0775028896
v -0.0198939915 0.0105116062 -0.0722661424
v -0.0199525566 0.0146956759 -0.0779261446
v -0.0198462028 0.0148020344 -0.0729179502
v -0.019748146 -0.00214385222 -0.0395454726
v -0.0197489376 -0.00218000602 -0.039302128
v -0.0197450657 -0.00219475936 -0.0390000001
v -0.0197450657 -0.00219475936 0.019000001
v -0.0195012875 0.00353382875 -0.0389248568
v -0.0197497959 0.00361020852 0.019000001
v -0.0197174663 0.0106881218 -0.0723448348
v -0.0195130176 0.0108925753 -0.0775761652
v -0.0195400066 0.0108655815 -0.0724191594
v -0.0197101421 0.0149380903 -0.0779527235
v -0.0196620674 0.0149861603 -0.0729430056
v -0.0194588489 -0.00204033088 -0.0395956746
v -0.0194598884 -0.00206794929 -0.0394522309
v -0.019496624 -0.00211795043 -0.0390000001
v -0.019496624 -0.00211795043 0.019000001
v -0.019364769 -0.00199918937 -0.0396110079
v -0.0192700596 -0.00198875617 -0.0394522309
v -0.0192603321 0.00343622018 -0.0389574182
v -0.0194038982 0.00349729348 0.019000001
v -0.0194524403 0.0035159855 -0.0389313316
v -0.0194524403 0.0035159855 0.019000001
v -0.0192746944 0.0111308937 -0.0776436615
v -0.01936166 0.0110439329 -0.0724890924
v -0.0194674415 0.0151807909 -0.0779734039
v -0.0194776554 0.0151705723 -0.0729635143
v -0.0192930241 0.0153552084 -0.0729794741
v -0.0192262478 -0.00193141173 -0.0396326301
v -0.0192234917 -0.00196691703 -0.0394522309
v -0.0192086716 -0.00199782561 -0.0390000001
v -0.0192086716 -0.00199782561 0.019000001
v -0.0190218468 0.00330839921 -0.04
v -0.0192062302 0.00342118074 -0.0394786265
v -0.0192132015 0.00341420938 -0.0389639768
v -0.0192132015 0.00341420938 -0.0306999999
v -0.0190296287 0.0033186226 0.010999999
v -0.0192132015 0.00341420938 0.019000001
v -0.0191824741 0.0112231236 -0.0725546145
v -0.0190355892 0.0113699989 -0.0777053547
v -0.0190024967 0.0114030914 -0.0726157069
v -0.0192245216 0.0154237108 -0.0779881763
v -0.019108221 0.0155400114 -0.0729908752
v -0.0189599247 -0.00177472304 -0.0396707073
v -0.0189967461 -0.00184580039 -0.0394522309
v -0.0189792938 -0.00187531661 -0.0390000001
v -0.0189792938 -0.00187531661 0.019000001
v -0.0189170761 -0.00174596023 -0.0396763611
v -0.0188234348 -0.00173505019 -0.0394522309
v -0.0187613983 -0.0017333908 -0.0390000001
v -0.0187613983 -0.0017333908 0.019000001
v -0.0187651749 0.00311286737 -0.04
v -0.0188965053 0.00323875238 -0.0306999999
v -0.0187677021 0.00315210153 0.010999999
v -0.0189777107 0.0032776146 -0.04
v -0.0189847965 0.00329276849 -0.0306999999
v -0.018940422 0.0032661419 0.010999999
v -0.0187957783 0.0116098147 -0.0777612257
v -0.018821804 0.0115837841 -0.0726723456
v -0.0189814587 0.015666769 -0.0779970455
v -0.0189233036 0.0157249289 -0.0729977179
v -0.0187102432 -0.0015913124 -0.0397015607
v -0.0187397594 -0.00167523574 -0.0394522309
v -0.0187193413 -0.00170276832 -0.0390000001
v -0.0187193413 -0.00170276832 0.019000001
v -0.0185925026 -0.00149019431 -0.0397141719
v -0.0185018749 -0.00147889327 -0.0394522309
v -0.0185297985 0.00289265443 -0.04
v -0.01856353 0.002993248 -0.0306999999
v -0.0185243816 0.00295940209 0.010999999
v -0.018644659 0.00300570298 -0.04
v -0.0187257881 0.00312174607 -0.0306999999
v -0.01860326 0.00302641679 0.010999999
v -0.0185553093 0.0118502789 -0.0778112602
v -0.0186404438 0.0117651539 -0.0727245188
v -0.0187383289 0.0159099035 -0.0780000019
v -0.0187383289 0.0159099035 -0.0729999995
v -0.0184787102 -0.0015041561 -0.0390000001
v -0.0184787102 -0.0015041561 0.019000001
v -0.0184799118 -0.00138314437 -0.0397248587
v -0.0184970207 -0.00148418616 -0.0394023055
v -0.0184406681 -0.00146866988 -0.0390000001
v -0.0184406681 -0.00146866988 0.019000001
v -0.0183383388 -0.00123171042 -0.0397360656
v -0.0182519169 -0.00122010421 -0.0394522309
v -0.0182534714 0.00256481935 -0.04
v -0.0183022804 0.00274259378 -0.0306999999
v -0.0182674999 0.00270427514 0.010999999
v -0.0184208984 0.00277403642 -0.04
v -0.0184858246 0.00292487908 -0.0306999999
v -0.018337719 0.00278030206 0.010999999
v -0.0184584541 0.011947134 -0.0727722073
v -0.0183142776 0.0120913105 -0.0778554392
v -0.0182759113 0.0121296768 -0.0728153992
v -0.0182389278 -0.00111200522 -0.0397421595
v -0.0182464523 -0.00122477721 -0.0394023055
v -0.0182258625 -0.00124238204 -0.0390000001
v -0.0182258625 -0.00124238204 0.019000001
v -0.0181456394 -0.000987388601 -0.0397462541
v -0.0180639381 -0.000975563039 -0.0394522309
v -0.0180357094 -0.000995008459 -0.0390000001
v -0.0180357094 -0.000995008459 0.019000001
v -0.0180248566 0.00220371057 -0.04
v -0.018050663 0.00225044061 -0.04
v -0.0180731316 0.00246228982 -0.0306999999
v -0.0180140324 0.00237731744 0.010999999
v -0.0182221908 0.00252136041 -0.04
v -0.0182333774 0.00266535569 -0.0306999999
v -0.0181037636 0.002503994 0.010999999
v -0.0180727405 0.0123328476 -0.0778937578
v -0.0180928631 0.0123127251 -0.0728540802
v -0.0179948921 -0.000777589788 -0.0396996593
v -0.0179956646 -0.0008971424 -0.0393522665
v -0.0179781742 -0.000908319463 -0.0390000001
v -0.0179781742 -0.000908319463 0.019000001
v -0.0179783554 -0.000724822988 -0.0397484055
v -0.0179023857 -0.000712816228 -0.0394522309
v -0.0178722877 -0.000729228963 -0.0390000001
v -0.0178722877 -0.000729228963 0.019000001
v -0.0178596897 -0.000494110097 -0.0397440398
v -0.0177892036 -0.000481998434 -0.0394522309
v -0.0177577991 -0.000495740881 -0.0390000001
v -0.0177577991 -0.000495740881 0.019000001
v -0.0177522774 0.00151294519 -0.04
v -0.0178301449 0.00176638413 -0.04
v -0.0177857323 0.0019718628 -0.0306999999
v -0.0177643223 0.00192475129 0.010999999
v -0.0179298611 0.00201283265 -0.04
v -0.0179309673 0.00224616815 -0.0306999999
v -0.0178079529 0.00201860238 0.010999999
v -0.0179855938 0.00233407785 -0.0306999999
v -0.0179578991 0.00229036141 0.010999999
v -0.0179093666 0.0124962216 -0.0728882384
v -0.0178307838 0.0125748139 -0.0779262018
v -0.0177468414 -0.000333148946 -0.039551684
v -0.0177471275 -0.000443822851 -0.0392519039
v -0.0177373524 -0.000447904577 -0.0390000001
v -0.0177373524 -0.000447904577 0.019000001
v -0.0177434845 -0.000205547323 -0.0397314587
v -0.0176964302 -0.000242244711 -0.0394522309
v -0.017647726 -0.000203792562 -0.0390000001
v -0.017647726 -0.000203792562 0.019000001
v -0.0176693268 4.25701241e-05 -0.0397149485
v -0.0176247711 4.63295977e-06 -0.0394522309
v -0.017579586 4.71668343e-05 -0.0390000001
v -0.017579586 4.71668343e-05 0.019000001
v -0.0176163978 0.000295656214 -0.0396930897
v -0.0175747604 0.000256793986 -0.0394522309
v -0.0175408764 0.000251586924 -0.0390000001
v -0.0175408764 0.000251586924 0.019000001
v -0.0176547928 0.000729978571 -0.04
v -0.0175896091 0.000500429163 -0.03967186
v -0.0175467796 0.000512340556 -0.0394522309
v -0.0175125713 0.000510089884 -0.0390000001
v -0.0175125713 0.000510089884 0.019000001
v -0.0176548405 0.000782535563 -0.04
v -0.0175757713 0.000757673273 -0.0396408117
v -0.0175488014 0.000835979472 -0.039487631
v -0.0175067539 0.000770061503 -0.0390000001
v -0.0175182838 0.000977256785 -0.0306999999
v -0.0175107403 0.000874031077 0.010999999
v -0.0175107403 0.000874031077 0.019000001
v -0.0176689453 0.0010452633 -0.04
v -0.0175526638 0.00123365212 -0.0306999999
v -0.017523386 0.0010287552 0.010999999
v -0.0176968498 0.00125442315 -0.04
v -0.0176090069 0.00148612786 -0.0306999999
v -0.017562191 0.00128452111 0.010999999
v -0.0176868839 0.00173280526 -0.0306999999
v -0.0176228733 0.00153598596 0.010999999
v -0.0177437229 0.00187726785 -0.0306999999
v -0.0177050037 0.00178129006 0.010999999
v -0.0177254791 0.0126801138 -0.0729178619
v -0.0175884552 0.0128171377 -0.0779527569
v -0.0175412483 0.0128643446 -0.0729429436
v -0.01734585 0.0130597477 -0.077973423
v -0.0173567409 0.013048852 -0.0729634762
v -0.0171720047 0.0132335882 -0.0729794502
v -0.0171030159 0.0133025723 -0.0779881859
v -0.0169870968 0.0134184914 -0.0729908657
v -0.0168600483 0.0135455399 -0.0779970455
v -0.016802084 0.013603509 -0.0729977155
v -0.0165690346 0.013743866 -0.0748642969
v -0.0165188522 0.0137039929 -0.0747232032
v -0.0165000935 0.0137451773 -0.0743794727
v -0.0166170139 0.0137885838 -0.0780000019
v -0.0166099377 0.0137956553 -0.0779999971
v -0.0165092487 0.0138963394 -0.0760935688
v -0.0165343876 0.0138712053 -0.0759597588
v -0.0165747566 0.0138308411 -0.0756888437
v -0.016596281 0.0138093166 -0.0754834223
v -0.0166131992 0.0137923937 -0.0752075958
v -0.0166168899 0.013788703 -0.074966743
v -0.0166093655 0.0137962275 -0.0747345996
v -0.0165867824 0.0138188057 -0.0744713545
v -0.0165552063 0.0138503866 -0.0742436194
v -0.0165060825 0.0138995152 -0.0739872813
v -0.0166099377 0.0137956553 -0.0729999971
v -0.0164110012 0.00621641923 -0.0355293202
v -0.0164363594 0.00619106103 -0.0352569521
v -0.0164392681 0.00618815232 -0.0350214761
v -0.0164247532 0.00620266725 -0.0347868605
v -0.0163860245 0.00624139596 -0.0345176572
v -0.0163786049 0.00624881555 -0.034479816
v -0.0164110012 0.00621641923 0.0149706793
v -0.0164363594 0.00619106103 0.0152430487
v -0.0164392681 0.00618815232 0.0154785252
v -0.0164247532 0.00620266725 0.0157131386
v -0.0163860245 0.00624139596 0.0159823418
v -0.0163786049 0.00624881555 0.0160201836
v -0.0163026829 0.00632472802 -0.0360151575
v -0.016370718 0.00625670243 -0.0357578363
v -0.016324379 0.00630303193 -0.0342571352
v -0.0162540073 0.0063734131 -0.034043689
v -0.0163026829 0.00632472802 0.0144848442
v -0.016370718 0.00625670243 0.0147421646
v -0.016324379 0.00630303193 0.0162428665
v -0.0162540073 0.0063734131 0.0164563131
v -0.0164928455 0.0136860209 -0.0746507478
v -0.0164247913 0.0136473112 -0.0744644046
v -0.0163365192 0.0136136322 -0.0742312431
v -0.0162525291 0.0137142544 -0.0737505126
v -0.0162689609 0.0137458878 -0.073726356
v -0.016414444 0.013991149 -0.076486516
v -0.0164808578 0.0139247303 -0.0762260723
v -0.0164785023 0.0137585621 -0.0742506957
v -0.0164207191 0.0137836533 -0.0740092874
v -0.0164989872 0.0139066057 -0.0739555836
v -0.0164435692 0.0139620237 -0.073736155
v -0.0162618751 0.013998745 -0.0733535337
v -0.0162681599 0.0141374331 -0.0769244194
v -0.0163354416 0.0140701513 -0.0767398357
v -0.016397974 0.0140076189 -0.073582406
v -0.0163683243 0.0140372686 -0.0734916091
v -0.0162694664 0.0141361265 -0.0732262707
v -0.0162569446 0.014416316 -0.0729999995
v -0.0162945194 0.0145094423 -0.0729999995
v -0.0163719959 0.0147578888 -0.0729999995
v -0.016419384 0.0150132399 -0.0729999995
v -0.0164354916 0.0152527313 -0.0729999995
v -0.0164220543 0.0155126886 -0.0729999995
v -0.0163760013 0.0157683401 -0.0729999995
v -0.0162970848 0.0160160141 -0.0729999995
v -0.0162129898 0.00641443063 -0.0362588356
v -0.0162407513 0.00638665963 -0.0361908217
v -0.0162407513 0.00638665963 -0.0340091784
v -0.0161363811 0.00649103929 -0.0337774832
v -0.0162129898 0.00641443063 0.0142411661
v -0.0162407513 0.00638665963 0.0143091774
v -0.0162407513 0.00638665963 0.0164908218
v -0.0161363811 0.00649103929 0.016722517
v -0.0160856743 0.00654174615 -0.0365159708
v -0.0161198635 0.00650755693 -0.0364540838
v -0.0160128231 0.00661459733 -0.0335655037
v -0.0160856743 0.00654174615 0.0139840269
v -0.0161198635 0.00650755693 0.0140459156
v -0.0160128231 0.00661459733 0.016934495
v -0.0162393207 0.013595398 -0.0739875102
v -0.0161324806 0.0135941486 -0.0737360239
v -0.0160154171 0.0136114292 -0.073479867
v -0.0161804218 0.0137556057 -0.0735358834
v -0.0160153313 0.0137597065 -0.0732567477
v -0.0160034771 0.013843153 -0.0731366873
v -0.0161680908 0.0142375021 -0.0771623802
v -0.0162442417 0.0141613512 -0.0769848204
v -0.0162212963 0.0140094881 -0.0732765365
v -0.0162455482 0.0141600447 -0.0731688237
v -0.0161697025 0.0142358856 -0.0729999995
v -0.0160270328 0.0143785601 -0.0774451303
v -0.0161412735 0.0142643194 -0.0772202921
v -0.0161791344 0.0142535524 -0.0729999995
v -0.0160285301 0.0143457346 -0.0727464032
v -0.0162185306 0.014510253 -0.0728968954
v -0.0161561031 0.0146720438 -0.0727473021
v -0.0162338085 0.0147598009 -0.0728159142
v -0.0162024803 0.0148619919 -0.0727480459
v -0.0160005398 0.0149901514 -0.0724826694
v -0.0162495441 0.0152372818 -0.072763238
v -0.0162343521 0.0151063423 -0.0727491617
v -0.016003582 0.0150109892 -0.0724831152
v -0.0162457676 0.0154682188 -0.0727764988
v -0.0162315102 0.0152657347 -0.0727411008
v -0.0160297031 0.0152618914 -0.0724975467
v -0.0162409515 0.0155050783 -0.0727765322
v -0.0162099571 0.0155237703 -0.0727416515
v -0.016195385 0.0157609968 -0.0727863955
v -0.0161607284 0.0157519846 -0.072741096
v -0.0162496014 0.0161263256 -0.0729999995
v -0.0160674496 0.0160131388 -0.0727388883
v -0.0160215874 0.0164926033 -0.0730000162
v -0.0161854668 0.0162508278 -0.0729999995
v -0.0160039444 0.016514142 -0.0729999995
v -0.0159138222 0.00671359826 -0.0367720759
v -0.0159937019 0.00663370896 -0.0366629814
v -0.015974247 0.00665317346 -0.0335090098
v -0.0158930225 0.00673438836 -0.0334019035
v -0.0159138222 0.00671359826 0.0137279224
v -0.0159937019 0.00663370896 0.013837018
v -0.015974247 0.00665317346 0.0169909906
v -0.0158930225 0.00673438836 0.0170980978
v -0.0158719082 0.00675550271 -0.0368235999
v -0.0157617969 0.00686562348 -0.0332569079
v -0.0158719082 0.00675550271 0.0136764002
v -0.0157617969 0.00686562348 0.0172430944
v -0.0159948654 0.0136162214 -0.0734369349
v -0.0158873196 0.0136488037 -0.0732218242
v -0.0157955284 0.0137261658 -0.0729999089
v -0.0159612675 0.0137589102 -0.0731789398
v -0.0159496994 0.0139066916 -0.0729953647
v -0.0157656021 0.0139341812 -0.0727488041
v -0.015996067 0.0140126257 -0.0729531622
v -0.0159459419 0.0141907911 -0.0727484584
v -0.015934288 0.0144713049 -0.0776061296
v -0.0159967728 0.0144088154 -0.0774995518
v -0.0159984703 0.0142511015 -0.0727696753
v -0.0159724541 0.0142653732 -0.0727292585
v -0.0157874699 0.0143089705 -0.0724980116
v -0.0157669849 0.014638608 -0.0778586435
v -0.0158692284 0.0145363693 -0.0777095842
v -0.0159846802 0.0145059519 -0.0726107025
v -0.0159113712 0.0145756369 -0.0724985194
v -0.0159857387 0.0147542601 -0.0725183892
v -0.0159560223 0.0147516375 -0.0724859285
v -0.0157518501 0.0149491387 -0.072225585
v -0.0159761734 0.0150074844 -0.0724526882
v -0.0157670231 0.015007432 -0.0722310066
v -0.0159810276 0.0152538567 -0.0724415421
v -0.015792305 0.0152672558 -0.0722364759
v -0.0159936733 0.015643919 -0.0725058603
v -0.0159945507 0.0155013304 -0.0724775052
v -0.0157743568 0.0155127459 -0.0722329307
v -0.0159979267 0.0159652071 -0.0726285458
v -0.0159496422 0.0157821398 -0.0724941945
v -0.0159954281 0.0162292509 -0.0727814603
v -0.0159975834 0.0161500864 -0.0727314305
v -0.0158621807 0.0160044508 -0.0724797916
v -0.0159921951 0.0163731413 -0.0728849006
v -0.0159462185 0.0162573414 -0.0727394748
v -0.0157531567 0.0162574082 -0.0724889517
v -0.0159910316 0.0165293722 -0.0729999995
v -0.0157808514 0.0165020542 -0.0727262759
v -0.0157598801 0.0167572003 -0.0729876542
v -0.0156923408 0.00693507958 -0.0370081082
v -0.0157389088 0.00688850213 -0.0369653346
v -0.0156447334 0.00698267747 -0.0331514429
v -0.0156923408 0.00693507958 0.0134918928
v -0.0157389088 0.00688850213 0.0135346651
v -0.0156447334 0.00698267747 0.0173485565
v -0.0156205673 0.00700684358 -0.0370678943
v -0.0155216236 0.00710579682 -0.0330608074
v -0.0156205673 0.00700684358 0.013432107
v -0.0155216236 0.00710579682 0.0174391937
v -0.0157473678 0.0137070446 -0.0729642987
v -0.0156474991 0.0137574225 -0.0727945781
v -0.0155956097 0.0137860613 -0.0727106905
v -0.0155495949 0.013972538 -0.0724971294
v -0.0157253952 0.0140019064 -0.0726470256
v -0.0156711311 0.0141274386 -0.0724965525
v -0.015728447 0.0142540102 -0.0724705601
v -0.015502264 0.0142918425 -0.0722389889
v -0.0156594105 0.0147461825 -0.0780000019
v -0.0156958408 0.0147097473 -0.077953763
v -0.0157147808 0.0145006352 -0.0723279691
v -0.0156905289 0.0146386032 -0.0722497439
v -0.0157351894 0.0147724323 -0.0722500396
v -0.0157291431 0.014753211 -0.0722496533
v -0.0155031986 0.0149862747 -0.0719905543
v -0.0157343597 0.0150103073 -0.0721982241
v -0.0155101128 0.015005086 -0.0719932389
v -0.0157269783 0.0152513056 -0.0721703076
v -0.0155200596 0.0152656202 -0.0719753194
v -0.0157483406 0.0157477265 -0.072251606
v -0.015746252 0.0155148773 -0.0722035885
v -0.0155183906 0.0155101709 -0.0719794083
v -0.0157499428 0.0157646637 -0.0722580123
v -0.0157225342 0.0157528715 -0.0722248006
v -0.0157401295 0.0160027866 -0.0723324442
v -0.015668642 0.0160022192 -0.0722499323
v -0.0157491035 0.0164861374 -0.0726664042
v -0.0157350273 0.0162602453 -0.0724676132
v -0.01553899 0.0162661057 -0.0722316027
v -0.0157485027 0.0167464953 -0.0729587507
v -0.015742876 0.0165607338 -0.0727315116
v -0.0156083603 0.0165117006 -0.0724933624
v -0.0155228252 0.0169933968 -0.0729791045
v -0.0156016464 0.0167513113 -0.0727382636
v -0.0155097122 0.0170065384 -0.0729787374
v -0.0154963608 0.00713105966 -0.0371554773
v -0.0154452343 0.0071821766 -0.0330138363
v -0.0153933926 0.00723402787 -0.0329856916
v -0.0154963608 0.00713105966 0.0133445215
v -0.0154452343 0.0071821766 0.0174861622
v -0.0153933926 0.00723402787 0.0175143099
v -0.0153143997 0.00731301118 -0.0372516857
v -0.0153672142 0.0072601967 -0.0372274168
v -0.0152610226 0.00736639787 -0.0329266669
v -0.0153143997 0.00731301118 0.0132483149
v -0.0153672142 0.0072601967 0.0132725811
v -0.0152610226 0.00736639787 0.0175733328
v -0.0154879303 0.0138502102 -0.0725455046
v -0.0154321499 0.0138857107 -0.0724644613
v -0.0154862804 0.0140140467 -0.0724074411
v -0.015257122 0.0140058498 -0.072229085
v -0.0154842014 0.0142561464 -0.0722440004
v -0.0152587623 0.0144551497 -0.0719670177
v -0.0154753036 0.0145100432 -0.072109313
v -0.0153498382 0.0145344906 -0.0719997716
v -0.0154525967 0.0147540217 -0.0720031142
v -0.0154120846 0.0147625856 -0.0719680524
v -0.015472023 0.0150131922 -0.0719596648
v -0.0154775734 0.0152552252 -0.071938684
v -0.0154838009 0.0155179339 -0.0719486332
v -0.015492279 0.0158167248 -0.0720047855
v -0.0154789753 0.0157629376 -0.0719798493
v -0.0154703827 0.0160134583 -0.0720420718
v -0.0154010601 0.016005023 -0.0719708467
v -0.0154992695 0.0163875799 -0.0722592068
v -0.0154834099 0.0162543612 -0.0721620274
v -0.0152900906 0.0162515049 -0.0719591784
v -0.0154861565 0.0167012196 -0.0725028157
v -0.015484087 0.0165109377 -0.0723286462
v -0.0154083748 0.0165122109 -0.072236166
v -0.0154969711 0.0169967489 -0.0729343987
v -0.0154986687 0.0168718987 -0.0727315187
v -0.0154253788 0.0167512875 -0.072467382
v -0.0152507419 0.0167522125 -0.0722347784
v -0.0154856415 0.0170412712 -0.0729999995
v -0.0153740234 0.0170152025 -0.0727282786
v -0.0152620239 0.0172550516 -0.0729733849
v -0.0152341385 0.00739328195 -0.0372831655
v -0.0151528187 0.00747460176 -0.0328913388
v -0.0152341385 0.00739328195 0.0132168341
v -0.0151528187 0.00747460176 0.0176086617
v -0.015125515 0.00750190545 -0.0373158175
v -0.0150155468 0.00761187364 -0.0328623258
v -0.015125515 0.00750190545 0.0131841803
v -0.0150155468 0.00761187364 0.0176376724
v -0.0152268524 0.0140278177 -0.0721911645
v -0.015039093 0.0141705351 -0.0719727063
v -0.0152481098 0.0142603045 -0.0720581341
v -0.0151456947 0.0142645292 -0.0719855332
v -0.0152336998 0.0145012503 -0.0719290638
v -0.0150070591 0.0146667366 -0.0717185473
v -0.0152153416 0.0147500305 -0.0718256092
v -0.0150591869 0.0147542076 -0.0717215967
v -0.0152455635 0.0150096541 -0.0717840147
v -0.0151936264 0.0150041895 -0.0717481971
v -0.0152495689 0.0154414969 -0.0717504358
v -0.0152197285 0.0152657585 -0.0717331743
v -0.0152467747 0.015544384 -0.0717519403
v -0.0152319546 0.0155085449 -0.0717387366
v -0.0152404518 0.0157512217 -0.0717689419
v -0.0152014274 0.015764144 -0.0717398
v -0.015208456 0.0160054665 -0.0717971516
v -0.0151251812 0.0160155039 -0.0717314839
v -0.0152439327 0.0164638739 -0.0720217776
v -0.0152147503 0.0162513428 -0.0718877864
v -0.015049078 0.0162593632 -0.0717470717
v -0.0152247066 0.016518939 -0.0720347047
v -0.0151893444 0.0165201264 -0.0719989896
v -0.0152316494 0.016801713 -0.0722549582
v -0.0152206821 0.0167531328 -0.0721989727
v -0.015013258 0.016772254 -0.0719852805
v -0.0152446957 0.0171769886 -0.0727596521
v -0.0152398891 0.0170171671 -0.0725011635
v -0.0152387543 0.0170065909 -0.0724857116
v -0.0150660629 0.0170026236 -0.0722395182
v -0.0150613708 0.0174655371 -0.0729999995
v -0.0151512546 0.0172587328 -0.0727226472
v -0.0150237484 0.0172519903 -0.0724806666
v -0.015015852 0.0175019674 -0.0729706192
v -0.0149879093 0.00763951112 -0.0373414381
v -0.014904768 0.00772265245 -0.0328513706
v -0.0149879093 0.00763951112 0.0131585598
v -0.014904768 0.00772265245 0.0176486301
v -0.0148770065 0.00775040437 -0.0373496573
v -0.0147659798 0.00786144067 -0.0328530836
v -0.0148770065 0.00775040437 0.0131503439
v -0.0147659798 0.00786144067 0.0176469183
v -0.0149742527 0.014222086 -0.0719035912
v -0.0149083347 0.0142755346 -0.0718364692
v -0.0148075123 0.0143591337 -0.0717397046
v -0.0149684734 0.0145140581 -0.071754818
v -0.0149081821 0.0145123797 -0.0717216349
v -0.0149537582 0.0147669726 -0.0716545486
v -0.0149836845 0.0150089245 -0.0716112304
v -0.0147570915 0.0150268154 -0.0714824057
v -0.0149534912 0.0152519112 -0.0715568447
v -0.0148383255 0.0152523546 -0.0714900422
v -0.0149861259 0.0155133085 -0.0715657449
v -0.0148759098 0.0155136709 -0.0714973545
v -0.0149528046 0.015754345 -0.071558578
v -0.0148447246 0.0157565622 -0.0714900541
v -0.0149798126 0.0160098105 -0.0716199565
v -0.0147683163 0.0160151749 -0.0714803481
v -0.0149806328 0.0164109068 -0.071752193
v -0.0149555511 0.0162608271 -0.0716737437
v -0.0149812908 0.0165097456 -0.0717989039
v -0.0148858566 0.0165078526 -0.0717192483
v -0.0149955006 0.016824873 -0.0720054364
v -0.0149629993 0.0167537241 -0.0719233036
v -0.0149987907 0.0171003847 -0.0722562242
v -0.0149944515 0.0170029383 -0.0721529913
v -0.0148245258 0.0170007258 -0.0719696188
v -0.0149818916 0.0174582272 -0.072766645
v -0.0149850769 0.0173139267 -0.0725097275
v -0.0149915142 0.0172501497 -0.0724277592
v -0.0148461742 0.0172568016 -0.0722360611
v -0.0147801609 0.0177378111 -0.0729701471
v -0.0149192161 0.0175083952 -0.0727356744
v -0.0147681923 0.0175001936 -0.0724462128
v -0.0147579403 0.0177600079 -0.0729702115
v -0.0147382564 0.00788915444 -0.037344519
v -0.014627821 0.00799959947 -0.0328718968
v -0.0147382564 0.00788915444 0.0131554794
v -0.014627821 0.00799959947 0.0176281023
v -0.0146003551 0.00802705575 -0.0373222987
v -0.0145184536 0.0081089573 -0.0328991678
v -0.0146003551 0.00802705575 0.0131777
v -0.0145184536 0.0081089573 0.017600832
v -0.0147390385 0.0144170647 -0.0716779327
v -0.0146345253 0.0145071106 -0.0715895891
v -0.0145470352 0.0146386175 -0.0714997005
v -0.0146973438 0.014751256 -0.0715258121
v -0.0146333046 0.0147538548 -0.0714958262
v -0.0147458191 0.015009697 -0.07148031
v -0.0147186108 0.0152559118 -0.0714262033
v -0.0146908398 0.0155029326 -0.0713947344
v -0.0147317333 0.0157616882 -0.0714242673
v -0.0147454281 0.0161672478 -0.0715000081
v -0.014702589 0.0160028105 -0.0714387584
v -0.0147398014 0.0162515907 -0.0715194225
v -0.0146844883 0.016255086 -0.0714855623
v -0.0147323055 0.0165125876 -0.0716066408
v -0.0145581646 0.0165130978 -0.0714930105
v -0.0147449989 0.0167908363 -0.0717553782
v -0.0147222824 0.01675525 -0.071717093
v -0.0147352238 0.0171583252 -0.0720138574
v -0.0147389717 0.0170189839 -0.0719030547
v -0.0145105572 0.0170094471 -0.0717100024
v -0.0147379894 0.0173937731 -0.0722608495
v -0.0147055645 0.0172521429 -0.0720705009
v -0.0146229191 0.0172556286 -0.0719909453
v -0.0147451706 0.0176958399 -0.072763474
v -0.0147354622 0.0175876074 -0.0725331211
v -0.0147420711 0.0175032311 -0.0724114656
v -0.0146145363 0.0175040465 -0.0722428489
v -0.0146371097 0.0178898029 -0.0729999995
v -0.0146638412 0.0177501087 -0.0727071023
v -0.0145276852 0.0177502518 -0.0724707413
v -0.0145076294 0.0180097323 -0.0729722142
v -0.0142572803 0.00412750054 -0.0357201841
v -0.0142947407 0.00409003068 -0.0354907084
v -0.0143167324 0.00406804849 -0.0352177559
v -0.0143167324 0.00406804849 -0.0349822441
v -0.0142993278 0.00408545304 -0.0347480224
v -0.0142572803 0.00412750054 -0.034479816
v -0.0142572803 0.00412750054 0.0147798157
v -0.0142947407 0.00409003068 0.0150092936
v -0.0143167324 0.00406804849 0.0152822447
v -0.0143167324 0.00406804849 0.0155177546
v -0.0142993278 0.00408545304 0.015751977
v -0.0142572803 0.00412750054 0.0160201836
v -0.0144913502 0.00813607026 -0.0372923326
v -0.0143840809 0.00824333955 -0.0329483142
v -0.0144913502 0.00813607026 0.0132076693
v -0.0143840809 0.00824333955 0.0175516844
v -0.0143575973 0.00826981355 -0.0372398771
v -0.0142532463 0.00837417413 -0.0330138363
v -0.0142790813 0.00834833909 -0.032999444
v -0.0143575973 0.00826981355 0.0132601213
v -0.0142532463 0.00837417413 0.0174861622
v -0.0142790813 0.00834833909 0.0175005579
v -0.0144919605 0.0146327572 -0.0714802957
v -0.0143463249 0.0147639828 -0.0713814163
v -0.0144786281 0.015006793 -0.0713614726
v -0.0142577095 0.0151860266 -0.0712457228
v -0.014454319 0.0152553063 -0.0713064837
v -0.0142544384 0.0152750378 -0.0712304974
v -0.0144297523 0.0155051212 -0.0712736988
v -0.0143646641 0.0155116062 -0.0712473178
v -0.0144801922 0.0157640247 -0.0712965083
v -0.0143408699 0.0157613688 -0.071236558
v -0.0144550438 0.0160090714 -0.0713090611
v -0.0143175144 0.0160084086 -0.0712474132
v -0.0144419594 0.0162640934 -0.071352005
v -0.0144836159 0.016665061 -0.0715092444
v -0.0144895477 0.0165045719 -0.0714494753
v -0.0144916935 0.0167567759 -0.0715561724
v -0.0143651314 0.0167592507 -0.0714815569
v -0.0144596691 0.0171562224 -0.0717719078
v -0.0144412918 0.0170002442 -0.0716554499
v -0.0144992466 0.0173959046 -0.0720041394
v -0.0144720669 0.0172533207 -0.0718555021
v -0.0143059368 0.0172532826 -0.0717307878
v -0.0144876976 0.0176431255 -0.0722652364
v -0.0144671173 0.01750634 -0.0720841169
v -0.0143488426 0.0175125055 -0.0719804239
v -0.0144871731 0.0179507666 -0.0727748585
v -0.0144934578 0.0178056507 -0.0725090766
v -0.0144800396 0.0177511292 -0.0724042583
v -0.0143217297 0.0177513056 -0.0722143722
v -0.0142921181 0.018224452 -0.0729759455
v -0.014364397 0.0180002575 -0.0726448369
v -0.0142565842 0.0180029183 -0.0724878073
v -0.0142654819 0.0182509976 -0.0729765439
v -0.0141455002 0.00423927117 -0.0361214786
v -0.01419244 0.00419234086 -0.035979145
v -0.0142493935 0.00413538743 -0.0344421637
v -0.01419244 0.00419234086 -0.0342208549
v -0.0141455002 0.00423927117 0.0143785191
v -0.01419244 0.00419234086 0.0145208549
v -0.0142493935 0.00413538743 0.0160578346
v -0.01419244 0.00419234086 0.0162791443
v -0.0140150566 0.00436971475 -0.0364225169
v -0.0141057606 0.00427902032 -0.036225
v -0.0141326828 0.00425208856 -0.034043689
v -0.0141057606 0.00427902032 -0.033975
v -0.0140150566 0.00436971475 0.0140774822
v -0.0141057606 0.00427902032 0.0142749977
v -0.0141326828 0.00425208856 0.0164563131
v -0.0141057606 0.00427902032 0.0165250015
v -0.0142275925 0.00839982797 -0.037171136
v -0.0141517944 0.00847561647 -0.0330777134
v -0.0142275925 0.00839982797 0.0133288622
v -0.0141517944 0.00847561647 0.0174222851
v -0.0141269512 0.00850046922 -0.0371047647
v -0.0140061493 0.00862127114 -0.0331918918
v -0.0141269512 0.00850046922 0.0133952332
v -0.0140061493 0.00862127114 0.0173081064
v -0.0142354412 0.0148655634 -0.0713143778
v -0.0141817684 0.0150004845 -0.0712617731
v -0.0140855713 0.0150049095 -0.0712346578
v -0.014241478 0.0152587395 -0.0712286329
v -0.0142188187 0.0155102997 -0.0711946201
v -0.0141964264 0.0157615595 -0.0711823773
v -0.0142406483 0.0160011082 -0.0712154412
v -0.0142312641 0.0162598639 -0.0712539768
v -0.0141539974 0.0162545853 -0.0712219095
v -0.0142236633 0.0165097551 -0.0713158059
v -0.014070694 0.0165023451 -0.0712497306
v -0.0142363567 0.0169642477 -0.0715094876
v -0.0142323227 0.0167636471 -0.0714127088
v -0.0142377396 0.0170123606 -0.0715360498
v -0.014141943 0.017008584 -0.0714825296
v -0.0141894741 0.0173877792 -0.0717522049
v -0.0142225666 0.0172587996 -0.0716795444
v -0.014234621 0.017640975 -0.072009182
v -0.0142494888 0.0175093775 -0.0718960643
v -0.0140297336 0.0175072842 -0.0717433977
v -0.0142477627 0.0178506498 -0.0722603893
v -0.0142142506 0.017754467 -0.0721118665
v -0.0140335674 0.0177546578 -0.0719634128
v -0.0142178364 0.0181866245 -0.0727502418
v -0.014234869 0.0180350189 -0.0725096154
v -0.014146759 0.0180007534 -0.0723509336
v -0.0140098877 0.0180107193 -0.0722267032
v -0.0142128487 0.018314064 -0.0729999995
v -0.0140101833 0.0182516556 -0.0725635886
v -0.0140034885 0.0185129385 -0.0729844666
v -0.0138914986 0.00449328233 -0.0366344963
v -0.0139816399 0.00440314103 -0.0364852384
v -0.013998539 0.00438623239 -0.0337459162
v -0.0138914986 0.00449328233 0.0138655043
v -0.0139816399 0.00440314103 0.0140147638
v -0.013998539 0.00438623239 0.0167540836
v -0.0137505932 0.00463418771 -0.0368235999
v -0.013812973 0.00457179833 -0.0367455459
v -0.0138723869 0.00451239396 -0.0335370186
v -0.0138331146 0.00455165673 -0.0334814854
v -0.0137505932 0.00463418771 0.0136764002
v -0.013812973 0.00457179833 0.0137544537
v -0.0138723869 0.00451239396 0.0169629812
v -0.0138331146 0.00455165673 0.0170185137
v -0.013982727 0.00864469338 -0.0369870088
v -0.013891756 0.00873565484 -0.0333030701
v -0.0139595718 0.0086678486 -0.0332346654
v -0.013982727 0.00864469338 0.0135129929
v -0.013891756 0.00873565484 0.0171969318
v -0.0139595718 0.0086678486 0.0172653341
v -0.0138697357 0.00875768472 -0.0368730243
v -0.0137641926 0.00886322785 -0.0367455459
v -0.0137641926 0.00886322785 -0.0334544542
v -0.0138697357 0.00875768472 0.013626976
v -0.0137641926 0.00886322785 0.0137544537
v -0.0137641926 0.00886322785 0.0170455456
v -0.0139717598 0.0151121264 -0.0711822343
v -0.0138182754 0.0152583819 -0.0711223292
v -0.0139850731 0.0155057173 -0.0711262417
v -0.0139643402 0.0157590084 -0.0711111617
v -0.0139446754 0.016010273 -0.0711174774
v -0.0139269276 0.0162569742 -0.0711446977
v -0.0139672584 0.0166329889 -0.0712505317
v -0.0139526672 0.0165111284 -0.0712093544
v -0.0139823551 0.0167516165 -0.0712972403
v -0.0138393803 0.0167608862 -0.0712494016
v -0.013968689 0.0172061138 -0.0715064216
v -0.0139406414 0.0170028095 -0.071386776
v -0.0139727421 0.0172516136 -0.07153543
v -0.0138115997 0.0172608929 -0.0714689469
v -0.0139830799 0.0175530653 -0.0717515898
v -0.0139714928 0.0175067597 -0.0717087865
v -0.0139939709 0.0178263455 -0.0720060611
v -0.0139201946 0.0177613192 -0.071891706
v -0.0139802093 0.0182346516 -0.0725022864
v -0.0139854355 0.0180484276 -0.0722514391
v -0.0139744015 0.0180013065 -0.0721839571
v -0.0139938278 0.0183910542 -0.0727697372
v -0.013960926 0.0182532721 -0.072508347
v -0.0138327904 0.0182505541 -0.0723748851
v -0.013788578 0.0187383299 -0.0729999995
v -0.0137546177 0.0185026245 -0.0726549029
v -0.0137744446 0.0187522869 -0.0729999995
v -0.0136404724 0.00474429894 -0.036943092
v -0.0137291641 0.00465560723 -0.0333514217
v -0.0136404724 0.00474429894 0.0135569096
v -0.0137291641 0.00465560723 0.0171485806
v -0.0135234184 0.00486136247 -0.0370485571
v -0.0135944385 0.00479034234 -0.0369870088
v -0.0136175938 0.00476718713 -0.0332346654
v -0.0135234184 0.00486136247 0.0134514427
v -0.0135944385 0.00479034234 0.0135129929
v -0.0136175938 0.00476718713 0.0172653341
v -0.013744051 0.00888336946 -0.0367185146
v -0.0136304779 0.00899694253 -0.0336537279
v -0.013744051 0.00888336946 -0.0334814854
v -0.013744051 0.00888336946 0.0137814856
v -0.0136304779 0.00899694253 0.0168462706
v -0.013744051 0.00888336946 0.0170185137
v -0.0136128063 0.00901460458 -0.0365159708
v -0.0135955257 0.00903189469 -0.0364852384
v -0.0135000057 0.00912741471 -0.0339076816
v -0.0135786171 0.0090487938 -0.0337459162
v -0.0136128063 0.00901460458 0.0139840269
v -0.0135955257 0.00903189469 0.0140147638
v -0.0135000057 0.00912741471 0.0165923166
v -0.0135786171 0.0090487938 0.0167540836
v -0.0137408562 0.0153328114 -0.0710967207
v -0.0135457058 0.0155221348 -0.0710456491
v -0.0137229938 0.0157620363 -0.071056931
v -0.0137053413 0.0160148649 -0.0710605335
v -0.0137191791 0.0162634926 -0.0710912251
v -0.0137374802 0.0165028935 -0.071142993
v -0.0137369652 0.0168631725 -0.0712545896
v -0.0136779232 0.0167582731 -0.0712004828
v -0.0137312813 0.0170022516 -0.0713096952
v -0.0137224979 0.0173744707 -0.0715004373
v -0.0137417431 0.0172528582 -0.0714371562
v -0.0137250729 0.0177285938 -0.0717526054
v -0.0137207527 0.0175004177 -0.0715806317
v -0.0137021179 0.01775101 -0.0717597079
v -0.013639452 0.017753418 -0.0717321754
v -0.0137340755 0.0182182102 -0.0722513986
v -0.0137199612 0.0180246334 -0.0720234442
v -0.0136663265 0.0180076056 -0.0719741201
v -0.0137443466 0.0184025459 -0.072501483
v -0.0136758346 0.0182597427 -0.0722585964
v -0.0136054916 0.0182507162 -0.0721993375
v -0.0137379093 0.0185834818 -0.0727549005
v -0.013564188 0.0185153227 -0.0725006795
v -0.0135059853 0.0185023766 -0.0724404001
v -0.0137455864 0.0187796764 -0.0729999995
v -0.0134002991 0.00498447228 -0.0371391925
v -0.0134992523 0.00488552857 -0.0331321056
v -0.0134002991 0.00498447228 0.0133608055
v -0.0134992523 0.00488552857 0.0173678923
v -0.013272068 0.00511270333 -0.0372143084
v -0.0133750362 0.00500974465 -0.0330445227
v -0.0132980842 0.00508669663 -0.032999444
v -0.013272068 0.00511270333 0.0132856894
v -0.0133750362 0.00500974465 0.0174554777
v -0.0132980842 0.00508669663 0.0175005579
v -0.0134855003 0.0091419201 -0.0362588356
v -0.013471405 0.00915601541 -0.036225
v -0.0133847256 0.00924268533 -0.035979145
v -0.0133847256 0.00924268533 -0.0342208549
v -0.013471405 0.00915601541 -0.033975
v -0.0134855003 0.0091419201 0.0142411661
v -0.013471405 0.00915601541 0.0142749977
v -0.0133847256 0.00924268533 0.0145208549
v -0.0133847256 0.00924268533 0.0162791443
v -0.013471405 0.00915601541 0.0165250015
v -0.0133741016 0.0092533188 -0.0359428649
v -0.0133198852 0.00930753518 -0.0357201841
v -0.0132824249 0.00934499551 -0.0354907084
v -0.0132582493 0.00936916162 -0.0351
v -0.0132604332 0.00936698724 -0.0349822441
v -0.0132778377 0.00934957315 -0.0347480224
v -0.0133198852 0.00930753518 -0.034479816
v -0.0133741016 0.0092533188 0.0145571375
v -0.0133198852 0.00930753518 0.0147798157
v -0.0132824249 0.00934499551 0.0150092936
v -0.0132582493 0.00936916162 0.0153999996
v -0.0132604332 0.00936698724 0.0155177546
v -0.0132778377 0.00934957315 0.015751977
v -0.0133198852 0.00930753518 0.0160201836
v -0.0134673328 0.0155988054 -0.0710305142
v -0.0133106155 0.0157531958 -0.0710093546
v -0.0134743233 0.0160080652 -0.0710231781
v -0.0134930725 0.0162556486 -0.0710478616
v -0.0134152908 0.0165092688 -0.0710799599
v -0.0134554691 0.016756733 -0.0711501122
v -0.0134773941 0.0170409613 -0.0712565899
v -0.0134908886 0.0170001631 -0.0712429929
v -0.0134284611 0.0172510557 -0.0713408518
v -0.0134811706 0.0175108605 -0.071500361
v -0.0134652824 0.0175007086 -0.0714892459
v -0.0134973354 0.0178526764 -0.0717524314
v -0.0134368915 0.0177553396 -0.0716536593
v -0.0134915752 0.0181424599 -0.0720161295
v -0.0134856625 0.0180007391 -0.0718762851
v -0.0134944935 0.0183598642 -0.0722568297
v -0.0134516067 0.0182520752 -0.0721106505
v -0.0134879799 0.0187490349 -0.0727510691
v -0.0134991283 0.0185533075 -0.072501514
v -0.0132712288 0.018502286 -0.0723004007
v -0.0134912414 0.0189730482 -0.0729999995
v -0.0132506294 0.0187611418 -0.0726067662
v -0.0134397716 0.0190039711 -0.0729999995
v -0.013139698 0.00524507333 -0.0372733331
v -0.0132195682 0.00516521264 -0.0372398771
v -0.0132458992 0.00513888169 -0.0329725832
v -0.013139698 0.00524507333 0.0132266665
v -0.0132195682 0.00516521264 0.0132601213
v -0.0132458992 0.00513888169 0.0175274181
v -0.0130041904 0.00538058091 -0.0373158175
v -0.0131128139 0.00527195741 -0.0329168347
v -0.0130041904 0.00538058091 0.0131841803
v -0.0131128139 0.00527195741 0.0175831652
v -0.0132324524 0.0158307152 -0.0710033321
v -0.0130380936 0.0160248785 -0.0710016012
v -0.0131596393 0.0162630539 -0.0710178494
v -0.0131836719 0.0165069227 -0.0710553098
v -0.0132026596 0.0167520456 -0.0711138177
v -0.0132308216 0.0171504288 -0.0712565184
v -0.0132389564 0.0170023136 -0.0711986232
v -0.0132374782 0.0172537642 -0.0713038683
v -0.0132473392 0.0176132469 -0.0715031052
v -0.0132025833 0.0175028782 -0.0714275193
v -0.013245327 0.0179688816 -0.071760602
v -0.0132315369 0.0177583199 -0.071596415
v -0.0132458324 0.0182376938 -0.0720039344
v -0.0131832523 0.0180064421 -0.0717740822
v -0.0130661125 0.0180000143 -0.0717407012
v -0.0132276459 0.0184772043 -0.0722509813
v -0.0131897755 0.0182554035 -0.0720012164
v -0.0131741733 0.0182516127 -0.071992209
v -0.013222887 0.0186905937 -0.0725033712
v -0.0132391758 0.0185006409 -0.0722830939
v -0.0130058498 0.0185033779 -0.0721966362
v -0.0131941337 0.0189023476 -0.072751689
v -0.0130748672 0.0187515669 -0.0725082064
v -0.0130058975 0.0187558394 -0.0724859643
v -0.013243124 0.0191026335 -0.0729999995
v -0.0130814762 0.0215667563 -0.0780000019
v -0.0130885429 0.0215596848 -0.0729999995
v -0.0128942222 0.0054905491 -0.0373376742
v -0.0129768104 0.00540797044 -0.0328777012
v -0.0128942222 0.0054905491 0.0131623268
v -0.0129768104 0.00540797044 0.0176222992
v -0.0127556915 0.00562908937 -0.0373496573
v -0.0128665848 0.00551818658 -0.0328585619
v -0.0127556915 0.00562908937 0.0131503439
v -0.0128665848 0.00551818658 0.0176414394
v -0.0129993267 0.0160638456 -0.0710035515
v -0.0128062458 0.0162591963 -0.071024704
v -0.0129240532 0.0165011006 -0.0710485458
v -0.0129417152 0.0167517548 -0.0711008883
v -0.0129780311 0.0172090845 -0.0712551856
v -0.0129807968 0.0170054274 -0.0711773801
v -0.0129822941 0.0172613173 -0.0712780213
v -0.0129637165 0.0176902943 -0.0715046716
v -0.0129336567 0.0175052242 -0.0713941741
v -0.0129305286 0.0177503042 -0.0715393448
v -0.0129726334 0.0180437975 -0.0717578435
v -0.0129833431 0.0180072861 -0.0717306662
v -0.0129629249 0.0183263188 -0.0720047641
v -0.0129383392 0.0182544928 -0.0719321752
v -0.0129435844 0.0185703163 -0.0722512126
v -0.0129892368 0.0185013085 -0.0721894479
v -0.0129556198 0.0189882164 -0.0727510214
v -0.0129906101 0.0187739735 -0.0725021482
v -0.0127610702 0.0187584 -0.0724185061
v -0.0129979153 0.0191891461 -0.0729999995
v -0.0127831573 0.0190058785 -0.0727206039
v -0.0129593391 0.0216888886 -0.0779985094
v -0.0129663582 0.0216818791 -0.0729973483
v -0.0128372497 0.0218109875 -0.0779940319
v -0.0128442974 0.0218039351 -0.0729887366
v -0.0126446552 0.00574011613 -0.0373469165
v -0.0127279205 0.00565685082 -0.03285
v -0.0126446552 0.00574011613 0.0131530857
v -0.0127279205 0.00565685082 0.0176499987
v -0.0125064964 0.00587827493 -0.0373281032
v -0.0126169414 0.00576783944 -0.0328554809
v -0.0125064964 0.00587827493 0.0131718969
v -0.0126169414 0.00576783944 0.0176445198
v -0.0127295895 0.0163373642 -0.0710384321
v -0.0125402279 0.016532114 -0.0710857391
v -0.0126782436 0.0167524414 -0.0711115193
v -0.012624218 0.0171953611 -0.0712517524
v -0.0127191753 0.0170088987 -0.0711798906
v -0.012706625 0.0172565012 -0.0712717867
v -0.0127265758 0.0177167921 -0.0715059137
v -0.0126595707 0.0175063257 -0.0713889122
v -0.0126591988 0.0177589541 -0.0715314174
v -0.0127420158 0.0180740099 -0.0717536879
v -0.012681715 0.0180059748 -0.0716989827
v -0.0127367134 0.0183657007 -0.0720028353
v -0.0126973171 0.0182511835 -0.071896019
v -0.012712347 0.0186184197 -0.0722535658
v -0.0126594086 0.0185016232 -0.0721258259
v -0.0127356548 0.0188346558 -0.0725024676
v -0.0126194496 0.0187511759 -0.0723874307
v -0.0127437706 0.0192427569 -0.0729999995
v -0.0125094719 0.0190013437 -0.0726719713
v -0.0126842613 0.0192504816 -0.0729999995
v -0.0127152176 0.0219330101 -0.0779865789
v -0.0127225323 0.021925705 -0.0729741645
v -0.0125933094 0.0220549231 -0.077976141
v -0.0126011867 0.0220470457 -0.0729536486
v -0.0123971386 0.0059876423 -0.0373008321
v -0.0124790401 0.00590574075 -0.0328777012
v -0.0123971386 0.0059876423 0.0131991673
v -0.0124790401 0.00590574075 0.0176222992
v -0.0122627659 0.00612201501 -0.0372516857
v -0.0123700256 0.00601474572 -0.0329076673
v -0.0122627659 0.00612201501 0.0132483149
v -0.0123700256 0.00601474572 0.0175923347
v -0.0124656505 0.0166095142 -0.0711097956
v -0.0123190422 0.0167629795 -0.071166594
v -0.0123867531 0.017115715 -0.0712507772
v -0.0123792763 0.0170030241 -0.0712160778
v -0.0124290771 0.0172507506 -0.0712937737
v -0.0124532242 0.017693265 -0.071502974
v -0.0124439831 0.0175005035 -0.0714018941
v -0.0124733086 0.0177576141 -0.0715387964
v -0.01243993 0.0180730419 -0.0717522812
v -0.0124797077 0.0180027657 -0.0716988516
v -0.0124325008 0.0183806591 -0.0720043993
v -0.0124773044 0.0182504158 -0.0718901324
v -0.012473547 0.018635128 -0.0722516298
v -0.0123967285 0.018502491 -0.072119205
v -0.0124096508 0.01886092 -0.0725004983
v -0.0124016971 0.0187526398 -0.0723779035
v -0.0122532577 0.019068573 -0.0727585602
v -0.012271635 0.0190008097 -0.0726727772
v -0.0124844761 0.0192636995 -0.0729999995
v -0.0124715347 0.022176693 -0.0779627275
v -0.0124804134 0.0221678143 -0.0729272151
v -0.0123499508 0.0222982817 -0.0779463434
v -0.0123603649 0.0222878676 -0.0728948951
v -0.0121577663 0.00622701455 -0.037200556
v -0.0122362823 0.00614849855 -0.0329601228
v -0.0121577663 0.00622701455 0.0132994461
v -0.0122362823 0.00614849855 0.0175398779
v -0.0120056267 0.00637914468 -0.0371047647
v -0.0121319313 0.00625284959 -0.0330138363
v -0.0120056267 0.00637914468 0.0133952332
v -0.0121319313 0.00625284959 0.0174861622
v -0.0121410961 0.0169519024 -0.0712538719
v -0.0122471733 0.0168389063 -0.0711993098
v -0.0120716209 0.0170266037 -0.0712938285
v -0.0122297687 0.017251976 -0.0713293982
v -0.0120434303 0.0175443249 -0.0715001726
v -0.0122455616 0.0175049429 -0.0714345384
v -0.0122029991 0.017758153 -0.071576252
v -0.0121108551 0.0180068665 -0.0717517376
v -0.0121938057 0.0180020504 -0.0717319584
v -0.012025692 0.0183112936 -0.0720011473
v -0.0121759529 0.0182530861 -0.0719224167
v -0.0120187302 0.0185900669 -0.0722566843
v -0.0121603031 0.0185021238 -0.0721431684
v -0.0120052261 0.0188301878 -0.0725149846
v -0.0122190018 0.0187504749 -0.0723876333
v -0.0121848125 0.0192478113 -0.0729999995
v -0.0120289822 0.0190015011 -0.0727124667
v -0.0122444363 0.0192543631 -0.0729999995
v -0.0122285862 0.0224196463 -0.0779269934
v -0.0122411747 0.022407053 -0.0728567266
v -0.0121074695 0.0225407629 -0.0779046774
v -0.0121229954 0.0225252419 -0.0728127551
v -0.0118848247 0.0064999466 -0.0370081082
v -0.0119809933 0.00640377809 -0.0331133679
v -0.0118848247 0.0064999466 0.0134918928
v -0.0119809933 0.00640377809 0.017386632
v -0.011770441 0.00661433984 -0.0368969299
v -0.0118153686 0.00656941224 -0.0332569079
v -0.0118614025 0.00652336885 -0.0332129912
v -0.011770441 0.00661433984 0.0136030722
v -0.0118153686 0.00656941224 0.0172430944
v -0.0118614025 0.00652336885 0.0172870111
v -0.0119694443 0.0171375923 -0.0713589668
v -0.0117733688 0.0173551874 -0.0715071654
v -0.0118374176 0.0172833567 -0.0714551854
v -0.0119093914 0.0175101786 -0.0715242839
v -0.0119927521 0.0175091629 -0.0714978552
v -0.0117630024 0.0178613024 -0.0717624497
v -0.0119351215 0.0177557259 -0.0716417027
v -0.0117607136 0.0182359486 -0.0720227027
v -0.0119281406 0.0180059652 -0.0717983699
v -0.0119177551 0.0184878378 -0.0780000019
v -0.011797287 0.0182531099 -0.0720227218
v -0.0119762344 0.0182506304 -0.0719643927
v -0.0117754955 0.0186300974 -0.0778097963
v -0.0117508526 0.0185017519 -0.072255764
v -0.011944582 0.0185012274 -0.0721902728
v -0.0117580814 0.018981698 -0.0727775741
v -0.0117634888 0.0187502031 -0.0725033808
v -0.0119690723 0.0187514286 -0.0724367547
v -0.0119878788 0.0192140656 -0.0729999995
v -0.0119378776 0.019010232 -0.0727479553
v -0.0119866485 0.0226615839 -0.0778794098
v -0.0119479103 0.0227003269 -0.0727360368
v -0.0118661518 0.0227820807 -0.0778511906
v -0.0118901939 0.0227580338 -0.0727076221
v -0.0116633434 0.00672143746 -0.0367720759
v -0.011642868 0.00674190331 -0.0367455459
v -0.0117484112 0.00663636972 -0.0333269759
v -0.0116633434 0.00672143746 0.0137279224
v -0.011642868 0.00674190331 0.0137544537
v -0.0117484112 0.00663636972 0.0171730232
v -0.0115091534 0.00687562753 -0.0365462722
v -0.0116029186 0.00678185273 -0.0335090098
v -0.0116227264 0.00676204492 -0.0334814854
v -0.0115091534 0.00687562753 0.0139537287
v -0.0116029186 0.00678185273 0.0169909906
v -0.0116227264 0.00676204492 0.0170185137
v -0.0117418594 0.0173908215 -0.0715340924
v -0.0115035839 0.0176683693 -0.0717709327
v -0.0116195412 0.0175313406 -0.071647861
v -0.0115923519 0.0177509909 -0.0717713284
v -0.0116895409 0.0177611952 -0.07173383
v -0.0115010853 0.018052805 -0.0720038939
v -0.011747858 0.0180029326 -0.0718583083
v -0.0115098686 0.0184008865 -0.0722749519
v -0.0117180271 0.0182576733 -0.072056694
v -0.0117414112 0.0186641817 -0.0777601051
v -0.0116750927 0.0187305002 -0.0776582575
v -0.0115111275 0.0186408072 -0.0725066686
v -0.0116554184 0.0185003119 -0.0722945333
v -0.0116113109 0.018794282 -0.0775532246
v -0.0115205402 0.0188850479 -0.0773899794
v -0.0115070648 0.0188760405 -0.0727757812
v -0.0116911621 0.0187555199 -0.0725396729
v -0.0117375965 0.0191434364 -0.0729999995
v -0.0117460174 0.022902215 -0.077820034
v -0.0117192764 0.022928956 -0.0726139808
v -0.0116262836 0.0230219536 -0.0777859497
v -0.011506979 0.0231412535 -0.0777489424
v -0.0116073341 0.0230408983 -0.0725446486
v -0.0114914913 0.00689328958 -0.0365159708
v -0.0113936062 0.00699117471 -0.0363254379
v -0.0114407844 0.00694399644 -0.0337774832
v -0.0114914913 0.00689328958 -0.0336840291
v -0.0114914913 0.00689328958 0.0139840269
v -0.0113936062 0.00699117471 0.0141745615
v -0.0114407844 0.00694399644 0.016722517
v -0.0114914913 0.00689328958 0.0168159723
v -0.0113641758 0.00702059556 -0.0362588356
v -0.0112744827 0.00711029817 -0.0360151575
v -0.0112527771 0.00713199426 -0.0359428649
v -0.0112527771 0.00713199426 -0.0342571352
v -0.0113364143 0.00704836656 -0.0340091784
v -0.0113786812 0.00700609017 -0.0339076816
v -0.0113641758 0.00702059556 0.0142411661
v -0.0112744827 0.00711029817 0.0144848442
v -0.0112527771 0.00713199426 0.0145571375
v -0.0112527771 0.00713199426 0.0162428665
v -0.0113364143 0.00704836656 0.0164908218
v -0.0113786812 0.00700609017 0.0165923166
v -0.0114756508 0.0177020388 -0.071803093
v -0.0113176937 0.0178986864 -0.0720071101
v -0.0114211292 0.0177686291 -0.0718690252
v -0.0112658901 0.0182332258 -0.0722807312
v -0.0114153023 0.0180005245 -0.072014854
v -0.0112532539 0.0184986 -0.0725287175
v -0.0113003368 0.018252943 -0.0722736049
v -0.0114674587 0.0182589417 -0.0721770883
v -0.0112510986 0.0187341671 -0.0727850223
v -0.0112709827 0.0185072546 -0.0725243425
v -0.0114864941 0.0185018854 -0.0723811769
v -0.0114634151 0.0189421778 -0.0772775412
v -0.0114090748 0.0189965181 -0.0771623802
v -0.0112518425 0.0189107399 -0.073006711
v -0.0114074631 0.0189981299 -0.0729999995
v -0.0114414616 0.0187538176 -0.0726717782
v -0.0113575859 0.019048007 -0.0770446253
v -0.011263401 0.0191421967 -0.0768019056
v -0.0112846012 0.0191209917 -0.0732839775
v -0.0113815422 0.0190240507 -0.0730556107
v -0.0114966411 0.019043725 -0.0729999995
v -0.0114971561 0.0231510763 -0.072469883
v -0.0113881416 0.0232600861 -0.0777090311
v -0.0113888664 0.023259366 -0.0723897791
v -0.0112064476 0.00717832376 -0.0357578363
v -0.0111661644 0.0072186165 -0.0355293202
v -0.0111408062 0.00724396516 -0.0352569521
v -0.0111369343 0.00724784661 -0.0351
v -0.0111524124 0.00723235894 -0.0347868605
v -0.0111911411 0.00719363023 -0.0345176572
v -0.0112426014 0.00714216996 -0.0342936721
v -0.0112064476 0.00717832376 0.0147421646
v -0.0111661644 0.0072186165 0.0149706793
v -0.0111408062 0.00724396516 0.0152430487
v -0.0111369343 0.00724784661 0.0153999996
v -0.0111524124 0.00723235894 0.0157131386
v -0.0111911411 0.00719363023 0.0159823418
v -0.0112426014 0.00714216996 0.0162063265
v -0.0112453003 0.01799331 -0.0721158552
v -0.0111562557 0.0181152134 -0.0722670913
v -0.0112222118 0.0180242615 -0.0721530461
v -0.0110396213 0.0182883005 -0.0725045681
v -0.0110576458 0.0182602673 -0.0724642158
v -0.0110145111 0.0187335949 -0.0730051827
v -0.011009161 0.0185293369 -0.0727697921
v -0.0112027187 0.0185055857 -0.0725741482
v -0.0110032482 0.018922966 -0.0732847762
v -0.0110050793 0.018755167 -0.0730435467
v -0.0111745663 0.0187552147 -0.0728749013
v -0.0111813087 0.0192242842 -0.07655056
v -0.0111627216 0.0192428665 -0.076486516
v -0.0110128422 0.0191942577 -0.073763814
v -0.0111989899 0.0192065983 -0.07352108
v -0.0112403316 0.0191652613 -0.0734015131
v -0.0111958046 0.0190024357 -0.0731888819
v -0.0111117096 0.0192938833 -0.0762917852
v -0.0110549374 0.0193506556 -0.0760268164
v -0.0110112591 0.0193943338 -0.0757569313
v -0.011002409 0.0194031792 -0.0756888437
v -0.0110169716 0.0193886166 -0.0742749047
v -0.0110645504 0.0193410425 -0.0740174556
v -0.011125433 0.0192801552 -0.073765862
v -0.0111515732 0.0192540245 -0.0736732244
v -0.0111520309 0.0234962015 -0.0776205254
v -0.0112302704 0.0234179621 -0.0722598195
v -0.0111784859 0.0234697466 -0.0722139382
v -0.0110348244 0.0236134081 -0.0775719595
v -0.0111272735 0.0235209589 -0.0721667981
v -0.0109434528 0.018449667 -0.0727519655
v -0.0109889717 0.0183704453 -0.0726272202
v -0.0108129139 0.0187374764 -0.0732641006
v -0.0108678455 0.0185993795 -0.0730061793
v -0.0109159584 0.018500865 -0.0728360987
v -0.0107646389 0.018979228 -0.0737774992
v -0.0107787533 0.0188640146 -0.0735225534
v -0.0108057709 0.018759368 -0.0733072281
v -0.0109456463 0.0187505941 -0.0731062675
v -0.0107899971 0.0191796856 -0.0742684412
v -0.0107689304 0.0190840893 -0.0740266728
v -0.0107641048 0.0190152817 -0.0738612795
v -0.010910408 0.0190033655 -0.0735522413
v -0.0109462852 0.0190014868 -0.0734929776
v -0.0109601517 0.0194454365 -0.0780000019
v -0.0109672279 0.019438365 -0.0779999971
v -0.0109872265 0.0194183664 -0.0755520678
v -0.0109669323 0.0194386606 -0.0752766991
v -0.0109601517 0.0194454365 -0.075
v -0.0109660358 0.0194395619 -0.0747675681
v -0.0109868355 0.0194187574 -0.0745035744
v -0.0109984131 0.0194071798 -0.0744052553
v -0.0109567375 0.0192573528 -0.074027338
v -0.0109698887 0.0192500715 -0.0739784193
v -0.010906126 0.0194994717 -0.0729994154
v -0.0108369369 0.0195686512 -0.0779984808
v -0.0107839794 0.0196216135 -0.0729937887
v -0.0109182186 0.0237300091 -0.0775205374
v -0.0109772034 0.0236710339 -0.0720179653
v -0.0109284134 0.0237198191 -0.0719659328
v -0.0108022709 0.0238459663 -0.0774662781
v -0.0108802624 0.0237679653 -0.0719127178
v -0.0107137604 0.0196918326 -0.077993927
v -0.0106620521 0.0197435408 -0.0729821944
v -0.0105906505 0.0198149376 -0.0779863358
v -0.0105404777 0.0198651199 -0.0729646492
v -0.0106869907 0.023961237 -0.0774091911
v -0.0107398338 0.0239083986 -0.0717461228
v -0.0105724354 0.0240757971 -0.0773493004
v -0.0106056995 0.0240425377 -0.0715694571
v -0.0105199451 0.0241282873 -0.071446321
v -0.0104676647 0.0199379282 -0.0779757166
v -0.0104193993 0.0199861937 -0.0729411697
v -0.0103448219 0.020060771 -0.0779620647
v -0.0102989693 0.0201066189 -0.0729117894
v -0.0104586239 0.0241896086 -0.0772866201
v -0.0104782123 0.0241700201 -0.0713831997
v -0.0103455944 0.0243026381 -0.0772211647
v -0.0103970928 0.0242511444 -0.0712539434
v -0.0103577251 0.0242905073 -0.0711878467
v -0.0102221603 0.0201834278 -0.0779453897
v -0.0101793308 0.0202262573 -0.0728765392
v -0.0100997372 0.0203058558 -0.0779256916
v -0.0100016708 0.0204039173 -0.0728127551
v -0.0102333851 0.0244148522 -0.0771529627
v -0.0102445621 0.0244036751 -0.0709839249
v -0.010122015 0.0245262127 -0.0770820284
v -0.010139019 0.0245092135 -0.0707719851
v -0.0101055832 0.0245426493 -0.0706996536
v -0.0100106449 0.0246375828 -0.0704779077
v -0.00997756194 0.0204280262 -0.0779029799
v -0.00994300078 0.0204625921 -0.0727886105
v -0.0098556919 0.020549901 -0.077877264
v -0.00988463592 0.0205209618 -0.0727630353
v -0.00976887893 0.020636714 -0.0727076221
v -0.00990197371 0.0247462587 -0.0769320488
v -0.00998082351 0.024667409 -0.0704024816
v -0.00992396544 0.024724267 -0.0702495027
v -0.00979335975 0.0248548727 -0.076853056
v -0.00989694785 0.0247512846 -0.0701719928
v -0.00982162665 0.0248266058 -0.0699356651
v -0.00975506972 0.024893158 -0.0696941328
v -0.00973415564 0.0206714373 -0.0778485441
v -0.00971152495 0.020694068 -0.072677803
v -0.00961299132 0.0207926016 -0.0778168392
v -0.00954177093 0.0208638172 -0.072579999
v -0.00968571853 0.0249625092 -0.0767714167
v -0.00973486136 0.0249133663 -0.0696125793
v -0.00969745826 0.0249507742 -0.0694480491
v -0.00964893531 0.0249992924 -0.069198072
v -0.00957909774 0.02506913 -0.0766871595
v -0.00963481139 0.0250134211 -0.0691139984
v -0.00960964393 0.0250385885 -0.0689448762
v -0.00957967948 0.0250685482 -0.0686891389
v -0.00955913733 0.0250890951 -0.0684315491
v -0.00954805564 0.0251001768 -0.0681728005
v -0.00954593848 0.0251022892 -0.0679999995
v -0.00929964255 0.0133277731 -0.0357578363
v -0.00933993529 0.0132874851 -0.0355293202
v -0.00936529349 0.0132621269 -0.0352569521
v -0.00936819266 0.013259223 -0.0350214761
v -0.00935367774 0.0132737379 -0.0347868605
v -0.00931494903 0.0133124619 -0.0345176572
v -0.00925331305 0.0133741026 -0.0342571352
v -0.00929964255 0.0133277731 0.0147421646
v -0.00933993529 0.0132874851 0.0149706793
v -0.00936529349 0.0132621269 0.0152430487
v -0.00936819266 0.013259223 0.0154785252
v -0.00935367774 0.0132737379 0.0157131386
v -0.00931494903 0.0133124619 0.0159823418
v -0.00925331305 0.0133741026 0.0162428665
v -0.00949223708 0.0209133558 -0.0777821493
v -0.00943069648 0.0209748964 -0.0725079393
v -0.00937193107 0.0210336666 -0.0777444887
v -0.00926755141 0.0211380415 -0.0723897791
v -0.00947352599 0.0251747065 -0.0766003132
v -0.00936902236 0.0252792053 -0.0765109015
v -0.00926563453 0.0253825979 -0.0764189482
v -0.00914192389 0.0134854965 -0.0362588356
v -0.00923161696 0.0133957987 -0.0360151575
v -0.00924268912 0.0133847265 -0.035979145
v -0.00916968535 0.0134577303 -0.0340091784
v -0.00914192389 0.0134854965 -0.0339411643
v -0.00914192389 0.0134854965 0.0142411661
v -0.00923161696 0.0133957987 0.0144848442
v -0.00924268912 0.0133847265 0.0145208549
v -0.00916968535 0.0134577303 0.0164908218
v -0.00914192389 0.0134854965 0.0165588379
v -0.00901460837 0.0136128121 -0.0365159708
v -0.00912740897 0.0135000067 -0.0362923184
v -0.00906531524 0.0135621052 -0.0337774832
v -0.00901460837 0.0136128121 -0.0336840291
v -0.00901460837 0.0136128121 0.0139840269
v -0.00912740897 0.0135000067 0.0142076826
v -0.00906531524 0.0135621052 0.016722517
v -0.00901460837 0.0136128121 0.0168159723
v -0.00916128348 0.0212443094 -0.07230443
v -0.00913278769 0.0212728005 -0.0776603031
v -0.00910894584 0.0212966423 -0.0722598195
v -0.00900595855 0.0213996391 -0.0721667981
v -0.00916338157 0.0254848509 -0.0763244867
v -0.00906229209 0.0255859356 -0.0762275362
v -0.00899694632 0.0136304741 -0.0365462722
v -0.00890317153 0.0137242441 -0.0335090098
v -0.00888337325 0.0137440472 -0.0334814854
v -0.00899694632 0.0136304741 0.0139537287
v -0.00890317153 0.0137242441 0.0169909906
v -0.00888337325 0.0137440472 0.0170185137
v -0.00884275626 0.0137846642 -0.0367720759
v -0.00886323165 0.0137641888 -0.0367455459
v -0.00875768851 0.0138697319 -0.0333269759
v -0.00884275626 0.0137846642 0.0137279224
v -0.00886323165 0.0137641888 0.0137544537
v -0.00875768851 0.0138697319 0.0171730232
v -0.00895532798 0.0214502649 -0.0721184111
v -0.00889587592 0.021509717 -0.0775643873
v -0.00885587882 0.0215497141 -0.0720179653
v -0.00875894736 0.0216466456 -0.0719127178
v -0.00875071715 0.0248903542 -0.0679999995
v -0.00878574561 0.0250399904 -0.0679999995
v -0.00878827285 0.0252453356 -0.0676413226
v -0.00882695388 0.0252927332 -0.0679999995
v -0.00880301665 0.0254502802 -0.0676024866
v -0.00896240424 0.0256858235 -0.0761281347
v -0.00884644698 0.0255480747 -0.0679999995
v -0.00880127143 0.025707696 -0.0675572896
v -0.00886375617 0.0257844811 -0.0760263062
v -0.00876635741 0.0258818798 -0.0759220839
v -0.00876491736 0.0258833103 -0.068756628
v -0.00881231498 0.0258359175 -0.0685212779
v -0.0088391323 0.0258091002 -0.0682795262
v -0.00884496879 0.0258032637 -0.0680349565
v -0.00884408187 0.0258041506 -0.0679999995
v -0.00877712439 0.0259646635 -0.0675161338
v -0.00875448417 0.0261997109 -0.068596487
v -0.0087699623 0.0262026482 -0.0684940028
v -0.00879335593 0.0262070875 -0.0682359529
v -0.00879478644 0.0262073593 -0.0679768109
v -0.00876122664 0.0260668879 -0.0675008726
v -0.00875194739 0.0261178141 -0.0674935102
v -0.00875259589 0.0262518959 -0.0685453129
v -0.00875352096 0.0263584023 -0.0683394122
v -0.00875050734 0.0264114266 -0.0681323195
v -0.00876158904 0.0263603716 -0.0679768109
v -0.00875313949 0.0263049488 -0.0677185082
v -0.00873565864 0.0138917618 -0.0368969299
v -0.00869073104 0.0139366894 -0.0332569079
v -0.00864468764 0.013982728 -0.0332129912
v -0.00873565864 0.0138917618 0.0136030722
v -0.00869073104 0.0139366894 0.0172430944
v -0.00864468764 0.013982728 0.0172870111
v -0.00862127494 0.0140061455 -0.0370081082
v -0.00850047301 0.0141269474 -0.0330952354
v -0.00862127494 0.0140061455 0.0134918928
v -0.00850047301 0.0141269474 0.0174047661
v -0.00866146277 0.0217441254 -0.077456851
v -0.00866464805 0.0217409496 -0.0718027949
v -0.00854529571 0.021860302 -0.0773987675
v -0.00852836799 0.0218772249 -0.071629436
v -0.00858823966 0.0244549351 -0.0678164077
v -0.00867454719 0.0246948032 -0.0677587461
v -0.00868925284 0.0247437029 -0.0677475023
v -0.00872312736 0.0247916775 -0.0679999995
v -0.00874977302 0.0249920302 -0.0676929069
v -0.00867024611 0.0259779911 -0.0758155012
v -0.00868646811 0.0259617643 -0.069013288
v -0.00874769401 0.0259005432 -0.0688222027
v -0.00857545089 0.0260727863 -0.0757065821
v -0.00858358573 0.0260646467 -0.0692520618
v -0.00863796424 0.0260102635 -0.0691352081
v -0.00864842605 0.0262302475 -0.0689991498
v -0.00871483993 0.0262440519 -0.0687490368
v -0.00874139022 0.0262495689 -0.067564733
v -0.00873075675 0.0262192278 -0.0674793291
v -0.00850833129 0.0263477354 -0.0692901635
v -0.00850615691 0.0264977341 -0.0691944408
v -0.0085872383 0.0264714031 -0.0689991498
v -0.0086522026 0.0264909296 -0.0687490368
v -0.00871072005 0.0264544754 -0.0684940028
v -0.00873363685 0.0264609366 -0.0682359529
v -0.00873503875 0.0264613276 -0.0679768109
v -0.00867817115 0.0264987354 -0.067564733
v -0.00866251182 0.0264694624 -0.0674471569
v -0.00850823592 0.0266542177 -0.0690484166
v -0.00850531768 0.0267063313 -0.0689991498
v -0.00856833648 0.026731432 -0.0687490368
v -0.00861107062 0.0267484503 -0.0684940028
v -0.00865206908 0.0267086296 -0.0682359529
v -0.00865343284 0.0267091398 -0.0679768109
v -0.00860873412 0.0267475205 -0.0676671195
v -0.00857292365 0.0267134647 -0.067419858
v -0.00850651931 0.0268155651 -0.0688497782
v -0.00850534629 0.0269271355 -0.0686475086
v -0.00850496482 0.0269843989 -0.0684940028
v -0.00852624129 0.0269950991 -0.0682359529
v -0.00852753829 0.0269957523 -0.0679768109
v -0.00850885581 0.0269863539 -0.0677185082
v -0.00850919913 0.0268561058 -0.0674059081
v -0.0085023899 0.0270415001 -0.0682359529
v -0.00850367736 0.0270421772 -0.0679768109
v -0.00847562026 0.0141518002 -0.0371222866
v -0.00839982223 0.0142275934 -0.0330288641
v -0.00847562026 0.0141518002 0.0133777142
v -0.00839982223 0.0142275934 0.017471137
v -0.00837416839 0.0142532473 -0.0371861637
v -0.00837416839 0.0142532473 -0.0330138363
v -0.00826981734 0.0143575983 -0.0329601228
v -0.00837416839 0.0142532473 0.0133138371
v -0.00837416839 0.0142532473 0.0174861622
v -0.00826981734 0.0143575983 0.0175398779
v -0.00842985343 0.0219757395 -0.0773378325
v -0.00844112586 0.0219644671 -0.0715084124
v -0.00831517409 0.0220904141 -0.0772740602
v -0.00827576827 0.0221298246 -0.0712539434
v -0.00832635116 0.0239615803 -0.0679499173
v -0.00848114203 0.0242241316 -0.0678761411
v -0.00848200034 0.0261662369 -0.0755953646
v -0.00842369269 0.0262245398 -0.069518373
v -0.00849156569 0.0261566668 -0.0694166064
v -0.00838991355 0.0262583141 -0.0754818821
v -0.00838792037 0.0262603121 -0.0695666885
v -0.00838295173 0.0264583521 -0.0694771957
v -0.0084875698 0.0264917975 -0.069242475
v -0.00826236915 0.0267083244 -0.069522953
v -0.00828468512 0.0267181234 -0.0694771957
v -0.00840425681 0.0267179756 -0.069242475
v -0.00826095771 0.0269687872 -0.0692901635
v -0.00827880095 0.0269785576 -0.069242475
v -0.00838052939 0.0269775133 -0.0689991498
v -0.00846388053 0.026963728 -0.0687490368
v -0.00849580955 0.0269797926 -0.0676158547
v -0.00843820762 0.0269954424 -0.0673938274
v -0.00825370978 0.0271330147 -0.0690973973
v -0.00825538825 0.0271925478 -0.0689991498
v -0.00831247519 0.0272291832 -0.0687490368
v -0.00837875556 0.0272102289 -0.0684940028
v -0.0083990116 0.0272227364 -0.0682359529
v -0.00840025138 0.0272234993 -0.0679768109
v -0.00834255408 0.0272484903 -0.0676158547
v -0.00830425452 0.0272193031 -0.0673779321
v -0.00825287055 0.0272506886 -0.0688998151
v -0.0082511444 0.0273732643 -0.068596487
v -0.00825009536 0.0274366741 -0.0682877135
v -0.00825247954 0.0274384527 -0.0682359529
v -0.00825364303 0.0274393206 -0.0679768109
v -0.0082674713 0.0273849897 -0.0677185082
v -0.00827519607 0.0272626953 -0.0673754001
v -0.00824333381 0.0143840819 -0.0372516857
v -0.00813607406 0.0144913464 -0.0329076673
v -0.00824333381 0.0143840819 0.0132483149
v -0.00813607406 0.0144913464 0.0175923347
v -0.0081089611 0.0145184546 -0.0373008321
v -0.00802705955 0.0146003561 -0.0328777012
v -0.0081089611 0.0145184546 0.0131991673
v -0.00802705955 0.0146003561 0.0176222992
v -0.00820130538 0.0222042875 -0.0772074699
v -0.00816012572 0.0222454624 -0.0710528183
v -0.0080882759 0.022317317 -0.0771380854
v -0.00801769446 0.0223878937 -0.0707719851
v -0.00814798545 0.0237224941 -0.0679999995
v -0.00823867988 0.0238370495 -0.0679874301
v -0.00820998382 0.0264382439 -0.0752482557
v -0.00821315001 0.0264350824 -0.0697611618
v -0.00823360633 0.0264146261 -0.069741497
v -0.00812218856 0.0265260439 -0.0751281786
v -0.00812899779 0.0265192299 -0.0698346972
v -0.00810368728 0.0267337589 -0.0697450471
v -0.00801852416 0.0268360548 -0.069788034
v -0.00800224494 0.0269777422 -0.0697015643
v -0.00815986823 0.0269662361 -0.0694771957
v -0.00801649283 0.0271482544 -0.069522953
v -0.00800985526 0.0271999769 -0.0694771957
v -0.00812685203 0.0272246294 -0.069242475
v -0.00822814177 0.0272341995 -0.0689991498
v -0.00800861548 0.02731602 -0.0693374944
v -0.00801057052 0.0274410563 -0.0691460752
v -0.00804981421 0.0274736004 -0.0689991498
v -0.00813420485 0.0274774056 -0.0687490368
v -0.00820210647 0.0274654608 -0.0684940028
v -0.00822095107 0.0274800186 -0.0682359529
v -0.00822210502 0.0274809055 -0.0679768109
v -0.00816210937 0.0274997406 -0.0676158547
v -0.0081190319 0.0274720554 -0.0673659968
v -0.00800545882 0.0275011091 -0.0690484166
v -0.00800713729 0.0275688629 -0.0688998151
v -0.00800139617 0.0276319628 -0.0687490368
v -0.00800454329 0.0277054052 -0.0684425735
v -0.00801702689 0.0277173262 -0.0682359529
v -0.00801808547 0.0277183323 -0.0679768109
v -0.00800295066 0.0277038889 -0.0677185082
v -0.00801697921 0.0275911265 -0.067362988
v -0.00799959372 0.0146278172 -0.0373281032
v -0.00788915824 0.0147382622 -0.0328554809
v -0.00799959372 0.0146278172 0.0131718969
v -0.00788915824 0.0147382622 0.0176445198
v -0.00786144446 0.014765976 -0.0373469165
v -0.00775040816 0.0148770075 -0.0328503427
v -0.00786144446 0.014765976 0.0131530857
v -0.00775040816 0.0148770075 0.0176496553
v -0.00797611426 0.0224294787 -0.0770659256
v -0.00792006682 0.0224855261 -0.0705525923
v -0.00786485862 0.0225407295 -0.0769910097
v -0.00783060264 0.0225749855 -0.0703263402
v -0.00777562331 0.0226299648 -0.0701719928
v -0.00791896056 0.023475874 -0.0679999995
v -0.00798843574 0.0235452871 -0.0679999995
v -0.00795106124 0.026697176 -0.0748816872
v -0.00799651336 0.0266517239 -0.0699290442
v -0.00786777686 0.0267804556 -0.074755342
v -0.00778604697 0.0268621855 -0.0746269798
v -0.00785778235 0.0267904453 -0.0700033402
v -0.00788127135 0.0267669563 -0.0699923873
v -0.00795501899 0.0269997721 -0.0697450471
v -0.00775280189 0.0272272329 -0.069788034
v -0.00777510833 0.027245739 -0.0697450471
v -0.00798251342 0.0272373562 -0.0694771957
v -0.00775588225 0.0274680691 -0.069522953
v -0.00777351569 0.0274849014 -0.0694771957
v -0.00791833114 0.0274898176 -0.069242475
v -0.00775616836 0.0275996475 -0.0693374944
v -0.00775277327 0.0277369289 -0.0690973973
v -0.00781158637 0.0277275734 -0.0689991498
v -0.00789489936 0.0277416115 -0.0687490368
v -0.00796374511 0.0277380114 -0.0684940028
v -0.00797469329 0.0277488356 -0.0678216052
v -0.00796683501 0.0277410727 -0.0677185082
v -0.00787174415 0.0277415686 -0.0673620677
v -0.00775764655 0.0278169422 -0.0688998151
v -0.00775137137 0.0278872328 -0.0686983633
v -0.00777405929 0.0279139309 -0.0684940028
v -0.00775074195 0.0279671173 -0.0681841493
v -0.00775034141 0.0279666309 -0.0679768109
v -0.00777687262 0.0279172449 -0.0677185082
v -0.00775633048 0.0278477697 -0.0673636961
v -0.0077226467 0.014904769 -0.0373486294
v -0.00763951491 0.0149879055 -0.0328585619
v -0.0077226467 0.014904769 0.0131513691
v -0.00763951491 0.0149879055 0.0176414394
v -0.00761186789 0.0150155478 -0.0373376742
v -0.00750189971 0.0151255159 -0.0328841825
v -0.00761186789 0.0150155478 0.0131623268
v -0.00750189971 0.0151255159 0.017615819
v -0.00772444915 0.0226811438 -0.0700150514
v -0.00767713736 0.0227284508 -0.0698556995
v -0.00764520835 0.0227603846 -0.0768330193
v -0.00753687095 0.022868722 -0.0767499876
v -0.0076549549 0.022750638 -0.0697751808
v -0.00759433936 0.0228112536 -0.0695305419
v -0.00754277419 0.0228628187 -0.0692817879
v -0.0075003929 0.0229052 -0.0690295911
v -0.00765198897 0.023244503 -0.0679999995
v -0.0077308483 0.0233075504 -0.0679999995
v -0.00770590018 0.0269423323 -0.0744966435
v -0.00773850631 0.0269097262 -0.0700493479
v -0.00762735557 0.0270208769 -0.0743643665
v -0.00755044173 0.0270977907 -0.0742301917
v -0.00764132689 0.0270069008 -0.0700754833
v -0.00752560805 0.0272482853 -0.0699951124
v -0.00751516532 0.0274762039 -0.069788034
v -0.00753468703 0.0274976282 -0.0697450471
v -0.00750456046 0.0276668911 -0.0695682812
v -0.00753597449 0.0277052002 -0.0694771957
v -0.00767911147 0.0277276878 -0.069242475
v -0.00750480842 0.0278169899 -0.0693374944
v -0.00750296782 0.0278946095 -0.0691944408
v -0.0075039215 0.0279798632 -0.0689991498
v -0.00762524795 0.0279747658 -0.0687490368
v -0.0076940174 0.0279795628 -0.0684940028
v -0.00770878982 0.0279982357 -0.0682359529
v -0.00770969581 0.0279993754 -0.0679768109
v -0.00764169883 0.0279963188 -0.067564733
v -0.00759438704 0.0279799681 -0.0673689532
v -0.00752111625 0.0280041008 -0.0688998151
v -0.00750136565 0.0280643063 -0.0687490368
v -0.00752732467 0.028102272 -0.0684940028
v -0.00754076194 0.028121932 -0.0682359529
v -0.0075415821 0.0281231289 -0.0679768109
v -0.00752977561 0.0281058626 -0.0677185082
v -0.00751019668 0.0280418568 -0.0673728967
v -0.00747459601 0.0151528196 -0.0373086612
v -0.0073932762 0.0152341395 -0.0329168347
v -0.00747459601 0.0151528196 0.0131913376
v -0.0073932762 0.0152341395 0.0175831652
v -0.00736639213 0.0152610188 -0.0372733331
v -0.00728653144 0.0153408842 -0.0372398771
v -0.00726020049 0.0153672199 -0.0329725832
v -0.00736639213 0.0152610188 0.0132266665
v -0.00728653144 0.0153408842 0.0132601213
v -0.00726020049 0.0153672199 0.0175274181
v -0.00742957305 0.0229760151 -0.0766642952
v -0.00746730994 0.022938283 -0.0687746239
v -0.00744361114 0.022961977 -0.0685175753
v -0.00742937278 0.0229762201 -0.0682591367
v -0.007425148 0.0229804401 -0.068086412
v -0.00742462348 0.0229809694 -0.0679999995
v -0.0073233528 0.0230822353 -0.0765759754
v -0.00725596618 0.0231496267 -0.0689713883
v -0.00730257224 0.0231030207 -0.0687292886
v -0.00734855842 0.0230570393 -0.068282671
v -0.00736128043 0.0230443077 -0.0679999995
v -0.00747517775 0.0271730595 -0.0740941572
v -0.00740158271 0.0272466498 -0.073956306
v -0.00749374579 0.0271544867 -0.070096612
v -0.0073296852 0.027318552 -0.0738166761
v -0.00725949477 0.0273887329 -0.073675313
v -0.00739484023 0.027253397 -0.0700985503
v -0.00725540351 0.0274902659 -0.0699951124
v -0.0072633953 0.0276409226 -0.0698305154
v -0.00726162147 0.0277136927 -0.0697450471
v -0.00749990653 0.0277342491 -0.0694771957
v -0.00726035308 0.0278743963 -0.069522953
v -0.00725820731 0.0279590206 -0.0693844533
v -0.0073322029 0.0279877501 -0.069242475
v -0.00725972365 0.0280547886 -0.0691944408
v -0.00725177955 0.0281396752 -0.0689991498
v -0.00725043487 0.0282419043 -0.0686475086
v -0.00730761718 0.0282388668 -0.0684940028
v -0.007364542 0.0282336311 -0.0682359529
v -0.00731268119 0.0282478552 -0.067770009
v -0.0072533245 0.0282472496 -0.067564733
v -0.00729109954 0.0281836968 -0.0673865533
v -0.00725481223 0.028250001 -0.068596487
v -0.00726229857 0.0282638579 -0.0684940028
v -0.00727361869 0.0282848101 -0.0682359529
v -0.00727430533 0.028286088 -0.0679768109
v -0.00726436805 0.0282676869 -0.0677185082
v -0.00714217376 0.0112426024 -0.0359063279
v -0.00718621444 0.0111985664 -0.0357201841
v -0.00722367476 0.0111611014 -0.0354907084
v -0.00724566649 0.0111391144 -0.0352177559
v -0.00724566649 0.0111391144 -0.0349822441
v -0.0072282524 0.0111565189 -0.0347480224
v -0.00718621444 0.0111985664 -0.034479816
v -0.00714217376 0.0112426024 0.0145936728
v -0.00718621444 0.0111985664 0.0147798157
v -0.00722367476 0.0111611014 0.0150092936
v -0.00724566649 0.0111391144 0.0152822447
v -0.00724566649 0.0111391144 0.0155177546
v -0.0072282524 0.0111565189 0.015751977
v -0.00718621444 0.0111985664 0.0160201836
v -0.00700609397 0.0113786869 -0.0362923184
v -0.00703469466 0.0113500862 -0.036225
v -0.00712136458 0.0112634068 -0.035979145
v -0.00713199805 0.0112527828 -0.0342571352
v -0.00712136458 0.0112634068 -0.0342208549
v -0.00703469466 0.0113500862 -0.033975
v -0.00700609397 0.0113786869 0.0142076826
v -0.00703469466 0.0113500862 0.0142749977
v -0.00712136458 0.0112634068 0.0145208549
v -0.00713199805 0.0112527828 0.0162428665
v -0.00712136458 0.0112634068 0.0162791443
v -0.00703469466 0.0113500862 0.0165250015
v -0.00723402213 0.0153933935 -0.0372143084
v -0.00713106345 0.015496357 -0.0330445227
v -0.00720801543 0.0154194002 -0.032999444
v -0.00723402213 0.0153933935 0.0132856894
v -0.00713106345 0.015496357 0.0174554777
v -0.00720801543 0.0154194002 0.0175005579
v -0.00710579108 0.0155216246 -0.0371391925
v -0.00700684737 0.0156205683 -0.0331321056
v -0.00710579108 0.0155216246 0.0133608055
v -0.00700684737 0.0156205683 0.0173678923
v -0.00703794669 0.0229869681 -0.0687995124
v -0.00701116752 0.0229203158 -0.0685453129
v -0.00721337508 0.0229863005 -0.0683190703
v -0.00721823882 0.0231873541 -0.0764850521
v -0.0071662445 0.0232393484 -0.0692988324
v -0.00719473075 0.0232108574 -0.0692068815
v -0.00702722739 0.0230109625 -0.0688998151
v -0.00714432906 0.0230004292 -0.0686475086
v -0.00720158767 0.023001154 -0.0684940028
v -0.00711425017 0.023291338 -0.0763915491
v -0.00701093863 0.0233946495 -0.0696931148
v -0.00710259627 0.0233029966 -0.0694782758
v -0.00719104957 0.0274571781 -0.0735322547
v -0.00724689673 0.0274013405 -0.0700832105
v -0.00712436866 0.0275238686 -0.0733875465
v -0.00705945205 0.0275887804 -0.0732412314
v -0.00712501716 0.0275232105 -0.0700538135
v -0.00700205039 0.0276960211 -0.0699547863
v -0.0072254486 0.0277379685 -0.0697450471
v -0.00701066207 0.0277980452 -0.0698305154
v -0.00700936507 0.0279868441 -0.0695682812
v -0.00711362075 0.0279886322 -0.0694771957
v -0.00702054213 0.0280093842 -0.069522953
v -0.00700958442 0.0280933266 -0.0693844533
v -0.00700110625 0.0281887274 -0.0691944408
v -0.00707502555 0.0282312231 -0.0689991498
v -0.00719539832 0.028247221 -0.0687490368
v -0.00724880408 0.0282388811 -0.0675137687
v -0.00720030021 0.0282351046 -0.0673935175
v -0.00700154494 0.0283120613 -0.0688497782
v -0.00701128196 0.0283345823 -0.0687490368
v -0.00702954482 0.0283767967 -0.0684940028
v -0.00703899573 0.0283986549 -0.0682359529
v -0.00703957747 0.0283999853 -0.0679768109
v -0.00703127097 0.0283807879 -0.0677185082
v -0.00701389502 0.0283284264 -0.0674099731
v -0.00689328383 0.0114914923 -0.0365159708
v -0.00691057395 0.0114742069 -0.0364852384
v -0.00699116897 0.0113936071 -0.0338745622
v -0.00692747306 0.0114573031 -0.0337459162
v -0.00689328383 0.0114914923 0.0139840269
v -0.00691057395 0.0114742069 0.0140147638
v -0.00699116897 0.0113936071 0.0166254377
v -0.00692747306 0.0114573031 0.0167540836
v -0.00676204871 0.0116227274 -0.0367185146
v -0.00687562179 0.0115091543 -0.0336537279
v -0.00676204871 0.0116227274 -0.0334814854
v -0.00676204871 0.0116227274 0.0137814856
v -0.00687562179 0.0115091543 0.0168462706
v -0.00676204871 0.0116227274 0.0170185137
v -0.00698268126 0.0156447392 -0.0370485571
v -0.00691166114 0.0157157593 -0.0369870088
v -0.00688850593 0.0157389145 -0.0332346654
v -0.00698268126 0.0156447392 0.0134514427
v -0.00691166114 0.0157157593 0.0135129929
v -0.00688850593 0.0157389145 0.0172653341
v -0.00686561774 0.0157617979 -0.036943092
v -0.00675550651 0.0158719092 -0.0333764
v -0.00686561774 0.0157617979 0.0135569096
v -0.00675550651 0.0158719092 0.0171235991
v -0.00677846145 0.022961896 -0.0690484166
v -0.00675393294 0.0228775482 -0.0687995124
v -0.00676956366 0.0228296404 -0.0685453129
v -0.0069799919 0.0228846626 -0.0683782959
v -0.00675397109 0.0231731157 -0.069522953
v -0.00679305266 0.0230661659 -0.0692901635
v -0.00676097106 0.0230124693 -0.0691944408
v -0.00697548102 0.0230041342 -0.0689496112
v -0.00690983008 0.0234957676 -0.076196928
v -0.00690649222 0.0234991007 -0.0698959398
v -0.00699105452 0.0234145432 -0.0697346902
v -0.00680943679 0.0235961514 -0.0760958719
v -0.00676537703 0.0236402159 -0.0701213408
v -0.00686130713 0.0235442906 -0.0699733639
v -0.00699633788 0.0276518946 -0.0730933523
v -0.0069350357 0.027713192 -0.0729439521
v -0.00698184203 0.0276663857 -0.0699989367
v -0.0068755741 0.0277726584 -0.0727930784
v -0.00681796264 0.0278302698 -0.0726407743
v -0.00676222037 0.0278860169 -0.0724870872
v -0.00688898276 0.0277592497 -0.0699507427
v -0.00676212501 0.027977932 -0.0697450471
v -0.00675015639 0.0280707293 -0.0696131682
v -0.00675567817 0.0282216768 -0.0693374944
v -0.00681473922 0.0282444267 -0.069242475
v -0.0067694683 0.0282608109 -0.069242475
v -0.00675192069 0.0283610611 -0.0689991498
v -0.00677333068 0.0284254246 -0.0687490368
v -0.00678785514 0.0284690695 -0.0684940028
v -0.00679537009 0.028491662 -0.0682359529
v -0.00679582786 0.0284930449 -0.0679768109
v -0.00678922843 0.0284731941 -0.0677185082
v -0.00677303504 0.0284267216 -0.067435174
v -0.00663636397 0.0117484121 -0.0368730243
v -0.00674190711 0.011642869 -0.0367455459
v -0.00674190711 0.011642869 -0.0334544542
v -0.00663636397 0.0117484121 0.013626976
v -0.00674190711 0.011642869 0.0137544537
v -0.00674190711 0.011642869 0.0170455456
v -0.00652337264 0.0118614082 -0.0369870088
v -0.0066143341 0.011770442 -0.0333030701
v -0.00654652785 0.011838253 -0.0332346654
v -0.00652337264 0.0118614082 0.0135129929
v -0.0066143341 0.011770442 0.0171969318
v -0.00654652785 0.011838253 0.0172653341
v -0.00673439216 0.0158930283 -0.0367980966
v -0.00669311713 0.0159342938 -0.0367455459
v -0.00663371276 0.0159937029 -0.0335370186
v -0.00667297553 0.0159544354 -0.0334814854
v -0.00673439216 0.0158930283 0.0137019014
v -0.00669311713 0.0159342938 0.0137544537
v -0.00663371276 0.0159937029 0.0169629812
v -0.00667297553 0.0159544354 0.0170185137
v -0.00661460113 0.0160128193 -0.0366344963
v -0.00652445983 0.0161029606 -0.0364852384
v -0.00650755118 0.0161198645 -0.0337459162
v -0.00661460113 0.0160128193 0.0138655043
v -0.00652445983 0.0161029606 0.0140147638
v -0.00650755118 0.0161198645 0.0167540836
v -0.00651863288 0.0229818468 -0.0692901635
v -0.0065413494 0.0228913002 -0.0690484166
v -0.00650958251 0.0228093987 -0.0687995124
v -0.00652099799 0.0227603178 -0.0685453129
v -0.00673801612 0.0228040009 -0.0684353304
v -0.00653532218 0.0231038504 -0.069522953
v -0.00651348304 0.0230023699 -0.0693374944
v -0.00666291427 0.0230009823 -0.069242475
v -0.00652023505 0.0234653645 -0.0700348687
v -0.00653450202 0.0232723312 -0.069788034
v -0.00658427428 0.0232569151 -0.0697450471
v -0.00671032142 0.0236952763 -0.0759923553
v -0.00666243743 0.0237431555 -0.0702595758
v -0.00668880652 0.0237167912 -0.070225966
v -0.00672000121 0.0235011129 -0.0699951124
v -0.00661248397 0.023793109 -0.0758864117
v -0.0065246601 0.0238809328 -0.0704176593
v -0.00670835685 0.0279398756 -0.072332058
v -0.00665640067 0.0279918318 -0.0721757388
v -0.00673298072 0.027915247 -0.0698448634
v -0.00672142219 0.0279934673 -0.0697450471
v -0.00660636138 0.0280418758 -0.0720181727
v -0.00655824851 0.028089984 -0.0718594098
v -0.00651209067 0.0281361466 -0.0716994929
v -0.00662770461 0.0280205278 -0.0697531891
v -0.0066073532 0.028040884 -0.0697333193
v -0.00651144217 0.0282245569 -0.0694771957
v -0.00652298163 0.0282694607 -0.0693844533
v -0.00650082778 0.0283796673 -0.0691460752
v -0.00651265334 0.0284292584 -0.0689991498
v -0.00652838897 0.0284952383 -0.0687490368
v -0.0067386074 0.0284849815 -0.0684940028
v -0.00674320411 0.0284996681 -0.0678216052
v -0.0066342945 0.0284960156 -0.067564733
v -0.00657521438 0.0284902077 -0.0674589205
v -0.00653092574 0.0285059004 -0.0686983633
v -0.00653906058 0.0285399752 -0.0684940028
v -0.00654458236 0.0285631399 -0.0682359529
v -0.00654491614 0.0285645561 -0.0679768109
v -0.00654006194 0.0285442095 -0.0677185082
v -0.00652517508 0.0285039358 -0.0674653411
v -0.00640378188 0.011980999 -0.0370866321
v -0.0064999504 0.0118848257 -0.0331918918
v -0.00640378188 0.011980999 0.0134133673
v -0.0064999504 0.0118848257 0.0173081064
v -0.00625285338 0.0121319275 -0.0371861637
v -0.00637914847 0.0120056276 -0.0330952354
v -0.00625285338 0.0121319275 0.0133138371
v -0.00637914847 0.0120056276 0.0174047661
v -0.00649103354 0.0161363821 -0.0364225169
v -0.00640033912 0.0162270813 -0.036225
v -0.00638666343 0.0162407522 -0.0340091784
v -0.00640033912 0.0162270813 -0.033975
v -0.00649103354 0.0161363821 0.0140774822
v -0.00640033912 0.0162270813 0.0142749977
v -0.00638666343 0.0162407522 0.0164908218
v -0.00640033912 0.0162270813 0.0165250015
v -0.00637341689 0.0162540035 -0.036156311
v -0.00631365966 0.016313756 -0.035979145
v -0.00625670623 0.0163707142 -0.0344421637
v -0.00631365966 0.016313756 -0.0342208549
v -0.00637341689 0.0162540035 0.0143436909
v -0.00631365966 0.016313756 0.0145208549
v -0.00625670623 0.0163707142 0.0160578346
v -0.00631365966 0.016313756 0.0162791443
v -0.00643891524 0.0227357464 -0.0685002708
v -0.00648930739 0.0227449255 -0.0684897399
v -0.00628423881 0.0229337626 -0.0692901635
v -0.00625006865 0.0228341799 -0.0690484166
v -0.00626023482 0.0227627592 -0.0687995124
v -0.00626190375 0.0227510433 -0.0687490368
v -0.00628298949 0.0232138519 -0.069788034
v -0.00626623343 0.0230462008 -0.069522953
v -0.00627008628 0.02302213 -0.0694771957
v -0.00628892135 0.0234073191 -0.0700348687
v -0.00627244185 0.0232730894 -0.0698724747
v -0.00628313254 0.0236241846 -0.0702608085
v -0.00626893233 0.0235092573 -0.070150609
v -0.00642080497 0.023984788 -0.0756673717
v -0.00640779685 0.0239977961 -0.070531621
v -0.00646692466 0.0239386683 -0.0704760718
v -0.00632702064 0.0240785723 -0.075554347
v -0.00625433158 0.0241512566 -0.0706575441
v -0.00646788787 0.0281803494 -0.0715384722
v -0.00642564963 0.0282225781 -0.0713763976
v -0.00649062346 0.028157609 -0.0696038604
v -0.00640108298 0.0282471542 -0.069483304
v -0.00638540458 0.0282628231 -0.0712133145
v -0.00631092261 0.0283373051 -0.0708843231
v -0.00627670478 0.0283715229 -0.0707185102
v -0.00638407897 0.0282641535 -0.0694578958
v -0.00625984382 0.0283883886 -0.0692403769
v -0.00626836013 0.0284763889 -0.0689991498
v -0.00627270888 0.0285057907 -0.0688998151
v -0.00627829741 0.0285434895 -0.0687490368
v -0.00628503036 0.0285889845 -0.0684940028
v -0.0062885208 0.0286125403 -0.0682359529
v -0.00628874015 0.0286139755 -0.0679768109
v -0.00627217483 0.0285594683 -0.067500248
v -0.0063230915 0.0285501175 -0.0674928999
v -0.0061484928 0.0122362785 -0.0372398771
v -0.00622701835 0.0121577625 -0.032999444
v -0.0061484928 0.0122362785 0.0132601213
v -0.00622701835 0.0121577625 0.0175005579
v -0.00601474952 0.0123700266 -0.0372923326
v -0.0061220188 0.0122627621 -0.0329483142
v -0.00601474952 0.0123700266 0.0132076693
v -0.0061220188 0.0122627621 0.0175516844
v -0.00624881934 0.0163786011 -0.0357201841
v -0.00621135901 0.0164160614 -0.0354907084
v -0.00618718337 0.0164402323 -0.0351
v -0.00618936728 0.0164380531 -0.0349822441
v -0.00620677184 0.0164206438 -0.0347480224
v -0.00624881934 0.0163786011 -0.034479816
v -0.00624881934 0.0163786011 0.0147798157
v -0.00621135901 0.0164160614 0.0150092936
v -0.00618718337 0.0164402323 0.0153999996
v -0.00618936728 0.0164380531 0.0155177546
v -0.00620677184 0.0164206438 0.015751977
v -0.00624881934 0.0163786011 0.0160201836
v -0.00600777816 0.0227379685 -0.0687995124
v -0.00623573493 0.0227078943 -0.0685411119
v -0.00604656409 0.0229062395 -0.0692901635
v -0.00600385856 0.022810009 -0.0690484166
v -0.00600708198 0.0227506571 -0.0688497782
v -0.00602674674 0.0231819182 -0.069788034
v -0.00603840064 0.0230198174 -0.069522953
v -0.00613239478 0.0230037527 -0.0694771957
v -0.00601319503 0.0233705168 -0.0700348687
v -0.006020195 0.0232730227 -0.0699139023
v -0.00603380393 0.0235864763 -0.0702608085
v -0.00600316237 0.0235099774 -0.0701879716
v -0.00600540351 0.0239041929 -0.0705253959
v -0.00601642798 0.0237808066 -0.0704313707
v -0.0062346382 0.0241709499 -0.075439024
v -0.00615876388 0.024246829 -0.0707239199
v -0.00614369582 0.0242618923 -0.0753214407
v -0.00605421256 0.0243513756 -0.0752016354
v -0.00602778624 0.0243778067 -0.0708013344
v -0.0061263771 0.0242792111 -0.0707444739
v -0.00624451827 0.0284037094 -0.0705518889
v -0.00621437262 0.0284338598 -0.0703845048
v -0.00618627738 0.0284619551 -0.0702164078
v -0.00624585341 0.028402379 -0.0692115283
v -0.0061696453 0.0284892588 -0.0689991498
v -0.00613625716 0.0285119705 -0.0698782825
v -0.00611435126 0.0285338764 -0.0697083545
v -0.00607678603 0.0285714417 -0.0693670201
v -0.00606113624 0.0285870915 -0.0691957164
v -0.00603612136 0.0286121063 -0.0688520885
v -0.00602676581 0.0286214619 -0.0686798668
v -0.00601437758 0.0286338596 -0.068334868
v -0.00602914046 0.0286394911 -0.0682359529
v -0.00602922629 0.0286409407 -0.0679768109
v -0.00601597976 0.0285929136 -0.0675396252
v -0.00590574454 0.0124790363 -0.0373222987
v -0.00598763656 0.0123971348 -0.0328991678
v -0.00590574454 0.0124790363 0.0131777
v -0.00598763656 0.0123971348 0.017600832
v -0.0057678337 0.0126169424 -0.037344519
v -0.00587827872 0.0125064974 -0.0328718968
v -0.0057678337 0.0126169424 0.0131554794
v -0.00587827872 0.0125064974 0.0176281023
v -0.00575411986 0.0227352266 -0.0687995124
v -0.00597923469 0.0226931744 -0.0685890579
v -0.0057595272 0.0229006415 -0.0692901635
v -0.00575647544 0.022807334 -0.0690484166
v -0.00575497817 0.0227614861 -0.0688998151
v -0.00576856803 0.023176878 -0.069788034
v -0.00576325606 0.0230144482 -0.069522953
v -0.00577475738 0.0233658629 -0.0700348687
v -0.00577156257 0.0232681732 -0.0699139023
v -0.0057515068 0.0236960106 -0.0703651738
v -0.00577933501 0.0235056048 -0.0701879716
v -0.00576171111 0.0238994341 -0.0705253959
v -0.00575551223 0.0237757139 -0.0704313707
v -0.00575198363 0.0242072802 -0.0707189274
v -0.00596622657 0.0244393664 -0.0750796413
v -0.00592724036 0.0244783526 -0.0708508778
v -0.005755064 0.0242528277 -0.0707434964
v -0.00587974738 0.0245258408 -0.0749555016
v -0.00575605582 0.0246495323 -0.0709168386
v -0.00579555701 0.0282416372 -0.0695947933
v -0.00582512092 0.0282902603 -0.0695098042
v -0.0058972473 0.0284131889 -0.0692527938
v -0.00594228934 0.0284935408 -0.0690358067
v -0.00594795417 0.0285038643 -0.0690036702
v -0.00598147582 0.0285665732 -0.0687730551
v -0.00599859427 0.0286001234 -0.0686044955
v -0.00576904487 0.0286199837 -0.0684940028
v -0.00576839637 0.0286437874 -0.0682359529
v -0.00576835822 0.028645237 -0.0679768109
v -0.00575850676 0.0286040096 -0.0675831795
v -0.00565685462 0.0127279215 -0.03735
v -0.00574011992 0.0126446562 -0.0328530836
v -0.00565685462 0.0127279215 0.0131500006
v -0.00574011992 0.0126446562 0.0176469183
v -0.00551819037 0.0128665857 -0.0373414381
v -0.00562908362 0.0127556877 -0.0328503427
v -0.00551819037 0.0128665857 0.0131585598
v -0.00562908362 0.0127556877 0.0176496553
v -0.00555161666 0.0227489262 -0.0687995124
v -0.00572174262 0.0227008896 -0.0686332107
v -0.00552095603 0.0229188662 -0.0692901635
v -0.00550979804 0.0228261786 -0.0690484166
v -0.00550118636 0.0227545529 -0.0687995124
v -0.00551128577 0.0231987887 -0.069788034
v -0.00550345611 0.0231421118 -0.0697015643
v -0.00553164672 0.02300772 -0.0694771957
v -0.00550302695 0.0234254294 -0.0700740457
v -0.00551950644 0.0232583933 -0.0698724747
v -0.00550159644 0.0236460762 -0.0702962589
v -0.00551932525 0.0235300284 -0.0701879716
v -0.00551972579 0.0239285593 -0.0705253959
v -0.00550407599 0.02384692 -0.0704634237
v -0.00550378989 0.0242459564 -0.0707189274
v -0.0055056877 0.0244368773 -0.0708124208
v -0.005514719 0.0242902832 -0.0707434964
v -0.00571145247 0.0246941357 -0.0747009206
v -0.00568656157 0.0247190266 -0.070937314
v -0.00562968444 0.0247759037 -0.0745705557
v -0.00554953765 0.0248560553 -0.0744382
v -0.00551099967 0.0248945932 -0.0709735155
v -0.00560261916 0.027942174 -0.0700073624
v -0.00562887382 0.0279811649 -0.0699627709
v -0.00572891425 0.0281348353 -0.0697612047
v -0.00574062537 0.0281533413 -0.0697340703
v -0.00550383758 0.0282611113 -0.069522953
v -0.00550064277 0.0282852774 -0.0694771957
v -0.00553409766 0.0284000664 -0.069242475
v -0.00552394103 0.0284886484 -0.0689991498
v -0.00552220534 0.0285038405 -0.0689496112
v -0.0055162258 0.0285560398 -0.0687490368
v -0.0055109806 0.0286017351 -0.0684940028
v -0.00550827216 0.028625391 -0.0682359529
v -0.00550811004 0.0286268358 -0.0679768109
v -0.00550172996 0.0285926705 -0.0676305747
v -0.0054079647 0.0129768067 -0.0373222987
v -0.00549055289 0.012894228 -0.0328623258
v -0.0054079647 0.0129768067 0.0131777
v -0.00549055289 0.012894228 0.0176376724
v -0.0052719612 0.0131128197 -0.0372831655
v -0.00538058471 0.0130041962 -0.0328841825
v -0.0052719612 0.0131128197 0.0132168341
v -0.00538058471 0.0130041962 0.017615819
v -0.0054652233 0.0227309733 -0.0686732388
v -0.00528487395 0.0229577665 -0.0692901635
v -0.00526569556 0.0228663998 -0.0690484166
v -0.005250885 0.0227957945 -0.0687995124
v -0.00531259726 0.0227596741 -0.068695147
v -0.00525767516 0.0232474117 -0.069788034
v -0.00525074195 0.0232192688 -0.0697450471
v -0.00525276374 0.0230322628 -0.069431026
v -0.00526439856 0.0234408503 -0.0700348687
v -0.00525588225 0.0234086828 -0.0699951124
v -0.00526073646 0.0237032204 -0.0702962589
v -0.00525441359 0.0235513048 -0.070150609
v -0.00528413009 0.0239909964 -0.0705253959
v -0.00525729369 0.0239123182 -0.0704634237
v -0.00525424193 0.0242341356 -0.0706674409
v -0.00526034545 0.0244307261 -0.0707672739
v -0.00526230048 0.0243788414 -0.0707434964
v -0.00526102256 0.0246994858 -0.0708740282
v -0.00547103118 0.0249345617 -0.0743038869
v -0.00544026565 0.0249653273 -0.0709819579
v -0.0053941841 0.025011404 -0.0741676593
v -0.00526289176 0.0251427012 -0.0709878731
v -0.00526010703 0.0274761801 -0.0703942633
v -0.00540514182 0.0276647883 -0.0702654743
v -0.00545511435 0.0277325945 -0.0702105403
v -0.00548700522 0.0277766829 -0.0701721954
v -0.00526856612 0.0278915482 -0.0699951124
v -0.00527822684 0.0280239134 -0.0698305154
v -0.00526450347 0.0280809908 -0.0697450471
v -0.00527269553 0.0282449608 -0.0694771957
v -0.00545840453 0.0282546978 -0.069522953
v -0.00526758384 0.0282679825 -0.069431026
v -0.00529605102 0.0283622246 -0.069242475
v -0.00527822684 0.0284495907 -0.0689991498
v -0.00526704024 0.0285044603 -0.0687995124
v -0.00526467513 0.028516057 -0.0687490368
v -0.00525549125 0.0285611229 -0.0684940028
v -0.00525073241 0.0285844545 -0.0682359529
v -0.00525043677 0.0285858755 -0.0679768109
v -0.00529812049 0.028567503 -0.0676710176
v -0.00519169044 0.0131930809 -0.0372516857
v -0.00513887595 0.0132459002 -0.0372274168
v -0.00524507712 0.013139699 -0.0329266669
v -0.00519169044 0.0131930809 0.0132483149
v -0.00513887595 0.0132459002 0.0132725811
v -0.00524507712 0.013139699 0.0175733328
v -0.00500973891 0.0133750372 -0.0371554773
v -0.00506085586 0.0133239155 -0.0330138363
v -0.00511270713 0.0132720738 -0.0329856916
v -0.00500973891 0.0133750372 0.0133445215
v -0.00506085586 0.0133239155 0.0174861622
v -0.00511270713 0.0132720738 0.0175143099
v -0.00514516067 0.0229909115 -0.0692901635
v -0.00502601813 0.0229276924 -0.0690484166
v -0.00500512313 0.0228586416 -0.0687995124
v -0.00521162223 0.0227832012 -0.068708837
v -0.00500681113 0.0231779556 -0.0695682812
v -0.00500736426 0.0230313091 -0.0692901635
v -0.00500113677 0.0230119495 -0.069242475
v -0.00511219214 0.0234869175 -0.0700348687
v -0.00500263404 0.0234225397 -0.0699139023
v -0.00500069808 0.0232949476 -0.0697450471
v -0.00504642676 0.0237403517 -0.0702608085
v -0.00500385474 0.023639205 -0.070150609
v -0.00501536559 0.0239243345 -0.0703986168
v -0.00500001143 0.0241656714 -0.0705552936
v -0.0050128765 0.0240625362 -0.0704947686
v -0.0051365776 0.0244987993 -0.0707672739
v -0.00500465583 0.0244767933 -0.0707189274
v -0.00501037787 0.0247092848 -0.0708124208
v -0.00501172255 0.0245282393 -0.0707434964
v -0.00501044463 0.0249871283 -0.0708929062
v -0.00524560164 0.0251599913 -0.0738896275
v -0.00517389487 0.0252316933 -0.0737479067
v -0.00515652846 0.0252490645 -0.0709809947
v -0.0051039524 0.0253016405 -0.0736044431
v -0.00503578376 0.0253698044 -0.0734592748
v -0.00501537513 0.0253902178 -0.0709596968
v -0.00505724143 0.0272315197 -0.0705113268
v -0.00502186011 0.0272390871 -0.0704947686
v -0.00507844161 0.0272561245 -0.0705019951
v -0.00524083327 0.0274519997 -0.0704083109
v -0.00503914069 0.0275122957 -0.0702962589
v -0.00500922393 0.0275811176 -0.0702247095
v -0.0050123043 0.0277733021 -0.0700348687
v -0.0050001068 0.0278042631 -0.0699951124
v -0.00510536384 0.0280067473 -0.069788034
v -0.00501403045 0.0280067282 -0.0697450471
v -0.00500508498 0.02817066 -0.0694771957
v -0.00502856444 0.0282501488 -0.0693374944
v -0.00501608085 0.0282897215 -0.069242475
v -0.00503684234 0.0283893137 -0.0689991498
v -0.00501755904 0.0284543495 -0.0687490368
v -0.00500448417 0.0284984474 -0.0684940028
v -0.005056221 0.0285055618 -0.0685453129
v -0.0050026245 0.0285047226 -0.0684425735
v -0.00504786681 0.0285356693 -0.0682359529
v -0.00500011634 0.0285132055 -0.0678216052
v -0.00504748534 0.028516119 -0.0677244091
v -0.00488552283 0.0134992485 -0.0370678943
v -0.00498447608 0.0134003048 -0.0330608074
v -0.00488552283 0.0134992485 0.013432107
v -0.00498447608 0.0134003048 0.0174391937
v -0.00481375884 0.0135710173 -0.0370081082
v -0.00476718139 0.0136175947 -0.0369653346
v -0.00486135673 0.0135234194 -0.0331514429
v -0.00481375884 0.0135710173 0.0134918928
v -0.00476718139 0.0136175947 0.0135346651
v -0.00486135673 0.0135234194 0.0173485565
v -0.00483867835 0.0229915886 -0.0690484166
v -0.00486514281 0.0228927355 -0.0687507248
v -0.00496286582 0.0228571777 -0.0687397361
v -0.00478504371 0.0232375603 -0.069522953
v -0.00475647162 0.0231728439 -0.0693844533
v -0.00475338172 0.023044055 -0.0690973973
v -0.00477252196 0.0234223776 -0.069788034
v -0.00475990485 0.0233962898 -0.0697450471
v -0.00476525496 0.0236770754 -0.0700740457
v -0.00475316237 0.0235702114 -0.0699547863
v -0.00476932715 0.0239724236 -0.0703310513
v -0.00475148391 0.023806942 -0.0701879716
v -0.00480067443 0.024246028 -0.0705253959
v -0.00475078773 0.0242314415 -0.0704947686
v -0.00477725219 0.0244896059 -0.0706405377
v -0.00484790992 0.0247391634 -0.0707672739
v -0.00478169631 0.0247448187 -0.0707434964
v -0.00477292251 0.0249948816 -0.0708124208
v -0.00475088309 0.0247825461 -0.0707434964
v -0.00475715827 0.0252446442 -0.0708543158
v -0.00496941756 0.0254361754 -0.0733124495
v -0.00491038512 0.0254952126 -0.0709346795
v -0.00490487288 0.0255007248 -0.0731640124
v -0.0047813053 0.0256242828 -0.0728624773
v -0.00477208327 0.0256335049 -0.0708893991
v -0.00483784865 0.0269882422 -0.0705755615
v -0.00499268722 0.0271578341 -0.0705361462
v -0.0047588272 0.0270716648 -0.0704947686
v -0.0047712345 0.0272791176 -0.0703651738
v -0.00478048514 0.0274646263 -0.0702247095
v -0.00492606353 0.0275013046 -0.0702608085
v -0.00479426574 0.0275148087 -0.0701879716
v -0.00477998923 0.02770397 -0.0699951124
v -0.00497549247 0.0277584295 -0.0700348687
v -0.00475023459 0.027761157 -0.0699139023
v -0.00477266501 0.0279067545 -0.0697450471
v -0.00477797698 0.0280001717 -0.0696131682
v -0.00478898238 0.0280876904 -0.0694771957
v -0.0047895832 0.0282072573 -0.069242475
v -0.00497667502 0.0282555275 -0.0692901635
v -0.0047681446 0.028259018 -0.0690973973
v -0.00475546073 0.0282896357 -0.0689991498
v -0.00477651786 0.0283712988 -0.0687490368
v -0.00475962829 0.0284140806 -0.0684940028
v -0.00475086402 0.0284362202 -0.0682359529
v -0.00475492667 0.0284257727 -0.0677920961
v -0.00494882773 0.02848944 -0.067746563
v -0.00494872283 0.0285031729 -0.0682877135
v -0.00494783591 0.0285060101 -0.0682359529
v -0.00494739722 0.0285073977 -0.0679768109
v -0.00499802779 0.028503211 -0.0677354312
v -0.00465561103 0.0137291651 -0.0368485785
v -0.00474430274 0.0136404781 -0.0332569079
v -0.00465561103 0.0137291651 0.0136514235
v -0.00474430274 0.0136404781 0.0172430944
v -0.00459227752 0.0137925034 -0.0367720759
v -0.00451238822 0.0138723831 -0.0366629814
v -0.00453185271 0.0138529234 -0.0335090098
v -0.00463418197 0.0137505894 -0.0333764
v -0.00459227752 0.0137925034 0.0137279224
v -0.00451238822 0.0138723831 0.013837018
v -0.00453185271 0.0138529234 0.0169909906
v -0.00463418197 0.0137505894 0.0171235991
v -0.00472083281 0.0229523401 -0.0687656999
v -0.00452457618 0.0232394629 -0.0692901635
v -0.00450536918 0.0232045488 -0.0691944408
v -0.00457961272 0.0230193071 -0.0687788248
v -0.00465776633 0.0234816389 -0.069788034
v -0.00450163077 0.0234748345 -0.0696575999
v -0.00450427245 0.0233003168 -0.0693844533
v -0.00461229514 0.0237287598 -0.0700348687
v -0.00450863074 0.0237189131 -0.0699547863
v -0.00453098487 0.0235221844 -0.0697450471
v -0.00460963439 0.0239905768 -0.0702608085
v -0.00450644683 0.0239772253 -0.0701879716
v -0.00452182006 0.0242135315 -0.0703651738
v -0.0045009632 0.0240289717 -0.0702247095
v -0.00453259658 0.0244940643 -0.0705253959
v -0.00450113486 0.0244664936 -0.0704947686
v -0.00450828742 0.0247351103 -0.070612874
v -0.00466940116 0.0249871235 -0.0707672739
v -0.00451367568 0.0249890165 -0.0706935716
v -0.00455788802 0.025246275 -0.0707672739
v -0.00451390456 0.0252325802 -0.0707434964
v -0.00450494956 0.0254994898 -0.0707672739
v -0.00450022887 0.0252793293 -0.0707434964
v -0.00472233008 0.0256832581 -0.0727094722
v -0.00467000197 0.0257355909 -0.0708466125
v -0.00461008262 0.0257955103 -0.0723992157
v -0.00455683898 0.0258487539 -0.0722420621
v -0.00450378608 0.0259018021 -0.0707588363
v -0.00458831977 0.0267350035 -0.0705852342
v -0.00474783133 0.0268940477 -0.0705864644
v -0.00450784873 0.0268380337 -0.0704947686
v -0.00473652076 0.027000535 -0.0705253959
v -0.00450828742 0.0270157747 -0.0703986168
v -0.0045618267 0.0272694807 -0.0702608085
v -0.00451014708 0.0272755461 -0.0702247095
v -0.00452426146 0.0275084715 -0.0700348687
v -0.0045049591 0.0275355702 -0.0699951124
v -0.00455818366 0.0277574377 -0.069788034
v -0.00450609397 0.0277590876 -0.0697450471
v -0.00450029563 0.0279406672 -0.0694771957
v -0.00467395019 0.0280071812 -0.069522953
v -0.00451758574 0.0280041676 -0.0693844533
v -0.00452853393 0.0280827837 -0.069242475
v -0.00452996444 0.0281845121 -0.0689991498
v -0.00471608352 0.0282553797 -0.0690484166
v -0.00454933356 0.0282572203 -0.0687995124
v -0.00454405974 0.0282678108 -0.0687490368
v -0.00452354621 0.0283089762 -0.0684940028
v -0.00451292228 0.028330286 -0.0682359529
v -0.00452012252 0.0283272486 -0.0678510213
v -0.00442042541 0.0139643555 -0.0365159708
v -0.00438623618 0.0139985447 -0.0364540838
v -0.00449327659 0.0138914995 -0.0335655037
v -0.00442042541 0.0139643555 0.0139840269
v -0.00438623618 0.0139985447 0.0140459156
v -0.00449327659 0.0138914995 0.016934495
v -0.00429310988 0.0140916662 -0.0362588356
v -0.00425209235 0.0141326838 -0.036156311
v -0.00426533889 0.0141194325 -0.0340091784
v -0.00436971854 0.0140150623 -0.0337774832
v -0.00429310988 0.0140916662 0.0142411661
v -0.00425209235 0.0141326838 0.0143436909
v -0.00426533889 0.0141194325 0.0164908218
v -0.00436971854 0.0140150623 0.016722517
v -0.00435140799 0.0232325821 -0.0690484166
v -0.00448737334 0.0230679636 -0.0687865305
v -0.00434557151 0.0234842615 -0.069522953
v -0.0042538948 0.0234355717 -0.0693374944
v -0.00425785254 0.0233580332 -0.0691944408
v -0.00425071906 0.0232600765 -0.0689496112
v -0.00426709365 0.0237481098 -0.069788034
v -0.00426457595 0.0236762457 -0.0697015643
v -0.00425653647 0.0235184126 -0.0694771957
v -0.00426948737 0.0239993649 -0.0700348687
v -0.0042537136 0.0239237623 -0.0699547863
v -0.00434118461 0.0242304258 -0.0702608085
v -0.00426208686 0.0242072945 -0.0701879716
v -0.00427294921 0.0244924955 -0.0703651738
v -0.00426473807 0.024259265 -0.0702247095
v -0.00435252379 0.0247396498 -0.0705253959
v -0.00426512908 0.0247239523 -0.0704634237
v -0.00427979659 0.024972909 -0.0705552936
v -0.00425572585 0.0248268585 -0.0704947686
v -0.0042771263 0.0252475815 -0.070612874
v -0.00428028296 0.0254745989 -0.0706405377
v -0.00449946593 0.0257346611 -0.0707672739
v -0.00427388381 0.0257490664 -0.0706405377
v -0.00445620727 0.0259493857 -0.0719239354
v -0.00440686416 0.0259987335 -0.0706965232
v -0.00436347197 0.0260421209 -0.0716010451
v -0.00432009887 0.0260854893 -0.0714379334
v -0.00425081443 0.0261547785 -0.0705771303
v -0.00432369422 0.0264907246 -0.0705310535
v -0.00426039885 0.0264790611 -0.0704947686
v -0.00449370574 0.0266450958 -0.070572927
v -0.00427510451 0.0265066033 -0.0704947686
v -0.00449949454 0.026763957 -0.0705253959
v -0.00429169845 0.0267627602 -0.0703986168
v -0.00430047225 0.0270219021 -0.0702608085
v -0.0042726345 0.0270465927 -0.0702247095
v -0.00427399825 0.0272546272 -0.0700740457
v -0.00425596427 0.0273306208 -0.0699951124
v -0.00426415633 0.0275074606 -0.0698305154
v -0.00425945472 0.0275801067 -0.0697450471
v -0.00428310584 0.0277678757 -0.069522953
v -0.00426861953 0.0277874785 -0.0694771957
v -0.00428188514 0.0279317694 -0.069242475
v -0.00445490073 0.0280177908 -0.0692901635
v -0.00429097365 0.0280054455 -0.0690973973
v -0.00427270125 0.0280330877 -0.0689991498
v -0.00427803229 0.0281174021 -0.0687490368
v -0.00425334166 0.0281562071 -0.0684940028
v -0.00428480338 0.0282039242 -0.0682359529
v -0.00425183486 0.0281822662 -0.0679240775
v -0.00443526458 0.0282546644 -0.0685453129
v -0.0043780918 0.0282508879 -0.0683394122
v -0.00437472533 0.0282568483 -0.0682359529
v -0.00438397597 0.0282583265 -0.0678872728
v -0.00420341681 0.0141813641 -0.0360151575
v -0.00413538169 0.0142493944 -0.0357578363
v -0.00418171119 0.0142030602 -0.0342571352
v -0.00423927497 0.0141455059 -0.0340785214
v -0.00420341681 0.0141813641 0.0144848442
v -0.00413538169 0.0142493944 0.0147421646
v -0.00418171119 0.0142030602 0.0162428665
v -0.00423927497 0.0141455059 0.0164214802
v -0.00409509849 0.0142896824 -0.0355293202
v -0.00406974029 0.0143150358 -0.0352569521
v -0.00406586837 0.0143189125 -0.0351
v -0.0040813465 0.0143034296 -0.0347868605
v -0.00412007522 0.0142647009 -0.0345176572
v -0.0041274948 0.0142572813 -0.034479816
v -0.00409509849 0.0142896824 0.0149706793
v -0.00406974029 0.0143150358 0.0152430487
v -0.00406586837 0.0143189125 0.0153999996
v -0.0040813465 0.0143034296 0.0157131386
v -0.00412007522 0.0142647009 0.0159823418
v -0.0041274948 0.0142572813 0.0160201836
v -0.00422101211 0.0232324772 -0.0688045335
v -0.00416485976 0.0234757452 -0.0692901635
v -0.00403049659 0.0234639721 -0.0690484166
v -0.00417826842 0.0232625132 -0.0688067794
v -0.00402625274 0.0237454825 -0.069522953
v -0.00400938224 0.0237278776 -0.0694771957
v -0.00400419425 0.0235830765 -0.069242475
v -0.00401856612 0.0239862137 -0.069788034
v -0.0040061016 0.0239153938 -0.0697015643
v -0.00405583571 0.0242347031 -0.0700348687
v -0.00400500487 0.0242460041 -0.0699951124
v -0.00413835715 0.0244831877 -0.0702608085
v -0.00400603484 0.02448489 -0.070150609
v -0.00402706336 0.0247487908 -0.0702962589
v -0.0040110607 0.0246181803 -0.0702247095
v -0.00422903251 0.0249844008 -0.0705253959
v -0.00401584815 0.0249705963 -0.0703651738
v -0.00414525222 0.0252454262 -0.0705253959
v -0.0040174694 0.0252487545 -0.0704313707
v -0.00410579871 0.0254859429 -0.0705253959
v -0.00402302932 0.0254782324 -0.0704634237
v -0.00410013389 0.0257297735 -0.0705253959
v -0.00401709746 0.0257336216 -0.0704634237
v -0.00417571258 0.0259930782 -0.0705552936
v -0.00400658797 0.0259945707 -0.0704313707
v -0.00423942756 0.0261661654 -0.0711086297
v -0.00420213889 0.0262034493 -0.0709425354
v -0.00419053267 0.0262150555 -0.0705240989
v -0.00416089248 0.0262446957 -0.0704964852
v -0.00413374137 0.0262718468 -0.0706077218
v -0.00410265159 0.0263029413 -0.0704391003
v -0.00405128669 0.0265100365 -0.0703310513
v -0.0040169258 0.0266891174 -0.0702247095
v -0.00410511207 0.0267633371 -0.0702608085
v -0.00405424308 0.0267522554 -0.0702247095
v -0.00401537131 0.0270093088 -0.0700348687
v -0.00401296805 0.027061327 -0.0699951124
v -0.00422208022 0.0272507744 -0.0700348687
v -0.00402139853 0.027269352 -0.0698305154
v -0.00400666427 0.0273406391 -0.0697450471
v -0.00421235274 0.027501853 -0.069788034
v -0.00402163695 0.0275119095 -0.0695682812
v -0.00402028274 0.0275794153 -0.0694771957
v -0.00401591491 0.0277242451 -0.069242475
v -0.00411566924 0.0277547865 -0.0693374944
v -0.00400494765 0.0278114157 -0.0690484166
v -0.00403263282 0.0278556662 -0.0689991498
v -0.00402914237 0.0279400759 -0.0687490368
v -0.00400053214 0.0279760914 -0.0684940028
v -0.00417338561 0.0280009537 -0.0688998151
v -0.00404586028 0.0280020313 -0.0685453129
v -0.00404133986 0.0280079298 -0.0684940028
v -0.00402685355 0.0280268316 -0.0682359529
v -0.00400099944 0.028009594 -0.0679989433
v -0.00399274062 0.0234959726 -0.0690484166
v -0.00397243689 0.0234233885 -0.0688147259
v -0.00387951087 0.0237306814 -0.0692901635
v -0.00375740241 0.0237491016 -0.0690973973
v -0.00385568809 0.0235281019 -0.068816855
v -0.00380841445 0.0239812594 -0.069522953
v -0.00375362586 0.0239365082 -0.0693844533
v -0.00375210952 0.0238098841 -0.0691944408
v -0.00383006286 0.0242211418 -0.069788034
v -0.00375822257 0.024224308 -0.0697015643
v -0.00376054954 0.0240019589 -0.0694771957
v -0.00387691688 0.024497426 -0.0700348687
v -0.0037719078 0.0244841557 -0.0699139023
v -0.00375735473 0.0242764216 -0.0697450471
v -0.00399314116 0.0247320442 -0.0702608085
v -0.00375165175 0.024745677 -0.0700348687
v -0.00375421714 0.0246590834 -0.0699951124
v -0.00388388823 0.0249986534 -0.0702608085
v -0.00377969932 0.0249642067 -0.070150609
v -0.00381946753 0.025242446 -0.0702608085
v -0.00378297996 0.0252351456 -0.0702247095
v -0.00378516387 0.0254922609 -0.0702608085
v -0.00375114631 0.0254528885 -0.0702247095
v -0.00378149222 0.0257445507 -0.0702608085
v -0.00380849074 0.0259951 -0.0702608085
v -0.00376597594 0.025965107 -0.0702247095
v -0.00398628425 0.0262402134 -0.0703651738
v -0.00375008773 0.0262355976 -0.070150609
v -0.0039831848 0.0263504248 -0.0703310513
v -0.00387696456 0.026390379 -0.0702247095
v -0.00396721076 0.0265103512 -0.0702608085
v -0.00380446624 0.0265000467 -0.0701126289
v -0.00375985335 0.0266496735 -0.0699951124
v -0.00389305304 0.0267594605 -0.0700740457
v -0.00381497573 0.0267574053 -0.0699951124
v -0.00378930282 0.0270162802 -0.069788034
v -0.00376515578 0.0270323114 -0.0697450471
v -0.00397088241 0.0272566061 -0.069788034
v -0.00376067351 0.0272554283 -0.069522953
v -0.00376990508 0.0273067503 -0.0694771957
v -0.00377714347 0.0274859266 -0.069242475
v -0.00382442664 0.0275079756 -0.0692901635
v -0.00380945395 0.0275217276 -0.069242475
v -0.00377775382 0.0276184063 -0.0689991498
v -0.00376403045 0.027701767 -0.0687490368
v -0.003990633 0.0277528648 -0.0691460752
v -0.00385365676 0.0277553158 -0.0688497782
v -0.00378536414 0.0277527838 -0.0686475086
v -0.00376789283 0.0277705984 -0.0684940028
v -0.00377037238 0.0278111248 -0.0680747986
v -0.00351598929 0.0194524365 -0.0388472104
v -0.00351598929 0.0194524365 0.019000001
v -0.00361021232 0.0197497969 -0.0388131231
v -0.00361021232 0.0197497969 0.019000001
v -0.00365563582 0.0199527865 -0.0387914988
v -0.00365563582 0.0199527865 0.019000001
v -0.00369247626 0.0202101402 -0.03876589
v -0.00369247626 0.0202101402 0.019000001
v -0.00370382499 0.0203657465 -0.0387513566
v -0.00370688628 0.0204697209 -0.0387420389
v -0.00370688628 0.0204697209 0.019000001
v -0.00369877051 0.020729578 -0.0387201256
v -0.00369877051 0.020729578 0.019000001
v -0.00366818618 0.020987752 -0.0387003139
v -0.00366818618 0.020987752 0.019000001
v -0.00361537169 0.0212423115 -0.0386827525
v -0.00361537169 0.0212423115 0.019000001
v -0.00354070853 0.0214913397 -0.0386675742
v -0.00354070853 0.0214913397 0.019000001
v -0.00350485038 0.0215889816 -0.0386621958
v -0.00350485038 0.0215889816 0.019000001
v -0.00374481391 0.0237376766 -0.0690484166
v -0.00374438476 0.0236386089 -0.0688169956
v -0.00366096686 0.0239844112 -0.0692901635
v -0.00355703544 0.0239675646 -0.0690484166
v -0.00363883208 0.0237546139 -0.0688151479
v -0.00362086486 0.0242417746 -0.069522953
v -0.00351745795 0.0242326765 -0.0693374944
v -0.00350736808 0.0241701393 -0.069242475
v -0.00369757842 0.024491518 -0.0698305154
v -0.00350888442 0.0244929819 -0.0695682812
v -0.00350676726 0.0243889885 -0.0694771957
v -0.00356125068 0.0247107439 -0.069788034
v -0.00351826858 0.0247402029 -0.0697450471
v -0.00366892051 0.0249694662 -0.0700348687
v -0.00350446891 0.0249628096 -0.0698305154
v -0.00350280951 0.0247809296 -0.0697450471
v -0.00360254477 0.0252396088 -0.0700348687
v -0.00350637626 0.0252221089 -0.0699139023
v -0.00357216071 0.0254761438 -0.0700348687
v -0.0035064907 0.0254711752 -0.0699547863
v -0.0036718769 0.025749629 -0.070150609
v -0.00350077819 0.0257164602 -0.0699547863
v -0.00359157752 0.0259916144 -0.0700348687
v -0.00355867576 0.0259966116 -0.0699951124
v -0.00371609878 0.0262451058 -0.0701126289
v -0.00354509543 0.0262498741 -0.0699139023
v -0.00374364089 0.0264405232 -0.0700740457
v -0.00368071746 0.0264641934 -0.0699951124
v -0.0037411518 0.0265264158 -0.0700348687
v -0.00356270026 0.0265085821 -0.0698305154
v -0.00350775908 0.0265292482 -0.0697450471
v -0.00363828849 0.0267556601 -0.069788034
v -0.0035429592 0.0267535954 -0.0696575999
v -0.00351407241 0.026921423 -0.0694771957
v -0.00364795875 0.0270019846 -0.0696131682
v -0.00355981063 0.0270019608 -0.0694771957
v -0.00351577949 0.0271400004 -0.069242475
v -0.00367619704 0.0272609692 -0.0693844533
v -0.00352298926 0.0272521429 -0.0690973973
v -0.00352431487 0.0273116856 -0.0689991498
v -0.00352986525 0.0274329929 -0.0687490368
v -0.00374857139 0.027511261 -0.0691460752
v -0.00367773246 0.0275075512 -0.0689991498
v -0.00362620543 0.0275516634 -0.0687490368
v -0.00352532577 0.0275017815 -0.0684940028
v -0.00353017043 0.0275498753 -0.0681634426
v -0.00373407554 0.0277756863 -0.0680874801
v -0.00335437011 0.0189758759 -0.04
v -0.0032661457 0.0189404183 -0.0306999999
v -0.00329277228 0.0189847975 0.010999999
v -0.00347219657 0.0191552191 -0.04
v -0.00344549369 0.0191819267 -0.0394344375
v -0.00341421317 0.0192132025 -0.0388768944
v -0.00331862639 0.0190296249 -0.0306999999
v -0.00341421317 0.0192132025 0.010999999
v -0.00341421317 0.0192132025 0.019000001
v -0.00349729728 0.0194038992 -0.0388530624
v -0.00349729728 0.0194038992 0.019000001
v -0.0034447689 0.0217329674 -0.0386548921
v -0.0034447689 0.0217329674 0.019000001
v -0.00332826804 0.0219653874 -0.0386448017
v -0.00332826804 0.0219653874 0.019000001
v -0.00327610206 0.0220553808 -0.0386415091
v -0.00327610206 0.0220553808 0.019000001
v -0.00347647857 0.0239592915 -0.0688076663
v -0.00349936675 0.024221695 -0.0692901635
v -0.00339425277 0.0242157774 -0.0690484166
v -0.00344613265 0.0240018206 -0.0688055134
v -0.00348632049 0.0244818382 -0.069522953
v -0.0033634014 0.0244745379 -0.0692901635
v -0.00325823974 0.0244796162 -0.0690484166
v -0.00327968787 0.0242670183 -0.0687880564
v -0.00337755393 0.0247346239 -0.069522953
v -0.00325453948 0.0247401838 -0.0692901635
v -0.00325167846 0.0246880894 -0.069242475
v -0.00346422385 0.0249958973 -0.069788034
v -0.00329573821 0.0249973755 -0.069522953
v -0.0032721157 0.024991353 -0.0694771957
v -0.00340917777 0.0252481871 -0.069788034
v -0.00327363204 0.0252259522 -0.0695682812
v -0.00325080108 0.0250814848 -0.0694771957
v -0.0033836193 0.0254618769 -0.069788034
v -0.0032695217 0.0254983645 -0.0696131682
v -0.00337760161 0.025720027 -0.069788034
v -0.00326624106 0.0257232552 -0.0696131682
v -0.0033985443 0.0259773998 -0.069788034
v -0.00326240729 0.0259956722 -0.0695682812
v -0.00344620894 0.0262311869 -0.069788034
v -0.00339060019 0.0262446671 -0.0697015643
v -0.00325405311 0.0262301283 -0.0694771957
v -0.00349258613 0.0263970165 -0.069788034
v -0.00346617888 0.0264978247 -0.0697015643
v -0.00332885932 0.0264976006 -0.0694771957
v -0.00348133277 0.0265391903 -0.0697015643
v -0.0033599491 0.0265848427 -0.0694771957
v -0.00325715255 0.0266235094 -0.069242475
v -0.00349547576 0.0267763453 -0.0695682812
v -0.00343115043 0.0267558174 -0.0694771957
v -0.00331159781 0.0267575245 -0.069242475
v -0.00325021934 0.0268386679 -0.0689991498
v -0.00345876883 0.0270060806 -0.0692901635
v -0.00336844634 0.0270008021 -0.0690973973
v -0.00333934974 0.0270166617 -0.0689991498
v -0.00325578879 0.0270041733 -0.0687490368
v -0.00327244948 0.0271730452 -0.0682756186
v -0.00343175124 0.0272536736 -0.0688497782
v -0.00341130446 0.0272672443 -0.0687490368
v -0.00332445334 0.0272603588 -0.0682509899
v -0.00335160445 0.0273032932 -0.0682385993
v -0.00349859427 0.02751015 -0.0681760478
v -0.00315546226 0.0187225752 -0.04
v -0.00302642058 0.018603261 -0.0306999999
v -0.00312174987 0.0187257843 0.010999999
v -0.00322462272 0.0188047772 -0.04
v -0.00315209578 0.0187677031 -0.0306999999
v -0.00323875617 0.0188965111 0.010999999
v -0.00316256713 0.0222296696 -0.0386362198
v -0.00316256713 0.0222296696 0.019000001
v -0.00300412368 0.022435792 -0.0386320698
v -0.00300412368 0.022435792 0.019000001
v -0.00323036384 0.0243589192 -0.0687805271
v -0.00316642951 0.024709342 -0.0690484166
v -0.0031413288 0.024547308 -0.0687629652
v -0.00308315467 0.0246921616 -0.068747642
v -0.00318539809 0.0249692421 -0.0692901635
v -0.00308312606 0.0249942427 -0.0690484166
v -0.00301291656 0.0249776392 -0.0687995124
v -0.00304857444 0.0247902088 -0.0687364221
v -0.00324879836 0.02522188 -0.069522953
v -0.00313643645 0.0252034454 -0.0692901635
v -0.00303672027 0.0252372437 -0.0690484166
v -0.00300561141 0.0252326994 -0.0689496112
v -0.00321850013 0.0254953985 -0.069522953
v -0.00310482215 0.0254887848 -0.0692901635
v -0.00301161956 0.0254833632 -0.0690484166
v -0.00300301742 0.0253831654 -0.0689991498
v -0.00321515273 0.0257247334 -0.069522953
v -0.0031013317 0.0257280283 -0.0692901635
v -0.00300801467 0.025730732 -0.0690484166
v -0.00323746871 0.0259990196 -0.069522953
v -0.00311865996 0.025966671 -0.0692901635
v -0.00302592467 0.0259774761 -0.0690484166
v -0.00300989341 0.0259793453 -0.0689991498
v -0.00324397277 0.0260444431 -0.069522953
v -0.00316672515 0.0262496977 -0.0692901635
v -0.00306522559 0.0262217264 -0.0690484166
v -0.00300701331 0.0262337141 -0.0688497782
v -0.00322916221 0.0264806776 -0.0692901635
v -0.0031733818 0.0264983921 -0.0691460752
v -0.00305648993 0.026482275 -0.0687995124
v -0.00300819587 0.0264966898 -0.0685453129
v -0.00300107192 0.0264988165 -0.0684940028
v -0.00324404906 0.0265261726 -0.0692901635
v -0.00323888968 0.0266303806 -0.0691944408
v -0.00317369651 0.0266548996 -0.0689991498
v -0.00311021041 0.0266787796 -0.0687490368
v -0.00301321219 0.0265652685 -0.0684288859
v -0.00324468802 0.0267867642 -0.0690484166
v -0.00319624137 0.0267533283 -0.0689496112
v -0.00314773749 0.0267735272 -0.0687490368
v -0.00307800483 0.026758769 -0.068383224
v -0.00324608039 0.0270092516 -0.0686983633
v -0.00320033263 0.0270386248 -0.0683121276
v -0.00293189239 0.0184905558 -0.04
v -0.00278030585 0.0183377247 -0.0306999999
v -0.00292488288 0.0184858303 0.010999999
v -0.00297077369 0.0185276394 -0.04
v -0.00295939635 0.0185243874 -0.0306999999
v -0.00299325179 0.0185635357 0.010999999
v -0.00297032546 0.0224753218 -0.0386315709
v -0.00297032546 0.0224753218 0.019000001
v -0.00275361251 0.0226996832 -0.0386309052
v -0.00275361251 0.0226996832 0.019000001
v -0.0029896469 0.0249893122 -0.0687116432
v -0.00296533774 0.0252268105 -0.0687995124
v -0.00297707747 0.0250396233 -0.0687049699
v -0.00293959807 0.0254791718 -0.0687995124
v -0.00292738151 0.0252936583 -0.0686688471
v -0.00293589782 0.0257328205 -0.0687995124
v -0.002899868 0.0255503874 -0.0686283278
v -0.00295426558 0.0259858255 -0.0687995124
v -0.00289396476 0.0257564001 -0.0685929537
v -0.00299456786 0.0262362747 -0.0687995124
v -0.00290678214 0.0260130625 -0.0685453153
v -0.00299386214 0.026447094 -0.0685453129
v -0.00294193458 0.0262669592 -0.0684942198
v -0.00299915503 0.0265161591 -0.0684400511
v -0.0025996704 0.0182186203 -0.04
v -0.00250399779 0.0181037693 -0.0306999999
v -0.00266535949 0.0182333784 0.010999999
v -0.00272849273 0.0183152895 -0.04
v -0.0027042694 0.0182674961 -0.0306999999
v -0.00274258803 0.0183022814 0.010999999
v -0.0027152748 0.0227348356 -0.0386311826
v -0.0027152748 0.0227348356 0.019000001
v -0.00251477431 0.0229003267 -0.0386342299
v -0.00251477431 0.0229003267 0.019000001
v -0.00229035567 0.0179579001 -0.0306999999
v -0.00233408164 0.01798559 0.010999999
v -0.00246619414 0.0181286459 -0.04
v -0.00237732123 0.0180140286 -0.0306999999
v -0.00246228408 0.0180731278 0.010999999
v -0.0023878498 0.0229910688 -0.0386373791
v -0.0023878498 0.0229910688 0.019000001
v -0.00225638579 0.0230750876 -0.0386415091
v -0.00225638579 0.0230750876 0.019000001
v -0.00223435592 0.0179942112 -0.04
v -0.00201860618 0.0178079538 -0.0306999999
v -0.00224617194 0.0179309683 0.010999999
v -0.00202815246 0.0231995802 -0.0386505401
v -0.00202815246 0.0231995802 0.019000001
v -0.00178128432 0.0177049999 -0.0306999999
v -0.00187727164 0.0177437239 0.010999999
v -0.00199233245 0.0178800564 -0.04
v -0.00192474555 0.0177643185 -0.0306999999
v -0.0019718666 0.0177857332 0.010999999
v -0.00193397712 0.0232437544 -0.0386548921
v -0.00193397712 0.0232437544 0.019000001
v -0.00178999137 0.0233038359 -0.0386621958
v -0.00178999137 0.0233038359 0.019000001
v -0.00158849906 0.0177416735 -0.04
v -0.00153598021 0.0176228743 -0.0306999999
v -0.00173280906 0.0176868897 0.010999999
v -0.00174195479 0.0177870398 -0.04
v -0.00154370498 0.0233870869 -0.0386763886
v -0.00154370498 0.0233870869 0.019000001
v -0.00148510169 0.0177158623 -0.04
v -0.00128451537 0.0175621872 -0.0306999999
v -0.00148612212 0.0176090078 0.010999999
v -0.00129112433 0.023448699 -0.0386930114
v -0.00129112433 0.023448699 0.019000001
v -0.00122371863 0.0176670628 -0.04
v -0.00102875899 0.0175233917 -0.0306999999
v -0.00123364638 0.0175526648 0.010999999
v -0.00103416633 0.0234882145 -0.0387119398
v -0.00103416633 0.0234882145 0.019000001
v -0.000959770193 0.0176410036 -0.04
v -0.000782892217 0.0175505762 -0.0395090705
v -0.000833999624 0.0175507813 -0.0394999999
v -0.000874034872 0.017510746 -0.0390000001
v -0.000874034872 0.017510746 -0.0306999999
v -0.00097726058 0.0175182848 0.010999999
v -0.000874034872 0.017510746 0.019000001
v -0.000930587759 0.0234977608 -0.0387201256
v -0.000930587759 0.0234977608 0.019000001
v -0.000774747839 0.023505333 -0.0387330315
v -0.000774747839 0.023505333 0.019000001
v -0.000748111715 0.0176366692 -0.04
v -0.000527326574 0.0175628214 -0.0395520839
v -0.000510837545 0.0175240212 -0.0392621425
v -0.000718042364 0.0175061159 -0.0390000001
v -0.000510084142 0.0175125723 0.019000001
v -0.000514823904 0.0234999304 -0.0387561283
v -0.000514823904 0.0234999304 0.019000001
v -0.000566761007 0.0235028105 -0.0387513566
v -0.000618736257 0.0235047941 -0.0387466598
v -0.000566761007 0.0235028105 0.019000001
v -0.000273105611 0.0175970774 -0.0395909682
v -0.000253326406 0.0175522213 -0.0392621425
v -0.000458204259 0.0175164394 -0.0390000001
v -0.000251590719 0.0175408821 0.019000001
v -0.000256349554 0.0234720402 -0.0387810564
v -0.000256349554 0.0234720402 0.019000001
v -2.21366783e-05 0.0176530914 -0.0396254325
v -4.31050853e-07 0.0176075201 -0.0393143943
v -0.000200235357 0.0175492268 -0.0390000001
v -4.71610924e-05 0.0175795822 0.019000001
v -1.25121077e-06 0.0234218769 -0.0388076288
v -1.25121077e-06 0.0234218769 0.019000001
v 0.00022372056 0.017730444 -0.039655219
v 0.000249546061 0.0176748257 -0.0392621425
v 3.48855059e-06 0.0175914698 -0.0390000001
v 0.000203788767 0.0176477318 0.019000001
v 0.000248544703 0.0233498173 -0.0388356459
v 0.000248544703 0.0233498173 0.019000001
v 0.000272109995 0.0177484255 -0.0396605948
v 0.00044348527 0.0177479439 -0.0392621425
v 0.000253217707 0.0176639538 -0.0390000001
v 0.000447900782 0.0177373533 0.019000001
v 0.00046260644 0.0178285532 -0.0396801049
v 0.000491140376 0.0177683096 -0.0392621425
v 0.000495746622 0.0177577953 -0.0390000001
v 0.000495746622 0.0177577953 0.019000001
v 0.000491159449 0.0232564001 -0.0388648972
v 0.000491159449 0.0232564001 0.019000001
v 0.000737569819 0.0179726486 -0.0397032401
v 0.000723732005 0.0178823595 -0.0392621425
v 0.00054322053 0.017779067 -0.0390000001
v 0.000729225169 0.0178722887 0.019000001
v 0.000729034434 0.0232173281 -0.04
v 0.000617063532 0.0232444792 -0.0394344375
v 0.000585783015 0.0232132034 -0.0388768944
v 0.000585783015 0.0232132034 -0.0306999999
v 0.000585783015 0.0232132034 0.010999999
v 0.000585783015 0.0232132034 0.019000001
v 0.000707109461 0.0233345251 -0.04
v 0.000707109461 0.0233345251 -0.0306999999
v 0.000707109461 0.0233345251 0.010999999
v 0.000707109461 0.0233345251 0.020999999
v 0.000781963358 0.017999361 -0.0397063652
v 0.000902145396 0.0179878454 -0.0392621425
v 0.000774677287 0.0178975897 -0.0390000001
v 0.000908325205 0.0179781752 0.019000001
v 0.00099697877 0.0181440191 -0.0397188032
v 0.000988500605 0.0180451613 -0.0392621425
v 0.000951917658 0.0180065661 -0.0390000001
v 0.000995014201 0.0180357103 0.019000001
v 0.000983074198 0.0229846602 -0.0306999999
v 0.000983074198 0.0229846602 0.010999999
v 0.000974157343 0.0230397825 -0.04
v 0.000766656886 0.0231191473 -0.0306999999
v 0.000940721522 0.0230130224 0.010999999
v 0.00111997415 0.0182393723 -0.0397236899
v 0.00123493005 0.01823458 -0.0392621425
v 0.00103759576 0.0180655985 -0.0390000001
v 0.00124238778 0.0182258587 0.019000001
v 0.00123804856 0.0183408241 -0.0397266269
v 0.00121825982 0.0182540779 -0.0394705084
v 0.00123743821 0.0228041916 -0.04
v 0.0010249405 0.0229555874 -0.0306999999
v 0.00122655679 0.0227997761 0.010999999
v 0.00101333428 0.0230079441 -0.04
v 0.00138726998 0.0184851246 -0.039727498
v 0.00149570275 0.0184864645 -0.0392621425
v 0.00128163148 0.018260005 -0.0390000001
v 0.00146866609 0.0184406691 0.019000001
v 0.00149264146 0.0185997324 -0.0397258651
v 0.00147679139 0.0185037975 -0.0394705084
v 0.00148654748 0.0225238829 -0.04
v 0.00141421128 0.0226274185 -0.0306999999
v 0.00141421128 0.0226274185 0.010999999
v 0.00127502252 0.0227659683 -0.04
v 0.00126524735 0.0227665882 -0.0306999999
v 0.00126524735 0.0227665882 0.010999999
v 0.00150416184 0.0184787064 -0.0390000001
v 0.00150416184 0.0184787064 0.019000001
v 0.00159209062 0.0187194805 -0.0397222769
v 0.00169355203 0.0187261753 -0.0392621425
v 0.00153898049 0.0185173588 -0.0390000001
v 0.00170276452 0.0187193422 0.019000001
v 0.00174395371 0.0189295893 -0.0397119805
v 0.00174967576 0.0188133507 -0.0393143943
v 0.001733387 0.0187613993 -0.0390000001
v 0.001733387 0.0187613993 0.019000001
v 0.0017283516 0.0221706276 -0.04
v 0.00174898912 0.0222287636 -0.0306999999
v 0.00174898912 0.0222287636 0.010999999
v 0.00167243768 0.0222618942 -0.04
v 0.00155640412 0.022474988 -0.0306999999
v 0.00171869088 0.0222711735 0.010999999
v 0.0015218525 0.0225140171 -0.0306999999
v 0.0015218525 0.0225140171 0.010999999
v 0.0017721634 0.0189730768 -0.0397092789
v 0.00186543275 0.018985136 -0.0392621425
v 0.00176327516 0.0188039808 -0.0390000001
v 0.00187531282 0.0189792996 0.019000001
v 0.0019255333 0.0192431812 -0.0396886444
v 0.00198745538 0.0192135792 -0.0392621425
v 0.00190139581 0.0190243082 -0.0390000001
v 0.00199783135 0.0192086678 0.019000001
v 0.00199168016 0.0193835192 -0.0396755293
v 0.00199949075 0.0192651396 -0.0393665498
v 0.00199580956 0.0215894442 -0.04
v 0.00191999246 0.0217887955 -0.04
v 0.00191491891 0.0219638329 -0.0306999999
v 0.00198730279 0.0218252449 0.010999999
v 0.00180631448 0.0220304041 -0.04
v 0.00177855302 0.0221858292 -0.0306999999
v 0.00188919831 0.0220091658 0.010999999
v 0.00203175355 0.0194787817 -0.0396657726
v 0.00208928872 0.0194518404 -0.0392621425
v 0.00201991845 0.0192557697 -0.0390000001
v 0.00211795617 0.0194966297 0.019000001
v 0.00211748887 0.019722064 -0.0396379218
v 0.00218366433 0.0197479801 -0.0392621425
v 0.00213503648 0.0195457678 -0.0390000001
v 0.0021947651 0.0197450667 0.019000001
v 0.00218210031 0.0199712114 -0.0396052995
v 0.0022292595 0.0199501639 -0.0392621425
v 0.00220752526 0.0197955017 -0.0390000001
v 0.0022497635 0.0199992256 0.019000001
v 0.00222510148 0.0202243595 -0.03956815
v 0.00224858094 0.020208333 -0.039418593
v 0.00224252511 0.0200004702 -0.0392098102
v 0.00224616815 0.0204796152 -0.0395267513
v 0.00224937249 0.0203115158 -0.0394705084
v 0.0021623211 0.0205470972 -0.04
v 0.00224841882 0.0205818825 -0.0395090705
v 0.00224820901 0.0206329851 -0.0394999999
v 0.00215801049 0.0207583122 -0.04
v 0.00213207055 0.021021698 -0.04
v 0.00220199395 0.0212389736 -0.0306999999
v 0.00224587251 0.0210351877 0.010999999
v 0.00208348084 0.0212825422 -0.04
v 0.00212744523 0.0214886122 -0.0306999999
v 0.00218882371 0.0212894039 0.010999999
v 0.00201261331 0.0215388851 -0.04
v 0.00203150559 0.0217308407 -0.0306999999
v 0.00210994531 0.0215377121 0.010999999
v 0.00200981904 0.0217782383 -0.0306999999
v 0.00200981904 0.0217782383 0.010999999
v 0.00226636697 0.0202065401 -0.0392621425
v 0.00225810815 0.0200505762 -0.0390000001
v 0.00227778245 0.0202053909 0.019000001
v 0.00228113938 0.0204651671 -0.0392621425
v 0.00228255082 0.0202571945 -0.0390000001
v 0.00229261209 0.0204650097 0.019000001
v 0.00227659989 0.0206613808 -0.0392708597
v 0.00228824426 0.0206730204 -0.0390000001
v 0.00228489686 0.0207250385 -0.0306999999
v 0.00228824426 0.0206730204 0.010999999
v 0.00228824426 0.0206730204 0.019000001
v 0.0022546177 0.0209838085 -0.0306999999
v 0.00228063394 0.0207769852 0.010999999
v 0.00282842446 0.0212132053 -0.04
v 0.00282842446 0.0212132053 -0.0306999999
v 0.00282842446 0.0212132053 0.010999999
v 0.00282842446 0.0212132053 0.020999999
v 0.00968115617 -0.040523426 -0.0607590032
v 0.00964950372 -0.0405550785 -0.0604159379
v 0.00962204743 -0.0405825348 -0.0600721478
v 0.00959880639 -0.0406057758 -0.0597277379
v 0.00957978059 -0.0406247921 -0.0593828106
v 0.00956497956 -0.0406396027 -0.0590374708
v 0.00955440331 -0.0406501789 -0.0586918187
v 0.00954806138 -0.0406565208 -0.0583459616
v 0.00954594422 -0.040658638 -0.0579999995
v 0.00971699525 -0.040487587 -0.0611012459
v 0.00990204621 -0.040302536 -0.0624599099
v 0.00984955598 -0.0403550262 -0.0621219921
v 0.00980121423 -0.040403368 -0.0617828417
v 0.00975702096 -0.0404475613 -0.0614425588
v 0.00995866586 -0.0402459164 -0.0627964926
v 0.0101530819 -0.0400515003 -0.0637972283
v 0.010084198 -0.0401203842 -0.0634652519
v 0.0100193863 -0.0401851959 -0.06313164
v 0.0102260189 -0.0399785633 -0.0641274691
v 0.0103839474 -0.0398206348 -0.0647823524
v 0.0103029804 -0.0399016018 -0.0644558764
v 0.0104689007 -0.0397356815 -0.0651067996
v 0.0106506424 -0.0395539398 -0.0657492161
v 0.0105578022 -0.03964678 -0.0654291201
v 0.0107473736 -0.0394572086 -0.0660669947
v 0.0109524326 -0.0392521496 -0.0666952133
v 0.0108479862 -0.039356596 -0.0663823581
v 0.0111727362 -0.0390318508 -0.067313025
v 0.0110606938 -0.0391438885 -0.067005465
v 0.0114080172 -0.0387965603 -0.0679196882
v 0.0112885218 -0.0389160652 -0.0676177955
v 0.0116863041 -0.0427609177 -0.0590374708
v 0.0116757231 -0.0427714939 -0.0586918187
v 0.0116693764 -0.0427778454 -0.0583459616
v 0.011667264 -0.0427799625 -0.0579999995
v 0.011743372 -0.0427038498 -0.0600721478
v 0.0117201309 -0.0427270908 -0.0597277379
v 0.0117011051 -0.0427461166 -0.0593828106
v 0.0117481356 -0.0387545414 -0.0683784723
v 0.0116579943 -0.0385465832 -0.0685144806
v 0.0117288714 -0.0387129421 -0.0684044433
v 0.011531189 -0.0386733932 -0.0682186151
v 0.011736887 -0.0380128975 -0.0657641387
v 0.0117470818 -0.0381852169 -0.0655071139
v 0.0117488365 -0.038204071 -0.0654594636
v 0.0116947537 -0.0380007 -0.0650919223
v 0.0117476111 -0.0377778549 -0.0660127306
v 0.0117410593 -0.0379931755 -0.0658110118
v 0.0117145996 -0.0379948063 -0.0656433058
v 0.0116915159 -0.0379980392 -0.0653551769
v 0.0116498499 -0.0377658386 -0.0650877142
v 0.0117426901 -0.0377464123 -0.0660110974
v 0.0117245751 -0.0377426357 -0.065940659
v 0.0116723328 -0.0377488251 -0.06565763
v 0.0116513043 -0.0377443905 -0.0654674244
v 0.011620615 -0.0375264282 -0.065085218
v 0.0117194681 -0.0374829121 -0.0660226536
v 0.0117085819 -0.0374991341 -0.065977118
v 0.011647871 -0.0374991245 -0.0656740785
v 0.0116150694 -0.0374963493 -0.0652734733
v 0.0116074019 -0.0372537537 -0.0650844932
v 0.0117370396 -0.0372474689 -0.0661060643
v 0.0116987829 -0.0372496433 -0.0659696603
v 0.0116204004 -0.0372475452 -0.0655294561
v 0.0116079598 -0.0372462006 -0.0653655696
v 0.011613739 -0.0370095177 -0.0650856972
v 0.0117197685 -0.0369991798 -0.0660104847
v 0.0116808252 -0.0369966717 -0.0658513045
v 0.0116467743 -0.0369972248 -0.0656673265
v 0.0116243248 -0.0369956036 -0.0654818082
v 0.0116372423 -0.0367645378 -0.0650885892
v 0.0117081146 -0.0367494316 -0.065850482
v 0.0116773682 -0.0367482014 -0.065690558
v 0.0116406088 -0.0367483063 -0.0653440356
v 0.0116780644 -0.036520216 -0.0650931311
v 0.01173662 -0.036493742 -0.0657614541
v 0.0117267542 -0.0364997215 -0.0657157946
v 0.0116819458 -0.0364984817 -0.0652785516
v 0.0117363434 -0.0362779636 -0.0650992751
v 0.0117464285 -0.0362407322 -0.0652617121
v 0.0117448645 -0.0362479038 -0.0651001525
v 0.0119225292 -0.0425246925 -0.0617828417
v 0.0118783407 -0.0425688858 -0.0614425588
v 0.011838315 -0.0426089115 -0.0611012459
v 0.0118024712 -0.0426447506 -0.0607590032
v 0.0117708235 -0.042676403 -0.0604159379
v 0.0119708805 -0.0424763412 -0.0621219921
v 0.0119883423 -0.0391875667 -0.0681504726
v 0.0118538885 -0.0389619846 -0.0682590842
v 0.0118653278 -0.0389826412 -0.0682481742
v 0.0119349127 -0.0382696743 -0.0662661076
v 0.0118762188 -0.0383283634 -0.066015687
v 0.0118349438 -0.0383696384 -0.0657591558
v 0.0118132191 -0.0383913631 -0.0655311823
v 0.0118049317 -0.0383996506 -0.0652682328
v 0.0118087511 -0.0383958359 -0.0651033401
v 0.0119975166 -0.0381384964 -0.0665109348
v 0.0119612675 -0.0382433147 -0.0663576841
v 0.0119188385 -0.0382482929 -0.066237905
v 0.0118379955 -0.0382394524 -0.0659714651
v 0.0117842226 -0.0382469482 -0.0656804132
v 0.0117600184 -0.0382471104 -0.0654371238
v 0.0117545586 -0.0382293529 -0.0650978208
v 0.0119886427 -0.037995264 -0.0665635228
v 0.0119467335 -0.0379965038 -0.0664714622
v 0.0118467312 -0.0379936333 -0.0662146306
v 0.0117722063 -0.0379952831 -0.0659543657
v 0.011977561 -0.0377399368 -0.06662853
v 0.0119031029 -0.0377442951 -0.0664705133
v 0.011806119 -0.0377494163 -0.0662202024
v 0.0119914417 -0.0374905605 -0.0666970778
v 0.0118434744 -0.037496273 -0.0663859081
v 0.0117611199 -0.0374958916 -0.0661606026
v 0.0119668608 -0.0372425003 -0.0666577029
v 0.0118510609 -0.037248909 -0.0664173436
v 0.0117512255 -0.0372334976 -0.0661507535
v 0.0119991999 -0.0369953842 -0.066689074
v 0.0118789797 -0.0369975395 -0.0664513779
v 0.0117675715 -0.0369992847 -0.0661674261
v 0.0119393568 -0.0367414875 -0.0665092397
v 0.0119179564 -0.0367495365 -0.0664672279
v 0.011767519 -0.0367486687 -0.0660756755
v 0.0117548733 -0.0366675491 -0.0659861636
v 0.0119909697 -0.0364910335 -0.0665072322
v 0.0119486122 -0.0364996929 -0.0664232135
v 0.0118521004 -0.0364994926 -0.066186316
v 0.0117830353 -0.036497652 -0.0659647369
v 0.0117531138 -0.036405899 -0.0657400179
v 0.011750205 -0.0362790317 -0.0654909706
v 0.0119820051 -0.0362493534 -0.0663401842
v 0.0118666582 -0.0362365265 -0.0660131884
v 0.0118103247 -0.0362499542 -0.0658110666
v 0.0117625074 -0.036245367 -0.0655147743
v 0.0117563229 -0.0362499733 -0.0654687214
v 0.0118228369 -0.0360098667 -0.065108037
v 0.011957572 -0.0359848518 -0.0660194731
v 0.0118871002 -0.0359880943 -0.065750246
v 0.0118463974 -0.0359977837 -0.0655220819
v 0.011843236 -0.0359990997 -0.0654991341
v 0.0119177895 -0.035777647 -0.0651173639
v 0.0119601374 -0.03572715 -0.0655096126
v 0.0119376116 -0.0357351131 -0.0652570081
v 0.0119999771 -0.0356079216 -0.0651252651
v 0.0121407061 -0.0423065205 -0.06313164
v 0.0120799809 -0.0423672409 -0.0627964926
v 0.012023366 -0.042423851 -0.0624599099
v 0.0122055178 -0.0422416992 -0.0634652519
v 0.0122487526 -0.0395445366 -0.0680336833
v 0.0122019463 -0.0394864483 -0.0680474257
v 0.0120282869 -0.0392483063 -0.0681254697
v 0.0121500521 -0.0385578174 -0.0689574599
v 0.0121882658 -0.0382521171 -0.0579999995
v 0.0121141558 -0.0380904217 -0.0667634678
v 0.0120102959 -0.0381942863 -0.0665068793
v 0.0121226769 -0.0380819054 -0.0579999995
v 0.0122373514 -0.037967226 -0.0670026827
v 0.0122083502 -0.0379962368 -0.0669511461
v 0.0120724993 -0.0379914684 -0.0667282534
v 0.0122429876 -0.0377393265 -0.0670607519
v 0.0121773892 -0.0377439232 -0.0669665265
v 0.0120409041 -0.0377487392 -0.066744647
v 0.0122251873 -0.0374920006 -0.067062254
v 0.0121734409 -0.0374947948 -0.0669902253
v 0.0120165138 -0.0374933643 -0.0667418408
v 0.0122321396 -0.037244503 -0.0670703745
v 0.0121314221 -0.0372484417 -0.0669303727
v 0.0120029049 -0.0372166176 -0.066721704
v 0.01222503 -0.0369952888 -0.0670340943
v 0.01211479 -0.0369953937 -0.0668784475
v 0.0120118551 -0.0369888706 -0.066710248
v 0.0122455292 -0.0367327328 -0.0670049024
v 0.0121930485 -0.0367476673 -0.0669376945
v 0.0120049315 -0.0367496223 -0.0666387558
v 0.012223156 -0.0364996929 -0.0668983483
v 0.012081502 -0.0364981003 -0.0666781402
v 0.0120064573 -0.0363940353 -0.0664865828
v 0.0122097521 -0.0362469883 -0.0667621851
v 0.0120630627 -0.0362458439 -0.0665087557
v 0.0120013218 -0.0362481708 -0.0663827682
v 0.0120022659 -0.0360677357 -0.0662363315
v 0.0121670609 -0.0359804649 -0.0665141368
v 0.0120425253 -0.0359899731 -0.0662599969
v 0.0120015411 -0.0359866924 -0.0661515284
v 0.0120039063 -0.0358463211 -0.0659796643
v 0.0121629601 -0.0357352466 -0.0662687588
v 0.0120625191 -0.0357386417 -0.0660060334
v 0.0120018654 -0.035728323 -0.0657598877
v 0.0120028048 -0.0356983967 -0.0656931996
v 0.0120015555 -0.0356386204 -0.0654907227
v 0.0120445662 -0.0355246086 -0.0651294994
v 0.0122104054 -0.0354751987 -0.0660183549
v 0.0121384935 -0.0354777546 -0.0657717323
v 0.012083705 -0.0354936333 -0.0655207539
v 0.0120634775 -0.0354926414 -0.0652687907
v 0.0122098284 -0.0352551765 -0.0651449251
v 0.0122423201 -0.0352401371 -0.0655124569
v 0.0122275858 -0.0352308197 -0.0652610469
v 0.0122459154 -0.0352029343 -0.0651482463
v 0.0124243002 -0.0420229263 -0.0644558764
v 0.0123473387 -0.0420998878 -0.0641274691
v 0.0122744017 -0.0421728153 -0.0637972283
v 0.0124841862 -0.039805891 -0.0680019879
v 0.0124141293 -0.0397330112 -0.0680054498
v 0.0123640709 -0.038874752 -0.0688352776
v 0.012469161 -0.0387905044 -0.0579999995
v 0.0123170071 -0.0385274334 -0.0579999995
v 0.0122626429 -0.0384186668 -0.0579999995
v 0.0124873905 -0.038231842 -0.0696119308
v 0.0124123936 -0.0377921886 -0.0672673392
v 0.0122521954 -0.0379523868 -0.0670280886
v 0.0124642735 -0.0377403088 -0.0673333549
v 0.0123906403 -0.0377429123 -0.0672483706
v 0.0124900799 -0.0374956245 -0.067376492
v 0.0123648291 -0.0374864311 -0.0672378469
v 0.0124888258 -0.0372482891 -0.0673678589
v 0.0123696833 -0.0372471638 -0.0672389054
v 0.0124588995 -0.0369966812 -0.0673085308
v 0.0124014692 -0.0369893188 -0.0672458386
v 0.0124610691 -0.036744997 -0.0672612548
v 0.0123759585 -0.0367458172 -0.0671682239
v 0.012254117 -0.0366267891 -0.0669851732
v 0.012405632 -0.0364998741 -0.0671295357
v 0.0122614555 -0.0364952965 -0.0669493222
v 0.0123987036 -0.0362378425 -0.0670156622
v 0.0122502308 -0.0362485523 -0.0668235254
v 0.0122568588 -0.036091959 -0.0667438793
v 0.0124981432 -0.0359864731 -0.0670037794
v 0.012318161 -0.035985796 -0.0667670059
v 0.0122584229 -0.0359972114 -0.0666835546
v 0.0122514896 -0.0357630367 -0.0664798188
v 0.0124289112 -0.035749094 -0.0667544746
v 0.0122737627 -0.0357430191 -0.0665014505
v 0.0122547512 -0.0357363911 -0.06645998
v 0.0122534828 -0.0355278511 -0.0662133312
v 0.0124263077 -0.0354939194 -0.0665133286
v 0.0122987585 -0.03548629 -0.0662588453
v 0.0122548227 -0.0354964275 -0.0661713815
v 0.0122503786 -0.035358078 -0.065913372
v 0.0122522001 -0.0352854271 -0.0657373929
v 0.0124587326 -0.0352461262 -0.066251545
v 0.0123594551 -0.035244791 -0.0660096264
v 0.0122930031 -0.0352351971 -0.0657631755
v 0.0122519665 -0.0352464886 -0.0656033921
v 0.0122505932 -0.0352048511 -0.0653544116
v 0.0123995762 -0.0350008316 -0.0651622248
v 0.0124902134 -0.0349799557 -0.0657584476
v 0.0124239664 -0.0349990482 -0.0655061269
v 0.0124158363 -0.0349825115 -0.0652552414
v 0.0124816589 -0.034904253 -0.0651696014
v 0.012679122 -0.041768095 -0.0654291201
v 0.0125902205 -0.0418570061 -0.0651067996
v 0.0125052672 -0.0419419498 -0.0647823524
v 0.0127430086 -0.0400452156 -0.0680258512
v 0.0126860743 -0.0399962349 -0.0680161309
v 0.0127403956 -0.0393314571 -0.0687375259
v 0.0126077681 -0.0391826839 -0.0687573981
v 0.0126435881 -0.0390393467 -0.0579999995
v 0.012502306 -0.0388414783 -0.0579999995
v 0.0127196341 -0.0385326881 -0.0695304775
v 0.0126296311 -0.0375749512 -0.0675143719
v 0.012517808 -0.0376867695 -0.0673965764
v 0.0127075129 -0.0374970646 -0.0675862885
v 0.0126071053 -0.0374924011 -0.0674937153
v 0.0127344446 -0.0372419758 -0.0675952101
v 0.0126158266 -0.0372441025 -0.0674909782
v 0.0127236347 -0.0369931049 -0.0675540376
v 0.0126426821 -0.0369965382 -0.0674852204
v 0.0127205448 -0.0367495365 -0.0675044465
v 0.0126733904 -0.0367456646 -0.0674636841
v 0.0126422052 -0.0364992161 -0.0673703742
v 0.0125033598 -0.036459238 -0.0672223091
v 0.0126132231 -0.0362438221 -0.0672520328
v 0.0125276833 -0.0362325878 -0.0671601343
v 0.0127425985 -0.0359849186 -0.0672573328
v 0.0125104551 -0.0359900017 -0.0670201969
v 0.0125057392 -0.0359448833 -0.0669883943
v 0.0126372366 -0.0357452507 -0.0670127225
v 0.0125010948 -0.0357291431 -0.0668374062
v 0.0125078707 -0.0355990047 -0.0667406988
v 0.0126030998 -0.0354850693 -0.0667678642
v 0.0125027924 -0.0354791469 -0.0666203523
v 0.0125036793 -0.0353513451 -0.0664799118
v 0.0126127749 -0.0352304954 -0.0665090919
v 0.0125028639 -0.0352450485 -0.0663380599
v 0.0125010805 -0.0351672478 -0.0662134004
v 0.0125000982 -0.035039484 -0.065956986
v 0.0126834612 -0.0349860496 -0.0662711167
v 0.0125689011 -0.0349801369 -0.0660063767
v 0.012502368 -0.0349948902 -0.0658478761
v 0.0125017576 -0.0349422569 -0.0656703997
v 0.0125056725 -0.0348789425 -0.0652632833
v 0.0126108055 -0.034765522 -0.065181098
v 0.0127264052 -0.034729311 -0.0657571268
v 0.0126673632 -0.0347335834 -0.0655051088
v 0.0126442509 -0.0347331161 -0.0652527189
v 0.0127470903 -0.0346343346 -0.0651931
v 0.0128686934 -0.0415785236 -0.0660669947
v 0.0127719574 -0.0416752643 -0.0657492161
v 0.0129693012 -0.0414779205 -0.0663823581
v 0.0129972963 -0.0402421875 -0.0680954576
v 0.012880023 -0.0394757767 -0.0687316775
v 0.0128389673 -0.0392720718 -0.0579999995
v 0.0127583914 -0.0391810245 -0.0579999995
v 0.0129716616 -0.0388275452 -0.0694785571
v 0.012824729 -0.0379058666 -0.0702664018
v 0.0128933792 -0.037311203 -0.0709208751
v 0.0129341011 -0.0372704811 -0.0677552509
v 0.0127675896 -0.0374369926 -0.0676366425
v 0.0129789 -0.037255146 -0.0388021311
v 0.0129984312 -0.0372508163 -0.0385788301
v 0.0129554539 -0.0372491283 -0.0677683902
v 0.012922657 -0.0372485275 -0.0677441955
v 0.0129032545 -0.0370229645 -0.0388090494
v 0.0129855375 -0.0371911259 -0.0385190207
v 0.0129938631 -0.0371882553 -0.038459354
v 0.0129831104 -0.0370030708 -0.0382224691
v 0.0129807644 -0.0369926662 -0.067746613
v 0.0128439837 -0.0367860908 -0.0388168982
v 0.0129147892 -0.0369597168 -0.0385190207
v 0.0129547434 -0.0369490166 -0.0382813877
v 0.0129964762 -0.0369992371 -0.0381637812
v 0.0129921703 -0.0367844219 -0.0379863769
v 0.0129887037 -0.0367456169 -0.067701726
v 0.0127537088 -0.0366081161 -0.0674970603
v 0.0128013687 -0.0365456982 -0.0388256386
v 0.0128603582 -0.0367239399 -0.0385190207
v 0.0129009562 -0.036716053 -0.0382813877
v 0.0129619961 -0.0366680832 -0.0380082497
v 0.0129765825 -0.0367263527 -0.0379971606
v 0.0129401808 -0.0364995689 -0.0676075387
v 0.0127561169 -0.0364937134 -0.0674669766
v 0.0127756195 -0.0363029594 -0.0388352287
v 0.0128225021 -0.0364849396 -0.0385190207
v 0.0128635531 -0.0364799042 -0.0382813877
v 0.0129242878 -0.0364922256 -0.0380433157
v 0.0129091148 -0.0362478466 -0.067505734
v 0.0127547388 -0.0362488098 -0.0673831582
v 0.0127668648 -0.0360590382 -0.0388456216
v 0.0128014116 -0.0362438793 -0.0385190207
v 0.0128427153 -0.0362417145 -0.0382813877
v 0.0128818207 -0.0361967583 -0.0381075358
v 0.0127698498 -0.0359950466 -0.0672870159
v 0.0127538614 -0.0359104366 -0.0672295547
v 0.0127798729 -0.0357543011 -0.0388596639
v 0.0127987747 -0.0359414596 -0.0385190207
v 0.012840107 -0.0359428997 -0.0382813877
v 0.0128663664 -0.0359595318 -0.0381638274
v 0.0129048376 -0.0357373257 -0.0672682977
v 0.0127642565 -0.0357427044 -0.067143178
v 0.0127551441 -0.0355354042 -0.0669906044
v 0.0128093796 -0.0355120964 -0.0388716725
v 0.0128156548 -0.0357000656 -0.0385190207
v 0.0128742199 -0.0356050033 -0.0382558119
v 0.0128674631 -0.0357228203 -0.0382241929
v 0.0128063564 -0.0354909534 -0.0670103383
v 0.0127535277 -0.03547785 -0.0669432163
v 0.0127550488 -0.0352578277 -0.0667413902
v 0.0128557139 -0.035272562 -0.038884306
v 0.012849329 -0.0354604454 -0.0385190207
v 0.0128851013 -0.0354877586 -0.0382883376
v 0.0127805262 -0.0352482052 -0.0667632103
v 0.0127543335 -0.0352217026 -0.0667017508
v 0.0127535944 -0.0350306721 -0.0664614224
v 0.0129186516 -0.0350368805 -0.038897503
v 0.0128996401 -0.035223753 -0.0385190207
v 0.0129302816 -0.0351979942 -0.0383733565
v 0.0128216009 -0.0349909038 -0.0665074539
v 0.0127545385 -0.0349889583 -0.0664008498
v 0.012752717 -0.0348931808 -0.0662354803
v 0.0127690153 -0.0347529335 -0.0659589791
v 0.0129978829 -0.0348061962 -0.0389111996
v 0.0129663401 -0.0349911518 -0.0385190207
v 0.0129847126 -0.0349708195 -0.0384448373
v 0.0129199629 -0.0347415943 -0.0662503695
v 0.0127966957 -0.0347441692 -0.0660048747
v 0.0127509909 -0.0347126217 -0.0657815003
v 0.0127619772 -0.0346452923 -0.0655134416
v 0.0127657156 -0.0346188564 -0.0652633977
v 0.0128906565 -0.0345104999 -0.0652056217
v 0.0129982929 -0.0344947643 -0.0657588577
v 0.0129423742 -0.0344906731 -0.0655066061
v 0.0129246979 -0.034483921 -0.0652543783
v 0.0129900437 -0.0344322891 -0.065214231
v 0.0131820135 -0.0412652035 -0.067005465
v 0.0130737524 -0.0413734646 -0.0666952133
v 0.0132403832 -0.0404010219 -0.0681966591
v 0.0131671457 -0.0397386093 -0.0687615633
v 0.0130215674 -0.039610569 -0.0687400293
v 0.0130990057 -0.0395276184 -0.0579999995
v 0.0130093794 -0.0394454689 -0.0579999995
v 0.0132427244 -0.039112503 -0.06946141
v 0.0131048613 -0.0389715023 -0.0694653082
v 0.0130751925 -0.0381906338 -0.0702256751
v 0.0132069187 -0.0377546425 -0.0387901336
v 0.0132485561 -0.0378030987 -0.0386387646
v 0.0130959063 -0.0375370808 -0.0387948427
v 0.013231328 -0.0377431793 -0.0385190207
v 0.0132476263 -0.037734148 -0.0383998477
v 0.0132229309 -0.0376118584 -0.0382224691
v 0.013000329 -0.0373123283 -0.038800551
v 0.0130963831 -0.037472517 -0.0385190207
v 0.0131341677 -0.0374556942 -0.0382813877
v 0.0132111864 -0.0374857445 -0.038047168
v 0.013228138 -0.0374048538 -0.0378887886
v 0.0130536823 -0.0371508999 -0.0711840534
v 0.0130201273 -0.0371844501 -0.0678055024
v 0.0130057364 -0.0372481556 -0.0385190207
v 0.0130446034 -0.0372340126 -0.0382813877
v 0.013098753 -0.0372143001 -0.038047168
v 0.013152278 -0.0372396011 -0.0379114786
v 0.0132171946 -0.0369873924 -0.0714432573
v 0.0132191067 -0.0369854755 -0.0678958035
v 0.0130222302 -0.0368572159 -0.0677476096
v 0.0130261116 -0.0369907398 -0.038047168
v 0.0130448895 -0.0369572468 -0.0379558909
v 0.0132226257 -0.0367491741 -0.0678422761
v 0.0130050974 -0.0367497272 -0.0677133512
v 0.0131948261 -0.0364959259 -0.0677645636
v 0.0130113487 -0.0364978523 -0.0676549125
v 0.0130026178 -0.0362413616 -0.0675700665
v 0.0130010109 -0.0360516758 -0.0674972963
v 0.0130562716 -0.0359959335 -0.067512846
v 0.0130047636 -0.0359875412 -0.0674728036
v 0.0132169418 -0.0357368965 -0.0675008273
v 0.0130107241 -0.0357432957 -0.0673578334
v 0.0130005818 -0.0355719585 -0.0672480059
v 0.0130767183 -0.0354873104 -0.0672544527
v 0.0130111771 -0.035475523 -0.0671920633
v 0.0130168228 -0.0352418919 -0.0670129061
v 0.0130010729 -0.0352224369 -0.0669802499
v 0.0130284433 -0.0349872417 -0.0667656016
v 0.0130035381 -0.034992382 -0.0667436433
v 0.0130018501 -0.0347772999 -0.0664432478
v 0.013003686 -0.0348111362 -0.038758938
v 0.0130360394 -0.0348038692 -0.0385002425
v 0.0130008297 -0.0349148102 -0.038463144
v 0.0131049471 -0.0347335548 -0.0665130305
v 0.0130012112 -0.0347073574 -0.0663201952
v 0.0130007439 -0.0346259899 -0.0661519647
v 0.0130004816 -0.0345104332 -0.0658256984
v 0.0131192474 -0.0345265789 -0.0389289206
v 0.0130551176 -0.0347489662 -0.0385190231
v 0.0132364159 -0.03449506 -0.0662579751
v 0.0131155996 -0.0344813938 -0.0660115576
v 0.0130254727 -0.0344743938 -0.0657612538
v 0.0130266504 -0.034426691 -0.0655139613
v 0.0130111294 -0.0344173736 -0.0652618647
v 0.0132497292 -0.0342531509 -0.0652365375
v 0.0132336168 -0.0343112011 -0.0389434937
v 0.0131650572 -0.0344807644 -0.0386150071
v 0.0134098415 -0.0410373802 -0.0676177955
v 0.0132940559 -0.0411531658 -0.067313025
v 0.0134882383 -0.0405373592 -0.0683285546
v 0.0134052878 -0.0404944248 -0.0682814884
v 0.0133432608 -0.0404605694 -0.0682481742
v 0.0134677439 -0.0399740238 -0.0688405037
v 0.013384264 -0.0397546787 -0.0579999995
v 0.0132865601 -0.0396823139 -0.0579999995
v 0.0133806973 -0.0392459698 -0.0694669771
v 0.013469327 -0.038611557 -0.0701930928
v 0.0133355551 -0.0384724064 -0.0701997161
v 0.0133665543 -0.0380148907 -0.0387856871
v 0.0134947519 -0.0381488151 -0.0385190207
v 0.0134922199 -0.0380758686 -0.0382813877
v 0.0134916716 -0.0380032654 -0.0381053418
v 0.0132680493 -0.037860405 -0.0387881613
v 0.0133559589 -0.0379505939 -0.0385190207
v 0.0134236412 -0.0379779262 -0.0382813877
v 0.0134714203 -0.0379457016 -0.038047168
v 0.0134704666 -0.0378263302 -0.0378433144
v 0.0132675057 -0.0377231331 -0.0382813877
v 0.0133468514 -0.0377463455 -0.038047168
v 0.013404582 -0.0377238674 -0.0378525993
v 0.0132552843 -0.037459137 -0.0378818992
v 0.0133838635 -0.0368207188 -0.0716984057
v 0.0132641964 -0.0369403858 -0.0679115224
v 0.0134701853 -0.0367344017 -0.0679622865
v 0.013255456 -0.0364960403 -0.0677971292
v 0.0132505732 -0.0363134594 -0.0677440524
v 0.0133330183 -0.0362470264 -0.0677673316
v 0.0132543163 -0.0362408371 -0.0677239776
v 0.0134821682 -0.0359963436 -0.0677588916
v 0.0132574968 -0.0359971924 -0.0676407886
v 0.0132511692 -0.0357466526 -0.0675275254
v 0.0132575541 -0.0356689567 -0.0674921727
v 0.0134356241 -0.0354993362 -0.0675082636
v 0.0132548695 -0.0354744263 -0.0673784685
v 0.0132625609 -0.0352707596 -0.0672430468
v 0.0133399658 -0.0352435226 -0.0672783661
v 0.0132630377 -0.0352335281 -0.0672146273
v 0.0132762461 -0.0349865074 -0.0670055509
v 0.0132518606 -0.0349894161 -0.0669875026
v 0.0132586603 -0.0347597427 -0.0667274547
v 0.0133064203 -0.0347418709 -0.066751895
v 0.0132542734 -0.0347479076 -0.0667070079
v 0.0132510119 -0.0345584221 -0.0664048529
v 0.0134315424 -0.0344920273 -0.0665032029
v 0.0132620649 -0.0344783993 -0.0662603188
v 0.0132506209 -0.0343987102 -0.0660453916
v 0.0132785587 -0.0342983551 -0.0657612538
v 0.0132613115 -0.0342653675 -0.0655116773
v 0.0132532005 -0.0342514629 -0.0652597666
v 0.013264535 -0.0342586441 -0.0389471826
v 0.0132700329 -0.0342747803 -0.0386939394
v 0.0134733276 -0.0342475147 -0.0660000539
v 0.0133657675 -0.0342467995 -0.0657689524
v 0.0132913237 -0.0342470665 -0.0655142808
v 0.0134949474 -0.0341134853 -0.0652574015
v 0.0133847456 -0.0341729469 -0.0652480459
v 0.013358367 -0.0341259498 -0.0387541389
v 0.0132985764 -0.0342246075 -0.038713921
v 0.0134546642 -0.0339824314 -0.038815012
v 0.0136525087 -0.0407947178 -0.0682186151
v 0.0135293369 -0.0409178848 -0.0679196882
v 0.0137377625 -0.040651104 -0.0684860992
v 0.0135353975 -0.0398567409 -0.0579999995
v 0.0135213547 -0.0393749447 -0.0694813347
v 0.0137398272 -0.0388813705 -0.0701939249
v 0.0136054306 -0.0387492294 -0.0701911426
v 0.0135482388 -0.0382602711 -0.038782872
v 0.0137278872 -0.0384266682 -0.0385190207
v 0.0137494784 -0.0384065933 -0.03834052
v 0.0137487869 -0.0383265228 -0.0381053418
v 0.013734458 -0.038260767 -0.0379892769
v 0.0135102015 -0.0382124729 -0.0387833035
v 0.013569253 -0.038244173 -0.0385190207
v 0.0136013918 -0.0382181377 -0.0382813877
v 0.0136834793 -0.0382271213 -0.038047168
v 0.0137272816 -0.0381672211 -0.0378219733
v 0.0135047131 -0.0379941387 -0.038047168
v 0.0135756426 -0.0379759521 -0.0378320321
v 0.0135536413 -0.0366509457 -0.0719494224
v 0.0135680418 -0.0366365356 -0.0679746532
v 0.0137264757 -0.0364781113 -0.0721962285
v 0.0137444763 -0.0364601059 -0.0679902482
v 0.0135109501 -0.0362441749 -0.0678498864
v 0.0135042505 -0.03597192 -0.0677607155
v 0.013500865 -0.0359237881 -0.067741456
v 0.0136905794 -0.0357464809 -0.0677589011
v 0.0135098009 -0.0357436104 -0.0676722836
v 0.0135028486 -0.0354850025 -0.0675385189
v 0.0135020189 -0.0353840656 -0.0674780655
v 0.0137238054 -0.0352322979 -0.0675008988
v 0.0135039215 -0.0352295227 -0.0673758101
v 0.0135023241 -0.0350207062 -0.0672089672
v 0.013633626 -0.0349725265 -0.0672512293
v 0.0135017138 -0.0349560757 -0.0671500182
v 0.0135011463 -0.0348043651 -0.0669958282
v 0.0136028557 -0.0347457905 -0.0670060635
v 0.0135012894 -0.0347112865 -0.0668880105
v 0.0135010843 -0.034592268 -0.0667306137
v 0.0137113743 -0.0344842739 -0.0667514753
v 0.013506115 -0.0344503994 -0.0665102839
v 0.0135000258 -0.0343783302 -0.0663660622
v 0.0135269909 -0.0342565651 -0.0661138058
v 0.013662632 -0.0342410965 -0.0662551212
v 0.0135019713 -0.0342325516 -0.0660026455
v 0.013515852 -0.0341611881 -0.065759809
v 0.0135081368 -0.0341241093 -0.0655102944
v 0.0137211065 -0.0340069599 -0.0652765226
v 0.0137498646 -0.0339948101 -0.0652789497
v 0.0135231524 -0.0338898964 -0.0388558862
v 0.0136700659 -0.0337128754 -0.0389381114
v 0.0137793188 -0.0406679077 -0.0685144806
v 0.0139453058 -0.0405019207 -0.0656617808
v 0.0139325409 -0.0405146809 -0.0654984236
v 0.0139264612 -0.0405207653 -0.0652352691
v 0.0139975386 -0.0404496784 -0.0660156941
v 0.0139914255 -0.040455801 -0.0659839177
v 0.0139523392 -0.0404948826 -0.0657267594
v 0.013776515 -0.0401811333 -0.068961134
v 0.0137984638 -0.0400088997 -0.0579999995
v 0.0138089686 -0.0396190948 -0.0695339608
v 0.0138755636 -0.0390112705 -0.0702011037
v 0.0137933998 -0.0385324974 -0.038781676
v 0.0139892941 -0.0386790962 -0.0385190207
v 0.0139950495 -0.03867243 -0.038459354
v 0.0139993792 -0.0385771103 -0.0381053418
v 0.0139903956 -0.0385000439 -0.0379316863
v 0.0137505846 -0.0384889336 -0.0387817094
v 0.0137695913 -0.038470623 -0.0385190207
v 0.0138329105 -0.0384929867 -0.03834052
v 0.0139240007 -0.0384850616 -0.038047168
v 0.013977664 -0.0384346218 -0.0378176534
v 0.0137671547 -0.0382134743 -0.0378203538
v 0.0139023142 -0.0363022728 -0.072438755
v 0.0139209061 -0.0362836761 -0.0680058432
v 0.0139053469 -0.0362551803 -0.0679951811
v 0.0139972096 -0.0361648579 -0.0680034161
v 0.0139502936 -0.0362106438 -0.0679991841
v 0.0137559872 -0.0359773655 -0.0678701115
v 0.0137529307 -0.0357416744 -0.0677837491
v 0.013751605 -0.035632431 -0.0677362204
v 0.0139654331 -0.0354762478 -0.0677504301
v 0.0137527781 -0.0354648228 -0.0676541615
v 0.0137522869 -0.0352154465 -0.0675039935
v 0.0137511854 -0.0351440067 -0.067453661
v 0.0137507563 -0.0349732895 -0.0673201489
v 0.0137533217 -0.0348756428 -0.0672351074
v 0.0137508612 -0.0346981926 -0.0670530868
v 0.0137670164 -0.0345006771 -0.0668171883
v 0.0137661963 -0.0344594498 -0.0667570496
v 0.0137695484 -0.0343124981 -0.066515522
v 0.0137739115 -0.0342583961 -0.0664130044
v 0.0139083223 -0.0342466564 -0.0665088892
v 0.013782938 -0.03418894 -0.0662665081
v 0.0137672739 -0.0341032238 -0.066004827
v 0.0137639361 -0.0340432949 -0.065759306
v 0.0137662296 -0.0340035362 -0.0655097628
v 0.0138773804 -0.0339991875 -0.0657694077
v 0.0137987595 -0.0339904327 -0.0655125713
v 0.0139832764 -0.0339070911 -0.0652986145
v 0.0137885838 -0.0335875721 -0.0390000001
v 0.0139201002 -0.033462841 -0.0390373972
v 0.0142309361 -0.0405173035 -0.0660087657
v 0.0142259197 -0.0405677719 -0.0657688284
v 0.0142269878 -0.0406019707 -0.0655033064
v 0.0141756563 -0.0405986233 -0.0652638626
v 0.0142115908 -0.0406035919 -0.0650946093
v 0.0141868811 -0.0402603454 -0.0666514421
v 0.0141213112 -0.0403259106 -0.066477406
v 0.0140479641 -0.0403992576 -0.0662352657
v 0.0140870838 -0.0404996509 -0.0659229016
v 0.0142482309 -0.0401989956 -0.0667909575
v 0.0142229681 -0.0402242489 -0.0667357826
v 0.0142439966 -0.0402032299 -0.0579999995
v 0.0141020279 -0.0398443813 -0.0696143794
v 0.0141501932 -0.0392641659 -0.0702274179
v 0.0140656262 -0.038777668 -0.038782872
v 0.0142257242 -0.0388671417 -0.0385190207
v 0.0142430573 -0.0388432903 -0.03834052
v 0.0142366581 -0.0387520904 -0.038047168
v 0.0140185003 -0.0387387962 -0.0387825069
v 0.0140353708 -0.0387184353 -0.0385190207
v 0.0141077595 -0.0387245102 -0.0382813877
v 0.0141900282 -0.0387163086 -0.038047168
v 0.0142055731 -0.0386377163 -0.0378239512
v 0.0140219097 -0.0384767361 -0.0378181937
v 0.0140811043 -0.0361234779 -0.0726769257
v 0.0140973406 -0.0361072464 -0.0680214357
v 0.0140036326 -0.0361174412 -0.0679945612
v 0.0142462521 -0.0359379692 -0.0680285335
v 0.0140066176 -0.0359972401 -0.0679647923
v 0.0140018253 -0.0357497711 -0.0678830338
v 0.0140060787 -0.0354548283 -0.0677554607
v 0.0140002804 -0.0354000397 -0.0677247047
v 0.0140002136 -0.035196497 -0.0676047254
v 0.0140123825 -0.0350175114 -0.0674841118
v 0.0141124754 -0.0349961014 -0.067509706
v 0.0140139942 -0.0347613926 -0.0672647333
v 0.0140629988 -0.0347436638 -0.0672706437
v 0.0140294438 -0.0345143814 -0.0670009136
v 0.0140019112 -0.0345088978 -0.0669787598
v 0.0140872126 -0.034495203 -0.0670075202
v 0.0140202789 -0.0343476791 -0.0667633939
v 0.0140038567 -0.0342565555 -0.0666000867
v 0.0140129833 -0.0342100258 -0.0665194964
v 0.0140082579 -0.0340973968 -0.0662668324
v 0.0140069084 -0.0340088291 -0.0660048723
v 0.014010313 -0.0340014667 -0.065983007
v 0.014046958 -0.033996088 -0.0660086083
v 0.0140055685 -0.0339503117 -0.0657582784
v 0.0140075617 -0.0339126987 -0.06550771
v 0.0142216663 -0.033836338 -0.0653186893
v 0.0140113669 -0.0333836193 -0.039062278
v 0.0142020207 -0.033235075 -0.0391117817
v 0.0144745092 -0.0405656166 -0.0660167766
v 0.014473527 -0.0406219787 -0.065756557
v 0.0144964151 -0.0406572742 -0.0655174565
v 0.014485014 -0.0406677265 -0.065255332
v 0.0144432955 -0.0406559868 -0.0650895619
v 0.0144966345 -0.0402683945 -0.0667540622
v 0.0144874125 -0.0403951855 -0.0665014696
v 0.0144499903 -0.0404890175 -0.0662521553
v 0.0144388991 -0.0404948444 -0.0662297392
v 0.0144351463 -0.0400120754 -0.0671272016
v 0.0143440609 -0.0401031608 -0.0669770432
v 0.0143547373 -0.0402461738 -0.0667490816
v 0.0144835501 -0.0399636764 -0.0671986079
v 0.0144275456 -0.0395076294 -0.0702676272
v 0.0144134359 -0.039025919 -0.0387872717
v 0.0144779234 -0.0390340633 -0.0385190207
v 0.0144931107 -0.039008791 -0.03834052
v 0.0142606859 -0.0389247341 -0.0387849927
v 0.0143753033 -0.0389699478 -0.0385190207
v 0.0144992285 -0.0389986153 -0.0382813877
v 0.0144787912 -0.0389185066 -0.038047168
v 0.0144995766 -0.0388554401 -0.0378433144
v 0.0143012219 -0.0387135525 -0.0378289816
v 0.0144473248 -0.0357572575 -0.0731399155
v 0.0142627936 -0.0359417839 -0.0729106688
v 0.0142737703 -0.0359308071 -0.0680370307
v 0.014254344 -0.0357682724 -0.0679761314
v 0.014464963 -0.035739624 -0.0680398583
v 0.0142600231 -0.0355265732 -0.0678798819
v 0.0142603569 -0.0352772446 -0.0677510595
v 0.0142636995 -0.0352583141 -0.0677411199
v 0.0143214827 -0.0352420921 -0.0677505255
v 0.0142591457 -0.0350165577 -0.0675802135
v 0.0142550783 -0.0349347229 -0.0675164795
v 0.0142645578 -0.0347732277 -0.0673827124
v 0.0142660837 -0.0346528549 -0.0672668171
v 0.0142725401 -0.0345109482 -0.0671131611
v 0.0142652111 -0.0344298668 -0.0670094538
v 0.0142503767 -0.0342676277 -0.0667682648
v 0.0142543869 -0.0342539043 -0.0667480445
v 0.0142874031 -0.0342459698 -0.0667517757
v 0.01426822 -0.0341168041 -0.0665046954
v 0.0142829065 -0.034003994 -0.0662508249
v 0.0143215923 -0.0339952106 -0.0662547112
v 0.0142533617 -0.0339326496 -0.0660057998
v 0.0142638235 -0.033873064 -0.0657588363
v 0.014276021 -0.0338347168 -0.0655079651
v 0.0144940834 -0.0337773056 -0.0653416729
v 0.0142512922 -0.0332000561 -0.039124082
v 0.0147458916 -0.0405263634 -0.0662557554
v 0.0147472315 -0.040604517 -0.0660033154
v 0.0146987133 -0.0406508179 -0.0657716322
v 0.0147242909 -0.0406887932 -0.0655114269
v 0.0147226315 -0.0407013912 -0.0652511406
v 0.014739564 -0.0406996364 -0.0650856709
v 0.014717701 -0.0402956123 -0.0667524624
v 0.0147020369 -0.040420763 -0.0665055537
v 0.0147112684 -0.0404972668 -0.0663257527
v 0.0147432833 -0.0401402397 -0.0670008874
v 0.0147416573 -0.0402463074 -0.0668390846
v 0.014694274 -0.039752943 -0.0674569464
v 0.0145168047 -0.0399304218 -0.0672447348
v 0.0147382193 -0.0397105331 -0.0675003862
v 0.0147318964 -0.0397153301 -0.0674955654
v 0.0145181112 -0.0390888805 -0.0387891153
v 0.0147437124 -0.0391783829 -0.0385190207
v 0.0147475748 -0.0391704674 -0.038459354
v 0.0146823673 -0.0390360374 -0.038047168
v 0.0146987181 -0.0390052814 -0.0379316863
v 0.0145795517 -0.0389790459 -0.038047168
v 0.0147065191 -0.0389837189 -0.0378632826
v 0.0146346455 -0.0355699367 -0.073364594
v 0.0145113688 -0.0356932087 -0.0680363083
v 0.0145022898 -0.035501873 -0.0679449821
v 0.0147186928 -0.0354858894 -0.0680000424
v 0.0147415238 -0.0354630585 -0.0679939771
v 0.0145130234 -0.0351527042 -0.0677528763
v 0.0145177536 -0.0350139923 -0.0676595187
v 0.0145154839 -0.0348167915 -0.067503469
v 0.0145021563 -0.0347557373 -0.0674458361
v 0.0145080643 -0.0345611973 -0.0672546697
v 0.014504612 -0.034505703 -0.067191608
v 0.0145125227 -0.0343516178 -0.067001636
v 0.0145261221 -0.0342522831 -0.0668626022
v 0.0145250778 -0.0341879387 -0.0667586327
v 0.0145266085 -0.0340563412 -0.0665117955
v 0.01451896 -0.0340097256 -0.0664046884
v 0.0145214872 -0.0339495296 -0.0662532949
v 0.0145050459 -0.0338753433 -0.0660075426
v 0.0145275145 -0.0338161011 -0.0657600451
v 0.0145051031 -0.033785717 -0.0655047894
v 0.0146772509 -0.0337502117 -0.065357182
v 0.0147384577 -0.0337433834 -0.0653623796
v 0.0145065336 -0.0330382843 -0.0391849419
v 0.0146124821 -0.032979948 -0.0392089173
v 0.0149805241 -0.0405345554 -0.0662668443
v 0.0149980764 -0.0406141395 -0.0660174513
v 0.0149922257 -0.0406712265 -0.0657638788
v 0.0149946957 -0.0407065887 -0.0655069208
v 0.0149300079 -0.0407171364 -0.0652725625
v 0.0149807911 -0.0407164402 -0.0650844955
v 0.014995182 -0.0403083057 -0.0667509246
v 0.0149778824 -0.0404339905 -0.0665092087
v 0.0149887924 -0.0404917831 -0.0663774729
v 0.0149727707 -0.0401403541 -0.0670109391
v 0.0149674921 -0.0402416057 -0.0668610024
v 0.0149712591 -0.0399484844 -0.0672525263
v 0.014988349 -0.039979002 -0.0672167087
v 0.0149297314 -0.0395174904 -0.0676684785
v 0.0149921494 -0.0397490997 -0.0674604344
v 0.0149920349 -0.0394551868 -0.0677135515
v 0.0148443775 -0.0392553539 -0.0387961769
v 0.0149647741 -0.0392768021 -0.0385190207
v 0.0149717503 -0.0392595215 -0.0383998477
v 0.0147888212 -0.0392299957 -0.0387948427
v 0.014853385 -0.0392295189 -0.0385190207
v 0.0149802666 -0.0392384548 -0.0382813877
v 0.0149958925 -0.0391997833 -0.0381053418
v 0.0149757462 -0.0391239853 -0.0378960162
v 0.0148246937 -0.0353798885 -0.0735846376
v 0.0147643023 -0.0354402847 -0.0679875088
v 0.0149665432 -0.035238039 -0.067911222
v 0.014756568 -0.0350013657 -0.0677088428
v 0.0147553425 -0.0347661991 -0.0675182343
v 0.0148124533 -0.0347338695 -0.0675003505
v 0.0147609787 -0.0345086594 -0.0672619319
v 0.014792593 -0.0344933243 -0.0672510266
v 0.0147522192 -0.0343117542 -0.0670143199
v 0.0147591333 -0.0342548199 -0.0669340181
v 0.0148057489 -0.0341358871 -0.0667529178
v 0.0147513132 -0.0340205593 -0.0665161157
v 0.0147586851 -0.0340101738 -0.0664956093
v 0.0149788027 -0.0339911671 -0.0665000558
v 0.0147629767 -0.0339130802 -0.0662566543
v 0.014760211 -0.0338375206 -0.0660100126
v 0.0147512608 -0.0337838192 -0.0657577419
v 0.0147756176 -0.0337507172 -0.0655284762
v 0.0147825174 -0.0337480087 -0.0655058336
v 0.0149833183 -0.0337271137 -0.065383265
v 0.0148302918 -0.0328746242 -0.0392560756
v 0.0147751408 -0.0328995151 -0.039244394
v 0.0152093773 -0.0405338783 -0.0662588525
v 0.0152158146 -0.0406124802 -0.0660122538
v 0.0152309065 -0.0406692047 -0.0657603312
v 0.0152103119 -0.0407057018 -0.0655052638
v 0.0152432041 -0.0407180042 -0.0652718306
v 0.0152247982 -0.0407165737 -0.0650850439
v 0.0152476196 -0.0402949924 -0.0667570066
v 0.0152254562 -0.0404233951 -0.0665189481
v 0.0152350311 -0.0404988975 -0.0663460135
v 0.0152402048 -0.0401314754 -0.0670058608
v 0.0151989632 -0.0402450104 -0.066844244
v 0.0152460795 -0.039929039 -0.0672536087
v 0.015213254 -0.0399863644 -0.0671922922
v 0.015230525 -0.039669096 -0.0675119042
v 0.0152433376 -0.0397489281 -0.0674375987
v 0.0151750021 -0.0392722149 -0.0711840534
v 0.015014699 -0.039432518 -0.0709208751
v 0.0151850681 -0.0392621536 -0.0678283191
v 0.0150341921 -0.0394130344 -0.0677417374
v 0.0150135689 -0.039325573 -0.038800551
v 0.0152498655 -0.039377758 -0.0385190207
v 0.0152049379 -0.0393202228 -0.0382813877
v 0.0152227478 -0.0392654152 -0.038047168
v 0.0152290421 -0.0392181797 -0.0678495669
v 0.0151670055 -0.0392467708 -0.038047168
v 0.0151982861 -0.0392194672 -0.0379282668
v 0.0150174217 -0.0351871605 -0.0737999797
v 0.0150106936 -0.0351938839 -0.0678898859
v 0.0152127581 -0.0349918194 -0.0740105581
v 0.0152246885 -0.0349798889 -0.0677605367
v 0.0152453976 -0.0349591846 -0.0677455831
v 0.0150041895 -0.0347118587 -0.0675099564
v 0.0150336819 -0.0345127029 -0.0673092914
v 0.0150209217 -0.0344683571 -0.0672572541
v 0.0150135164 -0.0342790813 -0.0670121288
v 0.0150082617 -0.0342503662 -0.0669697285
v 0.0150256472 -0.0341203613 -0.0667613316
v 0.0150354796 -0.0340010853 -0.0665286446
v 0.0150446539 -0.0339913578 -0.066508069
v 0.0150051527 -0.0338945885 -0.0662607837
v 0.0150162344 -0.0338192863 -0.0660130453
v 0.0150196104 -0.0337655277 -0.0657597876
v 0.0150070839 -0.033751585 -0.0656656218
v 0.015016201 -0.0337335701 -0.0655030727
v 0.0152264242 -0.0337281437 -0.0654041934
v 0.0150550823 -0.0327848263 -0.0393019861
v 0.0151697521 -0.0327458877 -0.0393244037
v 0.0154648333 -0.0405137463 -0.0662534642
v 0.0154894905 -0.040590107 -0.0660089302
v 0.015479496 -0.0406493397 -0.0657591009
v 0.0154711847 -0.0406867142 -0.0655054426
v 0.0154688387 -0.0407012291 -0.0652732015
v 0.0154704838 -0.0406994743 -0.0650873137
v 0.0154837446 -0.0402610893 -0.0667683625
v 0.0154867725 -0.0404008694 -0.0665110517
v 0.0154743366 -0.0404959221 -0.0662970066
v 0.0154904156 -0.0400967235 -0.0670088482
v 0.0154889469 -0.0402475376 -0.0667890739
v 0.0154984837 -0.039878418 -0.0672656393
v 0.0154786663 -0.0399933166 -0.0671411467
v 0.0154894142 -0.0396200199 -0.0675108695
v 0.0154908972 -0.0397454471 -0.0673995376
v 0.0154919129 -0.0392659492 -0.0677666545
v 0.0154992609 -0.0394874878 -0.0676137519
v 0.0153029423 -0.0394226475 -0.0388090494
v 0.0154835968 -0.0394403858 -0.0385190207
v 0.0154928999 -0.0394000835 -0.0382813877
v 0.0154989271 -0.0393739719 -0.0381637812
v 0.0154836254 -0.039317152 -0.037975902
v 0.0153385143 -0.0391087074 -0.0714432573
v 0.0154308968 -0.039016325 -0.0679256439
v 0.0152547722 -0.0392409534 -0.0379371521
v 0.0154994087 -0.038947813 -0.06794379
v 0.015410655 -0.0347939224 -0.0742163062
v 0.0152659683 -0.0349386139 -0.0677302718
v 0.0154637556 -0.0347408218 -0.0675578547
v 0.0152569513 -0.0345098133 -0.0673197222
v 0.0152639608 -0.0344517155 -0.0672518325
v 0.0152514916 -0.0342679138 -0.0670081758
v 0.0152645521 -0.0342549629 -0.0669889235
v 0.0152565365 -0.0341101189 -0.0667515349
v 0.0152727776 -0.0340027447 -0.0665369225
v 0.0152508478 -0.0339910335 -0.066512053
v 0.0152604513 -0.0338947697 -0.0662672186
v 0.0152564554 -0.0338194389 -0.0660149646
v 0.0152791672 -0.0337676353 -0.0657612967
v 0.0152833109 -0.0337509651 -0.0656444287
v 0.0154648237 -0.033750021 -0.0654959393
v 0.0152942591 -0.0337373276 -0.0655042863
v 0.0154666786 -0.0337459297 -0.0654251194
v 0.0152857571 -0.0327110023 -0.0393464258
v 0.015538271 -0.0405041332 -0.0662525654
v 0.015725091 -0.0405523701 -0.0660087729
v 0.0157285671 -0.0406108112 -0.0657602763
v 0.0157321291 -0.0406475944 -0.0655079436
v 0.0157352905 -0.0406626911 -0.0652536631
v 0.0157461147 -0.0406592579 -0.065091877
v 0.0155442267 -0.0402524109 -0.0667665577
v 0.0157231026 -0.0403606815 -0.0665076637
v 0.0157221346 -0.0404724331 -0.066251533
v 0.0157470732 -0.0404990597 -0.0661640739
v 0.0157310991 -0.0400517673 -0.0670011759
v 0.0157266026 -0.0402181358 -0.0667627954
v 0.015720747 -0.0402448959 -0.0667211604
v 0.0157418137 -0.0398292084 -0.0672552061
v 0.0157401543 -0.0399973698 -0.0670668578
v 0.0157398253 -0.0395495911 -0.0675093746
v 0.0157330494 -0.0397417755 -0.0673441625
v 0.0156596356 -0.0395053215 -0.0388211593
v 0.0157188587 -0.0395008964 -0.0386387646
v 0.0155761795 -0.0392513676 -0.0677571082
v 0.0157460146 -0.0394980068 -0.0675478745
v 0.0155398064 -0.0394819183 -0.0388168982
v 0.0157211285 -0.0394865532 -0.0385190207
v 0.0157275992 -0.0394457073 -0.0382813877
v 0.015716279 -0.039377491 -0.038019641
v 0.0155995493 -0.0393493194 -0.0379971606
v 0.0157456808 -0.0391658611 -0.0677668309
v 0.0157483606 -0.0392370243 -0.0677245378
v 0.0156749611 -0.0387722607 -0.0719494224
v 0.0155051832 -0.0389420433 -0.0716984057
v 0.0156893616 -0.0387578602 -0.0679746532
v 0.0157246285 -0.0387442703 -0.0679695201
v 0.0156110458 -0.0345935364 -0.0744171619
v 0.0155014687 -0.0347031135 -0.067519269
v 0.0155200796 -0.0346844978 -0.0674994779
v 0.0157129889 -0.0344915886 -0.0672609258
v 0.0157293396 -0.0344752426 -0.067237494
v 0.0155213051 -0.0342538566 -0.0669671774
v 0.0155483227 -0.0341285152 -0.0667520428
v 0.01550031 -0.034000761 -0.0665003204
v 0.0155768662 -0.0340039177 -0.0664881086
v 0.0155250816 -0.0339083214 -0.0662527847
v 0.0155245333 -0.0338404293 -0.0660204291
v 0.0155210953 -0.0337870045 -0.0657613921
v 0.0155853062 -0.033765337 -0.0655067873
v 0.0157031851 -0.0337799282 -0.0654460073
v 0.0155211954 -0.0326534958 -0.0393891776
v 0.0159203558 -0.0405076904 -0.0660104513
v 0.0159757404 -0.0405535526 -0.0657637429
v 0.0159907942 -0.0405884094 -0.0655126452
v 0.0159593182 -0.0406134624 -0.0652584147
v 0.0159887486 -0.040605051 -0.0650976443
v 0.015992239 -0.0402910156 -0.0665078211
v 0.0159781008 -0.0404095287 -0.0662528849
v 0.0159979706 -0.0404864712 -0.0660115647
v 0.0159961872 -0.040493433 -0.0659892583
v 0.0158665543 -0.0400029201 -0.0670157146
v 0.0159996777 -0.0401431579 -0.0667615914
v 0.015995534 -0.0402447719 -0.0665932798
v 0.0159675675 -0.0397582168 -0.0672517443
v 0.0159992533 -0.0399600334 -0.0670151997
v 0.0159998112 -0.0399862213 -0.0669820786
v 0.0158798246 -0.0395030136 -0.0675058436
v 0.015998929 -0.0395887108 -0.0673968172
v 0.0157801991 -0.039524538 -0.0388256386
v 0.0159613066 -0.0395160503 -0.0385190207
v 0.0159620743 -0.0395072765 -0.038459354
v 0.0159997063 -0.0393113346 -0.0676061893
v 0.0159888821 -0.0394927997 -0.067478714
v 0.0157809715 -0.0394954986 -0.0385190207
v 0.0159649115 -0.0394748421 -0.0382813877
v 0.0159515982 -0.0394216747 -0.0380681562
v 0.0159962874 -0.0390119667 -0.0677818489
v 0.0159955435 -0.0391244144 -0.0677219748
v 0.0159996157 -0.0387677593 -0.0678916001
v 0.0158477955 -0.0385994263 -0.0721962285
v 0.0158657961 -0.0385814304 -0.0679902482
v 0.015998066 -0.0384925003 -0.0679888749
v 0.0158138781 -0.0343907089 -0.0746130657
v 0.0157614021 -0.0344431801 -0.0671898198
v 0.0158810597 -0.0343235226 -0.0669886899
v 0.0159614449 -0.0342431373 -0.0668275523
v 0.015998519 -0.034206068 -0.0667439055
v 0.0157563334 -0.034003231 -0.0664209938
v 0.0157769661 -0.0339482803 -0.0662606621
v 0.0157533484 -0.0338745804 -0.0660222578
v 0.0157605581 -0.0338232059 -0.0657615232
v 0.015832675 -0.0338085956 -0.0655054522
v 0.0159921818 -0.0338444347 -0.0654720163
v 0.015760253 -0.0326126022 -0.0394300333
v 0.0161386566 -0.040505106 -0.065767262
v 0.0162454062 -0.0405094356 -0.0655194306
v 0.0162241774 -0.0405350704 -0.0652659583
v 0.0162277012 -0.0405337353 -0.0651049447
v 0.0160922365 -0.0402584095 -0.0665089178
v 0.0162303476 -0.0403252907 -0.0662572765
v 0.0162284117 -0.0404114742 -0.0660163426
v 0.0162193709 -0.0404778213 -0.0657693672
v 0.0162499647 -0.040498888 -0.0655882192
v 0.0162388592 -0.0400530453 -0.066764617
v 0.0162492066 -0.0401277943 -0.0666394949
v 0.0162266569 -0.040240509 -0.06644871
v 0.0162462835 -0.039787857 -0.0670991993
v 0.016249898 -0.0399384136 -0.0669177628
v 0.0162491684 -0.0395007725 -0.0673721313
v 0.0162427311 -0.0396684093 -0.0672242475
v 0.0160229473 -0.0395502872 -0.0388352287
v 0.0162029533 -0.0395287151 -0.0385190207
v 0.0162032776 -0.0395100803 -0.0383998477
v 0.0162462502 -0.0392667694 -0.0675488663
v 0.0162446528 -0.0393430443 -0.0674962902
v 0.0162036734 -0.0394873543 -0.0382813877
v 0.0162477474 -0.0394538803 -0.0381351548
v 0.0160662871 -0.0390011139 -0.0677669048
v 0.0162483053 -0.0390008373 -0.0677080655
v 0.0162499838 -0.0387506599 -0.0678276968
v 0.0162494974 -0.0389561577 -0.0677310681
v 0.0162454634 -0.0385048981 -0.0679247308
v 0.016023634 -0.0384235878 -0.072438755
v 0.0160422258 -0.0384049911 -0.0680058432
v 0.0160138254 -0.0384770412 -0.0679902196
v 0.0162024241 -0.0382447929 -0.0726769257
v 0.0162186604 -0.0382285614 -0.0680214357
v 0.0160190802 -0.0341854973 -0.0748039579
v 0.0161379414 -0.0340666408 -0.068535223
v 0.0160104017 -0.0341941757 -0.0667155862
v 0.0160967331 -0.0341078491 -0.0664817262
v 0.0161665993 -0.0340379829 -0.0662376285
v 0.0162265997 -0.0339779777 -0.0749897814
v 0.0162078934 -0.0339966888 -0.0660492659
v 0.0162195187 -0.0339850635 -0.0659856176
v 0.016190155 -0.0339054508 -0.0655144691
v 0.0162169867 -0.0339129848 -0.0654927039
v 0.0162445383 -0.0325813599 -0.0395052704
v 0.0160017567 -0.0325885219 -0.0394687939
v 0.0163111954 -0.0405043049 -0.0652689028
v 0.0163160782 -0.0405026264 -0.0651080632
v 0.0163988905 -0.0402558441 -0.0662618804
v 0.0164945774 -0.0403080578 -0.0660024452
v 0.0164997749 -0.0403700466 -0.0657559681
v 0.0164963846 -0.0404127617 -0.0655053806
v 0.0164844303 -0.0404358978 -0.0652524924
v 0.0164904051 -0.0404333324 -0.0651149011
v 0.0163495522 -0.0400030441 -0.0667672634
v 0.0164994602 -0.0400732918 -0.0665397048
v 0.0164996796 -0.0401804275 -0.0663296366
v 0.0164839153 -0.0402432175 -0.066199801
v 0.0164670019 -0.0397581882 -0.0670079637
v 0.0164959507 -0.0397701092 -0.0669757247
v 0.0164985828 -0.0399831123 -0.066688869
v 0.0164668827 -0.03950597 -0.0672621918
v 0.0164961367 -0.0395206566 -0.0672329712
v 0.0162668638 -0.039559042 -0.0388456216
v 0.0164448958 -0.0395244903 -0.0385190207
v 0.0164439182 -0.0395058842 -0.0383998477
v 0.016375845 -0.0392573376 -0.0675015712
v 0.0164959173 -0.039266655 -0.067439065
v 0.0164427309 -0.0394831867 -0.0382813877
v 0.0164848595 -0.0394610615 -0.0381935188
v 0.0164906674 -0.039022047 -0.0676006436
v 0.0164997177 -0.0391840858 -0.0674948001
v 0.0164210062 -0.0387572975 -0.0677662563
v 0.0164968138 -0.0387805958 -0.0677259731
v 0.0164807778 -0.0385062523 -0.0678501463
v 0.0164928513 -0.038733818 -0.0677495456
v 0.0162709408 -0.0382535095 -0.068001194
v 0.0164849167 -0.0382537002 -0.0679395628
v 0.0163841133 -0.0380631084 -0.0729106688
v 0.0164467077 -0.0380005188 -0.0680405641
v 0.0164990645 -0.038072197 -0.0679961348
v 0.0164932757 -0.0379539413 -0.0680419922
v 0.016264904 -0.0341179962 -0.0685891271
v 0.0164363699 -0.0337682171 -0.0751704788
v 0.0163989239 -0.0338056583 -0.0688966298
v 0.0162673359 -0.0339372463 -0.0687175155
v 0.0162517195 -0.033952858 -0.0657599902
v 0.0162552338 -0.0339493484 -0.0657274413
v 0.0162721758 -0.0339324016 -0.0654978538
v 0.0163052969 -0.0325822182 -0.0395140117
v 0.0166076593 -0.0402529163 -0.066006887
v 0.0167363243 -0.0402517147 -0.0657661343
v 0.0167439203 -0.0402916164 -0.0655163026
v 0.0167415409 -0.0403128452 -0.0652640963
v 0.0167447405 -0.0403118915 -0.065126605
v 0.0166505699 -0.0400138016 -0.0665043354
v 0.0167466049 -0.0400238247 -0.0663826823
v 0.0167492848 -0.0401019401 -0.0662109184
v 0.0167484074 -0.0401838703 -0.065990994
v 0.0167460232 -0.0397899837 -0.0667625141
v 0.016748889 -0.0398474331 -0.0666788578
v 0.0167498331 -0.0399653644 -0.0664881659
v 0.0167447739 -0.0395256348 -0.0670711708
v 0.016744874 -0.0396052093 -0.0669878507
v 0.016510766 -0.0395507545 -0.0388567665
v 0.0167470245 -0.0395031948 -0.0385788301
v 0.0166249161 -0.0395014973 -0.038459354
v 0.0167411881 -0.0392598934 -0.0673086715
v 0.0167354565 -0.0393409939 -0.0672467065
v 0.0167459421 -0.0394954986 -0.0385190207
v 0.0167208939 -0.0394516868 -0.0382558119
v 0.0166620474 -0.0394555778 -0.0382398865
v 0.0166963511 -0.0390077133 -0.0675095177
v 0.0167416601 -0.0390069694 -0.0674854064
v 0.0167463284 -0.0387570782 -0.0676245189
v 0.0167401152 -0.038985712 -0.0674994564
v 0.016723793 -0.0385009212 -0.0677537203
v 0.016740778 -0.0385068722 -0.0677433848
v 0.0167466765 -0.0382567902 -0.0678378224
v 0.0167471867 -0.0384972687 -0.0677444339
v 0.0165053539 -0.038000576 -0.0680193472
v 0.0165566139 -0.0380071945 -0.0679985118
v 0.0165686445 -0.0378785725 -0.0731399155
v 0.016679018 -0.0377682037 -0.0680311108
v 0.0167311411 -0.0377918548 -0.0679989362
v 0.0167482548 -0.037698967 -0.0680202389
v 0.0165644961 -0.0342621536 -0.0686982656
v 0.0165217285 -0.0342395229 -0.0686842561
v 0.016648324 -0.0335562534 -0.0753460026
v 0.0166685515 -0.033536026 -0.0692451143
v 0.016548007 -0.0325962562 -0.039547385
v 0.0168043928 -0.040258152 -0.065519321
v 0.0168353586 -0.0402612133 -0.0652689075
v 0.0168546085 -0.0402512283 -0.0651323414
v 0.0168695908 -0.0400075455 -0.0662604713
v 0.0169908171 -0.0400309772 -0.0660040307
v 0.0169972925 -0.0400413818 -0.065959847
v 0.0169981318 -0.0401074047 -0.0657121778
v 0.0169885616 -0.0401691742 -0.0652545476
v 0.0169891672 -0.0401695652 -0.0651399708
v 0.0167879419 -0.0397609062 -0.0667648029
v 0.0169966726 -0.0397796936 -0.0665232491
v 0.0169982987 -0.0398285789 -0.0664392591
v 0.0169977789 -0.0399286194 -0.0662462854
v 0.0168467217 -0.0395098133 -0.0670111346
v 0.0169922905 -0.0395339508 -0.0668606281
v 0.0169953661 -0.0396493359 -0.0667149425
v 0.0167534618 -0.0395254822 -0.0388686094
v 0.0168080549 -0.0395008964 -0.0386387646
v 0.0168346624 -0.0392528458 -0.0672541356
v 0.0169850998 -0.0392611904 -0.0671383929
v 0.016996768 -0.0394117756 -0.0669882965
v 0.0169339829 -0.0394954414 -0.0388779148
v 0.0169842415 -0.0394534798 -0.0385190207
v 0.0169547014 -0.0394257946 -0.0383217305
v 0.016991642 -0.039004385 -0.0673314404
v 0.0169877367 -0.0391391106 -0.0672360849
v 0.0169557839 -0.038752634 -0.067509625
v 0.0169944315 -0.0387531395 -0.0674851155
v 0.0169834643 -0.0385025425 -0.0676179385
v 0.0169890003 -0.0387335129 -0.0674993896
v 0.0169211607 -0.0382559891 -0.0677538633
v 0.0169951611 -0.0382580681 -0.0677127862
v 0.0167896347 -0.0380046196 -0.0679042935
v 0.0169971781 -0.0381629581 -0.0677466249
v 0.016759203 -0.0377521152 -0.0679982233
v 0.0169460135 -0.0375012035 -0.0735846376
v 0.0167559652 -0.0376912613 -0.073364594
v 0.0168400316 -0.0376071949 -0.0680000377
v 0.0169310265 -0.0375161953 -0.0679733562
v 0.0169986611 -0.0374485607 -0.067949121
v 0.0169606714 -0.0345095081 -0.0688007379
v 0.0167551165 -0.0343722172 -0.0687539577
v 0.0168624048 -0.0333421821 -0.0755162859
v 0.0169465046 -0.0332580776 -0.0695802617
v 0.01680651 -0.0333980675 -0.0694143796
v 0.0167893343 -0.0326271744 -0.0395780915
v 0.0170170431 -0.0400126381 -0.0660056138
v 0.0171310454 -0.0400031586 -0.0657657957
v 0.0171832113 -0.0400125999 -0.0655188179
v 0.0172248345 -0.0400036545 -0.065269649
v 0.017222455 -0.0400070114 -0.0651549077
v 0.0170471983 -0.0397526569 -0.0665057063
v 0.0172098284 -0.0397606392 -0.0662607574
v 0.0172483902 -0.0397589798 -0.0661981344
v 0.0172499113 -0.0398407955 -0.0659990048
v 0.0172493057 -0.039932682 -0.0656830978
v 0.0172495537 -0.0399792881 -0.0653630781
v 0.0172475796 -0.0399877758 -0.0651566577
v 0.0171251612 -0.0395015259 -0.0667670178
v 0.0172423439 -0.0395062466 -0.0666270685
v 0.0172439795 -0.0396078129 -0.0664783573
v 0.0172368603 -0.0397479839 -0.0662410092
v 0.0171488361 -0.0392589111 -0.0670018291
v 0.0172409849 -0.0392687435 -0.0669029331
v 0.0172467499 -0.0394164772 -0.0667351985
v 0.01705334 -0.0394701881 -0.038884306
v 0.0172190361 -0.0393949432 -0.0385190207
v 0.0172420912 -0.0393704147 -0.0384087366
v 0.0170655279 -0.0390067692 -0.0672763991
v 0.017238205 -0.0390121288 -0.0671316433
v 0.0172478275 -0.0391650982 -0.0669947457
v 0.0172446661 -0.0387607403 -0.0673005652
v 0.0172460299 -0.0388616295 -0.0672340012
v 0.0171461754 -0.0385101528 -0.0675110579
v 0.017249897 -0.0385139103 -0.067434628
v 0.0172449617 -0.0382594223 -0.0675536203
v 0.017235611 -0.0384023971 -0.0674986815
v 0.0170845251 -0.0380015678 -0.0677509999
v 0.017137125 -0.0380030937 -0.0677183843
v 0.0170170336 -0.037756073 -0.0678629231
v 0.0172494297 -0.0377504368 -0.0677190733
v 0.017012847 -0.0375020523 -0.0679289055
v 0.017236083 -0.0376836224 -0.0677452016
v 0.0171387415 -0.037308485 -0.0737999797
v 0.0171757822 -0.0372714443 -0.0678669953
v 0.0172405462 -0.0372066803 -0.067829845
v 0.0170006971 -0.0345386238 -0.0688081765
v 0.0170785408 -0.0331260414 -0.0756812906
v 0.0170885019 -0.0331160755 -0.0697427082
v 0.0172324543 -0.0329721279 -0.0699016738
v 0.017028101 -0.032674839 -0.0396059814
v 0.017339385 -0.0397627277 -0.0660058689
v 0.0174323206 -0.0397575397 -0.0657653594
v 0.0174911814 -0.0397551746 -0.0655191731
v 0.0174986105 -0.0397577019 -0.0654510331
v 0.0174887829 -0.0397834701 -0.0651750255
v 0.0173296671 -0.0395097752 -0.0665069675
v 0.0174782066 -0.0395134659 -0.066261692
v 0.0174992209 -0.0395260544 -0.0661976218
v 0.0174997025 -0.0396255512 -0.0659746528
v 0.0174993067 -0.0397264881 -0.0656342745
v 0.01739497 -0.0392507477 -0.066750164
v 0.0174962263 -0.0392760582 -0.0665873337
v 0.0174996119 -0.039367773 -0.0664595222
v 0.0172890215 -0.0394072456 -0.038897503
v 0.0174491673 -0.0393201656 -0.0385190207
v 0.0174667435 -0.0393079586 -0.0384816146
v 0.0173724537 -0.0390049667 -0.0670098162
v 0.0174981098 -0.0390075035 -0.0668702507
v 0.0174999981 -0.03913768 -0.0667407942
v 0.0172829084 -0.0387541122 -0.0672732472
v 0.0174907808 -0.0387523956 -0.0670813918
v 0.0174971562 -0.038864357 -0.0669918966
v 0.0174504452 -0.0385086746 -0.067271018
v 0.0174800902 -0.0385120411 -0.0672417593
v 0.0173134737 -0.0382581062 -0.0675038981
v 0.0174946861 -0.038250639 -0.0673579741
v 0.017496541 -0.0384766407 -0.0672457051
v 0.0172756033 -0.038002121 -0.0676265311
v 0.017470582 -0.038013422 -0.0674720287
v 0.0172663431 -0.037754919 -0.0677061963
v 0.0174972754 -0.0378854771 -0.0674913621
v 0.0172669249 -0.0375015564 -0.0677643371
v 0.0173031263 -0.0375000782 -0.0677386451
v 0.0172606258 -0.037260973 -0.0678086352
v 0.0173407822 -0.0372655697 -0.0677483034
v 0.0173340778 -0.0371131439 -0.0740105581
v 0.0173460226 -0.0371012039 -0.0677605295
v 0.0174280243 -0.0370191975 -0.0676985693
v 0.0174880486 -0.0369591732 -0.067648387
v 0.0172675924 -0.0347546406 -0.0688426542
v 0.0172966747 -0.0329079075 -0.0758409595
v 0.0173783188 -0.0328262634 -0.0700571108
v 0.0173211794 -0.0327575798 -0.0396366778
v 0.0172631388 -0.0327390022 -0.0396309194
v 0.0175131779 -0.0397588844 -0.0652687407
v 0.0175118189 -0.039761898 -0.0651769447
v 0.0175959568 -0.0395134563 -0.0660062742
v 0.0176749926 -0.0395128174 -0.06576478
v 0.017718194 -0.039521534 -0.065517168
v 0.0177457314 -0.0395164032 -0.0652672291
v 0.0177309589 -0.0395349331 -0.0651969409
v 0.0175683718 -0.0392522449 -0.066510179
v 0.0176913385 -0.039272768 -0.0662623477
v 0.0177483015 -0.0392619438 -0.0661576486
v 0.0177476626 -0.0393512649 -0.0659772277
v 0.0177472763 -0.039440834 -0.0657265878
v 0.0177493982 -0.0394958134 -0.0654514122
v 0.0175197058 -0.0393280144 -0.0389111996
v 0.017631443 -0.0392507286 -0.0385379499
v 0.0175875549 -0.0390143318 -0.0667523813
v 0.0177414208 -0.0390077038 -0.0665327764
v 0.0177472572 -0.0390358562 -0.0664899182
v 0.0177426891 -0.0392308826 -0.0662240648
v 0.0177442675 -0.0392328758 -0.0389253289
v 0.0177391892 -0.0392076988 -0.0385762203
v 0.0175551109 -0.0387677593 -0.0670015287
v 0.0177420454 -0.0387579937 -0.0667772055
v 0.0177441721 -0.038806097 -0.0667324352
v 0.0176993828 -0.0385099239 -0.0670123935
v 0.0177431278 -0.0385116978 -0.0669582963
v 0.0175826101 -0.0382621593 -0.0672707486
v 0.0177167778 -0.0382510967 -0.0671362782
v 0.0177458363 -0.03846945 -0.0669818068
v 0.017504118 -0.0380057545 -0.0674460292
v 0.0177405434 -0.0380183048 -0.067211647
v 0.017515419 -0.0377591629 -0.0675121021
v 0.0176093273 -0.0377607269 -0.0674274969
v 0.0177478342 -0.0379172535 -0.0672406149
v 0.0175270872 -0.0375061149 -0.0675595784
v 0.0175919848 -0.0375153942 -0.0674999833
v 0.0175035076 -0.0372538204 -0.0676173234
v 0.0176396637 -0.0372597141 -0.0674925876
v 0.0175183754 -0.0370091171 -0.0676205349
v 0.0176605969 -0.0370110435 -0.0674860573
v 0.0175319748 -0.036915247 -0.0742163062
v 0.017622798 -0.0368244285 -0.0675192595
v 0.0176962357 -0.0367509861 -0.0674381208
v 0.0177323704 -0.0367148514 -0.0744171619
v 0.0177494984 -0.0366977234 -0.067373867
v 0.0177426987 -0.0352659626 -0.0688181496
v 0.0175227337 -0.0350046844 -0.0688460851
v 0.0175064211 -0.0349871273 -0.0688469219
v 0.0175499563 -0.0328419228 -0.0396577564
v 0.0175167351 -0.0326878471 -0.0759952497
v 0.017675622 -0.0325289554 -0.0703572154
v 0.0175260573 -0.0326785202 -0.0702089739
v 0.0177386551 -0.0324659271 -0.0761441088
v 0.0177517824 -0.0395111008 -0.0651990223
v 0.0178161936 -0.0392501659 -0.0660080004
v 0.0178815107 -0.0392596264 -0.0657648587
v 0.0179301815 -0.0392567749 -0.0655176711
v 0.017949584 -0.0392500229 -0.0653817606
v 0.0179481249 -0.0392623062 -0.0652205801
v 0.0177518253 -0.0390102787 -0.0665124607
v 0.0178818159 -0.039009325 -0.0662653089
v 0.0179774313 -0.0390183945 -0.0660069728
v 0.0179981356 -0.0390186138 -0.0659412289
v 0.017998622 -0.0391232605 -0.0656648684
v 0.0179984169 -0.0391697712 -0.0654570794
v 0.0179846411 -0.0392104359 -0.0652250409
v 0.0177993231 -0.0392066593 -0.0389289206
v 0.0179491549 -0.0391102142 -0.0386542627
v 0.0177552395 -0.0387599583 -0.0667570424
v 0.0179110556 -0.0387523003 -0.0665167499
v 0.0179941158 -0.0387553902 -0.0663518548
v 0.0179961996 -0.0388590546 -0.0662156034
v 0.0178868036 -0.0385131187 -0.0667618585
v 0.0179886131 -0.0385090465 -0.0666011357
v 0.0179921513 -0.0386299343 -0.0664879107
v 0.0178242664 -0.0382589931 -0.0670052028
v 0.017886055 -0.0382508774 -0.0669290829
v 0.0179932575 -0.0383003349 -0.0667435408
v 0.0177995949 -0.0380033131 -0.0671512747
v 0.0179672937 -0.0380037327 -0.0669382906
v 0.0177690058 -0.03778722 -0.0672591281
v 0.0178572302 -0.0377503319 -0.0671697259
v 0.0179945402 -0.037772295 -0.0669872332
v 0.0177901392 -0.037506382 -0.0673034501
v 0.0178612404 -0.0375050945 -0.0672232056
v 0.0179984884 -0.0377418919 -0.0669912505
v 0.017764986 -0.0372534962 -0.0673659134
v 0.0178682833 -0.0372553272 -0.0672494674
v 0.0177722387 -0.0370001335 -0.0673690605
v 0.0178792505 -0.0370057697 -0.0672454691
v 0.0177580814 -0.0367621632 -0.0673718262
v 0.017867096 -0.0367500896 -0.0672421169
v 0.0179351978 -0.0365120239 -0.0746130657
v 0.0178343182 -0.0366129036 -0.0672609162
v 0.0179443007 -0.0365029163 -0.0670912862
v 0.0179881983 -0.0364590282 -0.0670147038
v 0.0179140549 -0.0355082722 -0.0687696791
v 0.017966569 -0.0355917568 -0.0687483931
v 0.0177576761 -0.0352855987 -0.0688149834
v 0.0179345732 -0.0330269928 -0.0396868795
v 0.0177724629 -0.0329419632 -0.03967563
v 0.0178269701 -0.0323776073 -0.0705017924
v 0.0179623728 -0.0322422142 -0.0762874985
v 0.0179800539 -0.0322245235 -0.0706426644
v 0.018046978 -0.0390152092 -0.0657640862
v 0.0180987911 -0.0390010948 -0.06551718
v 0.0181149654 -0.0390060539 -0.06526546
v 0.0181045656 -0.0390243549 -0.0652409601
v 0.0180147057 -0.0390922851 -0.0389434937
v 0.0181012993 -0.0390273209 -0.038713921
v 0.0180322104 -0.0387550468 -0.0662677431
v 0.0181013088 -0.0387505836 -0.0660965705
v 0.0181907253 -0.0387577934 -0.0657644296
v 0.0182071428 -0.0387516708 -0.0656974649
v 0.0182402735 -0.0387759418 -0.0652620602
v 0.0181521254 -0.0389426441 -0.0652479172
v 0.0182483988 -0.0389363117 -0.0387743634
v 0.0181509094 -0.0389978714 -0.0387339893
v 0.0180460339 -0.0385043354 -0.0665002561
v 0.0180787258 -0.0385007019 -0.0664387965
v 0.0182107048 -0.038501627 -0.0661196399
v 0.0182465391 -0.0385163231 -0.0659866619
v 0.0182484083 -0.0386629124 -0.0657052827
v 0.0182479458 -0.0387291355 -0.0654951453
v 0.0180222206 -0.0382502575 -0.066728363
v 0.0182145004 -0.0382512684 -0.0663586974
v 0.0182458906 -0.03829076 -0.0662479854
v 0.0180359058 -0.0380039139 -0.0668379569
v 0.0181129103 -0.0380004711 -0.0667153263
v 0.0182319098 -0.0380021019 -0.0664897275
v 0.0180394869 -0.0377519531 -0.06692976
v 0.0181685095 -0.0377506943 -0.066724298
v 0.0182482891 -0.0379225655 -0.0664982748
v 0.0180175476 -0.0375001163 -0.0670248985
v 0.0181014376 -0.0375070591 -0.0669008422
v 0.0182024222 -0.0375042553 -0.0667343974
v 0.01804426 -0.0372558803 -0.0670209551
v 0.0180731087 -0.0372579594 -0.0669788265
v 0.0182388573 -0.0372545452 -0.0667045474
v 0.018003562 -0.0370037289 -0.0670843029
v 0.01807833 -0.0370072288 -0.0669763279
v 0.0182201414 -0.0370010681 -0.066740036
v 0.0180162029 -0.0367555256 -0.0670430851
v 0.0180614977 -0.0367567272 -0.0669757748
v 0.0182050734 -0.0367562313 -0.0667333364
v 0.0180026655 -0.0365408344 -0.0670169568
v 0.0180223017 -0.0365064354 -0.0669773364
v 0.018170188 -0.0365125008 -0.0667277384
v 0.0181403999 -0.0363068218 -0.0748039579
v 0.0180048828 -0.0364999504 -0.0670019555
v 0.0181077175 -0.0363395042 -0.0667720008
v 0.0181875401 -0.0362596817 -0.0665708518
v 0.0182215529 -0.0362541504 -0.0664901495
v 0.0181893759 -0.0360183449 -0.0686062121
v 0.0182081442 -0.0362390823 -0.0665115881
v 0.0182462244 -0.0362009926 -0.0663912225
v 0.0180637436 -0.0357614059 -0.0686982656
v 0.0180042439 -0.0356550331 -0.0687307405
v 0.0180401354 -0.033088314 -0.0396933347
v 0.0181878119 -0.0320167656 -0.0764253664
v 0.0181348305 -0.0320697517 -0.0707797861
v 0.0184812908 -0.0387672443 -0.0388763922
v 0.0182877426 -0.0385005588 -0.0658546376
v 0.0183268623 -0.0385031624 -0.0656514096
v 0.0183548765 -0.0385184116 -0.0652838159
v 0.0182545738 -0.0382629223 -0.0662507033
v 0.0182816916 -0.038252985 -0.0661867619
v 0.0183832293 -0.0382528515 -0.0658321357
v 0.018417409 -0.0382507057 -0.0656508803
v 0.0184480457 -0.0382530804 -0.0653061676
v 0.0182887631 -0.0380014915 -0.0663627791
v 0.0183394222 -0.0380012817 -0.0662332749
v 0.0184218006 -0.0380016918 -0.0659677982
v 0.0184786778 -0.0380026169 -0.0656957817
v 0.0184979038 -0.0380729885 -0.0653213334
v 0.0182753353 -0.0377591915 -0.0665162706
v 0.0182860832 -0.0377530212 -0.0664958215
v 0.0183913498 -0.0377560635 -0.0662363577
v 0.0184725981 -0.0377532978 -0.0659690261
v 0.0184995585 -0.0378811569 -0.0657296109
v 0.0183001309 -0.0375027771 -0.0665458679
v 0.0183486586 -0.037500946 -0.066438632
v 0.0184325295 -0.0375028629 -0.0662186813
v 0.0184984379 -0.0375116749 -0.0659926867
v 0.0183037739 -0.0372548027 -0.0665763521
v 0.018414896 -0.0372505112 -0.0663133717
v 0.0184463863 -0.0372546883 -0.0662232184
v 0.0182981806 -0.037007143 -0.0665870118
v 0.0183841353 -0.0370016117 -0.0663877034
v 0.0184563856 -0.0370072193 -0.0661827779
v 0.0182818251 -0.0367501182 -0.066578269
v 0.0183238249 -0.0367596264 -0.0664866734
v 0.0184180956 -0.0367560882 -0.0662350869
v 0.0184971743 -0.0368057079 -0.0659731412
v 0.0182589321 -0.0365099354 -0.0665450168
v 0.0182796745 -0.0365116711 -0.0664985704
v 0.0184043865 -0.0365054817 -0.066148355
v 0.0184575729 -0.0365008755 -0.0659352064
v 0.0184975367 -0.0365077801 -0.065719521
v 0.0182558994 -0.0364251728 -0.0665112901
v 0.018260272 -0.0362545223 -0.0663949823
v 0.0183340435 -0.0362533874 -0.0661797571
v 0.0183975153 -0.0362567921 -0.0659383821
v 0.018444994 -0.0362556095 -0.0656483078
v 0.0184652166 -0.0362754745 -0.0654773355
v 0.0183479195 -0.0360993023 -0.0749897814
v 0.0183886557 -0.0360585709 -0.0687175155
v 0.0182801085 -0.0361671085 -0.0662686038
v 0.0183351593 -0.0361120624 -0.0660174894
v 0.0183730393 -0.0360741825 -0.0657599878
v 0.0183919029 -0.0360553188 -0.0655308151
v 0.0183934956 -0.0360537262 -0.0654978538
v 0.0182942848 -0.0332573051 -0.0397057629
v 0.0184149151 -0.0317896671 -0.0765576839
v 0.0184492807 -0.0317552967 -0.0710426235
v 0.0182912569 -0.0319133205 -0.0709131193
v 0.0187383299 -0.038537323 -0.0390000001
v 0.0186972981 -0.0385775967 -0.038979362
v 0.0185123139 -0.0380125732 -0.065326426
v 0.0185156326 -0.0377603073 -0.0657635498
v 0.0185205441 -0.0377541561 -0.0657411885
v 0.0185589867 -0.0377695389 -0.0653469443
v 0.0185046272 -0.0375044365 -0.0659706521
v 0.0185589438 -0.0375053615 -0.0656948853
v 0.0185882073 -0.0375253982 -0.0653676581
v 0.0185066729 -0.0373014755 -0.0660138798
v 0.0185388594 -0.0372522373 -0.0658808255
v 0.0185810547 -0.037251503 -0.065625155
v 0.0186004047 -0.0372511787 -0.0653911066
v 0.0185019617 -0.0370072765 -0.0660215425
v 0.0185237866 -0.0370045776 -0.0659289432
v 0.0185658293 -0.0370006962 -0.0656953478
v 0.0185948734 -0.0370392723 -0.0654094076
v 0.0185006695 -0.0369288368 -0.0660066867
v 0.0185150557 -0.0367552967 -0.0658608222
v 0.0185428028 -0.0367579193 -0.0656949949
v 0.0185727577 -0.0367992229 -0.0654303861
v 0.018509162 -0.0365989799 -0.0657581472
v 0.0185167008 -0.036508419 -0.0655519271
v 0.0185225277 -0.0365046711 -0.065456562
v 0.0185003786 -0.0364361877 -0.0655586743
v 0.0185095911 -0.036446764 -0.0654617739
v 0.0185576897 -0.0358895321 -0.0751704788
v 0.0186540012 -0.0357932205 -0.0690725136
v 0.0185202437 -0.0359269733 -0.0688966298
v 0.0186237173 -0.0335294456 -0.0397141251
v 0.0185329752 -0.033447649 -0.0397128198
v 0.018643611 -0.031560976 -0.0766843987
v 0.0186088591 -0.0315957184 -0.0711682606
v 0.0189806728 -0.0382678623 -0.0390746918
v 0.0187696438 -0.035677578 -0.0753460026
v 0.0189278298 -0.035519392 -0.0694143796
v 0.018789876 -0.0356573505 -0.0692451143
v 0.0189837246 -0.0354634972 -0.0755162859
v 0.018878253 -0.0337929268 -0.0397128198
v 0.0187543993 -0.0336578865 -0.0397144514
v 0.0188738232 -0.031330759 -0.0768054771
v 0.0189324837 -0.0312720985 -0.0714077854
v 0.0191599827 -0.038024723 -0.0391363445
v 0.019225605 -0.0379231853 -0.039160741
v 0.0190678244 -0.0353793926 -0.0695802617
v 0.0191998606 -0.0352473564 -0.0756812906
v 0.0192098217 -0.0352374 -0.0697427082
v 0.0192375879 -0.0342857666 -0.0396933347
v 0.0190685921 -0.0340316219 -0.0397057629
v 0.0190321903 -0.033982584 -0.0397076061
v 0.0191054897 -0.0310990925 -0.0769208813
v 0.0190964394 -0.0311081428 -0.0715216017
v 0.0193172531 -0.0377666492 -0.0391969594
v 0.0194263821 -0.0375507564 -0.039244394
v 0.0194981461 -0.0373840256 -0.039279201
v 0.0194179945 -0.035029232 -0.0758409595
v 0.0193537741 -0.0350934524 -0.0699016738
v 0.0194996386 -0.0349475784 -0.0700571108
v 0.0194839745 -0.0347759457 -0.0396577564
v 0.0193839436 -0.0345534439 -0.03967563
v 0.0192687063 -0.0343382854 -0.0396902123
v 0.0193385391 -0.0308660431 -0.0770305824
v 0.0194283753 -0.030776207 -0.0717371726
v 0.0194903927 -0.0278857632 -0.000871164799
v 0.0194714766 -0.0279046745 -0.000663776398
v 0.0194576864 -0.0279184742 -0.000455579758
v 0.0194490271 -0.027927124 -0.000246832371
v 0.0194456987 -0.0279304523 6.67715073e-05
v 0.0194499188 -0.0279262371 0.000275793076
v 0.0194659023 -0.0279102535 0.000588619709
v 0.0194829683 -0.0278931827 0.000796327591
v 0.0195410757 -0.0372708244 -0.0393019861
v 0.0196149044 -0.0370401497 -0.0393464258
v 0.0196724014 -0.0368047066 -0.0393891776
v 0.0197209005 -0.0365054531 -0.0394399273
v 0.0197407608 -0.036263525 -0.0394781342
v 0.0197436791 -0.0360206051 -0.0395140117
v 0.0197443419 -0.0361421127 -0.0394963753
v 0.0197296457 -0.035777895 -0.039547385
v 0.0196987228 -0.0355365677 -0.0395780915
v 0.0196510677 -0.0352978058 -0.0396059814
v 0.0195683174 -0.0350047226 -0.0396366778
v 0.0196380549 -0.0348091717 -0.0759952497
v 0.019647377 -0.0347998447 -0.0702089739
v 0.0195065479 -0.0348325939 -0.0396527833
v 0.0195728998 -0.0306316776 -0.0771345425
v 0.0195962648 -0.0306083126 -0.0718388653
v 0.0196167212 -0.0277594299 -0.00168763876
v 0.019577611 -0.0277985401 -0.00148597956
v 0.0195283203 -0.0278478355 -0.00118018389
v 0.0195017653 -0.0278743858 -0.000974476337
v 0.019505146 -0.0278710098 0.00100306988
v 0.0195479231 -0.027828228 0.00131082058
v 0.019582737 -0.0277934189 0.00151404858
v 0.0197360115 -0.0276401443 -0.00218229055
v 0.0196846418 -0.0276915092 -0.00198620796
v 0.0196442871 -0.0277318687 0.00181536674
v 0.0196914749 -0.0276846809 0.00201354027
v 0.0198599749 -0.0345872517 -0.0761441088
v 0.0197969418 -0.03465028 -0.0703572154
v 0.0199482899 -0.0344989319 -0.0705017924
v 0.0198085051 -0.0303960819 -0.077232728
v 0.0199356346 -0.0302689476 -0.0720299101
v 0.0197653704 -0.0304392166 -0.0719364524
v 0.0198530893 -0.0275230617 -0.00256626368
v 0.0198220472 -0.0275541038 -0.00247136831
v 0.0197713356 -0.0276048202 0.00230613947
v 0.0198619013 -0.0275142498 0.00259243965
v 0.0199887877 -0.0273873634 -0.00293777466
v 0.0198852902 -0.0274908657 -0.00266038179
v 0.0198944264 -0.0274817295 0.00268633604
v 0.0199281006 -0.0274480553 0.00277941704
v 0.0200836926 -0.0343635292 -0.0762874985
v 0.0201013737 -0.0343458481 -0.0706426644
v 0.0200452786 -0.0301593037 -0.0773251152
v 0.0201070147 -0.0300975723 -0.072119205
v 0.0201023941 -0.0272737617 -0.00320714235
v 0.0200359373 -0.0273402138 0.00305348396
v 0.0202257996 -0.0271503563 -0.0034677434
v 0.0201537542 -0.0272223968 0.00331920624
v 0.0203091364 -0.0341380901 -0.0764253664
v 0.0204125767 -0.0340346451 -0.0709131193
v 0.0202831488 -0.0299214382 -0.0774116707
v 0.0204529028 -0.0297516746 -0.0722852135
v 0.0202794533 -0.0299251289 -0.0722043157
v 0.0203586607 -0.0270174904 -0.00371886969
v 0.0202812271 -0.0270949287 0.00357585907
v 0.0204523163 -0.0269238396 -0.00388068199
v 0.0204180126 -0.0269581432 0.00382274151
v 0.0205362349 -0.0339109821 -0.0765576839
v 0.0205706005 -0.0338766212 -0.0710426235
v 0.0207301788 -0.0337170429 -0.0711682606
v 0.020522049 -0.0296825333 -0.0774923706
v 0.0206273155 -0.0295772667 -0.0723618746
v 0.020600131 -0.0267760296 -0.00411450624
v 0.0205006247 -0.0268755264 -0.00395983458
v 0.0205141907 -0.0268619652 0.00398156643
v 0.0205637293 -0.0268124218 0.00405917883
v 0.0207033854 -0.0266727657 -0.00426417828
v 0.0206512957 -0.0267248554 -0.00418997765
v 0.0206656437 -0.0267105122 0.00421067953
v 0.0207179861 -0.026658165 0.00428452253
v 0.0207649307 -0.033682291 -0.0766843987
v 0.020891264 -0.0335559578 -0.0712899923
v 0.0209951429 -0.033452074 -0.0768054771
v 0.0207618981 -0.0294426842 -0.0775671911
v 0.0208026295 -0.0294019527 -0.0724342775
v 0.0209788065 -0.0292257805 -0.0725024033
v 0.0208650236 -0.0265111275 -0.00447892427
v 0.0207712298 -0.0266049213 0.00435706615
v 0.0209770994 -0.0263990517 -0.00461532116
v 0.0208803587 -0.0264957924 0.00449815989
v 0.0209362106 -0.0264399452 0.00456666946
v 0.0210538035 -0.0333934135 -0.0714077854
v 0.0212268095 -0.0332204075 -0.0769208813
v 0.0212177591 -0.0332294674 -0.0715216017
v 0.0210026388 -0.0292019482 -0.0776361084
v 0.0211557798 -0.0290487976 -0.0725662255
v 0.0212441807 -0.0289604015 -0.0776991034
v 0.0210924654 -0.0262836857 -0.00474611521
v 0.0210504036 -0.0263257522 0.00469950676
v 0.0211087113 -0.0262674446 0.00476379395
v 0.0212109833 -0.0261651726 -0.00487114191
v 0.0211678009 -0.0262083549 0.00482663631
v 0.0213830738 -0.0330641479 -0.0716314077
v 0.0214598589 -0.0329873581 -0.0770305824
v 0.0213335066 -0.0288710709 -0.07262573
v 0.0214864664 -0.028718111 -0.0777561569
v 0.0214810686 -0.0275109119 -0.00422130585
v 0.0214510899 -0.0272782535 -0.00436138868
v 0.0214734535 -0.0274640961 -0.00424918413
v 0.0214409285 -0.0270422573 -0.00450658321
v 0.0214413529 -0.027089817 -0.00447714329
v 0.0214559441 -0.026754734 -0.00468574286
v 0.0214923601 -0.0265144176 -0.00483590126
v 0.0214678364 -0.0266585274 -0.00474588871
v 0.0213325148 -0.0260436458 -0.00499025345
v 0.0212882595 -0.0260878963 0.00494790316
v 0.0213495903 -0.0260265655 0.00500628948
v 0.0214569025 -0.0259192486 -0.00510330439
v 0.0214116316 -0.0259645195 0.00506315708
v 0.0216942196 -0.0327530022 -0.0771345425
v 0.0215496998 -0.032897522 -0.0717371726
v 0.0217175846 -0.0327296371 -0.0718388653
v 0.0216910057 -0.0285135765 -0.0727317142
v 0.0217294149 -0.028475172 -0.0778072548
v 0.0217116957 -0.0282762546 -0.00380142927
v 0.0216179638 -0.0280356998 -0.0039244771
v 0.0215437727 -0.0277955456 -0.00405624866
v 0.0215859203 -0.0279394741 -0.00397632122
v 0.0215087919 -0.0276525421 -0.00413814545
v 0.021551631 -0.0262760944 -0.00498389244
v 0.0216443853 -0.026019165 -0.00514085293
v 0.0217413597 -0.0258150024 -0.00526261568
v 0.0215839987 -0.0257921524 -0.00521015644
v 0.0215377693 -0.0258383865 0.00517226696
v 0.0217136555 -0.0256625004 -0.00531068087
v 0.0216665154 -0.0257096405 0.00527509212
v 0.0219298248 -0.0325173969 -0.077232728
v 0.0218866901 -0.0325605316 -0.0719364524
v 0.0219561224 -0.0287501354 -0.00359475136
v 0.0218245964 -0.0285150547 -0.00369036674
v 0.0218706684 -0.0283339138 -0.0727781606
v 0.0217545776 -0.0283720989 -0.00375538349
v 0.0217771607 -0.028419878 -0.00373314381
v 0.0219729548 -0.0282316322 -0.0778523731
v 0.0217653399 -0.0257705517 -0.0052887249
v 0.0218457108 -0.0255304451 -0.00540475368
v 0.0217977219 -0.025578434 0.0053715086
v 0.0219799976 -0.0253961582 -0.00549226284
v 0.021931222 -0.0254449291 0.00546140194
v 0.021998785 -0.0253773708 0.00550386906
v 0.0221665983 -0.0322806282 -0.0773251152
v 0.0220569544 -0.0323902626 -0.0720299101
v 0.0222283344 -0.0322188873 -0.072119205
v 0.0221202355 -0.0290023632 -0.00351042032
v 0.0221520405 -0.0290473099 -0.00349755764
v 0.0220135908 -0.0288427563 -0.00356147528
v 0.02205087 -0.028153717 -0.0728202248
v 0.0222170096 -0.0279875774 -0.0778915024
v 0.0222315579 -0.0279730244 -0.0728578973
v 0.0221163635 -0.0252597923 -0.00557309866
v 0.0220020418 -0.0254094047 -0.00549434185
v 0.0220668583 -0.0253092976 0.00554466248
v 0.0221852713 -0.0251908798 -0.00561098576
v 0.0222262602 -0.0251499004 -0.000752444267
v 0.0221786528 -0.0251975078 -0.000532228947
v 0.0221440392 -0.0252321167 -0.000268113613
v 0.0221326809 -0.025243475 -3.8394928e-05
v 0.0221409636 -0.0252351875 0.000229961872
v 0.0221723108 -0.0252038402 0.000494892597
v 0.0222171955 -0.0251589603 0.000716249943
v 0.0222457199 -0.0251304359 0.00082413435
v 0.0221354227 -0.0252407284 0.00558377266
v 0.0224044685 -0.0320427532 -0.0774116707
v 0.0224007731 -0.0320464535 -0.0722043157
v 0.0223191242 -0.0292668552 -0.00344522953
v 0.0222507506 -0.0291801376 -0.00346372604
v 0.0224126749 -0.0277919025 -0.0728911614
v 0.0224615078 -0.0277430744 -0.077924633
v 0.022323659 -0.0250524921 -0.00568126202
v 0.0223145323 -0.0250616188 -0.00103283644
v 0.0222561054 -0.0251200504 -0.00085960865
v 0.0223019962 -0.0250741596 0.000998778343
v 0.022368825 -0.0250073261 0.00116582155
v 0.0222739487 -0.0251022072 0.00565689564
v 0.0224898129 -0.0249094887 -0.00575040102
v 0.0224628954 -0.0249132557 -0.00574437618
v 0.0224137764 -0.0249623794 -0.00126186848
v 0.0223834114 -0.0249927444 -0.00119820595
v 0.0223983984 -0.0249777527 0.00123022556
v 0.0224963932 -0.0248797626 0.00141413212
v 0.0224141913 -0.0249619598 0.00572314739
v 0.0224849062 -0.0248912544 0.00575367451
v 0.0226433687 -0.0318038578 -0.0774923706
v 0.0225742226 -0.0318729992 -0.0722852135
v 0.0227486353 -0.0316985912 -0.0723618746
v 0.0225350075 -0.0295168037 -0.0034100771
v 0.0225164633 -0.029496624 -0.00341180801
v 0.0225941734 -0.0276104088 -0.0729200125
v 0.022706378 -0.0274981995 -0.0779517555
v 0.0226035862 -0.0247725696 -0.00580066919
v 0.0225503569 -0.0248257942 -0.00150039673
v 0.0225140267 -0.0248621292 -0.00144332886
v 0.0225320129 -0.0248441429 0.00147208691
v 0.0226074438 -0.0247687073 0.00158254862
v 0.0225559836 -0.0248201771 0.00578245163
v 0.0227455692 -0.0246305866 -0.00585007191
v 0.0226271372 -0.0247490139 -0.00160897732
v 0.0227303343 -0.0246458263 0.00173362255
v 0.0226274042 -0.0247487469 0.00580946922
v 0.0228832226 -0.0315639992 -0.0775671911
v 0.0229239493 -0.0315232677 -0.0724342775
v 0.0229929905 -0.0314542313 -0.00730732918
v 0.0229848843 -0.0314623375 -0.000257730484
v 0.0229811077 -0.031466114 -4.8456192e-05
v 0.0229824953 -0.0314647217 0.000160877705
v 0.0229942541 -0.0314529724 0.000474431515
v 0.0227847271 -0.0297682304 -0.00340827703
v 0.0227648192 -0.0297494907 -0.00340704203
v 0.0229515438 -0.0272530384 -0.0779728556
v 0.0227759914 -0.0274285908 -0.0729444385
v 0.022958086 -0.0272464962 -0.0729644322
v 0.0228169899 -0.0245591659 -0.00587217331
v 0.022751873 -0.0246242828 -0.00175699711
v 0.0228637152 -0.0245124359 0.00186570644
v 0.0227711897 -0.0246049614 0.00585821152
v 0.0229605847 -0.0244155712 -0.00591113329
v 0.0228868656 -0.0244892902 -0.00188576698
v 0.0229818325 -0.0243943233 0.00196021318
v 0.022916091 -0.0244600601 0.0058998394
v 0.0231554489 -0.0315155048 -0.00734490156
v 0.0232491236 -0.0315048141 -0.0072447753
v 0.0231239586 -0.0313232632 -0.0776361084
v 0.0231001263 -0.0313470955 -0.0725024033
v 0.0230013161 -0.0314459057 -0.00727516413
v 0.0230099087 -0.0314373131 -0.00724316597
v 0.023088377 -0.0313588447 -0.00699357748
v 0.0231966858 -0.031250536 -0.00672796249
v 0.0231763487 -0.0312708778 -0.00179981232
v 0.0231344156 -0.0313128109 -0.0015990448
v 0.0230808621 -0.0313663597 -0.00129431963
v 0.0230514555 -0.0313957615 -0.00108915091
v 0.02301688 -0.0314303417 -0.000778987408
v 0.0230002241 -0.0314470024 -0.00057097435
v 0.0230085306 -0.0314386864 0.000682797432
v 0.0230395632 -0.0314076633 0.000993709564
v 0.0230666189 -0.0313805981 0.00119952679
v 0.0230987387 -0.0313484783 0.00140388012
v 0.0231563215 -0.031290905 0.00170713186
v 0.0231779986 -0.031269228 0.0018072176
v 0.0232099896 -0.0312372322 -0.00669954538
v 0.0232484703 -0.0311987514 -0.00209677935
v 0.0231991654 -0.0312480564 -0.00189938784
v 0.0232009058 -0.0312463112 0.00190675259
v 0.0232250385 -0.0312221832 0.00200570822
v 0.0230544214 -0.0300030441 -0.00344432831
v 0.0230117016 -0.0299680824 -0.0034364152
v 0.023196929 -0.0270076485 -0.0779879332
v 0.0231403952 -0.0270641918 -0.0729799891
v 0.0230128651 -0.0245564766 -0.00589929581
v 0.0231050425 -0.0242711086 -0.00594307423
v 0.0230553417 -0.0243208141 -0.00200979948
v 0.0230061321 -0.0243700237 -0.00197734594
v 0.0230306368 -0.0243455143 0.00199387789
v 0.0231053238 -0.0242708321 0.00203980446
v 0.0230619316 -0.0243142242 0.00593429565
v 0.0231775408 -0.0241986103 -0.00595639944
v 0.0231305866 -0.0242455692 -0.00205387592
v 0.0232332544 -0.0241428966 0.00210386992
v 0.02313515 -0.0242410107 0.00594882488
v 0.0232655506 -0.0315518589 -0.00737130642
v 0.0232648878 -0.0315010471 -0.00722421885
v 0.0232511263 -0.031405632 -0.00700180531
v 0.0232539349 -0.0312971516 -0.00678602219
v 0.0232587891 -0.0312582893 -0.00671582937
v 0.0233655052 -0.0310817165 -0.0776991034
v 0.0232770996 -0.0311701221 -0.0725662255
v 0.0232514029 -0.0311958237 -0.00661569357
v 0.0233253174 -0.0311219044 -0.00648082733
v 0.0233927517 -0.0310544701 -0.00257856846
v 0.0233026104 -0.0311446113 -0.00229161501
v 0.0232749395 -0.031172287 -0.00219453096
v 0.0232769518 -0.0311702747 0.00220175743
v 0.0233638029 -0.0310834236 0.00249073029
v 0.0234275894 -0.0310196323 0.00267963886
v 0.0234548264 -0.0309923954 -0.07262573
v 0.0234558086 -0.0309914131 -0.00627894163
v 0.0234905605 -0.0309566612 -0.00623151064
v 0.0234586887 -0.030988533 -0.00276599407
v 0.0234960013 -0.0309512253 0.00286528349
v 0.0234094076 -0.0302642555 -0.00353687048
v 0.0232961874 -0.0301864071 -0.00350251198
v 0.023251441 -0.0301542587 -0.00349012613
v 0.0234424667 -0.0267621155 -0.0779969835
v 0.0233228664 -0.0268817158 -0.0729911065
v 0.0234967547 -0.0261550255 -0.0740266681
v 0.0234925919 -0.0260502357 -0.0737773848
v 0.0234951906 -0.0260130711 -0.0736929941
v 0.0234998779 -0.0259747333 -0.0736080623
v 0.0232571726 -0.0244324608 -0.00594205856
v 0.0233229761 -0.024053175 -0.00597774267
v 0.023259285 -0.0241168709 -0.00211477518
v 0.0233646422 -0.0240115089 0.00215192556
v 0.0232820635 -0.0240940971 0.0059724617
v 0.0234688406 -0.0239073105 -0.00599198341
v 0.0233912497 -0.023984911 -0.0021595788
v 0.0234984951 -0.0238776607 0.00218360186
v 0.0234294682 -0.0239466877 0.00598884106
v 0.0235458641 -0.0316263504 -0.00744184494
v 0.0235069971 -0.0315257759 -0.0071651268
v 0.0235154944 -0.0314882774 -0.00707135439
v 0.0235049086 -0.0313450546 -0.00678404331
v 0.0235109835 -0.0312647552 -0.0066460681
v 0.0235063725 -0.0311882324 -0.00652973652
v 0.0235195904 -0.0310066242 -0.00628602028
v 0.0236077862 -0.0308394356 -0.0777561569
v 0.0236332541 -0.0308139725 -0.0726809001
v 0.0235093765 -0.0309839363 -0.00626058578
v 0.0235082369 -0.0309389801 -0.00620827436
v 0.0236955528 -0.0307516689 -0.00599414587
v 0.0236836557 -0.0307635708 -0.00330717802
v 0.0235661631 -0.0308810539 -0.00304075003
v 0.023529213 -0.0309180088 -0.00295005322
v 0.0235319119 -0.0309153099 0.00295681238
v 0.023646348 -0.0308008785 0.00322588921
v 0.0236866837 -0.0307605381 0.00331365347
v 0.0237152891 -0.0307319374 -0.00597461224
v 0.023724988 -0.030722229 -0.00339401007
v 0.023728097 -0.03071912 0.00340040922
v 0.0235012369 -0.0303237934 -0.00356776953
v 0.023688076 -0.0265165062 -0.0780000019
v 0.0236951475 -0.0265094299 -0.0779999971
v 0.0236948519 -0.0265097256 -0.0752766991
v 0.023688076 -0.0265165062 -0.075
v 0.0236939554 -0.0265106316 -0.0747675681
v 0.0237025099 -0.0265020771 -0.0746352839
v 0.023688076 -0.0265165062 -0.0729999995
v 0.0237391787 -0.0264653988 -0.0757569313
v 0.0237151461 -0.0264894314 -0.0755520678
v 0.0237088089 -0.0264957733 -0.0754834223
v 0.0236131554 -0.0264313621 -0.0747596812
v 0.0237147598 -0.0264898224 -0.074503572
v 0.0237448959 -0.0264596863 -0.0742749
v 0.0235900478 -0.0262524815 -0.0740490746
v 0.023708313 -0.0262525577 -0.0737934041
v 0.0237410288 -0.0262506409 -0.0737321162
v 0.0235019426 -0.0261878605 -0.0741082406
v 0.0235076981 -0.0260566349 -0.0737585783
v 0.0235623818 -0.0260081215 -0.0735569763
v 0.0237284021 -0.0260034675 -0.0733029628
v 0.0235067062 -0.0259351654 -0.0735226607
v 0.023540638 -0.0258087559 -0.0732643676
v 0.0235565977 -0.0257639999 -0.0731780958
v 0.0237019091 -0.0257554359 -0.0729869866
v 0.0235955362 -0.025670578 -0.0730062628
v 0.0236713152 -0.0255207462 -0.0727519917
v 0.0237049656 -0.0255000801 -0.0726966357
v 0.0237332802 -0.025414402 -0.0725861311
v 0.0235124569 -0.0243257828 -0.0059723568
v 0.0237425976 -0.0242472 -0.00598932743
v 0.0236149721 -0.0237611885 -0.00599910975
v 0.0235254698 -0.0238506813 -0.00218794823
v 0.0236066609 -0.023769495 0.00219698429
v 0.0235033016 -0.0238728542 0.00599430561
v 0.023688076 -0.0236880798 -0.00599999905
v 0.0236337881 -0.0237423725 -0.00219866037
v 0.0237423687 -0.0236337871 0.00219866037
v 0.0236511116 -0.0237250442 0.00599977016
v 0.0237750273 -0.0316684551 -0.00750301123
v 0.0238124352 -0.031667139 -0.00748910189
v 0.0237617569 -0.0315244694 -0.00709205389
v 0.0237536078 -0.0314915676 -0.00701900721
v 0.0237553291 -0.0313739223 -0.00678698301
v 0.0237579613 -0.031250164 -0.00658342123
v 0.0237626629 -0.031206028 -0.00651793718
v 0.0237599831 -0.0310030193 -0.00625557423
v 0.0237544899 -0.0307607002 -0.0060004735
v 0.0238021069 -0.0307575436 -0.00599649668
v 0.0238507347 -0.030596487 -0.0778072548
v 0.0238123255 -0.030634901 -0.0727317142
v 0.0237552767 -0.0306919403 -0.00593660116
v 0.0238108425 -0.0306363792 -0.00356454849
v 0.0237673884 -0.0306798286 -0.00347980976
v 0.0237705784 -0.0306766434 0.00348613262
v 0.0239042645 -0.0305429573 0.00373682737
v 0.0239919882 -0.0304552383 -0.0727781606
v 0.0239650421 -0.0304821796 -0.00576837778
v 0.0237583952 -0.0304737396 -0.00366771221
v 0.0239984636 -0.0304487629 0.00389831066
v 0.0239092283 -0.0262953491 -0.07655056
v 0.0238396292 -0.0263649483 -0.0762917852
v 0.023782857 -0.0264217205 -0.0760268164
v 0.023759368 -0.0264452095 -0.0758924103
v 0.02379247 -0.0264121075 -0.0740174556
v 0.0238533573 -0.0263512249 -0.073765862
v 0.0239269142 -0.026277668 -0.07352108
v 0.0239472132 -0.0262573643 -0.0734610486
v 0.0239913206 -0.0262132664 -0.0768019056
v 0.0239696436 -0.0262349338 -0.0767398357
v 0.0237517958 -0.0261440105 -0.0735077786
v 0.0239900236 -0.0262145538 -0.073342483
v 0.0239510136 -0.026000206 -0.0730573583
v 0.0237517481 -0.0259906692 -0.0732541227
v 0.0237664538 -0.025844471 -0.0730306554
v 0.0239407425 -0.0257530517 -0.0727554202
v 0.0239586477 -0.0257609482 -0.0727498746
v 0.0237624436 -0.0256343288 -0.072781868
v 0.0239049797 -0.0255070324 -0.0725259638
v 0.0239743786 -0.0255077953 -0.0724738622
v 0.0237676602 -0.0253592987 -0.0725046396
v 0.0238234406 -0.02527425 -0.0723845172
v 0.0238842468 -0.0251863117 -0.072267282
v 0.0239966421 -0.0250333805 -0.0720793414
v 0.023775857 -0.0242371197 -0.00599107265
v 0.0238342695 -0.0235418816 -0.00599643707
v 0.0237694912 -0.0236066646 -0.00219698429
v 0.023850687 -0.0235254688 0.00218794823
v 0.0237989645 -0.0235771866 0.00599794865
v 0.0239802866 -0.0233958645 -0.00598575115
v 0.0238776617 -0.0234984894 -0.00218360186
v 0.0239849072 -0.0233912487 0.0021595788
v 0.0239466887 -0.023429472 0.00598884106
v 0.0240087633 -0.0316945 -0.00756858826
v 0.0240082722 -0.0316151829 -0.00730528593
v 0.0240112906 -0.0315018291 -0.00702490091
v 0.0240256815 -0.0314928741 -0.00700615883
v 0.0240033703 -0.0313838978 -0.00679410934
v 0.0240127306 -0.0312916202 -0.00664114237
v 0.0240141897 -0.0312035293 -0.00651090622
v 0.0240054541 -0.0310373993 -0.0062964654
v 0.0240573959 -0.0309966583 -0.00625270128
v 0.024010499 -0.0307877655 -0.00603154182
v 0.0241608124 -0.0307458801 -0.00600772858
v 0.0240116768 -0.0305128879 -0.0057955122
v 0.0240942745 -0.0303529472 -0.0778523731
v 0.0241721897 -0.030275032 -0.0728202248
v 0.0240078192 -0.0304671783 -0.00576046228
v 0.0240088301 -0.0304383964 -0.00573924541
v 0.0240470438 -0.0304001827 0.00397728682
v 0.0241470842 -0.0303001327 0.00413158178
v 0.0242113142 -0.0302359123 -0.00562828064
v 0.0241985207 -0.0302487011 0.0042068553
v 0.0241913395 -0.0260132427 -0.0772775412
v 0.0240855055 -0.026119072 -0.0770446253
v 0.0240137463 -0.0261908359 -0.0768634415
v 0.0240125208 -0.0261920566 -0.0732839751
v 0.0241094618 -0.0260951252 -0.0730556107
v 0.0241353827 -0.0260692043 -0.0729999995
v 0.0242195587 -0.0259850235 -0.0773341131
v 0.0240180569 -0.0258149452 -0.072765758
v 0.0242362909 -0.0257525177 -0.0725514555
v 0.0240114098 -0.0255953522 -0.0725324368
v 0.0241900234 -0.0255052299 -0.0723316193
v 0.0240034704 -0.0252909202 -0.0722635007
v 0.0242491655 -0.0252595062 -0.072092762
v 0.0240207653 -0.0250018425 -0.072043004
v 0.0241991119 -0.0250011272 -0.0719376636
v 0.024045394 -0.0249700088 -0.0720071578
v 0.0242033367 -0.0247733517 -0.0718028855
v 0.0242312698 -0.0247396774 -0.0717707109
v 0.0242419891 -0.0242419929 -0.00653150082
v 0.0242089062 -0.02420891 -0.00635724068
v 0.0241767292 -0.0241767235 -0.00618004799
v 0.024145463 -0.024145462 -0.00599999905
v 0.0241827135 -0.0239768238 -0.00599820852
v 0.024247201 -0.0237425918 -0.00598932743
v 0.0241259604 -0.0232501907 -0.00596795797
v 0.0240115099 -0.0233646412 -0.00215192556
v 0.0241168671 -0.0232592888 0.00211477518
v 0.0240204411 -0.0233557148 0.00598155975
v 0.0241986113 -0.0231775398 -0.00595639944
v 0.0241429024 -0.0232332535 -0.00210386992
v 0.0242455654 -0.0231305904 0.00205387592
v 0.0241676216 -0.0232085342 0.00596155167
v 0.0243045311 -0.031703865 -0.0076560998
v 0.0242501621 -0.0316221161 -0.00735425234
v 0.0242537336 -0.0315023823 -0.0070538044
v 0.0242670994 -0.0314925403 -0.00703524113
v 0.0242510491 -0.0313500328 -0.00676194191
v 0.0242546015 -0.0312549324 -0.00661175251
v 0.0242589693 -0.0311814709 -0.00650767803
v 0.0242554407 -0.0310010929 -0.00628225803
v 0.0242713719 -0.0309862156 -0.00626814842
v 0.0242500954 -0.0307889862 -0.00606120825
v 0.0242507343 -0.0307473583 -0.00602255583
v 0.0242609291 -0.0305191059 -0.00583314657
v 0.0242654019 -0.0304153747 -0.00575751305
v 0.0242645006 -0.0302570839 -0.00565129519
v 0.0243383293 -0.0301088924 -0.0778915024
v 0.0243528776 -0.0300943489 -0.0728578973
v 0.0242573576 -0.0301898689 -0.00560817242
v 0.0244133024 -0.0300339241 0.00449491978
v 0.0244683294 -0.0299788971 -0.00553855658
v 0.0244691782 -0.0299780483 0.00456357002
v 0.0244844847 -0.0262209911 -0.0729999995
v 0.0244691305 -0.0260037632 -0.0727240252
v 0.0243392305 -0.0258653469 -0.0775532246
v 0.0242780523 -0.0259265251 -0.0774451303
v 0.024255331 -0.0259503574 -0.0727675343
v 0.0243273096 -0.0257549591 -0.0725054336
v 0.0244935875 -0.0257500572 -0.0724262285
v 0.0244693308 -0.0257352466 -0.0777601051
v 0.0242518072 -0.0257282658 -0.0725168943
v 0.0242642813 -0.025502655 -0.0722887731
v 0.0244341354 -0.0255033321 -0.0722099662
v 0.0242660933 -0.0254667587 -0.0722555852
v 0.024403594 -0.0252556057 -0.0720171094
v 0.0244820433 -0.0252528782 -0.071983211
v 0.0242614632 -0.0251792259 -0.0720264649
v 0.024451292 -0.0250100346 -0.0718257642
v 0.0242519837 -0.024777853 -0.0717801285
v 0.0244562082 -0.0247560806 -0.0716762042
v 0.0244076567 -0.0245327587 -0.0715895987
v 0.0244695883 -0.0244620628 -0.0715339518
v 0.024497488 -0.0244974823 -0.00766256332
v 0.0244203787 -0.0244203777 -0.00735600948
v 0.0243830233 -0.0243830223 -0.0071976018
v 0.0243107967 -0.0243108005 -0.00687089443
v 0.024275959 -0.0242759533 -0.00670274496
v 0.0242575722 -0.0237094231 -0.00598741531
v 0.0243381338 -0.0234800358 -0.00596922874
v 0.024343441 -0.0230327148 -0.00592798471
v 0.0242708283 -0.0231053276 -0.00203980446
v 0.0243455153 -0.0230306358 -0.00199387789
v 0.0243700247 -0.0230061359 0.00197734594
v 0.0243208103 -0.0230553455 0.00200979948
v 0.0243142204 -0.0230619354 0.00593429565
v 0.0244874888 -0.0228886623 -0.0058925271
v 0.0243943195 -0.0229818363 -0.00196021318
v 0.0244892864 -0.0228868694 0.00188576698
v 0.024387248 -0.022988903 0.00591796398
v 0.0246303921 -0.0316835136 -0.00775850296
v 0.0245121269 -0.0316946907 -0.00772058964
v 0.0245072107 -0.0315618439 -0.00727238894
v 0.0245001249 -0.0315253849 -0.00717845678
v 0.0245069151 -0.0314751739 -0.00706759691
v 0.0245016365 -0.0313363666 -0.00680189848
v 0.0245037346 -0.0312842293 -0.00671726704
v 0.024504817 -0.0311563034 -0.0065309906
v 0.024504941 -0.0310303326 -0.00637182713
v 0.0245100956 -0.0309264393 -0.00625631332
v 0.0245034914 -0.0307925625 -0.00611939192
v 0.0245127087 -0.0306926746 -0.00603074551
v 0.024500597 -0.0305005951 -0.00587192297
v 0.0245136671 -0.0303416366 -0.00576310635
v 0.02450033 -0.0302740497 -0.00571567297
v 0.0247014361 -0.0302378101 -0.00575377941
v 0.0245067864 -0.0300220413 -0.00557169914
v 0.0245828276 -0.0298643894 -0.077924633
v 0.0245339947 -0.0299132271 -0.0728911614
v 0.024515913 -0.0299313087 -0.00552778006
v 0.0245834236 -0.0298637981 0.00469668388
v 0.0246417647 -0.0298054619 0.00476110458
v 0.0247154932 -0.0297317333 -0.0729200125
v 0.0247080927 -0.0297391243 -0.00550205231
v 0.0247008877 -0.0297463341 0.00482407808
v 0.0247353439 -0.0262893219 -0.0729999995
v 0.0245608645 -0.0262451954 -0.0729999995
v 0.0247124748 -0.0260018845 -0.0726376128
v 0.0245043259 -0.0258366604 -0.0725152946
v 0.0247021752 -0.0257516022 -0.0723598933
v 0.0246456747 -0.0255589027 -0.0780000019
v 0.0245034151 -0.0257011623 -0.0778097963
v 0.0245068102 -0.0256001491 -0.072270999
v 0.0247047596 -0.0255016441 -0.0721166658
v 0.0245124178 -0.0253089733 -0.0720152354
v 0.0247395449 -0.0252504082 -0.0718992448
v 0.0246118336 -0.0250067825 -0.0717656136
v 0.0246929817 -0.0250046177 -0.0717394924
v 0.0245066004 -0.0249449654 -0.07176373
v 0.0246999579 -0.0247550602 -0.0715909338
v 0.0245916538 -0.0245095844 -0.071507597
v 0.0246736221 -0.0245102997 -0.0714805508
v 0.0247466593 -0.0247466583 -0.00849520683
v 0.0246607761 -0.0246607799 -0.0082326889
v 0.0245776682 -0.0245776672 -0.00795496941
v 0.0245010977 -0.024426424 -0.071507051
v 0.0246305781 -0.0242820091 -0.0714057517
v 0.0247310286 -0.0241719074 -0.0713366199
v 0.0245080547 -0.0231030483 -0.00591677427
v 0.0245591669 -0.0228169842 -0.00587217331
v 0.0245124369 -0.0228637142 -0.00186570644
v 0.0246242838 -0.0227518768 0.00175699711
v 0.0245326405 -0.0228435154 0.00587991714
v 0.0247017269 -0.0226744289 -0.0058262372
v 0.0246458225 -0.0227303333 -0.00173362255
v 0.0247490196 -0.0226271362 0.00160897732
v 0.0246770077 -0.0226991482 0.00583472729
v 0.0247774153 -0.0316633816 -0.00780687332
v 0.0247561722 -0.0316030903 -0.00753996134
v 0.0247524767 -0.0315258999 -0.00730791569
v 0.0247850685 -0.0314953442 -0.00725099564
v 0.0247501879 -0.0314086742 -0.00703882456
v 0.0247584038 -0.0312648411 -0.00678502321
v 0.0247808676 -0.0312370415 -0.00675154448
v 0.0247566633 -0.031096775 -0.00654150248
v 0.0247600346 -0.0310352344 -0.00646516323
v 0.0249955349 -0.0309874363 -0.00651563883
v 0.0247556143 -0.0308467026 -0.00625345707
v 0.0247521954 -0.0307719631 -0.00617880583
v 0.0249853878 -0.0307471008 -0.00625273228
v 0.0247539978 -0.0305720158 -0.00600546598
v 0.0247598581 -0.0305179901 -0.00596539736
v 0.0249221735 -0.0304879589 -0.00600550652
v 0.0247627335 -0.0302685089 -0.00579392195
v 0.0247557049 -0.0302062435 -0.00575343847
v 0.0247516756 -0.0300122089 -0.00564469576
v 0.0247609453 -0.0297521133 -0.0055270648
v 0.0248276978 -0.029619524 -0.0779517555
v 0.024897316 -0.0295499058 -0.0729444385
v 0.0247564488 -0.029690773 -0.00550001383
v 0.0247806292 -0.0296665974 -0.00549965858
v 0.0248214226 -0.0296257992 0.00494560003
v 0.0249448757 -0.029502346 0.00506110191
v 0.0249495773 -0.0294976444 -0.00550958395
v 0.0249922733 -0.02632724 -0.0729999995
v 0.0247563057 -0.0261116238 -0.0727613997
v 0.0248677712 -0.0260002537 -0.0726025152
v 0.0247605877 -0.0258941193 -0.0725004387
v 0.0249336224 -0.0257504482 -0.0723132753
v 0.0248729115 -0.0256804485 -0.0722503972
v 0.0249009018 -0.0255003948 -0.0720737123
v 0.0248144608 -0.0253990765 -0.0720011973
v 0.0249382668 -0.0252565498 -0.0718628311
v 0.0248181276 -0.0250717659 -0.0717517447
v 0.0249567967 -0.0250055618 -0.0716801238
v 0.0249480991 -0.0247516746 -0.0715291309
v 0.024995821 -0.0249958248 -0.00913489819
v 0.0249261026 -0.0249261017 -0.00897273064
v 0.0248351555 -0.0248351498 -0.0087420392
v 0.0249621515 -0.0247069473 -0.0715024281
v 0.0249225216 -0.024511282 -0.0714148736
v 0.024987071 -0.0242615623 -0.0713005352
v 0.0248689489 -0.0240230293 -0.0712539554
v 0.024993866 -0.0240118332 -0.0712206841
v 0.0249750643 -0.0239099998 -0.0711993575
v 0.0248430853 -0.0225330658 -0.0057733798
v 0.024768713 -0.0226074428 -0.00158254862
v 0.0248441391 -0.0225320167 -0.00147208691
v 0.0248621302 -0.0225140209 0.00144332886
v 0.0248257952 -0.0225503559 0.00150039673
v 0.0248201733 -0.0225559826 0.00578245163
v 0.0249094849 -0.0224898167 -0.00575040102
v 0.0249830704 -0.0223930855 -0.00571366787
v 0.0248797636 -0.0224963875 -0.00141413212
v 0.0249777584 -0.0223983974 -0.00123022556
v 0.0249927406 -0.0223834152 0.00119820595
v 0.0249623804 -0.0224137802 0.00126186848
v 0.0249619608 -0.0224141903 0.00572314739
v 0.0248912506 -0.0224849052 0.00575367451
v 0.0250101881 -0.0316166325 -0.0078864336
v 0.0250056486 -0.0315255279 -0.00750977278
v 0.0250074225 -0.0315024872 -0.00744167805
v 0.0250981741 -0.031497633 -0.00751970768
v 0.0250042658 -0.0314344807 -0.00726028442
v 0.0250071697 -0.0313207455 -0.0070215559
v 0.0250057917 -0.0312624378 -0.00691560745
v 0.0251920967 -0.0312387104 -0.00700525999
v 0.0250017767 -0.0311738415 -0.00677061081
v 0.0250089197 -0.0310314293 -0.00657729626
v 0.0250054627 -0.0309707947 -0.00650079727
v 0.0250011091 -0.0307823391 -0.00629435301
v 0.0250223761 -0.0307440395 -0.00626742125
v 0.0250015955 -0.0305387802 -0.00607923508
v 0.0250042801 -0.0304507561 -0.0060133791
v 0.0250092106 -0.0302667255 -0.00589068174
v 0.0250037651 -0.0300312729 -0.00575461864
v 0.0250486117 -0.0299931831 -0.00575530529
v 0.0250113278 -0.0297573109 -0.00563303947
v 0.0250048475 -0.0295196838 -0.00554298878
v 0.0250728636 -0.0293743629 -0.0779728556
v 0.0250794058 -0.0293678207 -0.0729644322
v 0.0250216513 -0.0294255657 -0.00552048206
v 0.0251352196 -0.0293120022 0.00522275925
v 0.0252119331 -0.0292352886 -0.00556897402
v 0.0251999598 -0.0292472572 0.00527348995
v 0.0252324419 -0.0263343067 -0.0729999995
v 0.0250013046 -0.0261418552 -0.0727595854
v 0.0251545744 -0.0260002441 -0.0725811076
v 0.0250057726 -0.0259295483 -0.072502985
v 0.0252334337 -0.0257511539 -0.0723002219
v 0.0251092606 -0.0257048817 -0.0722512102
v 0.0252356987 -0.025501749 -0.0720490623
v 0.0251633387 -0.025448658 -0.0720013213
v 0.0252192717 -0.0252525158 -0.0718330479
v 0.025145114 -0.0251411266 -0.07175138
v 0.0252224569 -0.0250028438 -0.0716484356
v 0.025236557 -0.0252365608 -0.00960606337
v 0.0251630859 -0.0251630897 -0.00947612047
v 0.0250429802 -0.0250429745 -0.00923774958
v 0.0251322155 -0.0247587414 -0.0715048718
v 0.0252157049 -0.0247566147 -0.0714953947
v 0.0251148539 -0.0247482796 -0.0715010929
v 0.025201438 -0.024511425 -0.0713697886
v 0.0252428417 -0.0242618198 -0.0712600374
v 0.0251934795 -0.0242240448 -0.0712521839
v 0.0252340155 -0.024001791 -0.0711757684
v 0.0251197224 -0.0237576694 -0.0711367559
v 0.0252305822 -0.0236421318 -0.0710974073
v 0.0251215153 -0.0222546406 -0.00564716816
v 0.0250073319 -0.022368824 -0.00116582155
v 0.0250741558 -0.022302 -0.000998778343
v 0.0251200466 -0.0222561092 0.00085960865
v 0.0250616198 -0.0223145313 0.00103283644
v 0.0250322895 -0.0223438663 0.00569088459
v 0.0251908808 -0.0221852703 -0.00561098576
v 0.0251304369 -0.0222457142 -0.00082413435
v 0.0251589565 -0.0222171993 -0.000716249943
v 0.0252038412 -0.0221723099 -0.000494892597
v 0.0252351885 -0.0221409626 -0.000229961872
v 0.0252437143 -0.0221324463 0
v 0.0252321177 -0.0221440334 0.000268113613
v 0.0251975041 -0.0221786518 0.000532228947
v 0.0251498966 -0.0222262592 0.000752444267
v 0.0251716929 -0.0222044582 0.00562119007
v 0.0253254252 -0.0315230198 -0.00800032616
v 0.0252687054 -0.0315425224 -0.00797929049
v 0.0254098635 -0.0314917297 -0.00803210258
v 0.025275548 -0.0314992447 -0.00776941299
v 0.0252529078 -0.0314420624 -0.00753038883
v 0.0252501183 -0.0313689918 -0.00732757807
v 0.025256937 -0.0312678833 -0.00711365938
v 0.0254575806 -0.0312388725 -0.00725419044
v 0.0252568226 -0.0312346764 -0.00705046177
v 0.0252520256 -0.0310602779 -0.00676611185
v 0.0252535515 -0.0310181065 -0.00670897722
v 0.0253625326 -0.0309913463 -0.0067515254
v 0.0252571325 -0.0308485813 -0.00650425434
v 0.0252502089 -0.0307823677 -0.00642893791
v 0.0254421406 -0.0307365627 -0.00650657654
v 0.0252545672 -0.0306094093 -0.00626667023
v 0.0252556448 -0.0305273838 -0.00619812727
v 0.0254046183 -0.0304961796 -0.0062604928
v 0.0252562933 -0.0303027363 -0.00603369474
v 0.0252778273 -0.0302454204 -0.00600820303
v 0.0252524881 -0.0300058384 -0.00585986853
v 0.0252569656 -0.0297691555 -0.00575628996
v 0.0252659445 -0.0297483749 -0.00575280428
v 0.025260313 -0.0295017357 -0.00566632271
v 0.0254302816 -0.0294839306 -0.00575429916
v 0.025251482 -0.0292813129 -0.00560328245
v 0.0253182535 -0.029128973 -0.0779879332
v 0.0254441862 -0.0290030403 -0.0729911065
v 0.0252588253 -0.0291883964 -0.00558546543
v 0.025397809 -0.0290494175 0.0054159832
v 0.0254653959 -0.0289818306 -0.00568095207
v 0.0254648953 -0.0289823265 0.00546020508
v 0.0254914742 -0.0263108654 -0.0729999995
v 0.0254557543 -0.0261114616 -0.0727505946
v 0.0252668362 -0.0260016746 -0.0725884533
v 0.025423296 -0.0259118194 -0.0725020695
v 0.0254261808 -0.0257501621 -0.0723175502
v 0.0254641466 -0.0256842155 -0.0722516179
v 0.0254770308 -0.0255001182 -0.0720646119
v 0.0254649143 -0.0254365368 -0.0720024085
v 0.0254180555 -0.0252511997 -0.0718351841
v 0.0254879789 -0.025487978 -0.00996646404
v 0.0253109913 -0.0253109951 -0.00972602606
v 0.0254445582 -0.0251457806 -0.0717523956
v 0.0254050474 -0.0250020046 -0.0716447854
v 0.0254341488 -0.0247815151 -0.0715018034
v 0.0254583435 -0.0247565765 -0.0714871621
v 0.0254561358 -0.0245067806 -0.0713521934
v 0.0254555588 -0.0242770023 -0.0712505484
v 0.0254227381 -0.0242523594 -0.0712422037
v 0.025431078 -0.0240074844 -0.0711582541
v 0.0253864937 -0.0237534542 -0.0710978746
v 0.0253431778 -0.0235257358 -0.0710646152
v 0.0254954462 -0.0233697052 -0.0710312152
v 0.0253282194 -0.0220479317 -0.00553352118
v 0.0254094057 -0.0220020409 -0.00549434185
v 0.0253092985 -0.0220668526 0.00554466248
v 0.0254635697 -0.0219125862 -0.00544933558
v 0.0254449301 -0.021931221 0.00546140194
v 0.0253773718 -0.0219987793 0.00550386906
v 0.0255210857 -0.0314462585 -0.00807483196
v 0.0255019646 -0.0313961429 -0.00776206732
v 0.0255055981 -0.0313196869 -0.00751344442
v 0.0255045109 -0.0312605019 -0.00735873461
v 0.0256479149 -0.0312461491 -0.00752504349
v 0.0255003386 -0.0312337131 -0.00729227304
v 0.0255012636 -0.0311157818 -0.00706225634
v 0.0255057316 -0.0310155792 -0.00690446138
v 0.0256506186 -0.0309877224 -0.00700201988
v 0.025504077 -0.0309211464 -0.00677022696
v 0.0255012636 -0.0307689114 -0.00658438921
v 0.0257383566 -0.0307446403 -0.00675596237
v 0.0255047541 -0.0307010288 -0.00651474237
v 0.0255021505 -0.0305342026 -0.00635572672
v 0.0257491617 -0.030490982 -0.0065026021
v 0.0255004006 -0.0304207916 -0.00626182079
v 0.025504158 -0.0302834911 -0.00616474152
v 0.0256752234 -0.0302425022 -0.00625147104
v 0.0255033379 -0.0300500698 -0.00602257967
v 0.0255265217 -0.029987442 -0.0060037756
v 0.0255030851 -0.029783823 -0.00589705706
v 0.0257051401 -0.0297494049 -0.00600738049
v 0.0255001955 -0.029506609 -0.00580035925
v 0.025501297 -0.0293277187 -0.00575686216
v 0.0255060225 -0.0292610569 -0.0057463932
v 0.0255306082 -0.0292197246 -0.0057534337
v 0.0255015164 -0.029011013 -0.00570851564
v 0.0255637865 -0.0288834305 -0.0779969835
v 0.0256267624 -0.0288204594 -0.0729977751
v 0.025642231 -0.0288049908 -0.00578260183
v 0.0255101614 -0.0289370651 -0.00570685387
v 0.0256965571 -0.0287506599 -0.000419778824
v 0.0256764965 -0.0287707252 -0.000229961872
v 0.0256679754 -0.0287792416 0
v 0.0256795721 -0.0287676544 0.000268113613
v 0.0256692867 -0.028777935 0.0055828476
v 0.0257089024 -0.0287383194 -0.00581818819
v 0.025744112 -0.0287031097 -0.000679836273
v 0.0257078486 -0.028739378 -0.000494892597
v 0.0257019692 -0.0287452526 0.000457406044
v 0.0257141857 -0.028733036 0.000532228947
v 0.0257383947 -0.0287088318 0.0056203413
v 0.0257450705 -0.0262547321 -0.0729999995
v 0.0256830006 -0.0260600681 -0.0727518821
v 0.0255272179 -0.0260047741 -0.0726363206
v 0.0257131891 -0.0258516331 -0.0725081253
v 0.0255135279 -0.0257571239 -0.0723410869
v 0.025745924 -0.0256200523 -0.0722502232
v 0.0256295376 -0.0255030937 -0.0720947051
v 0.0257471781 -0.0257471771 -0.0102119446
v 0.0255135946 -0.0255135937 -0.00999624014
v 0.0257446509 -0.0253829403 -0.0720038176
v 0.0257379608 -0.0252520294 -0.07188097
v 0.0257357435 -0.0251047439 -0.071755991
v 0.0256844359 -0.0250016804 -0.071667819
v 0.0257248526 -0.0247543831 -0.07150424
v 0.0255921917 -0.0247557278 -0.0714922738
v 0.0257086687 -0.0245013065 -0.0713585448
v 0.0257101135 -0.0242761059 -0.0712537003
v 0.0256778174 -0.0242519398 -0.0712419629
v 0.0256878929 -0.024010479 -0.0711546874
v 0.0257051401 -0.0237571926 -0.0710851955
v 0.0257438355 -0.0235090847 -0.0710376215
v 0.0256108265 -0.0232524509 -0.0710139966
v 0.0257268601 -0.0231353111 -0.0710035682
v 0.0255967598 -0.021779396 -0.00535852909
v 0.0255119591 -0.0218641968 0.0054172802
v 0.0257276373 -0.0216485233 -0.00526121616
v 0.0256443338 -0.0217318268 0.00532410622
v 0.0257643299 -0.0313285847 -0.00817205191
v 0.025754941 -0.0312716598 -0.00781644106
v 0.0259709435 -0.0312063999 -0.00825925589
v 0.0259201126 -0.0312385292 -0.00823737144
v 0.0257745962 -0.0312439556 -0.00775587559
v 0.0257545691 -0.0311895866 -0.00754602671
v 0.0257542019 -0.0310695763 -0.00726706505
v 0.0257511454 -0.0310277004 -0.00718338251
v 0.0258561735 -0.0309992809 -0.00726801395
v 0.0257523232 -0.0309690781 -0.00708327055
v 0.0257506828 -0.0307700176 -0.00679843664
v 0.0259750061 -0.0307431145 -0.00700436115
v 0.0257581501 -0.0307360477 -0.00676431417
v 0.025750206 -0.0305930347 -0.00660062075
v 0.0257642059 -0.0304998608 -0.00652310371
v 0.0257507115 -0.0303464146 -0.00638297319
v 0.025998848 -0.030236599 -0.00650652885
v 0.0257501249 -0.0301765461 -0.00626151562
v 0.0257522373 -0.0301403637 -0.00623985767
v 0.0258979588 -0.0299960441 -0.00626280546
v 0.0257575779 -0.0299930019 -0.00615753651
v 0.0257556038 -0.0297455711 -0.00603902102
v 0.025751317 -0.0296481342 -0.00599867582
v 0.0258363323 -0.0294985409 -0.00600518227
v 0.0257560139 -0.0294817181 -0.00594789267
v 0.0259410267 -0.0292489548 -0.00601109028
v 0.0257517414 -0.0292438431 -0.0058891201
v 0.0257531672 -0.02898493 -0.00585441351
v 0.0258093958 -0.0286378212 -0.0780000019
v 0.0258164673 -0.0286307545 -0.0779999971
v 0.0258164673 -0.0286307545 -0.0729999971
v 0.0257759743 -0.0286712475 -0.00585223913
v 0.0259339314 -0.0285132904 -0.00123022556
v 0.0258375292 -0.0286096878 -0.000998778343
v 0.0257527285 -0.0286944885 -0.000716249943
v 0.0257527285 -0.0286944885 0.000716249943
v 0.0257617931 -0.0286854286 0.000752444267
v 0.0258500652 -0.0285971565 0.00103283644
v 0.0258779364 -0.0285692902 0.00569019318
v 0.0259794121 -0.0284678097 -0.00594507694
v 0.025997756 -0.0284494705 -0.00135445595
v 0.0259493094 -0.0284979172 0.00126186848
v 0.0259483318 -0.0284988899 0.0057225275
v 0.0259893875 -0.0261656876 -0.0729999995
v 0.0257646208 -0.0260086841 -0.0727206182
v 0.0259844284 -0.0259458465 -0.0727524734
v 0.0259745436 -0.0257525654 -0.0725046587
v 0.0257553368 -0.025763628 -0.0724184084
v 0.0259979086 -0.0259979076 -0.010336113
v 0.0257996922 -0.0257996864 -0.0102469778
v 0.0259565382 -0.0255473156 -0.0722501922
v 0.0259657316 -0.0255021305 -0.0722035193
v 0.0259670525 -0.0253154583 -0.0720079398
v 0.0259547978 -0.0252501411 -0.0719403553
v 0.0259918623 -0.0250214882 -0.0717509961
v 0.0259574442 -0.0250070496 -0.071729393
v 0.0259864407 -0.0247510834 -0.0715491676
v 0.0259607058 -0.0246990509 -0.0715093374
v 0.0259725266 -0.0245058556 -0.071397171
v 0.0259294396 -0.0242511482 -0.0712650228
v 0.0259563713 -0.0242240925 -0.0712572098
v 0.0259261494 -0.0240008469 -0.0711678839
v 0.025945118 -0.0237503166 -0.0710959291
v 0.0259201365 -0.0235101814 -0.0710436916
v 0.0259943991 -0.0232568569 -0.0710158086
v 0.0258432131 -0.0230185909 -0.0710000014
v 0.0259990482 -0.02286339 -0.0710059333
v 0.0257705479 -0.0217653389 -0.0052887249
v 0.0258150034 -0.021741354 -0.00526261568
v 0.0258560305 -0.0215201206 -0.00515751362
v 0.0257743292 -0.0216018219 0.00522447109
v 0.0259817963 -0.0213943596 -0.00504754543
v 0.0259017925 -0.0214743633 0.00511848927
v 0.0260212021 -0.0311732502 -0.00828118563
v 0.0260024052 -0.0311561603 -0.00803620338
v 0.0260046177 -0.0311095447 -0.00782984972
v 0.0260008984 -0.0310081215 -0.00751879215
v 0.0261990194 -0.0309996624 -0.00800746918
v 0.0261428623 -0.030994627 -0.00780038595
v 0.0260238772 -0.0309944267 -0.00752872705
v 0.026001318 -0.030888216 -0.00726870537
v 0.0260009031 -0.0308061428 -0.00712985039
v 0.0261593418 -0.0307445068 -0.00725860119
v 0.0260108547 -0.0307494373 -0.0070575738
v 0.0260013514 -0.0306871624 -0.00696045876
v 0.0262304001 -0.0304979439 -0.00700952768
v 0.0260170298 -0.0304920502 -0.00675151348
v 0.0260000353 -0.0304850216 -0.00672674894
v 0.0262452726 -0.030236208 -0.00675607443
v 0.0260148983 -0.0302436466 -0.00652664185
v 0.0260120564 -0.0301952476 -0.0064873457
v 0.0261836605 -0.0299925918 -0.00650717258
v 0.0260060339 -0.0299875851 -0.00634477615
v 0.0260019903 -0.0298007984 -0.00624198198
v 0.0260533886 -0.0297457714 -0.00625723124
v 0.026002162 -0.0297414703 -0.00621468306
v 0.026185091 -0.029492876 -0.00626178741
v 0.0260028105 -0.0294920463 -0.00611940145
v 0.0260027485 -0.0292438812 -0.00605203629
v 0.0260036926 -0.0289989681 -0.00600928307
v 0.0260000734 -0.0289168091 -0.00599671364
v 0.0260330515 -0.0287376423 -0.00600019455
v 0.026026886 -0.0287459583 -0.00599707365
v 0.0261181002 -0.0283291263 -0.00601176023
v 0.0260113793 -0.0284358425 -0.0059589076
v 0.0261826878 -0.028264534 -0.00163491964
v 0.0260675507 -0.0283796711 -0.00147208691
v 0.0260146551 -0.0284325619 0.00138450384
v 0.0260858898 -0.0283613319 0.00150039673
v 0.0261617689 -0.0282854576 0.00580904007
v 0.0262222653 -0.0282249565 -0.00607376337
v 0.0262446194 -0.0282026024 -0.00170972109
v 0.0262030249 -0.0282442017 0.00166036129
v 0.0262335854 -0.0282136364 0.00583435535
v 0.0262361031 -0.0260334225 -0.0729999995
v 0.0262370663 -0.0262370701 -0.0103545284
v 0.0262382059 -0.0258084602 -0.0727537084
v 0.0260093908 -0.025764019 -0.0725384736
v 0.0262457781 -0.0256196518 -0.0725091314
v 0.0260603266 -0.0255107994 -0.0722584534
v 0.0260289602 -0.0255082912 -0.0722398067
v 0.0262189512 -0.0254344196 -0.0722587276
v 0.0262132816 -0.0252550907 -0.0720558262
v 0.0260707836 -0.0252500648 -0.0719843173
v 0.0262329226 -0.0252004166 -0.0720095754
v 0.0262426596 -0.0250050564 -0.0718290901
v 0.0260134821 -0.0250000496 -0.0717401099
v 0.0262151556 -0.0249336548 -0.0717566204
v 0.0261885052 -0.0247540398 -0.0716088223
v 0.0262275343 -0.0245895977 -0.0715108991
v 0.0262293844 -0.0245101185 -0.0714626861
v 0.0262464266 -0.0242591019 -0.071332624
v 0.026222146 -0.0240954418 -0.0712535334
v 0.0262320881 -0.0240032215 -0.0712194991
v 0.026191123 -0.0237633057 -0.0711326385
v 0.0262466745 -0.0235059471 -0.0710812044
v 0.0262082605 -0.023251049 -0.0710370946
v 0.0261869936 -0.0230051441 -0.0710188103
v 0.0260773115 -0.0227859421 -0.0710134602
v 0.0262340813 -0.0226318474 -0.071037631
v 0.026019166 -0.0216443844 -0.00514085293
v 0.0261047726 -0.0212713833 -0.00493144751
v 0.0260878973 -0.0212882538 0.00494790316
v 0.0260265665 -0.0213495846 0.00500628948
v 0.0262248163 -0.0211513443 -0.00480935812
v 0.0261484985 -0.0212276573 0.00488801003
v 0.0264860897 -0.0307895489 -0.00850015879
v 0.0262629395 -0.0309927483 -0.00839106083
v 0.0262502222 -0.0309564323 -0.00800790071
v 0.0262532549 -0.030921442 -0.00787284136
v 0.0262502747 -0.0308347721 -0.00760818481
v 0.0262654095 -0.0307678146 -0.00748885632
v 0.0264774542 -0.0307453651 -0.00802464247
v 0.0264098959 -0.030741188 -0.00776920557
v 0.0263050299 -0.0307478351 -0.00752795935
v 0.0262507849 -0.0307478447 -0.00742046118
v 0.0262637024 -0.0306354828 -0.00724762678
v 0.0263974028 -0.0304932995 -0.00725316763
v 0.0262668734 -0.030485918 -0.0070442915
v 0.0262652712 -0.0304416675 -0.006988976
v 0.026450594 -0.0302419681 -0.00702394485
v 0.0262633448 -0.0302406711 -0.00678083181
v 0.0262583332 -0.0302079601 -0.00674622297
v 0.026409276 -0.0299987144 -0.00675256491
v 0.0262616043 -0.0299856205 -0.00658014059
v 0.0262569361 -0.0298604793 -0.00649714708
v 0.0263305025 -0.0297368545 -0.00650114775
v 0.0262606363 -0.0297405071 -0.00643533945
v 0.0264585714 -0.0294969768 -0.00651636839
v 0.0262604885 -0.0294876308 -0.00632414818
v 0.0262551956 -0.0292584915 -0.00624604464
v 0.0262694721 -0.0292421932 -0.00625345469
v 0.0262520533 -0.0292371387 -0.00623776197
v 0.0263349466 -0.028994648 -0.00625100851
v 0.0262507706 -0.0289986915 -0.00618449688
v 0.026383441 -0.0287471886 -0.00625119209
v 0.0262610607 -0.0287444992 -0.0061553216
v 0.0264947443 -0.0284988041 -0.00631815434
v 0.0264135437 -0.028491785 -0.00624796391
v 0.0264896135 -0.0282463283 -0.00629539728
v 0.0262733059 -0.0281739159 -0.00610813141
v 0.0264457922 -0.0280014248 -0.00190525532
v 0.0262658672 -0.0281813545 -0.00173362255
v 0.0262658672 -0.0281813545 0.00173362255
v 0.026287406 -0.028159811 0.00175699711
v 0.0263781099 -0.0280691166 0.00587964535
v 0.0264694386 -0.0279777832 -0.00626728296
v 0.0264932852 -0.0279539413 -0.00194248438
v 0.0264694243 -0.0279778023 0.0019241643
v 0.0264507656 -0.0279964561 0.00589961052
v 0.0264887171 -0.0264887161 -0.0102690387
v 0.0262861805 -0.026000206 -0.0729999995
v 0.0264880304 -0.0258371372 -0.0729999995
v 0.0262619572 -0.0257547874 -0.0727023721
v 0.026471241 -0.0256491203 -0.0727527714
v 0.026421526 -0.0255108948 -0.0725068212
v 0.0262597733 -0.0255177517 -0.0723875213
v 0.0264706736 -0.0254752941 -0.0725022745
v 0.0264881306 -0.025278904 -0.0722588396
v 0.0264697056 -0.0252517242 -0.0722119188
v 0.0264995127 -0.0250458069 -0.0720045352
v 0.0263937836 -0.0250077076 -0.0719050813
v 0.0264922361 -0.0247807522 -0.0717568922
v 0.0264406614 -0.0247528381 -0.0717091322
v 0.0264647274 -0.0245065994 -0.0715444064
v 0.0263408499 -0.0245031567 -0.0714948988
v 0.0264839201 -0.0244377632 -0.0715089726
v 0.0264814882 -0.0242601414 -0.0714070964
v 0.0264521628 -0.0240009041 -0.0712769055
v 0.0262889176 -0.0240014095 -0.0712320757
v 0.0264984875 -0.0239009209 -0.0712523675
v 0.0263967877 -0.0237552376 -0.0711746836
v 0.0264531212 -0.0235011501 -0.0711233211
v 0.0264323359 -0.0232623501 -0.0710777521
v 0.026448391 -0.0230123062 -0.0710593057
v 0.0264666777 -0.0227587242 -0.0710617399
v 0.0263515215 -0.0225173492 -0.0710637307
v 0.0264684324 -0.0224042148 -0.0710966134
v 0.0262761002 -0.02155163 -0.00498389244
v 0.026341775 -0.0210343761 -0.00468142986
v 0.0263257485 -0.0210504074 0.00469950676
v 0.0262674456 -0.021108715 0.00476379395
v 0.0264555149 -0.0209206409 -0.00454781294
v 0.0264957934 -0.0208803577 0.00449815989
v 0.026383255 -0.0209929008 0.00463379145
v 0.0265072661 -0.030768053 -0.00851097584
v 0.0265035515 -0.0307640285 -0.00831669092
v 0.0265004568 -0.0307535095 -0.00819738388
v 0.0265282469 -0.0307463379 -0.00852178097
v 0.0265165453 -0.0307439823 -0.00825233698
v 0.0265014677 -0.0307229633 -0.00803651571
v 0.0265020352 -0.0306669254 -0.00783582449
v 0.0265113144 -0.0306193085 -0.00773220301
v 0.0267453222 -0.0304935474 -0.00863948107
v 0.0267363339 -0.0304935856 -0.008273983
v 0.0266954451 -0.0304963608 -0.00802320004
v 0.0266423445 -0.0304983635 -0.0078198123
v 0.0265417891 -0.0304956169 -0.00753905535
v 0.0265206795 -0.0304936428 -0.00748831511
v 0.026510232 -0.0303404159 -0.00723364592
v 0.0267175179 -0.0302453251 -0.0075101018
v 0.0266057329 -0.0302471275 -0.00728176355
v 0.0265167694 -0.0302460499 -0.00712857962
v 0.0265086393 -0.0301189918 -0.00698354721
v 0.0266252594 -0.0299983902 -0.00704334974
v 0.0265101175 -0.0299869842 -0.00686970472
v 0.0265036612 -0.0298158474 -0.00673718452
v 0.0267363768 -0.0297469635 -0.00700513124
v 0.0265527897 -0.0297429008 -0.00675060511
v 0.0265129023 -0.0297486133 -0.00670590401
v 0.0266655235 -0.0294984836 -0.0067532897
v 0.0265124302 -0.0294992657 -0.00657445431
v 0.0265075951 -0.0293175526 -0.00649644136
v 0.026543601 -0.0292411537 -0.00650750637
v 0.0265070372 -0.0292423077 -0.00647044897
v 0.0266216021 -0.0289962883 -0.00651925325
v 0.0265028029 -0.0289954491 -0.00639982939
v 0.0266839104 -0.0287491817 -0.00653464794
v 0.026506484 -0.0287472172 -0.00635789394
v 0.02674331 -0.0284985561 -0.0065664196
v 0.0266721087 -0.0284841938 -0.006487813
v 0.0267384033 -0.0282415409 -0.00654474974
v 0.0266939859 -0.028241312 -0.00649592876
v 0.0266929369 -0.0277542896 -0.00651158094
v 0.0265161781 -0.0279310436 -0.00631223679
v 0.0266915541 -0.0277556724 -0.00206732273
v 0.0265661697 -0.027881052 -0.00199387789
v 0.0265173655 -0.0279298515 0.00196021318
v 0.0265908795 -0.0278563423 0.00200979948
v 0.026670063 -0.0277771587 0.00594871044
v 0.0267137985 -0.0277334232 -0.00653859615
v 0.0267428951 -0.0277043266 -0.0020923233
v 0.0267171459 -0.0277300758 0.00208014011
v 0.0267435293 -0.0277036972 0.00596146107
v 0.0265150528 -0.0265150566 -0.010253799
v 0.0267498999 -0.0267498989 -0.0100636244
v 0.0265165024 -0.0258093948 -0.0729999995
v 0.0265774851 -0.0257402248 -0.0729918528
v 0.0265066366 -0.0255022354 -0.0725755095
v 0.0267358618 -0.025448286 -0.072766335
v 0.0267313271 -0.0252951832 -0.0725130916
v 0.026634615 -0.0252504082 -0.0723481894
v 0.0267352657 -0.0251125545 -0.0722629952
v 0.0267303448 -0.0250004215 -0.0721238089
v 0.0265385132 -0.0250080795 -0.0719911647
v 0.026744669 -0.0248754425 -0.072000618
v 0.0266894226 -0.0247565098 -0.0718494797
v 0.0265015297 -0.0247522945 -0.0717385435
v 0.0267395287 -0.0246151752 -0.0717615342
v 0.0267380314 -0.024500658 -0.0716732693
v 0.026742404 -0.02425667 -0.0715164924
v 0.0266928463 -0.0242559929 -0.071492424
v 0.0267290192 -0.0242451019 -0.0715033007
v 0.0266591196 -0.0240046997 -0.071351223
v 0.0267497568 -0.0237568874 -0.0712888813
v 0.0266093283 -0.0237630863 -0.0712397766
v 0.0267472153 -0.0236521931 -0.0712534571
v 0.0267338257 -0.0235015602 -0.0712068176
v 0.0266695671 -0.023256628 -0.0711375237
v 0.0266880398 -0.0230084152 -0.0711161876
v 0.0267080717 -0.0227564545 -0.0711159301
v 0.0267291193 -0.0225029869 -0.0711371946
v 0.0266228466 -0.0222561855 -0.071150713
v 0.0267374306 -0.0221475048 -0.0711988568
v 0.0265144186 -0.0214923592 -0.00483590126
v 0.0266585236 -0.0214678306 -0.00474588871
v 0.0266197758 -0.0207563801 -0.00433708429
v 0.0265507918 -0.0208253593 0.00442828417
v 0.0266727715 -0.0207033844 -0.00426417828
v 0.0267248564 -0.0206512947 -0.00418997765
v 0.0267105084 -0.0206656475 0.00421067953
v 0.0266581659 -0.0207179851 0.00428452253
v 0.0267637425 -0.0304694004 -0.00865003347
v 0.0267516117 -0.0304779072 -0.00830580473
v 0.0267515116 -0.0304525013 -0.00814374208
v 0.0267629747 -0.0303997917 -0.00799278975
v 0.0267668467 -0.0302978725 -0.00773770332
v 0.0269349556 -0.0302186603 -0.00875362396
v 0.0269189386 -0.0302444382 -0.00874344826
v 0.0269160681 -0.0302481098 -0.00830655336
v 0.026881402 -0.0302429886 -0.00803691149
v 0.0268164187 -0.030247118 -0.00778562784
v 0.0267612629 -0.0302416248 -0.00761247396
v 0.0267506867 -0.0301820202 -0.0074891305
v 0.0269784479 -0.0299948521 -0.00781672955
v 0.0268778639 -0.0299941463 -0.00752138138
v 0.0267527704 -0.0299909992 -0.0072514081
v 0.0267619257 -0.0299626179 -0.00723835707
v 0.0269995098 -0.0297377319 -0.00750056505
v 0.0268915539 -0.0297499962 -0.00727596045
v 0.0267551594 -0.0297430534 -0.00703133821
v 0.0267523413 -0.0297043342 -0.00699836493
v 0.0269947939 -0.0294984074 -0.00727002621
v 0.0268656521 -0.0294964619 -0.0070371604
v 0.0267717581 -0.0294964046 -0.00689471006
v 0.0269392328 -0.0292492504 -0.0070199585
v 0.0267672138 -0.0292439861 -0.00676849127
v 0.0267542534 -0.0292144699 -0.00674032211
v 0.0268333559 -0.0289969177 -0.00676941395
v 0.0267623692 -0.0289949627 -0.00667886496
v 0.0269380026 -0.0287485523 -0.00684945345
v 0.0267887716 -0.0287473793 -0.00665390968
v 0.0269897537 -0.0284778614 -0.00688186169
v 0.0268854408 -0.0284874649 -0.00673762798
v 0.0269949179 -0.0282340164 -0.00687583685
v 0.026905344 -0.02824156 -0.00674934626
v 0.0269981175 -0.0279930038 -0.00689054251
v 0.0268947725 -0.0279868526 -0.006742208
v 0.0268694763 -0.0275777454 -0.006769526
v 0.0267546015 -0.0276926155 -0.00659389257
v 0.0269267826 -0.0275204391 -0.0021595788
v 0.0267687874 -0.0276784344 0.00210386992
v 0.026890872 -0.027556345 0.00598152161
v 0.0269976072 -0.027453043 -0.00700957537
v 0.0269562559 -0.0274909611 -0.00692638636
v 0.0269802551 -0.0274669666 -0.00217291355
v 0.026953476 -0.0274937458 0.00216657639
v 0.0269647102 -0.0274825115 0.00598881721
v 0.0268014174 -0.0268014164 -0.0100085187
v 0.0269792633 -0.0269792671 -0.00977944374
v 0.0267746811 -0.0255405636 -0.072982862
v 0.0269407683 -0.0253851337 -0.0729999995
v 0.0267689114 -0.0252589435 -0.072502265
v 0.0267570667 -0.0252586574 -0.0724879241
v 0.0269989472 -0.0252198524 -0.0727696323
v 0.0269997292 -0.0250705738 -0.0725030541
v 0.0269476347 -0.0250016231 -0.0723357391
v 0.0267536049 -0.0250082416 -0.0721524215
v 0.0269934301 -0.0249046535 -0.0722575116
v 0.0269666605 -0.0247557564 -0.0720579338
v 0.0268645077 -0.0247589035 -0.0719758606
v 0.0269957905 -0.0246795959 -0.0720048618
v 0.0269049292 -0.0245086021 -0.0717827725
v 0.026850584 -0.02450597 -0.0717448902
v 0.0269673424 -0.0244469376 -0.0717769313
v 0.0269260531 -0.0242542763 -0.071614337
v 0.0269893007 -0.0240102882 -0.0715103269
v 0.026942399 -0.0240071602 -0.0714832163
v 0.0269603758 -0.0237555237 -0.0713807225
v 0.0269661265 -0.0235133476 -0.0713022351
v 0.0268127756 -0.0235049934 -0.0712365746
v 0.0269867306 -0.0232762165 -0.0712543845
v 0.0269745045 -0.0232609577 -0.0712463713
v 0.0269842129 -0.0230006523 -0.0712141109
v 0.0269403439 -0.02275984 -0.071187005
v 0.0269629173 -0.0225083465 -0.0712054443
v 0.0269856529 -0.0222571201 -0.0712457252
v 0.0268884115 -0.0220060463 -0.0712729669
v 0.0268131905 -0.0220762653 -0.0712345052
v 0.0269630747 -0.0219369049 -0.0713142109
v 0.0267547302 -0.0214559383 -0.00468574286
v 0.0268262558 -0.0205499 -0.00403778315
v 0.0268755322 -0.0205006237 -0.00395983458
v 0.0268619661 -0.0205141849 0.00398156643
v 0.0267619305 -0.0206142254 0.00413555622
v 0.0269711619 -0.0204049892 -0.003800354
v 0.0269105415 -0.0204656143 0.00390274763
v 0.0270111733 -0.0300877209 -0.00880378008
v 0.0270025234 -0.0301254291 -0.00857437372
v 0.0270009308 -0.0301265736 -0.00845288038
v 0.027000864 -0.0301014633 -0.00824280262
v 0.0270026093 -0.0300311966 -0.00799965143
v 0.027067502 -0.0299804706 -0.0088430357
v 0.0270740395 -0.029998476 -0.00862198353
v 0.0270692186 -0.0299984283 -0.00835559845
v 0.0270320015 -0.0299995537 -0.00806117535
v 0.0270150118 -0.0299952335 -0.00796441078
v 0.0270075684 -0.0298934002 -0.00773341894
v 0.0271792727 -0.0297314663 -0.00892846346
v 0.0271975594 -0.029748785 -0.00861320257
v 0.0271879082 -0.0297478313 -0.00829889297
v 0.0271566181 -0.029745161 -0.00805621147
v 0.0270949488 -0.0297448654 -0.00778841734
v 0.0270042305 -0.0297458477 -0.00752165079
v 0.0270063095 -0.0297101421 -0.00748671532
v 0.0271845512 -0.0294967766 -0.007751894
v 0.0271028977 -0.0294977589 -0.00751315355
v 0.0270196228 -0.0294963474 -0.0073193574
v 0.0270079355 -0.0294281692 -0.00724550009
v 0.0272042971 -0.029247591 -0.00756732464
v 0.0270947485 -0.0292452736 -0.00730326176
v 0.0270333128 -0.0292492695 -0.007183671
v 0.0272490816 -0.0289575119 -0.00750129461
v 0.0271327858 -0.0289985771 -0.00725426197
v 0.0270355349 -0.0289979954 -0.00707285404
v 0.0270021801 -0.0289294548 -0.00699386358
v 0.0272464352 -0.0287467689 -0.00740756989
v 0.0271346693 -0.0287491245 -0.00717151642
v 0.0270242672 -0.0287481899 -0.00697949648
v 0.0272440939 -0.028482296 -0.00734164
v 0.0271969204 -0.0284877319 -0.00724125862
v 0.0270622807 -0.0284702415 -0.00699393034
v 0.0272497397 -0.0282320042 -0.00733844519
v 0.0272024183 -0.0282494945 -0.00723646641
v 0.0270659714 -0.0282359238 -0.00698698759
v 0.0272423201 -0.0279881496 -0.00734308004
v 0.0271957331 -0.027984478 -0.00724197626
v 0.0270573788 -0.0279817982 -0.00698613644
v 0.0272490625 -0.0275187225 -0.0075236392
v 0.0272455292 -0.0277213497 -0.0074202466
v 0.0271641617 -0.0277316589 -0.00723181486
v 0.0270327311 -0.0277289123 -0.00698724508
v 0.027235816 -0.0273428554 -0.0094349122
v 0.0271856146 -0.0272616119 -0.00752071142
v 0.0271040087 -0.0273432178 -0.00726582527
v 0.0270042687 -0.0274429531 -0.00702477455
v 0.0271964626 -0.0272507591 -0.00219966412
v 0.0270071106 -0.0274401112 0.0021785903
v 0.0271866016 -0.0272606201 0.00599977016
v 0.0271280651 -0.0271280594 -0.00953903675
v 0.0272317057 -0.0271972961 -0.00944536209
v 0.0272054033 -0.0272418136 -0.00759545326
v 0.027223609 -0.027223608 -0.00220000029
v 0.027223609 -0.027223608 0.00220000029
v 0.0270290213 -0.025286581 -0.0729757595
v 0.0270821219 -0.0252336712 -0.0729746819
v 0.0270942574 -0.0250008125 -0.0725237656
v 0.0270232515 -0.0250022049 -0.0724280643
v 0.0272425633 -0.0249949188 -0.0727730322
v 0.0272325735 -0.0248659153 -0.0725083137
v 0.0272042542 -0.0247517414 -0.0723005033
v 0.0271089773 -0.0247505016 -0.072190237
v 0.0272394829 -0.0246908111 -0.072263782
v 0.0272033815 -0.0245068188 -0.0720203781
v 0.0271590977 -0.0245022125 -0.0719753671
v 0.0272496538 -0.0244446392 -0.0720039892
v 0.0272245483 -0.0242639179 -0.0718279505
v 0.0271007185 -0.0242576618 -0.0717299199
v 0.0272497206 -0.0241648312 -0.0717750168
v 0.0272360926 -0.02400387 -0.0716612267
v 0.0272224264 -0.0237504024 -0.0715221238
v 0.0271648722 -0.0237580032 -0.071490953
v 0.0272362738 -0.0236858482 -0.0715029311
v 0.0272318869 -0.0235086555 -0.0714346981
v 0.0272453718 -0.023259594 -0.0713733244
v 0.0271990137 -0.0230097217 -0.0713073945
v 0.0270612984 -0.0230082531 -0.0712458777
v 0.0272243862 -0.0227636928 -0.0713009691
v 0.0270849018 -0.0227603073 -0.0712411332
v 0.0272499542 -0.0225151844 -0.071316433
v 0.0270301466 -0.0225007172 -0.0712294436
v 0.0271986036 -0.0222544403 -0.0713238072
v 0.0270115166 -0.0222897549 -0.0712488151
v 0.0272228413 -0.0220067043 -0.0713851833
v 0.0271471195 -0.0217690582 -0.0714293265
v 0.0272196226 -0.0217040653 -0.0714801049
v 0.0270422583 -0.0214409275 -0.00450658321
v 0.0270898132 -0.0214413471 -0.00447714329
v 0.0271071034 -0.0202690525 -0.00355253935
v 0.0270047503 -0.0203714104 0.00374157429
v 0.0272336989 -0.0201424522 -0.00329501867
v 0.0271384697 -0.0202376861 0.00349135876
v 0.0272610073 -0.029502594 -0.00900064468
v 0.0272517042 -0.029531538 -0.00899183035
v 0.0272500305 -0.0296263904 -0.00853290796
v 0.0272521334 -0.0296195526 -0.00848681211
v 0.0272516995 -0.0295771999 -0.00823385239
v 0.0272700482 -0.0294735641 -0.00900939703
v 0.027275837 -0.0294986935 -0.00890754461
v 0.0272972708 -0.0294993229 -0.00862093925
v 0.0272945862 -0.0294986839 -0.00840396643
v 0.0272607927 -0.0294983501 -0.00808911562
v 0.0272506504 -0.0294803257 -0.00799798727
v 0.0272516613 -0.0292847462 -0.00774536848
v 0.0273328714 -0.0292386169 -0.00907708406
v 0.0273478632 -0.0292413158 -0.00898218393
v 0.0273766451 -0.0292485447 -0.00862211704
v 0.0273687487 -0.0292489357 -0.00833241463
v 0.0273438435 -0.0292486114 -0.00811517477
v 0.0272780972 -0.0292489262 -0.00780331612
v 0.0272624664 -0.0292365856 -0.00773554802
v 0.027378643 -0.0289998836 -0.00914032936
v 0.0274105625 -0.0289787311 -0.00898050308
v 0.0274356346 -0.0289996166 -0.00864014149
v 0.0274372892 -0.0289939041 -0.00849686384
v 0.0274063187 -0.0289984341 -0.00813384533
v 0.0273552446 -0.0289997883 -0.00787039995
v 0.0272960119 -0.0289988727 -0.00765836477
v 0.0272521 -0.0289144153 -0.00748790741
v 0.0274184446 -0.0285172481 -0.0092518878
v 0.0274094992 -0.0287286873 -0.00920565605
v 0.0274470692 -0.0287468643 -0.0089886117
v 0.0274761515 -0.0287233848 -0.00873014212
v 0.0274799423 -0.0287259598 -0.00848795652
v 0.0274453716 -0.0287498493 -0.00812067509
v 0.0274207859 -0.0287472172 -0.00797764778
v 0.0273646813 -0.0287408752 -0.00774244308
v 0.0272651987 -0.0287493915 -0.00745428801
v 0.0274186735 -0.0284870739 -0.00925815821
v 0.0274242668 -0.0284740848 -0.00923730612
v 0.0274691897 -0.0284886093 -0.00899673462
v 0.0274978809 -0.028448183 -0.00873978853
v 0.0274995213 -0.0284671039 -0.00842070341
v 0.027486289 -0.0284766121 -0.00824930906
v 0.0274456005 -0.0284904976 -0.00798224449
v 0.0273857479 -0.0284601231 -0.00772755623
v 0.0273034268 -0.0284743328 -0.00748405218
v 0.0274091702 -0.0282163162 -0.00931077719
v 0.0274283152 -0.0282412548 -0.00923532248
v 0.0274757414 -0.0282085915 -0.00897795677
v 0.0274991732 -0.0281783981 -0.00874055147
v 0.0274988012 -0.0282219334 -0.00834298849
v 0.0274903422 -0.028232996 -0.00824391127
v 0.0274508743 -0.0282178802 -0.00798061609
v 0.0273933153 -0.0282492752 -0.00773722649
v 0.0273140507 -0.0282433815 -0.00749581814
v 0.0273837214 -0.0279778976 -0.00935169458
v 0.0274111157 -0.0279552383 -0.00923646212
v 0.0274612408 -0.0279862709 -0.00899064302
v 0.0274854069 -0.0279654522 -0.00874973536
v 0.0274906187 -0.0279552765 -0.00848093748
v 0.0274779778 -0.0279967995 -0.00823001623
v 0.0274417334 -0.027994997 -0.0079869771
v 0.0273835545 -0.027960207 -0.00774873495
v 0.0272967796 -0.0279875107 -0.00747666597
v 0.0273428421 -0.0277428265 -0.00938698769
v 0.0273788958 -0.0277300472 -0.00924540043
v 0.0274288206 -0.0277175827 -0.00897981644
v 0.0274537163 -0.0277089424 -0.00873447418
v 0.0274596148 -0.0277084465 -0.00848647118
v 0.0274460344 -0.0277167053 -0.00823754311
v 0.0274128466 -0.0277341766 -0.00798949003
v 0.0273543148 -0.0277218361 -0.0077437067
v 0.027274993 -0.0277294941 -0.00749371529
v 0.0274555998 -0.0272709198 -0.00942301035
v 0.0272717648 -0.0272717686 -0.00923768282
v 0.0273442488 -0.0273442478 -0.00899211884
v 0.0273840551 -0.0273840542 -0.00874725342
v 0.0273951225 -0.0273951168 -0.00849767208
v 0.0273778181 -0.0273778171 -0.00824818134
v 0.0273299341 -0.0273299332 -0.00799121141
v 0.0272544508 -0.0272544498 -0.00774836779
v 0.0273428278 -0.0272358055 -0.00943491459
v 0.0272506981 -0.0271965237 -0.00756107569
v 0.0272732239 -0.0271739979 -0.00747974396
v 0.0273519878 -0.0270952339 -0.0072421217
v 0.0274401121 -0.0270071049 -0.0021785903
v 0.0272507601 -0.0271964569 0.00219966412
v 0.027408598 -0.0270386238 0.00599429607
v 0.0274522333 -0.0269974346 -0.00700950384
v 0.0274580174 -0.0269892044 -0.00699287415
v 0.027493742 -0.0269534798 -0.00216657639
v 0.0274669676 -0.0269802589 0.00217291355
v 0.0274825125 -0.026964714 0.00598881721
v 0.0272505074 -0.0250659008 -0.0729720426
v 0.0273650341 -0.0249608726 -0.0729999995
v 0.0274617319 -0.0247517986 -0.0727054453
v 0.027327116 -0.0247510357 -0.0724664712
v 0.0274803381 -0.0246418686 -0.0725333452
v 0.027495306 -0.0245003528 -0.0723446536
v 0.0274115162 -0.0245061703 -0.0722431374
v 0.027482584 -0.0244481583 -0.0722617269
v 0.0274829178 -0.0242575188 -0.0720597434
v 0.0273767452 -0.0242506905 -0.0719489264
v 0.0274852066 -0.0241906948 -0.0720019722
v 0.0274689036 -0.0240164871 -0.0718512964
v 0.0273527079 -0.0240036507 -0.0717470884
v 0.0274729424 -0.0238619347 -0.0717554116
v 0.0274595385 -0.0237568111 -0.0716869402
v 0.0274659948 -0.0235033817 -0.0715786624
v 0.0272899656 -0.0235025806 -0.0714662504
v 0.0274832993 -0.0232548447 -0.0715105939
v 0.0274278193 -0.0232579536 -0.0714767361
v 0.0274989252 -0.0231863804 -0.0715034318
v 0.0274470167 -0.0230050487 -0.0714371014
v 0.027476347 -0.022762825 -0.0714287663
v 0.0274950485 -0.022500555 -0.0714375019
v 0.0274631577 -0.0222562141 -0.0714438152
v 0.0274902182 -0.0220106716 -0.071504426
v 0.0274279528 -0.0220126552 -0.0714734197
v 0.0274413233 -0.0217533321 -0.071556592
v 0.027312315 -0.0217587681 -0.0714971471
v 0.0274321251 -0.0215179367 -0.0716476965
v 0.0272749643 -0.021709692 -0.0714997005
v 0.0274667292 -0.0214883251 -0.0716777277
v 0.0272782545 -0.0214510937 -0.00436138868
v 0.0274640923 -0.0214734478 -0.00424918413
v 0.027350605 -0.0200255508 -0.00302849293
v 0.0272627621 -0.0201133938 0.0032316041
v 0.0274575071 -0.0199186535 -0.00275369167
v 0.0274908619 -0.019885294 -0.00266038179
v 0.0274817305 -0.0198944206 0.00268633604
v 0.0273772841 -0.019998867 0.00296301842
v 0.0275001316 -0.0285108204 -0.00858191967
v 0.0275003462 -0.0284511967 -0.00869074106
v 0.0275021629 -0.0284628792 -0.00849433184
v 0.0275010901 -0.0282328148 -0.00873120785
v 0.0275052004 -0.0282054539 -0.00849201202
v 0.0277438526 -0.0273431415 -0.00938687325
v 0.0275258904 -0.0273381061 -0.0092467761
v 0.0275008183 -0.027411663 -0.0087566781
v 0.0275031405 -0.0274204464 -0.00858136654
v 0.0275280075 -0.0274258346 -0.00847899199
v 0.0275867586 -0.0274245853 -0.0082490778
v 0.0276561909 -0.0274016304 -0.00799573898
v 0.0277304297 -0.0273555393 -0.00774327517
v 0.0275833588 -0.0272525139 -0.00749792337
v 0.0275135403 -0.0272481556 -0.00752374172
v 0.0275096016 -0.027154438 -0.0072928381
v 0.0275057869 -0.0270237274 -0.0070361352
v 0.0275098782 -0.0270004196 -0.00699406624
v 0.0275056295 -0.026941597 -0.00689812899
v 0.0275958138 -0.026851408 -0.0067397213
v 0.0276784353 -0.0267687912 -0.00210386992
v 0.0275204401 -0.0269267864 0.0021595788
v 0.027630084 -0.0268171425 0.00597239971
v 0.0277091913 -0.0267380257 -0.00657103062
v 0.0277300768 -0.0267171497 -0.00208014011
v 0.0277043276 -0.0267428894 0.0020923233
v 0.0277036934 -0.0267435284 0.00596146107
v 0.0275118141 -0.0248051567 -0.0729701543
v 0.0275873451 -0.0247296448 -0.0729700875
v 0.027702692 -0.024509737 -0.0727094889
v 0.0275648337 -0.0245021458 -0.0724486899
v 0.0277483921 -0.024490282 -0.0727685404
v 0.0277352219 -0.0243624039 -0.0725121713
v 0.02772538 -0.0242533512 -0.0723486257
v 0.027615593 -0.0242575092 -0.0722097301
v 0.027726758 -0.0241715546 -0.0722563815
v 0.0277305203 -0.0240036697 -0.072099185
v 0.0276101427 -0.0240127392 -0.0719800258
v 0.0277234535 -0.0238960094 -0.0720055199
v 0.0277487021 -0.0237652798 -0.0719398737
v 0.0275145893 -0.0237606068 -0.0717315388
v 0.0277212982 -0.0235091419 -0.0717749286
v 0.0276705055 -0.023500597 -0.0717293882
v 0.0277334147 -0.0234363098 -0.071753118
v 0.027748044 -0.0232664223 -0.0717015362
v 0.0277243166 -0.0230128498 -0.0716173077
v 0.0275031977 -0.0230015774 -0.07146981
v 0.0276979332 -0.022756979 -0.0715633845
v 0.0275895815 -0.0227584286 -0.0714947248
v 0.0277312689 -0.0225153561 -0.0715769625
v 0.0275637941 -0.0225159473 -0.0714751053
v 0.027698329 -0.0222536011 -0.0715749478
v 0.0275236397 -0.022254364 -0.0714754844
v 0.0277281504 -0.0220113773 -0.0716358209
v 0.02750737 -0.0221322842 -0.0714870501
v 0.0277456026 -0.0217552586 -0.0717188859
v 0.0277006273 -0.0215024681 -0.0717938924
v 0.0275901966 -0.0215163059 -0.0717265511
v 0.0276525431 -0.021508791 -0.00413814545
v 0.0277345305 -0.021267292 -0.0719376945
v 0.0275352078 -0.0214303894 -0.0717394972
v 0.0275109177 -0.0214810676 -0.00422130585
v 0.0275230675 -0.0198530884 -0.00256626368
v 0.0276126509 -0.0197635002 -0.00227935076
v 0.0275456171 -0.019830534 0.0024977541
v 0.0275142555 -0.0198619003 0.00259243965
v 0.0276664286 -0.0197097225 -0.00208456516
v 0.0277380209 -0.0196381302 -0.00178771496
v 0.0277088814 -0.0196672745 0.00191474438
v 0.0276326399 -0.0197435112 0.00220926762
v 0.0279795151 -0.0273839111 -0.00935142517
v 0.0277516823 -0.0274048729 -0.00914596796
v 0.0277536612 -0.0274481029 -0.00887708187
v 0.0277798634 -0.0274652214 -0.0087259078
v 0.0277547388 -0.0274561138 -0.00828331947
v 0.0277537708 -0.0274393959 -0.00813529968
v 0.0277538281 -0.0273652954 -0.00776688337
v 0.027754076 -0.0273366947 -0.00766641378
v 0.0278104 -0.0272843761 -0.00748972178
v 0.0278492289 -0.0272425098 -0.00737286568
v 0.0278924065 -0.0271906776 -0.00724742413
v 0.0279878502 -0.0270576877 -0.00698591471
v 0.0277599459 -0.0268827553 -0.00675193071
v 0.0277500181 -0.0267624969 -0.00659560204
v 0.0277544432 -0.0266927738 -0.00651137829
v 0.0277698498 -0.026677372 -0.00649195194
v 0.0278563433 -0.0265908737 -0.00200979948
v 0.0279298525 -0.0265173645 -0.00196021318
v 0.027881053 -0.0265661735 0.00199387789
v 0.0277556687 -0.0266915531 0.00206732273
v 0.027923563 -0.0265236587 0.00591778278
v 0.027948678 -0.0264985485 -0.00629493237
v 0.0279777985 -0.0264694233 -0.0019241643
v 0.0279539375 -0.0264932842 0.00194248438
v 0.0279964571 -0.0264507694 0.00589961052
v 0.0277892952 -0.024536602 -0.0729999995
v 0.0278445749 -0.0244719906 -0.0729714799
v 0.02795471 -0.0242524261 -0.0727312875
v 0.0278183155 -0.0242546387 -0.0724897671
v 0.0279907684 -0.0242295189 -0.0727619743
v 0.0279889231 -0.0240664692 -0.0725060821
v 0.0279817705 -0.024000637 -0.0724152327
v 0.0278368216 -0.0240004463 -0.0722209406
v 0.0279836159 -0.0238479156 -0.0722627306
v 0.0279953127 -0.023760416 -0.0722024751
v 0.0277873879 -0.023760807 -0.0719750381
v 0.0279988651 -0.0235072536 -0.0720337749
v 0.0279638939 -0.0235074158 -0.0719980168
v 0.0279912262 -0.0234793301 -0.0720103025
v 0.0279620009 -0.0232635803 -0.0718817067
v 0.0277874594 -0.0232508583 -0.0717276216
v 0.027997325 -0.023015749 -0.0718329573
v 0.0278628855 -0.0230021591 -0.0717188501
v 0.0279858189 -0.0227548809 -0.0717735577
v 0.0279466896 -0.0227674885 -0.0717440128
v 0.0279775553 -0.0225127239 -0.0717504883
v 0.02792908 -0.0225080223 -0.0717139745
v 0.0279649143 -0.0222695942 -0.071751411
v 0.0279566221 -0.0222514267 -0.0717472124
v 0.0279902392 -0.0220141621 -0.0718092322
v 0.0278849821 -0.0220032806 -0.071737895
v 0.0279593115 -0.0217554397 -0.0718577671
v 0.0277561121 -0.0217727108 -0.0717193604
v 0.0279768591 -0.0215086288 -0.0719680738
v 0.0277955513 -0.0215437717 -0.00405624866
v 0.0279394703 -0.0215859241 -0.00397632122
v 0.0279798489 -0.0212532444 -0.0721067595
v 0.0278188973 -0.0212516327 -0.0719989085
v 0.0279848747 -0.021077034 -0.0722288752
v 0.0277668171 -0.0212417526 -0.0719724941
v 0.0277796106 -0.0195965404 -0.00158704996
v 0.0278326588 -0.0195434971 -0.00128251553
v 0.0278617458 -0.01951441 -0.00107749462
v 0.0278743868 -0.0195017643 -0.000974476337
v 0.0278437548 -0.0195323963 0.00120859385
v 0.0278114491 -0.0195647068 0.00141264915
v 0.0277536183 -0.0196225376 0.00171543837
v 0.027895854 -0.0194802971 -0.000767586231
v 0.0279122143 -0.0194639416 -0.000559763908
v 0.027923439 -0.0194527168 -0.000351259708
v 0.0279306345 -0.0194455166 -3.77845764e-05
v 0.0279289894 -0.0194471664 0.000171308517
v 0.0279168635 -0.0194592876 0.000484480858
v 0.0279023581 -0.019473793 0.000692579746
v 0.0278827362 -0.0194934196 0.000899834633
v 0.0280777197 -0.0275003261 -0.00858585596
v 0.0280909662 -0.0275006027 -0.00848587275
v 0.0282182865 -0.0274090595 -0.0093103385
v 0.0280000143 -0.027422411 -0.00920544863
v 0.0280002337 -0.027478239 -0.00886684656
v 0.0280010681 -0.0274951858 -0.00857283354
v 0.0280121927 -0.0274957294 -0.00849758148
v 0.0280022078 -0.0274627514 -0.008107481
v 0.0280013495 -0.0273923988 -0.00776930094
v 0.0280033426 -0.027348711 -0.00762104273
v 0.0280000334 -0.0272688026 -0.00740361929
v 0.0280016642 -0.0272246761 -0.0073013258
v 0.028002451 -0.0270697231 -0.00700452328
v 0.0280027132 -0.02703479 -0.00694705963
v 0.0280250769 -0.0269992561 -0.00688951969
v 0.0280850296 -0.0268976803 -0.00674067974
v 0.0281678515 -0.0267423744 -0.00654787302
v 0.028190444 -0.026696989 -0.00649785519
v 0.0280012207 -0.026453764 -0.00625325918
v 0.0280002623 -0.0264469547 -0.00624669075
v 0.0281598168 -0.026287405 -0.00175699711
v 0.0281813555 -0.026265871 -0.00173362255
v 0.0281813555 -0.026265871 0.00173362255
v 0.0280014305 -0.0264457912 0.00190525532
v 0.0281415157 -0.026305706 0.00585789204
v 0.0282058697 -0.0262413521 -0.00608629704
v 0.0282441979 -0.0262030239 -0.00166036129
v 0.0282026034 -0.0262446136 0.00170972109
v 0.0282136374 -0.0262335892 0.00583435535
v 0.0280211239 -0.0242948265 -0.0729739237
v 0.0282135611 -0.0241123409 -0.0729999995
v 0.0281719332 -0.0240144462 -0.0727422118
v 0.0280293827 -0.0240007324 -0.0724861455
v 0.028245657 -0.0239686413 -0.0728033447
v 0.0282473402 -0.0239059753 -0.0727146816
v 0.0282145529 -0.0237592716 -0.0724900675
v 0.0280246573 -0.0237605781 -0.0722381902
v 0.0282307654 -0.0235022468 -0.072293148
v 0.028180316 -0.0235065384 -0.0722352004
v 0.0282490711 -0.0234205837 -0.0722607636
v 0.0282316666 -0.02327038 -0.0721561956
v 0.0280696278 -0.0232513256 -0.0719787312
v 0.0282449656 -0.0230005474 -0.0720609117
v 0.0281804447 -0.0230056591 -0.0719984198
v 0.0282348614 -0.0228071804 -0.0720008874
v 0.0282203798 -0.0227502556 -0.0719766831
v 0.0282238131 -0.022503931 -0.071954186
v 0.0282232313 -0.0222616787 -0.0719579911
v 0.0282097845 -0.0220011635 -0.0719832587
v 0.0282365255 -0.0217542858 -0.0720716453
v 0.0281064396 -0.0217602463 -0.0719645619
v 0.0282098179 -0.0215014858 -0.0721504903
v 0.028077796 -0.021605627 -0.0719997692
v 0.0280357008 -0.0216179676 -0.0039244771
v 0.0282167511 -0.021250946 -0.0722942591
v 0.028193696 -0.0212918205 -0.0722494555
v 0.028073843 -0.0210144062 -0.0723449922
v 0.0280413704 -0.0211092873 -0.0722478318
v 0.0282431297 -0.0209044571 -0.0725862432
v 0.028159936 -0.020956871 -0.0724642611
v 0.0282609396 -0.0275000782 -0.0087505722
v 0.0283029013 -0.0275006981 -0.0087430191
v 0.0282516556 -0.0275041695 -0.00843552113
v 0.0284589558 -0.0274182243 -0.00926378965
v 0.0282603388 -0.0274291439 -0.00923172235
v 0.0282815676 -0.0274750538 -0.00898885012
v 0.0284695654 -0.0274968548 -0.00873550653
v 0.0282617884 -0.0274987049 -0.00833642244
v 0.0282508926 -0.0274713249 -0.0080958581
v 0.0282509928 -0.0274125595 -0.00780888319
v 0.0282602625 -0.0273928947 -0.00773571014
v 0.0282516174 -0.0272662182 -0.00737632513
v 0.028258112 -0.0272483082 -0.00733512402
v 0.0282521324 -0.0271205063 -0.00708023548
v 0.0282710343 -0.0270634289 -0.0069832325
v 0.0282541018 -0.0269304771 -0.00678371191
v 0.0282518511 -0.0267521591 -0.00656059504
v 0.028254612 -0.0267078514 -0.00651136875
v 0.0282505541 -0.0265699215 -0.00637018204
v 0.0282879429 -0.0264862366 -0.0062947464
v 0.0283221846 -0.0264064331 -0.00622837305
v 0.0282616453 -0.0261855812 -0.00605070353
v 0.0283755522 -0.0260716648 -0.00598747969
v 0.0283613281 -0.0260858936 -0.00150039673
v 0.0284325676 -0.0260146541 -0.00138450384
v 0.0283796721 -0.0260675449 0.00147208691
v 0.028264535 -0.0261826916 0.00163491964
v 0.0284281044 -0.0260191173 0.00575312138
v 0.0284628706 -0.0259843464 -0.00594715357
v 0.0284979134 -0.0259493084 -0.00126186848
v 0.0284494667 -0.025997755 0.00135445595
v 0.0284988909 -0.0259483356 0.0057225275
v 0.0283135061 -0.0240016575 -0.0729809952
v 0.0284960632 -0.0238201256 -0.0729880452
v 0.0283822184 -0.0237532635 -0.0727353311
v 0.028499754 -0.0237446613 -0.0729004192
v 0.0284937363 -0.0235876293 -0.0727193546
v 0.0283772736 -0.0235147781 -0.0724913311
v 0.0284976082 -0.023450367 -0.0726011348
v 0.0284856634 -0.0232650204 -0.0724540806
v 0.0283110266 -0.0232598228 -0.0722402382
v 0.0284891253 -0.0230202789 -0.0723341799
v 0.028390625 -0.0230081959 -0.0722177219
v 0.0284967785 -0.0227631493 -0.0722600055
v 0.0284689026 -0.0227508564 -0.0722268677
v 0.028495038 -0.0227460499 -0.0722541189
v 0.0284899979 -0.0225035686 -0.0722114658
v 0.0282643299 -0.0225159092 -0.0719914246
v 0.0284729414 -0.0222593994 -0.0721906853
v 0.0282597475 -0.0222536964 -0.0719904757
v 0.028474534 -0.0220009727 -0.0722240186
v 0.0282516079 -0.0221139831 -0.0719990015
v 0.0283873348 -0.0218172474 -0.0780000019
v 0.0284237652 -0.021780817 -0.077953763
v 0.0284734707 -0.0217642803 -0.0722841716
v 0.0284382944 -0.0217669315 -0.0722491813
v 0.0283720999 -0.0217545814 -0.00375538349
v 0.028419879 -0.0217771644 -0.00373314381
v 0.0284596281 -0.0217449589 -0.0779066372
v 0.028493865 -0.0215119953 -0.072406075
v 0.0284184914 -0.0217097874 -0.0722497392
v 0.0282762508 -0.0217116947 -0.00380142927
v 0.028498867 -0.0212513752 -0.0725614095
v 0.0284242659 -0.0212523956 -0.0724847722
v 0.0282565909 -0.0214169903 -0.0722323132
v 0.0284935408 -0.0210052795 -0.0727487922
v 0.0283990793 -0.0211985512 -0.0724965405
v 0.0284993391 -0.020767004 -0.0730068731
v 0.0284751873 -0.020778162 -0.0729641271
v 0.02832341 -0.020857193 -0.0727105021
v 0.0285192757 -0.0274179668 -0.00925132036
v 0.0287304621 -0.0274089451 -0.00920511723
v 0.0285001307 -0.0274751873 -0.00894634247
v 0.0285117941 -0.0274950428 -0.00872701883
v 0.0285236054 -0.0274982281 -0.00848231792
v 0.0285006933 -0.0274725265 -0.00814821005
v 0.0285085325 -0.0274436779 -0.00797888756
v 0.0285186749 -0.0273857994 -0.00774041653
v 0.0285278444 -0.0273052521 -0.00749835014
v 0.0285326557 -0.0272468872 -0.0073560977
v 0.0285364561 -0.0271891613 -0.00723281145
v 0.0285002165 -0.0270100231 -0.00691488504
v 0.0285011559 -0.0269977302 -0.00689639807
v 0.0285091333 -0.0268810387 -0.00673421383
v 0.0285005169 -0.0267428226 -0.00656609297
v 0.0285002833 -0.0265430565 -0.00636215448
v 0.0285037546 -0.0264933414 -0.00631737709
v 0.0285012322 -0.0262829513 -0.00614681959
v 0.0285007362 -0.0260828895 -0.00601116657
v 0.0285025005 -0.0260247059 -0.00597608566
v 0.0285359745 -0.0259112472 -0.00591569185
v 0.0285971575 -0.025850069 -0.00103283644
v 0.0286854296 -0.0257617969 -0.000752444267
v 0.0286944943 -0.0257527275 -0.000716249943
v 0.0286944943 -0.0257527275 0.000716249943
v 0.0286096935 -0.0258375282 0.000998778343
v 0.0285132914 -0.0259339352 0.00123022556
v 0.0286392717 -0.0258079452 0.00565612793
v 0.0287383156 -0.0257089062 -0.00581818819
v 0.028733037 -0.0257141895 -0.000532228947
v 0.0287452536 -0.025701973 -0.000457406044
v 0.0287393742 -0.0257078476 0.000494892597
v 0.0287031059 -0.0257441158 0.000679836273
v 0.028708828 -0.0257383938 0.0056203413
v 0.0285567694 -0.023750927 -0.0729809022
v 0.028749445 -0.0235637398 -0.0730000138
v 0.0287445955 -0.0235698147 -0.0729999995
v 0.0285612373 -0.0235012073 -0.0727312732
v 0.0287392645 -0.0233945866 -0.0728691912
v 0.0287162762 -0.0232551403 -0.0727418923
v 0.0285220223 -0.0232604713 -0.0724972129
v 0.0287489014 -0.0232159252 -0.0727572942
v 0.0287487822 -0.023175766 -0.0727325606
v 0.0286128454 -0.0230075188 -0.0724761271
v 0.0287482576 -0.0229880733 -0.0726337481
v 0.0287003403 -0.0227666588 -0.0724944258
v 0.0287437372 -0.0225740166 -0.0725027466
v 0.028742712 -0.0225021477 -0.072491405
v 0.0285185318 -0.0225017757 -0.0722412467
v 0.0287280779 -0.0222660847 -0.0724639702
v 0.0285041552 -0.0222573204 -0.0722222996
v 0.0287465029 -0.0220046635 -0.0725126839
v 0.0287189942 -0.0220014686 -0.0724820352
v 0.0285045366 -0.0221176262 -0.0722352099
v 0.0287303524 -0.0217694206 -0.0725548506
v 0.0286701613 -0.0217638512 -0.0724891496
v 0.0285150557 -0.0218246002 -0.00369036674
v 0.0285295944 -0.0216749878 -0.0778097963
v 0.028597148 -0.021607439 -0.0777095842
v 0.0287221842 -0.0215036411 -0.0726576638
v 0.028639329 -0.0216468353 -0.0724985075
v 0.0287246971 -0.0214798851 -0.0774995518
v 0.0287328749 -0.0212526531 -0.0728261638
v 0.0286738901 -0.0212619324 -0.0727484369
v 0.0285156088 -0.0213799972 -0.0724982595
v 0.028734396 -0.0210158272 -0.0730316091
v 0.0287000637 -0.0210098476 -0.0729922581
v 0.0285880308 -0.0211309166 -0.0727477074
v 0.0287307816 -0.0208155174 -0.0732583332
v 0.0285231619 -0.0207564278 -0.0730497122
v 0.0286921816 -0.0209923286 -0.0729994965
v 0.0287432747 -0.0206825085 -0.0734797359
v 0.0286151629 -0.020719902 -0.0732216716
v 0.0289711313 -0.0273828812 -0.00914755106
v 0.0287608128 -0.0274453564 -0.00898531437
v 0.0287643318 -0.0274697895 -0.00874488592
v 0.0287652807 -0.0274744816 -0.00847908974
v 0.028763464 -0.027458498 -0.00823795795
v 0.0287591009 -0.0274232216 -0.0079989171
v 0.0287514 -0.0273625202 -0.00774021387
v 0.0287721377 -0.0272786064 -0.0074969244
v 0.0289611082 -0.0272481556 -0.00750050545
v 0.0287662439 -0.0272418613 -0.00740333796
v 0.0287553482 -0.02717313 -0.00724900723
v 0.0287585335 -0.0270330448 -0.0069961071
v 0.0287524586 -0.026999094 -0.00694100618
v 0.0287689428 -0.0268518467 -0.00673673868
v 0.0287636261 -0.0267391701 -0.00659867048
v 0.0287599068 -0.0266487045 -0.00649900675
v 0.0287669115 -0.0264978332 -0.00635290384
v 0.0287568789 -0.0263787193 -0.00624857187
v 0.0287691097 -0.0262470837 -0.00614789963
v 0.0287554102 -0.0260196705 -0.00599343777
v 0.0287540512 -0.0259837742 -0.00597150326
v 0.028804987 -0.0256422348 -0.00578260183
v 0.0288712435 -0.025575983 -0.00574548721
v 0.0287676506 -0.0256795711 -0.000268113613
v 0.0287790089 -0.0256682129 -3.8394928e-05
v 0.0287792473 -0.0256679745 0
v 0.0287506657 -0.0256965561 0.000419778824
v 0.0289147024 -0.0255325241 0.00550276279
v 0.0289641218 -0.0254831047 -0.00569096565
v 0.0289823275 -0.0254648991 0.00546020508
v 0.0287937193 -0.0235066528 -0.0729999995
v 0.0289511805 -0.0232513447 -0.0729999995
v 0.0289941197 -0.023160965 -0.0729999995
v 0.0288268881 -0.0230033607 -0.0727376509
v 0.0289320498 -0.0227634354 -0.072775259
v 0.0288992767 -0.022784359 -0.0727415371
v 0.0289709787 -0.0225065441 -0.0727685261
v 0.0289528113 -0.0225173302 -0.072747457
v 0.0289883976 -0.0222659988 -0.0727773857
v 0.0289665585 -0.0223326607 -0.072749896
v 0.0287529068 -0.0222702331 -0.0724923706
v 0.0289869099 -0.0220125885 -0.0728025246
v 0.0289425259 -0.0220148868 -0.0727459192
v 0.0287510662 -0.0222493191 -0.0724908781
v 0.028842762 -0.0220135898 -0.00356147528
v 0.028965519 -0.0217650719 -0.0728429627
v 0.0289410715 -0.0219936867 -0.0727481675
v 0.0287501364 -0.0219561214 -0.00359475136
v 0.0289927178 -0.0215058727 -0.0729999995
v 0.0288273506 -0.0215772457 -0.0727469778
v 0.0287549572 -0.021449625 -0.0774451303
v 0.0288691931 -0.0213353844 -0.0772202921
v 0.028948863 -0.0212557239 -0.0731119561
v 0.0288976269 -0.0213069553 -0.0729999995
v 0.0287564879 -0.021416914 -0.072746377
v 0.0289721613 -0.0212324161 -0.0769848204
v 0.0289270048 -0.0210673733 -0.0732558894
v 0.028997386 -0.0212071915 -0.0732262707
v 0.0288368874 -0.0212032814 -0.0729985499
v 0.0289569597 -0.0207543964 -0.0737601352
v 0.0288358145 -0.0207514591 -0.0735260034
v 0.028805769 -0.0209079857 -0.0732526255
v 0.0287551622 -0.0209254856 -0.0731573367
v 0.0289840584 -0.0206683655 -0.0740286708
v 0.0289672022 -0.0206664581 -0.073987422
v 0.0288603573 -0.0206652183 -0.0737359142
v 0.0287791615 -0.0207456131 -0.0734366822
v 0.0292395668 -0.0273330517 -0.00907693624
v 0.0290268974 -0.0273990459 -0.00899201632
v 0.0290207987 -0.0274273987 -0.00873101711
v 0.0290112238 -0.0274337501 -0.00849254608
v 0.0290365582 -0.0274125595 -0.00824468374
v 0.0290151196 -0.027377531 -0.00798583269
v 0.0290253906 -0.0273171444 -0.00774568796
v 0.0290297871 -0.0272456093 -0.00753122568
v 0.0290226584 -0.0272294636 -0.00748489618
v 0.0290081864 -0.0271180363 -0.00722854376
v 0.0290147333 -0.0269944115 -0.00701011896
v 0.0290101652 -0.0269841976 -0.00699203491
v 0.0290106516 -0.0268133278 -0.00674720526
v 0.02900101 -0.0267447681 -0.00665915728
v 0.0290118342 -0.0265968151 -0.00649712324
v 0.0290117006 -0.0264931984 -0.00639448404
v 0.0290021257 -0.0263296146 -0.00624823093
v 0.0290018921 -0.0262481327 -0.00618319273
v 0.029006527 -0.0259963722 -0.00600556612
v 0.029024518 -0.0259787006 -0.00599657297
v 0.0290281706 -0.0257466907 -0.00585484505
v 0.0290404539 -0.0255646057 -0.00574965
v 0.0290090828 -0.025438139 -0.00566612959
v 0.0291818981 -0.0252653236 0.00532261372
v 0.0292163305 -0.025230896 -0.00557542086
v 0.0292472582 -0.0251999588 0.00527348995
v 0.0290527992 -0.0230119629 -0.0729999995
v 0.0291215878 -0.0227614231 -0.0729999995
v 0.0291575699 -0.022504055 -0.0729999995
v 0.0291619234 -0.02226371 -0.0729999995
v 0.0291801338 -0.0222507496 -0.00346372604
v 0.029135993 -0.0220051689 -0.0729999995
v 0.0290023689 -0.0221202392 -0.00351042032
v 0.0290473108 -0.0221520443 -0.00349755764
v 0.0290792303 -0.0217516537 -0.0729999995
v 0.0290003996 -0.0215244408 -0.0729999995
v 0.0290192633 -0.0211853237 -0.0768634415
v 0.0290633612 -0.0211412163 -0.0767398357
v 0.0291423636 -0.0210622139 -0.076486516
v 0.0292043858 -0.0210001964 -0.0738610005
v 0.0291714888 -0.0210330887 -0.073736155
v 0.0290962439 -0.0211083431 -0.0734916091
v 0.0292087822 -0.0209958 -0.0762260723
v 0.0292467671 -0.020775053 -0.0747231793
v 0.029136179 -0.0207502479 -0.0742598486
v 0.0292475586 -0.0209570236 -0.07405092
v 0.0292340021 -0.0209705849 -0.0739872813
v 0.029021204 -0.0209882183 -0.0735072875
v 0.0292074947 -0.0207486172 -0.0746140313
v 0.0291527014 -0.0207183666 -0.0744643593
v 0.029064415 -0.0206846924 -0.0742311764
v 0.0290111475 -0.0207398434 -0.0739175296
v 0.0294745426 -0.0272701187 -0.00900921345
v 0.0292951565 -0.0273315449 -0.00899086714
v 0.0292800169 -0.0273634643 -0.00873349667
v 0.0292608814 -0.0273738022 -0.00849831581
v 0.0292725735 -0.0273526878 -0.00822924614
v 0.0292770033 -0.0273134632 -0.00798690319
v 0.029272068 -0.0272567005 -0.00774924517
v 0.0293102245 -0.0272490902 -0.00776184559
v 0.0292632513 -0.0272458286 -0.00770435572
v 0.0292516403 -0.0271757812 -0.00749417782
v 0.0292791681 -0.0270564575 -0.00724545956
v 0.0294674473 -0.0269989509 -0.00725636244
v 0.0292723446 -0.0269986458 -0.00713286638
v 0.0292523747 -0.0269252033 -0.00699914455
v 0.0292750721 -0.0267489643 -0.0067578578
v 0.0292666893 -0.0267389316 -0.00674161196
v 0.0292770414 -0.0265182514 -0.00649371862
v 0.0294020157 -0.0264981003 -0.00651860237
v 0.0292558317 -0.0264970322 -0.00646514177
v 0.0293214779 -0.026242115 -0.00625314474
v 0.02926441 -0.0262497539 -0.00624328136
v 0.0292756682 -0.0259930153 -0.00605249405
v 0.0292723589 -0.0259112186 -0.00599632263
v 0.029337719 -0.0257481117 -0.00590618134
v 0.0292599993 -0.0255093403 -0.00574812174
v 0.0294885521 -0.0254930897 -0.00579122066
v 0.0292966633 -0.0254965706 -0.00574774981
v 0.0292633324 -0.0251838894 -0.00555998802
v 0.0294395666 -0.0250076599 0.00511654854
v 0.0294538002 -0.0249934215 -0.00551573277
v 0.0294966202 -0.0225164623 -0.00341180801
v 0.0292668562 -0.022319128 -0.00344522953
v 0.0293449335 -0.0208596535 -0.0780000019
v 0.029337862 -0.0208667202 -0.0779999971
v 0.0292501526 -0.0209544296 -0.0760268164
v 0.0292623072 -0.0209422703 -0.0759597588
v 0.0293026762 -0.0209019108 -0.0756888437
v 0.0293242006 -0.0208803863 -0.0754834223
v 0.0293411188 -0.0208634586 -0.0752075958
v 0.0293448095 -0.0208597679 -0.074966743
v 0.0293372851 -0.0208672924 -0.0747345996
v 0.0293147068 -0.0208898754 -0.0744713545
v 0.0292831259 -0.0209214516 -0.0742436194
v 0.029337862 -0.0208667202 -0.0729999995
v 0.0294670849 -0.0207374973 -0.0779985094
v 0.0294783812 -0.0207261963 -0.0729964375
v 0.0295035677 -0.0272610111 -0.00900044441
v 0.0295325022 -0.0272516365 -0.008991611
v 0.0295397787 -0.0272779388 -0.00872848511
v 0.0295119553 -0.0272932358 -0.00849665403
v 0.0295123272 -0.0272754021 -0.00823023081
v 0.0297323828 -0.0271785183 -0.00892806768
v 0.0296286612 -0.0272418709 -0.00874829054
v 0.0296353989 -0.0272454662 -0.00848170042
v 0.0295196133 -0.0272478027 -0.00805826426
v 0.0295055609 -0.0272400303 -0.00799011946
v 0.0295215922 -0.0271728916 -0.00774391413
v 0.0295149593 -0.0270844955 -0.0074837923
v 0.0295115976 -0.0269990654 -0.00728974104
v 0.0295276623 -0.0269655151 -0.00723550797
v 0.0295205479 -0.0268239899 -0.00698722363
v 0.029740675 -0.0267405529 -0.00700766802
v 0.0295298224 -0.0267487163 -0.00688180447
v 0.0295110731 -0.0266558571 -0.00674814701
v 0.0295233088 -0.0264922638 -0.0065638566
v 0.0295140915 -0.0264242096 -0.00648883581
v 0.0295433025 -0.0262484474 -0.00633506775
v 0.0295282393 -0.0261453838 -0.00624202251
v 0.0295192556 -0.0259950085 -0.00612273932
v 0.0295103102 -0.0258165474 -0.00599566221
v 0.0296692591 -0.0257492657 -0.00600505114
v 0.0296496611 -0.025748312 -0.00599724531
v 0.0297458677 -0.0254993076 -0.0058797884
v 0.0295527487 -0.0253865833 -0.00574986219
v 0.0297499352 -0.0252409573 -0.00574056149
v 0.0295018129 -0.0249454136 -0.00550907612
v 0.0296463614 -0.0248008556 -0.0054997015
v 0.0296864443 -0.0247607822 0.00488558292
v 0.0295644312 -0.0248827953 0.00500411034
v 0.0297187739 -0.0247284431 -0.00550097704
v 0.029746335 -0.0247008915 0.00482407808
v 0.0297494869 -0.0227648182 -0.00340704203
v 0.0295168095 -0.0225350113 -0.0034100771
v 0.0295891981 -0.0206153889 -0.0779940319
v 0.0295134859 -0.0206910915 -0.0729943156
v 0.0297112398 -0.0204933472 -0.0779865742
v 0.0297236519 -0.0204809303 -0.0729712319
v 0.0299815064 -0.0270657177 -0.00884232998
v 0.0297561436 -0.027188303 -0.0087304616
v 0.0297617846 -0.027191412 -0.00848811865
v 0.0297565155 -0.0271782513 -0.00824714184
v 0.0297821741 -0.0271272392 -0.00799430847
v 0.0297511559 -0.0270763035 -0.0077374649
v 0.0299504595 -0.026999342 -0.00780937433
v 0.0297577744 -0.0269960899 -0.00751711845
v 0.029785121 -0.0269692726 -0.00748265266
v 0.0297595005 -0.0268715019 -0.00724725008
v 0.029752367 -0.0267475624 -0.00702736139
v 0.0297688608 -0.0267189999 -0.00699577808
v 0.0297609024 -0.0265365333 -0.00674217701
v 0.0298941784 -0.0264987202 -0.00678475618
v 0.02982024 -0.02649934 -0.00673501253
v 0.0297502642 -0.0263161201 -0.00649395466
v 0.0299772577 -0.0262497063 -0.00656244993
v 0.0297906761 -0.0262483997 -0.0064499402
v 0.0297693424 -0.0260193462 -0.00624102354
v 0.0298996811 -0.0259974785 -0.00628855944
v 0.0297826033 -0.0259995956 -0.00623162985
v 0.0299859839 -0.0257320232 -0.00613592386
v 0.0297602491 -0.0256802292 -0.0059957242
v 0.0299996357 -0.0254838962 -0.00598443747
v 0.0299895697 -0.0252214451 -0.00583594799
v 0.0297913151 -0.0252218075 -0.00574724436
v 0.0299895649 -0.0249921913 -0.00572855473
v 0.0297670155 -0.0246802063 -0.00550403595
v 0.0299213343 -0.0245258922 0.00463083029
v 0.0298054581 -0.0246417637 0.00476110458
v 0.0299584942 -0.0244887276 -0.00553371906
v 0.0299780445 -0.0244691772 0.00456357002
v 0.0299680882 -0.0230117054 -0.0034364152
v 0.0297682314 -0.0227847309 -0.00340827703
v 0.0298331719 -0.0203714104 -0.0779761314
v 0.0297585659 -0.0204460163 -0.0729656625
v 0.0299549561 -0.0202496261 -0.077962718
v 0.0299670868 -0.0202374954 -0.0729219747
v 0.0300889473 -0.0270090027 -0.00880292654
v 0.030040968 -0.0270417805 -0.00874954224
v 0.0300426607 -0.0270491047 -0.00848460436
v 0.0300352697 -0.0270376606 -0.00824365139
v 0.0300079661 -0.0270111198 -0.00798388481
v 0.0302200728 -0.0269325848 -0.00875267267
v 0.0302458458 -0.0269165726 -0.00874249935
v 0.0301427775 -0.0269907112 -0.00849479198
v 0.0301272516 -0.0269831581 -0.00823237181
v 0.0300556927 -0.0269856186 -0.00798979521
v 0.0300116091 -0.0269443054 -0.00773592472
v 0.0300305061 -0.0268398113 -0.00748137951
v 0.0302456646 -0.0267477054 -0.00758547306
v 0.030089262 -0.0267478294 -0.00735666752
v 0.0300231915 -0.0267257805 -0.00723705292
v 0.0300119906 -0.0265782375 -0.00698554039
v 0.0302146416 -0.0264985008 -0.00706545353
v 0.0300761252 -0.0264967365 -0.00692743301
v 0.0300226097 -0.0263829441 -0.00673952579
v 0.0302381163 -0.0262426014 -0.00675486326
v 0.0301000052 -0.0262490673 -0.006648736
v 0.0300195246 -0.0261468525 -0.00648972988
v 0.0301171141 -0.0259988518 -0.00642069101
v 0.0300126248 -0.0258671875 -0.00624869347
v 0.0302324371 -0.0257416172 -0.00629267216
v 0.0301605444 -0.0257466812 -0.00624859571
v 0.0302325707 -0.0254983349 -0.00612738371
v 0.0300194912 -0.0254796524 -0.00599216938
v 0.0302323132 -0.0252442093 -0.00598212242
v 0.0300115519 -0.0250119419 -0.00574814796
v 0.0302473908 -0.0249811382 -0.00586647511
v 0.0300492506 -0.0249706478 -0.00574960947
v 0.0302450113 -0.024740736 -0.00577153444
v 0.0302048378 -0.0247464676 -0.00574926138
v 0.0300058727 -0.024441349 -0.00554545641
v 0.0301963501 -0.0242508716 0.0042808485
v 0.0302157621 -0.0242314548 -0.00561925888
v 0.0302487021 -0.0241985149 0.0042068553
v 0.0301864081 -0.0232961864 -0.00350251198
v 0.0301542597 -0.02325144 -0.00349012613
v 0.0300030403 -0.0230544205 -0.00344432831
v 0.0300765638 -0.0201280231 -0.0779463291
v 0.030001648 -0.0202029343 -0.0729129887
v 0.0302075176 -0.0199970646 -0.0728489065
v 0.0304705219 -0.026761877 -0.00864928007
v 0.0302867823 -0.0268983478 -0.00848571777
v 0.0302725821 -0.0268929119 -0.00824696779
v 0.030283988 -0.0268445511 -0.00799426794
v 0.0302762728 -0.0267843456 -0.00774746656
v 0.0304946261 -0.0267435284 -0.00863875628
v 0.0304941731 -0.0267430515 -0.00837212563
v 0.0304961615 -0.0267280311 -0.00822312117
v 0.0304149418 -0.0267496414 -0.0079857707
v 0.0302554541 -0.0267490597 -0.00760612726
v 0.0302820854 -0.026684267 -0.00749274015
v 0.030262063 -0.0265768928 -0.00724893808
v 0.0304925423 -0.0264972992 -0.00743707418
v 0.03037288 -0.0264900894 -0.00724217653
v 0.0302636271 -0.0264070816 -0.006985116
v 0.0304972868 -0.0262311764 -0.00701004267
v 0.0302871256 -0.0262490101 -0.00680704355
v 0.0302588492 -0.026214468 -0.00674163103
v 0.0304975109 -0.0259776611 -0.00671691656
v 0.0302795725 -0.0259523888 -0.00649837732
v 0.0304950361 -0.0257399006 -0.00649859905
v 0.0302745752 -0.0256362553 -0.00624618292
v 0.0304903441 -0.0254873295 -0.00630876303
v 0.0304096155 -0.0254812641 -0.00624083042
v 0.0304978829 -0.0252329941 -0.00616190195
v 0.0302707558 -0.0252289505 -0.00599838018
v 0.0304873114 -0.0249745674 -0.00602738857
v 0.030451663 -0.0249714298 -0.00599954605
v 0.0304985266 -0.0247464294 -0.00594586372
v 0.0302787047 -0.0245985432 -0.00574640989
v 0.0304984503 -0.0244890995 -0.00586714983
v 0.030333746 -0.0244832725 -0.00574972868
v 0.0304914408 -0.0242386455 -0.00580822468
v 0.0302615337 -0.024185688 -0.00564026594
v 0.0304001789 -0.0240470428 0.00397728682
v 0.0303506355 -0.0240965862 0.0040550518
v 0.0304626541 -0.0239845676 -0.00575514555
v 0.0304737358 -0.0237583942 -0.00366771221
v 0.030496357 -0.0239508648 0.00381814957
v 0.0303237944 -0.023501236 -0.00356776953
v 0.0302642565 -0.0234094067 -0.00353687048
v 0.0303190832 -0.0198855038 -0.0779046488
v 0.0302754955 -0.0199290867 -0.0728237033
v 0.0304771118 -0.0197274704 -0.0727366996
v 0.0307472973 -0.0265270157 -0.00852122068
v 0.0305228405 -0.0267241974 -0.00848138332
v 0.0305029039 -0.0267252464 -0.00824482441
v 0.0305059557 -0.0266810245 -0.00799340725
v 0.0305235462 -0.0265930481 -0.00773063421
v 0.030743187 -0.0264852447 -0.00805130243
v 0.0307185774 -0.0264948006 -0.00798793316
v 0.0306521301 -0.0264845772 -0.00774053097
v 0.0305264263 -0.0264970226 -0.00749678612
v 0.0305208616 -0.0263637657 -0.00723721504
v 0.0307382708 -0.0262491531 -0.00739950418
v 0.0306761437 -0.0262239666 -0.00724889755
v 0.0305201607 -0.0261986275 -0.00699505806
v 0.0307370882 -0.0259854526 -0.00700909853
v 0.0307222872 -0.0259876938 -0.00699147701
v 0.030514863 -0.0259766884 -0.00673369646
v 0.0307338839 -0.0257273216 -0.00673296213
v 0.0305244618 -0.0257063599 -0.00649817467
v 0.0307446556 -0.0254723568 -0.00653672457
v 0.0306885176 -0.0254898281 -0.00649121284
v 0.030503624 -0.0253738327 -0.0062475419
v 0.0307342272 -0.0252286358 -0.00636738062
v 0.0305982428 -0.0252270527 -0.0062412858
v 0.0307475929 -0.0249825973 -0.00625162601
v 0.0307282524 -0.0249935551 -0.00623848915
v 0.0305052071 -0.0248668213 -0.00599600077
v 0.0307330637 -0.0247377891 -0.00613731146
v 0.0305695229 -0.0247197552 -0.00599145412
v 0.0307417946 -0.024429142 -0.00605330706
v 0.0306652241 -0.0244698162 -0.00599569798
v 0.0307444744 -0.0242371769 -0.00601741791
v 0.0307194166 -0.0242224235 -0.0059924078
v 0.0305060463 -0.0239411755 -0.005785079
v 0.0305463772 -0.0239008446 -0.0037307477
v 0.0306798344 -0.0237673874 -0.00347980976
v 0.0306766443 -0.0237705727 0.00348613262
v 0.0306331139 -0.0238141079 0.00357079268
v 0.0307137232 -0.0237335033 -0.00595704317
v 0.03072223 -0.023724987 -0.00339401007
v 0.030719121 -0.023728096 0.00340040922
v 0.0305604344 -0.0196441479 -0.0778511477
v 0.0305103474 -0.0196942348 -0.0727205539
v 0.0307072001 -0.0194973774 -0.0726139402
v 0.0307690697 -0.0265060253 -0.00851039886
v 0.0307532435 -0.0265214081 -0.00849400043
v 0.0307530146 -0.0265009231 -0.00819765329
v 0.0309940033 -0.0262615127 -0.00839037418
v 0.030767129 -0.0264927215 -0.00824040413
v 0.0307613831 -0.0264541645 -0.00799056053
v 0.0307768755 -0.0263671989 -0.00774892092
v 0.0307582169 -0.0262782688 -0.00749488354
v 0.0309972649 -0.0262376137 -0.00818841457
v 0.0309585314 -0.0262409992 -0.00798075676
v 0.0308871203 -0.026244709 -0.00773566961
v 0.0307972078 -0.0262384338 -0.00749738216
v 0.0307753687 -0.0261114807 -0.00723737478
v 0.030996974 -0.0259884663 -0.00747087955
v 0.0308834772 -0.0259894867 -0.00724361181
v 0.0307570105 -0.0259493561 -0.00699340105
v 0.0309949617 -0.0257210846 -0.00709038258
v 0.0309083824 -0.0257486362 -0.00698408842
v 0.0307511501 -0.0257234402 -0.00674976826
v 0.0309977083 -0.0254803104 -0.00685562849
v 0.0309152775 -0.0254782886 -0.00674133301
v 0.030773118 -0.025368454 -0.00649442911
v 0.0309922056 -0.0252413769 -0.0066664362
v 0.0308522825 -0.0252398033 -0.00649743795
v 0.0309884625 -0.024990036 -0.00651360989
v 0.0309744101 -0.0249762268 -0.00648971558
v 0.0307693796 -0.024929573 -0.00624835014
v 0.0309882526 -0.0247161217 -0.00639187813
v 0.0308467131 -0.0247438831 -0.00624898911
v 0.0309962731 -0.0244941826 -0.00632924557
v 0.030924676 -0.0244902153 -0.00624901772
v 0.0309984713 -0.0242384834 -0.00627631903
v 0.0309721165 -0.0241912193 -0.00623960257
v 0.0309961205 -0.0239809437 -0.00624675512
v 0.0307507115 -0.0239005871 -0.00599087238
v 0.0309984474 -0.0236916275 -0.00625442743
v 0.0307727842 -0.0236744327 -0.00601563215
v 0.0307532721 -0.0236939545 -0.0059957552
v 0.030763567 -0.0236836548 -0.00330717802
v 0.0308038263 -0.0236434002 -0.00321933985
v 0.0309180098 -0.0235292072 -0.00295005322
v 0.0309153061 -0.0235319157 0.00295681238
v 0.0308782702 -0.0235689468 0.00304744244
v 0.0307605391 -0.0236866875 0.00331365347
v 0.0309752112 -0.0234720154 -0.0062565279
v 0.0309577732 -0.0234894485 -0.00623298883
v 0.0309538393 -0.0234933777 -0.00285845995
v 0.0309859972 -0.0234612198 0.00277288198
v 0.0308003407 -0.0194042416 -0.0777858877
v 0.0309196596 -0.0192849178 -0.0777488708
v 0.0307717781 -0.0194328041 -0.0725747371
v 0.0308992128 -0.0193053646 -0.0724909258
v 0.0309620218 -0.0192425556 -0.0724463487
v 0.0311737805 -0.0260199661 -0.00828072071
v 0.0310113793 -0.0262265797 -0.00823060513
v 0.0310364227 -0.0261477966 -0.00798440933
v 0.0310021811 -0.0261111088 -0.00774181366
v 0.0312068014 -0.0259696979 -0.00825881958
v 0.0312388306 -0.025918829 -0.00823694468
v 0.0311836844 -0.0259503956 -0.00799064875
v 0.0311114674 -0.0259692688 -0.00774709463
v 0.0310085373 -0.025984251 -0.00749038696
v 0.0310068827 -0.0258188267 -0.00723199844
v 0.0312403803 -0.0257414455 -0.00767453432
v 0.0311772184 -0.025745718 -0.00749861956
v 0.031071518 -0.0257266159 -0.00723508835
v 0.0310013991 -0.0256162472 -0.00698812723
v 0.031245554 -0.0254672642 -0.0072794342
v 0.0312208061 -0.0254813023 -0.00724211454
v 0.0310885458 -0.0254762859 -0.00699177265
v 0.0310222797 -0.025296318 -0.00674478292
v 0.0312486296 -0.025246212 -0.00706749201
v 0.0312189083 -0.0252271194 -0.00699770689
v 0.0310472756 -0.02524893 -0.006745646
v 0.0312411575 -0.0249850864 -0.00686657906
v 0.0311663179 -0.0249598808 -0.00673509359
v 0.0310137825 -0.0248833961 -0.00649213552
v 0.0312399988 -0.024741518 -0.00673755407
v 0.0310675554 -0.0247274418 -0.00649182558
v 0.0312433653 -0.0244997711 -0.00665288448
v 0.0311394768 -0.0244695873 -0.00649839163
v 0.0312399225 -0.0242488785 -0.00658862829
v 0.0311816244 -0.0241499634 -0.00649194241
v 0.0312428503 -0.0239828892 -0.00656588554
v 0.0311964016 -0.0239073677 -0.00649796963
v 0.0310003882 -0.0238663311 -0.00624910593
v 0.0312440186 -0.0237333031 -0.00657586813
v 0.0311877375 -0.0236967106 -0.00649741411
v 0.0311378508 -0.0233093662 -0.00650849104
v 0.0310094719 -0.0234377499 -0.00630455017
v 0.0310220795 -0.0234251423 -0.00267268896
v 0.0310856991 -0.0233615227 -0.00248366356
v 0.0311722832 -0.0232749386 -0.00219453096
v 0.0311968308 -0.023250391 0.0021040535
v 0.0311425095 -0.0233047123 0.00229879141
v 0.0310521107 -0.0233951111 0.00258557796
v 0.0312103825 -0.0232368393 -0.00664442778
v 0.0311987524 -0.0232484646 -0.00209677935
v 0.0312240152 -0.0232232113 -0.00199838877
v 0.0312463169 -0.0232009048 0.00190675259
v 0.0312221842 -0.0232250423 0.00200570822
v 0.0310385065 -0.0191660709 -0.0777089453
v 0.0310241966 -0.0191803856 -0.0724000168
v 0.0312066298 -0.0189979477 -0.0722506666
v 0.0312364082 -0.018968174 -0.0722242904
v 0.0313288765 -0.0257627697 -0.00817155123
v 0.0312526732 -0.0258463783 -0.00799338102
v 0.031446579 -0.0255199451 -0.00807444096
v 0.0313183003 -0.0257389469 -0.00799595594
v 0.031269577 -0.0257219143 -0.00773453951
v 0.031258667 -0.0255991096 -0.00748358727
v 0.0314920454 -0.0254090519 -0.00803180456
v 0.0314592199 -0.0254646511 -0.00798178196
v 0.0314168339 -0.0254485626 -0.00774153948
v 0.0313164263 -0.0254933853 -0.00748645067
v 0.031275075 -0.0253774948 -0.00724484444
v 0.0314921503 -0.0252431412 -0.00768762112
v 0.0314452248 -0.0252155514 -0.00749392748
v 0.0313499527 -0.0252162666 -0.00724919319
v 0.0312518673 -0.0251312561 -0.00698266745
v 0.0314916401 -0.0249805756 -0.00738675117
v 0.0314452438 -0.0249433918 -0.00723875761
v 0.0313154535 -0.0249700756 -0.00698692322
v 0.0314922934 -0.024729845 -0.00720962524
v 0.0313873034 -0.0247465439 -0.00699391127
v 0.0312552862 -0.0247029037 -0.00674460173
v 0.0314965897 -0.0244919987 -0.00710769176
v 0.0314436226 -0.0244935722 -0.0069961381
v 0.0313092451 -0.0244340439 -0.00673615217
v 0.0314997416 -0.0242056389 -0.00703869343
v 0.0314699774 -0.0242463798 -0.0069832921
v 0.0313418179 -0.0241695709 -0.00673555136
v 0.0314935093 -0.0239500732 -0.00700654745
v 0.031484726 -0.0239647407 -0.00698779583
v 0.0313558083 -0.0239154644 -0.00674442291
v 0.0314941816 -0.0236658497 -0.00704133034
v 0.0314720707 -0.0237123985 -0.00698374271
v 0.0313408976 -0.0236734123 -0.00673977613
v 0.0314998131 -0.0234459801 -0.00712486506
v 0.0314405756 -0.0234592457 -0.00698442698
v 0.0313151198 -0.0234509678 -0.00674538136
v 0.031445921 -0.0230013008 -0.00727521896
v 0.0313697414 -0.0230774803 -0.00702458143
v 0.031263979 -0.0231832428 -0.00675747156
v 0.0312509518 -0.02319627 -0.0067288661
v 0.031270874 -0.0231763477 -0.00179981232
v 0.0312924605 -0.0231547661 -0.00169968605
v 0.0313319092 -0.0231153126 -0.00149791479
v 0.0313816958 -0.0230655308 -0.00119191647
v 0.0314085655 -0.0230386562 -0.000986051559
v 0.031439312 -0.0230079098 -0.000675082207
v 0.0314464693 -0.0230007477 0.00057870388
v 0.0314296274 -0.0230175991 0.000786685944
v 0.0313947659 -0.0230524559 0.00109678507
v 0.0313651733 -0.0230820484 0.00130190134
v 0.0313305359 -0.0231166859 0.00150543213
v 0.0312692242 -0.0231779976 0.0018072176
v 0.0314662533 -0.0229809685 -0.0780000019
v 0.0314591818 -0.0229880447 -0.0779999971
v 0.0314943199 -0.0229529018 -0.0729998422
v 0.0314542322 -0.0229929943 -0.00730732918
v 0.0314533978 -0.022993824 -0.000466690063
v 0.0314648705 -0.0229823513 -0.000153114796
v 0.0314660673 -0.0229811592 5.6219101e-05
v 0.0314620953 -0.0229851265 0.000265488625
v 0.0312746554 -0.0189299316 -0.0776204109
v 0.0312660008 -0.0189385815 -0.0721974969
v 0.031467679 -0.0187369079 -0.0719984889
v 0.0315233259 -0.0253248138 -0.00800008774
v 0.0315428238 -0.0252681942 -0.00797907829
v 0.0316169195 -0.0250093002 -0.00788610697
v 0.0315176373 -0.0252161045 -0.00774755955
v 0.0315108042 -0.0250403042 -0.00749909639
v 0.0316637402 -0.0247750397 -0.00780608416
v 0.0315939646 -0.0249829788 -0.00773476362
v 0.0315211992 -0.0249905224 -0.00748151541
v 0.0316839581 -0.0246275635 -0.00775756121
v 0.0316951971 -0.0245093079 -0.00771964073
v 0.0315903597 -0.0247472019 -0.00749033451
v 0.0315130406 -0.0247076149 -0.00724728823
v 0.0317046909 -0.0242729111 -0.00764639139
v 0.0316439896 -0.0244441051 -0.00748523712
v 0.031554349 -0.0244806404 -0.00724072695
v 0.0316950493 -0.0240088005 -0.00756849289
v 0.0316670446 -0.024241888 -0.00749362946
v 0.0315874605 -0.0242092056 -0.00724782705
v 0.0316688185 -0.0237763519 -0.00750334024
v 0.0316671305 -0.0238108654 -0.0074886322
v 0.0315898686 -0.023934185 -0.0072362566
v 0.0316264753 -0.0235464687 -0.00744200706
v 0.0315818768 -0.0237162037 -0.00724590063
v 0.0315517168 -0.023265049 -0.00737118244
v 0.0315484886 -0.0234535713 -0.00724775076
v 0.0315153341 -0.0231549282 -0.00734477758
v 0.0315884047 -0.0228588219 -0.0779985094
v 0.0316698961 -0.0227773304 -0.0729916978
v 0.0317105179 -0.0227367039 -0.0779940319
v 0.0317400103 -0.0227072067 -0.0729849887
v 0.0315084963 -0.0186960907 -0.0775203991
v 0.0316244631 -0.0185801144 -0.0774661207
v 0.0315234547 -0.0186811275 -0.0719380307
v 0.0316855316 -0.0185190506 -0.0717474222
v 0.0317397528 -0.0184648247 -0.0774090195
v 0.0317117529 -0.0184928341 -0.0717143393
v 0.0318325596 -0.0226146622 -0.0779865742
v 0.0319147616 -0.0225324554 -0.0729596043
v 0.0319544916 -0.0224927349 -0.0779761314
v 0.0319843798 -0.0224628467 -0.0729460168
v 0.0318543272 -0.0183502502 -0.0773491096
v 0.031763485 -0.0184410972 -0.071647079
v 0.0318885975 -0.0183159847 -0.0714726806
v 0.0319681578 -0.0182364292 -0.0772864103
v 0.0319606714 -0.018243906 -0.0713638973
v 0.0320762806 -0.0223709412 -0.077962718
v 0.032191885 -0.0222553368 -0.0728935575
v 0.0321978836 -0.0222493381 -0.0779463291
v 0.0322262411 -0.0222209854 -0.0728831172
v 0.0320811968 -0.0181233807 -0.0772209358
v 0.0320074349 -0.0181971474 -0.0712897086
v 0.0320531397 -0.0181514377 -0.0712142181
v 0.0321837788 -0.0180208034 -0.0709802532
v 0.0322251015 -0.0179794807 -0.0708998704
v 0.0323192673 -0.0221279545 -0.0779269695
v 0.032430666 -0.0220165558 -0.0728103852
v 0.0324980812 -0.0219491405 -0.0727823257
v 0.0323048 -0.0178997822 -0.0770817566
v 0.0322652893 -0.0179392929 -0.0708183384
v 0.0323043232 -0.017900259 -0.0707356954
v 0.0324143438 -0.0177902336 -0.0704814124
v 0.0324652891 -0.0177392979 -0.0703509045
v 0.0325612431 -0.0218859787 -0.0778793716
v 0.0325650911 -0.0218821354 -0.072752378
v 0.0326647835 -0.0217824383 -0.0727039409
v 0.0327306538 -0.021716568 -0.0726693225
v 0.0325248699 -0.0176797123 -0.0769317389
v 0.0325134592 -0.0176911278 -0.0702183056
v 0.0325874596 -0.0176171226 -0.0699929881
v 0.0326656847 -0.0175389023 -0.0697161603
v 0.0327411442 -0.017463438 -0.076771059
v 0.0327456837 -0.0172541351 -0.0698374271
v 0.032708848 -0.0172651405 -0.0695000005
v 0.0327218609 -0.0174827213 -0.0694807696
v 0.0327337484 -0.0173450107 -0.0395427787
v 0.0327444868 -0.0170075436 -0.0700375509
v 0.0327270155 -0.0170114632 -0.0699883533
v 0.032647274 -0.0170293445 -0.0695000005
v 0.0326980286 -0.0172281856 -0.0395327961
v 0.0327411966 -0.0167687054 -0.0701339269
v 0.0326830464 -0.0167775459 -0.0699883533
v 0.0326022558 -0.0167898388 -0.0695000005
v 0.0326389294 -0.0169911499 -0.0395108968
v 0.0326156168 -0.0168712253 -0.0394990066
v 0.032749012 -0.0165335102 -0.0702042079
v 0.0326554661 -0.0165411396 -0.0699883533
v 0.0325740128 -0.0165477772 -0.0695000005
v 0.0325885325 -0.0166899986 -0.0394800362
v 0.0327382498 -0.0163022919 -0.0702042079
v 0.0326444035 -0.0163033886 -0.0699883533
v 0.0325626831 -0.0163043423 -0.0695000005
v 0.0325672417 -0.0164466305 -0.0394527051
v 0.0327474623 -0.0160131187 -0.0702042079
v 0.0326538735 -0.016006052 -0.0699883533
v 0.0325683241 -0.0160606975 -0.0695000005
v 0.0325629788 -0.0162023754 -0.0394231683
v 0.0327493982 -0.0157796116 -0.0701575565
v 0.032680047 -0.0157694836 -0.0699883533
v 0.032599185 -0.0157576771 -0.0695000005
v 0.0325757628 -0.0159584064 -0.0393915698
v 0.0327494936 -0.0155411644 -0.0700619102
v 0.0327226191 -0.0155353088 -0.0699883533
v 0.0326427727 -0.0155179043 -0.0695000005
v 0.0326055365 -0.0157159347 -0.0393580639
v 0.0327443104 -0.0154792805 -0.0700130296
v 0.0327457123 -0.015294239 -0.0698628831
v 0.0327029448 -0.0152817459 -0.0695000005
v 0.0326521521 -0.0154761238 -0.0393228135
v 0.0327468615 -0.0152315922 -0.0697862124
v 0.0327391605 -0.0151653786 -0.0695000005
v 0.0327153807 -0.0152401562 -0.0392859903
v 0.0328019075 -0.0216453094 -0.0778199816
v 0.0329251747 -0.021522047 -0.0725544572
v 0.0329888992 -0.0214583225 -0.072512548
v 0.0329351597 -0.0178350754 -0.0697669554
v 0.0328975229 -0.0177578277 -0.0696909738
v 0.0329721289 -0.0179066105 -0.0395825568
v 0.0328259878 -0.0175958843 -0.0695012164
v 0.0327935104 -0.0175140972 -0.0693855691
v 0.0328903704 -0.0177426166 -0.0395724368
v 0.0328477793 -0.0173568077 -0.0766867781
v 0.0329302483 -0.0172743339 -0.0702601194
v 0.0328351622 -0.0173694153 -0.0700072312
v 0.0327857237 -0.0174188633 -0.0697669983
v 0.0327657156 -0.0174388618 -0.0695000005
v 0.0327657156 -0.0174388618 -0.0692635036
v 0.0327735214 -0.0174605293 -0.0395520997
v 0.0329560213 -0.0172485657 -0.0703125644
v 0.0327738123 -0.0170009727 -0.0701101041
v 0.0327550583 -0.017127058 -0.0699883533
v 0.0329917793 -0.0167854328 -0.070503695
v 0.0328557806 -0.0167512722 -0.0703387904
v 0.0327881842 -0.0167615528 -0.0702272153
v 0.0329936104 -0.0165135784 -0.0705419874
v 0.0329407339 -0.016517889 -0.0704840875
v 0.0327614622 -0.0165324993 -0.0702272153
v 0.0329836445 -0.0162994213 -0.0705419874
v 0.0329305964 -0.0163000412 -0.0704840875
v 0.0327507429 -0.0163021393 -0.0702272153
v 0.0329921799 -0.0160316009 -0.0705419874
v 0.0329392748 -0.016027605 -0.0704840875
v 0.0327599173 -0.0160140629 -0.0702272153
v 0.0329887276 -0.0157597656 -0.070503695
v 0.0329716091 -0.0157569523 -0.0704840875
v 0.0327852802 -0.0157848568 -0.0702272153
v 0.0329979591 -0.0157063217 -0.070503695
v 0.032997797 -0.0155391903 -0.0704641819
v 0.0328393011 -0.01550173 -0.0702272153
v 0.0329967337 -0.0152504845 -0.0703603649
v 0.0329001217 -0.015279295 -0.0702272153
v 0.0327813892 -0.0153046627 -0.0699883533
v 0.0329882841 -0.0150663013 -0.070250001
v 0.0329976635 -0.01500807 -0.0702272153
v 0.0328771715 -0.0150230236 -0.0699883533
v 0.0327794056 -0.0150503464 -0.0695000005
v 0.0327531319 -0.01512397 -0.0392670447
v 0.0327949123 -0.0150091667 -0.0392477736
v 0.0329960852 -0.014816124 -0.0700619102
v 0.0329970961 -0.0147507591 -0.0699883533
v 0.0328973084 -0.0147694988 -0.0695000005
v 0.0328173046 -0.0149523373 -0.0392380235
v 0.0329996948 -0.014617073 -0.0697604728
v 0.0329796248 -0.014606287 -0.0695000005
v 0.0329166679 -0.0147291584 -0.039198328
v 0.0330409794 -0.0214062424 -0.0777488708
v 0.0331763535 -0.0212708683 -0.0723761988
v 0.0332375174 -0.0212096996 -0.0723272657
v 0.0331828051 -0.0182526894 -0.0700571609
v 0.0332308846 -0.0183207054 -0.0396016747
v 0.0331140165 -0.0181492348 -0.0700019646
v 0.0330341606 -0.0180183048 -0.0699172354
v 0.0331608133 -0.0182206268 -0.0395979825
v 0.0330103808 -0.0179766006 -0.0698864269
v 0.0330012779 -0.0179602928 -0.0395855764
v 0.0330578737 -0.0171467037 -0.0765104675
v 0.0331612759 -0.0170433063 -0.0764184904
v 0.033070281 -0.0171343059 -0.0705018592
v 0.0330018883 -0.0172026939 -0.0703962183
v 0.0332161265 -0.0169884605 -0.0706690383
v 0.0330062895 -0.0169488354 -0.0704840875
v 0.0331486158 -0.0165009422 -0.0706820154
v 0.0332456808 -0.01629636 -0.0707580066
v 0.0332238512 -0.0162966175 -0.070743556
v 0.0332478027 -0.0161492557 -0.0707580066
v 0.0332358675 -0.0160004349 -0.070743556
v 0.0332482128 -0.0157518215 -0.0707287288
v 0.0332495909 -0.015546772 -0.0706979537
v 0.0330143433 -0.0155431003 -0.0704840875
v 0.0332457523 -0.0152780552 -0.0706320643
v 0.0330885201 -0.0152808113 -0.0704840875
v 0.0332339554 -0.0150469322 -0.0705419874
v 0.0331852131 -0.0150259704 -0.0704840875
v 0.0332457285 -0.0149339504 -0.070503695
v 0.0332482891 -0.01481353 -0.0704439807
v 0.033092473 -0.0147978039 -0.0702272153
v 0.0332421475 -0.0145518608 -0.070250001
v 0.033231123 -0.0145451755 -0.0702272153
v 0.0331097775 -0.0145411415 -0.0699883533
v 0.0330089407 -0.0145528717 -0.0695000005
v 0.0330012779 -0.0145666237 -0.0391679114
v 0.0332440071 -0.0143447704 -0.0700130296
v 0.0332457047 -0.014273283 -0.0698882294
v 0.0331692295 -0.0142938633 -0.0695000005
v 0.0330623608 -0.014460823 -0.0391473725
v 0.0332395535 -0.0141943283 -0.0695000005
v 0.0332308846 -0.0142062111 -0.039095296
v 0.0332781725 -0.021169054 -0.0776661205
v 0.0333279495 -0.0211192722 -0.0722506666
v 0.0334459334 -0.0210012836 -0.0721426678
v 0.0334749489 -0.0209722729 -0.0721146393
v 0.0333785896 -0.0185097999 -0.0701507354
v 0.0334614401 -0.0186054153 -0.03960834
v 0.0332585268 -0.0183582039 -0.0701032424
v 0.0333424358 -0.018466074 -0.0396058375
v 0.0332635431 -0.0169410438 -0.0763240004
v 0.0333646374 -0.0168399448 -0.076227026
v 0.0333185558 -0.0168860264 -0.0707582283
v 0.0332538347 -0.0169507427 -0.0707040119
v 0.03346453 -0.0167400474 -0.0761275959
v 0.0334630804 -0.0167415066 -0.0708552027
v 0.0332559471 -0.0166903992 -0.070743556
v 0.0334765272 -0.0162936611 -0.0708807564
v 0.0334874706 -0.0160238476 -0.0708807564
v 0.0334944372 -0.015796587 -0.0708703184
v 0.0332694368 -0.0157556839 -0.070743556
v 0.0334890823 -0.015511467 -0.0708365107
v 0.0333241634 -0.0155147667 -0.070743556
v 0.033499897 -0.0152655334 -0.0707990384
v 0.0333996277 -0.0152795238 -0.070743556
v 0.0334944515 -0.0151055832 -0.0707580066
v 0.0334952574 -0.0150517292 -0.070743556
v 0.0334848242 -0.0147599049 -0.0706320643
v 0.0333037024 -0.0147804947 -0.0704840875
v 0.0334877186 -0.0145106716 -0.070503695
v 0.0334733801 -0.0145009155 -0.0704840875
v 0.033491972 -0.0143096466 -0.0703603649
v 0.0334257345 -0.0142593021 -0.0702272153
v 0.0332707052 -0.014290945 -0.0699883533
v 0.0334923344 -0.014238369 -0.0702948785
v 0.0334981804 -0.0140163441 -0.0700130296
v 0.0334916048 -0.0140105934 -0.0699883533
v 0.0333903818 -0.0140029068 -0.0695000005
v 0.0332672196 -0.0141571064 -0.0390847808
v 0.0334991722 -0.0139370842 -0.0698374271
v 0.033470705 -0.0139112492 -0.0695000005
v 0.0334209614 -0.0139672489 -0.039042494
v 0.0335132008 -0.020934021 -0.0775718355
v 0.0335607939 -0.0208864326 -0.0720281243
v 0.0336723404 -0.0207748814 -0.0719072175
v 0.0337457876 -0.0207014389 -0.0774661207
v 0.033726819 -0.0207204075 -0.0718444347
v 0.0336079245 -0.0187584991 -0.070179193
v 0.0337204867 -0.0188644619 -0.03960834
v 0.0335069494 -0.0186548633 -0.0701753354
v 0.0335875731 -0.0187383289 -0.0396091747
v 0.0335631924 -0.0166413898 -0.0760257435
v 0.0336606007 -0.0165439815 -0.0759214926
v 0.0335022812 -0.016702301 -0.0708757186
v 0.0337148743 -0.0164897079 -0.0709539723
v 0.0337391977 -0.0160064049 -0.0709615541
v 0.0337290316 -0.0157547302 -0.0709488893
v 0.0337340431 -0.0155388183 -0.0709344578
v 0.0337313585 -0.0152608604 -0.0709003711
v 0.0337424641 -0.0150163574 -0.0708594608
v 0.033516777 -0.0150071545 -0.070743556
v 0.0337367087 -0.0147959919 -0.0707990384
v 0.0336356049 -0.0147906418 -0.070743556
v 0.0337338572 -0.0146782322 -0.0707580066
v 0.0337382584 -0.0145598717 -0.0707135248
v 0.0337400513 -0.014298727 -0.0705790091
v 0.033636425 -0.014282486 -0.0704840875
v 0.0337467651 -0.0142341919 -0.0705419874
v 0.0337485724 -0.0140116424 -0.0703603649
v 0.0336099701 -0.0140376491 -0.0702272153
v 0.033747962 -0.0139312191 -0.0702725577
v 0.0337464743 -0.0137612076 -0.0700130296
v 0.0337405377 -0.0137547989 -0.0699883533
v 0.033597043 -0.0137791462 -0.0695000005
v 0.0335027056 -0.0138764591 -0.0390212598
v 0.0337484722 -0.013674366 -0.0697862124
v 0.0337301092 -0.0136538143 -0.0695000005
v 0.0336311417 -0.0137457676 -0.0390000001
v 0.0337128716 -0.0136700649 -0.0389381114
v 0.0338610773 -0.0205861492 -0.0774090195
v 0.0337804012 -0.0206668205 -0.0717801332
v 0.0339355879 -0.0205116386 -0.0715783763
v 0.0339756518 -0.0204715748 -0.0773491096
v 0.0339853888 -0.0204618282 -0.0715082598
v 0.0338856201 -0.0190040989 -0.0701317096
v 0.0339560919 -0.0190586777 -0.0396032462
v 0.0337592154 -0.018898613 -0.0701628613
v 0.0338598232 -0.0189834709 -0.0396058375
v 0.0337567167 -0.0164478607 -0.0758148766
v 0.0338515167 -0.0163530655 -0.0757059288
v 0.0337743025 -0.0164302845 -0.0709682298
v 0.0339814406 -0.0162231464 -0.0709972
v 0.0339888315 -0.0157734032 -0.0709942913
v 0.0339775877 -0.0155340786 -0.0709854031
v 0.0339949684 -0.0152876015 -0.0709724402
v 0.033999217 -0.0150113125 -0.0709418917
v 0.0339899998 -0.0147991676 -0.0709003711
v 0.0339979296 -0.0145168896 -0.0708244205
v 0.0338326626 -0.0145065231 -0.070743556
v 0.0339928417 -0.0143851299 -0.0707720733
v 0.0339972859 -0.014253685 -0.0707135248
v 0.0339961414 -0.0140309544 -0.0705790091
v 0.033895257 -0.0140022392 -0.0704840875
v 0.0339986401 -0.0139542789 -0.0705229974
v 0.0339959984 -0.0137826366 -0.0703603649
v 0.0338987618 -0.0137560005 -0.0702272153
v 0.03399545 -0.0136922378 -0.070250001
v 0.0339968376 -0.0136003132 -0.0701101041
v 0.0339964514 -0.0135018463 -0.0698882294
v 0.0338695364 -0.0135356064 -0.0695000005
v 0.0337662392 -0.0136219711 -0.0390000001
v 0.0338898926 -0.0135231514 -0.0388558862
v 0.033992527 -0.0134965916 -0.0698628831
v 0.0339658337 -0.0134609146 -0.0695000005
v 0.0339560919 -0.0134682293 -0.0390000001
v 0.0339824324 -0.013454668 -0.038815012
v 0.0340894775 -0.0203577442 -0.0772864103
v 0.0341517382 -0.0202954788 -0.0712521243
v 0.0341969137 -0.0202503033 -0.0711759949
v 0.0342025213 -0.0202447052 -0.0772209358
v 0.0342410116 -0.0202062054 -0.0710986137
v 0.0342434006 -0.0192535801 -0.0699609756
v 0.0340029602 -0.0190933437 -0.070089004
v 0.0341879349 -0.0192190761 -0.0699953461
v 0.0342077284 -0.0192316265 -0.0395935616
v 0.0340370588 -0.0161675186 -0.0754811668
v 0.0342042952 -0.0160002918 -0.0714985681
v 0.0340708857 -0.0161337013 -0.0712454939
v 0.0340101605 -0.0161944218 -0.0709987593
v 0.0342169981 -0.0159875793 -0.0752474785
v 0.0342112141 -0.0159933681 -0.071500001
v 0.0342111425 -0.0159934349 -0.0714999986
v 0.0340816574 -0.015990221 -0.0711033773
v 0.0340845184 -0.0159671421 -0.070999999
v 0.034183238 -0.0157499142 -0.0712663221
v 0.0341322689 -0.0157402534 -0.0710412431
v 0.0341344576 -0.0157316036 -0.070999999
v 0.0342223816 -0.0154800625 -0.0710117149
v 0.0342256861 -0.0154720516 -0.070999999
v 0.0342366104 -0.0150204964 -0.0709854031
v 0.034232214 -0.0147689743 -0.0709554434
v 0.0342492228 -0.014559309 -0.0709182787
v 0.034241355 -0.0142958946 -0.0708365107
v 0.0340280228 -0.0142835922 -0.070743556
v 0.0342365532 -0.0141474552 -0.0707720733
v 0.0342437582 -0.0140011139 -0.0706979537
v 0.0342401962 -0.0138276596 -0.0705790091
v 0.0341862373 -0.0137555332 -0.0704840875
v 0.0342403345 -0.013737318 -0.070503695
v 0.0342496567 -0.0135563488 -0.0703169584
v 0.0342196541 -0.0135115452 -0.0702272153
v 0.0340147905 -0.0135263557 -0.0699883533
v 0.0342481976 -0.0134494038 -0.0701575565
v 0.0342480688 -0.0133386249 -0.0699134564
v 0.0342174368 -0.0132892437 -0.0695000005
v 0.0340051966 -0.0134318943 -0.0390000001
v 0.0341259508 -0.013358366 -0.0387541389
v 0.0342246037 -0.0132985802 -0.038713921
v 0.034314745 -0.0201324768 -0.0771527147
v 0.0342840128 -0.0201632042 -0.0710200071
v 0.0344062691 -0.0200409527 -0.070777154
v 0.0344447212 -0.0200025005 -0.070693965
v 0.0344819956 -0.0199652309 -0.0706097126
v 0.0342542915 -0.019260189 -0.0699538636
v 0.0344734793 -0.0193819828 -0.0395793596
v 0.0343047981 -0.0158997841 -0.0751273727
v 0.0344284372 -0.0157701321 -0.0714977241
v 0.034475935 -0.0157286472 -0.0748808122
v 0.0344961958 -0.015701067 -0.0714979982
v 0.0342515974 -0.0155530758 -0.0712443805
v 0.0342829399 -0.0154923744 -0.0712500787
v 0.0342507105 -0.0154166813 -0.0710078883
v 0.0342540054 -0.0154093189 -0.070999999
v 0.0344186239 -0.0152451057 -0.0712502909
v 0.0343487673 -0.0152324028 -0.0710018563
v 0.0343516712 -0.0152274818 -0.070999999
v 0.0344908218 -0.0147863789 -0.0709917831
v 0.0344878655 -0.0145016689 -0.0709554434
v 0.0344879179 -0.0143048401 -0.0709095383
v 0.0344927673 -0.0140054436 -0.0707990384
v 0.0343226032 -0.0140203209 -0.070743556
v 0.0344950609 -0.0139228268 -0.0707580066
v 0.0344895773 -0.0138238068 -0.0706979537
v 0.0344945603 -0.0136348839 -0.0705606604
v 0.0344966011 -0.0135312862 -0.0704641819
v 0.0344988566 -0.0134216518 -0.0703387904
v 0.0344997339 -0.0133023186 -0.0701575565
v 0.034414628 -0.013268568 -0.0699883533
v 0.0342694979 -0.0132575722 -0.0695000005
v 0.0342598133 -0.0132633705 -0.0390000001
v 0.0342640953 -0.0132704945 -0.038758938
v 0.0342747765 -0.0132700367 -0.0386939394
v 0.0344710999 -0.013248064 -0.0700130296
v 0.0344978075 -0.0131693478 -0.0698118687
v 0.034483016 -0.013140089 -0.0695000005
v 0.0343124466 -0.0132323666 -0.0390000001
v 0.0343165999 -0.0132395668 -0.038758938
v 0.0344807654 -0.0131650562 -0.0386150071
v 0.0345366125 -0.0199106045 -0.0770080948
v 0.0346461897 -0.0198010273 -0.0769317389
v 0.0345180731 -0.0199291439 -0.0705244303
v 0.0346190338 -0.0198281879 -0.0702627301
v 0.0346946173 -0.0197526092 -0.0700384641
v 0.0347493534 -0.0196978683 -0.0698553991
v 0.0347468739 -0.0195068092 -0.0694786334
v 0.0345104103 -0.0194005031 -0.0697484684
v 0.0346948891 -0.0194852276 -0.039564817
v 0.0345592194 -0.0156453628 -0.0747544336
v 0.0346409493 -0.015563633 -0.0746260405
v 0.0346801167 -0.0155146522 -0.0714989924
v 0.034721096 -0.0154834862 -0.0744956684
v 0.0347382622 -0.01546632 -0.071500001
v 0.0347120361 -0.0154824371 -0.071499157
v 0.0345016127 -0.0152421303 -0.0713422823
v 0.0345083599 -0.0150045891 -0.07100003
v 0.0345100241 -0.0150025101 -0.070999999
v 0.0346183233 -0.0149827022 -0.0712542534
v 0.0345230894 -0.0149866123 -0.0710000038
v 0.0345380287 -0.0149688167 -0.0709999871
v 0.0347405892 -0.0145592136 -0.0709917831
v 0.0347477131 -0.0143001194 -0.0709554434
v 0.0347376661 -0.0140424557 -0.0708807564
v 0.034747675 -0.0137721462 -0.0707580066
v 0.0347374897 -0.0137528343 -0.070743556
v 0.0347454434 -0.0135424251 -0.0705970311
v 0.0345526009 -0.0135193367 -0.0704840875
v 0.0347210436 -0.0134920044 -0.0705419874
v 0.0347460156 -0.0132832546 -0.0703169584
v 0.0346716862 -0.0132576866 -0.0702272153
v 0.0347294359 -0.013245718 -0.070250001
v 0.0347465782 -0.0131384201 -0.0700619102
v 0.0347359066 -0.0131130714 -0.0699883533
v 0.0347041922 -0.0130377598 -0.0695000005
v 0.0345281487 -0.0131176777 -0.0390000001
v 0.0345317917 -0.0131251449 -0.038758938
v 0.0347489624 -0.0130551166 -0.0385190231
v 0.034754818 -0.0196924038 -0.0768527222
v 0.0349466639 -0.0195005627 -0.0699693561
v 0.034904192 -0.0195430298 -0.0697455168
v 0.0348870401 -0.0195601864 -0.0692635036
v 0.0349808865 -0.0195921535 -0.0395427787
v 0.0349690991 -0.0194781227 -0.0766867781
v 0.0349979572 -0.0194492645 -0.0701342201
v 0.034951623 -0.019495594 -0.0699886298
v 0.0347996407 -0.0154049415 -0.074363358
v 0.0348765545 -0.0153280277 -0.0742291474
v 0.034905961 -0.0152874107 -0.0714998436
v 0.0349586468 -0.0152346249 -0.0714999104
v 0.0347505646 -0.0149784679 -0.0713694549
v 0.0347505598 -0.0148230858 -0.0712211895
v 0.0348802166 -0.0147354431 -0.0712519193
v 0.0347675495 -0.0147392292 -0.0710000205
v 0.0349972229 -0.014570734 -0.070999999
v 0.0349976902 -0.0143282814 -0.0709854031
v 0.0349891834 -0.0140460129 -0.0709265852
v 0.0349981814 -0.0138541145 -0.0708594608
v 0.034995244 -0.0137289734 -0.0707990384
v 0.0349984818 -0.0136083336 -0.0707287288
v 0.0349938755 -0.0134562607 -0.070614717
v 0.0349993401 -0.0133173294 -0.0704840875
v 0.0349968605 -0.0131412525 -0.070250001
v 0.0349926977 -0.0131290455 -0.0702272153
v 0.0349583464 -0.0130284042 -0.0699883533
v 0.0347605543 -0.013014595 -0.0695000005
v 0.0347513228 -0.0130183144 -0.0390000001
v 0.0347544365 -0.01302602 -0.038758938
v 0.0348038702 -0.0130360336 -0.0385002425
v 0.0349148159 -0.0130008335 -0.038463144
v 0.034999836 -0.0129630775 -0.0698118687
v 0.034989789 -0.0129318733 -0.0695000005
v 0.034808157 -0.0129959221 -0.0390000001
v 0.0348089008 -0.0129978676 -0.0388793972
v 0.0348740749 -0.0129984302 -0.0385788301
v 0.0349708204 -0.0129847164 -0.0384448373
v 0.0352007704 -0.0195623131 -0.0700130296
v 0.0352425842 -0.0196426315 -0.0697604728
v 0.0350025253 -0.0195991058 -0.0695000005
v 0.0352157192 -0.0196594925 -0.0395221648
v 0.0350746851 -0.0193725414 -0.0765999079
v 0.0351923971 -0.0192548294 -0.0705023599
v 0.0351821976 -0.0192650242 -0.0704878306
v 0.0350426655 -0.0194045563 -0.0702411199
v 0.0352442103 -0.0192030067 -0.0705699086
v 0.0350254088 -0.0151791687 -0.0739551926
v 0.0351674824 -0.0150370998 -0.0736741304
v 0.0351316242 -0.0150618954 -0.0714997458
v 0.0352359276 -0.0149686546 -0.0735310364
v 0.0351998358 -0.0149940414 -0.0714995122
v 0.0350010758 -0.0147489185 -0.0713576913
v 0.0350125437 -0.0145619316 -0.071000607
v 0.0351161652 -0.0145014782 -0.070999999
v 0.0351343184 -0.0144930191 -0.0710029483
v 0.0352395849 -0.0144405765 -0.070999999
v 0.0352491217 -0.0141268082 -0.0709724402
v 0.0352428179 -0.0138619156 -0.0709003711
v 0.0352459364 -0.0135674305 -0.0707580066
v 0.0352396088 -0.0135465355 -0.070743556
v 0.0352473478 -0.0133928413 -0.0706320643
v 0.0352069311 -0.0132504959 -0.0704840875
v 0.0352467089 -0.0131877727 -0.0704234934
v 0.0352134066 -0.0130622024 -0.0702272153
v 0.0350148373 -0.0130096645 -0.0699883533
v 0.0352480869 -0.012962038 -0.0700375509
v 0.0352438002 -0.0129446525 -0.0699883533
v 0.035224226 -0.0128653068 -0.0695000005
v 0.0350391464 -0.0129163856 -0.0390000001
v 0.0350415735 -0.0129243393 -0.038758938
v 0.0350488548 -0.012948143 -0.0385190207
v 0.0351979952 -0.0129302807 -0.0383733565
v 0.0354532747 -0.0195057602 -0.070250001
v 0.0354910593 -0.0196247787 -0.0700130296
v 0.0354797201 -0.0196914883 -0.0697604728
v 0.0352965527 -0.0196786327 -0.0695000005
v 0.0353946142 -0.0196991558 -0.0395050287
v 0.0354546766 -0.0197102852 -0.0394990066
v 0.0354873972 -0.0193246288 -0.070503695
v 0.0354557352 -0.0194927044 -0.0702725577
v 0.0353377085 -0.0194951172 -0.0702272153
v 0.0352826004 -0.0191646213 -0.0764184904
v 0.0354387026 -0.0190085239 -0.0707572556
v 0.0354255419 -0.0190216846 -0.070746851
v 0.0354859572 -0.0189612694 -0.076227026
v 0.0354918795 -0.0189553471 -0.0707966065
v 0.0353026085 -0.0149019737 -0.0733862925
v 0.0353675156 -0.0148370666 -0.0732399416
v 0.0352653103 -0.0149392719 -0.071500001
v 0.0354249506 -0.0147711677 -0.0714983702
v 0.0354919129 -0.0147126694 -0.0729425931
v 0.0354697781 -0.0147270031 -0.0714981365
v 0.0352773504 -0.0144947643 -0.0712542439
v 0.0352599602 -0.0144327373 -0.0710087562
v 0.0354975157 -0.0143449039 -0.070999999
v 0.0354962139 -0.0141285057 -0.0709854031
v 0.0354977112 -0.0137895412 -0.0709003711
v 0.0354971962 -0.0135721702 -0.0707990384
v 0.0353825789 -0.0135072822 -0.070743556
v 0.0354963236 -0.013313591 -0.070614717
v 0.0354821282 -0.013239624 -0.0705419874
v 0.0354994373 -0.0130262966 -0.0702725577
v 0.0354949503 -0.0130005093 -0.0702272153
v 0.0354928093 -0.0129881973 -0.0702042079
v 0.0354767304 -0.0128957291 -0.0699883533
v 0.0354627256 -0.0128152199 -0.0695000005
v 0.0352751188 -0.012853157 -0.0390000001
v 0.035276988 -0.0128612633 -0.038758938
v 0.0352825861 -0.0128855152 -0.0385190207
v 0.0354877548 -0.0128851051 -0.0382883376
v 0.0357372456 -0.0195464249 -0.070250001
v 0.0357263498 -0.019656393 -0.0700130296
v 0.0357196789 -0.019723732 -0.0697604728
v 0.0355360632 -0.0197236462 -0.0695000005
v 0.0356965952 -0.0197442837 -0.0394734177
v 0.0357014971 -0.0193571873 -0.070503695
v 0.0357427149 -0.0194912166 -0.0703387904
v 0.035736001 -0.0190614338 -0.0707580066
v 0.0357143622 -0.0192469139 -0.070614717
v 0.0355858498 -0.018861372 -0.0761275959
v 0.0356919127 -0.0187553043 -0.0709066534
v 0.0357482796 -0.0186989422 -0.0709277511
v 0.0355513697 -0.0146532078 -0.0727916813
v 0.0356089764 -0.0145956058 -0.0726393437
v 0.0356647091 -0.0145398731 -0.0724856186
v 0.0356663399 -0.0145344562 -0.071497612
v 0.0357185583 -0.0144860191 -0.0723305559
v 0.0357428627 -0.0144600601 -0.0714980984
v 0.0355180769 -0.0143393249 -0.0710371017
v 0.0357321482 -0.0142909164 -0.070999999
v 0.0357460337 -0.0142356415 -0.0709990859
v 0.035749362 -0.0139987774 -0.0709724402
v 0.035747221 -0.0136484547 -0.0708594608
v 0.0357279568 -0.0134886665 -0.0707720733
v 0.035722702 -0.0134450741 -0.070743556
v 0.0357491093 -0.0132188816 -0.0705606604
v 0.0357417994 -0.0131478519 -0.0704840875
v 0.0357260637 -0.0129949684 -0.0702725577
v 0.0357233839 -0.0129689236 -0.0702272153
v 0.0357124977 -0.012863142 -0.0699883533
v 0.035704134 -0.0127818413 -0.0695000005
v 0.035514925 -0.012806551 -0.0390000001
v 0.0355162268 -0.0128147526 -0.038758938
v 0.0355201178 -0.0128393478 -0.0385190207
v 0.0356050091 -0.0128742142 -0.0382558119
v 0.0357228165 -0.0128674621 -0.0382241929
v 0.0357781248 -0.0197518845 -0.0695000005
v 0.0359402971 -0.0197613258 -0.0394455221
v 0.035966485 -0.0195611019 -0.070250001
v 0.0359632712 -0.0196715565 -0.0700130296
v 0.0359613018 -0.0197392006 -0.0697604728
v 0.0359610634 -0.0197473831 -0.0697087598
v 0.0359718447 -0.019376852 -0.070503695
v 0.0359685307 -0.0194908161 -0.0703603649
v 0.0359805088 -0.0190792198 -0.0707580066
v 0.0359756451 -0.0192462845 -0.0706320643
v 0.0359831171 -0.0189895172 -0.0708119297
v 0.0357819204 -0.0186653061 -0.0759214926
v 0.0359249764 -0.0185222454 -0.0709744501
v 0.0359728413 -0.0184743805 -0.0757059288
v 0.0359847574 -0.0184624691 -0.0709846354
v 0.0358298473 -0.0145043106 -0.0721909523
v 0.0357705097 -0.0144340725 -0.072174201
v 0.0359308224 -0.0142737598 -0.0717666745
v 0.0357923536 -0.0144122238 -0.071500001
v 0.035931757 -0.0142728252 -0.0712528014
v 0.035755847 -0.0142871685 -0.0710922241
v 0.0359371977 -0.0142673798 -0.070999999
v 0.0359937887 -0.0142107887 -0.0716390848
v 0.0359559231 -0.0142486591 -0.0709998608
v 0.0359872179 -0.0139784832 -0.0709724402
v 0.0359789448 -0.0137272758 -0.0709003711
v 0.0359712105 -0.0134924049 -0.0707857513
v 0.0359690313 -0.0134262009 -0.070743556
v 0.0359629707 -0.013242094 -0.0705970311
v 0.0359593849 -0.0131330891 -0.0704840875
v 0.0359547739 -0.0129931564 -0.0702948785
v 0.0359534626 -0.0129533214 -0.0702272153
v 0.0359499626 -0.0128470249 -0.0699883533
v 0.0359472733 -0.0127653522 -0.0695000005
v 0.0357574015 -0.0127767773 -0.0390000001
v 0.0357581263 -0.0127850552 -0.038758938
v 0.0357602959 -0.0128098507 -0.0385190207
v 0.0357639008 -0.012851059 -0.0382813877
v 0.0359595375 -0.0128663654 -0.0381638274
v 0.0360215645 -0.0197632141 -0.0695000005
v 0.0362456207 -0.0197586555 -0.0394076174
v 0.0361961918 -0.0195597858 -0.070250001
v 0.0362006693 -0.0196701927 -0.0700130296
v 0.0362034159 -0.0197378082 -0.0697604728
v 0.0362038832 -0.0197494049 -0.0696828032
v 0.0362428789 -0.019372942 -0.070503695
v 0.0362494879 -0.019486763 -0.0703603649
v 0.0362256317 -0.0190756817 -0.0707580066
v 0.0362353163 -0.0192425365 -0.0706320643
v 0.0362204342 -0.0189860935 -0.0708119297
v 0.0362498217 -0.0187447472 -0.0709182787
v 0.0360662966 -0.0183809299 -0.0755946827
v 0.0361583786 -0.0182888431 -0.0754811668
v 0.0361970453 -0.0182501717 -0.0712778807
v 0.0361876898 -0.0182595272 -0.071169281
v 0.0361876898 -0.0182595272 -0.070999999
v 0.0362490635 -0.0181981583 -0.0753654242
v 0.0362497835 -0.018197443 -0.0714258265
v 0.0362464218 -0.0182499618 -0.0712198567
v 0.0361364346 -0.0148537846 -0.0722562599
v 0.0360738878 -0.0147841759 -0.0722455764
v 0.0360119276 -0.014714405 -0.0722337294
v 0.0362305622 -0.0147444839 -0.0719880462
v 0.0362245016 -0.0145117683 -0.0717400193
v 0.036100481 -0.014491703 -0.0718384147
v 0.0361756115 -0.014458477 -0.0717304635
v 0.0360612898 -0.0141432972 -0.0715159345
v 0.0361968498 -0.0140077324 -0.0713010979
v 0.0360132866 -0.0141912956 -0.070997746
v 0.0362289362 -0.0139756412 -0.0712555718
v 0.0362456493 -0.0139589329 -0.071232574
v 0.0362155514 -0.0139890308 -0.070973165
v 0.0362438612 -0.0137323971 -0.0709003711
v 0.0362124853 -0.0134949608 -0.0707857513
v 0.0362160711 -0.0134288235 -0.070743556
v 0.036226037 -0.0132448883 -0.0705970311
v 0.0362319403 -0.0131359787 -0.0704840875
v 0.0362395172 -0.0129961796 -0.0702948785
v 0.0362416725 -0.0129563827 -0.0702272153
v 0.036247428 -0.0128501911 -0.0699883533
v 0.03619098 -0.0127658195 -0.0695000005
v 0.0360013609 -0.0127639885 -0.0390000001
v 0.0360015087 -0.012772295 -0.038758938
v 0.0360019426 -0.0127971859 -0.0385190207
v 0.0360026627 -0.0128385467 -0.0382813877
v 0.0361967545 -0.0128818149 -0.0381075358
v 0.0362651997 -0.0197575779 -0.0695000005
v 0.0363674908 -0.0197501392 -0.0393915698
v 0.0364822798 -0.0195356674 -0.070250001
v 0.0364963417 -0.0196452732 -0.0700130296
v 0.0364995127 -0.0196699924 -0.0699385571
v 0.0363867264 -0.0197484035 -0.0695000005
v 0.0364889889 -0.0197373695 -0.0393750453
v 0.0364992981 -0.0192547245 -0.0705970311
v 0.0364770584 -0.0194949741 -0.0703169584
v 0.0364695196 -0.019050848 -0.0707580066
v 0.0364965086 -0.0192356224 -0.070614717
v 0.0364997559 -0.0189320679 -0.0708244205
v 0.0364986305 -0.0186626835 -0.0709344578
v 0.0362551289 -0.0182540913 -0.0711353803
v 0.0362562971 -0.0182540436 -0.070999999
v 0.0363383179 -0.0181089039 -0.0752474785
v 0.0363325386 -0.0181146831 -0.071500001
v 0.0363324576 -0.0181147594 -0.0714999986
v 0.03629566 -0.0182497139 -0.0711183047
v 0.0363246756 -0.0182461948 -0.070999999
v 0.036458209 -0.017992794 -0.071497612
v 0.0363273077 -0.015061533 -0.0722815633
v 0.0364814882 -0.0151756019 -0.0722244096
v 0.0362631683 -0.0149924774 -0.0722742295
v 0.0362625723 -0.0149675579 -0.0722385859
v 0.0364940958 -0.0149902363 -0.0719779849
v 0.0364157467 -0.0147163887 -0.0717696691
v 0.0364863091 -0.0147498627 -0.0717390251
v 0.0364038735 -0.0144946594 -0.0715756464
v 0.0364863043 -0.0144472618 -0.0714775038
v 0.0363305884 -0.0142414017 -0.0714131999
v 0.0364625816 -0.0141101475 -0.0712356019
v 0.0364173298 -0.0137872524 -0.0710210204
v 0.0362567597 -0.0139478226 -0.0709638786
v 0.036456254 -0.0137483234 -0.0708968329
v 0.0364557629 -0.0134963913 -0.0707720733
v 0.0364619427 -0.0134529133 -0.070743556
v 0.036493166 -0.0132332535 -0.0705606604
v 0.0364491634 -0.0131553574 -0.0704840875
v 0.0364697771 -0.0129896564 -0.070250001
v 0.0364713698 -0.0129768677 -0.0702272153
v 0.0364845018 -0.0128713341 -0.0699883533
v 0.0364945917 -0.0127902336 -0.0695000005
v 0.0363065939 -0.0127719803 -0.0390000001
v 0.0363060122 -0.0127802772 -0.038758938
v 0.0363042765 -0.0128051109 -0.0385190207
v 0.0363013916 -0.0128463669 -0.0382813877
v 0.0364922266 -0.0129242916 -0.0380433157
v 0.0366525488 -0.0195092888 -0.070250001
v 0.0367306213 -0.0196068783 -0.0700130296
v 0.0367438822 -0.0196732445 -0.0697604728
v 0.0365078573 -0.0197349949 -0.0695000005
v 0.036730278 -0.0196991558 -0.0393406463
v 0.0367259293 -0.0193066902 -0.070503695
v 0.0367469769 -0.0194032307 -0.0703816772
v 0.0367103272 -0.0190049 -0.0707580066
v 0.036748765 -0.0191675491 -0.0706320643
v 0.0367444925 -0.0187579937 -0.0708807564
v 0.0367464333 -0.0186041279 -0.0709344578
v 0.0367472677 -0.01833605 -0.0709888196
v 0.0367495422 -0.0180125637 -0.0713418841
v 0.0365200358 -0.0182103271 -0.0710532284
v 0.036527627 -0.0182086105 -0.070999999
v 0.0365124397 -0.017934782 -0.0750051355
v 0.0365972548 -0.0178499622 -0.0748808122
v 0.0365139179 -0.0179384251 -0.071497612
v 0.0367069845 -0.0177487965 -0.0714984083
v 0.0365224629 -0.0152672787 -0.0722972608
v 0.036745389 -0.0154466171 -0.0722349644
v 0.03669977 -0.0152387066 -0.0720308399
v 0.0367188339 -0.0152224941 -0.0719912934
v 0.0367215185 -0.0149925346 -0.0717581654
v 0.0367445068 -0.0149742432 -0.0717219496
v 0.0366065722 -0.0147478409 -0.0716378093
v 0.0367371779 -0.0146552486 -0.0714710999
v 0.036649931 -0.0144932766 -0.0714078164
v 0.036717103 -0.0143054981 -0.0712422085
v 0.0365751677 -0.0142496891 -0.0712768888
v 0.0367065125 -0.0142408485 -0.0712056851
v 0.036678093 -0.0139960976 -0.0710637021
v 0.0367308598 -0.0139080639 -0.0709915042
v 0.0365121536 -0.0136924286 -0.0708703017
v 0.0367032509 -0.0135013313 -0.0707457757
v 0.0366039353 -0.013499033 -0.0707580066
v 0.0367122727 -0.0134923096 -0.0707384443
v 0.036710599 -0.0132350082 -0.0705229974
v 0.0367179279 -0.0132007522 -0.0704840875
v 0.0366990833 -0.0130132885 -0.0702272153
v 0.0365267115 -0.0129972477 -0.070250001
v 0.0367038088 -0.0129891701 -0.0701809859
v 0.0367195253 -0.0129089279 -0.0699883533
v 0.0367352324 -0.0128287239 -0.0695000005
v 0.036549552 -0.0127975197 -0.0390000001
v 0.0365483933 -0.0128057499 -0.038758938
v 0.0365449314 -0.0128304024 -0.0385190207
v 0.036539176 -0.0128713627 -0.0382813877
v 0.0366680794 -0.0129619999 -0.0380082497
v 0.0367263537 -0.0129765816 -0.0379971606
v 0.0369616633 -0.0195522804 -0.0700130296
v 0.0369795113 -0.0196175594 -0.0697604728
v 0.0368079977 -0.0196831245 -0.0695000005
v 0.0369683104 -0.0196441955 -0.0393045872
v 0.0369360905 -0.0192531414 -0.070503695
v 0.0369982128 -0.0192702789 -0.0704641819
v 0.0369982987 -0.0194660301 -0.0701809859
v 0.0369986611 -0.0190968819 -0.0706320643
v 0.0369997292 -0.0188000317 -0.0708244205
v 0.0369998674 -0.018942997 -0.070743556
v 0.0369962435 -0.0185431404 -0.0709265852
v 0.03699158 -0.0183241482 -0.070977211
v 0.0369030171 -0.0180061645 -0.0712513542
v 0.0367581396 -0.0181375904 -0.0710173845
v 0.036757987 -0.0181386108 -0.070999999
v 0.0369999437 -0.0177935429 -0.0714051533
v 0.0369998484 -0.0179854984 -0.0711949277
v 0.036762269 -0.0176849575 -0.0746260405
v 0.0368424158 -0.0176048012 -0.0744956684
v 0.036859582 -0.017587635 -0.071500001
v 0.0367774706 -0.0176791878 -0.0714987946
v 0.0369978743 -0.0174493427 -0.0742291474
v 0.0369932633 -0.0174650116 -0.0714997458
v 0.0367880468 -0.0155377788 -0.0723043871
v 0.0369465618 -0.0156468124 -0.0722334146
v 0.0369572287 -0.0154977913 -0.0720335603
v 0.0369744616 -0.0154796238 -0.0719939232
v 0.0369648342 -0.0152384395 -0.0717655897
v 0.0369861584 -0.01521805 -0.0717291546
v 0.0369819813 -0.0149928684 -0.0715527153
v 0.0369740229 -0.0148914261 -0.071485045
v 0.0368265181 -0.0147445221 -0.0714777398
v 0.0368559628 -0.0144945068 -0.0712922096
v 0.0369475727 -0.014499218 -0.0712485862
v 0.0369173174 -0.014244072 -0.0711162186
v 0.0369924955 -0.0140550918 -0.0709896946
v 0.0367930632 -0.0139910717 -0.0710195994
v 0.0369875078 -0.0139938469 -0.070960331
v 0.0369881134 -0.0137162704 -0.0708212352
v 0.036989625 -0.0135803528 -0.070743556
v 0.0369690399 -0.0134840889 -0.0706820154
v 0.0369817333 -0.0132693405 -0.0704840875
v 0.0368199377 -0.0132422562 -0.070503695
v 0.0369916086 -0.0132371635 -0.0704439807
v 0.0369792538 -0.0130809517 -0.0702272153
v 0.0369340973 -0.0130104084 -0.038047168
v 0.0369572477 -0.0130448933 -0.0379558909
v 0.0369416075 -0.012999012 -0.0700860977
v 0.0369513636 -0.0129627819 -0.0699883533
v 0.0369726162 -0.0128838749 -0.0695000005
v 0.0367901354 -0.0128399391 -0.0390000001
v 0.0367884092 -0.0128480644 -0.038758938
v 0.0367832308 -0.0128724213 -0.0385190207
v 0.0367746334 -0.0129128761 -0.0382813877
v 0.0367626505 -0.0129692478 -0.038047168
v 0.0367844229 -0.0129921741 -0.0379863769
v 0.0371321421 -0.0195008488 -0.0700130296
v 0.0372106867 -0.0195456142 -0.0697604728
v 0.0370441561 -0.0196229572 -0.0695000005
v 0.0372019367 -0.0195727749 -0.0392670447
v 0.0372498207 -0.0193124885 -0.0702948785
v 0.0372441988 -0.0194616432 -0.0700130296
v 0.0372472315 -0.0194698448 -0.0699883533
v 0.0372492151 -0.0190227623 -0.070614717
v 0.0372496538 -0.0191617985 -0.0704840875
v 0.0372458963 -0.0187707443 -0.0707857513
v 0.0372469215 -0.0188904495 -0.0707135248
v 0.0372470598 -0.0185622806 -0.0708807564
v 0.0372401695 -0.0182825012 -0.0709615541
v 0.0370111685 -0.0180229969 -0.0710023594
v 0.0370087271 -0.0180254288 -0.070999999
v 0.0372446756 -0.0177914638 -0.0712519193
v 0.0370722561 -0.0179888935 -0.0710011005
v 0.0370687943 -0.0179918213 -0.070999999
v 0.0372483235 -0.0175240631 -0.0714434099
v 0.0370731382 -0.0173740787 -0.0740930796
v 0.0371467285 -0.0173004932 -0.0739551926
v 0.0370618324 -0.0173966522 -0.0714998841
v 0.037218626 -0.0172285957 -0.0738155293
v 0.0372189312 -0.0172394962 -0.0714998436
v 0.0370584421 -0.0158031101 -0.0722968984
v 0.0372184734 -0.0159090156 -0.0722187591
v 0.0370031386 -0.0157262535 -0.0722654963
v 0.0371157675 -0.0157355614 -0.0721266484
v 0.0372329979 -0.0157329578 -0.0719846559
v 0.037210496 -0.0154830475 -0.0717628121
v 0.037229908 -0.0154608745 -0.0717264485
v 0.0372162943 -0.0152268238 -0.0715544581
v 0.0372047501 -0.0151211758 -0.0714887547
v 0.0370065909 -0.0149709721 -0.0715194726
v 0.0372163992 -0.0149966545 -0.0714003468
v 0.0372442417 -0.0147569199 -0.0712464666
v 0.0371428471 -0.0147448749 -0.0712919497
v 0.0371896343 -0.0147037907 -0.0712450075
v 0.0371481638 -0.0144880218 -0.0711505342
v 0.0371980124 -0.0142364426 -0.0710112214
v 0.0372159081 -0.0142224903 -0.0709992552
v 0.0372392492 -0.0139165897 -0.0708631468
v 0.0370222597 -0.0137432499 -0.0708283377
v 0.0372193985 -0.0136711235 -0.070743556
v 0.0372386627 -0.0134996338 -0.070614717
v 0.0372385721 -0.0133606071 -0.0704840875
v 0.0372279148 -0.0132365246 -0.0703387904
v 0.037198494 -0.0131524677 -0.0702272153
v 0.037234972 -0.0130525703 -0.0699883533
v 0.0372481613 -0.0130057354 -0.0385190207
v 0.037120965 -0.0130056782 -0.0382813877
v 0.0370470982 -0.0130428047 -0.038047168
v 0.0372396021 -0.013152277 -0.0379114786
v 0.0370037394 -0.0129959698 -0.0700375509
v 0.0371910315 -0.0129975147 -0.0698628831
v 0.0372055845 -0.0129554005 -0.0695000005
v 0.0370271759 -0.0128990383 -0.0390000001
v 0.0370248871 -0.0129070301 -0.038758938
v 0.0370180254 -0.0129309578 -0.0385190207
v 0.0370066242 -0.0129707165 -0.0382813877
v 0.0370030718 -0.0129831142 -0.0382224691
v 0.0373242598 -0.019503643 -0.0697604728
v 0.0372755556 -0.0195465011 -0.0695000005
v 0.0372595148 -0.0195523758 -0.0392574483
v 0.0373735695 -0.0195086021 -0.0392380235
v 0.0374184685 -0.0192709179 -0.070250001
v 0.0374964171 -0.0193015022 -0.0701339269
v 0.0374917059 -0.0194333477 -0.0697604728
v 0.0374453049 -0.0194786854 -0.0695000005
v 0.037486022 -0.0194608612 -0.0392183086
v 0.0374892025 -0.0190321751 -0.070503695
v 0.0374971514 -0.019047596 -0.0704840875
v 0.037352808 -0.0187674923 -0.0707580066
v 0.037491272 -0.0188139934 -0.0706820154
v 0.0374930792 -0.0185308285 -0.0708365107
v 0.0374927836 -0.0187155743 -0.070743556
v 0.0374983435 -0.0182957191 -0.0709182787
v 0.0374921541 -0.0180143661 -0.070977211
v 0.0372924166 -0.0177521248 -0.0712533784
v 0.0372666483 -0.0178602333 -0.0710001373
v 0.0372691851 -0.0178583736 -0.070999999
v 0.0374991827 -0.0175063248 -0.0712998796
v 0.0374985199 -0.0175691528 -0.0712352371
v 0.0374766379 -0.0176776905 -0.070999999
v 0.037499135 -0.0172548027 -0.0714361811
v 0.0372888069 -0.0171584148 -0.0736741304
v 0.0374239283 -0.0170232887 -0.0733862925
v 0.0373866301 -0.0170605965 -0.071500001
v 0.0372713118 -0.0171869392 -0.0714997244
v 0.0374888353 -0.0169583912 -0.0732399416
v 0.0374623757 -0.0169944687 -0.0714988971
v 0.0373331719 -0.0160623665 -0.0722739315
v 0.0374861841 -0.0161800117 -0.0722213936
v 0.0372641354 -0.0159982223 -0.0722812247
v 0.0373838549 -0.0159904213 -0.0721055603
v 0.0374933796 -0.0159804935 -0.071961844
v 0.0374398546 -0.0157474441 -0.0717859244
v 0.0374565678 -0.0157241268 -0.0717494488
v 0.037429493 -0.0154852505 -0.0715815115
v 0.0374920445 -0.0154091568 -0.0714821506
v 0.0374278765 -0.015238163 -0.0714166903
v 0.0374474077 -0.014987566 -0.0712633038
v 0.037462018 -0.0149724884 -0.0712478232
v 0.0374774962 -0.0147436924 -0.0711312914
v 0.0374188404 -0.0144999905 -0.0710496092
v 0.0374358873 -0.0143907471 -0.0709994245
v 0.0374701433 -0.0141086597 -0.0708855295
v 0.0373151426 -0.0139786072 -0.0708719254
v 0.0374834042 -0.0138058967 -0.070743556
v 0.0372993593 -0.0137325878 -0.0707580066
v 0.0374914627 -0.013689558 -0.0706657195
v 0.0374786167 -0.0134893055 -0.070503695
v 0.0374865036 -0.013473856 -0.0704840875
v 0.037464674 -0.0132630176 -0.0702272153
v 0.0374591379 -0.0132552833 -0.0378818992
v 0.0373491125 -0.0132401104 -0.0702725577
v 0.0374750834 -0.0132407493 -0.0701809859
v 0.0374555664 -0.0131419487 -0.0699883533
v 0.0374888735 -0.0130673141 -0.0695000005
v 0.0373735695 -0.0130183144 -0.0390000001
v 0.037313755 -0.013003685 -0.038758938
v 0.0373048334 -0.013026926 -0.0385190207
v 0.0372900133 -0.0130655403 -0.0382813877
v 0.0372693615 -0.0131193371 -0.038047168
v 0.03740485 -0.0132281418 -0.0378887886
v 0.0372551899 -0.0129972095 -0.0697604728
v 0.0373200636 -0.0129972 -0.0695000005
v 0.0372595148 -0.0129745312 -0.0390000001
v 0.0372566729 -0.0129823418 -0.038758938
v 0.0372508173 -0.0129984302 -0.0385788301
v 0.0376767807 -0.0192665977 -0.0700130296
v 0.0377480536 -0.0192723675 -0.0698882294
v 0.037501071 -0.0194541187 -0.0695000005
v 0.037705596 -0.0193537731 -0.0391781053
v 0.0375371914 -0.0190069218 -0.070503695
v 0.0377452593 -0.0190363235 -0.0703387904
v 0.0377494459 -0.0191555805 -0.0701575565
v 0.0377330952 -0.0192456646 -0.0699883533
v 0.0377404957 -0.018823101 -0.0705606604
v 0.037742856 -0.0189266987 -0.0704641819
v 0.0377277737 -0.0185354442 -0.0707580066
v 0.0377406817 -0.0185530491 -0.070743556
v 0.0377482395 -0.0182561321 -0.0708703184
v 0.037749589 -0.018058588 -0.0709265852
v 0.0377478771 -0.0177697964 -0.070977211
v 0.037538126 -0.017508461 -0.0712535405
v 0.0376018028 -0.0175402946 -0.0710000038
v 0.0375091105 -0.0176444549 -0.0709999919
v 0.0377164011 -0.0172609825 -0.0712544155
v 0.0376453524 -0.0174858971 -0.071000123
v 0.0377365618 -0.0173576851 -0.070999999
v 0.037746995 -0.0170289631 -0.0713664818
v 0.0377485924 -0.0172257728 -0.0712374139
v 0.0375519447 -0.016895277 -0.0730920267
v 0.0376132326 -0.0168339844 -0.0729425931
v 0.0375345354 -0.0169214554 -0.0714984989
v 0.0377302961 -0.0167169304 -0.0726393437
v 0.0377252035 -0.0167273922 -0.0714976501
v 0.0375415068 -0.0162517471 -0.0722454381
v 0.0376371603 -0.0162464352 -0.0721021438
v 0.0377182655 -0.0162451095 -0.0719959402
v 0.0375841599 -0.0159961338 -0.0718778706
v 0.037640646 -0.015900919 -0.0717311978
v 0.0377384548 -0.0157461376 -0.0715252256
v 0.0376995974 -0.0156630058 -0.0714984894
v 0.0375282984 -0.0154924126 -0.0715116668
v 0.0377310639 -0.0154864521 -0.0713660574
v 0.0376354103 -0.0152381248 -0.0712894154
v 0.0377281504 -0.0152452011 -0.0712400365
v 0.0376563339 -0.0149866409 -0.0711574388
v 0.0376928072 -0.0147350807 -0.0710398746
v 0.0377077131 -0.0146183033 -0.0709926534
v 0.0375385599 -0.0144867153 -0.0710026097
v 0.0377443152 -0.0143543453 -0.0708976531
v 0.0376270657 -0.0142463417 -0.0708941841
v 0.0377190809 -0.0139851208 -0.0707580066
v 0.0377319222 -0.0139674683 -0.070743556
v 0.0376996594 -0.0137451763 -0.070614717
v 0.0377191715 -0.0135099144 -0.0703816772
v 0.0377493553 -0.0134597416 -0.0702948785
v 0.0377202349 -0.0133962936 -0.0702272153
v 0.0377331524 -0.0132542438 -0.0699134564
v 0.0377231293 -0.0132674999 -0.0382813877
v 0.0376435356 -0.0132898636 -0.038047168
v 0.0377238684 -0.0134045811 -0.0378525993
v 0.0376041346 -0.0132434292 -0.0700619102
v 0.037747982 -0.0132275314 -0.0697862124
v 0.0377078276 -0.0131743259 -0.0695000005
v 0.0375416117 -0.0130913753 -0.0390000001
v 0.0375380974 -0.0130989094 -0.038758938
v 0.0375275784 -0.0131214733 -0.0385190207
v 0.0375100975 -0.0131589622 -0.0382813877
v 0.0375046473 -0.0131706448 -0.0382224691
v 0.0378144531 -0.0192670269 -0.0697604728
v 0.0377730351 -0.0193169613 -0.0695000005
v 0.0378650789 -0.019263546 -0.0391473725
v 0.037871192 -0.0190224571 -0.070250001
v 0.0379811363 -0.0190818901 -0.0700130296
v 0.037999342 -0.0191086407 -0.0699134564
v 0.0379301195 -0.0192234917 -0.0695000005
v 0.0379686813 -0.019198801 -0.0391266546
v 0.0379038029 -0.0187755985 -0.070503695
v 0.0379976301 -0.0188094253 -0.0704027224
v 0.0379945116 -0.0189979572 -0.0701575565
v 0.0377670746 -0.0185061092 -0.0707580066
v 0.0379897814 -0.0185416431 -0.0706320643
v 0.0379961138 -0.0182504101 -0.0707857513
v 0.0379991036 -0.0183973331 -0.0707135248
v 0.0379954748 -0.0180525799 -0.0708594608
v 0.0379893332 -0.0177579994 -0.0709344578
v 0.0379839354 -0.0175022621 -0.0709724402
v 0.0377517634 -0.0173340149 -0.0710012698
v 0.0377907925 -0.0172698421 -0.070999999
v 0.0378503494 -0.0170115299 -0.0712542129
v 0.0378109388 -0.0172341938 -0.0710031462
v 0.0379125528 -0.0170231361 -0.070999999
v 0.0378928261 -0.0167501564 -0.0713581324
v 0.0379285698 -0.0169827099 -0.0710167551
v 0.0379992991 -0.0167620487 -0.070999999
v 0.0377860336 -0.0166611881 -0.0724856186
v 0.0378918295 -0.016555397 -0.072174201
v 0.0379136734 -0.0165335483 -0.071500001
v 0.0379460554 -0.0165011616 -0.0714845777
v 0.0379985981 -0.0166348095 -0.071245091
v 0.0379505949 -0.0164966221 -0.0720070982
v 0.0379610806 -0.0164861412 -0.0719798017
v 0.0379958611 -0.0163013382 -0.0717367101
v 0.0379991655 -0.016448061 -0.0714212322
v 0.0378783207 -0.0162308712 -0.07179528
v 0.0379529457 -0.016227829 -0.0717133069
v 0.0379126387 -0.0159993 -0.0715623665
v 0.0379901152 -0.0159900589 -0.0714885449
v 0.0379833584 -0.0157423229 -0.0713380504
v 0.037984026 -0.0155130215 -0.0712188482
v 0.0379101448 -0.0154936333 -0.0712550211
v 0.0379219036 -0.0154769916 -0.0712395859
v 0.0379228668 -0.015236084 -0.0711313438
v 0.0379388075 -0.0149938316 -0.0710326958
v 0.0379834919 -0.0149414463 -0.0709967709
v 0.0377910118 -0.0147361774 -0.0710033369
v 0.0379724388 -0.0145815582 -0.0708974957
v 0.0378598528 -0.0144661922 -0.0708987069
v 0.0379534989 -0.014235899 -0.0707857513
v 0.0379986696 -0.0141874618 -0.070743556
v 0.0379682665 -0.0139931698 -0.070649066
v 0.0379914694 -0.0137959309 -0.0704840875
v 0.0378941946 -0.0137442989 -0.070503695
v 0.0379584532 -0.0137491436 -0.0704641819
v 0.0379632406 -0.0135512848 -0.0702272153
v 0.0379941397 -0.0135047073 -0.038047168
v 0.0379759483 -0.0135756416 -0.0378320321
v 0.0378606396 -0.0134975643 -0.070250001
v 0.037970355 -0.0134377117 -0.0700130296
v 0.0379994612 -0.0133945961 -0.0698374271
v 0.0379701786 -0.0133290787 -0.0695000005
v 0.0378650789 -0.0132633705 -0.0390000001
v 0.0378607969 -0.0132704945 -0.038758938
v 0.0377958422 -0.0132611198 -0.0385190207
v 0.0377751618 -0.0132969398 -0.0382813877
v 0.0377543097 -0.013333065 -0.0381053418
v 0.0378263264 -0.0134704609 -0.0378433144
v 0.0377502947 -0.0132233639 -0.0697604728
v 0.0378143768 -0.0132334824 -0.0695000005
v 0.0377592783 -0.0132022877 -0.0390000001
v 0.037755249 -0.0132095547 -0.038758938
v 0.0377502184 -0.0132186336 -0.0386387646
v 0.0380780964 -0.0190133877 -0.0700130296
v 0.0381666164 -0.0190317554 -0.0697604728
v 0.0380320435 -0.0191566677 -0.0695000005
v 0.0382172613 -0.0190214939 -0.0390742397
v 0.0381932001 -0.018782093 -0.070250001
v 0.0382452231 -0.0187543125 -0.0702272153
v 0.0382479506 -0.0189399547 -0.0698628831
v 0.038217166 -0.0189980907 -0.069734652
v 0.0381955557 -0.0185331077 -0.070503695
v 0.0382468443 -0.0185080547 -0.0704840875
v 0.0380270796 -0.0182822342 -0.0707580066
v 0.0382378464 -0.0182769127 -0.070649066
v 0.0382407312 -0.0180145759 -0.0707720733
v 0.0382436543 -0.0180803413 -0.070743556
v 0.0382445507 -0.0177803631 -0.0708481908
v 0.0382427816 -0.0175130386 -0.0709095383
v 0.038229907 -0.0172663326 -0.0709488893
v 0.0382261162 -0.0170018978 -0.0709724402
v 0.0382410555 -0.0167607803 -0.0709815335
v 0.0380032473 -0.0165005321 -0.0713505411
v 0.0380038958 -0.0167424698 -0.0710491896
v 0.0380451803 -0.0165256901 -0.070999999
v 0.03800494 -0.0164422817 -0.071872232
v 0.0380640154 -0.0163832111 -0.0717415309
v 0.0381957941 -0.0162514229 -0.0714932847
v 0.0380585222 -0.0163887043 -0.071169281
v 0.0381934528 -0.0162537689 -0.0709942651
v 0.0380879002 -0.0162397404 -0.0715879369
v 0.0382099419 -0.0162372799 -0.0714694643
v 0.0382337885 -0.0162134285 -0.0709900904
v 0.0381885843 -0.0159999962 -0.0713315821
v 0.038232029 -0.0159075851 -0.0712464738
v 0.0380597906 -0.0157337685 -0.0712794042
v 0.0381948547 -0.0157335968 -0.0711870217
v 0.0382110243 -0.0154876156 -0.0710743403
v 0.0382203274 -0.0152749653 -0.0709967136
v 0.0380978184 -0.0152352066 -0.0710433578
v 0.0382463293 -0.0152383251 -0.0709730983
v 0.0382187443 -0.0148559017 -0.0708852816
v 0.0381161146 -0.014738142 -0.0708922172
v 0.038103035 -0.0144889946 -0.0708244205
v 0.0382045918 -0.0144006748 -0.070743556
v 0.0380193548 -0.0142371864 -0.0707580066
v 0.0382301407 -0.0142417068 -0.070649066
v 0.0382382565 -0.0140105266 -0.0704840875
v 0.0381748085 -0.0139986153 -0.0705229974
v 0.0381987028 -0.01397299 -0.0704840875
v 0.0382356911 -0.0137642784 -0.0702272153
v 0.0382134705 -0.013767149 -0.0378203538
v 0.0381750183 -0.0137468738 -0.0702725577
v 0.0381918507 -0.0137268181 -0.0702272153
v 0.0382484131 -0.0135654182 -0.0697862124
v 0.0382180815 -0.0135060615 -0.0695000005
v 0.0382172613 -0.0135054226 -0.0390000001
v 0.0382121449 -0.0135119648 -0.038758938
v 0.0381968193 -0.0135315819 -0.0385190207
v 0.0381239252 -0.0135277862 -0.0382813877
v 0.0380419903 -0.0135388489 -0.038047168
v 0.038167222 -0.0137272854 -0.0378219733
v 0.0380027418 -0.0134949226 -0.0700860977
v 0.0381465988 -0.0134996433 -0.0698374271
v 0.0381697493 -0.0134689445 -0.0695000005
v 0.0380196219 -0.0133618278 -0.0390000001
v 0.0380149727 -0.0133687134 -0.038758938
v 0.0380010538 -0.0133893509 -0.0385190207
v 0.038027194 -0.0134575004 -0.0382813877
v 0.0380032711 -0.0134916706 -0.0381053418
v 0.0383538561 -0.0187882156 -0.0700130296
v 0.0384875612 -0.0187554092 -0.0697604728
v 0.0382761316 -0.0189744682 -0.0695000005
v 0.0384937506 -0.0187811489 -0.0390106314
v 0.038483594 -0.018504364 -0.070250001
v 0.0384930592 -0.0185131283 -0.0702272153
v 0.038494647 -0.0186771412 -0.0699635243
v 0.0384556656 -0.0182569332 -0.070503695
v 0.0384948521 -0.0182895775 -0.0704439807
v 0.0382579403 -0.0180284138 -0.0707580066
v 0.0384985428 -0.0180206222 -0.070614717
v 0.0384300118 -0.0177898521 -0.0707580066
v 0.0384931116 -0.0177712841 -0.0707287288
v 0.0384945421 -0.0175469704 -0.0707990384
v 0.0384899502 -0.0172856159 -0.0708594608
v 0.038477891 -0.017041151 -0.0709003711
v 0.0384976654 -0.0167749233 -0.0709182787
v 0.0384881907 -0.0165131016 -0.0709344578
v 0.0384758978 -0.0162588425 -0.0709418917
v 0.0382534008 -0.0161938209 -0.0713991356
v 0.0383603935 -0.0160868282 -0.0712421155
v 0.0384394007 -0.0160078258 -0.0709473205
v 0.0382572394 -0.0159870453 -0.0712698293
v 0.0384574442 -0.0159897728 -0.0711163592
v 0.0384996824 -0.0159475346 -0.0709276819
v 0.0384374218 -0.0157350464 -0.0710271716
v 0.0384931784 -0.0157375355 -0.0709914327
v 0.0383318453 -0.0154982872 -0.0710097909
v 0.0384575491 -0.0154844494 -0.0709354043
v 0.0384988575 -0.0151976223 -0.070847311
v 0.0382846527 -0.0149338646 -0.0708791447
v 0.038494895 -0.014799921 -0.070743556
v 0.0383226948 -0.01473736 -0.0708119297
v 0.0384151678 -0.0146749229 -0.070743556
v 0.0382511835 -0.0144901295 -0.0707580066
v 0.0384918146 -0.0144969959 -0.070614717
v 0.0384960156 -0.0142917652 -0.0704840875
v 0.0383858614 -0.0142430515 -0.0705419874
v 0.0384258967 -0.0142082329 -0.0704840875
v 0.0384844475 -0.0140045185 -0.0702272153
v 0.038476737 -0.0140219135 -0.0378181937
v 0.0384160833 -0.013990385 -0.0702948785
v 0.0384935789 -0.0139960022 -0.0702042079
v 0.038496254 -0.0138296909 -0.0699134564
v 0.0384810286 -0.0137591572 -0.069734652
v 0.0384879761 -0.0137517471 -0.038758938
v 0.0384706812 -0.0137696571 -0.0385190207
v 0.0383985882 -0.0137582512 -0.0382813877
v 0.0383159475 -0.0137606926 -0.038047168
v 0.0384346228 -0.013977663 -0.0378176534
v 0.0383316403 -0.0137439079 -0.0700619102
v 0.0384100227 -0.0137464161 -0.0699134564
v 0.0384938555 -0.0137458725 -0.0695000005
v 0.038265069 -0.0135434456 -0.0390000001
v 0.0382598381 -0.013549902 -0.038758938
v 0.0382533054 -0.01355797 -0.0386387646
v 0.0382642727 -0.0136394234 -0.0382813877
v 0.0382559853 -0.0136492939 -0.0382224691
v 0.0382608252 -0.0137345142 -0.0379892769
v 0.0385034542 -0.0187717361 -0.0695000005
v 0.0386046343 -0.018535511 -0.0700130296
v 0.0386950379 -0.01853512 -0.0697604728
v 0.0385467558 -0.0187288589 -0.0695000005
v 0.0385373192 -0.0187383289 -0.0390000001
v 0.0385775929 -0.0186973019 -0.038979362
v 0.03866926 -0.0182853718 -0.070250001
v 0.0387434273 -0.0182691307 -0.0701575565
v 0.0387450056 -0.0184199543 -0.0699134564
v 0.0387473135 -0.0184998722 -0.0696307325
v 0.0386199265 -0.0180413074 -0.070503695
v 0.0387452202 -0.0180599518 -0.0703603649
v 0.0387485294 -0.0182009334 -0.0702272153
v 0.0387494688 -0.0178034229 -0.0705229974
v 0.0387384443 -0.0179234714 -0.0704641819
v 0.038576272 -0.0175346489 -0.0707580066
v 0.0387484579 -0.0175635071 -0.0706320643
v 0.0386951189 -0.0172655888 -0.0707580066
v 0.0387356882 -0.0172810383 -0.0707287288
v 0.0387295704 -0.017020771 -0.0707857513
v 0.038749073 -0.017180378 -0.070743556
v 0.0387407808 -0.0167774696 -0.0708119297
v 0.0387293463 -0.0165379257 -0.0708365107
v 0.0387434273 -0.016258337 -0.0708365107
v 0.0385005503 -0.0162163467 -0.0709344578
v 0.0385077505 -0.015939476 -0.0710565233
v 0.0385592203 -0.0158879967 -0.0709986782
v 0.038702076 -0.0157451458 -0.0708539701
v 0.0387379866 -0.0154984112 -0.0707795596
v 0.038745554 -0.015336277 -0.070743556
v 0.0385273008 -0.0152335377 -0.0708413625
v 0.0387116461 -0.0152434273 -0.070743556
v 0.0385517292 -0.0149927063 -0.0707720733
v 0.0386514597 -0.0149981232 -0.0707135248
v 0.0385850268 -0.0147456951 -0.0706657195
v 0.0387461882 -0.0146487255 -0.0704840875
v 0.0385838728 -0.0144963379 -0.0705419874
v 0.038686121 -0.0144919796 -0.0704439807
v 0.0387411099 -0.014315731 -0.0702272153
v 0.0387135487 -0.0143012257 -0.0378289816
v 0.0386402731 -0.0142482014 -0.0702948785
v 0.0387357454 -0.0142475529 -0.0701575565
v 0.0387183981 -0.0141115875 -0.0699883533
v 0.0387431221 -0.0140131302 -0.0695000005
v 0.0387436037 -0.0140137024 -0.0390000001
v 0.0387372332 -0.014019043 -0.038758938
v 0.0387181645 -0.0140350456 -0.0385190207
v 0.0386476545 -0.0140161724 -0.0382813877
v 0.0385652142 -0.0140099544 -0.038047168
v 0.0386377173 -0.0142055721 -0.0378239512
v 0.0385819941 -0.0139942665 -0.0700619102
v 0.0386699181 -0.0139960403 -0.0698628831
v 0.0387035399 -0.0139668007 -0.0695000005
v 0.0385373192 -0.013788578 -0.0390000001
v 0.038536952 -0.01378895 -0.0389396897
v 0.0385281401 -0.0137977619 -0.0386988065
v 0.038507617 -0.013818285 -0.038459354
v 0.0385072212 -0.0139025612 -0.0381637812
v 0.0385000258 -0.0139903755 -0.0379316863
v 0.0387517004 -0.0185035248 -0.0695000005
v 0.0388276939 -0.0182580395 -0.0700130296
v 0.0388825779 -0.0182976265 -0.0697604728
v 0.0387902908 -0.0184563656 -0.0695000005
v 0.0389294796 -0.0182709713 -0.0390000001
v 0.0387672453 -0.0184812946 -0.0388763922
v 0.0388658886 -0.018002531 -0.070250001
v 0.0389906387 -0.0180100651 -0.0700130296
v 0.0389981442 -0.0180145378 -0.0699883533
v 0.0389706211 -0.0182108898 -0.0695000005
v 0.0389977913 -0.0181696911 -0.0390000001
v 0.0389363079 -0.0182483978 -0.0387743634
v 0.0389978771 -0.0181509132 -0.0387339893
v 0.0387913685 -0.0177649326 -0.070503695
v 0.0389801102 -0.0178032322 -0.070250001
v 0.0389915114 -0.0178092403 -0.0702272153
v 0.0389115791 -0.0175219841 -0.070503695
v 0.0389877205 -0.0175556202 -0.0704027224
v 0.0389934759 -0.0172637958 -0.0705229974
v 0.0389896135 -0.0173776932 -0.0704840875
v 0.0387722807 -0.0170329018 -0.0707580066
v 0.0389844208 -0.0170384235 -0.0705970311
v 0.0388289194 -0.0167943878 -0.0707580066
v 0.03898279 -0.0167713661 -0.070649066
v 0.0388691979 -0.0165030117 -0.0707580066
v 0.03899576 -0.0165138168 -0.0706657195
v 0.0388793974 -0.0162580795 -0.0707580066
v 0.0389859324 -0.0162578697 -0.0706820154
v 0.0387661486 -0.016211216 -0.0708244205
v 0.0389007073 -0.0162086124 -0.070743556
v 0.0387513666 -0.0159763355 -0.0708244205
v 0.038885191 -0.0159620495 -0.070743556
v 0.0387577086 -0.015689518 -0.0708032131
v 0.0388335924 -0.0156136341 -0.0707384443
v 0.0387693243 -0.0154836674 -0.0707580066
v 0.0389051418 -0.0154978771 -0.0706657195
v 0.0388467865 -0.0152466888 -0.070649066
v 0.0389853363 -0.0151380463 -0.0704840875
v 0.0389067535 -0.014994051 -0.070503695
v 0.0389225941 -0.0149869842 -0.0704840875
v 0.0387588768 -0.0147043819 -0.070503695
v 0.0389121513 -0.0147455997 -0.0703603649
v 0.0389855843 -0.0147064896 -0.0702272153
v 0.0389914351 -0.014501173 -0.0699883533
v 0.0389492159 -0.0145289059 -0.038047168
v 0.0389837151 -0.0147065182 -0.0378632826
v 0.0387506275 -0.0144484253 -0.0703387904
v 0.0388072949 -0.0144101639 -0.0702272153
v 0.0389985542 -0.014496891 -0.0699635243
v 0.0389968233 -0.0143557281 -0.0695000005
v 0.0389294796 -0.0142559357 -0.0390000001
v 0.0389226704 -0.014260704 -0.038758938
v 0.038902276 -0.0142749805 -0.0385190207
v 0.0388336783 -0.0142500324 -0.0382813877
v 0.0387870579 -0.0142839069 -0.038047168
v 0.0388554363 -0.0144995708 -0.0378433144
v 0.0387534123 -0.01423423 -0.0701101041
v 0.0388338404 -0.0142482967 -0.0699635243
v 0.0388932209 -0.0142051239 -0.0695000005
v 0.0387824564 -0.014060833 -0.0390000001
v 0.0387759953 -0.0140660686 -0.038758938
v 0.03875665 -0.014081728 -0.0385190207
v 0.0387617235 -0.0141545505 -0.0382813877
v 0.0387515669 -0.0141624851 -0.0382224691
v 0.0390487604 -0.0180447311 -0.0697604728
v 0.0390040856 -0.0181599636 -0.0695000005
v 0.0390935354 -0.0180134601 -0.0390000001
v 0.0390863352 -0.0180093021 -0.038758938
v 0.0390273218 -0.0181012936 -0.038713921
v 0.0390064745 -0.0177522011 -0.070250001
v 0.0391050844 -0.0178020592 -0.0700130296
v 0.0391923218 -0.0177783413 -0.0697604728
v 0.0391289311 -0.0179506702 -0.0695000005
v 0.0392082243 -0.0177977581 -0.0390000001
v 0.039200757 -0.0177941151 -0.038758938
v 0.0391102104 -0.0179491539 -0.0386542627
v 0.0391029339 -0.0175437183 -0.070250001
v 0.0392273359 -0.0175316925 -0.0700130296
v 0.0392431574 -0.0175380344 -0.0699635243
v 0.039238904 -0.0177331848 -0.0695000005
v 0.0392345219 -0.0177426166 -0.0390000001
v 0.0392269926 -0.0177391071 -0.038758938
v 0.0392076998 -0.017739193 -0.0385762203
v 0.0390102129 -0.0172695084 -0.070503695
v 0.0392027311 -0.0172745247 -0.070250001
v 0.0392495184 -0.0172895832 -0.0701575565
v 0.0390865212 -0.0170094032 -0.070503695
v 0.039239295 -0.0170470924 -0.0702948785
v 0.0392484312 -0.0171681042 -0.0702272153
v 0.0391310959 -0.016797163 -0.070503695
v 0.0392375498 -0.0167588825 -0.0703816772
v 0.0391658812 -0.0165283317 -0.070503695
v 0.0392488127 -0.0165354175 -0.0704027224
v 0.0391771584 -0.0162575073 -0.070503695
v 0.0392444544 -0.0162573738 -0.0704234934
v 0.0390058785 -0.0162065811 -0.0706657195
v 0.039193924 -0.0162029476 -0.0704840875
v 0.0390347319 -0.0159983272 -0.0706320643
v 0.0391821222 -0.0159851856 -0.0704840875
v 0.0390004282 -0.0157409115 -0.0706320643
v 0.0391461163 -0.0157150001 -0.0704840875
v 0.0390178042 -0.0154675312 -0.0705606604
v 0.0391169672 -0.0154976101 -0.0704641819
v 0.0392449503 -0.0153466434 -0.0702272153
v 0.0392409544 -0.015254776 -0.0379371521
v 0.0390063458 -0.0152461548 -0.070503695
v 0.0391732102 -0.0152487678 -0.0702948785
v 0.0392111044 -0.0152364082 -0.0702272153
v 0.0391850214 -0.015001852 -0.038047168
v 0.0392194681 -0.0151982899 -0.0379282668
v 0.0390333252 -0.014999115 -0.0703603649
v 0.0391861181 -0.0149978657 -0.0701101041
v 0.0392305641 -0.0149798508 -0.0699883533
v 0.0392332678 -0.0147816009 -0.0695000005
v 0.0392345219 -0.0147842903 -0.0390000001
v 0.0392269926 -0.0147878094 -0.038758938
v 0.0392044287 -0.0147983284 -0.0385190207
v 0.0391412048 -0.0147618408 -0.0382813877
v 0.0390894108 -0.0147871036 -0.038047168
v 0.0391239863 -0.01497575 -0.0378960162
v 0.0390341406 -0.014746439 -0.0701809859
v 0.0391610651 -0.0147490616 -0.0698882294
v 0.0392069845 -0.0147266216 -0.0695000005
v 0.0390935354 -0.0145134563 -0.0390000001
v 0.0390863352 -0.0145176144 -0.038758938
v 0.0390647774 -0.0145300598 -0.0385190207
v 0.0390289574 -0.0145507355 -0.0382813877
v 0.0390057545 -0.0145641346 -0.0381637812
v 0.0390052872 -0.0146987171 -0.0379316863
v 0.0390052967 -0.0144928284 -0.0699385571
v 0.0390614586 -0.0144590397 -0.0695000005
v 0.039030612 -0.0144087429 -0.0390000001
v 0.0390235643 -0.0144131393 -0.038758938
v 0.0390024548 -0.0144263382 -0.0385190207
v 0.0390087919 -0.0144931145 -0.03834052
v 0.0393121796 -0.0175004787 -0.0697604728
v 0.0392640095 -0.0176776619 -0.0695000005
v 0.0393299751 -0.0175177402 -0.0390000001
v 0.039322217 -0.0175147648 -0.038758938
v 0.0392507248 -0.0176314468 -0.0385379499
v 0.0393256168 -0.0172517223 -0.0700130296
v 0.0393903856 -0.0172713394 -0.0697604728
v 0.039354661 -0.0174514503 -0.0695000005
v 0.0394095116 -0.0172867603 -0.0390000001
v 0.0394015627 -0.0172843285 -0.038758938
v 0.039377759 -0.0172770519 -0.0385190207
v 0.0393079643 -0.0174667473 -0.0384816146
v 0.0392654781 -0.0170535488 -0.070250001
v 0.0393864756 -0.0170222587 -0.0700130296
v 0.0394524508 -0.0170373173 -0.0697604728
v 0.039429348 -0.0172194691 -0.0695000005
v 0.0394727402 -0.0170507831 -0.0390000001
v 0.0394646435 -0.0170489139 -0.038758938
v 0.0394403868 -0.0170433159 -0.0385190207
v 0.0393704205 -0.0172420902 -0.0384087366
v 0.0393220406 -0.0167720718 -0.070250001
v 0.039431222 -0.0167891045 -0.0700130296
v 0.0394980841 -0.0167995376 -0.0697604728
v 0.0394877129 -0.0169828625 -0.0695000005
v 0.0394981413 -0.0169312878 -0.0390000001
v 0.0394899826 -0.0169297047 -0.038758938
v 0.0394865589 -0.0168057842 -0.0385190207
v 0.0394257956 -0.0169547005 -0.0383217305
v 0.039349535 -0.0165440102 -0.070250001
v 0.0394596319 -0.0165534038 -0.0700130296
v 0.0394988422 -0.0165567512 -0.0698882294
v 0.0394954996 -0.0167459412 -0.0385190207
v 0.0394516831 -0.0167208977 -0.0382558119
v 0.0394555788 -0.0166620464 -0.0382398865
v 0.0393614798 -0.0162571545 -0.070250001
v 0.0394719772 -0.0162569446 -0.0700130296
v 0.0394968968 -0.016256897 -0.0699385571
v 0.0394878798 -0.0162634582 -0.0382813877
v 0.0394610577 -0.0164848633 -0.0381935188
v 0.0392598038 -0.0162016697 -0.0704027224
v 0.0393737583 -0.0161994667 -0.0702272153
v 0.0394800835 -0.0161974163 -0.0699883533
v 0.0394795351 -0.0160245056 -0.0382813877
v 0.0394538765 -0.0162477417 -0.0381351548
v 0.0392632609 -0.0159779472 -0.0703816772
v 0.0393612795 -0.015969202 -0.0702272153
v 0.0394672041 -0.0159597511 -0.0699883533
v 0.0394954996 -0.0157809753 -0.0385190207
v 0.0394545441 -0.015786726 -0.0382813877
v 0.0394216757 -0.0159515972 -0.0380681562
v 0.0392795591 -0.0157488747 -0.0703169584
v 0.0393328028 -0.0157403583 -0.0702272153
v 0.0394378166 -0.0157235641 -0.0699883533
v 0.0394971733 -0.0155906696 -0.0695000005
v 0.0394859629 -0.0155357666 -0.0390000001
v 0.0394778328 -0.0155374927 -0.038758938
v 0.0394534807 -0.0155426712 -0.0385190207
v 0.0394130259 -0.0155512638 -0.0382813877
v 0.0393774872 -0.0157162781 -0.038019641
v 0.0393493204 -0.0155995483 -0.0379971606
v 0.0392624359 -0.015461132 -0.070250001
v 0.0393555193 -0.0154984779 -0.0700860977
v 0.0393920641 -0.0154899902 -0.0699883533
v 0.0394716673 -0.0154714985 -0.0695000005
v 0.0394268637 -0.0152987213 -0.0390000001
v 0.0394188719 -0.0153010197 -0.038758938
v 0.0393949442 -0.0153078766 -0.0385190207
v 0.0393382053 -0.0152619572 -0.0382813877
v 0.0392830925 -0.0152788086 -0.038047168
v 0.0393171482 -0.0154836292 -0.037975902
v 0.0392562943 -0.0152216644 -0.0701339269
v 0.0393656998 -0.0152492542 -0.0698628831
v 0.0394082956 -0.0152361793 -0.0695000005
v 0.0393299751 -0.0150091667 -0.0390000001
v 0.039322217 -0.0150121422 -0.038758938
v 0.039298976 -0.0150210686 -0.0385190207
v 0.0392603617 -0.0150358887 -0.0382813877
v 0.0392561226 -0.0151010532 -0.0381637812
v 0.039252451 -0.0149709816 -0.0699134564
v 0.0393063097 -0.0149491615 -0.0695000005
v 0.0392598562 -0.01483988 -0.0390000001
v 0.0392522602 -0.014843256 -0.038758938
v 0.0392536478 -0.0149088688 -0.0385190207
v 0.0392595272 -0.0149717541 -0.0383998477
v 0.0395106821 -0.0168631763 -0.0695000005
v 0.0395283823 -0.0167505665 -0.0390000001
v 0.0395263271 -0.0167502708 -0.0388793972
v 0.0395008926 -0.016808054 -0.0386387646
v 0.0395270615 -0.016559164 -0.0697604728
v 0.0395294695 -0.0167427654 -0.0695000005
v 0.0395539217 -0.0165075989 -0.0390000001
v 0.0395456295 -0.0165070267 -0.038758938
v 0.0395207958 -0.016505291 -0.0385190207
v 0.0395022087 -0.0165039844 -0.0383998477
v 0.03953965 -0.0162568111 -0.0697604728
v 0.039558013 -0.0164395065 -0.0695000005
v 0.0395624476 -0.0162634582 -0.0390000001
v 0.0395541363 -0.0162634582 -0.038758938
v 0.0395292406 -0.0162634582 -0.0385190207
v 0.0395106058 -0.0162634582 -0.0383998477
v 0.0395036965 -0.0161969585 -0.0699134564
v 0.0395617943 -0.0161958332 -0.0695000005
v 0.0395539217 -0.0160193081 -0.0390000001
v 0.0395456295 -0.0160198898 -0.038758938
v 0.0395207958 -0.0160216255 -0.0385190207
v 0.0395022087 -0.0160229225 -0.0383998477
v 0.0395042257 -0.0159564514 -0.0698628831
v 0.039548605 -0.0159524937 -0.0695000005
v 0.0395283823 -0.01577635 -0.0390000001
v 0.0395201521 -0.015777504 -0.038758938
v 0.0395032005 -0.0157798881 -0.0385788301
v 0.0395014935 -0.0159019966 -0.038459354
v 0.0395185166 -0.0157106514 -0.0695000005
v 0.0395092707 -0.0156556911 -0.0390000001
v 0.0395010882 -0.0156571312 -0.038758938
v 0.0395008926 -0.0157188625 -0.0386387646
f 1 38 2
f 112 1 2
f 11 37 1
f 111 11 1
f 1 37 38
f 111 1 112
f 2 39 3
f 93 2 3
f 2 38 39
f 92 2 93
f 112 2 92
f 3 40 4
f 94 3 4
f 3 39 40
f 93 3 94
f 4 41 5
f 95 4 5
f 4 40 41
f 94 4 95
f 5 32 6
f 96 5 6
f 5 41 32
f 95 5 96
f 6 33 7
f 98 6 7
f 6 32 33
f 96 6 97
f 97 6 98
f 7 34 8
f 99 7 8
f 7 33 34
f 98 7 99
f 34 289 8
f 99 8 100
f 8 290 100
f 289 290 8
f 9 44 10
f 117 9 10
f 14 43 9
f 115 14 9
f 9 43 44
f 115 9 116
f 116 9 117
f 10 45 11
f 110 10 11
f 10 44 45
f 117 10 110
f 11 45 37
f 110 11 111
f 12 49 13
f 131 12 13
f 16 48 12
f 130 16 12
f 12 48 49
f 130 12 131
f 13 42 14
f 114 13 14
f 13 49 42
f 131 13 114
f 14 42 43
f 114 14 115
f 15 51 16
f 136 15 16
f 18 50 15
f 136 18 15
f 15 50 51
f 16 51 48
f 137 16 130
f 136 16 137
f 17 56 18
f 135 17 18
f 19 55 17
f 135 19 17
f 17 55 56
f 18 56 50
f 135 18 136
f 21 58 19
f 21 19 135
f 19 58 55
f 20 57 21
f 20 21 134
f 22 63 20
f 134 22 20
f 20 63 57
f 21 57 58
f 134 21 135
f 24 65 22
f 134 24 22
f 22 65 63
f 23 64 24
f 134 23 24
f 25 73 23
f 150 25 23
f 23 73 64
f 133 23 134
f 150 23 133
f 24 64 65
f 27 74 25
f 150 27 25
f 25 74 73
f 26 82 27
f 26 27 150
f 28 84 26
f 150 28 26
f 26 84 82
f 27 82 74
f 29 83 28
f 150 29 28
f 28 83 84
f 30 101 29
f 30 29 150
f 29 101 83
f 31 102 30
f 150 31 30
f 30 102 101
f 35 118 31
f 150 35 31
f 31 118 102
f 32 283 33
f 41 282 32
f 32 282 283
f 33 284 34
f 33 283 284
f 34 284 328
f 286 287 34
f 34 331 286
f 34 287 289
f 34 328 331
f 36 119 35
f 36 35 150
f 35 119 118
f 46 138 36
f 150 46 36
f 36 138 119
f 37 236 38
f 45 236 37
f 38 277 39
f 38 236 277
f 39 278 40
f 39 277 278
f 40 278 41
f 41 278 282
f 42 234 43
f 49 230 42
f 42 230 234
f 43 234 44
f 44 235 45
f 44 234 235
f 45 235 236
f 47 77 46
f 150 47 46
f 46 77 75
f 46 75 87
f 87 85 46
f 46 85 139
f 46 139 138
f 52 61 47
f 52 47 150
f 47 61 59
f 47 59 69
f 47 68 66
f 47 66 77
f 47 67 68
f 47 69 67
f 48 229 49
f 51 229 48
f 49 229 230
f 50 228 51
f 56 177 50
f 50 177 228
f 51 228 229
f 52 53 54
f 150 53 52
f 52 54 62
f 52 60 61
f 52 62 60
f 54 53 62
f 62 53 71
f 53 70 71
f 53 80 70
f 72 80 53
f 150 72 53
f 55 177 56
f 58 176 55
f 55 176 177
f 57 175 58
f 63 175 57
f 58 175 176
f 61 69 59
f 61 60 62
f 62 69 61
f 62 68 67
f 67 69 62
f 76 68 62
f 88 62 71
f 76 62 88
f 65 174 63
f 63 174 175
f 64 173 65
f 173 64 73
f 65 173 174
f 66 68 76
f 77 66 76
f 71 70 108
f 70 80 109
f 108 70 109
f 71 108 88
f 72 78 79
f 72 89 78
f 79 80 72
f 81 72 150
f 72 81 184
f 184 89 72
f 173 73 74
f 74 82 173
f 75 77 76
f 86 75 76
f 87 75 86
f 107 86 76
f 107 76 88
f 79 78 128
f 78 89 148
f 78 148 128
f 79 127 80
f 128 127 79
f 109 80 127
f 90 81 150
f 184 81 90
f 173 82 84
f 173 84 83
f 83 101 173
f 86 85 87
f 105 85 86
f 123 104 85
f 85 104 139
f 123 85 105
f 105 86 124
f 124 86 107
f 88 106 107
f 88 108 106
f 89 184 148
f 150 91 90
f 401 90 91
f 184 90 401
f 150 113 91
f 401 91 113
f 93 243 92
f 92 242 112
f 92 243 242
f 94 244 93
f 93 244 243
f 95 291 94
f 94 291 244
f 96 291 95
f 97 292 96
f 96 292 291
f 98 293 97
f 97 293 292
f 99 294 98
f 98 294 293
f 100 295 99
f 99 295 294
f 290 295 100
f 173 101 102
f 173 102 118
f 123 103 104
f 139 104 103
f 121 122 103
f 121 103 123
f 139 103 122
f 123 105 124
f 107 106 125
f 109 106 108
f 109 126 106
f 126 125 106
f 107 125 124
f 127 126 109
f 111 245 110
f 110 248 117
f 110 245 248
f 112 247 111
f 111 246 245
f 111 247 246
f 112 242 247
f 129 113 150
f 403 113 129
f 401 113 403
f 115 188 114
f 114 187 131
f 114 188 187
f 116 185 115
f 115 185 188
f 117 186 116
f 116 186 185
f 117 248 186
f 118 119 173
f 173 119 138
f 139 122 120
f 120 122 141
f 139 120 140
f 141 140 120
f 141 122 121
f 142 121 123
f 141 121 178
f 178 121 142
f 142 123 124
f 124 125 143
f 124 180 142
f 124 143 180
f 126 144 125
f 144 143 125
f 127 147 126
f 147 144 126
f 146 127 128
f 146 147 127
f 183 146 128
f 148 183 128
f 150 132 129
f 443 129 132
f 403 129 443
f 131 190 130
f 130 189 137
f 130 190 189
f 131 187 190
f 150 155 132
f 482 132 155
f 443 132 482
f 151 133 134
f 150 133 151
f 134 135 151
f 136 191 135
f 151 135 154
f 135 195 154
f 135 191 195
f 137 192 136
f 136 192 191
f 137 189 192
f 173 138 139
f 139 140 168
f 139 168 162
f 139 162 173
f 167 140 141
f 162 168 140
f 162 140 401
f 140 167 231
f 140 231 237
f 237 279 140
f 140 279 285
f 140 285 333
f 365 140 333
f 401 140 365
f 167 141 231
f 231 141 178
f 142 237 178
f 142 180 237
f 144 180 143
f 147 145 144
f 145 181 144
f 144 179 180
f 181 179 144
f 182 145 147
f 240 181 145
f 240 145 182
f 182 147 146
f 182 146 241
f 183 241 146
f 148 184 183
f 155 150 149
f 156 149 150
f 155 149 156
f 157 150 151
f 156 150 157
f 151 154 152
f 158 151 152
f 157 151 158
f 152 154 153
f 152 153 161
f 158 152 159
f 152 207 159
f 152 161 207
f 154 194 153
f 153 198 161
f 153 194 193
f 153 193 198
f 154 195 194
f 155 156 199
f 521 155 199
f 482 155 521
f 201 156 157
f 156 200 199
f 201 200 156
f 202 157 158
f 202 201 157
f 203 158 159
f 203 202 158
f 159 160 203
f 159 206 160
f 159 207 206
f 160 204 203
f 160 214 204
f 160 206 214
f 161 197 196
f 161 196 207
f 161 198 197
f 162 169 170
f 226 169 162
f 170 171 162
f 162 171 172
f 162 172 173
f 224 225 162
f 162 233 224
f 162 225 226
f 162 232 233
f 276 232 162
f 162 275 276
f 162 281 275
f 162 280 281
f 162 326 280
f 162 330 326
f 329 330 162
f 162 364 329
f 162 367 364
f 366 367 162
f 402 366 162
f 401 444 162
f 404 402 162
f 162 441 404
f 162 444 441
f 163 164 171
f 220 164 163
f 170 163 171
f 220 163 170
f 171 164 165
f 221 165 164
f 220 221 164
f 172 165 166
f 222 166 165
f 172 171 165
f 221 222 165
f 172 166 173
f 166 1202 173
f 222 223 166
f 223 1198 166
f 1198 1199 166
f 166 1199 1202
f 169 226 170
f 220 170 227
f 226 227 170
f 173 1202 174
f 174 1202 175
f 175 1183 176
f 175 1179 1184
f 1202 1179 175
f 175 1184 1183
f 176 1183 177
f 177 1161 228
f 1158 1161 177
f 177 1182 1158
f 177 1183 1182
f 237 231 178
f 179 237 180
f 181 239 179
f 179 238 237
f 239 238 179
f 240 239 181
f 240 182 241
f 184 241 183
f 401 241 184
f 186 1131 185
f 185 1131 188
f 248 1131 186
f 188 1133 187
f 187 1168 190
f 187 1133 1168
f 188 1131 1133
f 190 1170 189
f 189 1170 192
f 190 1168 1170
f 192 1170 191
f 191 1172 195
f 191 1170 1172
f 194 1189 193
f 193 1189 198
f 195 1172 194
f 194 1172 1189
f 197 1191 196
f 196 1191 207
f 198 1191 197
f 198 1189 1191
f 199 200 208
f 523 199 208
f 521 199 523
f 210 200 201
f 208 200 209
f 210 209 200
f 211 201 202
f 211 210 201
f 203 211 202
f 203 204 213
f 212 211 203
f 203 213 212
f 204 214 213
f 214 206 205
f 206 1207 205
f 205 1207 214
f 207 1205 206
f 206 1205 1207
f 207 1191 1205
f 208 209 255
f 563 208 255
f 523 208 563
f 250 209 210
f 250 249 209
f 209 249 255
f 251 210 211
f 251 250 210
f 252 211 212
f 252 251 211
f 212 213 253
f 252 212 253
f 254 213 214
f 254 253 213
f 214 1207 254
f 215 216 222
f 265 216 215
f 215 222 221
f 271 215 221
f 265 215 264
f 264 215 271
f 216 217 223
f 266 217 216
f 216 223 222
f 266 216 265
f 217 1217 223
f 266 1217 217
f 218 219 225
f 268 219 218
f 274 218 225
f 268 218 274
f 219 220 226
f 269 220 219
f 225 219 226
f 268 269 219
f 270 221 220
f 226 220 227
f 269 270 220
f 270 271 221
f 223 1219 1198
f 223 1217 1218
f 223 1218 1219
f 273 225 224
f 273 224 233
f 273 274 225
f 228 1160 229
f 228 1161 1160
f 229 1109 230
f 229 1159 1109
f 229 1160 1159
f 230 1110 234
f 230 1109 1110
f 232 276 233
f 276 273 233
f 234 1110 235
f 235 1164 236
f 235 1110 1164
f 236 1114 277
f 236 1164 1114
f 238 279 237
f 239 285 238
f 238 285 279
f 333 239 240
f 333 285 239
f 288 240 241
f 288 332 240
f 332 333 240
f 241 401 288
f 243 1129 242
f 242 1129 247
f 244 1129 243
f 291 1129 244
f 246 1131 245
f 245 1131 248
f 247 1129 246
f 246 1129 1131
f 250 256 249
f 249 256 255
f 250 251 258
f 250 257 256
f 250 258 257
f 252 258 251
f 253 259 252
f 252 259 258
f 253 254 260
f 253 260 259
f 254 261 260
f 254 1224 261
f 254 1207 1222
f 254 1222 1224
f 255 256 296
f 604 255 296
f 563 255 604
f 256 257 296
f 257 258 299
f 296 257 297
f 298 297 257
f 257 299 298
f 259 299 258
f 260 300 259
f 259 300 299
f 260 261 301
f 260 301 300
f 261 1224 301
f 262 263 270
f 310 263 262
f 262 270 269
f 310 262 269
f 264 270 263
f 311 264 263
f 310 311 263
f 312 265 264
f 264 271 270
f 311 312 264
f 266 265 314
f 312 313 265
f 265 313 314
f 314 1230 266
f 266 1216 1217
f 266 1230 1216
f 267 268 273
f 316 268 267
f 316 267 273
f 317 269 268
f 273 268 274
f 316 317 268
f 310 269 318
f 317 318 269
f 272 273 276
f 321 273 272
f 324 272 276
f 321 272 320
f 320 272 324
f 321 316 273
f 323 276 275
f 323 275 281
f 323 324 276
f 277 1114 278
f 278 1116 282
f 278 1114 1116
f 280 326 281
f 327 323 281
f 326 327 281
f 282 1117 283
f 282 1116 1117
f 283 1117 284
f 284 1119 328
f 284 1117 1119
f 286 1121 287
f 331 1121 286
f 287 1060 289
f 287 1123 1060
f 287 1121 1123
f 288 401 332
f 289 1125 290
f 289 1060 1062
f 289 1062 1125
f 290 1127 295
f 290 1125 1127
f 292 1127 291
f 291 1127 1129
f 293 1127 292
f 294 1127 293
f 295 1127 294
f 297 302 296
f 296 302 336
f 606 296 336
f 604 296 606
f 297 298 303
f 297 303 302
f 334 302 297
f 297 302 339
f 334 297 339
f 298 299 304
f 298 304 303
f 299 300 305
f 299 305 304
f 300 301 343
f 305 300 342
f 300 343 342
f 301 335 343
f 301 1237 335
f 301 1224 1235
f 301 1235 1237
f 302 303 340
f 338 302 334
f 336 302 338
f 302 340 339
f 303 304 341
f 303 341 340
f 304 305 342
f 304 342 341
f 306 307 312
f 349 307 306
f 348 306 312
f 348 349 306
f 307 308 313
f 307 1230 308
f 312 307 313
f 349 350 307
f 350 1247 307
f 307 1247 1230
f 313 308 314
f 308 1230 314
f 309 310 317
f 352 310 309
f 352 309 317
f 353 311 310
f 317 310 318
f 352 353 310
f 348 312 311
f 354 348 311
f 353 354 311
f 315 316 320
f 355 316 315
f 355 315 320
f 356 317 316
f 320 316 321
f 355 356 316
f 356 352 317
f 319 320 323
f 357 320 319
f 360 319 323
f 357 319 360
f 323 320 324
f 358 355 320
f 357 358 320
f 322 323 326
f 359 323 322
f 362 322 326
f 362 359 322
f 326 323 327
f 359 360 323
f 326 329 325
f 326 325 361
f 364 325 329
f 361 325 364
f 326 330 329
f 326 361 362
f 328 1119 331
f 331 1119 1121
f 332 365 333
f 401 365 332
f 338 334 339
f 335 1250 343
f 335 1237 1250
f 336 338 346
f 336 346 344
f 650 336 344
f 606 336 650
f 369 338 337
f 338 339 371
f 369 346 338
f 338 370 369
f 338 371 370
f 339 340 372
f 339 372 371
f 340 341 373
f 340 373 372
f 341 342 374
f 341 374 373
f 342 343 375
f 342 375 374
f 343 1250 375
f 344 346 345
f 344 345 376
f 344 376 380
f 704 344 380
f 650 344 704
f 368 345 346
f 406 345 368
f 406 376 345
f 368 346 369
f 347 348 353
f 383 348 347
f 383 347 353
f 384 349 348
f 353 348 354
f 383 384 348
f 385 350 349
f 384 385 349
f 385 386 350
f 386 1257 350
f 350 1260 1247
f 350 1257 1260
f 351 352 356
f 388 352 351
f 388 351 356
f 389 353 352
f 388 389 352
f 390 383 353
f 389 390 353
f 392 356 355
f 357 355 358
f 395 355 357
f 395 392 355
f 393 388 356
f 392 393 356
f 359 357 360
f 394 357 359
f 394 395 357
f 359 362 397
f 397 394 359
f 362 361 398
f 398 361 364
f 362 398 397
f 364 366 363
f 364 363 399
f 363 366 402
f 363 402 399
f 367 366 364
f 364 400 398
f 364 399 400
f 368 369 407
f 368 407 406
f 369 370 407
f 370 371 409
f 407 370 408
f 370 409 408
f 371 372 413
f 371 412 409
f 371 413 412
f 372 373 378
f 372 378 377
f 372 377 413
f 374 378 373
f 375 415 374
f 374 379 378
f 374 415 379
f 375 410 415
f 375 1263 410
f 375 1250 1261
f 375 1261 1263
f 380 376 381
f 445 381 376
f 405 376 406
f 445 376 405
f 377 378 414
f 377 414 413
f 379 414 378
f 379 415 414
f 380 381 418
f 752 380 418
f 704 380 752
f 418 381 417
f 526 417 381
f 485 381 445
f 526 381 485
f 382 383 389
f 422 383 382
f 429 382 389
f 429 422 382
f 423 384 383
f 389 383 390
f 422 423 383
f 424 385 384
f 423 424 384
f 385 426 386
f 424 425 385
f 425 426 385
f 426 1269 386
f 386 1269 1257
f 387 388 392
f 427 388 387
f 431 387 392
f 431 427 387
f 428 389 388
f 392 388 393
f 427 428 388
f 428 429 389
f 391 392 395
f 430 392 391
f 433 391 395
f 433 430 391
f 430 431 392
f 432 395 394
f 435 394 397
f 432 394 435
f 432 433 395
f 397 398 396
f 397 396 434
f 396 398 437
f 396 437 434
f 397 434 435
f 439 398 400
f 437 398 439
f 400 399 438
f 440 399 402
f 440 438 399
f 400 438 439
f 403 564 401
f 483 444 401
f 401 484 483
f 401 522 484
f 524 522 401
f 401 562 524
f 401 564 562
f 440 402 404
f 443 605 403
f 403 605 564
f 442 440 404
f 441 442 404
f 446 405 406
f 405 446 445
f 406 407 448
f 446 406 447
f 406 448 447
f 407 408 449
f 407 449 448
f 408 409 412
f 408 412 411
f 408 411 451
f 408 451 449
f 415 410 416
f 410 1272 416
f 410 1263 1272
f 411 412 452
f 411 452 451
f 412 413 453
f 412 453 452
f 413 414 454
f 413 454 453
f 414 415 455
f 414 455 454
f 415 416 456
f 415 456 455
f 416 1272 456
f 418 417 419
f 565 419 417
f 525 417 526
f 566 417 525
f 565 417 566
f 418 419 457
f 755 418 457
f 752 418 755
f 457 419 458
f 652 458 419
f 609 419 565
f 608 419 609
f 652 419 608
f 420 421 425
f 420 462 421
f 461 420 425
f 461 462 420
f 425 421 426
f 421 1269 426
f 462 1284 421
f 421 1284 1269
f 464 423 422
f 464 422 429
f 465 424 423
f 464 465 423
f 466 425 424
f 465 466 424
f 467 461 425
f 466 467 425
f 468 428 427
f 471 427 431
f 471 468 427
f 469 429 428
f 468 469 428
f 469 464 429
f 470 431 430
f 470 430 433
f 470 471 431
f 472 433 432
f 432 435 475
f 432 475 472
f 473 470 433
f 472 473 433
f 435 434 474
f 477 434 437
f 477 474 434
f 435 474 475
f 437 438 436
f 437 436 476
f 436 438 476
f 439 438 437
f 437 476 477
f 480 438 440
f 478 476 438
f 480 478 438
f 441 440 442
f 481 440 441
f 481 480 440
f 483 441 444
f 483 481 441
f 482 607 443
f 443 607 605
f 486 445 446
f 485 445 486
f 446 447 488
f 486 446 487
f 446 488 487
f 447 448 489
f 447 489 488
f 448 449 451
f 448 451 450
f 448 450 490
f 448 490 489
f 450 451 491
f 450 491 490
f 451 452 492
f 451 492 491
f 452 453 493
f 452 493 492
f 453 454 494
f 453 494 493
f 454 455 495
f 454 495 494
f 455 456 496
f 455 496 495
f 456 1287 496
f 456 1272 1287
f 457 458 459
f 457 459 497
f 812 457 497
f 755 457 812
f 458 867 459
f 707 458 652
f 706 458 707
f 758 458 706
f 757 458 758
f 813 458 757
f 813 867 458
f 497 459 498
f 459 871 498
f 459 867 871
f 460 461 466
f 501 461 460
f 506 460 466
f 506 501 460
f 461 1295 462
f 466 461 467
f 501 502 461
f 502 1295 461
f 462 1295 1284
f 463 464 469
f 503 464 463
f 508 463 469
f 508 503 463
f 504 465 464
f 503 504 464
f 505 466 465
f 504 505 465
f 505 506 466
f 507 469 468
f 510 468 471
f 510 507 468
f 507 508 469
f 509 471 470
f 472 470 473
f 511 470 472
f 511 509 470
f 509 510 471
f 472 475 513
f 472 513 511
f 475 474 512
f 474 477 515
f 474 515 512
f 475 512 513
f 477 476 514
f 516 476 478
f 516 514 476
f 477 514 515
f 518 478 480
f 518 516 478
f 479 480 481
f 517 480 479
f 519 479 481
f 519 517 479
f 517 518 480
f 520 481 483
f 520 519 481
f 521 1055 482
f 482 1055 607
f 483 484 522
f 483 522 520
f 485 486 527
f 485 527 526
f 486 487 528
f 486 528 527
f 487 488 529
f 487 529 528
f 488 489 530
f 488 530 529
f 489 490 531
f 489 531 530
f 490 491 532
f 490 532 531
f 491 492 533
f 491 533 532
f 492 493 534
f 492 534 533
f 493 494 535
f 493 535 534
f 494 495 536
f 494 536 535
f 495 496 536
f 496 1296 536
f 496 1287 1296
f 497 498 499
f 870 497 499
f 812 497 870
f 499 498 500
f 498 930 500
f 498 871 930
f 499 500 537
f 499 537 538
f 929 499 538
f 870 499 929
f 500 934 537
f 500 930 934
f 540 502 501
f 545 501 506
f 545 540 501
f 540 541 502
f 541 1309 502
f 502 1309 1295
f 542 504 503
f 547 503 508
f 547 542 503
f 543 505 504
f 542 543 504
f 544 506 505
f 543 544 505
f 544 545 506
f 546 508 507
f 549 507 510
f 549 546 507
f 546 547 508
f 548 510 509
f 550 509 511
f 550 548 509
f 548 549 510
f 511 513 553
f 511 553 550
f 513 512 552
f 512 515 555
f 512 555 552
f 513 552 553
f 515 514 554
f 556 514 516
f 556 554 514
f 515 554 555
f 558 516 518
f 558 556 516
f 557 518 517
f 559 517 519
f 559 557 517
f 557 558 518
f 560 519 520
f 560 559 519
f 522 560 520
f 1057 521 523
f 1055 521 1057
f 524 561 522
f 561 560 522
f 1102 523 563
f 1057 523 1102
f 562 561 524
f 525 526 566
f 526 527 568
f 566 526 567
f 526 568 567
f 527 528 569
f 527 569 568
f 528 529 570
f 528 570 569
f 529 530 571
f 529 571 570
f 530 531 572
f 530 572 571
f 531 532 573
f 531 573 572
f 532 533 574
f 532 574 573
f 533 534 575
f 533 575 574
f 534 535 576
f 534 576 575
f 536 576 535
f 536 577 576
f 536 1311 577
f 536 1296 1311
f 538 537 539
f 537 992 539
f 537 934 992
f 538 539 578
f 538 578 579
f 991 538 579
f 929 538 991
f 539 999 578
f 539 992 999
f 584 541 540
f 584 540 545
f 584 581 541
f 581 1329 541
f 1317 1309 541
f 541 1329 1317
f 587 543 542
f 587 542 547
f 582 544 543
f 587 582 543
f 583 545 544
f 582 583 544
f 583 584 545
f 586 547 546
f 590 546 549
f 590 586 546
f 586 587 547
f 589 549 548
f 550 551 548
f 592 548 551
f 592 589 548
f 589 590 549
f 550 592 551
f 550 553 594
f 591 592 550
f 550 594 591
f 553 552 594
f 552 555 596
f 594 552 593
f 552 596 593
f 555 554 596
f 597 554 556
f 596 554 595
f 597 595 554
f 599 556 558
f 599 597 556
f 598 558 557
f 559 598 557
f 598 599 558
f 559 560 600
f 600 598 559
f 560 561 602
f 600 560 601
f 602 601 560
f 562 602 561
f 564 605 562
f 562 603 602
f 562 605 603
f 1104 563 604
f 1102 563 1104
f 565 566 610
f 565 610 609
f 566 567 611
f 566 611 610
f 567 568 612
f 567 612 611
f 568 569 613
f 568 613 612
f 569 570 614
f 569 614 613
f 570 571 615
f 570 615 614
f 571 572 615
f 572 573 617
f 572 616 615
f 572 617 616
f 573 574 618
f 573 618 617
f 574 575 619
f 574 619 618
f 575 576 620
f 575 620 619
f 576 577 621
f 576 621 620
f 577 1320 621
f 577 1311 1320
f 579 578 580
f 578 1055 580
f 578 999 1055
f 579 580 622
f 998 579 622
f 991 579 998
f 622 580 623
f 580 1057 623
f 580 1055 1057
f 585 581 584
f 585 1329 581
f 625 583 582
f 587 588 582
f 631 582 588
f 631 625 582
f 626 584 583
f 625 626 583
f 585 584 628
f 626 627 584
f 584 627 628
f 628 1339 585
f 585 1340 1329
f 585 1339 1340
f 629 587 586
f 590 633 586
f 633 629 586
f 630 588 587
f 629 630 587
f 630 631 588
f 632 590 589
f 635 589 592
f 635 632 589
f 632 633 590
f 634 592 591
f 591 594 634
f 634 635 592
f 594 593 636
f 596 636 593
f 634 594 637
f 594 636 637
f 596 595 638
f 595 597 638
f 639 636 596
f 596 638 639
f 599 640 597
f 638 597 640
f 600 599 598
f 600 644 599
f 642 640 599
f 642 599 644
f 601 643 600
f 643 644 600
f 602 645 601
f 601 645 643
f 603 647 602
f 646 645 602
f 647 646 602
f 605 648 603
f 603 648 647
f 1153 604 606
f 1104 604 1153
f 607 649 605
f 605 649 648
f 1155 606 650
f 1153 606 1155
f 607 1055 649
f 654 608 609
f 654 652 608
f 610 611 609
f 609 611 657
f 609 655 654
f 609 657 655
f 611 612 658
f 611 658 657
f 612 613 659
f 612 659 658
f 613 614 660
f 613 660 659
f 614 615 661
f 614 661 660
f 615 616 663
f 615 663 661
f 616 617 664
f 616 664 663
f 617 618 665
f 617 665 664
f 618 619 666
f 618 666 665
f 619 620 667
f 619 667 666
f 621 667 620
f 621 668 667
f 621 1331 668
f 621 1320 1331
f 622 623 624
f 622 624 669
f 1056 622 669
f 998 622 1056
f 623 1102 624
f 623 1057 1102
f 669 624 670
f 624 1104 670
f 624 1102 1104
f 673 626 625
f 677 625 631
f 677 673 625
f 674 627 626
f 673 674 626
f 675 628 627
f 674 675 627
f 675 1350 628
f 628 1350 1339
f 633 630 629
f 676 631 630
f 680 630 633
f 680 676 630
f 676 677 631
f 679 633 632
f 683 632 635
f 683 679 632
f 679 680 633
f 682 635 634
f 637 686 634
f 686 682 634
f 682 683 635
f 637 636 686
f 687 636 639
f 686 636 685
f 687 685 636
f 639 638 640
f 639 640 641
f 641 690 639
f 687 639 690
f 641 640 690
f 642 689 640
f 690 640 689
f 644 692 642
f 691 689 642
f 692 691 642
f 643 692 644
f 645 692 643
f 646 693 645
f 693 692 645
f 647 695 646
f 646 695 693
f 648 697 647
f 647 697 695
f 649 700 648
f 648 698 697
f 648 700 698
f 649 651 700
f 649 999 651
f 649 1055 999
f 1175 650 704
f 1155 650 1175
f 651 702 700
f 651 703 702
f 651 992 703
f 651 999 992
f 652 655 653
f 652 653 708
f 652 654 655
f 652 708 707
f 653 655 709
f 653 709 708
f 655 657 656
f 655 656 710
f 709 655 710
f 710 656 657
f 711 657 658
f 710 657 711
f 658 659 712
f 711 658 712
f 659 660 714
f 659 714 712
f 660 661 715
f 660 715 714
f 661 664 662
f 661 662 716
f 663 664 661
f 661 716 715
f 662 664 716
f 664 665 721
f 664 720 716
f 664 721 720
f 665 666 722
f 665 722 721
f 666 667 723
f 666 723 722
f 667 668 723
f 668 724 723
f 668 1354 724
f 668 1331 1343
f 668 1343 1354
f 669 670 671
f 1103 669 671
f 1056 669 1103
f 671 670 672
f 670 1153 672
f 670 1104 1153
f 671 672 725
f 671 725 726
f 1154 671 726
f 1103 671 1154
f 672 1155 725
f 672 1153 1155
f 677 674 673
f 731 675 674
f 677 678 674
f 731 674 678
f 731 728 675
f 728 1361 675
f 675 1361 1350
f 676 730 677
f 680 681 676
f 734 676 681
f 729 730 676
f 734 729 676
f 677 731 678
f 730 731 677
f 683 680 679
f 733 681 680
f 683 684 680
f 684 733 680
f 733 734 681
f 686 683 682
f 736 684 683
f 686 739 683
f 739 736 683
f 737 733 684
f 736 737 684
f 686 685 687
f 686 687 688
f 686 688 738
f 738 739 686
f 688 687 740
f 690 742 687
f 742 740 687
f 738 688 741
f 688 740 741
f 690 689 691
f 690 691 742
f 692 743 691
f 742 691 743
f 693 694 692
f 694 745 692
f 692 745 743
f 695 694 693
f 695 696 694
f 696 746 694
f 694 746 745
f 695 747 696
f 697 747 695
f 747 746 696
f 698 748 697
f 697 748 747
f 698 701 699
f 698 699 749
f 700 701 698
f 698 749 748
f 749 699 701
f 700 703 701
f 702 703 700
f 703 751 701
f 749 701 750
f 701 751 750
f 705 753 703
f 703 934 705
f 703 753 751
f 703 992 934
f 1194 704 752
f 1175 704 1194
f 705 930 753
f 705 934 930
f 707 760 706
f 706 760 758
f 707 708 761
f 707 761 760
f 708 709 761
f 709 710 764
f 709 763 761
f 709 764 763
f 710 711 764
f 711 712 766
f 711 766 764
f 712 714 713
f 712 713 767
f 712 767 766
f 713 714 767
f 714 715 770
f 714 769 767
f 714 770 769
f 715 716 771
f 715 771 770
f 720 717 716
f 716 717 772
f 716 772 771
f 721 718 717
f 717 718 773
f 720 721 717
f 717 773 772
f 721 722 718
f 718 722 773
f 723 719 774
f 723 1354 719
f 719 1354 774
f 722 723 774
f 722 774 773
f 724 1354 723
f 726 725 727
f 725 1175 727
f 725 1155 1175
f 726 727 775
f 1174 726 775
f 1154 726 1174
f 775 727 776
f 727 1194 776
f 727 1175 1194
f 731 732 728
f 732 1365 728
f 728 1365 1361
f 734 730 729
f 777 731 730
f 734 735 730
f 782 730 735
f 782 777 730
f 778 732 731
f 777 778 731
f 778 779 732
f 779 1376 732
f 732 1376 1365
f 780 734 733
f 737 780 733
f 781 735 734
f 780 781 734
f 781 782 735
f 736 785 737
f 788 736 739
f 784 785 736
f 788 784 736
f 785 780 737
f 738 788 739
f 741 790 738
f 787 788 738
f 790 787 738
f 741 740 742
f 741 742 793
f 790 741 793
f 742 743 744
f 744 792 742
f 793 742 792
f 744 743 745
f 744 745 797
f 744 794 792
f 797 794 744
f 746 796 745
f 797 745 796
f 747 798 746
f 798 796 746
f 748 800 747
f 800 798 747
f 749 802 748
f 748 802 800
f 750 803 749
f 749 803 802
f 751 806 750
f 750 804 803
f 750 806 804
f 808 751 753
f 806 751 808
f 1195 752 755
f 1194 752 1195
f 754 753 756
f 809 753 754
f 753 871 756
f 809 808 753
f 753 930 871
f 809 754 756
f 1210 755 812
f 1195 755 1210
f 810 809 756
f 756 867 810
f 756 871 867
f 815 757 758
f 813 757 815
f 758 761 759
f 759 816 758
f 760 761 758
f 816 815 758
f 759 761 816
f 761 764 762
f 761 762 818
f 763 764 761
f 816 761 817
f 761 818 817
f 762 764 818
f 764 766 765
f 764 765 821
f 764 820 818
f 764 821 820
f 765 766 821
f 766 767 824
f 766 823 821
f 766 824 823
f 767 770 768
f 767 768 825
f 769 770 767
f 767 825 824
f 768 770 825
f 770 771 828
f 770 826 825
f 770 828 826
f 771 772 829
f 771 829 828
f 772 773 830
f 772 830 829
f 773 774 831
f 773 831 830
f 774 1382 831
f 774 1354 1369
f 774 1369 1367
f 774 1367 1382
f 775 776 832
f 775 832 833
f 1193 775 833
f 1174 775 1193
f 776 1195 832
f 776 1194 1195
f 782 778 777
f 838 779 778
f 782 783 778
f 783 838 778
f 838 835 779
f 835 1391 779
f 779 1391 1376
f 785 781 780
f 781 837 782
f 785 786 781
f 841 781 786
f 836 837 781
f 841 836 781
f 837 783 782
f 837 838 783
f 788 785 784
f 840 786 785
f 788 789 785
f 789 840 785
f 840 841 786
f 790 788 787
f 788 844 789
f 790 791 788
f 791 843 788
f 843 844 788
f 844 840 789
f 847 791 790
f 849 790 793
f 847 790 846
f 846 790 849
f 847 843 791
f 793 792 794
f 793 794 795
f 793 795 849
f 795 794 852
f 797 853 794
f 852 794 851
f 851 794 853
f 849 795 852
f 797 796 798
f 797 798 799
f 853 797 799
f 799 798 800
f 799 800 801
f 801 855 799
f 853 799 855
f 801 800 856
f 856 800 802
f 801 856 855
f 859 802 803
f 856 802 858
f 858 802 857
f 858 802 859
f 859 803 804
f 805 804 807
f 860 804 805
f 807 804 806
f 859 804 860
f 860 805 807
f 807 806 809
f 809 806 808
f 809 863 807
f 860 807 861
f 807 863 861
f 810 863 809
f 813 811 810
f 865 810 811
f 810 867 813
f 865 863 810
f 813 868 811
f 811 868 865
f 1212 812 870
f 1210 812 1212
f 813 816 814
f 814 869 813
f 816 813 815
f 869 868 813
f 816 872 814
f 872 869 814
f 817 873 816
f 816 873 872
f 817 818 873
f 821 819 818
f 819 874 818
f 818 820 821
f 818 874 873
f 821 877 819
f 819 875 874
f 877 875 819
f 821 824 822
f 877 821 822
f 823 824 821
f 824 881 822
f 877 822 878
f 878 822 881
f 824 825 882
f 824 882 881
f 825 826 883
f 825 883 882
f 828 827 826
f 826 827 884
f 826 884 883
f 828 829 827
f 829 830 827
f 827 830 885
f 827 885 884
f 830 831 885
f 885 831 886
f 831 1380 886
f 831 1381 1380
f 831 1382 1381
f 833 832 834
f 832 1210 834
f 832 1195 1210
f 833 834 888
f 1209 833 888
f 1193 833 1209
f 888 834 887
f 834 1212 887
f 834 1210 1212
f 838 839 835
f 839 1395 835
f 835 1395 1391
f 841 837 836
f 842 838 837
f 841 842 837
f 890 839 838
f 842 894 838
f 894 890 838
f 890 891 839
f 891 1409 839
f 839 1409 1395
f 844 841 840
f 841 893 842
f 844 845 841
f 845 892 841
f 892 893 841
f 893 894 842
f 848 844 843
f 848 843 847
f 844 897 845
f 900 844 848
f 897 844 896
f 900 896 844
f 897 892 845
f 847 846 849
f 900 848 847
f 850 847 849
f 903 847 850
f 900 847 899
f 899 847 903
f 903 850 849
f 902 849 852
f 903 849 902
f 852 851 853
f 852 853 854
f 854 905 852
f 905 902 852
f 854 853 907
f 907 853 855
f 907 905 854
f 855 856 911
f 907 855 910
f 910 855 909
f 911 909 855
f 858 913 856
f 911 856 913
f 859 913 858
f 915 859 860
f 859 915 913
f 861 917 860
f 915 860 917
f 862 861 864
f 919 861 862
f 864 861 863
f 919 917 861
f 921 862 864
f 919 862 921
f 864 863 865
f 864 865 921
f 869 866 865
f 865 866 924
f 869 865 868
f 865 923 921
f 865 924 923
f 869 924 866
f 872 931 869
f 926 924 869
f 869 927 926
f 869 931 927
f 1227 870 929
f 1212 870 1227
f 872 873 931
f 874 935 873
f 935 931 873
f 874 875 935
f 877 876 875
f 875 876 936
f 875 936 935
f 877 878 876
f 876 878 936
f 878 882 879
f 878 879 940
f 878 881 882
f 878 939 936
f 878 940 939
f 883 880 879
f 880 940 879
f 883 879 882
f 883 941 880
f 880 941 940
f 884 944 883
f 944 941 883
f 885 945 884
f 884 945 944
f 886 1399 885
f 885 946 945
f 885 1399 946
f 886 1380 1402
f 886 1402 1399
f 888 887 889
f 887 1227 889
f 887 1212 1227
f 888 889 947
f 1211 888 947
f 1209 888 1211
f 947 889 948
f 889 1239 948
f 889 1227 1239
f 894 891 890
f 894 895 891
f 895 1413 891
f 891 1413 1409
f 897 893 892
f 949 894 893
f 898 893 897
f 949 893 898
f 950 895 894
f 949 950 894
f 950 1427 895
f 895 1427 1413
f 897 896 900
f 952 898 897
f 901 897 900
f 956 897 901
f 952 897 951
f 951 897 956
f 953 949 898
f 953 898 952
f 904 900 899
f 904 899 903
f 956 901 900
f 959 900 904
f 956 900 955
f 959 955 900
f 906 903 902
f 906 902 905
f 959 904 903
f 961 903 906
f 962 959 903
f 962 903 961
f 906 905 907
f 908 906 907
f 961 906 908
f 964 908 907
f 963 907 910
f 964 907 963
f 964 961 908
f 910 909 911
f 910 911 912
f 912 966 910
f 966 963 910
f 912 911 913
f 912 913 914
f 914 968 912
f 912 968 966
f 914 913 915
f 914 915 916
f 916 970 914
f 914 970 968
f 916 915 917
f 916 917 918
f 974 916 918
f 972 970 916
f 974 972 916
f 918 917 919
f 919 976 918
f 976 974 918
f 922 920 919
f 919 920 977
f 922 919 921
f 977 976 919
f 979 920 922
f 979 977 920
f 924 922 921
f 923 924 921
f 981 922 924
f 981 979 922
f 924 927 925
f 924 925 982
f 926 927 924
f 924 982 981
f 927 982 925
f 932 928 927
f 928 984 927
f 932 927 931
f 927 984 982
f 932 987 928
f 928 985 984
f 987 985 928
f 1239 929 991
f 1227 929 1239
f 935 932 931
f 932 936 933
f 932 933 988
f 935 936 932
f 932 988 987
f 936 988 933
f 940 937 936
f 937 994 936
f 939 940 936
f 936 993 988
f 936 994 993
f 940 938 937
f 938 994 937
f 940 941 938
f 941 995 938
f 938 995 994
f 945 942 941
f 941 942 1001
f 945 941 944
f 1000 995 941
f 941 1001 1000
f 945 943 942
f 943 1001 942
f 945 946 943
f 946 1399 943
f 943 1002 1001
f 943 1418 1002
f 943 1399 1418
f 947 948 1003
f 1226 947 1003
f 1211 947 1226
f 1003 948 1004
f 948 1241 1004
f 948 1239 1241
f 954 950 949
f 953 954 949
f 954 1431 950
f 950 1431 1427
f 952 951 956
f 958 953 952
f 957 952 956
f 958 952 957
f 1007 954 953
f 1009 953 958
f 1006 1007 953
f 1009 1006 953
f 1007 1442 954
f 954 1442 1431
f 960 956 955
f 960 955 959
f 1008 957 956
f 1011 956 960
f 1012 1008 956
f 1012 956 1011
f 1009 958 957
f 1009 957 1008
f 960 959 962
f 1016 960 962
f 1016 1011 960
f 965 962 961
f 965 961 964
f 1018 962 965
f 1016 962 1015
f 1018 1015 962
f 967 964 963
f 967 963 966
f 967 965 964
f 967 1021 965
f 1021 1018 965
f 968 967 966
f 968 969 967
f 969 1020 967
f 1020 1021 967
f 970 969 968
f 970 971 969
f 971 1023 969
f 969 1023 1020
f 973 971 970
f 973 970 972
f 1028 971 973
f 1026 1023 971
f 1028 1026 971
f 975 973 972
f 975 972 974
f 1030 973 975
f 1030 1028 973
f 977 975 974
f 977 974 976
f 977 1030 975
f 980 978 977
f 978 1033 977
f 980 977 979
f 1033 1030 977
f 1035 978 980
f 1035 1033 978
f 982 980 979
f 982 979 981
f 1038 980 982
f 1038 1035 980
f 984 983 982
f 983 1039 982
f 982 1039 1038
f 984 985 983
f 985 1039 983
f 985 988 986
f 985 986 1043
f 988 985 987
f 985 1042 1039
f 985 1043 1042
f 986 988 1043
f 988 994 989
f 989 1048 988
f 993 994 988
f 988 1047 1043
f 988 1048 1047
f 994 990 989
f 990 1049 989
f 1049 1048 989
f 994 995 990
f 995 1052 990
f 1052 1049 990
f 1241 991 998
f 1239 991 1241
f 1001 996 995
f 995 996 1053
f 1001 995 1000
f 995 1053 1052
f 1002 997 996
f 996 997 1053
f 1002 996 1001
f 1002 1436 997
f 1053 997 1054
f 997 1433 1054
f 997 1436 1433
f 1252 998 1056
f 1241 998 1252
f 1002 1418 1415
f 1002 1415 1436
f 1003 1004 1005
f 1003 1005 1058
f 1240 1003 1058
f 1226 1003 1240
f 1004 1252 1005
f 1004 1241 1252
f 1058 1005 1059
f 1005 1254 1059
f 1005 1252 1254
f 1010 1007 1006
f 1009 1010 1006
f 1010 1446 1007
f 1007 1446 1442
f 1013 1009 1008
f 1013 1008 1012
f 1014 1010 1009
f 1013 1014 1009
f 1014 1065 1010
f 1065 1463 1010
f 1010 1463 1446
f 1017 1012 1011
f 1017 1011 1016
f 1064 1013 1012
f 1066 1012 1017
f 1067 1064 1012
f 1067 1012 1066
f 1065 1014 1013
f 1064 1065 1013
f 1016 1015 1018
f 1066 1017 1016
f 1019 1016 1018
f 1070 1016 1019
f 1070 1066 1016
f 1021 1019 1018
f 1021 1022 1019
f 1022 1069 1019
f 1070 1019 1069
f 1023 1021 1020
f 1024 1022 1021
f 1023 1024 1021
f 1024 1025 1022
f 1025 1073 1022
f 1022 1073 1069
f 1027 1024 1023
f 1027 1023 1026
f 1024 1076 1025
f 1079 1024 1027
f 1079 1076 1024
f 1025 1076 1073
f 1029 1027 1026
f 1029 1026 1028
f 1081 1027 1029
f 1081 1079 1027
f 1031 1029 1028
f 1031 1028 1030
f 1083 1029 1031
f 1083 1081 1029
f 1033 1031 1030
f 1034 1032 1031
f 1032 1083 1031
f 1034 1031 1033
f 1086 1032 1034
f 1086 1083 1032
f 1036 1034 1033
f 1036 1033 1035
f 1036 1086 1034
f 1039 1036 1035
f 1039 1035 1038
f 1040 1037 1036
f 1036 1037 1091
f 1040 1036 1039
f 1090 1086 1036
f 1091 1090 1036
f 1040 1091 1037
f 1043 1040 1039
f 1043 1039 1042
f 1044 1041 1040
f 1040 1041 1096
f 1044 1040 1043
f 1095 1091 1040
f 1096 1095 1040
f 1044 1099 1041
f 1099 1096 1041
f 1047 1044 1043
f 1048 1045 1044
f 1045 1100 1044
f 1047 1048 1044
f 1100 1099 1044
f 1049 1046 1045
f 1045 1046 1101
f 1048 1049 1045
f 1045 1101 1100
f 1049 1050 1046
f 1046 1050 1101
f 1053 1050 1049
f 1053 1049 1052
f 1054 1051 1050
f 1051 1454 1050
f 1053 1054 1050
f 1050 1451 1101
f 1050 1454 1451
f 1054 1433 1051
f 1051 1433 1454
f 1254 1056 1103
f 1252 1056 1254
f 1058 1059 1105
f 1253 1058 1105
f 1240 1058 1253
f 1105 1059 1106
f 1059 1266 1106
f 1059 1254 1266
f 1060 1061 1062
f 1060 1124 1061
f 1123 1124 1060
f 1062 1061 1063
f 1061 1312 1063
f 1124 1321 1061
f 1061 1321 1312
f 1062 1063 1125
f 1125 1063 1126
f 1063 1312 1126
f 1068 1065 1064
f 1067 1068 1064
f 1068 1467 1065
f 1065 1467 1463
f 1067 1066 1070
f 1072 1068 1067
f 1071 1067 1070
f 1071 1072 1067
f 1072 1486 1068
f 1068 1486 1467
f 1073 1070 1069
f 1074 1071 1070
f 1073 1074 1070
f 1071 1135 1072
f 1074 1075 1071
f 1075 1136 1071
f 1136 1135 1071
f 1135 1486 1072
f 1076 1074 1073
f 1077 1075 1074
f 1076 1077 1074
f 1077 1078 1075
f 1078 1136 1075
f 1080 1077 1076
f 1080 1076 1079
f 1077 1138 1078
f 1140 1077 1080
f 1141 1138 1077
f 1141 1077 1140
f 1078 1138 1136
f 1082 1080 1079
f 1082 1079 1081
f 1143 1080 1082
f 1143 1140 1080
f 1084 1082 1081
f 1084 1081 1083
f 1146 1082 1084
f 1144 1143 1082
f 1146 1144 1082
f 1087 1084 1083
f 1087 1083 1086
f 1088 1085 1084
f 1085 1146 1084
f 1088 1084 1087
f 1088 1148 1085
f 1148 1146 1085
f 1091 1087 1086
f 1091 1086 1090
f 1092 1088 1087
f 1092 1087 1091
f 1088 1093 1089
f 1089 1149 1088
f 1093 1088 1092
f 1149 1148 1088
f 1093 1149 1089
f 1096 1092 1091
f 1096 1091 1095
f 1097 1093 1092
f 1097 1092 1096
f 1098 1094 1093
f 1094 1152 1093
f 1097 1098 1093
f 1093 1151 1149
f 1093 1152 1151
f 1098 1472 1094
f 1094 1471 1152
f 1094 1472 1471
f 1100 1097 1096
f 1100 1096 1099
f 1101 1098 1097
f 1101 1097 1100
f 1101 1475 1098
f 1098 1475 1472
f 1101 1451 1450
f 1101 1450 1475
f 1266 1103 1154
f 1254 1103 1266
f 1105 1106 1107
f 1265 1105 1107
f 1253 1105 1265
f 1107 1106 1108
f 1106 1274 1108
f 1106 1266 1274
f 1107 1108 1157
f 1107 1157 1156
f 1275 1107 1156
f 1265 1107 1275
f 1108 1276 1157
f 1108 1274 1276
f 1111 1110 1109
f 1109 1160 1111
f 1109 1159 1160
f 1165 1110 1111
f 1164 1110 1165
f 1161 1158 1111
f 1111 1158 1182
f 1111 1160 1161
f 1111 1162 1165
f 1111 1187 1162
f 1111 1184 1179
f 1111 1179 1203
f 1111 1180 1185
f 1203 1180 1111
f 1111 1182 1183
f 1111 1183 1184
f 1111 1185 1187
f 1113 1166 1112
f 1112 1204 1113
f 1166 1163 1112
f 1112 1163 1188
f 1186 1181 1112
f 1112 1181 1204
f 1188 1186 1112
f 1113 1167 1166
f 4076 1167 1113
f 1113 1204 1283
f 1283 4195 1113
f 1113 4195 4076
f 1114 1115 1116
f 1114 1167 1115
f 1164 1167 1114
f 1116 1115 1118
f 1115 1355 1118
f 1167 1368 1115
f 1115 1370 1355
f 1115 1368 1370
f 1116 1118 1117
f 1117 1118 1119
f 1119 1118 1120
f 1118 1355 1120
f 1119 1120 1121
f 1121 1120 1122
f 1120 1332 1122
f 1120 1344 1332
f 1120 1355 1344
f 1121 1122 1123
f 1123 1122 1124
f 1122 1321 1124
f 1122 1332 1321
f 1125 1126 1127
f 1127 1126 1128
f 1126 1297 1128
f 1126 1312 1297
f 1127 1128 1129
f 1129 1128 1130
f 1128 1288 1130
f 1128 1297 1288
f 1129 1130 1131
f 1131 1130 1132
f 1130 1273 1132
f 1130 1288 1273
f 1131 1132 1133
f 1133 1132 1134
f 1132 1264 1134
f 1132 1273 1264
f 1133 1134 1168
f 1168 1134 1169
f 1134 1262 1169
f 1134 1264 1262
f 1136 1137 1135
f 1137 1490 1135
f 1135 1490 1486
f 1138 1137 1136
f 1138 1139 1137
f 1139 1494 1137
f 1137 1494 1490
f 1142 1139 1138
f 1142 1138 1141
f 1142 1499 1139
f 1139 1499 1494
f 1144 1141 1140
f 1144 1140 1143
f 1145 1142 1141
f 1145 1141 1144
f 1145 1503 1142
f 1142 1498 1499
f 1142 1503 1498
f 1147 1145 1144
f 1147 1144 1146
f 1147 1510 1145
f 1145 1510 1503
f 1149 1147 1146
f 1149 1146 1148
f 1149 1513 1147
f 1147 1513 1510
f 1152 1150 1149
f 1150 1513 1149
f 1151 1152 1149
f 1152 1471 1150
f 1150 1471 1513
f 1274 1154 1174
f 1266 1154 1274
f 1156 1157 1176
f 1156 1176 1177
f 1289 1156 1177
f 1275 1156 1289
f 1157 1290 1176
f 1157 1276 1290
f 1162 1163 1166
f 1187 1163 1162
f 1162 1166 1165
f 1187 1188 1163
f 1165 1167 1164
f 1165 1166 1167
f 1167 1385 1368
f 4076 1385 1167
f 1168 1169 1170
f 1170 1169 1171
f 1169 1251 1171
f 1169 1262 1251
f 1170 1171 1172
f 1172 1171 1173
f 1171 1238 1173
f 1171 1251 1238
f 1172 1173 1190
f 1172 1190 1189
f 1173 1236 1190
f 1173 1238 1236
f 1276 1174 1193
f 1274 1174 1276
f 1177 1176 1178
f 1176 1299 1178
f 1176 1290 1299
f 1177 1178 1197
f 1177 1197 1196
f 1298 1177 1196
f 1289 1177 1298
f 1178 1300 1197
f 1178 1299 1300
f 1203 1179 1202
f 1180 1181 1186
f 1203 1181 1180
f 1180 1186 1185
f 1203 1204 1181
f 1185 1186 1188
f 1185 1188 1187
f 1189 1190 1192
f 1189 1192 1191
f 1190 1225 1192
f 1190 1236 1225
f 1191 1192 1206
f 1191 1206 1205
f 1192 1223 1206
f 1192 1225 1223
f 1290 1193 1209
f 1276 1193 1290
f 1196 1197 1213
f 1196 1213 1214
f 1313 1196 1214
f 1298 1196 1313
f 1197 1314 1213
f 1197 1300 1314
f 1203 1199 1198
f 1203 1198 1219
f 1203 1202 1199
f 1200 1201 1203
f 1220 1201 1200
f 1200 1203 1281
f 1281 1220 1200
f 1203 1201 1204
f 1282 1204 1201
f 1220 1221 1201
f 1201 1221 1282
f 1203 1219 1281
f 1283 1204 1282
f 1205 1206 1208
f 1205 1208 1207
f 1206 1223 1208
f 1207 1208 1223
f 1207 1223 1222
f 1299 1209 1211
f 1290 1209 1299
f 1300 1211 1226
f 1299 1211 1300
f 1214 1213 1215
f 1213 1323 1215
f 1213 1314 1323
f 1214 1215 1228
f 1322 1214 1228
f 1313 1214 1322
f 1228 1215 1229
f 1215 1334 1229
f 1215 1323 1334
f 1217 1216 1280
f 1280 1216 1230
f 1280 1218 1217
f 1280 1219 1218
f 1281 1219 1280
f 1233 1221 1220
f 1281 1233 1220
f 1233 1234 1221
f 1221 1234 1282
f 1222 1223 1225
f 1222 1225 1224
f 1224 1225 1236
f 1224 1236 1235
f 1314 1226 1240
f 1300 1226 1314
f 1228 1229 1242
f 1228 1242 1243
f 1333 1228 1243
f 1322 1228 1333
f 1229 1335 1242
f 1229 1334 1335
f 1280 1230 1247
f 1231 1232 1234
f 1248 1232 1231
f 1231 1234 1233
f 1281 1231 1233
f 1281 1248 1231
f 1282 1234 1232
f 1248 1249 1232
f 1232 1249 1282
f 1235 1236 1238
f 1235 1238 1237
f 1237 1238 1251
f 1237 1251 1250
f 1323 1240 1253
f 1314 1240 1323
f 1243 1242 1244
f 1242 1347 1244
f 1242 1335 1347
f 1243 1244 1255
f 1345 1243 1255
f 1333 1243 1345
f 1255 1244 1256
f 1244 1356 1256
f 1244 1347 1356
f 1245 1246 1249
f 1258 1246 1245
f 1245 1249 1248
f 1281 1245 1248
f 1258 1245 1281
f 1282 1249 1246
f 1258 1259 1246
f 1282 1246 1259
f 1280 1247 1260
f 1250 1251 1262
f 1250 1262 1261
f 1334 1253 1265
f 1323 1253 1334
f 1255 1256 1268
f 1346 1255 1268
f 1345 1255 1346
f 1268 1256 1267
f 1256 1358 1267
f 1256 1356 1358
f 1280 1260 1257
f 1257 1269 1280
f 1270 1259 1258
f 1281 1270 1258
f 1270 1271 1259
f 1282 1259 1271
f 1261 1262 1264
f 1261 1264 1263
f 1263 1264 1273
f 1263 1273 1272
f 1335 1265 1275
f 1334 1265 1335
f 1268 1267 1277
f 1267 1372 1277
f 1267 1358 1372
f 1268 1277 1278
f 1357 1268 1278
f 1346 1268 1357
f 1280 1269 1284
f 1285 1271 1270
f 1281 1285 1270
f 1271 1286 1282
f 1285 1286 1271
f 1272 1273 1288
f 1272 1288 1287
f 1335 1275 1289
f 1278 1277 1279
f 1277 1386 1279
f 1277 1372 1386
f 1278 1279 1291
f 1371 1278 1291
f 1357 1278 1371
f 1291 1279 1292
f 1279 1388 1292
f 1279 1386 1388
f 1305 1281 1280
f 1284 1295 1280
f 1280 1295 1309
f 1280 1304 1305
f 1280 1310 1304
f 1309 1310 1280
f 1293 1285 1281
f 1281 1306 1293
f 1306 1281 1305
f 1308 1283 1282
f 1282 1286 1294
f 1282 1294 1307
f 1308 1282 1307
f 1509 1283 1308
f 1509 4195 1283
f 1293 1286 1285
f 1293 1294 1286
f 1287 1288 1297
f 1287 1297 1296
f 1347 1289 1298
f 1335 1289 1347
f 1291 1292 1301
f 1387 1291 1301
f 1371 1291 1387
f 1301 1292 1302
f 1292 1406 1302
f 1292 1388 1406
f 1306 1294 1293
f 1306 1307 1294
f 1296 1297 1312
f 1296 1312 1311
f 1356 1298 1313
f 1347 1298 1356
f 1301 1302 1303
f 1301 1303 1315
f 1405 1301 1315
f 1387 1301 1405
f 1302 1422 1303
f 1302 1406 1422
f 1315 1303 1316
f 1303 1439 1316
f 1303 1422 1439
f 1305 1304 1317
f 1304 1310 1309
f 1304 1309 1317
f 1318 1308 1305
f 1305 1317 1318
f 1308 1307 1306
f 1318 1319 1308
f 1502 1308 1319
f 1509 1308 1502
f 1311 1312 1321
f 1311 1321 1320
f 1358 1313 1322
f 1356 1313 1358
f 1315 1316 1324
f 1421 1315 1324
f 1405 1315 1421
f 1324 1316 1325
f 1316 1441 1325
f 1316 1439 1441
f 1318 1317 1326
f 1317 1329 1326
f 1327 1319 1318
f 1318 1326 1327
f 1327 1328 1319
f 1497 1319 1328
f 1502 1319 1497
f 1320 1321 1332
f 1320 1332 1331
f 1372 1322 1333
f 1358 1322 1372
f 1324 1325 1336
f 1440 1324 1336
f 1421 1324 1440
f 1336 1325 1337
f 1325 1458 1337
f 1325 1441 1458
f 1327 1326 1329
f 1341 1328 1327
f 1327 1329 1330
f 1327 1330 1341
f 1341 1342 1328
f 1493 1328 1342
f 1497 1328 1493
f 1330 1329 1340
f 1330 1340 1341
f 1331 1332 1344
f 1331 1344 1343
f 1386 1333 1345
f 1372 1333 1386
f 1336 1337 1338
f 1336 1338 1348
f 1457 1336 1348
f 1440 1336 1457
f 1337 1480 1338
f 1337 1458 1480
f 1348 1338 1349
f 1338 1520 1349
f 1338 1480 1520
f 1340 1339 1351
f 1351 1339 1350
f 1341 1340 1351
f 1352 1342 1341
f 1341 1351 1352
f 1352 1353 1342
f 1489 1342 1353
f 1493 1342 1489
f 1343 1344 1355
f 1343 1355 1354
f 1388 1345 1346
f 1386 1345 1388
f 1406 1346 1357
f 1388 1346 1406
f 1348 1349 1359
f 1481 1348 1359
f 1457 1348 1481
f 1359 1349 1360
f 1349 1522 1360
f 1349 1520 1522
f 1351 1350 1361
f 1352 1351 1363
f 1351 1361 1362
f 1363 1351 1362
f 1363 1353 1352
f 1363 1364 1353
f 1485 1353 1364
f 1489 1353 1485
f 1354 1355 1370
f 1354 1370 1369
f 1422 1357 1371
f 1406 1357 1422
f 1359 1360 1373
f 1521 1359 1373
f 1481 1359 1521
f 1373 1360 1374
f 1360 1524 1374
f 1360 1522 1524
f 1362 1361 1365
f 1363 1362 1377
f 1362 1365 1366
f 1362 1366 1377
f 1378 1364 1363
f 1363 1377 1378
f 1378 1379 1364
f 1466 1364 1379
f 1470 1364 1466
f 1485 1364 1470
f 1366 1365 1376
f 1366 1376 1377
f 1369 1368 1367
f 1367 1368 1383
f 1367 1383 1382
f 1369 1370 1368
f 1368 1384 1383
f 1385 1384 1368
f 1439 1371 1387
f 1422 1371 1439
f 1373 1374 1375
f 1373 1375 1389
f 1523 1373 1389
f 1521 1373 1523
f 1374 1525 1375
f 1374 1524 1525
f 1389 1375 1390
f 1375 1527 1390
f 1375 1525 1527
f 1377 1376 1392
f 1392 1376 1391
f 1378 1377 1392
f 1393 1379 1378
f 1378 1392 1393
f 1393 1394 1379
f 1462 1379 1394
f 1466 1379 1462
f 1381 1548 1380
f 3825 1402 1380
f 1380 1547 1546
f 1380 1546 1559
f 1380 1548 1547
f 1559 1558 1380
f 1380 1558 1592
f 1380 1592 1591
f 1380 1591 1600
f 1600 1599 1380
f 1380 1599 1641
f 1641 1640 1380
f 1380 1640 1648
f 1380 1648 1691
f 1380 1691 1690
f 1380 1690 1696
f 1696 1735 1380
f 1380 1735 1742
f 1380 1742 1741
f 1380 1741 1777
f 1380 1777 1781
f 1380 1781 1819
f 1380 1819 1823
f 1380 1823 1860
f 1860 1864 1380
f 1380 1864 3828
f 3825 1380 3828
f 1382 1548 1381
f 1383 1549 1382
f 1382 1549 1548
f 1383 1384 1404
f 1383 1404 1403
f 3826 1383 1403
f 1383 1550 1549
f 1551 1550 1383
f 1383 1560 1551
f 1383 1561 1560
f 1383 1593 1561
f 1383 1594 1593
f 1601 1594 1383
f 1383 1642 1601
f 1643 1642 1383
f 1383 1649 1643
f 1383 1692 1649
f 1697 1692 1383
f 1383 1736 1697
f 1383 1737 1736
f 1383 1743 1737
f 1778 1743 1383
f 1383 1782 1778
f 1820 1782 1383
f 1383 1824 1820
f 1861 1824 1383
f 1383 1865 1861
f 3831 1865 1383
f 3831 1383 3826
f 1385 1553 1384
f 1384 3832 1404
f 1553 1552 1384
f 1552 1563 1384
f 1384 1563 1562
f 1562 1596 1384
f 1384 1596 1595
f 1384 1595 1603
f 1384 1603 1602
f 1602 1645 1384
f 1384 1645 1644
f 1644 1650 1384
f 1650 1694 1384
f 1384 1694 1693
f 1384 1693 1698
f 1384 1698 1738
f 1738 1745 1384
f 1384 1745 1744
f 1384 1744 1779
f 1779 1783 1384
f 1384 1783 1821
f 1821 1825 1384
f 1384 1825 1862
f 3832 1384 1862
f 1554 1553 1385
f 1555 1554 1385
f 1556 1555 1385
f 1385 1557 1556
f 1385 1564 1557
f 1385 1565 1564
f 1385 1597 1565
f 1598 1597 1385
f 1385 1604 1598
f 1385 1646 1604
f 1385 1647 1646
f 1385 1651 1647
f 1385 1695 1651
f 1385 1699 1695
f 1739 1699 1385
f 1740 1739 1385
f 1385 1746 1740
f 1385 1780 1746
f 1385 1784 1780
f 4076 1784 1385
f 1441 1387 1405
f 1439 1387 1441
f 1389 1390 1407
f 1526 1389 1407
f 1523 1389 1526
f 1407 1390 1408
f 1390 1529 1408
f 1390 1527 1529
f 1392 1391 1395
f 1393 1392 1396
f 1392 1395 1396
f 1397 1394 1393
f 1393 1396 1397
f 1397 1398 1394
f 1445 1394 1398
f 1449 1394 1445
f 1462 1394 1449
f 1396 1395 1409
f 1397 1396 1410
f 1396 1409 1410
f 1411 1398 1397
f 1397 1410 1411
f 1411 1412 1398
f 1445 1398 1412
f 3825 1399 1402
f 3888 1418 1399
f 3891 1399 3825
f 3888 1399 3891
f 1403 1401 1400
f 1400 1401 1420
f 3892 1403 1400
f 1400 1420 1419
f 3889 1400 1419
f 3892 1400 3889
f 1403 1404 1401
f 1404 3827 1401
f 1401 3893 1420
f 1401 3827 3893
f 3826 1403 3892
f 1404 3832 3827
f 1538 1405 1421
f 1441 1405 1539
f 1539 1405 1538
f 1407 1408 1423
f 1528 1407 1423
f 1526 1407 1528
f 1423 1408 1424
f 1408 1545 1424
f 1408 1529 1545
f 1410 1409 1413
f 1411 1410 1428
f 1410 1413 1414
f 1410 1414 1428
f 1425 1412 1411
f 1411 1429 1425
f 1411 1428 1429
f 1425 1426 1412
f 1430 1412 1426
f 1445 1412 1430
f 1414 1413 1427
f 1414 1427 1428
f 3888 1415 1418
f 3941 1436 1415
f 3944 1415 3888
f 3941 1415 3944
f 1419 1417 1416
f 1416 1417 1438
f 3945 1419 1416
f 1416 1438 1437
f 3942 1416 1437
f 3945 1416 3942
f 1419 1420 1417
f 1420 3890 1417
f 1417 3946 1438
f 1417 3890 3946
f 3889 1419 3945
f 1420 3893 3890
f 1538 1421 1440
f 1423 1424 2202
f 1528 1423 1533
f 1534 1533 1423
f 1534 1423 1708
f 1708 1423 2202
f 1545 1586 1424
f 1586 1587 1424
f 1424 1587 1588
f 1424 1588 1589
f 1589 1590 1424
f 1590 1635 1424
f 1424 1635 1638
f 1424 1638 1639
f 1639 1687 1424
f 1424 1687 1774
f 1424 1774 1815
f 1424 1815 2203
f 2202 1424 2203
f 1429 1426 1425
f 1429 1430 1426
f 1428 1427 1431
f 1429 1428 1443
f 1428 1431 1432
f 1428 1432 1443
f 1444 1430 1429
f 1429 1443 1444
f 1444 1445 1430
f 1432 1431 1442
f 1432 1442 1443
f 3941 1433 1436
f 3965 1454 1433
f 3968 1433 3941
f 3965 1433 3968
f 1437 1435 1434
f 1434 1435 1456
f 3969 1437 1434
f 1434 1456 1455
f 3966 1434 1455
f 3969 1434 3966
f 1437 1438 1435
f 1438 3943 1435
f 1435 3970 1456
f 1435 3943 3970
f 3942 1437 3969
f 1438 3946 3943
f 1537 1440 1457
f 1538 1440 1537
f 1441 1539 1458
f 1443 1442 1446
f 1444 1443 1447
f 1443 1446 1447
f 1448 1445 1444
f 1444 1447 1448
f 1448 1449 1445
f 1446 1460 1447
f 1446 1459 1460
f 1446 1463 1459
f 1448 1447 1460
f 1461 1449 1448
f 1448 1460 1461
f 1461 1462 1449
f 3977 1450 1451
f 3984 1475 1450
f 3984 1450 3977
f 3965 1451 1454
f 3977 1451 3965
f 1455 1453 1452
f 1452 1453 1479
f 3978 1455 1452
f 1452 1479 1478
f 3975 1452 1478
f 3978 1452 3975
f 1455 1456 1453
f 1456 3967 1453
f 1453 3979 1479
f 1453 3967 3979
f 3966 1455 3978
f 1456 3970 3967
f 1536 1457 1481
f 1537 1457 1536
f 1539 1480 1458
f 1460 1459 1463
f 1461 1460 1464
f 1460 1463 1464
f 1465 1462 1461
f 1461 1464 1465
f 1465 1466 1462
f 1464 1463 1467
f 1465 1464 1468
f 1464 1467 1468
f 1469 1466 1465
f 1465 1468 1469
f 1469 1470 1466
f 1468 1467 1483
f 1483 1467 1482
f 1482 1467 1486
f 1469 1468 1483
f 1484 1470 1469
f 1469 1483 1484
f 1484 1485 1470
f 3991 1471 1472
f 3998 1513 1471
f 4001 1471 3991
f 3998 1471 4001
f 3984 1472 1475
f 3991 1472 3984
f 1476 1474 1473
f 1473 1474 1519
f 3992 1476 1473
f 1473 1519 1518
f 3989 1473 1518
f 3992 1473 3989
f 1476 1477 1474
f 1477 3986 1474
f 1474 3993 1519
f 1474 3986 3993
f 1478 1477 1476
f 3985 1478 1476
f 3985 1476 3992
f 1478 1479 1477
f 1479 3976 1477
f 1477 3976 3986
f 3975 1478 3985
f 1479 3979 3976
f 1520 1480 1539
f 1535 1481 1521
f 1536 1481 1535
f 1483 1482 1486
f 1484 1483 1487
f 1483 1486 1487
f 1488 1485 1484
f 1484 1487 1488
f 1488 1489 1485
f 1487 1486 1490
f 1488 1487 1491
f 1487 1490 1491
f 1492 1489 1488
f 1488 1491 1492
f 1492 1493 1489
f 1491 1490 1494
f 1492 1491 1495
f 1491 1494 1495
f 1496 1493 1492
f 1492 1495 1496
f 1496 1497 1493
f 1495 1494 1499
f 1496 1495 1500
f 1495 1499 1500
f 1501 1497 1496
f 1496 1500 1501
f 1501 1502 1497
f 1499 1498 1503
f 1498 2204 1503
f 4014 1498 1503
f 4025 2204 1498
f 4025 1498 4014
f 1500 1499 1504
f 1499 1503 1504
f 1501 1500 1505
f 1500 1504 1505
f 1506 1502 1501
f 1501 1505 1506
f 1506 1509 1502
f 1503 2204 1504
f 4009 1503 1510
f 4014 1503 4009
f 1504 2204 1505
f 1505 2204 1506
f 1507 1509 1506
f 1506 1902 1507
f 1506 1899 1900
f 1506 1955 1899
f 1900 1901 1506
f 1901 1902 1506
f 1506 1954 1955
f 1963 1954 1506
f 1962 1963 1506
f 2009 1962 1506
f 1506 2008 2009
f 1506 2015 2008
f 1506 2014 2015
f 1506 2061 2014
f 1506 2066 2061
f 2065 2066 1506
f 2110 2065 1506
f 1506 2114 2110
f 1506 2168 2114
f 2167 2168 1506
f 2173 2167 1506
f 1506 2204 2173
f 1507 1508 1509
f 1511 1508 1507
f 4018 1511 1507
f 1902 1903 1507
f 1507 1903 1904
f 1507 1904 1956
f 1507 1956 1957
f 1507 1957 1964
f 1964 1965 1507
f 1507 1965 2010
f 1507 2010 2016
f 1507 2016 2017
f 2017 2062 1507
f 1507 2062 2067
f 1507 2067 2111
f 2111 2115 1507
f 2115 2116 1507
f 1507 2116 2169
f 1507 2169 2174
f 2174 2205 1507
f 1507 2205 2209
f 2209 2238 1507
f 1507 2238 2242
f 4018 1507 2242
f 1508 1907 1509
f 1511 1512 1508
f 1512 4011 1508
f 1508 1905 1906
f 1508 1959 1905
f 1508 1906 1907
f 1958 1959 1508
f 1508 1967 1958
f 1508 1966 1967
f 1508 2012 1966
f 2011 2012 1508
f 1508 2019 2011
f 2018 2019 1508
f 2063 2018 1508
f 1508 2069 2063
f 1508 2068 2069
f 1508 2112 2068
f 2117 2112 1508
f 1508 2171 2117
f 1508 2170 2171
f 1508 2175 2170
f 2206 2175 1508
f 4019 2206 1508
f 1508 4011 4019
f 1907 1908 1509
f 1908 1909 1509
f 1509 1909 1910
f 1509 1910 1960
f 1509 1960 1961
f 1509 1961 1968
f 1968 1969 1509
f 1509 1969 2013
f 1509 2013 2020
f 1509 2020 2021
f 2021 2064 1509
f 1509 2064 2070
f 1509 2070 2113
f 2113 2118 1509
f 2118 2119 1509
f 1509 2119 2172
f 1509 2172 2176
f 2176 2207 1509
f 1509 2207 2211
f 2211 2240 1509
f 1509 2240 2244
f 1509 2244 4195
f 4004 1510 1513
f 4009 1510 4004
f 1514 1512 1511
f 4010 1514 1511
f 4010 1511 4018
f 1514 1515 1512
f 1515 4006 1512
f 1512 4006 4011
f 4004 1513 3998
f 1516 1515 1514
f 4005 1516 1514
f 4005 1514 4010
f 1516 1517 1515
f 1517 4000 1515
f 1515 4000 4006
f 1516 1519 1517
f 1518 1519 1516
f 3999 1518 1516
f 3999 1516 4005
f 1519 3990 1517
f 1517 3990 4000
f 3989 1518 3999
f 1519 3993 3990
f 1539 1522 1520
f 1571 1521 1523
f 1535 1521 1572
f 1572 1521 1571
f 1539 1524 1522
f 1571 1523 1526
f 1525 1524 1539
f 1539 1527 1525
f 1579 1526 1528
f 1571 1526 1579
f 1539 1529 1527
f 1612 1528 1533
f 1579 1528 1578
f 1578 1528 1612
f 1540 1529 1539
f 1540 1541 1529
f 1529 1541 1542
f 1542 1543 1529
f 1529 1543 1544
f 1544 1575 1529
f 1529 1576 1545
f 1529 1575 1576
f 1530 1531 1541
f 6067 1531 1530
f 1530 1541 1540
f 6066 1530 1540
f 6067 1530 6066
f 1531 1532 1541
f 1567 1532 1531
f 1567 1531 1566
f 6067 1566 1531
f 1532 1542 1541
f 1567 1542 1532
f 1611 1533 1534
f 1612 1533 1611
f 1611 1534 1617
f 1617 1534 1616
f 1616 1534 1661
f 1661 1534 1660
f 1660 1534 1666
f 1666 1534 1665
f 1665 1534 1709
f 1709 1534 1708
f 6118 1536 1535
f 6117 1535 1572
f 6118 1535 6117
f 6064 1537 1536
f 6064 1536 6063
f 6063 1536 6118
f 6065 1538 1537
f 6065 1537 6064
f 6059 1539 1538
f 6059 1538 6058
f 6058 1538 6065
f 6060 1540 1539
f 6060 1539 6059
f 6066 1540 6060
f 1574 1543 1542
f 1567 1573 1542
f 1573 1574 1542
f 1575 1544 1543
f 1575 1543 1574
f 1576 1580 1545
f 1580 1581 1545
f 1545 1581 1582
f 1582 1614 1545
f 1583 1584 1545
f 1618 1583 1545
f 1545 1584 1585
f 1545 1585 1586
f 1614 1615 1545
f 1615 1618 1545
f 1900 1546 1547
f 1899 1559 1546
f 1899 1546 1900
f 1901 1547 1548
f 1900 1547 1901
f 1902 1548 1549
f 1901 1548 1902
f 1903 1549 1550
f 1902 1549 1903
f 1904 1550 1551
f 1903 1550 1904
f 1956 1551 1560
f 1904 1551 1956
f 1906 1552 1553
f 1905 1563 1552
f 1905 1552 1906
f 1907 1553 1554
f 1906 1553 1907
f 1908 1554 1555
f 1907 1554 1908
f 1909 1555 1556
f 1908 1555 1909
f 1910 1556 1557
f 1909 1556 1910
f 1960 1557 1564
f 1910 1557 1960
f 1955 1558 1559
f 1963 1592 1558
f 1954 1558 1955
f 1963 1558 1954
f 1955 1559 1899
f 1957 1560 1561
f 1956 1560 1957
f 1964 1561 1593
f 1957 1561 1964
f 1959 1562 1563
f 1967 1596 1562
f 1958 1562 1959
f 1967 1562 1958
f 1959 1563 1905
f 1961 1564 1565
f 1960 1564 1961
f 1968 1565 1597
f 1961 1565 1968
f 6067 1567 1566
f 1568 1573 1567
f 6068 1568 1567
f 6068 1567 6067
f 1569 1575 1568
f 1605 1569 1568
f 1568 1574 1573
f 1568 1575 1574
f 6021 1605 1568
f 6021 1568 6072
f 6072 1568 6068
f 1570 1575 1569
f 1606 1570 1569
f 1606 1569 1605
f 1570 1576 1575
f 1606 1576 1570
f 6117 1572 1571
f 6116 1571 1579
f 6117 1571 6116
f 1577 1580 1576
f 1609 1577 1576
f 1580 1581 1576
f 1606 1608 1576
f 1609 1576 1608
f 1577 1581 1580
f 1613 1581 1577
f 1613 1577 1609
f 6124 1579 1578
f 6170 1578 1612
f 6124 1578 6123
f 6123 1578 6170
f 6116 1579 6115
f 6115 1579 6124
f 1614 1582 1581
f 1613 1614 1581
f 1584 1583 1620
f 1620 1583 1618
f 1585 1584 1622
f 1584 1620 1622
f 1586 1585 1622
f 1587 1586 1628
f 1586 1622 1625
f 1625 1586 1626
f 1586 1625 1628
f 1588 1587 1631
f 1628 1631 1587
f 1589 1588 1631
f 1589 1635 1590
f 1589 1631 1633
f 1633 1635 1589
f 1963 1591 1592
f 1962 1600 1591
f 1962 1591 1963
f 1965 1593 1594
f 1964 1593 1965
f 2010 1594 1601
f 1965 1594 2010
f 1967 1595 1596
f 1966 1603 1595
f 1966 1595 1967
f 1969 1597 1598
f 1968 1597 1969
f 2013 1598 1604
f 1969 1598 2013
f 2009 1599 1600
f 2008 1641 1599
f 2008 1599 2009
f 2009 1600 1962
f 2016 1601 1642
f 2010 1601 2016
f 2012 1602 1603
f 2011 1645 1602
f 2011 1602 2012
f 2012 1603 1966
f 2020 1604 1646
f 2013 1604 2020
f 6022 1606 1605
f 6022 1605 6021
f 1609 1606 1607
f 6076 1607 1606
f 1606 1609 1608
f 6023 1606 6022
f 6024 1606 6023
f 6076 1606 6024
f 1607 1655 1609
f 1652 1655 1607
f 6077 1652 1607
f 6077 1607 6076
f 1614 1609 1610
f 1609 1655 1610
f 1614 1613 1609
f 1610 1615 1614
f 1610 1658 1615
f 1655 1656 1610
f 1610 1656 1658
f 6170 1612 1611
f 6169 1611 1617
f 6170 1611 6169
f 1618 1615 1662
f 1615 1658 1662
f 6169 1617 1616
f 6223 1616 1661
f 6169 1616 6168
f 6168 1616 6174
f 6174 1616 6223
f 1618 1619 1621
f 1619 1618 1663
f 1620 1618 1621
f 1618 1662 1663
f 1667 1621 1619
f 1667 1619 1663
f 1620 1621 1623
f 1622 1620 1623
f 1623 1621 1669
f 1621 1667 1669
f 1622 1623 1626
f 1625 1622 1626
f 1623 1624 1627
f 1623 1670 1624
f 1626 1623 1627
f 1623 1669 1670
f 1627 1624 1672
f 1624 1670 1672
f 1628 1625 1626
f 1626 1627 1630
f 1628 1626 1629
f 1629 1626 1630
f 1630 1627 1674
f 1627 1672 1674
f 1631 1628 1629
f 1629 1630 1632
f 1631 1629 1632
f 1632 1630 1677
f 1630 1674 1677
f 1631 1632 1634
f 1633 1631 1634
f 1634 1632 1676
f 1632 1677 1676
f 1633 1634 1635
f 1635 1634 1636
f 1636 1634 1679
f 1634 1676 1679
f 1682 1635 1636
f 1638 1635 1684
f 1682 1681 1635
f 1684 1635 1681
f 1636 1679 1682
f 1687 1638 1637
f 1687 1639 1638
f 1684 1687 1638
f 2015 1640 1641
f 2014 1648 1640
f 2014 1640 2015
f 2015 1641 2008
f 2017 1642 1643
f 2016 1642 2017
f 2017 1643 1649
f 2019 1644 1645
f 2018 1650 1644
f 2018 1644 2019
f 2019 1645 2011
f 2021 1646 1647
f 2020 1646 2021
f 2021 1647 1651
f 2061 1691 1648
f 2061 1648 2014
f 2067 1649 1692
f 2017 1649 2062
f 2062 1649 2067
f 2063 1694 1650
f 2063 1650 2018
f 2070 1651 1695
f 2021 1651 2064
f 2064 1651 2070
f 1652 1653 1655
f 6078 1653 1652
f 6078 1652 6077
f 1653 1654 1656
f 1653 1700 1654
f 1653 1656 1655
f 6081 1700 1653
f 6080 1653 6078
f 1653 6080 6081
f 1656 1654 1701
f 1654 1700 1701
f 1656 1657 1659
f 1656 1702 1657
f 1656 1659 1658
f 1701 1702 1656
f 1657 1704 1659
f 1702 1704 1657
f 1662 1658 1659
f 1662 1659 1663
f 1659 1706 1663
f 1704 1706 1659
f 6223 1661 1660
f 6222 1660 1666
f 6223 1660 6222
f 1663 1664 1668
f 1663 1706 1664
f 1667 1663 1668
f 1668 1664 1710
f 1664 1706 1710
f 6222 1666 1665
f 6288 1665 1709
f 6222 1665 6227
f 6227 1665 6288
f 1667 1668 1670
f 1669 1667 1670
f 1670 1668 1713
f 1668 1710 1711
f 1668 1711 1713
f 1670 1671 1673
f 1670 1713 1671
f 1672 1670 1673
f 1670 1713 1712
f 1673 1671 1715
f 1671 1713 1715
f 1672 1673 1675
f 1674 1672 1675
f 1675 1673 1717
f 1673 1715 1717
f 1674 1675 1678
f 1677 1674 1678
f 1678 1675 1720
f 1675 1717 1720
f 1679 1676 1677
f 1677 1678 1720
f 1679 1677 1680
f 1680 1677 1722
f 1677 1720 1719
f 1677 1719 1722
f 1679 1680 1682
f 1682 1680 1683
f 1683 1680 1724
f 1680 1722 1723
f 1680 1722 1724
f 1684 1681 1682
f 1682 1683 1686
f 1684 1682 1685
f 1685 1682 1686
f 1686 1683 1727
f 1683 1724 1727
f 1684 1685 1687
f 1685 1686 1727
f 1687 1685 1688
f 1688 1685 1730
f 1726 1685 1727
f 1685 1726 1730
f 1687 1688 1730
f 1689 1687 1732
f 1774 1687 1689
f 1729 1687 1730
f 1729 1687 1732
f 1689 1732 1774
f 2066 1690 1691
f 2065 1696 1690
f 2065 1690 2066
f 2066 1691 2061
f 2111 1692 1697
f 2067 1692 2111
f 2069 1693 1694
f 2068 1698 1693
f 2068 1693 2069
f 2069 1694 2063
f 2113 1695 1699
f 2070 1695 2113
f 2110 1735 1696
f 2110 1696 2065
f 2115 1697 1736
f 2111 1697 2115
f 2112 1738 1698
f 2112 1698 2068
f 2118 1699 1739
f 2113 1699 2118
f 6081 1701 1700
f 6081 1702 1701
f 1702 1703 1705
f 1702 1748 1703
f 1702 1705 1704
f 1702 1747 1748
f 6135 1747 1702
f 6083 1702 6081
f 6135 1702 6083
f 1703 1749 1705
f 1703 1748 1749
f 1704 1705 1706
f 1705 1751 1706
f 1749 1750 1705
f 1705 1750 1751
f 1706 1707 1711
f 1706 1751 1707
f 1710 1706 1711
f 1707 1753 1711
f 1751 1753 1707
f 6287 1709 1708
f 1708 2202 2349
f 1708 2349 6287
f 6288 1709 6287
f 1711 1753 1713
f 1716 1713 1714
f 1714 1713 1756
f 1716 1715 1713
f 1713 1753 1755
f 1756 1713 1755
f 1716 1714 1757
f 1714 1756 1757
f 1715 1716 1718
f 1715 1716 1757
f 1717 1715 1718
f 1718 1716 1758
f 1716 1757 1758
f 1721 1717 1718
f 1721 1720 1717
f 1721 1718 1759
f 1718 1758 1759
f 1719 1720 1723
f 1722 1719 1723
f 1720 1721 1759
f 1723 1720 1761
f 1720 1759 1761
f 1722 1723 1725
f 1724 1722 1725
f 1725 1723 1760
f 1723 1761 1760
f 1727 1724 1725
f 1727 1725 1728
f 1728 1725 1765
f 1725 1760 1762
f 1725 1762 1765
f 1726 1727 1731
f 1730 1726 1731
f 1727 1728 1765
f 1731 1727 1768
f 1727 1765 1764
f 1727 1764 1768
f 1729 1730 1732
f 1730 1731 1768
f 1732 1730 1733
f 1733 1730 1771
f 1730 1768 1767
f 1730 1767 1771
f 1732 1733 1771
f 1734 1774 1732
f 1732 1771 1770
f 1732 1770 1774
f 2114 1742 1735
f 2114 1735 2110
f 2116 1736 1737
f 2115 1736 2116
f 2169 1737 1743
f 2116 1737 2169
f 2117 1745 1738
f 2117 1738 2112
f 2119 1739 1740
f 2118 1739 2119
f 2172 1740 1746
f 2119 1740 2172
f 2168 1741 1742
f 2167 1777 1741
f 2167 1741 2168
f 2168 1742 2114
f 2174 1743 1778
f 2169 1743 2174
f 2171 1744 1745
f 2170 1779 1744
f 2170 1744 2171
f 2171 1745 2117
f 2176 1746 1780
f 2172 1746 2176
f 6136 1748 1747
f 6136 1747 6135
f 1749 1748 1750
f 6138 1750 1748
f 6137 1748 6136
f 6138 1748 6137
f 1750 1787 1751
f 1750 1785 1787
f 6138 1785 1750
f 1751 1752 1754
f 1751 1788 1752
f 1751 1753 1754
f 1787 1788 1751
f 1752 1789 1754
f 1752 1788 1789
f 1753 1754 1756
f 1755 1753 1756
f 1756 1754 1791
f 1789 1791 1754
f 1756 1793 1757
f 1756 1791 1793
f 1758 1757 1796
f 1793 1757 1794
f 1757 1794 1796
f 1759 1758 1798
f 1758 1796 1795
f 1758 1796 1798
f 1761 1759 1799
f 1797 1759 1798
f 1759 1797 1799
f 1760 1761 1762
f 1762 1761 1763
f 1761 1799 1763
f 1762 1763 1765
f 1766 1765 1763
f 1763 1801 1766
f 1801 1763 1799
f 1764 1765 1768
f 1765 1766 1804
f 1768 1765 1769
f 1806 1769 1765
f 1765 1804 1803
f 1806 1765 1803
f 1766 1801 1804
f 1767 1768 1771
f 1768 1769 1773
f 1771 1768 1772
f 1772 1768 1773
f 1769 1806 1773
f 1770 1771 1774
f 1812 1771 1772
f 1774 1771 1775
f 1812 1775 1771
f 1808 1772 1773
f 1813 1772 1808
f 1812 1772 1813
f 1809 1773 1806
f 1808 1773 1809
f 1811 1774 1775
f 1815 1774 1776
f 1815 1774 1811
f 1811 1775 1812
f 2173 1781 1777
f 2173 1777 2167
f 2174 1778 1782
f 2175 1783 1779
f 2175 1779 2170
f 2176 1780 1784
f 2204 1819 1781
f 2204 1781 2173
f 2209 1782 1820
f 2174 1782 2205
f 2205 1782 2209
f 2206 1821 1783
f 2206 1783 2175
f 2211 1784 1822
f 1822 1784 4076
f 2176 1784 2207
f 2207 1784 2211
f 1785 1786 1788
f 1786 1785 6184
f 1785 1788 1787
f 6181 1785 6138
f 6183 1785 6181
f 6184 1785 6183
f 1788 1786 1828
f 1786 1827 1828
f 6184 1827 1786
f 1788 1830 1789
f 1828 1830 1788
f 1789 1790 1792
f 1789 1831 1790
f 1789 1792 1791
f 1830 1831 1789
f 1790 1831 1792
f 1791 1792 1794
f 1791 1794 1793
f 1794 1792 1833
f 1831 1832 1792
f 1792 1832 1833
f 1794 1833 1796
f 1798 1796 1837
f 1796 1833 1835
f 1837 1796 1835
f 1797 1798 1800
f 1799 1797 1800
f 1798 1837 1800
f 1799 1800 1801
f 1801 1800 1802
f 1802 1800 1841
f 1800 1837 1839
f 1800 1839 1841
f 1805 1801 1802
f 1804 1801 1805
f 1805 1802 1841
f 1803 1804 1807
f 1806 1803 1807
f 1804 1805 1844
f 1807 1804 1845
f 1804 1844 1843
f 1804 1843 1845
f 1805 1841 1844
f 1809 1806 1807
f 1809 1807 1810
f 1848 1810 1807
f 1848 1807 1845
f 1813 1808 1809
f 1847 1809 1810
f 1813 1809 1814
f 1809 1850 1814
f 1809 1847 1848
f 1809 1847 1850
f 1847 1810 1848
f 1815 1811 1812
f 1812 1813 1817
f 1815 1812 1816
f 1812 1817 1816
f 1813 1814 1850
f 1817 1813 1854
f 1813 1850 1849
f 1854 1813 1849
f 1815 1816 1853
f 1815 1856 1818
f 1815 1853 1852
f 1815 1852 1856
f 1815 1856 1895
f 2203 1815 1895
f 1816 1817 1854
f 1816 1854 1853
f 2208 1823 1819
f 2208 1819 2204
f 2209 1820 1824
f 2210 1825 1821
f 2210 1821 2206
f 2211 1822 1826
f 4076 1826 1822
f 2237 1860 1823
f 2237 1823 2208
f 2242 1824 1861
f 2209 1824 2238
f 2238 1824 2242
f 2239 1862 1825
f 2239 1825 2210
f 2244 1826 1863
f 1863 1826 4076
f 2211 1826 2240
f 2240 1826 2244
f 6184 1828 1827
f 1828 1829 1831
f 6185 1829 1828
f 1828 1831 1830
f 6185 1828 6184
f 1829 1869 1831
f 1829 1868 1869
f 6238 1868 1829
f 6238 1829 6185
f 1831 1871 1832
f 1869 1871 1831
f 1832 1834 1833
f 1832 1873 1834
f 1871 1872 1832
f 1832 1872 1873
f 1833 1834 1836
f 1835 1833 1836
f 1836 1834 1874
f 1834 1873 1874
f 1835 1836 1838
f 1835 1838 1837
f 1838 1836 1874
f 1837 1838 1840
f 1839 1837 1840
f 1840 1838 1876
f 1838 1874 1875
f 1876 1838 1875
f 1839 1840 1842
f 1841 1839 1842
f 1842 1840 1878
f 1840 1876 1878
f 1878 1841 1842
f 1841 1879 1844
f 1877 1841 1878
f 1841 1877 1879
f 1845 1843 1844
f 1845 1844 1846
f 1846 1844 1881
f 1844 1879 1881
f 1845 1846 1848
f 1883 1848 1846
f 1884 1846 1881
f 1883 1846 1884
f 1847 1848 1851
f 1850 1847 1851
f 1851 1848 1886
f 1848 1883 1884
f 1848 1883 1886
f 1849 1850 1855
f 1849 1855 1854
f 1850 1851 1886
f 1855 1850 1885
f 1850 1886 1885
f 1856 1852 1853
f 1853 1854 1857
f 1856 1853 1857
f 1854 1855 1889
f 1857 1854 1858
f 1858 1854 1893
f 1854 1889 1888
f 1854 1888 1893
f 1855 1885 1889
f 1891 1856 1857
f 1859 1895 1856
f 1856 1891 1895
f 1892 1857 1858
f 1891 1857 1892
f 1892 1858 1893
f 2241 1864 1860
f 2241 1860 2237
f 2270 1861 1865
f 2242 1861 2270
f 2243 1866 1862
f 2770 1862 1866
f 2243 1862 2239
f 2810 1862 2770
f 1862 2810 3832
f 2272 1863 1867
f 4076 1867 1863
f 2244 1863 2272
f 2269 1911 1864
f 2764 1864 1911
f 2269 1864 2241
f 2768 1864 2764
f 3828 1864 2768
f 2274 1865 1912
f 2723 1912 1865
f 2270 1865 2274
f 2723 1865 3831
f 2271 1913 1866
f 2766 1866 1913
f 2271 1866 2243
f 2770 1866 2766
f 2276 1867 1914
f 1914 1867 4076
f 2272 1867 2276
f 6238 1869 1868
f 1869 1870 1872
f 1869 1921 1870
f 1869 1872 1871
f 6302 1921 1869
f 6239 1869 6238
f 6302 1869 6239
f 1870 1921 1872
f 1872 1923 1873
f 1921 1922 1872
f 1872 1922 1923
f 1873 1925 1874
f 1923 1925 1873
f 1874 1925 1875
f 1876 1875 1929
f 1875 1925 1927
f 1929 1875 1927
f 1878 1876 1931
f 1876 1929 1931
f 1880 1877 1878
f 1879 1877 1880
f 1878 1931 1880
f 1882 1879 1880
f 1881 1879 1882
f 1880 1935 1882
f 1880 1931 1933
f 1880 1933 1935
f 1881 1882 1935
f 1881 1936 1884
f 1881 1935 1934
f 1881 1934 1936
f 1886 1883 1884
f 1886 1884 1887
f 1887 1884 1939
f 1884 1936 1939
f 1885 1886 1890
f 1885 1890 1889
f 1886 1887 1939
f 1886 1938 1890
f 1938 1886 1939
f 1893 1888 1889
f 1940 1889 1890
f 1893 1889 1894
f 1894 1889 1940
f 1890 1938 1941
f 1940 1890 1941
f 1891 1892 1896
f 1891 1896 1895
f 1896 1892 1893
f 1893 1894 1944
f 1896 1893 1897
f 1893 1948 1897
f 1893 1944 1943
f 1893 1943 1948
f 1894 1940 1944
f 1895 1896 1947
f 1950 1895 1898
f 1895 1947 1946
f 1895 1946 1950
f 1895 1950 2005
f 2203 1895 2005
f 1896 1897 1948
f 1896 1948 1947
f 2273 1915 1911
f 2721 1911 1915
f 2273 1911 2269
f 2764 1911 2721
f 2301 1912 1917
f 2723 1917 1912
f 2274 1912 2301
f 2275 1918 1913
f 2724 1913 1918
f 2275 1913 2271
f 2766 1913 2724
f 2303 1914 1920
f 4076 1920 1914
f 2276 1914 2303
f 2304 1970 1915
f 2721 1915 1970
f 2300 1915 2273
f 2304 1915 2300
f 2305 1917 1916
f 2723 1916 1917
f 2305 1916 1971
f 1971 1916 2723
f 2301 1917 2305
f 2306 1972 1918
f 2724 1918 1972
f 2302 1918 2275
f 2306 1918 2302
f 2307 1920 1919
f 1919 1920 4076
f 2307 1919 1973
f 4076 1973 1919
f 2303 1920 2307
f 6304 1922 1921
f 6303 1921 6302
f 6304 1921 6303
f 1922 1979 1923
f 1978 1979 1922
f 6359 1978 1922
f 6359 1922 6304
f 1924 1926 1923
f 1923 1980 1924
f 1923 1926 1925
f 1979 1980 1923
f 1924 1981 1926
f 1924 1980 1981
f 1925 1926 1928
f 1925 1928 1927
f 1926 1982 1928
f 1981 1982 1926
f 1927 1928 1930
f 1930 1929 1927
f 1930 1928 1983
f 1928 1982 1983
f 1929 1930 1932
f 1929 1932 1931
f 1930 1984 1932
f 1930 1983 1984
f 1931 1932 1984
f 1933 1931 1985
f 1985 1931 1984
f 1935 1933 1987
f 1933 1985 1987
f 1934 1935 1936
f 1936 1935 1937
f 1937 1935 1990
f 1935 1987 1990
f 1990 1936 1937
f 1939 1936 1991
f 1936 1990 1989
f 1936 1989 1991
f 1941 1938 1939
f 1941 1939 1942
f 1994 1942 1939
f 1994 1939 1991
f 1940 1941 1945
f 1940 1945 1944
f 1941 1942 1994
f 1945 1941 1996
f 1941 1994 1993
f 1996 1941 1993
f 1948 1943 1944
f 1944 1945 1996
f 1948 1944 1949
f 1949 1944 1999
f 1944 1996 1995
f 1944 1995 1999
f 1946 1947 1951
f 1946 1951 1950
f 1951 1947 1948
f 1948 1949 1999
f 1951 1948 1952
f 1952 1948 2003
f 1948 1999 1998
f 2003 1948 1998
f 1950 1951 2002
f 2005 1953 1950
f 1950 2002 2001
f 2005 1950 2001
f 2003 1951 1952
f 1951 2003 2002
f 2304 1974 1970
f 2717 1970 1974
f 2721 1970 2717
f 2305 1971 1975
f 2723 1975 1971
f 2306 1976 1972
f 2719 1972 1976
f 2724 1972 2719
f 2307 1973 1977
f 4076 1977 1973
f 2330 2022 1974
f 2668 1974 2022
f 2330 1974 2304
f 2717 1974 2668
f 2336 1975 2024
f 2723 2024 1975
f 2305 1975 2331
f 2331 1975 2336
f 2332 2025 1976
f 2670 1976 2025
f 2332 1976 2306
f 2719 1976 2670
f 2339 1977 2027
f 4076 2027 1977
f 2307 1977 2333
f 2333 1977 2339
f 1979 1978 1980
f 6361 1980 1978
f 6361 1978 6359
f 1980 2034 1981
f 6423 2034 1980
f 6423 1980 6361
f 1981 2036 1982
f 2034 2035 1981
f 1981 2035 2036
f 1983 1982 2037
f 1982 2036 2037
f 1984 1983 2038
f 1983 2037 2038
f 1985 1984 1986
f 1984 2038 1986
f 1985 1986 1988
f 1985 1988 1987
f 1986 2039 1988
f 2039 1986 2038
f 2040 1987 1988
f 1990 1987 2042
f 1987 2040 2042
f 1988 2039 2041
f 2040 1988 2041
f 1991 1989 1990
f 1992 1991 1990
f 1990 2045 1992
f 1990 2042 2045
f 1991 1992 2045
f 1994 1991 2046
f 1991 2045 2044
f 1991 2044 2046
f 1993 1994 1997
f 1993 1997 1996
f 1997 1994 2049
f 1994 2046 2049
f 1999 1995 1996
f 2048 1996 1997
f 1999 1996 2000
f 2000 1996 2051
f 1996 2048 2051
f 2048 1997 2049
f 1998 1999 2004
f 1998 2004 2003
f 2000 2051 1999
f 1999 2054 2004
f 2050 1999 2051
f 1999 2050 2054
f 2001 2002 2006
f 2001 2006 2005
f 2002 2003 2053
f 2002 2056 2006
f 2052 2002 2053
f 2002 2052 2056
f 2003 2004 2053
f 2004 2054 2053
f 2005 2006 2056
f 2007 2005 2058
f 2005 2056 2055
f 2058 2005 2055
f 2005 2058 2203
f 2334 2028 2022
f 2662 2022 2028
f 2334 2022 2330
f 2668 2022 2662
f 2335 2024 2023
f 2023 2024 2723
f 2366 2023 2030
f 2030 2023 2723
f 2335 2023 2366
f 2336 2024 2335
f 2337 2031 2025
f 2665 2025 2031
f 2337 2025 2332
f 2670 2025 2665
f 2338 2027 2026
f 4076 2026 2027
f 2369 2026 2033
f 4076 2033 2026
f 2338 2026 2369
f 2339 2027 2338
f 2364 2029 2028
f 2625 2028 2029
f 2364 2028 2334
f 2662 2028 2625
f 2365 2071 2029
f 2626 2029 2071
f 2365 2029 2364
f 2625 2029 2626
f 2372 2030 2073
f 2073 2030 2723
f 2366 2030 2372
f 2367 2032 2031
f 2628 2031 2032
f 2367 2031 2337
f 2665 2031 2628
f 2368 2074 2032
f 2629 2032 2074
f 2368 2032 2367
f 2628 2032 2629
f 2375 2033 2076
f 4076 2076 2033
f 2369 2033 2375
f 6424 2035 2034
f 6424 2034 6423
f 2035 2086 2036
f 2035 2085 2086
f 6424 2085 2035
f 2036 2087 2037
f 2036 2086 2087
f 2037 2088 2038
f 2087 2088 2037
f 2038 2088 2039
f 2039 2090 2041
f 2039 2088 2089
f 2039 2089 2090
f 2042 2040 2041
f 2042 2041 2043
f 2043 2041 2092
f 2041 2090 2092
f 2042 2043 2092
f 2045 2042 2093
f 2042 2092 2091
f 2042 2091 2093
f 2046 2044 2045
f 2045 2047 2046
f 2045 2095 2047
f 2045 2093 2095
f 2046 2047 2095
f 2046 2097 2049
f 2094 2046 2095
f 2046 2094 2097
f 2048 2049 2097
f 2051 2048 2098
f 2048 2097 2096
f 2098 2048 2096
f 2050 2051 2098
f 2050 2101 2054
f 2050 2098 2101
f 2052 2053 2057
f 2052 2057 2056
f 2100 2053 2054
f 2053 2104 2057
f 2053 2100 2104
f 2100 2054 2101
f 2055 2056 2059
f 2055 2059 2058
f 2056 2057 2103
f 2056 2107 2059
f 2056 2103 2107
f 2103 2057 2104
f 2058 2059 2106
f 2060 2058 2109
f 2203 2058 2060
f 2106 2058 2109
f 2059 2107 2106
f 2060 2109 2203
f 2370 2077 2071
f 2619 2071 2077
f 2370 2071 2365
f 2626 2071 2619
f 2371 2073 2072
f 2723 2072 2073
f 2402 2072 2080
f 2723 2080 2072
f 2371 2072 2402
f 2372 2073 2371
f 2373 2081 2074
f 2622 2074 2081
f 2373 2074 2368
f 2629 2074 2622
f 2374 2076 2075
f 4076 2075 2076
f 2406 2075 2084
f 4076 2084 2075
f 2374 2075 2406
f 2375 2076 2374
f 2399 2078 2077
f 2605 2077 2078
f 2399 2077 2370
f 2619 2077 2605
f 2407 2120 2078
f 2606 2078 2120
f 2400 2078 2399
f 2407 2078 2400
f 2605 2078 2606
f 2401 2080 2079
f 2723 2079 2080
f 2412 2079 2124
f 2124 2079 2723
f 2401 2079 2412
f 2402 2080 2401
f 2403 2082 2081
f 2609 2081 2082
f 2403 2081 2373
f 2622 2081 2609
f 2413 2125 2082
f 2610 2082 2125
f 2404 2082 2403
f 2413 2082 2404
f 2609 2082 2610
f 2405 2084 2083
f 4076 2083 2084
f 2418 2083 2129
f 4076 2129 2083
f 2405 2083 2418
f 2406 2084 2405
f 6494 2086 2085
f 6493 2085 6424
f 6494 2085 6493
f 2086 2145 2087
f 2144 2145 2086
f 6494 2144 2086
f 2087 2146 2088
f 2145 2146 2087
f 2088 2147 2089
f 2088 2146 2147
f 2090 2089 2148
f 2089 2147 2148
f 2090 2148 2092
f 2093 2091 2092
f 2093 2092 2151
f 2092 2148 2149
f 2151 2092 2149
f 2093 2150 2095
f 2093 2151 2150
f 2094 2095 2153
f 2097 2094 2153
f 2095 2150 2152
f 2095 2152 2154
f 2095 2154 2153
f 2098 2096 2097
f 2097 2099 2098
f 2153 2099 2097
f 2098 2099 2155
f 2101 2098 2102
f 2102 2098 2158
f 2158 2098 2155
f 2099 2153 2156
f 2155 2099 2156
f 2100 2101 2104
f 2102 2158 2101
f 2101 2105 2104
f 2101 2160 2105
f 2101 2158 2157
f 2101 2157 2160
f 2103 2104 2107
f 2104 2105 2159
f 2104 2108 2107
f 2104 2163 2108
f 2104 2159 2163
f 2105 2160 2159
f 2107 2162 2106
f 2106 2164 2109
f 2106 2162 2161
f 2106 2161 2164
f 2107 2108 2162
f 2162 2108 2163
f 2203 2109 2164
f 2407 2121 2120
f 2595 2120 2121
f 2606 2120 2595
f 2408 2122 2121
f 2596 2121 2122
f 2408 2121 2407
f 2595 2121 2596
f 2409 2130 2122
f 2597 2122 2130
f 2409 2122 2408
f 2596 2122 2597
f 2411 2124 2123
f 2723 2123 2124
f 2410 2123 2136
f 2136 2123 2723
f 2411 2123 2410
f 2412 2124 2411
f 2413 2126 2125
f 2600 2125 2126
f 2610 2125 2600
f 2414 2127 2126
f 2601 2126 2127
f 2414 2126 2413
f 2600 2126 2601
f 2415 2137 2127
f 2602 2127 2137
f 2415 2127 2414
f 2601 2127 2602
f 2417 2129 2128
f 2128 2129 4076
f 2416 2128 2143
f 4076 2143 2128
f 2417 2128 2416
f 2418 2129 2417
f 2443 2131 2130
f 2574 2130 2131
f 2443 2130 2409
f 2597 2130 2574
f 2444 2132 2131
f 2575 2131 2132
f 2444 2131 2443
f 2574 2131 2575
f 2445 2133 2132
f 2576 2132 2133
f 2445 2132 2444
f 2575 2132 2576
f 2446 2134 2133
f 2723 2133 2134
f 2446 2133 2445
f 2576 2133 2577
f 2577 2133 2578
f 2578 2133 2579
f 2579 2133 2580
f 2580 2133 2598
f 2598 2133 2599
f 2599 2133 2607
f 2607 2133 2608
f 2608 2133 2620
f 2620 2133 2621
f 2621 2133 2627
f 2627 2133 2663
f 2663 2133 2664
f 2664 2133 2669
f 2669 2133 2718
f 2718 2133 2722
f 2722 2133 2723
f 2447 2135 2134
f 2723 2134 2135
f 2447 2134 2446
f 2448 2136 2135
f 2723 2135 2136
f 2448 2135 2447
f 2410 2136 2449
f 2449 2136 2448
f 2450 2138 2137
f 2581 2137 2138
f 2450 2137 2415
f 2602 2137 2581
f 2451 2139 2138
f 2582 2138 2139
f 2451 2138 2450
f 2581 2138 2582
f 2452 2140 2139
f 2583 2139 2140
f 2452 2139 2451
f 2582 2139 2583
f 2453 2141 2140
f 2767 2140 2141
f 2453 2140 2452
f 2583 2140 2584
f 2584 2140 2585
f 2585 2140 2586
f 2586 2140 2587
f 2587 2140 2603
f 2603 2140 2604
f 2604 2140 2611
f 2611 2140 2612
f 2612 2140 2623
f 2623 2140 2624
f 2624 2140 2630
f 2630 2140 2666
f 2666 2140 2667
f 2667 2140 2671
f 2671 2140 2720
f 2720 2140 2725
f 2725 2140 2726
f 2140 2767 2726
f 2454 2142 2141
f 2141 2142 4076
f 2454 2141 2453
f 2767 2141 4076
f 2455 2143 2142
f 4076 2142 2143
f 2455 2142 2454
f 2416 2143 2456
f 2456 2143 2455
f 6565 2145 2144
f 6564 2144 6494
f 6565 2144 6564
f 2145 2178 2146
f 2145 2177 2178
f 6565 2177 2145
f 2146 2178 2147
f 2147 2180 2148
f 2147 2178 2179
f 2147 2179 2180
f 2149 2148 2181
f 2148 2180 2181
f 2151 2149 2183
f 2183 2149 2181
f 2150 2151 2182
f 2150 2184 2152
f 2150 2182 2184
f 2151 2183 2182
f 2154 2152 2186
f 2152 2184 2186
f 2185 2153 2154
f 2156 2153 2188
f 2153 2185 2188
f 2186 2185 2154
f 2155 2156 2187
f 2155 2187 2158
f 2187 2156 2188
f 2157 2158 2189
f 2157 2193 2160
f 2157 2189 2193
f 2158 2187 2190
f 2189 2158 2190
f 2160 2193 2159
f 2159 2196 2163
f 2159 2193 2192
f 2159 2192 2196
f 2161 2162 2165
f 2161 2165 2164
f 2162 2163 2195
f 2165 2162 2195
f 2162 2195 2199
f 2163 2196 2195
f 2165 2199 2164
f 2164 2201 2166
f 2203 2164 2166
f 2198 2164 2199
f 2164 2198 2201
f 2165 2195 2199
f 2166 2201 2203
f 6636 2178 2177
f 6635 2177 6565
f 6636 2177 6635
f 2178 2213 2179
f 2212 2213 2178
f 6636 2212 2178
f 2179 2213 2180
f 2180 2215 2181
f 2180 2213 2214
f 2214 2215 2180
f 2183 2181 2217
f 2181 2215 2217
f 2216 2182 2183
f 2184 2182 2218
f 2182 2216 2218
f 2216 2183 2217
f 2184 2218 2186
f 2185 2186 2219
f 2188 2185 2219
f 2186 2218 2220
f 2186 2220 2219
f 2187 2188 2190
f 2190 2191 2188
f 2191 2188 2223
f 2221 2188 2219
f 2223 2188 2221
f 2189 2190 2193
f 2190 2191 2222
f 2193 2194 2190
f 2190 2225 2194
f 2190 2222 2225
f 2191 2223 2222
f 2192 2193 2196
f 2224 2193 2194
f 2193 2197 2196
f 2193 2227 2197
f 2193 2224 2227
f 2224 2194 2225
f 2195 2196 2199
f 2196 2197 2227
f 2196 2200 2199
f 2196 2230 2200
f 2196 2227 2226
f 2196 2226 2230
f 2199 2228 2198
f 2198 2231 2201
f 2198 2228 2231
f 2200 2229 2199
f 2199 2229 2228
f 2200 2230 2229
f 2203 2201 2231
f 2202 2203 2233
f 2233 2501 2202
f 2349 2202 2502
f 2502 2202 2501
f 2203 2231 2262
f 2233 2203 2234
f 2511 2234 2203
f 2203 2262 2264
f 2264 2295 2203
f 2295 2325 2203
f 2203 2325 2511
f 4025 2208 2204
f 4019 2210 2206
f 4025 2237 2208
f 2239 2210 4019
f 6709 2213 2212
f 6708 2212 6636
f 6709 2212 6708
f 2213 2246 2214
f 2213 2245 2246
f 6709 2245 2213
f 2214 2246 2215
f 2215 2249 2217
f 2246 2247 2215
f 2247 2249 2215
f 2216 2217 2248
f 2218 2216 2250
f 2216 2248 2250
f 2217 2249 2248
f 2218 2252 2220
f 2218 2250 2252
f 2219 2220 2251
f 2219 2253 2221
f 2219 2251 2253
f 2251 2220 2252
f 2223 2221 2255
f 2221 2253 2255
f 2222 2223 2254
f 2225 2222 2257
f 2257 2222 2254
f 2254 2223 2255
f 2225 2256 2224
f 2227 2224 2259
f 2259 2224 2256
f 2225 2257 2256
f 2226 2227 2258
f 2226 2261 2230
f 2226 2258 2261
f 2258 2227 2259
f 2231 2228 2229
f 2230 2260 2229
f 2231 2229 2232
f 2229 2263 2232
f 2229 2260 2263
f 2230 2261 2260
f 2231 2232 2263
f 2231 2263 2262
f 2233 2234 2235
f 2235 2512 2233
f 2233 2512 2501
f 2235 2234 2236
f 2513 2236 2234
f 2513 2234 2511
f 2235 2236 2265
f 2265 2519 2235
f 2235 2519 2512
f 2265 2236 2266
f 2520 2266 2236
f 2520 2236 2513
f 4025 2241 2237
f 4019 2243 2239
f 4025 2269 2241
f 2270 3254 2242
f 2242 3254 3258
f 2242 3258 4018
f 2271 2243 4019
f 2244 2272 3205
f 4195 2244 3205
f 6787 2246 2245
f 6786 2245 6709
f 6787 2245 6786
f 2246 2278 2247
f 2246 2277 2278
f 6872 2277 2246
f 6872 2246 6787
f 2247 2280 2249
f 2278 2280 2247
f 2249 2279 2248
f 2248 2279 2250
f 2280 2279 2249
f 2252 2250 2283
f 2279 2281 2250
f 2250 2281 2283
f 2252 2282 2251
f 2253 2251 2284
f 2284 2251 2282
f 2252 2283 2282
f 2253 2286 2255
f 2253 2284 2286
f 2255 2285 2254
f 2254 2288 2257
f 2254 2285 2288
f 2255 2286 2285
f 2257 2287 2256
f 2256 2287 2259
f 2257 2288 2287
f 2259 2289 2258
f 2258 2292 2261
f 2258 2289 2292
f 2259 2287 2290
f 2259 2290 2289
f 2260 2261 2291
f 2263 2260 2294
f 2294 2260 2291
f 2291 2261 2292
f 2263 2293 2262
f 2293 2264 2262
f 2263 2294 2293
f 2295 2264 2293
f 2265 2266 2267
f 2267 2521 2265
f 2265 2521 2519
f 2267 2266 2268
f 2522 2268 2266
f 2522 2266 2520
f 2267 2268 2296
f 2296 2528 2267
f 2267 2528 2521
f 2296 2268 2297
f 2529 2297 2268
f 2529 2268 2522
f 4025 2273 2269
f 3203 2270 2274
f 3254 2270 3203
f 4019 2275 2271
f 3205 2272 2276
f 4025 2300 2273
f 3203 2274 2301
f 2302 2275 4019
f 3205 2276 2303
f 6873 2278 2277
f 6873 2277 6872
f 2278 2309 2280
f 6873 2309 2278
f 2280 2310 2279
f 2279 2311 2281
f 2310 2311 2279
f 2309 2310 2280
f 2281 2313 2283
f 2281 2311 2313
f 2282 2283 2312
f 2284 2282 2314
f 2282 2312 2314
f 2283 2313 2312
f 2286 2284 2316
f 2284 2314 2316
f 2285 2286 2315
f 2288 2285 2318
f 2285 2315 2318
f 2315 2286 2316
f 2287 2288 2317
f 2290 2287 2320
f 2320 2287 2317
f 2317 2288 2318
f 2289 2290 2319
f 2292 2289 2322
f 2322 2289 2319
f 2319 2290 2320
f 2292 2321 2291
f 2294 2291 2324
f 2291 2321 2324
f 2292 2322 2321
f 2293 2294 2324
f 2325 2295 2293
f 2293 2324 2323
f 2323 2325 2293
f 2296 2297 2298
f 2298 2530 2296
f 2296 2530 2528
f 2298 2297 2299
f 2531 2299 2297
f 2531 2297 2529
f 2298 2299 2326
f 2326 2537 2298
f 2298 2537 2530
f 2326 2299 2327
f 2538 2327 2299
f 2538 2299 2531
f 4025 2304 2300
f 3199 2301 2305
f 3203 2301 3199
f 4019 2306 2302
f 3201 2303 2307
f 3205 2303 3201
f 4025 2330 2304
f 3144 2305 2331
f 3199 2305 3144
f 4019 2332 2306
f 3146 2307 2333
f 3201 2307 3146
f 2309 2308 2310
f 6957 2308 2309
f 6959 2310 2308
f 6959 2308 6957
f 6958 2309 6873
f 6957 2309 6958
f 2310 2342 2311
f 2340 2342 2310
f 7054 2340 2310
f 7054 2310 6959
f 2311 2344 2313
f 2311 2342 2344
f 2312 2313 2343
f 2314 2312 2346
f 2312 2343 2346
f 2313 2344 2343
f 2315 2316 2314
f 2314 2345 2315
f 2314 2346 2345
f 2315 2351 2318
f 2315 2345 2348
f 2315 2348 2351
f 2317 2318 2350
f 2317 2354 2320
f 2317 2350 2354
f 2318 2351 2350
f 2319 2320 2353
f 2319 2357 2322
f 2319 2353 2357
f 2353 2320 2354
f 2322 2356 2321
f 2324 2321 2359
f 2321 2356 2359
f 2322 2357 2356
f 2324 2358 2323
f 2511 2325 2323
f 2323 2358 2511
f 2324 2359 2358
f 2326 2327 2328
f 2328 2539 2326
f 2326 2539 2537
f 2328 2327 2329
f 2540 2329 2327
f 2540 2327 2538
f 2328 2329 2360
f 2360 2547 2328
f 2328 2547 2539
f 2360 2329 2361
f 2550 2361 2329
f 2548 2329 2540
f 2550 2329 2548
f 4025 2334 2330
f 3140 2331 2336
f 3144 2331 3140
f 2337 2332 4019
f 3142 2333 2339
f 3146 2333 3142
f 2364 2334 4025
f 3080 2336 2335
f 3079 2335 2366
f 3080 2335 3079
f 3140 2336 3080
f 4019 2367 2337
f 3083 2339 2338
f 3082 2338 2369
f 3083 2338 3082
f 3142 2339 3083
f 7055 2342 2340
f 7055 2340 7054
f 2342 2341 2343
f 7182 2341 2342
f 2341 2378 2343
f 2341 2376 2378
f 7182 2376 2341
f 2344 2342 2343
f 7182 2342 7055
f 2346 2343 2380
f 2343 2378 2380
f 2346 2379 2345
f 2345 2382 2348
f 2345 2379 2382
f 2346 2380 2379
f 2348 2347 2350
f 2348 2381 2347
f 2347 2384 2350
f 2347 2381 2384
f 2351 2348 2350
f 2348 2382 2381
f 2502 2352 2349
f 7451 2349 2352
f 6287 2349 7450
f 7450 2349 7451
f 2353 2354 2350
f 2350 2383 2353
f 2350 2384 2383
f 2502 2385 2352
f 7525 2352 2385
f 7451 2352 7456
f 7456 2352 7525
f 2357 2353 2356
f 2356 2353 2387
f 2353 2383 2388
f 2387 2353 2388
f 2356 2355 2358
f 2356 2391 2355
f 2355 2393 2358
f 2355 2391 2393
f 2356 2358 2359
f 2356 2387 2392
f 2356 2392 2391
f 2511 2358 2393
f 2360 2361 2362
f 2362 2549 2360
f 2360 2549 2547
f 2362 2361 2363
f 2551 2363 2361
f 2551 2361 2550
f 2362 2363 2394
f 2394 2559 2362
f 2362 2559 2549
f 2394 2363 2395
f 2562 2395 2363
f 2560 2363 2551
f 2562 2363 2560
f 4025 2365 2364
f 2370 2365 4025
f 3074 2366 2372
f 3079 2366 3074
f 4019 2368 2367
f 4019 2373 2368
f 3077 2369 2375
f 3082 2369 3077
f 4025 2399 2370
f 3025 2372 2371
f 3024 2371 2402
f 3025 2371 3024
f 3074 2372 3025
f 2403 2373 4019
f 3028 2375 2374
f 3027 2374 2406
f 3028 2374 3027
f 3077 2375 3028
f 7182 2378 2376
f 2378 2377 2379
f 7253 2377 2378
f 2379 2377 2419
f 7252 2419 2377
f 7252 2377 7253
f 2380 2378 2379
f 7184 2378 7182
f 7253 2378 7184
f 2379 2421 2382
f 2379 2419 2421
f 2382 2423 2381
f 2381 2426 2384
f 2381 2423 2426
f 2382 2421 2423
f 2384 2425 2383
f 2383 2429 2388
f 2383 2425 2429
f 2384 2426 2425
f 2386 2385 2502
f 7525 2385 2386
f 2502 2389 2386
f 7526 2386 2389
f 7525 2386 7526
f 2388 2428 2387
f 2387 2428 2392
f 2388 2429 2428
f 2502 2390 2389
f 7526 2389 2390
f 2502 2430 2390
f 7591 2390 2430
f 7526 2390 7529
f 7529 2390 7591
f 2392 2433 2391
f 2391 2433 2393
f 2392 2428 2434
f 2392 2434 2433
f 2393 2433 2439
f 2511 2393 2439
f 2394 2395 2396
f 2396 2561 2394
f 2394 2561 2559
f 2396 2395 2398
f 2562 2398 2395
f 2396 2398 2397
f 2397 2588 2396
f 2396 2588 2561
f 2397 2398 2440
f 2397 2440 2441
f 2441 2590 2397
f 2397 2590 2588
f 2589 2440 2398
f 2589 2398 2562
f 4025 2400 2399
f 4025 2407 2400
f 3018 2402 2401
f 3017 2401 2412
f 3018 2401 3017
f 3024 2402 3018
f 4019 2404 2403
f 4019 2413 2404
f 3022 2406 2405
f 3021 2405 2418
f 3022 2405 3021
f 3027 2406 3022
f 4025 2408 2407
f 4025 2409 2408
f 4025 2443 2409
f 2961 2411 2410
f 2960 2410 2449
f 2961 2410 2960
f 2962 2412 2411
f 2962 2411 2961
f 3017 2412 2962
f 2414 2413 4019
f 4019 2415 2414
f 2450 2415 4019
f 2967 2417 2416
f 2966 2416 2456
f 2967 2416 2966
f 2968 2418 2417
f 2968 2417 2967
f 3021 2418 2968
f 7252 2421 2419
f 2421 2420 2423
f 7322 2420 2421
f 2423 2420 2457
f 2420 7321 2457
f 7321 2420 7322
f 7322 2421 7252
f 2423 2422 2425
f 2423 2458 2422
f 2422 2461 2425
f 2422 2458 2461
f 2426 2423 2425
f 2423 2457 2459
f 2423 2459 2458
f 2425 2424 2428
f 2425 2460 2424
f 2428 2424 2464
f 2424 2460 2464
f 2429 2425 2428
f 2425 2461 2460
f 2428 2427 2433
f 2428 2463 2427
f 2427 2467 2433
f 2463 2467 2427
f 2434 2428 2433
f 2428 2464 2463
f 2431 2430 2502
f 7591 2430 2431
f 2502 2435 2431
f 7592 2431 2435
f 7591 2431 7592
f 2433 2432 2438
f 2433 2466 2432
f 2466 2438 2432
f 2433 2438 2511
f 2511 2439 2433
f 2433 2467 2466
f 2501 2436 2435
f 7592 2435 2436
f 2501 2435 2502
f 2501 2468 2436
f 7644 2436 2468
f 7592 2436 7596
f 7596 2436 7644
f 2473 2437 2438
f 2511 2438 2437
f 2473 2472 2437
f 2437 2472 2511
f 2466 2473 2438
f 2441 2440 2442
f 2591 2442 2440
f 2591 2440 2589
f 2441 2442 2483
f 2441 2483 2482
f 2482 2614 2441
f 2441 2614 2590
f 2613 2483 2442
f 2613 2442 2591
f 2444 2443 4025
f 2445 2444 4025
f 4025 2446 2445
f 2947 2447 2446
f 2944 2446 2943
f 2943 2446 2959
f 2945 2446 2944
f 2946 2446 2945
f 2947 2446 2946
f 2958 2446 2957
f 2957 2446 3016
f 2959 2446 2958
f 3016 2446 3015
f 3015 2446 3023
f 3023 2446 3073
f 3073 2446 3072
f 3072 2446 3078
f 3078 2446 3139
f 3139 2446 3143
f 3143 2446 3198
f 2446 4025 3198
f 2948 2448 2447
f 2948 2447 2947
f 2949 2449 2448
f 2949 2448 2948
f 2960 2449 2949
f 4019 2451 2450
f 4019 2452 2451
f 2453 2452 4019
f 2454 2453 2955
f 2950 2951 2453
f 2453 2965 2950
f 2951 2952 2453
f 2453 2952 2953
f 2453 2953 2954
f 2453 2954 2955
f 2453 2963 2964
f 2453 3020 2963
f 2453 2964 2965
f 2453 3019 3020
f 2453 3026 3019
f 3076 3026 2453
f 2453 3075 3076
f 3081 3075 2453
f 2453 3141 3081
f 2453 3145 3141
f 2453 3200 3145
f 2453 3204 3200
f 3204 2453 4019
f 2956 2455 2454
f 2956 2454 2955
f 2956 2456 2455
f 2966 2456 2956
f 7321 2459 2457
f 7394 2458 2459
f 7397 2461 2458
f 7397 2458 7394
f 2459 7321 7394
f 7396 2460 2461
f 2464 2460 2491
f 2460 2488 2491
f 7396 2488 2460
f 7396 2461 7397
f 2463 2462 2466
f 2463 2490 2462
f 2462 2490 2466
f 2464 2491 2463
f 2467 2463 2466
f 2463 2491 2490
f 2473 2466 2465
f 2494 2465 2466
f 2465 2472 2473
f 2494 2472 2465
f 2466 2490 2495
f 2495 2494 2466
f 2469 2468 2501
f 7645 2468 2469
f 7644 2468 7645
f 2501 2474 2469
f 7646 2469 2474
f 7645 2469 7646
f 2470 2480 2471
f 2470 2471 2499
f 2498 2480 2470
f 2470 2499 2498
f 2500 2471 2472
f 2472 2471 2511
f 2481 2471 2480
f 2511 2471 2481
f 2500 2499 2471
f 2500 2472 2494
f 2501 2475 2474
f 7646 2474 2475
f 2501 2476 2475
f 7694 2475 2476
f 7646 2475 7650
f 7650 2475 7694
f 2477 2476 2501
f 7695 2476 2477
f 7694 2476 7695
f 2501 2503 2477
f 7696 2477 2503
f 7695 2477 7696
f 2478 2479 2508
f 2479 2478 2511
f 2511 2478 2508
f 2510 2479 2480
f 2511 2480 2479
f 2479 2509 2508
f 2510 2509 2479
f 2511 2481 2480
f 2498 2510 2480
f 2482 2483 2484
f 2482 2484 2486
f 2482 2486 2485
f 2485 2614 2482
f 2615 2484 2483
f 2615 2483 2613
f 2616 2486 2484
f 2616 2484 2615
f 2485 2486 2514
f 2514 2632 2485
f 2485 2632 2614
f 2514 2486 2515
f 2633 2515 2486
f 2631 2486 2616
f 2633 2486 2631
f 2488 2487 2491
f 7467 2487 2488
f 7466 2491 2487
f 7466 2487 7467
f 7467 2488 7396
f 2489 2494 2490
f 7540 2489 2490
f 7539 2494 2489
f 7539 2489 7540
f 7466 2490 2491
f 2494 2495 2490
f 7465 2490 7466
f 7537 2490 7465
f 7540 2490 7537
f 2493 2492 2498
f 7606 2492 2493
f 7605 2498 2492
f 7605 2492 7606
f 2500 2494 2493
f 7539 2493 2494
f 2498 2499 2493
f 2493 2499 2500
f 7606 2493 7539
f 2496 2508 2497
f 7658 2496 2497
f 7657 2508 2496
f 7657 2496 7658
f 2509 2498 2497
f 7605 2497 2498
f 2497 2508 2509
f 7604 2497 7605
f 7658 2497 7604
f 2509 2510 2498
f 2504 2503 2501
f 2501 2505 2504
f 2505 2501 2512
f 7696 2503 2504
f 7697 2504 2505
f 7696 2504 7697
f 2505 2551 2506
f 7698 2505 2506
f 2505 2512 2519
f 2519 2521 2505
f 2505 2521 2528
f 2505 2528 2530
f 2530 2537 2505
f 2505 2537 2539
f 2505 2539 2547
f 2547 2549 2505
f 2505 2549 2559
f 2772 2551 2505
f 2505 2559 2561
f 2561 2588 2505
f 2505 2588 2590
f 2590 2614 2505
f 2505 2614 2632
f 2505 2632 2672
f 2505 2672 2674
f 2674 2727 2505
f 2505 2727 2729
f 2505 2729 2772
f 7697 2505 7698
f 2507 2506 2511
f 7699 2506 2507
f 2506 2513 2511
f 2520 2513 2506
f 2506 2522 2520
f 2506 2529 2522
f 2531 2529 2506
f 2506 2538 2531
f 2506 2540 2538
f 2506 2548 2540
f 2506 2550 2548
f 2506 2551 2550
f 7698 2506 7699
f 2511 2508 2507
f 7657 2507 2508
f 7651 2507 7656
f 7699 2507 7651
f 7656 2507 7657
f 2514 2515 2516
f 2516 2518 2514
f 2514 2518 2517
f 2517 2632 2514
f 2633 2516 2515
f 2634 2518 2516
f 2634 2516 2633
f 2517 2518 2523
f 2523 2672 2517
f 2517 2672 2632
f 2523 2518 2524
f 2673 2524 2518
f 2673 2518 2634
f 2523 2524 2525
f 2525 2674 2523
f 2523 2674 2672
f 2525 2524 2526
f 2675 2526 2524
f 2675 2524 2673
f 2525 2526 2532
f 2532 2727 2525
f 2525 2727 2674
f 2532 2526 2527
f 2728 2527 2526
f 2728 2526 2675
f 2532 2527 2533
f 2730 2533 2527
f 2730 2527 2728
f 2532 2533 2534
f 2534 2729 2532
f 2532 2729 2727
f 2534 2533 2535
f 2730 2535 2533
f 2534 2535 2536
f 2534 2536 2541
f 2541 2772 2534
f 2534 2772 2729
f 2730 2536 2535
f 2541 2536 2542
f 2773 2542 2536
f 2773 2536 2730
f 2541 2542 2543
f 2543 2774 2541
f 2541 2774 2772
f 2543 2542 2544
f 2775 2544 2542
f 2775 2542 2773
f 2544 2545 2543
f 2545 2546 2543
f 2543 2546 2552
f 2552 2818 2543
f 2543 2816 2774
f 2543 2818 2816
f 2775 2545 2544
f 2817 2546 2545
f 2817 2545 2775
f 2552 2546 2553
f 2819 2553 2546
f 2819 2546 2817
f 2772 2560 2551
f 2553 2554 2552
f 2552 2554 2556
f 2552 2556 2555
f 2555 2818 2552
f 2819 2554 2553
f 2820 2556 2554
f 2820 2554 2819
f 2556 2557 2555
f 2555 2557 2563
f 2563 2861 2555
f 2555 2861 2818
f 2859 2557 2556
f 2859 2556 2820
f 2563 2557 2558
f 2863 2558 2557
f 2860 2557 2859
f 2863 2557 2860
f 2563 2558 2564
f 2864 2564 2558
f 2864 2558 2863
f 2774 2562 2560
f 2774 2560 2772
f 2818 2589 2562
f 2816 2562 2774
f 2818 2562 2816
f 2563 2564 2565
f 2563 2565 2567
f 2567 2862 2563
f 2563 2862 2861
f 2864 2565 2564
f 2567 2565 2566
f 2865 2566 2565
f 2865 2565 2864
f 2566 2568 2567
f 2866 2568 2566
f 2866 2566 2865
f 2567 2568 2569
f 2567 2569 2570
f 2567 2570 2592
f 2592 2906 2567
f 2567 2906 2862
f 2866 2569 2568
f 2907 2570 2569
f 2907 2569 2866
f 2592 2570 2571
f 2908 2571 2570
f 2908 2570 2907
f 2592 2571 2572
f 2909 2572 2571
f 2909 2571 2908
f 2592 2572 2573
f 2573 2572 2822
f 2822 2572 2910
f 2910 2572 2909
f 2592 2573 2649
f 2573 2635 2636
f 2573 2679 2635
f 2636 2638 2573
f 2573 2638 2641
f 2641 2649 2573
f 2573 2676 2677
f 2732 2676 2573
f 2573 2677 2679
f 2731 2732 2573
f 2777 2731 2573
f 2776 2777 2573
f 2573 2822 2776
f 2944 2574 2575
f 2959 2597 2574
f 2943 2574 2944
f 2959 2574 2943
f 2945 2575 2576
f 2944 2575 2945
f 2946 2576 2577
f 2945 2576 2946
f 2947 2577 2578
f 2946 2577 2947
f 2948 2578 2579
f 2947 2578 2948
f 2949 2579 2580
f 2948 2579 2949
f 2961 2580 2598
f 2949 2580 2960
f 2960 2580 2961
f 2951 2581 2582
f 2965 2602 2581
f 2950 2581 2951
f 2965 2581 2950
f 2952 2582 2583
f 2951 2582 2952
f 2953 2583 2584
f 2952 2583 2953
f 2954 2584 2585
f 2953 2584 2954
f 2955 2585 2586
f 2954 2585 2955
f 2956 2586 2587
f 2955 2586 2956
f 2967 2587 2603
f 2956 2587 2966
f 2966 2587 2967
f 2862 2591 2589
f 2861 2589 2818
f 2862 2589 2861
f 2988 2613 2591
f 2906 2591 2862
f 2912 2591 2906
f 2982 2591 2912
f 2988 2591 2982
f 2649 2593 2592
f 2593 2912 2592
f 2592 2912 2906
f 2594 2593 2649
f 2594 2982 2593
f 2593 2982 2912
f 2649 2617 2594
f 2617 2988 2594
f 2594 2988 2982
f 2958 2595 2596
f 2957 2606 2595
f 2957 2595 2958
f 2959 2596 2597
f 2958 2596 2959
f 2962 2598 2599
f 2961 2598 2962
f 2962 2599 2607
f 2964 2600 2601
f 2963 2610 2600
f 2963 2600 2964
f 2965 2601 2602
f 2964 2601 2965
f 2968 2603 2604
f 2967 2603 2968
f 2968 2604 2611
f 3016 2605 2606
f 3015 2619 2605
f 3015 2605 3016
f 3016 2606 2957
f 3018 2607 2608
f 2962 2607 3017
f 3017 2607 3018
f 3024 2608 2620
f 3018 2608 3024
f 3020 2609 2610
f 3019 2622 2609
f 3019 2609 3020
f 3020 2610 2963
f 3022 2611 2612
f 2968 2611 3021
f 3021 2611 3022
f 3027 2612 2623
f 3022 2612 3027
f 3047 2615 2613
f 3047 2613 2988
f 2616 2615 3047
f 3047 2631 2616
f 2649 2618 2617
f 2618 2988 2617
f 2618 2648 2640
f 2640 3047 2618
f 2648 2618 2649
f 2618 3047 2988
f 3023 2626 2619
f 3023 2619 3015
f 3025 2620 2621
f 3024 2620 3025
f 3074 2621 2627
f 3025 2621 3074
f 3026 2629 2622
f 3026 2622 3019
f 3028 2623 2624
f 3027 2623 3028
f 3077 2624 2630
f 3028 2624 3077
f 3073 2625 2626
f 3072 2662 2625
f 3072 2625 3073
f 3073 2626 3023
f 3079 2627 2663
f 3074 2627 3079
f 3076 2628 2629
f 3075 2665 2628
f 3075 2628 3076
f 3076 2629 3026
f 3082 2630 2666
f 3077 2630 3082
f 2633 2631 3047
f 3047 2634 2633
f 3047 2673 2634
f 2680 2636 2635
f 2680 2635 2679
f 2639 2636 2637
f 2637 2636 2680
f 2639 2638 2636
f 2637 3763 2639
f 2680 3761 2637
f 2637 3761 3763
f 2642 2638 2639
f 2642 2641 2638
f 2639 3765 2642
f 2639 3763 3765
f 2640 2648 2643
f 2643 3050 2640
f 2640 3050 3047
f 2650 2641 2642
f 2650 2649 2641
f 2642 3768 2650
f 2642 3765 3766
f 2642 3766 3768
f 2643 2734 2644
f 2644 3109 2643
f 2643 2646 2645
f 2643 2645 2683
f 2643 2647 2646
f 2648 2647 2643
f 2643 2683 2682
f 2643 2682 2686
f 2686 2685 2643
f 2685 2735 2643
f 2643 2735 2734
f 2643 3109 3050
f 2644 2737 2681
f 2681 3113 2644
f 2644 2734 2737
f 2644 3113 3109
f 2645 2646 2683
f 2652 2646 2647
f 2652 2651 2646
f 2651 2688 2646
f 2688 2683 2646
f 2653 2647 2648
f 2653 2652 2647
f 2654 2648 2649
f 2654 2653 2648
f 2655 2649 2650
f 2655 2654 2649
f 2650 3770 2655
f 2650 3768 3770
f 2658 2651 2652
f 2658 2657 2651
f 2657 2694 2651
f 2688 2651 2694
f 2659 2652 2653
f 2659 2658 2652
f 2660 2653 2654
f 2660 2659 2653
f 2661 2654 2655
f 2661 2660 2654
f 2655 2656 2690
f 2655 3770 2656
f 2698 2661 2655
f 2655 2690 2689
f 2655 2689 2698
f 2656 3772 2690
f 2656 3770 3772
f 2695 2657 2658
f 2695 2694 2657
f 2696 2658 2659
f 2696 2695 2658
f 2697 2659 2660
f 2697 2696 2659
f 2698 2660 2661
f 2698 2697 2660
f 3078 2668 2662
f 3078 2662 3072
f 3080 2663 2664
f 3079 2663 3080
f 3140 2664 2669
f 3080 2664 3140
f 3081 2670 2665
f 3081 2665 3075
f 3083 2666 2667
f 3082 2666 3083
f 3142 2667 2671
f 3083 2667 3142
f 3143 2717 2668
f 3139 2668 3078
f 3143 2668 3139
f 3144 2669 2718
f 3140 2669 3144
f 3145 2719 2670
f 3141 2670 3081
f 3145 2670 3141
f 3146 2671 2720
f 3142 2671 3146
f 2675 2673 3047
f 2728 2675 3047
f 2676 3834 2677
f 2732 3829 2676
f 2676 3829 3830
f 2676 3830 3834
f 2678 2679 2677
f 2677 3759 2678
f 2677 3757 3759
f 2677 3834 3757
f 2680 2679 2678
f 2678 3759 2680
f 2680 3759 3761
f 2681 2737 2684
f 2684 3113 2681
f 2683 2686 2682
f 2687 2686 2683
f 2688 2687 2683
f 2684 2737 2733
f 2733 3176 2684
f 2684 3176 3113
f 2692 2685 2686
f 2692 2691 2685
f 2691 2735 2685
f 2693 2686 2687
f 2693 2692 2686
f 2694 2687 2688
f 2694 2693 2687
f 2689 2690 2699
f 2689 2699 2698
f 2690 3772 2699
f 2692 2738 2691
f 2738 2735 2691
f 2701 2692 2693
f 2701 2700 2692
f 2700 2742 2692
f 2739 2738 2692
f 2739 2692 2742
f 2702 2693 2694
f 2702 2701 2693
f 2703 2694 2695
f 2703 2702 2694
f 2704 2695 2696
f 2704 2703 2695
f 2705 2696 2697
f 2705 2704 2696
f 2706 2697 2698
f 2706 2705 2697
f 2698 2699 2706
f 2706 2699 2707
f 2699 3774 2707
f 2699 3772 3774
f 2701 2742 2700
f 2709 2701 2702
f 2709 2708 2701
f 2701 2708 2745
f 2745 2742 2701
f 2710 2702 2703
f 2710 2709 2702
f 2711 2703 2704
f 2711 2710 2703
f 2712 2704 2705
f 2712 2711 2704
f 2713 2705 2706
f 2713 2712 2705
f 2706 2707 2713
f 2713 2707 2714
f 2707 3836 2714
f 2707 3774 3776
f 2707 3776 3836
f 2709 2745 2708
f 2710 2746 2709
f 2746 2745 2709
f 2715 2710 2711
f 2715 2752 2710
f 2752 2746 2710
f 2716 2711 2712
f 2716 2715 2711
f 2755 2712 2713
f 2754 2716 2712
f 2755 2754 2712
f 2713 2714 2748
f 2713 2748 2747
f 2755 2713 2747
f 2714 3838 2748
f 2714 3836 3838
f 2754 2715 2716
f 2753 2752 2715
f 2754 2753 2715
f 3143 2721 2717
f 3144 2718 2722
f 3145 2724 2719
f 3146 2720 2725
f 3198 2764 2721
f 3198 2721 3143
f 3199 2722 2723
f 3144 2722 3199
f 3203 2723 2765
f 3831 2765 2723
f 3199 2723 3203
f 3200 2766 2724
f 3200 2724 3145
f 3201 2725 2726
f 3146 2725 3201
f 3205 2726 2767
f 3201 2726 3205
f 3047 2730 2728
f 2773 2730 3047
f 2731 3828 2732
f 2777 3825 2731
f 2731 3825 3828
f 2732 3828 3829
f 2733 2737 2736
f 2736 3179 2733
f 2733 3179 3176
f 2735 2737 2734
f 2738 2737 2735
f 2736 2737 2778
f 2778 3234 2736
f 2736 3232 3179
f 2736 3234 3232
f 2741 2737 2738
f 2741 2740 2737
f 2740 2780 2737
f 2778 2737 2781
f 2917 2737 2780
f 2781 2737 2823
f 2823 2737 2825
f 2825 2737 2826
f 2826 2737 2869
f 2869 2737 2871
f 2871 2737 2872
f 2872 2737 2917
f 2742 2738 2739
f 2742 2741 2738
f 2743 2740 2741
f 2743 2785 2740
f 2740 2783 2780
f 2785 2783 2740
f 2744 2741 2742
f 2744 2743 2741
f 2745 2744 2742
f 2749 2743 2744
f 2749 2788 2743
f 2786 2785 2743
f 2788 2786 2743
f 2750 2744 2745
f 2750 2749 2744
f 2751 2745 2746
f 2751 2750 2745
f 2752 2751 2746
f 2747 2748 2756
f 2747 2756 2755
f 2748 3838 2756
f 2750 2789 2749
f 2789 2788 2749
f 2758 2750 2751
f 2758 2757 2750
f 2757 2790 2750
f 2790 2789 2750
f 2759 2751 2752
f 2759 2758 2751
f 2760 2752 2753
f 2760 2759 2752
f 2761 2753 2754
f 2761 2760 2753
f 2762 2754 2755
f 2762 2761 2754
f 2755 2756 2763
f 2755 2763 2762
f 2756 3894 2763
f 2756 3838 3840
f 2756 3840 3894
f 2758 2793 2757
f 2793 2790 2757
f 2795 2758 2759
f 2794 2793 2758
f 2795 2794 2758
f 2796 2759 2760
f 2796 2795 2759
f 2797 2760 2761
f 2797 2796 2760
f 2798 2761 2762
f 2798 2797 2761
f 2762 2763 2799
f 2762 2799 2798
f 2763 3894 2799
f 3202 2768 2764
f 3202 2764 3198
f 3254 2765 2769
f 3831 2769 2765
f 3203 2765 3254
f 3204 2770 2766
f 3204 2766 3200
f 3256 2767 2771
f 2771 2767 4076
f 3205 2767 3256
f 3253 2808 2768
f 2808 3828 2768
f 3253 2768 3202
f 3258 2769 2809
f 3831 2809 2769
f 3254 2769 3258
f 3255 2810 2770
f 3255 2770 3204
f 3260 2771 2811
f 4076 2811 2771
f 3256 2771 3260
f 3048 2775 2773
f 3048 2773 3047
f 3048 2817 2775
f 2776 3891 2777
f 2822 3888 2776
f 2776 3888 3891
f 2777 3891 3825
f 2781 3235 2778
f 2778 3235 3234
f 2780 2782 2779
f 2918 2780 2779
f 2993 2779 2782
f 2918 2779 2920
f 2920 2779 2921
f 2921 2779 2991
f 2991 2779 2993
f 2783 2782 2780
f 2917 2780 2918
f 2823 3278 2781
f 2781 3275 3235
f 2781 3278 3275
f 2785 2782 2783
f 2785 2784 2782
f 2784 2828 2782
f 2828 2824 2782
f 3056 2782 2824
f 2993 2782 2994
f 2994 2782 3053
f 3053 2782 3054
f 3054 2782 3056
f 2785 2828 2784
f 2788 2785 2786
f 2788 2787 2785
f 2787 2831 2785
f 2829 2828 2785
f 2831 2829 2785
f 2788 2831 2787
f 2792 2788 2789
f 2792 2791 2788
f 2791 2832 2788
f 2832 2831 2788
f 2793 2789 2790
f 2793 2792 2789
f 2792 2834 2791
f 2834 2832 2791
f 2801 2792 2793
f 2801 2800 2792
f 2800 2835 2792
f 2835 2834 2792
f 2802 2793 2794
f 2802 2801 2793
f 2803 2794 2795
f 2803 2802 2794
f 2804 2795 2796
f 2804 2803 2795
f 2805 2796 2797
f 2805 2804 2796
f 2806 2797 2798
f 2806 2805 2797
f 2798 2799 2807
f 2798 2807 2806
f 2799 3896 2807
f 2799 3894 3896
f 2838 2800 2801
f 2837 2835 2800
f 2838 2837 2800
f 2802 2838 2801
f 2840 2802 2803
f 2839 2838 2802
f 2840 2839 2802
f 2847 2803 2804
f 2846 2840 2803
f 2847 2846 2803
f 2848 2804 2805
f 2848 2847 2804
f 2842 2805 2806
f 2842 2841 2805
f 2841 2848 2805
f 2806 2807 2843
f 2806 2843 2842
f 2807 3949 2843
f 2807 3896 3947
f 2807 3947 3949
f 3257 2812 2808
f 2812 3828 2808
f 3257 2808 3253
f 3292 2809 2813
f 3831 2813 2809
f 3258 2809 3292
f 3259 2814 2810
f 2814 3832 2810
f 3259 2810 3255
f 3294 2811 2815
f 2815 2811 4076
f 3260 2811 3294
f 3295 2851 2812
f 2851 3828 2812
f 3291 2812 3257
f 3295 2812 3291
f 3296 2813 2852
f 2852 2813 3831
f 3292 2813 3296
f 3297 2853 2814
f 2853 3832 2814
f 3293 2814 3259
f 3297 2814 3293
f 3298 2815 2854
f 4076 2854 2815
f 3294 2815 3298
f 3048 2819 2817
f 3048 2820 2819
f 2859 2820 3048
f 2911 2821 2822
f 2821 3944 2822
f 2868 2821 2911
f 2868 3941 2821
f 2821 3941 3944
f 2822 2910 2911
f 2822 3944 3888
f 2825 3278 2823
f 3115 2824 2828
f 3056 2824 3057
f 3057 2824 3058
f 3058 2824 3115
f 2826 3316 2825
f 2825 3316 3278
f 2869 3318 2826
f 2826 3318 3316
f 2827 2828 2870
f 3116 2828 2827
f 3120 2827 2870
f 3116 2827 3119
f 3119 2827 3120
f 2831 2828 2829
f 2831 2830 2828
f 2830 2874 2828
f 2874 2870 2828
f 3115 2828 3116
f 2876 2830 2831
f 2875 2874 2830
f 2876 2875 2830
f 2834 2831 2832
f 2834 2833 2831
f 2833 2876 2831
f 2878 2833 2834
f 2877 2876 2833
f 2878 2877 2833
f 2837 2834 2835
f 2837 2836 2834
f 2836 2878 2834
f 2837 2878 2836
f 2844 2837 2838
f 2882 2837 2844
f 2879 2878 2837
f 2881 2879 2837
f 2882 2881 2837
f 2845 2838 2839
f 2845 2844 2838
f 2846 2839 2840
f 2846 2845 2839
f 2849 2841 2842
f 2849 2848 2841
f 2842 2843 2849
f 2849 2843 2850
f 2843 3949 2850
f 2883 2844 2845
f 2883 2882 2844
f 2884 2845 2846
f 2884 2883 2845
f 2885 2846 2847
f 2885 2884 2846
f 2886 2847 2848
f 2892 2885 2847
f 2886 2892 2847
f 2887 2848 2849
f 2887 2886 2848
f 2849 2850 2888
f 2849 2888 2887
f 2850 3973 2888
f 2850 3949 3971
f 2850 3971 3973
f 3295 2855 2851
f 2855 3828 2851
f 3336 2852 2856
f 3831 2856 2852
f 3296 2852 3336
f 3297 2857 2853
f 2857 3832 2853
f 3338 2854 2858
f 2858 2854 4076
f 3298 2854 3338
f 3339 2896 2855
f 2896 3828 2855
f 3335 2855 3295
f 3339 2855 3335
f 3340 2856 2897
f 2897 2856 3831
f 3336 2856 3340
f 3341 2898 2857
f 2898 3832 2857
f 3337 2857 3297
f 3341 2857 3337
f 3342 2858 2899
f 4076 2899 2858
f 3338 2858 3342
f 3048 2860 2859
f 3049 2863 2860
f 3049 2860 3048
f 2989 2864 2863
f 2989 2863 3049
f 2990 2865 2864
f 2990 2864 2989
f 2984 2866 2865
f 2984 2865 2983
f 2983 2865 2990
f 2913 2907 2866
f 2913 2866 2984
f 2911 2867 2868
f 2867 3968 2868
f 2916 2867 2911
f 2916 3965 2867
f 2867 3965 3968
f 2868 3968 3941
f 2871 3319 2869
f 2869 3319 3318
f 2874 2873 2870
f 3181 2870 2873
f 3120 2870 3121
f 3121 2870 3181
f 2872 3361 2871
f 2871 3361 3319
f 2917 3363 2872
f 2872 3363 3361
f 2923 2873 2874
f 2919 2873 2922
f 3185 2873 2919
f 2923 2922 2873
f 3181 2873 3182
f 3182 2873 3185
f 2875 2923 2874
f 2877 2875 2876
f 2877 2924 2875
f 2924 2923 2875
f 2926 2877 2878
f 2925 2924 2877
f 2926 2925 2877
f 2881 2878 2879
f 2881 2880 2878
f 2880 2926 2878
f 2929 2880 2881
f 2928 2926 2880
f 2929 2928 2880
f 2882 2929 2881
f 2890 2882 2883
f 2890 2889 2882
f 2931 2882 2889
f 2931 2929 2882
f 2891 2883 2884
f 2891 2890 2883
f 2892 2884 2885
f 2892 2891 2884
f 2894 2886 2887
f 2893 2892 2886
f 2894 2893 2886
f 2887 2888 2895
f 2887 2895 2894
f 3980 2895 2888
f 2888 3973 3980
f 2890 2931 2889
f 2933 2890 2891
f 2932 2931 2890
f 2933 2932 2890
f 2934 2891 2892
f 2934 2933 2891
f 2935 2892 2893
f 2935 2934 2892
f 2936 2893 2894
f 2936 2935 2893
f 2894 2895 2937
f 2894 2937 2936
f 3980 2937 2895
f 3339 2900 2896
f 2900 3828 2896
f 3385 2897 2902
f 3831 2902 2897
f 3340 2897 3385
f 3341 2903 2898
f 2903 3832 2898
f 3388 2899 2905
f 2905 2899 4076
f 3342 2899 3388
f 3383 2901 2900
f 2901 3828 2900
f 3383 2900 3339
f 3384 2969 2901
f 2969 3828 2901
f 3384 2901 3383
f 3391 2902 2971
f 2971 2902 3831
f 3385 2902 3391
f 3386 2904 2903
f 2904 3832 2903
f 3386 2903 3341
f 3387 2972 2904
f 2972 3832 2904
f 3387 2904 3386
f 3394 2905 2974
f 4076 2974 2905
f 3388 2905 3394
f 2914 2908 2907
f 2914 2907 2913
f 2908 2915 2909
f 2915 2908 2914
f 2915 2910 2909
f 2911 2910 2916
f 2916 2910 2915
f 2914 2913 2986
f 2913 2984 2985
f 2986 2913 2985
f 2914 2987 2915
f 2986 2987 2914
f 2915 3977 2916
f 2987 2981 2915
f 3984 2915 2981
f 3977 2915 3984
f 2916 3977 3965
f 2918 3363 2917
f 2920 3415 2918
f 2918 3415 3363
f 2919 2922 3185
f 2921 3416 2920
f 2920 3416 3415
f 2991 3418 2921
f 2921 3418 3416
f 2923 2992 2922
f 3187 2922 2992
f 3185 2922 3186
f 3186 2922 3187
f 2996 2923 2924
f 2996 2992 2923
f 2925 2996 2924
f 2928 2925 2926
f 2928 2927 2925
f 2927 2999 2925
f 2997 2996 2925
f 2999 2997 2925
f 2999 2927 2928
f 2930 2928 2929
f 3003 2928 2930
f 2999 2928 3000
f 3002 3000 2928
f 3003 3002 2928
f 2931 2930 2929
f 2931 3003 2930
f 3005 2931 2932
f 3004 3003 2931
f 3005 3004 2931
f 2939 2932 2933
f 2939 2938 2932
f 2932 2938 3009
f 3009 3005 2932
f 2940 2933 2934
f 2940 2939 2933
f 2941 2934 2935
f 2941 2940 2934
f 2942 2935 2936
f 2942 2941 2935
f 2936 2937 3007
f 2942 2936 3013
f 2936 3007 3006
f 3013 2936 3006
f 3987 3007 2937
f 3982 2937 3980
f 3987 2937 3982
f 3010 2938 2939
f 3010 3009 2938
f 3011 2939 2940
f 3011 3010 2939
f 3012 2940 2941
f 3012 3011 2940
f 3013 2941 2942
f 3013 3012 2941
f 3389 2975 2969
f 2975 3828 2969
f 3389 2969 3384
f 3390 2971 2970
f 3831 2970 2971
f 3443 2970 2976
f 3831 2976 2970
f 3390 2970 3443
f 3391 2971 3390
f 3392 2977 2972
f 2977 3832 2972
f 3392 2972 3387
f 3393 2974 2973
f 4076 2973 2974
f 3445 2973 2978
f 4076 2978 2973
f 3393 2973 3445
f 3394 2974 3393
f 3442 3029 2975
f 3029 3828 2975
f 3442 2975 3389
f 3448 2976 3031
f 3831 3031 2976
f 3443 2976 3448
f 3444 3032 2977
f 3032 3832 2977
f 3444 2977 3392
f 3451 2978 3034
f 3034 2978 4076
f 3445 2978 3451
f 2980 2985 2979
f 2980 2979 3040
f 2979 2985 3040
f 2980 2981 2987
f 3041 2981 2980
f 2986 2985 2980
f 2980 2987 2986
f 2980 3040 3041
f 3041 3042 2981
f 3991 2981 3042
f 3984 2981 3991
f 3044 2984 2983
f 3044 2983 2990
f 2985 2984 3045
f 3044 3045 2984
f 2985 3046 3040
f 2985 3045 3046
f 3049 2990 2989
f 3049 3044 2990
f 2993 3419 2991
f 2991 3419 3418
f 2996 2995 2992
f 3238 2992 2995
f 3187 2992 3238
f 2994 3472 2993
f 2993 3472 3419
f 3053 3474 2994
f 2994 3474 3472
f 3055 2995 2996
f 2995 3055 3239
f 3238 2995 3239
f 2999 2996 2997
f 2998 2996 2999
f 3059 2996 2998
f 3059 3055 2996
f 2999 3059 2998
f 3002 2999 3000
f 3002 3001 2999
f 3061 2999 3001
f 3060 3059 2999
f 3061 3060 2999
f 3062 3001 3002
f 3062 3061 3001
f 3063 3002 3003
f 3063 3062 3002
f 3008 3003 3004
f 3065 3003 3008
f 3064 3063 3003
f 3065 3064 3003
f 3009 3004 3005
f 3009 3008 3004
f 3006 3007 3014
f 3006 3014 3013
f 3987 3014 3007
f 3066 3008 3009
f 3066 3065 3008
f 3067 3009 3010
f 3067 3066 3009
f 3068 3010 3011
f 3068 3067 3010
f 3069 3011 3012
f 3069 3068 3011
f 3070 3012 3013
f 3070 3069 3012
f 3013 3014 3070
f 3070 3014 3071
f 3996 3071 3014
f 3994 3014 3987
f 3996 3014 3994
f 3446 3030 3029
f 3030 3828 3029
f 3446 3029 3442
f 3447 3035 3030
f 3035 3828 3030
f 3447 3030 3446
f 3504 3031 3036
f 3036 3031 3831
f 3448 3031 3504
f 3449 3033 3032
f 3033 3832 3032
f 3449 3032 3444
f 3450 3037 3033
f 3037 3832 3033
f 3450 3033 3449
f 3506 3034 3038
f 3038 3034 3833
f 3451 3034 3506
f 3833 3034 4076
f 3507 3084 3035
f 3084 3828 3035
f 3503 3035 3447
f 3507 3035 3503
f 3510 3036 3087
f 3087 3036 3831
f 3504 3036 3510
f 3511 3088 3037
f 3088 3832 3037
f 3505 3037 3450
f 3511 3037 3505
f 3514 3038 3091
f 3091 3038 3833
f 3506 3038 3514
f 3040 3045 3039
f 3040 3039 3099
f 3099 3039 3045
f 3041 3040 3100
f 3046 3045 3040
f 3040 3099 3100
f 3101 3042 3041
f 3041 3100 3101
f 3101 3102 3042
f 4001 3042 3102
f 3991 3042 4001
f 3043 3044 3049
f 3103 3044 3043
f 3103 3043 3049
f 3104 3045 3044
f 3103 3104 3044
f 3105 3099 3045
f 3104 3105 3045
f 3048 3047 3050
f 3049 3048 3107
f 3048 3050 3052
f 3112 3048 3052
f 3112 3107 3048
f 3108 3103 3049
f 3049 3107 3108
f 3052 3050 3051
f 3051 3050 3109
f 3111 3052 3051
f 3051 3109 3111
f 3111 3112 3052
f 3054 3474 3053
f 3056 3475 3054
f 3054 3475 3474
f 3240 3055 3059
f 3239 3055 3240
f 3057 3538 3056
f 3056 3538 3475
f 3058 3538 3057
f 3115 3540 3058
f 3058 3540 3538
f 3060 3117 3059
f 3059 3117 3240
f 3123 3060 3061
f 3118 3117 3060
f 3123 3118 3060
f 3124 3061 3062
f 3124 3123 3061
f 3064 3062 3063
f 3126 3062 3064
f 3125 3124 3062
f 3126 3125 3062
f 3065 3126 3064
f 3128 3065 3066
f 3127 3126 3065
f 3128 3127 3065
f 3129 3066 3067
f 3129 3128 3066
f 3135 3067 3068
f 3134 3129 3067
f 3135 3134 3067
f 3136 3068 3069
f 3136 3135 3068
f 3131 3069 3070
f 3131 3130 3069
f 3130 3136 3069
f 3131 3070 3071
f 3071 3132 3131
f 4002 3132 3071
f 4002 3071 3996
f 3507 3085 3084
f 3085 3828 3084
f 3508 3092 3085
f 3092 3828 3085
f 3508 3085 3507
f 3509 3087 3086
f 3831 3086 3087
f 3567 3086 3094
f 3094 3086 3831
f 3509 3086 3567
f 3510 3087 3509
f 3511 3089 3088
f 3089 3832 3088
f 3512 3095 3089
f 3095 3832 3089
f 3512 3089 3511
f 3513 3091 3090
f 3833 3090 3091
f 3570 3090 3097
f 3097 3090 3833
f 3513 3090 3570
f 3514 3091 3513
f 3565 3093 3092
f 3093 3828 3092
f 3565 3092 3508
f 3566 3147 3093
f 3147 3828 3093
f 3566 3093 3565
f 3574 3094 3150
f 3831 3150 3094
f 3567 3094 3574
f 3568 3096 3095
f 3096 3832 3095
f 3568 3095 3512
f 3569 3151 3096
f 3151 3832 3096
f 3569 3096 3568
f 3578 3097 3154
f 3833 3154 3097
f 3570 3097 3578
f 3098 3099 3104
f 3165 3099 3098
f 3165 3098 3104
f 3166 3100 3099
f 3104 3099 3105
f 3165 3166 3099
f 3167 3101 3100
f 3166 3167 3100
f 3101 3164 3102
f 3163 3164 3101
f 3168 3163 3101
f 3167 3168 3101
f 4004 3102 3164
f 4001 3102 3998
f 3998 3102 4004
f 3170 3104 3103
f 3107 3103 3108
f 3173 3103 3107
f 3169 3170 3103
f 3169 3103 3173
f 3171 3165 3104
f 3170 3171 3104
f 3106 3107 3111
f 3106 3173 3107
f 3111 3172 3106
f 3106 3172 3173
f 3111 3107 3112
f 3111 3109 3113
f 3111 3113 3110
f 3174 3111 3110
f 3110 3113 3114
f 3110 3114 3178
f 3110 3178 3174
f 3111 3175 3172
f 3174 3175 3111
f 3114 3113 3178
f 3178 3113 3176
f 3116 3541 3115
f 3115 3541 3540
f 3119 3541 3116
f 3118 3123 3117
f 3123 3122 3117
f 3243 3117 3122
f 3240 3117 3243
f 3120 3602 3119
f 3119 3602 3541
f 3121 3602 3120
f 3181 3604 3121
f 3121 3604 3602
f 3122 3123 3243
f 3124 3183 3123
f 3123 3183 3244
f 3243 3123 3244
f 3188 3124 3125
f 3184 3183 3124
f 3188 3184 3124
f 3189 3125 3126
f 3189 3188 3125
f 3190 3126 3127
f 3190 3189 3126
f 3192 3127 3128
f 3192 3190 3127
f 3134 3128 3129
f 3134 3133 3128
f 3192 3128 3133
f 3137 3130 3131
f 3137 3136 3130
f 3131 3132 3137
f 3132 3138 3137
f 4007 3138 3132
f 4007 3132 4002
f 3193 3133 3134
f 3193 3192 3133
f 3194 3134 3135
f 3194 3193 3134
f 3195 3135 3136
f 3195 3194 3135
f 3196 3136 3137
f 3196 3195 3136
f 3137 3138 3196
f 3138 3197 3196
f 4007 3197 3138
f 3571 3148 3147
f 3148 3828 3147
f 3571 3147 3566
f 3572 3155 3148
f 3155 3828 3148
f 3572 3148 3571
f 3573 3150 3149
f 3831 3149 3150
f 3573 3149 3158
f 3158 3149 3831
f 3574 3150 3573
f 3575 3152 3151
f 3152 3832 3151
f 3575 3151 3569
f 3576 3159 3152
f 3159 3832 3152
f 3576 3152 3575
f 3577 3154 3153
f 3833 3153 3154
f 3577 3153 3162
f 3162 3153 3833
f 3578 3154 3577
f 3633 3156 3155
f 3156 3828 3155
f 3633 3155 3572
f 3634 3206 3156
f 3206 3828 3156
f 3634 3156 3633
f 3635 3158 3157
f 3157 3158 3831
f 3646 3157 3211
f 3211 3157 3831
f 3635 3157 3646
f 3573 3158 3636
f 3636 3158 3635
f 3637 3160 3159
f 3160 3832 3159
f 3637 3159 3576
f 3638 3212 3160
f 3212 3832 3160
f 3638 3160 3637
f 3639 3162 3161
f 3161 3162 3833
f 3652 3161 3217
f 3217 3161 3833
f 3639 3161 3652
f 3577 3162 3640
f 3640 3162 3639
f 4004 3164 3163
f 3219 3163 3168
f 4009 3163 3219
f 4004 3163 4009
f 3220 3166 3165
f 3225 3165 3171
f 3225 3220 3165
f 3221 3167 3166
f 3220 3221 3166
f 3222 3168 3167
f 3221 3222 3167
f 3222 3219 3168
f 3223 3170 3169
f 3227 3169 3173
f 3227 3223 3169
f 3224 3171 3170
f 3223 3224 3170
f 3224 3225 3171
f 3226 3173 3172
f 3229 3172 3175
f 3229 3226 3172
f 3226 3227 3173
f 3175 3174 3228
f 3228 3174 3178
f 3228 3229 3175
f 3178 3176 3177
f 3177 3176 3179
f 3230 3178 3177
f 3177 3179 3180
f 3233 3177 3180
f 3233 3230 3177
f 3228 3178 3231
f 3230 3231 3178
f 3180 3179 3232
f 3180 3232 3233
f 3182 3605 3181
f 3181 3605 3604
f 3185 3605 3182
f 3244 3183 3184
f 3184 3188 3244
f 3186 3679 3185
f 3185 3678 3605
f 3185 3679 3678
f 3187 3679 3186
f 3477 3187 3238
f 3544 3187 3477
f 3544 3682 3187
f 3682 3679 3187
f 3188 3189 3245
f 3244 3188 3245
f 3190 3241 3189
f 3246 3189 3241
f 3245 3189 3246
f 3192 3191 3190
f 3191 3242 3190
f 3190 3242 3241
f 3248 3191 3192
f 3191 3247 3242
f 3248 3247 3191
f 3249 3192 3193
f 3249 3248 3192
f 3250 3193 3194
f 3250 3249 3193
f 3251 3194 3195
f 3251 3250 3194
f 3252 3195 3196
f 3252 3251 3195
f 4012 3196 3197
f 4012 3252 3196
f 4012 3197 4007
f 4025 3202 3198
f 4025 3253 3202
f 4019 3255 3204
f 3256 4195 3205
f 3641 3207 3206
f 3207 3828 3206
f 3641 3206 3634
f 3642 3208 3207
f 3208 3828 3207
f 3642 3207 3641
f 3643 3209 3208
f 3831 3208 3209
f 3643 3208 3642
f 3208 3831 3828
f 3644 3210 3209
f 3831 3209 3210
f 3644 3209 3643
f 3645 3211 3210
f 3831 3210 3211
f 3645 3210 3644
f 3646 3211 3645
f 3647 3213 3212
f 3213 3832 3212
f 3647 3212 3638
f 3648 3214 3213
f 3214 3832 3213
f 3648 3213 3647
f 3649 3215 3214
f 3833 3214 3215
f 3649 3214 3648
f 3214 3833 3832
f 3650 3216 3215
f 3833 3215 3216
f 3650 3215 3649
f 3651 3217 3216
f 3833 3216 3217
f 3651 3216 3650
f 3652 3217 3651
f 3218 3219 3222
f 3261 3219 3218
f 3261 3218 3222
f 3261 3262 3219
f 4014 3219 3262
f 4009 3219 4014
f 3263 3221 3220
f 3224 3220 3225
f 3267 3220 3224
f 3267 3263 3220
f 3264 3222 3221
f 3263 3264 3221
f 3265 3261 3222
f 3264 3265 3222
f 3266 3224 3223
f 3269 3223 3227
f 3269 3266 3223
f 3266 3267 3224
f 3268 3227 3226
f 3271 3226 3229
f 3271 3268 3226
f 3268 3269 3227
f 3270 3229 3228
f 3273 3228 3231
f 3273 3270 3228
f 3270 3271 3229
f 3272 3231 3230
f 3274 3230 3233
f 3274 3272 3230
f 3272 3273 3231
f 3233 3232 3234
f 3233 3234 3237
f 3233 3237 3277
f 3233 3277 3274
f 3237 3234 3235
f 3237 3235 3236
f 3236 3235 3275
f 3237 3236 3276
f 3236 3275 3276
f 3237 3276 3277
f 3424 3238 3239
f 3421 3238 3423
f 3478 3238 3421
f 3423 3238 3424
f 3477 3238 3478
f 3366 3239 3240
f 3365 3239 3366
f 3424 3239 3365
f 3322 3240 3243
f 3321 3240 3322
f 3368 3240 3321
f 3366 3240 3367
f 3367 3240 3368
f 3242 3247 3241
f 3246 3241 3247
f 3323 3243 3244
f 3322 3243 3323
f 3282 3244 3245
f 3280 3244 3281
f 3324 3244 3280
f 3281 3244 3282
f 3323 3244 3324
f 3282 3245 3246
f 3285 3246 3247
f 3282 3246 3283
f 3283 3246 3284
f 3284 3246 3285
f 3286 3247 3248
f 3285 3247 3286
f 3287 3248 3249
f 3286 3248 3287
f 3288 3249 3250
f 3287 3249 3288
f 3289 3250 3251
f 3289 3288 3250
f 3290 3251 3252
f 3290 3289 3251
f 4023 3290 3252
f 4021 3252 4012
f 4023 3252 4021
f 4025 3257 3253
f 4019 3259 3255
f 3260 4195 3256
f 4025 3291 3257
f 4018 3258 3292
f 4019 3293 3259
f 3294 4195 3260
f 3299 3262 3261
f 3303 3261 3265
f 3303 3299 3261
f 3299 3300 3262
f 4026 3262 3300
f 4014 3262 4025
f 4025 3262 4026
f 3301 3264 3263
f 3305 3263 3267
f 3305 3301 3263
f 3302 3265 3264
f 3301 3302 3264
f 3302 3303 3265
f 3304 3267 3266
f 3308 3266 3269
f 3308 3304 3266
f 3304 3305 3267
f 3307 3269 3268
f 3310 3268 3271
f 3310 3307 3268
f 3307 3308 3269
f 3309 3271 3270
f 3312 3270 3273
f 3312 3309 3270
f 3309 3310 3271
f 3311 3273 3272
f 3313 3272 3274
f 3313 3311 3272
f 3311 3312 3273
f 3277 3276 3274
f 3274 3277 3315
f 3274 3315 3313
f 3276 3275 3278
f 3277 3276 3314
f 3276 3278 3279
f 3276 3279 3317
f 3276 3317 3314
f 3277 3314 3315
f 3279 3278 3316
f 3279 3316 3317
f 3280 3281 3324
f 3282 3325 3281
f 3324 3281 3325
f 3282 3283 3327
f 3326 3325 3282
f 3282 3327 3326
f 3285 3283 3284
f 3329 3283 3285
f 3329 3327 3283
f 3330 3285 3286
f 3330 3329 3285
f 3331 3286 3287
f 3331 3330 3286
f 3332 3287 3288
f 3332 3331 3287
f 3333 3288 3289
f 3333 3332 3288
f 3334 3289 3290
f 3334 3333 3289
f 4033 3334 3290
f 4033 3290 4023
f 4025 3295 3291
f 3292 3296 4018
f 4019 3297 3293
f 3298 4195 3294
f 4025 3335 3295
f 4018 3296 3336
f 4019 3337 3297
f 3338 4195 3298
f 3303 3300 3299
f 3303 3343 3300
f 4035 3300 3343
f 4026 3300 4035
f 3344 3302 3301
f 3305 3306 3301
f 3350 3301 3306
f 3350 3344 3301
f 3345 3303 3302
f 3344 3345 3302
f 3346 3343 3303
f 3345 3346 3303
f 3348 3305 3304
f 3352 3304 3308
f 3352 3348 3304
f 3349 3306 3305
f 3348 3349 3305
f 3349 3350 3306
f 3351 3308 3307
f 3354 3307 3310
f 3354 3351 3307
f 3351 3352 3308
f 3353 3310 3309
f 3356 3309 3312
f 3356 3353 3309
f 3353 3354 3310
f 3355 3312 3311
f 3313 3355 3311
f 3355 3356 3312
f 3313 3315 3359
f 3357 3355 3313
f 3359 3357 3313
f 3315 3314 3359
f 3314 3317 3358
f 3359 3314 3358
f 3317 3316 3318
f 3317 3318 3320
f 3320 3360 3317
f 3358 3317 3360
f 3320 3318 3319
f 3320 3319 3361
f 3362 3360 3320
f 3320 3361 3362
f 3369 3321 3322
f 3369 3368 3321
f 3370 3322 3323
f 3369 3322 3370
f 3371 3323 3324
f 3371 3370 3323
f 3324 3325 3373
f 3324 3373 3371
f 3374 3325 3326
f 3374 3373 3325
f 3326 3327 3375
f 3326 3375 3374
f 3328 3327 3329
f 3376 3327 3328
f 3376 3375 3327
f 3376 3328 3329
f 3378 3329 3330
f 3377 3376 3329
f 3378 3377 3329
f 3379 3330 3331
f 3379 3378 3330
f 3380 3331 3332
f 3380 3379 3331
f 3381 3332 3333
f 3381 3380 3332
f 3382 3333 3334
f 3382 3381 3333
f 4039 3382 3334
f 4030 3334 4032
f 4039 3334 4030
f 4032 3334 4033
f 4025 3339 3335
f 3336 3340 4018
f 4019 3341 3337
f 3342 4195 3338
f 4025 3383 3339
f 4018 3340 3385
f 4019 3386 3341
f 3388 4195 3342
f 3346 3347 3343
f 4041 3343 3347
f 4035 3343 4041
f 3395 3345 3344
f 3350 3400 3344
f 3400 3395 3344
f 3396 3346 3345
f 3395 3396 3345
f 3398 3347 3346
f 3396 3397 3346
f 3346 3397 3398
f 4041 3347 3398
f 3403 3349 3348
f 3403 3348 3352
f 3399 3350 3349
f 3403 3399 3349
f 3399 3400 3350
f 3402 3352 3351
f 3406 3351 3354
f 3406 3402 3351
f 3402 3403 3352
f 3405 3354 3353
f 3356 3407 3353
f 3407 3405 3353
f 3405 3406 3354
f 3357 3356 3355
f 3357 3407 3356
f 3357 3359 3411
f 3408 3407 3357
f 3357 3411 3408
f 3359 3358 3411
f 3358 3360 3410
f 3411 3358 3410
f 3362 3412 3360
f 3410 3360 3412
f 3362 3361 3363
f 3362 3363 3364
f 3362 3364 3414
f 3414 3412 3362
f 3364 3363 3415
f 3417 3414 3364
f 3364 3415 3417
f 3425 3365 3366
f 3424 3365 3425
f 3425 3366 3367
f 3427 3367 3368
f 3425 3367 3426
f 3427 3426 3367
f 3428 3368 3369
f 3428 3427 3368
f 3429 3369 3370
f 3429 3428 3369
f 3430 3370 3371
f 3430 3429 3370
f 3372 3371 3374
f 3431 3371 3372
f 3374 3371 3373
f 3431 3430 3371
f 3432 3372 3374
f 3432 3431 3372
f 3374 3375 3433
f 3374 3433 3432
f 3434 3375 3376
f 3434 3433 3375
f 3434 3376 3377
f 3437 3377 3378
f 3437 3434 3377
f 3438 3378 3379
f 3438 3437 3378
f 3439 3379 3380
f 3439 3438 3379
f 3440 3380 3381
f 3440 3439 3380
f 3381 3382 3440
f 3382 3441 3440
f 4045 3441 3382
f 4045 3382 4039
f 4025 3384 3383
f 3389 3384 4025
f 4018 3385 3391
f 4019 3387 3386
f 3392 3387 4019
f 3394 4195 3388
f 4025 3442 3389
f 3391 3390 4018
f 3390 3443 4018
f 4019 3444 3392
f 3393 4195 3394
f 3445 4195 3393
f 3400 3396 3395
f 3452 3397 3396
f 3400 3401 3396
f 3401 3452 3396
f 3398 3397 3454
f 3452 3453 3397
f 3397 3453 3454
f 4047 3398 3454
f 4041 3398 4047
f 3455 3400 3399
f 3403 3404 3399
f 3459 3399 3404
f 3459 3455 3399
f 3456 3401 3400
f 3455 3456 3400
f 3457 3452 3401
f 3456 3457 3401
f 3406 3403 3402
f 3458 3404 3403
f 3406 3458 3403
f 3458 3459 3404
f 3407 3406 3405
f 3407 3460 3406
f 3460 3458 3406
f 3408 3409 3407
f 3465 3407 3409
f 3462 3460 3407
f 3465 3462 3407
f 3408 3465 3409
f 3411 3464 3408
f 3464 3465 3408
f 3411 3410 3412
f 3411 3412 3413
f 3411 3413 3466
f 3466 3464 3411
f 3413 3412 3468
f 3412 3414 3467
f 3468 3412 3467
f 3466 3413 3468
f 3414 3417 3471
f 3467 3414 3469
f 3471 3469 3414
f 3417 3415 3416
f 3417 3416 3418
f 3417 3418 3420
f 3420 3471 3417
f 3420 3418 3419
f 3420 3419 3472
f 3420 3473 3471
f 3420 3472 3473
f 3421 3424 3422
f 3421 3422 3479
f 3423 3424 3421
f 3421 3479 3478
f 3424 3479 3422
f 3482 3424 3425
f 3480 3479 3424
f 3482 3480 3424
f 3483 3425 3426
f 3483 3482 3425
f 3485 3426 3427
f 3485 3483 3426
f 3486 3427 3428
f 3486 3485 3427
f 3430 3428 3429
f 3487 3428 3430
f 3487 3486 3428
f 3431 3488 3430
f 3488 3487 3430
f 3432 3489 3431
f 3431 3489 3488
f 3433 3491 3432
f 3432 3491 3489
f 3492 3433 3434
f 3433 3492 3491
f 3435 3434 3437
f 3493 3434 3435
f 3492 3434 3493
f 3436 3435 3437
f 3494 3435 3436
f 3493 3435 3494
f 3436 3437 3438
f 3495 3436 3438
f 3494 3436 3495
f 3500 3438 3439
f 3495 3438 3499
f 3500 3499 3438
f 3501 3439 3440
f 3501 3500 3439
f 3441 3502 3440
f 3501 3440 3497
f 3440 3502 3497
f 4051 3502 3441
f 4051 3441 4045
f 4025 3446 3442
f 4018 3443 3448
f 4019 3449 3444
f 3451 4195 3445
f 4025 3447 3446
f 3503 3447 4025
f 4018 3448 3504
f 4019 3450 3449
f 3505 3450 4019
f 3506 4195 3451
f 3457 3453 3452
f 4053 3454 3453
f 3517 3453 3457
f 3518 3515 3453
f 4057 3453 3515
f 3517 3518 3453
f 4053 3453 4057
f 4047 3454 4053
f 3520 3456 3455
f 3459 3520 3455
f 3516 3457 3456
f 3520 3516 3456
f 3516 3517 3457
f 3519 3459 3458
f 3460 3461 3458
f 3523 3458 3461
f 3523 3519 3458
f 3519 3520 3459
f 3522 3461 3460
f 3462 3463 3460
f 3463 3522 3460
f 3522 3523 3461
f 3526 3463 3462
f 3465 3525 3462
f 3526 3462 3525
f 3526 3522 3463
f 3466 3465 3464
f 3466 3530 3465
f 3527 3525 3465
f 3530 3527 3465
f 3468 3529 3466
f 3529 3530 3466
f 3468 3467 3469
f 3468 3469 3470
f 3531 3468 3470
f 3531 3529 3468
f 3470 3469 3533
f 3532 3469 3471
f 3533 3469 3532
f 3531 3470 3533
f 3534 3471 3473
f 3532 3471 3534
f 3473 3472 3474
f 3473 3474 3476
f 3476 3536 3473
f 3534 3473 3536
f 3476 3474 3475
f 3476 3475 3538
f 3476 3539 3536
f 3476 3538 3539
f 3546 3477 3478
f 3546 3544 3477
f 3547 3478 3479
f 3547 3546 3478
f 3548 3479 3480
f 3547 3479 3548
f 3481 3480 3483
f 3549 3480 3481
f 3483 3480 3482
f 3549 3548 3480
f 3550 3481 3483
f 3550 3549 3481
f 3486 3484 3483
f 3551 3483 3484
f 3486 3483 3485
f 3551 3550 3483
f 3551 3484 3486
f 3487 3552 3486
f 3552 3551 3486
f 3488 3553 3487
f 3487 3553 3552
f 3556 3488 3489
f 3488 3555 3553
f 3556 3555 3488
f 3490 3489 3492
f 3557 3489 3490
f 3492 3489 3491
f 3557 3556 3489
f 3557 3490 3492
f 3560 3492 3493
f 3559 3557 3492
f 3560 3559 3492
f 3561 3493 3494
f 3561 3560 3493
f 3562 3494 3495
f 3562 3561 3494
f 3500 3496 3495
f 3563 3495 3496
f 3500 3495 3499
f 3563 3562 3495
f 3501 3497 3496
f 3497 3563 3496
f 3501 3496 3500
f 3502 3498 3497
f 4051 3497 3498
f 3564 3563 3497
f 4061 3564 3497
f 4061 3497 4051
f 4051 3498 3502
f 4025 3507 3503
f 3504 3510 4018
f 4019 3511 3505
f 3514 4195 3506
f 4025 3508 3507
f 3565 3508 4025
f 4018 3510 3509
f 4018 3509 3567
f 4019 3512 3511
f 3568 3512 4019
f 3513 4020 3514
f 3570 4020 3513
f 3514 4020 4195
f 4063 3515 3518
f 4057 3515 4063
f 3582 3517 3516
f 3520 3521 3516
f 3582 3516 3521
f 3579 3518 3517
f 3582 3579 3517
f 3579 3580 3518
f 4063 3518 3580
f 3523 3520 3519
f 3581 3521 3520
f 3524 3520 3523
f 3586 3520 3524
f 3581 3520 3586
f 3581 3582 3521
f 3523 3522 3526
f 3586 3524 3523
f 3589 3523 3526
f 3586 3523 3585
f 3585 3523 3589
f 3526 3525 3527
f 3528 3526 3527
f 3591 3526 3528
f 3589 3526 3588
f 3588 3526 3591
f 3591 3528 3527
f 3530 3590 3527
f 3591 3527 3590
f 3531 3530 3529
f 3531 3592 3530
f 3530 3592 3590
f 3533 3596 3531
f 3594 3592 3531
f 3596 3594 3531
f 3533 3532 3534
f 3533 3534 3535
f 3596 3533 3535
f 3535 3534 3536
f 3535 3536 3537
f 3598 3535 3537
f 3596 3535 3598
f 3537 3536 3599
f 3599 3536 3539
f 3598 3537 3599
f 3539 3538 3542
f 3542 3538 3540
f 3542 3600 3539
f 3599 3539 3601
f 3601 3539 3600
f 3542 3540 3541
f 3542 3541 3602
f 3601 3600 3542
f 3601 3542 3603
f 3542 3602 3603
f 3611 3543 3544
f 3543 3682 3544
f 3609 3543 3611
f 3609 3682 3543
f 3545 3544 3547
f 3612 3544 3545
f 3547 3544 3546
f 3612 3611 3544
f 3612 3545 3547
f 3549 3547 3548
f 3615 3547 3549
f 3613 3612 3547
f 3615 3613 3547
f 3615 3549 3550
f 3617 3550 3551
f 3617 3615 3550
f 3553 3551 3552
f 3553 3617 3551
f 3554 3553 3556
f 3620 3553 3554
f 3556 3553 3555
f 3553 3618 3617
f 3619 3618 3553
f 3620 3619 3553
f 3620 3554 3556
f 3623 3556 3557
f 3622 3620 3556
f 3623 3622 3556
f 3558 3557 3559
f 3624 3557 3558
f 3624 3623 3557
f 3558 3559 3560
f 3561 3558 3560
f 3561 3625 3558
f 3625 3624 3558
f 3562 3629 3561
f 3561 3629 3625
f 3563 3630 3562
f 3562 3630 3629
f 3564 3631 3563
f 3563 3631 3630
f 3564 3632 3631
f 4069 3632 3564
f 4069 3564 4061
f 4025 3566 3565
f 4025 3571 3566
f 4018 3567 3574
f 4019 3569 3568
f 4019 3575 3569
f 3578 4020 3570
f 4025 3572 3571
f 4025 3633 3572
f 3574 3573 4018
f 4018 3573 3636
f 4019 3576 3575
f 4019 3637 3576
f 3577 4020 3578
f 3640 4020 3577
f 3580 3579 3583
f 3582 3583 3579
f 3584 3580 3583
f 3653 3580 3584
f 4081 3580 3653
f 4063 3580 4077
f 4077 3580 4081
f 3582 3581 3586
f 3655 3583 3582
f 3587 3582 3586
f 3654 3582 3587
f 3655 3582 3654
f 3656 3584 3583
f 3656 3583 3655
f 3656 3653 3584
f 3657 3586 3585
f 3660 3585 3589
f 3661 3657 3585
f 3661 3585 3660
f 3658 3587 3586
f 3658 3586 3657
f 3658 3654 3587
f 3660 3589 3588
f 3662 3588 3591
f 3663 3660 3588
f 3663 3588 3662
f 3591 3590 3592
f 3593 3591 3592
f 3662 3591 3593
f 3665 3593 3592
f 3594 3595 3592
f 3595 3664 3592
f 3665 3592 3664
f 3665 3662 3593
f 3596 3595 3594
f 3596 3597 3595
f 3597 3669 3595
f 3666 3664 3595
f 3669 3666 3595
f 3596 3669 3597
f 3598 3668 3596
f 3668 3669 3596
f 3599 3670 3598
f 3598 3670 3668
f 3601 3672 3599
f 3599 3672 3670
f 3603 3676 3601
f 3601 3674 3672
f 3601 3676 3674
f 3603 3602 3604
f 3603 3604 3606
f 3606 3676 3603
f 3606 3604 3605
f 3606 3605 3678
f 3606 3680 3676
f 3606 3678 3680
f 3610 3608 3607
f 3683 3607 3608
f 3610 3607 3609
f 3607 3682 3609
f 3683 3682 3607
f 3684 3608 3610
f 3684 3683 3608
f 3609 3612 3610
f 3612 3609 3611
f 3686 3610 3612
f 3684 3610 3686
f 3688 3612 3613
f 3687 3686 3612
f 3687 3612 3688
f 3615 3614 3613
f 3688 3613 3614
f 3688 3614 3615
f 3616 3615 3617
f 3691 3615 3616
f 3690 3688 3615
f 3691 3690 3615
f 3617 3691 3616
f 3694 3617 3618
f 3693 3691 3617
f 3694 3693 3617
f 3694 3618 3619
f 3697 3619 3620
f 3697 3694 3619
f 3621 3620 3623
f 3621 3698 3620
f 3623 3620 3622
f 3698 3697 3620
f 3623 3698 3621
f 3624 3698 3623
f 3625 3702 3624
f 3624 3702 3698
f 3626 3625 3629
f 3626 3703 3625
f 3625 3703 3702
f 3627 3626 3630
f 3705 3626 3627
f 3626 3629 3630
f 3626 3704 3703
f 3705 3704 3626
f 3628 3627 3631
f 3705 3627 3628
f 3627 3630 3631
f 3628 3631 3632
f 4068 3628 3632
f 3628 3706 3705
f 4067 3706 3628
f 4067 3628 4073
f 4073 3628 4068
f 4068 3632 4069
f 4025 3634 3633
f 3641 3634 4025
f 4018 3636 3635
f 4018 3635 3646
f 4019 3638 3637
f 3647 3638 4019
f 3639 4020 3640
f 3652 4020 3639
f 3642 3641 4025
f 4025 3643 3642
f 3644 3643 4018
f 3643 4014 4016
f 3643 4025 4014
f 4016 4017 3643
f 3643 4017 4018
f 3645 3644 4018
f 4018 3646 3645
f 3648 3647 4019
f 4019 3649 3648
f 3649 4020 3650
f 3649 4019 4020
f 3650 4020 3651
f 3651 4020 3652
f 4081 3653 3656
f 3655 3654 3658
f 3708 3656 3655
f 3659 3655 3658
f 3707 3655 3659
f 3708 3655 3707
f 4094 3656 3708
f 4081 3656 4090
f 4090 3656 4094
f 3713 3658 3657
f 3712 3657 3661
f 3713 3657 3712
f 3710 3659 3658
f 3710 3658 3709
f 3709 3658 3713
f 3710 3707 3659
f 3712 3661 3660
f 3715 3660 3663
f 3712 3660 3715
f 3663 3662 3665
f 3719 3663 3665
f 3719 3715 3663
f 3665 3664 3666
f 3667 3665 3666
f 3667 3722 3665
f 3719 3665 3718
f 3722 3718 3665
f 3722 3667 3666
f 3669 3721 3666
f 3721 3722 3666
f 3670 3669 3668
f 3670 3671 3669
f 3671 3724 3669
f 3669 3724 3721
f 3672 3671 3670
f 3672 3673 3671
f 3673 3726 3671
f 3726 3724 3671
f 3674 3673 3672
f 3674 3675 3673
f 3675 3728 3673
f 3673 3728 3726
f 3676 3675 3674
f 3676 3677 3675
f 3677 3730 3675
f 3675 3730 3728
f 3680 3677 3676
f 3680 3681 3677
f 3681 3733 3677
f 3677 3731 3730
f 3677 3733 3731
f 3680 3678 3679
f 3680 3679 3681
f 3681 3679 3682
f 3681 3682 3683
f 3683 3733 3681
f 3737 3683 3684
f 3683 3735 3733
f 3735 3683 3737
f 3685 3684 3687
f 3685 3738 3684
f 3687 3684 3686
f 3738 3737 3684
f 3740 3685 3687
f 3738 3685 3740
f 3740 3687 3688
f 3689 3688 3690
f 3742 3688 3689
f 3741 3740 3688
f 3741 3688 3742
f 3689 3690 3691
f 3742 3689 3691
f 3694 3692 3691
f 3745 3691 3692
f 3694 3691 3693
f 3744 3742 3691
f 3745 3744 3691
f 3745 3692 3694
f 3695 3694 3697
f 3748 3694 3695
f 3748 3745 3694
f 3698 3696 3695
f 3696 3748 3695
f 3698 3695 3697
f 3698 3752 3696
f 3696 3749 3748
f 3752 3749 3696
f 3702 3699 3698
f 3753 3698 3699
f 3753 3752 3698
f 3700 3699 3703
f 3754 3699 3700
f 3703 3699 3702
f 3754 3753 3699
f 3701 3700 3703
f 3755 3700 3701
f 3755 3754 3700
f 3701 3703 3704
f 3755 3701 3704
f 3756 3704 3705
f 3756 3755 3704
f 3705 3706 3756
f 4087 3756 3706
f 4087 3706 4067
f 3711 3708 3707
f 3711 3707 3710
f 4100 3708 3711
f 4094 3708 4100
f 3714 3710 3709
f 3714 3709 3713
f 3779 3711 3710
f 3781 3710 3714
f 3779 3710 3778
f 3781 3778 3710
f 4100 3711 3779
f 3717 3713 3712
f 3716 3712 3715
f 3717 3712 3716
f 3781 3714 3713
f 3780 3713 3717
f 3781 3713 3780
f 3716 3715 3719
f 3784 3717 3716
f 3720 3716 3719
f 3787 3716 3720
f 3784 3716 3783
f 3783 3716 3787
f 3784 3780 3717
f 3722 3719 3718
f 3787 3720 3719
f 3722 3723 3719
f 3789 3719 3723
f 3786 3787 3719
f 3789 3786 3719
f 3724 3722 3721
f 3722 3789 3723
f 3724 3725 3722
f 3725 3791 3722
f 3791 3789 3722
f 3727 3725 3724
f 3727 3724 3726
f 3791 3725 3727
f 3728 3727 3726
f 3728 3729 3727
f 3729 3794 3727
f 3794 3791 3727
f 3728 3796 3729
f 3730 3796 3728
f 3729 3796 3794
f 3731 3798 3730
f 3730 3798 3796
f 3734 3732 3731
f 3731 3732 3800
f 3734 3731 3733
f 3731 3800 3798
f 3802 3732 3734
f 3802 3800 3732
f 3733 3736 3734
f 3735 3736 3733
f 3736 3802 3734
f 3736 3735 3737
f 3736 3737 3738
f 3804 3736 3738
f 3736 3804 3802
f 3741 3739 3738
f 3807 3738 3739
f 3741 3738 3740
f 3804 3738 3806
f 3807 3806 3738
f 3741 3809 3739
f 3809 3807 3739
f 3810 3741 3742
f 3810 3809 3741
f 3743 3742 3744
f 3810 3742 3743
f 3743 3744 3745
f 3812 3743 3745
f 3812 3810 3743
f 3746 3745 3748
f 3815 3745 3746
f 3813 3812 3745
f 3813 3745 3815
f 3747 3746 3748
f 3816 3746 3747
f 3816 3815 3746
f 3747 3748 3749
f 3819 3747 3749
f 3816 3747 3819
f 3753 3750 3749
f 3820 3749 3750
f 3753 3749 3752
f 3820 3819 3749
f 3751 3750 3753
f 3821 3750 3751
f 3821 3820 3750
f 3751 3753 3754
f 3821 3751 3754
f 3822 3754 3755
f 3822 3821 3754
f 3824 3755 3756
f 3824 3822 3755
f 4096 3824 3756
f 4099 3756 4087
f 4096 3756 4099
f 3758 3759 3757
f 3758 3757 3835
f 3835 3757 3834
f 3760 3759 3758
f 3758 4062 3760
f 3835 4062 3758
f 3760 3761 3759
f 3762 3761 3760
f 3760 4052 3762
f 3760 4062 4052
f 3762 3763 3761
f 3764 3763 3762
f 3762 4046 3764
f 3762 4052 4046
f 3764 3765 3763
f 3767 3765 3764
f 3764 4040 3767
f 3764 4046 4040
f 3767 3766 3765
f 3767 3768 3766
f 3769 3768 3767
f 3767 4034 3769
f 3767 4031 4034
f 3767 4040 4031
f 3769 3770 3768
f 3771 3770 3769
f 3769 4022 3771
f 3769 4024 4022
f 3769 4034 4024
f 3771 3772 3770
f 3773 3772 3771
f 3771 4013 3773
f 3771 4022 4013
f 3773 3774 3772
f 3775 3774 3773
f 3773 4008 3775
f 3773 4013 4008
f 3775 3776 3774
f 3777 3776 3775
f 3775 4003 3777
f 3775 4008 4003
f 3777 3836 3776
f 3837 3836 3777
f 3777 3997 3837
f 3777 4003 3997
f 3782 3779 3778
f 3782 3778 3781
f 4104 3779 3782
f 4100 3779 4104
f 3785 3781 3780
f 3785 3780 3784
f 3782 3781 3785
f 3845 3782 3785
f 3845 3842 3782
f 4118 3782 3842
f 4104 3782 4114
f 4114 3782 4118
f 3787 3784 3783
f 3843 3785 3784
f 3787 3788 3784
f 3847 3784 3788
f 3847 3843 3784
f 3843 3844 3785
f 3845 3785 3844
f 3789 3787 3786
f 3787 3847 3788
f 3789 3790 3787
f 3790 3850 3787
f 3846 3847 3787
f 3850 3846 3787
f 3792 3790 3789
f 3791 3792 3789
f 3792 3793 3790
f 3793 3850 3790
f 3792 3791 3794
f 3792 3854 3793
f 3795 3792 3794
f 3856 3792 3795
f 3854 3792 3853
f 3853 3792 3856
f 3793 3854 3850
f 3796 3795 3794
f 3796 3797 3795
f 3797 3859 3795
f 3859 3856 3795
f 3798 3797 3796
f 3798 3799 3797
f 3799 3859 3797
f 3800 3799 3798
f 3800 3801 3799
f 3801 3861 3799
f 3799 3861 3859
f 3803 3801 3800
f 3803 3800 3802
f 3865 3801 3803
f 3801 3863 3861
f 3865 3863 3801
f 3804 3803 3802
f 3804 3805 3803
f 3805 3865 3803
f 3805 3804 3807
f 3807 3804 3806
f 3808 3805 3807
f 3808 3869 3805
f 3805 3868 3865
f 3869 3868 3805
f 3810 3808 3807
f 3810 3807 3809
f 3871 3808 3810
f 3871 3869 3808
f 3811 3810 3813
f 3811 3875 3810
f 3813 3810 3812
f 3871 3810 3874
f 3875 3874 3810
f 3875 3811 3813
f 3814 3813 3816
f 3879 3813 3814
f 3816 3813 3815
f 3878 3875 3813
f 3879 3878 3813
f 3879 3814 3816
f 3817 3816 3820
f 3883 3816 3817
f 3820 3816 3819
f 3880 3879 3816
f 3880 3816 3883
f 3818 3817 3820
f 3884 3817 3818
f 3884 3883 3817
f 3818 3820 3821
f 3822 3818 3821
f 3885 3818 3822
f 3885 3884 3818
f 3823 3822 3824
f 3822 3823 3885
f 4096 3823 3824
f 3823 3886 3885
f 3823 3887 3886
f 4106 3887 3823
f 4109 3823 4096
f 4106 3823 4109
f 3832 3826 3827
f 3827 3826 3892
f 3832 3831 3826
f 3827 3892 3893
f 3831 3829 3828
f 3830 3829 3831
f 3831 3834 3830
f 3835 3831 3832
f 3835 3834 3831
f 3832 3833 3835
f 3833 4072 3835
f 3833 4076 4072
f 3835 4072 4062
f 3837 3838 3836
f 3839 3838 3837
f 3837 3995 3839
f 3837 3997 3995
f 3839 3840 3838
f 3841 3840 3839
f 3839 3988 3841
f 3839 3995 3988
f 3841 3894 3840
f 3895 3894 3841
f 3841 3983 3895
f 3841 3988 3983
f 4118 3842 3845
f 3848 3844 3843
f 3848 3843 3847
f 3848 3845 3844
f 3848 3849 3845
f 4134 3845 3849
f 4118 3845 4130
f 4130 3845 4134
f 3850 3847 3846
f 3851 3848 3847
f 3850 3851 3847
f 3848 3898 3849
f 3851 3852 3848
f 3852 3899 3848
f 3899 3898 3848
f 4134 3849 3898
f 3854 3851 3850
f 3851 3899 3852
f 3854 3855 3851
f 3855 3902 3851
f 3902 3899 3851
f 3857 3854 3853
f 3857 3853 3856
f 3858 3855 3854
f 3858 3854 3857
f 3907 3855 3858
f 3907 3902 3855
f 3859 3857 3856
f 3907 3858 3857
f 3859 3860 3857
f 3860 3906 3857
f 3906 3907 3857
f 3861 3860 3859
f 3861 3862 3860
f 3914 3860 3862
f 3860 3910 3906
f 3914 3910 3860
f 3863 3862 3861
f 3863 3864 3862
f 3864 3914 3862
f 3866 3864 3863
f 3866 3863 3865
f 3921 3864 3866
f 3864 3917 3914
f 3921 3917 3864
f 3868 3866 3865
f 3869 3867 3866
f 3866 3867 3922
f 3868 3869 3866
f 3922 3921 3866
f 3869 3870 3867
f 3870 3922 3867
f 3872 3870 3869
f 3872 3869 3871
f 3872 3925 3870
f 3870 3925 3922
f 3872 3871 3875
f 3875 3871 3874
f 3873 3872 3876
f 3873 3931 3872
f 3876 3872 3875
f 3930 3925 3872
f 3931 3930 3872
f 3931 3873 3876
f 3879 3876 3875
f 3879 3875 3878
f 3880 3877 3876
f 3936 3876 3877
f 3880 3876 3879
f 3931 3876 3935
f 3936 3935 3876
f 3881 3877 3880
f 3881 3936 3877
f 3881 3880 3883
f 3882 3881 3884
f 3882 3939 3881
f 3881 3883 3884
f 3881 3937 3936
f 3939 3937 3881
f 3882 3884 3885
f 4125 3882 3885
f 3882 3940 3939
f 4122 3940 3882
f 4122 3882 4125
f 4125 3885 3886
f 4106 3886 3887
f 4125 3886 4106
f 3893 3889 3890
f 3890 3889 3945
f 3893 3892 3889
f 3890 3945 3946
f 3895 3896 3894
f 3897 3896 3895
f 3895 3981 3897
f 3895 3983 3981
f 3897 3947 3896
f 3948 3947 3897
f 3897 3974 3948
f 3897 3981 3974
f 3899 3900 3898
f 4138 3898 3900
f 4134 3898 4138
f 3903 3900 3899
f 3902 3903 3899
f 3905 3901 3900
f 4151 3900 3901
f 3903 3904 3900
f 3904 3905 3900
f 4138 3900 4147
f 4147 3900 4151
f 4151 3901 3905
f 3908 3903 3902
f 3908 3902 3907
f 3909 3904 3903
f 3909 3903 3908
f 3953 3905 3904
f 3909 3953 3904
f 3953 3951 3905
f 4155 3905 3951
f 4151 3905 4155
f 3910 3907 3906
f 3911 3908 3907
f 3910 3911 3907
f 3912 3909 3908
f 3911 3912 3908
f 3912 3913 3909
f 3913 3954 3909
f 3952 3953 3909
f 3954 3952 3909
f 3915 3911 3910
f 3915 3910 3914
f 3916 3912 3911
f 3916 3911 3915
f 3912 3954 3913
f 3956 3912 3916
f 3956 3954 3912
f 3917 3915 3914
f 3918 3916 3915
f 3917 3918 3915
f 3918 3919 3916
f 3919 3956 3916
f 3917 3922 3918
f 3922 3917 3921
f 3922 3919 3918
f 3923 3920 3919
f 3919 3920 3958
f 3922 3923 3919
f 3919 3958 3956
f 3923 3924 3920
f 3924 3958 3920
f 3922 3926 3923
f 3925 3926 3922
f 3926 3924 3923
f 3926 3927 3924
f 3927 3960 3924
f 3924 3960 3958
f 3931 3926 3925
f 3931 3925 3930
f 3931 3927 3926
f 3932 3928 3927
f 3927 3928 3962
f 3931 3932 3927
f 3927 3961 3960
f 3927 3962 3961
f 3928 3934 3929
f 3928 3929 3962
f 3932 3933 3928
f 3933 3934 3928
f 3934 3964 3929
f 3962 3929 3963
f 3929 3964 3963
f 3932 3931 3935
f 3933 3932 3936
f 3932 3935 3936
f 3934 3933 3937
f 3933 3936 3937
f 3934 3937 3938
f 4140 3934 3938
f 4174 3964 3934
f 4174 3934 4140
f 3940 3938 3937
f 3940 3937 3939
f 4144 3938 3940
f 4140 3938 4141
f 4141 3938 4144
f 4144 3940 4122
f 3946 3942 3943
f 3943 3942 3969
f 3946 3945 3942
f 3943 3969 3970
f 3948 3949 3947
f 3950 3949 3948
f 3948 3974 3950
f 3972 3949 3950
f 3972 3971 3949
f 3950 3974 3972
f 4155 3951 3953
f 3954 3953 3952
f 3954 3955 3953
f 4159 3953 3955
f 4155 3953 4159
f 3957 3955 3954
f 3957 3954 3956
f 4162 3955 3957
f 4159 3955 4162
f 3958 3957 3956
f 3958 3959 3957
f 4164 3957 3959
f 4162 3957 4164
f 3960 3959 3958
f 3960 3961 3959
f 4167 3959 3961
f 4164 3959 4167
f 3962 3963 3961
f 4168 3961 3963
f 4167 3961 4168
f 4171 3963 3964
f 4168 3963 4171
f 4171 3964 4174
f 3970 3966 3967
f 3967 3966 3978
f 3970 3969 3966
f 3967 3978 3979
f 3974 3971 3972
f 3974 3973 3971
f 3981 3973 3974
f 3981 3980 3973
f 3979 3975 3976
f 3976 3975 3985
f 3979 3978 3975
f 3976 3985 3986
f 3983 3980 3981
f 3983 3982 3980
f 3988 3982 3983
f 3988 3987 3982
f 3986 3985 3992
f 3986 3992 3993
f 3995 3987 3988
f 3995 3994 3987
f 3993 3989 3990
f 3990 3989 4000
f 3993 3992 3989
f 4000 3989 3999
f 3997 3994 3995
f 3997 3996 3994
f 4003 3996 3997
f 4003 4002 3996
f 4000 3999 4005
f 4000 4005 4006
f 4008 4002 4003
f 4008 4007 4002
f 4006 4005 4010
f 4006 4010 4011
f 4013 4007 4008
f 4013 4012 4007
f 4011 4010 4018
f 4011 4018 4019
f 4022 4012 4013
f 4022 4021 4012
f 4014 4015 4016
f 4014 4026 4015
f 4025 4026 4014
f 4015 4026 4016
f 4028 4017 4016
f 4016 4026 4027
f 4028 4016 4027
f 4020 4017 4028
f 4019 4018 4020
f 4020 4028 4029
f 4189 4020 4029
f 4020 4189 4195
f 4024 4021 4022
f 4024 4023 4021
f 4034 4023 4024
f 4034 4033 4023
f 4027 4026 4036
f 4035 4036 4026
f 4036 4028 4027
f 4029 4028 4037
f 4036 4037 4028
f 4029 4037 4038
f 4184 4029 4038
f 4189 4029 4184
f 4031 4030 4032
f 4040 4030 4031
f 4040 4039 4030
f 4031 4032 4034
f 4034 4032 4033
f 4041 4036 4035
f 4042 4037 4036
f 4041 4042 4036
f 4038 4037 4043
f 4042 4043 4037
f 4038 4043 4044
f 4158 4038 4044
f 4181 4038 4158
f 4184 4038 4181
f 4046 4039 4040
f 4046 4045 4039
f 4047 4042 4041
f 4042 4049 4043
f 4047 4048 4042
f 4042 4048 4049
f 4044 4043 4049
f 4044 4049 4050
f 4158 4044 4050
f 4052 4045 4046
f 4052 4051 4045
f 4053 4048 4047
f 4048 4055 4049
f 4053 4054 4048
f 4054 4055 4048
f 4050 4049 4055
f 4050 4055 4056
f 4154 4050 4056
f 4158 4050 4154
f 4062 4051 4052
f 4062 4061 4051
f 4057 4054 4053
f 4059 4055 4054
f 4057 4058 4054
f 4059 4054 4058
f 4056 4055 4059
f 4056 4059 4060
f 4150 4056 4060
f 4154 4056 4150
f 4064 4058 4057
f 4064 4057 4063
f 4065 4059 4058
f 4065 4058 4064
f 4060 4059 4065
f 4060 4065 4066
f 4150 4060 4066
f 4072 4061 4062
f 4069 4061 4072
f 4077 4064 4063
f 4078 4065 4064
f 4077 4078 4064
f 4066 4065 4079
f 4078 4079 4065
f 4066 4079 4080
f 4137 4066 4080
f 4150 4066 4137
f 4087 4067 4073
f 4069 4070 4068
f 4068 4070 4074
f 4068 4074 4073
f 4089 4070 4071
f 4070 4088 4074
f 4089 4088 4070
f 4072 4075 4071
f 4075 4089 4071
f 4072 4076 4075
f 4074 4096 4073
f 4099 4087 4073
f 4073 4096 4099
f 4074 4088 4085
f 4085 4097 4074
f 4107 4096 4074
f 4097 4110 4074
f 4074 4110 4107
f 4076 4108 4075
f 4075 4086 4089
f 4075 4098 4086
f 4075 4111 4098
f 4108 4111 4075
f 4195 4108 4076
f 4081 4078 4077
f 4082 4079 4078
f 4081 4082 4078
f 4080 4079 4083
f 4082 4083 4079
f 4080 4083 4084
f 4133 4080 4084
f 4137 4080 4133
f 4090 4082 4081
f 4091 4083 4082
f 4090 4091 4082
f 4084 4083 4092
f 4091 4092 4083
f 4084 4092 4093
f 4121 4084 4093
f 4133 4084 4121
f 4086 4085 4088
f 4098 4085 4086
f 4098 4097 4085
f 4086 4088 4089
f 4094 4091 4090
f 4101 4092 4091
f 4094 4095 4091
f 4101 4091 4095
f 4093 4092 4102
f 4101 4102 4092
f 4093 4102 4103
f 4117 4093 4103
f 4121 4093 4117
f 4100 4095 4094
f 4100 4101 4095
f 4107 4192 4096
f 4192 4109 4096
f 4111 4097 4098
f 4111 4110 4097
f 4104 4101 4100
f 4115 4102 4101
f 4104 4105 4101
f 4115 4101 4105
f 4103 4102 4112
f 4116 4112 4102
f 4115 4116 4102
f 4103 4112 4113
f 4117 4103 4113
f 4114 4105 4104
f 4114 4115 4105
f 4106 4109 4192
f 4125 4106 4192
f 4108 4107 4110
f 4108 4128 4107
f 4193 4107 4128
f 4193 4192 4107
f 4108 4110 4111
f 4129 4128 4108
f 4129 4108 4194
f 4194 4108 4195
f 4113 4112 4116
f 4113 4116 4117
f 4118 4115 4114
f 4119 4116 4115
f 4118 4119 4115
f 4117 4116 4120
f 4119 4120 4116
f 4117 4120 4121
f 4130 4119 4118
f 4131 4120 4119
f 4130 4131 4119
f 4121 4120 4132
f 4131 4132 4120
f 4121 4132 4133
f 4122 4125 4192
f 4192 4144 4122
f 4124 4123 4126
f 4146 4123 4124
f 4126 4123 4193
f 4146 4145 4123
f 4193 4123 4145
f 4124 4126 4127
f 4194 4124 4127
f 4194 4146 4124
f 4127 4126 4128
f 4128 4126 4193
f 4127 4128 4129
f 4194 4127 4129
f 4134 4131 4130
f 4135 4132 4131
f 4134 4135 4131
f 4133 4132 4136
f 4135 4136 4132
f 4133 4136 4137
f 4138 4135 4134
f 4148 4136 4135
f 4138 4139 4135
f 4139 4148 4135
f 4137 4136 4149
f 4148 4149 4136
f 4137 4149 4150
f 4138 4148 4139
f 4147 4148 4138
f 4192 4140 4141
f 4192 4174 4140
f 4192 4141 4144
f 4143 4142 4145
f 4178 4142 4143
f 4145 4142 4193
f 4178 4177 4142
f 4193 4142 4177
f 4143 4145 4146
f 4194 4143 4146
f 4194 4178 4143
f 4151 4148 4147
f 4152 4149 4148
f 4151 4152 4148
f 4150 4149 4153
f 4152 4153 4149
f 4150 4153 4154
f 4155 4152 4151
f 4156 4153 4152
f 4155 4156 4152
f 4154 4153 4157
f 4156 4157 4153
f 4154 4157 4158
f 4155 4160 4156
f 4155 4159 4160
f 4156 4161 4157
f 4156 4160 4161
f 4158 4157 4180
f 4161 4180 4157
f 4158 4180 4181
f 4160 4159 4163
f 4159 4162 4163
f 4160 4180 4161
f 4160 4163 4182
f 4160 4179 4180
f 4160 4182 4179
f 4163 4162 4182
f 4164 4165 4162
f 4162 4165 4185
f 4182 4162 4185
f 4166 4165 4164
f 4192 4166 4164
f 4164 4167 4192
f 4165 4166 4185
f 4192 4185 4166
f 4192 4167 4168
f 4192 4168 4171
f 4170 4169 4172
f 4191 4169 4170
f 4172 4169 4193
f 4191 4190 4169
f 4193 4169 4190
f 4170 4172 4173
f 4194 4170 4173
f 4191 4170 4194
f 4171 4174 4192
f 4173 4172 4175
f 4193 4175 4172
f 4173 4175 4176
f 4194 4173 4176
f 4176 4175 4177
f 4193 4177 4175
f 4176 4177 4178
f 4176 4178 4194
f 4179 4183 4180
f 4179 4182 4183
f 4181 4180 4183
f 4181 4183 4184
f 4185 4183 4182
f 4184 4183 4186
f 4185 4186 4183
f 4184 4186 4189
f 4192 4186 4185
f 4186 4187 4189
f 4187 4186 4193
f 4193 4186 4192
f 4189 4187 4188
f 4188 4187 4190
f 4193 4190 4187
f 4195 4189 4188
f 4188 4190 4191
f 4194 4188 4191
f 4195 4188 4194
f 4196 4280 4197
f 4196 4197 4350
f 4205 4279 4196
f 4350 4205 4196
f 4196 4279 4280
f 4197 4281 4198
f 4350 4197 4198
f 4197 4280 4281
f 4198 4231 4199
f 4350 4198 4199
f 4198 4281 4231
f 4199 4232 4200
f 4199 4200 4350
f 4199 4231 4232
f 4200 4233 4201
f 4350 4200 4201
f 4200 4232 4233
f 4201 4227 4202
f 4350 4201 4202
f 4201 4233 4227
f 4202 4228 4203
f 4202 4203 4350
f 4202 4227 4228
f 4203 4229 4204
f 4350 4203 4204
f 4203 4228 4229
f 4204 4229 4230
f 4230 4497 4204
f 4347 4350 4204
f 4402 4347 4204
f 4204 4400 4401
f 4204 4453 4400
f 4204 4401 4402
f 4452 4453 4204
f 4498 4452 4204
f 4204 4497 4498
f 4209 4278 4205
f 4350 4209 4205
f 4205 4278 4279
f 4206 4341 4207
f 4350 4206 4207
f 4291 4210 4206
f 4210 4340 4206
f 4291 4206 4350
f 4206 4340 4341
f 4207 4282 4208
f 4350 4207 4208
f 4207 4341 4282
f 4208 4277 4209
f 4208 4209 4350
f 4208 4282 4277
f 4209 4277 4278
f 4213 4210 4291
f 4213 4339 4210
f 4210 4339 4340
f 4291 4211 4212
f 4211 4396 4212
f 4214 4211 4291
f 4214 4395 4211
f 4211 4395 4396
f 4291 4212 4213
f 4212 4342 4213
f 4212 4396 4342
f 4213 4342 4339
f 4291 4216 4214
f 4216 4394 4214
f 4214 4394 4395
f 4291 4215 4216
f 4215 4447 4216
f 4217 4215 4291
f 4217 4446 4215
f 4215 4446 4447
f 4216 4447 4394
f 4217 4291 4219
f 4219 4445 4217
f 4217 4445 4446
f 4219 4290 4218
f 4218 4493 4219
f 4290 4220 4218
f 4220 4492 4218
f 4218 4492 4493
f 4219 4291 4290
f 4219 4493 4445
f 4290 4222 4220
f 4222 4494 4220
f 4220 4494 4492
f 4221 4222 4290
f 4221 4580 4222
f 4221 4290 4224
f 4224 4579 4221
f 4221 4579 4580
f 4222 4580 4494
f 4224 4293 4223
f 4223 4647 4224
f 4223 4348 4226
f 4226 4646 4223
f 4223 4293 4349
f 4223 4349 4348
f 4223 4646 4647
f 4287 4286 4224
f 4286 4293 4224
f 4224 4288 4287
f 4224 4289 4288
f 4224 4290 4289
f 4224 4647 4579
f 4226 4351 4225
f 4225 4709 4226
f 4237 4344 4225
f 4225 4405 4237
f 4344 4343 4225
f 4343 4398 4225
f 4225 4351 4405
f 4225 4398 4397
f 4225 4397 4449
f 4225 4449 4709
f 4348 4352 4226
f 4226 4352 4351
f 4226 4709 4646
f 4821 4228 4227
f 4227 4233 4821
f 4821 4229 4228
f 4230 4229 4821
f 4585 4497 4230
f 4230 4584 4585
f 4653 4584 4230
f 4230 4652 4653
f 4230 4711 4652
f 4230 4767 4711
f 4230 4821 4767
f 4821 4232 4231
f 4231 4281 4821
f 4821 4233 4232
f 4237 4236 4234
f 4236 4346 4234
f 4237 4234 4284
f 4234 4346 4284
f 4235 4236 4237
f 4235 4346 4236
f 4237 4406 4235
f 4235 4403 4346
f 4501 4403 4235
f 4235 4406 4456
f 4235 4456 4455
f 4235 4455 4457
f 4235 4457 4503
f 4235 4601 4501
f 4235 4503 4502
f 4235 4502 4506
f 4235 4506 4601
f 4237 4285 4283
f 4237 4283 4345
f 4284 4285 4237
f 4237 4345 4344
f 4405 4404 4237
f 4404 4406 4237
f 4238 4239 4244
f 4295 4239 4238
f 4238 4244 4243
f 4295 4238 4243
f 4239 4240 4245
f 4296 4240 4239
f 4239 4245 4244
f 4295 4296 4239
f 4240 4241 4245
f 4297 4241 4240
f 4290 4297 4240
f 4296 4297 4240
f 4245 4241 4246
f 4241 4513 4246
f 4297 4291 4241
f 4291 4298 4241
f 4298 4508 4241
f 4241 4508 4513
f 4242 4243 4247
f 4301 4243 4242
f 4301 4242 4247
f 4243 4244 4248
f 4247 4243 4248
f 4302 4295 4243
f 4301 4302 4243
f 4244 4245 4250
f 4248 4244 4249
f 4244 4250 4249
f 4245 4246 4251
f 4245 4251 4250
f 4246 4520 4251
f 4246 4513 4520
f 4247 4248 4253
f 4247 4253 4252
f 4305 4247 4252
f 4301 4247 4305
f 4248 4249 4254
f 4248 4254 4253
f 4250 4254 4249
f 4251 4255 4250
f 4250 4255 4254
f 4255 4251 4256
f 4251 4527 4256
f 4251 4520 4527
f 4252 4253 4258
f 4252 4258 4257
f 4257 4308 4252
f 4305 4252 4308
f 4254 4258 4253
f 4259 4254 4255
f 4254 4259 4258
f 4260 4255 4256
f 4259 4255 4260
f 4260 4256 4261
f 4256 4533 4261
f 4256 4527 4533
f 4258 4262 4257
f 4257 4262 4314
f 4257 4311 4308
f 4257 4314 4311
f 4263 4258 4259
f 4262 4258 4263
f 4260 4264 4259
f 4263 4259 4264
f 4261 4265 4260
f 4260 4265 4264
f 4265 4261 4266
f 4261 4539 4266
f 4261 4533 4539
f 4263 4317 4262
f 4262 4317 4314
f 4264 4267 4263
f 4263 4267 4317
f 4268 4264 4265
f 4264 4268 4267
f 4266 4269 4265
f 4268 4265 4269
f 4266 4270 4269
f 4266 4546 4270
f 4266 4539 4546
f 4268 4271 4267
f 4267 4271 4322
f 4317 4267 4318
f 4267 4322 4318
f 4272 4268 4269
f 4268 4272 4271
f 4270 4273 4269
f 4272 4269 4273
f 4270 4274 4273
f 4270 4553 4274
f 4270 4546 4553
f 4322 4271 4272
f 4323 4272 4273
f 4272 4323 4322
f 4274 4275 4273
f 4273 4275 4329
f 4323 4273 4324
f 4273 4324 4329
f 4274 4276 4275
f 4274 4276 4330
f 4274 4559 4276
f 4274 4553 4559
f 4276 4329 4275
f 4276 4330 4329
f 4276 4559 4330
f 4821 4278 4277
f 4821 4277 4282
f 4279 4278 4821
f 4821 4280 4279
f 4821 4281 4280
f 4762 4282 4341
f 4821 4282 4762
f 4285 4346 4283
f 4399 4345 4283
f 4399 4283 4346
f 4284 4346 4285
f 4293 4286 4287
f 4287 4288 4294
f 4287 4294 4293
f 4288 4289 4295
f 4294 4288 4295
f 4289 4290 4297
f 4295 4289 4296
f 4289 4297 4296
f 4290 4291 4297
f 4291 4508 4298
f 4350 4508 4291
f 4292 4293 4299
f 4349 4293 4292
f 4349 4292 4299
f 4293 4294 4300
f 4299 4293 4300
f 4294 4295 4302
f 4300 4294 4301
f 4294 4302 4301
f 4299 4300 4303
f 4356 4299 4303
f 4353 4349 4299
f 4353 4299 4356
f 4300 4301 4305
f 4303 4300 4304
f 4300 4305 4304
f 4303 4304 4306
f 4356 4303 4306
f 4304 4305 4307
f 4306 4304 4307
f 4307 4305 4308
f 4306 4307 4309
f 4362 4306 4309
f 4356 4306 4359
f 4359 4306 4362
f 4308 4310 4307
f 4309 4307 4310
f 4308 4311 4310
f 4313 4309 4310
f 4313 4312 4309
f 4365 4309 4312
f 4365 4362 4309
f 4313 4310 4311
f 4313 4311 4314
f 4313 4315 4312
f 4312 4315 4368
f 4312 4368 4365
f 4316 4313 4314
f 4313 4316 4315
f 4316 4314 4317
f 4319 4315 4316
f 4370 4315 4319
f 4370 4368 4315
f 4320 4316 4317
f 4319 4316 4320
f 4318 4321 4317
f 4320 4317 4321
f 4318 4322 4321
f 4320 4370 4319
f 4325 4320 4321
f 4374 4320 4325
f 4370 4320 4371
f 4374 4371 4320
f 4326 4321 4322
f 4325 4321 4326
f 4323 4327 4322
f 4326 4322 4327
f 4324 4328 4323
f 4323 4328 4327
f 4324 4329 4328
f 4326 4374 4325
f 4327 4331 4326
f 4326 4331 4378
f 4326 4375 4374
f 4326 4378 4375
f 4328 4332 4327
f 4327 4332 4331
f 4329 4333 4328
f 4328 4333 4332
f 4330 4334 4329
f 4329 4334 4333
f 4330 4335 4334
f 4330 4566 4335
f 4330 4559 4566
f 4332 4331 4378
f 4333 4382 4332
f 4332 4379 4378
f 4332 4382 4379
f 4334 4336 4333
f 4333 4336 4382
f 4335 4337 4334
f 4334 4337 4336
f 4335 4338 4337
f 4335 4636 4338
f 4335 4566 4636
f 4337 4383 4336
f 4382 4336 4383
f 4384 4337 4338
f 4337 4384 4383
f 4384 4338 4385
f 4338 4644 4385
f 4338 4636 4644
f 4340 4339 4762
f 4762 4339 4342
f 4762 4341 4340
f 4762 4342 4396
f 4451 4343 4344
f 4451 4398 4343
f 4399 4344 4345
f 4399 4451 4344
f 4399 4346 4454
f 4454 4346 4403
f 4347 4595 4350
f 4402 4591 4347
f 4347 4591 4595
f 4348 4349 4352
f 4352 4349 4353
f 4350 4504 4508
f 4350 4595 4504
f 4351 4352 4354
f 4407 4351 4354
f 4405 4351 4407
f 4352 4353 4356
f 4354 4352 4355
f 4352 4356 4355
f 4354 4355 4358
f 4354 4358 4357
f 4409 4354 4357
f 4407 4354 4409
f 4355 4356 4359
f 4355 4359 4358
f 4357 4358 4361
f 4357 4361 4360
f 4411 4357 4360
f 4409 4357 4411
f 4358 4359 4361
f 4361 4359 4362
f 4361 4364 4360
f 4360 4364 4363
f 4411 4360 4363
f 4364 4361 4362
f 4364 4362 4365
f 4366 4363 4364
f 4415 4363 4366
f 4411 4363 4413
f 4415 4413 4363
f 4365 4367 4364
f 4366 4364 4367
f 4365 4368 4367
f 4415 4366 4367
f 4368 4369 4367
f 4367 4369 4418
f 4415 4367 4416
f 4367 4418 4416
f 4368 4370 4369
f 4372 4369 4370
f 4420 4369 4372
f 4420 4418 4369
f 4373 4370 4371
f 4372 4370 4373
f 4373 4371 4374
f 4420 4372 4373
f 4374 4376 4373
f 4373 4376 4424
f 4373 4421 4420
f 4373 4424 4421
f 4375 4377 4374
f 4374 4377 4376
f 4375 4378 4377
f 4377 4424 4376
f 4380 4377 4378
f 4428 4377 4380
f 4424 4377 4425
f 4428 4425 4377
f 4379 4381 4378
f 4380 4378 4381
f 4379 4382 4381
f 4381 4428 4380
f 4381 4382 4387
f 4386 4381 4387
f 4432 4381 4386
f 4428 4381 4429
f 4429 4381 4432
f 4387 4382 4383
f 4384 4388 4383
f 4387 4383 4388
f 4385 4389 4384
f 4384 4389 4388
f 4385 4390 4389
f 4385 4644 4390
f 4432 4386 4387
f 4433 4387 4388
f 4432 4387 4433
f 4391 4388 4389
f 4438 4388 4391
f 4433 4388 4434
f 4434 4388 4438
f 4392 4389 4390
f 4391 4389 4392
f 4392 4390 4393
f 4390 4705 4393
f 4390 4644 4698
f 4390 4698 4705
f 4392 4438 4391
f 4393 4439 4392
f 4392 4439 4438
f 4393 4440 4439
f 4393 4705 4440
f 4762 4395 4394
f 4762 4394 4447
f 4396 4395 4762
f 4450 4397 4398
f 4496 4449 4397
f 4496 4397 4450
f 4450 4398 4451
f 4499 4451 4399
f 4499 4399 4454
f 4400 4661 4401
f 4453 4661 4400
f 4401 4591 4402
f 4401 4589 4591
f 4401 4661 4589
f 4454 4403 4588
f 4501 4500 4403
f 4588 4403 4500
f 4404 4405 4407
f 4406 4404 4407
f 4406 4407 4408
f 4458 4406 4408
f 4456 4406 4458
f 4408 4407 4409
f 4408 4409 4410
f 4460 4408 4410
f 4458 4408 4460
f 4410 4409 4411
f 4410 4411 4412
f 4460 4410 4412
f 4412 4411 4413
f 4414 4412 4413
f 4464 4412 4414
f 4460 4412 4462
f 4464 4462 4412
f 4414 4413 4415
f 4464 4414 4415
f 4416 4417 4415
f 4465 4415 4417
f 4465 4464 4415
f 4416 4418 4417
f 4419 4417 4418
f 4466 4417 4419
f 4417 4466 4465
f 4419 4418 4420
f 4420 4422 4419
f 4419 4422 4470
f 4419 4468 4466
f 4419 4470 4468
f 4423 4420 4421
f 4420 4423 4422
f 4423 4421 4424
f 4423 4470 4422
f 4424 4426 4423
f 4471 4423 4426
f 4470 4423 4471
f 4427 4424 4425
f 4424 4427 4426
f 4427 4425 4428
f 4473 4426 4427
f 4473 4471 4426
f 4430 4427 4428
f 4430 4476 4427
f 4427 4474 4473
f 4427 4476 4474
f 4429 4431 4428
f 4430 4428 4431
f 4429 4432 4431
f 4431 4476 4430
f 4435 4431 4432
f 4431 4435 4479
f 4431 4477 4476
f 4431 4479 4477
f 4433 4436 4432
f 4435 4432 4436
f 4434 4437 4433
f 4433 4437 4436
f 4434 4438 4437
f 4479 4435 4436
f 4437 4480 4436
f 4479 4436 4480
f 4441 4437 4438
f 4484 4437 4441
f 4437 4481 4480
f 4481 4437 4484
f 4439 4442 4438
f 4441 4438 4442
f 4440 4443 4439
f 4439 4443 4442
f 4440 4444 4443
f 4440 4757 4444
f 4440 4705 4707
f 4440 4707 4757
f 4484 4441 4442
f 4443 4485 4442
f 4484 4442 4485
f 4444 4486 4443
f 4443 4486 4485
f 4444 4487 4486
f 4444 4758 4487
f 4444 4757 4758
f 4445 4762 4446
f 4761 4445 4493
f 4762 4445 4761
f 4447 4446 4762
f 4582 4448 4449
f 4709 4449 4448
f 4582 4495 4448
f 4709 4448 4495
f 4583 4449 4496
f 4582 4449 4583
f 4587 4450 4451
f 4586 4496 4450
f 4586 4450 4587
f 4499 4587 4451
f 4452 4657 4453
f 4498 4715 4452
f 4452 4720 4657
f 4452 4715 4720
f 4453 4657 4661
f 4454 4656 4499
f 4454 4588 4656
f 4455 4456 4457
f 4457 4456 4458
f 4457 4458 4459
f 4507 4457 4459
f 4503 4457 4507
f 4459 4458 4460
f 4459 4460 4461
f 4512 4459 4461
f 4507 4459 4512
f 4461 4460 4462
f 4461 4462 4463
f 4512 4461 4463
f 4463 4462 4464
f 4518 4463 4464
f 4512 4463 4518
f 4526 4464 4465
f 4518 4464 4519
f 4526 4519 4464
f 4466 4467 4465
f 4465 4467 4532
f 4465 4532 4526
f 4466 4468 4467
f 4467 4468 4470
f 4470 4469 4467
f 4467 4469 4537
f 4467 4537 4532
f 4470 4537 4469
f 4471 4472 4470
f 4538 4470 4472
f 4470 4538 4537
f 4471 4473 4472
f 4473 4544 4472
f 4472 4544 4538
f 4473 4474 4476
f 4475 4473 4476
f 4551 4473 4475
f 4473 4545 4544
f 4551 4545 4473
f 4551 4475 4476
f 4476 4477 4479
f 4478 4476 4479
f 4552 4476 4478
f 4551 4476 4552
f 4557 4478 4479
f 4557 4552 4478
f 4479 4480 4483
f 4482 4479 4483
f 4563 4479 4482
f 4557 4479 4558
f 4558 4479 4563
f 4480 4481 4484
f 4484 4483 4480
f 4483 4563 4482
f 4564 4483 4484
f 4483 4564 4563
f 4485 4489 4484
f 4488 4484 4489
f 4488 4571 4484
f 4484 4565 4564
f 4484 4571 4565
f 4486 4489 4485
f 4487 4490 4486
f 4486 4490 4489
f 4487 4491 4490
f 4487 4808 4491
f 4487 4758 4808
f 4571 4488 4489
f 4572 4489 4490
f 4571 4489 4572
f 4573 4490 4491
f 4572 4490 4573
f 4573 4491 4574
f 4491 4809 4574
f 4491 4808 4809
f 4761 4493 4492
f 4492 4494 4761
f 4761 4494 4580
f 4651 4581 4495
f 4495 4581 4709
f 4651 4495 4582
f 4583 4496 4654
f 4654 4496 4586
f 4497 4715 4498
f 4585 4770 4497
f 4497 4775 4715
f 4497 4770 4775
f 4655 4587 4499
f 4499 4656 4655
f 4588 4500 4501
f 4588 4501 4656
f 4501 4835 4600
f 5018 4501 4600
f 4601 4607 4501
f 4501 4607 4671
f 4656 4501 5019
f 4501 4671 4672
f 4501 4672 4728
f 4501 4728 4730
f 4501 4730 4782
f 4782 4835 4501
f 5019 4501 5018
f 4506 4502 4503
f 4506 4503 4507
f 4508 4504 4505
f 4505 4504 4596
f 4504 4595 4596
f 4509 4508 4505
f 4509 4505 4602
f 4505 4596 4602
f 4607 4506 4507
f 4601 4506 4607
f 4607 4507 4512
f 4513 4508 4509
f 4514 4509 4510
f 4509 4603 4510
f 4514 4513 4509
f 4509 4602 4603
f 4510 4511 4516
f 4510 4604 4511
f 4514 4510 4515
f 4510 4516 4515
f 4603 4604 4510
f 4604 4516 4511
f 4612 4512 4518
f 4607 4512 4608
f 4608 4512 4612
f 4520 4513 4514
f 4521 4514 4515
f 4521 4520 4514
f 4515 4516 4523
f 4521 4515 4522
f 4515 4523 4522
f 4524 4516 4517
f 4517 4516 4610
f 4524 4523 4516
f 4604 4609 4516
f 4609 4610 4516
f 4517 5852 4524
f 4610 5852 4517
f 4525 4518 4519
f 4518 4525 4614
f 4518 4614 4612
f 4525 4519 4526
f 4520 4521 4528
f 4520 4528 4527
f 4521 4522 4529
f 4521 4529 4528
f 4522 4523 4530
f 4522 4530 4529
f 4524 5852 4523
f 4523 5853 4530
f 4523 5852 5854
f 4523 5854 5853
f 4531 4525 4526
f 4531 4615 4525
f 4525 4615 4614
f 4531 4526 4532
f 4527 4528 4534
f 4527 4534 4533
f 4528 4529 4535
f 4528 4535 4534
f 4529 4530 4536
f 4529 4536 4535
f 4530 5833 4536
f 4530 5855 5833
f 4530 5853 5855
f 4532 4615 4531
f 4618 4532 4537
f 4615 4532 4616
f 4618 4616 4532
f 4533 4534 4540
f 4533 4540 4539
f 4534 4535 4541
f 4534 4541 4540
f 4535 4536 4541
f 4541 4536 4542
f 4536 5834 4542
f 4536 5833 5835
f 4536 5835 5834
f 4537 4538 4544
f 4544 4543 4537
f 4543 4620 4537
f 4537 4620 4618
f 4539 4540 4547
f 4539 4547 4546
f 4540 4541 4548
f 4540 4548 4547
f 4549 4541 4542
f 4549 4548 4541
f 4542 5837 4549
f 4542 5834 5837
f 4620 4543 4544
f 4545 4550 4544
f 4621 4544 4550
f 4620 4544 4621
f 4545 4551 4550
f 4546 4547 4554
f 4546 4554 4553
f 4547 4548 4555
f 4547 4555 4554
f 4549 5837 4548
f 4548 5838 4555
f 4548 5837 5836
f 4548 5836 5838
f 4551 4623 4550
f 4623 4621 4550
f 4556 4551 4552
f 4551 4556 4623
f 4556 4552 4557
f 4554 4559 4553
f 4555 4560 4554
f 4554 4560 4559
f 4555 4561 4560
f 4555 5840 4561
f 4555 5838 5840
f 4556 4557 4627
f 4556 4624 4623
f 4556 4625 4624
f 4556 4627 4625
f 4558 4562 4557
f 4557 4562 4627
f 4558 4563 4562
f 4559 4560 4567
f 4559 4567 4566
f 4560 4561 4567
f 4567 4561 4568
f 4561 5856 4568
f 4561 5840 5839
f 4561 5839 5856
f 4627 4562 4563
f 4564 4569 4563
f 4569 4633 4563
f 4627 4563 4628
f 4563 4633 4628
f 4570 4564 4565
f 4564 4570 4569
f 4570 4565 4571
f 4567 4629 4566
f 4566 4629 4636
f 4568 4631 4567
f 4567 4630 4629
f 4567 4631 4630
f 4568 5856 4631
f 4570 4633 4569
f 4634 4570 4571
f 4570 4634 4633
f 4575 4571 4572
f 4640 4571 4575
f 4634 4571 4635
f 4640 4635 4571
f 4573 4576 4572
f 4575 4572 4576
f 4577 4573 4574
f 4573 4577 4576
f 4574 4578 4577
f 4574 4860 4578
f 4574 4809 4860
f 4640 4575 4576
f 4641 4576 4577
f 4640 4576 4641
f 4642 4577 4578
f 4641 4577 4642
f 4643 4642 4578
f 4578 4860 4643
f 4761 4580 4579
f 4579 4647 4761
f 4651 4650 4581
f 4708 4581 4650
f 4709 4581 4708
f 4582 4583 4712
f 4651 4582 4768
f 4768 4582 4712
f 4712 4583 4654
f 4584 4770 4585
f 4653 4824 4584
f 4584 4828 4770
f 4584 4824 4828
f 4587 4714 4586
f 4654 4586 4713
f 4713 4586 4714
f 4655 4714 4587
f 4591 4589 4590
f 4590 4589 4662
f 4589 4661 4662
f 4592 4591 4590
f 4590 4662 4592
f 4595 4591 4592
f 4596 4592 4593
f 4592 4663 4593
f 4596 4595 4592
f 4592 4662 4663
f 4593 4594 4598
f 4667 4594 4593
f 4596 4593 4597
f 4593 4598 4597
f 4663 4666 4593
f 4666 4667 4593
f 4594 4599 4598
f 4594 4668 4599
f 4667 4668 4594
f 4602 4596 4597
f 4597 4598 4604
f 4602 4597 4603
f 4597 4604 4603
f 4598 4599 4605
f 4598 4605 4604
f 4599 5866 4605
f 4669 4599 4668
f 4669 5866 4599
f 4600 4887 4606
f 5072 4600 4606
f 4600 4835 4887
f 5018 4600 5072
f 4604 4605 4609
f 4609 4605 4610
f 4605 5851 4610
f 4605 5868 5851
f 4605 5866 5869
f 4605 5869 5868
f 4606 4889 4670
f 5123 4606 4670
f 4887 4889 4606
f 5072 4606 5123
f 4607 4608 4611
f 4672 4607 4611
f 4671 4607 4672
f 4611 4608 4612
f 4610 5851 5852
f 4612 4613 4611
f 4611 4613 4673
f 4611 4673 4672
f 4612 4614 4613
f 4673 4613 4614
f 4674 4614 4615
f 4614 4674 4673
f 4617 4615 4616
f 4678 4615 4617
f 4674 4615 4676
f 4676 4615 4678
f 4617 4616 4618
f 4617 4618 4620
f 4620 4619 4617
f 4619 4679 4617
f 4617 4679 4678
f 4620 4679 4619
f 4620 4621 4623
f 4623 4622 4620
f 4620 4622 4680
f 4620 4680 4679
f 4623 4682 4622
f 4682 4680 4622
f 4683 4623 4624
f 4682 4623 4683
f 4625 4685 4624
f 4683 4624 4685
f 4627 4626 4625
f 4626 4687 4625
f 4625 4687 4685
f 4627 4687 4626
f 4627 4628 4633
f 4632 4627 4633
f 4627 4632 4690
f 4627 4688 4687
f 4627 4690 4688
f 4629 4630 4637
f 4629 4637 4636
f 4631 5856 4630
f 4630 5856 4637
f 4690 4632 4633
f 4638 4633 4634
f 4693 4633 4638
f 4690 4633 4691
f 4691 4633 4693
f 4635 4640 4634
f 4638 4634 4639
f 4639 4634 4640
f 4636 4637 4645
f 4636 4645 4644
f 4637 5857 4645
f 4637 5856 5857
f 4693 4638 4639
f 4640 4694 4639
f 4693 4639 4694
f 4640 4641 4696
f 4640 4695 4694
f 4696 4695 4640
f 4696 4641 4642
f 4642 4643 4697
f 4696 4642 4697
f 4697 4642 4703
f 4697 4643 4704
f 4643 4910 4704
f 4643 4860 4861
f 4643 4861 4910
f 4644 4645 4698
f 4645 4699 4698
f 4645 5858 4699
f 4645 5857 5859
f 4645 5859 5858
f 4761 4647 4646
f 4761 4646 4709
f 4649 4648 4708
f 4766 4648 4649
f 4708 4648 4710
f 4710 4648 4875
f 4822 4648 4766
f 4875 4648 4822
f 4650 4649 4708
f 4766 4649 4650
f 4651 4766 4650
f 4822 4766 4651
f 4768 4822 4651
f 4652 4824 4653
f 4711 4879 4652
f 4652 4879 4824
f 4712 4654 4769
f 4769 4654 4713
f 4656 5019 4655
f 5019 4714 4655
f 4661 4657 4658
f 4658 4657 4721
f 4657 4720 4721
f 4658 4659 4663
f 4658 4722 4659
f 4662 4661 4658
f 4662 4658 4663
f 4658 4721 4722
f 4659 4660 4664
f 4659 4723 4660
f 4659 4664 4663
f 4722 4723 4659
f 4660 4725 4664
f 4723 4725 4660
f 4663 4664 4667
f 4663 4667 4666
f 4664 4665 4668
f 4725 4665 4664
f 4664 4668 4667
f 4665 5880 4668
f 4725 4726 4665
f 4726 5881 4665
f 4665 5881 5880
f 4668 5865 4669
f 4668 5882 5865
f 4668 5880 5882
f 4669 5865 5866
f 4670 4934 4727
f 5122 4670 4727
f 4670 4889 4934
f 5123 4670 5122
f 4672 4673 4728
f 4674 4676 4673
f 4676 4675 4673
f 4730 4673 4675
f 4730 4728 4673
f 4675 4676 4678
f 4677 4675 4678
f 4731 4675 4677
f 4675 4731 4730
f 4678 4732 4677
f 4677 4732 4731
f 4679 4733 4678
f 4678 4733 4732
f 4679 4680 4682
f 4681 4679 4682
f 4736 4679 4681
f 4735 4733 4679
f 4735 4679 4736
f 4682 4736 4681
f 4683 4685 4682
f 4684 4682 4685
f 4682 4684 4737
f 4736 4682 4737
f 4685 4739 4684
f 4737 4684 4739
f 4687 4686 4685
f 4685 4686 4740
f 4685 4740 4739
f 4687 4742 4686
f 4740 4686 4742
f 4687 4688 4689
f 4745 4687 4689
f 4687 4743 4742
f 4743 4687 4745
f 4689 4688 4690
f 4690 4745 4689
f 4691 4693 4690
f 4693 4692 4690
f 4692 4748 4690
f 4690 4746 4745
f 4690 4748 4746
f 4693 4748 4692
f 4749 4693 4694
f 4693 4749 4748
f 4695 4700 4694
f 4700 4752 4694
f 4749 4694 4750
f 4750 4694 4752
f 4701 4695 4696
f 4695 4701 4700
f 4697 4702 4696
f 4701 4696 4702
f 4697 4703 4702
f 4697 4704 4703
f 4698 4699 4706
f 4698 4706 4705
f 4699 5871 4706
f 4699 5858 5871
f 4701 4752 4700
f 4702 4753 4701
f 4701 4753 4752
f 4703 4754 4702
f 4702 4754 4753
f 4704 4955 4703
f 4703 4755 4754
f 4703 4956 4755
f 4703 4955 4956
f 4704 4910 4955
f 4706 5872 4705
f 4705 5872 4707
f 4706 5871 5872
f 4707 5874 4757
f 4707 5872 5874
f 4709 4708 4761
f 4710 4759 4708
f 4761 4708 4759
f 4759 4710 5019
f 5019 4710 4875
f 4767 4926 4711
f 4711 4876 4879
f 4711 4926 4876
f 4768 4712 4823
f 4823 4712 4769
f 5019 4713 4714
f 4769 4713 5019
f 4720 4715 4716
f 4716 4715 4775
f 4716 4717 4722
f 4776 4717 4716
f 4721 4720 4716
f 4716 4722 4721
f 4716 4775 4776
f 4717 4718 4723
f 4777 4718 4717
f 4717 4723 4722
f 4776 4777 4717
f 4718 4719 4724
f 4778 4719 4718
f 4718 4724 4723
f 4777 4778 4718
f 4779 4724 4719
f 4778 4779 4719
f 4723 4724 4726
f 4723 4726 4725
f 4724 5901 4726
f 4779 4780 4724
f 4780 5901 4724
f 4726 5902 5881
f 4726 5901 5902
f 5169 4727 4729
f 4727 5268 4729
f 4727 4934 5268
f 5122 4727 5169
f 5212 4729 4781
f 4729 5267 4781
f 5169 4729 5212
f 4729 5268 5267
f 4730 4731 4783
f 4730 4783 4782
f 4731 4732 4785
f 4731 4785 4783
f 4733 4735 4732
f 4735 4734 4732
f 4732 4734 4786
f 4785 4732 4786
f 4735 4787 4734
f 4786 4734 4787
f 4788 4735 4736
f 4735 4788 4787
f 4737 4739 4736
f 4738 4736 4739
f 4738 4791 4736
f 4736 4790 4788
f 4736 4791 4790
f 4739 4791 4738
f 4740 4742 4739
f 4739 4742 4741
f 4741 4792 4739
f 4791 4739 4792
f 4742 4793 4741
f 4741 4793 4792
f 4742 4743 4745
f 4744 4742 4745
f 4794 4742 4744
f 4742 4794 4793
f 4795 4744 4745
f 4794 4744 4795
f 4746 4748 4745
f 4748 4747 4745
f 4797 4745 4747
f 4795 4745 4796
f 4796 4745 4797
f 4797 4747 4748
f 4798 4748 4749
f 4797 4748 4798
f 4749 4750 4752
f 4751 4749 4752
f 4801 4749 4751
f 4798 4749 4799
f 4799 4749 4801
f 4801 4751 4752
f 4802 4752 4753
f 4801 4752 4802
f 4754 4803 4753
f 4802 4753 4803
f 4755 4804 4754
f 4754 4804 4803
f 4755 4756 4807
f 4755 5001 4756
f 4755 4807 4804
f 4755 4956 5002
f 4755 5002 5001
f 4756 5001 4807
f 4757 5886 4758
f 4757 5874 5887
f 5887 5886 4757
f 4758 5889 4808
f 4758 5886 5889
f 4759 4760 4761
f 4759 4765 4760
f 4759 4763 4764
f 4817 4763 4759
f 4764 4765 4759
f 4815 4816 4759
f 4820 4815 4759
f 4759 4816 4817
f 4819 4820 4759
f 4759 4872 4819
f 4871 4872 4759
f 4874 4871 4759
f 4923 4874 4759
f 4759 4922 4923
f 4925 4922 4759
f 4759 4970 4925
f 4972 4970 4759
f 5021 4972 4759
f 5019 5124 4759
f 4759 5020 5021
f 5026 5020 4759
f 4759 5073 5026
f 4759 5075 5073
f 4759 5124 5075
f 4761 4760 4812
f 4760 4765 4764
f 4760 4764 4811
f 4811 4812 4760
f 4761 4814 4762
f 4813 4761 4812
f 4761 4813 4814
f 4814 5022 4762
f 4762 5022 4821
f 4817 4764 4763
f 4811 4764 4818
f 4818 4764 4817
f 4821 4973 4767
f 4767 4976 4926
f 4767 4973 4976
f 4875 4822 4768
f 4768 4823 4875
f 4823 4769 5019
f 4776 4770 4771
f 4770 4829 4771
f 4776 4775 4770
f 4828 4829 4770
f 4771 4772 4777
f 4829 4772 4771
f 4771 4777 4776
f 4772 4773 4778
f 4830 4773 4772
f 4772 4778 4777
f 4829 4830 4772
f 4773 4774 4779
f 4831 4774 4773
f 4773 4779 4778
f 4830 4831 4773
f 4774 4833 4779
f 4831 4832 4774
f 4774 4832 4833
f 4779 5923 4780
f 4833 5922 4779
f 5922 5923 4779
f 4780 5923 5901
f 5215 4781 4834
f 4781 5312 4834
f 5212 4781 5215
f 4781 5267 5312
f 4782 4783 4785
f 4784 4782 4785
f 4782 4784 4835
f 4784 4785 4835
f 4836 4785 4786
f 4836 4835 4785
f 4839 4786 4787
f 4838 4836 4786
f 4838 4786 4839
f 4788 4790 4787
f 4789 4787 4790
f 4839 4787 4789
f 4790 4840 4789
f 4789 4840 4839
f 4791 4842 4790
f 4790 4841 4840
f 4790 4842 4841
f 4792 4842 4791
f 4793 4843 4792
f 4792 4843 4842
f 4794 4795 4793
f 4795 4845 4793
f 4793 4845 4843
f 4796 4848 4795
f 4795 4847 4845
f 4848 4847 4795
f 4797 4850 4796
f 4796 4850 4848
f 4798 4850 4797
f 4798 4799 4801
f 4800 4798 4801
f 4800 4852 4798
f 4798 4851 4850
f 4798 4852 4851
f 4801 4852 4800
f 4853 4801 4802
f 4801 4853 4852
f 4854 4802 4803
f 4853 4802 4854
f 4804 4805 4803
f 4857 4803 4805
f 4854 4803 4855
f 4855 4803 4857
f 4804 4806 4805
f 4807 4806 4804
f 4857 4805 4806
f 4858 4806 4807
f 4857 4806 4858
f 4858 4807 4859
f 4807 5049 4859
f 4807 5001 5048
f 4807 5048 5049
f 4808 5905 4809
f 4808 5889 5905
f 4809 5912 4860
f 4809 5905 5912
f 4810 4811 4817
f 4863 4811 4810
f 4862 4810 4817
f 4863 4810 4862
f 4811 4864 4812
f 4817 4811 4818
f 4811 4863 4864
f 4865 4813 4812
f 4865 4812 4864
f 4813 4865 4814
f 4865 4866 4814
f 4866 5067 4814
f 4814 5067 5022
f 4869 4816 4815
f 4815 4820 4868
f 4869 4815 4868
f 4870 4817 4816
f 4870 4816 4869
f 4870 4862 4817
f 4820 4819 4872
f 4868 4820 4873
f 4820 4872 4873
f 4821 5022 4973
f 4875 4823 5019
f 4824 4825 4828
f 4824 4880 4825
f 4879 4880 4824
f 4825 4826 4830
f 4880 4826 4825
f 4828 4825 4829
f 4825 4830 4829
f 4826 4827 4831
f 4881 4827 4826
f 4826 4831 4830
f 4880 4881 4826
f 4827 4832 4831
f 4882 4832 4827
f 4881 4882 4827
f 4832 5943 4833
f 4882 4883 4832
f 4883 4884 4832
f 4884 5943 4832
f 4833 5944 5922
f 4833 5943 5944
f 5261 4834 4886
f 4834 5312 4886
f 5215 4834 5261
f 4836 4838 4835
f 4837 4835 4838
f 4835 4837 4887
f 4837 4838 4888
f 4888 4887 4837
f 4839 4890 4838
f 4890 4888 4838
f 4840 4891 4839
f 4890 4839 4891
f 4891 4840 4841
f 4842 4894 4841
f 4891 4841 4892
f 4892 4841 4894
f 4843 4845 4842
f 4844 4842 4845
f 4895 4842 4844
f 4894 4842 4895
f 4895 4844 4845
f 4847 4846 4845
f 4846 4896 4845
f 4895 4845 4896
f 4847 4897 4846
f 4846 4897 4896
f 4848 4850 4847
f 4850 4849 4847
f 4847 4849 4899
f 4847 4898 4897
f 4898 4847 4899
f 4899 4849 4850
f 4851 4900 4850
f 4899 4850 4900
f 4852 4901 4851
f 4851 4901 4900
f 4903 4852 4853
f 4852 4903 4901
f 4904 4853 4854
f 4903 4853 4904
f 4856 4854 4855
f 4856 4906 4854
f 4904 4854 4906
f 4856 4855 4857
f 4857 4906 4856
f 4907 4857 4858
f 4857 4907 4906
f 4859 4908 4858
f 4907 4858 4908
f 4859 4909 4908
f 4859 5093 4909
f 4859 5049 5093
f 4860 5926 4861
f 4860 5912 5911
f 4860 5911 5926
f 4861 5926 4910
f 4863 4862 4912
f 4869 4870 4862
f 4912 4862 4870
f 4863 4914 4864
f 4912 4913 4863
f 4863 4913 4914
f 4915 4865 4864
f 4915 4864 4914
f 4915 4866 4865
f 4915 4916 4866
f 4916 5111 4866
f 4866 5115 5067
f 4866 5111 5115
f 4867 4868 4872
f 4917 4868 4867
f 4921 4867 4872
f 4921 4917 4867
f 4919 4869 4868
f 4872 4868 4873
f 4917 4918 4868
f 4919 4868 4918
f 4912 4870 4869
f 4912 4869 4919
f 4872 4871 4920
f 4871 4874 4920
f 4920 4921 4872
f 4920 4874 4923
f 4876 4877 4879
f 4876 4927 4877
f 4926 4927 4876
f 4877 4878 4881
f 4927 4878 4877
f 4879 4877 4880
f 4877 4881 4880
f 4928 4881 4878
f 4927 4928 4878
f 4881 4931 4882
f 4928 4931 4881
f 4931 4883 4882
f 4883 5981 4884
f 4931 4932 4883
f 4932 6018 4883
f 4883 6018 5981
f 4884 5982 5943
f 4884 5981 5982
f 5305 4886 4885
f 4886 5358 4885
f 5350 4885 4933
f 4885 5357 4933
f 5305 4885 5350
f 4885 5358 5357
f 5261 4886 5305
f 4886 5312 5358
f 4887 4888 4890
f 4887 4890 4889
f 4890 4935 4889
f 4935 4934 4889
f 4890 4891 4937
f 4935 4890 4937
f 4892 4894 4891
f 4891 4894 4893
f 4893 4938 4891
f 4938 4937 4891
f 4939 4893 4894
f 4893 4939 4938
f 4895 4940 4894
f 4894 4940 4939
f 4896 4941 4895
f 4941 4940 4895
f 4942 4896 4897
f 4942 4941 4896
f 4898 4942 4897
f 4899 4943 4898
f 4898 4943 4942
f 4944 4899 4900
f 4899 4944 4943
f 4901 4902 4900
f 4902 4946 4900
f 4944 4900 4945
f 4946 4945 4900
f 4903 4902 4901
f 4903 4946 4902
f 4947 4903 4904
f 4903 4947 4946
f 4905 4904 4906
f 4905 4949 4904
f 4947 4904 4948
f 4904 4949 4948
f 4906 4949 4905
f 4950 4906 4907
f 4906 4950 4949
f 4908 4951 4907
f 4950 4907 4951
f 4952 4908 4909
f 4908 4952 4951
f 4952 4909 4953
f 4909 5140 4953
f 4909 5093 5140
f 4910 5948 4955
f 4910 5926 5932
f 4910 5932 5948
f 4912 4919 4911
f 4958 4912 4911
f 4919 4965 4911
f 4958 4911 4957
f 4957 4911 4965
f 4958 4913 4912
f 4960 4914 4913
f 4958 4959 4913
f 4960 4913 4959
f 4960 4915 4914
f 4962 4916 4915
f 4960 4961 4915
f 4962 4915 4961
f 4962 5158 4916
f 4916 5158 5111
f 4917 4963 4918
f 4921 4963 4917
f 4918 4965 4919
f 4964 4918 4963
f 4918 4964 4965
f 4967 4921 4920
f 4969 4920 4923
f 4966 4967 4920
f 4966 4920 4969
f 4921 4967 4963
f 4968 4923 4922
f 4968 4922 4925
f 4969 4923 4968
f 4924 4925 4970
f 4971 4925 4924
f 4970 4971 4924
f 4925 4971 4968
f 4926 4977 4927
f 4976 4977 4926
f 4977 4928 4927
f 4928 4929 4931
f 4978 4929 4928
f 4977 4978 4928
f 4929 4930 4932
f 4979 4930 4929
f 4929 4932 4931
f 4978 4979 4929
f 4932 4930 4980
f 4979 4980 4930
f 4980 6016 4932
f 6016 6017 4932
f 4932 6017 6018
f 5349 4933 4981
f 4933 5402 4981
f 5350 4933 5349
f 4933 5357 5402
f 4934 4935 4937
f 4937 4936 4934
f 5268 4934 4936
f 5218 4936 4937
f 5268 4936 5218
f 4937 4938 4983
f 4982 4937 4983
f 5218 4937 4982
f 4939 4983 4938
f 4940 4985 4939
f 4939 4984 4983
f 4984 4939 4985
f 4942 4940 4941
f 4942 4987 4940
f 4987 4985 4940
f 4942 4943 4944
f 4942 4944 4989
f 4942 4989 4987
f 4945 4989 4944
f 4946 4990 4945
f 4945 4990 4989
f 4991 4946 4947
f 4946 4991 4990
f 4948 4992 4947
f 4991 4947 4992
f 4949 4995 4948
f 4948 4993 4992
f 4948 4995 4993
f 4995 4949 4950
f 4951 4996 4950
f 4995 4950 4996
f 4997 4951 4952
f 4951 4997 4996
f 4953 4954 4952
f 4954 4999 4952
f 4997 4952 4998
f 4952 4999 4998
f 4954 5000 4953
f 4953 5183 4954
f 4953 5140 5183
f 4954 5000 4999
f 4954 5183 5000
f 4955 5985 4956
f 4955 5948 5985
f 4956 5986 5002
f 4956 5985 5986
f 5003 4958 4957
f 4965 5003 4957
f 4958 5005 4959
f 5003 5004 4958
f 4958 5004 5005
f 5006 4960 4959
f 5006 4959 5005
f 4961 4960 5006
f 4961 5008 4962
f 4961 5006 5007
f 4961 5007 5008
f 5008 5200 4962
f 4962 5200 5158
f 5010 4964 4963
f 5009 4963 4967
f 5010 4963 5009
f 4965 4964 5010
f 4965 5011 5003
f 5011 4965 5010
f 4966 5013 4967
f 4969 5015 4966
f 4966 5012 5013
f 5015 5012 4966
f 5009 4967 5013
f 4969 4968 5014
f 4968 4971 5014
f 5014 5015 4969
f 5016 4971 4970
f 5021 4970 4972
f 5021 5016 4970
f 5014 4971 5017
f 5016 5017 4971
f 4973 4974 4977
f 4973 5023 4974
f 4973 4977 4976
f 5022 5023 4973
f 4974 4975 4978
f 5023 4975 4974
f 4974 4978 4977
f 5024 4978 4975
f 5023 5024 4975
f 5024 4979 4978
f 5027 4980 4979
f 5024 5027 4979
f 5027 5028 4980
f 5028 6055 4980
f 4980 6055 6016
f 5397 4981 5029
f 4981 5403 5029
f 5349 4981 5397
f 4981 5402 5403
f 5218 4982 4983
f 4983 4984 4985
f 4985 5033 4983
f 4983 5032 5030
f 5218 4983 5030
f 4983 5033 5032
f 4985 4987 4986
f 4985 4986 5034
f 4985 5034 5033
f 4986 4987 5035
f 5034 4986 5035
f 4987 4989 4988
f 5035 4987 4988
f 4988 4989 5037
f 5035 4988 5036
f 5036 4988 5037
f 4989 4990 5038
f 4989 5038 5037
f 5038 4990 4991
f 4991 4992 5040
f 5039 5038 4991
f 4991 5040 5039
f 4992 4993 4995
f 4995 4994 4992
f 4994 5040 4992
f 4995 5041 4994
f 4994 5041 5040
f 5043 4995 4996
f 4995 5042 5041
f 5043 5042 4995
f 5043 4996 4997
f 4998 5044 4997
f 5043 4997 5044
f 5045 4998 4999
f 4998 5045 5044
f 5046 4999 5000
f 5045 4999 5046
f 5046 5000 5047
f 5000 5228 5047
f 5000 5183 5228
f 5002 6025 5001
f 5001 6025 5048
f 5002 5986 6025
f 5003 5051 5004
f 5003 5011 5058
f 5003 5050 5051
f 5003 5058 5050
f 5004 5051 5005
f 5053 5006 5005
f 5052 5005 5051
f 5053 5005 5052
f 5006 5053 5007
f 5055 5008 5007
f 5053 5054 5007
f 5055 5007 5054
f 5055 5246 5008
f 5008 5246 5200
f 5009 5057 5010
f 5060 5009 5013
f 5009 5056 5057
f 5056 5009 5060
f 5011 5010 5057
f 5058 5011 5057
f 5012 5060 5013
f 5015 5062 5012
f 5012 5059 5060
f 5062 5059 5012
f 5062 5015 5014
f 5014 5017 5064
f 5062 5014 5061
f 5014 5064 5061
f 5064 5017 5016
f 5066 5016 5021
f 5064 5016 5063
f 5063 5016 5066
f 5018 5709 5019
f 5072 5711 5018
f 5018 5711 5709
f 5170 5124 5019
f 5019 5213 5170
f 5019 5216 5213
f 5262 5216 5019
f 5019 5264 5262
f 5306 5264 5019
f 5019 5693 5306
f 5019 5692 5693
f 5701 5692 5019
f 5019 5700 5701
f 5019 5709 5700
f 5065 5021 5020
f 5026 5073 5020
f 5073 5065 5020
f 5066 5021 5065
f 5022 5068 5023
f 5067 5068 5022
f 5023 5069 5024
f 5068 5069 5023
f 5024 5025 5027
f 5069 5025 5024
f 5027 5025 5028
f 5028 5025 5071
f 5069 5070 5025
f 5025 5070 5071
f 5071 5074 5028
f 5074 5938 5028
f 5028 5938 6107
f 5028 6113 6055
f 5028 6107 6113
f 5440 5029 5031
f 5029 5446 5031
f 5397 5029 5440
f 5029 5403 5446
f 5030 5032 5033
f 5218 5030 5032
f 5489 5031 5076
f 5031 5500 5076
f 5440 5031 5489
f 5031 5446 5500
f 5032 5033 5218
f 5033 5034 5078
f 5078 5077 5033
f 5218 5033 5077
f 5035 5079 5034
f 5034 5079 5078
f 5035 5036 5080
f 5035 5080 5079
f 5037 5080 5036
f 5037 5038 5039
f 5082 5037 5038
f 5081 5080 5037
f 5082 5081 5037
f 5038 5039 5083
f 5083 5082 5038
f 5040 5083 5039
f 5085 5040 5041
f 5040 5084 5083
f 5040 5085 5084
f 5086 5041 5042
f 5086 5085 5041
f 5042 5043 5087
f 5042 5087 5086
f 5087 5043 5044
f 5045 5088 5044
f 5087 5044 5088
f 5046 5089 5045
f 5045 5089 5088
f 5046 5047 5092
f 5091 5089 5046
f 5092 5091 5046
f 5047 5272 5092
f 5047 5228 5227
f 5047 5227 5272
f 5048 6084 5049
f 5048 6025 6084
f 5049 6084 5093
f 5051 5050 5094
f 5094 5050 5058
f 5051 5096 5052
f 5095 5051 5094
f 5051 5095 5096
f 5052 5097 5053
f 5052 5096 5097
f 5098 5054 5053
f 5098 5053 5097
f 5098 5055 5054
f 5099 5055 5098
f 5099 5287 5055
f 5055 5287 5246
f 5101 5057 5056
f 5100 5056 5060
f 5101 5056 5100
f 5057 5102 5058
f 5057 5101 5102
f 5094 5058 5102
f 5059 5105 5060
f 5059 5062 5108
f 5059 5104 5105
f 5108 5104 5059
f 5100 5060 5105
f 5108 5062 5061
f 5064 5107 5061
f 5108 5061 5107
f 5109 5064 5063
f 5063 5066 5114
f 5063 5114 5109
f 5064 5110 5107
f 5109 5110 5064
f 5066 5065 5113
f 5065 5073 5120
f 5113 5065 5120
f 5113 5114 5066
f 5067 5116 5068
f 5115 5116 5067
f 5116 5069 5068
f 5117 5070 5069
f 5116 5117 5069
f 5071 5070 5119
f 5117 5118 5070
f 5070 5118 5119
f 5071 5960 5074
f 5119 5996 5071
f 5071 5956 5960
f 5071 5996 5956
f 5123 5721 5072
f 5072 5721 5711
f 5124 5073 5075
f 5124 5120 5073
f 5074 5960 5938
f 5492 5076 5126
f 5076 5499 5126
f 5489 5076 5492
f 5076 5500 5499
f 5218 5077 5078
f 5079 5127 5078
f 5218 5078 5127
f 5079 5080 5128
f 5079 5128 5127
f 5080 5081 5130
f 5080 5129 5128
f 5080 5130 5129
f 5083 5082 5081
f 5081 5082 5131
f 5081 5131 5130
f 5082 5083 5131
f 5084 5132 5083
f 5083 5132 5131
f 5086 5085 5084
f 5084 5086 5133
f 5084 5133 5132
f 5087 5135 5086
f 5133 5086 5135
f 5087 5088 5137
f 5136 5135 5087
f 5087 5137 5136
f 5137 5088 5089
f 5089 5092 5090
f 5090 5139 5089
f 5089 5091 5092
f 5137 5089 5138
f 5089 5139 5138
f 5092 5139 5090
f 5092 5313 5139
f 5092 5272 5313
f 5093 6139 5140
f 5093 6084 6085
f 5093 6085 6139
f 5094 5102 5095
f 5142 5096 5095
f 5103 5095 5102
f 5148 5095 5103
f 5142 5095 5141
f 5141 5095 5148
f 5143 5097 5096
f 5143 5096 5142
f 5097 5144 5098
f 5097 5143 5144
f 5098 5145 5099
f 5098 5144 5145
f 5145 5335 5099
f 5099 5330 5287
f 5099 5335 5330
f 5100 5105 5101
f 5101 5147 5102
f 5105 5106 5101
f 5101 5106 5152
f 5101 5146 5147
f 5101 5152 5146
f 5102 5148 5103
f 5102 5147 5148
f 5151 5105 5104
f 5150 5104 5108
f 5151 5104 5150
f 5152 5106 5105
f 5152 5105 5151
f 5107 5154 5108
f 5110 5153 5107
f 5107 5153 5154
f 5150 5108 5154
f 5157 5110 5109
f 5156 5109 5114
f 5157 5109 5156
f 5110 5157 5153
f 5111 5112 5116
f 5158 5112 5111
f 5111 5116 5115
f 5159 5116 5112
f 5158 5159 5112
f 5120 5114 5113
f 5114 5120 5121
f 5121 5161 5114
f 5156 5114 5161
f 5163 5117 5116
f 5159 5163 5116
f 5164 5118 5117
f 5163 5164 5117
f 5118 5996 5119
f 5164 5165 5118
f 5165 5996 5118
f 5120 5167 5121
f 5124 5168 5120
f 5120 5166 5167
f 5166 5120 5168
f 5121 5167 5161
f 5122 5722 5123
f 5169 5748 5122
f 5122 5748 5722
f 5123 5722 5721
f 5125 5170 5124
f 5170 5168 5124
f 5541 5126 5172
f 5126 5550 5172
f 5492 5126 5541
f 5126 5499 5550
f 5218 5127 5128
f 5218 5128 5129
f 5218 5129 5130
f 5130 5131 5174
f 5130 5174 5173
f 5218 5130 5173
f 5131 5132 5175
f 5175 5174 5131
f 5132 5133 5176
f 5176 5175 5132
f 5134 5133 5135
f 5176 5133 5134
f 5134 5135 5177
f 5176 5134 5177
f 5136 5179 5135
f 5177 5135 5178
f 5179 5178 5135
f 5179 5136 5137
f 5138 5180 5137
f 5179 5137 5180
f 5138 5139 5182
f 5138 5181 5180
f 5181 5138 5182
f 5139 5359 5182
f 5139 5313 5359
f 5140 6188 5183
f 5140 6139 6189
f 5140 6189 6188
f 5142 5141 5148
f 5185 5143 5142
f 5148 5149 5142
f 5191 5142 5149
f 5185 5142 5184
f 5184 5142 5191
f 5186 5144 5143
f 5186 5143 5185
f 5187 5145 5144
f 5187 5144 5186
f 5187 5379 5145
f 5145 5379 5335
f 5146 5189 5147
f 5152 5194 5146
f 5146 5188 5189
f 5146 5194 5188
f 5147 5190 5148
f 5147 5189 5190
f 5191 5149 5148
f 5191 5148 5190
f 5151 5150 5154
f 5151 5194 5152
f 5154 5155 5151
f 5197 5151 5155
f 5151 5193 5194
f 5193 5151 5197
f 5154 5153 5157
f 5154 5197 5155
f 5157 5196 5154
f 5154 5196 5197
f 5157 5156 5161
f 5161 5162 5157
f 5198 5157 5162
f 5157 5198 5196
f 5200 5159 5158
f 5159 5160 5164
f 5201 5160 5159
f 5159 5164 5163
f 5200 5201 5159
f 5164 5160 5202
f 5201 5202 5160
f 5204 5162 5161
f 5203 5161 5167
f 5204 5161 5203
f 5198 5162 5204
f 5205 5165 5164
f 5202 5205 5164
f 5205 5206 5165
f 5206 6034 5165
f 5165 6034 5996
f 5166 5208 5167
f 5168 5207 5166
f 5166 5207 5208
f 5203 5167 5208
f 5170 5209 5168
f 5209 5207 5168
f 5212 5765 5169
f 5169 5764 5748
f 5169 5765 5764
f 5211 5170 5171
f 5171 5170 5213
f 5209 5170 5211
f 5214 5211 5171
f 5171 5213 5214
f 5172 5552 5217
f 5597 5172 5217
f 5541 5172 5597
f 5172 5550 5552
f 5173 5174 5218
f 5174 5175 5218
f 5175 5176 5218
f 5176 5177 5220
f 5218 5176 5219
f 5176 5220 5219
f 5177 5178 5220
f 5178 5179 5223
f 5178 5221 5220
f 5178 5223 5221
f 5179 5180 5224
f 5223 5179 5224
f 5181 5225 5180
f 5225 5224 5180
f 5225 5181 5182
f 5182 5226 5225
f 5182 5404 5226
f 5182 5359 5404
f 5183 6244 5228
f 5183 6187 6186
f 5183 6186 6244
f 5183 6188 6187
f 5184 5192 5185
f 5184 5191 5192
f 5235 5186 5185
f 5192 5234 5185
f 5235 5185 5234
f 5230 5187 5186
f 5230 5186 5229
f 5229 5186 5235
f 5230 5418 5187
f 5187 5418 5379
f 5189 5188 5194
f 5189 5232 5190
f 5194 5195 5189
f 5195 5239 5189
f 5189 5231 5232
f 5189 5239 5231
f 5190 5233 5191
f 5190 5232 5233
f 5191 5234 5192
f 5191 5233 5234
f 5238 5194 5193
f 5242 5193 5197
f 5238 5193 5237
f 5237 5193 5242
f 5194 5239 5195
f 5194 5238 5239
f 5242 5197 5196
f 5199 5196 5198
f 5199 5245 5196
f 5242 5196 5241
f 5196 5245 5241
f 5198 5245 5199
f 5204 5250 5198
f 5198 5244 5245
f 5198 5250 5244
f 5246 5201 5200
f 5247 5202 5201
f 5246 5247 5201
f 5248 5205 5202
f 5247 5248 5202
f 5250 5204 5203
f 5208 5253 5203
f 5250 5203 5249
f 5203 5253 5249
f 5251 5206 5205
f 5248 5251 5205
f 5251 5252 5206
f 5252 6148 5206
f 5206 6094 6034
f 5206 6148 6094
f 5208 5207 5209
f 5209 5210 5208
f 5256 5208 5210
f 5253 5208 5256
f 5209 5256 5210
f 5211 5257 5209
f 5256 5209 5255
f 5209 5257 5255
f 5260 5211 5214
f 5257 5211 5260
f 5215 5778 5212
f 5212 5778 5765
f 5213 5260 5214
f 5216 5259 5213
f 5260 5213 5259
f 5261 5786 5215
f 5215 5786 5778
f 5259 5216 5262
f 5217 5609 5222
f 5654 5217 5222
f 5217 5552 5609
f 5597 5217 5654
f 5219 5220 5218
f 5218 5220 5221
f 5218 5221 5223
f 5218 5223 5224
f 5218 5224 5269
f 5268 5218 5265
f 5218 5497 5265
f 5269 5270 5218
f 5218 5270 5271
f 5271 5447 5218
f 5218 5447 5497
f 5220 5221 5223
f 5222 5664 5266
f 5691 5222 5266
f 5222 5609 5664
f 5654 5222 5691
f 5225 5269 5224
f 5226 5271 5225
f 5270 5269 5225
f 5225 5271 5270
f 5226 5447 5271
f 5226 5404 5448
f 5226 5448 5447
f 5228 6242 5227
f 5227 6241 5272
f 5227 6242 6241
f 5228 6243 6242
f 5228 6244 6243
f 5229 5236 5230
f 5229 5235 5236
f 5236 5418 5230
f 5232 5231 5239
f 5232 5274 5233
f 5240 5232 5239
f 5240 5280 5232
f 5232 5273 5274
f 5232 5280 5273
f 5233 5275 5234
f 5233 5274 5275
f 5234 5276 5235
f 5234 5275 5276
f 5235 5277 5236
f 5235 5276 5277
f 5277 5462 5236
f 5236 5462 5418
f 5238 5237 5242
f 5279 5239 5238
f 5243 5238 5242
f 5283 5238 5243
f 5279 5238 5278
f 5278 5238 5283
f 5239 5280 5240
f 5239 5279 5280
f 5242 5241 5245
f 5242 5283 5243
f 5286 5242 5245
f 5242 5282 5283
f 5282 5242 5286
f 5244 5250 5245
f 5285 5245 5250
f 5286 5245 5285
f 5287 5247 5246
f 5288 5248 5247
f 5287 5288 5247
f 5289 5251 5248
f 5288 5289 5248
f 5250 5249 5253
f 5253 5254 5250
f 5254 5296 5250
f 5291 5285 5250
f 5291 5250 5290
f 5250 5296 5290
f 5252 5251 5294
f 5289 5293 5251
f 5251 5293 5294
f 5294 6148 5252
f 5296 5254 5253
f 5253 5256 5295
f 5296 5253 5295
f 5255 5257 5256
f 5257 5258 5256
f 5256 5258 5297
f 5295 5256 5297
f 5257 5299 5258
f 5299 5257 5260
f 5258 5300 5297
f 5258 5299 5300
f 5259 5262 5260
f 5263 5260 5262
f 5260 5263 5301
f 5260 5301 5299
f 5305 5786 5261
f 5262 5304 5263
f 5262 5264 5306
f 5262 5303 5304
f 5262 5306 5303
f 5304 5301 5263
f 5268 5265 5310
f 5265 5549 5310
f 5265 5497 5549
f 5266 5663 5311
f 5699 5266 5311
f 5266 5664 5663
f 5691 5266 5699
f 5268 5400 5267
f 5267 5693 5312
f 5267 5400 5444
f 5267 5444 5693
f 5310 5309 5268
f 5309 5355 5268
f 5268 5355 5354
f 5354 5400 5268
f 6301 5313 5272
f 5272 6241 6240
f 5272 6240 6301
f 5273 5281 5274
f 5273 5280 5281
f 5320 5275 5274
f 5319 5274 5281
f 5320 5274 5319
f 5315 5276 5275
f 5315 5275 5314
f 5314 5275 5320
f 5316 5277 5276
f 5316 5276 5315
f 5316 5515 5277
f 5277 5468 5462
f 5277 5515 5468
f 5279 5278 5283
f 5279 5318 5280
f 5283 5284 5279
f 5325 5279 5284
f 5279 5317 5318
f 5317 5279 5325
f 5318 5281 5280
f 5318 5319 5281
f 5282 5324 5283
f 5282 5286 5323
f 5282 5323 5324
f 5325 5284 5283
f 5325 5283 5324
f 5285 5328 5286
f 5327 5285 5291
f 5285 5327 5328
f 5328 5323 5286
f 5330 5288 5287
f 5288 5293 5289
f 5292 5293 5288
f 5336 5292 5288
f 5330 5331 5288
f 5331 5336 5288
f 5290 5333 5291
f 5338 5290 5296
f 5333 5290 5332
f 5332 5290 5338
f 5291 5333 5327
f 5336 5293 5292
f 5293 6200 5294
f 5336 5337 5293
f 5337 6258 5293
f 5293 6258 6200
f 5294 6200 6148
f 5295 5297 5296
f 5297 5298 5296
f 5298 5341 5296
f 5296 5341 5338
f 5297 5340 5298
f 5342 5297 5300
f 5340 5297 5342
f 5298 5340 5341
f 5299 5302 5300
f 5299 5301 5302
f 5300 5302 5342
f 5345 5302 5301
f 5301 5304 5346
f 5301 5344 5345
f 5301 5346 5344
f 5345 5342 5302
f 5303 5306 5304
f 5306 5307 5304
f 5307 5348 5304
f 5304 5348 5346
f 5350 5795 5305
f 5305 5795 5786
f 5306 5348 5307
f 5308 5351 5306
f 5306 5655 5308
f 5306 5351 5348
f 5306 5693 5655
f 5308 5655 5351
f 5310 5549 5309
f 5309 5607 5355
f 5309 5549 5548
f 5309 5548 5607
f 5311 5697 5356
f 5702 5311 5356
f 5311 5663 5697
f 5699 5311 5702
f 5312 5701 5358
f 5312 5693 5692
f 5312 5692 5701
f 6299 5359 5313
f 6299 5313 6300
f 6300 5313 6301
f 5314 5321 5315
f 5314 5320 5321
f 5322 5316 5315
f 5322 5315 5321
f 5322 5557 5316
f 5316 5557 5515
f 5317 5326 5318
f 5317 5325 5326
f 5318 5361 5319
f 5318 5326 5367
f 5318 5360 5361
f 5318 5367 5360
f 5362 5320 5319
f 5362 5319 5361
f 5363 5321 5320
f 5363 5320 5362
f 5364 5322 5321
f 5364 5321 5363
f 5364 5565 5322
f 5322 5565 5557
f 5324 5323 5328
f 5324 5366 5325
f 5328 5329 5324
f 5324 5329 5373
f 5324 5365 5366
f 5324 5373 5365
f 5367 5326 5325
f 5367 5325 5366
f 5328 5327 5333
f 5328 5373 5329
f 5333 5334 5328
f 5372 5328 5334
f 5328 5372 5373
f 5330 5336 5331
f 5335 5336 5330
f 5333 5332 5338
f 5377 5334 5333
f 5338 5339 5333
f 5333 5339 5376
f 5377 5333 5376
f 5377 5372 5334
f 5379 5336 5335
f 5380 5337 5336
f 5379 5380 5336
f 5380 5381 5337
f 5381 6257 5337
f 5337 6257 6258
f 5383 5339 5338
f 5341 5385 5338
f 5338 5382 5383
f 5338 5385 5382
f 5339 5383 5376
f 5343 5341 5340
f 5343 5340 5342
f 5388 5341 5343
f 5388 5385 5341
f 5343 5342 5388
f 5389 5342 5345
f 5342 5387 5388
f 5389 5387 5342
f 5344 5347 5345
f 5344 5346 5347
f 5345 5347 5392
f 5345 5392 5389
f 5392 5347 5346
f 5393 5346 5348
f 5391 5392 5346
f 5393 5391 5346
f 5351 5352 5348
f 5352 5395 5348
f 5348 5395 5393
f 5349 5796 5350
f 5397 5808 5349
f 5349 5808 5796
f 5350 5796 5795
f 5351 5655 5352
f 5353 5398 5352
f 5352 5655 5353
f 5352 5398 5395
f 5353 5655 5398
f 5355 5607 5354
f 5354 5661 5400
f 5354 5607 5661
f 5356 5706 5401
f 5710 5356 5401
f 5356 5697 5706
f 5702 5356 5710
f 5358 5700 5357
f 5357 5709 5402
f 5357 5700 5709
f 5358 5701 5700
f 6355 5404 5359
f 6355 5359 6299
f 5360 5368 5361
f 5360 5367 5368
f 5361 5369 5362
f 5361 5368 5369
f 5362 5370 5363
f 5362 5369 5370
f 5409 5364 5363
f 5408 5363 5370
f 5409 5363 5408
f 5409 5371 5364
f 5371 5610 5364
f 5364 5610 5565
f 5374 5366 5365
f 5374 5365 5373
f 5375 5367 5366
f 5375 5366 5374
f 5405 5368 5367
f 5412 5367 5375
f 5412 5405 5367
f 5368 5407 5369
f 5406 5368 5405
f 5368 5406 5407
f 5407 5370 5369
f 5408 5370 5407
f 5409 5610 5371
f 5372 5378 5373
f 5372 5377 5378
f 5373 5410 5374
f 5416 5373 5378
f 5416 5410 5373
f 5411 5375 5374
f 5374 5410 5411
f 5411 5412 5375
f 5377 5376 5383
f 5377 5416 5378
f 5383 5384 5377
f 5377 5384 5415
f 5377 5415 5416
f 5418 5380 5379
f 5380 5420 5381
f 5418 5419 5380
f 5419 5420 5380
f 5420 6376 5381
f 5381 6314 6257
f 5381 6376 6314
f 5383 5382 5385
f 5383 5422 5384
f 5385 5386 5383
f 5425 5383 5386
f 5383 5421 5422
f 5421 5383 5425
f 5422 5415 5384
f 5425 5386 5385
f 5385 5388 5427
f 5385 5424 5425
f 5385 5427 5424
f 5387 5390 5388
f 5387 5389 5390
f 5430 5388 5390
f 5427 5388 5430
f 5430 5390 5389
f 5389 5392 5432
f 5430 5389 5429
f 5389 5432 5429
f 5392 5391 5394
f 5394 5391 5393
f 5434 5392 5394
f 5434 5432 5392
f 5393 5396 5394
f 5395 5396 5393
f 5396 5437 5394
f 5394 5437 5434
f 5395 5437 5396
f 5398 5438 5395
f 5395 5436 5437
f 5395 5438 5436
f 5440 5818 5397
f 5397 5818 5808
f 5399 5441 5398
f 5398 5655 5399
f 5398 5441 5438
f 5399 5655 5441
f 5400 5695 5444
f 5400 5661 5695
f 5401 5706 5445
f 5720 5401 5445
f 5710 5401 5720
f 5402 5711 5403
f 5402 5709 5711
f 5403 5721 5446
f 5403 5711 5721
f 6353 5448 5404
f 6353 5404 6354
f 6354 5404 6355
f 5405 5413 5406
f 5405 5412 5413
f 5406 5414 5407
f 5406 5413 5414
f 5454 5408 5407
f 5453 5407 5414
f 5454 5407 5453
f 5408 5450 5409
f 5408 5449 5450
f 5454 5449 5408
f 5450 5666 5409
f 5409 5666 5610
f 5410 5417 5411
f 5410 5416 5417
f 5458 5412 5411
f 5458 5411 5417
f 5412 5452 5413
f 5412 5451 5452
f 5451 5412 5458
f 5453 5414 5413
f 5452 5453 5413
f 5415 5423 5416
f 5415 5422 5423
f 5457 5417 5416
f 5456 5416 5423
f 5416 5456 5457
f 5458 5417 5457
f 5462 5419 5418
f 5463 5420 5419
f 5462 5463 5419
f 5463 6376 5420
f 5426 5422 5421
f 5426 5421 5425
f 5465 5423 5422
f 5422 5426 5471
f 5465 5422 5464
f 5422 5471 5464
f 5465 5456 5423
f 5424 5428 5425
f 5424 5427 5428
f 5471 5426 5425
f 5428 5473 5425
f 5425 5470 5471
f 5425 5473 5470
f 5427 5431 5428
f 5427 5430 5431
f 5428 5431 5476
f 5428 5476 5473
f 5429 5433 5430
f 5429 5432 5433
f 5476 5431 5430
f 5430 5433 5478
f 5430 5475 5476
f 5430 5478 5475
f 5435 5433 5432
f 5432 5434 5435
f 5481 5433 5435
f 5481 5478 5433
f 5435 5434 5481
f 5437 5483 5434
f 5434 5480 5481
f 5434 5483 5480
f 5436 5439 5437
f 5438 5439 5436
f 5439 5485 5437
f 5437 5485 5483
f 5438 5442 5439
f 5441 5442 5438
f 5439 5442 5487
f 5439 5487 5485
f 5489 5829 5440
f 5440 5820 5818
f 5440 5829 5820
f 5441 5655 5442
f 5443 5490 5442
f 5442 5655 5443
f 5442 5490 5487
f 5443 5655 5490
f 5693 5444 5496
f 5444 5704 5496
f 5444 5695 5694
f 5444 5694 5704
f 5445 5716 5498
f 5747 5445 5498
f 5445 5706 5716
f 5720 5445 5747
f 5446 5722 5500
f 5446 5721 5722
f 6415 5447 5448
f 6413 5497 5447
f 6413 5447 6414
f 6414 5447 6415
f 6415 5448 6353
f 5455 5450 5449
f 5455 5449 5454
f 5455 5666 5450
f 5451 5459 5452
f 5451 5458 5459
f 5452 5460 5453
f 5452 5459 5460
f 5453 5461 5454
f 5453 5460 5461
f 5454 5507 5455
f 5454 5461 5506
f 5454 5506 5507
f 5507 5502 5455
f 5502 5698 5455
f 5455 5665 5666
f 5455 5698 5665
f 5456 5466 5457
f 5456 5465 5466
f 5457 5466 5458
f 5503 5459 5458
f 5467 5458 5466
f 5510 5458 5467
f 5510 5503 5458
f 5459 5504 5460
f 5504 5459 5503
f 5506 5461 5460
f 5460 5504 5505
f 5506 5460 5505
f 5462 5469 5463
f 5468 5469 5462
f 5469 6443 5463
f 5463 6442 6376
f 5463 6441 6442
f 5463 6443 6441
f 5472 5465 5464
f 5472 5464 5471
f 5509 5466 5465
f 5465 5472 5518
f 5509 5465 5508
f 5465 5518 5508
f 5510 5467 5466
f 5466 5509 5510
f 5515 5469 5468
f 5515 5516 5469
f 5516 6501 5469
f 5469 6501 6443
f 5470 5473 5471
f 5471 5518 5472
f 5473 5474 5471
f 5521 5471 5474
f 5471 5517 5518
f 5521 5517 5471
f 5473 5477 5474
f 5473 5476 5477
f 5474 5477 5525
f 5474 5525 5521
f 5475 5479 5476
f 5475 5478 5479
f 5525 5477 5476
f 5527 5476 5479
f 5525 5476 5524
f 5527 5524 5476
f 5478 5482 5479
f 5478 5481 5482
f 5479 5482 5530
f 5479 5530 5527
f 5484 5481 5480
f 5483 5484 5480
f 5481 5530 5482
f 5481 5484 5532
f 5529 5530 5481
f 5532 5529 5481
f 5483 5485 5484
f 5485 5486 5484
f 5486 5535 5484
f 5484 5535 5532
f 5485 5488 5486
f 5485 5487 5488
f 5488 5537 5486
f 5486 5537 5535
f 5487 5491 5488
f 5490 5491 5487
f 5491 5539 5488
f 5488 5539 5537
f 5492 5847 5489
f 5489 5847 5829
f 5490 5655 5491
f 5493 5542 5491
f 5491 5655 5493
f 5491 5542 5539
f 5541 5848 5492
f 5492 5848 5847
f 5493 5655 5542
f 5693 5495 5494
f 5495 5714 5494
f 5494 5547 5693
f 5494 5714 5547
f 5496 5495 5693
f 5496 5704 5495
f 5495 5704 5703
f 5495 5703 5714
f 6482 5549 5497
f 6483 5497 6413
f 6482 5497 6483
f 5498 5727 5501
f 5763 5498 5501
f 5498 5716 5727
f 5747 5498 5763
f 5500 5748 5499
f 5499 5764 5550
f 5499 5748 5764
f 5500 5722 5748
f 5501 5727 5551
f 5777 5501 5551
f 5763 5501 5777
f 5507 5698 5502
f 5511 5504 5503
f 5511 5503 5510
f 5512 5505 5504
f 5512 5504 5511
f 5513 5506 5505
f 5513 5505 5512
f 5507 5506 5514
f 5513 5514 5506
f 5514 5707 5507
f 5507 5707 5698
f 5508 5519 5509
f 5508 5518 5519
f 5509 5520 5510
f 5509 5519 5520
f 5510 5561 5511
f 5510 5520 5561
f 5511 5554 5512
f 5554 5511 5553
f 5511 5561 5553
f 5555 5513 5512
f 5555 5512 5554
f 5555 5514 5513
f 5555 5556 5514
f 5556 5707 5514
f 5516 5515 5558
f 5515 5557 5558
f 5558 6501 5516
f 5522 5518 5517
f 5522 5517 5521
f 5523 5519 5518
f 5523 5518 5522
f 5560 5520 5519
f 5568 5519 5523
f 5519 5559 5560
f 5568 5559 5519
f 5561 5520 5560
f 5521 5526 5522
f 5521 5525 5526
f 5522 5568 5523
f 5522 5526 5573
f 5522 5567 5568
f 5522 5573 5567
f 5528 5525 5524
f 5528 5524 5527
f 5525 5573 5526
f 5576 5525 5528
f 5576 5573 5525
f 5531 5528 5527
f 5531 5527 5530
f 5528 5531 5579
f 5528 5579 5576
f 5532 5530 5529
f 5534 5531 5530
f 5533 5530 5532
f 5534 5530 5533
f 5583 5531 5534
f 5583 5579 5531
f 5532 5536 5533
f 5535 5536 5532
f 5533 5583 5534
f 5536 5582 5533
f 5583 5533 5582
f 5537 5536 5535
f 5537 5538 5536
f 5536 5538 5585
f 5536 5585 5582
f 5539 5538 5537
f 5539 5540 5538
f 5540 5588 5538
f 5538 5588 5585
f 5542 5540 5539
f 5542 5543 5540
f 5540 5543 5591
f 5540 5591 5588
f 5597 5864 5541
f 5541 5864 5848
f 5542 5655 5543
f 5543 5544 5598
f 5543 5655 5544
f 5543 5594 5591
f 5543 5595 5594
f 5543 5598 5595
f 5544 5599 5598
f 5544 5655 5599
f 5655 5545 5546
f 5545 5712 5546
f 5547 5545 5655
f 5547 5713 5545
f 5545 5713 5712
f 5655 5546 5606
f 5546 5725 5606
f 5546 5712 5725
f 5693 5547 5655
f 5547 5714 5713
f 6482 5548 5549
f 6550 5607 5548
f 6551 5548 6482
f 6550 5548 6551
f 5550 5765 5552
f 5550 5764 5765
f 5551 5751 5608
f 5785 5551 5608
f 5551 5727 5751
f 5777 5551 5785
f 5552 5778 5609
f 5552 5765 5778
f 5553 5562 5554
f 5553 5561 5562
f 5554 5563 5555
f 5554 5562 5563
f 5555 5564 5556
f 5563 5564 5555
f 5564 5717 5556
f 5556 5708 5707
f 5556 5717 5708
f 5566 5558 5557
f 5565 5566 5557
f 5566 6570 5558
f 5558 6570 6501
f 5569 5560 5559
f 5569 5559 5568
f 5570 5561 5560
f 5570 5560 5569
f 5571 5562 5561
f 5571 5561 5570
f 5562 5572 5563
f 5562 5571 5572
f 5563 5717 5564
f 5563 5572 5613
f 5613 5718 5563
f 5563 5718 5717
f 5565 6573 5566
f 5610 6643 5565
f 5565 6572 6573
f 5565 6643 6572
f 5566 6573 6570
f 5567 5574 5568
f 5567 5573 5574
f 5568 5574 5569
f 5616 5570 5569
f 5569 5574 5575
f 5615 5569 5575
f 5616 5569 5615
f 5570 5611 5571
f 5616 5611 5570
f 5613 5572 5571
f 5571 5611 5612
f 5613 5571 5612
f 5573 5578 5574
f 5577 5573 5576
f 5573 5577 5578
f 5574 5614 5575
f 5574 5578 5619
f 5574 5619 5614
f 5575 5614 5615
f 5576 5580 5577
f 5576 5579 5580
f 5581 5578 5577
f 5581 5577 5580
f 5578 5581 5625
f 5578 5625 5619
f 5579 5584 5580
f 5579 5583 5584
f 5580 5624 5581
f 5629 5580 5584
f 5629 5624 5580
f 5581 5624 5625
f 5586 5583 5582
f 5586 5582 5585
f 5583 5587 5584
f 5583 5586 5587
f 5633 5584 5587
f 5629 5584 5633
f 5585 5588 5586
f 5586 5590 5587
f 5588 5589 5586
f 5589 5590 5586
f 5587 5590 5633
f 5588 5592 5589
f 5591 5592 5588
f 5592 5590 5589
f 5592 5593 5590
f 5593 5639 5590
f 5590 5636 5633
f 5590 5639 5636
f 5591 5595 5592
f 5594 5595 5591
f 5595 5593 5592
f 5595 5596 5593
f 5596 5639 5593
f 5595 5600 5596
f 5598 5599 5595
f 5599 5600 5595
f 5596 5600 5643
f 5596 5643 5639
f 5654 5878 5597
f 5597 5878 5864
f 5599 5655 5600
f 5600 5603 5601
f 5600 5601 5649
f 5600 5655 5603
f 5600 5648 5643
f 5600 5649 5648
f 5601 5603 5604
f 5649 5601 5604
f 5605 5602 5655
f 5605 5724 5602
f 5602 5749 5655
f 5602 5724 5723
f 5602 5723 5749
f 5603 5655 5604
f 5604 5656 5649
f 5604 5655 5656
f 5606 5605 5655
f 5606 5725 5605
f 5605 5725 5724
f 6619 5661 5607
f 6619 5607 6550
f 5608 5768 5662
f 5794 5608 5662
f 5608 5751 5768
f 5785 5608 5794
f 5609 5786 5664
f 5609 5778 5786
f 5666 6643 5610
f 5617 5612 5611
f 5617 5611 5616
f 5612 5618 5613
f 5612 5617 5618
f 5618 5736 5613
f 5613 5719 5718
f 5613 5736 5719
f 5614 5620 5615
f 5614 5619 5620
f 5621 5616 5615
f 5615 5620 5621
f 5622 5617 5616
f 5622 5616 5621
f 5623 5618 5617
f 5623 5617 5622
f 5623 5737 5618
f 5618 5737 5736
f 5619 5626 5620
f 5619 5625 5626
f 5627 5621 5620
f 5627 5620 5626
f 5621 5628 5622
f 5621 5627 5628
f 5622 5667 5623
f 5669 5622 5628
f 5670 5667 5622
f 5670 5622 5669
f 5667 5738 5623
f 5623 5738 5737
f 5630 5625 5624
f 5630 5624 5629
f 5625 5631 5626
f 5625 5630 5631
f 5632 5627 5626
f 5632 5626 5631
f 5627 5669 5628
f 5627 5632 5671
f 5627 5668 5669
f 5627 5671 5668
f 5629 5634 5630
f 5629 5633 5634
f 5635 5631 5630
f 5635 5630 5634
f 5631 5675 5632
f 5631 5635 5675
f 5632 5675 5671
f 5637 5634 5633
f 5636 5637 5633
f 5637 5635 5634
f 5637 5638 5635
f 5678 5635 5638
f 5635 5674 5675
f 5678 5674 5635
f 5636 5639 5637
f 5637 5641 5638
f 5639 5640 5637
f 5640 5641 5637
f 5641 5678 5638
f 5643 5640 5639
f 5644 5641 5640
f 5643 5644 5640
f 5641 5645 5642
f 5641 5642 5683
f 5644 5645 5641
f 5641 5683 5678
f 5641 5683 5682
f 5645 5646 5642
f 5646 5686 5642
f 5642 5686 5683
f 5648 5644 5643
f 5644 5650 5645
f 5648 5649 5644
f 5649 5650 5644
f 5645 5651 5646
f 5650 5651 5645
f 5651 5647 5646
f 5646 5647 5687
f 5646 5687 5686
f 5651 5652 5647
f 5647 5652 5687
f 5649 5657 5650
f 5649 5656 5657
f 5650 5658 5651
f 5657 5658 5650
f 5658 5652 5651
f 5652 5660 5653
f 5652 5653 5689
f 5658 5659 5652
f 5659 5660 5652
f 5652 5689 5687
f 5660 5746 5653
f 5689 5653 5690
f 5653 5745 5690
f 5653 5746 5745
f 5691 5879 5654
f 5654 5879 5878
f 5656 5655 5657
f 5657 5655 5658
f 5658 5655 5659
f 5659 5655 5660
f 5655 5749 5660
f 5660 5749 5746
f 6618 5695 5661
f 6618 5661 6619
f 5662 5767 5696
f 5807 5662 5696
f 5662 5768 5767
f 5794 5662 5807
f 5664 5786 5663
f 5663 5795 5697
f 5663 5786 5795
f 5665 6717 5666
f 5698 6795 5665
f 5665 6716 6717
f 5665 6795 6716
f 5666 6717 6643
f 5670 5738 5667
f 5668 5672 5669
f 5668 5671 5672
f 5673 5670 5669
f 5673 5669 5672
f 5673 5739 5670
f 5670 5739 5738
f 5676 5672 5671
f 5676 5671 5675
f 5672 5677 5673
f 5672 5676 5677
f 5677 5740 5673
f 5673 5740 5739
f 5678 5675 5674
f 5675 5680 5676
f 5679 5675 5678
f 5675 5679 5680
f 5676 5681 5677
f 5681 5676 5680
f 5681 5741 5677
f 5677 5742 5740
f 5677 5741 5742
f 5678 5683 5679
f 5680 5679 5683
f 5680 5685 5681
f 5680 5683 5684
f 5680 5684 5685
f 5685 5743 5681
f 5681 5743 5741
f 5683 5687 5684
f 5686 5687 5683
f 5684 5688 5685
f 5687 5688 5684
f 5688 5744 5685
f 5685 5744 5743
f 5687 5690 5688
f 5689 5690 5687
f 5690 5745 5688
f 5688 5745 5744
f 5699 5900 5691
f 5691 5900 5879
f 6685 5694 5695
f 6685 5704 5694
f 6685 5695 6618
f 5696 5780 5705
f 5809 5696 5705
f 5696 5767 5780
f 5807 5696 5809
f 5697 5796 5706
f 5697 5795 5796
f 5707 6798 5698
f 5698 6798 6795
f 5702 5900 5699
f 5710 5920 5702
f 5702 5920 5900
f 6760 5703 5704
f 6760 5714 5703
f 6760 5704 6685
f 5705 5789 5715
f 5819 5705 5715
f 5705 5780 5789
f 5809 5705 5819
f 5706 5818 5716
f 5706 5796 5808
f 5706 5808 5818
f 5708 6882 5707
f 5707 6803 6798
f 5707 6882 6803
f 5717 6887 5708
f 5708 6888 6882
f 5708 6887 6888
f 5720 5921 5710
f 5710 5921 5920
f 6845 5712 5713
f 6928 5725 5712
f 6928 5712 6845
f 6845 5713 5714
f 6844 5714 6760
f 6845 5714 6844
f 5715 5788 5726
f 5830 5715 5726
f 5715 5789 5788
f 5819 5715 5830
f 5716 5820 5727
f 5716 5818 5820
f 5718 6967 5717
f 5717 6967 6887
f 5719 6972 5718
f 5718 6972 6967
f 5736 6978 5719
f 5719 6978 6972
f 5747 5937 5720
f 5720 5937 5921
f 7019 5723 5724
f 7020 5749 5723
f 7020 5723 7019
f 6929 5724 5725
f 7019 5724 6929
f 6929 5725 6928
f 5726 5798 5750
f 5846 5726 5750
f 5726 5788 5798
f 5830 5726 5846
f 5727 5847 5751
f 5727 5820 5829
f 5727 5829 5847
f 5892 5728 5729
f 5728 5969 5729
f 5892 5755 5728
f 5755 5968 5728
f 5728 5968 5969
f 5893 5729 5730
f 5729 5939 5730
f 5892 5729 5893
f 5729 5969 5939
f 5893 5730 5731
f 5730 5939 5731
f 5894 5731 5732
f 5731 5941 5732
f 5893 5731 5894
f 5731 5939 5940
f 5731 5940 5941
f 5894 5732 5733
f 5732 5942 5733
f 5732 5941 5942
f 5894 5733 5734
f 5733 5970 5734
f 5733 5942 5970
f 5895 5734 5735
f 5734 5971 5735
f 5894 5734 5895
f 5734 5970 5971
f 5895 5735 5756
f 5735 5971 5756
f 5737 7063 5736
f 5736 7063 6978
f 5738 7067 5737
f 5737 7062 7063
f 5737 7067 7062
f 5739 7074 5738
f 5738 7074 7067
f 5740 7081 5739
f 5739 7081 7074
f 5742 7090 5740
f 5740 7090 7081
f 5741 7098 5742
f 5743 7098 5741
f 5742 7089 7090
f 5742 7098 7089
f 5744 7107 5743
f 5743 7107 7098
f 5745 7116 5744
f 5744 7116 7107
f 5746 7125 5745
f 5745 7125 7116
f 5749 7012 5746
f 5746 7012 7134
f 5746 7134 7125
f 5763 5959 5747
f 5747 5959 5937
f 5749 7020 7012
f 5750 5811 5766
f 5863 5750 5766
f 5750 5798 5811
f 5846 5750 5863
f 5751 5848 5768
f 5751 5847 5848
f 5891 5752 5753
f 5752 5966 5753
f 5891 5760 5752
f 5760 5965 5752
f 5752 5965 5966
f 5892 5753 5754
f 5753 5967 5754
f 5891 5753 5892
f 5753 5966 5967
f 5892 5754 5755
f 5754 5968 5755
f 5754 5967 5968
f 5895 5756 5757
f 5756 5973 5757
f 5756 5971 5972
f 5756 5972 5973
f 5896 5757 5758
f 5757 5974 5758
f 5895 5757 5896
f 5757 5973 5974
f 5896 5758 5761
f 5758 5975 5761
f 5758 5974 5975
f 5890 5759 5760
f 5759 5978 5760
f 5890 5770 5759
f 5770 6007 5759
f 5759 5977 5978
f 5759 6007 5977
f 5890 5760 5891
f 5760 5964 5965
f 5760 5978 5964
f 5896 5761 5762
f 5761 5980 5762
f 5761 5975 5979
f 5761 5979 5980
f 5897 5762 5771
f 5762 6009 5771
f 5896 5762 5897
f 5762 5980 6008
f 5762 6008 6009
f 5777 6002 5763
f 5763 6002 5959
f 5766 5812 5779
f 5877 5766 5779
f 5766 5811 5812
f 5863 5766 5877
f 5768 5864 5767
f 5767 5878 5780
f 5767 5864 5878
f 5768 5848 5864
f 5769 6006 5770
f 7256 5769 5770
f 5774 6005 5769
f 7255 5774 5769
f 5769 6005 6006
f 7255 5769 7256
f 5907 5770 5890
f 5906 5770 5907
f 5914 5770 5906
f 5913 5770 5914
f 5928 5770 5913
f 5927 5770 5928
f 5933 5770 5927
f 5949 5770 5933
f 5953 5770 5949
f 5988 5770 5953
f 5987 5770 5988
f 5993 5770 5987
f 6027 5770 5993
f 5770 6006 6007
f 6031 5770 6027
f 6087 5770 6031
f 6091 5770 6087
f 6091 7259 5770
f 7256 5770 7259
f 5908 5771 5772
f 5771 6010 5772
f 5897 5771 5908
f 5771 6009 6010
f 5908 5772 5775
f 5772 6010 5775
f 5773 6005 5774
f 7190 5773 5774
f 5781 6048 5773
f 7189 5781 5773
f 5773 6014 6005
f 5773 6048 6014
f 7189 5773 7190
f 7190 5774 7255
f 5908 5775 5776
f 5775 6015 5776
f 5775 6010 6015
f 5909 5776 5782
f 5776 6050 5782
f 5908 5776 5909
f 5776 6015 6049
f 5776 6049 6050
f 5785 6011 5777
f 5777 6011 6002
f 5779 5822 5787
f 5899 5779 5787
f 5779 5812 5822
f 5877 5779 5899
f 5780 5879 5789
f 5780 5878 5879
f 5783 6047 5781
f 7187 5783 5781
f 5781 6047 6048
f 7187 5781 7189
f 5915 5782 5784
f 5782 6051 5784
f 5909 5782 5915
f 5782 6050 6051
f 5880 5783 5790
f 7060 5790 5783
f 5881 5783 5880
f 5902 5783 5881
f 5901 5783 5902
f 5923 5783 5901
f 5922 5783 5923
f 5922 6053 5783
f 5783 6046 6047
f 6053 6046 5783
f 7060 5783 7187
f 5916 5784 5791
f 5784 6110 5791
f 5915 5784 5916
f 5784 6051 6054
f 5784 6054 6109
f 5784 6109 6110
f 5794 6011 5785
f 5787 5831 5797
f 5919 5787 5797
f 5787 5822 5831
f 5899 5787 5919
f 5789 5900 5788
f 5788 5920 5798
f 5788 5900 5920
f 5789 5879 5900
f 5868 5790 5792
f 7058 5792 5790
f 5865 5790 5866
f 5882 5790 5865
f 5866 5790 5869
f 5869 5790 5868
f 5880 5790 5882
f 7058 5790 7060
f 5916 5791 5793
f 5791 6114 5793
f 5791 6110 6114
f 5852 5792 5800
f 6965 5800 5792
f 5851 5792 5852
f 5868 5792 5851
f 6965 5792 7058
f 5929 5793 5801
f 5793 6164 5801
f 5916 5793 5929
f 5793 6114 6164
f 5807 6042 5794
f 5794 6042 6011
f 5797 5849 5810
f 5936 5797 5810
f 5797 5831 5849
f 5919 5797 5936
f 5798 5921 5811
f 5798 5920 5921
f 5853 5800 5799
f 6962 5799 5800
f 5833 5799 5804
f 6961 5804 5799
f 5855 5799 5833
f 5853 5799 5855
f 6961 5799 6962
f 5852 5800 5854
f 5854 5800 5853
f 6962 5800 6965
f 5929 5801 5802
f 5801 6165 5802
f 5801 6164 6165
f 5930 5802 5805
f 5802 6167 5805
f 5929 5802 5930
f 5802 6165 6167
f 5833 5804 5803
f 6879 5803 5804
f 5834 5803 5813
f 6878 5813 5803
f 5833 5803 5835
f 5835 5803 5834
f 6878 5803 6879
f 6879 5804 6961
f 5930 5805 5806
f 5805 6217 5806
f 5805 6167 6217
f 5930 5806 5814
f 5806 6217 5814
f 5809 6105 5807
f 5807 6105 6042
f 5819 6111 5809
f 5809 6111 6105
f 5810 5849 5821
f 5958 5810 5821
f 5936 5810 5958
f 5811 5937 5812
f 5811 5921 5937
f 5812 5959 5822
f 5812 5937 5959
f 5836 5813 5815
f 6876 5815 5813
f 5834 5813 5837
f 5837 5813 5836
f 6876 5813 6878
f 5934 5814 5816
f 5814 6217 5816
f 5930 5814 5934
f 5838 5815 5824
f 6792 5824 5815
f 5836 5815 5838
f 6792 5815 6876
f 5934 5816 5817
f 5816 6219 5817
f 5816 6217 6219
f 5934 5817 5825
f 5817 6277 5825
f 5817 6219 6277
f 5830 6111 5819
f 5821 5867 5823
f 6001 5821 5823
f 5821 5849 5867
f 5958 5821 6001
f 5822 6002 5831
f 5822 5959 6002
f 5823 5883 5832
f 6041 5823 5832
f 5823 5867 5883
f 6001 5823 6041
f 5839 5824 5827
f 6789 5827 5824
f 5838 5824 5840
f 5840 5824 5839
f 6789 5824 6792
f 5825 6278 5826
f 6791 5825 5826
f 5934 5825 5950
f 5950 5825 5954
f 5954 5825 5989
f 5989 5825 5990
f 5990 5825 5994
f 5994 5825 6028
f 6028 5825 6032
f 6032 5825 6088
f 6088 5825 6092
f 6092 5825 6790
f 5825 6277 6278
f 6790 5825 6791
f 5826 6281 5828
f 6715 5826 5828
f 5826 6278 6281
f 6791 5826 6715
f 5839 5827 5856
f 5856 5827 5841
f 6714 5841 5827
f 6714 5827 6789
f 5828 6338 5842
f 6712 5828 5842
f 5828 6281 6338
f 6715 5828 6712
f 5846 6161 5830
f 5830 6161 6111
f 5831 6011 5849
f 5831 6002 6011
f 5832 6058 5850
f 6104 5832 5850
f 5832 5883 6059
f 6041 5832 6104
f 5832 6059 6058
f 5857 5841 5844
f 6711 5844 5841
f 5856 5841 5857
f 6711 5841 6714
f 5842 6339 5843
f 6713 5842 5843
f 5842 6338 6339
f 6712 5842 6713
f 5843 6339 5845
f 6642 5843 5845
f 6713 5843 6642
f 5857 5844 5859
f 6641 5859 5844
f 6641 5844 6711
f 5845 6399 5860
f 6640 5845 5860
f 5845 6339 6399
f 6642 5845 6640
f 5863 6215 5846
f 5846 6215 6161
f 5849 6105 5867
f 5849 6011 6042
f 5849 6042 6105
f 5850 6065 5870
f 6160 5850 5870
f 6058 6065 5850
f 6104 5850 6160
f 5859 5861 5858
f 5858 5861 5871
f 6639 5861 5859
f 6639 5859 6641
f 5860 6401 5862
f 6569 5860 5862
f 5860 6399 6401
f 6640 5860 6569
f 5871 5861 5872
f 6568 5872 5861
f 6568 5861 6639
f 5862 6470 5873
f 6567 5862 5873
f 5862 6401 6470
f 6569 5862 6567
f 5877 6215 5863
f 5867 6111 5883
f 5867 6105 6111
f 5870 6064 5884
f 6214 5870 5884
f 5870 6065 6064
f 6160 5870 6214
f 6566 5874 5872
f 6566 5872 6568
f 5873 6472 5875
f 6499 5873 5875
f 5873 6470 6472
f 6567 5873 6499
f 5887 5874 5886
f 6498 5886 5874
f 6498 5874 6566
f 6500 5875 5876
f 5875 6536 5876
f 5875 6472 6536
f 6499 5875 6500
f 6497 5876 5888
f 5876 6536 5888
f 6500 5876 6497
f 5899 6275 5877
f 5877 6275 6215
f 6059 5883 5885
f 5883 6161 5885
f 5883 6111 6161
f 5884 6063 5904
f 6274 5884 5904
f 5884 6064 6063
f 6214 5884 6274
f 6060 5885 5903
f 5885 6215 5903
f 6059 5885 6060
f 5885 6161 6215
f 6495 5889 5886
f 6495 5886 6498
f 6440 5888 5898
f 5888 6536 5898
f 6497 5888 6440
f 6431 5905 5889
f 6431 5889 6495
f 6604 5890 5891
f 6603 5907 5890
f 6603 5890 6604
f 6539 5891 5892
f 6538 5891 6539
f 6604 5891 6538
f 6533 5892 5893
f 6532 5892 6533
f 6539 5892 6532
f 6534 5893 5894
f 6533 5893 6534
f 6535 5894 5895
f 6534 5894 6535
f 6541 5895 5896
f 6535 5895 6540
f 6540 5895 6541
f 6606 5896 5897
f 6541 5896 6605
f 6605 5896 6606
f 6606 5897 5908
f 6430 5898 5910
f 5898 6608 5910
f 6440 5898 6430
f 5898 6536 6542
f 5898 6542 6608
f 5919 6275 5899
f 6060 5903 5924
f 5903 6275 5924
f 5903 6215 6275
f 5904 6117 5925
f 6334 5904 5925
f 5904 6063 6118
f 6118 6117 5904
f 6274 5904 6334
f 5905 6425 5912
f 6425 5905 6431
f 6603 5906 5907
f 6602 5914 5906
f 6602 5906 6603
f 6607 5908 5909
f 6606 5908 6607
f 6607 5909 5915
f 6374 5910 5917
f 5910 6612 5917
f 6430 5910 6374
f 5910 6608 6612
f 5912 5926 5911
f 5912 6369 5926
f 5912 6425 6369
f 6602 5913 5914
f 6676 5928 5913
f 6610 5913 6602
f 6676 5913 6610
f 6611 5915 5916
f 6607 5915 6611
f 6677 5916 5929
f 6611 5916 6677
f 6375 5917 5918
f 5917 6679 5918
f 6374 5917 6375
f 5917 6612 6679
f 6367 5918 5931
f 5918 6679 5931
f 6375 5918 6367
f 5936 6279 5919
f 5919 6279 6275
f 5944 6053 5922
f 6067 5924 5946
f 5924 6279 5946
f 6060 5924 6061
f 6061 5924 6067
f 5924 6275 6279
f 5925 6116 5945
f 6396 5925 5945
f 5925 6117 6116
f 6334 5925 6396
f 5926 6362 5932
f 5926 6369 6362
f 6676 5927 5928
f 6675 5933 5927
f 6675 5927 6676
f 6678 5929 5930
f 6677 5929 6678
f 6678 5930 5934
f 6313 5931 5935
f 5931 6679 5935
f 6367 5931 6313
f 5932 6310 5948
f 5932 6362 6310
f 6752 5949 5933
f 6681 5933 6675
f 6752 5933 6681
f 6754 5934 5950
f 6678 5934 6682
f 6682 5934 6753
f 6753 5934 6754
f 6309 5935 5951
f 5935 6755 5951
f 6313 5935 6309
f 5935 6679 6683
f 5935 6683 6755
f 5958 6279 5936
f 5960 6107 5938
f 6533 5940 5939
f 6538 5939 5969
f 6533 5939 6532
f 6532 5939 6539
f 6539 5939 6538
f 6533 5941 5940
f 6534 5942 5941
f 6534 5941 6533
f 6540 5970 5942
f 6535 5942 6534
f 6540 5942 6535
f 5943 6053 5944
f 5982 6053 5943
f 5945 6116 5983
f 6467 5945 5983
f 6396 5945 6467
f 6068 5946 5947
f 5946 6335 5947
f 6067 5946 6068
f 5946 6279 6335
f 6119 5947 5984
f 5947 6397 5984
f 6068 5947 6119
f 5947 6335 6397
f 5952 5985 5948
f 5948 6306 5952
f 5948 6310 6306
f 6751 5953 5949
f 6751 5949 6752
f 6754 5950 5954
f 6256 5951 5955
f 5951 6759 5955
f 6309 5951 6256
f 5951 6755 6759
f 5952 5986 5985
f 5952 6253 5986
f 5952 6306 6253
f 6836 5988 5953
f 6757 5953 6751
f 6836 5953 6757
f 6837 5954 5989
f 6754 5954 6758
f 6758 5954 6837
f 6252 5955 5991
f 5955 6839 5991
f 6256 5955 6252
f 5955 6759 6839
f 5961 5956 5957
f 5957 5956 5996
f 5961 5960 5956
f 5961 5957 5997
f 5997 5957 5996
f 6001 6335 5958
f 5958 6335 6279
f 5961 6107 5960
f 5962 5961 5998
f 5962 6107 5961
f 5961 5997 5998
f 5963 5962 6000
f 5963 6107 5962
f 5962 5998 5999
f 6000 5962 5999
f 5963 6000 5976
f 5976 6107 5963
f 6751 5965 5964
f 6751 5964 5978
f 6675 5966 5965
f 6675 5965 6681
f 6681 5965 6752
f 6752 5965 6751
f 6610 5967 5966
f 6610 5966 6676
f 6676 5966 6675
f 6602 5968 5967
f 6602 5967 6610
f 6603 5969 5968
f 6603 5968 6602
f 6538 5969 6604
f 6604 5969 6603
f 6605 5971 5970
f 6541 5970 6540
f 6605 5970 6541
f 6606 5972 5971
f 6606 5971 6605
f 6607 5973 5972
f 6607 5972 6606
f 6677 5974 5973
f 6611 5973 6607
f 6677 5973 6611
f 6682 5975 5974
f 6678 5974 6677
f 6682 5974 6678
f 6754 5979 5975
f 6753 5975 6682
f 6754 5975 6753
f 6003 5976 6000
f 6003 6107 5976
f 6841 5978 5977
f 7016 5977 6007
f 6841 5977 6920
f 6920 5977 6925
f 6925 5977 7016
f 6751 5978 6757
f 6757 5978 6836
f 6836 5978 6835
f 6835 5978 6841
f 6758 5980 5979
f 6758 5979 6754
f 6838 6008 5980
f 6837 5980 6758
f 6838 5980 6837
f 5981 6053 5982
f 6018 6108 5981
f 5981 6108 6053
f 5983 6124 6019
f 6528 5983 6019
f 5983 6116 6115
f 5983 6115 6124
f 6467 5983 6528
f 6119 5984 6020
f 5984 6468 6020
f 5984 6397 6468
f 5992 6025 5986
f 5986 6247 5992
f 5986 6253 6247
f 6836 5987 5988
f 6835 5993 5987
f 6835 5987 6836
f 6838 5989 5990
f 6837 5989 6838
f 6838 5990 5994
f 6199 5991 5995
f 5991 6839 5995
f 6252 5991 6199
f 6026 6025 5992
f 5992 6196 6026
f 5992 6247 6196
f 6920 6027 5993
f 6841 5993 6835
f 6920 5993 6841
f 6921 5994 6028
f 6838 5994 6842
f 6842 5994 6921
f 6195 5995 6029
f 5995 6922 6029
f 6199 5995 6195
f 5995 6839 6843
f 5995 6843 6922
f 5997 5996 6034
f 5998 5997 6035
f 5997 6034 6035
f 5999 5998 6037
f 6036 5998 6035
f 6037 5998 6036
f 6000 5999 6037
f 6038 6003 6000
f 6000 6037 6038
f 6397 6001 6041
f 6335 6001 6397
f 6004 6003 6039
f 6004 6107 6003
f 6039 6003 6038
f 6012 6004 6040
f 6012 6107 6004
f 6004 6039 6040
f 6005 8006 6006
f 6014 7962 6005
f 6005 7962 8006
f 6006 8007 6007
f 6006 8006 8007
f 6007 7022 7016
f 6007 8007 7022
f 6009 6008 7023
f 6842 6008 6838
f 6921 6008 6842
f 6926 6008 6921
f 7017 6008 6926
f 7023 6008 7017
f 6010 6009 7023
f 7023 6015 6010
f 6013 6012 6044
f 6013 6107 6012
f 6012 6040 6043
f 6044 6012 6043
f 6044 6107 6013
f 6048 7956 6014
f 6014 7956 7962
f 7023 6049 6015
f 6016 6107 6017
f 6055 6107 6016
f 6017 6108 6018
f 6017 6107 6108
f 6019 6170 6056
f 6598 6019 6056
f 6019 6124 6123
f 6019 6123 6170
f 6528 6019 6598
f 6120 6020 6062
f 6020 6468 6062
f 6119 6020 6120
f 6021 6072 6022
f 6022 6073 6023
f 6022 6072 6073
f 6023 6074 6024
f 6074 6023 6073
f 6076 6024 6074
f 6026 6084 6025
f 6030 6084 6026
f 6026 6192 6030
f 6026 6196 6192
f 6920 6031 6027
f 6921 6028 6032
f 6147 6029 6033
f 6029 6927 6033
f 6195 6029 6147
f 6029 6922 6927
f 6030 6085 6084
f 6139 6085 6030
f 6086 6139 6030
f 6030 6144 6086
f 6030 6192 6144
f 7016 6087 6031
f 6925 6031 6920
f 7016 6031 6925
f 7017 6032 6088
f 6921 6032 6926
f 6926 6032 7017
f 6143 6033 6089
f 6033 7018 6089
f 6147 6033 6143
f 6033 6927 7018
f 6035 6034 6096
f 6034 6094 6095
f 6096 6034 6095
f 6036 6035 6096
f 6037 6036 6097
f 6097 6036 6096
f 6038 6037 6098
f 6037 6097 6098
f 6038 6099 6039
f 6098 6099 6038
f 6040 6039 6100
f 6039 6099 6100
f 6044 6043 6040
f 6044 6040 6101
f 6101 6040 6100
f 6397 6041 6104
f 6052 6045 6044
f 6045 6107 6044
f 6052 6044 6102
f 6044 6101 6102
f 6052 6107 6045
f 6046 7954 6047
f 6053 7911 6046
f 6046 7911 7954
f 6047 7955 6048
f 6047 7954 7955
f 6048 7955 7956
f 7023 6050 6049
f 7023 6051 6050
f 6054 6051 7023
f 6106 6052 6102
f 6106 6107 6052
f 6108 7907 6053
f 6053 7907 7911
f 7023 6109 6054
f 6113 6107 6055
f 6056 6169 6057
f 6057 6598 6056
f 6056 6170 6169
f 6057 6169 6168
f 6057 6168 6174
f 6057 6174 6223
f 6223 6222 6057
f 6057 6222 6227
f 6057 6227 6288
f 6288 6287 6057
f 6287 6599 6057
f 6057 6599 6598
f 6060 6061 6067
f 6067 6066 6060
f 6120 6062 6121
f 6121 6062 6122
f 6122 6062 6126
f 6126 6062 6171
f 6171 6062 6172
f 6172 6062 6173
f 6220 6173 6062
f 6062 6283 6220
f 6282 6283 6062
f 6341 6282 6062
f 6600 6341 6062
f 6062 6468 6529
f 6062 6529 6600
f 6072 6068 6069
f 6119 6069 6068
f 6069 6070 6073
f 6070 6069 6119
f 6069 6073 6072
f 6070 6071 6074
f 6120 6071 6070
f 6070 6074 6073
f 6070 6119 6120
f 6074 6071 6121
f 6120 6121 6071
f 6076 6074 6075
f 6125 6075 6074
f 6074 6121 6125
f 6075 6077 6076
f 6077 6075 6128
f 6125 6126 6075
f 6128 6075 6126
f 6078 6077 6128
f 6079 6081 6078
f 6130 6079 6078
f 6081 6080 6078
f 6078 6128 6129
f 6130 6078 6129
f 6130 6081 6079
f 6081 6082 6083
f 6133 6082 6081
f 6132 6081 6130
f 6133 6081 6132
f 6135 6083 6082
f 6133 6135 6082
f 6086 6140 6090
f 6090 6189 6086
f 6189 6139 6086
f 6086 6144 6140
f 7016 6091 6087
f 7017 6088 6092
f 6143 6089 6093
f 6089 7018 6093
f 6140 6189 6090
f 7146 6141 6091
f 6141 7259 6091
f 7022 6091 7016
f 7146 6091 7022
f 7147 6092 6142
f 7262 6142 6092
f 6092 6790 6794
f 6793 6092 6794
f 6877 6092 6793
f 6881 6092 6877
f 6880 6092 6881
f 6964 6092 6880
f 6963 6092 6964
f 6966 6092 6963
f 7059 6092 6966
f 7017 6092 7023
f 7023 6092 7147
f 7061 6092 7059
f 7188 6092 7061
f 7192 6092 7188
f 7191 6092 7192
f 7258 6092 7191
f 7257 6092 7258
f 7262 6092 7257
f 6093 7148 6143
f 6093 7018 7148
f 6095 6094 6148
f 6096 6095 6149
f 6095 6148 6149
f 6097 6096 6150
f 6096 6149 6150
f 6098 6097 6150
f 6099 6098 6152
f 6098 6150 6151
f 6152 6098 6151
f 6100 6099 6154
f 6152 6153 6099
f 6154 6099 6153
f 6101 6100 6154
f 6157 6102 6101
f 6101 6154 6155
f 6156 6101 6155
f 6156 6157 6101
f 6106 6103 6102
f 6106 6102 6159
f 6159 6102 6157
f 6468 6104 6160
f 6397 6104 6468
f 6112 6107 6106
f 6162 6112 6106
f 6162 6106 6159
f 6107 7906 6108
f 6163 6107 6112
f 6166 6107 6163
f 6216 6107 6166
f 6218 6107 6216
f 6276 6107 6218
f 6280 6107 6276
f 6336 6107 6280
f 6337 6107 6336
f 7906 6107 6337
f 6108 7906 7907
f 7023 6110 6109
f 7023 6114 6110
f 6163 6112 6162
f 7023 6164 6114
f 6122 6126 6121
f 6121 6126 6125
f 6129 6126 6127
f 6171 6127 6126
f 6128 6126 6129
f 6175 6129 6127
f 6171 6172 6127
f 6175 6127 6172
f 6175 6130 6129
f 6133 6130 6131
f 6176 6131 6130
f 6133 6132 6130
f 6176 6130 6175
f 6176 6133 6131
f 6134 6136 6133
f 6178 6134 6133
f 6136 6135 6133
f 6177 6133 6176
f 6178 6133 6177
f 6179 6136 6134
f 6179 6134 6178
f 6138 6137 6136
f 6180 6138 6136
f 6180 6136 6179
f 6181 6138 6180
f 6144 6190 6140
f 6140 6190 6189
f 7146 6145 6141
f 6145 7259 6141
f 7147 6142 6146
f 7262 6146 6142
f 6143 7148 6147
f 6144 6191 6190
f 6144 6245 6191
f 6192 6245 6144
f 7213 6193 6145
f 6193 7259 6145
f 7151 6145 7146
f 7213 6145 7151
f 7214 6146 6194
f 7262 6194 6146
f 7147 6146 7152
f 7152 6146 7214
f 6147 7153 6195
f 6147 7148 7153
f 6149 6148 6201
f 6201 6148 6200
f 6150 6149 6202
f 6202 6149 6201
f 6151 6150 6202
f 6152 6151 6203
f 6151 6202 6203
f 6204 6153 6152
f 6152 6203 6204
f 6154 6153 6205
f 6204 6205 6153
f 6155 6154 6206
f 6154 6205 6206
f 6157 6156 6155
f 6207 6156 6155
f 6207 6155 6206
f 6208 6157 6156
f 6208 6156 6207
f 6159 6157 6158
f 6210 6158 6157
f 6209 6157 6208
f 6209 6210 6157
f 6210 6159 6158
f 6162 6159 6212
f 6211 6159 6210
f 6212 6159 6211
f 6468 6160 6214
f 6163 6162 6212
f 6166 6163 6213
f 6213 6163 6212
f 7023 6165 6164
f 7023 6167 6165
f 6216 6166 6213
f 7023 6217 6167
f 6173 6175 6172
f 6224 6175 6173
f 6220 6224 6173
f 6175 6225 6176
f 6175 6224 6225
f 6228 6177 6176
f 6228 6176 6225
f 6229 6178 6177
f 6229 6177 6228
f 6229 6179 6178
f 6232 6180 6179
f 6231 6179 6229
f 6232 6179 6231
f 6234 6181 6180
f 6234 6180 6232
f 6182 6184 6181
f 6235 6182 6181
f 6181 6184 6183
f 6235 6181 6234
f 6236 6184 6182
f 6235 6236 6182
f 6185 6184 6238
f 6236 6238 6184
f 6187 8183 6186
f 8183 6244 6186
f 6188 8183 6187
f 6189 8187 6188
f 6188 8187 8183
f 6190 8187 6189
f 6191 8191 6190
f 6190 8191 8187
f 6245 8191 6191
f 6196 6246 6192
f 6246 6245 6192
f 7213 6197 6193
f 6197 7259 6193
f 7214 6194 6198
f 7262 6198 6194
f 6195 7215 6199
f 6195 7153 7215
f 6247 6246 6196
f 6248 7260 6197
f 7279 6248 6197
f 7217 6197 7213
f 7279 6197 7217
f 6197 7260 7259
f 7262 6251 6198
f 7282 6198 6251
f 7214 6198 7218
f 7218 6198 7282
f 6199 7283 6252
f 6199 7215 7219
f 6199 7219 7283
f 6201 6200 6258
f 6202 6201 6259
f 6201 6258 6259
f 6203 6202 6261
f 6260 6202 6259
f 6261 6202 6260
f 6204 6203 6261
f 6205 6204 6262
f 6262 6204 6261
f 6206 6205 6263
f 6205 6262 6263
f 6207 6206 6265
f 6206 6263 6264
f 6265 6206 6264
f 6208 6207 6266
f 6266 6207 6265
f 6209 6208 6266
f 6268 6210 6209
f 6267 6209 6266
f 6268 6209 6267
f 6211 6210 6269
f 6268 6269 6210
f 6269 6212 6211
f 6213 6212 6271
f 6270 6212 6269
f 6271 6212 6270
f 6216 6213 6273
f 6273 6213 6271
f 6214 6274 6468
f 6276 6218 6216
f 6276 6216 6273
f 6219 6217 7023
f 7023 6277 6219
f 6221 6225 6220
f 6284 6221 6220
f 6225 6224 6220
f 6284 6220 6283
f 6285 6225 6221
f 6285 6221 6284
f 6229 6225 6226
f 6286 6226 6225
f 6229 6228 6225
f 6286 6225 6285
f 6289 6229 6226
f 6289 6226 6286
f 6230 6232 6229
f 6229 6290 6230
f 6232 6231 6229
f 6290 6229 6289
f 6291 6232 6230
f 6290 6291 6230
f 6233 6235 6232
f 6292 6233 6232
f 6235 6234 6232
f 6292 6232 6291
f 6293 6235 6233
f 6293 6233 6292
f 6295 6236 6235
f 6293 6295 6235
f 6237 6238 6236
f 6296 6237 6236
f 6296 6236 6295
f 6297 6238 6237
f 6296 6297 6237
f 6297 6239 6238
f 6297 6302 6239
f 8175 6240 6241
f 8175 6301 6240
f 8175 6241 6242
f 8179 6242 6243
f 8175 6242 8179
f 8179 6243 6244
f 8179 6244 8183
f 6246 8239 6245
f 6245 8194 8191
f 6245 8239 8194
f 6247 8244 6246
f 6246 8240 8239
f 6246 8244 8240
f 6253 6305 6247
f 6305 8247 6247
f 6247 8247 8244
f 6249 7260 6248
f 7279 6249 6248
f 6254 7260 6249
f 7280 6254 6249
f 7280 6249 7279
f 7262 6250 6251
f 7281 6251 6250
f 6255 6250 7262
f 7281 6250 6255
f 7282 6251 7281
f 6252 7283 6256
f 6306 6305 6253
f 6307 7260 6254
f 7358 6307 6254
f 7285 6254 7280
f 7358 6254 7285
f 6308 6255 7261
f 7361 6255 6308
f 7261 6255 7262
f 7281 6255 7286
f 7286 6255 7361
f 6256 7287 6309
f 6256 7283 7287
f 6258 6257 6314
f 6259 6258 6315
f 6315 6258 6314
f 6260 6259 6318
f 6316 6259 6315
f 6318 6259 6316
f 6261 6260 6318
f 6262 6261 6318
f 6264 6263 6262
f 6264 6262 6321
f 6318 6319 6262
f 6321 6262 6319
f 6321 6265 6264
f 6324 6266 6265
f 6322 6265 6321
f 6324 6265 6322
f 6324 6267 6266
f 6327 6268 6267
f 6325 6267 6324
f 6327 6267 6325
f 6327 6269 6268
f 6270 6269 6328
f 6328 6269 6327
f 6273 6271 6270
f 6273 6270 6272
f 6331 6272 6270
f 6330 6270 6328
f 6330 6331 6270
f 6331 6273 6272
f 6276 6273 6333
f 6332 6273 6331
f 6333 6273 6332
f 6468 6274 6334
f 6280 6276 6336
f 6336 6276 6333
f 6278 6277 7023
f 7023 6281 6278
f 7023 6338 6281
f 6341 6283 6282
f 6343 6284 6283
f 6342 6283 6341
f 6343 6283 6342
f 6344 6285 6284
f 6344 6284 6343
f 6345 6286 6285
f 6345 6285 6344
f 6346 6289 6286
f 6346 6286 6345
f 6287 7450 6599
f 6347 6290 6289
f 6347 6289 6346
f 6348 6291 6290
f 6348 6290 6347
f 6349 6292 6291
f 6349 6291 6348
f 6350 6293 6292
f 6292 6349 6350
f 6294 6296 6293
f 6351 6294 6293
f 6296 6295 6293
f 6351 6293 6350
f 6352 6296 6294
f 6351 6352 6294
f 6356 6297 6296
f 6352 6356 6296
f 6298 6303 6297
f 6357 6298 6297
f 6303 6302 6297
f 6357 6297 6356
f 6357 6303 6298
f 8167 6299 6300
f 8167 6355 6299
f 8171 6300 6301
f 8167 6300 8171
f 8171 6301 8175
f 6359 6304 6303
f 6358 6303 6357
f 6359 6303 6358
f 6306 8283 6305
f 6305 8283 8247
f 6310 8287 6306
f 6306 8287 8283
f 6311 7323 6307
f 7358 6311 6307
f 6307 7323 7260
f 7261 6312 6308
f 7360 6308 6312
f 7361 6308 7360
f 6309 7362 6313
f 6309 7287 7362
f 6362 8287 6310
f 6363 7323 6311
f 7421 6363 6311
f 7359 6311 7358
f 7364 6311 7359
f 7421 6311 7364
f 6366 6312 7329
f 7424 6312 6366
f 7329 6312 7261
f 7360 6312 7365
f 7365 6312 7424
f 6313 7425 6367
f 6313 7362 7366
f 6313 7366 7425
f 6315 6314 6376
f 6316 6315 6377
f 6315 6376 6377
f 6318 6316 6317
f 6317 6316 6378
f 6316 6377 6378
f 6318 6317 6380
f 6317 6378 6380
f 6381 6319 6318
f 6318 6380 6381
f 6321 6319 6320
f 6320 6319 6384
f 6382 6319 6381
f 6319 6382 6384
f 6321 6320 6384
f 6324 6322 6321
f 6323 6324 6321
f 6323 6321 6385
f 6321 6384 6385
f 6323 6386 6324
f 6323 6385 6386
f 6325 6324 6327
f 6324 6326 6327
f 6326 6324 6388
f 6386 6387 6324
f 6388 6324 6387
f 6327 6326 6388
f 6330 6328 6327
f 6329 6330 6327
f 6329 6327 6389
f 6327 6388 6389
f 6390 6330 6329
f 6329 6389 6390
f 6392 6331 6330
f 6391 6330 6390
f 6392 6330 6391
f 6392 6332 6331
f 6333 6332 6394
f 6394 6332 6392
f 6336 6333 6395
f 6395 6333 6394
f 6468 6334 6396
f 7735 6337 6336
f 6340 6336 6398
f 7735 6336 6340
f 6398 6336 6395
f 7736 6337 7735
f 7736 7906 6337
f 7023 6339 6338
f 6399 6339 7023
f 7687 6340 6398
f 7689 6340 7687
f 7735 6340 7689
f 6403 6342 6341
f 6403 6341 6402
f 6600 6402 6341
f 6403 6343 6342
f 6405 6344 6343
f 6403 6404 6343
f 6343 6404 6405
f 6406 6345 6344
f 6406 6344 6405
f 6407 6346 6345
f 6407 6345 6406
f 6408 6347 6346
f 6408 6346 6407
f 6408 6348 6347
f 6410 6349 6348
f 6409 6348 6408
f 6409 6410 6348
f 6411 6350 6349
f 6410 6411 6349
f 6411 6351 6350
f 6351 6416 6352
f 6412 6351 6411
f 6412 6416 6351
f 6418 6356 6352
f 6416 6418 6352
f 8162 6353 6354
f 8158 6415 6353
f 8158 6353 8162
f 8162 6354 6355
f 8162 6355 8166
f 8166 6355 8167
f 6419 6357 6356
f 6419 6356 6418
f 6419 6358 6357
f 6359 6358 6421
f 6420 6358 6419
f 6421 6358 6420
f 6360 6361 6359
f 6360 6359 6422
f 6422 6359 6421
f 6423 6361 6360
f 6423 6360 6422
f 6369 6368 6362
f 6368 8326 6362
f 6362 8289 8287
f 6362 8326 8289
f 6364 7324 6363
f 7421 6364 6363
f 6363 7324 7323
f 6370 7324 6364
f 7422 6370 6364
f 7422 6364 7421
f 6365 6366 7329
f 7423 6366 6365
f 7329 6373 6365
f 7423 6365 6373
f 7424 6366 7423
f 6367 7425 6375
f 6369 8326 6368
f 6425 8329 6369
f 6369 8329 8326
f 6371 7325 6370
f 7427 6371 6370
f 6370 7325 7324
f 7427 6370 7422
f 6426 7325 6371
f 7489 6426 6371
f 7489 6371 7427
f 7328 6372 6373
f 7494 6373 6372
f 7327 6429 6372
f 7494 6372 6429
f 7327 6372 7328
f 7328 6373 7329
f 7423 6373 7428
f 7428 6373 7494
f 6375 7425 6374
f 6374 7429 6430
f 6374 7425 7429
f 6377 6376 6445
f 6376 6442 6444
f 6445 6376 6444
f 6378 6377 6380
f 6380 6377 6379
f 6379 6377 6445
f 6380 6379 6445
f 6381 6380 6447
f 6380 6445 6446
f 6447 6380 6446
f 6382 6381 6384
f 6384 6381 6383
f 6383 6381 6447
f 6384 6383 6450
f 6383 6447 6449
f 6450 6383 6449
f 6385 6384 6450
f 6453 6386 6385
f 6385 6450 6451
f 6453 6385 6451
f 6453 6387 6386
f 6388 6387 6454
f 6456 6388 6387
f 6454 6387 6453
f 6389 6388 6456
f 6388 6454 6456
f 6390 6389 6459
f 6457 6389 6456
f 6459 6389 6457
f 6391 6390 6461
f 6460 6390 6459
f 6460 6461 6390
f 6392 6391 6461
f 6393 6394 6392
f 6393 6392 6461
f 6464 6394 6393
f 6393 6461 6462
f 6463 6393 6462
f 6463 6464 6393
f 6464 6395 6394
f 6466 6398 6395
f 6466 6395 6464
f 6529 6396 6467
f 6468 6396 6529
f 6400 6398 6469
f 7632 6398 6400
f 6469 6398 6466
f 7687 6398 7632
f 6401 6399 7023
f 7630 6400 6469
f 7632 6400 7630
f 7023 6470 6401
f 6474 6403 6402
f 6474 6402 6473
f 6600 6473 6402
f 6475 6404 6403
f 6475 6403 6474
f 6404 6476 6405
f 6475 6476 6404
f 6476 6406 6405
f 6406 6478 6407
f 6476 6477 6406
f 6477 6478 6406
f 6407 6478 6408
f 6480 6409 6408
f 6408 6478 6479
f 6480 6408 6479
f 6481 6410 6409
f 6480 6481 6409
f 6484 6411 6410
f 6484 6410 6481
f 6484 6412 6411
f 6486 6416 6412
f 6485 6412 6484
f 6486 6412 6485
f 8203 6413 6414
f 8203 6483 6413
f 8158 6414 6415
f 8210 6414 8158
f 8203 6414 8210
f 6416 6417 6419
f 6486 6417 6416
f 6419 6418 6416
f 6488 6419 6417
f 6488 6417 6486
f 6419 6488 6420
f 6422 6421 6420
f 6491 6421 6420
f 6489 6420 6488
f 6491 6420 6489
f 6422 6421 6491
f 6423 6422 6492
f 6492 6422 6491
f 6424 6423 6492
f 6493 6424 6492
f 6431 8362 6425
f 6425 8362 8329
f 6427 7326 6426
f 7489 6427 6426
f 6426 7326 7325
f 6432 7330 6427
f 7490 6432 6427
f 6427 7330 7326
f 7490 6427 7489
f 6428 6429 7327
f 7493 6429 6428
f 7337 6439 6428
f 7493 6428 6439
f 7337 6428 7327
f 7494 6429 7493
f 6430 7495 6440
f 6430 7429 7495
f 6495 8366 6431
f 6431 8366 8362
f 6433 7331 6432
f 7490 6433 6432
f 6432 7331 7330
f 6434 7332 6433
f 7497 6434 6433
f 6433 7332 7331
f 7491 6433 7490
f 7497 6433 7491
f 6435 7333 6434
f 7564 6435 6434
f 6434 7333 7332
f 7498 6434 7497
f 7564 6434 7498
f 6436 7333 6435
f 7565 6436 6435
f 7565 6435 7564
f 7335 6436 6437
f 7566 6437 6436
f 6436 7334 7333
f 7334 6436 7335
f 7566 6436 7565
f 7336 6437 6438
f 7499 6438 6437
f 7335 6437 7336
f 7499 6437 7567
f 7567 6437 7566
f 7337 6438 6439
f 7492 6439 6438
f 7336 6438 7337
f 7492 6438 7500
f 7500 6438 7499
f 7493 6439 7492
f 6440 7568 6497
f 6440 7495 7501
f 6440 7501 7568
f 6442 6441 6443
f 6444 6442 6443
f 6444 6443 6502
f 6502 6443 6501
f 6445 6444 6502
f 6446 6445 6503
f 6445 6502 6503
f 6447 6446 6449
f 6449 6446 6448
f 6506 6448 6446
f 6446 6503 6504
f 6446 6504 6506
f 6506 6449 6448
f 6450 6449 6507
f 6449 6506 6507
f 6453 6451 6450
f 6453 6450 6452
f 6452 6450 6508
f 6508 6450 6507
f 6510 6453 6452
f 6452 6508 6510
f 6454 6453 6456
f 6455 6456 6453
f 6513 6455 6453
f 6511 6453 6510
f 6513 6453 6511
f 6514 6456 6455
f 6514 6455 6513
f 6459 6457 6456
f 6459 6456 6458
f 6516 6458 6456
f 6516 6456 6514
f 6459 6458 6516
f 6460 6459 6519
f 6459 6516 6517
f 6519 6459 6517
f 6462 6461 6460
f 6462 6460 6521
f 6521 6460 6519
f 6463 6462 6523
f 6523 6462 6521
f 6466 6464 6463
f 6466 6463 6465
f 6524 6465 6463
f 6524 6463 6523
f 6524 6466 6465
f 6527 6469 6466
f 6525 6466 6524
f 6527 6466 6525
f 6529 6467 6528
f 6471 6469 6531
f 7569 6469 6471
f 6531 6469 6527
f 7630 6469 7569
f 7023 6472 6470
f 7563 6471 6531
f 7569 6471 7563
f 7023 6536 6472
f 6544 6474 6473
f 6473 6543 6544
f 6600 6543 6473
f 6474 6545 6475
f 6544 6545 6474
f 6546 6476 6475
f 6546 6475 6545
f 6547 6477 6476
f 6546 6547 6476
f 6548 6478 6477
f 6548 6477 6547
f 6478 6549 6479
f 6548 6549 6478
f 6552 6480 6479
f 6552 6479 6549
f 6480 6553 6481
f 6553 6480 6552
f 6554 6484 6481
f 6553 6554 6481
f 8203 6482 6483
f 8257 6551 6482
f 8200 6482 8203
f 8257 6482 8200
f 6555 6485 6484
f 6554 6555 6484
f 6555 6486 6485
f 6486 6487 6488
f 6556 6487 6486
f 6556 6486 6555
f 6557 6488 6487
f 6557 6487 6556
f 6558 6489 6488
f 6558 6488 6557
f 6491 6489 6490
f 6490 6489 6560
f 6559 6489 6558
f 6560 6489 6559
f 6561 6491 6490
f 6561 6490 6560
f 6562 6492 6491
f 6562 6491 6561
f 6563 6493 6492
f 6562 6563 6492
f 6494 6493 6564
f 6564 6493 6563
f 6496 6495 6498
f 6496 8399 6495
f 6495 8399 8366
f 6498 8399 6496
f 6497 7568 6500
f 6566 8403 6498
f 6498 8403 8399
f 6500 7568 6499
f 6499 7570 6567
f 6499 7568 7570
f 6502 6501 6570
f 6503 6502 6571
f 6502 6570 6571
f 6504 6503 6506
f 6506 6503 6505
f 6505 6503 6575
f 6503 6571 6574
f 6575 6503 6574
f 6506 6505 6575
f 6507 6506 6576
f 6506 6575 6576
f 6508 6507 6510
f 6510 6507 6509
f 6509 6507 6577
f 6507 6576 6577
f 6510 6509 6580
f 6509 6577 6579
f 6580 6509 6579
f 6512 6511 6510
f 6512 6510 6580
f 6513 6511 6512
f 6513 6512 6582
f 6512 6580 6582
f 6514 6513 6516
f 6516 6513 6515
f 6515 6513 6584
f 6513 6582 6583
f 6513 6583 6584
f 6516 6515 6585
f 6585 6515 6584
f 6519 6517 6516
f 6518 6519 6516
f 6518 6516 6585
f 6587 6519 6518
f 6518 6585 6587
f 6520 6521 6519
f 6590 6520 6519
f 6588 6519 6587
f 6590 6519 6588
f 6523 6521 6520
f 6523 6520 6522
f 6591 6522 6520
f 6591 6520 6590
f 6592 6523 6522
f 6592 6522 6591
f 6524 6523 6592
f 6524 6527 6525
f 6527 6524 6526
f 6524 6594 6526
f 6524 6592 6594
f 6530 6527 6526
f 6530 6526 6596
f 6526 6594 6596
f 6530 6531 6527
f 6529 6528 6600
f 6600 6528 6598
f 7426 6531 6530
f 6537 6530 6597
f 6530 6537 7426
f 6530 6596 6597
f 7488 6531 7426
f 7496 6531 7488
f 7562 6531 7496
f 7563 6531 7562
f 6536 7568 6542
f 7147 6536 7023
f 7147 7568 6536
f 6597 6601 6537
f 7426 6537 6601
f 6542 7501 6608
f 6542 7568 7501
f 6544 6543 6613
f 6613 6543 6600
f 6614 6545 6544
f 6614 6544 6613
f 6616 6546 6545
f 6614 6616 6545
f 6546 6616 6547
f 6620 6548 6547
f 6617 6547 6616
f 6620 6547 6617
f 6548 6621 6549
f 6620 6621 6548
f 6549 6622 6552
f 6549 6621 6622
f 8255 6550 6551
f 8252 6619 6550
f 8252 6550 8255
f 8255 6551 8257
f 6552 6623 6553
f 6622 6623 6552
f 6624 6554 6553
f 6624 6553 6623
f 6625 6555 6554
f 6625 6554 6624
f 6626 6556 6555
f 6625 6626 6555
f 6558 6557 6556
f 6627 6558 6556
f 6627 6556 6626
f 6629 6559 6558
f 6628 6558 6627
f 6628 6629 6558
f 6561 6560 6559
f 6629 6561 6559
f 6632 6562 6561
f 6631 6561 6629
f 6632 6561 6631
f 6563 6562 6632
f 6564 6563 6634
f 6633 6563 6632
f 6563 6633 6634
f 6565 6564 6634
f 6635 6565 6634
f 6568 6637 6566
f 6637 8445 6566
f 6566 8444 8403
f 6566 8445 8444
f 6567 7631 6569
f 6567 7570 7631
f 6638 6637 6568
f 6568 6639 6638
f 6569 7633 6640
f 6569 7631 7633
f 6571 6570 6573
f 6574 6571 6573
f 6573 6572 6643
f 6574 6573 6644
f 6644 6573 6643
f 6575 6574 6646
f 6574 6644 6645
f 6646 6574 6645
f 6576 6575 6646
f 6577 6576 6579
f 6579 6576 6578
f 6578 6576 6650
f 6576 6646 6650
f 6579 6578 6650
f 6581 6580 6579
f 6653 6581 6579
f 6579 6650 6651
f 6579 6651 6653
f 6582 6580 6581
f 6653 6582 6581
f 6583 6582 6654
f 6654 6582 6653
f 6657 6584 6583
f 6583 6654 6656
f 6657 6583 6656
f 6587 6585 6584
f 6586 6587 6584
f 6586 6584 6659
f 6584 6657 6659
f 6587 6586 6659
f 6590 6588 6587
f 6589 6590 6587
f 6662 6589 6587
f 6587 6659 6660
f 6662 6587 6660
f 6590 6589 6662
f 6665 6591 6590
f 6590 6662 6663
f 6665 6590 6663
f 6594 6592 6591
f 6594 6591 6593
f 6593 6591 6665
f 6594 6593 6596
f 6595 6596 6593
f 6595 6593 6667
f 6593 6665 6667
f 6597 6596 6595
f 6596 6595 6668
f 6597 6595 6669
f 6595 6667 6668
f 6595 6668 6669
f 6601 6597 6670
f 6670 6597 6669
f 6600 6598 6599
f 6599 8075 6600
f 6599 7450 8074
f 8074 8075 6599
f 6600 6684 6613
f 6600 6761 6684
f 6600 6762 6761
f 6600 6846 6762
f 6600 6931 6846
f 6600 7155 6931
f 8075 7155 6600
f 6609 6601 6674
f 7426 6601 6609
f 6672 6601 6670
f 6601 6672 6674
f 6608 7495 6612
f 6608 7501 7495
f 7426 6609 6674
f 6612 7429 6679
f 6612 7495 7429
f 6615 6614 6613
f 6686 6615 6613
f 6686 6613 6684
f 6616 6614 6615
f 6687 6616 6615
f 6687 6615 6686
f 6620 6617 6616
f 6689 6620 6616
f 6687 6688 6616
f 6688 6689 6616
f 6618 6619 8297
f 8295 6685 6618
f 8295 6618 8297
f 8297 6619 8252
f 6620 6689 6621
f 6692 6622 6621
f 6690 6621 6689
f 6692 6621 6690
f 6692 6623 6622
f 6695 6624 6623
f 6692 6693 6623
f 6695 6623 6693
f 6696 6625 6624
f 6695 6696 6624
f 6696 6626 6625
f 6699 6627 6626
f 6696 6698 6626
f 6699 6626 6698
f 6699 6628 6627
f 6701 6629 6628
f 6700 6628 6699
f 6700 6701 6628
f 6630 6631 6629
f 6701 6630 6629
f 6702 6631 6630
f 6702 6630 6701
f 6703 6632 6631
f 6702 6703 6631
f 6705 6633 6632
f 6704 6632 6703
f 6704 6705 6632
f 6634 6633 6706
f 6706 6633 6705
f 6707 6635 6634
f 6707 6634 6706
f 6636 6635 6708
f 6708 6635 6707
f 6638 8479 6637
f 6637 8479 8445
f 6639 8485 6638
f 6638 8485 8479
f 6641 6710 6639
f 6710 8485 6639
f 6640 7688 6642
f 6640 7633 7688
f 6711 6710 6641
f 6642 7738 6713
f 6642 7688 7738
f 6644 6643 6647
f 6647 6643 6717
f 6645 6644 6647
f 6644 6647 6718
f 6646 6645 6649
f 6645 6647 6648
f 6649 6645 6648
f 6650 6646 6649
f 6648 6647 6718
f 6718 6647 6717
f 6649 6648 6720
f 6648 6718 6719
f 6720 6648 6719
f 6720 6650 6649
f 6651 6650 6652
f 6652 6650 6725
f 6650 6720 6721
f 6650 6721 6725
f 6653 6651 6652
f 6653 6652 6725
f 6654 6653 6656
f 6656 6653 6655
f 6728 6655 6653
f 6653 6725 6726
f 6728 6653 6726
f 6728 6656 6655
f 6659 6657 6656
f 6658 6659 6656
f 6731 6658 6656
f 6729 6656 6728
f 6731 6656 6729
f 6732 6659 6658
f 6732 6658 6731
f 6662 6660 6659
f 6662 6659 6661
f 6659 6732 6661
f 6662 6661 6734
f 6661 6732 6734
f 6665 6663 6662
f 6665 6662 6664
f 6737 6664 6662
f 6662 6734 6735
f 6737 6662 6735
f 6667 6665 6664
f 6667 6664 6666
f 6664 6737 6666
f 6667 6666 6739
f 6739 6666 6737
f 6667 6740 6668
f 6667 6739 6740
f 6669 6668 6744
f 6668 6740 6742
f 6744 6668 6742
f 6672 6670 6669
f 6672 6669 6671
f 6671 6669 6744
f 6672 6671 6673
f 6673 6671 6746
f 6671 6744 6746
f 6674 6672 6673
f 7419 6674 6673
f 6750 6680 6673
f 7363 6673 6680
f 6673 6746 6748
f 6673 6748 6750
f 7419 6673 7363
f 7420 6674 7419
f 7426 6674 7420
f 6679 7425 6683
f 6679 7429 7425
f 7357 6680 6750
f 7363 6680 7357
f 6683 7366 6755
f 6683 7425 7366
f 6762 6686 6684
f 6684 6761 6762
f 6760 6685 8336
f 8338 6685 8295
f 8336 6685 8338
f 6762 6687 6686
f 6765 6688 6687
f 6763 6687 6762
f 6765 6687 6763
f 6688 6766 6689
f 6765 6766 6688
f 6692 6690 6689
f 6691 6692 6689
f 6768 6691 6689
f 6768 6689 6766
f 6691 6768 6692
f 6692 6695 6693
f 6692 6694 6695
f 6770 6694 6692
f 6769 6692 6768
f 6770 6692 6769
f 6771 6695 6694
f 6770 6771 6694
f 6695 6698 6696
f 6695 6697 6698
f 6772 6697 6695
f 6772 6695 6771
f 6697 6772 6698
f 6698 6773 6699
f 6772 6773 6698
f 6774 6700 6699
f 6774 6699 6773
f 6777 6701 6700
f 6775 6700 6774
f 6775 6777 6700
f 6778 6702 6701
f 6778 6701 6777
f 6778 6703 6702
f 6781 6704 6703
f 6778 6779 6703
f 6779 6781 6703
f 6782 6705 6704
f 6704 6781 6782
f 6783 6706 6705
f 6783 6705 6782
f 6707 6706 6784
f 6784 6706 6783
f 6785 6708 6707
f 6784 6785 6707
f 6786 6709 6708
f 6785 6786 6708
f 6711 6788 6710
f 6788 8523 6710
f 6710 8523 8485
f 6714 6788 6711
f 6713 7738 6712
f 6712 7737 6715
f 6712 7738 7737
f 6714 6874 6788
f 6789 6874 6714
f 6715 7740 6791
f 6715 7737 7740
f 6717 6716 6795
f 6718 6717 6796
f 6717 6795 6796
f 6717 6796 6799
f 6719 6718 6722
f 6722 6718 6800
f 6718 6796 6799
f 6797 6718 6800
f 6718 6799 6800
f 6720 6719 6724
f 6719 6722 6723
f 6724 6719 6723
f 6721 6720 6724
f 6725 6721 6724
f 6723 6722 6800
f 6801 6724 6723
f 6723 6800 6801
f 6725 6724 6802
f 6724 6801 6802
f 6726 6725 6727
f 6727 6725 6808
f 6725 6802 6808
f 6728 6726 6727
f 6808 6728 6727
f 6729 6728 6731
f 6731 6728 6730
f 6730 6728 6812
f 6809 6728 6808
f 6728 6809 6812
f 6731 6730 6812
f 6733 6732 6731
f 6815 6733 6731
f 6731 6812 6813
f 6815 6731 6813
f 6734 6732 6733
f 6734 6733 6815
f 6737 6735 6734
f 6736 6737 6734
f 6736 6734 6819
f 6816 6734 6815
f 6734 6816 6819
f 6737 6736 6739
f 6738 6739 6736
f 6736 6819 6738
f 6739 6738 6821
f 6738 6819 6821
f 6741 6740 6739
f 6741 6739 6824
f 6822 6739 6821
f 6824 6739 6822
f 6742 6740 6741
f 6742 6741 6743
f 6826 6743 6741
f 6824 6826 6741
f 6744 6742 6743
f 6745 6744 6743
f 6745 6743 6826
f 6746 6744 6745
f 6746 6745 6747
f 6745 6830 6747
f 6745 6826 6828
f 6745 6828 6830
f 6746 6747 6748
f 6748 6747 6749
f 6747 6832 6749
f 6747 6830 6832
f 6748 6749 6750
f 6749 6756 6750
f 6834 6756 6749
f 6832 6834 6749
f 7284 6750 6756
f 7357 6750 7284
f 6755 7362 6759
f 6755 7366 7362
f 7284 6756 6834
f 6759 7287 6839
f 6759 7362 7287
f 6844 6760 8373
f 8375 6760 8336
f 8373 6760 8375
f 6764 6763 6762
f 6847 6764 6762
f 6847 6762 6846
f 6764 6765 6763
f 6847 6765 6764
f 6768 6766 6765
f 6767 6768 6765
f 6850 6767 6765
f 6847 6848 6765
f 6850 6765 6848
f 6767 6850 6768
f 6768 6851 6769
f 6850 6851 6768
f 6853 6770 6769
f 6853 6769 6851
f 6771 6770 6854
f 6770 6853 6854
f 6771 6856 6772
f 6854 6856 6771
f 6772 6857 6773
f 6772 6856 6857
f 6773 6857 6774
f 6776 6775 6774
f 6860 6776 6774
f 6859 6774 6857
f 6859 6860 6774
f 6776 6777 6775
f 6777 6776 6860
f 6863 6778 6777
f 6777 6860 6861
f 6861 6863 6777
f 6778 6781 6779
f 6780 6781 6778
f 6863 6780 6778
f 6864 6781 6780
f 6864 6780 6863
f 6865 6782 6781
f 6864 6865 6781
f 6867 6783 6782
f 6867 6782 6865
f 6869 6784 6783
f 6868 6783 6867
f 6868 6869 6783
f 6870 6785 6784
f 6869 6870 6784
f 6871 6786 6785
f 6870 6871 6785
f 6872 6787 6786
f 6872 6786 6871
f 6874 8596 6788
f 6788 8554 8523
f 6788 8555 8554
f 6788 8561 8555
f 6788 8596 8561
f 6792 6960 6789
f 6789 6875 6874
f 6789 6960 6875
f 6791 7776 6790
f 6790 7775 6794
f 6790 7776 7775
f 6791 7740 7776
f 6876 7056 6792
f 6792 7056 6960
f 6794 7778 6793
f 6793 7820 6877
f 6793 7778 7820
f 6794 7775 7778
f 6796 6795 6798
f 6799 6796 6798
f 6799 6798 6882
f 6798 6803 6882
f 6800 6799 6804
f 6804 6799 6882
f 6804 6799 6883
f 6801 6800 6805
f 6800 6804 6805
f 6801 6807 6802
f 6801 6805 6806
f 6806 6807 6801
f 6808 6802 6807
f 6805 6804 6883
f 6804 6882 6883
f 6806 6805 6884
f 6805 6883 6884
f 6885 6807 6806
f 6806 6884 6885
f 6808 6807 6810
f 6810 6807 6892
f 6807 6885 6886
f 6807 6886 6892
f 6812 6809 6808
f 6808 6810 6811
f 6812 6808 6811
f 6811 6810 6892
f 6896 6812 6811
f 6811 6892 6893
f 6896 6811 6893
f 6813 6812 6815
f 6815 6812 6814
f 6814 6812 6896
f 6815 6814 6817
f 6817 6814 6900
f 6814 6896 6897
f 6814 6897 6900
f 6818 6816 6815
f 6815 6817 6818
f 6819 6816 6818
f 6901 6818 6817
f 6901 6817 6900
f 6820 6819 6818
f 6820 6818 6901
f 6818 6901 6900
f 6821 6819 6820
f 6821 6820 6904
f 6904 6820 6901
f 6824 6822 6821
f 6824 6821 6823
f 6821 6904 6823
f 6826 6824 6823
f 6826 6823 6825
f 6825 6823 6909
f 6906 6823 6904
f 6823 6906 6907
f 6823 6907 6909
f 6826 6825 6828
f 6828 6825 6827
f 6825 6911 6827
f 6825 6909 6911
f 6828 6827 6829
f 6827 6913 6829
f 6827 6911 6913
f 6828 6829 6830
f 6832 6830 6829
f 6832 6829 6831
f 6829 6915 6831
f 6829 6913 6915
f 6834 6832 6831
f 6834 6831 6833
f 6831 6917 6833
f 6831 6915 6917
f 7278 6834 6833
f 6919 6840 6833
f 7216 6833 6840
f 6917 6919 6833
f 7277 6833 7216
f 7278 6833 7277
f 7284 6834 7278
f 6839 7283 6843
f 6839 7287 7283
f 7216 6840 6919
f 6843 7219 6922
f 6843 7283 7219
f 8373 6845 6844
f 6928 6845 8452
f 8412 6845 8373
f 8452 6845 8412
f 6931 6847 6846
f 6849 6848 6847
f 6931 6849 6847
f 6847 6931 6930
f 6849 6850 6848
f 6931 6850 6849
f 6850 6932 6851
f 6931 6932 6850
f 6852 6853 6851
f 6936 6852 6851
f 6932 6933 6851
f 6936 6851 6933
f 6853 6852 6936
f 6855 6854 6853
f 6853 6939 6855
f 6936 6937 6853
f 6937 6939 6853
f 6855 6856 6854
f 6940 6856 6855
f 6939 6940 6855
f 6859 6857 6856
f 6858 6859 6856
f 6856 6940 6858
f 6942 6859 6858
f 6942 6858 6940
f 6945 6860 6859
f 6942 6943 6859
f 6945 6859 6943
f 6862 6861 6860
f 6862 6860 6946
f 6860 6945 6946
f 6862 6863 6861
f 6863 6862 6946
f 6947 6864 6863
f 6946 6947 6863
f 6866 6865 6864
f 6949 6866 6864
f 6948 6864 6947
f 6949 6864 6948
f 6866 6867 6865
f 6949 6867 6866
f 6952 6868 6867
f 6949 6950 6867
f 6952 6867 6950
f 6952 6869 6868
f 6954 6870 6869
f 6953 6869 6952
f 6953 6954 6869
f 6955 6871 6870
f 6954 6955 6870
f 6956 6872 6871
f 6956 6871 6955
f 6956 6873 6872
f 6958 6873 6956
f 6875 8596 6874
f 6960 8634 6875
f 6875 8634 8596
f 6878 7185 6876
f 6876 7057 7056
f 6876 7185 7057
f 6877 7820 6881
f 6879 7254 6878
f 6878 7186 7185
f 6878 7254 7186
f 6961 7254 6879
f 6881 7820 6880
f 6880 7822 6964
f 6880 7820 7822
f 6883 6882 6888
f 6884 6883 6889
f 6883 6888 6889
f 6885 6884 6891
f 6884 6889 6890
f 6891 6884 6890
f 6886 6885 6892
f 6892 6885 6891
f 6888 6887 6967
f 6889 6888 6968
f 6888 6967 6968
f 6890 6889 6970
f 6889 6968 6969
f 6970 6889 6969
f 6891 6890 6970
f 6892 6891 6895
f 6895 6891 6894
f 6976 6894 6891
f 6891 6970 6971
f 6891 6971 6976
f 6893 6892 6895
f 6896 6893 6895
f 6895 6894 6976
f 6896 6895 6983
f 6895 6976 6977
f 6895 6977 6983
f 6897 6896 6899
f 6899 6896 6898
f 6896 6983 6898
f 6900 6897 6899
f 6984 6899 6898
f 6984 6898 6983
f 6903 6900 6899
f 6903 6899 6902
f 6902 6899 6984
f 6904 6901 6900
f 6903 6904 6900
f 6903 6902 6987
f 6902 6984 6987
f 6904 6903 6905
f 6905 6903 6988
f 6903 6987 6988
f 6904 6905 6906
f 6906 6905 6908
f 6908 6905 6994
f 6905 6988 6991
f 6905 6991 6994
f 6907 6906 6908
f 6909 6907 6908
f 6909 6908 6911
f 6911 6908 6910
f 6910 6908 6998
f 6908 6994 6995
f 6998 6908 6995
f 6911 6910 6912
f 6910 7001 6912
f 6910 6998 7001
f 6911 6912 6913
f 6915 6913 6912
f 6915 6912 6914
f 6912 7004 6914
f 6912 7001 7004
f 6915 6914 6916
f 6916 6914 7004
f 6915 6916 6917
f 6916 6919 6917
f 6918 6919 6916
f 6916 7007 6918
f 6916 7004 7007
f 7211 6919 6918
f 6918 7015 6924
f 7150 6918 6924
f 6918 7007 7011
f 7011 7015 6918
f 7211 6918 7150
f 7212 6919 7211
f 7216 6919 7212
f 6922 7215 6927
f 6922 7219 7215
f 6923 7015 6924
f 7145 6924 7015
f 7150 6924 7145
f 6927 7153 7018
f 6927 7215 7153
f 8452 6929 6928
f 8494 7019 6929
f 8494 6929 8452
f 6935 6932 6931
f 6934 6935 6931
f 7025 6934 6931
f 7025 7024 6931
f 7155 7025 6931
f 6936 6933 6932
f 6935 6936 6932
f 7025 6935 6934
f 6935 7027 6936
f 7025 7026 6935
f 6935 7026 7027
f 6939 6937 6936
f 6936 6938 6939
f 7030 6938 6936
f 7027 7030 6936
f 6938 7031 6939
f 6938 7030 7031
f 6939 6942 6940
f 6939 6941 6942
f 7033 6941 6939
f 7031 7033 6939
f 7033 6942 6941
f 6944 6943 6942
f 7034 6944 6942
f 7033 7034 6942
f 6944 6945 6943
f 6944 7036 6945
f 7036 6944 7034
f 6945 7037 6946
f 7036 7037 6945
f 6946 6948 6947
f 6948 6946 7040
f 7037 7039 6946
f 6946 7039 7040
f 7043 6949 6948
f 7040 7041 6948
f 7041 7043 6948
f 6951 6950 6949
f 7044 6951 6949
f 7043 7044 6949
f 6951 6952 6950
f 7045 6952 6951
f 7044 7045 6951
f 7045 6953 6952
f 7048 6954 6953
f 7045 7046 6953
f 6953 7046 7048
f 7048 6955 6954
f 7052 6956 6955
f 7050 6955 7048
f 7050 7052 6955
f 7053 6958 6956
f 7051 6956 7052
f 7051 7053 6956
f 7053 6957 6958
f 7053 6959 6957
f 7054 6959 7053
f 7056 8669 6960
f 6960 8669 8634
f 6962 7317 6961
f 7251 7254 6961
f 7317 7251 6961
f 6965 7391 6962
f 7318 7317 6962
f 6962 7391 7318
f 6964 7864 6963
f 6963 7863 6966
f 6963 7864 7863
f 6964 7822 7864
f 7058 7454 6965
f 7459 7391 6965
f 6965 7454 7459
f 6966 7867 7059
f 6966 7863 7867
f 6968 6967 6972
f 6969 6968 6973
f 6968 6972 6973
f 6970 6969 6975
f 6974 6969 6973
f 6975 6969 6974
f 6971 6970 6975
f 6971 6975 6976
f 6973 6972 6978
f 6974 6973 6979
f 6973 6978 6979
f 6975 6974 6980
f 6974 6979 6980
f 6981 6976 6975
f 6975 6980 6981
f 6977 6976 6982
f 6981 6982 6976
f 6977 6982 6983
f 6979 6978 7063
f 6980 6979 7064
f 6979 7063 7064
f 6981 6980 7065
f 6980 7064 7065
f 6982 6981 7071
f 6981 7065 7066
f 7071 6981 7066
f 6983 6982 6985
f 6985 6982 7072
f 6982 7071 7072
f 6984 6983 6986
f 6983 6985 6986
f 6984 6986 6987
f 6986 6985 7072
f 6985 7072 7071
f 6987 6986 6989
f 6989 6986 7080
f 6986 7072 7073
f 7080 6986 7073
f 6988 6987 6991
f 6987 6989 6990
f 6991 6987 6990
f 6990 6989 6993
f 6993 6989 7087
f 7087 6989 7080
f 6993 6991 6990
f 6994 6991 6993
f 6992 6993 7087
f 6996 6994 6993
f 6996 6993 7088
f 6993 7087 7088
f 6997 6995 6994
f 6997 6994 6996
f 6998 6995 6997
f 7000 6997 6996
f 7000 6996 6999
f 6999 6996 7106
f 6996 7088 7097
f 7106 6996 7097
f 6998 6997 7000
f 6998 7000 7001
f 7003 7000 6999
f 7003 6999 7002
f 7002 6999 7106
f 7001 7000 7003
f 7001 7003 7004
f 7006 7003 7002
f 7006 7002 7005
f 7002 7124 7005
f 7002 7106 7115
f 7002 7115 7124
f 7004 7003 7006
f 7004 7006 7007
f 7010 7006 7005
f 7010 7005 7009
f 7005 7133 7009
f 7005 7124 7133
f 7007 7006 7010
f 7007 7010 7011
f 7009 7008 7013
f 7132 7008 7009
f 7008 7132 7013
f 7009 7015 7010
f 7009 7013 7014
f 7009 7014 7015
f 7133 7132 7009
f 7011 7010 7015
f 7020 7134 7012
f 7143 7014 7013
f 7141 7021 7013
f 7143 7013 7021
f 7132 7141 7013
f 7145 7015 7014
f 7144 7014 7143
f 7145 7014 7144
f 7018 7153 7148
f 8528 7020 7019
f 8528 7019 8494
f 7020 7142 7134
f 8528 7142 7020
f 7143 7021 7141
f 8007 7146 7022
f 7028 7026 7025
f 7155 7028 7025
f 7155 7025 7154
f 7026 7030 7027
f 7028 7029 7026
f 7029 7030 7026
f 7155 7029 7028
f 7029 7156 7030
f 7155 7156 7029
f 7030 7033 7031
f 7032 7033 7030
f 7157 7032 7030
f 7156 7157 7030
f 7159 7033 7032
f 7157 7159 7032
f 7033 7036 7034
f 7033 7035 7036
f 7033 7162 7035
f 7033 7159 7160
f 7160 7162 7033
f 7162 7036 7035
f 7036 7039 7037
f 7038 7039 7036
f 7036 7163 7038
f 7162 7163 7036
f 7165 7039 7038
f 7163 7165 7038
f 7039 7168 7040
f 7165 7166 7039
f 7166 7168 7039
f 7042 7041 7040
f 7169 7042 7040
f 7168 7169 7040
f 7042 7043 7041
f 7043 7042 7169
f 7172 7044 7043
f 7043 7169 7170
f 7170 7172 7043
f 7174 7045 7044
f 7174 7044 7172
f 7047 7046 7045
f 7174 7047 7045
f 7047 7048 7046
f 7047 7049 7048
f 7176 7049 7047
f 7175 7047 7174
f 7047 7175 7176
f 7049 7050 7048
f 7049 7051 7050
f 7177 7051 7049
f 7177 7049 7176
f 7051 7052 7050
f 7179 7053 7051
f 7177 7179 7051
f 7181 7054 7053
f 7179 7181 7053
f 7054 7183 7055
f 7183 7054 7181
f 7183 7182 7055
f 7057 8669 7056
f 7185 8709 7057
f 7057 8670 8669
f 7057 8709 8670
f 7060 7640 7058
f 7058 7455 7454
f 7058 7524 7455
f 7058 7588 7524
f 7058 7585 7588
f 7058 7640 7585
f 7059 7909 7061
f 7059 7867 7909
f 7187 7955 7060
f 7060 7638 7641
f 7060 7691 7638
f 7060 7641 7640
f 7690 7691 7060
f 7060 7742 7690
f 7060 7954 7742
f 7060 7955 7954
f 7061 7959 7188
f 7061 7909 7908
f 7061 7908 7912
f 7061 7912 7959
f 7063 7062 7068
f 7062 7067 7068
f 7064 7063 7068
f 7065 7064 7069
f 7064 7068 7069
f 7066 7065 7071
f 7065 7069 7070
f 7071 7065 7070
f 7068 7067 7074
f 7069 7068 7075
f 7068 7074 7075
f 7070 7069 7076
f 7069 7075 7076
f 7071 7070 7077
f 7070 7076 7077
f 7072 7071 7078
f 7071 7077 7078
f 7073 7072 7079
f 7072 7078 7079
f 7073 7079 7080
f 7075 7074 7081
f 7076 7075 7082
f 7075 7081 7082
f 7077 7076 7083
f 7076 7082 7083
f 7078 7077 7084
f 7077 7083 7084
f 7079 7078 7085
f 7078 7084 7085
f 7086 7080 7079
f 7079 7085 7086
f 7087 7080 7086
f 7082 7081 7090
f 7083 7082 7091
f 7082 7090 7091
f 7084 7083 7092
f 7083 7091 7092
f 7085 7084 7093
f 7084 7092 7093
f 7086 7085 7094
f 7085 7093 7094
f 7096 7087 7086
f 7086 7094 7095
f 7096 7086 7095
f 7097 7088 7087
f 7097 7087 7096
f 7090 7089 7099
f 7089 7098 7099
f 7091 7090 7099
f 7092 7091 7100
f 7091 7099 7100
f 7093 7092 7194
f 7092 7100 7101
f 7092 7101 7194
f 7193 7092 7194
f 7094 7093 7102
f 7093 7195 7102
f 7093 7194 7195
f 7095 7094 7103
f 7094 7102 7103
f 7104 7096 7095
f 7095 7103 7104
f 7106 7097 7096
f 7105 7096 7104
f 7106 7096 7105
f 7107 7099 7098
f 7100 7099 7108
f 7099 7107 7108
f 7101 7100 7194
f 7100 7108 7109
f 7194 7100 7109
f 7103 7102 7111
f 7102 7197 7111
f 7102 7195 7197
f 7104 7103 7112
f 7103 7111 7112
f 7105 7104 7113
f 7104 7112 7113
f 7106 7105 7114
f 7105 7113 7114
f 7106 7114 7115
f 7108 7107 7116
f 7109 7108 7117
f 7108 7116 7117
f 7110 7109 7118
f 7196 7109 7110
f 7109 7117 7118
f 7194 7109 7196
f 7111 7110 7119
f 7197 7110 7111
f 7110 7118 7119
f 7197 7196 7110
f 7112 7111 7120
f 7119 7120 7111
f 7113 7112 7121
f 7112 7120 7121
f 7114 7113 7122
f 7113 7121 7122
f 7115 7114 7123
f 7123 7114 7122
f 7115 7123 7124
f 7117 7116 7125
f 7118 7117 7126
f 7117 7125 7126
f 7119 7118 7127
f 7118 7126 7127
f 7120 7119 7128
f 7119 7127 7128
f 7121 7120 7129
f 7120 7128 7129
f 7130 7122 7121
f 7121 7129 7130
f 7123 7122 7131
f 7130 7131 7122
f 7133 7124 7123
f 7123 7131 7132
f 7133 7123 7132
f 7126 7125 7134
f 7127 7126 7135
f 7126 7134 7135
f 7128 7127 7136
f 7127 7135 7136
f 7129 7128 7137
f 7128 7136 7137
f 7130 7129 7138
f 7129 7137 7138
f 7131 7130 7139
f 7130 7138 7139
f 7141 7132 7131
f 7131 7139 7140
f 7141 7131 7140
f 7135 7134 7199
f 8565 7134 7142
f 7134 7198 7199
f 8565 7198 7134
f 7136 7135 7199
f 7137 7136 7200
f 7136 7199 7200
f 7138 7137 7201
f 7137 7200 7201
f 7202 7139 7138
f 7138 7201 7202
f 7204 7140 7139
f 7202 7203 7139
f 7204 7139 7203
f 7141 7140 7204
f 7143 7141 7205
f 7141 7204 7205
f 8565 7142 8528
f 7144 7143 7207
f 7143 7205 7207
f 7145 7144 7209
f 7144 7207 7208
f 7209 7144 7208
f 7149 7150 7145
f 7150 7145 7210
f 7210 7145 7209
f 8007 7151 7146
f 7152 7568 7147
f 7211 7150 7210
f 7213 7151 8007
f 7214 7568 7152
f 7155 7158 7156
f 7158 7155 7221
f 7155 7221 7220
f 7288 7221 7155
f 8075 7288 7155
f 7158 7157 7156
f 7158 7159 7157
f 7222 7159 7158
f 7221 7222 7158
f 7161 7160 7159
f 7226 7161 7159
f 7222 7223 7159
f 7226 7159 7223
f 7161 7162 7160
f 7226 7162 7161
f 7162 7165 7163
f 7162 7164 7165
f 7229 7164 7162
f 7226 7227 7162
f 7227 7229 7162
f 7229 7165 7164
f 7167 7166 7165
f 7165 7230 7167
f 7229 7230 7165
f 7167 7168 7166
f 7232 7168 7167
f 7232 7167 7230
f 7235 7169 7168
f 7232 7233 7168
f 7233 7235 7168
f 7169 7172 7170
f 7171 7172 7169
f 7237 7171 7169
f 7235 7237 7169
f 7171 7173 7172
f 7238 7173 7171
f 7237 7238 7171
f 7173 7174 7172
f 7238 7174 7173
f 7239 7175 7174
f 7238 7239 7174
f 7243 7176 7175
f 7241 7175 7239
f 7241 7243 7175
f 7245 7177 7176
f 7245 7176 7243
f 7247 7179 7177
f 7245 7247 7177
f 7178 7180 7179
f 7246 7178 7179
f 7248 7180 7178
f 7248 7178 7246
f 7180 7181 7179
f 7246 7179 7247
f 7180 7182 7181
f 7248 7182 7180
f 7182 7183 7181
f 7253 7184 7182
f 7250 7182 7248
f 7250 7253 7182
f 7186 8756 7185
f 7185 8756 8709
f 7254 8756 7186
f 7189 7956 7187
f 7187 7956 7955
f 7188 7958 7192
f 7188 7959 7958
f 7190 8006 7189
f 7189 7962 7956
f 7189 8006 7962
f 7255 8006 7190
f 7192 7963 7191
f 7191 8011 7258
f 7191 7963 8011
f 7192 7958 7957
f 7192 7957 7963
f 7195 7194 7196
f 7195 7196 7197
f 7199 7198 7263
f 8601 7263 7198
f 8601 7198 8565
f 7200 7199 7265
f 7199 7263 7264
f 7199 7264 7265
f 7201 7200 7265
f 7202 7201 7266
f 7201 7265 7266
f 7203 7202 7267
f 7202 7266 7267
f 7204 7203 7268
f 7203 7267 7268
f 7270 7205 7204
f 7204 7268 7269
f 7270 7204 7269
f 7208 7205 7206
f 7205 7271 7206
f 7208 7207 7205
f 7270 7271 7205
f 7272 7208 7206
f 7271 7272 7206
f 7273 7209 7208
f 7273 7208 7272
f 7210 7209 7273
f 7211 7210 7274
f 7210 7273 7274
f 7212 7211 7276
f 7211 7274 7275
f 7276 7211 7275
f 7216 7212 7276
f 8007 7217 7213
f 7218 7568 7214
f 7277 7216 7276
f 7279 7217 8007
f 7282 7568 7218
f 7221 7225 7222
f 7221 7224 7225
f 7221 7288 7224
f 7225 7223 7222
f 7225 7226 7223
f 7289 7225 7224
f 7289 7224 7288
f 7290 7226 7225
f 7289 7290 7225
f 7226 7229 7227
f 7228 7229 7226
f 7294 7228 7226
f 7290 7291 7226
f 7291 7294 7226
f 7228 7294 7229
f 7229 7232 7230
f 7229 7231 7232
f 7297 7231 7229
f 7294 7295 7229
f 7295 7297 7229
f 7231 7297 7232
f 7232 7234 7233
f 7232 7300 7234
f 7297 7298 7232
f 7298 7300 7232
f 7233 7234 7235
f 7236 7235 7234
f 7302 7236 7234
f 7300 7302 7234
f 7236 7237 7235
f 7302 7237 7236
f 7237 7305 7238
f 7302 7303 7237
f 7303 7305 7237
f 7238 7240 7239
f 7307 7240 7238
f 7305 7307 7238
f 7240 7241 7239
f 7242 7241 7240
f 7307 7242 7240
f 7242 7243 7241
f 7242 7244 7243
f 7311 7244 7242
f 7309 7242 7307
f 7309 7311 7242
f 7244 7245 7243
f 7244 7246 7245
f 7311 7246 7244
f 7246 7247 7245
f 7315 7248 7246
f 7313 7246 7311
f 7313 7315 7246
f 7316 7250 7248
f 7316 7248 7315
f 7249 7252 7250
f 7316 7249 7250
f 7316 7252 7249
f 7252 7253 7250
f 7251 8804 7254
f 7317 8804 7251
f 7320 7252 7316
f 7320 7322 7252
f 7254 8804 8756
f 7256 8007 7255
f 7255 8007 8006
f 7259 8008 7256
f 7256 8008 8007
f 7258 8011 7257
f 7257 8010 7262
f 7257 8011 8010
f 7260 8014 7259
f 7259 8013 8008
f 7259 8014 8013
f 7323 8062 7260
f 7260 8061 8014
f 7260 8062 8061
f 7262 8016 7261
f 7261 8072 7329
f 7261 8016 8015
f 7261 8015 8072
f 7262 8010 8009
f 7262 8009 8016
f 7264 7263 7341
f 7340 7341 7263
f 8639 7340 7263
f 8602 7263 8601
f 8639 7263 8602
f 7265 7264 7341
f 7266 7265 7342
f 7265 7341 7342
f 7267 7266 7344
f 7266 7342 7343
f 7266 7343 7344
f 7268 7267 7344
f 7269 7268 7345
f 7268 7344 7345
f 7347 7270 7269
f 7269 7345 7346
f 7347 7269 7346
f 7271 7270 7348
f 7348 7270 7347
f 7272 7271 7348
f 7350 7273 7272
f 7272 7348 7349
f 7350 7272 7349
f 7351 7274 7273
f 7351 7273 7350
f 7274 7352 7275
f 7351 7352 7274
f 7353 7276 7275
f 7353 7275 7352
f 7277 7276 7354
f 7354 7276 7353
f 7278 7277 7355
f 7355 7277 7354
f 7284 7278 7356
f 7356 7278 7355
f 8007 7280 7279
f 8007 7285 7280
f 7281 7568 7282
f 7286 7568 7281
f 7357 7284 7356
f 8007 7358 7285
f 7361 7570 7286
f 7286 7570 7568
f 7288 7367 7289
f 7368 7367 7288
f 7368 7288 8075
f 7292 7290 7289
f 7289 7368 7292
f 7289 7367 7368
f 7290 7294 7291
f 7292 7293 7290
f 7290 7293 7294
f 7292 7369 7293
f 7292 7368 7369
f 7293 7370 7294
f 7293 7369 7370
f 7294 7297 7295
f 7294 7296 7297
f 7294 7373 7296
f 7294 7370 7373
f 7373 7297 7296
f 7297 7300 7298
f 7299 7300 7297
f 7297 7376 7299
f 7373 7374 7297
f 7374 7376 7297
f 7299 7301 7300
f 7378 7301 7299
f 7376 7378 7299
f 7301 7302 7300
f 7378 7302 7301
f 7302 7304 7303
f 7379 7304 7302
f 7378 7379 7302
f 7304 7305 7303
f 7305 7304 7307
f 7307 7304 7306
f 7383 7306 7304
f 7379 7381 7304
f 7381 7383 7304
f 7306 7308 7307
f 7384 7308 7306
f 7383 7384 7306
f 7308 7309 7307
f 7308 7311 7309
f 7384 7308 7309
f 7385 7311 7308
f 7384 7385 7308
f 7312 7311 7310
f 7385 7310 7311
f 7385 7312 7310
f 7312 7313 7311
f 7312 7314 7313
f 7314 7312 7388
f 7386 7312 7385
f 7386 7388 7312
f 7314 7315 7313
f 7314 7316 7315
f 7390 7316 7314
f 7388 7390 7314
f 7393 7320 7316
f 7389 7316 7390
f 7389 7393 7316
f 7318 8853 7317
f 7317 8853 8804
f 7391 8853 7318
f 7319 7321 7320
f 7393 7319 7320
f 7395 7321 7319
f 7393 7395 7319
f 7321 7322 7320
f 7395 7394 7321
f 7324 8063 7323
f 7323 8063 8062
f 7325 8064 7324
f 7324 8064 8063
f 7326 8065 7325
f 7325 8065 8064
f 7330 8065 7326
f 7328 8070 7327
f 7327 8068 7337
f 7327 8069 8068
f 7327 8070 8069
f 7329 8071 7328
f 7328 8071 8070
f 7329 8072 8071
f 7331 8066 7330
f 7330 8066 8065
f 7332 8077 7331
f 7331 8077 8066
f 7333 8077 7332
f 7334 8079 7333
f 7333 8078 8077
f 7333 8079 8078
f 7335 8080 7334
f 7334 8080 8079
f 7336 8067 7335
f 7335 8067 8080
f 7337 8068 7336
f 7336 8068 8067
f 7344 7338 7339
f 7339 7338 7399
f 7343 7342 7338
f 7338 7342 7398
f 7344 7343 7338
f 7338 7398 7399
f 7344 7339 7400
f 7339 7399 7400
f 7341 7340 7401
f 8672 7401 7340
f 8672 7340 8639
f 7342 7341 7402
f 7341 7401 7402
f 7342 7403 7398
f 7342 7402 7403
f 7345 7344 7405
f 7344 7400 7405
f 7346 7345 7407
f 7345 7405 7406
f 7345 7406 7407
f 7408 7347 7346
f 7408 7346 7407
f 7348 7347 7408
f 7349 7348 7409
f 7348 7408 7409
f 7350 7349 7410
f 7349 7409 7410
f 7412 7351 7350
f 7350 7410 7411
f 7412 7350 7411
f 7352 7351 7413
f 7413 7351 7412
f 7353 7352 7413
f 7354 7353 7414
f 7353 7413 7414
f 7416 7355 7354
f 7354 7414 7415
f 7416 7354 7415
f 7417 7356 7355
f 7416 7417 7355
f 7357 7356 7418
f 7418 7356 7417
f 7419 7363 7357
f 7419 7357 7418
f 7359 7358 8007
f 8007 7364 7359
f 7360 7688 7361
f 7365 7738 7360
f 7360 7738 7688
f 7361 7631 7570
f 7361 7633 7631
f 7361 7688 7633
f 8007 7421 7364
f 7424 7737 7365
f 7365 7737 7738
f 7368 7372 7369
f 7371 7372 7368
f 7431 7371 7368
f 7368 7431 7430
f 7368 7504 7431
f 8075 7504 7368
f 7369 7373 7370
f 7369 7372 7373
f 7371 7432 7372
f 7371 7431 7432
f 7372 7375 7373
f 7434 7375 7372
f 7432 7434 7372
f 7375 7374 7373
f 7375 7376 7374
f 7375 7377 7376
f 7437 7377 7375
f 7434 7435 7375
f 7435 7437 7375
f 7376 7377 7378
f 7437 7378 7377
f 7378 7380 7379
f 7440 7380 7378
f 7437 7438 7378
f 7438 7440 7378
f 7380 7381 7379
f 7382 7381 7380
f 7442 7382 7380
f 7440 7442 7380
f 7382 7383 7381
f 7442 7383 7382
f 7444 7384 7383
f 7442 7444 7383
f 7447 7385 7384
f 7384 7444 7445
f 7445 7447 7384
f 7449 7386 7385
f 7446 7447 7385
f 7447 7449 7385
f 7387 7388 7386
f 7448 7387 7386
f 7448 7386 7449
f 7387 7390 7388
f 7389 7390 7387
f 7458 7389 7387
f 7453 7387 7448
f 7387 7453 7458
f 7462 7393 7389
f 7458 7462 7389
f 7459 8901 7391
f 7391 8854 8853
f 7391 8910 8854
f 7391 8901 8910
f 7392 7394 7393
f 7461 7392 7393
f 7464 7394 7392
f 7461 7464 7392
f 7394 7395 7393
f 7461 7393 7462
f 7396 7397 7394
f 7463 7396 7394
f 7464 7463 7394
f 7467 7396 7463
f 7398 7403 7399
f 7400 7399 7471
f 7399 7403 7404
f 7399 7404 7471
f 7405 7400 7472
f 7400 7471 7472
f 7402 7401 7468
f 8711 7468 7401
f 8711 7401 8672
f 7469 7403 7402
f 7402 7468 7469
f 7404 7403 7470
f 7469 7470 7403
f 7404 7470 7471
f 7406 7405 7472
f 7407 7406 7473
f 7406 7472 7473
f 7408 7407 7474
f 7407 7473 7474
f 7409 7408 7476
f 7408 7474 7475
f 7408 7475 7476
f 7410 7409 7476
f 7411 7410 7477
f 7410 7476 7477
f 7412 7411 7478
f 7411 7477 7478
f 7413 7412 7480
f 7412 7478 7479
f 7412 7479 7480
f 7414 7413 7480
f 7482 7415 7414
f 7414 7480 7481
f 7482 7414 7481
f 7483 7416 7415
f 7483 7415 7482
f 7417 7416 7483
f 7418 7417 7484
f 7417 7483 7484
f 7486 7419 7418
f 7418 7484 7485
f 7486 7418 7485
f 7420 7419 7487
f 7487 7419 7486
f 7426 7420 7488
f 7488 7420 7487
f 8007 7422 7421
f 8007 7427 7422
f 7423 7778 7424
f 7428 7820 7423
f 7423 7820 7778
f 7424 7740 7737
f 7424 7776 7740
f 7424 7775 7776
f 7424 7778 7775
f 7489 7427 8007
f 7494 7863 7428
f 7428 7822 7820
f 7428 7864 7822
f 7428 7863 7864
f 7431 7434 7432
f 7433 7434 7431
f 7502 7433 7431
f 7504 7502 7431
f 7433 7505 7434
f 7502 7504 7433
f 7504 7505 7433
f 7434 7436 7435
f 7507 7436 7434
f 7505 7507 7434
f 7436 7437 7435
f 7436 7507 7437
f 7437 7439 7438
f 7511 7439 7437
f 7507 7508 7437
f 7508 7511 7437
f 7439 7440 7438
f 7439 7442 7440
f 7441 7442 7439
f 7513 7441 7439
f 7511 7513 7439
f 7441 7443 7442
f 7515 7443 7441
f 7513 7515 7441
f 7443 7444 7442
f 7515 7444 7443
f 7444 7446 7445
f 7518 7446 7444
f 7515 7516 7444
f 7516 7518 7444
f 7446 7447 7445
f 7446 7448 7447
f 7518 7448 7446
f 7448 7449 7447
f 7523 7453 7448
f 7520 7448 7518
f 7520 7448 7521
f 7520 7523 7448
f 7451 7693 7450
f 8074 7450 7693
f 7456 7693 7451
f 7452 7457 7453
f 7523 7452 7453
f 7528 7457 7452
f 7523 7528 7452
f 7457 7458 7453
f 7455 8963 7454
f 7454 8963 7459
f 7524 8963 7455
f 7525 7693 7456
f 7457 7461 7458
f 7532 7461 7457
f 7528 7532 7457
f 7461 7462 7458
f 7459 8963 8901
f 7460 7463 7461
f 7531 7460 7461
f 7535 7463 7460
f 7531 7535 7460
f 7463 7464 7461
f 7532 7531 7461
f 7466 7467 7463
f 7538 7466 7463
f 7534 7463 7535
f 7534 7538 7463
f 7537 7465 7466
f 7538 7537 7466
f 8711 7469 7468
f 7541 7470 7469
f 8763 7541 7469
f 8758 7469 8711
f 8763 7469 8758
f 7471 7470 7543
f 7541 7542 7470
f 7470 7542 7543
f 7472 7471 7543
f 7473 7472 7544
f 7472 7543 7544
f 7474 7473 7546
f 7473 7544 7545
f 7473 7545 7546
f 7475 7474 7546
f 7548 7476 7475
f 7475 7546 7547
f 7548 7475 7547
f 7550 7477 7476
f 7550 7476 7548
f 7551 7478 7477
f 7551 7477 7550
f 7552 7479 7478
f 7552 7478 7551
f 7553 7480 7479
f 7553 7479 7552
f 7481 7480 7553
f 7555 7482 7481
f 7481 7553 7554
f 7555 7481 7554
f 7483 7482 7556
f 7482 7555 7556
f 7484 7483 7556
f 7485 7484 7558
f 7557 7484 7556
f 7484 7557 7558
f 7486 7485 7558
f 7487 7486 7559
f 7559 7486 7558
f 7488 7487 7560
f 7487 7559 7560
f 7496 7488 7561
f 7561 7488 7560
f 8007 7490 7489
f 7491 7490 8007
f 8007 7497 7491
f 7492 8010 7493
f 7500 8010 7492
f 7493 7959 7494
f 7493 7957 7958
f 7493 7963 7957
f 7493 7958 7959
f 7493 8011 7963
f 7493 8010 8011
f 7494 7867 7863
f 7494 7909 7867
f 7494 7908 7909
f 7494 7912 7908
f 7494 7959 7912
f 7562 7496 7561
f 7497 8061 7498
f 8008 7497 8007
f 7497 8008 8013
f 7497 8013 8014
f 7497 8014 8061
f 7498 8062 7564
f 7498 8061 8062
f 7499 8072 7500
f 7567 8071 7499
f 7499 8071 8072
f 7500 8009 8010
f 7500 8016 8009
f 7500 8015 8016
f 7500 8072 8015
f 7503 7504 7571
f 7504 7507 7505
f 7506 7507 7504
f 7504 7572 7506
f 7571 7572 7504
f 8075 7571 7504
f 7507 7506 7509
f 7506 7573 7509
f 7572 7573 7506
f 7507 7510 7508
f 7507 7509 7510
f 7510 7511 7508
f 7509 7573 7510
f 7510 7513 7511
f 7510 7512 7513
f 7576 7512 7510
f 7573 7574 7510
f 7574 7576 7510
f 7512 7515 7513
f 7512 7514 7515
f 7576 7514 7512
f 7578 7515 7514
f 7576 7578 7514
f 7515 7517 7516
f 7580 7517 7515
f 7578 7580 7515
f 7517 7518 7516
f 7517 7520 7518
f 7520 7517 7584
f 7580 7581 7517
f 7581 7584 7517
f 7519 7522 7520
f 7583 7519 7520
f 7587 7522 7519
f 7583 7587 7519
f 7522 7523 7520
f 7520 7584 7583
f 7522 7527 7523
f 7587 7527 7522
f 7527 7528 7523
f 7588 9025 7524
f 7524 9035 8963
f 7524 9025 9035
f 7526 7693 7525
f 7529 7693 7526
f 7527 7531 7528
f 7527 7590 7531
f 7587 7590 7527
f 7531 7532 7528
f 7591 7693 7529
f 7530 7534 7531
f 7594 7530 7531
f 7599 7534 7530
f 7594 7599 7530
f 7534 7535 7531
f 7531 7590 7595
f 7595 7594 7531
f 7533 7537 7534
f 7598 7533 7534
f 7598 7537 7533
f 7537 7538 7534
f 7599 7598 7534
f 7539 7537 7536
f 7537 7602 7536
f 7539 7536 7602
f 7537 7539 7540
f 7598 7603 7537
f 7603 7602 7537
f 7539 7602 7607
f 7539 7607 7606
f 7542 7541 7609
f 7541 7608 7609
f 8809 7608 7541
f 8809 7541 8763
f 7543 7542 7609
f 7544 7543 7611
f 7543 7609 7610
f 7543 7610 7611
f 7545 7544 7612
f 7544 7611 7612
f 7546 7545 7612
f 7614 7547 7546
f 7546 7612 7613
f 7614 7546 7613
f 7548 7547 7550
f 7550 7549 7547
f 7615 7549 7547
f 7615 7547 7614
f 7616 7550 7549
f 7616 7549 7615
f 7551 7550 7616
f 7553 7552 7551
f 7619 7553 7551
f 7551 7616 7617
f 7618 7551 7617
f 7619 7551 7618
f 7554 7553 7620
f 7553 7619 7620
f 7555 7554 7621
f 7621 7554 7620
f 7622 7556 7555
f 7622 7555 7621
f 7623 7557 7556
f 7623 7556 7622
f 7558 7557 7624
f 7624 7557 7623
f 7559 7558 7625
f 7558 7624 7625
f 7561 7560 7559
f 7561 7559 7626
f 7626 7559 7625
f 7562 7561 7627
f 7627 7561 7626
f 7562 7628 7563
f 7562 7627 7628
f 7569 7563 7630
f 7563 7628 7629
f 7563 7629 7630
f 7564 8065 7565
f 7564 8062 8063
f 7564 8063 8064
f 7564 8064 8065
f 7565 8078 7566
f 7565 8065 8066
f 7565 8066 8077
f 7565 8077 8078
f 7566 8068 7567
f 7566 8067 8068
f 7566 8080 8067
f 7566 8078 8079
f 7566 8079 8080
f 7567 8068 8069
f 7567 8069 8070
f 7567 8070 8071
f 8075 7572 7571
f 8075 7573 7572
f 7573 7575 7574
f 7573 7635 7575
f 7634 7635 7573
f 8075 7634 7573
f 7575 7576 7574
f 7575 7578 7576
f 7575 7577 7578
f 7635 7577 7575
f 7577 7580 7578
f 7577 7579 7580
f 7637 7579 7577
f 7635 7636 7577
f 7637 7577 7636
f 7579 7583 7580
f 7579 7582 7583
f 7582 7579 7637
f 7580 7584 7581
f 7580 7583 7584
f 7582 7587 7583
f 7582 7586 7587
f 7586 7582 7639
f 7582 7637 7639
f 7583 7587 7586
f 7585 9095 7588
f 7640 9095 7585
f 7587 7586 7589
f 7643 7589 7586
f 7586 7639 7642
f 7643 7586 7642
f 7589 7590 7587
f 7588 9095 9025
f 7589 7594 7590
f 7703 7594 7589
f 7703 7589 7643
f 7594 7595 7590
f 7592 7693 7591
f 7596 7743 7592
f 7592 7692 7693
f 7592 7704 7692
f 7592 7743 7704
f 7594 7593 7598
f 7703 7593 7594
f 7703 7598 7593
f 7594 7598 7599
f 7644 7781 7596
f 7596 7745 7743
f 7596 7781 7745
f 7598 7597 7602
f 7597 7598 7649
f 7602 7597 7649
f 7603 7598 7602
f 7649 7598 7703
f 7606 7601 7600
f 7601 7654 7600
f 7606 7600 7605
f 7605 7600 7654
f 7607 7602 7601
f 7602 7655 7601
f 7607 7601 7606
f 7601 7655 7654
f 7649 7655 7602
f 7605 7658 7604
f 7605 7654 7659
f 7605 7659 7658
f 7660 7609 7608
f 8858 7660 7608
f 8858 7608 8809
f 7662 7610 7609
f 7661 7609 7660
f 7662 7609 7661
f 7663 7611 7610
f 7663 7610 7662
f 7664 7612 7611
f 7664 7611 7663
f 7665 7613 7612
f 7665 7612 7664
f 7614 7613 7666
f 7613 7665 7666
f 7615 7614 7668
f 7614 7666 7668
f 7616 7615 7669
f 7669 7615 7668
f 7617 7616 7669
f 7672 7618 7617
f 7617 7669 7670
f 7672 7617 7670
f 7619 7618 7673
f 7618 7672 7673
f 7619 7673 7620
f 7621 7620 7675
f 7620 7673 7674
f 7620 7674 7675
f 7622 7621 7675
f 7623 7622 7678
f 7676 7622 7675
f 7678 7622 7676
f 7680 7624 7623
f 7680 7623 7678
f 7625 7624 7680
f 7627 7626 7625
f 7626 7625 7680
f 7626 7681 7627
f 7681 7626 7680
f 7627 7682 7628
f 7627 7681 7682
f 7629 7628 7683
f 7683 7628 7682
f 7686 7630 7629
f 7629 7683 7684
f 7629 7684 7686
f 7687 7632 7630
f 7686 7687 7630
f 7635 7634 8075
f 8075 7636 7635
f 8075 7637 7636
f 8075 7639 7637
f 7638 9161 7641
f 7691 9161 7638
f 7642 7639 7703
f 7703 7639 8075
f 7641 9171 7640
f 7640 9171 9095
f 7641 9161 9171
f 7703 7643 7642
f 7645 7783 7644
f 7644 7783 7781
f 7646 7870 7645
f 7645 7826 7783
f 7645 7870 7826
f 7650 7913 7646
f 7646 7913 7870
f 7647 7654 7648
f 7647 7648 7703
f 7703 7654 7647
f 7655 7649 7648
f 7703 7648 7649
f 7655 7648 7654
f 7694 8017 7650
f 7650 7964 7913
f 7650 7965 7964
f 7650 8017 7965
f 7652 7651 7656
f 7652 7701 7651
f 7651 7700 7699
f 7651 7701 7700
f 7658 7653 7652
f 7653 7701 7652
f 7657 7652 7656
f 7658 7652 7657
f 7658 7654 7653
f 7703 7653 7654
f 7653 7702 7701
f 7703 7702 7653
f 7659 7654 7658
f 7661 7660 7706
f 8914 7706 7660
f 8914 7660 8858
f 7707 7662 7661
f 7661 7706 7707
f 7663 7662 7709
f 7707 7708 7662
f 7662 7708 7709
f 7664 7663 7709
f 7715 7665 7664
f 7664 7709 7710
f 7714 7664 7710
f 7715 7664 7714
f 7668 7666 7665
f 7668 7665 7667
f 7667 7665 7715
f 7668 7667 7716
f 7667 7715 7716
f 7717 7669 7668
f 7717 7668 7716
f 7670 7669 7671
f 7672 7670 7669
f 7671 7669 7718
f 7669 7717 7718
f 7670 7671 7672
f 7671 7718 7672
f 7672 7719 7673
f 7719 7672 7718
f 7675 7674 7673
f 7722 7674 7673
f 7720 7673 7719
f 7722 7673 7720
f 7723 7675 7674
f 7723 7674 7722
f 7678 7676 7675
f 7678 7675 7677
f 7677 7675 7724
f 7675 7723 7724
f 7677 7724 7678
f 7680 7679 7678
f 7679 7678 7726
f 7725 7678 7724
f 7726 7678 7725
f 7680 7679 7726
f 7681 7680 7728
f 7727 7680 7726
f 7680 7727 7728
f 7682 7681 7728
f 7682 7731 7683
f 7682 7728 7729
f 7682 7729 7731
f 7684 7683 7686
f 7683 7685 7686
f 7685 7683 7732
f 7683 7731 7732
f 7686 7685 7732
f 7686 7734 7687
f 7686 7732 7733
f 7686 7733 7734
f 7735 7689 7687
f 7687 7734 7735
f 7690 9225 7691
f 7742 9293 7690
f 7690 9293 9225
f 7691 9235 9161
f 7691 9225 9235
f 8074 7693 7692
f 7704 8110 7692
f 7692 8073 8074
f 7692 8110 8073
f 7695 8017 7694
f 7696 8114 7695
f 7695 8081 8017
f 7695 8114 8081
f 7697 8124 7696
f 7696 8115 8114
f 7696 8118 8115
f 7696 8124 8118
f 7698 8141 7697
f 7697 8127 8124
f 7697 8133 8127
f 7697 8141 8133
f 7703 7698 7699
f 7705 7698 7703
f 7744 7698 7705
f 7746 7698 7744
f 7782 7698 7746
f 7784 7698 7782
f 7827 7698 7784
f 7828 7698 7827
f 7871 7698 7828
f 7872 7698 7871
f 7914 7698 7872
f 7914 8204 7698
f 7698 8150 8141
f 7698 8154 8150
f 7698 8204 8154
f 7703 7699 7700
f 7703 7700 7701
f 7703 7701 7702
f 8111 7705 7703
f 8111 7703 8075
f 7743 8112 7704
f 7704 8112 8110
f 8111 7744 7705
f 8914 7707 7706
f 7712 7708 7707
f 7711 7712 7707
f 8974 7711 7707
f 8974 7707 8914
f 7709 7708 7712
f 7710 7709 7713
f 7709 7712 7713
f 7710 7713 7714
f 7712 7711 7747
f 8980 7747 7711
f 8975 7711 8974
f 8980 7711 8975
f 7749 7713 7712
f 7712 7747 7748
f 7749 7712 7748
f 7714 7713 7750
f 7713 7749 7750
f 7751 7715 7714
f 7751 7714 7750
f 7716 7715 7752
f 7752 7715 7751
f 7718 7717 7716
f 7718 7716 7754
f 7754 7716 7752
f 7719 7718 7756
f 7718 7754 7755
f 7718 7755 7756
f 7722 7720 7719
f 7722 7719 7721
f 7721 7719 7757
f 7757 7719 7756
f 7758 7722 7721
f 7758 7721 7757
f 7723 7722 7759
f 7722 7758 7759
f 7723 7759 7724
f 7725 7724 7762
f 7761 7724 7759
f 7724 7761 7762
f 7726 7725 7764
f 7764 7725 7762
f 7727 7726 7764
f 7728 7727 7765
f 7765 7727 7764
f 7729 7728 7731
f 7728 7730 7731
f 7728 7768 7730
f 7728 7765 7767
f 7728 7767 7768
f 7731 7730 7768
f 7731 7770 7732
f 7731 7768 7769
f 7731 7769 7770
f 7732 7771 7733
f 7732 7770 7771
f 7734 7733 7771
f 7733 7734 7772
f 7773 7735 7734
f 7734 7771 7772
f 7734 7772 7773
f 7735 7906 7736
f 7739 7735 7774
f 7739 7906 7735
f 7773 7774 7735
f 7774 7906 7739
f 7742 7911 7741
f 7741 9284 7742
f 7741 7911 7780
f 7780 9284 7741
f 7954 7911 7742
f 7742 9284 9293
f 7745 8120 7743
f 7743 8120 8112
f 8121 7746 7744
f 8113 7744 8111
f 8121 7744 8113
f 7781 8122 7745
f 7745 8122 8120
f 8121 7782 7746
f 7786 7748 7747
f 7747 7785 7786
f 9044 7785 7747
f 9044 7747 8980
f 7787 7749 7748
f 7787 7748 7786
f 7750 7749 7788
f 7749 7787 7788
f 7789 7751 7750
f 7789 7750 7788
f 7754 7752 7751
f 7754 7751 7753
f 7751 7794 7753
f 7751 7789 7794
f 7795 7754 7753
f 7795 7753 7794
f 7755 7754 7795
f 7756 7755 7757
f 7757 7755 7799
f 7796 7755 7795
f 7755 7796 7798
f 7755 7798 7799
f 7800 7758 7757
f 7800 7757 7799
f 7761 7759 7758
f 7761 7758 7760
f 7760 7758 7802
f 7758 7800 7802
f 7761 7760 7802
f 7764 7762 7761
f 7764 7761 7763
f 7763 7761 7805
f 7761 7802 7803
f 7761 7803 7805
f 7764 7763 7805
f 7767 7765 7764
f 7764 7766 7767
f 7764 7807 7766
f 7806 7764 7805
f 7764 7806 7807
f 7767 7766 7807
f 7767 7810 7768
f 7767 7807 7808
f 7767 7808 7810
f 7768 7810 7769
f 7770 7769 7810
f 7771 7770 7813
f 7770 7810 7812
f 7770 7812 7813
f 7772 7771 7813
f 7772 7816 7773
f 7772 7813 7814
f 7816 7772 7814
f 7773 7818 7774
f 7773 7816 7818
f 7818 7777 7774
f 7777 7906 7774
f 7819 7777 7818
f 7819 7906 7777
f 7780 7911 7779
f 7779 9342 7780
f 7779 7907 7825
f 7825 9342 7779
f 7779 7911 7907
f 7780 9352 9284
f 7780 9342 9352
f 7783 8129 7781
f 7781 8129 8122
f 8130 7784 7782
f 8123 7782 8121
f 8130 7782 8123
f 7826 8131 7783
f 7783 8131 8129
f 8130 7827 7784
f 7786 7785 7791
f 7785 7790 7791
f 9106 7790 7785
f 9106 7785 9044
f 7792 7787 7786
f 7786 7791 7792
f 7788 7787 7792
f 7789 7788 7794
f 7788 7792 7793
f 7788 7793 7794
f 9111 7791 7790
f 9111 7790 9106
f 7830 7792 7791
f 7829 7830 7791
f 9111 7829 7791
f 7831 7793 7792
f 7831 7792 7830
f 7794 7793 7832
f 7793 7831 7832
f 7795 7794 7833
f 7794 7832 7833
f 7798 7796 7795
f 7798 7795 7797
f 7797 7795 7838
f 7838 7795 7833
f 7798 7797 7839
f 7797 7838 7839
f 7799 7798 7840
f 7840 7798 7839
f 7802 7800 7799
f 7802 7799 7801
f 7801 7799 7842
f 7799 7840 7842
f 7801 7842 7802
f 7803 7802 7805
f 7802 7804 7805
f 7802 7845 7804
f 7843 7802 7842
f 7802 7843 7845
f 7805 7804 7846
f 7804 7845 7846
f 7807 7806 7805
f 7807 7805 7847
f 7847 7805 7846
f 7808 7807 7810
f 7807 7809 7810
f 7807 7849 7809
f 7848 7807 7847
f 7807 7848 7849
f 7810 7809 7849
f 7812 7810 7811
f 7811 7810 7852
f 7810 7849 7850
f 7852 7810 7850
f 7811 7853 7812
f 7811 7852 7853
f 7812 7854 7813
f 7812 7853 7854
f 7814 7813 7815
f 7815 7813 7856
f 7813 7854 7856
f 7816 7814 7815
f 7815 7818 7816
f 7815 7817 7818
f 7815 7857 7817
f 7815 7856 7857
f 7857 7818 7817
f 7818 7858 7819
f 7818 7857 7858
f 7819 7860 7821
f 7821 7906 7819
f 7858 7860 7819
f 7862 7821 7860
f 7862 7906 7821
f 7824 7907 7823
f 7823 9407 7824
f 7823 7906 7869
f 7869 9407 7823
f 7823 7907 7906
f 7825 7907 7824
f 7824 9417 7825
f 7824 9407 9417
f 7825 9417 9342
f 7870 8138 7826
f 7826 8138 8131
f 8139 7828 7827
f 8132 7827 8130
f 8139 7827 8132
f 8139 7871 7828
f 7830 7829 7874
f 7829 7873 7834
f 9180 7834 7829
f 7829 7873 7874
f 9180 7829 9111
f 7836 7831 7830
f 7874 7835 7830
f 7836 7830 7875
f 7875 7830 7874
f 7832 7831 7837
f 7837 7831 7836
f 7833 7832 7838
f 7832 7837 7838
f 9180 7873 7834
f 7837 7836 7876
f 7836 7875 7876
f 7877 7838 7837
f 7877 7837 7876
f 7839 7838 7881
f 7838 7877 7880
f 7838 7880 7881
f 7840 7839 7842
f 7839 7841 7842
f 7839 7881 7841
f 7882 7842 7841
f 7882 7841 7881
f 7843 7842 7845
f 7842 7844 7845
f 7842 7884 7844
f 7842 7882 7884
f 7885 7845 7844
f 7885 7844 7884
f 7845 7885 7846
f 7847 7846 7888
f 7888 7846 7885
f 7849 7848 7847
f 7849 7847 7889
f 7889 7847 7888
f 7850 7849 7852
f 7849 7851 7852
f 7849 7892 7851
f 7849 7889 7890
f 7849 7890 7892
f 7852 7851 7893
f 7851 7892 7893
f 7853 7852 7895
f 7852 7893 7895
f 7854 7853 7856
f 7853 7855 7856
f 7855 7853 7895
f 7855 7897 7856
f 7855 7895 7897
f 7856 7898 7857
f 7856 7897 7898
f 7858 7857 7860
f 7860 7857 7859
f 7857 7900 7859
f 7898 7900 7857
f 7860 7859 7862
f 7859 7861 7862
f 7859 7902 7861
f 7900 7902 7859
f 7865 7862 7861
f 7861 7904 7865
f 7902 7904 7861
f 7865 7906 7862
f 7865 7904 7905
f 7905 7906 7865
f 7868 7906 7866
f 7866 9471 7868
f 7906 9471 7866
f 7869 7906 7868
f 7868 9481 7869
f 7868 9471 9481
f 7869 9481 9407
f 7913 8146 7870
f 7870 8146 8138
f 8147 7872 7871
f 8140 7871 8139
f 7871 8140 8147
f 8148 7914 7872
f 8148 7872 8147
f 7917 7874 7873
f 7917 7873 7916
f 9247 7916 7873
f 9247 7873 9180
f 7875 7874 7920
f 7874 7919 7917
f 7919 7920 7874
f 7879 7876 7875
f 7879 7875 7878
f 7878 7875 7920
f 7920 7875 7918
f 7877 7876 7880
f 7876 7879 7880
f 7879 7878 7921
f 7878 7920 7921
f 7922 7880 7879
f 7922 7879 7921
f 7881 7880 7923
f 7880 7922 7923
f 7882 7881 7884
f 7881 7883 7884
f 7881 7927 7883
f 7881 7923 7927
f 7883 7927 7884
f 7885 7884 7887
f 7884 7886 7887
f 7884 7930 7886
f 7884 7927 7928
f 7884 7928 7930
f 7888 7885 7887
f 7887 7886 7931
f 7931 7886 7930
f 7889 7888 7887
f 7889 7887 7934
f 7934 7887 7931
f 7890 7889 7892
f 7889 7891 7892
f 7889 7936 7891
f 7889 7934 7936
f 7891 7936 7892
f 7893 7892 7895
f 7892 7894 7895
f 7894 7892 7939
f 7892 7936 7937
f 7892 7937 7939
f 7897 7895 7894
f 7897 7894 7896
f 7896 7894 7941
f 7894 7939 7941
f 7896 7941 7897
f 7897 7899 7898
f 7897 7944 7899
f 7897 7941 7942
f 7897 7942 7944
f 7900 7898 7899
f 7901 7900 7899
f 7901 7899 7946
f 7899 7944 7946
f 7900 7901 7902
f 7904 7902 7901
f 7904 7901 7903
f 7901 7946 7903
f 7948 7903 7904
f 7946 7948 7903
f 7949 7905 7904
f 7904 7948 7949
f 7910 7906 7905
f 7953 7910 7905
f 7905 7950 7949
f 7953 7905 7949
f 7953 7906 7910
f 7952 7906 7953
f 7961 7906 7952
f 7960 7906 7961
f 8005 7906 7960
f 8004 7906 8005
f 8012 7906 8004
f 8060 7906 8012
f 8057 7906 8058
f 8076 7906 8057
f 8058 7906 8059
f 8059 7906 8060
f 8076 9471 7906
f 7964 8195 7913
f 7913 8195 8146
f 8196 7915 7914
f 8259 7914 7915
f 8149 7914 8148
f 7914 8149 8196
f 7914 8258 8204
f 8258 7914 8259
f 8196 7966 7915
f 8259 7915 7966
f 7917 7916 7919
f 9307 7919 7916
f 9307 7916 9247
f 7920 7919 7970
f 7919 7969 7970
f 9308 7969 7919
f 9308 7919 9307
f 7925 7921 7920
f 7925 7920 7924
f 7920 7970 7924
f 7922 7921 7926
f 7921 7925 7926
f 7923 7922 7927
f 7922 7926 7927
f 7924 7970 7925
f 7926 7925 7972
f 7925 7970 7971
f 7972 7925 7971
f 7929 7927 7926
f 7929 7926 7977
f 7976 7926 7972
f 7977 7926 7976
f 7928 7927 7930
f 7927 7929 7930
f 7930 7929 7977
f 7931 7930 7933
f 7930 7932 7933
f 7930 7981 7932
f 7930 7977 7978
f 7978 7930 7981
f 7934 7931 7933
f 7933 7932 7982
f 7982 7932 7981
f 7934 7933 7936
f 7933 7935 7936
f 7935 7933 7985
f 7985 7933 7982
f 7936 7935 7985
f 7937 7936 7939
f 7936 7938 7939
f 7938 7936 7989
f 7936 7985 7986
f 7989 7936 7986
f 7939 7938 7940
f 7940 7938 7989
f 7939 7940 7941
f 7940 7991 7941
f 7940 7989 7991
f 7942 7941 7944
f 7944 7941 7943
f 7943 7941 7992
f 7941 7991 7992
f 7944 7943 7946
f 7946 7943 7945
f 7945 7943 7994
f 7943 7992 7994
f 7948 7946 7945
f 7948 7945 7947
f 7945 7996 7947
f 7945 7994 7996
f 7948 7947 7998
f 7947 7996 7998
f 7948 7998 7949
f 7952 7953 7949
f 7949 8000 7952
f 7998 8000 7949
f 8000 7949 8001
f 7952 7951 7961
f 8000 7951 7952
f 7952 7951 8003
f 7951 7960 7961
f 7960 7951 8003
f 8000 8003 7951
f 8005 7960 8003
f 7965 8248 7964
f 7964 8248 8195
f 8017 8248 7965
f 8249 7967 7966
f 8259 7966 7967
f 8197 7966 8196
f 7966 8197 8249
f 8249 7968 7967
f 8259 7967 7968
f 8249 8018 7968
f 7968 8018 8259
f 7974 7970 7969
f 7969 7973 7974
f 9373 7973 7969
f 9367 7969 9308
f 9373 7969 9367
f 7970 7974 7971
f 7976 7972 7971
f 7971 7974 7975
f 7976 7971 7975
f 9373 7974 7973
f 8022 7975 7974
f 8021 8022 7974
f 9374 8021 7974
f 9374 7974 9373
f 8025 7976 7975
f 8025 7975 8022
f 7977 7976 7980
f 7976 7979 7980
f 7979 7976 8025
f 7981 7978 7977
f 7981 7977 7980
f 7980 7979 8026
f 7979 8025 8026
f 7981 7980 7984
f 7980 7983 7984
f 7980 8030 7983
f 8030 7980 8026
f 7982 7981 7985
f 7981 7984 7985
f 7983 8030 7984
f 7988 7985 7984
f 7988 7984 7987
f 7984 8034 7987
f 7984 8030 8031
f 7984 8031 8034
f 7986 7985 7989
f 7985 7988 7989
f 7987 8034 7988
f 7989 7988 7991
f 7988 7990 7991
f 7990 7988 8038
f 7988 8034 8035
f 8038 7988 8035
f 7990 8038 7991
f 7992 7991 7994
f 7991 7993 7994
f 7993 7991 8038
f 7994 7993 7996
f 7993 7995 7996
f 8044 7995 7993
f 7993 8038 8040
f 7993 8040 8041
f 8044 7993 8041
f 7996 7995 7997
f 7997 7995 8044
f 7996 7997 7998
f 7998 7997 7999
f 7997 8050 7999
f 7997 8044 8047
f 7997 8047 8050
f 8000 7998 7999
f 8000 7999 8002
f 7999 8050 8002
f 8000 8002 8003
f 8005 8003 8002
f 8004 8005 8002
f 8004 8002 8053
f 8002 8050 8053
f 8060 8012 8004
f 8004 8053 8056
f 8056 8060 8004
f 8081 8290 8017
f 8017 8290 8248
f 8018 8019 8259
f 8291 8019 8018
f 8018 8249 8250
f 8291 8018 8250
f 8259 8019 8020
f 8291 8020 8019
f 8259 8020 8082
f 8082 8020 8292
f 8292 8020 8291
f 8022 8021 8024
f 8021 8023 8024
f 9430 8023 8021
f 9430 8021 9374
f 8025 8022 8024
f 8028 8024 8023
f 8023 8027 8028
f 9444 8027 8023
f 9437 8023 9430
f 9444 8023 9437
f 8024 8028 8025
f 8026 8025 8030
f 8025 8028 8029
f 8030 8025 8029
f 8085 8028 8027
f 8027 8084 8085
f 9501 8084 8027
f 9501 8027 9444
f 8085 8029 8028
f 8028 8085 8086
f 8033 8030 8029
f 8033 8029 8032
f 8029 8087 8032
f 8087 8029 8085
f 8031 8030 8034
f 8030 8033 8034
f 8033 8032 8088
f 8032 8087 8088
f 8033 8036 8034
f 8033 8091 8036
f 8033 8088 8091
f 8035 8034 8038
f 8037 8034 8036
f 8034 8037 8038
f 8037 8036 8091
f 8038 8037 8040
f 8037 8039 8040
f 8039 8037 8095
f 8095 8037 8091
f 8040 8039 8043
f 8039 8042 8043
f 8042 8039 8095
f 8041 8040 8043
f 8044 8041 8043
f 8045 8043 8042
f 8045 8042 8098
f 8042 8095 8098
f 8043 8046 8044
f 8045 8046 8043
f 8044 8046 8047
f 8046 8045 8049
f 8045 8048 8049
f 8045 8101 8048
f 8045 8098 8101
f 8047 8046 8050
f 8046 8049 8050
f 8048 8051 8049
f 8049 8048 8104
f 8048 8104 8051
f 8101 8104 8048
f 8053 8050 8049
f 8052 8049 8051
f 8053 8049 8052
f 8052 8051 8054
f 8054 8051 8106
f 8104 8106 8051
f 8053 8052 8055
f 8054 8055 8052
f 8053 8055 8056
f 8055 8054 8059
f 8054 8058 8059
f 8054 8108 8058
f 8054 8106 8108
f 8055 8060 8056
f 8055 8059 8060
f 8108 8057 8058
f 8057 9466 8076
f 8108 8109 8057
f 9566 8057 8109
f 9466 8057 9566
f 8073 8075 8074
f 8110 8075 8073
f 8112 8075 8110
f 8146 8111 8075
f 8120 8075 8112
f 8122 8075 8120
f 8129 8075 8122
f 8131 8075 8129
f 8138 8075 8131
f 8146 8075 8138
f 8076 9466 9471
f 8114 8330 8081
f 8081 8330 8290
f 8082 8083 8259
f 8083 8082 8332
f 8293 8082 8292
f 8331 8082 8293
f 8332 8082 8331
f 8259 8083 8116
f 8332 8116 8083
f 9501 8085 8084
f 8086 8087 8085
f 9501 8086 8085
f 8087 8086 8090
f 8086 8089 8090
f 9516 8089 8086
f 9508 8086 9501
f 9516 8086 9508
f 8091 8088 8087
f 8091 8087 8090
f 8090 8089 8093
f 8092 8093 8089
f 9516 8092 8089
f 8091 8090 8094
f 8094 8090 8093
f 8095 8091 8094
f 9524 8093 8092
f 9524 8092 9516
f 8096 8094 8093
f 9529 8096 8093
f 9529 8093 9524
f 8095 8094 8098
f 8097 8094 8096
f 8094 8097 8098
f 8097 8096 8100
f 8096 8099 8100
f 9535 8099 8096
f 9530 8096 9529
f 9535 8096 9530
f 8098 8097 8100
f 8098 8100 8101
f 8099 8102 8100
f 9540 8102 8099
f 9540 8099 9535
f 8104 8101 8100
f 8100 8102 8103
f 8104 8100 8103
f 8103 8102 8105
f 9540 8105 8102
f 8106 8104 8103
f 8105 8106 8103
f 8105 8107 8106
f 9546 8107 8105
f 9546 8105 9540
f 8106 8107 8108
f 8107 8109 8108
f 9566 8109 8107
f 9555 8107 9546
f 9556 8107 9555
f 9566 8107 9556
f 8404 8113 8111
f 8195 8111 8146
f 8248 8111 8195
f 8290 8111 8248
f 8330 8111 8290
f 8333 8111 8330
f 8367 8111 8333
f 8370 8111 8367
f 8404 8111 8370
f 8446 8121 8113
f 8407 8113 8404
f 8446 8113 8407
f 8115 8333 8114
f 8114 8333 8330
f 8118 8367 8115
f 8115 8367 8333
f 8259 8116 8117
f 8116 8368 8117
f 8334 8116 8332
f 8368 8116 8334
f 8117 8119 8259
f 8369 8119 8117
f 8117 8368 8369
f 8124 8370 8118
f 8118 8370 8367
f 8259 8119 8125
f 8369 8125 8119
f 8529 8123 8121
f 8486 8121 8446
f 8487 8121 8486
f 8524 8121 8487
f 8529 8121 8524
f 8529 8130 8123
f 8127 8404 8124
f 8124 8404 8370
f 8125 8126 8260
f 8405 8126 8125
f 8260 8259 8125
f 8125 8369 8371
f 8405 8125 8371
f 8126 8128 8260
f 8128 8126 8405
f 8133 8407 8127
f 8127 8407 8404
f 8260 8128 8134
f 8405 8134 8128
f 8529 8132 8130
f 8529 8139 8132
f 8141 8446 8133
f 8133 8446 8407
f 8260 8134 8135
f 8406 8135 8134
f 8406 8134 8405
f 8260 8135 8136
f 8447 8136 8135
f 8408 8135 8406
f 8135 8408 8447
f 8136 8137 8260
f 8448 8137 8136
f 8448 8136 8447
f 8260 8137 8142
f 8142 8137 8448
f 8566 8140 8139
f 8566 8139 8529
f 8566 8147 8140
f 8150 8487 8141
f 8141 8486 8446
f 8141 8487 8486
f 8260 8142 8143
f 8449 8143 8142
f 8142 8448 8449
f 8261 8143 8144
f 8143 8488 8144
f 8260 8143 8261
f 8450 8143 8449
f 8488 8143 8450
f 8211 8144 8145
f 8489 8145 8144
f 8261 8144 8211
f 8144 8488 8489
f 8206 8145 8151
f 8151 8145 8490
f 8205 8145 8206
f 8211 8145 8205
f 8490 8145 8489
f 8148 8147 8566
f 8149 8148 8566
f 8566 8196 8149
f 8154 8524 8150
f 8150 8524 8487
f 8206 8151 8152
f 8151 8253 8152
f 8151 8251 8253
f 8151 8296 8251
f 8294 8296 8151
f 8151 8337 8294
f 8490 8337 8151
f 8152 8199 8153
f 8208 8152 8153
f 8152 8198 8199
f 8152 8256 8198
f 8206 8152 8207
f 8207 8152 8208
f 8253 8254 8152
f 8152 8254 8256
f 8153 8201 8156
f 8208 8153 8156
f 8153 8199 8201
f 8204 8529 8154
f 8154 8529 8524
f 8161 8155 8156
f 8207 8156 8155
f 8161 8160 8155
f 8160 8207 8155
f 8156 8201 8157
f 8208 8156 8157
f 8162 8156 8158
f 8158 8156 8210
f 8162 8161 8156
f 8208 8156 8207
f 8210 8156 8208
f 8157 8201 8202
f 8157 8202 8209
f 8157 8209 8208
f 8164 8159 8160
f 8213 8160 8159
f 8164 8163 8159
f 8163 8212 8159
f 8213 8159 8212
f 8165 8160 8161
f 8165 8164 8160
f 8160 8213 8207
f 8166 8161 8162
f 8166 8165 8161
f 8169 8163 8164
f 8169 8168 8163
f 8168 8216 8163
f 8163 8216 8212
f 8170 8164 8165
f 8170 8169 8164
f 8167 8165 8166
f 8167 8170 8165
f 8171 8170 8167
f 8173 8168 8169
f 8173 8172 8168
f 8172 8219 8168
f 8168 8219 8216
f 8174 8169 8170
f 8174 8173 8169
f 8171 8174 8170
f 8175 8174 8171
f 8177 8172 8173
f 8177 8176 8172
f 8176 8222 8172
f 8172 8222 8219
f 8178 8173 8174
f 8178 8177 8173
f 8175 8178 8174
f 8179 8178 8175
f 8181 8176 8177
f 8181 8180 8176
f 8180 8228 8176
f 8176 8225 8222
f 8228 8225 8176
f 8182 8177 8178
f 8182 8181 8177
f 8179 8182 8178
f 8183 8182 8179
f 8185 8180 8181
f 8185 8184 8180
f 8184 8231 8180
f 8231 8228 8180
f 8186 8181 8182
f 8186 8185 8181
f 8187 8182 8183
f 8187 8186 8182
f 8189 8184 8185
f 8189 8188 8184
f 8188 8233 8184
f 8233 8231 8184
f 8190 8185 8186
f 8190 8189 8185
f 8191 8186 8187
f 8191 8190 8186
f 8189 8233 8188
f 8193 8189 8190
f 8193 8192 8189
f 8192 8237 8189
f 8234 8233 8189
f 8237 8234 8189
f 8194 8190 8191
f 8194 8193 8190
f 8238 8192 8193
f 8238 8237 8192
f 8239 8193 8194
f 8239 8238 8193
f 8566 8197 8196
f 8566 8249 8197
f 8200 8199 8198
f 8200 8198 8257
f 8257 8198 8256
f 8203 8199 8200
f 8203 8201 8199
f 8202 8201 8203
f 8203 8209 8202
f 8210 8209 8203
f 8258 8566 8204
f 8204 8566 8529
f 8211 8205 8206
f 8213 8206 8207
f 8211 8206 8212
f 8213 8212 8206
f 8210 8208 8209
f 8216 8211 8212
f 8216 8215 8211
f 8215 8261 8211
f 8218 8214 8215
f 8215 8214 8262
f 8218 8217 8214
f 8217 8262 8214
f 8219 8215 8216
f 8219 8218 8215
f 8215 8263 8261
f 8215 8262 8263
f 8221 8217 8218
f 8221 8220 8217
f 8220 8264 8217
f 8217 8264 8262
f 8222 8218 8219
f 8222 8221 8218
f 8224 8220 8221
f 8224 8223 8220
f 8223 8266 8220
f 8220 8266 8264
f 8225 8221 8222
f 8225 8224 8221
f 8227 8223 8224
f 8227 8226 8223
f 8226 8268 8223
f 8223 8268 8266
f 8228 8224 8225
f 8228 8227 8224
f 8230 8226 8227
f 8230 8229 8226
f 8229 8269 8226
f 8226 8269 8268
f 8231 8227 8228
f 8231 8230 8227
f 8230 8270 8229
f 8229 8270 8269
f 8233 8230 8231
f 8233 8232 8230
f 8232 8273 8230
f 8271 8270 8230
f 8273 8271 8230
f 8236 8232 8233
f 8236 8235 8232
f 8275 8232 8235
f 8275 8273 8232
f 8237 8233 8234
f 8237 8236 8233
f 8236 8275 8235
f 8242 8236 8237
f 8242 8241 8236
f 8241 8278 8236
f 8278 8275 8236
f 8243 8237 8238
f 8243 8242 8237
f 8240 8238 8239
f 8240 8243 8238
f 8244 8243 8240
f 8242 8278 8241
f 8246 8242 8243
f 8246 8245 8242
f 8281 8242 8245
f 8281 8278 8242
f 8247 8243 8244
f 8247 8246 8243
f 8282 8245 8246
f 8282 8281 8245
f 8283 8246 8247
f 8283 8282 8246
f 8566 8250 8249
f 8291 8250 8566
f 8252 8253 8251
f 8252 8251 8297
f 8297 8251 8296
f 8255 8253 8252
f 8255 8254 8253
f 8255 8256 8254
f 8257 8256 8255
f 8259 8606 8258
f 8258 8606 8566
f 8260 8298 8259
f 8298 8606 8259
f 8261 8262 8260
f 8262 8298 8260
f 8263 8262 8261
f 8264 8301 8262
f 8301 8298 8262
f 8266 8303 8264
f 8264 8304 8301
f 8264 8303 8304
f 8268 8265 8266
f 8266 8265 8305
f 8268 8267 8265
f 8267 8305 8265
f 8266 8305 8303
f 8268 8306 8267
f 8267 8306 8305
f 8269 8306 8268
f 8270 8310 8269
f 8269 8307 8306
f 8308 8307 8269
f 8310 8308 8269
f 8273 8270 8271
f 8273 8272 8270
f 8272 8312 8270
f 8312 8310 8270
f 8275 8272 8273
f 8275 8274 8272
f 8274 8314 8272
f 8314 8312 8272
f 8277 8274 8275
f 8277 8276 8274
f 8276 8315 8274
f 8315 8314 8274
f 8278 8277 8275
f 8316 8276 8277
f 8316 8315 8276
f 8280 8277 8278
f 8280 8279 8277
f 8279 8316 8277
f 8281 8280 8278
f 8320 8279 8280
f 8318 8316 8279
f 8320 8318 8279
f 8285 8280 8281
f 8285 8284 8280
f 8284 8320 8280
f 8286 8281 8282
f 8286 8285 8281
f 8283 8286 8282
f 8287 8286 8283
f 8321 8284 8285
f 8321 8320 8284
f 8325 8285 8286
f 8324 8321 8285
f 8325 8324 8285
f 8287 8288 8286
f 8288 8325 8286
f 8289 8288 8287
f 8326 8288 8289
f 8326 8325 8288
f 8292 8291 8566
f 8566 8293 8292
f 8566 8331 8293
f 8295 8296 8294
f 8295 8294 8338
f 8338 8294 8337
f 8297 8296 8295
f 8301 8299 8298
f 8299 8609 8298
f 8298 8609 8606
f 8300 8299 8301
f 8300 8302 8299
f 8302 8644 8299
f 8299 8644 8609
f 8304 8300 8301
f 8303 8302 8300
f 8304 8303 8300
f 8303 8339 8302
f 8339 8644 8302
f 8341 8303 8305
f 8341 8339 8303
f 8342 8305 8306
f 8341 8305 8342
f 8343 8306 8307
f 8342 8306 8343
f 8310 8307 8308
f 8310 8309 8307
f 8309 8344 8307
f 8343 8307 8344
f 8312 8309 8310
f 8312 8311 8309
f 8311 8346 8309
f 8309 8345 8344
f 8346 8345 8309
f 8314 8311 8312
f 8314 8313 8311
f 8313 8347 8311
f 8347 8346 8311
f 8314 8347 8313
f 8315 8348 8314
f 8348 8347 8314
f 8318 8315 8316
f 8318 8317 8315
f 8317 8352 8315
f 8350 8348 8315
f 8352 8350 8315
f 8354 8317 8318
f 8353 8352 8317
f 8354 8353 8317
f 8320 8319 8318
f 8319 8354 8318
f 8323 8319 8320
f 8323 8322 8319
f 8322 8356 8319
f 8356 8354 8319
f 8324 8320 8321
f 8324 8323 8320
f 8323 8356 8322
f 8360 8323 8324
f 8357 8356 8323
f 8359 8357 8323
f 8360 8359 8323
f 8328 8324 8325
f 8328 8327 8324
f 8360 8324 8327
f 8329 8325 8326
f 8329 8328 8325
f 8361 8327 8328
f 8361 8360 8327
f 8362 8328 8329
f 8362 8361 8328
f 8566 8332 8331
f 8334 8332 8566
f 8566 8368 8334
f 8338 8335 8336
f 8336 8335 8375
f 8338 8337 8335
f 8335 8337 8490
f 8375 8335 8374
f 8374 8335 8490
f 8341 8340 8339
f 8340 8682 8339
f 8339 8682 8644
f 8341 8376 8340
f 8376 8682 8340
f 8342 8376 8341
f 8343 8378 8342
f 8378 8376 8342
f 8344 8379 8343
f 8343 8379 8378
f 8345 8380 8344
f 8344 8380 8379
f 8346 8381 8345
f 8345 8381 8380
f 8347 8382 8346
f 8382 8381 8346
f 8350 8347 8348
f 8350 8349 8347
f 8349 8384 8347
f 8347 8383 8382
f 8384 8383 8347
f 8352 8349 8350
f 8352 8351 8349
f 8351 8384 8349
f 8352 8385 8351
f 8385 8384 8351
f 8353 8386 8352
f 8386 8385 8352
f 8356 8353 8354
f 8356 8355 8353
f 8355 8389 8353
f 8388 8386 8353
f 8389 8388 8353
f 8356 8389 8355
f 8359 8356 8357
f 8359 8358 8356
f 8392 8356 8358
f 8390 8389 8356
f 8392 8390 8356
f 8393 8358 8359
f 8393 8392 8358
f 8396 8359 8360
f 8395 8393 8359
f 8396 8395 8359
f 8364 8360 8361
f 8364 8363 8360
f 8396 8360 8363
f 8365 8361 8362
f 8365 8364 8361
f 8362 8366 8365
f 8397 8363 8364
f 8397 8396 8363
f 8398 8364 8365
f 8398 8397 8364
f 8398 8365 8366
f 8399 8398 8366
f 8566 8369 8368
f 8566 8371 8369
f 8405 8371 8566
f 8375 8372 8373
f 8373 8372 8412
f 8375 8374 8372
f 8490 8372 8374
f 8412 8372 8410
f 8410 8372 8490
f 8378 8377 8376
f 8377 8684 8376
f 8376 8684 8682
f 8378 8413 8377
f 8413 8723 8377
f 8377 8722 8684
f 8377 8723 8722
f 8379 8413 8378
f 8380 8421 8379
f 8416 8413 8379
f 8421 8416 8379
f 8381 8421 8380
f 8382 8424 8381
f 8381 8424 8421
f 8383 8426 8382
f 8426 8424 8382
f 8428 8383 8384
f 8427 8426 8383
f 8427 8383 8428
f 8385 8428 8384
f 8388 8385 8386
f 8388 8387 8385
f 8387 8430 8385
f 8429 8428 8385
f 8430 8429 8385
f 8388 8430 8387
f 8433 8388 8389
f 8431 8430 8388
f 8433 8431 8388
f 8392 8389 8390
f 8392 8391 8389
f 8391 8434 8389
f 8434 8433 8389
f 8435 8391 8392
f 8435 8434 8391
f 8395 8392 8393
f 8395 8394 8392
f 8437 8392 8394
f 8437 8435 8392
f 8438 8394 8395
f 8438 8437 8394
f 8439 8395 8396
f 8439 8438 8395
f 8401 8396 8397
f 8401 8400 8396
f 8441 8396 8400
f 8441 8439 8396
f 8398 8401 8397
f 8402 8398 8399
f 8402 8401 8398
f 8403 8402 8399
f 8442 8400 8401
f 8442 8441 8400
f 8443 8401 8402
f 8443 8442 8401
f 8443 8402 8403
f 8444 8443 8403
f 8566 8406 8405
f 8408 8406 8566
f 8530 8447 8408
f 8566 8530 8408
f 8452 8411 8409
f 8409 8411 8491
f 8452 8409 8451
f 8491 8451 8409
f 8412 8410 8411
f 8491 8411 8410
f 8491 8410 8490
f 8412 8411 8452
f 8414 8413 8415
f 8414 8417 8413
f 8415 8413 8416
f 8417 8772 8413
f 8413 8727 8723
f 8413 8772 8727
f 8414 8415 8420
f 8419 8417 8414
f 8414 8420 8419
f 8416 8420 8415
f 8421 8420 8416
f 8418 8417 8419
f 8499 8417 8418
f 8499 8453 8417
f 8453 8772 8417
f 8418 8419 8499
f 8419 8420 8423
f 8419 8423 8422
f 8419 8422 8456
f 8456 8419 8454
f 8419 8456 8497
f 8500 8419 8497
f 8499 8419 8500
f 8421 8423 8420
f 8424 8423 8421
f 8422 8423 8457
f 8422 8457 8456
f 8424 8425 8423
f 8423 8425 8459
f 8457 8423 8459
f 8426 8425 8424
f 8426 8459 8425
f 8427 8460 8426
f 8460 8459 8426
f 8428 8464 8427
f 8463 8460 8427
f 8464 8463 8427
f 8429 8465 8428
f 8465 8464 8428
f 8430 8465 8429
f 8433 8430 8431
f 8433 8432 8430
f 8432 8467 8430
f 8466 8465 8430
f 8467 8466 8430
f 8433 8467 8432
f 8470 8433 8434
f 8468 8467 8433
f 8470 8468 8433
f 8437 8434 8435
f 8437 8436 8434
f 8436 8470 8434
f 8472 8436 8437
f 8471 8470 8436
f 8472 8471 8436
f 8474 8437 8438
f 8473 8472 8437
f 8474 8473 8437
f 8441 8438 8439
f 8441 8440 8438
f 8474 8438 8440
f 8475 8440 8441
f 8475 8474 8440
f 8476 8441 8442
f 8476 8475 8441
f 8477 8442 8443
f 8477 8476 8442
f 8477 8443 8444
f 8444 8445 8478
f 8478 8477 8444
f 8478 8445 8479
f 8530 8448 8447
f 8530 8449 8448
f 8450 8449 8530
f 8530 8488 8450
f 8451 8493 8452
f 8525 8451 8491
f 8525 8493 8451
f 8452 8493 8494
f 8499 8455 8453
f 8455 8821 8453
f 8453 8820 8772
f 8453 8821 8820
f 8499 8495 8455
f 8495 8821 8455
f 8456 8457 8458
f 8456 8458 8500
f 8497 8456 8500
f 8457 8459 8458
f 8458 8459 8461
f 8458 8461 8501
f 8500 8458 8501
f 8460 8462 8459
f 8459 8462 8461
f 8463 8462 8460
f 8461 8462 8502
f 8461 8502 8501
f 8503 8462 8463
f 8503 8502 8462
f 8503 8463 8464
f 8465 8506 8464
f 8503 8464 8506
f 8508 8465 8466
f 8507 8506 8465
f 8508 8507 8465
f 8467 8508 8466
f 8470 8467 8468
f 8470 8469 8467
f 8510 8467 8469
f 8509 8508 8467
f 8510 8509 8467
f 8511 8469 8470
f 8511 8510 8469
f 8470 8471 8511
f 8513 8471 8472
f 8511 8471 8512
f 8513 8512 8471
f 8515 8472 8473
f 8515 8513 8472
f 8516 8473 8474
f 8516 8515 8473
f 8481 8474 8475
f 8481 8480 8474
f 8518 8474 8480
f 8518 8516 8474
f 8482 8475 8476
f 8482 8481 8475
f 8483 8476 8477
f 8483 8482 8476
f 8483 8477 8478
f 8484 8478 8479
f 8484 8483 8478
f 8485 8484 8479
f 8519 8480 8481
f 8519 8518 8480
f 8520 8481 8482
f 8520 8519 8481
f 8521 8482 8483
f 8521 8520 8482
f 8521 8483 8484
f 8484 8485 8523
f 8522 8521 8484
f 8484 8523 8522
f 8530 8489 8488
f 8530 8490 8489
f 8490 8530 8491
f 8491 8531 8525
f 8491 8530 8531
f 8527 8492 8493
f 8528 8493 8492
f 8528 8492 8527
f 8494 8493 8528
f 8526 8493 8525
f 8527 8493 8526
f 8496 8495 8499
f 8496 8872 8495
f 8495 8872 8821
f 8499 8498 8496
f 8498 8873 8496
f 8496 8873 8872
f 8499 8532 8498
f 8532 8873 8498
f 8534 8499 8500
f 8613 8532 8499
f 8535 8499 8534
f 8573 8499 8535
f 8499 8573 8613
f 8501 8535 8500
f 8534 8500 8535
f 8501 8502 8505
f 8501 8505 8504
f 8501 8504 8536
f 8535 8501 8536
f 8503 8505 8502
f 8506 8505 8503
f 8504 8505 8537
f 8504 8537 8536
f 8506 8539 8505
f 8505 8539 8537
f 8506 8507 8540
f 8540 8539 8506
f 8508 8540 8507
f 8509 8542 8508
f 8541 8540 8508
f 8508 8542 8541
f 8510 8543 8509
f 8543 8542 8509
f 8545 8510 8511
f 8544 8543 8510
f 8545 8544 8510
f 8545 8511 8512
f 8515 8512 8513
f 8515 8514 8512
f 8546 8512 8514
f 8546 8545 8512
f 8515 8546 8514
f 8518 8515 8516
f 8518 8517 8515
f 8548 8515 8517
f 8547 8546 8515
f 8548 8547 8515
f 8549 8517 8518
f 8549 8548 8517
f 8550 8518 8519
f 8550 8549 8518
f 8551 8519 8520
f 8551 8550 8519
f 8552 8520 8521
f 8552 8551 8520
f 8552 8521 8522
f 8522 8523 8554
f 8553 8552 8522
f 8522 8554 8553
f 8526 8525 8564
f 8525 8531 8530
f 8525 8530 8563
f 8564 8525 8563
f 8527 8526 8528
f 8528 8526 8564
f 8528 8564 8565
f 8563 8530 8562
f 8562 8530 8569
f 8566 8569 8530
f 8613 8533 8532
f 8533 8876 8532
f 8532 8876 8873
f 8613 8571 8533
f 8571 8931 8533
f 8533 8930 8876
f 8533 8931 8930
f 8575 8535 8536
f 8535 8575 8573
f 8536 8537 8539
f 8536 8539 8538
f 8536 8538 8576
f 8536 8576 8575
f 8538 8539 8577
f 8538 8577 8576
f 8540 8577 8539
f 8541 8578 8540
f 8578 8577 8540
f 8542 8580 8541
f 8580 8578 8541
f 8543 8582 8542
f 8581 8580 8542
f 8582 8581 8542
f 8544 8583 8543
f 8583 8582 8543
f 8584 8544 8545
f 8584 8583 8544
f 8585 8545 8546
f 8545 8585 8584
f 8547 8585 8546
f 8587 8547 8548
f 8586 8585 8547
f 8587 8586 8547
f 8588 8548 8549
f 8588 8587 8548
f 8589 8549 8550
f 8589 8588 8549
f 8557 8550 8551
f 8557 8556 8550
f 8591 8550 8556
f 8591 8589 8550
f 8558 8551 8552
f 8558 8557 8551
f 8558 8552 8553
f 8553 8554 8560
f 8559 8558 8553
f 8553 8560 8559
f 8554 8555 8560
f 8560 8555 8561
f 8592 8556 8557
f 8592 8591 8556
f 8593 8557 8558
f 8593 8592 8557
f 8593 8558 8559
f 8559 8560 8595
f 8594 8593 8559
f 8559 8595 8594
f 8560 8561 8595
f 8595 8561 8596
f 8598 8563 8562
f 8598 8562 8569
f 8600 8564 8563
f 8598 8599 8563
f 8600 8563 8599
f 8565 8564 8601
f 8601 8564 8600
f 8566 8568 8569
f 8606 8568 8566
f 8567 8603 8568
f 8606 8567 8568
f 8570 8603 8567
f 8570 8567 8606
f 8604 8569 8568
f 8604 8568 8603
f 8605 8598 8569
f 8604 8605 8569
f 8608 8603 8570
f 8606 8608 8570
f 8572 8571 8613
f 8572 8996 8571
f 8571 8933 8931
f 8571 8996 8933
f 8613 8574 8572
f 8574 8996 8572
f 8575 8613 8573
f 8613 8611 8574
f 8611 8997 8574
f 8574 8997 8996
f 8575 8576 8616
f 8575 8614 8613
f 8575 8616 8614
f 8576 8577 8618
f 8576 8618 8616
f 8578 8579 8577
f 8577 8579 8618
f 8580 8579 8578
f 8580 8618 8579
f 8581 8620 8580
f 8619 8618 8580
f 8620 8619 8580
f 8581 8582 8620
f 8583 8621 8582
f 8620 8582 8621
f 8623 8583 8584
f 8622 8621 8583
f 8623 8622 8583
f 8624 8584 8585
f 8624 8623 8584
f 8626 8585 8586
f 8626 8624 8585
f 8626 8586 8587
f 8627 8587 8588
f 8627 8626 8587
f 8591 8588 8589
f 8591 8590 8588
f 8628 8588 8590
f 8628 8627 8588
f 8629 8590 8591
f 8629 8628 8590
f 8630 8591 8592
f 8630 8629 8591
f 8631 8592 8593
f 8631 8630 8592
f 8631 8593 8594
f 8594 8595 8633
f 8632 8631 8594
f 8594 8633 8632
f 8595 8596 8634
f 8595 8634 8633
f 8597 8598 8604
f 8636 8598 8597
f 8635 8597 8604
f 8636 8597 8635
f 8637 8599 8598
f 8604 8598 8605
f 8637 8598 8636
f 8638 8600 8599
f 8638 8599 8637
f 8601 8600 8602
f 8602 8600 8639
f 8639 8600 8638
f 8641 8604 8603
f 8640 8603 8608
f 8641 8603 8640
f 8635 8604 8641
f 8609 8608 8606
f 8609 8607 8608
f 8642 8608 8607
f 8609 8610 8607
f 8610 8645 8607
f 8607 8645 8642
f 8643 8640 8608
f 8642 8643 8608
f 8644 8610 8609
f 8644 8645 8610
f 8689 8612 8611
f 8612 9000 8611
f 8689 8611 8613
f 8611 9000 8997
f 8615 8612 8689
f 8615 9065 8612
f 8612 9064 9000
f 8612 9065 9064
f 8614 8616 8613
f 8650 8613 8616
f 8690 8613 8650
f 8613 8690 8689
f 8689 8647 8615
f 8647 9065 8615
f 8616 8618 8617
f 8616 8617 8652
f 8616 8652 8650
f 8617 8618 8653
f 8617 8653 8652
f 8619 8653 8618
f 8655 8619 8620
f 8654 8653 8619
f 8655 8654 8619
f 8621 8656 8620
f 8656 8655 8620
f 8621 8622 8657
f 8621 8657 8656
f 8624 8622 8623
f 8659 8622 8624
f 8658 8657 8622
f 8659 8658 8622
f 8626 8625 8624
f 8660 8624 8625
f 8660 8659 8624
f 8661 8625 8626
f 8661 8660 8625
f 8663 8626 8627
f 8663 8661 8626
f 8663 8627 8628
f 8664 8628 8629
f 8664 8663 8628
f 8665 8629 8630
f 8665 8664 8629
f 8666 8630 8631
f 8666 8665 8630
f 8666 8631 8632
f 8632 8633 8668
f 8667 8666 8632
f 8632 8668 8667
f 8633 8634 8669
f 8633 8669 8668
f 8674 8636 8635
f 8673 8635 8641
f 8674 8635 8673
f 8675 8637 8636
f 8675 8636 8674
f 8676 8638 8637
f 8676 8637 8675
f 8639 8638 8672
f 8672 8638 8671
f 8671 8638 8676
f 8678 8641 8640
f 8677 8640 8643
f 8678 8640 8677
f 8673 8641 8678
f 8680 8643 8642
f 8679 8642 8645
f 8680 8642 8679
f 8677 8643 8680
f 8682 8645 8644
f 8681 8645 8646
f 8682 8646 8645
f 8679 8645 8681
f 8681 8646 8683
f 8683 8646 8682
f 8689 8648 8647
f 8648 9067 8647
f 8647 9067 9065
f 8649 8648 8689
f 8649 9130 8648
f 8648 9130 9067
f 8689 8651 8649
f 8651 9130 8649
f 8690 8650 8652
f 8687 8686 8651
f 8686 8732 8651
f 8689 8687 8651
f 8651 8731 8730
f 8651 8730 8780
f 8651 8732 8731
f 8651 8780 8778
f 8651 8778 8824
f 8824 8878 8651
f 8651 8878 9130
f 8652 8653 8691
f 8652 8691 8690
f 8692 8653 8654
f 8692 8691 8653
f 8655 8692 8654
f 8656 8694 8655
f 8694 8692 8655
f 8696 8656 8657
f 8695 8694 8656
f 8696 8695 8656
f 8697 8657 8658
f 8697 8696 8657
f 8698 8658 8659
f 8698 8697 8658
f 8699 8659 8660
f 8699 8698 8659
f 8700 8660 8661
f 8700 8699 8660
f 8663 8662 8661
f 8701 8661 8662
f 8701 8700 8661
f 8702 8662 8663
f 8702 8701 8662
f 8703 8663 8664
f 8703 8702 8663
f 8704 8664 8665
f 8704 8703 8664
f 8705 8665 8666
f 8705 8704 8665
f 8705 8666 8667
f 8667 8668 8707
f 8706 8705 8667
f 8667 8707 8706
f 8668 8669 8708
f 8668 8708 8707
f 8669 8670 8708
f 8708 8670 8709
f 8672 8671 8711
f 8710 8671 8676
f 8711 8671 8710
f 8713 8674 8673
f 8712 8673 8678
f 8713 8673 8712
f 8714 8675 8674
f 8714 8674 8713
f 8715 8676 8675
f 8715 8675 8714
f 8710 8676 8715
f 8717 8678 8677
f 8716 8677 8680
f 8717 8677 8716
f 8712 8678 8717
f 8719 8680 8679
f 8718 8679 8681
f 8719 8679 8718
f 8716 8680 8719
f 8720 8681 8683
f 8718 8681 8720
f 8684 8683 8682
f 8684 8685 8683
f 8726 8683 8685
f 8720 8683 8721
f 8726 8721 8683
f 8722 8685 8684
f 8726 8685 8722
f 8686 8687 8688
f 8686 8688 8733
f 8732 8686 8733
f 8687 8690 8688
f 8687 8689 8690
f 8688 8690 8689
f 8688 8689 8736
f 8733 8688 8735
f 8735 8688 8736
f 8689 8690 8691
f 8689 8691 8692
f 8689 8692 8694
f 8689 8694 8693
f 8736 8689 8693
f 8693 8694 8737
f 8693 8737 8736
f 8742 8694 8695
f 8737 8694 8739
f 8742 8739 8694
f 8743 8695 8696
f 8743 8742 8695
f 8744 8696 8697
f 8744 8743 8696
f 8745 8697 8698
f 8745 8744 8697
f 8746 8698 8699
f 8746 8745 8698
f 8747 8699 8700
f 8747 8746 8699
f 8748 8700 8701
f 8748 8747 8700
f 8749 8701 8702
f 8749 8748 8701
f 8750 8702 8703
f 8750 8749 8702
f 8751 8703 8704
f 8751 8750 8703
f 8752 8704 8705
f 8752 8751 8704
f 8752 8705 8706
f 8706 8707 8754
f 8753 8752 8706
f 8706 8754 8753
f 8707 8708 8755
f 8707 8755 8754
f 8708 8709 8755
f 8755 8709 8756
f 8711 8710 8757
f 8715 8762 8710
f 8710 8762 8757
f 8711 8757 8758
f 8712 8760 8713
f 8717 8759 8712
f 8712 8759 8760
f 8713 8761 8714
f 8713 8760 8761
f 8714 8762 8715
f 8714 8761 8762
f 8764 8717 8716
f 8767 8716 8719
f 8767 8764 8716
f 8765 8759 8717
f 8764 8765 8717
f 8766 8719 8718
f 8768 8718 8720
f 8768 8766 8718
f 8766 8767 8719
f 8721 8768 8720
f 8771 8721 8726
f 8769 8768 8721
f 8771 8769 8721
f 8723 8726 8722
f 8727 8726 8723
f 8725 8727 8724
f 8728 8725 8724
f 8724 8727 8728
f 8725 8726 8727
f 8726 8725 8771
f 8729 8725 8728
f 8725 8729 8775
f 8771 8725 8770
f 8775 8770 8725
f 8728 8727 8772
f 8774 8729 8728
f 8728 8772 8774
f 8775 8729 8774
f 8781 8730 8731
f 8781 8780 8730
f 8731 8732 8733
f 8781 8731 8733
f 8733 8736 8734
f 8733 8734 8784
f 8733 8735 8736
f 8781 8733 8782
f 8782 8733 8783
f 8783 8733 8784
f 8734 8736 8785
f 8784 8734 8785
f 8736 8737 8738
f 8786 8736 8738
f 8736 8786 8785
f 8737 8739 8738
f 8738 8739 8742
f 8738 8742 8740
f 8738 8740 8787
f 8786 8738 8787
f 8740 8742 8741
f 8787 8740 8741
f 8741 8742 8790
f 8787 8741 8789
f 8741 8790 8789
f 8791 8742 8743
f 8791 8790 8742
f 8792 8743 8744
f 8792 8791 8743
f 8793 8744 8745
f 8793 8792 8744
f 8794 8745 8746
f 8794 8793 8745
f 8795 8746 8747
f 8795 8794 8746
f 8796 8747 8748
f 8796 8795 8747
f 8797 8748 8749
f 8797 8796 8748
f 8798 8749 8750
f 8798 8797 8749
f 8799 8750 8751
f 8799 8798 8750
f 8752 8799 8751
f 8800 8752 8753
f 8800 8799 8752
f 8753 8754 8802
f 8801 8800 8753
f 8753 8802 8801
f 8754 8755 8803
f 8754 8803 8802
f 8755 8756 8804
f 8755 8804 8803
f 8758 8757 8762
f 8758 8762 8763
f 8805 8760 8759
f 8811 8759 8765
f 8811 8805 8759
f 8806 8761 8760
f 8805 8806 8760
f 8807 8762 8761
f 8806 8807 8761
f 8763 8762 8808
f 8807 8808 8762
f 8763 8808 8809
f 8810 8765 8764
f 8813 8764 8767
f 8813 8810 8764
f 8810 8811 8765
f 8812 8767 8766
f 8814 8766 8768
f 8814 8812 8766
f 8812 8813 8767
f 8815 8768 8769
f 8815 8814 8768
f 8816 8769 8771
f 8816 8815 8769
f 8771 8770 8775
f 8771 8775 8776
f 8771 8776 8816
f 8774 8772 8773
f 8773 8772 8874
f 8874 8772 8820
f 8874 8774 8773
f 8817 8775 8774
f 8822 8774 8777
f 8774 8874 8777
f 8822 8817 8774
f 8776 8775 8818
f 8817 8818 8775
f 8776 8819 8816
f 8776 8818 8819
f 8822 8777 8874
f 8781 8779 8778
f 8824 8778 8779
f 8778 8780 8781
f 8779 8781 8782
f 8826 8779 8782
f 8826 8824 8779
f 8784 8782 8783
f 8784 8828 8782
f 8826 8782 8827
f 8827 8782 8828
f 8784 8785 8830
f 8784 8829 8828
f 8830 8829 8784
f 8830 8785 8786
f 8786 8787 8832
f 8830 8786 8832
f 8787 8789 8788
f 8835 8787 8788
f 8832 8787 8834
f 8787 8835 8834
f 8835 8788 8789
f 8789 8790 8836
f 8835 8789 8836
f 8790 8791 8837
f 8836 8790 8837
f 8838 8791 8792
f 8837 8791 8838
f 8841 8792 8793
f 8840 8838 8792
f 8841 8840 8792
f 8842 8793 8794
f 8842 8841 8793
f 8843 8794 8795
f 8843 8842 8794
f 8845 8795 8796
f 8845 8843 8795
f 8846 8796 8797
f 8846 8845 8796
f 8847 8797 8798
f 8847 8846 8797
f 8848 8798 8799
f 8848 8847 8798
f 8849 8799 8800
f 8849 8848 8799
f 8849 8800 8801
f 8801 8802 8851
f 8850 8849 8801
f 8801 8851 8850
f 8802 8803 8852
f 8802 8852 8851
f 8803 8804 8853
f 8803 8853 8852
f 8811 8806 8805
f 8855 8807 8806
f 8860 8806 8811
f 8861 8855 8806
f 8860 8861 8806
f 8856 8808 8807
f 8855 8856 8807
f 8809 8808 8858
f 8856 8857 8808
f 8858 8808 8857
f 8859 8811 8810
f 8862 8810 8813
f 8862 8859 8810
f 8859 8860 8811
f 8863 8813 8812
f 8863 8812 8814
f 8863 8862 8813
f 8865 8814 8815
f 8865 8863 8814
f 8816 8866 8815
f 8866 8865 8815
f 8819 8866 8816
f 8867 8818 8817
f 8870 8817 8822
f 8870 8867 8817
f 8819 8818 8869
f 8867 8868 8818
f 8869 8818 8868
f 8869 8866 8819
f 8820 8821 8874
f 8874 8821 8872
f 8874 8823 8822
f 8875 8822 8823
f 8875 8870 8822
f 8823 8874 8875
f 8825 8824 8826
f 8879 8824 8825
f 8879 8878 8824
f 8825 8826 8880
f 8879 8825 8880
f 8880 8826 8827
f 8882 8827 8828
f 8880 8827 8881
f 8881 8827 8882
f 8882 8828 8829
f 8829 8830 8884
f 8882 8829 8883
f 8883 8829 8884
f 8830 8832 8831
f 8884 8830 8831
f 8831 8832 8887
f 8884 8831 8886
f 8887 8886 8831
f 8832 8835 8833
f 8832 8833 8888
f 8832 8834 8835
f 8887 8832 8888
f 8833 8835 8888
f 8889 8835 8836
f 8888 8835 8889
f 8892 8836 8837
f 8891 8889 8836
f 8892 8891 8836
f 8837 8838 8892
f 8838 8839 8841
f 8893 8838 8839
f 8838 8840 8841
f 8892 8838 8893
f 8839 8841 8894
f 8894 8893 8839
f 8897 8841 8842
f 8894 8841 8895
f 8897 8895 8841
f 8898 8842 8843
f 8898 8897 8842
f 8844 8843 8846
f 8899 8843 8844
f 8846 8843 8845
f 8899 8898 8843
f 8899 8844 8846
f 8903 8846 8847
f 8902 8899 8846
f 8903 8902 8846
f 8904 8847 8848
f 8904 8903 8847
f 8905 8848 8849
f 8905 8904 8848
f 8905 8849 8850
f 8850 8851 8907
f 8906 8905 8850
f 8850 8907 8906
f 8851 8852 8908
f 8851 8908 8907
f 8852 8853 8909
f 8852 8909 8908
f 8853 8854 8909
f 8909 8854 8910
f 8911 8856 8855
f 8916 8855 8861
f 8916 8911 8855
f 8912 8857 8856
f 8911 8912 8856
f 8858 8857 8914
f 8912 8913 8857
f 8914 8857 8913
f 8862 8860 8859
f 8915 8861 8860
f 8918 8860 8862
f 8919 8915 8860
f 8918 8919 8860
f 8915 8916 8861
f 8863 8864 8862
f 8921 8862 8864
f 8921 8918 8862
f 8920 8864 8863
f 8922 8863 8865
f 8922 8920 8863
f 8920 8921 8864
f 8923 8865 8866
f 8923 8922 8865
f 8869 8923 8866
f 8870 8868 8867
f 8869 8868 8925
f 8870 8871 8868
f 8871 8927 8868
f 8925 8868 8924
f 8927 8924 8868
f 8925 8923 8869
f 8926 8871 8870
f 8875 8929 8870
f 8929 8926 8870
f 8926 8927 8871
f 8872 8873 8874
f 8874 8873 8998
f 8998 8873 8876
f 8875 8874 8877
f 8877 8874 8932
f 8998 8932 8874
f 8932 8875 8877
f 8932 8929 8875
f 8998 8876 8930
f 8937 8878 8879
f 8878 8937 8935
f 8878 8935 9130
f 8938 8879 8880
f 8938 8937 8879
f 8938 8880 8881
f 8940 8881 8882
f 8938 8881 8939
f 8939 8881 8940
f 8941 8882 8883
f 8941 8940 8882
f 8942 8883 8884
f 8941 8883 8942
f 8884 8886 8885
f 8944 8884 8885
f 8942 8884 8944
f 8885 8886 8945
f 8944 8885 8945
f 8888 8886 8887
f 8947 8886 8888
f 8945 8886 8947
f 8888 8889 8950
f 8947 8888 8948
f 8948 8888 8949
f 8949 8888 8950
f 8889 8892 8890
f 8950 8889 8890
f 8891 8892 8889
f 8951 8890 8892
f 8950 8890 8951
f 8953 8892 8893
f 8951 8892 8952
f 8952 8892 8953
f 8893 8894 8954
f 8893 8954 8953
f 8954 8894 8895
f 8896 8895 8898
f 8956 8895 8896
f 8898 8895 8897
f 8955 8954 8895
f 8956 8955 8895
f 8956 8896 8898
f 8958 8898 8899
f 8957 8956 8898
f 8958 8957 8898
f 8958 8899 8902
f 8909 8901 8900
f 8900 8901 8962
f 8909 8900 8962
f 8909 8910 8901
f 8962 8901 8963
f 8965 8902 8903
f 8964 8958 8902
f 8965 8964 8902
f 8966 8903 8904
f 8966 8965 8903
f 8967 8904 8905
f 8967 8966 8904
f 8967 8905 8906
f 8906 8907 8969
f 8968 8967 8906
f 8906 8969 8968
f 8907 8908 8970
f 8907 8970 8969
f 8908 8909 8971
f 8908 8971 8970
f 8971 8909 8962
f 8916 8912 8911
f 8972 8913 8912
f 8916 8917 8912
f 8978 8912 8917
f 8978 8972 8912
f 8914 8913 8974
f 8972 8973 8913
f 8974 8913 8973
f 8976 8916 8915
f 8982 8915 8919
f 8982 8976 8915
f 8977 8917 8916
f 8976 8977 8916
f 8977 8978 8917
f 8981 8919 8918
f 8984 8918 8921
f 8984 8981 8918
f 8981 8982 8919
f 8983 8921 8920
f 8985 8920 8922
f 8985 8983 8920
f 8983 8984 8921
f 8987 8922 8923
f 8987 8985 8922
f 8925 8988 8923
f 8988 8987 8923
f 8925 8924 8928
f 8928 8924 8927
f 8991 8925 8928
f 8991 8988 8925
f 8989 8927 8926
f 8929 8989 8926
f 8928 8927 8991
f 8989 8990 8927
f 8991 8927 8990
f 8932 8995 8929
f 8992 8989 8929
f 8995 8992 8929
f 8930 8931 8998
f 8998 8931 8933
f 8998 8934 8932
f 8934 8999 8932
f 8999 8995 8932
f 8998 8933 8996
f 8999 8934 8998
f 8936 8935 8938
f 9005 8935 8936
f 8935 8937 8938
f 9004 8935 9005
f 8935 9004 9130
f 8936 8938 8939
f 9005 8936 8939
f 9007 8939 8940
f 9005 8939 9006
f 9006 8939 9007
f 9007 8940 8941
f 9009 8941 8942
f 9007 8941 9008
f 9008 8941 9009
f 8942 8945 8943
f 9011 8942 8943
f 8942 8944 8945
f 9009 8942 9011
f 9011 8943 8945
f 8945 8948 8946
f 9012 8945 8946
f 8945 8947 8948
f 9011 8945 9012
f 8946 8948 9014
f 9012 8946 9013
f 9013 8946 9014
f 8948 8949 9014
f 8951 8949 8950
f 8951 9015 8949
f 9014 8949 9015
f 9018 8951 8952
f 8951 9017 9015
f 9017 8951 9018
f 9018 8952 8953
f 9020 8953 8954
f 9020 9018 8953
f 9021 8954 8955
f 9020 8954 9021
f 9023 8955 8956
f 9022 9021 8955
f 9023 9022 8955
f 9023 8956 8957
f 9027 8957 8958
f 9026 9023 8957
f 9027 9026 8957
f 8959 8958 8965
f 9028 8958 8959
f 8965 8958 8964
f 9028 9027 8958
f 9028 8959 8965
f 8969 8961 8960
f 8960 8961 9033
f 8969 8960 9040
f 8960 9033 9032
f 9040 8960 9032
f 8970 8962 8961
f 8961 8962 9034
f 8969 8970 8961
f 8961 9034 9033
f 8962 8963 9035
f 8970 8971 8962
f 8962 9035 9034
f 9037 8965 8966
f 9036 9028 8965
f 9037 9036 8965
f 9038 8966 8967
f 9038 9037 8966
f 9038 8967 8968
f 8968 8969 9040
f 9039 9038 8968
f 8968 9040 9039
f 8978 8973 8972
f 8974 8973 8975
f 8975 8973 8980
f 8978 8979 8973
f 8980 8973 8979
f 8982 8977 8976
f 9041 8978 8977
f 9046 8977 8982
f 9047 9041 8977
f 9046 9047 8977
f 9042 8979 8978
f 9041 9042 8978
f 8980 8979 9043
f 9042 9043 8979
f 8980 9043 9044
f 9045 8982 8981
f 9049 8981 8984
f 9049 9045 8981
f 9045 9046 8982
f 8985 8984 8983
f 8985 8986 8984
f 8986 9052 8984
f 9052 9049 8984
f 9051 8986 8985
f 9053 8985 8987
f 9053 9051 8985
f 9051 9052 8986
f 8988 9054 8987
f 9054 9053 8987
f 9055 8988 8991
f 9055 9054 8988
f 8992 8990 8989
f 8990 8994 8991
f 8992 8993 8990
f 8993 8994 8990
f 8994 9055 8991
f 9056 8993 8992
f 9059 8992 8995
f 9059 9056 8992
f 9057 8994 8993
f 9056 9057 8993
f 9058 9055 8994
f 9058 9057 8994
f 9062 8995 8999
f 9062 9059 8995
f 8998 8996 8997
f 8998 8997 9132
f 9132 8997 9000
f 8998 9001 8999
f 9001 8998 9066
f 8998 9133 9066
f 9132 9133 8998
f 9001 9062 8999
f 9132 9000 9064
f 9066 9062 9001
f 9003 9002 9005
f 9002 9003 9069
f 9004 9005 9002
f 9130 9004 9002
f 9130 9002 9069
f 9006 9003 9005
f 9071 9003 9006
f 9069 9003 9070
f 9071 9070 9003
f 9007 9072 9006
f 9071 9006 9072
f 9008 9072 9007
f 9008 9009 9074
f 9008 9073 9072
f 9008 9074 9073
f 9009 9011 9010
f 9076 9009 9010
f 9074 9009 9076
f 9010 9011 9077
f 9076 9010 9077
f 9011 9012 9078
f 9077 9011 9078
f 9078 9012 9013
f 9080 9013 9014
f 9078 9013 9079
f 9079 9013 9080
f 9014 9015 9081
f 9080 9014 9081
f 9015 9017 9016
f 9015 9016 9084
f 9081 9015 9083
f 9083 9015 9084
f 9084 9016 9017
f 9085 9017 9018
f 9084 9017 9085
f 9018 9021 9019
f 9087 9018 9019
f 9018 9020 9021
f 9085 9018 9086
f 9087 9086 9018
f 9019 9021 9087
f 9088 9021 9022
f 9087 9021 9088
f 9090 9022 9023
f 9090 9088 9022
f 9024 9023 9027
f 9091 9023 9024
f 9027 9023 9026
f 9091 9090 9023
f 9091 9024 9027
f 9035 9025 9095
f 9097 9027 9028
f 9096 9091 9027
f 9097 9096 9027
f 9029 9028 9036
f 9098 9028 9029
f 9098 9097 9028
f 9030 9029 9037
f 9099 9029 9030
f 9029 9036 9037
f 9099 9098 9029
f 9031 9030 9039
f 9099 9030 9031
f 9030 9037 9038
f 9030 9038 9039
f 9039 9032 9031
f 9031 9032 9101
f 9100 9099 9031
f 9031 9101 9100
f 9032 9033 9102
f 9039 9040 9032
f 9032 9102 9101
f 9033 9034 9103
f 9033 9103 9102
f 9034 9035 9095
f 9034 9095 9103
f 9047 9042 9041
f 9104 9043 9042
f 9047 9048 9042
f 9109 9042 9048
f 9109 9104 9042
f 9044 9043 9106
f 9104 9105 9043
f 9106 9043 9105
f 9049 9046 9045
f 9107 9047 9046
f 9049 9050 9046
f 9113 9046 9050
f 9113 9107 9046
f 9108 9048 9047
f 9107 9108 9047
f 9108 9109 9048
f 9112 9050 9049
f 9052 9116 9049
f 9116 9112 9049
f 9112 9113 9050
f 9115 9052 9051
f 9053 9117 9051
f 9117 9115 9051
f 9115 9116 9052
f 9119 9053 9054
f 9119 9117 9053
f 9055 9119 9054
f 9058 9121 9055
f 9120 9119 9055
f 9121 9120 9055
f 9059 9057 9056
f 9058 9057 9061
f 9059 9060 9057
f 9061 9057 9060
f 9061 9123 9058
f 9123 9121 9058
f 9062 9060 9059
f 9061 9060 9123
f 9062 9063 9060
f 9125 9060 9063
f 9123 9060 9122
f 9125 9122 9060
f 9124 9063 9062
f 9066 9127 9062
f 9127 9124 9062
f 9124 9125 9063
f 9064 9065 9132
f 9132 9065 9067
f 9066 9133 9068
f 9133 9127 9066
f 9067 9130 9132
f 9071 9069 9070
f 9136 9069 9071
f 9130 9069 9135
f 9136 9135 9069
f 9071 9072 9073
f 9071 9073 9140
f 9139 9136 9071
f 9140 9139 9071
f 9073 9074 9141
f 9140 9073 9141
f 9074 9077 9075
f 9143 9074 9075
f 9074 9076 9077
f 9074 9142 9141
f 9074 9143 9142
f 9143 9075 9077
f 9077 9078 9079
f 9145 9077 9079
f 9143 9077 9145
f 9079 9080 9148
f 9145 9079 9146
f 9146 9079 9147
f 9147 9079 9148
f 9080 9081 9148
f 9081 9084 9082
f 9151 9081 9082
f 9081 9083 9084
f 9148 9081 9150
f 9150 9081 9151
f 9151 9082 9084
f 9084 9085 9153
f 9151 9084 9152
f 9152 9084 9153
f 9085 9086 9153
f 9153 9086 9087
f 9155 9087 9088
f 9153 9087 9155
f 9089 9088 9090
f 9158 9088 9089
f 9157 9155 9088
f 9158 9157 9088
f 9158 9089 9090
f 9163 9090 9091
f 9162 9158 9090
f 9163 9162 9090
f 9092 9091 9097
f 9164 9091 9092
f 9097 9091 9096
f 9164 9163 9091
f 9164 9092 9097
f 9102 9094 9093
f 9093 9094 9170
f 9102 9093 9169
f 9093 9170 9169
f 9103 9095 9094
f 9094 9095 9171
f 9102 9103 9094
f 9094 9171 9170
f 9173 9097 9098
f 9164 9097 9172
f 9173 9172 9097
f 9174 9098 9099
f 9174 9173 9098
f 9174 9099 9100
f 9100 9101 9176
f 9175 9174 9100
f 9100 9176 9175
f 9101 9102 9169
f 9101 9169 9168
f 9176 9101 9168
f 9109 9105 9104
f 9106 9105 9111
f 9109 9110 9105
f 9111 9105 9110
f 9113 9108 9107
f 9177 9109 9108
f 9113 9114 9108
f 9114 9177 9108
f 9178 9110 9109
f 9177 9178 9109
f 9111 9110 9180
f 9178 9179 9110
f 9180 9110 9179
f 9116 9113 9112
f 9181 9114 9113
f 9116 9186 9113
f 9186 9181 9113
f 9182 9177 9114
f 9181 9182 9114
f 9117 9116 9115
f 9117 9118 9116
f 9118 9188 9116
f 9185 9186 9116
f 9188 9185 9116
f 9117 9188 9118
f 9189 9117 9119
f 9187 9188 9117
f 9189 9187 9117
f 9120 9189 9119
f 9121 9192 9120
f 9191 9189 9120
f 9192 9191 9120
f 9123 9193 9121
f 9193 9192 9121
f 9123 9122 9126
f 9126 9122 9125
f 9126 9194 9123
f 9194 9193 9123
f 9127 9125 9124
f 9126 9125 9129
f 9127 9128 9125
f 9129 9125 9128
f 9129 9194 9126
f 9127 9134 9128
f 9127 9133 9134
f 9129 9128 9197
f 9197 9134 9128
f 9129 9195 9194
f 9129 9198 9195
f 9129 9197 9198
f 9132 9130 9131
f 9135 9131 9130
f 9131 9133 9132
f 9135 9133 9131
f 9134 9133 9197
f 9138 9133 9135
f 9138 9201 9133
f 9196 9197 9133
f 9201 9196 9133
f 9136 9138 9135
f 9137 9136 9139
f 9199 9136 9137
f 9199 9138 9136
f 9140 9137 9139
f 9200 9137 9140
f 9200 9199 9137
f 9199 9201 9138
f 9142 9140 9141
f 9205 9140 9142
f 9140 9204 9200
f 9205 9204 9140
f 9207 9142 9143
f 9205 9142 9207
f 9143 9145 9144
f 9143 9144 9210
f 9207 9143 9209
f 9210 9209 9143
f 9145 9146 9144
f 9210 9144 9146
f 9213 9146 9147
f 9210 9146 9211
f 9211 9146 9213
f 9147 9148 9213
f 9148 9151 9149
f 9213 9148 9149
f 9148 9150 9151
f 9215 9149 9151
f 9213 9149 9215
f 9216 9151 9152
f 9215 9151 9216
f 9153 9217 9152
f 9217 9216 9152
f 9153 9155 9154
f 9154 9219 9153
f 9153 9219 9217
f 9154 9155 9220
f 9154 9220 9219
f 9156 9155 9157
f 9223 9155 9156
f 9222 9220 9155
f 9223 9222 9155
f 9156 9157 9158
f 9223 9156 9158
f 9159 9158 9162
f 9227 9158 9159
f 9226 9223 9158
f 9227 9226 9158
f 9159 9162 9163
f 9236 9159 9163
f 9227 9159 9236
f 9170 9161 9160
f 9160 9161 9235
f 9170 9160 9243
f 9160 9235 9234
f 9243 9160 9234
f 9170 9171 9161
f 9237 9163 9164
f 9237 9236 9163
f 9165 9164 9173
f 9238 9164 9165
f 9173 9164 9172
f 9238 9237 9164
f 9166 9165 9173
f 9239 9165 9166
f 9239 9238 9165
f 9167 9166 9175
f 9239 9166 9167
f 9166 9173 9174
f 9166 9174 9175
f 9175 9168 9167
f 9167 9168 9241
f 9240 9239 9167
f 9167 9241 9240
f 9168 9169 9241
f 9175 9176 9168
f 9169 9170 9243
f 9241 9169 9242
f 9169 9243 9242
f 9182 9178 9177
f 9183 9179 9178
f 9182 9183 9178
f 9180 9179 9247
f 9183 9184 9179
f 9246 9179 9184
f 9247 9179 9246
f 9186 9182 9181
f 9244 9183 9182
f 9248 9182 9186
f 9249 9244 9182
f 9248 9249 9182
f 9245 9184 9183
f 9244 9245 9183
f 9245 9246 9184
f 9188 9186 9185
f 9251 9186 9188
f 9252 9248 9186
f 9251 9252 9186
f 9189 9188 9187
f 9189 9190 9188
f 9190 9254 9188
f 9254 9251 9188
f 9253 9190 9189
f 9191 9255 9189
f 9255 9253 9189
f 9253 9254 9190
f 9192 9257 9191
f 9257 9255 9191
f 9193 9258 9192
f 9258 9257 9192
f 9194 9258 9193
f 9195 9259 9194
f 9194 9259 9258
f 9198 9260 9195
f 9195 9260 9259
f 9196 9201 9197
f 9198 9197 9203
f 9201 9202 9197
f 9203 9197 9202
f 9203 9261 9198
f 9198 9261 9260
f 9200 9201 9199
f 9202 9200 9201
f 9204 9201 9200
f 9201 9205 9202
f 9205 9201 9204
f 9202 9206 9203
f 9205 9263 9202
f 9202 9264 9206
f 9202 9263 9264
f 9206 9265 9203
f 9203 9262 9261
f 9203 9265 9262
f 9266 9205 9207
f 9266 9263 9205
f 9206 9264 9265
f 9208 9207 9210
f 9267 9207 9208
f 9210 9207 9209
f 9267 9266 9207
f 9269 9208 9210
f 9267 9208 9269
f 9269 9210 9211
f 9211 9213 9212
f 9272 9211 9212
f 9271 9269 9211
f 9272 9271 9211
f 9212 9213 9214
f 9272 9212 9214
f 9215 9214 9213
f 9273 9214 9215
f 9272 9214 9273
f 9274 9215 9216
f 9274 9273 9215
f 9278 9216 9217
f 9274 9216 9276
f 9276 9216 9278
f 9220 9218 9217
f 9279 9217 9218
f 9220 9217 9219
f 9279 9278 9217
f 9279 9218 9220
f 9223 9221 9220
f 9221 9281 9220
f 9223 9220 9222
f 9279 9220 9281
f 9223 9285 9221
f 9221 9282 9281
f 9285 9282 9221
f 9224 9223 9226
f 9286 9223 9224
f 9286 9285 9223
f 9224 9226 9227
f 9294 9224 9227
f 9286 9224 9294
f 9235 9225 9293
f 9228 9227 9237
f 9295 9227 9228
f 9237 9227 9236
f 9295 9294 9227
f 9229 9228 9237
f 9296 9228 9229
f 9296 9295 9228
f 9230 9229 9238
f 9297 9229 9230
f 9229 9237 9238
f 9297 9296 9229
f 9231 9230 9240
f 9297 9230 9231
f 9230 9238 9239
f 9230 9239 9240
f 9240 9232 9231
f 9231 9232 9299
f 9298 9297 9231
f 9231 9299 9298
f 9241 9233 9232
f 9232 9233 9300
f 9240 9241 9232
f 9232 9300 9299
f 9242 9234 9233
f 9233 9234 9301
f 9241 9242 9233
f 9233 9301 9300
f 9234 9235 9302
f 9242 9243 9234
f 9234 9302 9301
f 9235 9293 9302
f 9249 9245 9244
f 9305 9246 9245
f 9249 9250 9245
f 9305 9245 9250
f 9247 9246 9303
f 9306 9303 9246
f 9305 9306 9246
f 9247 9303 9307
f 9309 9249 9248
f 9309 9248 9252
f 9304 9250 9249
f 9310 9304 9249
f 9309 9310 9249
f 9304 9305 9250
f 9254 9252 9251
f 9254 9314 9252
f 9314 9309 9252
f 9255 9254 9253
f 9255 9256 9254
f 9256 9316 9254
f 9313 9314 9254
f 9316 9313 9254
f 9257 9256 9255
f 9257 9319 9256
f 9319 9316 9256
f 9258 9318 9257
f 9318 9319 9257
f 9259 9322 9258
f 9320 9318 9258
f 9322 9320 9258
f 9260 9322 9259
f 9261 9325 9260
f 9324 9322 9260
f 9325 9324 9260
f 9262 9325 9261
f 9326 9262 9265
f 9262 9326 9325
f 9264 9263 9266
f 9265 9264 9267
f 9267 9264 9266
f 9265 9267 9328
f 9265 9328 9268
f 9265 9268 9329
f 9326 9265 9327
f 9327 9265 9329
f 9270 9267 9269
f 9270 9329 9267
f 9329 9328 9267
f 9268 9328 9329
f 9270 9269 9271
f 9330 9270 9269
f 9270 9271 9272
f 9330 9270 9272
f 9329 9270 9330
f 9272 9273 9331
f 9331 9330 9272
f 9333 9273 9274
f 9333 9331 9273
f 9275 9274 9276
f 9336 9274 9275
f 9333 9274 9335
f 9336 9335 9274
f 9275 9276 9277
f 9336 9275 9277
f 9276 9279 9277
f 9276 9278 9279
f 9337 9277 9279
f 9336 9277 9337
f 9280 9279 9282
f 9339 9279 9280
f 9282 9279 9281
f 9337 9279 9339
f 9340 9280 9282
f 9339 9280 9340
f 9283 9282 9285
f 9344 9282 9283
f 9340 9282 9343
f 9344 9343 9282
f 9283 9285 9286
f 9344 9283 9286
f 9361 9293 9284
f 9361 9284 9352
f 9286 9295 9287
f 9354 9286 9287
f 9286 9294 9295
f 9344 9286 9353
f 9354 9353 9286
f 9296 9288 9287
f 9288 9354 9287
f 9296 9287 9295
f 9296 9355 9288
f 9288 9355 9354
f 9298 9290 9289
f 9290 9357 9289
f 9289 9357 9298
f 9299 9291 9290
f 9291 9358 9290
f 9298 9299 9290
f 9290 9358 9357
f 9300 9292 9291
f 9291 9292 9360
f 9299 9300 9291
f 9291 9359 9358
f 9291 9360 9359
f 9301 9293 9292
f 9292 9293 9361
f 9300 9301 9292
f 9292 9361 9360
f 9301 9302 9293
f 9356 9296 9297
f 9356 9355 9296
f 9356 9297 9298
f 9357 9356 9298
f 9307 9303 9306
f 9310 9305 9304
f 9311 9306 9305
f 9310 9311 9305
f 9307 9306 9362
f 9311 9312 9306
f 9365 9306 9312
f 9365 9362 9306
f 9307 9367 9308
f 9307 9362 9366
f 9366 9367 9307
f 9314 9310 9309
f 9363 9311 9310
f 9314 9315 9310
f 9315 9369 9310
f 9369 9363 9310
f 9364 9312 9311
f 9363 9364 9311
f 9364 9365 9312
f 9316 9314 9313
f 9368 9315 9314
f 9316 9317 9314
f 9317 9376 9314
f 9376 9368 9314
f 9368 9369 9315
f 9316 9376 9317
f 9319 9378 9316
f 9375 9376 9316
f 9378 9375 9316
f 9320 9319 9318
f 9320 9321 9319
f 9321 9378 9319
f 9322 9321 9320
f 9322 9323 9321
f 9323 9383 9321
f 9380 9378 9321
f 9383 9380 9321
f 9322 9383 9323
f 9324 9382 9322
f 9382 9383 9322
f 9325 9384 9324
f 9324 9384 9382
f 9326 9386 9325
f 9325 9386 9384
f 9388 9326 9327
f 9326 9388 9386
f 9390 9327 9329
f 9388 9327 9390
f 9394 9329 9330
f 9390 9329 9392
f 9392 9329 9394
f 9394 9330 9331
f 9332 9331 9334
f 9397 9331 9332
f 9334 9331 9333
f 9396 9394 9331
f 9397 9396 9331
f 9397 9332 9334
f 9334 9333 9335
f 9334 9335 9336
f 9398 9334 9336
f 9397 9334 9398
f 9400 9336 9337
f 9400 9398 9336
f 9338 9337 9339
f 9403 9337 9338
f 9400 9337 9402
f 9403 9402 9337
f 9338 9339 9340
f 9403 9338 9340
f 9341 9340 9343
f 9409 9340 9341
f 9408 9403 9340
f 9409 9408 9340
f 9341 9343 9344
f 9409 9341 9344
f 9352 9342 9417
f 9345 9344 9353
f 9344 9345 9419
f 9409 9344 9418
f 9419 9418 9344
f 9346 9345 9354
f 9420 9345 9346
f 9345 9353 9354
f 9420 9419 9345
f 9347 9346 9356
f 9347 9420 9346
f 9346 9354 9355
f 9356 9346 9355
f 9348 9347 9357
f 9421 9347 9348
f 9347 9356 9357
f 9421 9420 9347
f 9357 9349 9348
f 9348 9349 9423
f 9422 9421 9348
f 9348 9423 9422
f 9358 9350 9349
f 9349 9350 9423
f 9357 9358 9349
f 9359 9351 9350
f 9350 9351 9425
f 9358 9359 9350
f 9423 9350 9424
f 9350 9425 9424
f 9360 9352 9351
f 9351 9352 9425
f 9359 9360 9351
f 9360 9361 9352
f 9425 9352 9417
f 9366 9362 9365
f 9369 9364 9363
f 9370 9365 9364
f 9369 9370 9364
f 9366 9365 9372
f 9370 9371 9365
f 9372 9365 9371
f 9366 9373 9367
f 9372 9373 9366
f 9376 9369 9368
f 9432 9370 9369
f 9376 9377 9369
f 9377 9432 9369
f 9426 9371 9370
f 9433 9426 9370
f 9432 9433 9370
f 9372 9371 9427
f 9426 9427 9371
f 9372 9429 9373
f 9372 9427 9428
f 9428 9429 9372
f 9373 9429 9374
f 9374 9429 9430
f 9378 9376 9375
f 9431 9377 9376
f 9378 9379 9376
f 9379 9431 9376
f 9431 9432 9377
f 9380 9379 9378
f 9380 9381 9379
f 9381 9438 9379
f 9438 9431 9379
f 9380 9446 9381
f 9383 9448 9380
f 9445 9446 9380
f 9448 9445 9380
f 9446 9438 9381
f 9384 9383 9382
f 9384 9385 9383
f 9385 9448 9383
f 9386 9385 9384
f 9386 9387 9385
f 9387 9451 9385
f 9385 9451 9448
f 9388 9387 9386
f 9388 9389 9387
f 9389 9453 9387
f 9387 9453 9451
f 9389 9388 9390
f 9389 9390 9391
f 9455 9389 9391
f 9389 9455 9453
f 9391 9390 9392
f 9391 9392 9393
f 9457 9391 9393
f 9455 9391 9457
f 9393 9392 9394
f 9393 9394 9395
f 9459 9393 9395
f 9457 9393 9459
f 9397 9395 9394
f 9394 9396 9397
f 9461 9395 9397
f 9459 9395 9461
f 9467 9397 9398
f 9461 9397 9463
f 9463 9397 9467
f 9399 9398 9400
f 9468 9398 9399
f 9468 9467 9398
f 9399 9400 9401
f 9468 9399 9401
f 9401 9400 9403
f 9403 9400 9402
f 9472 9401 9403
f 9472 9468 9401
f 9404 9403 9408
f 9473 9403 9404
f 9473 9472 9403
f 9405 9404 9409
f 9483 9404 9405
f 9404 9408 9409
f 9482 9473 9404
f 9483 9482 9404
f 9405 9409 9410
f 9483 9405 9410
f 9416 9407 9406
f 9406 9407 9489
f 9415 9416 9406
f 9415 9406 9489
f 9416 9417 9407
f 9481 9490 9407
f 9489 9407 9490
f 9410 9409 9418
f 9411 9410 9419
f 9492 9410 9411
f 9410 9418 9419
f 9483 9410 9491
f 9492 9491 9410
f 9412 9411 9421
f 9412 9492 9411
f 9411 9419 9420
f 9421 9411 9420
f 9413 9412 9422
f 9493 9412 9413
f 9412 9421 9422
f 9493 9492 9412
f 9422 9414 9413
f 9413 9414 9495
f 9494 9493 9413
f 9413 9495 9494
f 9423 9415 9414
f 9414 9415 9495
f 9422 9423 9414
f 9424 9416 9415
f 9423 9424 9415
f 9415 9489 9488
f 9496 9415 9488
f 9495 9415 9496
f 9425 9417 9416
f 9424 9425 9416
f 9433 9427 9426
f 9428 9427 9435
f 9433 9434 9427
f 9435 9427 9434
f 9429 9428 9436
f 9428 9435 9436
f 9437 9430 9429
f 9429 9436 9437
f 9438 9432 9431
f 9439 9433 9432
f 9438 9439 9432
f 9440 9434 9433
f 9439 9440 9433
f 9435 9434 9442
f 9440 9441 9434
f 9442 9434 9441
f 9435 9443 9436
f 9442 9443 9435
f 9443 9437 9436
f 9443 9444 9437
f 9446 9439 9438
f 9447 9440 9439
f 9446 9447 9439
f 9497 9441 9440
f 9447 9503 9440
f 9503 9497 9440
f 9442 9441 9499
f 9497 9498 9441
f 9499 9441 9498
f 9442 9500 9443
f 9499 9500 9442
f 9500 9444 9443
f 9500 9501 9444
f 9448 9446 9445
f 9449 9447 9446
f 9448 9449 9446
f 9449 9450 9447
f 9450 9510 9447
f 9502 9503 9447
f 9510 9502 9447
f 9451 9449 9448
f 9509 9450 9449
f 9451 9452 9449
f 9452 9517 9449
f 9517 9509 9449
f 9509 9510 9450
f 9453 9452 9451
f 9453 9454 9452
f 9454 9517 9452
f 9455 9454 9453
f 9455 9456 9454
f 9456 9531 9454
f 9454 9525 9517
f 9531 9525 9454
f 9456 9455 9457
f 9456 9457 9458
f 9531 9456 9458
f 9458 9457 9459
f 9458 9459 9460
f 9536 9458 9460
f 9531 9458 9536
f 9460 9459 9461
f 9460 9461 9462
f 9541 9460 9462
f 9536 9460 9541
f 9462 9461 9463
f 9462 9463 9464
f 9547 9462 9464
f 9541 9462 9547
f 9464 9463 9467
f 9465 9464 9468
f 9558 9464 9465
f 9464 9467 9468
f 9547 9464 9557
f 9558 9557 9464
f 9465 9468 9469
f 9558 9465 9469
f 9466 9566 9471
f 9469 9468 9472
f 9469 9472 9473
f 9568 9469 9473
f 9558 9469 9567
f 9568 9567 9469
f 9471 9470 9480
f 9574 9470 9471
f 9573 9480 9470
f 9573 9470 9574
f 9471 9480 9481
f 9471 9566 9565
f 9574 9471 9565
f 9474 9473 9482
f 9568 9473 9474
f 9475 9474 9483
f 9576 9474 9475
f 9474 9482 9483
f 9568 9474 9575
f 9576 9575 9474
f 9476 9475 9485
f 9476 9576 9475
f 9475 9483 9484
f 9485 9475 9484
f 9477 9476 9486
f 9577 9476 9477
f 9476 9485 9486
f 9577 9576 9476
f 9477 9487 9478
f 9578 9477 9478
f 9477 9486 9487
f 9578 9577 9477
f 9478 9488 9479
f 9579 9478 9479
f 9478 9487 9488
f 9578 9478 9579
f 9488 9480 9479
f 9573 9479 9480
f 9573 9580 9479
f 9579 9479 9580
f 9481 9480 9489
f 9488 9489 9480
f 9481 9489 9490
f 9484 9483 9491
f 9485 9484 9493
f 9484 9491 9492
f 9493 9484 9492
f 9486 9485 9494
f 9485 9493 9494
f 9494 9487 9486
f 9495 9488 9487
f 9494 9495 9487
f 9495 9496 9488
f 9503 9498 9497
f 9499 9498 9505
f 9503 9504 9498
f 9505 9498 9504
f 9499 9506 9500
f 9505 9506 9499
f 9506 9501 9500
f 9506 9507 9501
f 9508 9501 9507
f 9510 9503 9502
f 9511 9504 9503
f 9510 9511 9503
f 9505 9504 9513
f 9511 9512 9504
f 9513 9504 9512
f 9505 9514 9506
f 9513 9514 9505
f 9514 9507 9506
f 9507 9516 9508
f 9514 9515 9507
f 9515 9516 9507
f 9517 9510 9509
f 9518 9511 9510
f 9517 9518 9510
f 9519 9512 9511
f 9518 9519 9511
f 9513 9512 9521
f 9519 9520 9512
f 9521 9512 9520
f 9513 9522 9514
f 9521 9522 9513
f 9522 9515 9514
f 9523 9516 9515
f 9522 9523 9515
f 9523 9524 9516
f 9525 9518 9517
f 9526 9519 9518
f 9525 9526 9518
f 9519 9581 9520
f 9526 9527 9519
f 9527 9585 9519
f 9585 9581 9519
f 9521 9520 9582
f 9582 9520 9581
f 9521 9583 9522
f 9582 9583 9521
f 9583 9523 9522
f 9528 9524 9523
f 9589 9528 9523
f 9583 9584 9523
f 9589 9523 9584
f 9528 9529 9524
f 9531 9526 9525
f 9532 9527 9526
f 9531 9532 9526
f 9532 9533 9527
f 9533 9591 9527
f 9591 9585 9527
f 9589 9529 9528
f 9529 9535 9530
f 9534 9535 9529
f 9596 9534 9529
f 9589 9590 9529
f 9596 9529 9590
f 9532 9531 9536
f 9533 9532 9537
f 9532 9536 9537
f 9533 9537 9538
f 9591 9533 9538
f 9539 9535 9534
f 9602 9539 9534
f 9602 9534 9596
f 9539 9540 9535
f 9537 9536 9541
f 9538 9537 9542
f 9537 9541 9542
f 9538 9542 9543
f 9597 9538 9543
f 9591 9538 9597
f 9545 9540 9539
f 9545 9539 9602
f 9545 9546 9540
f 9542 9541 9547
f 9543 9542 9548
f 9542 9547 9548
f 9543 9548 9549
f 9603 9543 9549
f 9597 9543 9603
f 9553 9545 9544
f 9544 9545 9607
f 9553 9544 9607
f 9554 9546 9545
f 9553 9554 9545
f 9608 9545 9602
f 9607 9545 9608
f 9554 9555 9546
f 9548 9547 9557
f 9549 9548 9558
f 9548 9557 9558
f 9550 9549 9559
f 9609 9549 9550
f 9549 9558 9559
f 9604 9603 9549
f 9604 9549 9609
f 9551 9550 9561
f 9551 9609 9550
f 9550 9559 9560
f 9561 9550 9560
f 9551 9562 9552
f 9551 9552 9610
f 9561 9562 9551
f 9610 9609 9551
f 9562 9553 9552
f 9552 9553 9611
f 9610 9552 9611
f 9563 9554 9553
f 9562 9563 9553
f 9612 9553 9607
f 9611 9553 9612
f 9564 9555 9554
f 9563 9564 9554
f 9556 9555 9566
f 9564 9565 9555
f 9565 9566 9555
f 9559 9558 9567
f 9560 9559 9568
f 9559 9567 9568
f 9561 9560 9570
f 9560 9568 9569
f 9570 9560 9569
f 9571 9562 9561
f 9561 9570 9571
f 9572 9563 9562
f 9572 9562 9571
f 9564 9563 9572
f 9574 9565 9564
f 9573 9564 9572
f 9574 9564 9573
f 9569 9568 9575
f 9570 9569 9577
f 9569 9575 9576
f 9577 9569 9576
f 9571 9570 9578
f 9570 9577 9578
f 9571 9579 9572
f 9571 9578 9579
f 9572 9580 9573
f 9572 9579 9580
f 9582 9581 9586
f 9585 9586 9581
f 9582 9588 9583
f 9582 9586 9587
f 9587 9588 9582
f 9588 9584 9583
f 9588 9589 9584
f 9591 9586 9585
f 9587 9586 9593
f 9591 9592 9586
f 9593 9586 9592
f 9587 9594 9588
f 9593 9594 9587
f 9594 9589 9588
f 9595 9590 9589
f 9594 9595 9589
f 9595 9596 9590
f 9592 9591 9597
f 9593 9592 9599
f 9592 9597 9598
f 9599 9592 9598
f 9593 9600 9594
f 9599 9600 9593
f 9600 9595 9594
f 9601 9596 9595
f 9600 9601 9595
f 9601 9602 9596
f 9598 9597 9603
f 9599 9598 9605
f 9598 9603 9604
f 9605 9598 9604
f 9599 9606 9600
f 9605 9606 9599
f 9606 9601 9600
f 9607 9602 9601
f 9606 9607 9601
f 9607 9608 9602
f 9605 9604 9610
f 9610 9604 9609
f 9605 9611 9606
f 9610 9611 9605
f 9611 9607 9606
f 9611 9612 9607
